t,o,h,l,c,v
2026-03-30 16:00:00,8.944,8.956,8.879,8.915,449680.0
2026-03-30 17:00:00,8.915,8.935,8.81,8.843,501223.0
2026-03-30 18:00:00,8.843,8.852,8.766,8.784,531069.0
2026-03-30 19:00:00,8.783,8.804,8.733,8.797,444745.0
2026-03-30 20:00:00,8.797,8.824,8.774,8.793,271274.0
2026-03-30 21:00:00,8.793,8.872,8.78,8.836,283693.0
2026-03-30 22:00:00,8.837,8.85,8.797,8.816,227395.0
2026-03-30 23:00:00,8.816,8.818,8.756,8.806,264567.0
2026-03-31 00:00:00,8.807,8.874,8.787,8.849,410490.0
2026-03-31 01:00:00,8.85,9.069,8.837,8.996,1116106.0
2026-03-31 02:00:00,8.997,9.067,8.978,9.023,570478.0
2026-03-31 03:00:00,9.022,9.028,8.957,8.967,371444.0
2026-03-31 04:00:00,8.968,8.997,8.927,8.932,550387.0
2026-03-31 05:00:00,8.933,8.958,8.896,8.944,316858.0
2026-03-31 06:00:00,8.945,8.962,8.895,8.947,364508.0
2026-03-31 07:00:00,8.948,8.957,8.882,8.917,326047.0
2026-03-31 08:00:00,8.917,8.919,8.792,8.812,578713.0
2026-03-31 09:00:00,8.812,8.831,8.688,8.719,732562.0
2026-03-31 10:00:00,8.718,8.746,8.697,8.721,452199.0
2026-03-31 11:00:00,8.721,8.789,8.71,8.762,878652.0
2026-03-31 12:00:00,8.763,8.799,8.737,8.767,427894.0
2026-03-31 13:00:00,8.768,8.895,8.767,8.868,621254.0
2026-03-31 14:00:00,8.868,8.955,8.737,8.77,815727.0
2026-03-31 15:00:00,8.769,8.874,8.735,8.739,636111.0
2026-03-31 16:00:00,8.738,8.903,8.711,8.861,939124.0
2026-03-31 17:00:00,8.86,8.957,8.801,8.822,909807.0
2026-03-31 18:00:00,8.821,8.903,8.821,8.902,353756.0
2026-03-31 19:00:00,8.901,8.922,8.872,8.898,280496.0
2026-03-31 20:00:00,8.897,8.957,8.894,8.936,391084.0
2026-03-31 21:00:00,8.936,8.951,8.873,8.9,357115.0
2026-03-31 22:00:00,8.899,8.907,8.842,8.884,264408.0
2026-03-31 23:00:00,8.885,8.922,8.874,8.907,199548.0
2026-04-01 00:00:00,8.907,8.973,8.893,8.965,426035.0
2026-04-01 01:00:00,8.966,8.976,8.882,8.897,377984.0
2026-04-01 02:00:00,8.897,8.914,8.862,8.878,258363.0
2026-04-01 03:00:00,8.878,8.977,8.878,8.952,348055.0
2026-04-01 04:00:00,8.953,8.986,8.942,8.971,350339.0
2026-04-01 05:00:00,8.971,9.114,8.945,9.08,1142533.0
2026-04-01 06:00:00,9.081,9.431,9.081,9.384,2663110.0
2026-04-01 07:00:00,9.384,9.48,9.329,9.34,1248477.0
2026-04-01 08:00:00,9.34,9.355,9.233,9.242,1029340.0
2026-04-01 09:00:00,9.242,9.245,9.182,9.214,624381.0
2026-04-01 10:00:00,9.215,9.226,9.147,9.175,439543.0
2026-04-01 11:00:00,9.175,9.224,9.155,9.196,283001.0
2026-04-01 12:00:00,9.196,9.307,9.189,9.227,923617.0
2026-04-01 13:00:00,9.228,9.254,9.138,9.163,769080.0
2026-04-01 14:00:00,9.163,9.21,9.142,9.201,473741.0
2026-04-01 15:00:00,9.202,9.222,9.166,9.211,373297.0
2026-04-01 16:00:00,9.212,9.254,9.16,9.232,584712.0
2026-04-01 17:00:00,9.233,9.302,9.179,9.18,832346.0
2026-04-01 18:00:00,9.18,9.186,9.117,9.126,618771.0
2026-04-01 19:00:00,9.127,9.183,9.119,9.162,316714.0
2026-04-01 20:00:00,9.161,9.169,9.087,9.122,488293.0
2026-04-01 21:00:00,9.122,9.212,9.12,9.174,385001.0
2026-04-01 22:00:00,9.173,9.184,9.106,9.113,316744.0
2026-04-01 23:00:00,9.114,9.136,9.102,9.123,225740.0
2026-04-02 00:00:00,9.123,9.186,9.117,9.18,397473.0
2026-04-02 01:00:00,9.181,9.181,8.854,8.917,2549524.0
2026-04-02 02:00:00,8.917,8.933,8.764,8.797,1115595.0
2026-04-02 03:00:00,8.797,8.825,8.716,8.765,967310.0
2026-04-02 04:00:00,8.765,8.779,8.654,8.677,1160942.0
2026-04-02 05:00:00,8.677,8.711,8.651,8.703,636167.0
2026-04-02 06:00:00,8.704,8.727,8.682,8.702,425902.0
2026-04-02 07:00:00,8.702,8.745,8.671,8.739,491112.0
2026-04-02 08:00:00,8.739,8.739,8.659,8.662,410275.0
2026-04-02 09:00:00,8.661,8.674,8.628,8.658,481134.0
2026-04-02 10:00:00,8.659,8.68,8.629,8.672,320717.0
2026-04-02 11:00:00,8.673,8.696,8.635,8.675,391836.0
2026-04-02 12:00:00,8.675,8.692,8.649,8.656,394071.0
2026-04-02 13:00:00,8.656,8.688,8.612,8.683,797949.0
2026-04-02 14:00:00,8.683,8.844,8.65,8.809,1431790.0
2026-04-02 15:00:00,8.809,8.812,8.707,8.733,698188.0
2026-04-02 16:00:00,8.732,8.785,8.683,8.729,608915.0
2026-04-02 17:00:00,8.728,8.775,8.64,8.643,654155.0
2026-04-02 18:00:00,8.643,8.711,8.631,8.689,525634.0
2026-04-02 19:00:00,8.689,8.715,8.656,8.699,449770.0
2026-04-02 20:00:00,8.699,8.746,8.663,8.709,366847.0
2026-04-02 21:00:00,8.708,8.722,8.677,8.715,250133.0
2026-04-02 22:00:00,8.714,8.747,8.695,8.727,278222.0
2026-04-02 23:00:00,8.728,8.757,8.704,8.746,285403.0
2026-04-03 00:00:00,8.747,8.782,8.734,8.781,316515.0
2026-04-03 01:00:00,8.782,8.802,8.736,8.755,341558.0
2026-04-03 02:00:00,8.755,8.816,8.732,8.774,424662.0
2026-04-03 03:00:00,8.775,8.814,8.761,8.8,266352.0
2026-04-03 04:00:00,8.801,8.841,8.771,8.824,282562.0
2026-04-03 05:00:00,8.824,8.947,8.793,8.888,720461.0
2026-04-03 06:00:00,8.889,8.944,8.862,8.91,608113.0
2026-04-03 07:00:00,8.91,8.938,8.876,8.896,430035.0
2026-04-03 08:00:00,8.897,8.924,8.882,8.902,282522.0
2026-04-03 09:00:00,8.903,8.956,8.891,8.928,288522.0
2026-04-03 10:00:00,8.929,8.949,8.909,8.937,296381.0
2026-04-03 11:00:00,8.938,8.969,8.919,8.953,270834.0
2026-04-03 12:00:00,8.954,9.07,8.934,8.959,849324.0
2026-04-03 13:00:00,8.959,8.981,8.928,8.98,501166.0
2026-04-03 14:00:00,8.98,9.046,8.954,9.021,485663.0
2026-04-03 15:00:00,9.021,9.054,8.996,9.013,559883.0
2026-04-03 16:00:00,9.013,9.119,9.01,9.112,646636.0
2026-04-03 17:00:00,9.112,9.144,9.002,9.03,906043.0
2026-04-03 18:00:00,9.03,9.046,8.982,8.993,471930.0
2026-04-03 19:00:00,8.993,9.002,8.927,8.964,513490.0
2026-04-03 20:00:00,8.963,8.984,8.938,8.946,256182.0
2026-04-03 21:00:00,8.945,8.975,8.928,8.946,197501.0
2026-04-03 22:00:00,8.946,8.951,8.89,8.905,314363.0
2026-04-03 23:00:00,8.906,8.913,8.877,8.91,300032.0
2026-04-04 00:00:00,8.91,8.918,8.852,8.864,410921.0
2026-04-04 01:00:00,8.863,8.896,8.851,8.889,280806.0
2026-04-04 02:00:00,8.888,8.912,8.872,8.889,149883.0
2026-04-04 03:00:00,8.888,8.904,8.877,8.891,140206.0
2026-04-04 04:00:00,8.89,8.911,8.868,8.898,183536.0
2026-04-04 05:00:00,8.898,8.898,8.861,8.861,184175.0
2026-04-04 06:00:00,8.861,8.91,8.855,8.897,237991.0
2026-04-04 07:00:00,8.898,8.902,8.869,8.871,161893.0
2026-04-04 08:00:00,8.871,8.886,8.843,8.85,250801.0
2026-04-04 09:00:00,8.85,8.877,8.837,8.849,260741.0
2026-04-04 10:00:00,8.85,8.897,8.845,8.891,212699.0
2026-04-04 11:00:00,8.892,8.898,8.873,8.888,137387.0
2026-04-04 12:00:00,8.888,8.905,8.874,8.887,196563.0
2026-04-04 13:00:00,8.887,8.898,8.852,8.863,413954.0
2026-04-04 14:00:00,8.863,8.891,8.831,8.889,325238.0
2026-04-04 15:00:00,8.89,8.969,8.882,8.947,779250.0
2026-04-04 16:00:00,8.947,9.009,8.93,8.933,731949.0
2026-04-04 17:00:00,8.933,9.048,8.917,9.041,631944.0
2026-04-04 18:00:00,9.041,9.071,9.01,9.019,538632.0
2026-04-04 19:00:00,9.019,9.108,9.002,9.014,784592.0
2026-04-04 20:00:00,9.013,9.03,8.979,8.99,257766.0
2026-04-04 21:00:00,8.991,9.024,8.978,9.003,206303.0
2026-04-04 22:00:00,9.002,9.011,8.986,8.989,151134.0
2026-04-04 23:00:00,8.989,8.99,8.965,8.985,168676.0
2026-04-05 00:00:00,8.986,9.013,8.982,9.009,224087.0
2026-04-05 01:00:00,9.009,9.023,8.964,8.977,242257.0
2026-04-05 02:00:00,8.976,8.989,8.953,8.97,230264.0
2026-04-05 03:00:00,8.969,8.983,8.941,8.953,183162.0
2026-04-05 04:00:00,8.952,8.959,8.923,8.928,216003.0
2026-04-05 05:00:00,8.929,8.931,8.86,8.871,338753.0
2026-04-05 06:00:00,8.872,8.873,8.784,8.814,1134629.0
2026-04-05 07:00:00,8.814,8.834,8.776,8.797,415888.0
2026-04-05 08:00:00,8.796,8.83,8.782,8.819,518318.0
2026-04-05 09:00:00,8.82,8.84,8.804,8.82,233291.0
2026-04-05 10:00:00,8.82,8.855,8.8,8.806,203235.0
2026-04-05 11:00:00,8.805,8.825,8.787,8.814,267416.0
2026-04-05 12:00:00,8.814,8.816,8.741,8.782,499376.0
2026-04-05 13:00:00,8.782,8.812,8.748,8.811,339542.0
2026-04-05 14:00:00,8.811,8.836,8.798,8.813,237334.0
2026-04-05 15:00:00,8.812,8.955,8.795,8.872,896551.0
2026-04-05 16:00:00,8.873,8.878,8.835,8.841,355566.0
2026-04-05 17:00:00,8.842,8.868,8.809,8.862,322719.0
2026-04-05 18:00:00,8.861,8.865,8.825,8.847,236998.0
2026-04-05 19:00:00,8.847,8.882,8.816,8.843,225713.0
2026-04-05 20:00:00,8.843,8.889,8.842,8.88,238619.0
2026-04-05 21:00:00,8.88,8.883,8.826,8.854,234679.0
2026-04-05 22:00:00,8.854,8.967,8.808,8.956,634959.0
2026-04-05 23:00:00,8.957,9.083,8.938,9.065,1248560.0
2026-04-06 00:00:00,9.065,9.432,9.065,9.423,2954932.0
2026-04-06 01:00:00,9.424,9.612,9.396,9.427,2730681.0
2026-04-06 02:00:00,9.427,9.663,9.427,9.596,1870433.0
2026-04-06 03:00:00,9.595,9.625,9.435,9.451,1264462.0
2026-04-06 04:00:00,9.451,9.513,9.404,9.488,966531.0
2026-04-06 05:00:00,9.488,9.536,9.459,9.466,611844.0
2026-04-06 06:00:00,9.466,9.518,9.371,9.393,1188003.0
2026-04-06 07:00:00,9.393,9.424,9.368,9.384,707850.0
2026-04-06 08:00:00,9.385,9.446,9.377,9.411,543325.0
2026-04-06 09:00:00,9.411,9.505,9.405,9.443,959511.0
2026-04-06 10:00:00,9.444,9.493,9.435,9.456,615473.0
2026-04-06 11:00:00,9.455,9.474,9.437,9.448,449325.0
2026-04-06 12:00:00,9.449,9.463,9.399,9.411,417161.0
2026-04-06 13:00:00,9.411,9.415,9.335,9.361,813608.0
2026-04-06 14:00:00,9.36,9.402,9.318,9.358,794939.0
2026-04-06 15:00:00,9.357,9.384,9.332,9.378,463067.0
2026-04-06 16:00:00,9.378,9.395,9.313,9.333,553974.0
2026-04-06 17:00:00,9.332,9.348,9.273,9.32,718509.0
2026-04-06 18:00:00,9.32,9.357,9.3,9.343,355652.0
2026-04-06 19:00:00,9.343,9.344,9.285,9.315,318438.0
2026-04-06 20:00:00,9.315,9.35,9.305,9.332,272052.0
2026-04-06 21:00:00,9.331,9.331,9.265,9.277,281436.0
2026-04-06 22:00:00,9.277,9.277,9.112,9.116,971674.0
2026-04-06 23:00:00,9.116,9.116,8.794,8.892,4170863.0
2026-04-07 00:00:00,8.892,8.911,8.796,8.816,1550404.0
2026-04-07 01:00:00,8.816,8.816,8.683,8.702,1690913.0
2026-04-07 02:00:00,8.701,8.704,8.625,8.658,1649041.0
2026-04-07 03:00:00,8.659,8.7,8.638,8.678,882531.0
2026-04-07 04:00:00,8.678,8.724,8.651,8.699,859211.0
2026-04-07 05:00:00,8.698,8.7,8.525,8.551,1551351.0
2026-04-07 06:00:00,8.551,8.581,8.46,8.576,1789979.0
2026-04-07 07:00:00,8.575,8.65,8.567,8.64,923955.0
2026-04-07 08:00:00,8.64,8.702,8.63,8.685,747494.0
2026-04-07 09:00:00,8.685,8.727,8.666,8.688,788494.0
2026-04-07 10:00:00,8.688,8.699,8.606,8.616,932797.0
2026-04-07 11:00:00,8.616,8.63,8.574,8.608,653979.0
2026-04-07 12:00:00,8.608,8.673,8.546,8.654,1132417.0
2026-04-07 13:00:00,8.655,8.678,8.591,8.592,1190070.0
2026-04-07 14:00:00,8.593,8.608,8.522,8.558,1047301.0
2026-04-07 15:00:00,8.558,8.614,8.541,8.58,812693.0
2026-04-07 16:00:00,8.579,8.626,8.558,8.562,608913.0
2026-04-07 17:00:00,8.562,8.695,8.554,8.595,721884.0
2026-04-07 18:00:00,8.596,8.652,8.593,8.635,512508.0
2026-04-07 19:00:00,8.635,8.813,8.627,8.791,1395578.0
2026-04-07 20:00:00,8.791,8.879,8.736,8.76,1697490.0
2026-04-07 21:00:00,8.759,9.132,8.746,9.042,2620113.0
2026-04-07 22:00:00,9.041,9.356,9.041,9.355,3177947.0
2026-04-07 23:00:00,9.356,9.619,9.356,9.428,4179478.0
2026-04-08 00:00:00,9.429,9.479,9.342,9.369,1804211.0
2026-04-08 01:00:00,9.37,9.446,9.325,9.42,807531.0
2026-04-08 02:00:00,9.42,9.525,9.411,9.43,926453.0
2026-04-08 03:00:00,9.429,9.479,9.418,9.437,611706.0
2026-04-08 04:00:00,9.438,9.561,9.438,9.459,1082454.0
2026-04-08 05:00:00,9.46,9.515,9.421,9.467,1149247.0
2026-04-08 06:00:00,9.468,9.484,9.406,9.415,569249.0
2026-04-08 07:00:00,9.415,9.447,9.369,9.395,619968.0
2026-04-08 08:00:00,9.395,9.403,9.357,9.376,485948.0
2026-04-08 09:00:00,9.376,9.405,9.353,9.365,369520.0
2026-04-08 10:00:00,9.365,9.389,9.346,9.355,426003.0
2026-04-08 11:00:00,9.354,9.36,9.281,9.307,972200.0
2026-04-08 12:00:00,9.308,9.367,9.267,9.353,906254.0
2026-04-08 13:00:00,9.354,9.438,9.315,9.326,1467327.0
2026-04-08 14:00:00,9.325,9.342,9.143,9.175,1658471.0
2026-04-08 15:00:00,9.175,9.229,9.164,9.216,575289.0
2026-04-08 16:00:00,9.216,9.242,9.176,9.221,441509.0
2026-04-08 17:00:00,9.222,9.292,9.203,9.271,447264.0
2026-04-08 18:00:00,9.272,9.283,9.125,9.144,777175.0
2026-04-08 19:00:00,9.143,9.189,9.115,9.186,707937.0
2026-04-08 20:00:00,9.185,9.21,9.132,9.145,386150.0
2026-04-08 21:00:00,9.145,9.216,9.129,9.19,539168.0
2026-04-08 22:00:00,9.19,9.195,9.107,9.114,623886.0
2026-04-08 23:00:00,9.114,9.114,9.033,9.049,887246.0
2026-04-09 00:00:00,9.05,9.05,8.935,8.961,1152087.0
2026-04-09 01:00:00,8.96,8.981,8.908,8.977,703713.0
2026-04-09 02:00:00,8.976,9.047,8.956,9.029,530448.0
2026-04-09 03:00:00,9.029,9.053,9.009,9.023,369539.0
2026-04-09 04:00:00,9.022,9.066,9.013,9.04,310947.0
2026-04-09 05:00:00,9.04,9.053,9.0,9.009,440372.0
2026-04-09 06:00:00,9.01,9.046,9.009,9.045,291895.0
2026-04-09 07:00:00,9.046,9.086,9.046,9.076,405203.0
2026-04-09 08:00:00,9.076,9.161,9.048,9.152,702187.0
2026-04-09 09:00:00,9.152,9.153,9.056,9.122,705300.0
2026-04-09 10:00:00,9.122,9.148,9.099,9.103,393775.0
2026-04-09 11:00:00,9.103,9.106,9.043,9.081,459942.0
2026-04-09 12:00:00,9.081,9.122,9.061,9.1,408426.0
2026-04-09 13:00:00,9.1,9.112,9.056,9.094,627581.0
2026-04-09 14:00:00,9.094,9.176,9.046,9.153,815587.0
2026-04-09 15:00:00,9.153,9.365,9.13,9.336,1638965.0
2026-04-09 16:00:00,9.337,9.388,9.24,9.286,1206109.0
2026-04-09 17:00:00,9.286,9.386,9.278,9.362,752783.0
2026-04-09 18:00:00,9.363,9.367,9.252,9.277,768811.0
2026-04-09 19:00:00,9.277,9.34,9.244,9.299,824908.0
2026-04-09 20:00:00,9.3,9.34,9.279,9.321,595206.0
2026-04-09 21:00:00,9.321,9.454,9.309,9.414,758669.0
2026-04-09 22:00:00,9.415,9.7,9.392,9.474,2440573.0
2026-04-09 23:00:00,9.474,9.516,9.336,9.361,1246063.0
2026-04-10 00:00:00,9.361,9.396,9.309,9.328,773742.0
2026-04-10 01:00:00,9.328,9.407,9.266,9.338,701501.0
2026-04-10 02:00:00,9.338,9.375,9.307,9.32,344814.0
2026-04-10 03:00:00,9.32,9.346,9.273,9.304,607950.0
2026-04-10 04:00:00,9.304,9.407,9.298,9.379,506304.0
2026-04-10 05:00:00,9.379,9.415,9.358,9.369,517520.0
2026-04-10 06:00:00,9.369,9.399,9.275,9.302,446875.0
2026-04-10 07:00:00,9.303,9.31,9.261,9.27,438539.0
2026-04-10 08:00:00,9.27,9.325,9.24,9.269,387663.0
2026-04-10 09:00:00,9.268,9.316,9.265,9.302,364211.0
2026-04-10 10:00:00,9.303,9.305,9.255,9.266,292072.0
2026-04-10 11:00:00,9.266,9.335,9.26,9.299,491843.0
2026-04-10 12:00:00,9.3,9.385,9.289,9.375,824490.0
2026-04-10 13:00:00,9.375,9.407,9.319,9.365,734615.0
2026-04-10 14:00:00,9.365,9.468,9.332,9.441,928634.0
2026-04-10 15:00:00,9.441,9.514,9.388,9.421,868744.0
2026-04-10 16:00:00,9.422,9.456,9.391,9.42,521447.0
2026-04-10 17:00:00,9.42,9.42,9.348,9.391,393961.0
2026-04-10 18:00:00,9.392,9.56,9.377,9.511,1457348.0
2026-04-10 19:00:00,9.51,9.552,9.494,9.523,464575.0
2026-04-10 20:00:00,9.523,9.552,9.483,9.508,574830.0
2026-04-10 21:00:00,9.509,9.512,9.396,9.453,757776.0
2026-04-10 22:00:00,9.452,9.455,9.39,9.411,326145.0
2026-04-10 23:00:00,9.41,9.412,9.373,9.39,324889.0
2026-04-11 00:00:00,9.39,9.398,9.352,9.352,361049.0
2026-04-11 01:00:00,9.351,9.356,9.305,9.34,419736.0
2026-04-11 02:00:00,9.339,9.376,9.326,9.341,292404.0
2026-04-11 03:00:00,9.341,9.367,9.309,9.32,302114.0
2026-04-11 04:00:00,9.319,9.344,9.289,9.302,302273.0
2026-04-11 05:00:00,9.302,9.303,9.246,9.257,777397.0
2026-04-11 06:00:00,9.258,9.278,9.225,9.265,418653.0
2026-04-11 07:00:00,9.265,9.3,9.262,9.279,247680.0
2026-04-11 08:00:00,9.28,9.309,9.271,9.274,261089.0
2026-04-11 09:00:00,9.275,9.308,9.253,9.278,395534.0
2026-04-11 10:00:00,9.278,9.28,9.245,9.26,214994.0
2026-04-11 11:00:00,9.261,9.283,9.25,9.275,193259.0
2026-04-11 12:00:00,9.275,9.291,9.262,9.267,290345.0
2026-04-11 13:00:00,9.267,9.27,9.184,9.232,686295.0
2026-04-11 14:00:00,9.233,9.275,9.23,9.264,300495.0
2026-04-11 15:00:00,9.265,9.335,9.261,9.326,371091.0
2026-04-11 16:00:00,9.327,9.467,9.327,9.442,839930.0
2026-04-11 17:00:00,9.443,9.45,9.376,9.387,571414.0
2026-04-11 18:00:00,9.387,9.519,9.357,9.489,916140.0
2026-04-11 19:00:00,9.488,9.605,9.48,9.58,987469.0
2026-04-11 20:00:00,9.58,9.61,9.436,9.466,913278.0
2026-04-11 21:00:00,9.465,9.495,9.431,9.459,351366.0
2026-04-11 22:00:00,9.458,9.513,9.389,9.412,623285.0
2026-04-11 23:00:00,9.411,9.412,9.327,9.371,494754.0
2026-04-12 00:00:00,9.372,9.378,9.32,9.362,381160.0
2026-04-12 01:00:00,9.362,9.386,9.025,9.072,2384106.0
2026-04-12 02:00:00,9.073,9.13,9.02,9.12,1133744.0
2026-04-12 03:00:00,9.12,9.127,9.077,9.078,393033.0
2026-04-12 04:00:00,9.077,9.089,9.052,9.064,276101.0
2026-04-12 05:00:00,9.064,9.078,9.043,9.065,384467.0
2026-04-12 06:00:00,9.066,9.079,9.038,9.047,310236.0
2026-04-12 07:00:00,9.047,9.047,8.989,9.016,757429.0
2026-04-12 08:00:00,9.016,9.046,9.001,9.03,368429.0
2026-04-12 09:00:00,9.031,9.039,8.998,9.014,293124.0
2026-04-12 10:00:00,9.015,9.036,8.974,8.986,474800.0
2026-04-12 11:00:00,8.986,9.038,8.981,9.024,248593.0
2026-04-12 12:00:00,9.024,9.055,9.002,9.018,734618.0
2026-04-12 13:00:00,9.018,9.039,8.956,8.959,646657.0
2026-04-12 14:00:00,8.96,8.999,8.955,8.972,414530.0
2026-04-12 15:00:00,8.972,8.986,8.924,8.956,481344.0
2026-04-12 16:00:00,8.956,9.016,8.948,9.01,467951.0
2026-04-12 17:00:00,9.011,9.121,9.009,9.105,616738.0
2026-04-12 18:00:00,9.106,9.164,9.089,9.096,836886.0
2026-04-12 19:00:00,9.095,9.111,9.064,9.081,267305.0
2026-04-12 20:00:00,9.08,9.148,9.058,9.129,341045.0
2026-04-12 21:00:00,9.13,9.168,9.109,9.152,386555.0
2026-04-12 22:00:00,9.152,9.152,9.013,9.061,1037352.0
2026-04-12 23:00:00,9.06,9.06,8.999,9.025,385270.0
2026-04-13 00:00:00,9.026,9.118,9.01,9.091,460450.0
2026-04-13 01:00:00,9.092,9.165,9.089,9.131,466994.0
2026-04-13 02:00:00,9.131,9.142,9.048,9.053,471321.0
2026-04-13 03:00:00,9.054,9.077,9.036,9.067,223695.0
2026-04-13 04:00:00,9.066,9.108,9.044,9.049,294276.0
2026-04-13 05:00:00,9.049,9.063,9.01,9.062,412281.0
2026-04-13 06:00:00,9.063,9.192,9.056,9.15,738412.0
2026-04-13 07:00:00,9.15,9.158,9.042,9.061,709109.0
2026-04-13 08:00:00,9.061,9.063,9.01,9.025,400533.0
2026-04-13 09:00:00,9.025,9.083,9.021,9.071,261588.0
2026-04-13 10:00:00,9.071,9.081,8.978,8.986,434147.0
2026-04-13 11:00:00,8.987,9.077,8.961,9.057,809211.0
2026-04-13 12:00:00,9.056,9.188,9.033,9.15,829037.0
2026-04-13 13:00:00,9.15,9.279,9.101,9.262,1319873.0
2026-04-13 14:00:00,9.262,9.319,9.139,9.314,1238301.0
2026-04-13 15:00:00,9.314,9.325,9.153,9.202,1114903.0
2026-04-13 16:00:00,9.202,9.307,9.144,9.281,1006429.0
2026-04-13 17:00:00,9.281,9.387,9.244,9.253,922248.0
2026-04-13 18:00:00,9.253,9.263,9.172,9.26,835024.0
2026-04-13 19:00:00,9.26,9.416,9.252,9.404,1369422.0
2026-04-13 20:00:00,9.403,9.418,9.272,9.288,1016066.0
2026-04-13 21:00:00,9.289,9.324,9.243,9.311,672707.0
2026-04-13 22:00:00,9.311,9.627,9.301,9.594,2299972.0
2026-04-13 23:00:00,9.594,9.716,9.567,9.659,1807776.0
2026-04-14 00:00:00,9.659,9.705,9.493,9.509,1335735.0
2026-04-14 01:00:00,9.508,9.529,9.464,9.492,513722.0
2026-04-14 02:00:00,9.493,9.497,9.427,9.456,426297.0
2026-04-14 03:00:00,9.457,9.482,9.435,9.448,272326.0
2026-04-14 04:00:00,9.449,9.467,9.424,9.443,230872.0
2026-04-14 05:00:00,9.444,9.445,9.366,9.382,428310.0
2026-04-14 06:00:00,9.383,9.433,9.383,9.417,363322.0
2026-04-14 07:00:00,9.417,9.452,9.391,9.409,377950.0
2026-04-14 08:00:00,9.41,9.448,9.386,9.433,365321.0
2026-04-14 09:00:00,9.434,9.441,9.382,9.416,360348.0
2026-04-14 10:00:00,9.416,9.438,9.396,9.4,248453.0
2026-04-14 11:00:00,9.4,9.409,9.372,9.381,337556.0
2026-04-14 12:00:00,9.381,9.396,9.354,9.371,343314.0
2026-04-14 13:00:00,9.371,9.495,9.366,9.491,910353.0
2026-04-14 14:00:00,9.491,9.531,9.387,9.388,1219290.0
2026-04-14 15:00:00,9.389,9.461,9.272,9.424,1805493.0
2026-04-14 16:00:00,9.424,9.486,9.37,9.391,1998397.0
2026-04-14 17:00:00,9.39,9.442,9.315,9.374,871968.0
2026-04-14 18:00:00,9.374,9.398,9.206,9.253,965934.0
2026-04-14 19:00:00,9.252,9.348,9.242,9.345,1023038.0
2026-04-14 20:00:00,9.346,9.372,9.302,9.316,463550.0
2026-04-14 21:00:00,9.316,9.377,9.316,9.355,750160.0
2026-04-14 22:00:00,9.355,9.381,9.286,9.307,570669.0
2026-04-14 23:00:00,9.306,9.328,9.269,9.296,357199.0
2026-04-15 00:00:00,9.296,9.371,9.293,9.329,456283.0
2026-04-15 01:00:00,9.329,9.384,9.319,9.357,400768.0
2026-04-15 02:00:00,9.358,9.382,9.278,9.313,302697.0
2026-04-15 03:00:00,9.313,9.352,9.286,9.341,334223.0
2026-04-15 04:00:00,9.342,9.455,9.337,9.404,1108481.0
2026-04-15 05:00:00,9.403,9.452,9.319,9.34,554248.0
2026-04-15 06:00:00,9.34,9.342,9.287,9.299,341022.0
2026-04-15 07:00:00,9.299,9.322,9.254,9.265,525557.0
2026-04-15 08:00:00,9.265,9.392,9.255,9.349,531805.0
2026-04-15 09:00:00,9.349,9.361,9.303,9.317,235423.0
2026-04-15 10:00:00,9.317,9.388,9.287,9.331,388092.0
2026-04-15 11:00:00,9.331,9.454,9.33,9.419,544907.0
2026-04-15 12:00:00,9.419,9.436,9.381,9.427,459271.0
2026-04-15 13:00:00,9.428,9.444,9.361,9.394,489297.0
2026-04-15 14:00:00,9.393,9.46,9.366,9.447,614171.0
2026-04-15 15:00:00,9.447,9.456,9.321,9.362,830031.0
2026-04-15 16:00:00,9.363,9.45,9.349,9.431,618595.0
2026-04-15 17:00:00,9.43,9.476,9.403,9.447,629926.0
2026-04-15 18:00:00,9.446,9.486,9.437,9.47,387399.0
2026-04-15 19:00:00,9.47,9.567,9.449,9.527,878495.0
2026-04-15 20:00:00,9.527,9.53,9.453,9.469,715193.0
2026-04-15 21:00:00,9.469,9.503,9.424,9.491,437978.0
2026-04-15 22:00:00,9.49,9.556,9.479,9.481,510669.0
2026-04-15 23:00:00,9.48,9.481,9.382,9.43,575463.0
2026-04-16 00:00:00,9.431,9.446,9.364,9.403,420581.0
2026-04-16 01:00:00,9.402,9.403,9.336,9.366,350031.0
2026-04-16 02:00:00,9.366,9.496,9.364,9.44,722535.0
2026-04-16 03:00:00,9.44,9.511,9.41,9.48,559842.0
2026-04-16 04:00:00,9.48,9.55,9.461,9.483,636758.0
2026-04-16 05:00:00,9.483,9.513,9.455,9.492,274643.0
2026-04-16 06:00:00,9.493,9.563,9.492,9.562,420060.0
2026-04-16 07:00:00,9.563,9.618,9.486,9.508,885281.0
2026-04-16 08:00:00,9.509,9.514,9.435,9.439,580390.0
2026-04-16 09:00:00,9.439,9.504,9.426,9.427,521033.0
2026-04-16 10:00:00,9.428,9.437,9.338,9.396,829208.0
2026-04-16 11:00:00,9.395,9.464,9.374,9.46,465620.0
2026-04-16 12:00:00,9.46,9.556,9.459,9.504,970182.0
2026-04-16 13:00:00,9.504,9.613,9.301,9.407,1601098.0
2026-04-16 14:00:00,9.408,9.42,9.257,9.399,1777357.0
2026-04-16 15:00:00,9.399,9.601,9.386,9.582,2045050.0
2026-04-16 16:00:00,9.582,9.647,9.414,9.455,1899004.0
2026-04-16 17:00:00,9.456,9.551,9.404,9.525,1047655.0
2026-04-16 18:00:00,9.526,9.848,9.488,9.774,2698850.0
2026-04-16 19:00:00,9.773,9.866,9.74,9.85,1632469.0
2026-04-16 20:00:00,9.849,9.883,9.657,9.695,1334646.0
2026-04-16 21:00:00,9.694,9.733,9.64,9.723,731687.0
2026-04-16 22:00:00,9.723,9.766,9.681,9.712,404895.0
2026-04-16 23:00:00,9.711,9.779,9.684,9.723,383144.0
2026-04-17 00:00:00,9.724,9.747,9.666,9.69,424183.0
2026-04-17 01:00:00,9.689,9.714,9.594,9.628,669475.0
2026-04-17 02:00:00,9.627,9.648,9.55,9.587,535750.0
2026-04-17 03:00:00,9.586,9.587,9.537,9.555,332258.0
2026-04-17 04:00:00,9.556,9.584,9.529,9.546,552329.0
2026-04-17 05:00:00,9.547,9.55,9.441,9.451,802976.0
2026-04-17 06:00:00,9.45,9.576,9.443,9.555,775546.0
2026-04-17 07:00:00,9.556,9.623,9.554,9.623,547457.0
2026-04-17 08:00:00,9.623,9.704,9.605,9.669,705474.0
2026-04-17 09:00:00,9.669,9.719,9.601,9.674,963801.0
2026-04-17 10:00:00,9.674,9.699,9.497,9.541,913423.0
2026-04-17 11:00:00,9.542,9.675,9.525,9.65,733082.0
2026-04-17 12:00:00,9.651,9.756,9.607,9.728,949803.0
2026-04-17 13:00:00,9.728,9.908,9.709,9.893,2123508.0
2026-04-17 14:00:00,9.893,10.006,9.86,9.929,1386699.0
2026-04-17 15:00:00,9.929,9.933,9.746,9.808,1062154.0
2026-04-17 16:00:00,9.809,9.95,9.799,9.923,684125.0
2026-04-17 17:00:00,9.924,9.926,9.769,9.831,898189.0
2026-04-17 18:00:00,9.831,9.848,9.734,9.77,697604.0
2026-04-17 19:00:00,9.77,9.828,9.745,9.787,437001.0
2026-04-17 20:00:00,9.787,9.821,9.715,9.781,462577.0
2026-04-17 21:00:00,9.781,9.841,9.755,9.79,431240.0
2026-04-17 22:00:00,9.789,9.839,9.765,9.795,276763.0
2026-04-17 23:00:00,9.795,9.795,9.683,9.715,505666.0
2026-04-18 00:00:00,9.715,9.767,9.696,9.741,329929.0
2026-04-18 01:00:00,9.741,9.779,9.673,9.698,322622.0
2026-04-18 02:00:00,9.697,9.738,9.671,9.709,296639.0
2026-04-18 03:00:00,9.708,9.71,9.622,9.642,386163.0
2026-04-18 04:00:00,9.642,9.678,9.615,9.651,658549.0
2026-04-18 05:00:00,9.652,9.715,9.651,9.692,437105.0
2026-04-18 06:00:00,9.692,9.719,9.652,9.686,345506.0
2026-04-18 07:00:00,9.686,9.73,9.68,9.699,266646.0
2026-04-18 08:00:00,9.699,9.702,9.509,9.553,1126423.0
2026-04-18 09:00:00,9.554,9.555,9.474,9.518,804513.0
2026-04-18 10:00:00,9.519,9.521,9.409,9.423,913543.0
2026-04-18 11:00:00,9.424,9.428,9.341,9.386,1047609.0
2026-04-18 12:00:00,9.385,9.412,9.369,9.408,544157.0
2026-04-18 13:00:00,9.408,9.421,9.326,9.385,553430.0
2026-04-18 14:00:00,9.386,9.434,9.364,9.415,430609.0
2026-04-18 15:00:00,9.415,9.442,9.383,9.399,399920.0
2026-04-18 16:00:00,9.399,9.437,9.353,9.384,636702.0
2026-04-18 17:00:00,9.384,9.416,9.344,9.391,430616.0
2026-04-18 18:00:00,9.392,9.393,9.291,9.332,824709.0
2026-04-18 19:00:00,9.332,9.388,9.326,9.371,456492.0
2026-04-18 20:00:00,9.371,9.41,9.348,9.392,351870.0
2026-04-18 21:00:00,9.392,9.404,9.366,9.391,210185.0
2026-04-18 22:00:00,9.392,9.393,9.345,9.377,267909.0
2026-04-18 23:00:00,9.377,9.397,9.318,9.328,235500.0
2026-04-19 00:00:00,9.328,9.332,9.262,9.296,550347.0
2026-04-19 01:00:00,9.295,9.324,9.239,9.273,353862.0
2026-04-19 02:00:00,9.274,9.277,9.203,9.266,709240.0
2026-04-19 03:00:00,9.266,9.327,9.234,9.29,560403.0
2026-04-19 04:00:00,9.29,9.319,9.244,9.291,425666.0
2026-04-19 05:00:00,9.291,9.312,9.263,9.263,233200.0
2026-04-19 06:00:00,9.263,9.302,9.225,9.275,431603.0
2026-04-19 07:00:00,9.275,9.275,9.121,9.205,1227648.0
2026-04-19 08:00:00,9.204,9.212,9.171,9.192,313225.0
2026-04-19 09:00:00,9.191,9.211,9.161,9.169,527060.0
2026-04-19 10:00:00,9.168,9.192,9.144,9.176,311422.0
2026-04-19 11:00:00,9.177,9.269,9.171,9.237,496023.0
2026-04-19 12:00:00,9.238,9.284,9.232,9.262,344473.0
2026-04-19 13:00:00,9.263,9.353,9.258,9.29,767799.0
2026-04-19 14:00:00,9.291,9.354,9.242,9.312,478475.0
2026-04-19 15:00:00,9.311,9.311,9.196,9.276,731746.0
2026-04-19 16:00:00,9.276,9.29,9.207,9.221,441820.0
2026-04-19 17:00:00,9.22,9.226,9.135,9.144,653635.0
2026-04-19 18:00:00,9.144,9.177,9.125,9.168,473221.0
2026-04-19 19:00:00,9.169,9.227,9.169,9.185,319677.0
2026-04-19 20:00:00,9.184,9.186,9.115,9.143,446613.0
2026-04-19 21:00:00,9.144,9.168,9.101,9.119,265762.0
2026-04-19 22:00:00,9.119,9.119,8.961,8.999,2137771.0
2026-04-19 23:00:00,8.998,9.009,8.965,8.999,554281.0
2026-04-20 00:00:00,9.0,9.099,8.979,9.073,707496.0
2026-04-20 01:00:00,9.073,9.136,9.071,9.119,447886.0
2026-04-20 02:00:00,9.118,9.134,9.066,9.112,356256.0
2026-04-20 03:00:00,9.111,9.164,9.108,9.154,239183.0
2026-04-20 04:00:00,9.154,9.158,9.109,9.135,204201.0
2026-04-20 05:00:00,9.135,9.135,9.044,9.067,378438.0
2026-04-20 06:00:00,9.068,9.169,9.05,9.141,400387.0
2026-04-20 07:00:00,9.142,9.323,9.142,9.21,1189549.0
2026-04-20 08:00:00,9.212,9.228,9.154,9.16,557729.0
2026-04-20 09:00:00,9.159,9.241,9.15,9.2,406996.0
2026-04-20 10:00:00,9.2,9.272,9.196,9.211,493111.0
2026-04-20 11:00:00,9.21,9.228,9.176,9.207,437306.0
2026-04-20 12:00:00,9.208,9.265,9.192,9.248,607861.0
2026-04-20 13:00:00,9.249,9.285,9.212,9.254,639365.0
2026-04-20 14:00:00,9.254,9.296,9.167,9.203,906615.0
2026-04-20 15:00:00,9.202,9.243,9.144,9.224,1224855.0
2026-04-20 16:00:00,9.225,9.23,9.164,9.169,344744.0
2026-04-20 17:00:00,9.17,9.264,9.162,9.256,428732.0
2026-04-20 18:00:00,9.256,9.341,9.256,9.321,814297.0
2026-04-20 19:00:00,9.322,9.354,9.296,9.314,356496.0
2026-04-20 20:00:00,9.313,9.391,9.284,9.375,589116.0
2026-04-20 21:00:00,9.376,9.432,9.35,9.393,651984.0
2026-04-20 22:00:00,9.394,9.417,9.339,9.355,378460.0
2026-04-20 23:00:00,9.355,9.355,9.257,9.269,480272.0
2026-04-21 00:00:00,9.269,9.331,9.268,9.316,347758.0
2026-04-21 01:00:00,9.316,9.36,9.305,9.312,246205.0
2026-04-21 02:00:00,9.313,9.314,9.271,9.275,256023.0
2026-04-21 03:00:00,9.274,9.306,9.245,9.279,269482.0
2026-04-21 04:00:00,9.278,9.32,9.255,9.313,287352.0
2026-04-21 05:00:00,9.312,9.378,9.31,9.366,477855.0
2026-04-21 06:00:00,9.365,9.371,9.301,9.318,379583.0
2026-04-21 07:00:00,9.318,9.372,9.285,9.336,507000.0
2026-04-21 08:00:00,9.336,9.423,9.325,9.36,490696.0
2026-04-21 09:00:00,9.361,9.41,9.331,9.395,457054.0
2026-04-21 10:00:00,9.396,9.431,9.385,9.41,331529.0
2026-04-21 11:00:00,9.41,9.532,9.377,9.436,1445313.0
2026-04-21 12:00:00,9.436,9.456,9.336,9.386,1374845.0
2026-04-21 13:00:00,9.387,9.397,9.331,9.373,502157.0
2026-04-21 14:00:00,9.374,9.463,9.333,9.356,666793.0
2026-04-21 15:00:00,9.356,9.393,9.316,9.384,611727.0
2026-04-21 16:00:00,9.385,9.436,9.313,9.319,502813.0
2026-04-21 17:00:00,9.32,9.374,9.208,9.331,1254175.0
2026-04-21 18:00:00,9.331,9.346,9.253,9.313,526509.0
2026-04-21 19:00:00,9.313,9.341,9.163,9.201,1175243.0
2026-04-21 20:00:00,9.2,9.352,9.191,9.302,922594.0
2026-04-21 21:00:00,9.302,9.325,9.288,9.302,413115.0
2026-04-21 22:00:00,9.302,9.314,9.262,9.295,229224.0
2026-04-21 23:00:00,9.295,9.398,9.293,9.388,416678.0
2026-04-22 00:00:00,9.389,9.422,9.385,9.412,516463.0
2026-04-22 01:00:00,9.412,9.414,9.362,9.387,528132.0
2026-04-22 02:00:00,9.387,9.589,9.382,9.581,1349572.0
2026-04-22 03:00:00,9.58,9.606,9.492,9.557,814196.0
2026-04-22 04:00:00,9.557,9.581,9.528,9.554,345292.0
2026-04-22 05:00:00,9.555,9.673,9.539,9.61,965126.0
2026-04-22 06:00:00,9.61,9.616,9.578,9.606,473842.0
2026-04-22 07:00:00,9.607,9.608,9.545,9.57,321500.0
2026-04-22 08:00:00,9.57,9.588,9.536,9.557,365481.0
2026-04-22 09:00:00,9.556,9.645,9.54,9.599,491557.0
2026-04-22 10:00:00,9.599,9.634,9.548,9.572,689288.0
2026-04-22 11:00:00,9.572,9.598,9.559,9.568,254163.0
2026-04-22 12:00:00,9.568,9.583,9.508,9.518,445539.0
2026-04-22 13:00:00,9.517,9.571,9.485,9.546,594855.0
2026-04-22 14:00:00,9.547,9.585,9.506,9.561,453915.0
2026-04-22 15:00:00,9.561,9.584,9.54,9.542,323425.0
2026-04-22 16:00:00,9.543,9.561,9.488,9.49,397423.0
2026-04-22 17:00:00,9.49,9.54,9.489,9.524,244828.0
2026-04-22 18:00:00,9.525,9.568,9.513,9.516,283914.0
2026-04-22 19:00:00,9.516,9.522,9.427,9.47,496313.0
2026-04-22 20:00:00,9.47,9.472,9.431,9.438,360252.0
2026-04-22 21:00:00,9.438,9.483,9.436,9.469,178579.0
2026-04-22 22:00:00,9.468,9.48,9.41,9.425,287761.0
2026-04-22 23:00:00,9.426,9.428,9.322,9.33,554740.0
2026-04-23 00:00:00,9.331,9.349,9.207,9.345,1357039.0
2026-04-23 01:00:00,9.346,9.346,9.281,9.328,344690.0
2026-04-23 02:00:00,9.329,9.335,9.266,9.295,344028.0
2026-04-23 03:00:00,9.295,9.303,9.22,9.267,440393.0
2026-04-23 04:00:00,9.266,9.313,9.251,9.308,286397.0
2026-04-23 05:00:00,9.308,9.341,9.244,9.269,743468.0
2026-04-23 06:00:00,9.27,9.333,9.263,9.316,841486.0
2026-04-23 07:00:00,9.317,9.32,9.274,9.281,306922.0
2026-04-23 08:00:00,9.281,9.289,9.243,9.279,314319.0
2026-04-23 09:00:00,9.279,9.28,9.215,9.238,363418.0
2026-04-23 10:00:00,9.238,9.252,9.185,9.217,482096.0
2026-04-23 11:00:00,9.217,9.294,9.211,9.268,364516.0
2026-04-23 12:00:00,9.269,9.306,9.252,9.285,503131.0
2026-04-23 13:00:00,9.285,9.302,9.257,9.266,311923.0
2026-04-23 14:00:00,9.265,9.355,9.24,9.345,557725.0
2026-04-23 15:00:00,9.345,9.446,9.336,9.393,1224325.0
2026-04-23 16:00:00,9.394,9.406,9.328,9.332,373549.0
2026-04-23 17:00:00,9.332,9.343,9.142,9.254,1468858.0
2026-04-23 18:00:00,9.255,9.299,9.245,9.251,479980.0
2026-04-23 19:00:00,9.251,9.298,9.234,9.266,428509.0
2026-04-23 20:00:00,9.266,9.347,9.262,9.314,395366.0
2026-04-23 21:00:00,9.314,9.358,9.292,9.329,265459.0
2026-04-23 22:00:00,9.329,9.375,9.329,9.348,256193.0
2026-04-23 23:00:00,9.348,9.4,9.33,9.376,246990.0
2026-04-24 00:00:00,9.377,9.415,9.377,9.411,438474.0
2026-04-24 01:00:00,9.412,9.435,9.364,9.432,334237.0
2026-04-24 02:00:00,9.431,9.437,9.351,9.363,269686.0
2026-04-24 03:00:00,9.362,9.367,9.277,9.322,450064.0
2026-04-24 04:00:00,9.323,9.333,9.292,9.305,362244.0
2026-04-24 05:00:00,9.306,9.374,9.294,9.356,419648.0
2026-04-24 06:00:00,9.356,9.4,9.34,9.37,352769.0
2026-04-24 07:00:00,9.369,9.4,9.342,9.367,296608.0
2026-04-24 08:00:00,9.367,9.396,9.348,9.364,349186.0
2026-04-24 09:00:00,9.365,9.372,9.321,9.357,320123.0
2026-04-24 10:00:00,9.356,9.412,9.333,9.392,298498.0
2026-04-24 11:00:00,9.392,9.465,9.389,9.436,650302.0
2026-04-24 12:00:00,9.436,9.464,9.387,9.41,460991.0
2026-04-24 13:00:00,9.411,9.451,9.399,9.412,472999.0
2026-04-24 14:00:00,9.411,9.426,9.367,9.405,395503.0
2026-04-24 15:00:00,9.405,9.459,9.338,9.459,598593.0
2026-04-24 16:00:00,9.459,9.476,9.39,9.426,411501.0
2026-04-24 17:00:00,9.425,9.448,9.399,9.426,332568.0
2026-04-24 18:00:00,9.425,9.438,9.382,9.424,281657.0
2026-04-24 19:00:00,9.424,9.45,9.406,9.431,227940.0
2026-04-24 20:00:00,9.431,9.467,9.392,9.455,366844.0
2026-04-24 21:00:00,9.454,9.472,9.427,9.438,301619.0
2026-04-24 22:00:00,9.438,9.447,9.366,9.385,250948.0
2026-04-24 23:00:00,9.385,9.398,9.37,9.396,179756.0
2026-04-25 00:00:00,9.396,9.411,9.377,9.405,183253.0
2026-04-25 01:00:00,9.405,9.447,9.403,9.432,189409.0
2026-04-25 02:00:00,9.432,9.435,9.402,9.43,191426.0
2026-04-25 03:00:00,9.43,9.452,9.415,9.438,183281.0
2026-04-25 04:00:00,9.437,9.454,9.413,9.437,234054.0
2026-04-25 05:00:00,9.437,9.455,9.382,9.442,633826.0
2026-04-25 06:00:00,9.442,9.498,9.44,9.446,461428.0
2026-04-25 07:00:00,9.446,9.467,9.429,9.444,272018.0
2026-04-25 08:00:00,9.444,9.463,9.431,9.45,207180.0
2026-04-25 09:00:00,9.45,9.488,9.444,9.469,281172.0
2026-04-25 10:00:00,9.469,9.487,9.461,9.466,217620.0
2026-04-25 11:00:00,9.467,9.467,9.374,9.399,478389.0
2026-04-25 12:00:00,9.399,9.399,9.364,9.38,280717.0
2026-04-25 13:00:00,9.38,9.43,9.378,9.409,234134.0
2026-04-25 14:00:00,9.41,9.42,9.383,9.383,198065.0
2026-04-25 15:00:00,9.383,9.393,9.322,9.34,446002.0
2026-04-25 16:00:00,9.34,9.361,9.292,9.33,425460.0
2026-04-25 17:00:00,9.33,9.339,9.278,9.299,453433.0
2026-04-25 18:00:00,9.298,9.33,9.281,9.312,382295.0
2026-04-25 19:00:00,9.311,9.318,9.292,9.3,132202.0
2026-04-25 20:00:00,9.3,9.317,9.281,9.316,155344.0
2026-04-25 21:00:00,9.315,9.337,9.313,9.319,176307.0
2026-04-25 22:00:00,9.32,9.362,9.313,9.341,245483.0
2026-04-25 23:00:00,9.342,9.365,9.335,9.358,160860.0
2026-04-26 00:00:00,9.359,9.361,9.321,9.331,375773.0
2026-04-26 01:00:00,9.332,9.34,9.312,9.316,134154.0
2026-04-26 02:00:00,9.317,9.362,9.315,9.34,191835.0
2026-04-26 03:00:00,9.34,9.36,9.309,9.334,260732.0
2026-04-26 04:00:00,9.334,9.394,9.32,9.363,321833.0
2026-04-26 05:00:00,9.363,9.431,9.357,9.398,462990.0
2026-04-26 06:00:00,9.398,9.433,9.392,9.411,297541.0
2026-04-26 07:00:00,9.411,9.435,9.398,9.432,180772.0
2026-04-26 08:00:00,9.433,9.447,9.4,9.431,347032.0
2026-04-26 09:00:00,9.43,9.457,9.425,9.444,260980.0
2026-04-26 10:00:00,9.443,9.451,9.43,9.446,171746.0
2026-04-26 11:00:00,9.446,9.524,9.446,9.478,482834.0
2026-04-26 12:00:00,9.479,9.498,9.423,9.436,495941.0
2026-04-26 13:00:00,9.436,9.447,9.403,9.415,339822.0
2026-04-26 14:00:00,9.414,9.483,9.403,9.464,380375.0
2026-04-26 15:00:00,9.463,9.486,9.451,9.481,220790.0
2026-04-26 16:00:00,9.482,9.486,9.429,9.434,247551.0
2026-04-26 17:00:00,9.433,9.437,9.394,9.422,351406.0
2026-04-26 18:00:00,9.421,9.541,9.401,9.473,1869315.0
2026-04-26 19:00:00,9.473,9.516,9.455,9.47,324661.0
2026-04-26 20:00:00,9.471,9.482,9.443,9.448,303206.0
2026-04-26 21:00:00,9.448,9.467,9.38,9.455,509664.0
2026-04-26 22:00:00,9.455,9.506,9.408,9.44,550042.0
2026-04-26 23:00:00,9.44,9.489,9.421,9.45,293971.0
2026-04-27 00:00:00,9.451,9.514,9.415,9.504,522706.0
2026-04-27 01:00:00,9.505,9.555,9.47,9.546,682178.0
2026-04-27 02:00:00,9.547,9.551,9.502,9.528,290448.0
2026-04-27 03:00:00,9.529,9.56,9.501,9.504,463668.0
2026-04-27 04:00:00,9.505,9.526,9.482,9.494,290339.0
2026-04-27 05:00:00,9.495,9.499,9.255,9.281,1585743.0
2026-04-27 06:00:00,9.281,9.286,9.203,9.242,1368306.0
2026-04-27 07:00:00,9.242,9.258,9.22,9.226,490797.0
2026-04-27 08:00:00,9.225,9.25,9.212,9.246,496683.0
2026-04-27 09:00:00,9.247,9.266,9.237,9.247,360437.0
2026-04-27 10:00:00,9.247,9.267,9.24,9.254,211196.0
2026-04-27 11:00:00,9.254,9.273,9.239,9.26,252549.0
2026-04-27 12:00:00,9.259,9.266,9.231,9.237,270456.0
2026-04-27 13:00:00,9.236,9.251,9.189,9.228,517504.0
2026-04-27 14:00:00,9.228,9.311,9.224,9.265,584517.0
2026-04-27 15:00:00,9.266,9.267,9.076,9.129,1482133.0
2026-04-27 16:00:00,9.13,9.172,9.098,9.146,666837.0
2026-04-27 17:00:00,9.146,9.191,9.145,9.162,302990.0
2026-04-27 18:00:00,9.162,9.196,9.159,9.184,184601.0
2026-04-27 19:00:00,9.185,9.2,9.132,9.168,369169.0
2026-04-27 20:00:00,9.168,9.187,9.162,9.167,142189.0
2026-04-27 21:00:00,9.167,9.19,9.157,9.164,266168.0
2026-04-27 22:00:00,9.165,9.221,9.16,9.218,314557.0
2026-04-27 23:00:00,9.219,9.277,9.212,9.262,375054.0
2026-04-28 00:00:00,9.263,9.264,9.227,9.248,375854.0
2026-04-28 01:00:00,9.247,9.262,9.233,9.247,214497.0
2026-04-28 02:00:00,9.247,9.27,9.186,9.212,423976.0
2026-04-28 03:00:00,9.211,9.223,9.2,9.217,160091.0
2026-04-28 04:00:00,9.216,9.246,9.206,9.214,361140.0
2026-04-28 05:00:00,9.214,9.257,9.211,9.22,369159.0
2026-04-28 06:00:00,9.22,9.242,9.153,9.176,546335.0
2026-04-28 07:00:00,9.175,9.184,9.135,9.175,432395.0
2026-04-28 08:00:00,9.174,9.205,9.162,9.184,376324.0
2026-04-28 09:00:00,9.184,9.185,9.129,9.154,285801.0
2026-04-28 10:00:00,9.154,9.206,9.147,9.206,415405.0
2026-04-28 11:00:00,9.206,9.219,9.119,9.152,1140361.0
2026-04-28 12:00:00,9.152,9.196,9.136,9.188,499268.0
2026-04-28 13:00:00,9.188,9.222,9.132,9.193,611573.0
2026-04-28 14:00:00,9.192,9.193,9.103,9.169,688828.0
2026-04-28 15:00:00,9.169,9.188,9.125,9.161,603008.0
2026-04-28 16:00:00,9.161,9.175,9.139,9.16,345117.0
2026-04-28 17:00:00,9.16,9.194,9.128,9.157,334749.0
2026-04-28 18:00:00,9.158,9.178,9.124,9.161,380240.0
2026-04-28 19:00:00,9.16,9.183,9.136,9.178,204400.0
2026-04-28 20:00:00,9.178,9.195,9.166,9.176,117724.0
2026-04-28 21:00:00,9.176,9.199,9.167,9.174,183719.0
2026-04-28 22:00:00,9.174,9.188,9.15,9.159,145148.0
2026-04-28 23:00:00,9.158,9.176,9.147,9.171,131138.0
2026-04-29 00:00:00,9.172,9.176,9.151,9.169,189568.0
2026-04-29 01:00:00,9.168,9.182,9.136,9.17,162089.0
2026-04-29 02:00:00,9.169,9.189,9.155,9.174,155583.0
2026-04-29 03:00:00,9.174,9.258,9.174,9.253,586361.0
2026-04-29 04:00:00,9.254,9.35,9.239,9.329,824748.0
2026-04-29 05:00:00,9.329,9.354,9.317,9.331,569930.0
2026-04-29 06:00:00,9.33,9.347,9.28,9.295,399560.0
2026-04-29 07:00:00,9.295,9.328,9.278,9.293,291647.0
2026-04-29 08:00:00,9.293,9.3,9.248,9.264,433070.0
2026-04-29 09:00:00,9.263,9.413,9.254,9.396,853305.0
2026-04-29 10:00:00,9.396,9.442,9.361,9.391,978736.0
2026-04-29 11:00:00,9.391,9.394,9.329,9.345,565862.0
2026-04-29 12:00:00,9.346,9.348,9.195,9.255,1298488.0
2026-04-29 13:00:00,9.256,9.272,9.144,9.208,765263.0
2026-04-29 14:00:00,9.208,9.243,9.169,9.19,651126.0
2026-04-29 15:00:00,9.191,9.2,9.079,9.112,1130752.0
2026-04-29 16:00:00,9.112,9.155,9.089,9.108,669502.0
2026-04-29 17:00:00,9.109,9.183,9.109,9.18,434562.0
2026-04-29 18:00:00,9.18,9.192,8.908,9.059,2887118.0
2026-04-29 19:00:00,9.06,9.073,9.017,9.049,652698.0
2026-04-29 20:00:00,9.05,9.117,9.039,9.094,771452.0
2026-04-29 21:00:00,9.095,9.155,9.087,9.116,405218.0
2026-04-29 22:00:00,9.117,9.136,9.099,9.112,240078.0
2026-04-29 23:00:00,9.113,9.126,9.088,9.119,354896.0
2026-04-30 00:00:00,9.119,9.224,9.111,9.208,666253.0
2026-04-30 01:00:00,9.207,9.218,9.172,9.194,425481.0
2026-04-30 02:00:00,9.194,9.212,9.086,9.117,679613.0
2026-04-30 03:00:00,9.116,9.168,9.113,9.159,262363.0
2026-04-30 04:00:00,9.159,9.16,9.074,9.076,522663.0
2026-04-30 05:00:00,9.077,9.115,9.044,9.088,385120.0
2026-04-30 06:00:00,9.088,9.117,9.074,9.102,360057.0
2026-04-30 07:00:00,9.102,9.149,9.091,9.149,407655.0
2026-04-30 08:00:00,9.148,9.162,9.134,9.149,362138.0
2026-04-30 09:00:00,9.149,9.221,9.141,9.177,603825.0
2026-04-30 10:00:00,9.177,9.184,9.126,9.138,421352.0
2026-04-30 11:00:00,9.137,9.183,9.111,9.139,437348.0
2026-04-30 12:00:00,9.138,9.173,9.122,9.123,391383.0
2026-04-30 13:00:00,9.122,9.148,9.083,9.119,550770.0
2026-04-30 14:00:00,9.12,9.159,9.074,9.112,608592.0
2026-04-30 15:00:00,9.111,9.159,9.086,9.131,589630.0
2026-04-30 16:00:00,9.131,9.138,9.08,9.093,401121.0
2026-04-30 17:00:00,9.093,9.107,9.073,9.093,195841.0
2026-04-30 18:00:00,9.093,9.124,9.082,9.096,236188.0
2026-04-30 19:00:00,9.095,9.125,9.086,9.097,186047.0
2026-04-30 20:00:00,9.097,9.111,9.083,9.093,175219.0
2026-04-30 21:00:00,9.093,9.106,9.077,9.078,168160.0
2026-04-30 22:00:00,9.077,9.096,9.057,9.065,197820.0
2026-04-30 23:00:00,9.064,9.091,9.059,9.09,177854.0
2026-05-01 00:00:00,9.09,9.134,9.088,9.105,263583.0
2026-05-01 01:00:00,9.105,9.136,9.099,9.123,195863.0
2026-05-01 02:00:00,9.124,9.127,9.087,9.101,158746.0
2026-05-01 03:00:00,9.101,9.202,9.092,9.15,587116.0
2026-05-01 04:00:00,9.15,9.173,9.113,9.114,327029.0
2026-05-01 05:00:00,9.113,9.135,9.097,9.115,231695.0
2026-05-01 06:00:00,9.116,9.121,9.059,9.078,321436.0
2026-05-01 07:00:00,9.078,9.106,9.067,9.097,246900.0
2026-05-01 08:00:00,9.098,9.143,9.094,9.128,324411.0
2026-05-01 09:00:00,9.129,9.131,9.076,9.097,203298.0
2026-05-01 10:00:00,9.097,9.108,9.061,9.107,234986.0
2026-05-01 11:00:00,9.108,9.134,9.093,9.122,274778.0
2026-05-01 12:00:00,9.122,9.191,9.107,9.158,724815.0
2026-05-01 13:00:00,9.158,9.256,9.158,9.242,782949.0
2026-05-01 14:00:00,9.243,9.267,9.177,9.213,853395.0
2026-05-01 15:00:00,9.212,9.238,9.146,9.192,678902.0
2026-05-01 16:00:00,9.193,9.215,9.139,9.163,557118.0
2026-05-01 17:00:00,9.164,9.187,9.131,9.179,324839.0
2026-05-01 18:00:00,9.18,9.186,9.157,9.163,222055.0
2026-05-01 19:00:00,9.164,9.181,9.143,9.149,212763.0
2026-05-01 20:00:00,9.15,9.155,9.057,9.081,542705.0
2026-05-01 21:00:00,9.08,9.116,9.072,9.102,435804.0
2026-05-01 22:00:00,9.102,9.119,9.075,9.088,325942.0
2026-05-01 23:00:00,9.088,9.091,9.054,9.082,316104.0
2026-05-02 00:00:00,9.083,9.1,9.068,9.088,327262.0
2026-05-02 01:00:00,9.088,9.113,9.079,9.098,249059.0
2026-05-02 02:00:00,9.098,9.12,9.092,9.106,269502.0
2026-05-02 03:00:00,9.106,9.136,9.092,9.12,422447.0
2026-05-02 04:00:00,9.121,9.125,9.073,9.083,260582.0
2026-05-02 05:00:00,9.083,9.092,9.06,9.073,267818.0
2026-05-02 06:00:00,9.073,9.102,9.069,9.098,252728.0
2026-05-02 07:00:00,9.098,9.102,9.087,9.09,138151.0
2026-05-02 08:00:00,9.089,9.097,9.078,9.094,147731.0
2026-05-02 09:00:00,9.094,9.116,9.091,9.109,301717.0
2026-05-02 10:00:00,9.11,9.12,9.101,9.119,297229.0
2026-05-02 11:00:00,9.12,9.12,9.069,9.08,529203.0
2026-05-02 12:00:00,9.081,9.098,9.073,9.077,280722.0
2026-05-02 13:00:00,9.077,9.116,9.077,9.109,302991.0
2026-05-02 14:00:00,9.109,9.132,9.104,9.124,264717.0
2026-05-02 15:00:00,9.123,9.154,9.119,9.151,297180.0
2026-05-02 16:00:00,9.15,9.17,9.14,9.161,269558.0
2026-05-02 17:00:00,9.162,9.167,9.132,9.135,249872.0
2026-05-02 18:00:00,9.134,9.152,9.096,9.146,509884.0
2026-05-02 19:00:00,9.146,9.169,9.141,9.163,183120.0
2026-05-02 20:00:00,9.162,9.189,9.153,9.179,237201.0
2026-05-02 21:00:00,9.178,9.245,9.155,9.202,686650.0
2026-05-02 22:00:00,9.202,9.219,9.179,9.207,308150.0
2026-05-02 23:00:00,9.207,9.207,9.173,9.182,216610.0
2026-05-03 00:00:00,9.182,9.194,9.121,9.134,445117.0
2026-05-03 01:00:00,9.133,9.134,9.067,9.071,499820.0
2026-05-03 02:00:00,9.071,9.077,9.033,9.052,552186.0
2026-05-03 03:00:00,9.052,9.055,9.017,9.033,416574.0
2026-05-03 04:00:00,9.033,9.037,9.012,9.021,343428.0
2026-05-03 05:00:00,9.021,9.046,9.017,9.026,335884.0
2026-05-03 06:00:00,9.025,9.06,8.992,9.038,547606.0
2026-05-03 07:00:00,9.038,9.073,9.037,9.047,292108.0
2026-05-03 08:00:00,9.047,9.07,9.025,9.025,256993.0
2026-05-03 09:00:00,9.025,9.07,8.963,9.045,1325243.0
2026-05-03 10:00:00,9.045,9.062,9.037,9.038,274388.0
2026-05-03 11:00:00,9.039,9.104,9.026,9.074,493235.0
2026-05-03 12:00:00,9.074,9.125,9.074,9.094,425935.0
2026-05-03 13:00:00,9.094,9.097,9.05,9.054,374425.0
2026-05-03 14:00:00,9.054,9.102,9.051,9.09,259315.0
2026-05-03 15:00:00,9.09,9.119,9.082,9.103,338073.0
2026-05-03 16:00:00,9.104,9.114,9.072,9.086,204338.0
2026-05-03 17:00:00,9.086,9.106,9.059,9.091,196770.0
2026-05-03 18:00:00,9.091,9.114,9.084,9.1,161551.0
2026-05-03 19:00:00,9.1,9.137,9.096,9.122,220824.0
2026-05-03 20:00:00,9.122,9.176,9.112,9.123,442518.0
2026-05-03 21:00:00,9.124,9.144,9.044,9.08,598167.0
2026-05-03 22:00:00,9.08,9.195,9.08,9.163,1036048.0
2026-05-03 23:00:00,9.164,9.182,9.075,9.079,553661.0
2026-05-04 00:00:00,9.08,9.08,8.987,9.045,1021698.0
2026-05-04 01:00:00,9.046,9.2,9.007,9.195,1148202.0
2026-05-04 02:00:00,9.195,9.306,9.178,9.287,1383924.0
2026-05-04 03:00:00,9.287,9.334,9.245,9.292,1013284.0
2026-05-04 04:00:00,9.292,9.377,9.288,9.329,1048050.0
2026-05-04 05:00:00,9.328,9.331,9.252,9.315,575380.0
2026-05-04 06:00:00,9.316,9.326,9.211,9.265,703053.0
2026-05-04 07:00:00,9.265,9.285,9.228,9.23,410634.0
2026-05-04 08:00:00,9.229,9.239,9.171,9.197,1093256.0
2026-05-04 09:00:00,9.198,9.311,9.158,9.283,1589545.0
2026-05-04 10:00:00,9.283,9.291,9.026,9.113,2341410.0
2026-05-04 11:00:00,9.112,9.144,9.104,9.137,564207.0
2026-05-04 12:00:00,9.137,9.165,9.098,9.101,419108.0
2026-05-04 13:00:00,9.1,9.142,9.057,9.109,823633.0
2026-05-04 14:00:00,9.108,9.274,9.06,9.227,1048412.0
2026-05-04 15:00:00,9.227,9.235,9.085,9.138,1215289.0
2026-05-04 16:00:00,9.139,9.234,9.087,9.185,1110552.0
2026-05-04 17:00:00,9.186,9.298,9.181,9.257,761829.0
2026-05-04 18:00:00,9.257,9.29,9.226,9.26,572499.0
2026-05-04 19:00:00,9.26,9.268,9.193,9.234,401664.0
2026-05-04 20:00:00,9.235,9.237,9.125,9.138,945759.0
2026-05-04 21:00:00,9.138,9.25,9.136,9.227,436376.0
2026-05-04 22:00:00,9.227,9.251,9.174,9.181,306596.0
2026-05-04 23:00:00,9.181,9.182,9.141,9.168,250035.0
2026-05-05 00:00:00,9.169,9.212,9.169,9.203,403983.0
2026-05-05 01:00:00,9.204,9.25,9.195,9.232,391590.0
2026-05-05 02:00:00,9.233,9.292,9.222,9.256,444936.0
2026-05-05 03:00:00,9.256,9.31,9.239,9.282,362141.0
2026-05-05 04:00:00,9.281,9.29,9.253,9.268,279633.0
2026-05-05 05:00:00,9.268,9.309,9.256,9.293,361015.0
2026-05-05 06:00:00,9.293,9.326,9.268,9.324,488699.0
2026-05-05 07:00:00,9.324,9.375,9.31,9.337,653061.0
2026-05-05 08:00:00,9.337,9.354,9.324,9.347,345057.0
2026-05-05 09:00:00,9.347,9.365,9.314,9.341,423201.0
2026-05-05 10:00:00,9.341,9.43,9.325,9.404,707219.0
2026-05-05 11:00:00,9.404,9.408,9.33,9.395,433786.0
2026-05-05 12:00:00,9.396,9.426,9.375,9.414,432313.0
2026-05-05 13:00:00,9.414,9.527,9.411,9.476,1589934.0
2026-05-05 14:00:00,9.477,9.517,9.397,9.445,1117264.0
2026-05-05 15:00:00,9.444,9.484,9.404,9.406,475365.0
2026-05-05 16:00:00,9.406,9.422,9.331,9.372,657820.0
2026-05-05 17:00:00,9.371,9.402,9.352,9.373,487458.0
2026-05-05 18:00:00,9.373,9.407,9.372,9.394,408906.0
2026-05-05 19:00:00,9.393,9.422,9.38,9.403,320804.0
2026-05-05 20:00:00,9.402,9.457,9.397,9.434,545023.0
2026-05-05 21:00:00,9.433,9.489,9.426,9.45,380490.0
2026-05-05 22:00:00,9.45,9.487,9.368,9.413,730866.0
2026-05-05 23:00:00,9.412,9.425,9.366,9.399,352000.0
2026-05-06 00:00:00,9.399,9.417,9.358,9.395,605891.0
2026-05-06 01:00:00,9.395,9.521,9.389,9.494,717351.0
2026-05-06 02:00:00,9.495,9.509,9.43,9.485,602034.0
2026-05-06 03:00:00,9.485,9.579,9.479,9.568,968834.0
2026-05-06 04:00:00,9.568,9.589,9.491,9.516,805972.0
2026-05-06 05:00:00,9.516,9.556,9.487,9.549,525595.0
2026-05-06 06:00:00,9.549,9.564,9.5,9.52,442430.0
2026-05-06 07:00:00,9.52,9.582,9.517,9.557,447974.0
2026-05-06 08:00:00,9.558,9.731,9.554,9.723,1101575.0
2026-05-06 09:00:00,9.722,9.742,9.675,9.728,736760.0
2026-05-06 10:00:00,9.728,9.762,9.696,9.732,672131.0
2026-05-06 11:00:00,9.732,9.754,9.699,9.745,503489.0
2026-05-06 12:00:00,9.745,9.774,9.701,9.745,591921.0
2026-05-06 13:00:00,9.745,9.745,9.542,9.557,1318285.0
2026-05-06 14:00:00,9.558,9.608,9.452,9.547,1062538.0
2026-05-06 15:00:00,9.546,9.625,9.529,9.612,526459.0
2026-05-06 16:00:00,9.611,9.663,9.573,9.627,582141.0
2026-05-06 17:00:00,9.627,9.648,9.58,9.595,393948.0
2026-05-06 18:00:00,9.595,9.611,9.56,9.57,351359.0
2026-05-06 19:00:00,9.57,9.611,9.555,9.603,301213.0
2026-05-06 20:00:00,9.603,9.647,9.561,9.6,339197.0
2026-05-06 21:00:00,9.6,9.662,9.57,9.651,256645.0
2026-05-06 22:00:00,9.651,9.654,9.567,9.587,416767.0
2026-05-06 23:00:00,9.586,9.616,9.521,9.609,401509.0
2026-05-07 00:00:00,9.61,9.627,9.518,9.53,523900.0
2026-05-07 01:00:00,9.529,9.556,9.464,9.518,535334.0
2026-05-07 02:00:00,9.519,9.531,9.447,9.496,510688.0
2026-05-07 03:00:00,9.495,9.513,9.457,9.464,308599.0
2026-05-07 04:00:00,9.463,9.56,9.455,9.557,404616.0
2026-05-07 05:00:00,9.557,9.615,9.554,9.584,352589.0
2026-05-07 06:00:00,9.584,9.66,9.528,9.659,507792.0
2026-05-07 07:00:00,9.659,9.698,9.642,9.679,476332.0
2026-05-07 08:00:00,9.679,9.683,9.637,9.643,412133.0
2026-05-07 09:00:00,9.643,9.644,9.559,9.564,543198.0
2026-05-07 10:00:00,9.565,9.593,9.518,9.566,426007.0
2026-05-07 11:00:00,9.567,9.603,9.553,9.572,310061.0
2026-05-07 12:00:00,9.573,9.646,9.567,9.636,414200.0
2026-05-07 13:00:00,9.636,9.646,9.491,9.528,774340.0
2026-05-07 14:00:00,9.528,9.552,9.403,9.454,1284978.0
2026-05-07 15:00:00,9.453,9.467,9.364,9.41,987790.0
2026-05-07 16:00:00,9.411,9.47,9.393,9.44,694993.0
2026-05-07 17:00:00,9.44,9.512,9.398,9.502,873254.0
2026-05-07 18:00:00,9.502,9.54,9.466,9.497,560219.0
2026-05-07 19:00:00,9.497,9.506,9.457,9.471,527063.0
2026-05-07 20:00:00,9.471,9.53,9.432,9.435,425865.0
2026-05-07 21:00:00,9.435,9.483,9.406,9.442,413095.0
2026-05-07 22:00:00,9.441,9.479,9.41,9.453,429969.0
2026-05-07 23:00:00,9.453,9.506,9.443,9.498,195096.0
2026-05-08 00:00:00,9.499,9.531,9.47,9.501,363754.0
2026-05-08 01:00:00,9.502,9.521,9.459,9.486,245177.0
2026-05-08 02:00:00,9.486,9.514,9.423,9.483,413360.0
2026-05-08 03:00:00,9.484,9.5,9.424,9.479,398643.0
2026-05-08 04:00:00,9.478,9.525,9.47,9.503,289696.0
2026-05-08 05:00:00,9.503,9.515,9.478,9.479,208523.0
2026-05-08 06:00:00,9.479,9.495,9.444,9.484,381379.0
2026-05-08 07:00:00,9.484,9.521,9.437,9.514,383021.0
2026-05-08 08:00:00,9.514,9.579,9.508,9.547,692724.0
2026-05-08 09:00:00,9.547,9.623,9.533,9.565,469565.0
2026-05-08 10:00:00,9.565,9.612,9.554,9.588,339234.0
2026-05-08 11:00:00,9.588,9.607,9.561,9.587,344222.0
2026-05-08 12:00:00,9.587,9.618,9.553,9.571,432142.0
2026-05-08 13:00:00,9.571,9.582,9.498,9.545,765305.0
2026-05-08 14:00:00,9.545,9.714,9.541,9.707,1054310.0
2026-05-08 15:00:00,9.706,9.779,9.619,9.778,1117213.0
2026-05-08 16:00:00,9.778,9.796,9.724,9.733,708369.0
2026-05-08 17:00:00,9.734,9.859,9.703,9.806,862848.0
2026-05-08 18:00:00,9.807,9.937,9.802,9.897,1137446.0
2026-05-08 19:00:00,9.897,9.957,9.869,9.91,664322.0
2026-05-08 20:00:00,9.91,9.915,9.863,9.892,361946.0
2026-05-08 21:00:00,9.892,9.989,9.884,9.983,655852.0
2026-05-08 22:00:00,9.983,10.018,9.925,9.946,534835.0
2026-05-08 23:00:00,9.945,9.947,9.859,9.903,429334.0
2026-05-09 00:00:00,9.903,10.008,9.892,9.989,525697.0
2026-05-09 01:00:00,9.99,10.118,9.988,10.081,794818.0
2026-05-09 02:00:00,10.08,10.092,10.017,10.03,346705.0
2026-05-09 03:00:00,10.03,10.039,9.959,9.978,428770.0
2026-05-09 04:00:00,9.979,10.032,9.951,9.96,311226.0
2026-05-09 05:00:00,9.959,10.014,9.94,9.993,243328.0
2026-05-09 06:00:00,9.992,10.006,9.933,9.955,301403.0
2026-05-09 07:00:00,9.956,9.984,9.927,9.939,303060.0
2026-05-09 08:00:00,9.939,9.992,9.937,9.961,269192.0
2026-05-09 09:00:00,9.961,9.966,9.874,9.893,453283.0
2026-05-09 10:00:00,9.892,9.912,9.853,9.9,359338.0
2026-05-09 11:00:00,9.9,9.946,9.898,9.928,230300.0
2026-05-09 12:00:00,9.928,9.948,9.902,9.93,207522.0
2026-05-09 13:00:00,9.93,9.973,9.89,9.903,860097.0
2026-05-09 14:00:00,9.902,9.906,9.805,9.837,1114897.0
2026-05-09 15:00:00,9.837,9.847,9.792,9.831,386497.0
2026-05-09 16:00:00,9.831,9.876,9.808,9.837,296641.0
2026-05-09 17:00:00,9.838,9.959,9.838,9.937,552790.0
2026-05-09 18:00:00,9.938,9.975,9.925,9.956,235955.0
2026-05-09 19:00:00,9.957,9.991,9.935,9.986,186486.0
2026-05-09 20:00:00,9.986,9.995,9.938,9.955,174792.0
2026-05-09 21:00:00,9.956,9.982,9.938,9.956,177129.0
2026-05-09 22:00:00,9.957,9.999,9.94,9.976,178585.0
2026-05-09 23:00:00,9.977,10.004,9.929,9.957,200406.0
2026-05-10 00:00:00,9.957,9.988,9.904,9.922,430244.0
2026-05-10 01:00:00,9.922,9.922,9.852,9.883,413499.0
2026-05-10 02:00:00,9.882,9.924,9.846,9.909,248496.0
2026-05-10 03:00:00,9.908,9.945,9.896,9.902,217319.0
2026-05-10 04:00:00,9.902,9.932,9.892,9.915,183102.0
2026-05-10 05:00:00,9.914,9.941,9.891,9.918,206748.0
2026-05-10 06:00:00,9.917,9.948,9.901,9.938,270507.0
2026-05-10 07:00:00,9.938,10.009,9.923,9.923,558114.0
2026-05-10 08:00:00,9.923,10.06,9.91,10.028,1304748.0
2026-05-10 09:00:00,10.028,10.067,9.971,9.988,376824.0
2026-05-10 10:00:00,9.989,10.013,9.937,10.0,337531.0
2026-05-10 11:00:00,10.0,10.005,9.931,9.976,261108.0
2026-05-10 12:00:00,9.976,9.999,9.944,9.998,282251.0
2026-05-10 13:00:00,9.998,10.075,9.986,10.069,452383.0
2026-05-10 14:00:00,10.07,10.123,10.008,10.046,919055.0
2026-05-10 15:00:00,10.047,10.16,10.043,10.148,819982.0
2026-05-10 16:00:00,10.147,10.254,10.135,10.242,1265423.0
2026-05-10 17:00:00,10.243,10.37,10.19,10.356,1507403.0
2026-05-10 18:00:00,10.355,10.428,10.331,10.396,806362.0
2026-05-10 19:00:00,10.395,10.483,10.336,10.412,1063738.0
2026-05-10 20:00:00,10.412,10.464,9.946,10.082,2609684.0
2026-05-10 21:00:00,10.081,10.184,10.032,10.129,1082477.0
2026-05-10 22:00:00,10.128,10.295,10.107,10.276,1068599.0
2026-05-10 23:00:00,10.277,10.297,10.208,10.222,559743.0
2026-05-11 00:00:00,10.222,10.253,10.102,10.15,844614.0
2026-05-11 01:00:00,10.149,10.215,10.107,10.138,455502.0
2026-05-11 02:00:00,10.138,10.141,10.005,10.06,741982.0
2026-05-11 03:00:00,10.059,10.066,9.966,10.03,682895.0
2026-05-11 04:00:00,10.029,10.039,9.974,10.022,534921.0
2026-05-11 05:00:00,10.022,10.105,10.017,10.077,523871.0
2026-05-11 06:00:00,10.076,10.14,10.072,10.096,529548.0
2026-05-11 07:00:00,10.096,10.1,10.037,10.09,545060.0
2026-05-11 08:00:00,10.09,10.105,10.02,10.068,438935.0
2026-05-11 09:00:00,10.068,10.151,10.065,10.145,482788.0
2026-05-11 10:00:00,10.145,10.2,10.096,10.103,669590.0
2026-05-11 11:00:00,10.104,10.149,10.077,10.117,595555.0
2026-05-11 12:00:00,10.118,10.143,10.051,10.068,575064.0
2026-05-11 13:00:00,10.069,10.149,10.026,10.096,674959.0
2026-05-11 14:00:00,10.097,10.162,9.985,10.101,1092206.0
2026-05-11 15:00:00,10.101,10.246,10.076,10.23,892902.0
2026-05-11 16:00:00,10.229,10.268,10.134,10.171,821781.0
2026-05-11 17:00:00,10.172,10.226,10.14,10.213,417938.0
2026-05-11 18:00:00,10.213,10.223,10.149,10.161,413344.0
2026-05-11 19:00:00,10.161,10.218,10.144,10.201,365047.0
2026-05-11 20:00:00,10.202,10.228,10.163,10.184,427324.0
2026-05-11 21:00:00,10.184,10.201,10.152,10.157,226527.0
2026-05-11 22:00:00,10.157,10.19,10.131,10.141,389945.0
2026-05-11 23:00:00,10.141,10.163,10.101,10.128,350422.0
2026-05-12 00:00:00,10.128,10.163,10.101,10.148,407707.0
2026-05-12 01:00:00,10.148,10.161,9.972,10.021,1005534.0
2026-05-12 02:00:00,10.02,10.075,10.013,10.054,435082.0
2026-05-12 03:00:00,10.054,10.073,9.995,10.006,378899.0
2026-05-12 04:00:00,10.006,10.045,9.994,10.025,278757.0
2026-05-12 05:00:00,10.025,10.066,10.017,10.037,284026.0
2026-05-12 06:00:00,10.037,10.069,10.006,10.015,310663.0
2026-05-12 07:00:00,10.015,10.024,9.933,10.008,719349.0
2026-05-12 08:00:00,10.008,10.016,9.931,9.956,589943.0
2026-05-12 09:00:00,9.956,9.962,9.882,9.91,927945.0
2026-05-12 10:00:00,9.91,9.924,9.83,9.856,826822.0
2026-05-12 11:00:00,9.856,9.872,9.809,9.858,761503.0
2026-05-12 12:00:00,9.858,9.922,9.813,9.879,1148430.0
2026-05-12 13:00:00,9.88,9.899,9.757,9.785,1041228.0
2026-05-12 14:00:00,9.786,9.83,9.673,9.736,1542031.0
2026-05-12 15:00:00,9.736,9.769,9.669,9.732,950594.0
2026-05-12 16:00:00,9.732,9.76,9.677,9.695,756452.0
2026-05-12 17:00:00,9.695,9.798,9.692,9.785,654059.0
2026-05-12 18:00:00,9.786,9.843,9.779,9.824,391925.0
2026-05-12 19:00:00,9.825,9.88,9.825,9.862,368412.0
2026-05-12 20:00:00,9.863,9.881,9.835,9.853,273802.0
2026-05-12 21:00:00,9.854,9.878,9.842,9.863,184969.0
2026-05-12 22:00:00,9.864,9.899,9.857,9.866,230404.0
2026-05-12 23:00:00,9.867,9.882,9.828,9.83,280920.0
2026-05-13 00:00:00,9.83,9.881,9.817,9.868,397407.0
2026-05-13 01:00:00,9.869,9.969,9.869,9.943,623436.0
2026-05-13 02:00:00,9.943,9.993,9.929,9.979,288684.0
2026-05-13 03:00:00,9.98,10.042,9.971,10.027,449331.0
2026-05-13 04:00:00,10.027,10.06,10.009,10.041,385212.0
2026-05-13 05:00:00,10.04,10.048,9.958,9.992,503521.0
2026-05-13 06:00:00,9.991,10.023,9.974,9.976,304534.0
2026-05-13 07:00:00,9.975,10.008,9.962,10.001,292965.0
2026-05-13 08:00:00,10.001,10.049,9.981,10.03,335988.0
2026-05-13 09:00:00,10.031,10.141,10.027,10.14,719984.0
2026-05-13 10:00:00,10.141,10.152,10.043,10.061,678350.0
2026-05-13 11:00:00,10.061,10.071,9.926,9.946,693429.0
2026-05-13 12:00:00,9.946,9.977,9.782,9.855,1469519.0
2026-05-13 13:00:00,9.855,9.908,9.735,9.76,1267529.0
2026-05-13 14:00:00,9.76,9.824,9.698,9.797,1095259.0
2026-05-13 15:00:00,9.797,9.825,9.613,9.634,1164661.0
2026-05-13 16:00:00,9.635,9.75,9.627,9.734,849657.0
2026-05-13 17:00:00,9.735,9.778,9.732,9.762,490116.0
2026-05-13 18:00:00,9.763,9.812,9.763,9.771,326498.0
2026-05-13 19:00:00,9.772,9.784,9.707,9.726,409281.0
2026-05-13 20:00:00,9.727,9.792,9.72,9.777,420665.0
2026-05-13 21:00:00,9.778,9.781,9.696,9.71,356380.0
2026-05-13 22:00:00,9.711,9.766,9.686,9.753,416241.0
2026-05-13 23:00:00,9.754,9.772,9.732,9.75,223721.0
2026-05-14 00:00:00,9.75,9.809,9.748,9.786,326241.0
2026-05-14 01:00:00,9.786,9.798,9.765,9.791,168779.0
2026-05-14 02:00:00,9.792,9.808,9.713,9.729,335744.0
2026-05-14 03:00:00,9.729,9.742,9.626,9.647,708508.0
2026-05-14 04:00:00,9.647,9.716,9.635,9.709,448001.0
2026-05-14 05:00:00,9.708,9.796,9.703,9.777,525853.0
2026-05-14 06:00:00,9.776,9.791,9.741,9.741,408393.0
2026-05-14 07:00:00,9.74,9.754,9.693,9.701,480682.0
2026-05-14 08:00:00,9.702,9.729,9.68,9.699,385616.0
2026-05-14 09:00:00,9.699,9.714,9.631,9.666,506448.0
2026-05-14 10:00:00,9.666,9.723,9.655,9.707,384087.0
2026-05-14 11:00:00,9.708,9.72,9.662,9.665,253432.0
2026-05-14 12:00:00,9.665,9.773,9.657,9.762,387805.0
2026-05-14 13:00:00,9.763,9.825,9.75,9.774,738134.0
2026-05-14 14:00:00,9.773,10.047,9.738,10.037,1448993.0
2026-05-14 15:00:00,10.036,10.068,9.981,10.055,1075054.0
2026-05-14 16:00:00,10.056,10.102,9.927,10.046,1198417.0
2026-05-14 17:00:00,10.046,10.071,9.94,10.012,965051.0
2026-05-14 18:00:00,10.012,10.118,9.976,10.088,733118.0
2026-05-14 19:00:00,10.089,10.133,9.996,10.011,1065332.0
2026-05-14 20:00:00,10.012,10.024,9.935,9.984,453969.0
2026-05-14 21:00:00,9.983,10.009,9.944,9.976,302454.0
2026-05-14 22:00:00,9.976,10.006,9.959,9.976,231869.0
2026-05-14 23:00:00,9.976,9.977,9.883,9.901,481327.0
2026-05-15 00:00:00,9.901,9.958,9.888,9.941,457338.0
2026-05-15 01:00:00,9.94,9.957,9.862,9.869,344859.0
2026-05-15 02:00:00,9.868,9.924,9.815,9.913,679554.0
2026-05-15 03:00:00,9.913,9.925,9.859,9.875,375771.0
2026-05-15 04:00:00,9.874,9.877,9.801,9.805,310561.0
2026-05-15 05:00:00,9.805,9.823,9.672,9.695,1060421.0
2026-05-15 06:00:00,9.695,9.77,9.681,9.75,478469.0
2026-05-15 07:00:00,9.75,9.851,9.732,9.811,708134.0
2026-05-15 08:00:00,9.812,9.816,9.737,9.784,552583.0
2026-05-15 09:00:00,9.785,9.798,9.723,9.745,365564.0
2026-05-15 10:00:00,9.746,9.824,9.74,9.807,342195.0
2026-05-15 11:00:00,9.807,9.815,9.764,9.771,177307.0
2026-05-15 12:00:00,9.771,9.781,9.712,9.719,333092.0
2026-05-15 13:00:00,9.719,9.723,9.425,9.45,2528823.0
2026-05-15 14:00:00,9.45,9.524,9.401,9.474,1819842.0
2026-05-15 15:00:00,9.475,9.504,9.448,9.478,623273.0
2026-05-15 16:00:00,9.478,9.576,9.465,9.559,705700.0
2026-05-15 17:00:00,9.56,9.6,9.555,9.589,435864.0
2026-05-15 18:00:00,9.59,9.607,9.54,9.569,416541.0
2026-05-15 19:00:00,9.569,9.573,9.528,9.537,336473.0
2026-05-15 20:00:00,9.537,9.546,9.498,9.522,375431.0
2026-05-15 21:00:00,9.522,9.547,9.496,9.507,232367.0
2026-05-15 22:00:00,9.508,9.55,9.505,9.545,165286.0
2026-05-15 23:00:00,9.545,9.558,9.527,9.532,141886.0
2026-05-16 00:00:00,9.533,9.567,9.51,9.538,303022.0
2026-05-16 01:00:00,9.539,9.553,9.514,9.548,209471.0
2026-05-16 02:00:00,9.547,9.557,9.517,9.535,146817.0
2026-05-16 03:00:00,9.534,9.551,9.52,9.528,144733.0
2026-05-16 04:00:00,9.527,9.532,9.428,9.478,538878.0
2026-05-16 05:00:00,9.478,9.484,9.452,9.463,201919.0
2026-05-16 06:00:00,9.463,9.466,9.338,9.371,829078.0
2026-05-16 07:00:00,9.371,9.371,9.22,9.336,1497918.0
2026-05-16 08:00:00,9.336,9.372,9.332,9.332,310394.0
2026-05-16 09:00:00,9.333,9.338,9.191,9.235,1063936.0
2026-05-16 10:00:00,9.235,9.258,9.185,9.238,572780.0
2026-05-16 11:00:00,9.239,9.282,9.238,9.245,337354.0
2026-05-16 12:00:00,9.245,9.283,9.235,9.271,236432.0
2026-05-16 13:00:00,9.271,9.3,9.255,9.264,366107.0
2026-05-16 14:00:00,9.264,9.336,9.247,9.289,380799.0
2026-05-16 15:00:00,9.288,9.329,9.284,9.31,311317.0
2026-05-16 16:00:00,9.31,9.354,9.3,9.331,328636.0
2026-05-16 17:00:00,9.331,9.369,9.33,9.354,375489.0
2026-05-16 18:00:00,9.353,9.359,9.325,9.332,381331.0
2026-05-16 19:00:00,9.332,9.334,9.306,9.311,154731.0
2026-05-16 20:00:00,9.31,9.332,9.292,9.301,138776.0
2026-05-16 21:00:00,9.3,9.326,9.298,9.314,136895.0
2026-05-16 22:00:00,9.313,9.319,9.287,9.29,183141.0
2026-05-16 23:00:00,9.289,9.302,9.282,9.285,132464.0
2026-05-17 00:00:00,9.285,9.302,9.218,9.235,575573.0
2026-05-17 01:00:00,9.236,9.263,9.174,9.2,529282.0
2026-05-17 02:00:00,9.199,9.235,9.198,9.22,249896.0
2026-05-17 03:00:00,9.22,9.286,9.219,9.271,233074.0
2026-05-17 04:00:00,9.271,9.326,9.267,9.306,316530.0
2026-05-17 05:00:00,9.305,9.355,9.304,9.321,318160.0
2026-05-17 06:00:00,9.321,9.343,9.309,9.343,190445.0
2026-05-17 07:00:00,9.343,9.352,9.295,9.317,574289.0
2026-05-17 08:00:00,9.317,9.322,9.29,9.3,156361.0
2026-05-17 09:00:00,9.3,9.375,9.293,9.356,261530.0
2026-05-17 10:00:00,9.357,9.413,9.357,9.369,448975.0
2026-05-17 11:00:00,9.369,9.371,9.338,9.357,210751.0
2026-05-17 12:00:00,9.357,9.384,9.344,9.349,186357.0
2026-05-17 13:00:00,9.349,9.35,9.295,9.329,367674.0
2026-05-17 14:00:00,9.329,9.331,9.251,9.291,362551.0
2026-05-17 15:00:00,9.291,9.304,9.266,9.288,190013.0
2026-05-17 16:00:00,9.289,9.312,9.259,9.266,241373.0
2026-05-17 17:00:00,9.267,9.27,9.225,9.258,413943.0
2026-05-17 18:00:00,9.258,9.297,9.222,9.275,288692.0
2026-05-17 19:00:00,9.276,9.325,9.272,9.304,255308.0
2026-05-17 20:00:00,9.305,9.314,9.276,9.294,181222.0
2026-05-17 21:00:00,9.294,9.338,9.281,9.317,229391.0
2026-05-17 22:00:00,9.317,9.319,9.206,9.234,485184.0
2026-05-17 23:00:00,9.235,9.238,8.932,9.19,2789631.0
2026-05-18 00:00:00,9.19,9.195,9.105,9.189,932820.0
2026-05-18 01:00:00,9.188,9.202,9.11,9.158,564389.0
2026-05-18 02:00:00,9.157,9.237,9.147,9.196,623631.0
2026-05-18 03:00:00,9.196,9.223,9.162,9.188,277828.0
2026-05-18 04:00:00,9.189,9.222,9.153,9.215,290472.0
2026-05-18 05:00:00,9.215,9.224,9.146,9.155,525141.0
2026-05-18 06:00:00,9.155,9.171,9.06,9.129,1059126.0
2026-05-18 07:00:00,9.129,9.147,9.079,9.111,408304.0
2026-05-18 08:00:00,9.111,9.143,9.095,9.132,261678.0
2026-05-18 09:00:00,9.132,9.136,9.072,9.078,274578.0
2026-05-18 10:00:00,9.078,9.083,9.042,9.059,429226.0
2026-05-18 11:00:00,9.059,9.204,9.047,9.151,694562.0
2026-05-18 12:00:00,9.151,9.226,9.151,9.198,546435.0
2026-05-18 13:00:00,9.197,9.203,9.071,9.136,843447.0
2026-05-18 14:00:00,9.136,9.139,9.031,9.069,787465.0
2026-05-18 15:00:00,9.069,9.104,9.006,9.087,727472.0
2026-05-18 16:00:00,9.088,9.115,9.048,9.095,419409.0
2026-05-18 17:00:00,9.094,9.141,9.085,9.121,367621.0
2026-05-18 18:00:00,9.121,9.124,9.01,9.016,690755.0
2026-05-18 19:00:00,9.015,9.194,9.012,9.173,1037165.0
2026-05-18 20:00:00,9.174,9.21,9.146,9.174,319809.0
2026-05-18 21:00:00,9.174,9.252,9.161,9.241,364602.0
2026-05-18 22:00:00,9.242,9.265,9.212,9.24,315311.0
2026-05-18 23:00:00,9.24,9.262,9.222,9.245,211083.0
2026-05-19 00:00:00,9.245,9.314,9.241,9.277,437723.0
2026-05-19 01:00:00,9.277,9.277,9.222,9.235,314349.0
2026-05-19 02:00:00,9.234,9.271,9.198,9.205,311322.0
2026-05-19 03:00:00,9.204,9.255,9.192,9.232,186162.0
2026-05-19 04:00:00,9.231,9.269,9.214,9.246,245065.0
2026-05-19 05:00:00,9.246,9.261,9.192,9.243,290191.0
2026-05-19 06:00:00,9.242,9.271,9.234,9.255,239827.0
2026-05-19 07:00:00,9.255,9.289,9.238,9.27,253022.0
2026-05-19 08:00:00,9.27,9.284,9.213,9.236,297014.0
2026-05-19 09:00:00,9.236,9.244,9.16,9.193,344109.0
2026-05-19 10:00:00,9.193,9.197,9.131,9.149,606735.0
2026-05-19 11:00:00,9.15,9.154,9.08,9.099,430256.0
2026-05-19 12:00:00,9.099,9.146,9.085,9.14,473280.0
2026-05-19 13:00:00,9.14,9.153,9.094,9.115,608572.0
2026-05-19 14:00:00,9.115,9.135,9.015,9.059,737911.0
2026-05-19 15:00:00,9.059,9.113,9.051,9.095,323199.0
2026-05-19 16:00:00,9.095,9.165,9.08,9.159,341379.0
2026-05-19 17:00:00,9.16,9.181,9.124,9.148,260923.0
2026-05-19 18:00:00,9.149,9.159,9.103,9.128,496698.0
2026-05-19 19:00:00,9.129,9.173,9.1,9.112,256360.0
2026-05-19 20:00:00,9.113,9.139,9.111,9.131,112099.0
2026-05-19 21:00:00,9.132,9.144,9.118,9.119,140491.0
2026-05-19 22:00:00,9.119,9.119,9.058,9.079,326737.0
2026-05-19 23:00:00,9.079,9.131,9.072,9.1,159704.0
2026-05-20 00:00:00,9.101,9.116,9.068,9.101,273354.0
2026-05-20 01:00:00,9.101,9.122,9.058,9.105,321105.0
2026-05-20 02:00:00,9.105,9.122,9.076,9.091,161346.0
2026-05-20 03:00:00,9.092,9.135,9.076,9.11,184919.0
2026-05-20 04:00:00,9.11,9.126,9.091,9.126,134387.0
2026-05-20 05:00:00,9.125,9.207,9.125,9.189,585519.0
2026-05-20 06:00:00,9.19,9.241,9.188,9.228,372046.0
2026-05-20 07:00:00,9.229,9.236,9.191,9.205,259400.0
2026-05-20 08:00:00,9.205,9.263,9.199,9.233,342176.0
2026-05-20 09:00:00,9.232,9.235,9.195,9.198,212322.0
2026-05-20 10:00:00,9.198,9.239,9.198,9.218,240288.0
2026-05-20 11:00:00,9.219,9.233,9.177,9.198,217879.0
2026-05-20 12:00:00,9.198,9.269,9.189,9.248,296423.0
2026-05-20 13:00:00,9.247,9.255,9.147,9.189,590313.0
2026-05-20 14:00:00,9.189,9.329,9.157,9.308,983567.0
2026-05-20 15:00:00,9.307,9.359,9.261,9.336,1330194.0
2026-05-20 16:00:00,9.337,9.372,9.267,9.331,781138.0
2026-05-20 17:00:00,9.33,9.396,9.309,9.336,723673.0
2026-05-20 18:00:00,9.336,9.346,9.266,9.285,463099.0
2026-05-20 19:00:00,9.285,9.33,9.267,9.313,327565.0
2026-05-20 20:00:00,9.312,9.331,9.251,9.3,515493.0
2026-05-20 21:00:00,9.299,9.31,9.261,9.262,216876.0
2026-05-20 22:00:00,9.262,9.278,9.212,9.267,494465.0
2026-05-20 23:00:00,9.266,9.294,9.241,9.292,187650.0
2026-05-21 00:00:00,9.292,9.359,9.286,9.347,394036.0
2026-05-21 01:00:00,9.348,9.384,9.326,9.35,434494.0
2026-05-21 02:00:00,9.351,9.388,9.34,9.356,395588.0
2026-05-21 03:00:00,9.357,9.385,9.348,9.379,218414.0
2026-05-21 04:00:00,9.379,9.399,9.348,9.383,349543.0
2026-05-21 05:00:00,9.383,9.396,9.298,9.342,376496.0
2026-05-21 06:00:00,9.343,9.406,9.337,9.382,919942.0
2026-05-21 07:00:00,9.383,9.48,9.368,9.464,567939.0
2026-05-21 08:00:00,9.465,9.514,9.388,9.407,1154339.0
2026-05-21 09:00:00,9.407,9.446,9.37,9.374,453693.0
2026-05-21 10:00:00,9.373,9.381,9.276,9.318,732518.0
2026-05-21 11:00:00,9.318,9.335,9.287,9.291,338683.0
2026-05-21 12:00:00,9.291,9.32,9.255,9.301,460844.0
2026-05-21 13:00:00,9.301,9.346,9.242,9.324,585970.0
2026-05-21 14:00:00,9.325,9.372,9.287,9.309,720568.0
2026-05-21 15:00:00,9.309,9.401,9.29,9.372,522813.0
2026-05-21 16:00:00,9.373,9.39,9.301,9.33,403534.0
2026-05-21 17:00:00,9.33,9.513,9.328,9.475,1194184.0
2026-05-21 18:00:00,9.475,9.507,9.409,9.451,842509.0
2026-05-21 19:00:00,9.451,9.501,9.442,9.489,317141.0
2026-05-21 20:00:00,9.489,9.5,9.454,9.478,398677.0
2026-05-21 21:00:00,9.479,9.498,9.46,9.466,224980.0
2026-05-21 22:00:00,9.467,9.481,9.441,9.449,247160.0
2026-05-21 23:00:00,9.449,9.465,9.422,9.448,296305.0
2026-05-22 00:00:00,9.448,9.459,9.38,9.385,389865.0
2026-05-22 01:00:00,9.385,9.431,9.377,9.427,246262.0
2026-05-22 02:00:00,9.428,9.486,9.427,9.468,230588.0
2026-05-22 03:00:00,9.468,9.502,9.446,9.498,324931.0
2026-05-22 04:00:00,9.499,9.547,9.488,9.512,466870.0
2026-05-22 05:00:00,9.513,9.573,9.504,9.53,359390.0
2026-05-22 06:00:00,9.531,9.538,9.476,9.487,338456.0
2026-05-22 07:00:00,9.487,9.544,9.452,9.505,531580.0
2026-05-22 08:00:00,9.505,9.56,9.482,9.504,463183.0
2026-05-22 09:00:00,9.504,9.546,9.484,9.487,345996.0
2026-05-22 10:00:00,9.487,9.496,9.454,9.491,284645.0
2026-05-22 11:00:00,9.492,9.529,9.46,9.525,451150.0
2026-05-22 12:00:00,9.526,9.587,9.512,9.585,521667.0
2026-05-22 13:00:00,9.584,9.599,9.488,9.533,726455.0
2026-05-22 14:00:00,9.533,9.533,9.393,9.419,830148.0
2026-05-22 15:00:00,9.419,9.46,9.364,9.427,674952.0
2026-05-22 16:00:00,9.427,9.457,9.396,9.434,370611.0
2026-05-22 17:00:00,9.434,9.461,9.397,9.404,517303.0
2026-05-22 18:00:00,9.403,9.403,9.201,9.289,1415515.0
2026-05-22 19:00:00,9.289,9.307,9.14,9.211,1569325.0
2026-05-22 20:00:00,9.211,9.253,9.196,9.245,526521.0
2026-05-22 21:00:00,9.245,9.279,9.238,9.256,220901.0
2026-05-22 22:00:00,9.256,9.258,9.206,9.228,227975.0
2026-05-22 23:00:00,9.228,9.246,9.09,9.148,828632.0
2026-05-23 00:00:00,9.148,9.167,9.101,9.162,575487.0
2026-05-23 01:00:00,9.162,9.186,9.143,9.175,281138.0
2026-05-23 02:00:00,9.175,9.187,9.162,9.185,181112.0
2026-05-23 03:00:00,9.185,9.209,9.183,9.193,132875.0
2026-05-23 04:00:00,9.193,9.194,9.145,9.152,214255.0
2026-05-23 05:00:00,9.152,9.163,9.121,9.142,221852.0
2026-05-23 06:00:00,9.143,9.149,9.103,9.114,225008.0
2026-05-23 07:00:00,9.114,9.121,8.838,8.915,2065564.0
2026-05-23 08:00:00,8.915,8.924,8.833,8.884,1323617.0
2026-05-23 09:00:00,8.885,8.894,8.836,8.869,466544.0
2026-05-23 10:00:00,8.87,8.912,8.866,8.902,376494.0
2026-05-23 11:00:00,8.902,8.922,8.889,8.892,276767.0
2026-05-23 12:00:00,8.892,8.934,8.871,8.922,373568.0
2026-05-23 13:00:00,8.923,9.019,8.921,9.008,545376.0
2026-05-23 14:00:00,9.007,9.107,8.996,9.101,623140.0
2026-05-23 15:00:00,9.101,9.166,9.088,9.13,778792.0
2026-05-23 16:00:00,9.131,9.158,9.103,9.15,416140.0
2026-05-23 17:00:00,9.15,9.171,9.109,9.139,367411.0
2026-05-23 18:00:00,9.139,9.331,9.133,9.27,1427340.0
2026-05-23 19:00:00,9.27,9.301,9.247,9.28,569784.0
2026-05-23 20:00:00,9.28,9.54,9.263,9.538,1744547.0
2026-05-23 21:00:00,9.539,9.59,9.434,9.477,1367857.0
2026-05-23 22:00:00,9.476,9.509,9.364,9.409,964151.0
2026-05-23 23:00:00,9.409,9.419,9.377,9.385,301692.0
2026-05-24 00:00:00,9.386,9.418,9.372,9.401,383565.0
2026-05-24 01:00:00,9.402,9.426,9.382,9.403,327664.0
2026-05-24 02:00:00,9.404,9.412,9.332,9.354,319410.0
2026-05-24 03:00:00,9.353,9.371,9.313,9.326,242069.0
2026-05-24 04:00:00,9.326,9.358,9.326,9.35,253473.0
2026-05-24 05:00:00,9.35,9.356,9.322,9.347,348032.0
2026-05-24 06:00:00,9.348,9.371,9.317,9.358,336697.0
2026-05-24 07:00:00,9.359,9.369,9.316,9.322,282247.0
2026-05-24 08:00:00,9.323,9.345,9.31,9.339,345607.0
2026-05-24 09:00:00,9.34,9.365,9.33,9.351,261597.0
2026-05-24 10:00:00,9.352,9.382,9.316,9.342,385888.0
2026-05-24 11:00:00,9.342,9.363,9.335,9.347,209240.0
2026-05-24 12:00:00,9.348,9.349,9.288,9.317,271994.0
2026-05-24 13:00:00,9.318,9.33,9.248,9.274,348422.0
2026-05-24 14:00:00,9.273,9.277,9.13,9.233,1042758.0
2026-05-24 15:00:00,9.233,9.244,9.214,9.231,231265.0
2026-05-24 16:00:00,9.231,9.262,9.211,9.252,337313.0
2026-05-24 17:00:00,9.251,9.268,9.241,9.253,162287.0
2026-05-24 18:00:00,9.253,9.259,9.215,9.228,241096.0
2026-05-24 19:00:00,9.228,9.24,9.206,9.228,173867.0
2026-05-24 20:00:00,9.229,9.236,9.186,9.198,245034.0
2026-05-24 21:00:00,9.198,9.208,9.061,9.074,736913.0
2026-05-24 22:00:00,9.073,9.204,9.071,9.163,786552.0
2026-05-24 23:00:00,9.163,9.231,9.163,9.208,337844.0
2026-05-25 00:00:00,9.208,9.238,9.198,9.219,385683.0
2026-05-25 01:00:00,9.219,9.228,9.148,9.154,324930.0
2026-05-25 02:00:00,9.154,9.223,9.148,9.173,329055.0
2026-05-25 03:00:00,9.173,9.186,9.153,9.163,210630.0
2026-05-25 04:00:00,9.164,9.255,9.154,9.247,341453.0
2026-05-25 05:00:00,9.247,9.304,9.246,9.286,560815.0
2026-05-25 06:00:00,9.287,9.32,9.267,9.315,397982.0
2026-05-25 07:00:00,9.315,9.356,9.287,9.338,486529.0
2026-05-25 08:00:00,9.338,9.359,9.319,9.351,326304.0
2026-05-25 09:00:00,9.351,9.383,9.336,9.371,528853.0
2026-05-25 10:00:00,9.37,9.419,9.368,9.412,410731.0
2026-05-25 11:00:00,9.412,9.418,9.361,9.372,359708.0
2026-05-25 12:00:00,9.373,9.411,9.359,9.382,597771.0
2026-05-25 13:00:00,9.382,9.413,9.379,9.403,267182.0
2026-05-25 14:00:00,9.403,9.491,9.402,9.469,583764.0
2026-05-25 15:00:00,9.469,9.505,9.409,9.428,737818.0
2026-05-25 16:00:00,9.428,9.481,9.413,9.457,328575.0
2026-05-25 17:00:00,9.458,9.469,9.419,9.431,330428.0
2026-05-25 18:00:00,9.431,9.456,9.388,9.395,285530.0
2026-05-25 19:00:00,9.394,9.409,9.358,9.382,336943.0
2026-05-25 20:00:00,9.381,9.399,9.322,9.343,366453.0
2026-05-25 21:00:00,9.343,9.372,9.323,9.337,277795.0
2026-05-25 22:00:00,9.337,9.343,9.268,9.274,503549.0
2026-05-25 23:00:00,9.273,9.319,9.265,9.304,298246.0
2026-05-26 00:00:00,9.304,9.31,9.192,9.248,628028.0
2026-05-26 01:00:00,9.247,9.254,9.17,9.203,527760.0
2026-05-26 02:00:00,9.203,9.218,9.181,9.203,272929.0
2026-05-26 03:00:00,9.203,9.224,9.161,9.22,358156.0
2026-05-26 04:00:00,9.221,9.273,9.205,9.25,348765.0
2026-05-26 05:00:00,9.251,9.33,9.237,9.3,374428.0
2026-05-26 06:00:00,9.3,9.326,9.259,9.299,329506.0
2026-05-26 07:00:00,9.3,9.306,9.232,9.264,496270.0
2026-05-26 08:00:00,9.265,9.294,9.256,9.277,274272.0
2026-05-26 09:00:00,9.277,9.304,9.262,9.283,243649.0
2026-05-26 10:00:00,9.284,9.461,9.264,9.424,894554.0
2026-05-26 11:00:00,9.424,9.435,9.376,9.376,475101.0
2026-05-26 12:00:00,9.376,9.4,9.337,9.384,547971.0
2026-05-26 13:00:00,9.384,9.434,9.326,9.421,579219.0
2026-05-26 14:00:00,9.421,9.488,9.319,9.349,1222133.0
2026-05-26 15:00:00,9.35,9.361,9.227,9.284,1048409.0
2026-05-26 16:00:00,9.283,9.285,9.209,9.25,632550.0
2026-05-26 17:00:00,9.251,9.272,9.112,9.164,1240995.0
2026-05-26 18:00:00,9.164,9.219,9.128,9.15,587645.0
2026-05-26 19:00:00,9.15,9.187,9.117,9.167,364726.0
2026-05-26 20:00:00,9.168,9.181,9.153,9.178,173130.0
2026-05-26 21:00:00,9.178,9.184,9.123,9.141,286095.0
2026-05-26 22:00:00,9.141,9.158,9.113,9.133,272827.0
2026-05-26 23:00:00,9.134,9.161,9.13,9.135,129771.0
2026-05-27 00:00:00,9.136,9.187,9.134,9.186,240267.0
2026-05-27 01:00:00,9.187,9.197,9.141,9.143,289598.0
2026-05-27 02:00:00,9.144,9.168,9.106,9.166,376039.0
2026-05-27 03:00:00,9.166,9.172,9.124,9.137,219923.0
2026-05-27 04:00:00,9.136,9.143,9.038,9.135,717050.0
2026-05-27 05:00:00,9.135,9.172,9.132,9.165,258942.0
2026-05-27 06:00:00,9.166,9.197,9.154,9.19,254016.0
2026-05-27 07:00:00,9.19,9.211,9.165,9.191,276918.0
2026-05-27 08:00:00,9.191,9.221,9.154,9.16,266715.0
2026-05-27 09:00:00,9.161,9.164,9.124,9.131,217716.0
2026-05-27 10:00:00,9.131,9.172,9.119,9.153,182167.0
2026-05-27 11:00:00,9.154,9.187,9.146,9.147,254133.0
2026-05-27 12:00:00,9.147,9.242,9.114,9.184,526538.0
2026-05-27 13:00:00,9.183,9.194,9.075,9.149,711834.0
2026-05-27 14:00:00,9.149,9.19,9.09,9.166,608256.0
2026-05-27 15:00:00,9.165,9.288,9.162,9.237,1085678.0
2026-05-27 16:00:00,9.238,9.252,9.162,9.204,463730.0
2026-05-27 17:00:00,9.205,9.207,9.082,9.106,560264.0
2026-05-27 18:00:00,9.106,9.162,9.07,9.16,342040.0
2026-05-27 19:00:00,9.16,9.203,9.154,9.186,440374.0
2026-05-27 20:00:00,9.186,9.218,9.172,9.188,421754.0
2026-05-27 21:00:00,9.188,9.197,8.991,9.039,868118.0
2026-05-27 22:00:00,9.039,9.081,9.005,9.025,630612.0
2026-05-27 23:00:00,9.025,9.05,8.988,9.035,420773.0
2026-05-28 00:00:00,9.034,9.059,9.013,9.05,343741.0
2026-05-28 01:00:00,9.051,9.058,8.967,9.044,405784.0
2026-05-28 02:00:00,9.044,9.067,9.018,9.048,340045.0
2026-05-28 03:00:00,9.049,9.055,8.853,8.872,1676491.0
2026-05-28 04:00:00,8.872,8.873,8.707,8.82,1828404.0
2026-05-28 05:00:00,8.821,8.832,8.705,8.766,996440.0
2026-05-28 06:00:00,8.766,8.814,8.747,8.798,389770.0
2026-05-28 07:00:00,8.798,8.846,8.781,8.84,395691.0
2026-05-28 08:00:00,8.841,8.848,8.787,8.801,338300.0
2026-05-28 09:00:00,8.801,8.876,8.797,8.864,294637.0
2026-05-28 10:00:00,8.864,8.88,8.794,8.8,390438.0
2026-05-28 11:00:00,8.8,8.826,8.791,8.812,251821.0
2026-05-28 12:00:00,8.812,8.858,8.766,8.849,439651.0
2026-05-28 13:00:00,8.849,8.876,8.797,8.828,660237.0
2026-05-28 14:00:00,8.828,8.922,8.74,8.864,1341638.0
2026-05-28 15:00:00,8.864,8.88,8.775,8.845,512334.0
2026-05-28 16:00:00,8.845,8.98,8.807,8.957,803798.0
2026-05-28 17:00:00,8.958,9.013,8.923,8.986,549215.0
2026-05-28 18:00:00,8.985,9.071,8.978,8.985,745009.0
2026-05-28 19:00:00,8.985,8.988,8.907,8.912,427937.0
2026-05-28 20:00:00,8.912,8.966,8.885,8.935,319719.0
2026-05-28 21:00:00,8.935,8.989,8.926,8.967,205756.0
2026-05-28 22:00:00,8.967,8.989,8.895,8.904,342437.0
2026-05-28 23:00:00,8.903,8.938,8.902,8.922,169554.0
2026-05-29 00:00:00,8.922,8.959,8.922,8.943,268761.0
2026-05-29 01:00:00,8.943,8.971,8.924,8.94,208270.0
2026-05-29 02:00:00,8.94,8.95,8.862,8.87,286971.0
2026-05-29 03:00:00,8.87,8.936,8.87,8.877,255782.0
2026-05-29 04:00:00,8.877,8.901,8.827,8.901,282991.0
2026-05-29 05:00:00,8.9,8.937,8.893,8.924,361116.0
2026-05-29 06:00:00,8.923,8.977,8.919,8.948,283761.0
2026-05-29 07:00:00,8.949,8.969,8.884,8.923,343758.0
2026-05-29 08:00:00,8.923,8.96,8.918,8.927,258902.0
2026-05-29 09:00:00,8.928,8.973,8.925,8.96,290516.0
2026-05-29 10:00:00,8.96,8.96,8.901,8.908,292437.0
2026-05-29 11:00:00,8.908,8.918,8.829,8.869,349301.0
2026-05-29 12:00:00,8.869,8.872,8.806,8.827,471693.0
2026-05-29 13:00:00,8.827,8.848,8.781,8.815,508406.0
2026-05-29 14:00:00,8.816,8.837,8.648,8.709,1709675.0
2026-05-29 15:00:00,8.709,9.0,8.704,8.919,2099157.0
2026-05-29 16:00:00,8.92,8.971,8.852,8.946,909317.0
2026-05-29 17:00:00,8.946,8.983,8.911,8.922,542925.0
2026-05-29 18:00:00,8.923,8.948,8.791,8.837,659609.0
2026-05-29 19:00:00,8.838,8.87,8.767,8.833,398193.0
2026-05-29 20:00:00,8.833,8.877,8.794,8.811,324852.0
2026-05-29 21:00:00,8.811,8.852,8.784,8.785,282930.0
2026-05-29 22:00:00,8.785,8.829,8.784,8.812,220093.0
2026-05-29 23:00:00,8.812,8.836,8.785,8.822,207823.0
2026-05-30 00:00:00,8.823,8.878,8.808,8.869,367823.0
2026-05-30 01:00:00,8.869,8.964,8.86,8.943,491696.0
2026-05-30 02:00:00,8.944,9.015,8.943,9.012,338223.0
2026-05-30 03:00:00,9.012,9.045,8.959,8.97,506097.0
2026-05-30 04:00:00,8.97,8.992,8.815,8.895,1253464.0
2026-05-30 05:00:00,8.895,8.944,8.881,8.935,253256.0
2026-05-30 06:00:00,8.935,8.949,8.906,8.916,190178.0
2026-05-30 07:00:00,8.916,8.925,8.89,8.912,136455.0
2026-05-30 08:00:00,8.912,8.921,8.888,8.892,174271.0
2026-05-30 09:00:00,8.892,8.938,8.879,8.923,236771.0
2026-05-30 10:00:00,8.924,8.936,8.91,8.911,117798.0
2026-05-30 11:00:00,8.911,8.93,8.888,8.915,145994.0
2026-05-30 12:00:00,8.916,8.929,8.902,8.926,132089.0
2026-05-30 13:00:00,8.926,8.956,8.906,8.947,209953.0
2026-05-30 14:00:00,8.948,8.978,8.932,8.963,284875.0
2026-05-30 15:00:00,8.964,8.992,8.943,8.959,271451.0
2026-05-30 16:00:00,8.96,8.987,8.946,8.981,201547.0
2026-05-30 17:00:00,8.981,8.99,8.937,8.985,223687.0
2026-05-30 18:00:00,8.984,9.005,8.964,8.99,168238.0
2026-05-30 19:00:00,8.991,8.994,8.959,8.987,168228.0
2026-05-30 20:00:00,8.988,9.002,8.972,8.995,138895.0
2026-05-30 21:00:00,8.996,9.013,8.993,8.994,172729.0
2026-05-30 22:00:00,8.994,8.995,8.913,8.937,340543.0
2026-05-30 23:00:00,8.936,8.954,8.911,8.942,172263.0
2026-05-31 00:00:00,8.942,8.98,8.928,8.969,346423.0
2026-05-31 01:00:00,8.969,9.002,8.966,8.982,149186.0
2026-05-31 02:00:00,8.982,9.037,8.969,9.01,312660.0
2026-05-31 03:00:00,9.011,9.021,8.996,9.006,153884.0
2026-05-31 04:00:00,9.007,9.037,8.992,9.03,194197.0
2026-05-31 05:00:00,9.029,9.081,9.016,9.04,616580.0
2026-05-31 06:00:00,9.04,9.052,9.021,9.021,264036.0
2026-05-31 07:00:00,9.022,9.022,8.966,8.985,304171.0
2026-05-31 08:00:00,8.986,9.016,8.971,8.995,190716.0
2026-05-31 09:00:00,8.995,9.033,8.972,8.982,250955.0
2026-05-31 10:00:00,8.983,8.991,8.951,8.985,208750.0
2026-05-31 11:00:00,8.986,9.02,8.985,9.012,165009.0
2026-05-31 12:00:00,9.011,9.044,8.991,9.024,341090.0
2026-05-31 13:00:00,9.025,9.046,8.995,9.004,254065.0
2026-05-31 14:00:00,9.005,9.006,8.808,8.872,1595074.0
2026-05-31 15:00:00,8.872,8.93,8.866,8.88,374484.0
2026-05-31 16:00:00,8.879,8.894,8.804,8.824,553142.0
2026-05-31 17:00:00,8.824,8.868,8.809,8.865,312453.0
2026-05-31 18:00:00,8.864,8.865,8.828,8.853,253980.0
2026-05-31 19:00:00,8.854,8.864,8.791,8.832,510766.0
2026-05-31 20:00:00,8.832,8.891,8.832,8.887,244497.0
2026-05-31 21:00:00,8.887,8.948,8.874,8.936,319691.0
2026-05-31 22:00:00,8.936,8.982,8.905,8.977,406139.0
2026-05-31 23:00:00,8.978,9.028,8.908,8.98,570366.0
2026-06-01 00:00:00,8.981,9.071,8.971,9.035,665021.0
2026-06-01 01:00:00,9.034,9.04,8.884,8.885,504333.0
2026-06-01 02:00:00,8.885,9.041,8.861,9.025,579056.0
2026-06-01 03:00:00,9.024,9.068,9.002,9.016,513631.0
2026-06-01 04:00:00,9.016,9.042,8.892,8.944,530431.0
2026-06-01 05:00:00,8.945,8.949,8.867,8.884,376676.0
2026-06-01 06:00:00,8.884,8.899,8.807,8.84,589186.0
2026-06-01 07:00:00,8.84,8.865,8.774,8.788,742207.0
2026-06-01 08:00:00,8.788,8.84,8.754,8.835,733046.0
2026-06-01 09:00:00,8.834,8.889,8.831,8.86,553455.0
2026-06-01 10:00:00,8.861,8.871,8.828,8.86,334606.0
2026-06-01 11:00:00,8.86,8.879,8.801,8.829,357851.0
2026-06-01 12:00:00,8.829,8.875,8.763,8.829,642715.0
2026-06-01 13:00:00,8.829,8.842,8.713,8.779,1380479.0
2026-06-01 14:00:00,8.779,8.807,8.705,8.745,978884.0
2026-06-01 15:00:00,8.746,8.774,8.671,8.727,930693.0
2026-06-01 16:00:00,8.727,8.882,8.681,8.87,844987.0
2026-06-01 17:00:00,8.87,8.949,8.852,8.919,903401.0
2026-06-01 18:00:00,8.918,8.945,8.884,8.89,455719.0
2026-06-01 19:00:00,8.89,8.966,8.87,8.955,353169.0
2026-06-01 20:00:00,8.955,8.984,8.907,8.935,491088.0
2026-06-01 21:00:00,8.936,8.938,8.856,8.875,425686.0
2026-06-01 22:00:00,8.875,8.929,8.823,8.926,549099.0
2026-06-01 23:00:00,8.926,8.956,8.89,8.932,433636.0
2026-06-02 00:00:00,8.932,8.941,8.862,8.878,330723.0
2026-06-02 01:00:00,8.879,8.895,8.763,8.771,567988.0
2026-06-02 02:00:00,8.771,8.857,8.665,8.857,1118504.0
2026-06-02 03:00:00,8.858,8.892,8.824,8.88,389987.0
2026-06-02 04:00:00,8.881,8.892,8.798,8.805,680304.0
2026-06-02 05:00:00,8.804,8.831,8.729,8.732,476526.0
2026-06-02 06:00:00,8.732,8.757,8.655,8.709,1055342.0
2026-06-02 07:00:00,8.709,8.749,8.662,8.713,478583.0
2026-06-02 08:00:00,8.713,8.739,8.688,8.705,325467.0
2026-06-02 09:00:00,8.705,8.715,8.655,8.679,468997.0
2026-06-02 10:00:00,8.679,8.74,8.655,8.736,287419.0
2026-06-02 11:00:00,8.735,8.735,8.667,8.678,309157.0
2026-06-02 12:00:00,8.677,8.72,8.651,8.695,452876.0
2026-06-02 13:00:00,8.695,8.717,8.672,8.69,636850.0
2026-06-02 14:00:00,8.69,8.693,8.391,8.454,2927351.0
2026-06-02 15:00:00,8.454,8.473,8.257,8.36,2191554.0
2026-06-02 16:00:00,8.361,8.501,8.318,8.406,925296.0
2026-06-02 17:00:00,8.407,8.489,8.402,8.445,443014.0
2026-06-02 18:00:00,8.446,8.474,8.309,8.344,525702.0
2026-06-02 19:00:00,8.344,8.367,8.167,8.327,1202819.0
2026-06-02 20:00:00,8.328,8.381,8.258,8.33,894032.0
2026-06-02 21:00:00,8.33,8.387,8.291,8.326,467695.0
2026-06-02 22:00:00,8.325,8.325,8.086,8.125,1437837.0
2026-06-02 23:00:00,8.125,8.181,8.02,8.176,1405913.0
2026-06-03 00:00:00,8.177,8.245,8.154,8.212,659500.0
2026-06-03 01:00:00,8.212,8.262,8.185,8.238,570021.0
2026-06-03 02:00:00,8.237,8.238,8.151,8.18,511068.0
2026-06-03 03:00:00,8.179,8.202,7.988,8.047,1182400.0
2026-06-03 04:00:00,8.047,8.18,8.044,8.167,560782.0
2026-06-03 05:00:00,8.167,8.311,8.167,8.283,1051427.0
2026-06-03 06:00:00,8.284,8.323,8.259,8.266,580763.0
2026-06-03 07:00:00,8.266,8.34,8.253,8.315,366425.0
2026-06-03 08:00:00,8.316,8.333,8.282,8.306,293468.0
2026-06-03 09:00:00,8.306,8.323,8.242,8.277,466478.0
2026-06-03 10:00:00,8.277,8.357,8.272,8.352,486864.0
2026-06-03 11:00:00,8.352,8.368,8.272,8.297,773097.0
2026-06-03 12:00:00,8.298,8.304,8.232,8.299,352851.0
2026-06-03 13:00:00,8.3,8.338,8.25,8.309,475570.0
2026-06-03 14:00:00,8.308,8.316,8.221,8.272,569862.0
2026-06-03 15:00:00,8.273,8.282,8.174,8.188,707881.0
2026-06-03 16:00:00,8.188,8.195,8.026,8.118,1172927.0
2026-06-03 17:00:00,8.118,8.187,8.062,8.135,501664.0
2026-06-03 18:00:00,8.135,8.185,8.07,8.181,826590.0
2026-06-03 19:00:00,8.181,8.191,8.022,8.038,1016451.0
2026-06-03 20:00:00,8.037,8.092,7.9,7.953,1474958.0
2026-06-03 21:00:00,7.953,8.175,7.923,8.168,632525.0
2026-06-03 22:00:00,8.168,8.188,8.069,8.103,498994.0
2026-06-03 23:00:00,8.103,8.111,8.031,8.044,436863.0
2026-06-04 00:00:00,8.044,8.114,7.923,7.983,970975.0
2026-06-04 01:00:00,7.984,8.021,7.736,7.759,1745172.0
2026-06-04 02:00:00,7.76,7.884,7.505,7.837,2513472.0
2026-06-04 03:00:00,7.838,8.059,7.835,8.032,837310.0
2026-06-04 04:00:00,8.031,8.074,7.969,7.982,442148.0
2026-06-04 05:00:00,7.983,7.983,7.853,7.895,684080.0
2026-06-04 06:00:00,7.894,7.998,7.88,7.925,467850.0
2026-06-04 07:00:00,7.926,7.936,7.813,7.819,653488.0
2026-06-04 08:00:00,7.819,7.845,7.732,7.795,742027.0
2026-06-04 09:00:00,7.795,7.798,7.593,7.713,1085204.0
2026-06-04 10:00:00,7.713,7.715,7.538,7.57,1172889.0
2026-06-04 11:00:00,7.57,7.663,7.536,7.658,896036.0
2026-06-04 12:00:00,7.658,7.821,7.61,7.799,888766.0
2026-06-04 13:00:00,7.798,7.823,7.673,7.784,954841.0
2026-06-04 14:00:00,7.784,7.803,7.724,7.765,717324.0
2026-06-04 15:00:00,7.765,7.857,7.744,7.759,739191.0
2026-06-04 16:00:00,7.759,7.793,7.703,7.753,432118.0
2026-06-04 17:00:00,7.754,7.792,7.666,7.749,556632.0
2026-06-04 18:00:00,7.749,7.838,7.684,7.804,561040.0
2026-06-04 19:00:00,7.804,7.844,7.758,7.775,396002.0
2026-06-04 20:00:00,7.774,7.777,7.698,7.735,405452.0
2026-06-04 21:00:00,7.735,7.759,7.562,7.589,799565.0
2026-06-04 22:00:00,7.588,7.673,7.568,7.666,755342.0
2026-06-04 23:00:00,7.665,7.71,7.611,7.701,710961.0
2026-06-05 00:00:00,7.7,7.721,7.626,7.633,620892.0
2026-06-05 01:00:00,7.633,7.68,7.557,7.642,588057.0
2026-06-05 02:00:00,7.641,7.647,7.412,7.43,1202969.0
2026-06-05 03:00:00,7.431,7.499,7.306,7.313,1294015.0
2026-06-05 04:00:00,7.314,7.483,7.29,7.477,1463984.0
2026-06-05 05:00:00,7.478,7.507,7.244,7.26,1469920.0
2026-06-05 06:00:00,7.26,7.279,6.997,7.178,3235448.0
2026-06-05 07:00:00,7.177,7.317,7.052,7.301,1791747.0
2026-06-05 08:00:00,7.301,7.304,7.12,7.156,1043816.0
2026-06-05 09:00:00,7.156,7.28,7.153,7.251,967638.0
2026-06-05 10:00:00,7.251,7.264,7.131,7.155,895650.0
2026-06-05 11:00:00,7.154,7.157,7.057,7.071,974093.0
2026-06-05 12:00:00,7.071,7.126,7.011,7.084,1408030.0
2026-06-05 13:00:00,7.083,7.219,6.962,6.969,1962856.0
2026-06-05 14:00:00,6.969,7.124,6.886,7.074,2427560.0
2026-06-05 15:00:00,7.073,7.087,6.843,6.898,2719512.0
2026-06-05 16:00:00,6.898,7.077,6.784,7.059,3267864.0
2026-06-05 17:00:00,7.058,7.106,6.976,7.019,1121417.0
2026-06-05 18:00:00,7.019,7.062,6.803,6.822,1665658.0
2026-06-05 19:00:00,6.821,6.827,6.578,6.693,4876332.0
2026-06-05 20:00:00,6.692,6.976,6.607,6.902,3404586.0
2026-06-05 21:00:00,6.901,7.005,6.883,6.95,744097.0
2026-06-05 22:00:00,6.951,6.954,6.763,6.802,1609466.0
2026-06-05 23:00:00,6.802,6.849,6.627,6.723,1103814.0
2026-06-06 00:00:00,6.724,6.905,6.721,6.896,1229800.0
2026-06-06 01:00:00,6.896,6.93,6.722,6.739,936601.0
2026-06-06 02:00:00,6.739,6.747,6.647,6.651,849520.0
2026-06-06 03:00:00,6.651,6.651,6.506,6.519,1408697.0
2026-06-06 04:00:00,6.52,6.546,6.218,6.301,4367008.0
2026-06-06 05:00:00,6.301,6.579,6.248,6.578,1967937.0
2026-06-06 06:00:00,6.578,6.686,6.538,6.543,1230786.0
2026-06-06 07:00:00,6.543,6.712,6.518,6.673,1419460.0
2026-06-06 08:00:00,6.674,6.756,6.628,6.742,825098.0
2026-06-06 09:00:00,6.741,6.832,6.693,6.709,1296467.0
2026-06-06 10:00:00,6.708,6.708,6.563,6.614,1287390.0
2026-06-06 11:00:00,6.613,6.702,6.602,6.68,642968.0
2026-06-06 12:00:00,6.68,6.801,6.647,6.782,921558.0
2026-06-06 13:00:00,6.782,6.817,6.738,6.76,1074041.0
2026-06-06 14:00:00,6.759,6.825,6.745,6.751,866296.0
2026-06-06 15:00:00,6.751,6.766,6.597,6.686,1453294.0
2026-06-06 16:00:00,6.686,6.711,6.623,6.694,743748.0
2026-06-06 17:00:00,6.694,6.703,6.588,6.608,675237.0
2026-06-06 18:00:00,6.607,6.662,6.592,6.636,391981.0
2026-06-06 19:00:00,6.635,6.668,6.602,6.602,320547.0
2026-06-06 20:00:00,6.602,6.627,6.562,6.62,537539.0
2026-06-06 21:00:00,6.619,6.669,6.619,6.623,430571.0
2026-06-06 22:00:00,6.623,6.653,6.578,6.629,512723.0
2026-06-06 23:00:00,6.628,6.685,6.626,6.659,349200.0
2026-06-07 00:00:00,6.66,6.699,6.647,6.657,433792.0
2026-06-07 01:00:00,6.657,6.84,6.648,6.779,1413982.0
2026-06-07 02:00:00,6.779,6.792,6.712,6.77,444431.0
2026-06-07 03:00:00,6.769,6.798,6.719,6.751,394699.0
2026-06-07 04:00:00,6.75,6.781,6.684,6.773,575986.0
2026-06-07 05:00:00,6.773,6.814,6.745,6.765,635836.0
2026-06-07 06:00:00,6.765,6.831,6.721,6.785,858441.0
2026-06-07 07:00:00,6.785,6.832,6.751,6.82,850315.0
2026-06-07 08:00:00,6.82,6.883,6.772,6.868,918247.0
2026-06-07 09:00:00,6.868,6.874,6.763,6.765,971605.0
2026-06-07 10:00:00,6.765,6.776,6.688,6.709,660193.0
2026-06-07 11:00:00,6.709,6.751,6.69,6.724,479209.0
2026-06-07 12:00:00,6.724,6.729,6.585,6.646,1360720.0
2026-06-07 13:00:00,6.647,6.671,6.622,6.654,397133.0
2026-06-07 14:00:00,6.654,6.773,6.639,6.718,1049807.0
2026-06-07 15:00:00,6.719,6.719,6.663,6.705,630195.0
2026-06-07 16:00:00,6.705,6.72,6.664,6.694,478365.0
2026-06-07 17:00:00,6.694,6.739,6.657,6.684,450737.0
2026-06-07 18:00:00,6.684,6.72,6.662,6.667,321299.0
2026-06-07 19:00:00,6.667,6.668,6.503,6.535,1464707.0
2026-06-07 20:00:00,6.535,6.617,6.513,6.603,550562.0
2026-06-07 21:00:00,6.603,6.625,6.557,6.591,353081.0
2026-06-07 22:00:00,6.592,6.967,6.583,6.746,2423821.0
2026-06-07 23:00:00,6.745,6.835,6.732,6.814,649432.0
2026-06-08 00:00:00,6.814,6.86,6.758,6.816,692851.0
2026-06-08 01:00:00,6.817,6.822,6.626,6.708,1028254.0
2026-06-08 02:00:00,6.708,6.724,6.661,6.693,614849.0
2026-06-08 03:00:00,6.693,6.732,6.631,6.665,438991.0
2026-06-08 04:00:00,6.665,6.674,6.579,6.583,430332.0
2026-06-08 05:00:00,6.583,6.611,6.528,6.589,722957.0
2026-06-08 06:00:00,6.59,6.662,6.587,6.645,536654.0
2026-06-08 07:00:00,6.644,6.7,6.6,6.698,467507.0
2026-06-08 08:00:00,6.698,6.701,6.624,6.658,457604.0
2026-06-08 09:00:00,6.658,6.71,6.613,6.703,613645.0
2026-06-08 10:00:00,6.703,6.743,6.658,6.699,558720.0
2026-06-08 11:00:00,6.698,6.821,6.68,6.78,855864.0
2026-06-08 12:00:00,6.78,6.821,6.702,6.807,954334.0
2026-06-08 13:00:00,6.808,6.825,6.696,6.727,976265.0
2026-06-08 14:00:00,6.728,6.818,6.694,6.814,799881.0
2026-06-08 15:00:00,6.814,6.877,6.791,6.804,990479.0
2026-06-08 16:00:00,6.805,6.853,6.778,6.796,699613.0
2026-06-08 17:00:00,6.797,6.829,6.762,6.826,684332.0
2026-06-08 18:00:00,6.826,6.859,6.785,6.816,551396.0
2026-06-08 19:00:00,6.816,6.843,6.798,6.817,361176.0
2026-06-08 20:00:00,6.818,6.82,6.746,6.794,554816.0
2026-06-08 21:00:00,6.794,6.88,6.789,6.813,599104.0
2026-06-08 22:00:00,6.813,6.813,6.767,6.797,427995.0
2026-06-08 23:00:00,6.797,6.819,6.742,6.762,400079.0
2026-06-09 00:00:00,6.762,6.774,6.584,6.609,1728032.0
2026-06-09 01:00:00,6.609,6.659,6.589,6.652,490566.0
2026-06-09 02:00:00,6.651,6.673,6.594,6.656,371451.0
2026-06-09 03:00:00,6.655,6.678,6.615,6.665,390699.0
2026-06-09 04:00:00,6.664,6.776,6.641,6.738,727828.0
2026-06-09 05:00:00,6.738,6.789,6.733,6.777,416385.0
2026-06-09 06:00:00,6.777,6.784,6.749,6.752,291283.0
2026-06-09 07:00:00,6.752,6.784,6.723,6.744,427023.0
2026-06-09 08:00:00,6.744,6.747,6.695,6.712,402202.0
2026-06-09 09:00:00,6.713,6.725,6.656,6.672,431970.0
2026-06-09 10:00:00,6.672,6.698,6.655,6.69,414107.0
2026-06-09 11:00:00,6.689,6.714,6.66,6.704,249462.0
2026-06-09 12:00:00,6.704,6.739,6.693,6.73,505042.0
2026-06-09 13:00:00,6.73,6.744,6.665,6.685,698479.0
2026-06-09 14:00:00,6.684,6.701,6.524,6.604,1585829.0
2026-06-09 15:00:00,6.604,6.637,6.513,6.52,891710.0
2026-06-09 16:00:00,6.519,6.549,6.436,6.515,1601531.0
2026-06-09 17:00:00,6.515,6.638,6.509,6.601,893098.0
2026-06-09 18:00:00,6.602,6.671,6.584,6.645,488991.0
2026-06-09 19:00:00,6.646,6.678,6.626,6.654,410166.0
2026-06-09 20:00:00,6.654,6.698,6.651,6.677,347572.0
2026-06-09 21:00:00,6.677,6.687,6.604,6.62,417366.0
2026-06-09 22:00:00,6.62,6.654,6.605,6.615,375658.0
2026-06-09 23:00:00,6.615,6.648,6.606,6.634,292248.0
2026-06-10 00:00:00,6.635,6.673,6.593,6.662,556232.0
2026-06-10 01:00:00,6.663,6.675,6.615,6.628,357689.0
2026-06-10 02:00:00,6.629,6.647,6.551,6.562,441012.0
2026-06-10 03:00:00,6.562,6.605,6.55,6.577,293236.0
2026-06-10 04:00:00,6.578,6.589,6.527,6.544,331659.0
2026-06-10 05:00:00,6.545,6.561,6.482,6.509,597011.0
2026-06-10 06:00:00,6.51,6.546,6.491,6.522,362967.0
2026-06-10 07:00:00,6.522,6.58,6.519,6.559,336780.0
2026-06-10 08:00:00,6.559,6.56,6.429,6.465,1087307.0
2026-06-10 09:00:00,6.466,6.504,6.424,6.487,623726.0
2026-06-10 10:00:00,6.488,6.498,6.432,6.495,495746.0
2026-06-10 11:00:00,6.495,6.503,6.412,6.457,727842.0
2026-06-10 12:00:00,6.456,6.597,6.432,6.535,950430.0
2026-06-10 13:00:00,6.536,6.661,6.521,6.593,923043.0
2026-06-10 14:00:00,6.594,6.606,6.503,6.55,790238.0
2026-06-10 15:00:00,6.55,6.613,6.496,6.574,1021207.0
2026-06-10 16:00:00,6.574,6.578,6.452,6.5,809732.0
2026-06-10 17:00:00,6.5,6.53,6.426,6.486,781502.0
2026-06-10 18:00:00,6.486,6.532,6.472,6.532,888358.0
2026-06-10 19:00:00,6.532,6.533,6.439,6.457,827646.0
2026-06-10 20:00:00,6.457,6.479,6.416,6.438,662335.0
2026-06-10 21:00:00,6.437,6.438,6.292,6.335,1005646.0
2026-06-10 22:00:00,6.335,6.387,6.307,6.328,878288.0
2026-06-10 23:00:00,6.328,6.404,6.301,6.376,559201.0
2026-06-11 00:00:00,6.377,6.448,6.376,6.429,393425.0
2026-06-11 01:00:00,6.429,6.519,6.429,6.496,595870.0
2026-06-11 02:00:00,6.496,6.505,6.439,6.478,331529.0
2026-06-11 03:00:00,6.478,6.635,6.452,6.591,1226048.0
2026-06-11 04:00:00,6.592,6.626,6.566,6.601,627893.0
2026-06-11 05:00:00,6.602,6.602,6.56,6.563,291614.0
2026-06-11 06:00:00,6.563,6.605,6.542,6.572,524639.0
2026-06-11 07:00:00,6.571,6.607,6.567,6.587,310404.0
2026-06-11 08:00:00,6.588,6.639,6.581,6.609,442266.0
2026-06-11 09:00:00,6.609,6.61,6.536,6.574,554492.0
2026-06-11 10:00:00,6.573,6.584,6.545,6.571,339167.0
2026-06-11 11:00:00,6.571,6.62,6.551,6.595,372567.0
2026-06-11 12:00:00,6.594,6.596,6.491,6.551,1009301.0
2026-06-11 13:00:00,6.551,6.608,6.529,6.58,557542.0
2026-06-11 14:00:00,6.581,6.594,6.515,6.537,497014.0
2026-06-11 15:00:00,6.538,6.571,6.503,6.541,540709.0
2026-06-11 16:00:00,6.54,6.557,6.503,6.511,464663.0
2026-06-11 17:00:00,6.51,6.686,6.469,6.667,1636284.0
2026-06-11 18:00:00,6.667,6.69,6.624,6.646,765554.0
2026-06-11 19:00:00,6.646,6.705,6.628,6.663,584369.0
2026-06-11 20:00:00,6.664,6.674,6.601,6.629,547336.0
2026-06-11 21:00:00,6.629,6.668,6.627,6.646,280791.0
2026-06-11 22:00:00,6.646,6.674,6.628,6.641,275042.0
2026-06-11 23:00:00,6.641,6.668,6.621,6.645,273888.0
2026-06-12 00:00:00,6.645,6.663,6.631,6.634,208550.0
2026-06-12 01:00:00,6.634,6.637,6.596,6.625,243077.0
2026-06-12 02:00:00,6.625,6.673,6.625,6.655,217813.0
2026-06-12 03:00:00,6.655,6.661,6.633,6.655,198273.0
2026-06-12 04:00:00,6.655,6.687,6.635,6.658,301383.0
2026-06-12 05:00:00,6.658,6.66,6.606,6.612,282666.0
2026-06-12 06:00:00,6.612,6.62,6.523,6.54,568241.0
2026-06-12 07:00:00,6.541,6.579,6.541,6.565,409562.0
2026-06-12 08:00:00,6.566,6.634,6.561,6.618,447338.0
2026-06-12 09:00:00,6.618,6.663,6.608,6.641,403850.0
2026-06-12 10:00:00,6.641,6.658,6.609,6.631,309236.0
2026-06-12 11:00:00,6.631,6.655,6.625,6.632,245755.0
2026-06-12 12:00:00,6.633,6.647,6.601,6.611,375486.0
2026-06-12 13:00:00,6.611,6.617,6.514,6.537,909352.0
2026-06-12 14:00:00,6.537,6.669,6.53,6.662,942827.0
2026-06-12 15:00:00,6.662,6.695,6.54,6.546,1019379.0
2026-06-12 16:00:00,6.546,6.619,6.515,6.617,648716.0
2026-06-12 17:00:00,6.618,6.648,6.585,6.59,390792.0
2026-06-12 18:00:00,6.591,6.612,6.552,6.58,379844.0
2026-06-12 19:00:00,6.58,6.624,6.575,6.582,309740.0
2026-06-12 20:00:00,6.582,6.603,6.566,6.576,259316.0
2026-06-12 21:00:00,6.577,6.599,6.548,6.56,208171.0
2026-06-12 22:00:00,6.561,6.585,6.548,6.566,208632.0
2026-06-12 23:00:00,6.566,6.572,6.533,6.567,208411.0
2026-06-13 00:00:00,6.567,6.591,6.553,6.58,211587.0
2026-06-13 01:00:00,6.581,6.633,6.576,6.615,291594.0
2026-06-13 02:00:00,6.616,6.622,6.585,6.599,166412.0
2026-06-13 03:00:00,6.6,6.613,6.565,6.591,228099.0
2026-06-13 04:00:00,6.592,6.618,6.567,6.584,198014.0
2026-06-13 05:00:00,6.585,6.616,6.562,6.586,262238.0
2026-06-13 06:00:00,6.587,6.64,6.566,6.63,415353.0
2026-06-13 07:00:00,6.63,6.685,6.612,6.662,614670.0
2026-06-13 08:00:00,6.662,6.679,6.644,6.656,268606.0
2026-06-13 09:00:00,6.657,6.668,6.644,6.649,141369.0
2026-06-13 10:00:00,6.648,6.66,6.625,6.641,254100.0
2026-06-13 11:00:00,6.641,6.675,6.637,6.67,268733.0
2026-06-13 12:00:00,6.67,6.692,6.658,6.675,282950.0
2026-06-13 13:00:00,6.675,6.682,6.658,6.671,317755.0
2026-06-13 14:00:00,6.672,6.691,6.663,6.686,313186.0
2026-06-13 15:00:00,6.687,6.758,6.678,6.749,825016.0
2026-06-13 16:00:00,6.749,6.77,6.671,6.711,835297.0
2026-06-13 17:00:00,6.712,6.723,6.676,6.691,286648.0
2026-06-13 18:00:00,6.691,6.716,6.684,6.702,228203.0
2026-06-13 19:00:00,6.702,6.729,6.687,6.71,214207.0
2026-06-13 20:00:00,6.71,6.718,6.693,6.715,179083.0
2026-06-13 21:00:00,6.716,6.772,6.697,6.746,296972.0
2026-06-13 22:00:00,6.747,6.749,6.714,6.715,239190.0
2026-06-13 23:00:00,6.715,6.733,6.699,6.714,182041.0
2026-06-14 00:00:00,6.715,6.715,6.687,6.698,243089.0
2026-06-14 01:00:00,6.698,6.73,6.681,6.701,248837.0
2026-06-14 02:00:00,6.701,6.727,6.695,6.707,219778.0
2026-06-14 03:00:00,6.707,6.723,6.693,6.715,215498.0
2026-06-14 04:00:00,6.715,6.72,6.656,6.67,355739.0
2026-06-14 05:00:00,6.67,6.682,6.645,6.674,239094.0
2026-06-14 06:00:00,6.674,6.692,6.651,6.653,183076.0
2026-06-14 07:00:00,6.654,6.657,6.634,6.651,186112.0
2026-06-14 08:00:00,6.652,6.664,6.642,6.646,169388.0
2026-06-14 09:00:00,6.646,6.674,6.618,6.668,356269.0
2026-06-14 10:00:00,6.668,6.678,6.639,6.642,215083.0
2026-06-14 11:00:00,6.641,6.655,6.629,6.641,151617.0
2026-06-14 12:00:00,6.642,6.648,6.594,6.602,387949.0
2026-06-14 13:00:00,6.602,6.612,6.556,6.576,477678.0
2026-06-14 14:00:00,6.576,6.577,6.491,6.525,775853.0
2026-06-14 15:00:00,6.525,6.536,6.511,6.525,312695.0
2026-06-14 16:00:00,6.525,6.548,6.506,6.52,368533.0
2026-06-14 17:00:00,6.52,6.525,6.455,6.467,551895.0
2026-06-14 18:00:00,6.466,6.47,6.371,6.396,1531739.0
2026-06-14 19:00:00,6.396,6.468,6.391,6.428,554724.0
2026-06-14 20:00:00,6.429,6.484,6.41,6.456,486924.0
2026-06-14 21:00:00,6.457,6.772,6.451,6.712,1722623.0
2026-06-14 22:00:00,6.713,6.764,6.688,6.722,1004084.0
2026-06-14 23:00:00,6.722,6.788,6.695,6.787,653003.0
2026-06-15 00:00:00,6.786,6.802,6.725,6.75,903295.0
2026-06-15 01:00:00,6.75,6.753,6.695,6.715,448037.0
2026-06-15 02:00:00,6.715,6.772,6.705,6.732,566114.0
2026-06-15 03:00:00,6.731,6.775,6.72,6.761,311874.0
2026-06-15 04:00:00,6.761,6.776,6.737,6.742,273328.0
2026-06-15 05:00:00,6.742,6.799,6.731,6.783,421247.0
2026-06-15 06:00:00,6.783,6.8,6.757,6.768,407321.0
2026-06-15 07:00:00,6.768,6.801,6.747,6.752,358888.0
2026-06-15 08:00:00,6.753,6.789,6.745,6.769,308248.0
2026-06-15 09:00:00,6.77,6.786,6.735,6.757,300312.0
2026-06-15 10:00:00,6.757,6.862,6.751,6.835,1062702.0
2026-06-15 11:00:00,6.835,6.948,6.808,6.904,1304639.0
2026-06-15 12:00:00,6.905,6.947,6.871,6.924,708728.0
2026-06-15 13:00:00,6.924,7.009,6.916,6.971,1370365.0
2026-06-15 14:00:00,6.972,6.975,6.908,6.942,1002781.0
2026-06-15 15:00:00,6.942,7.03,6.905,7.03,1358707.0
2026-06-15 16:00:00,7.029,7.076,7.007,7.029,998001.0
2026-06-15 17:00:00,7.029,7.046,6.971,7.012,735640.0
2026-06-15 18:00:00,7.013,7.029,6.967,6.973,376154.0
2026-06-15 19:00:00,6.973,7.001,6.874,6.892,963353.0
2026-06-15 20:00:00,6.892,6.921,6.864,6.88,542149.0
2026-06-15 21:00:00,6.88,6.896,6.852,6.871,375235.0
2026-06-15 22:00:00,6.871,6.894,6.804,6.824,900291.0
2026-06-15 23:00:00,6.823,6.845,6.791,6.834,525201.0
2026-06-16 00:00:00,6.835,6.866,6.82,6.83,458272.0
2026-06-16 01:00:00,6.83,6.869,6.824,6.829,246257.0
2026-06-16 02:00:00,6.83,6.837,6.737,6.766,791180.0
2026-06-16 03:00:00,6.766,6.831,6.752,6.83,488725.0
2026-06-16 04:00:00,6.83,6.838,6.753,6.761,486897.0
2026-06-16 05:00:00,6.762,6.813,6.762,6.8,296161.0
2026-06-16 06:00:00,6.801,6.863,6.801,6.855,312493.0
2026-06-16 07:00:00,6.856,6.924,6.847,6.917,565375.0
2026-06-16 08:00:00,6.917,7.047,6.909,7.028,676774.0
2026-06-16 09:00:00,7.028,7.036,6.942,6.953,566817.0
2026-06-16 10:00:00,6.954,6.984,6.936,6.949,391925.0
2026-06-16 11:00:00,6.95,6.971,6.916,6.946,293718.0
2026-06-16 12:00:00,6.946,6.998,6.92,6.964,557114.0
2026-06-16 13:00:00,6.964,6.972,6.831,6.832,975724.0
2026-06-16 14:00:00,6.833,6.866,6.707,6.756,1458680.0
2026-06-16 15:00:00,6.756,6.815,6.746,6.784,553775.0
2026-06-16 16:00:00,6.785,6.8,6.761,6.778,324456.0
2026-06-16 17:00:00,6.778,6.854,6.776,6.848,448987.0
2026-06-16 18:00:00,6.848,6.907,6.844,6.874,553029.0
2026-06-16 19:00:00,6.874,6.896,6.819,6.861,506209.0
2026-06-16 20:00:00,6.861,6.948,6.841,6.93,657616.0
2026-06-16 21:00:00,6.929,6.943,6.884,6.914,382344.0
2026-06-16 22:00:00,6.915,6.922,6.876,6.901,254061.0
2026-06-16 23:00:00,6.902,6.912,6.865,6.877,196318.0
2026-06-17 00:00:00,6.876,6.92,6.876,6.894,328155.0
2026-06-17 01:00:00,6.895,6.967,6.866,6.961,498523.0
2026-06-17 02:00:00,6.961,7.018,6.941,6.979,543468.0
2026-06-17 03:00:00,6.98,6.98,6.926,6.951,426917.0
2026-06-17 04:00:00,6.952,6.983,6.935,6.949,272968.0
2026-06-17 05:00:00,6.95,6.972,6.901,6.934,327022.0
2026-06-17 06:00:00,6.935,6.962,6.879,6.9,472344.0
2026-06-17 07:00:00,6.901,6.952,6.864,6.895,554464.0
2026-06-17 08:00:00,6.896,6.9,6.786,6.805,859690.0
2026-06-17 09:00:00,6.805,6.846,6.804,6.834,354166.0
2026-06-17 10:00:00,6.833,6.844,6.805,6.808,264837.0
2026-06-17 11:00:00,6.808,6.819,6.766,6.801,555030.0
2026-06-17 12:00:00,6.802,6.846,6.763,6.843,627863.0
2026-06-17 13:00:00,6.842,6.866,6.81,6.827,446849.0
2026-06-17 14:00:00,6.826,6.869,6.785,6.833,635259.0
2026-06-17 15:00:00,6.833,6.968,6.821,6.964,809347.0
2026-06-17 16:00:00,6.964,7.017,6.905,6.907,884895.0
2026-06-17 17:00:00,6.908,6.966,6.878,6.961,570850.0
2026-06-17 18:00:00,6.961,6.961,6.77,6.891,2012825.0
2026-06-17 19:00:00,6.892,6.911,6.69,6.73,1956711.0
2026-06-17 20:00:00,6.73,6.79,6.71,6.786,735155.0
2026-06-17 21:00:00,6.785,6.79,6.713,6.735,438062.0
2026-06-17 22:00:00,6.734,6.763,6.644,6.733,1001152.0
2026-06-17 23:00:00,6.732,6.773,6.732,6.762,402994.0
2026-06-18 00:00:00,6.762,6.792,6.753,6.756,339559.0
2026-06-18 01:00:00,6.757,6.799,6.755,6.769,206092.0
2026-06-18 02:00:00,6.77,6.794,6.747,6.783,248077.0
2026-06-18 03:00:00,6.782,6.784,6.696,6.706,441310.0
2026-06-18 04:00:00,6.706,6.708,6.615,6.632,747310.0
2026-06-18 05:00:00,6.631,6.633,6.567,6.614,851929.0
2026-06-18 06:00:00,6.613,6.645,6.589,6.638,399178.0
2026-06-18 07:00:00,6.639,6.68,6.614,6.672,373145.0
2026-06-18 08:00:00,6.672,6.691,6.646,6.666,363617.0
2026-06-18 09:00:00,6.665,6.679,6.636,6.669,316787.0
2026-06-18 10:00:00,6.669,6.671,6.62,6.646,367227.0
2026-06-18 11:00:00,6.646,6.659,6.601,6.615,320272.0
2026-06-18 12:00:00,6.616,6.666,6.604,6.661,415495.0
2026-06-18 13:00:00,6.662,6.676,6.555,6.614,769544.0
2026-06-18 14:00:00,6.615,6.672,6.563,6.588,767668.0
2026-06-18 15:00:00,6.589,6.591,6.206,6.239,5468650.0
2026-06-18 16:00:00,6.239,6.332,6.221,6.328,1465998.0
2026-06-18 17:00:00,6.329,6.334,6.247,6.284,953928.0
2026-06-18 18:00:00,6.285,6.315,6.259,6.3,571475.0
2026-06-18 19:00:00,6.301,6.363,6.292,6.35,558094.0
2026-06-18 20:00:00,6.351,6.381,6.32,6.346,715442.0
2026-06-18 21:00:00,6.347,6.349,6.274,6.289,459897.0
2026-06-18 22:00:00,6.289,6.308,6.275,6.302,265820.0
2026-06-18 23:00:00,6.303,6.318,6.268,6.312,416772.0
2026-06-19 00:00:00,6.313,6.32,6.285,6.304,373540.0
2026-06-19 01:00:00,6.305,6.317,6.268,6.3,399311.0
2026-06-19 02:00:00,6.301,6.318,6.241,6.271,469622.0
2026-06-19 03:00:00,6.27,6.286,6.104,6.145,2494513.0
2026-06-19 04:00:00,6.144,6.145,6.022,6.038,1622567.0
2026-06-19 05:00:00,6.038,6.087,6.036,6.064,773454.0
2026-06-19 06:00:00,6.064,6.08,6.003,6.042,1074524.0
2026-06-19 07:00:00,6.042,6.043,5.964,5.986,1473163.0
2026-06-19 08:00:00,5.986,6.052,5.982,6.052,826170.0
2026-06-19 09:00:00,6.053,6.097,6.025,6.057,1109463.0
2026-06-19 10:00:00,6.058,6.066,6.003,6.036,612322.0
2026-06-19 11:00:00,6.037,6.069,6.006,6.042,540744.0
2026-06-19 12:00:00,6.042,6.122,6.031,6.105,788622.0
2026-06-19 13:00:00,6.105,6.19,6.081,6.161,1004092.0
2026-06-19 14:00:00,6.161,6.174,6.105,6.114,656640.0
2026-06-19 15:00:00,6.115,6.147,6.105,6.118,517669.0
2026-06-19 16:00:00,6.119,6.154,6.062,6.064,1089117.0
2026-06-19 17:00:00,6.065,6.129,5.97,5.988,1784673.0
2026-06-19 18:00:00,5.987,6.047,5.729,5.914,6966179.0
2026-06-19 19:00:00,5.914,5.915,5.673,5.873,4885519.0
2026-06-19 20:00:00,5.874,5.932,5.796,5.926,1628955.0
2026-06-19 21:00:00,5.927,5.943,5.868,5.937,1032883.0
2026-06-19 22:00:00,5.937,5.971,5.922,5.927,710612.0
2026-06-19 23:00:00,5.928,5.934,5.866,5.89,922195.0
2026-06-20 00:00:00,5.89,5.962,5.875,5.896,770796.0
2026-06-20 01:00:00,5.896,5.969,5.892,5.934,615019.0
2026-06-20 02:00:00,5.934,5.952,5.903,5.935,493957.0
2026-06-20 03:00:00,5.935,5.963,5.901,5.943,675821.0
2026-06-20 04:00:00,5.943,5.994,5.927,5.975,480952.0
2026-06-20 05:00:00,5.976,6.048,5.974,6.021,856237.0
2026-06-20 06:00:00,6.021,6.043,5.824,5.937,2656723.0
2026-06-20 07:00:00,5.936,6.258,5.866,6.146,5474020.0
2026-06-20 08:00:00,6.146,6.174,6.094,6.159,1032562.0
2026-06-20 09:00:00,6.159,6.21,6.159,6.185,723173.0
2026-06-20 10:00:00,6.185,6.215,6.162,6.209,585869.0
2026-06-20 11:00:00,6.21,6.217,6.137,6.158,693858.0
2026-06-20 12:00:00,6.159,6.185,6.136,6.163,390546.0
2026-06-20 13:00:00,6.162,6.172,6.025,6.117,2011927.0
2026-06-20 14:00:00,6.117,6.158,6.05,6.103,1175901.0
2026-06-20 15:00:00,6.103,6.157,6.087,6.146,651941.0
2026-06-20 16:00:00,6.146,6.148,6.094,6.137,438882.0
2026-06-20 17:00:00,6.138,6.14,6.065,6.104,462187.0
2026-06-20 18:00:00,6.105,6.123,6.078,6.085,338990.0
2026-06-20 19:00:00,6.086,6.116,6.066,6.112,390092.0
2026-06-20 20:00:00,6.113,6.144,6.102,6.135,376704.0
2026-06-20 21:00:00,6.136,6.2,6.132,6.178,738120.0
2026-06-20 22:00:00,6.177,6.252,6.162,6.237,843705.0
2026-06-20 23:00:00,6.237,6.258,6.223,6.234,465396.0
2026-06-21 00:00:00,6.234,6.287,6.227,6.26,786698.0
2026-06-21 01:00:00,6.261,6.268,6.223,6.243,476051.0
2026-06-21 02:00:00,6.243,6.244,6.211,6.232,294545.0
2026-06-21 03:00:00,6.232,6.269,6.22,6.257,330646.0
2026-06-21 04:00:00,6.258,6.282,6.224,6.233,387283.0
2026-06-21 05:00:00,6.232,6.257,6.201,6.216,383599.0
2026-06-21 06:00:00,6.215,6.247,6.206,6.238,310720.0
2026-06-21 07:00:00,6.238,6.344,6.214,6.284,935520.0
2026-06-21 08:00:00,6.284,6.314,6.23,6.284,749544.0
2026-06-21 09:00:00,6.283,6.338,6.259,6.31,634680.0
2026-06-21 10:00:00,6.31,6.32,6.276,6.298,488433.0
2026-06-21 11:00:00,6.298,6.307,6.256,6.263,479148.0
2026-06-21 12:00:00,6.262,6.285,6.233,6.278,487392.0
2026-06-21 13:00:00,6.278,6.302,6.264,6.294,269147.0
2026-06-21 14:00:00,6.293,6.37,6.258,6.321,741507.0
2026-06-21 15:00:00,6.321,6.343,6.306,6.326,305536.0
2026-06-21 16:00:00,6.327,6.332,6.235,6.268,647473.0
2026-06-21 17:00:00,6.268,6.294,6.227,6.243,411866.0
2026-06-21 18:00:00,6.243,6.275,6.222,6.262,322366.0
2026-06-21 19:00:00,6.261,6.274,6.248,6.259,214673.0
2026-06-21 20:00:00,6.259,6.266,6.178,6.197,636152.0
2026-06-21 21:00:00,6.196,6.205,6.123,6.169,912917.0
2026-06-21 22:00:00,6.169,6.198,6.119,6.139,466642.0
2026-06-21 23:00:00,6.139,6.141,6.091,6.109,496322.0
2026-06-22 00:00:00,6.108,6.209,6.108,6.196,497308.0
2026-06-22 01:00:00,6.197,6.332,6.186,6.262,896858.0
2026-06-22 02:00:00,6.263,6.268,6.223,6.226,311972.0
2026-06-22 03:00:00,6.227,6.29,6.195,6.225,709584.0
2026-06-22 04:00:00,6.226,6.282,6.213,6.27,312308.0
2026-06-22 05:00:00,6.27,6.317,6.264,6.299,391811.0
2026-06-22 06:00:00,6.299,6.302,6.194,6.247,1418858.0
2026-06-22 07:00:00,6.248,6.304,6.243,6.281,482605.0
2026-06-22 08:00:00,6.282,6.285,6.216,6.26,614774.0
2026-06-22 09:00:00,6.26,6.271,6.233,6.237,335152.0
2026-06-22 10:00:00,6.237,6.281,6.234,6.263,262911.0
2026-06-22 11:00:00,6.263,6.376,6.255,6.36,784651.0
2026-06-22 12:00:00,6.361,6.422,6.346,6.401,776527.0
2026-06-22 13:00:00,6.402,6.468,6.358,6.459,1045113.0
2026-06-22 14:00:00,6.46,6.464,6.298,6.327,910841.0
2026-06-22 15:00:00,6.328,6.349,6.274,6.302,553947.0
2026-06-22 16:00:00,6.302,6.328,6.275,6.307,732944.0
2026-06-22 17:00:00,6.307,6.325,6.261,6.313,463351.0
2026-06-22 18:00:00,6.313,6.33,6.255,6.265,361547.0
2026-06-22 19:00:00,6.265,6.275,6.23,6.268,483553.0
2026-06-22 20:00:00,6.268,6.294,6.261,6.274,261921.0
2026-06-22 21:00:00,6.274,6.279,6.213,6.246,273945.0
2026-06-22 22:00:00,6.246,6.267,6.158,6.207,654103.0
2026-06-22 23:00:00,6.206,6.239,6.188,6.236,283184.0
2026-06-23 00:00:00,6.237,6.27,6.206,6.268,388810.0
2026-06-23 01:00:00,6.268,6.293,6.217,6.264,370144.0
2026-06-23 02:00:00,6.264,6.309,6.239,6.298,348833.0
2026-06-23 03:00:00,6.298,6.311,6.272,6.31,313949.0
2026-06-23 04:00:00,6.31,6.331,6.26,6.269,436252.0
2026-06-23 05:00:00,6.27,6.292,6.207,6.234,493669.0
2026-06-23 06:00:00,6.234,6.243,6.065,6.163,2565050.0
2026-06-23 07:00:00,6.164,6.212,6.146,6.154,606464.0
2026-06-23 08:00:00,6.154,6.164,6.003,6.122,1850628.0
2026-06-23 09:00:00,6.122,6.211,6.122,6.207,902770.0
2026-06-23 10:00:00,6.207,6.243,6.166,6.198,738934.0
2026-06-23 11:00:00,6.199,6.258,6.198,6.253,687031.0
2026-06-23 12:00:00,6.254,6.3,6.228,6.242,920386.0
2026-06-23 13:00:00,6.242,6.303,6.212,6.281,1088567.0
2026-06-23 14:00:00,6.281,6.454,6.268,6.322,1931092.0
2026-06-23 15:00:00,6.323,6.383,6.287,6.367,1115103.0
2026-06-23 16:00:00,6.367,6.405,6.323,6.33,1033703.0
2026-06-23 17:00:00,6.33,6.348,6.269,6.279,787289.0
2026-06-23 18:00:00,6.279,6.309,6.266,6.298,545806.0
2026-06-23 19:00:00,6.297,6.348,6.291,6.336,573362.0
2026-06-23 20:00:00,6.337,6.448,6.337,6.409,1361707.0
2026-06-23 21:00:00,6.409,6.447,6.405,6.426,471256.0
2026-06-23 22:00:00,6.426,6.525,6.417,6.468,948871.0
2026-06-23 23:00:00,6.469,6.51,6.437,6.48,634902.0
2026-06-24 00:00:00,6.479,6.54,6.479,6.51,660193.0
2026-06-24 01:00:00,6.511,6.536,6.451,6.452,794232.0
2026-06-24 02:00:00,6.451,6.46,6.407,6.434,767010.0
2026-06-24 03:00:00,6.433,6.449,6.401,6.413,258047.0
2026-06-24 04:00:00,6.413,6.437,6.361,6.422,426519.0
2026-06-24 05:00:00,6.422,6.454,6.422,6.433,369747.0
2026-06-24 06:00:00,6.432,6.453,6.405,6.417,326820.0
2026-06-24 07:00:00,6.417,6.423,6.347,6.389,725666.0
2026-06-24 08:00:00,6.39,6.41,6.374,6.402,374758.0
2026-06-24 09:00:00,6.402,6.413,6.384,6.406,350221.0
2026-06-24 10:00:00,6.407,6.428,6.382,6.399,537193.0
2026-06-24 11:00:00,6.399,6.492,6.366,6.443,746807.0
2026-06-24 12:00:00,6.443,6.445,6.407,6.421,460967.0
2026-06-24 13:00:00,6.422,6.425,6.281,6.301,2159261.0
2026-06-24 14:00:00,6.302,6.354,6.281,6.325,1034112.0
2026-06-24 15:00:00,6.325,6.329,6.201,6.23,1114702.0
2026-06-24 16:00:00,6.229,6.302,6.093,6.139,1653987.0
2026-06-24 17:00:00,6.14,6.17,5.989,6.018,1642453.0
2026-06-24 18:00:00,6.018,6.155,5.999,6.094,1224030.0
2026-06-24 19:00:00,6.094,6.143,6.068,6.138,743102.0
2026-06-24 20:00:00,6.139,6.362,6.114,6.334,1434626.0
2026-06-24 21:00:00,6.335,6.384,6.3,6.376,494035.0
2026-06-24 22:00:00,6.377,6.488,6.377,6.419,981010.0
2026-06-24 23:00:00,6.42,6.468,6.398,6.442,479664.0
2026-06-25 00:00:00,6.442,6.48,6.385,6.4,564444.0
2026-06-25 01:00:00,6.4,6.43,6.392,6.421,282724.0
2026-06-25 02:00:00,6.421,6.458,6.386,6.406,518285.0
2026-06-25 03:00:00,6.406,6.43,6.386,6.409,282990.0
2026-06-25 04:00:00,6.409,6.5,6.383,6.48,409052.0
2026-06-25 05:00:00,6.48,6.635,6.478,6.546,1592043.0
2026-06-25 06:00:00,6.546,6.617,6.545,6.574,537587.0
2026-06-25 07:00:00,6.574,6.586,6.516,6.527,752990.0
2026-06-25 08:00:00,6.527,6.531,6.483,6.506,416223.0
2026-06-25 09:00:00,6.506,6.511,6.483,6.5,253807.0
2026-06-25 10:00:00,6.499,6.505,6.418,6.429,648295.0
2026-06-25 11:00:00,6.429,6.44,6.376,6.398,558339.0
2026-06-25 12:00:00,6.398,6.441,6.334,6.373,813011.0
2026-06-25 13:00:00,6.374,6.388,5.946,5.974,2673905.0
2026-06-25 14:00:00,5.974,6.229,5.972,6.12,2741481.0
2026-06-25 15:00:00,6.12,6.13,6.031,6.113,1073815.0
2026-06-25 16:00:00,6.113,6.169,6.067,6.101,654788.0
2026-06-25 17:00:00,6.102,6.257,6.102,6.255,1357260.0
2026-06-25 18:00:00,6.254,6.256,6.113,6.136,842599.0
2026-06-25 19:00:00,6.136,6.137,6.04,6.104,854587.0
2026-06-25 20:00:00,6.104,6.177,6.104,6.135,619025.0
2026-06-25 21:00:00,6.136,6.25,6.132,6.249,453820.0
2026-06-25 22:00:00,6.249,6.256,6.188,6.199,340888.0
2026-06-25 23:00:00,6.199,6.267,6.195,6.231,358203.0
2026-06-26 00:00:00,6.232,6.243,6.2,6.208,280462.0
2026-06-26 01:00:00,6.207,6.226,6.115,6.126,539114.0
2026-06-26 02:00:00,6.126,6.13,5.979,5.992,1003076.0
2026-06-26 03:00:00,5.992,6.154,5.957,6.139,908683.0
2026-06-26 04:00:00,6.138,6.153,6.076,6.082,433087.0
2026-06-26 05:00:00,6.082,6.128,6.071,6.104,392258.0
2026-06-26 06:00:00,6.103,6.252,6.072,6.242,861139.0
2026-06-26 07:00:00,6.243,6.332,6.24,6.308,1125702.0
2026-06-26 08:00:00,6.308,6.319,6.21,6.222,692142.0
2026-06-26 09:00:00,6.222,6.258,6.147,6.156,699211.0
2026-06-26 10:00:00,6.156,6.175,6.136,6.147,405318.0
2026-06-26 11:00:00,6.146,6.171,6.101,6.132,364766.0
2026-06-26 12:00:00,6.132,6.186,6.065,6.095,673838.0
2026-06-26 13:00:00,6.095,6.258,6.038,6.25,1120956.0
2026-06-26 14:00:00,6.251,6.283,6.2,6.222,1049002.0
2026-06-26 15:00:00,6.223,6.374,6.206,6.37,1119041.0
2026-06-26 16:00:00,6.37,6.455,6.338,6.378,1429254.0
2026-06-26 17:00:00,6.379,6.523,6.371,6.466,1383665.0
2026-06-26 18:00:00,6.467,6.502,6.387,6.399,601974.0
2026-06-26 19:00:00,6.399,6.445,6.367,6.378,616967.0
2026-06-26 20:00:00,6.378,6.448,6.342,6.354,580024.0
2026-06-26 21:00:00,6.355,6.383,6.331,6.344,267802.0
2026-06-26 22:00:00,6.344,6.547,6.315,6.529,1337275.0
2026-06-26 23:00:00,6.528,6.629,6.522,6.629,991478.0
2026-06-27 00:00:00,6.629,6.667,6.517,6.586,1350178.0
2026-06-27 01:00:00,6.586,6.587,6.522,6.534,419067.0
2026-06-27 02:00:00,6.534,6.669,6.496,6.65,775483.0
2026-06-27 03:00:00,6.65,6.65,6.537,6.545,536507.0
2026-06-27 04:00:00,6.546,6.593,6.538,6.552,517322.0
2026-06-27 05:00:00,6.551,6.572,6.517,6.565,368357.0
2026-06-27 06:00:00,6.565,6.632,6.534,6.589,548001.0
2026-06-27 07:00:00,6.59,6.597,6.549,6.558,313386.0
2026-06-27 08:00:00,6.559,6.58,6.538,6.561,254603.0
2026-06-27 09:00:00,6.561,6.569,6.508,6.528,297073.0
2026-06-27 10:00:00,6.529,6.538,6.497,6.521,226412.0
2026-06-27 11:00:00,6.522,6.577,6.444,6.575,817178.0
2026-06-27 12:00:00,6.575,6.576,6.516,6.534,378904.0
2026-06-27 13:00:00,6.534,6.585,6.529,6.576,333365.0
2026-06-27 14:00:00,6.577,6.641,6.563,6.612,525825.0
2026-06-27 15:00:00,6.612,6.67,6.602,6.633,740010.0
2026-06-27 16:00:00,6.633,6.648,6.607,6.62,396625.0
2026-06-27 17:00:00,6.619,6.62,6.525,6.532,613393.0
2026-06-27 18:00:00,6.531,6.533,6.494,6.503,317174.0
2026-06-27 19:00:00,6.503,6.517,6.391,6.427,678066.0
2026-06-27 20:00:00,6.426,6.45,6.421,6.428,215004.0
2026-06-27 21:00:00,6.428,6.453,6.37,6.395,421966.0
2026-06-27 22:00:00,6.395,6.43,6.33,6.424,639734.0
2026-06-27 23:00:00,6.424,6.459,6.41,6.427,288279.0
2026-06-28 00:00:00,6.428,6.443,6.405,6.425,312262.0
2026-06-28 01:00:00,6.425,6.425,6.378,6.389,239475.0
2026-06-28 02:00:00,6.389,6.419,6.36,6.366,237480.0
2026-06-28 03:00:00,6.367,6.407,6.363,6.401,149795.0
2026-06-28 04:00:00,6.402,6.406,6.371,6.393,152481.0
2026-06-28 05:00:00,6.393,6.395,6.349,6.369,221790.0
2026-06-28 06:00:00,6.37,6.382,6.296,6.325,411361.0
2026-06-28 07:00:00,6.325,6.359,6.313,6.336,250791.0
2026-06-28 08:00:00,6.336,6.379,6.303,6.362,404001.0
2026-06-28 09:00:00,6.363,6.393,6.307,6.321,426197.0
2026-06-28 10:00:00,6.322,6.354,6.31,6.317,223700.0
2026-06-28 11:00:00,6.317,6.36,6.308,6.352,221084.0
2026-06-28 12:00:00,6.352,6.354,6.301,6.319,353072.0
2026-06-28 13:00:00,6.319,6.32,6.279,6.296,313843.0
2026-06-28 14:00:00,6.297,6.34,6.289,6.316,243934.0
2026-06-28 15:00:00,6.317,6.353,6.305,6.322,261149.0
2026-06-28 16:00:00,6.323,6.326,6.266,6.306,471588.0
2026-06-28 17:00:00,6.306,6.334,6.273,6.315,244285.0
2026-06-28 18:00:00,6.314,6.348,6.309,6.344,279231.0
2026-06-28 19:00:00,6.344,6.366,6.303,6.33,229932.0
2026-06-28 20:00:00,6.329,6.47,6.324,6.403,760310.0
2026-06-28 21:00:00,6.404,6.414,6.291,6.322,660246.0
2026-06-28 22:00:00,6.322,6.444,6.309,6.346,659033.0
2026-06-28 23:00:00,6.345,6.485,6.331,6.443,498628.0
2026-06-29 00:00:00,6.443,6.486,6.359,6.478,638889.0
2026-06-29 01:00:00,6.479,6.543,6.42,6.503,493517.0
2026-06-29 02:00:00,6.504,6.537,6.4,6.518,652255.0
2026-06-29 03:00:00,6.519,6.66,6.516,6.613,911083.0
2026-06-29 04:00:00,6.614,6.631,6.52,6.584,983429.0
2026-06-29 05:00:00,6.585,6.614,6.497,6.609,625665.0
2026-06-29 06:00:00,6.61,6.646,6.525,6.534,729371.0
2026-06-29 07:00:00,6.535,6.563,6.493,6.546,548818.0
2026-06-29 08:00:00,6.547,6.57,6.495,6.525,474715.0
2026-06-29 09:00:00,6.525,6.609,6.519,6.607,390580.0
2026-06-29 10:00:00,6.607,6.626,6.558,6.594,476908.0
2026-06-29 11:00:00,6.594,6.607,6.533,6.57,475806.0
2026-06-29 12:00:00,6.57,6.708,6.523,6.563,1198006.0
2026-06-29 13:00:00,6.564,6.618,6.518,6.561,856412.0
2026-06-29 14:00:00,6.561,6.562,6.443,6.562,927971.0
2026-06-29 15:00:00,6.562,6.666,6.491,6.655,908569.0
2026-06-29 16:00:00,6.655,6.699,6.622,6.684,747781.0
2026-06-29 17:00:00,6.683,6.818,6.681,6.754,1598003.0
2026-06-29 18:00:00,6.754,6.766,6.716,6.722,501661.0
2026-06-29 19:00:00,6.723,6.74,6.701,6.72,366272.0
2026-06-29 20:00:00,6.72,6.733,6.666,6.666,405436.0
2026-06-29 21:00:00,6.666,6.716,6.656,6.698,308138.0
2026-06-29 22:00:00,6.698,6.714,6.683,6.693,241996.0
2026-06-29 23:00:00,6.692,6.697,6.656,6.674,226959.0
2026-06-30 00:00:00,6.675,6.677,6.608,6.649,428304.0
2026-06-30 01:00:00,6.65,6.673,6.622,6.654,380654.0
2026-06-30 02:00:00,6.654,6.673,6.622,6.666,248096.0
2026-06-30 03:00:00,6.667,6.668,6.619,6.625,264513.0
2026-06-30 04:00:00,6.626,6.636,6.595,6.628,265398.0
2026-06-30 05:00:00,6.628,6.634,6.575,6.608,309070.0
2026-06-30 06:00:00,6.608,6.612,6.57,6.594,248856.0
2026-06-30 07:00:00,6.594,6.613,6.564,6.574,374079.0
2026-06-30 08:00:00,6.574,6.642,6.56,6.635,550604.0
2026-06-30 09:00:00,6.636,6.651,6.594,6.63,505033.0
2026-06-30 10:00:00,6.63,6.636,6.594,6.603,214381.0
2026-06-30 11:00:00,6.603,6.61,6.519,6.529,628869.0
2026-06-30 12:00:00,6.529,6.53,6.383,6.391,1256125.0
2026-06-30 13:00:00,6.392,6.477,6.381,6.47,820372.0
2026-06-30 14:00:00,6.47,6.527,6.433,6.445,816278.0
2026-06-30 15:00:00,6.446,6.53,6.428,6.495,445579.0
2026-06-30 16:00:00,6.496,6.555,6.462,6.536,566229.0
2026-06-30 17:00:00,6.536,6.576,6.503,6.503,448071.0
2026-06-30 18:00:00,6.502,6.558,6.486,6.554,514390.0
2026-06-30 19:00:00,6.553,6.596,6.533,6.571,378305.0
2026-06-30 20:00:00,6.571,6.59,6.538,6.55,242473.0
2026-06-30 21:00:00,6.55,6.559,6.524,6.55,251913.0
2026-06-30 22:00:00,6.55,6.572,6.506,6.514,329327.0
2026-06-30 23:00:00,6.515,6.538,6.502,6.534,197856.0
2026-07-01 00:00:00,6.534,6.551,6.507,6.537,347067.0
2026-07-01 01:00:00,6.537,6.592,6.421,6.565,794471.0
2026-07-01 02:00:00,6.565,6.624,6.543,6.601,530159.0
2026-07-01 03:00:00,6.601,6.725,6.601,6.703,922005.0
2026-07-01 04:00:00,6.703,6.72,6.669,6.697,535038.0
2026-07-01 05:00:00,6.696,6.703,6.65,6.678,454483.0
2026-07-01 06:00:00,6.678,6.682,6.6,6.631,577461.0
2026-07-01 07:00:00,6.632,6.658,6.613,6.648,352132.0
2026-07-01 08:00:00,6.648,6.666,6.611,6.663,353216.0
2026-07-01 09:00:00,6.664,6.693,6.644,6.681,376402.0
2026-07-01 10:00:00,6.682,6.691,6.616,6.643,368792.0
2026-07-01 11:00:00,6.644,6.667,6.624,6.654,238090.0
2026-07-01 12:00:00,6.655,6.66,6.591,6.605,469287.0
2026-07-01 13:00:00,6.605,6.659,6.556,6.642,944635.0
2026-07-01 14:00:00,6.642,6.71,6.627,6.665,755792.0
2026-07-01 15:00:00,6.664,6.745,6.66,6.726,747651.0
2026-07-01 16:00:00,6.726,6.756,6.683,6.691,573454.0
2026-07-01 17:00:00,6.692,6.75,6.663,6.742,397850.0
2026-07-01 18:00:00,6.741,6.749,6.698,6.716,373121.0
2026-07-01 19:00:00,6.716,6.732,6.671,6.69,506050.0
2026-07-01 20:00:00,6.69,6.707,6.665,6.706,381682.0
2026-07-01 21:00:00,6.707,6.794,6.701,6.774,600383.0
2026-07-01 22:00:00,6.774,6.81,6.715,6.725,601719.0
2026-07-01 23:00:00,6.725,6.725,6.657,6.662,392977.0
2026-07-02 00:00:00,6.662,6.664,6.607,6.638,529501.0
2026-07-02 01:00:00,6.639,6.725,6.635,6.691,452925.0
2026-07-02 02:00:00,6.691,6.701,6.665,6.667,237522.0
2026-07-02 03:00:00,6.667,6.722,6.648,6.71,549236.0
2026-07-02 04:00:00,6.71,6.727,6.698,6.722,326146.0
2026-07-02 05:00:00,6.722,6.728,6.679,6.69,345494.0
2026-07-02 06:00:00,6.689,6.702,6.657,6.669,367197.0
2026-07-02 07:00:00,6.668,6.688,6.661,6.666,225533.0
2026-07-02 08:00:00,6.666,6.709,6.66,6.706,249830.0
2026-07-02 09:00:00,6.706,6.775,6.69,6.76,639892.0
2026-07-02 10:00:00,6.76,6.794,6.747,6.793,392617.0
2026-07-02 11:00:00,6.794,6.812,6.76,6.778,718326.0
2026-07-02 12:00:00,6.777,6.83,6.751,6.813,769604.0
2026-07-02 13:00:00,6.813,6.877,6.79,6.813,1139773.0
2026-07-02 14:00:00,6.813,6.842,6.733,6.763,1252313.0
2026-07-02 15:00:00,6.763,6.784,6.734,6.771,438280.0
2026-07-02 16:00:00,6.772,6.78,6.732,6.769,527851.0
2026-07-02 17:00:00,6.769,6.785,6.729,6.748,324797.0
2026-07-02 18:00:00,6.748,6.763,6.741,6.752,203103.0
2026-07-02 19:00:00,6.751,6.759,6.713,6.74,316419.0
2026-07-02 20:00:00,6.74,6.756,6.717,6.749,307179.0
2026-07-02 21:00:00,6.748,6.794,6.747,6.782,314252.0
2026-07-02 22:00:00,6.781,6.82,6.757,6.81,405000.0
2026-07-02 23:00:00,6.809,6.811,6.784,6.798,225917.0
2026-07-03 00:00:00,6.798,6.812,6.779,6.786,310725.0
2026-07-03 01:00:00,6.786,6.865,6.784,6.851,430504.0
2026-07-03 02:00:00,6.851,6.869,6.818,6.856,365746.0
2026-07-03 03:00:00,6.855,6.877,6.827,6.847,416624.0
2026-07-03 04:00:00,6.846,6.85,6.808,6.814,352245.0
2026-07-03 05:00:00,6.814,6.872,6.806,6.846,315262.0
2026-07-03 06:00:00,6.847,6.876,6.836,6.852,333364.0
2026-07-03 07:00:00,6.853,6.858,6.825,6.835,280758.0
2026-07-03 08:00:00,6.835,6.89,6.823,6.839,782161.0
2026-07-03 09:00:00,6.839,6.856,6.828,6.833,337437.0
2026-07-03 10:00:00,6.833,6.908,6.832,6.876,613876.0
2026-07-03 11:00:00,6.877,6.912,6.87,6.897,353300.0
2026-07-03 12:00:00,6.897,6.921,6.844,6.868,699728.0
2026-07-03 13:00:00,6.868,6.874,6.834,6.847,514351.0
2026-07-03 14:00:00,6.848,6.857,6.801,6.854,509562.0
2026-07-03 15:00:00,6.854,6.892,6.815,6.825,558565.0
2026-07-03 16:00:00,6.825,6.83,6.786,6.819,550168.0
2026-07-03 17:00:00,6.818,6.874,6.81,6.862,465773.0
2026-07-03 18:00:00,6.863,6.884,6.851,6.87,191024.0
2026-07-03 19:00:00,6.869,6.937,6.865,6.912,617972.0
2026-07-03 20:00:00,6.911,7.007,6.907,6.986,703065.0
2026-07-03 21:00:00,6.986,7.041,6.951,6.999,660984.0
2026-07-03 22:00:00,7.0,7.002,6.93,6.943,353221.0
2026-07-03 23:00:00,6.943,6.965,6.916,6.944,220753.0
2026-07-04 00:00:00,6.943,6.967,6.923,6.928,284095.0
2026-07-04 01:00:00,6.928,6.928,6.859,6.878,429585.0
2026-07-04 02:00:00,6.878,6.905,6.866,6.896,207519.0
2026-07-04 03:00:00,6.896,6.933,6.883,6.929,209938.0
2026-07-04 04:00:00,6.929,6.946,6.902,6.925,224900.0
2026-07-04 05:00:00,6.924,6.944,6.891,6.893,323751.0
2026-07-04 06:00:00,6.892,6.916,6.843,6.862,407050.0
2026-07-04 07:00:00,6.861,6.872,6.836,6.862,162195.0
2026-07-04 08:00:00,6.862,6.872,6.846,6.856,270412.0
2026-07-04 09:00:00,6.857,6.861,6.813,6.82,408623.0
2026-07-04 10:00:00,6.82,6.844,6.812,6.837,276411.0
2026-07-04 11:00:00,6.837,6.863,6.829,6.851,216000.0
2026-07-04 12:00:00,6.851,6.884,6.851,6.881,210382.0
2026-07-04 13:00:00,6.882,6.914,6.86,6.881,307746.0
2026-07-04 14:00:00,6.88,6.946,6.879,6.936,398262.0
2026-07-04 15:00:00,6.936,7.007,6.936,6.985,693835.0
2026-07-04 16:00:00,6.984,6.996,6.96,6.976,405351.0
2026-07-04 17:00:00,6.975,7.112,6.937,7.086,1063499.0
2026-07-04 18:00:00,7.086,7.095,7.025,7.046,672108.0
2026-07-04 19:00:00,7.045,7.058,6.997,7.008,234854.0
2026-07-04 20:00:00,7.008,7.02,6.969,6.988,354396.0
2026-07-04 21:00:00,6.988,7.022,6.986,7.014,195113.0
2026-07-04 22:00:00,7.013,7.023,6.976,6.993,161207.0
2026-07-04 23:00:00,6.993,6.993,6.91,6.962,411170.0
2026-07-05 00:00:00,6.962,6.967,6.897,6.915,422555.0
2026-07-05 01:00:00,6.914,6.931,6.874,6.893,365508.0
2026-07-05 02:00:00,6.892,6.899,6.792,6.801,774766.0
2026-07-05 03:00:00,6.802,6.827,6.775,6.801,488213.0
2026-07-05 04:00:00,6.801,6.813,6.772,6.783,344873.0
2026-07-05 05:00:00,6.782,6.804,6.757,6.774,464003.0
2026-07-05 06:00:00,6.774,6.8,6.745,6.794,430513.0
2026-07-05 07:00:00,6.795,6.824,6.772,6.811,373480.0
2026-07-05 08:00:00,6.812,6.832,6.802,6.813,267222.0
2026-07-05 09:00:00,6.814,6.829,6.772,6.782,705393.0
2026-07-05 10:00:00,6.783,6.869,6.769,6.845,639898.0
2026-07-05 11:00:00,6.845,6.891,6.839,6.876,360296.0
2026-07-05 12:00:00,6.877,6.912,6.85,6.878,362781.0
2026-07-05 13:00:00,6.879,6.909,6.862,6.907,219542.0
2026-07-05 14:00:00,6.908,6.908,6.873,6.908,271081.0
2026-07-05 15:00:00,6.908,6.947,6.898,6.926,449182.0
2026-07-05 16:00:00,6.926,6.94,6.913,6.929,270823.0
2026-07-05 17:00:00,6.929,6.974,6.912,6.92,415623.0
2026-07-05 18:00:00,6.919,6.95,6.914,6.927,210438.0
2026-07-05 19:00:00,6.926,6.939,6.898,6.915,430505.0
2026-07-05 20:00:00,6.915,6.916,6.891,6.901,292121.0
2026-07-05 21:00:00,6.901,6.971,6.877,6.953,454977.0
2026-07-05 22:00:00,6.953,7.006,6.93,6.95,632259.0
2026-07-05 23:00:00,6.949,6.98,6.916,6.922,305033.0
2026-07-06 00:00:00,6.922,6.931,6.844,6.904,548424.0
2026-07-06 01:00:00,6.904,6.949,6.879,6.883,532649.0
2026-07-06 02:00:00,6.883,6.917,6.857,6.901,291034.0
2026-07-06 03:00:00,6.9,6.927,6.878,6.915,258299.0
2026-07-06 04:00:00,6.914,6.963,6.902,6.929,312302.0
2026-07-06 05:00:00,6.929,6.932,6.826,6.867,559405.0
2026-07-06 06:00:00,6.867,6.91,6.853,6.883,399525.0
2026-07-06 07:00:00,6.883,6.955,6.872,6.927,303607.0
2026-07-06 08:00:00,6.928,6.938,6.851,6.87,488149.0
2026-07-06 09:00:00,6.87,6.871,6.814,6.822,449847.0
2026-07-06 10:00:00,6.822,6.861,6.816,6.852,242051.0
2026-07-06 11:00:00,6.853,6.859,6.811,6.814,254558.0
2026-07-06 12:00:00,6.813,6.814,6.711,6.739,1414213.0
2026-07-06 13:00:00,6.738,6.808,6.706,6.787,1215205.0
2026-07-06 14:00:00,6.787,6.838,6.771,6.801,757551.0
2026-07-06 15:00:00,6.802,6.921,6.8,6.916,828805.0
2026-07-06 16:00:00,6.915,6.989,6.904,6.954,1132449.0
2026-07-06 17:00:00,6.954,6.958,6.893,6.903,422149.0
2026-07-06 18:00:00,6.904,6.981,6.902,6.954,398051.0
2026-07-06 19:00:00,6.953,6.992,6.952,6.958,416421.0
2026-07-06 20:00:00,6.959,6.961,6.903,6.913,544597.0
2026-07-06 21:00:00,6.913,7.088,6.912,7.008,1214313.0
2026-07-06 22:00:00,7.008,7.021,6.987,6.998,303596.0
2026-07-06 23:00:00,6.997,7.008,6.919,6.927,313070.0
2026-07-07 00:00:00,6.928,6.948,6.883,6.897,409639.0
2026-07-07 01:00:00,6.897,6.898,6.812,6.832,597035.0
2026-07-07 02:00:00,6.832,6.843,6.794,6.82,386178.0
2026-07-07 03:00:00,6.82,6.826,6.777,6.8,288099.0
2026-07-07 04:00:00,6.8,6.803,6.744,6.764,501809.0
2026-07-07 05:00:00,6.765,6.765,6.691,6.751,812163.0
2026-07-07 06:00:00,6.751,6.785,6.732,6.772,467498.0
2026-07-07 07:00:00,6.772,6.814,6.749,6.761,749317.0
2026-07-07 08:00:00,6.761,6.766,6.732,6.747,421532.0
2026-07-07 09:00:00,6.747,6.788,6.742,6.778,412503.0
2026-07-07 10:00:00,6.778,6.798,6.743,6.752,322496.0
2026-07-07 11:00:00,6.752,6.794,6.737,6.79,245075.0
2026-07-07 12:00:00,6.79,6.819,6.763,6.767,466258.0
2026-07-07 13:00:00,6.767,6.78,6.722,6.755,628530.0
2026-07-07 14:00:00,6.754,6.786,6.644,6.721,1322554.0
2026-07-07 15:00:00,6.721,6.792,6.696,6.765,901448.0
2026-07-07 16:00:00,6.766,6.806,6.742,6.78,542750.0
2026-07-07 17:00:00,6.781,6.799,6.762,6.796,315352.0
2026-07-07 18:00:00,6.797,6.805,6.734,6.742,416820.0
2026-07-07 19:00:00,6.741,6.765,6.688,6.753,662677.0
2026-07-07 20:00:00,6.754,6.768,6.724,6.739,296984.0
2026-07-07 21:00:00,6.739,6.747,6.674,6.683,371049.0
2026-07-07 22:00:00,6.682,6.722,6.655,6.702,336446.0
2026-07-07 23:00:00,6.702,6.717,6.68,6.686,189517.0
2026-07-08 00:00:00,6.687,6.695,6.644,6.663,660478.0
2026-07-08 01:00:00,6.664,6.669,6.476,6.493,1311793.0
2026-07-08 02:00:00,6.493,6.493,6.345,6.401,1725381.0
2026-07-08 03:00:00,6.401,6.435,6.379,6.388,436642.0
2026-07-08 04:00:00,6.387,6.412,6.361,6.399,507198.0
2026-07-08 05:00:00,6.4,6.445,6.392,6.411,515187.0
2026-07-08 06:00:00,6.412,6.414,6.372,6.396,310005.0
2026-07-08 07:00:00,6.397,6.455,6.379,6.442,535350.0
2026-07-08 08:00:00,6.443,6.449,6.311,6.347,1274719.0
2026-07-08 09:00:00,6.348,6.38,6.336,6.367,504101.0
2026-07-08 10:00:00,6.368,6.437,6.346,6.416,597786.0
2026-07-08 11:00:00,6.416,6.451,6.396,6.437,394470.0
2026-07-08 12:00:00,6.437,6.439,6.397,6.399,313612.0
2026-07-08 13:00:00,6.398,6.473,6.365,6.45,1031265.0
2026-07-08 14:00:00,6.449,6.467,6.371,6.403,380343.0
2026-07-08 15:00:00,6.404,6.408,6.341,6.377,421212.0
2026-07-08 16:00:00,6.378,6.434,6.375,6.42,496109.0
2026-07-08 17:00:00,6.421,6.469,6.416,6.431,384776.0
2026-07-08 18:00:00,6.431,6.479,6.427,6.458,310213.0
2026-07-08 19:00:00,6.459,6.469,6.438,6.452,169007.0
2026-07-08 20:00:00,6.453,6.463,6.425,6.432,193481.0
2026-07-08 21:00:00,6.432,6.467,6.411,6.452,259059.0
2026-07-08 22:00:00,6.453,6.468,6.449,6.454,133674.0
2026-07-08 23:00:00,6.453,6.472,6.445,6.471,152214.0
2026-07-09 00:00:00,6.471,6.497,6.436,6.447,414318.0
2026-07-09 01:00:00,6.447,6.544,6.445,6.489,845622.0
2026-07-09 02:00:00,6.489,6.527,6.437,6.438,413812.0
2026-07-09 03:00:00,6.438,6.477,6.423,6.461,333544.0
2026-07-09 04:00:00,6.46,6.529,6.458,6.525,306026.0
2026-07-09 05:00:00,6.524,6.61,6.512,6.598,600022.0
2026-07-09 06:00:00,6.598,6.776,6.579,6.765,1347612.0
2026-07-09 07:00:00,6.765,6.809,6.731,6.742,1467767.0
2026-07-09 08:00:00,6.742,6.764,6.719,6.734,554702.0
2026-07-09 09:00:00,6.733,6.752,6.701,6.726,404748.0
2026-07-09 10:00:00,6.725,6.735,6.661,6.685,421049.0
2026-07-09 11:00:00,6.685,6.712,6.672,6.706,355253.0
2026-07-09 12:00:00,6.707,6.74,6.685,6.722,580692.0
2026-07-09 13:00:00,6.722,6.781,6.71,6.768,418163.0
2026-07-09 14:00:00,6.769,6.786,6.711,6.717,518935.0
2026-07-09 15:00:00,6.718,6.779,6.718,6.75,507554.0
2026-07-09 16:00:00,6.75,6.763,6.692,6.705,405689.0
2026-07-09 17:00:00,6.705,6.75,6.699,6.743,304800.0
2026-07-09 18:00:00,6.743,6.774,6.737,6.737,412430.0
2026-07-09 19:00:00,6.738,6.749,6.715,6.722,282952.0
2026-07-09 20:00:00,6.721,6.726,6.683,6.72,335328.0
2026-07-09 21:00:00,6.72,6.732,6.707,6.72,184154.0
2026-07-09 22:00:00,6.72,6.727,6.694,6.696,176283.0
2026-07-09 23:00:00,6.696,6.706,6.675,6.675,214135.0
2026-07-10 00:00:00,6.676,6.694,6.661,6.682,321009.0
2026-07-10 01:00:00,6.683,6.813,6.668,6.771,724688.0
2026-07-10 02:00:00,6.771,6.796,6.768,6.785,392772.0
2026-07-10 03:00:00,6.785,6.789,6.731,6.776,389950.0
2026-07-10 04:00:00,6.777,6.806,6.771,6.79,236547.0
2026-07-10 05:00:00,6.79,6.833,6.782,6.798,330297.0
2026-07-10 06:00:00,6.799,6.805,6.771,6.779,183092.0
2026-07-10 07:00:00,6.78,6.782,6.738,6.749,581389.0
2026-07-10 08:00:00,6.75,6.812,6.748,6.771,447383.0
2026-07-10 09:00:00,6.77,6.774,6.733,6.751,394854.0
2026-07-10 10:00:00,6.751,6.786,6.735,6.766,333210.0
2026-07-10 11:00:00,6.767,6.774,6.74,6.747,236243.0
2026-07-10 12:00:00,6.747,6.765,6.718,6.728,366002.0
2026-07-10 13:00:00,6.728,6.783,6.715,6.767,511937.0
2026-07-10 14:00:00,6.767,6.771,6.648,6.689,954579.0
2026-07-10 15:00:00,6.689,6.74,6.684,6.74,344637.0
2026-07-10 16:00:00,6.74,6.77,6.717,6.754,349495.0
2026-07-10 17:00:00,6.753,6.764,6.731,6.731,196540.0
2026-07-10 18:00:00,6.731,6.756,6.703,6.714,247463.0
2026-07-10 19:00:00,6.714,6.764,6.706,6.739,230214.0
2026-07-10 20:00:00,6.739,6.75,6.727,6.735,140954.0
2026-07-10 21:00:00,6.735,6.764,6.735,6.755,136599.0
2026-07-10 22:00:00,6.755,6.762,6.746,6.749,86022.0
2026-07-10 23:00:00,6.749,6.75,6.732,6.735,105207.0
2026-07-11 00:00:00,6.735,6.753,6.72,6.729,159919.0
2026-07-11 01:00:00,6.73,6.742,6.705,6.706,180693.0
2026-07-11 02:00:00,6.706,6.736,6.701,6.726,180476.0
2026-07-11 03:00:00,6.726,6.73,6.709,6.721,97993.0
2026-07-11 04:00:00,6.72,6.735,6.712,6.724,95972.0
2026-07-11 05:00:00,6.723,6.723,6.696,6.704,152993.0
2026-07-11 06:00:00,6.704,6.723,6.692,6.705,163614.0
2026-07-11 07:00:00,6.705,6.718,6.7,6.705,118886.0
2026-07-11 08:00:00,6.705,6.715,6.692,6.711,132025.0
2026-07-11 09:00:00,6.711,6.718,6.682,6.692,216922.0
2026-07-11 10:00:00,6.693,6.724,6.688,6.71,149253.0
2026-07-11 11:00:00,6.71,6.736,6.706,6.717,185589.0
2026-07-11 12:00:00,6.716,6.743,6.716,6.732,139772.0
2026-07-11 13:00:00,6.731,6.745,6.713,6.74,158361.0
2026-07-11 14:00:00,6.74,6.788,6.737,6.748,335680.0
2026-07-11 15:00:00,6.748,6.787,6.713,6.748,500095.0
2026-07-11 16:00:00,6.747,6.75,6.724,6.739,247329.0
2026-07-11 17:00:00,6.738,6.774,6.729,6.756,214606.0
2026-07-11 18:00:00,6.755,6.781,6.745,6.76,232351.0
2026-07-11 19:00:00,6.76,6.768,6.74,6.748,169634.0
2026-07-11 20:00:00,6.747,6.758,6.746,6.75,93573.0
2026-07-11 21:00:00,6.75,6.757,6.726,6.733,170289.0
2026-07-11 22:00:00,6.733,6.734,6.674,6.682,365875.0
2026-07-11 23:00:00,6.681,6.696,6.537,6.546,1345218.0
2026-07-12 00:00:00,6.546,6.546,6.418,6.448,1494423.0
2026-07-12 01:00:00,6.449,6.512,6.44,6.511,517941.0
2026-07-12 02:00:00,6.512,6.512,6.487,6.494,244515.0
2026-07-12 03:00:00,6.494,6.531,6.489,6.522,269712.0
2026-07-12 04:00:00,6.521,6.536,6.402,6.434,970108.0
2026-07-12 05:00:00,6.434,6.463,6.429,6.44,471823.0
2026-07-12 06:00:00,6.44,6.442,6.272,6.338,2000240.0
2026-07-12 07:00:00,6.338,6.396,6.318,6.373,542594.0
2026-07-12 08:00:00,6.373,6.404,6.365,6.388,428777.0
2026-07-12 09:00:00,6.388,6.418,6.373,6.409,411988.0
2026-07-12 10:00:00,6.41,6.411,6.393,6.402,212623.0
2026-07-12 11:00:00,6.402,6.442,6.371,6.426,376205.0
2026-07-12 12:00:00,6.426,6.452,6.413,6.431,369712.0
2026-07-12 13:00:00,6.431,6.453,6.424,6.442,323996.0
2026-07-12 14:00:00,6.442,6.478,6.422,6.453,342297.0
2026-07-12 15:00:00,6.452,6.468,6.428,6.435,283246.0
2026-07-12 16:00:00,6.436,6.44,6.386,6.418,590500.0
2026-07-12 17:00:00,6.418,6.438,6.394,6.418,286051.0
2026-07-12 18:00:00,6.418,6.476,6.412,6.474,265373.0
2026-07-12 19:00:00,6.474,6.476,6.447,6.467,272609.0
2026-07-12 20:00:00,6.466,6.474,6.444,6.461,222898.0
2026-07-12 21:00:00,6.46,6.478,6.416,6.425,327752.0
2026-07-12 22:00:00,6.425,6.425,6.365,6.394,595837.0
2026-07-12 23:00:00,6.393,6.415,6.381,6.403,273778.0
2026-07-13 00:00:00,6.403,6.562,6.397,6.456,1023100.0
2026-07-13 01:00:00,6.455,6.465,6.406,6.418,400128.0
2026-07-13 02:00:00,6.419,6.529,6.4,6.487,632728.0
2026-07-13 03:00:00,6.486,6.495,6.413,6.487,705276.0
2026-07-13 04:00:00,6.487,6.515,6.457,6.473,695867.0
2026-07-13 05:00:00,6.475,6.522,6.45,6.491,523691.0
2026-07-13 06:00:00,6.492,6.513,6.473,6.485,295582.0
2026-07-13 07:00:00,6.486,6.513,6.476,6.504,311662.0
2026-07-13 08:00:00,6.505,6.529,6.486,6.526,300296.0
2026-07-13 09:00:00,6.527,6.669,6.523,6.634,1842302.0
2026-07-13 10:00:00,6.635,6.672,6.6,6.624,937674.0
2026-07-13 11:00:00,6.625,6.666,6.618,6.642,574581.0
2026-07-13 12:00:00,6.642,6.652,6.561,6.601,772855.0
2026-07-13 13:00:00,6.601,6.682,6.552,6.555,1146870.0
2026-07-13 14:00:00,6.555,6.675,6.525,6.656,1260530.0
2026-07-13 15:00:00,6.655,6.67,6.55,6.56,851969.0
2026-07-13 16:00:00,6.56,6.582,6.481,6.507,858012.0
2026-07-13 17:00:00,6.508,6.519,6.421,6.433,640753.0
2026-07-13 18:00:00,6.433,6.465,6.415,6.439,517840.0
2026-07-13 19:00:00,6.439,6.482,6.434,6.471,393000.0
2026-07-13 20:00:00,6.471,6.486,6.424,6.443,333892.0
2026-07-13 21:00:00,6.444,6.445,6.331,6.394,713540.0
2026-07-13 22:00:00,6.394,6.427,6.392,6.393,289924.0
2026-07-13 23:00:00,6.393,6.453,6.376,6.447,296258.0
2026-07-14 00:00:00,6.447,6.484,6.435,6.476,361953.0
2026-07-14 01:00:00,6.477,6.499,6.449,6.486,297119.0
2026-07-14 02:00:00,6.486,6.492,6.446,6.448,268192.0
2026-07-14 03:00:00,6.449,6.458,6.415,6.439,238438.0
2026-07-14 04:00:00,6.439,6.473,6.437,6.448,201634.0
2026-07-14 05:00:00,6.449,6.496,6.441,6.487,284595.0
2026-07-14 06:00:00,6.487,6.513,6.476,6.504,266778.0
2026-07-14 07:00:00,6.504,6.509,6.476,6.477,177923.0
2026-07-14 08:00:00,6.478,6.533,6.475,6.504,282380.0
2026-07-14 09:00:00,6.505,6.522,6.463,6.47,275158.0
2026-07-14 10:00:00,6.471,6.492,6.449,6.468,310244.0
2026-07-14 11:00:00,6.468,6.468,6.433,6.433,264008.0
2026-07-14 12:00:00,6.434,6.604,6.416,6.587,1317716.0
2026-07-14 13:00:00,6.588,6.668,6.559,6.654,1321264.0
2026-07-14 14:00:00,6.655,6.67,6.603,6.653,981603.0
2026-07-14 15:00:00,6.653,6.71,6.619,6.653,825543.0
2026-07-14 16:00:00,6.653,6.683,6.638,6.641,457454.0
2026-07-14 17:00:00,6.64,6.667,6.6,6.659,472487.0
2026-07-14 18:00:00,6.658,6.668,6.637,6.665,289494.0
2026-07-14 19:00:00,6.665,6.685,6.648,6.672,235940.0
2026-07-14 20:00:00,6.672,6.676,6.633,6.642,256782.0
2026-07-14 21:00:00,6.641,6.647,6.628,6.634,183030.0
2026-07-14 22:00:00,6.634,6.695,6.621,6.667,415962.0
2026-07-14 23:00:00,6.667,6.709,6.645,6.709,288905.0
2026-07-15 00:00:00,6.71,6.755,6.662,6.675,607771.0
2026-07-15 01:00:00,6.674,6.688,6.636,6.641,304922.0
2026-07-15 02:00:00,6.641,6.644,6.605,6.608,253169.0
2026-07-15 03:00:00,6.607,6.665,6.603,6.652,262324.0
2026-07-15 04:00:00,6.653,6.67,6.631,6.659,272717.0
2026-07-15 05:00:00,6.659,6.686,6.629,6.683,289653.0
2026-07-15 06:00:00,6.683,6.73,6.677,6.682,490482.0
2026-07-15 07:00:00,6.681,6.681,6.606,6.617,479084.0
2026-07-15 08:00:00,6.618,6.655,6.608,6.648,483455.0
2026-07-15 09:00:00,6.648,6.686,6.648,6.66,310713.0
2026-07-15 10:00:00,6.66,6.68,6.649,6.651,225149.0
2026-07-15 11:00:00,6.652,6.684,6.649,6.664,240590.0
2026-07-15 12:00:00,6.665,6.758,6.653,6.742,754373.0
2026-07-15 13:00:00,6.742,6.771,6.672,6.696,1095658.0
2026-07-15 14:00:00,6.697,6.721,6.663,6.702,493503.0
2026-07-15 15:00:00,6.703,6.738,6.684,6.724,702509.0
2026-07-15 16:00:00,6.725,6.738,6.644,6.693,829554.0
2026-07-15 17:00:00,6.693,6.728,6.688,6.723,352118.0
2026-07-15 18:00:00,6.722,6.745,6.69,6.695,424131.0
2026-07-15 19:00:00,6.694,6.709,6.682,6.691,339322.0
2026-07-15 20:00:00,6.692,6.732,6.687,6.695,262679.0
2026-07-15 21:00:00,6.694,6.709,6.671,6.681,180360.0
2026-07-15 22:00:00,6.681,6.716,6.669,6.693,264671.0
2026-07-15 23:00:00,6.692,6.717,6.684,6.698,189973.0
2026-07-16 00:00:00,6.697,6.724,6.685,6.71,305255.0
2026-07-16 01:00:00,6.71,6.72,6.653,6.709,377382.0
2026-07-16 02:00:00,6.709,6.721,6.692,6.716,145924.0
2026-07-16 03:00:00,6.715,6.728,6.7,6.708,200538.0
2026-07-16 04:00:00,6.709,6.715,6.685,6.701,158962.0
2026-07-16 05:00:00,6.702,6.737,6.697,6.709,231493.0
2026-07-16 06:00:00,6.709,6.725,6.65,6.677,330379.0
2026-07-16 07:00:00,6.677,6.681,6.606,6.623,571435.0
2026-07-16 08:00:00,6.624,6.628,6.532,6.585,1015980.0
2026-07-16 09:00:00,6.586,6.6,6.572,6.576,385557.0
2026-07-16 10:00:00,6.577,6.607,6.566,6.591,190816.0
2026-07-16 11:00:00,6.592,6.592,6.554,6.573,248670.0
2026-07-16 12:00:00,6.573,6.574,6.506,6.532,632376.0
2026-07-16 13:00:00,6.532,6.629,6.527,6.618,552143.0
2026-07-16 14:00:00,6.619,6.654,6.601,6.628,431446.0
2026-07-16 15:00:00,6.629,6.654,6.59,6.624,279740.0
2026-07-16 16:00:00,6.625,6.638,6.591,6.603,397799.0
2026-07-16 17:00:00,6.603,6.604,6.519,6.536,539967.0
2026-07-16 18:00:00,6.537,6.583,6.522,6.574,360500.0
2026-07-16 19:00:00,6.574,6.604,6.572,6.594,240227.0
2026-07-16 20:00:00,6.594,6.602,6.575,6.592,155360.0
2026-07-16 21:00:00,6.592,6.619,6.586,6.599,160217.0
2026-07-16 22:00:00,6.6,6.629,6.545,6.555,344053.0
2026-07-16 23:00:00,6.555,6.555,6.476,6.511,646661.0
2026-07-17 00:00:00,6.512,6.514,6.429,6.497,681041.0
2026-07-17 01:00:00,6.498,6.524,6.454,6.46,284474.0
2026-07-17 02:00:00,6.459,6.488,6.44,6.474,512151.0
2026-07-17 03:00:00,6.474,6.55,6.471,6.523,311136.0
2026-07-17 04:00:00,6.524,6.529,6.477,6.517,260025.0
2026-07-17 05:00:00,6.516,6.521,6.436,6.454,430651.0
2026-07-17 06:00:00,6.454,6.5,6.44,6.496,385572.0
2026-07-17 07:00:00,6.496,6.496,6.463,6.473,200657.0
2026-07-17 08:00:00,6.474,6.478,6.418,6.465,362210.0
2026-07-17 09:00:00,6.465,6.502,6.462,6.495,212295.0
2026-07-17 10:00:00,6.496,6.506,6.484,6.487,188521.0
2026-07-17 11:00:00,6.488,6.497,6.478,6.483,204968.0
2026-07-17 12:00:00,6.484,6.493,6.447,6.45,186206.0
2026-07-17 13:00:00,6.45,6.471,6.365,6.466,1221324.0
2026-07-17 14:00:00,6.466,6.513,6.453,6.455,497293.0
2026-07-17 15:00:00,6.455,6.479,6.403,6.477,451762.0
2026-07-17 16:00:00,6.478,6.579,6.459,6.556,678339.0
2026-07-17 17:00:00,6.557,6.617,6.556,6.594,673118.0
2026-07-17 18:00:00,6.595,6.648,6.576,6.621,641655.0
2026-07-17 19:00:00,6.62,6.621,6.553,6.571,448823.0
2026-07-17 20:00:00,6.57,6.575,6.542,6.56,228133.0
2026-07-17 21:00:00,6.56,6.579,6.55,6.568,196434.0
2026-07-17 22:00:00,6.567,6.575,6.547,6.558,125770.0
2026-07-17 23:00:00,6.558,6.586,6.536,6.585,151987.0
2026-07-18 00:00:00,6.585,6.606,6.572,6.587,233950.0
2026-07-18 01:00:00,6.586,6.633,6.581,6.614,301918.0
2026-07-18 02:00:00,6.615,6.639,6.611,6.624,222498.0
2026-07-18 03:00:00,6.624,6.655,6.619,6.641,286565.0
2026-07-18 04:00:00,6.641,6.66,6.598,6.601,271676.0
2026-07-18 05:00:00,6.601,6.624,6.588,6.6,231648.0
2026-07-18 06:00:00,6.599,6.611,6.591,6.606,160324.0
2026-07-18 07:00:00,6.606,6.631,6.591,6.604,236107.0
2026-07-18 08:00:00,6.605,6.617,6.567,6.574,253100.0
2026-07-18 09:00:00,6.574,6.575,6.522,6.54,391733.0
2026-07-18 10:00:00,6.54,6.551,6.528,6.541,182314.0
2026-07-18 11:00:00,6.541,6.551,6.533,6.54,169507.0
2026-07-18 12:00:00,6.54,6.564,6.508,6.544,365710.0
2026-07-18 13:00:00,6.544,6.547,6.518,6.536,131627.0
2026-07-18 14:00:00,6.537,6.569,6.536,6.563,180010.0
2026-07-18 15:00:00,6.563,6.571,6.537,6.539,227616.0
2026-07-18 16:00:00,6.538,6.557,6.521,6.55,225267.0
2026-07-18 17:00:00,6.551,6.585,6.525,6.565,361322.0
2026-07-18 18:00:00,6.565,6.597,6.551,6.563,186255.0
2026-07-18 19:00:00,6.564,6.575,6.558,6.568,107588.0
2026-07-18 20:00:00,6.569,6.586,6.56,6.571,114828.0
2026-07-18 21:00:00,6.571,6.6,6.565,6.572,160828.0
2026-07-18 22:00:00,6.572,6.591,6.57,6.587,100722.0
2026-07-18 23:00:00,6.587,6.596,6.565,6.57,127286.0
2026-07-19 00:00:00,6.571,6.603,6.568,6.575,221741.0
2026-07-19 01:00:00,6.574,6.585,6.568,6.573,102134.0
2026-07-19 02:00:00,6.573,6.634,6.572,6.618,256691.0
2026-07-19 03:00:00,6.618,6.623,6.578,6.583,183664.0
2026-07-19 04:00:00,6.583,6.586,6.557,6.563,168675.0
2026-07-19 05:00:00,6.563,6.591,6.559,6.559,231089.0
2026-07-19 06:00:00,6.558,6.579,6.551,6.578,99644.0
2026-07-19 07:00:00,6.578,6.578,6.549,6.555,152046.0
2026-07-19 08:00:00,6.554,6.565,6.539,6.558,234736.0
2026-07-19 09:00:00,6.558,6.563,6.485,6.494,515183.0
2026-07-19 10:00:00,6.493,6.534,6.472,6.503,369940.0
2026-07-19 11:00:00,6.502,6.521,6.472,6.481,236074.0
2026-07-19 12:00:00,6.481,6.481,6.402,6.428,757351.0
2026-07-19 13:00:00,6.429,6.443,6.414,6.431,306848.0
2026-07-19 14:00:00,6.432,6.474,6.429,6.463,513803.0
2026-07-19 15:00:00,6.463,6.47,6.434,6.45,279306.0
2026-07-19 16:00:00,6.45,6.46,6.438,6.441,443451.0
2026-07-19 17:00:00,6.441,6.492,6.408,6.468,457715.0
2026-07-19 18:00:00,6.468,6.474,6.385,6.407,558049.0
2026-07-19 19:00:00,6.407,6.434,6.399,6.433,204119.0
2026-07-19 20:00:00,6.434,6.445,6.428,6.445,133436.0
2026-07-19 21:00:00,6.445,6.446,6.403,6.412,142119.0
2026-07-19 22:00:00,6.412,6.485,6.405,6.452,489428.0
2026-07-19 23:00:00,6.452,6.465,6.418,6.462,336629.0
2026-07-20 00:00:00,6.462,6.55,6.438,6.482,868556.0
2026-07-20 01:00:00,6.483,6.572,6.479,6.509,724067.0
2026-07-20 02:00:00,6.509,6.629,6.505,6.616,871320.0
2026-07-20 03:00:00,6.616,6.65,6.566,6.596,664352.0
2026-07-20 04:00:00,6.596,6.598,6.531,6.54,467594.0
2026-07-20 05:00:00,6.54,6.543,6.453,6.476,647043.0
2026-07-20 06:00:00,6.476,6.502,6.44,6.468,447330.0
2026-07-20 07:00:00,6.468,6.546,6.468,6.542,396829.0
2026-07-20 08:00:00,6.542,6.56,6.487,6.505,417444.0
2026-07-20 09:00:00,6.505,6.571,6.497,6.553,496384.0
2026-07-20 10:00:00,6.553,6.57,6.539,6.54,438832.0
2026-07-20 11:00:00,6.539,6.633,6.537,6.627,618281.0
2026-07-20 12:00:00,6.627,6.627,6.556,6.559,534799.0
2026-07-20 13:00:00,6.56,6.606,6.514,6.53,511225.0
2026-07-20 14:00:00,6.529,6.55,6.473,6.522,655042.0
2026-07-20 15:00:00,6.522,6.631,6.52,6.608,583991.0
2026-07-20 16:00:00,6.607,6.617,6.552,6.574,445745.0
2026-07-20 17:00:00,6.573,6.601,6.562,6.595,229134.0
2026-07-20 18:00:00,6.594,6.625,6.561,6.566,339951.0
2026-07-20 19:00:00,6.565,6.572,6.541,6.562,292236.0
2026-07-20 20:00:00,6.563,6.604,6.553,6.595,209804.0
2026-07-20 21:00:00,6.595,6.621,6.578,6.581,262573.0
2026-07-20 22:00:00,6.581,6.585,6.547,6.554,203631.0
2026-07-20 23:00:00,6.554,6.595,6.55,6.577,150532.0
2026-07-21 00:00:00,6.577,6.62,6.562,6.611,280574.0
2026-07-21 01:00:00,6.611,6.629,6.596,6.614,223448.0
2026-07-21 02:00:00,6.614,6.641,6.584,6.624,317932.0
2026-07-21 03:00:00,6.624,6.663,6.621,6.638,449398.0
2026-07-21 04:00:00,6.639,6.648,6.601,6.611,387766.0
2026-07-21 05:00:00,6.611,6.664,6.61,6.65,308653.0
2026-07-21 06:00:00,6.65,6.684,6.636,6.671,409859.0
2026-07-21 07:00:00,6.672,6.68,6.643,6.673,373665.0
2026-07-21 08:00:00,6.674,6.685,6.652,6.658,308375.0
2026-07-21 09:00:00,6.658,6.666,6.636,6.654,270444.0
2026-07-21 10:00:00,6.654,6.663,6.615,6.624,341981.0
2026-07-21 11:00:00,6.623,6.639,6.61,6.634,249143.0
2026-07-21 12:00:00,6.634,6.656,6.617,6.645,285878.0
2026-07-21 13:00:00,6.645,6.652,6.61,6.642,306900.0
2026-07-21 14:00:00,6.643,6.646,6.573,6.599,662987.0
2026-07-21 15:00:00,6.598,6.623,6.579,6.616,351105.0
2026-07-21 16:00:00,6.616,6.638,6.602,6.628,291958.0
2026-07-21 17:00:00,6.627,6.634,6.577,6.611,368977.0
2026-07-21 18:00:00,6.611,6.633,6.594,6.607,256004.0
2026-07-21 19:00:00,6.607,6.624,6.6,6.61,184577.0
2026-07-21 20:00:00,6.61,6.612,6.572,6.577,305358.0
2026-07-21 21:00:00,6.576,6.577,6.531,6.561,547792.0
2026-07-21 22:00:00,6.561,6.563,6.539,6.556,265539.0
2026-07-21 23:00:00,6.555,6.569,6.519,6.567,305386.0
2026-07-22 00:00:00,6.567,6.611,6.556,6.607,340932.0
2026-07-22 01:00:00,6.607,6.61,6.557,6.58,266965.0
2026-07-22 02:00:00,6.581,6.612,6.567,6.591,178246.0
2026-07-22 03:00:00,6.591,6.598,6.54,6.543,342913.0
2026-07-22 04:00:00,6.544,6.579,6.533,6.555,155491.0
2026-07-22 05:00:00,6.556,6.557,6.471,6.493,717126.0
2026-07-22 06:00:00,6.493,6.504,6.457,6.503,448329.0
2026-07-22 07:00:00,6.504,6.506,6.485,6.498,230829.0
2026-07-22 08:00:00,6.499,6.525,6.493,6.511,200222.0
2026-07-22 09:00:00,6.511,6.518,6.479,6.505,283163.0
2026-07-22 10:00:00,6.506,6.525,6.496,6.514,191837.0
2026-07-22 11:00:00,6.514,6.517,6.497,6.512,184726.0
2026-07-22 12:00:00,6.511,6.513,6.483,6.502,256997.0
2026-07-22 13:00:00,6.503,6.561,6.497,6.559,458755.0
2026-07-22 14:00:00,6.558,6.599,6.53,6.569,439795.0
2026-07-22 15:00:00,6.569,6.652,6.569,6.636,750123.0
2026-07-22 16:00:00,6.635,6.654,6.601,6.629,505161.0
2026-07-22 17:00:00,6.629,6.635,6.603,6.606,286149.0
2026-07-22 18:00:00,6.607,6.625,6.586,6.607,308959.0
2026-07-22 19:00:00,6.607,6.614,6.564,6.593,329128.0
2026-07-22 20:00:00,6.594,6.642,6.588,6.631,338189.0
2026-07-22 21:00:00,6.631,6.662,6.624,6.641,246379.0
2026-07-22 22:00:00,6.641,6.647,6.6,6.629,269614.0
2026-07-22 23:00:00,6.628,6.629,6.572,6.623,269135.0
2026-07-23 00:00:00,6.622,6.652,6.599,6.626,455671.0
2026-07-23 01:00:00,6.625,6.635,6.603,6.614,219029.0
2026-07-23 02:00:00,6.613,6.614,6.565,6.572,299671.0
2026-07-23 03:00:00,6.573,6.578,6.518,6.525,418147.0
2026-07-23 04:00:00,6.525,6.561,6.515,6.538,300243.0
2026-07-23 05:00:00,6.538,6.578,6.528,6.564,285741.0
2026-07-23 06:00:00,6.564,6.583,6.56,6.581,180294.0
2026-07-23 07:00:00,6.582,6.583,6.518,6.556,393073.0
2026-07-23 08:00:00,6.556,6.584,6.546,6.576,199725.0
2026-07-23 09:00:00,6.576,6.587,6.568,6.572,146083.0
2026-07-23 10:00:00,6.572,6.593,6.564,6.589,205677.0
2026-07-23 11:00:00,6.59,6.609,6.576,6.582,278932.0
2026-07-23 12:00:00,6.582,6.586,6.466,6.507,847582.0
2026-07-23 13:00:00,6.507,6.509,6.418,6.444,1133714.0
2026-07-23 14:00:00,6.444,6.5,6.427,6.447,551663.0
2026-07-23 15:00:00,6.448,6.449,6.39,6.445,1114446.0
2026-07-23 16:00:00,6.445,6.446,6.402,6.429,402475.0
2026-07-23 17:00:00,6.429,6.435,6.293,6.321,1128406.0
2026-07-23 18:00:00,6.322,6.323,6.19,6.269,2270736.0
2026-07-23 19:00:00,6.268,6.291,6.252,6.279,484589.0
2026-07-23 20:00:00,6.279,6.319,6.274,6.309,365039.0
2026-07-23 21:00:00,6.308,6.323,6.286,6.298,310201.0
2026-07-23 22:00:00,6.298,6.31,6.274,6.303,239510.0
2026-07-23 23:00:00,6.303,6.308,6.254,6.262,234876.0
2026-07-24 00:00:00,6.262,6.279,6.224,6.264,616833.0
2026-07-24 01:00:00,6.265,6.284,6.222,6.23,477661.0
2026-07-24 02:00:00,6.231,6.256,6.205,6.237,398448.0
2026-07-24 03:00:00,6.238,6.276,6.233,6.265,299066.0
2026-07-24 04:00:00,6.265,6.279,6.251,6.257,238274.0
2026-07-24 05:00:00,6.258,6.295,6.241,6.245,405061.0
2026-07-24 06:00:00,6.246,6.279,6.227,6.257,289412.0
2026-07-24 07:00:00,6.257,6.316,6.247,6.277,528177.0
2026-07-24 08:00:00,6.277,6.282,6.233,6.255,276779.0
2026-07-24 09:00:00,6.255,6.281,6.221,6.269,494066.0
2026-07-24 10:00:00,6.269,6.276,6.239,6.269,316460.0
2026-07-24 11:00:00,6.268,6.269,6.233,6.255,231527.0
2026-07-24 12:00:00,6.254,6.255,6.207,6.213,267197.0
2026-07-24 13:00:00,6.213,6.217,6.131,6.199,1319728.0
2026-07-24 14:00:00,6.2,6.207,6.156,6.201,456086.0
2026-07-24 15:00:00,6.2,6.219,6.176,6.196,367269.0
2026-07-24 16:00:00,6.197,6.206,6.17,6.188,330216.0
2026-07-24 17:00:00,6.189,6.228,6.175,6.218,238644.0
2026-07-24 18:00:00,6.217,6.238,6.208,6.232,272344.0
2026-07-24 19:00:00,6.232,6.239,6.212,6.229,210557.0
2026-07-24 20:00:00,6.229,6.246,6.22,6.238,157447.0
2026-07-24 21:00:00,6.238,6.261,6.224,6.238,273683.0
2026-07-24 22:00:00,6.238,6.274,6.232,6.268,182603.0
2026-07-24 23:00:00,6.268,6.312,6.268,6.301,318772.0
2026-07-25 00:00:00,6.301,6.314,6.238,6.259,486556.0
2026-07-25 01:00:00,6.26,6.275,6.251,6.268,188091.0
2026-07-25 02:00:00,6.267,6.27,6.246,6.258,226159.0
2026-07-25 03:00:00,6.258,6.264,6.234,6.243,131964.0
2026-07-25 04:00:00,6.242,6.266,6.241,6.259,119119.0
2026-07-25 05:00:00,6.258,6.273,6.257,6.263,199970.0
2026-07-25 06:00:00,6.264,6.279,6.235,6.255,259544.0
2026-07-25 07:00:00,6.254,6.261,6.236,6.242,173758.0
2026-07-25 08:00:00,6.242,6.276,6.227,6.237,291438.0
2026-07-25 09:00:00,6.236,6.289,6.234,6.272,280496.0
2026-07-25 10:00:00,6.272,6.281,6.266,6.278,115887.0
2026-07-25 11:00:00,6.277,6.298,6.269,6.287,176651.0
2026-07-25 12:00:00,6.287,6.341,6.279,6.315,583456.0
2026-07-25 13:00:00,6.315,6.503,6.305,6.475,1523617.0
2026-07-25 14:00:00,6.475,6.598,6.475,6.554,2266933.0
2026-07-25 15:00:00,6.554,6.596,6.529,6.576,1181717.0
2026-07-25 16:00:00,6.576,6.733,6.569,6.664,2245006.0
2026-07-25 17:00:00,6.664,6.686,6.643,6.663,1020904.0
2026-07-25 18:00:00,6.663,6.715,6.621,6.693,822737.0
2026-07-25 19:00:00,6.693,6.72,6.658,6.71,468730.0
2026-07-25 20:00:00,6.71,6.747,6.673,6.73,611185.0
2026-07-25 21:00:00,6.73,6.799,6.721,6.753,965692.0
2026-07-25 22:00:00,6.753,6.844,6.75,6.799,1074292.0
2026-07-25 23:00:00,6.799,6.807,6.726,6.776,1217831.0
2026-07-26 00:00:00,6.776,6.8,6.731,6.775,681840.0
2026-07-26 01:00:00,6.775,6.814,6.755,6.78,620182.0
2026-07-26 02:00:00,6.781,6.803,6.755,6.791,339675.0
2026-07-26 03:00:00,6.791,6.792,6.736,6.764,452559.0
2026-07-26 04:00:00,6.764,6.782,6.746,6.755,280446.0
2026-07-26 05:00:00,6.755,6.805,6.737,6.783,811662.0
2026-07-26 06:00:00,6.783,6.819,6.775,6.793,523115.0
2026-07-26 07:00:00,6.793,6.831,6.751,6.781,560251.0
2026-07-26 08:00:00,6.781,6.785,6.735,6.757,363548.0
2026-07-26 09:00:00,6.756,6.759,6.725,6.734,360027.0
2026-07-26 10:00:00,6.735,6.736,6.696,6.721,505335.0
2026-07-26 11:00:00,6.722,6.731,6.691,6.698,277078.0
2026-07-26 12:00:00,6.698,6.719,6.685,6.698,373076.0
2026-07-26 13:00:00,6.698,6.699,6.662,6.671,624871.0
2026-07-26 14:00:00,6.671,6.704,6.641,6.666,501950.0
2026-07-26 15:00:00,6.666,6.699,6.662,6.69,289483.0
2026-07-26 16:00:00,6.69,6.722,6.677,6.687,322982.0
2026-07-26 17:00:00,6.687,6.7,6.677,6.681,203361.0
2026-07-26 18:00:00,6.68,6.686,6.668,6.671,155620.0
2026-07-26 19:00:00,6.67,6.675,6.659,6.666,117311.0
2026-07-26 20:00:00,6.666,6.674,6.662,6.674,89518.0
2026-07-26 21:00:00,6.674,6.682,6.664,6.671,213054.0
2026-07-26 22:00:00,6.671,6.74,6.671,6.72,669527.0
2026-07-26 23:00:00,6.719,6.753,6.711,6.742,364603.0
2026-07-27 00:00:00,6.743,6.743,6.708,6.727,368105.0
2026-07-27 01:00:00,6.727,6.731,6.682,6.722,271729.0
2026-07-27 02:00:00,6.722,6.722,6.682,6.687,218193.0
2026-07-27 03:00:00,6.686,6.702,6.672,6.687,220340.0
2026-07-27 04:00:00,6.687,6.71,6.683,6.69,282891.0
2026-07-27 05:00:00,6.691,6.707,6.671,6.696,274869.0
2026-07-27 06:00:00,6.695,6.743,6.686,6.698,327263.0
2026-07-27 07:00:00,6.698,6.71,6.663,6.678,305167.0
2026-07-27 08:00:00,6.678,6.681,6.618,6.629,555810.0
2026-07-27 09:00:00,6.628,6.636,6.585,6.608,667604.0
2026-07-27 10:00:00,6.608,6.652,6.598,6.647,429025.0
2026-07-27 11:00:00,6.647,6.682,6.636,6.664,266769.0
2026-07-27 12:00:00,6.664,6.694,6.647,6.673,380378.0
2026-07-27 13:00:00,6.673,6.679,6.605,6.638,648138.0
2026-07-27 14:00:00,6.638,6.656,6.505,6.522,1461028.0
2026-07-27 15:00:00,6.522,6.563,6.475,6.539,926800.0
2026-07-27 16:00:00,6.54,6.63,6.528,6.612,606156.0
2026-07-27 17:00:00,6.613,6.617,6.565,6.574,356126.0
2026-07-27 18:00:00,6.574,6.58,6.546,6.572,319091.0
2026-07-27 19:00:00,6.573,6.612,6.561,6.61,245719.0
2026-07-27 20:00:00,6.611,6.619,6.593,6.597,159865.0
2026-07-27 21:00:00,6.598,6.611,6.556,6.573,241426.0
2026-07-27 22:00:00,6.573,6.574,6.43,6.445,963061.0
2026-07-27 23:00:00,6.445,6.447,6.37,6.402,1314205.0
2026-07-28 00:00:00,6.402,6.448,6.383,6.423,638002.0
2026-07-28 01:00:00,6.423,6.428,6.353,6.37,757383.0
2026-07-28 02:00:00,6.369,6.422,6.36,6.41,297223.0
2026-07-28 03:00:00,6.409,6.435,6.404,6.429,212285.0
2026-07-28 04:00:00,6.429,6.45,6.425,6.442,149347.0
2026-07-28 05:00:00,6.442,6.453,6.414,6.416,215277.0
2026-07-28 06:00:00,6.417,6.443,6.398,6.439,215899.0
2026-07-28 07:00:00,6.44,6.466,6.423,6.443,230613.0
2026-07-28 08:00:00,6.443,6.443,6.416,6.433,170791.0
2026-07-28 09:00:00,6.434,6.457,6.426,6.437,157016.0
2026-07-28 10:00:00,6.437,6.481,6.435,6.464,224545.0
2026-07-28 11:00:00,6.464,6.478,6.446,6.456,207984.0
2026-07-28 12:00:00,6.456,6.486,6.451,6.479,307691.0
2026-07-28 13:00:00,6.48,6.5,6.367,6.414,804060.0
2026-07-28 14:00:00,6.414,6.457,6.396,6.444,308614.0
2026-07-28 15:00:00,6.445,6.589,6.432,6.57,794695.0
2026-07-28 16:00:00,6.57,6.573,6.513,6.556,431504.0
2026-07-28 17:00:00,6.557,6.56,6.497,6.519,277105.0
2026-07-28 18:00:00,6.519,6.537,6.508,6.534,133314.0
2026-07-28 19:00:00,6.533,6.605,6.532,6.591,306440.0
2026-07-28 20:00:00,6.591,6.6,6.563,6.579,369844.0
2026-07-28 21:00:00,6.579,6.626,6.579,6.601,295535.0
2026-07-28 22:00:00,6.601,6.613,6.53,6.531,278687.0
2026-07-28 23:00:00,6.53,6.575,6.519,6.574,221757.0
2026-07-29 00:00:00,6.574,6.638,6.561,6.564,458887.0
2026-07-29 01:00:00,6.563,6.568,6.502,6.506,296900.0
2026-07-29 02:00:00,6.505,6.529,6.481,6.503,316256.0
2026-07-29 03:00:00,6.503,6.508,6.405,6.407,498365.0
2026-07-29 04:00:00,6.408,6.411,6.304,6.409,1044184.0
2026-07-29 05:00:00,6.409,6.43,6.4,6.419,289652.0
2026-07-29 06:00:00,6.419,6.451,6.379,6.429,376232.0
2026-07-29 07:00:00,6.43,6.435,6.406,6.425,179572.0
2026-07-29 08:00:00,6.425,6.425,6.371,6.403,321650.0
2026-07-29 09:00:00,6.403,6.43,6.401,6.41,313966.0
2026-07-29 10:00:00,6.411,6.429,6.386,6.401,249902.0
2026-07-29 11:00:00,6.402,6.416,6.384,6.412,179001.0
2026-07-29 12:00:00,6.411,6.413,6.378,6.383,259314.0
2026-07-29 13:00:00,6.383,6.406,6.352,6.397,380359.0
2026-07-29 14:00:00,6.398,6.412,6.363,6.375,396658.0
2026-07-29 15:00:00,6.374,6.4,6.363,6.378,317411.0
2026-07-29 16:00:00,6.378,6.398,6.357,6.382,185955.0
2026-07-29 17:00:00,6.382,6.437,6.381,6.433,262019.0
2026-07-29 18:00:00,6.433,6.494,6.4,6.471,870162.0
2026-07-29 19:00:00,6.471,6.484,6.329,6.358,751324.0
2026-07-29 20:00:00,6.358,6.38,6.306,6.342,595037.0
2026-07-29 21:00:00,6.341,6.391,6.307,6.388,275171.0
2026-07-29 22:00:00,6.388,6.42,6.384,6.417,235875.0
2026-07-29 23:00:00,6.416,6.434,6.397,6.428,175949.0
2026-07-30 00:00:00,6.427,6.441,6.387,6.4,302910.0
2026-07-30 01:00:00,6.399,6.52,6.397,6.497,438695.0
2026-07-30 02:00:00,6.497,6.525,6.484,6.489,317561.0
2026-07-30 03:00:00,6.488,6.524,6.478,6.483,234703.0
2026-07-30 04:00:00,6.482,6.487,6.421,6.433,224635.0
2026-07-30 05:00:00,6.432,6.474,6.419,6.453,172496.0
2026-07-30 06:00:00,6.454,6.455,6.427,6.431,118852.0
2026-07-30 07:00:00,6.432,6.457,6.415,6.418,164421.0
2026-07-30 08:00:00,6.418,6.447,6.413,6.442,185124.0
2026-07-30 09:00:00,6.442,6.456,6.432,6.437,175216.0
2026-07-30 10:00:00,6.437,6.468,6.433,6.456,164903.0
2026-07-30 11:00:00,6.455,6.504,6.452,6.49,231240.0
2026-07-30 12:00:00,6.491,6.509,6.453,6.458,360806.0
2026-07-30 13:00:00,6.459,6.478,6.415,6.476,457387.0
2026-07-30 14:00:00,6.476,6.504,6.441,6.485,394671.0
2026-07-30 15:00:00,6.486,6.495,6.442,6.452,257536.0
2026-07-30 16:00:00,6.453,6.497,6.449,6.476,270518.0
2026-07-30 17:00:00,6.477,6.493,6.465,6.481,217984.0
2026-07-30 18:00:00,6.48,6.493,6.45,6.456,136188.0
2026-07-30 19:00:00,6.457,6.478,6.445,6.47,159098.0
2026-07-30 20:00:00,6.47,6.488,6.447,6.451,218745.0
2026-07-30 21:00:00,6.451,6.464,6.444,6.448,139704.0
2026-07-30 22:00:00,6.448,6.478,6.44,6.454,157730.0
2026-07-30 23:00:00,6.453,6.474,6.429,6.43,259624.0
2026-07-31 00:00:00,6.43,6.446,6.425,6.442,198342.0
2026-07-31 01:00:00,6.442,6.542,6.442,6.479,655159.0
2026-07-31 02:00:00,6.478,6.489,6.401,6.412,478365.0
2026-07-31 03:00:00,6.412,6.464,6.389,6.449,303124.0
2026-07-31 04:00:00,6.449,6.459,6.426,6.446,161446.0
2026-07-31 05:00:00,6.446,6.478,6.435,6.454,228175.0
2026-07-31 06:00:00,6.454,6.463,6.416,6.436,254457.0
2026-07-31 07:00:00,6.436,6.468,6.385,6.451,421019.0
2026-07-31 08:00:00,6.452,6.474,6.445,6.459,249358.0
2026-07-31 09:00:00,6.458,6.468,6.409,6.419,225858.0
2026-07-31 10:00:00,6.418,6.48,6.398,6.477,311187.0
2026-07-31 11:00:00,6.477,6.522,6.444,6.46,400260.0
2026-07-31 12:00:00,6.459,6.461,6.413,6.444,385041.0
2026-07-31 13:00:00,6.444,6.501,6.374,6.382,773969.0
2026-07-31 14:00:00,6.382,6.427,6.325,6.405,1192454.0
2026-07-31 15:00:00,6.405,6.415,6.376,6.4,484897.0
2026-07-31 16:00:00,6.401,6.426,6.399,6.415,207718.0
2026-07-31 17:00:00,6.415,6.473,6.412,6.458,380433.0
2026-07-31 18:00:00,6.458,6.475,6.437,6.452,255725.0
2026-07-31 19:00:00,6.452,6.46,6.407,6.418,245598.0
2026-07-31 20:00:00,6.419,6.45,6.392,6.398,234500.0
2026-07-31 21:00:00,6.397,6.42,6.382,6.393,166868.0
2026-07-31 22:00:00,6.393,6.411,6.382,6.387,95613.0
2026-07-31 23:00:00,6.387,6.397,6.376,6.383,153479.0
2026-08-01 00:00:00,6.384,6.402,6.378,6.384,213958.0
2026-08-01 01:00:00,6.384,6.416,6.384,6.411,166700.0
2026-08-01 02:00:00,6.41,6.421,6.399,6.41,100248.0
2026-08-01 03:00:00,6.411,6.414,6.392,6.406,72303.0
2026-08-01 04:00:00,6.405,6.445,6.405,6.438,145920.0
2026-08-01 05:00:00,6.438,6.45,6.391,6.407,208328.0
2026-08-01 06:00:00,6.406,6.416,6.39,6.408,131588.0
2026-08-01 07:00:00,6.408,6.423,6.368,6.374,216098.0
2026-08-01 08:00:00,6.374,6.38,6.356,6.37,257211.0
2026-08-01 09:00:00,6.37,6.372,6.337,6.343,251828.0
2026-08-01 10:00:00,6.343,6.35,6.317,6.343,343558.0
2026-08-01 11:00:00,6.343,6.347,6.324,6.328,180002.0
2026-08-01 12:00:00,6.329,6.357,6.321,6.346,257231.0
2026-08-01 13:00:00,6.346,6.36,6.343,6.351,135137.0
2026-08-01 14:00:00,6.352,6.365,6.346,6.363,112516.0
2026-08-01 15:00:00,6.364,6.375,6.355,6.369,128186.0
2026-08-01 16:00:00,6.369,6.385,6.343,6.355,225888.0
2026-08-01 17:00:00,6.355,6.363,6.278,6.299,567055.0
2026-08-01 18:00:00,6.3,6.301,6.033,6.098,3252390.0
2026-08-01 19:00:00,6.097,6.151,6.082,6.125,853808.0
2026-08-01 20:00:00,6.125,6.15,6.101,6.145,387660.0
2026-08-01 21:00:00,6.145,6.189,6.144,6.182,380705.0
2026-08-01 22:00:00,6.182,6.206,6.176,6.179,232130.0
2026-08-01 23:00:00,6.18,6.195,6.178,6.185,164208.0
2026-08-02 00:00:00,6.185,6.201,6.178,6.194,271338.0
2026-08-02 01:00:00,6.193,6.229,6.193,6.219,359805.0
2026-08-02 02:00:00,6.22,6.344,6.209,6.322,776274.0
2026-08-02 03:00:00,6.321,6.341,6.313,6.318,519667.0
2026-08-02 04:00:00,6.318,6.54,6.318,6.475,1336992.0
2026-08-02 05:00:00,6.476,6.686,6.476,6.575,2288617.0
2026-08-02 06:00:00,6.574,6.632,6.569,6.607,769259.0
2026-08-02 07:00:00,6.607,6.628,6.573,6.608,577035.0
2026-08-02 08:00:00,6.608,6.614,6.556,6.573,601429.0
2026-08-02 09:00:00,6.572,6.654,6.549,6.615,792074.0
2026-08-02 10:00:00,6.615,6.615,6.578,6.59,386947.0
2026-08-02 11:00:00,6.589,6.631,6.576,6.595,517021.0
2026-08-02 12:00:00,6.595,6.603,6.556,6.563,448284.0
2026-08-02 13:00:00,6.563,6.598,6.554,6.593,350230.0
2026-08-02 14:00:00,6.593,6.607,6.56,6.587,280907.0
2026-08-02 15:00:00,6.587,6.612,6.587,6.594,226364.0
2026-08-02 17:00:00,6.586,6.645,6.578,6.621,368834.0
2026-08-02 18:00:00,6.622,6.674,6.619,6.623,510993.0
2026-08-02 19:00:00,6.622,6.623,6.582,6.599,255785.0
2026-08-02 20:00:00,6.6,6.604,6.573,6.584,201557.0
2026-08-02 21:00:00,6.584,6.669,6.584,6.639,401326.0
2026-08-02 22:00:00,6.64,6.663,6.567,6.598,349090.0
2026-08-02 23:00:00,6.597,6.598,6.526,6.55,491867.0
2026-08-03 00:00:00,6.551,6.561,6.515,6.535,392736.0
2026-08-03 01:00:00,6.535,6.545,6.505,6.513,336708.0
2026-08-03 02:00:00,6.513,6.513,6.465,6.481,513621.0
2026-08-03 03:00:00,6.481,6.481,6.379,6.422,665664.0
2026-08-03 04:00:00,6.422,6.448,6.399,6.408,384315.0
2026-08-03 05:00:00,6.408,6.425,6.394,6.423,247137.0
2026-08-03 06:00:00,6.424,6.425,6.385,6.388,236335.0
2026-08-03 07:00:00,6.388,6.414,6.376,6.397,269347.0
2026-08-03 08:00:00,6.397,6.43,6.364,6.423,365775.0
2026-08-03 09:00:00,6.424,6.454,6.399,6.451,303475.0
2026-08-03 10:00:00,6.452,6.459,6.43,6.438,154873.0
2026-08-03 11:00:00,6.439,6.455,6.421,6.439,230634.0
2026-08-03 12:00:00,6.438,6.452,6.418,6.438,192919.0
2026-08-03 13:00:00,6.438,6.547,6.435,6.542,631166.0
2026-08-03 14:00:00,6.541,6.548,6.504,6.537,487820.0
2026-08-03 15:00:00,6.536,6.542,6.497,6.511,373042.0
2026-08-03 16:00:00,6.511,6.555,6.51,6.527,336627.0
2026-08-03 17:00:00,6.527,6.548,6.518,6.534,238372.0
2026-08-03 18:00:00,6.534,6.584,6.529,6.566,330904.0
2026-08-03 19:00:00,6.567,6.596,6.561,6.574,333120.0
2026-08-03 20:00:00,6.574,6.589,6.557,6.581,266795.0
2026-08-03 21:00:00,6.58,6.583,6.556,6.574,191941.0
2026-08-03 22:00:00,6.573,6.582,6.544,6.574,222733.0
2026-08-03 23:00:00,6.574,6.574,6.557,6.572,128307.0
2026-08-04 00:00:00,6.572,6.613,6.558,6.587,445593.0
2026-08-04 01:00:00,6.587,6.934,6.584,6.867,2975295.0
2026-08-04 02:00:00,6.867,6.986,6.778,6.918,1568968.0
2026-08-04 03:00:00,6.917,6.953,6.852,6.865,794721.0
2026-08-04 04:00:00,6.865,6.914,6.836,6.876,664688.0
2026-08-04 05:00:00,6.876,6.9,6.825,6.838,528658.0
2026-08-04 06:00:00,6.838,6.852,6.789,6.801,445607.0
2026-08-04 07:00:00,6.802,6.834,6.765,6.832,400951.0
2026-08-04 08:00:00,6.832,6.833,6.759,6.768,355627.0
2026-08-04 09:00:00,6.767,6.798,6.758,6.798,296676.0
2026-08-04 10:00:00,6.798,6.849,6.783,6.799,361942.0
2026-08-04 11:00:00,6.799,6.823,6.791,6.816,277280.0
2026-08-04 12:00:00,6.817,6.823,6.781,6.801,309862.0
2026-08-04 13:00:00,6.801,6.837,6.718,6.745,645302.0
2026-08-04 14:00:00,6.745,6.761,6.691,6.737,554090.0
2026-08-04 15:00:00,6.738,6.76,6.678,6.756,668596.0
2026-08-04 16:00:00,6.756,6.758,6.708,6.717,264550.0
2026-08-04 17:00:00,6.717,6.735,6.697,6.699,188955.0
2026-08-04 18:00:00,6.698,6.742,6.695,6.733,249584.0
2026-08-04 19:00:00,6.733,6.746,6.717,6.729,188447.0
2026-08-04 20:00:00,6.729,6.736,6.693,6.713,305490.0
2026-08-04 21:00:00,6.712,6.718,6.691,6.703,177977.0
2026-08-04 22:00:00,6.702,6.716,6.632,6.716,569317.0
2026-08-04 23:00:00,6.716,6.723,6.678,6.685,295286.0
2026-08-05 00:00:00,6.684,6.691,6.652,6.663,400953.0
2026-08-05 01:00:00,6.663,6.678,6.648,6.668,237664.0
2026-08-05 02:00:00,6.668,6.705,6.663,6.693,238675.0
2026-08-05 03:00:00,6.693,6.701,6.587,6.622,1087822.0
2026-08-05 04:00:00,6.622,6.654,6.621,6.651,235221.0
2026-08-05 05:00:00,6.651,6.682,6.647,6.677,293890.0
2026-08-05 06:00:00,6.676,6.72,6.673,6.691,341868.0
2026-08-05 07:00:00,6.69,6.692,6.657,6.68,216071.0
2026-08-05 08:00:00,6.679,6.702,6.656,6.661,270712.0
2026-08-05 09:00:00,6.661,6.682,6.661,6.666,134640.0
2026-08-05 10:00:00,6.665,6.688,6.655,6.662,256832.0
2026-08-05 11:00:00,6.663,6.682,6.651,6.657,236981.0
2026-08-05 12:00:00,6.657,6.719,6.653,6.666,405853.0
2026-08-05 13:00:00,6.666,6.67,6.524,6.614,1412975.0
2026-08-05 14:00:00,6.613,6.647,6.605,6.63,529997.0
2026-08-05 15:00:00,6.63,6.679,6.616,6.643,568928.0
2026-08-05 16:00:00,6.642,6.698,6.639,6.672,400843.0
2026-08-05 17:00:00,6.672,6.685,6.648,6.674,308702.0
2026-08-05 18:00:00,6.673,6.695,6.665,6.682,216517.0
2026-08-05 19:00:00,6.681,6.689,6.659,6.661,128902.0
2026-08-05 20:00:00,6.66,6.701,6.658,6.678,227082.0
2026-08-05 21:00:00,6.678,6.679,6.637,6.65,239864.0
2026-08-05 22:00:00,6.65,6.669,6.641,6.649,117884.0
2026-08-05 23:00:00,6.649,6.668,6.638,6.657,222903.0
2026-08-06 00:00:00,6.657,6.676,6.646,6.656,188503.0
2026-08-06 01:00:00,6.656,6.665,6.615,6.639,410099.0
2026-08-06 02:00:00,6.639,6.649,6.607,6.647,325051.0
2026-08-06 03:00:00,6.646,6.666,6.632,6.663,165588.0
2026-08-06 04:00:00,6.664,6.696,6.652,6.665,326014.0
2026-08-06 05:00:00,6.665,6.699,6.656,6.669,237879.0
2026-08-06 06:00:00,6.668,6.677,6.646,6.669,181989.0
2026-08-06 07:00:00,6.668,6.695,6.661,6.683,153456.0
2026-08-06 08:00:00,6.682,6.689,6.653,6.673,177114.0
2026-08-06 09:00:00,6.674,6.676,6.485,6.52,1820978.0
2026-08-06 10:00:00,6.52,6.52,6.338,6.404,2857360.0
2026-08-06 11:00:00,6.405,6.45,6.383,6.436,578147.0
2026-08-06 12:00:00,6.436,6.446,6.407,6.411,454504.0
2026-08-06 13:00:00,6.411,6.431,6.391,6.415,504874.0
2026-08-06 14:00:00,6.415,6.453,6.399,6.449,409777.0
2026-08-06 15:00:00,6.449,6.474,6.434,6.466,654832.0
2026-08-06 16:00:00,6.466,6.502,6.434,6.499,551588.0
2026-08-06 17:00:00,6.499,6.504,6.455,6.457,355029.0
2026-08-06 18:00:00,6.457,6.482,6.437,6.449,440997.0
2026-08-06 19:00:00,6.448,6.464,6.441,6.445,213227.0
2026-08-06 20:00:00,6.445,6.467,6.442,6.455,220758.0
2026-08-06 21:00:00,6.455,6.468,6.448,6.46,148305.0
2026-08-06 22:00:00,6.46,6.473,6.447,6.451,190813.0
2026-08-06 23:00:00,6.45,6.455,6.406,6.437,374896.0
2026-08-07 00:00:00,6.436,6.444,6.398,6.416,380103.0
2026-08-07 01:00:00,6.416,6.432,6.394,6.413,225988.0
2026-08-07 02:00:00,6.412,6.432,6.387,6.422,362283.0
2026-08-07 03:00:00,6.422,6.44,6.4,6.403,308637.0
2026-08-07 04:00:00,6.402,6.406,6.384,6.394,262645.0
2026-08-07 05:00:00,6.393,6.407,6.366,6.405,257828.0
2026-08-07 06:00:00,6.404,6.43,6.396,6.414,221775.0
2026-08-07 07:00:00,6.414,6.431,6.4,6.41,232561.0
2026-08-07 08:00:00,6.41,6.437,6.404,6.407,220077.0
2026-08-07 09:00:00,6.407,6.476,6.407,6.45,662896.0
2026-08-07 10:00:00,6.45,6.458,6.427,6.445,200664.0
2026-08-07 11:00:00,6.446,6.468,6.446,6.46,213730.0
2026-08-07 12:00:00,6.461,6.527,6.46,6.492,583008.0
2026-08-07 13:00:00,6.492,6.502,6.472,6.475,265632.0
2026-08-07 14:00:00,6.475,6.485,6.402,6.423,523755.0
2026-08-07 15:00:00,6.424,6.449,6.418,6.436,227559.0
2026-08-07 16:00:00,6.437,6.459,6.401,6.401,211819.0
2026-08-07 17:00:00,6.402,6.405,6.355,6.39,598664.0
2026-08-07 18:00:00,6.39,6.407,6.388,6.404,171964.0
2026-08-07 19:00:00,6.404,6.452,6.403,6.44,235857.0
2026-08-07 20:00:00,6.44,6.449,6.432,6.445,122032.0
2026-08-07 21:00:00,6.444,6.477,6.441,6.444,238521.0
2026-08-07 22:00:00,6.444,6.444,6.417,6.419,105682.0
2026-08-07 23:00:00,6.418,6.44,6.418,6.428,78626.0
2026-08-08 00:00:00,6.428,6.434,6.415,6.432,146981.0
2026-08-08 01:00:00,6.433,6.592,6.43,6.548,777181.0
2026-08-08 02:00:00,6.549,6.565,6.519,6.531,408965.0
2026-08-08 03:00:00,6.532,6.541,6.512,6.523,213984.0
2026-08-08 04:00:00,6.524,6.548,6.512,6.52,203663.0
2026-08-08 05:00:00,6.52,6.549,6.518,6.526,197529.0
2026-08-08 06:00:00,6.526,6.535,6.507,6.512,178284.0
2026-08-08 07:00:00,6.512,6.525,6.502,6.516,108049.0
2026-08-08 08:00:00,6.517,6.541,6.509,6.53,109214.0
2026-08-08 09:00:00,6.529,6.566,6.529,6.538,264416.0
2026-08-08 10:00:00,6.538,6.551,6.503,6.524,192467.0
2026-08-08 11:00:00,6.525,6.579,6.515,6.548,296274.0
2026-08-08 12:00:00,6.548,6.565,6.53,6.535,160262.0
2026-08-08 13:00:00,6.534,6.536,6.513,6.514,165597.0
2026-08-08 14:00:00,6.514,6.562,6.512,6.547,226869.0
2026-08-08 15:00:00,6.547,6.562,6.532,6.54,152333.0
2026-08-08 16:00:00,6.54,6.556,6.535,6.545,148505.0
2026-08-08 17:00:00,6.544,6.556,6.534,6.538,138676.0
2026-08-08 18:00:00,6.537,6.538,6.519,6.53,136654.0
2026-08-08 19:00:00,6.53,6.532,6.516,6.521,84767.0
2026-08-08 20:00:00,6.521,6.528,6.504,6.516,170844.0
2026-08-08 21:00:00,6.516,6.525,6.51,6.514,120724.0
2026-08-08 22:00:00,6.513,6.514,6.455,6.467,452862.0
2026-08-08 23:00:00,6.468,6.482,6.457,6.475,187155.0
2026-08-09 00:00:00,6.475,6.481,6.452,6.481,158935.0
2026-08-09 01:00:00,6.48,6.489,6.469,6.476,158318.0
2026-08-09 02:00:00,6.476,6.488,6.468,6.472,88966.0
2026-08-09 03:00:00,6.472,6.474,6.435,6.456,221931.0
2026-08-09 04:00:00,6.455,6.483,6.449,6.47,116574.0
2026-08-09 05:00:00,6.469,6.47,6.428,6.452,181302.0
2026-08-09 06:00:00,6.453,6.494,6.445,6.488,169284.0
2026-08-09 07:00:00,6.488,6.493,6.466,6.478,159904.0
2026-08-09 08:00:00,6.478,6.499,6.458,6.47,148898.0
2026-08-09 09:00:00,6.47,6.491,6.459,6.479,118651.0
2026-08-09 10:00:00,6.479,6.49,6.475,6.477,110322.0
2026-08-09 11:00:00,6.477,6.48,6.466,6.471,112954.0
2026-08-09 12:00:00,6.471,6.473,6.455,6.461,121251.0
2026-08-09 13:00:00,6.461,6.486,6.455,6.476,223704.0
2026-08-09 14:00:00,6.477,6.51,6.474,6.5,149672.0
2026-08-09 15:00:00,6.5,6.553,6.499,6.546,327479.0
2026-08-09 16:00:00,6.547,6.589,6.534,6.538,496343.0
2026-08-09 17:00:00,6.537,6.563,6.534,6.547,173118.0
2026-08-09 18:00:00,6.546,6.556,6.527,6.536,170875.0
2026-08-09 19:00:00,6.536,6.568,6.533,6.562,237826.0
2026-08-09 20:00:00,6.561,6.57,6.54,6.563,148094.0
2026-08-09 21:00:00,6.563,6.582,6.544,6.561,203215.0
2026-08-09 22:00:00,6.561,6.586,6.474,6.492,421526.0
2026-08-09 23:00:00,6.491,6.499,6.358,6.415,1009233.0
2026-08-10 00:00:00,6.416,6.471,6.369,6.458,618681.0
2026-08-10 01:00:00,6.458,6.537,6.445,6.522,342921.0
2026-08-10 02:00:00,6.523,6.527,6.458,6.507,249183.0
2026-08-10 03:00:00,6.506,6.517,6.456,6.481,198602.0
2026-08-10 04:00:00,6.481,6.524,6.478,6.496,201649.0
2026-08-10 05:00:00,6.496,6.567,6.493,6.541,281900.0
2026-08-10 06:00:00,6.54,6.573,6.514,6.533,308066.0
2026-08-10 07:00:00,6.534,6.549,6.519,6.533,206616.0
2026-08-10 08:00:00,6.533,6.547,6.502,6.511,208725.0
2026-08-10 09:00:00,6.511,6.522,6.492,6.505,260775.0
2026-08-10 10:00:00,6.505,6.534,6.495,6.522,190842.0
2026-08-10 11:00:00,6.523,6.547,6.515,6.546,162161.0
2026-08-10 12:00:00,6.547,6.58,6.522,6.531,473167.0
2026-08-10 13:00:00,6.53,6.549,6.509,6.529,415470.0
2026-08-10 14:00:00,6.53,6.563,6.513,6.518,323877.0
2026-08-10 15:00:00,6.518,6.532,6.467,6.484,546741.0
2026-08-10 16:00:00,6.484,6.484,6.413,6.43,974013.0
2026-08-10 17:00:00,6.429,6.498,6.42,6.485,406932.0
2026-08-10 18:00:00,6.485,6.492,6.473,6.491,168133.0
2026-08-10 19:00:00,6.49,6.493,6.457,6.469,225976.0
2026-08-10 20:00:00,6.47,6.471,6.452,6.452,110946.0
2026-08-10 21:00:00,6.452,6.452,6.41,6.421,244753.0
2026-08-10 22:00:00,6.422,6.437,6.406,6.42,186838.0
2026-08-10 23:00:00,6.42,6.438,6.413,6.432,113295.0
2026-08-11 00:00:00,6.431,6.481,6.428,6.473,302123.0
2026-08-11 01:00:00,6.473,6.535,6.468,6.523,358756.0
2026-08-11 02:00:00,6.524,6.551,6.521,6.537,286201.0
2026-08-11 03:00:00,6.537,6.556,6.529,6.538,177888.0
2026-08-11 04:00:00,6.538,6.547,6.507,6.527,179739.0
2026-08-11 05:00:00,6.528,6.528,6.487,6.494,264698.0
2026-08-11 06:00:00,6.494,6.517,6.47,6.483,230103.0
2026-08-11 07:00:00,6.484,6.488,6.466,6.481,199122.0
2026-08-11 08:00:00,6.48,6.492,6.467,6.484,154003.0
2026-08-11 09:00:00,6.485,6.523,6.466,6.506,355916.0
2026-08-11 10:00:00,6.506,6.511,6.454,6.494,339384.0
2026-08-11 11:00:00,6.495,6.521,6.492,6.503,259854.0
2026-08-11 12:00:00,6.504,6.513,6.466,6.475,268046.0
2026-08-11 13:00:00,6.475,6.479,6.417,6.422,503789.0
2026-08-11 14:00:00,6.423,6.428,6.215,6.247,2371985.0
2026-08-11 15:00:00,6.248,6.249,6.102,6.21,2817655.0
2026-08-11 16:00:00,6.21,6.247,6.184,6.213,790514.0
2026-08-11 17:00:00,6.213,6.232,6.202,6.205,368903.0
2026-08-11 18:00:00,6.206,6.24,6.2,6.232,357524.0
2026-08-11 19:00:00,6.233,6.274,6.213,6.272,338183.0
2026-08-11 20:00:00,6.272,6.326,6.27,6.303,554815.0
2026-08-11 21:00:00,6.304,6.317,6.288,6.312,270893.0
2026-08-11 22:00:00,6.312,6.33,6.301,6.315,246098.0
2026-08-11 23:00:00,6.315,6.324,6.301,6.317,145982.0
2026-08-12 00:00:00,6.318,6.322,6.275,6.286,427013.0
2026-08-12 01:00:00,6.285,6.308,6.279,6.288,282746.0
2026-08-12 02:00:00,6.289,6.3,6.278,6.287,229783.0
2026-08-12 03:00:00,6.286,6.306,6.256,6.282,347559.0
2026-08-12 04:00:00,6.282,6.313,6.274,6.29,223602.0
2026-08-12 05:00:00,6.29,6.296,6.281,6.29,158865.0
2026-08-12 06:00:00,6.289,6.289,6.232,6.239,499554.0
2026-08-12 07:00:00,6.239,6.264,6.206,6.232,478220.0
2026-08-12 08:00:00,6.233,6.247,6.215,6.217,388005.0
2026-08-12 09:00:00,6.217,6.263,6.212,6.246,336689.0
2026-08-12 10:00:00,6.246,6.29,6.245,6.279,382193.0
2026-08-12 11:00:00,6.279,6.311,6.266,6.305,316336.0
2026-08-12 12:00:00,6.305,6.55,6.299,6.407,3093117.0
2026-08-12 13:00:00,6.407,6.427,6.343,6.35,919919.0
2026-08-12 14:00:00,6.35,6.365,6.272,6.29,1035307.0
2026-08-12 15:00:00,6.29,6.398,6.285,6.372,592071.0
2026-08-12 16:00:00,6.373,6.377,6.325,6.347,351216.0
2026-08-12 17:00:00,6.347,6.37,6.33,6.361,366136.0
2026-08-12 18:00:00,6.36,6.397,6.359,6.376,416547.0
2026-08-12 19:00:00,6.377,6.387,6.312,6.353,704255.0
2026-08-12 20:00:00,6.352,6.422,6.349,6.387,465426.0
2026-08-12 21:00:00,6.386,6.4,6.307,6.333,463589.0
2026-08-12 22:00:00,6.334,6.35,6.291,6.309,410382.0
2026-08-12 23:00:00,6.309,6.324,6.293,6.316,253064.0
2026-08-13 00:00:00,6.315,6.38,6.312,6.369,413584.0
2026-08-13 01:00:00,6.368,6.409,6.356,6.398,262731.0
2026-08-13 02:00:00,6.399,6.422,6.373,6.418,293099.0
2026-08-13 03:00:00,6.418,6.523,6.418,6.508,971669.0
2026-08-13 04:00:00,6.508,6.549,6.485,6.503,803068.0
2026-08-13 05:00:00,6.503,6.541,6.483,6.513,478590.0
2026-08-13 06:00:00,6.512,6.544,6.512,6.534,448748.0
2026-08-13 07:00:00,6.533,6.544,6.506,6.516,336353.0
2026-08-13 08:00:00,6.516,6.533,6.49,6.512,549539.0
2026-08-13 09:00:00,6.512,6.514,6.472,6.5,408968.0
2026-08-13 10:00:00,6.5,6.515,6.478,6.512,273267.0
2026-08-13 11:00:00,6.512,6.516,6.477,6.502,281271.0
2026-08-13 12:00:00,6.501,6.547,6.493,6.545,595183.0
2026-08-13 13:00:00,6.546,6.548,6.478,6.489,537294.0
2026-08-13 14:00:00,6.49,6.522,6.461,6.487,532219.0
2026-08-13 15:00:00,6.488,6.495,6.406,6.408,594005.0
2026-08-13 16:00:00,6.408,6.417,6.356,6.391,765871.0
2026-08-13 17:00:00,6.39,6.416,6.387,6.415,248031.0
2026-08-13 18:00:00,6.414,6.438,6.407,6.429,272389.0
2026-08-13 19:00:00,6.429,6.437,6.413,6.421,193533.0
2026-08-13 20:00:00,6.421,6.424,6.403,6.412,130863.0
2026-08-13 21:00:00,6.411,6.425,6.403,6.418,112665.0
2026-08-13 22:00:00,6.418,6.444,6.416,6.44,140793.0
2026-08-13 23:00:00,6.44,6.454,6.432,6.453,150700.0
2026-08-14 00:00:00,6.453,6.481,6.445,6.462,414000.0
2026-08-14 01:00:00,6.462,6.485,6.451,6.465,220745.0
2026-08-14 02:00:00,6.466,6.471,6.434,6.447,312194.0
2026-08-14 03:00:00,6.446,6.446,6.401,6.414,264877.0
2026-08-14 04:00:00,6.413,6.434,6.403,6.43,123728.0
2026-08-14 05:00:00,6.429,6.434,6.41,6.426,81381.0
2026-08-14 06:00:00,6.426,6.426,6.375,6.378,247890.0
2026-08-14 07:00:00,6.377,6.406,6.366,6.374,366485.0
2026-08-14 08:00:00,6.375,6.404,6.372,6.389,178953.0
2026-08-14 09:00:00,6.389,6.394,6.352,6.355,223701.0
2026-08-14 10:00:00,6.355,6.378,6.344,6.36,264872.0
2026-08-14 11:00:00,6.36,6.369,6.351,6.356,132015.0
2026-08-14 12:00:00,6.357,6.38,6.344,6.379,174122.0
2026-08-14 13:00:00,6.38,6.4,6.357,6.39,353729.0
2026-08-14 14:00:00,6.391,6.399,6.369,6.381,235184.0
2026-08-14 15:00:00,6.381,6.449,6.368,6.435,435577.0
2026-08-14 16:00:00,6.435,6.457,6.42,6.44,272897.0
2026-08-14 17:00:00,6.441,6.492,6.436,6.439,428471.0
2026-08-14 18:00:00,6.44,6.444,6.399,6.422,331197.0
2026-08-14 19:00:00,6.423,6.456,6.395,6.428,372542.0
2026-08-14 20:00:00,6.429,6.438,6.418,6.42,103982.0
2026-08-14 21:00:00,6.421,6.426,6.386,6.398,214352.0
2026-08-14 22:00:00,6.398,6.428,6.383,6.426,182791.0
2026-08-14 23:00:00,6.427,6.49,6.426,6.474,255094.0
2026-08-15 00:00:00,6.474,6.514,6.473,6.496,383662.0
2026-08-15 01:00:00,6.496,6.503,6.471,6.486,285223.0
2026-08-15 02:00:00,6.486,6.879,6.486,6.765,3337536.0
2026-08-15 03:00:00,6.764,6.859,6.743,6.769,1680986.0
2026-08-15 04:00:00,6.769,6.791,6.676,6.723,777328.0
2026-08-15 05:00:00,6.722,6.742,6.676,6.687,496187.0
2026-08-15 06:00:00,6.687,6.703,6.594,6.65,974475.0
2026-08-15 07:00:00,6.651,6.656,6.617,6.617,412829.0
2026-08-15 08:00:00,6.617,6.628,6.591,6.594,714602.0
2026-08-15 09:00:00,6.595,6.601,6.578,6.587,249690.0
2026-08-15 10:00:00,6.587,6.596,6.576,6.588,251275.0
2026-08-15 11:00:00,6.588,6.588,6.56,6.568,266128.0
2026-08-15 12:00:00,6.569,6.595,6.562,6.587,237243.0
2026-08-15 13:00:00,6.587,6.587,6.547,6.563,340009.0
2026-08-15 14:00:00,6.563,6.578,6.551,6.551,179570.0
2026-08-15 15:00:00,6.552,6.572,6.532,6.558,222293.0
2026-08-15 16:00:00,6.559,6.562,6.474,6.503,821677.0
2026-08-15 17:00:00,6.503,6.515,6.49,6.499,255889.0
2026-08-15 18:00:00,6.499,6.504,6.487,6.491,167923.0
2026-08-15 19:00:00,6.492,6.506,6.484,6.501,178896.0
2026-08-15 20:00:00,6.502,6.502,6.487,6.494,107207.0
2026-08-15 21:00:00,6.493,6.507,6.488,6.491,157612.0
2026-08-15 22:00:00,6.491,6.493,6.357,6.372,1309290.0
2026-08-15 23:00:00,6.372,6.373,6.296,6.328,1576598.0
2026-08-16 00:00:00,6.328,6.333,6.216,6.322,1750612.0
2026-08-16 01:00:00,6.322,6.347,6.316,6.333,442976.0
2026-08-16 02:00:00,6.333,6.358,6.31,6.353,357789.0
2026-08-16 03:00:00,6.353,6.367,6.346,6.348,250665.0
2026-08-16 04:00:00,6.349,6.353,6.331,6.339,219721.0
2026-08-16 05:00:00,6.339,6.341,6.324,6.331,183480.0
2026-08-16 06:00:00,6.331,6.336,6.316,6.326,209076.0
2026-08-16 07:00:00,6.325,6.337,6.32,6.332,170921.0
2026-08-16 08:00:00,6.332,6.342,6.321,6.332,211943.0
2026-08-16 09:00:00,6.332,6.355,6.328,6.341,253352.0
2026-08-16 10:00:00,6.341,6.378,6.339,6.37,304012.0
2026-08-16 11:00:00,6.37,6.383,6.344,6.355,252051.0
2026-08-16 12:00:00,6.356,6.378,6.35,6.378,168511.0
2026-08-16 13:00:00,6.379,6.393,6.372,6.378,245740.0
2026-08-16 14:00:00,6.378,6.422,6.378,6.409,410897.0
2026-08-16 15:00:00,6.41,6.433,6.408,6.427,247147.0
2026-08-16 16:00:00,6.427,6.435,6.364,6.365,466262.0
2026-08-16 17:00:00,6.365,6.377,6.353,6.357,311022.0
2026-08-16 18:00:00,6.356,6.359,6.332,6.334,334574.0
2026-08-16 19:00:00,6.334,6.355,6.334,6.341,163395.0
2026-08-16 20:00:00,6.341,6.347,6.318,6.326,206584.0
2026-08-16 21:00:00,6.326,6.328,6.271,6.293,569832.0
2026-08-16 22:00:00,6.293,6.33,6.284,6.326,336709.0
2026-08-16 23:00:00,6.326,6.332,6.314,6.326,163149.0
2026-08-17 00:00:00,6.326,6.341,6.288,6.309,430113.0
2026-08-17 01:00:00,6.308,6.369,6.304,6.335,509452.0
2026-08-17 02:00:00,6.336,6.383,6.326,6.37,288498.0
2026-08-17 03:00:00,6.37,6.372,6.353,6.362,172746.0
2026-08-17 04:00:00,6.363,6.4,6.363,6.384,227305.0
2026-08-17 05:00:00,6.384,6.387,6.353,6.353,170079.0
2026-08-17 06:00:00,6.354,6.39,6.336,6.375,267510.0
2026-08-17 07:00:00,6.376,6.378,6.356,6.359,300254.0
2026-08-17 08:00:00,6.36,6.363,6.304,6.315,568872.0
2026-08-17 09:00:00,6.316,6.328,6.311,6.323,274977.0
2026-08-17 10:00:00,6.324,6.355,6.316,6.346,242145.0
2026-08-17 11:00:00,6.346,6.348,6.314,6.324,340021.0
2026-08-17 12:00:00,6.324,6.328,6.296,6.305,513359.0
2026-08-17 13:00:00,6.305,6.322,6.289,6.304,591034.0
2026-08-17 14:00:00,6.305,6.331,6.289,6.324,316442.0
2026-08-17 15:00:00,6.324,6.343,6.309,6.323,503088.0
2026-08-17 16:00:00,6.324,6.33,6.295,6.295,353173.0
2026-08-17 17:00:00,6.295,6.344,6.293,6.317,452952.0
2026-08-17 18:00:00,6.317,6.353,6.316,6.334,297038.0
2026-08-17 19:00:00,6.335,6.349,6.311,6.337,354668.0
2026-08-17 20:00:00,6.337,6.355,6.32,6.338,491225.0
2026-08-17 21:00:00,6.338,6.348,6.329,6.334,189146.0
2026-08-17 22:00:00,6.334,6.34,6.31,6.313,155222.0
2026-08-17 23:00:00,6.314,6.367,6.31,6.347,237777.0
2026-08-18 00:00:00,6.346,6.385,6.342,6.385,435272.0
2026-08-18 01:00:00,6.385,6.451,6.327,6.336,846645.0
2026-08-18 02:00:00,6.336,6.336,6.238,6.244,1058261.0
2026-08-18 03:00:00,6.245,6.284,6.231,6.273,626184.0
2026-08-18 04:00:00,6.273,6.297,6.266,6.296,215264.0
2026-08-18 05:00:00,6.296,6.353,6.287,6.336,400375.0
2026-08-18 06:00:00,6.335,6.367,6.308,6.351,389719.0
2026-08-18 07:00:00,6.351,6.353,6.302,6.31,234673.0
2026-08-18 08:00:00,6.31,6.345,6.293,6.323,340088.0
2026-08-18 09:00:00,6.322,6.335,6.312,6.322,244195.0
2026-08-18 10:00:00,6.322,6.326,6.298,6.309,263677.0
2026-08-18 11:00:00,6.31,6.331,6.308,6.329,176606.0
2026-08-18 12:00:00,6.328,6.333,6.308,6.325,183376.0
2026-08-18 13:00:00,6.325,6.335,6.307,6.321,220797.0
2026-08-18 14:00:00,6.32,6.396,6.32,6.35,686123.0
2026-08-18 15:00:00,6.351,6.374,6.347,6.371,373154.0
2026-08-18 16:00:00,6.372,6.377,6.317,6.335,377538.0
2026-08-18 17:00:00,6.335,6.355,6.326,6.347,255451.0
2026-08-18 18:00:00,6.347,6.36,6.337,6.345,162081.0
2026-08-18 19:00:00,6.344,6.358,6.332,6.345,158128.0
2026-08-18 20:00:00,6.344,6.353,6.309,6.309,245902.0
2026-08-18 21:00:00,6.309,6.322,6.3,6.314,241162.0
2026-08-18 22:00:00,6.314,6.325,6.306,6.316,169763.0
2026-08-18 23:00:00,6.316,6.346,6.316,6.331,123969.0
2026-08-19 00:00:00,6.332,6.344,6.314,6.325,342674.0
2026-08-19 01:00:00,6.325,6.355,6.325,6.345,164004.0
2026-08-19 02:00:00,6.345,6.353,6.333,6.341,175445.0
2026-08-19 03:00:00,6.342,6.371,6.333,6.36,223639.0
2026-08-19 04:00:00,6.361,6.363,6.343,6.346,140349.0
2026-08-19 05:00:00,6.346,6.362,6.34,6.343,119873.0
2026-08-19 06:00:00,6.342,6.363,6.333,6.363,285188.0
2026-08-19 07:00:00,6.363,6.37,6.342,6.347,235646.0
2026-08-19 08:00:00,6.347,6.39,6.344,6.356,632944.0
2026-08-19 09:00:00,6.355,6.369,6.335,6.341,343325.0
2026-08-19 10:00:00,6.341,6.342,6.32,6.335,232635.0
2026-08-19 11:00:00,6.335,6.344,6.302,6.309,334276.0
2026-08-19 12:00:00,6.309,6.369,6.306,6.354,386951.0
2026-08-19 13:00:00,6.354,6.355,6.302,6.304,569834.0
2026-08-19 14:00:00,6.304,6.389,6.278,6.374,1131831.0
2026-08-19 15:00:00,6.373,6.732,6.364,6.558,5245664.0
2026-08-19 16:00:00,6.558,6.642,6.556,6.606,1466598.0
2026-08-19 17:00:00,6.606,6.61,6.521,6.542,1013151.0
2026-08-19 18:00:00,6.542,6.547,6.493,6.523,591324.0
2026-08-19 19:00:00,6.523,6.591,6.517,6.585,467524.0
2026-08-19 20:00:00,6.585,6.772,6.585,6.71,1451733.0
2026-08-19 21:00:00,6.71,6.886,6.701,6.829,3760555.0
2026-08-19 22:00:00,6.829,6.86,6.76,6.797,1626551.0
2026-08-19 23:00:00,6.797,6.813,6.751,6.778,502082.0
2026-08-20 00:00:00,6.778,6.824,6.744,6.788,744409.0
2026-08-20 01:00:00,6.787,6.802,6.749,6.795,388297.0
2026-08-20 02:00:00,6.795,6.812,6.77,6.773,332169.0
2026-08-20 03:00:00,6.772,6.773,6.692,6.754,515355.0
2026-08-20 04:00:00,6.753,6.772,6.728,6.762,299644.0
2026-08-20 05:00:00,6.762,6.779,6.745,6.751,217313.0
2026-08-20 06:00:00,6.751,6.805,6.728,6.804,391253.0
2026-08-20 07:00:00,6.804,6.831,6.786,6.809,629303.0
2026-08-20 08:00:00,6.808,6.95,6.797,6.914,1615042.0
2026-08-20 09:00:00,6.915,6.932,6.855,6.873,850339.0
2026-08-20 10:00:00,6.873,6.966,6.868,6.917,700498.0
2026-08-20 11:00:00,6.917,6.952,6.875,6.891,746540.0
2026-08-20 12:00:00,6.891,6.909,6.726,6.863,2717454.0
2026-08-20 13:00:00,6.863,6.924,6.832,6.914,1098519.0
2026-08-20 14:00:00,6.914,6.975,6.901,6.972,1078089.0
2026-08-20 15:00:00,6.972,7.138,6.958,7.056,2560725.0
2026-08-20 16:00:00,7.057,7.239,7.048,7.223,1957840.0
2026-08-20 17:00:00,7.222,7.324,7.203,7.266,1870206.0
2026-08-20 18:00:00,7.267,7.281,7.161,7.166,2185941.0
2026-08-20 19:00:00,7.166,7.206,7.127,7.145,838853.0
2026-08-20 20:00:00,7.145,7.213,7.122,7.212,925587.0
2026-08-20 21:00:00,7.211,7.224,7.163,7.21,575434.0
2026-08-20 22:00:00,7.21,7.211,7.15,7.173,456798.0
2026-08-20 23:00:00,7.172,7.312,7.169,7.293,627390.0
2026-08-21 00:00:00,7.293,7.36,7.218,7.272,1222449.0
2026-08-21 01:00:00,7.271,7.337,7.236,7.304,1157409.0
2026-08-21 02:00:00,7.304,7.326,7.254,7.271,904094.0
2026-08-21 03:00:00,7.271,7.343,7.232,7.305,786553.0
2026-08-21 04:00:00,7.305,7.357,7.266,7.313,883511.0
2026-08-21 05:00:00,7.314,7.395,7.278,7.392,982930.0
2026-08-21 06:00:00,7.391,7.449,7.307,7.361,1427399.0
2026-08-21 07:00:00,7.361,7.497,7.351,7.476,1161631.0
2026-08-21 08:00:00,7.477,7.7,7.475,7.686,1731711.0
2026-08-21 09:00:00,7.685,7.692,7.364,7.592,2930015.0
2026-08-21 10:00:00,7.592,7.634,7.541,7.622,798502.0
2026-08-21 11:00:00,7.622,7.669,7.403,7.493,2060494.0
2026-08-21 12:00:00,7.494,7.586,7.452,7.56,1081073.0
2026-08-21 13:00:00,7.56,7.642,7.472,7.584,1572246.0
2026-08-21 14:00:00,7.584,7.657,7.515,7.636,1059076.0
2026-08-21 15:00:00,7.636,7.68,7.538,7.623,1440186.0
2026-08-21 16:00:00,7.624,7.658,7.547,7.635,706324.0
2026-08-21 17:00:00,7.636,7.706,7.61,7.662,837618.0
2026-08-21 18:00:00,7.663,7.676,7.455,7.526,1630777.0
2026-08-21 19:00:00,7.525,7.586,7.47,7.543,773565.0
2026-08-21 20:00:00,7.544,7.643,7.519,7.639,531181.0
2026-08-21 21:00:00,7.639,7.785,7.636,7.776,982216.0
2026-08-21 22:00:00,7.777,7.895,7.755,7.866,1444132.0
2026-08-21 23:00:00,7.866,7.899,7.796,7.841,838371.0
2026-08-22 00:00:00,7.841,7.902,7.776,7.878,1036890.0
2026-08-22 01:00:00,7.879,7.929,7.817,7.846,1005125.0
2026-08-22 02:00:00,7.847,8.077,7.847,8.066,1118564.0
2026-08-22 03:00:00,8.066,8.127,8.027,8.082,1637415.0
2026-08-22 04:00:00,8.083,8.331,8.028,8.247,1743439.0
2026-08-22 05:00:00,8.247,8.315,6.962,7.701,6029462.0
2026-08-22 06:00:00,7.702,7.721,7.562,7.672,1658863.0
2026-08-22 07:00:00,7.672,7.739,7.598,7.614,1120559.0
2026-08-22 08:00:00,7.614,7.662,7.467,7.542,1444326.0
2026-08-22 09:00:00,7.543,7.612,7.461,7.533,846839.0
2026-08-22 10:00:00,7.532,7.551,7.351,7.505,1679798.0
2026-08-22 11:00:00,7.505,7.543,7.461,7.53,450044.0
2026-08-22 12:00:00,7.529,7.598,7.506,7.559,528410.0
2026-08-22 13:00:00,7.559,7.576,7.512,7.545,460546.0
2026-08-22 14:00:00,7.544,7.555,7.442,7.476,733332.0
2026-08-22 15:00:00,7.476,7.507,7.428,7.453,536966.0
2026-08-22 16:00:00,7.452,7.633,7.45,7.6,757142.0
2026-08-22 17:00:00,7.6,7.607,7.549,7.581,328696.0
2026-08-22 18:00:00,7.58,7.592,7.527,7.564,315164.0
2026-08-22 19:00:00,7.564,7.603,7.533,7.568,324029.0
2026-08-22 20:00:00,7.567,7.603,7.546,7.571,331720.0
2026-08-22 21:00:00,7.571,7.572,7.439,7.458,650527.0
2026-08-22 22:00:00,7.457,7.53,7.415,7.488,487357.0
2026-08-22 23:00:00,7.488,7.514,7.452,7.495,251449.0
2026-08-23 00:00:00,7.494,7.585,7.466,7.57,530468.0
2026-08-23 01:00:00,7.571,7.571,7.501,7.516,358233.0
2026-08-23 02:00:00,7.516,7.523,7.426,7.46,503581.0
2026-08-23 03:00:00,7.46,7.472,7.375,7.407,521990.0
2026-08-23 04:00:00,7.407,7.445,7.303,7.331,889225.0
2026-08-23 05:00:00,7.331,7.395,7.274,7.312,890908.0
2026-08-23 06:00:00,7.313,7.385,7.297,7.342,428809.0
2026-08-23 07:00:00,7.342,7.399,7.329,7.374,335738.0
2026-08-23 08:00:00,7.373,7.441,7.368,7.408,364095.0
2026-08-23 09:00:00,7.408,7.426,7.38,7.418,239010.0
2026-08-23 10:00:00,7.418,7.479,7.416,7.435,400761.0
2026-08-23 11:00:00,7.435,7.532,7.428,7.529,537439.0
2026-08-23 12:00:00,7.529,7.559,7.482,7.542,407809.0
2026-08-23 13:00:00,7.542,7.632,7.538,7.613,633479.0
2026-08-23 14:00:00,7.613,7.661,7.421,7.565,1254492.0
2026-08-23 15:00:00,7.566,7.604,7.511,7.558,632450.0
2026-08-23 16:00:00,7.558,7.595,7.53,7.578,357454.0
2026-08-23 17:00:00,7.579,7.604,7.528,7.548,440282.0
2026-08-23 18:00:00,7.547,7.593,7.542,7.588,291324.0
2026-08-23 19:00:00,7.589,7.594,7.538,7.545,269893.0
2026-08-23 20:00:00,7.546,7.578,7.512,7.577,285944.0
2026-08-23 21:00:00,7.577,7.678,7.576,7.627,630844.0
2026-08-23 22:00:00,7.627,7.659,7.583,7.625,389895.0
2026-08-23 23:00:00,7.626,7.648,7.584,7.61,334925.0
2026-08-24 00:00:00,7.609,7.61,7.46,7.57,971351.0
2026-08-24 01:00:00,7.57,7.58,7.416,7.425,624022.0
2026-08-24 02:00:00,7.424,7.537,7.39,7.503,488505.0
2026-08-24 03:00:00,7.504,7.505,7.431,7.453,393525.0
2026-08-24 04:00:00,7.452,7.512,7.45,7.505,465541.0
2026-08-24 05:00:00,7.505,7.53,7.451,7.485,438743.0
2026-08-24 06:00:00,7.485,7.515,7.432,7.478,547861.0
2026-08-24 07:00:00,7.478,7.542,7.449,7.457,416953.0
2026-08-24 08:00:00,7.458,7.474,7.404,7.442,551379.0
2026-08-24 09:00:00,7.442,7.5,7.436,7.489,311053.0
2026-08-24 10:00:00,7.489,7.523,7.445,7.461,503443.0
2026-08-24 11:00:00,7.461,7.583,7.416,7.545,663129.0
2026-08-24 12:00:00,7.545,7.616,7.459,7.592,827913.0
2026-08-24 13:00:00,7.593,7.612,7.44,7.51,1306796.0
2026-08-24 14:00:00,7.51,7.6,7.492,7.564,761010.0
2026-08-24 15:00:00,7.564,7.647,7.51,7.536,1040455.0
2026-08-24 16:00:00,7.537,7.645,7.529,7.557,847039.0
2026-08-24 17:00:00,7.557,7.582,7.483,7.527,999831.0
2026-08-24 18:00:00,7.527,7.574,7.504,7.52,410293.0
2026-08-24 19:00:00,7.52,7.534,7.508,7.527,423779.0
2026-08-24 20:00:00,7.528,7.565,7.515,7.552,216202.0
2026-08-24 21:00:00,7.552,7.579,7.536,7.57,188573.0
2026-08-24 22:00:00,7.571,7.586,7.513,7.517,278934.0
2026-08-24 23:00:00,7.517,7.549,7.494,7.543,218462.0
2026-08-25 00:00:00,7.543,7.639,7.508,7.621,589076.0
2026-08-25 01:00:00,7.62,7.64,7.581,7.618,439145.0
2026-08-25 02:00:00,7.619,7.733,7.586,7.681,894675.0
2026-08-25 03:00:00,7.682,7.725,7.602,7.623,506886.0
2026-08-25 04:00:00,7.623,7.67,7.611,7.648,348956.0
2026-08-25 05:00:00,7.648,7.704,7.635,7.671,368784.0
2026-08-25 06:00:00,7.672,7.676,7.566,7.583,564762.0
2026-08-25 07:00:00,7.583,7.622,7.467,7.524,736108.0
2026-08-25 08:00:00,7.524,7.579,7.518,7.53,435493.0
2026-08-25 09:00:00,7.531,7.544,7.487,7.524,455016.0
2026-08-25 10:00:00,7.524,7.536,7.505,7.525,332357.0
2026-08-25 11:00:00,7.525,7.549,7.508,7.519,271176.0
2026-08-25 12:00:00,7.519,7.537,7.488,7.522,557170.0
2026-08-25 13:00:00,7.522,7.528,7.32,7.411,1802483.0
2026-08-25 14:00:00,7.411,7.51,7.391,7.491,725809.0
2026-08-25 15:00:00,7.492,7.51,7.447,7.504,337726.0
2026-08-25 16:00:00,7.505,7.536,7.456,7.463,356684.0
2026-08-25 17:00:00,7.463,7.493,7.429,7.483,391099.0
2026-08-25 18:00:00,7.483,7.518,7.473,7.492,216003.0
2026-08-25 19:00:00,7.493,7.5,7.44,7.456,242320.0
2026-08-25 20:00:00,7.456,7.459,7.338,7.346,652329.0
2026-08-25 21:00:00,7.345,7.368,7.225,7.344,1140034.0
2026-08-25 22:00:00,7.345,7.391,7.342,7.386,228073.0
2026-08-25 23:00:00,7.386,7.396,7.312,7.323,278323.0
2026-08-26 00:00:00,7.323,7.362,7.29,7.354,352981.0
2026-08-26 01:00:00,7.354,7.391,7.348,7.37,242918.0
2026-08-26 02:00:00,7.37,7.417,7.351,7.389,211767.0
2026-08-26 03:00:00,7.389,7.395,7.342,7.364,211266.0
2026-08-26 04:00:00,7.364,7.378,7.327,7.331,211252.0
2026-08-26 05:00:00,7.331,7.371,7.302,7.37,280419.0
2026-08-26 06:00:00,7.37,7.4,7.36,7.39,307397.0
2026-08-26 07:00:00,7.39,7.416,7.384,7.388,429278.0
2026-08-26 08:00:00,7.388,7.41,7.35,7.366,276188.0
2026-08-26 09:00:00,7.367,7.382,7.276,7.314,484696.0
2026-08-26 10:00:00,7.313,7.412,7.3,7.399,367030.0
2026-08-26 11:00:00,7.4,7.408,7.315,7.336,297858.0
2026-08-26 12:00:00,7.336,7.388,7.276,7.345,694831.0
2026-08-26 13:00:00,7.345,7.361,7.263,7.305,633459.0
2026-08-26 14:00:00,7.304,7.33,7.179,7.199,878789.0
2026-08-26 15:00:00,7.199,7.248,7.148,7.226,880362.0
2026-08-26 16:00:00,7.225,7.253,7.188,7.209,358119.0
2026-08-26 17:00:00,7.209,7.291,7.204,7.244,417314.0
2026-08-26 18:00:00,7.243,7.26,7.23,7.246,214634.0
2026-08-26 19:00:00,7.246,7.277,7.238,7.249,205005.0
2026-08-26 20:00:00,7.249,7.269,7.198,7.269,268266.0
2026-08-26 21:00:00,7.269,7.351,7.262,7.342,388106.0
2026-08-26 22:00:00,7.342,7.399,7.337,7.364,392810.0
2026-08-26 23:00:00,7.364,7.457,7.358,7.439,503979.0
2026-08-27 00:00:00,7.439,7.442,7.36,7.36,338934.0
2026-08-27 01:00:00,7.359,7.405,7.33,7.383,297571.0
2026-08-27 02:00:00,7.382,7.399,7.335,7.345,213408.0
2026-08-27 03:00:00,7.345,7.376,7.321,7.345,175981.0
2026-08-27 04:00:00,7.345,7.373,7.312,7.335,186455.0
2026-08-27 05:00:00,7.334,7.357,7.289,7.346,241448.0
2026-08-27 06:00:00,7.346,7.372,7.315,7.367,210238.0
2026-08-27 07:00:00,7.366,7.383,7.35,7.374,173711.0
2026-08-27 08:00:00,7.374,7.474,7.368,7.466,826546.0
2026-08-27 09:00:00,7.467,7.515,7.436,7.446,565623.0
2026-08-27 10:00:00,7.446,7.469,7.347,7.415,676844.0
2026-08-27 11:00:00,7.415,7.433,7.37,7.389,340132.0
2026-08-27 12:00:00,7.389,7.428,7.377,7.394,275243.0
2026-08-27 13:00:00,7.395,7.556,7.388,7.467,2089817.0
2026-08-27 14:00:00,7.466,7.541,7.451,7.503,864618.0
2026-08-27 15:00:00,7.504,7.575,7.496,7.516,849929.0
2026-08-27 16:00:00,7.515,7.55,7.496,7.52,639444.0
2026-08-27 17:00:00,7.521,7.579,7.512,7.525,552455.0
2026-08-27 18:00:00,7.525,7.531,7.453,7.509,730270.0
2026-08-27 19:00:00,7.51,7.517,7.476,7.479,246913.0
2026-08-27 20:00:00,7.479,7.522,7.466,7.521,264583.0
2026-08-27 21:00:00,7.521,7.524,7.482,7.511,164759.0
2026-08-27 22:00:00,7.512,7.54,7.505,7.516,246146.0
2026-08-27 23:00:00,7.516,7.536,7.506,7.523,222302.0
2026-08-28 00:00:00,7.522,7.534,7.508,7.517,286587.0
2026-08-28 01:00:00,7.516,7.594,7.494,7.516,680838.0
2026-08-28 02:00:00,7.517,7.519,7.391,7.434,1026038.0
2026-08-28 03:00:00,7.435,7.461,7.409,7.436,364769.0
2026-08-28 04:00:00,7.437,7.458,7.403,7.429,310026.0
2026-08-28 05:00:00,7.429,7.469,7.416,7.459,244659.0
2026-08-28 06:00:00,7.46,7.5,7.46,7.483,255104.0
2026-08-28 07:00:00,7.484,7.484,7.394,7.395,476261.0
2026-08-28 08:00:00,7.396,7.435,7.352,7.393,457468.0
2026-08-28 09:00:00,7.393,7.396,7.358,7.362,415981.0
2026-08-28 10:00:00,7.362,7.414,7.314,7.414,499983.0
2026-08-28 11:00:00,7.414,7.445,7.412,7.423,283011.0
2026-08-28 12:00:00,7.422,7.428,7.383,7.399,176923.0
2026-08-28 13:00:00,7.399,7.41,7.356,7.386,361684.0
2026-08-28 14:00:00,7.387,7.469,7.267,7.434,1480235.0
2026-08-28 15:00:00,7.434,7.456,7.32,7.327,646140.0
2026-08-28 16:00:00,7.326,7.336,7.201,7.293,1443895.0
2026-08-28 17:00:00,7.293,7.316,7.261,7.285,360835.0
2026-08-28 18:00:00,7.284,7.286,7.2,7.244,544742.0
2026-08-28 19:00:00,7.244,7.284,7.241,7.266,255691.0
2026-08-28 20:00:00,7.265,7.285,7.256,7.271,175488.0
2026-08-28 21:00:00,7.271,7.296,7.244,7.255,285290.0
2026-08-28 22:00:00,7.255,7.308,7.247,7.301,191993.0
2026-08-28 23:00:00,7.301,7.317,7.295,7.305,142587.0
2026-08-29 00:00:00,7.304,7.327,7.289,7.296,227027.0
2026-08-29 01:00:00,7.296,7.308,7.282,7.297,123797.0
2026-08-29 02:00:00,7.297,7.303,7.253,7.277,198685.0
2026-08-29 03:00:00,7.277,7.284,7.256,7.256,166475.0
2026-08-29 04:00:00,7.257,7.303,7.253,7.294,122904.0
2026-08-29 05:00:00,7.295,7.31,7.29,7.309,133205.0
2026-08-29 06:00:00,7.31,7.312,7.256,7.274,216980.0
2026-08-29 07:00:00,7.274,7.284,7.261,7.266,84744.0
2026-08-29 08:00:00,7.266,7.266,7.219,7.237,232375.0
2026-08-29 09:00:00,7.237,7.262,7.234,7.249,169702.0
2026-08-29 10:00:00,7.25,7.28,7.237,7.257,200009.0
2026-08-29 11:00:00,7.258,7.263,7.245,7.257,112892.0
2026-08-29 12:00:00,7.257,7.285,7.253,7.277,101413.0
2026-08-29 13:00:00,7.278,7.301,7.262,7.295,176979.0
2026-08-29 14:00:00,7.295,7.365,7.29,7.356,372578.0
2026-08-29 15:00:00,7.356,7.367,7.311,7.327,296709.0
2026-08-29 16:00:00,7.328,7.339,7.298,7.316,253893.0
2026-08-29 17:00:00,7.316,7.32,7.268,7.288,223654.0
2026-08-29 18:00:00,7.287,7.326,7.283,7.312,141901.0
2026-08-29 19:00:00,7.311,7.335,7.307,7.316,182192.0
2026-08-29 20:00:00,7.316,7.332,7.311,7.318,79565.0
2026-08-29 21:00:00,7.319,7.335,7.298,7.303,195024.0
2026-08-29 22:00:00,7.302,7.324,7.3,7.321,82011.0
2026-08-29 23:00:00,7.32,7.332,7.307,7.326,105901.0
2026-08-30 00:00:00,7.327,7.344,7.31,7.31,197712.0
2026-08-30 01:00:00,7.311,7.316,7.245,7.274,348366.0
2026-08-30 02:00:00,7.274,7.29,7.26,7.281,157813.0
2026-08-30 03:00:00,7.28,7.302,7.277,7.289,89577.0
2026-08-30 04:00:00,7.289,7.299,7.261,7.283,134371.0
2026-08-30 05:00:00,7.284,7.305,7.281,7.303,93066.0
2026-08-30 06:00:00,7.302,7.344,7.297,7.344,150878.0
2026-08-30 07:00:00,7.344,7.347,7.313,7.321,156086.0
2026-08-30 08:00:00,7.321,7.341,7.304,7.321,167472.0
2026-08-30 09:00:00,7.321,7.344,7.309,7.335,192511.0
2026-08-30 10:00:00,7.335,7.382,7.324,7.375,327930.0
2026-08-30 11:00:00,7.376,7.391,7.352,7.379,239269.0
2026-08-30 12:00:00,7.38,7.409,7.371,7.394,261189.0
2026-08-30 13:00:00,7.394,7.433,7.375,7.421,334300.0
2026-08-30 14:00:00,7.421,7.429,7.399,7.419,211315.0
2026-08-30 15:00:00,7.418,7.428,7.384,7.408,327154.0
2026-08-30 16:00:00,7.407,7.468,7.401,7.444,554161.0
2026-08-30 17:00:00,7.444,7.453,7.372,7.42,450334.0
2026-08-30 18:00:00,7.419,7.455,7.393,7.442,246333.0
2026-08-30 19:00:00,7.442,7.444,7.385,7.408,294568.0
2026-08-30 20:00:00,7.407,7.429,7.323,7.359,598191.0
2026-08-30 21:00:00,7.358,7.362,7.275,7.331,977654.0
2026-08-30 22:00:00,7.331,7.363,7.262,7.31,536524.0
2026-08-30 23:00:00,7.309,7.311,7.0,7.109,2394983.0
2026-08-31 00:00:00,7.108,7.177,7.076,7.147,648427.0
2026-08-31 01:00:00,7.147,7.159,7.099,7.106,451079.0
2026-08-31 02:00:00,7.105,7.168,7.075,7.095,346340.0
2026-08-31 03:00:00,7.095,7.153,7.088,7.137,297372.0
2026-08-31 04:00:00,7.138,7.15,7.12,7.144,261477.0
2026-08-31 05:00:00,7.144,7.231,7.139,7.203,427054.0
2026-08-31 06:00:00,7.203,7.234,7.195,7.216,251326.0
2026-08-31 07:00:00,7.216,7.24,7.208,7.214,218706.0
2026-08-31 08:00:00,7.214,7.242,7.182,7.212,239340.0
2026-08-31 09:00:00,7.213,7.242,7.198,7.219,279725.0
2026-08-31 10:00:00,7.22,7.244,7.185,7.233,413285.0
2026-08-31 11:00:00,7.233,7.244,7.176,7.193,341075.0
2026-08-31 12:00:00,7.194,7.229,7.144,7.17,477144.0
2026-08-31 13:00:00,7.171,7.197,7.126,7.145,477388.0
2026-08-31 14:00:00,7.145,7.233,7.137,7.226,629565.0
2026-08-31 15:00:00,7.227,7.231,7.184,7.198,409547.0
2026-08-31 16:00:00,7.198,7.226,7.17,7.197,321835.0
2026-08-31 17:00:00,7.196,7.236,7.176,7.229,221643.0
2026-08-31 18:00:00,7.228,7.263,7.214,7.227,279383.0
2026-08-31 19:00:00,7.227,7.247,7.187,7.209,343145.0
2026-08-31 20:00:00,7.209,7.237,7.202,7.216,209935.0
2026-08-31 21:00:00,7.215,7.248,7.197,7.235,209358.0
2026-08-31 22:00:00,7.235,7.245,7.208,7.22,158227.0
2026-08-31 23:00:00,7.22,7.232,7.205,7.229,122383.0
2026-09-01 00:00:00,7.229,7.283,7.22,7.272,330680.0
2026-09-01 01:00:00,7.273,7.293,7.245,7.263,264976.0
2026-09-01 02:00:00,7.263,7.268,7.229,7.256,254930.0
2026-09-01 03:00:00,7.256,7.295,7.243,7.273,229563.0
2026-09-01 04:00:00,7.274,7.287,7.256,7.261,184132.0
2026-09-01 05:00:00,7.262,7.333,7.259,7.321,380024.0
2026-09-01 06:00:00,7.321,7.324,7.275,7.296,202709.0
2026-09-01 07:00:00,7.296,7.328,7.285,7.312,242256.0
2026-09-01 08:00:00,7.313,7.319,7.194,7.21,637369.0
2026-09-01 09:00:00,7.211,7.249,7.198,7.241,330645.0
2026-09-01 10:00:00,7.242,7.284,7.207,7.275,286002.0
2026-09-01 11:00:00,7.275,7.304,7.247,7.278,311871.0
2026-09-01 12:00:00,7.278,7.296,7.243,7.264,365064.0
2026-09-01 13:00:00,7.264,7.302,7.208,7.289,504038.0
2026-09-01 14:00:00,7.289,7.359,7.278,7.33,621278.0
2026-09-01 15:00:00,7.33,7.333,7.262,7.301,459093.0
2026-09-01 16:00:00,7.302,7.308,7.203,7.261,691211.0
2026-09-01 17:00:00,7.262,7.299,7.235,7.242,440697.0
2026-09-01 18:00:00,7.242,7.256,7.137,7.221,1124450.0
2026-09-01 19:00:00,7.221,7.249,7.203,7.228,480097.0
2026-09-01 20:00:00,7.229,7.241,7.197,7.229,303970.0
2026-09-01 21:00:00,7.229,7.237,7.163,7.201,361161.0
2026-09-01 22:00:00,7.201,7.213,7.171,7.181,250547.0
2026-09-01 23:00:00,7.182,7.235,7.174,7.214,181286.0
2026-09-02 00:00:00,7.215,7.234,7.173,7.178,262468.0
2026-09-02 01:00:00,7.178,7.198,7.105,7.136,442411.0
2026-09-02 02:00:00,7.136,7.185,7.127,7.182,333480.0
2026-09-02 03:00:00,7.182,7.243,7.177,7.198,337366.0
2026-09-02 04:00:00,7.199,7.233,7.18,7.228,227536.0
2026-09-02 05:00:00,7.228,7.254,7.206,7.24,213981.0
2026-09-02 06:00:00,7.239,7.244,7.196,7.221,243601.0
2026-09-02 07:00:00,7.221,7.244,7.201,7.205,184907.0
2026-09-02 08:00:00,7.206,7.22,7.125,7.138,557181.0
2026-09-02 09:00:00,7.138,7.169,7.074,7.104,742598.0
2026-09-02 10:00:00,7.104,7.112,7.035,7.079,671731.0
2026-09-02 11:00:00,7.079,7.123,7.052,7.114,461681.0
2026-09-02 12:00:00,7.114,7.139,7.087,7.094,347636.0
2026-09-02 13:00:00,7.093,7.2,7.093,7.165,582806.0
2026-09-02 14:00:00,7.166,7.191,7.131,7.133,367676.0
2026-09-02 15:00:00,7.133,7.162,7.102,7.145,457833.0
2026-09-02 16:00:00,7.146,7.175,7.132,7.14,417365.0
2026-09-02 17:00:00,7.139,7.166,7.097,7.162,346007.0
2026-09-02 18:00:00,7.163,7.183,7.15,7.171,284317.0
2026-09-02 19:00:00,7.17,7.181,7.133,7.163,274926.0
2026-09-02 20:00:00,7.163,7.197,7.16,7.18,387279.0
2026-09-02 21:00:00,7.179,7.189,7.164,7.175,247496.0
2026-09-02 22:00:00,7.175,7.178,7.133,7.146,232427.0
2026-09-02 23:00:00,7.146,7.195,7.14,7.19,159483.0
2026-09-03 00:00:00,7.19,7.194,7.151,7.156,235144.0
2026-09-03 01:00:00,7.155,7.238,7.128,7.19,532048.0
2026-09-03 02:00:00,7.191,7.28,7.187,7.266,669206.0
2026-09-03 03:00:00,7.266,7.28,7.24,7.275,354822.0
2026-09-03 04:00:00,7.276,7.296,7.242,7.295,327488.0
2026-09-03 05:00:00,7.295,7.314,7.21,7.285,636783.0
2026-09-03 06:00:00,7.285,7.292,7.267,7.277,241539.0
2026-09-03 07:00:00,7.276,7.347,7.228,7.257,1010544.0
2026-09-03 08:00:00,7.258,7.298,7.258,7.274,318282.0
2026-09-03 09:00:00,7.275,7.293,7.251,7.261,323097.0
2026-09-03 10:00:00,7.261,7.272,7.227,7.269,306077.0
2026-09-03 11:00:00,7.269,7.299,7.258,7.277,374067.0
2026-09-03 12:00:00,7.278,7.326,7.271,7.311,559313.0
2026-09-03 13:00:00,7.311,7.324,7.274,7.304,502561.0
2026-09-03 14:00:00,7.304,7.459,7.289,7.456,1260882.0
2026-09-03 15:00:00,7.456,7.519,7.403,7.51,1339455.0
2026-09-03 16:00:00,7.511,7.548,7.466,7.516,1047082.0
2026-09-03 17:00:00,7.517,7.532,7.491,7.507,581611.0
2026-09-03 18:00:00,7.506,7.547,7.503,7.532,488356.0
2026-09-03 19:00:00,7.531,7.568,7.505,7.536,554051.0
2026-09-03 20:00:00,7.536,7.546,7.503,7.527,447105.0
2026-09-03 21:00:00,7.527,7.579,7.511,7.547,430492.0
2026-09-03 22:00:00,7.546,7.55,7.472,7.502,487261.0
2026-09-03 23:00:00,7.502,7.529,7.489,7.517,283302.0
2026-09-04 00:00:00,7.517,7.525,7.482,7.49,406214.0
2026-09-04 01:00:00,7.49,7.509,7.472,7.496,499930.0
2026-09-04 02:00:00,7.496,7.517,7.485,7.517,224880.0
2026-09-04 03:00:00,7.517,7.531,7.488,7.494,189797.0
2026-09-04 04:00:00,7.494,7.522,7.486,7.491,205491.0
2026-09-04 05:00:00,7.491,7.506,7.42,7.455,769131.0
2026-09-04 06:00:00,7.455,7.478,7.444,7.468,273999.0
2026-09-04 07:00:00,7.469,7.502,7.467,7.473,228440.0
2026-09-04 08:00:00,7.473,7.529,7.466,7.524,502124.0
2026-09-04 09:00:00,7.525,7.537,7.488,7.492,489174.0
2026-09-04 10:00:00,7.492,7.505,7.47,7.502,269099.0
2026-09-04 11:00:00,7.502,7.504,7.487,7.491,210991.0
2026-09-04 12:00:00,7.492,7.504,7.256,7.355,2485860.0
2026-09-04 13:00:00,7.355,7.403,7.338,7.374,744841.0
2026-09-04 14:00:00,7.375,7.385,7.292,7.33,661977.0
2026-09-04 15:00:00,7.33,7.374,7.32,7.363,367027.0
2026-09-04 16:00:00,7.362,7.399,7.351,7.379,307130.0
2026-09-04 17:00:00,7.379,7.379,7.322,7.332,300996.0
2026-09-04 18:00:00,7.333,7.367,7.331,7.363,213697.0
2026-09-04 19:00:00,7.363,7.394,7.363,7.388,240161.0
2026-09-04 20:00:00,7.388,7.399,7.367,7.382,165790.0
2026-09-04 21:00:00,7.382,7.386,7.342,7.348,214220.0
2026-09-04 22:00:00,7.347,7.355,7.335,7.341,147569.0
2026-09-04 23:00:00,7.34,7.385,7.336,7.383,155583.0
2026-09-05 00:00:00,7.382,7.403,7.373,7.381,316942.0
2026-09-05 01:00:00,7.382,7.402,7.38,7.383,193762.0
2026-09-05 02:00:00,7.383,7.4,7.374,7.388,190903.0
2026-09-05 03:00:00,7.389,7.411,7.383,7.399,272387.0
2026-09-05 04:00:00,7.4,7.411,7.383,7.405,275153.0
2026-09-05 05:00:00,7.405,7.42,7.384,7.416,262794.0
2026-09-05 06:00:00,7.416,7.461,7.416,7.456,470335.0
2026-09-05 07:00:00,7.456,7.532,7.453,7.491,746345.0
2026-09-05 08:00:00,7.491,7.499,7.463,7.493,288825.0
2026-09-05 09:00:00,7.492,7.508,7.486,7.504,345478.0
2026-09-05 10:00:00,7.504,7.51,7.492,7.498,302867.0
2026-09-05 11:00:00,7.498,7.506,7.473,7.493,367726.0
2026-09-05 12:00:00,7.493,7.558,7.492,7.543,859739.0
2026-09-05 13:00:00,7.543,7.556,7.511,7.533,441113.0
2026-09-05 14:00:00,7.532,7.588,7.531,7.555,408454.0
2026-09-05 15:00:00,7.554,7.559,7.524,7.541,341330.0
2026-09-05 16:00:00,7.541,7.573,7.526,7.563,343542.0
2026-09-05 17:00:00,7.563,7.668,7.557,7.62,697002.0
2026-09-05 18:00:00,7.62,7.638,7.599,7.603,489924.0
2026-09-05 19:00:00,7.603,7.639,7.587,7.595,486187.0
2026-09-05 20:00:00,7.595,7.612,7.572,7.582,324589.0
2026-09-05 21:00:00,7.582,7.629,7.564,7.619,293638.0
2026-09-05 22:00:00,7.619,7.632,7.587,7.6,247430.0
2026-09-05 23:00:00,7.6,7.601,7.571,7.589,239283.0
2026-09-06 00:00:00,7.589,7.625,7.582,7.618,273714.0
2026-09-06 01:00:00,7.619,7.723,7.611,7.691,791067.0
2026-09-06 02:00:00,7.692,7.704,7.661,7.676,545211.0
2026-09-06 03:00:00,7.676,7.742,7.651,7.707,417573.0
2026-09-06 04:00:00,7.708,7.72,7.621,7.64,552060.0
2026-09-06 05:00:00,7.641,7.706,7.634,7.685,419408.0
2026-09-06 06:00:00,7.686,7.687,7.646,7.655,233806.0
2026-09-06 07:00:00,7.656,7.672,7.594,7.648,447418.0
2026-09-06 08:00:00,7.648,7.673,7.618,7.628,282051.0
2026-09-06 09:00:00,7.628,7.674,7.62,7.656,367492.0
2026-09-06 10:00:00,7.655,7.691,7.644,7.685,236076.0
2026-09-06 11:00:00,7.685,7.695,7.671,7.687,310899.0
2026-09-06 12:00:00,7.688,7.709,7.671,7.694,418941.0
2026-09-06 13:00:00,7.695,7.705,7.636,7.679,467663.0
2026-09-06 14:00:00,7.68,7.681,7.527,7.6,1119841.0
2026-09-06 15:00:00,7.599,7.629,7.555,7.626,532382.0
2026-09-06 16:00:00,7.625,7.655,7.608,7.64,474905.0
2026-09-06 17:00:00,7.64,7.646,7.61,7.619,328319.0
2026-09-06 18:00:00,7.619,7.646,7.616,7.625,213142.0
2026-09-06 19:00:00,7.625,7.661,7.617,7.654,267043.0
2026-09-06 20:00:00,7.653,7.843,7.648,7.8,1197968.0
2026-09-06 21:00:00,7.799,7.868,7.772,7.785,1041580.0
2026-09-06 22:00:00,7.785,7.844,7.717,7.812,934135.0
2026-09-06 23:00:00,7.811,7.933,7.81,7.902,849386.0
2026-09-07 00:00:00,7.902,7.96,7.879,7.901,985936.0
2026-09-07 01:00:00,7.9,7.927,7.785,7.82,874858.0
2026-09-07 02:00:00,7.821,7.953,7.789,7.861,881563.0
2026-09-07 03:00:00,7.861,7.875,7.753,7.765,532154.0
2026-09-07 04:00:00,7.766,7.82,7.766,7.813,406066.0
2026-09-07 05:00:00,7.813,7.972,7.809,7.883,894881.0
2026-09-07 06:00:00,7.882,7.929,7.826,7.853,523492.0
2026-09-07 07:00:00,7.852,7.875,7.723,7.78,860674.0
2026-09-07 08:00:00,7.78,7.9,7.774,7.884,595366.0
2026-09-07 09:00:00,7.884,7.969,7.873,7.884,872877.0
2026-09-07 10:00:00,7.885,7.908,7.832,7.849,485746.0
2026-09-07 11:00:00,7.848,7.865,7.824,7.858,382051.0
2026-09-07 12:00:00,7.859,8.075,7.855,8.04,971223.0
2026-09-07 13:00:00,8.041,8.123,8.024,8.065,1507105.0
2026-09-07 14:00:00,8.064,8.093,8.018,8.056,1171492.0
2026-09-07 15:00:00,8.056,8.087,7.96,8.087,1412543.0
2026-09-07 16:00:00,8.088,8.091,8.044,8.063,785212.0
2026-09-07 17:00:00,8.063,8.197,8.044,8.114,873944.0
2026-09-07 18:00:00,8.113,8.132,8.021,8.107,725714.0
2026-09-07 19:00:00,8.106,8.152,8.074,8.102,484110.0
2026-09-07 20:00:00,8.102,8.125,8.041,8.11,550107.0
2026-09-07 21:00:00,8.109,8.183,8.099,8.101,627386.0
2026-09-07 22:00:00,8.1,8.102,8.023,8.053,703430.0
2026-09-07 23:00:00,8.053,8.097,8.051,8.072,849101.0
2026-09-08 00:00:00,8.073,8.117,8.05,8.116,444358.0
2026-09-08 01:00:00,8.116,8.188,8.098,8.135,527892.0
2026-09-08 02:00:00,8.136,8.136,8.014,8.027,754320.0
2026-09-08 03:00:00,8.027,8.08,8.025,8.045,775717.0
2026-09-08 04:00:00,8.045,8.068,8.039,8.045,346982.0
2026-09-08 05:00:00,8.045,8.078,8.035,8.059,433851.0
2026-09-08 06:00:00,8.06,8.063,8.002,8.042,651340.0
2026-09-08 07:00:00,8.043,8.074,8.034,8.057,394651.0
2026-09-08 08:00:00,8.057,8.069,8.03,8.044,322883.0
2026-09-08 09:00:00,8.045,8.117,8.038,8.112,507463.0
2026-09-08 10:00:00,8.113,8.196,8.058,8.064,758816.0
2026-09-08 11:00:00,8.063,8.069,8.018,8.04,710697.0
2026-09-08 12:00:00,8.041,8.046,8.013,8.035,434369.0
2026-09-08 13:00:00,8.036,8.045,7.824,7.91,2165202.0
2026-09-08 14:00:00,7.91,7.994,7.897,7.981,853049.0
2026-09-08 15:00:00,7.981,8.107,7.978,8.051,1022030.0
2026-09-08 16:00:00,8.05,8.067,8.017,8.036,594543.0
2026-09-08 17:00:00,8.036,8.041,7.987,8.003,430033.0
2026-09-08 18:00:00,8.003,8.042,7.953,7.976,444444.0
2026-09-08 19:00:00,7.976,8.008,7.956,7.97,369182.0
2026-09-08 20:00:00,7.97,8.034,7.965,7.985,343827.0
2026-09-08 21:00:00,7.986,8.012,7.927,7.951,331032.0
2026-09-08 22:00:00,7.951,7.993,7.945,7.992,272603.0
2026-09-08 23:00:00,7.993,8.012,7.976,8.004,263319.0
2026-09-09 00:00:00,8.004,8.051,7.971,7.992,363062.0
2026-09-09 01:00:00,7.993,8.006,7.945,7.969,316598.0
2026-09-09 02:00:00,7.968,7.988,7.928,7.971,341817.0
2026-09-09 03:00:00,7.971,7.973,7.918,7.947,302646.0
2026-09-09 04:00:00,7.946,8.052,7.945,8.033,419325.0
2026-09-09 05:00:00,8.033,8.043,7.955,7.979,426696.0
2026-09-09 06:00:00,7.979,8.042,7.968,8.02,280595.0
2026-09-09 07:00:00,8.019,8.049,8.014,8.028,321720.0
2026-09-09 08:00:00,8.028,8.046,8.018,8.027,345340.0
2026-09-09 09:00:00,8.028,8.028,7.887,7.893,794655.0
2026-09-09 10:00:00,7.894,7.94,7.894,7.939,446209.0
2026-09-09 11:00:00,7.939,7.981,7.893,7.969,426710.0
2026-09-09 12:00:00,7.968,7.998,7.947,7.978,418199.0
2026-09-09 13:00:00,7.979,8.017,7.934,7.943,422694.0
2026-09-09 14:00:00,7.943,7.969,7.918,7.944,577986.0
2026-09-09 15:00:00,7.945,7.977,7.803,7.891,1462390.0
2026-09-09 16:00:00,7.89,7.958,7.884,7.945,563127.0
2026-09-09 17:00:00,7.944,7.963,7.917,7.928,478687.0
2026-09-09 18:00:00,7.929,7.955,7.922,7.926,476496.0
2026-09-09 19:00:00,7.927,7.94,7.835,7.852,472202.0
2026-09-09 20:00:00,7.851,7.889,7.812,7.879,423395.0
2026-09-09 21:00:00,7.879,7.882,7.777,7.813,397475.0
2026-09-09 22:00:00,7.813,7.819,7.677,7.692,988729.0
2026-09-09 23:00:00,7.691,7.797,7.685,7.791,472653.0
2026-09-10 00:00:00,7.792,7.807,7.745,7.758,414128.0
2026-09-10 01:00:00,7.758,7.817,7.701,7.738,461678.0
2026-09-10 02:00:00,7.737,7.804,7.725,7.804,245748.0
2026-09-10 03:00:00,7.805,7.83,7.786,7.799,282741.0
2026-09-10 04:00:00,7.799,7.847,7.799,7.833,245918.0
2026-09-10 05:00:00,7.833,7.863,7.801,7.858,248145.0
2026-09-10 06:00:00,7.859,7.86,7.792,7.841,239362.0
2026-09-10 07:00:00,7.842,7.842,7.721,7.744,312337.0
2026-09-10 08:00:00,7.743,7.777,7.735,7.759,314338.0
2026-09-10 09:00:00,7.759,7.779,7.71,7.733,331508.0
2026-09-10 10:00:00,7.732,7.753,7.705,7.712,254506.0
2026-09-10 11:00:00,7.711,7.761,7.686,7.722,330292.0
2026-09-10 12:00:00,7.721,7.751,7.532,7.578,2038093.0
2026-09-10 13:00:00,7.577,7.634,7.552,7.62,741678.0
2026-09-10 14:00:00,7.62,7.636,7.553,7.597,505564.0
2026-09-10 15:00:00,7.597,7.61,7.558,7.593,348689.0
2026-09-10 16:00:00,7.593,7.599,7.512,7.585,590282.0
2026-09-10 17:00:00,7.584,7.659,7.574,7.616,548851.0
2026-09-10 18:00:00,7.616,7.618,7.54,7.617,358021.0
2026-09-10 19:00:00,7.618,7.624,7.581,7.586,226506.0
2026-09-10 20:00:00,7.587,7.622,7.582,7.596,160434.0
2026-09-10 21:00:00,7.597,7.611,7.562,7.567,185263.0
2026-09-10 22:00:00,7.568,7.585,7.506,7.509,279692.0
2026-09-10 23:00:00,7.51,7.516,7.41,7.419,912965.0
2026-09-11 00:00:00,7.419,7.482,7.405,7.473,466422.0
2026-09-11 01:00:00,7.473,7.489,7.429,7.474,273442.0
2026-09-11 02:00:00,7.474,7.478,7.433,7.455,185428.0
2026-09-11 03:00:00,7.455,7.468,7.426,7.458,236281.0
2026-09-11 04:00:00,7.459,7.52,7.455,7.502,299057.0
2026-09-11 05:00:00,7.502,7.526,7.497,7.521,327027.0
2026-09-11 06:00:00,7.522,7.537,7.507,7.519,248119.0
2026-09-11 07:00:00,7.519,7.543,7.472,7.478,351979.0
2026-09-11 08:00:00,7.478,7.528,7.468,7.498,315353.0
2026-09-11 09:00:00,7.498,7.501,7.37,7.4,633121.0
2026-09-11 10:00:00,7.4,7.426,7.354,7.356,471105.0
2026-09-11 11:00:00,7.357,7.366,7.294,7.354,657498.0
2026-09-11 12:00:00,7.354,7.643,7.27,7.577,2926455.0
2026-09-11 13:00:00,7.578,7.779,7.467,7.768,1697747.0
2026-09-11 14:00:00,7.767,7.836,7.644,7.715,1381048.0
2026-09-11 15:00:00,7.716,7.721,7.525,7.571,1074670.0
2026-09-11 16:00:00,7.571,7.636,7.515,7.594,883280.0
2026-09-11 17:00:00,7.594,7.604,7.524,7.535,437336.0
2026-09-11 18:00:00,7.535,7.54,7.406,7.426,780583.0
2026-09-11 19:00:00,7.426,7.469,7.387,7.462,423083.0
2026-09-11 20:00:00,7.463,7.493,7.425,7.447,402953.0
2026-09-11 21:00:00,7.448,7.491,7.413,7.423,200064.0
2026-09-11 22:00:00,7.422,7.455,7.389,7.409,407377.0
2026-09-11 23:00:00,7.409,7.459,7.405,7.459,196437.0
2026-09-12 00:00:00,7.459,7.471,7.437,7.46,235170.0
2026-09-12 01:00:00,7.46,7.489,7.449,7.454,296628.0
2026-09-12 02:00:00,7.455,7.474,7.437,7.453,312586.0
2026-09-12 03:00:00,7.454,7.465,7.431,7.45,169445.0
2026-09-12 04:00:00,7.451,7.466,7.433,7.444,205297.0
2026-09-12 05:00:00,7.444,7.473,7.434,7.437,212966.0
2026-09-12 06:00:00,7.437,7.455,7.413,7.43,250411.0
2026-09-12 07:00:00,7.431,7.459,7.424,7.449,131209.0
2026-09-12 08:00:00,7.449,7.464,7.428,7.434,222019.0
2026-09-12 09:00:00,7.435,7.458,7.43,7.446,261747.0
2026-09-12 10:00:00,7.446,7.455,7.425,7.436,144099.0
2026-09-12 11:00:00,7.437,7.448,7.424,7.441,143082.0
2026-09-12 12:00:00,7.441,7.456,7.426,7.434,225503.0
2026-09-12 13:00:00,7.434,7.441,7.408,7.43,354983.0
2026-09-12 14:00:00,7.429,7.435,7.41,7.422,186123.0
2026-09-12 15:00:00,7.423,7.444,7.422,7.428,214190.0
2026-09-12 16:00:00,7.428,7.429,7.393,7.395,267490.0
2026-09-12 17:00:00,7.394,7.416,7.387,7.397,325154.0
2026-09-12 18:00:00,7.397,7.401,7.366,7.373,300802.0
2026-09-12 19:00:00,7.373,7.389,7.356,7.361,268802.0
2026-09-12 20:00:00,7.362,7.397,7.359,7.378,182116.0
2026-09-12 21:00:00,7.379,7.414,7.375,7.391,268060.0
2026-09-12 22:00:00,7.392,7.411,7.365,7.373,208235.0
2026-09-12 23:00:00,7.374,7.404,7.372,7.395,115393.0
2026-09-13 00:00:00,7.396,7.397,7.377,7.391,197198.0
2026-09-13 01:00:00,7.391,7.401,7.372,7.395,189312.0
2026-09-13 02:00:00,7.395,7.422,7.386,7.4,184393.0
2026-09-13 03:00:00,7.401,7.426,7.398,7.403,261114.0
2026-09-13 04:00:00,7.403,7.404,7.386,7.394,130511.0
2026-09-13 05:00:00,7.394,7.455,7.392,7.44,280807.0
2026-09-13 06:00:00,7.441,7.459,7.378,7.395,337200.0
2026-09-13 07:00:00,7.395,7.405,7.357,7.359,258630.0
2026-09-13 08:00:00,7.36,7.371,7.286,7.296,638120.0
2026-09-13 09:00:00,7.296,7.34,7.273,7.332,622453.0
2026-09-13 10:00:00,7.333,7.339,7.285,7.3,195125.0
2026-09-13 11:00:00,7.3,7.329,7.293,7.322,278672.0
2026-09-13 12:00:00,7.322,7.329,7.299,7.307,261666.0
2026-09-13 13:00:00,7.307,7.374,7.292,7.371,358550.0
2026-09-13 14:00:00,7.371,7.422,7.362,7.402,476206.0
2026-09-13 15:00:00,7.402,7.405,7.354,7.357,336361.0
2026-09-13 16:00:00,7.358,7.392,7.355,7.39,391348.0
2026-09-13 17:00:00,7.389,7.431,7.386,7.422,367700.0
2026-09-13 18:00:00,7.421,7.435,7.413,7.426,162095.0
2026-09-13 19:00:00,7.426,7.445,7.389,7.409,198680.0
2026-09-13 20:00:00,7.409,7.45,7.408,7.445,186303.0
2026-09-13 21:00:00,7.445,7.447,7.421,7.433,135441.0
2026-09-13 22:00:00,7.433,7.433,7.277,7.284,1050837.0
2026-09-13 23:00:00,7.284,7.321,7.279,7.284,481078.0
2026-09-14 00:00:00,7.284,7.35,7.243,7.318,816179.0
2026-09-14 01:00:00,7.318,7.377,7.294,7.364,439884.0
2026-09-14 02:00:00,7.364,7.434,7.352,7.409,567341.0
2026-09-14 03:00:00,7.409,7.438,7.388,7.4,257694.0
2026-09-14 04:00:00,7.4,7.42,7.384,7.413,228296.0
2026-09-14 05:00:00,7.413,7.419,7.393,7.416,153352.0
2026-09-14 06:00:00,7.416,7.446,7.386,7.403,358583.0
2026-09-14 07:00:00,7.404,7.427,7.393,7.417,203078.0
2026-09-14 08:00:00,7.418,7.421,7.371,7.38,345491.0
2026-09-14 09:00:00,7.381,7.431,7.336,7.394,507365.0
2026-09-14 10:00:00,7.394,7.401,7.376,7.379,276357.0
2026-09-14 11:00:00,7.38,7.463,7.346,7.457,845954.0
2026-09-14 12:00:00,7.457,7.54,7.441,7.451,1089961.0
2026-09-14 13:00:00,7.45,7.505,7.402,7.456,761744.0
2026-09-14 14:00:00,7.457,7.506,7.431,7.443,471322.0
2026-09-14 15:00:00,7.444,7.483,7.416,7.457,418285.0
2026-09-14 16:00:00,7.457,7.576,7.448,7.547,624254.0
2026-09-14 17:00:00,7.547,7.617,7.541,7.609,650300.0
2026-09-14 18:00:00,7.61,7.624,7.564,7.606,468633.0
2026-09-14 19:00:00,7.607,7.632,7.578,7.597,451022.0
2026-09-14 20:00:00,7.598,7.8,7.593,7.722,1395951.0
2026-09-14 21:00:00,7.722,7.723,7.615,7.626,619995.0
2026-09-14 22:00:00,7.626,7.674,7.604,7.613,388166.0
2026-09-14 23:00:00,7.614,7.625,7.554,7.558,343755.0
2026-09-15 00:00:00,7.56,7.623,7.558,7.572,528971.0
2026-09-15 01:00:00,7.572,7.573,7.525,7.545,392565.0
2026-09-15 02:00:00,7.546,7.573,7.536,7.568,222647.0
2026-09-15 03:00:00,7.568,7.568,7.496,7.538,429533.0
2026-09-15 04:00:00,7.538,7.55,7.492,7.52,388764.0
2026-09-15 05:00:00,7.52,7.536,7.463,7.516,381355.0
2026-09-15 06:00:00,7.516,7.528,7.458,7.47,266178.0
2026-09-15 07:00:00,7.471,7.508,7.454,7.459,414094.0
2026-09-15 08:00:00,7.46,7.52,7.437,7.519,441122.0
2026-09-15 09:00:00,7.52,7.532,7.49,7.52,313328.0
2026-09-15 10:00:00,7.519,7.536,7.51,7.517,302547.0
2026-09-15 11:00:00,7.518,7.53,7.455,7.47,406186.0
2026-09-15 12:00:00,7.47,7.571,7.466,7.548,572431.0
2026-09-15 13:00:00,7.547,7.613,7.471,7.538,986525.0
2026-09-15 14:00:00,7.537,7.553,7.326,7.402,1457411.0
2026-09-15 15:00:00,7.401,7.472,7.379,7.426,835293.0
2026-09-15 16:00:00,7.426,7.467,7.385,7.435,529938.0
2026-09-15 17:00:00,7.435,7.533,7.402,7.503,609555.0
2026-09-15 18:00:00,7.503,7.536,7.176,7.35,2947337.0
2026-09-15 19:00:00,7.35,7.382,7.31,7.348,995118.0
2026-09-15 20:00:00,7.348,7.364,7.248,7.31,635052.0
2026-09-15 21:00:00,7.31,7.333,7.221,7.227,655049.0
2026-09-15 22:00:00,7.228,7.293,7.208,7.274,465160.0
2026-09-15 23:00:00,7.274,7.31,7.261,7.265,362316.0
2026-09-16 00:00:00,7.266,7.283,7.224,7.239,564200.0
2026-09-16 01:00:00,7.239,7.273,7.19,7.198,401129.0
2026-09-16 02:00:00,7.197,7.298,7.192,7.265,371649.0
2026-09-16 03:00:00,7.266,7.305,7.256,7.283,277072.0
2026-09-16 04:00:00,7.284,7.34,7.28,7.319,334864.0
2026-09-16 05:00:00,7.319,7.343,7.293,7.327,322032.0
2026-09-16 06:00:00,7.327,7.343,7.285,7.323,307378.0
2026-09-16 07:00:00,7.323,7.344,7.231,7.239,477827.0
2026-09-16 08:00:00,7.238,7.241,7.182,7.214,508107.0
2026-09-16 09:00:00,7.215,7.286,7.212,7.276,488625.0
2026-09-16 10:00:00,7.276,7.281,7.248,7.259,270060.0
2026-09-16 11:00:00,7.258,7.333,7.248,7.313,454300.0
2026-09-16 12:00:00,7.313,7.326,7.259,7.279,456671.0
2026-09-16 13:00:00,7.28,7.296,7.231,7.252,618536.0
2026-09-16 14:00:00,7.251,7.267,7.22,7.242,894290.0
2026-09-16 15:00:00,7.242,7.271,7.212,7.223,471593.0
2026-09-16 16:00:00,7.224,7.256,7.212,7.248,282130.0
2026-09-16 17:00:00,7.248,7.264,7.171,7.231,613040.0
2026-09-16 18:00:00,7.232,7.355,7.193,7.27,2870711.0
2026-09-16 19:00:00,7.269,7.359,7.238,7.336,1136033.0
2026-09-16 20:00:00,7.336,7.38,7.308,7.377,662467.0
2026-09-16 21:00:00,7.377,7.406,7.352,7.379,469980.0
2026-09-16 22:00:00,7.378,7.386,7.331,7.339,397041.0
2026-09-16 23:00:00,7.34,7.487,7.324,7.474,790696.0
2026-09-17 00:00:00,7.475,7.56,7.472,7.503,1001372.0
2026-09-17 01:00:00,7.503,7.555,7.481,7.527,629771.0
2026-09-17 02:00:00,7.526,7.548,7.465,7.522,538056.0
2026-09-17 03:00:00,7.522,7.568,7.518,7.549,366267.0
2026-09-17 04:00:00,7.549,7.559,7.506,7.543,368092.0
2026-09-17 05:00:00,7.542,7.548,7.5,7.502,298521.0
2026-09-17 06:00:00,7.501,7.531,7.5,7.521,222428.0
2026-09-17 07:00:00,7.52,7.563,7.515,7.536,388309.0
2026-09-17 08:00:00,7.536,7.597,7.536,7.584,458044.0
2026-09-17 09:00:00,7.584,7.608,7.519,7.52,534291.0
2026-09-17 10:00:00,7.519,7.545,7.467,7.539,484991.0
2026-09-17 11:00:00,7.54,7.562,7.514,7.559,337093.0
2026-09-17 12:00:00,7.56,7.645,7.556,7.607,813130.0
2026-09-17 13:00:00,7.607,7.622,7.539,7.595,725879.0
2026-09-17 14:00:00,7.596,7.65,7.562,7.57,719948.0
2026-09-17 15:00:00,7.57,7.606,7.523,7.6,474206.0
2026-09-17 16:00:00,7.601,7.628,7.574,7.626,566282.0
2026-09-17 17:00:00,7.627,7.646,7.603,7.608,573304.0
2026-09-17 18:00:00,7.608,7.618,7.57,7.59,359138.0
2026-09-17 19:00:00,7.59,7.604,7.569,7.585,261517.0
2026-09-17 20:00:00,7.584,7.624,7.573,7.616,259557.0
2026-09-17 21:00:00,7.617,7.628,7.581,7.584,231637.0
2026-09-17 22:00:00,7.584,7.597,7.545,7.596,408562.0
2026-09-17 23:00:00,7.597,7.622,7.585,7.608,331070.0
2026-09-18 00:00:00,7.608,7.663,7.584,7.644,464738.0
2026-09-18 01:00:00,7.645,7.713,7.628,7.705,517521.0
2026-09-18 02:00:00,7.706,7.745,7.677,7.723,640030.0
2026-09-18 03:00:00,7.724,7.96,7.722,7.947,1606915.0
2026-09-18 04:00:00,7.947,7.968,7.85,7.936,1111130.0
2026-09-18 05:00:00,7.936,7.942,7.857,7.874,676167.0
2026-09-18 06:00:00,7.873,7.912,7.871,7.91,424664.0
2026-09-18 07:00:00,7.909,7.938,7.891,7.926,507311.0
2026-09-18 08:00:00,7.926,7.944,7.901,7.933,514500.0
2026-09-18 09:00:00,7.933,7.955,7.927,7.944,502278.0
2026-09-18 10:00:00,7.945,8.033,7.945,8.01,938350.0
2026-09-18 11:00:00,8.009,8.02,7.91,7.943,942928.0
2026-09-18 12:00:00,7.943,8.032,7.931,8.002,694738.0
2026-09-18 13:00:00,8.002,8.172,7.953,8.077,2628315.0
2026-09-18 14:00:00,8.076,8.146,8.045,8.142,1094508.0
2026-09-18 15:00:00,8.143,8.146,8.062,8.111,725175.0
2026-09-18 16:00:00,8.112,8.13,8.049,8.083,531083.0
2026-09-18 17:00:00,8.084,8.148,8.046,8.135,542319.0
2026-09-18 18:00:00,8.134,8.259,8.12,8.201,1029696.0
2026-09-18 19:00:00,8.201,8.343,8.201,8.276,1418586.0
2026-09-18 20:00:00,8.275,8.291,8.224,8.237,590165.0
2026-09-18 21:00:00,8.237,8.293,8.229,8.252,479597.0
2026-09-18 22:00:00,8.251,8.265,8.177,8.201,530918.0
2026-09-18 23:00:00,8.2,8.214,8.178,8.203,384374.0
2026-09-19 00:00:00,8.204,8.368,8.201,8.351,905400.0
2026-09-19 01:00:00,8.352,8.779,8.276,8.697,2431672.0
2026-09-19 02:00:00,8.697,8.745,8.533,8.605,1472895.0
2026-09-19 03:00:00,8.605,8.607,8.431,8.491,759942.0
2026-09-19 04:00:00,8.491,8.564,8.358,8.406,963716.0
2026-09-19 05:00:00,8.406,8.545,8.402,8.471,587515.0
2026-09-19 06:00:00,8.47,8.581,8.415,8.474,800479.0
2026-09-19 07:00:00,8.474,8.647,8.469,8.539,1157104.0
2026-09-19 08:00:00,8.54,8.834,8.537,8.797,1402071.0
2026-09-19 09:00:00,8.799,9.052,8.783,8.99,2573836.0
2026-09-19 10:00:00,8.99,9.211,8.897,9.149,2013308.0
2026-09-19 11:00:00,9.149,9.374,9.149,9.318,1737458.0
2026-09-19 12:00:00,9.318,9.362,9.056,9.348,2010283.0
2026-09-19 13:00:00,9.348,9.438,9.166,9.378,1949822.0
2026-09-19 14:00:00,9.376,9.456,9.275,9.425,1391297.0
2026-09-19 15:00:00,9.424,9.487,9.327,9.445,1469081.0
2026-09-19 16:00:00,9.445,9.719,9.406,9.693,2931914.0
2026-09-19 17:00:00,9.694,9.856,9.628,9.644,2444510.0
2026-09-19 18:00:00,9.643,9.797,9.55,9.759,1862603.0
2026-09-19 19:00:00,9.758,9.805,9.602,9.616,1271714.0
2026-09-19 20:00:00,9.615,9.809,9.565,9.748,1384033.0
2026-09-19 21:00:00,9.748,9.796,9.577,9.693,1382669.0
2026-09-19 22:00:00,9.693,9.822,9.597,9.791,1295334.0
2026-09-19 23:00:00,9.79,10.176,9.776,10.092,3376733.0
2026-09-20 00:00:00,10.092,10.823,10.084,10.333,7261802.0
2026-09-20 01:00:00,10.334,10.437,9.712,9.739,4722822.0
2026-09-20 02:00:00,9.741,9.817,9.472,9.515,2982167.0
2026-09-20 03:00:00,9.518,9.675,9.43,9.564,2265222.0
2026-09-20 04:00:00,9.565,9.664,9.492,9.614,1197632.0
2026-09-20 05:00:00,9.615,9.698,9.559,9.6,1112948.0
2026-09-20 06:00:00,9.6,9.774,9.588,9.758,1223243.0
2026-09-20 07:00:00,9.759,9.831,9.532,9.592,2072289.0
2026-09-20 08:00:00,9.592,9.721,9.592,9.636,1090286.0
2026-09-20 09:00:00,9.637,9.892,9.634,9.802,1756525.0
2026-09-20 10:00:00,9.804,9.837,9.707,9.761,1160348.0
2026-09-20 11:00:00,9.761,10.412,9.745,10.404,3208044.0
2026-09-20 12:00:00,10.404,10.61,10.133,10.37,5526310.0
2026-09-20 13:00:00,10.37,10.737,10.344,10.576,4124270.0
2026-09-20 14:00:00,10.576,10.958,10.555,10.818,4717591.0
2026-09-20 15:00:00,10.818,11.43,10.785,11.406,6615944.0
2026-09-20 16:00:00,11.406,11.429,10.9,11.297,6931456.0
2026-09-20 17:00:00,11.298,11.4,10.926,11.018,3580567.0
2026-09-20 18:00:00,11.016,11.275,11.011,11.098,2181674.0
2026-09-20 19:00:00,11.097,11.295,11.008,11.143,1608983.0
2026-09-20 20:00:00,11.143,11.382,11.117,11.176,1370181.0
2026-09-20 21:00:00,11.176,11.359,11.031,11.29,2051696.0
2026-09-20 22:00:00,11.289,11.479,11.221,11.251,2220265.0
2026-09-20 23:00:00,11.25,11.413,11.131,11.309,1743667.0
2026-09-21 00:00:00,11.31,11.792,11.31,11.517,4213381.0
2026-09-21 01:00:00,11.516,11.752,11.102,11.102,3766734.0
2026-09-21 02:00:00,11.103,11.276,11.047,11.079,2049013.0
2026-09-21 03:00:00,11.078,11.28,11.057,11.274,1302375.0
2026-09-21 04:00:00,11.273,11.604,11.187,11.538,2237528.0
2026-09-21 05:00:00,11.538,11.599,11.305,11.325,1602832.0
2026-09-21 06:00:00,11.326,11.353,11.034,11.129,2129716.0
2026-09-21 07:00:00,11.127,11.212,10.912,10.934,2060852.0
2026-09-21 08:00:00,10.934,11.196,10.904,11.111,2977256.0
2026-09-21 09:00:00,11.111,11.286,11.066,11.245,1874152.0
2026-09-21 10:00:00,11.246,11.481,11.221,11.385,1789750.0
2026-09-21 11:00:00,11.385,11.539,11.266,11.3,2345138.0
2026-09-21 12:00:00,11.299,11.495,11.264,11.444,1424617.0
2026-09-21 13:00:00,11.444,11.447,11.105,11.259,2186816.0
2026-09-21 14:00:00,11.26,11.279,11.081,11.169,1577882.0
2026-09-21 15:00:00,11.168,11.23,11.043,11.07,1969569.0
2026-09-21 16:00:00,11.072,11.149,10.971,11.064,1573260.0
2026-09-21 17:00:00,11.064,11.073,10.753,10.85,2036203.0
2026-09-21 18:00:00,10.85,10.998,10.821,10.903,969891.0
2026-09-21 19:00:00,10.903,11.092,10.893,11.086,995101.0
2026-09-21 20:00:00,11.087,11.135,10.963,11.132,1075476.0
2026-09-21 21:00:00,11.133,11.378,11.087,11.323,1423511.0
2026-09-21 22:00:00,11.324,11.354,11.17,11.241,1173512.0
2026-09-21 23:00:00,11.24,11.287,11.197,11.227,598423.0
2026-09-22 00:00:00,11.227,11.239,11.106,11.14,1116205.0
2026-09-22 01:00:00,11.14,11.167,11.024,11.165,1084022.0
2026-09-22 02:00:00,11.164,11.226,11.084,11.162,834431.0
2026-09-22 03:00:00,11.161,11.186,10.968,11.001,1343115.0
2026-09-22 04:00:00,11.0,11.027,10.732,10.767,1516681.0
2026-09-22 05:00:00,10.766,10.772,10.514,10.7,2877649.0
2026-09-22 06:00:00,10.7,10.777,10.659,10.681,904484.0
2026-09-22 07:00:00,10.682,10.736,10.646,10.727,604281.0
2026-09-22 08:00:00,10.727,10.951,10.701,10.886,1655475.0
2026-09-22 09:00:00,10.885,10.934,10.749,10.918,904461.0
2026-09-22 10:00:00,10.918,10.926,10.786,10.909,684810.0
2026-09-22 11:00:00,10.908,10.968,10.846,10.849,710840.0
2026-09-22 12:00:00,10.85,10.892,10.737,10.889,1207542.0
2026-09-22 13:00:00,10.889,11.046,10.86,11.013,2226822.0
2026-09-22 14:00:00,11.013,11.093,10.878,11.028,1881231.0
2026-09-22 15:00:00,11.029,11.209,11.027,11.101,1684116.0
2026-09-22 16:00:00,11.1,11.226,11.041,11.066,951468.0
2026-09-22 17:00:00,11.065,11.08,11.002,11.04,529736.0
2026-09-22 18:00:00,11.04,11.048,10.94,11.0,782134.0
2026-09-22 19:00:00,11.0,11.095,10.921,10.978,910879.0
2026-09-22 20:00:00,10.979,11.046,10.901,11.014,559991.0
2026-09-22 21:00:00,11.015,11.144,10.985,11.08,716246.0
2026-09-22 22:00:00,11.08,11.289,11.049,11.255,1095939.0
2026-09-22 23:00:00,11.254,11.374,11.159,11.31,1736558.0
2026-09-23 00:00:00,11.311,11.324,11.114,11.118,961831.0
2026-09-23 01:00:00,11.118,11.154,10.966,11.054,837085.0
2026-09-23 02:00:00,11.054,11.282,11.015,11.26,903453.0
2026-09-23 03:00:00,11.26,11.404,11.158,11.234,1238492.0
2026-09-23 04:00:00,11.235,11.245,11.127,11.134,622798.0
2026-09-23 05:00:00,11.135,11.269,11.107,11.193,798118.0
2026-09-23 06:00:00,11.193,11.258,11.142,11.164,549210.0
2026-09-23 07:00:00,11.164,11.192,11.079,11.137,757210.0
2026-09-23 08:00:00,11.137,11.168,10.981,11.035,1116810.0
2026-09-23 09:00:00,11.035,11.16,11.021,11.102,787096.0
2026-09-23 10:00:00,11.101,11.299,11.044,11.215,1219583.0
2026-09-23 11:00:00,11.214,11.255,11.009,11.111,1224482.0
2026-09-23 12:00:00,11.11,11.123,10.709,10.745,3704555.0
2026-09-23 13:00:00,10.744,10.778,10.56,10.762,2264006.0
2026-09-23 14:00:00,10.762,10.815,10.06,10.444,4890530.0
2026-09-23 15:00:00,10.445,10.502,10.099,10.225,2253996.0
2026-09-23 16:00:00,10.225,10.343,10.069,10.269,1745168.0
2026-09-23 17:00:00,10.269,10.352,10.193,10.31,679412.0
2026-09-23 18:00:00,10.311,10.321,10.213,10.292,659321.0
2026-09-23 19:00:00,10.293,10.365,10.258,10.32,543582.0
2026-09-23 20:00:00,10.32,10.372,10.261,10.275,518068.0
2026-09-23 21:00:00,10.275,10.377,10.241,10.315,461425.0
2026-09-23 22:00:00,10.315,10.422,10.28,10.308,454941.0
2026-09-23 23:00:00,10.308,10.322,10.223,10.261,355911.0
2026-09-24 00:00:00,10.261,10.272,10.178,10.209,568890.0
2026-09-24 01:00:00,10.21,10.253,10.151,10.186,406421.0
2026-09-24 02:00:00,10.187,10.326,10.138,10.3,524766.0
2026-09-24 03:00:00,10.301,10.336,10.188,10.228,411923.0
2026-09-24 04:00:00,10.229,10.367,10.18,10.355,407615.0
2026-09-24 05:00:00,10.356,10.403,10.222,10.231,698409.0
2026-09-24 06:00:00,10.232,10.285,10.209,10.25,359527.0
2026-09-24 07:00:00,10.25,10.285,10.186,10.267,461968.0
2026-09-24 08:00:00,10.267,10.281,10.05,10.18,1043716.0
2026-09-24 09:00:00,10.181,10.222,10.015,10.067,1136001.0
2026-09-24 10:00:00,10.067,10.131,10.03,10.106,529436.0
2026-09-24 11:00:00,10.106,10.197,10.103,10.12,536541.0
2026-09-24 12:00:00,10.119,10.147,9.972,10.074,939419.0
2026-09-24 13:00:00,10.075,10.286,10.071,10.269,1264387.0
2026-09-24 14:00:00,10.27,10.499,10.146,10.241,2663789.0
2026-09-24 15:00:00,10.24,10.416,10.191,10.386,1090094.0
2026-09-24 16:00:00,10.386,10.561,10.284,10.432,1600442.0
2026-09-24 17:00:00,10.431,10.475,10.273,10.301,1002972.0
2026-09-24 18:00:00,10.301,10.45,10.223,10.438,818486.0
2026-09-24 19:00:00,10.438,10.501,10.352,10.456,727259.0
2026-09-24 20:00:00,10.455,10.482,10.352,10.391,798292.0
2026-09-24 21:00:00,10.392,10.693,10.38,10.531,1407634.0
2026-09-24 22:00:00,10.53,10.53,10.169,10.186,2266456.0
2026-09-24 23:00:00,10.186,10.254,10.109,10.201,759568.0
2026-09-25 00:00:00,10.201,10.284,10.162,10.216,668437.0
2026-09-25 01:00:00,10.216,10.303,10.193,10.255,625056.0
2026-09-25 02:00:00,10.255,10.334,10.156,10.202,841440.0
2026-09-25 03:00:00,10.202,10.207,10.096,10.176,634532.0
2026-09-25 04:00:00,10.176,10.3,10.163,10.229,437739.0
2026-09-25 05:00:00,10.228,10.251,10.146,10.197,445858.0
2026-09-25 06:00:00,10.197,10.229,10.117,10.155,405749.0
2026-09-25 07:00:00,10.155,10.227,10.074,10.208,851363.0
2026-09-25 08:00:00,10.208,10.39,10.167,10.372,995282.0
2026-09-25 09:00:00,10.373,10.483,10.33,10.429,826642.0
2026-09-25 10:00:00,10.429,10.459,10.34,10.401,743127.0
2026-09-25 11:00:00,10.402,10.679,10.385,10.583,2159068.0
2026-09-25 12:00:00,10.584,10.757,10.411,10.575,2180306.0
2026-09-25 13:00:00,10.576,10.6,10.285,10.392,1546931.0
2026-09-25 14:00:00,10.392,10.409,10.189,10.39,1711887.0
2026-09-25 15:00:00,10.389,10.434,10.238,10.349,1138200.0
2026-09-25 16:00:00,10.349,10.468,10.333,10.345,1040479.0
2026-09-25 17:00:00,10.345,10.429,10.294,10.427,624295.0
2026-09-25 18:00:00,10.427,10.562,10.424,10.455,700617.0
2026-09-25 19:00:00,10.455,10.491,10.409,10.455,422471.0
2026-09-25 20:00:00,10.455,10.6,10.45,10.498,569203.0
2026-09-25 21:00:00,10.497,10.523,10.404,10.463,423337.0
2026-09-25 22:00:00,10.462,10.645,10.436,10.59,465816.0
2026-09-25 23:00:00,10.59,10.692,10.562,10.647,682868.0
2026-09-26 00:00:00,10.647,10.696,10.54,10.586,700882.0
2026-09-26 01:00:00,10.585,10.939,10.579,10.785,1381698.0
2026-09-26 02:00:00,10.786,10.961,10.761,10.793,1099800.0
2026-09-26 03:00:00,10.793,10.797,10.609,10.619,900984.0
2026-09-26 04:00:00,10.619,10.702,10.594,10.661,439431.0
2026-09-26 05:00:00,10.662,10.693,10.597,10.63,420972.0
2026-09-26 06:00:00,10.63,10.639,10.562,10.599,417375.0
2026-09-26 07:00:00,10.6,10.724,10.596,10.693,460018.0
2026-09-26 08:00:00,10.693,10.743,10.651,10.67,392534.0
2026-09-26 09:00:00,10.67,10.688,10.505,10.616,646201.0
2026-09-26 10:00:00,10.617,10.792,10.614,10.77,653053.0
2026-09-26 11:00:00,10.769,11.008,10.748,10.944,1284759.0
2026-09-26 12:00:00,10.943,10.99,10.772,10.811,976257.0
2026-09-26 13:00:00,10.81,10.858,10.692,10.839,877102.0
2026-09-26 14:00:00,10.84,11.071,10.809,11.028,1296842.0
2026-09-26 15:00:00,11.027,11.129,10.966,10.978,1675745.0
2026-09-26 16:00:00,10.977,11.062,10.922,11.034,813989.0
2026-09-26 17:00:00,11.034,11.044,10.836,10.873,737104.0
2026-09-26 18:00:00,10.873,10.908,10.76,10.771,552429.0
2026-09-26 19:00:00,10.77,10.832,10.727,10.742,330773.0
2026-09-26 20:00:00,10.743,10.753,10.535,10.625,1077476.0
2026-09-26 21:00:00,10.625,10.811,10.614,10.721,798742.0
2026-09-26 22:00:00,10.72,10.806,10.707,10.751,340920.0
2026-09-26 23:00:00,10.752,10.888,10.75,10.834,599702.0
2026-09-27 00:00:00,10.834,10.943,10.781,10.813,665532.0
2026-09-27 01:00:00,10.814,10.856,10.723,10.825,625714.0
2026-09-27 02:00:00,10.825,10.838,10.754,10.771,338722.0
2026-09-27 03:00:00,10.772,10.826,10.702,10.729,417750.0
2026-09-27 04:00:00,10.729,10.766,10.651,10.672,398831.0
2026-09-27 05:00:00,10.673,10.884,10.668,10.868,467226.0
2026-09-27 06:00:00,10.867,10.993,10.848,10.933,598817.0
2026-09-27 07:00:00,10.934,11.233,10.93,11.159,2491515.0
2026-09-27 08:00:00,11.16,11.281,11.07,11.109,1348280.0
2026-09-27 09:00:00,11.108,11.247,10.99,11.062,2332487.0
2026-09-27 10:00:00,11.063,11.115,10.994,11.017,541204.0
2026-09-27 11:00:00,11.017,11.022,10.936,10.989,698195.0
2026-09-27 12:00:00,10.99,11.031,10.874,10.902,501112.0
2026-09-27 13:00:00,10.902,11.016,10.803,11.006,1086553.0
2026-09-27 14:00:00,11.006,11.027,10.863,10.933,695730.0
2026-09-27 15:00:00,10.934,11.036,10.869,11.017,911232.0
2026-09-27 16:00:00,11.016,11.033,10.893,10.918,577923.0
2026-09-27 17:00:00,10.919,11.01,10.895,10.964,435843.0
2026-09-27 18:00:00,10.964,11.054,10.937,11.046,505934.0
2026-09-27 19:00:00,11.047,11.054,10.987,11.006,307562.0
2026-09-27 20:00:00,11.006,11.087,10.954,10.964,439318.0
2026-09-27 21:00:00,10.963,11.0,10.884,10.963,463921.0
2026-09-27 22:00:00,10.963,10.973,10.721,10.78,1349057.0
2026-09-27 23:00:00,10.779,10.927,10.696,10.897,699543.0
2026-09-28 00:00:00,10.897,10.973,10.776,10.851,1063653.0
2026-09-28 01:00:00,10.85,10.95,10.735,10.803,1024175.0
2026-09-28 02:00:00,10.802,10.931,10.68,10.781,1236097.0
2026-09-28 03:00:00,10.781,10.88,10.622,10.713,1148662.0
2026-09-28 04:00:00,10.713,10.736,10.587,10.673,788235.0
2026-09-28 05:00:00,10.673,10.725,10.447,10.627,1188235.0
2026-09-28 06:00:00,10.626,10.696,10.512,10.536,711012.0
2026-09-28 07:00:00,10.535,10.602,10.344,10.354,1159258.0
2026-09-28 08:00:00,10.354,10.5,10.338,10.454,1435990.0
2026-09-28 09:00:00,10.453,10.519,10.324,10.359,953651.0
2026-09-28 10:00:00,10.36,10.544,10.356,10.501,645880.0
2026-09-28 11:00:00,10.502,10.588,10.47,10.499,885352.0
2026-09-28 12:00:00,10.499,10.724,10.459,10.542,1952229.0
2026-09-28 13:00:00,10.542,10.559,10.436,10.484,1088429.0
2026-09-28 14:00:00,10.483,10.483,10.162,10.241,2155979.0
2026-09-28 15:00:00,10.241,10.357,10.142,10.33,1318212.0
2026-09-28 16:00:00,10.329,10.539,10.3,10.442,1037299.0
2026-09-28 17:00:00,10.442,10.619,10.352,10.506,821856.0
2026-09-28 18:00:00,10.506,10.554,10.447,10.518,488964.0
2026-09-28 19:00:00,10.518,10.521,10.262,10.326,743213.0
2026-09-28 20:00:00,10.326,10.489,10.283,10.462,849620.0
2026-09-28 21:00:00,10.462,10.551,10.343,10.357,620280.0
2026-09-28 22:00:00,10.357,10.481,10.307,10.479,510517.0
2026-09-28 23:00:00,10.478,10.617,10.47,10.611,524686.0
2026-09-29 00:00:00,10.611,10.891,10.597,10.675,1883717.0
2026-09-29 01:00:00,10.674,10.746,10.427,10.53,1222197.0
2026-09-29 02:00:00,10.529,10.586,10.329,10.352,816345.0
2026-09-29 03:00:00,10.351,10.479,10.342,10.419,486712.0
2026-09-29 04:00:00,10.418,10.501,10.34,10.46,545359.0
2026-09-29 05:00:00,10.459,10.649,10.414,10.62,845161.0
2026-09-29 06:00:00,10.619,10.985,10.617,10.978,1942231.0
2026-09-29 07:00:00,10.978,11.563,10.947,11.451,4436400.0
2026-09-29 08:00:00,11.451,11.5,11.219,11.378,2869583.0
2026-09-29 09:00:00,11.378,11.567,11.311,11.548,1817476.0
2026-09-29 10:00:00,11.548,11.677,11.472,11.56,2033114.0
2026-09-29 11:00:00,11.56,11.955,11.5,11.841,2362516.0
2026-09-29 12:00:00,11.841,12.007,11.636,11.726,2753019.0
2026-09-29 13:00:00,11.727,11.763,11.603,11.626,1471044.0
2026-09-29 14:00:00,11.626,11.722,11.487,11.503,1983781.0
2026-09-29 15:00:00,11.504,11.507,11.116,11.207,3995117.0
2026-09-29 16:00:00,11.207,11.298,11.006,11.144,2531672.0
2026-09-29 17:00:00,11.143,11.173,11.021,11.087,874720.0
2026-09-29 18:00:00,11.087,11.332,11.087,11.278,1193085.0
2026-09-29 19:00:00,11.278,11.381,11.247,11.327,826609.0
2026-09-29 20:00:00,11.327,11.485,11.315,11.457,814928.0
2026-09-29 21:00:00,11.456,11.548,11.315,11.433,840484.0
2026-09-29 22:00:00,11.434,11.531,11.398,11.415,608321.0
2026-09-29 23:00:00,11.415,11.515,11.372,11.433,527586.0
2026-09-30 00:00:00,11.432,11.466,11.347,11.42,653071.0
2026-09-30 01:00:00,11.42,11.481,11.38,11.397,478861.0
2026-09-30 02:00:00,11.397,11.446,11.326,11.373,526390.0
2026-09-30 03:00:00,11.374,11.382,11.191,11.273,1153466.0
2026-09-30 04:00:00,11.273,11.354,11.263,11.275,523045.0
2026-09-30 05:00:00,11.275,11.342,11.232,11.277,553660.0
2026-09-30 06:00:00,11.278,11.301,11.083,11.098,932338.0
2026-09-30 07:00:00,11.098,11.183,11.017,11.103,1275916.0
2026-09-30 08:00:00,11.103,11.124,10.968,11.097,1019277.0
2026-09-30 09:00:00,11.096,11.235,11.083,11.167,805791.0
2026-09-30 10:00:00,11.167,11.214,11.134,11.178,561564.0
2026-09-30 11:00:00,11.179,11.184,11.107,11.137,687789.0
2026-09-30 12:00:00,11.138,11.364,11.087,11.319,1827365.0
2026-09-30 13:00:00,11.319,11.337,10.974,11.102,2665013.0
2026-09-30 14:00:00,11.103,11.114,10.786,10.88,3047572.0
2026-09-30 15:00:00,10.88,10.971,10.79,10.949,1279490.0
2026-09-30 16:00:00,10.95,11.044,10.941,11.022,805760.0
2026-09-30 17:00:00,11.022,11.061,10.956,10.994,654186.0
2026-09-30 18:00:00,10.994,11.034,10.915,10.952,733665.0
2026-09-30 19:00:00,10.953,10.967,10.856,10.89,487773.0
2026-09-30 20:00:00,10.89,10.974,10.881,10.925,378971.0
2026-09-30 21:00:00,10.925,10.944,10.893,10.913,290790.0
2026-09-30 22:00:00,10.913,10.983,10.858,10.946,290723.0
2026-09-30 23:00:00,10.946,11.007,10.926,10.933,381730.0
2026-10-01 00:00:00,10.934,10.938,10.801,10.844,651150.0
2026-10-01 01:00:00,10.843,10.914,10.825,10.861,401675.0
2026-10-01 02:00:00,10.861,11.069,10.846,11.056,902466.0
2026-10-01 03:00:00,11.055,11.15,11.018,11.117,712908.0
2026-10-01 04:00:00,11.118,11.171,11.04,11.118,569897.0
2026-10-01 05:00:00,11.118,11.139,11.088,11.132,323129.0
2026-10-01 06:00:00,11.132,11.141,11.072,11.132,383664.0
2026-10-01 07:00:00,11.132,11.152,10.942,10.962,1039990.0
2026-10-01 08:00:00,10.961,11.121,10.958,11.119,733511.0
2026-10-01 09:00:00,11.119,11.178,11.003,11.043,640882.0
2026-10-01 10:00:00,11.043,11.045,10.876,11.005,945258.0
2026-10-01 11:00:00,11.005,11.058,10.943,11.029,510818.0
2026-10-01 12:00:00,11.03,11.054,10.945,10.965,466815.0
2026-10-01 13:00:00,10.965,11.024,10.862,10.977,808803.0
2026-10-01 14:00:00,10.976,11.018,10.889,10.934,803084.0
2026-10-01 15:00:00,10.935,10.98,10.82,10.896,1085696.0
2026-10-01 16:00:00,10.897,10.958,10.723,10.767,1073083.0
2026-10-01 17:00:00,10.767,10.993,10.755,10.939,964004.0
2026-10-01 18:00:00,10.939,11.008,10.898,10.994,527431.0
2026-10-01 19:00:00,10.994,11.07,10.936,10.997,812674.0
2026-10-01 20:00:00,10.996,11.049,10.984,11.002,256956.0
2026-10-01 21:00:00,11.002,11.01,10.862,10.914,495641.0
2026-10-01 22:00:00,10.914,10.983,10.913,10.975,296798.0
2026-10-01 23:00:00,10.976,11.015,10.932,10.983,242783.0
2026-10-02 00:00:00,10.983,11.014,10.922,10.939,293432.0
2026-10-02 01:00:00,10.938,10.939,10.851,10.907,426542.0
2026-10-02 02:00:00,10.907,11.038,10.899,11.016,588253.0
2026-10-02 03:00:00,11.016,11.068,10.95,10.997,450390.0
2026-10-02 04:00:00,10.999,11.2,10.98,11.177,1067029.0
2026-10-02 05:00:00,11.177,11.195,11.038,11.067,671636.0
2026-10-02 06:00:00,11.067,11.118,11.053,11.089,383075.0
2026-10-02 07:00:00,11.09,11.107,10.986,11.085,618378.0
2026-10-02 08:00:00,11.086,11.156,11.051,11.092,452625.0
2026-10-02 09:00:00,11.093,11.167,11.044,11.152,549075.0
2026-10-02 10:00:00,11.152,11.207,11.128,11.149,683982.0
2026-10-02 11:00:00,11.15,11.235,11.115,11.117,443593.0
2026-10-02 12:00:00,11.117,11.267,11.08,11.238,1033428.0
2026-10-02 13:00:00,11.238,11.256,11.065,11.095,873277.0
2026-10-02 14:00:00,11.096,11.151,10.987,11.069,1019076.0
2026-10-02 15:00:00,11.069,11.141,11.013,11.117,612402.0
2026-10-02 16:00:00,11.117,11.197,11.064,11.088,696328.0
2026-10-02 17:00:00,11.088,11.099,10.927,11.043,792084.0
2026-10-02 18:00:00,11.042,11.065,10.424,10.585,3186063.0
2026-10-02 19:00:00,10.584,10.681,10.501,10.586,1281656.0
2026-10-02 20:00:00,10.586,10.638,10.533,10.533,721505.0
2026-10-02 21:00:00,10.534,10.682,10.531,10.674,510564.0
2026-10-02 22:00:00,10.675,10.737,10.604,10.714,398199.0
2026-10-02 23:00:00,10.715,10.818,10.666,10.795,354387.0
2026-10-03 00:00:00,10.795,10.92,10.758,10.902,713798.0
2026-10-03 01:00:00,10.902,10.969,10.873,10.931,437536.0
2026-10-03 02:00:00,10.931,10.954,10.853,10.859,418126.0
2026-10-03 03:00:00,10.858,10.95,10.858,10.915,331867.0
2026-10-03 04:00:00,10.915,10.929,10.839,10.875,363109.0
2026-10-03 05:00:00,10.874,10.955,10.87,10.882,267271.0
2026-10-03 06:00:00,10.882,10.915,10.864,10.885,205444.0
2026-10-03 07:00:00,10.884,10.895,10.834,10.872,245491.0
2026-10-03 08:00:00,10.87,10.94,10.852,10.899,241768.0
2026-10-03 09:00:00,10.899,10.974,10.87,10.95,315698.0
2026-10-03 10:00:00,10.95,11.035,10.934,11.001,383724.0
2026-10-03 11:00:00,11.001,11.189,10.97,11.129,1108626.0
2026-10-03 12:00:00,11.129,11.154,11.063,11.075,601852.0
2026-10-03 13:00:00,11.074,11.144,11.023,11.143,412787.0
2026-10-03 14:00:00,11.142,11.214,11.092,11.15,701974.0
2026-10-03 15:00:00,11.15,11.169,11.063,11.083,418819.0
2026-10-03 16:00:00,11.082,11.084,11.036,11.059,293795.0
2026-10-03 17:00:00,11.058,11.167,11.051,11.123,560951.0
2026-10-03 18:00:00,11.123,11.14,11.072,11.117,239186.0
2026-10-03 19:00:00,11.116,11.144,11.084,11.135,225781.0
2026-10-03 20:00:00,11.135,11.162,11.093,11.097,219825.0
2026-10-03 21:00:00,11.097,11.109,11.073,11.078,200969.0
2026-10-03 22:00:00,11.077,11.115,11.057,11.093,252700.0
2026-10-03 23:00:00,11.093,11.133,11.067,11.12,171922.0
2026-10-04 00:00:00,11.12,11.14,11.073,11.079,255813.0
2026-10-04 01:00:00,11.079,11.093,11.06,11.065,191706.0
2026-10-04 02:00:00,11.065,11.077,11.041,11.061,171643.0
2026-10-04 03:00:00,11.06,11.071,11.029,11.038,152461.0
