t,o,h,l,c,v
2026-03-30 16:00:00,67590.2,67614.9,67188.0,67333.0,5589.669
2026-03-30 17:00:00,67332.9,67443.8,66617.3,66805.2,11208.178
2026-03-30 18:00:00,66805.1,66899.9,66456.4,66620.6,8496.874
2026-03-30 19:00:00,66620.6,66640.0,66200.1,66516.0,8875.348
2026-03-30 20:00:00,66515.9,66662.6,66488.7,66614.9,2850.822
2026-03-30 21:00:00,66614.9,66973.5,66550.0,66770.6,5139.64
2026-03-30 22:00:00,66770.6,66971.2,66650.9,66746.5,3017.686
2026-03-30 23:00:00,66746.4,66769.1,66377.1,66764.4,5430.093
2026-03-31 00:00:00,66764.4,67276.0,66498.9,67172.5,8170.125
2026-03-31 01:00:00,67172.5,68377.0,67004.2,67896.2,21388.751
2026-03-31 02:00:00,67896.1,68072.7,67726.9,67911.8,4698.842
2026-03-31 03:00:00,67911.8,67974.8,67610.5,67670.8,4526.069
2026-03-31 04:00:00,67670.8,67865.7,67441.8,67510.1,5390.717
2026-03-31 05:00:00,67510.1,67756.8,67356.4,67648.9,5254.856
2026-03-31 06:00:00,67649.0,67679.5,67300.1,67465.4,4352.913
2026-03-31 07:00:00,67465.4,67497.0,67071.9,67343.8,6776.714
2026-03-31 08:00:00,67343.9,67476.9,66655.0,66745.1,11064.148
2026-03-31 09:00:00,66745.1,66891.8,65938.0,66099.3,14984.779
2026-03-31 10:00:00,66099.3,66442.0,66067.0,66329.4,8862.329
2026-03-31 11:00:00,66329.4,66850.0,66205.0,66652.4,10995.373
2026-03-31 12:00:00,66652.4,66909.3,66480.0,66623.8,6400.174
2026-03-31 13:00:00,66623.8,67375.0,66623.8,67255.6,13271.792
2026-03-31 14:00:00,67255.6,67765.8,66374.4,66555.9,24281.881
2026-03-31 15:00:00,66556.0,67262.2,66555.9,66700.0,16438.359
2026-03-31 16:00:00,66700.0,67985.5,66695.9,67632.6,17863.811
2026-03-31 17:00:00,67632.6,68600.0,67357.1,67493.9,31074.877
2026-03-31 18:00:00,67493.8,67929.7,67488.0,67814.6,6671.407
2026-03-31 19:00:00,67814.5,67996.0,67671.3,67803.0,4561.967
2026-03-31 20:00:00,67803.0,68234.0,67794.8,68227.2,5345.004
2026-03-31 21:00:00,68227.3,68382.9,67840.4,68234.6,4214.782
2026-03-31 22:00:00,68234.7,68306.9,67919.5,68141.6,3539.41
2026-03-31 23:00:00,68141.7,68332.6,68050.0,68241.5,3204.005
2026-04-01 00:00:00,68241.4,68305.1,67808.1,68288.0,5899.344
2026-04-01 01:00:00,68288.0,68330.0,67707.5,67746.4,5867.034
2026-04-01 02:00:00,67746.4,67881.2,67534.9,67623.8,4392.19
2026-04-01 03:00:00,67623.9,68214.5,67623.9,68134.0,4893.429
2026-04-01 04:00:00,68134.0,68450.0,67965.0,68272.3,6806.107
2026-04-01 05:00:00,68272.3,68732.5,68114.5,68418.2,8388.28
2026-04-01 06:00:00,68418.3,69220.0,68418.2,69069.1,14347.278
2026-04-01 07:00:00,69069.1,69288.0,68631.1,68651.9,9948.863
2026-04-01 08:00:00,68651.9,68821.5,68425.5,68630.8,7971.803
2026-04-01 09:00:00,68630.9,68702.3,68360.0,68608.4,5165.172
2026-04-01 10:00:00,68608.4,68632.1,68370.1,68545.1,3236.913
2026-04-01 11:00:00,68545.2,68702.3,68471.5,68669.9,3332.164
2026-04-01 12:00:00,68670.0,68773.9,68220.9,68363.8,9084.82
2026-04-01 13:00:00,68364.1,68650.0,67883.7,68091.4,12785.834
2026-04-01 14:00:00,68091.4,68657.1,68020.0,68559.1,8903.706
2026-04-01 15:00:00,68559.2,68938.8,68380.3,68877.0,7696.492
2026-04-01 16:00:00,68876.9,68961.6,68570.0,68781.1,6621.467
2026-04-01 17:00:00,68781.1,69142.6,68212.1,68239.7,8742.133
2026-04-01 18:00:00,68239.7,68313.8,67900.4,68054.2,8261.383
2026-04-01 19:00:00,68054.2,68269.9,68000.0,68143.8,3616.318
2026-04-01 20:00:00,68143.7,68217.8,67927.0,68159.8,2825.356
2026-04-01 21:00:00,68159.7,68510.6,68136.5,68324.7,3518.395
2026-04-01 22:00:00,68324.8,68324.8,68032.9,68088.4,2650.481
2026-04-01 23:00:00,68088.5,68220.9,67952.2,68086.5,2321.258
2026-04-02 00:00:00,68086.4,68639.1,68013.3,68565.1,4810.862
2026-04-02 01:00:00,68565.2,68565.2,67000.3,67316.4,28476.843
2026-04-02 02:00:00,67316.4,67316.4,66590.0,66821.6,10945.857
2026-04-02 03:00:00,66821.6,66931.9,66455.9,66538.4,6817.005
2026-04-02 04:00:00,66538.4,66617.7,66171.8,66300.2,7198.698
2026-04-02 05:00:00,66300.2,66628.8,66270.0,66558.2,7378.976
2026-04-02 06:00:00,66558.2,66798.9,66506.4,66652.9,6658.861
2026-04-02 07:00:00,66653.0,66898.5,66521.4,66887.9,3805.262
2026-04-02 08:00:00,66887.8,66887.9,66372.9,66418.2,5263.115
2026-04-02 09:00:00,66418.1,66487.7,66256.0,66428.6,4756.07
2026-04-02 10:00:00,66428.7,66471.9,66188.1,66424.0,3978.965
2026-04-02 11:00:00,66424.1,66449.7,66065.1,66180.6,5811.944
2026-04-02 12:00:00,66180.6,66215.2,65919.1,66014.2,9031.717
2026-04-02 13:00:00,66014.3,66250.0,65676.1,66227.3,15856.243
2026-04-02 14:00:00,66227.3,67080.0,66123.0,66822.4,20636.572
2026-04-02 15:00:00,66822.3,66960.7,66596.2,66810.6,8566.429
2026-04-02 16:00:00,66810.6,67234.4,66707.6,67050.1,7916.796
2026-04-02 17:00:00,67050.0,67400.0,66622.4,66641.4,12264.218
2026-04-02 18:00:00,66641.4,67044.8,66550.0,66941.6,5634.322
2026-04-02 19:00:00,66941.7,67082.9,66827.8,66943.2,3699.127
2026-04-02 20:00:00,66943.2,67078.9,66755.6,66906.3,3029.761
2026-04-02 21:00:00,66906.4,66993.4,66681.3,66910.7,2094.62
2026-04-02 22:00:00,66910.7,67008.5,66782.0,66954.0,2072.862
2026-04-02 23:00:00,66954.0,67070.2,66820.6,66868.5,1653.796
2026-04-03 00:00:00,66868.6,66976.2,66671.0,66761.8,2723.057
2026-04-03 01:00:00,66761.8,66881.3,66450.0,66599.0,4087.425
2026-04-03 02:00:00,66599.1,66726.7,66240.0,66504.6,7272.397
2026-04-03 03:00:00,66504.6,66698.5,66461.0,66550.0,4129.956
2026-04-03 04:00:00,66550.1,66666.0,66468.0,66578.8,1744.992
2026-04-03 05:00:00,66578.8,66789.6,66375.1,66574.9,3463.985
2026-04-03 06:00:00,66574.9,66770.0,66523.2,66762.0,2064.989
2026-04-03 07:00:00,66762.1,67233.3,66716.4,67008.8,6199.006
2026-04-03 08:00:00,67008.8,67258.0,66864.1,66935.0,4767.938
2026-04-03 09:00:00,66935.1,66976.0,66714.3,66828.9,2763.018
2026-04-03 10:00:00,66828.9,66871.9,66644.0,66845.3,2217.705
2026-04-03 11:00:00,66845.3,67041.9,66790.6,66983.4,2737.691
2026-04-03 12:00:00,66983.5,67350.0,66605.9,66690.4,8947.233
2026-04-03 13:00:00,66690.4,66707.1,66478.5,66644.6,6171.178
2026-04-03 14:00:00,66644.6,66968.1,66600.0,66900.0,4449.791
2026-04-03 15:00:00,66899.9,66999.0,66778.9,66806.1,2790.32
2026-04-03 16:00:00,66806.0,67046.1,66800.0,66972.5,2190.628
2026-04-03 17:00:00,66972.5,67040.0,66714.1,66811.0,3190.914
2026-04-03 18:00:00,66811.0,66899.7,66746.9,66783.7,1313.064
2026-04-03 19:00:00,66783.6,66882.9,66740.6,66857.0,1227.27
2026-04-03 20:00:00,66857.0,66888.0,66800.0,66800.1,776.851
2026-04-03 21:00:00,66800.0,66946.3,66791.8,66929.5,1612.364
2026-04-03 22:00:00,66929.4,66943.0,66813.0,66860.0,1236.07
2026-04-03 23:00:00,66859.9,66930.0,66800.7,66930.0,1189.991
2026-04-04 00:00:00,66930.0,66935.3,66838.9,66863.4,939.228
2026-04-04 01:00:00,66863.4,66895.7,66795.8,66820.0,1195.529
2026-04-04 02:00:00,66820.0,66891.4,66773.3,66814.1,1049.257
2026-04-04 03:00:00,66814.0,66875.4,66798.8,66799.1,718.718
2026-04-04 04:00:00,66799.1,66840.0,66745.5,66833.5,802.699
2026-04-04 05:00:00,66833.5,66908.4,66817.8,66871.0,1487.395
2026-04-04 06:00:00,66871.0,67023.7,66871.0,66981.5,1922.566
2026-04-04 07:00:00,66981.5,67019.1,66904.0,66982.0,1794.695
2026-04-04 08:00:00,66982.1,67025.0,66874.5,66907.8,1638.621
2026-04-04 09:00:00,66907.8,66958.2,66882.1,66952.1,884.97
2026-04-04 10:00:00,66952.1,67150.3,66880.9,67139.1,2711.761
2026-04-04 11:00:00,67139.1,67223.8,67050.0,67128.9,2757.579
2026-04-04 12:00:00,67128.9,67152.5,67025.2,67062.0,1463.379
2026-04-04 13:00:00,67061.9,67245.3,67044.8,67170.0,2344.2
2026-04-04 14:00:00,67170.0,67193.3,67003.7,67177.6,4367.856
2026-04-04 15:00:00,67177.5,67554.5,67145.6,67357.3,8203.922
2026-04-04 16:00:00,67357.4,67500.0,67292.0,67335.2,5582.375
2026-04-04 17:00:00,67335.1,67386.0,67249.9,67302.3,1946.546
2026-04-04 18:00:00,67302.3,67350.0,67226.4,67265.7,1442.733
2026-04-04 19:00:00,67265.6,67523.8,67245.6,67262.7,2205.233
2026-04-04 20:00:00,67262.8,67269.4,67150.6,67240.2,1456.19
2026-04-04 21:00:00,67240.2,67452.7,67180.9,67325.0,1362.401
2026-04-04 22:00:00,67325.0,67438.7,67305.4,67368.9,1151.5
2026-04-04 23:00:00,67368.9,67371.4,67214.2,67271.0,1340.984
2026-04-05 00:00:00,67271.1,67279.2,67131.1,67177.0,1420.572
2026-04-05 01:00:00,67177.0,67200.0,67045.2,67060.6,1631.698
2026-04-05 02:00:00,67060.6,67154.0,66900.0,67144.3,3024.169
2026-04-05 03:00:00,67144.3,67166.9,67058.0,67113.5,827.213
2026-04-05 04:00:00,67113.4,67160.0,67034.8,67066.2,1007.637
2026-04-05 05:00:00,67066.3,67127.5,66822.8,66905.1,2325.371
2026-04-05 06:00:00,66905.2,66918.6,66575.5,66771.6,7701.988
2026-04-05 07:00:00,66771.6,66887.1,66685.3,66787.4,2881.334
2026-04-05 08:00:00,66787.4,66910.0,66782.1,66892.5,1538.0
2026-04-05 09:00:00,66892.6,67020.4,66862.3,66996.0,2024.531
2026-04-05 10:00:00,66996.1,67132.8,66928.1,67012.3,2032.778
2026-04-05 11:00:00,67012.4,67054.1,66934.4,66972.7,1308.905
2026-04-05 12:00:00,66972.7,66972.7,66650.0,66751.4,5228.659
2026-04-05 13:00:00,66751.5,66892.9,66666.0,66863.4,2779.283
2026-04-05 14:00:00,66863.5,66940.2,66783.1,66892.5,2313.054
2026-04-05 15:00:00,66892.6,67828.6,66792.6,67272.2,17243.801
2026-04-05 16:00:00,67272.2,67381.0,67132.2,67178.8,3833.608
2026-04-05 17:00:00,67178.9,67376.3,67150.0,67342.2,2318.157
2026-04-05 18:00:00,67342.2,67428.2,67246.6,67381.1,1759.782
2026-04-05 19:00:00,67381.2,67540.0,67250.0,67329.1,2721.463
2026-04-05 20:00:00,67329.1,67681.6,67302.4,67636.7,3902.447
2026-04-05 21:00:00,67636.7,67672.9,67377.2,67519.5,3003.776
2026-04-05 22:00:00,67519.5,68347.9,67313.6,68313.0,14605.362
2026-04-05 23:00:00,68313.0,69108.0,68232.0,68997.9,17484.581
2026-04-06 00:00:00,68997.9,69583.0,68997.9,69051.9,14169.018
2026-04-06 01:00:00,69051.9,69103.1,68761.0,68782.9,6282.17
2026-04-06 02:00:00,68782.9,69386.2,68740.2,69183.6,7133.971
2026-04-06 03:00:00,69183.6,69223.4,69026.6,69092.4,3887.373
2026-04-06 04:00:00,69092.3,69188.0,68943.3,69107.6,3311.978
2026-04-06 05:00:00,69107.6,69214.5,69052.0,69167.1,1991.853
2026-04-06 06:00:00,69167.0,69338.2,68769.6,68958.7,6473.617
2026-04-06 07:00:00,68958.8,69190.8,68800.0,69089.7,4997.301
2026-04-06 08:00:00,69089.8,69328.7,69047.7,69191.7,3993.886
2026-04-06 09:00:00,69191.7,70252.9,69180.0,69699.4,18431.974
2026-04-06 10:00:00,69699.4,69982.2,69666.0,69739.2,5348.035
2026-04-06 11:00:00,69739.2,69739.2,69524.0,69583.6,3764.749
2026-04-06 12:00:00,69583.5,69602.4,69283.0,69337.3,4709.786
2026-04-06 13:00:00,69337.4,69521.4,69200.1,69399.8,6493.035
2026-04-06 14:00:00,69399.7,69791.3,69088.0,69620.0,12807.333
2026-04-06 15:00:00,69620.0,69931.9,69490.0,69922.5,7526.043
2026-04-06 16:00:00,69922.4,70332.5,69737.6,69759.2,10741.826
2026-04-06 17:00:00,69759.2,69778.4,69240.0,69540.6,9573.939
2026-04-06 18:00:00,69540.6,69955.3,69436.4,69852.9,5050.802
2026-04-06 19:00:00,69852.8,69862.2,69543.8,69704.8,3330.826
2026-04-06 20:00:00,69704.8,69940.0,69578.0,69779.4,2833.907
2026-04-06 21:00:00,69779.5,69784.3,69400.0,69476.5,2367.163
2026-04-06 22:00:00,69476.5,69554.2,68777.0,68777.1,7405.076
2026-04-06 23:00:00,68777.0,68880.1,68227.5,68817.9,14131.575
2026-04-07 00:00:00,68817.9,69111.8,68682.7,68738.7,7076.461
2026-04-07 01:00:00,68738.6,68878.3,68291.0,68363.9,7228.844
2026-04-07 02:00:00,68363.9,68684.6,68241.9,68640.3,5150.666
2026-04-07 03:00:00,68640.3,68780.0,68586.5,68746.3,2875.385
2026-04-07 04:00:00,68746.4,68955.6,68510.5,68819.3,4248.648
2026-04-07 05:00:00,68819.2,68831.0,68577.6,68627.5,2555.837
2026-04-07 06:00:00,68627.4,68635.9,68400.6,68540.0,3505.289
2026-04-07 07:00:00,68539.9,68677.8,68470.0,68592.1,2041.225
2026-04-07 08:00:00,68592.0,68963.4,68570.7,68907.1,4642.324
2026-04-07 09:00:00,68907.1,69219.0,68900.0,69109.8,6058.021
2026-04-07 10:00:00,69109.9,69170.0,68151.8,68196.0,13660.183
2026-04-07 11:00:00,68196.1,68430.1,68033.0,68310.8,7993.096
2026-04-07 12:00:00,68310.7,68579.3,68039.8,68367.0,7657.761
2026-04-07 13:00:00,68366.9,68613.8,68168.0,68208.1,8543.123
2026-04-07 14:00:00,68208.1,68232.1,67741.0,67831.0,14376.041
2026-04-07 15:00:00,67831.1,68250.0,67711.0,68138.4,7962.196
2026-04-07 16:00:00,68138.5,68431.8,68049.9,68207.2,6229.966
2026-04-07 17:00:00,68207.2,68996.0,68164.5,68670.0,7980.601
2026-04-07 18:00:00,68670.1,68746.7,68318.1,68413.7,4727.513
2026-04-07 19:00:00,68413.7,69068.6,68315.3,68975.9,9428.713
2026-04-07 20:00:00,68975.9,69500.0,68975.9,69285.2,9691.622
2026-04-07 21:00:00,69285.3,70200.0,69273.3,69886.7,18637.709
2026-04-07 22:00:00,69886.7,71499.9,69886.6,71479.9,31964.577
2026-04-07 23:00:00,71479.9,72743.4,71155.0,71890.2,38592.446
2026-04-08 00:00:00,71890.2,72086.4,71505.2,71681.9,12154.36
2026-04-08 01:00:00,71681.9,71732.6,71416.9,71446.5,5646.636
2026-04-08 02:00:00,71446.5,71698.0,71186.0,71330.0,6209.708
2026-04-08 03:00:00,71329.9,71449.9,71231.3,71259.6,2746.993
2026-04-08 04:00:00,71259.7,71649.8,71250.0,71528.6,5039.55
2026-04-08 05:00:00,71528.6,71797.0,71516.3,71701.6,3933.249
2026-04-08 06:00:00,71701.5,71919.0,71539.2,71697.5,4019.369
2026-04-08 07:00:00,71697.4,71873.7,71551.8,71612.0,4017.693
2026-04-08 08:00:00,71612.1,71808.5,71612.0,71776.0,3116.268
2026-04-08 09:00:00,71776.0,71945.0,71555.3,71655.4,3363.095
2026-04-08 10:00:00,71655.4,71782.1,71415.3,71445.7,3263.796
2026-04-08 11:00:00,71445.7,71687.6,71367.0,71650.2,4717.931
2026-04-08 12:00:00,71650.2,72169.5,71542.6,72023.6,10583.578
2026-04-08 13:00:00,72023.6,72858.5,71460.1,71563.2,37732.505
2026-04-08 14:00:00,71563.2,71723.8,70671.6,70888.0,20733.852
2026-04-08 15:00:00,70888.0,71327.2,70796.4,71274.8,10170.443
2026-04-08 16:00:00,71274.9,71655.0,71218.9,71560.9,7730.29
2026-04-08 17:00:00,71561.0,71934.5,71447.4,71847.5,8262.334
2026-04-08 18:00:00,71847.5,71847.7,71035.8,71064.9,10227.962
2026-04-08 19:00:00,71064.9,71333.0,70980.0,71283.0,5944.079
2026-04-08 20:00:00,71283.0,71444.8,71226.0,71336.9,2304.428
2026-04-08 21:00:00,71337.0,71726.7,71293.2,71509.5,3112.217
2026-04-08 22:00:00,71509.6,71536.2,71024.2,71024.3,3942.192
2026-04-08 23:00:00,71024.2,71198.4,70850.9,71038.1,4405.964
2026-04-09 00:00:00,71038.2,71107.0,70622.9,70779.0,5843.19
2026-04-09 01:00:00,70779.0,70940.8,70428.0,70900.0,7732.073
2026-04-09 02:00:00,70899.9,71168.0,70777.0,71029.7,4609.518
2026-04-09 03:00:00,71029.6,71091.9,70818.0,70961.2,3009.072
2026-04-09 04:00:00,70961.2,70980.5,70700.0,70760.1,3066.357
2026-04-09 05:00:00,70760.1,71063.0,70666.0,70959.7,3706.321
2026-04-09 06:00:00,70959.6,71058.6,70780.1,70998.8,2557.88
2026-04-09 07:00:00,70998.8,71087.8,70913.5,70945.0,2671.884
2026-04-09 08:00:00,70945.0,71342.0,70831.9,71207.6,4857.915
2026-04-09 09:00:00,71207.5,71533.0,71060.9,71488.7,5655.474
2026-04-09 10:00:00,71488.7,71498.9,71234.7,71234.7,3102.242
2026-04-09 11:00:00,71234.7,71317.0,71007.8,71109.9,3694.561
2026-04-09 12:00:00,71109.9,71299.6,70978.8,71245.0,3685.525
2026-04-09 13:00:00,71244.9,71320.0,70590.0,70765.2,9043.698
2026-04-09 14:00:00,70765.2,71224.5,70470.2,71083.5,10350.748
2026-04-09 15:00:00,71083.4,72320.0,70887.8,72108.0,26071.831
2026-04-09 16:00:00,72108.0,72377.4,71688.8,72048.0,13698.746
2026-04-09 17:00:00,72048.1,72517.9,72028.2,72306.9,12725.975
2026-04-09 18:00:00,72307.0,72339.0,71705.0,71849.3,6911.03
2026-04-09 19:00:00,71849.3,72267.3,71701.3,72055.9,8541.443
2026-04-09 20:00:00,72055.8,72419.8,71945.0,72377.6,4197.604
2026-04-09 21:00:00,72377.6,72666.6,72102.5,72230.1,5983.887
2026-04-09 22:00:00,72230.2,73128.0,71911.1,71911.2,15253.827
2026-04-09 23:00:00,71911.1,71999.0,71539.9,71750.4,8835.656
2026-04-10 00:00:00,71750.4,71995.8,71546.0,71932.3,6397.971
2026-04-10 01:00:00,71932.3,72350.0,71620.6,72124.0,8235.607
2026-04-10 02:00:00,72124.0,72255.0,71882.3,71926.3,4051.442
2026-04-10 03:00:00,71926.2,71993.0,71770.5,71837.3,3030.935
2026-04-10 04:00:00,71837.3,72199.9,71781.9,72088.8,3096.039
2026-04-10 05:00:00,72088.8,72243.6,71973.8,72098.6,2811.713
2026-04-10 06:00:00,72098.4,72154.8,71759.0,71778.1,3516.103
2026-04-10 07:00:00,71778.1,71821.1,71382.1,71461.2,7061.726
2026-04-10 08:00:00,71461.2,71730.0,71395.0,71571.6,5531.598
2026-04-10 09:00:00,71571.6,71840.8,71555.8,71746.2,3388.617
2026-04-10 10:00:00,71746.1,71910.0,71658.8,71872.4,3363.748
2026-04-10 11:00:00,71872.5,72229.0,71861.5,72092.7,6834.269
2026-04-10 12:00:00,72092.8,72467.3,71960.5,72225.5,12107.361
2026-04-10 13:00:00,72225.4,72381.0,71868.5,72284.0,7453.352
2026-04-10 14:00:00,72283.9,73123.9,72209.8,72870.6,24555.643
2026-04-10 15:00:00,72870.6,73255.7,72309.5,72421.0,13827.109
2026-04-10 16:00:00,72421.1,73024.1,72350.0,72954.0,8170.92
2026-04-10 17:00:00,72954.0,73125.1,72750.0,73079.9,4994.395
2026-04-10 18:00:00,73079.9,73127.6,72830.7,73056.7,4415.006
2026-04-10 19:00:00,73056.7,73223.4,72850.5,73187.3,5777.684
2026-04-10 20:00:00,73187.4,73450.0,72995.8,73310.5,8258.764
2026-04-10 21:00:00,73310.5,73311.5,72883.7,73156.2,2777.08
2026-04-10 22:00:00,73156.2,73213.4,72669.1,72834.2,4476.923
2026-04-10 23:00:00,72834.2,72925.0,72744.1,72917.4,2435.661
2026-04-11 00:00:00,72917.4,72917.4,72730.8,72792.5,1856.28
2026-04-11 01:00:00,72792.5,72972.5,72615.0,72920.1,3067.207
2026-04-11 02:00:00,72920.1,73066.2,72872.6,72928.3,3039.481
2026-04-11 03:00:00,72928.2,73048.5,72769.4,72835.1,2161.031
2026-04-11 04:00:00,72835.1,72921.5,72633.5,72771.2,4560.284
2026-04-11 05:00:00,72771.3,72800.0,72631.0,72680.0,2073.16
2026-04-11 06:00:00,72680.0,72738.0,72566.4,72727.5,2678.317
2026-04-11 07:00:00,72727.5,72790.9,72630.0,72707.7,2594.582
2026-04-11 08:00:00,72707.8,72767.5,72595.0,72625.4,1952.428
2026-04-11 09:00:00,72625.4,72883.0,72580.0,72874.0,3161.384
2026-04-11 10:00:00,72874.1,72886.0,72723.2,72801.2,1747.576
2026-04-11 11:00:00,72801.3,72874.1,72781.4,72868.2,1252.593
2026-04-11 12:00:00,72868.2,72945.0,72760.3,72895.6,2157.533
2026-04-11 13:00:00,72895.6,72895.6,72451.9,72612.2,6262.79
2026-04-11 14:00:00,72612.3,72728.5,72560.4,72660.9,1953.307
2026-04-11 15:00:00,72660.8,72869.9,72638.8,72817.3,2043.715
2026-04-11 16:00:00,72817.3,73180.0,72775.3,72991.3,5048.943
2026-04-11 17:00:00,72991.3,73140.8,72900.1,73056.2,2137.239
2026-04-11 18:00:00,73056.2,73700.0,72990.2,73515.9,10134.865
2026-04-11 19:00:00,73515.9,73773.4,73400.4,73635.9,6313.742
2026-04-11 20:00:00,73635.9,73648.8,73183.5,73252.9,3776.169
2026-04-11 21:00:00,73252.8,73500.0,73155.0,73384.7,2632.347
2026-04-11 22:00:00,73384.7,73529.0,73183.4,73333.3,3102.654
2026-04-11 23:00:00,73333.3,73333.4,72861.2,73013.4,4462.043
2026-04-12 00:00:00,73013.4,73077.6,72817.4,73038.8,2584.79
2026-04-12 01:00:00,73038.7,73094.4,71259.0,71598.7,25394.345
2026-04-12 02:00:00,71598.7,72000.0,71302.0,71723.7,10553.114
2026-04-12 03:00:00,71723.7,71831.8,71556.3,71563.6,4636.933
2026-04-12 04:00:00,71563.6,71656.3,71407.7,71428.7,3979.59
2026-04-12 05:00:00,71428.7,71750.0,71369.7,71665.1,4332.298
2026-04-12 06:00:00,71665.0,71728.0,71602.0,71618.9,2011.767
2026-04-12 07:00:00,71618.8,71716.2,71541.4,71628.1,1699.934
2026-04-12 08:00:00,71628.2,71750.0,71555.0,71592.3,1973.322
2026-04-12 09:00:00,71592.4,71600.0,71461.7,71502.4,1676.216
2026-04-12 10:00:00,71502.3,71655.2,71309.7,71416.1,2947.051
2026-04-12 11:00:00,71416.1,71510.0,71384.3,71435.0,2223.504
2026-04-12 12:00:00,71435.0,71478.0,71000.0,71050.1,8813.353
2026-04-12 13:00:00,71050.0,71117.2,70818.7,70861.5,11631.888
2026-04-12 14:00:00,70861.4,71063.8,70655.6,70714.3,7906.214
2026-04-12 15:00:00,70714.3,70898.0,70566.5,70856.2,6590.007
2026-04-12 16:00:00,70856.1,70926.7,70777.0,70890.9,2601.419
2026-04-12 17:00:00,70890.8,71188.0,70853.1,71099.9,4177.012
2026-04-12 18:00:00,71100.0,71177.3,71010.0,71092.6,2607.767
2026-04-12 19:00:00,71092.5,71199.0,71034.6,71055.2,2131.614
2026-04-12 20:00:00,71055.2,71417.9,70920.4,71302.9,5128.901
2026-04-12 21:00:00,71302.8,71423.9,71110.3,71331.7,2565.008
2026-04-12 22:00:00,71331.4,71332.4,70458.2,70875.6,13082.45
2026-04-12 23:00:00,70875.5,70882.4,70533.0,70711.1,3574.492
2026-04-13 00:00:00,70711.2,71225.0,70574.0,71130.0,5326.491
2026-04-13 01:00:00,71129.9,71193.6,70990.7,71156.1,3835.131
2026-04-13 02:00:00,71156.0,71245.0,70941.4,71047.0,3419.461
2026-04-13 03:00:00,71047.0,71128.8,70874.4,70944.8,2551.518
2026-04-13 04:00:00,70944.8,71114.9,70812.7,70854.3,2218.709
2026-04-13 05:00:00,70854.4,70892.4,70627.9,70847.8,2818.291
2026-04-13 06:00:00,70847.7,71068.0,70843.7,70989.6,2518.392
2026-04-13 07:00:00,70989.7,71045.1,70640.3,70780.0,3837.005
2026-04-13 08:00:00,70780.1,70833.0,70517.3,70644.8,3558.489
2026-04-13 09:00:00,70644.9,70875.3,70634.9,70758.4,2639.981
2026-04-13 10:00:00,70758.3,70814.2,70643.5,70716.0,1970.778
2026-04-13 11:00:00,70716.0,70960.3,70700.3,70883.9,3104.39
2026-04-13 12:00:00,70883.9,71188.0,70722.3,71043.0,5697.803
2026-04-13 13:00:00,71043.0,71677.9,70780.0,71623.0,17540.464
2026-04-13 14:00:00,71623.0,72358.5,71326.3,72347.2,20806.65
2026-04-13 15:00:00,72347.1,72431.0,71600.1,71823.6,13405.348
2026-04-13 16:00:00,71823.6,72393.8,71629.5,72157.3,13649.973
2026-04-13 17:00:00,72157.4,72549.2,72015.5,72101.0,11559.413
2026-04-13 18:00:00,72100.9,72424.9,72000.0,72380.0,5777.54
2026-04-13 19:00:00,72380.1,73441.7,72248.5,73272.2,25327.444
2026-04-13 20:00:00,73272.1,73349.3,72953.3,73098.9,9281.046
2026-04-13 21:00:00,73098.8,73329.4,73026.7,73140.0,3643.338
2026-04-13 22:00:00,73140.0,74750.0,73130.0,74599.9,31775.073
2026-04-13 23:00:00,74600.0,74870.0,74367.6,74385.0,16766.791
2026-04-14 00:00:00,74384.9,74493.4,74057.7,74127.9,8218.546
2026-04-14 01:00:00,74127.9,74400.0,73946.9,74345.5,4810.747
2026-04-14 02:00:00,74345.5,74583.1,74236.1,74294.4,3853.264
2026-04-14 03:00:00,74294.5,74461.9,74212.8,74408.8,2768.526
2026-04-14 04:00:00,74408.8,74476.1,74316.9,74355.5,2265.702
2026-04-14 05:00:00,74355.5,74401.8,74112.2,74184.5,3115.487
2026-04-14 06:00:00,74184.5,74519.9,74184.5,74485.0,3312.115
2026-04-14 07:00:00,74485.1,74900.0,74395.6,74513.4,7521.321
2026-04-14 08:00:00,74513.3,74873.5,74419.1,74713.9,5411.496
2026-04-14 09:00:00,74714.0,74799.5,74403.1,74471.9,4221.747
2026-04-14 10:00:00,74471.9,74581.7,74300.0,74309.8,3610.194
2026-04-14 11:00:00,74309.8,74430.0,74267.2,74342.4,2981.975
2026-04-14 12:00:00,74342.4,74459.6,74234.0,74416.7,4585.221
2026-04-14 13:00:00,74416.7,75484.0,74366.0,75471.2,21163.234
2026-04-14 14:00:00,75471.1,76009.0,74964.7,74966.3,32074.453
2026-04-14 15:00:00,74966.3,75396.9,74514.1,75268.1,17275.135
2026-04-14 16:00:00,75268.1,75684.9,74450.0,74597.1,13496.273
2026-04-14 17:00:00,74597.2,74902.7,74200.2,74699.9,9405.722
2026-04-14 18:00:00,74699.9,74765.0,73789.7,74050.0,11823.288
2026-04-14 19:00:00,74049.9,74362.8,73833.5,74176.4,7221.741
2026-04-14 20:00:00,74176.5,74387.7,73960.0,74059.0,3417.497
2026-04-14 21:00:00,74058.9,74295.7,73903.8,74230.3,2657.168
2026-04-14 22:00:00,74230.3,74339.4,73766.8,73987.5,4679.75
2026-04-14 23:00:00,73987.6,74200.1,73961.3,74106.9,3370.888
2026-04-15 00:00:00,74106.9,74635.0,74085.0,74520.3,6386.687
2026-04-15 01:00:00,74520.3,74739.2,74450.8,74568.3,3793.236
2026-04-15 02:00:00,74568.3,74653.4,74142.7,74280.0,3803.95
2026-04-15 03:00:00,74280.0,74338.9,74123.6,74296.8,2219.931
2026-04-15 04:00:00,74296.8,74400.0,74211.3,74290.8,1828.487
2026-04-15 05:00:00,74290.7,74390.0,73822.6,73983.2,5600.465
2026-04-15 06:00:00,73983.1,74015.7,73822.0,73851.1,2724.877
2026-04-15 07:00:00,73851.0,73987.0,73449.0,73705.1,9147.153
2026-04-15 08:00:00,73705.2,74154.3,73640.1,74070.4,4910.157
2026-04-15 09:00:00,74070.4,74143.5,73868.0,73968.3,2961.195
2026-04-15 10:00:00,73968.3,74222.7,73750.0,73825.9,5354.748
2026-04-15 11:00:00,73825.9,74227.5,73825.9,74155.1,4233.263
2026-04-15 12:00:00,74155.0,74473.5,74001.1,74228.7,5486.241
2026-04-15 13:00:00,74228.8,74397.0,73769.5,74015.8,7645.902
2026-04-15 14:00:00,74015.9,74466.0,73776.5,74108.8,9303.464
2026-04-15 15:00:00,74108.8,74290.0,73540.0,73797.5,9855.922
2026-04-15 16:00:00,73797.5,74145.2,73714.9,73900.4,5052.861
2026-04-15 17:00:00,73900.3,74197.1,73873.8,74099.1,3734.784
2026-04-15 18:00:00,74099.0,74369.2,74028.0,74349.1,3731.718
2026-04-15 19:00:00,74349.1,75240.0,74311.9,74957.8,12055.2
2026-04-15 20:00:00,74957.7,74991.5,74466.5,74796.8,6702.826
2026-04-15 21:00:00,74796.7,74816.0,74498.6,74703.0,2535.824
2026-04-15 22:00:00,74703.1,75425.6,74696.0,74931.3,7850.458
2026-04-15 23:00:00,74931.3,74932.1,74579.0,74776.2,4110.422
2026-04-16 00:00:00,74776.3,74839.0,74400.0,74772.0,4289.958
2026-04-16 01:00:00,74772.1,74772.1,74415.0,74612.8,2427.54
2026-04-16 02:00:00,74612.8,75232.7,74556.7,74840.8,5925.41
2026-04-16 03:00:00,74840.7,75123.5,74825.1,74851.9,3008.342
2026-04-16 04:00:00,74851.9,75130.0,74675.4,74899.9,7685.073
2026-04-16 05:00:00,74900.0,75100.0,74852.4,75006.1,2772.243
2026-04-16 06:00:00,75006.0,75079.1,74801.8,74985.9,2797.074
2026-04-16 07:00:00,74985.9,75039.0,74590.3,74667.7,3790.884
2026-04-16 08:00:00,74667.7,74711.8,74466.9,74634.3,4804.128
2026-04-16 09:00:00,74634.2,74866.9,74550.0,74558.7,3450.627
2026-04-16 10:00:00,74558.6,74621.1,74226.2,74267.8,7078.903
2026-04-16 11:00:00,74267.7,74537.3,74234.9,74528.4,5244.012
2026-04-16 12:00:00,74528.4,74836.6,74524.7,74577.7,5712.038
2026-04-16 13:00:00,74577.8,74981.1,73256.8,73755.9,21382.008
2026-04-16 14:00:00,73756.0,74155.7,73388.0,73937.0,16481.072
2026-04-16 15:00:00,73936.8,74880.0,73900.0,74659.5,13140.692
2026-04-16 16:00:00,74659.5,74901.6,74007.6,74140.6,9530.226
2026-04-16 17:00:00,74140.6,74410.7,73873.5,74301.6,6691.907
2026-04-16 18:00:00,74301.6,75073.0,74202.0,75000.0,7853.12
2026-04-16 19:00:00,75000.1,75378.1,74711.0,75309.4,8837.111
2026-04-16 20:00:00,75309.5,75500.0,74964.6,75188.9,6256.538
2026-04-16 21:00:00,75189.0,75245.7,74736.5,74902.2,3984.835
2026-04-16 22:00:00,74902.3,75090.8,74787.7,74833.9,2612.399
2026-04-16 23:00:00,74833.9,75149.1,74800.0,75106.8,2641.585
2026-04-17 00:00:00,75106.8,75118.4,74848.4,74900.2,2958.114
2026-04-17 01:00:00,74900.2,74998.2,74532.9,74707.6,4650.303
2026-04-17 02:00:00,74707.7,74770.0,74480.0,74670.6,2338.74
2026-04-17 03:00:00,74670.5,74814.1,74558.9,74582.8,3160.293
2026-04-17 04:00:00,74582.8,74818.1,74550.0,74748.4,1846.248
2026-04-17 05:00:00,74748.3,74770.5,74508.2,74604.8,2378.041
2026-04-17 06:00:00,74604.8,74904.2,74559.7,74895.1,3090.866
2026-04-17 07:00:00,74895.2,75060.4,74892.7,75047.4,4376.71
2026-04-17 08:00:00,75047.4,75869.0,74951.6,75749.8,14296.9
2026-04-17 09:00:00,75749.8,76350.0,75463.2,75746.0,21235.691
2026-04-17 10:00:00,75746.1,75853.7,75030.2,75229.7,13662.049
2026-04-17 11:00:00,75229.6,75564.7,75195.7,75542.2,4279.613
2026-04-17 12:00:00,75542.1,76235.4,75481.8,76195.6,13125.431
2026-04-17 13:00:00,76195.7,77376.3,76006.7,77294.3,49562.355
2026-04-17 14:00:00,77294.2,77999.9,76951.1,77825.1,31429.916
2026-04-17 15:00:00,77825.1,77940.0,77389.0,77736.2,13716.929
2026-04-17 16:00:00,77736.2,78300.0,77660.0,77805.1,15584.467
2026-04-17 17:00:00,77805.1,77870.0,77042.0,77465.3,12363.466
2026-04-17 18:00:00,77465.3,77521.3,77028.4,77112.1,6498.194
2026-04-17 19:00:00,77112.0,77429.8,76921.9,77348.8,6106.231
2026-04-17 20:00:00,77349.2,77566.0,77111.0,77283.7,3754.339
2026-04-17 21:00:00,77283.7,77459.0,77228.6,77400.1,1994.375
2026-04-17 22:00:00,77400.0,77477.1,77222.1,77261.8,2677.99
2026-04-17 23:00:00,77261.9,77267.0,76854.2,77030.6,4308.654
2026-04-18 00:00:00,77030.6,77216.2,76931.0,77135.1,2853.47
2026-04-18 01:00:00,77135.2,77287.9,77072.7,77175.9,2416.708
2026-04-18 02:00:00,77175.9,77380.0,77085.6,77249.5,2121.763
2026-04-18 03:00:00,77249.6,77254.3,76903.2,76964.3,2495.093
2026-04-18 04:00:00,76964.4,77131.8,76824.1,77065.9,3532.251
2026-04-18 05:00:00,77065.8,77233.6,77063.5,77085.0,2162.711
2026-04-18 06:00:00,77085.1,77177.0,77008.0,77078.7,1684.268
2026-04-18 07:00:00,77078.7,77086.5,76826.8,76951.0,3315.779
2026-04-18 08:00:00,76951.0,77004.2,76460.0,76695.1,10953.848
2026-04-18 09:00:00,76695.1,76695.1,76357.1,76557.1,6580.507
2026-04-18 10:00:00,76557.1,76557.2,76091.8,76150.0,9595.16
2026-04-18 11:00:00,76150.0,76150.0,75710.6,76002.0,10561.507
2026-04-18 12:00:00,76002.0,76277.4,76000.0,76168.0,5429.196
2026-04-18 13:00:00,76168.0,76176.0,75738.0,76080.5,5094.502
2026-04-18 14:00:00,76080.5,76268.2,75924.4,76211.2,3696.291
2026-04-18 15:00:00,76211.2,76342.7,75931.9,76124.8,3212.335
2026-04-18 16:00:00,76124.8,76176.6,75584.1,75897.9,8581.227
2026-04-18 17:00:00,75897.9,75930.5,75724.8,75783.9,3440.03
2026-04-18 18:00:00,75783.9,75805.1,75395.9,75603.7,8666.619
2026-04-18 19:00:00,75603.7,75761.1,75532.3,75604.2,2321.47
2026-04-18 20:00:00,75604.2,75799.9,75558.6,75706.1,1982.126
2026-04-18 21:00:00,75706.1,75795.0,75551.0,75766.5,1443.332
2026-04-18 22:00:00,75766.4,75836.9,75560.0,75765.5,2228.389
2026-04-18 23:00:00,75765.5,75843.3,75653.4,75653.8,1525.809
2026-04-19 00:00:00,75653.8,75804.0,75506.1,75627.3,2629.124
2026-04-19 01:00:00,75627.4,75757.7,75408.5,75577.4,2691.631
2026-04-19 02:00:00,75577.4,75692.3,75353.0,75450.1,2887.502
2026-04-19 03:00:00,75450.0,75607.9,75314.0,75473.0,2654.256
2026-04-19 04:00:00,75472.9,75747.3,75371.6,75623.7,3516.273
2026-04-19 05:00:00,75623.7,75650.0,75466.3,75505.1,2602.877
2026-04-19 06:00:00,75505.1,75505.1,75234.2,75359.7,3342.324
2026-04-19 07:00:00,75359.6,75363.2,74824.3,75205.6,8669.567
2026-04-19 08:00:00,75205.7,75250.0,75024.3,75220.0,2655.875
2026-04-19 09:00:00,75220.1,75232.1,74863.6,74974.6,3069.234
2026-04-19 10:00:00,74974.6,75199.0,74888.0,75175.5,2776.047
2026-04-19 11:00:00,75175.5,75589.2,75170.0,75557.4,5863.313
2026-04-19 12:00:00,75557.5,75665.7,75386.4,75529.3,5131.535
2026-04-19 13:00:00,75529.2,76200.0,75505.1,75877.9,11571.736
2026-04-19 14:00:00,75878.0,76100.0,75625.9,75971.3,5966.627
2026-04-19 15:00:00,75971.4,76116.8,75342.3,75807.6,6299.713
2026-04-19 16:00:00,75807.7,75817.7,75255.7,75345.6,4713.196
2026-04-19 17:00:00,75345.5,75348.4,74560.0,74742.4,12311.531
2026-04-19 18:00:00,74742.3,74876.9,74550.0,74736.2,5348.541
2026-04-19 19:00:00,74736.2,75043.1,74736.2,74917.9,2859.308
2026-04-19 20:00:00,74918.0,74920.2,74375.0,74591.6,5630.174
2026-04-19 21:00:00,74591.7,74776.3,74304.5,74379.5,3737.525
2026-04-19 22:00:00,74379.4,74379.5,73700.2,74005.0,16669.971
2026-04-19 23:00:00,74005.0,74018.6,73746.4,73758.4,5380.331
2026-04-20 00:00:00,73758.4,74322.9,73669.0,74228.1,9071.563
2026-04-20 01:00:00,74228.1,74697.6,74167.6,74549.4,5474.771
2026-04-20 02:00:00,74549.5,74588.3,74254.9,74364.5,2909.538
2026-04-20 03:00:00,74364.5,74600.0,74309.8,74593.9,3778.122
2026-04-20 04:00:00,74593.9,74598.1,74389.1,74523.7,1990.29
2026-04-20 05:00:00,74523.7,74523.7,74061.2,74226.5,3849.183
2026-04-20 06:00:00,74226.5,74860.0,74206.7,74751.1,5500.076
2026-04-20 07:00:00,74751.2,75539.3,74618.0,74795.5,14105.339
2026-04-20 08:00:00,74795.5,74970.5,74563.2,74691.7,5466.57
2026-04-20 09:00:00,74691.7,75200.0,74660.8,75028.8,5031.636
2026-04-20 10:00:00,75028.9,75375.1,74964.8,74993.2,4324.018
2026-04-20 11:00:00,74993.3,75243.0,74907.1,75148.7,3197.964
2026-04-20 12:00:00,75148.8,75633.0,74939.1,75245.0,7621.821
2026-04-20 13:00:00,75245.1,75392.0,74811.7,75232.8,9118.652
2026-04-20 14:00:00,75232.7,75734.0,74873.1,75000.1,12377.784
2026-04-20 15:00:00,75000.1,75750.0,74639.5,75668.1,13391.763
2026-04-20 16:00:00,75668.1,75676.3,75250.0,75300.0,5228.528
2026-04-20 17:00:00,75300.0,75975.4,75242.5,75853.7,8252.788
2026-04-20 18:00:00,75853.7,76439.0,75853.7,76388.8,14061.343
2026-04-20 19:00:00,76389.3,76449.8,76105.6,76252.5,11150.177
2026-04-20 20:00:00,76252.5,76531.0,76072.9,76229.9,8890.15
2026-04-20 21:00:00,76230.0,76323.9,75721.7,75909.5,5425.27
2026-04-20 22:00:00,75909.4,76105.4,75851.1,75927.7,2157.72
2026-04-20 23:00:00,75927.7,75927.7,75556.2,75790.1,3774.601
2026-04-21 00:00:00,75790.1,76054.0,75650.0,76050.0,3649.862
2026-04-21 01:00:00,76049.9,76232.3,75798.6,75887.0,3218.622
2026-04-21 02:00:00,75887.1,75889.9,75532.0,75540.0,3920.912
2026-04-21 03:00:00,75540.0,75680.0,75433.1,75669.1,3049.0
2026-04-21 04:00:00,75669.1,75790.3,75558.8,75768.3,2636.054
2026-04-21 05:00:00,75768.2,75947.1,75732.3,75760.8,3034.91
2026-04-21 06:00:00,75760.7,76088.0,75658.3,75930.5,3253.014
2026-04-21 07:00:00,75930.4,76276.6,75770.0,76050.0,5348.542
2026-04-21 08:00:00,76050.0,76999.0,76025.0,76462.4,9688.673
2026-04-21 09:00:00,76462.4,76565.2,76103.3,76324.2,6005.276
2026-04-21 10:00:00,76324.2,76844.5,76306.3,76702.1,5702.752
2026-04-21 11:00:00,76702.2,76716.7,76281.1,76408.3,6424.41
2026-04-21 12:00:00,76408.3,76491.1,75631.2,75972.8,13349.788
2026-04-21 13:00:00,75972.9,76144.0,75688.0,75859.9,7392.452
2026-04-21 14:00:00,75860.0,76574.3,75571.7,75628.9,17784.574
2026-04-21 15:00:00,75628.9,75950.2,75355.2,75799.9,9750.346
2026-04-21 16:00:00,75800.0,76155.0,75705.4,75739.2,5816.389
2026-04-21 17:00:00,75739.3,75875.1,75017.8,75516.0,14476.413
2026-04-21 18:00:00,75515.9,75639.6,75273.0,75563.1,4921.306
2026-04-21 19:00:00,75563.1,75900.0,74777.9,74988.6,13354.564
2026-04-21 20:00:00,74988.7,75824.8,74942.2,75649.4,10187.902
2026-04-21 21:00:00,75649.3,75732.5,75402.9,75506.4,1945.077
2026-04-21 22:00:00,75506.4,75608.6,75250.0,75598.6,2856.061
2026-04-21 23:00:00,75598.6,76396.2,75570.3,76288.2,6994.088
2026-04-22 00:00:00,76288.3,76471.2,76170.0,76327.1,5396.425
2026-04-22 01:00:00,76327.1,76380.0,76078.6,76267.3,3004.863
2026-04-22 02:00:00,76267.4,77613.0,76183.7,77568.1,20988.269
2026-04-22 03:00:00,77568.0,77699.0,77366.0,77488.3,9672.167
2026-04-22 04:00:00,77488.4,77670.8,77321.7,77475.5,4496.121
2026-04-22 05:00:00,77475.4,78447.5,77406.0,77954.4,26969.743
2026-04-22 06:00:00,77954.4,78008.8,77860.0,77971.6,4519.224
2026-04-22 07:00:00,77971.5,78098.0,77774.3,77979.8,5242.797
2026-04-22 08:00:00,77979.7,78186.0,77895.3,77970.0,5187.109
2026-04-22 09:00:00,77970.0,78152.8,77912.1,77959.9,3001.63
2026-04-22 10:00:00,77959.9,78151.0,77908.6,78117.8,2672.693
2026-04-22 11:00:00,78117.8,78365.8,78054.5,78263.2,4820.256
2026-04-22 12:00:00,78263.2,78490.8,78060.0,78196.6,6410.168
2026-04-22 13:00:00,78196.6,78799.0,78120.1,78794.5,12886.624
2026-04-22 14:00:00,78794.4,79142.8,78511.1,78996.8,20184.835
2026-04-22 15:00:00,78996.7,79370.0,78800.3,79234.3,13529.874
2026-04-22 16:00:00,79234.3,79444.0,78586.7,78705.1,11368.472
2026-04-22 17:00:00,78705.1,78998.6,78660.0,78869.8,5456.211
2026-04-22 18:00:00,78869.8,79129.8,78783.7,78989.5,3353.919
2026-04-22 19:00:00,78989.5,79020.0,78654.6,78791.3,6915.525
2026-04-22 20:00:00,78791.3,78868.9,78360.0,78395.8,5886.107
2026-04-22 21:00:00,78395.8,78788.3,78361.4,78713.8,2432.296
2026-04-22 22:00:00,78713.9,78784.0,78403.2,78552.1,2555.67
2026-04-22 23:00:00,78552.1,78559.2,78111.6,78139.8,4136.098
2026-04-23 00:00:00,78139.7,78534.9,77526.8,78389.9,12884.746
2026-04-23 01:00:00,78390.0,78445.2,78015.0,78311.0,3983.736
2026-04-23 02:00:00,78310.9,78320.0,77715.0,77897.6,5149.543
2026-04-23 03:00:00,77897.6,77991.7,77410.7,77704.3,7028.582
2026-04-23 04:00:00,77704.3,77912.0,77627.4,77871.6,4028.953
2026-04-23 05:00:00,77871.5,78093.2,77724.4,77991.9,4466.369
2026-04-23 06:00:00,77992.0,78310.1,77992.0,78167.0,5625.923
2026-04-23 07:00:00,78167.0,78210.9,77925.9,78009.1,3450.478
2026-04-23 08:00:00,78009.1,78142.2,77680.0,77822.1,5585.852
2026-04-23 09:00:00,77822.1,77830.0,77400.2,77613.0,7413.85
2026-04-23 10:00:00,77613.0,77678.3,76504.6,77362.9,17017.695
2026-04-23 11:00:00,77363.0,77709.1,77321.6,77649.9,5446.003
2026-04-23 12:00:00,77650.0,77837.6,77460.4,77826.8,8226.825
2026-04-23 13:00:00,77826.8,77875.7,77322.8,77486.7,5854.6
2026-04-23 14:00:00,77486.6,78176.0,77378.4,78132.8,9478.995
2026-04-23 15:00:00,78132.8,78648.0,77929.0,78329.2,11934.225
2026-04-23 16:00:00,78329.3,78466.8,77965.8,78049.0,5475.753
2026-04-23 17:00:00,78049.1,78137.8,76900.1,77715.2,21713.346
2026-04-23 18:00:00,77715.1,78100.0,77617.8,77631.7,10340.909
2026-04-23 19:00:00,77631.5,77859.9,77543.4,77670.5,5665.343
2026-04-23 20:00:00,77670.4,78020.0,77598.4,77841.3,3884.977
2026-04-23 21:00:00,77841.3,78044.2,77743.3,77819.6,1877.423
2026-04-23 22:00:00,77819.5,78299.0,77819.5,78194.2,3629.261
2026-04-23 23:00:00,78194.1,78266.0,77983.5,78216.8,2321.625
2026-04-24 00:00:00,78217.4,78459.1,78120.0,78376.7,2948.463
2026-04-24 01:00:00,78376.7,78399.0,77901.0,78369.9,5826.227
2026-04-24 02:00:00,78369.8,78546.0,77986.0,78074.0,5936.447
2026-04-24 03:00:00,78074.0,78134.0,77500.0,77690.1,8698.496
2026-04-24 04:00:00,77690.1,77814.7,77413.0,77620.5,3937.802
2026-04-24 05:00:00,77620.5,78019.2,77401.5,77911.0,6692.759
2026-04-24 06:00:00,77911.1,77945.0,77704.0,77741.9,2572.11
2026-04-24 07:00:00,77742.0,77814.0,77500.0,77620.5,4052.743
2026-04-24 08:00:00,77620.5,77987.2,77530.1,77744.6,4542.119
2026-04-24 09:00:00,77744.6,77773.9,77355.8,77497.2,5508.841
2026-04-24 10:00:00,77497.2,77765.5,77410.0,77715.2,3019.545
2026-04-24 11:00:00,77715.2,78346.1,77715.1,78194.8,12224.384
2026-04-24 12:00:00,78194.9,78309.2,77963.6,78233.0,4968.19
2026-04-24 13:00:00,78233.0,78432.9,77870.0,78050.1,8477.317
2026-04-24 14:00:00,78050.0,78060.5,77639.0,77986.4,8895.171
2026-04-24 15:00:00,77986.3,78199.0,77521.0,78007.3,9049.207
2026-04-24 16:00:00,78007.3,78031.9,77543.4,77732.7,6053.347
2026-04-24 17:00:00,77732.6,77792.9,77414.4,77644.6,7098.563
2026-04-24 18:00:00,77644.5,77681.6,77308.0,77579.2,4310.364
2026-04-24 19:00:00,77579.2,77711.0,77485.1,77596.1,2617.26
2026-04-24 20:00:00,77596.0,77727.0,77412.8,77688.2,3057.022
2026-04-24 21:00:00,77688.2,77718.5,77490.0,77490.1,1860.883
2026-04-24 22:00:00,77490.0,77579.9,77206.8,77294.5,3447.77
2026-04-24 23:00:00,77294.6,77439.1,77288.9,77395.4,1987.975
2026-04-25 00:00:00,77395.3,77459.7,77254.7,77419.9,1878.806
2026-04-25 01:00:00,77420.0,77579.3,77392.7,77490.0,1991.297
2026-04-25 02:00:00,77490.0,77608.2,77450.0,77567.6,1315.087
2026-04-25 03:00:00,77567.6,77678.0,77500.0,77629.0,1474.251
2026-04-25 04:00:00,77629.0,77653.2,77545.0,77579.5,949.516
2026-04-25 05:00:00,77579.5,77579.5,77438.1,77475.8,1311.61
2026-04-25 06:00:00,77475.8,77547.0,77437.0,77458.8,1193.859
2026-04-25 07:00:00,77458.9,77533.2,77400.0,77449.9,1791.902
2026-04-25 08:00:00,77449.9,77615.6,77444.0,77603.3,1450.313
2026-04-25 09:00:00,77603.4,77736.8,77536.2,77672.5,1877.998
2026-04-25 10:00:00,77672.6,77847.0,77672.5,77749.3,2789.797
2026-04-25 11:00:00,77749.3,77749.3,77564.0,77638.7,2448.382
2026-04-25 12:00:00,77638.7,77673.0,77500.1,77518.3,1903.699
2026-04-25 13:00:00,77518.3,77676.5,77518.3,77650.1,1504.373
2026-04-25 14:00:00,77650.1,77719.1,77589.8,77618.2,1893.011
2026-04-25 15:00:00,77618.3,77691.1,77263.0,77289.3,4449.411
2026-04-25 16:00:00,77289.3,77411.8,77100.0,77364.0,5349.276
2026-04-25 17:00:00,77364.0,77379.7,77162.0,77213.4,1763.102
2026-04-25 18:00:00,77213.3,77353.6,77174.2,77256.8,1995.754
2026-04-25 19:00:00,77256.8,77312.6,77153.0,77285.6,1493.528
2026-04-25 20:00:00,77285.7,77450.0,77267.3,77439.1,1483.127
2026-04-25 21:00:00,77439.0,77500.0,77367.0,77492.9,1480.822
2026-04-25 22:00:00,77492.9,77599.9,77455.4,77513.2,1373.441
2026-04-25 23:00:00,77513.3,77615.7,77480.9,77585.0,1430.124
2026-04-26 00:00:00,77585.0,77607.7,77401.8,77457.4,2173.275
2026-04-26 01:00:00,77457.4,77531.6,77395.2,77417.4,1409.129
2026-04-26 02:00:00,77417.3,77553.9,77410.0,77480.1,1127.32
2026-04-26 03:00:00,77480.0,77500.0,77280.0,77349.3,1661.189
2026-04-26 04:00:00,77349.3,77777.0,77338.4,77727.0,3838.691
2026-04-26 05:00:00,77727.1,78164.7,77670.9,77949.4,7947.368
2026-04-26 06:00:00,77949.4,78012.2,77851.2,77963.2,1957.273
2026-04-26 07:00:00,77963.3,78085.0,77920.5,78061.5,1433.48
2026-04-26 08:00:00,78061.5,78182.8,77973.5,77989.0,2223.646
2026-04-26 09:00:00,77989.1,78020.0,77880.0,77971.8,1527.171
2026-04-26 10:00:00,77971.8,78017.7,77914.5,77961.4,1201.415
2026-04-26 11:00:00,77961.5,78114.5,77961.4,78050.0,1385.869
2026-04-26 12:00:00,78050.0,78063.5,77715.0,77795.5,3074.328
2026-04-26 13:00:00,77795.4,77953.2,77742.6,77940.1,2320.964
2026-04-26 14:00:00,77940.0,78136.5,77840.5,78053.4,3469.246
2026-04-26 15:00:00,78053.5,78091.3,77912.5,78007.9,2519.454
2026-04-26 16:00:00,78007.9,78055.7,77890.0,77890.0,1674.536
2026-04-26 17:00:00,77890.1,78026.9,77815.0,77976.7,1583.178
2026-04-26 18:00:00,77976.7,78326.2,77945.7,78238.1,5398.017
2026-04-26 19:00:00,78238.1,78477.9,77967.9,78183.1,6594.545
2026-04-26 20:00:00,78183.2,78355.1,78107.0,78150.1,1663.712
2026-04-26 21:00:00,78150.0,78994.8,77777.0,78369.7,9228.611
2026-04-26 22:00:00,78369.6,78821.1,77915.5,78274.7,8267.639
2026-04-26 23:00:00,78274.7,78870.3,77988.1,78613.5,6263.249
2026-04-27 00:00:00,78614.4,79338.0,78319.1,79263.7,10372.842
2026-04-27 01:00:00,79264.1,79455.0,78671.8,79245.3,10667.809
2026-04-27 02:00:00,79245.3,79268.8,78984.7,79082.9,4176.886
2026-04-27 03:00:00,79082.9,79273.4,79032.3,79065.1,3114.466
2026-04-27 04:00:00,79065.1,79128.1,78830.0,78882.6,3575.923
2026-04-27 05:00:00,78882.6,78904.1,77503.6,77730.6,28902.851
2026-04-27 06:00:00,77730.5,77834.0,77408.6,77657.9,9659.834
2026-04-27 07:00:00,77657.9,77698.2,77512.3,77556.7,3917.886
2026-04-27 08:00:00,77556.7,77775.3,77500.0,77763.5,4632.246
2026-04-27 09:00:00,77763.4,77949.9,77657.1,77856.1,5931.398
2026-04-27 10:00:00,77856.1,77903.1,77740.1,77806.7,2606.755
2026-04-27 11:00:00,77806.7,77854.2,77700.0,77804.3,1914.929
2026-04-27 12:00:00,77804.3,77835.7,77575.0,77627.4,4219.551
2026-04-27 13:00:00,77627.3,77930.3,77516.4,77700.0,7031.14
2026-04-27 14:00:00,77700.3,78232.0,77627.2,77776.0,9667.156
2026-04-27 15:00:00,77775.9,77796.3,76524.0,76760.0,24615.058
2026-04-27 16:00:00,76760.0,76829.1,76509.7,76587.9,7100.753
2026-04-27 17:00:00,76587.9,76902.7,76585.4,76702.3,5273.641
2026-04-27 18:00:00,76702.3,76858.5,76623.1,76790.7,2159.377
2026-04-27 19:00:00,76790.6,76863.0,76400.0,76844.4,5721.293
2026-04-27 20:00:00,76844.3,77037.0,76780.9,76915.8,2744.525
2026-04-27 21:00:00,76915.8,76944.5,76740.3,76741.4,1559.525
2026-04-27 22:00:00,76741.4,77037.0,76714.8,77025.8,3020.956
2026-04-27 23:00:00,77025.8,77419.7,76971.5,77331.2,6514.083
2026-04-28 00:00:00,77331.2,77450.0,77171.1,77334.9,4722.234
2026-04-28 01:00:00,77334.9,77356.8,76989.0,77047.2,3331.975
2026-04-28 02:00:00,77047.2,77187.7,76632.4,76845.0,5540.628
2026-04-28 03:00:00,76844.9,76866.5,76633.0,76770.6,2711.856
2026-04-28 04:00:00,76770.6,76921.8,76654.6,76845.2,2736.878
2026-04-28 05:00:00,76845.2,77132.4,76760.9,76848.0,4399.965
2026-04-28 06:00:00,76848.1,76985.1,76525.6,76664.9,4227.65
2026-04-28 07:00:00,76665.0,76888.0,76324.1,76828.4,6137.08
2026-04-28 08:00:00,76828.3,76956.0,76701.0,76820.1,3054.31
2026-04-28 09:00:00,76820.0,76823.6,76443.0,76557.2,2792.382
2026-04-28 10:00:00,76557.3,76657.0,76427.8,76580.1,2723.919
2026-04-28 11:00:00,76580.1,76612.3,76088.0,76198.8,7667.234
2026-04-28 12:00:00,76198.9,76403.7,76129.0,76345.6,5418.068
2026-04-28 13:00:00,76345.6,76388.0,75904.4,76158.2,10356.863
2026-04-28 14:00:00,76158.4,76175.0,75635.6,75920.0,11447.593
2026-04-28 15:00:00,75920.0,76053.0,75789.6,76027.8,5697.881
2026-04-28 16:00:00,76027.7,76224.2,75840.3,76091.7,3808.818
2026-04-28 17:00:00,76091.7,76247.0,75915.2,76154.2,3441.505
2026-04-28 18:00:00,76154.1,76251.0,76100.0,76208.2,2834.587
2026-04-28 19:00:00,76208.1,76352.0,76032.3,76293.6,2431.825
2026-04-28 20:00:00,76293.5,76432.5,76287.1,76420.0,2552.304
2026-04-28 21:00:00,76420.0,76448.0,76217.8,76321.5,2075.404
2026-04-28 22:00:00,76321.5,76409.6,76178.0,76206.2,2016.484
2026-04-28 23:00:00,76206.1,76340.8,76150.0,76298.1,1791.434
2026-04-29 00:00:00,76298.2,76519.8,76227.5,76470.9,2818.37
2026-04-29 01:00:00,76471.0,76633.3,76138.7,76534.9,4055.817
2026-04-29 02:00:00,76535.0,76633.3,76350.8,76488.1,2303.457
2026-04-29 03:00:00,76488.0,77098.8,76466.5,76955.7,8580.322
2026-04-29 04:00:00,76955.7,77432.1,76839.8,77224.2,10431.888
2026-04-29 05:00:00,77224.1,77298.9,77150.0,77254.7,3625.768
2026-04-29 06:00:00,77254.7,77294.4,76888.0,76978.5,6541.227
2026-04-29 07:00:00,76978.5,77140.0,76951.0,77003.8,3425.117
2026-04-29 08:00:00,77003.8,77113.6,76921.2,76998.5,2062.265
2026-04-29 09:00:00,76998.4,77774.0,76918.5,77605.5,10758.462
2026-04-29 10:00:00,77605.4,77873.2,77506.8,77575.3,8863.719
2026-04-29 11:00:00,77575.3,77654.7,77440.0,77552.5,4039.518
2026-04-29 12:00:00,77552.5,77563.6,76945.1,77110.0,9040.986
2026-04-29 13:00:00,77110.0,77225.7,76385.0,76748.7,14778.858
2026-04-29 14:00:00,76748.6,76850.0,76441.5,76540.3,7706.251
2026-04-29 15:00:00,76540.2,76607.5,75675.2,75889.1,15958.521
2026-04-29 16:00:00,75889.1,76115.4,75653.0,75774.7,12042.679
2026-04-29 17:00:00,75774.7,76145.8,75752.5,76139.6,6567.744
2026-04-29 18:00:00,76139.3,76220.0,74868.0,75470.1,29543.33
2026-04-29 19:00:00,75470.1,75564.0,75251.6,75518.5,6232.553
2026-04-29 20:00:00,75518.4,75826.7,75448.0,75636.0,7360.038
2026-04-29 21:00:00,75636.1,76061.2,75562.3,75883.1,3816.321
2026-04-29 22:00:00,75883.1,75966.0,75775.7,75884.5,3301.14
2026-04-29 23:00:00,75884.5,75956.8,75651.3,75749.9,2679.152
2026-04-30 00:00:00,75749.9,76300.0,75612.2,76199.1,6686.166
2026-04-30 01:00:00,76199.1,76445.0,76130.1,76193.9,4748.673
2026-04-30 02:00:00,76193.9,76311.8,75448.9,75663.6,8068.355
2026-04-30 03:00:00,75663.5,75950.0,75608.6,75882.1,2571.359
2026-04-30 04:00:00,75881.6,75931.7,75363.2,75458.3,4706.24
2026-04-30 05:00:00,75458.4,75721.0,75273.5,75569.6,3431.262
2026-04-30 06:00:00,75569.6,75835.6,75540.1,75720.6,2811.479
2026-04-30 07:00:00,75720.6,76148.0,75684.6,76129.9,4812.983
2026-04-30 08:00:00,76129.9,76180.0,75987.6,76025.7,4692.217
2026-04-30 09:00:00,76025.8,76332.6,75973.3,76062.7,3618.199
2026-04-30 10:00:00,76062.7,76136.6,75943.3,76001.6,2477.841
2026-04-30 11:00:00,76001.7,76233.0,75836.0,76032.9,4543.519
2026-04-30 12:00:00,76032.9,76375.1,76009.8,76259.0,5432.389
2026-04-30 13:00:00,76259.0,76630.3,76066.6,76370.3,8634.181
2026-04-30 14:00:00,76370.4,76546.7,76044.7,76256.0,7816.799
2026-04-30 15:00:00,76256.1,76614.9,76116.0,76423.0,5078.328
2026-04-30 16:00:00,76423.0,76446.9,76181.9,76220.1,2781.497
2026-04-30 17:00:00,76220.2,76294.2,76060.4,76209.2,3008.42
2026-04-30 18:00:00,76209.2,76440.0,76166.3,76309.1,2871.7
2026-04-30 19:00:00,76309.2,76470.5,76264.2,76366.7,3099.22
2026-04-30 20:00:00,76366.7,76536.2,76273.3,76451.1,3025.849
2026-04-30 21:00:00,76451.1,76495.4,76186.0,76202.8,1910.851
2026-04-30 22:00:00,76202.8,76409.3,76155.1,76197.9,1508.83
2026-04-30 23:00:00,76198.0,76347.0,76173.3,76305.4,1418.103
2026-05-01 00:00:00,76305.4,76557.3,76265.4,76415.1,2833.122
2026-05-01 01:00:00,76415.1,76738.3,76400.1,76644.1,3011.553
2026-05-01 02:00:00,76644.0,76703.2,76485.2,76552.9,2376.3
2026-05-01 03:00:00,76552.8,77421.2,76510.0,77082.6,13452.056
2026-05-01 04:00:00,77082.6,77177.1,76900.0,76997.4,4141.156
2026-05-01 05:00:00,76997.3,77155.0,76988.0,77135.3,1833.901
2026-05-01 06:00:00,77135.3,77143.5,76833.7,76953.9,2858.941
2026-05-01 07:00:00,76953.8,77110.0,76922.4,77100.0,3484.42
2026-05-01 08:00:00,77099.9,77480.0,77010.5,77340.0,7056.179
2026-05-01 09:00:00,77340.1,77358.5,77160.0,77239.3,3412.386
2026-05-01 10:00:00,77239.3,77408.7,77118.1,77268.9,2931.392
2026-05-01 11:00:00,77268.9,77588.4,77232.4,77429.5,4473.362
2026-05-01 12:00:00,77429.6,78145.3,77368.2,77847.2,18429.963
2026-05-01 13:00:00,77847.2,78879.9,77847.1,78691.3,22865.238
2026-05-01 14:00:00,78691.3,78860.0,78004.1,78312.9,15174.189
2026-05-01 15:00:00,78312.8,78688.0,78130.0,78395.4,10478.48
2026-05-01 16:00:00,78395.4,78642.0,78130.0,78175.4,7267.884
2026-05-01 17:00:00,78175.4,78557.4,78081.5,78509.2,4667.591
2026-05-01 18:00:00,78509.3,78597.9,78336.1,78392.1,3962.063
2026-05-01 19:00:00,78392.1,78514.2,78274.0,78316.9,3138.28
2026-05-01 20:00:00,78317.0,78402.9,77717.7,77838.2,6294.832
2026-05-01 21:00:00,77838.1,78163.8,77815.0,78163.8,3397.6
2026-05-01 22:00:00,78163.8,78368.3,78091.8,78105.9,3177.489
2026-05-01 23:00:00,78105.9,78214.5,77990.9,78192.0,2279.929
2026-05-02 00:00:00,78191.9,78358.7,78123.0,78303.3,2196.897
2026-05-02 01:00:00,78303.3,78413.4,78246.5,78295.8,1674.33
2026-05-02 02:00:00,78295.8,78480.0,78210.3,78319.2,1651.331
2026-05-02 03:00:00,78319.3,78503.9,78183.4,78377.7,2593.32
2026-05-02 04:00:00,78377.7,78416.8,78040.0,78137.4,3846.424
2026-05-02 05:00:00,78137.3,78219.6,77979.3,78140.0,3285.902
2026-05-02 06:00:00,78140.1,78322.0,78099.4,78278.3,1731.257
2026-05-02 07:00:00,78278.3,78304.2,78156.1,78181.6,1391.002
2026-05-02 08:00:00,78181.6,78318.0,78113.0,78272.2,1385.259
2026-05-02 09:00:00,78272.2,78359.2,78168.4,78252.3,1283.755
2026-05-02 10:00:00,78252.4,78273.1,78175.0,78205.4,886.618
2026-05-02 11:00:00,78205.5,78205.5,78055.7,78105.7,1999.778
2026-05-02 12:00:00,78105.7,78232.0,78056.0,78169.7,1727.077
2026-05-02 13:00:00,78169.7,78403.1,78169.6,78332.0,2617.892
2026-05-02 14:00:00,78331.9,78458.2,78271.8,78380.9,2683.317
2026-05-02 15:00:00,78380.8,78450.0,78320.0,78449.8,1206.057
2026-05-02 16:00:00,78449.8,78565.9,78390.0,78419.9,2698.317
2026-05-02 17:00:00,78419.9,78453.9,78328.1,78362.1,1005.401
2026-05-02 18:00:00,78362.1,78459.0,78277.0,78432.1,1216.117
2026-05-02 19:00:00,78432.0,78486.5,78404.8,78443.8,682.391
2026-05-02 20:00:00,78444.1,78449.0,78376.0,78415.2,551.75
2026-05-02 21:00:00,78415.3,79145.0,78401.5,78689.8,8643.996
2026-05-02 22:00:00,78689.7,78838.0,78569.2,78793.2,2889.876
2026-05-02 23:00:00,78793.2,78793.2,78588.3,78652.9,1593.044
2026-05-03 00:00:00,78652.8,78740.5,78437.8,78499.9,3340.415
2026-05-03 01:00:00,78499.9,78500.0,78100.0,78200.0,4310.343
2026-05-03 02:00:00,78200.0,78272.0,78069.0,78131.3,3527.589
2026-05-03 03:00:00,78131.4,78185.0,78075.1,78162.4,2031.354
2026-05-03 04:00:00,78162.3,78202.6,78075.8,78132.3,1381.549
2026-05-03 05:00:00,78132.3,78227.7,78121.1,78208.5,1139.456
2026-05-03 06:00:00,78208.5,78318.7,78027.0,78249.0,2139.475
2026-05-03 07:00:00,78249.0,78415.4,78248.9,78316.6,2420.464
2026-05-03 08:00:00,78316.6,78475.3,78316.5,78343.5,1313.598
2026-05-03 09:00:00,78343.5,78579.0,78295.1,78496.5,2342.27
2026-05-03 10:00:00,78496.6,78499.9,78358.3,78369.4,1126.267
2026-05-03 11:00:00,78369.3,78814.7,78340.0,78620.5,4413.802
2026-05-03 12:00:00,78620.6,78850.0,78620.6,78715.4,3638.846
2026-05-03 13:00:00,78715.3,78739.8,78522.9,78634.3,2282.92
2026-05-03 14:00:00,78634.4,78750.0,78577.0,78700.6,1937.694
2026-05-03 15:00:00,78700.6,78787.7,78584.1,78625.2,1990.431
2026-05-03 16:00:00,78625.2,78749.5,78550.0,78619.1,1400.374
2026-05-03 17:00:00,78619.2,78790.0,78514.2,78693.7,1981.687
2026-05-03 18:00:00,78693.7,78730.6,78588.2,78706.7,984.952
2026-05-03 19:00:00,78706.7,78832.2,78637.8,78729.1,1376.932
2026-05-03 20:00:00,78729.1,79266.0,78690.0,78889.0,7057.354
2026-05-03 21:00:00,78889.0,79026.0,78608.8,78794.5,3120.386
2026-05-03 22:00:00,78794.6,79428.9,78794.6,79141.4,10542.259
2026-05-03 23:00:00,79141.5,79260.3,78440.0,78529.0,6233.204
2026-05-04 00:00:00,78529.0,78538.3,78235.4,78504.9,5606.024
2026-05-04 01:00:00,78505.0,79849.8,78374.9,79755.9,18031.254
2026-05-04 02:00:00,79756.0,80400.0,79493.0,80136.6,26000.914
2026-05-04 03:00:00,80136.6,80426.0,79873.3,80278.7,9846.02
2026-05-04 04:00:00,80278.7,80590.2,80184.8,80300.0,9960.785
2026-05-04 05:00:00,80300.0,80370.0,79905.0,79983.9,8772.023
2026-05-04 06:00:00,79984.0,80005.8,79440.0,79824.7,8760.329
2026-05-04 07:00:00,79824.7,79907.6,79633.0,79663.5,3303.354
2026-05-04 08:00:00,79663.4,79768.6,79555.8,79666.5,3890.024
2026-05-04 09:00:00,79666.6,79900.0,79600.2,79800.1,3658.996
2026-05-04 10:00:00,79800.1,79851.3,78128.3,78894.8,48091.994
2026-05-04 11:00:00,78894.9,79080.0,78658.1,78753.5,9358.674
2026-05-04 12:00:00,78753.5,78993.7,78670.6,78816.1,4486.148
2026-05-04 13:00:00,78816.1,79099.7,78532.9,78747.6,10649.286
2026-05-04 14:00:00,78747.6,80528.9,78450.0,80160.1,28439.342
2026-05-04 15:00:00,80165.2,80332.8,79246.7,79976.7,32330.021
2026-05-04 16:00:00,79976.6,80352.0,79562.0,79982.4,13490.048
2026-05-04 17:00:00,79982.3,80771.7,79978.6,80339.8,13498.969
2026-05-04 18:00:00,80339.8,80395.9,80001.0,80080.9,7363.536
2026-05-04 19:00:00,80080.9,80108.0,79848.5,80018.4,4571.725
2026-05-04 20:00:00,80018.3,80124.7,79846.5,79896.5,2597.615
2026-05-04 21:00:00,79896.5,80349.6,79896.4,80216.9,2456.981
2026-05-04 22:00:00,80216.9,80363.2,80003.6,80031.9,2463.022
2026-05-04 23:00:00,80031.9,80032.0,79715.9,79826.1,3289.498
2026-05-05 00:00:00,79826.1,80150.0,79761.2,80130.9,3195.753
2026-05-05 01:00:00,80130.9,80343.0,80031.5,80310.9,3348.09
2026-05-05 02:00:00,80310.9,80871.4,80255.5,80514.4,8623.726
2026-05-05 03:00:00,80514.4,81050.0,80411.1,80836.9,8859.476
2026-05-05 04:00:00,80836.8,80941.9,80671.4,80850.8,4460.61
2026-05-05 05:00:00,80850.9,81278.2,80783.8,80924.1,13806.146
2026-05-05 06:00:00,80924.2,80973.8,80750.0,80934.6,3804.971
2026-05-05 07:00:00,80934.7,81111.0,80793.7,80815.8,4895.19
2026-05-05 08:00:00,80815.8,80837.9,80674.7,80776.0,5268.223
2026-05-05 09:00:00,80776.0,80776.0,80480.6,80551.0,4744.606
2026-05-05 10:00:00,80551.0,80789.0,80488.0,80786.8,3965.855
2026-05-05 11:00:00,80786.7,81071.0,80735.8,80973.0,7935.593
2026-05-05 12:00:00,80973.1,81258.0,80879.5,81223.3,7294.89
2026-05-05 13:00:00,81223.3,81656.6,81138.0,81278.3,23631.782
2026-05-05 14:00:00,81278.3,81458.8,80890.0,81284.1,10606.334
2026-05-05 15:00:00,81284.0,81640.7,81184.0,81488.7,7558.484
2026-05-05 16:00:00,81488.7,81578.1,81000.0,81250.7,9912.893
2026-05-05 17:00:00,81250.6,81420.0,81133.3,81223.6,3484.672
2026-05-05 18:00:00,81223.6,81577.4,81223.6,81463.6,3167.069
2026-05-05 19:00:00,81463.6,81636.4,81347.5,81554.4,3810.26
2026-05-05 20:00:00,81554.3,81729.3,81458.0,81607.2,8236.403
2026-05-05 21:00:00,81607.2,81745.4,81266.5,81363.3,4414.086
2026-05-05 22:00:00,81363.4,81564.4,80752.8,81076.7,10927.281
2026-05-05 23:00:00,81076.7,81176.9,80716.8,80861.9,4969.135
2026-05-06 00:00:00,80861.9,81228.4,80651.2,80980.5,6787.966
2026-05-06 01:00:00,80980.4,81490.0,80942.7,81390.4,4493.266
2026-05-06 02:00:00,81390.4,81400.0,81000.0,81319.5,2928.988
2026-05-06 03:00:00,81319.5,81716.3,81308.7,81535.9,5125.641
2026-05-06 04:00:00,81535.9,81599.0,81223.6,81285.1,3240.989
2026-05-06 05:00:00,81285.0,81307.3,81005.6,81277.8,3446.87
2026-05-06 06:00:00,81277.9,81474.9,81154.6,81431.7,2787.037
2026-05-06 07:00:00,81431.7,81571.4,81269.5,81333.3,3593.762
2026-05-06 08:00:00,81333.4,81945.0,81280.0,81903.6,11607.808
2026-05-06 09:00:00,81903.7,82019.2,81618.7,81959.3,12700.462
2026-05-06 10:00:00,81959.2,82360.9,81929.9,82242.1,13253.165
2026-05-06 11:00:00,82242.0,82828.7,82211.3,82485.4,15315.668
2026-05-06 12:00:00,82485.3,82508.7,82120.0,82188.0,9116.091
2026-05-06 13:00:00,82187.9,82187.9,81539.4,81621.1,14320.789
2026-05-06 14:00:00,81621.4,81934.6,81073.1,81471.6,16993.761
2026-05-06 15:00:00,81471.6,81780.0,81257.1,81656.4,6583.026
2026-05-06 16:00:00,81656.4,81855.0,81372.6,81575.3,5659.811
2026-05-06 17:00:00,81575.4,81667.3,81335.0,81401.5,3115.004
2026-05-06 18:00:00,81401.6,81520.9,81213.2,81300.0,3202.617
2026-05-06 19:00:00,81300.0,81470.4,81137.8,81416.5,2722.756
2026-05-06 20:00:00,81416.5,81655.0,81251.7,81378.5,3420.381
2026-05-06 21:00:00,81378.6,81579.0,81250.0,81494.6,1471.516
2026-05-06 22:00:00,81494.7,81502.7,81192.3,81295.8,1996.033
2026-05-06 23:00:00,81295.8,81404.0,80929.8,81390.1,4317.101
2026-05-07 00:00:00,81390.0,81450.5,80925.6,80966.9,4684.83
2026-05-07 01:00:00,80967.0,81245.9,80767.1,81121.2,6285.66
2026-05-07 02:00:00,81121.2,81134.1,80836.0,81076.8,4769.925
2026-05-07 03:00:00,81076.7,81076.7,80780.0,80797.3,2629.383
2026-05-07 04:00:00,80797.4,80961.8,80675.8,80939.9,4053.29
2026-05-07 05:00:00,80939.9,81145.7,80930.0,81047.4,2984.082
2026-05-07 06:00:00,81047.4,81400.0,80842.4,81395.3,5453.313
2026-05-07 07:00:00,81395.3,81680.6,81350.0,81480.1,7065.961
2026-05-07 08:00:00,81480.0,81564.6,81161.6,81195.9,4516.181
2026-05-07 09:00:00,81196.0,81196.0,80803.0,80888.9,5990.831
2026-05-07 10:00:00,80888.8,80970.7,80521.8,80800.0,6040.833
2026-05-07 11:00:00,80800.1,81028.7,80738.0,80827.9,3470.722
2026-05-07 12:00:00,80827.9,81158.7,80800.0,81118.5,3425.996
2026-05-07 13:00:00,81118.4,81123.9,80187.9,80457.5,11703.803
2026-05-07 14:00:00,80457.6,80656.2,80000.1,80130.1,12818.532
2026-05-07 15:00:00,80130.2,80242.3,79605.0,79861.6,13029.125
2026-05-07 16:00:00,79861.5,79991.7,79667.4,79763.3,6606.246
2026-05-07 17:00:00,79763.3,80094.7,79461.5,80053.3,7873.508
2026-05-07 18:00:00,80053.3,80235.0,79952.7,80160.1,5178.866
2026-05-07 19:00:00,80160.1,80175.6,79885.9,80103.1,3311.416
2026-05-07 20:00:00,80103.1,80331.6,79809.3,79838.2,3633.55
2026-05-07 21:00:00,79838.3,79888.0,79576.3,79683.7,3777.471
2026-05-07 22:00:00,79683.7,79946.3,79531.1,79872.1,3732.548
2026-05-07 23:00:00,79872.1,80026.4,79820.0,79969.4,1691.58
2026-05-08 00:00:00,79969.5,80106.3,79671.0,79796.1,3436.384
2026-05-08 01:00:00,79796.2,79871.0,79566.0,79699.9,2388.101
2026-05-08 02:00:00,79700.0,79715.2,79288.0,79449.7,6526.98
2026-05-08 03:00:00,79449.7,79634.6,79137.4,79540.0,5128.074
2026-05-08 04:00:00,79539.9,79723.3,79506.4,79619.0,2337.291
2026-05-08 05:00:00,79618.9,79743.8,79557.0,79560.2,1893.804
2026-05-08 06:00:00,79560.2,79616.0,79370.0,79484.1,2652.384
2026-05-08 07:00:00,79484.1,79690.0,79208.0,79635.0,5630.974
2026-05-08 08:00:00,79635.0,79951.5,79626.0,79849.3,4927.268
2026-05-08 09:00:00,79849.2,80044.6,79743.3,79826.3,4308.926
2026-05-08 10:00:00,79826.2,80252.9,79729.5,80162.3,5670.134
2026-05-08 11:00:00,80162.3,80287.0,80080.3,80181.9,4339.445
2026-05-08 12:00:00,80181.8,80478.0,79922.0,79987.6,6909.317
2026-05-08 13:00:00,79987.7,80053.9,79507.6,79612.4,10296.964
2026-05-08 14:00:00,79612.3,80424.4,79612.3,80114.4,10748.764
2026-05-08 15:00:00,80114.3,80173.2,79585.0,80119.1,7570.867
2026-05-08 16:00:00,80119.1,80164.6,79706.0,79768.7,4154.568
2026-05-08 17:00:00,79768.7,80230.0,79692.4,80030.5,5374.958
2026-05-08 18:00:00,80030.4,80266.6,80024.1,80044.4,3460.621
2026-05-08 19:00:00,80044.4,80152.1,79903.8,80147.7,2214.693
2026-05-08 20:00:00,80147.9,80260.9,80044.7,80104.0,1607.586
2026-05-08 21:00:00,80104.0,80225.0,80072.9,80222.1,1014.531
2026-05-08 22:00:00,80222.2,80376.0,80187.4,80234.1,2472.108
2026-05-08 23:00:00,80234.2,80254.5,80063.8,80155.2,1698.171
2026-05-09 00:00:00,80155.2,80200.0,80080.0,80193.3,1134.298
2026-05-09 01:00:00,80193.3,80405.0,80177.4,80280.0,2050.67
2026-05-09 02:00:00,80280.1,80448.2,80280.0,80379.2,1892.314
2026-05-09 03:00:00,80379.2,80542.0,80261.2,80340.6,2345.466
2026-05-09 04:00:00,80340.7,80641.8,80325.7,80345.0,3766.222
2026-05-09 05:00:00,80345.0,80445.0,80303.1,80331.4,1474.842
2026-05-09 06:00:00,80331.4,80393.4,80154.5,80214.9,3218.227
2026-05-09 07:00:00,80215.0,80268.4,80084.3,80181.7,2522.361
2026-05-09 08:00:00,80181.6,80422.3,80171.6,80378.1,2869.702
2026-05-09 09:00:00,80378.0,80383.0,80166.1,80199.9,1828.419
2026-05-09 10:00:00,80199.9,80317.6,80124.8,80232.7,1662.459
2026-05-09 11:00:00,80232.8,80349.9,80220.0,80310.4,997.632
2026-05-09 12:00:00,80310.4,80388.0,80235.3,80367.2,1275.419
2026-05-09 13:00:00,80367.2,80382.0,80274.7,80359.4,978.258
2026-05-09 14:00:00,80359.4,80395.0,80200.2,80292.4,2838.423
2026-05-09 15:00:00,80292.3,80566.0,80190.0,80488.3,4497.106
2026-05-09 16:00:00,80488.3,80796.9,80440.0,80576.1,4825.568
2026-05-09 17:00:00,80576.1,80891.0,80576.1,80766.0,4922.273
2026-05-09 18:00:00,80765.8,81043.2,80744.3,80865.1,4483.974
2026-05-09 19:00:00,80865.1,80928.3,80733.3,80896.9,1733.971
2026-05-09 20:00:00,80897.1,80900.0,80688.0,80764.6,1305.423
2026-05-09 21:00:00,80764.6,80856.9,80700.0,80735.8,849.114
2026-05-09 22:00:00,80735.9,80788.0,80632.2,80731.0,1247.104
2026-05-09 23:00:00,80730.9,80817.0,80569.0,80634.0,1238.089
2026-05-10 00:00:00,80634.0,80739.9,80588.1,80634.9,2017.527
2026-05-10 01:00:00,80635.0,80660.2,80533.7,80654.0,1816.55
2026-05-10 02:00:00,80653.9,80760.8,80576.0,80748.6,1153.086
2026-05-10 03:00:00,80748.9,80859.9,80667.0,80735.1,1252.522
2026-05-10 04:00:00,80735.2,80809.4,80688.5,80717.8,751.361
2026-05-10 05:00:00,80717.7,80778.4,80631.0,80660.8,950.52
2026-05-10 06:00:00,80660.9,80725.0,80619.6,80700.0,1259.232
2026-05-10 07:00:00,80700.0,80766.0,80680.1,80695.9,957.256
2026-05-10 08:00:00,80695.9,80873.6,80671.0,80797.1,1549.874
2026-05-10 09:00:00,80797.1,80880.0,80713.0,80766.9,927.115
2026-05-10 10:00:00,80766.8,80857.9,80641.5,80836.5,2767.29
2026-05-10 11:00:00,80836.5,80939.5,80711.8,80782.1,1929.416
2026-05-10 12:00:00,80782.1,80918.0,80743.2,80891.1,1263.623
2026-05-10 13:00:00,80891.0,80970.0,80825.0,80932.2,1459.079
2026-05-10 14:00:00,80932.3,80980.0,80771.0,80944.2,2282.117
2026-05-10 15:00:00,80944.3,81423.2,80893.0,81381.4,10734.822
2026-05-10 16:00:00,81381.5,81475.0,81151.0,81338.7,6334.735
2026-05-10 17:00:00,81338.8,81587.9,81179.8,81441.5,4353.713
2026-05-10 18:00:00,81441.4,81472.7,81194.8,81235.1,2318.995
2026-05-10 19:00:00,81235.2,81467.2,81105.6,81398.0,2373.468
2026-05-10 20:00:00,81398.0,81432.2,80225.1,80691.2,12943.246
2026-05-10 21:00:00,80691.1,80911.0,80528.9,80674.0,5670.107
2026-05-10 22:00:00,80674.0,82138.9,80614.0,82013.3,17281.489
2026-05-10 23:00:00,82013.2,82460.5,82009.4,82177.7,10603.66
2026-05-11 00:00:00,82177.7,82350.0,81230.0,81430.3,12936.41
2026-05-11 01:00:00,81430.5,81724.5,81242.9,81463.2,4976.807
2026-05-11 02:00:00,81463.2,81527.2,81067.2,81136.6,4701.696
2026-05-11 03:00:00,81136.6,81152.3,80470.1,80693.4,11522.22
2026-05-11 04:00:00,80693.4,80848.0,80597.8,80782.3,3122.216
2026-05-11 05:00:00,80782.2,80948.4,80708.1,80799.9,2892.382
2026-05-11 06:00:00,80799.9,81033.3,80713.8,80790.7,2579.719
2026-05-11 07:00:00,80790.8,80803.4,80614.9,80708.9,2667.858
2026-05-11 08:00:00,80708.8,80829.9,80580.0,80723.7,2639.153
2026-05-11 09:00:00,80723.6,80965.4,80716.6,80923.3,1865.061
2026-05-11 10:00:00,80923.3,81162.4,80889.9,80900.8,3424.195
2026-05-11 11:00:00,80900.8,81172.6,80860.0,81167.1,2745.014
2026-05-11 12:00:00,81167.1,81320.0,80983.5,81013.5,5130.927
2026-05-11 13:00:00,81013.5,81299.7,80716.0,81032.9,7340.647
2026-05-11 14:00:00,81032.8,81221.0,80394.0,80917.5,10192.16
2026-05-11 15:00:00,80917.4,81434.8,80796.4,81403.4,6794.771
2026-05-11 16:00:00,81403.4,81880.0,81297.5,81526.8,10551.693
2026-05-11 17:00:00,81526.9,82033.8,81322.3,81894.0,6762.573
2026-05-11 18:00:00,81894.1,82098.9,81784.3,81819.2,5085.299
2026-05-11 19:00:00,81819.3,82055.0,81691.7,81917.1,5030.178
2026-05-11 20:00:00,81917.8,82051.1,81707.6,81778.5,2841.064
2026-05-11 21:00:00,81778.5,81885.5,81555.0,81784.6,2099.166
2026-05-11 22:00:00,81784.6,81937.3,81689.0,81788.4,2227.72
2026-05-11 23:00:00,81788.4,81788.4,81521.5,81699.1,1861.492
2026-05-12 00:00:00,81699.1,81757.3,81429.9,81508.7,3316.101
2026-05-12 01:00:00,81508.7,81581.5,80661.2,81148.4,11795.954
2026-05-12 02:00:00,81148.4,81298.9,81030.1,81223.5,3004.215
2026-05-12 03:00:00,81223.5,81255.2,80988.9,81028.3,2840.74
2026-05-12 04:00:00,81028.3,81270.2,80964.4,81194.9,3436.103
2026-05-12 05:00:00,81194.9,81270.2,81140.4,81186.8,1928.061
2026-05-12 06:00:00,81186.8,81269.5,80979.8,80989.9,2977.394
2026-05-12 07:00:00,80989.9,81101.9,80756.0,80809.2,6380.894
2026-05-12 08:00:00,80809.2,80930.7,80719.3,80797.5,3827.0
2026-05-12 09:00:00,80797.5,80925.0,80670.0,80799.1,4292.249
2026-05-12 10:00:00,80799.1,80806.5,80560.0,80634.0,3443.489
2026-05-12 11:00:00,80634.0,80754.6,80444.0,80742.7,4833.637
2026-05-12 12:00:00,80742.7,80968.6,80577.8,80846.3,7670.628
2026-05-12 13:00:00,80846.4,80897.3,80360.9,80433.6,8491.521
2026-05-12 14:00:00,80433.6,80859.9,80360.0,80511.0,9825.647
2026-05-12 15:00:00,80511.0,80639.8,80143.0,80301.6,10196.046
2026-05-12 16:00:00,80301.6,80400.0,79801.0,79967.1,11633.264
2026-05-12 17:00:00,79967.1,80588.3,79907.6,80492.9,7443.427
2026-05-12 18:00:00,80493.0,80733.3,80385.9,80641.2,3966.691
2026-05-12 19:00:00,80641.3,80836.5,80639.0,80799.5,2563.775
2026-05-12 20:00:00,80799.6,80848.6,80601.0,80656.8,1861.8
2026-05-12 21:00:00,80656.9,80700.0,80454.3,80550.0,1798.247
2026-05-12 22:00:00,80549.9,80763.0,80549.9,80613.4,1516.763
2026-05-12 23:00:00,80613.5,80679.3,80393.9,80461.0,2270.31
2026-05-13 00:00:00,80461.0,80735.1,80364.5,80673.4,2549.773
2026-05-13 01:00:00,80673.4,81168.4,80635.1,80960.1,5772.717
2026-05-13 02:00:00,80960.1,81239.1,80882.7,81018.1,3027.334
2026-05-13 03:00:00,81018.1,81268.0,80941.9,81217.1,2831.866
2026-05-13 04:00:00,81217.0,81253.5,81078.0,81199.9,2398.252
2026-05-13 05:00:00,81200.0,81203.4,80958.1,80985.5,2698.326
2026-05-13 06:00:00,80985.6,81126.0,80929.0,80945.6,2231.558
2026-05-13 07:00:00,80945.6,81015.7,80847.0,80981.9,2309.579
2026-05-13 08:00:00,80981.9,81166.7,80903.8,81161.0,2553.111
2026-05-13 09:00:00,81160.9,81270.2,81094.0,81255.5,4233.662
2026-05-13 10:00:00,81255.4,81266.6,80763.8,80766.2,4637.605
2026-05-13 11:00:00,80766.2,80809.7,80444.0,80460.1,6288.426
2026-05-13 12:00:00,80460.0,80558.0,79801.1,80160.1,15655.334
2026-05-13 13:00:00,80160.0,80316.6,79540.0,79617.9,13369.333
2026-05-13 14:00:00,79617.8,79868.0,79431.7,79727.3,9456.011
2026-05-13 15:00:00,79727.3,79832.4,78753.1,78794.7,19297.477
2026-05-13 16:00:00,78794.7,79199.1,78713.8,79069.5,13331.653
2026-05-13 17:00:00,79069.5,79541.2,79043.2,79470.1,6341.514
2026-05-13 18:00:00,79470.1,79776.2,79470.1,79554.9,5474.637
2026-05-13 19:00:00,79554.9,79610.1,79353.9,79604.8,3983.766
2026-05-13 20:00:00,79604.8,79729.1,79575.9,79671.4,2261.986
2026-05-13 21:00:00,79671.4,79675.0,79279.6,79363.2,3106.53
2026-05-13 22:00:00,79363.1,79442.1,79188.0,79395.1,3208.323
2026-05-13 23:00:00,79395.1,79464.2,79191.0,79288.3,2681.872
2026-05-14 00:00:00,79288.2,79656.7,79272.9,79540.0,3463.788
2026-05-14 01:00:00,79540.1,79659.9,79370.1,79565.9,2787.076
2026-05-14 02:00:00,79565.8,79648.0,79171.1,79329.0,4764.253
2026-05-14 03:00:00,79328.9,79427.8,78869.4,79005.3,7656.568
2026-05-14 04:00:00,79005.4,79440.0,78934.8,79403.7,3677.318
2026-05-14 05:00:00,79403.6,79962.5,79333.3,79771.5,7732.266
2026-05-14 06:00:00,79771.6,79909.9,79723.5,79769.7,3623.461
2026-05-14 07:00:00,79769.7,79900.0,79659.8,79699.9,3718.552
2026-05-14 08:00:00,79700.0,79900.0,79592.2,79776.8,3773.214
2026-05-14 09:00:00,79776.8,79872.0,79530.0,79594.9,2754.342
2026-05-14 10:00:00,79594.8,79727.9,79369.0,79530.0,3250.538
2026-05-14 11:00:00,79529.9,79571.7,79188.0,79216.6,3799.256
2026-05-14 12:00:00,79216.7,79729.2,79196.4,79719.4,5129.31
2026-05-14 13:00:00,79719.4,80042.0,79624.0,79660.9,12588.827
2026-05-14 14:00:00,79660.9,81000.0,79514.5,80929.5,23977.504
2026-05-14 15:00:00,80929.6,81270.2,80743.5,81245.5,18477.567
2026-05-14 16:00:00,81245.6,81877.9,81020.5,81839.3,22939.351
2026-05-14 17:00:00,81839.2,81999.0,81211.6,81620.0,18599.469
2026-05-14 18:00:00,81620.0,81912.0,81386.0,81529.9,7752.742
2026-05-14 19:00:00,81530.0,81677.9,81257.3,81373.7,5264.72
2026-05-14 20:00:00,81373.8,81540.0,81114.8,81371.9,3424.525
2026-05-14 21:00:00,81372.0,81490.1,81222.0,81352.0,1750.907
2026-05-14 22:00:00,81352.0,81530.0,81286.5,81418.9,1770.961
2026-05-14 23:00:00,81418.8,81418.9,81007.9,81048.9,3207.11
2026-05-15 00:00:00,81048.8,81623.8,81018.8,81468.7,5036.89
2026-05-15 01:00:00,81468.7,81570.1,81066.0,81092.1,3464.623
2026-05-15 02:00:00,81092.1,81328.9,80706.9,81262.0,8962.24
2026-05-15 03:00:00,81262.0,81305.7,80886.7,81022.7,4189.866
2026-05-15 04:00:00,81022.7,81073.2,80650.4,80682.2,3302.164
2026-05-15 05:00:00,80682.1,80846.0,80266.8,80320.1,11578.932
2026-05-15 06:00:00,80320.0,80597.0,80266.9,80541.8,5427.57
2026-05-15 07:00:00,80541.9,80971.3,80519.1,80782.8,6574.767
2026-05-15 08:00:00,80782.9,80793.0,80368.9,80606.3,4188.012
2026-05-15 09:00:00,80606.2,80638.0,80323.0,80449.8,3441.505
2026-05-15 10:00:00,80449.9,80730.0,80364.6,80670.1,4295.626
2026-05-15 11:00:00,80670.2,80716.9,80545.0,80582.1,2072.82
2026-05-15 12:00:00,80582.0,80596.7,80280.0,80349.9,6901.952
2026-05-15 13:00:00,80349.8,80349.8,78638.8,78727.8,37417.044
2026-05-15 14:00:00,78727.8,79325.3,78610.0,79120.6,18928.541
2026-05-15 15:00:00,79120.6,79337.9,78980.3,79118.0,6193.98
2026-05-15 16:00:00,79118.1,79363.7,79098.7,79264.7,3964.471
2026-05-15 17:00:00,79264.7,79475.8,79188.8,79432.1,3785.646
2026-05-15 18:00:00,79432.2,79532.1,79135.4,79241.2,3660.491
2026-05-15 19:00:00,79241.1,79257.9,79012.5,79104.2,3297.179
2026-05-15 20:00:00,79104.3,79185.0,78955.0,79081.1,2297.386
2026-05-15 21:00:00,79081.0,79168.0,78861.6,78931.3,2254.988
2026-05-15 22:00:00,78931.4,79113.7,78931.3,79070.1,1362.084
2026-05-15 23:00:00,79070.0,79135.3,79035.1,79074.0,1224.728
2026-05-16 00:00:00,79074.0,79199.7,79031.7,79075.6,1866.35
2026-05-16 01:00:00,79075.6,79155.9,78970.4,79128.5,1948.608
2026-05-16 02:00:00,79128.4,79178.0,79040.7,79113.9,1461.703
2026-05-16 03:00:00,79113.9,79153.7,79017.6,79041.7,1343.056
2026-05-16 04:00:00,79041.7,79096.8,78811.0,78999.9,3080.363
2026-05-16 05:00:00,78999.9,79001.0,78889.7,78989.9,1488.42
2026-05-16 06:00:00,78989.9,79012.9,78393.9,78610.2,9244.159
2026-05-16 07:00:00,78610.2,78610.3,78000.4,78334.3,13808.169
2026-05-16 08:00:00,78334.3,78527.8,78291.0,78389.5,3590.485
2026-05-16 09:00:00,78389.5,78410.1,77850.0,78052.1,10664.7
2026-05-16 10:00:00,78052.1,78071.9,77601.8,77937.6,10160.386
2026-05-16 11:00:00,77937.5,78163.3,77937.5,78042.5,3897.654
2026-05-16 12:00:00,78042.5,78100.0,77889.0,77980.0,2627.039
2026-05-16 13:00:00,77980.0,77987.9,77800.0,77987.9,2790.145
2026-05-16 14:00:00,77987.9,78327.0,77850.5,78090.3,4921.309
2026-05-16 15:00:00,78090.3,78254.0,78034.0,78194.1,2455.911
2026-05-16 16:00:00,78194.0,78337.4,78069.1,78167.7,2931.052
2026-05-16 17:00:00,78167.7,78285.1,78159.1,78159.2,1043.525
2026-05-16 18:00:00,78159.1,78306.6,78113.1,78200.0,1625.933
2026-05-16 19:00:00,78200.0,78270.9,78166.8,78223.8,984.661
2026-05-16 20:00:00,78223.8,78287.8,78160.0,78214.7,767.876
2026-05-16 21:00:00,78214.7,78274.6,78167.5,78229.2,1283.883
2026-05-16 22:00:00,78229.2,78248.7,78133.3,78143.5,923.596
2026-05-16 23:00:00,78143.5,78240.0,78085.2,78104.2,1241.468
2026-05-17 00:00:00,78104.3,78213.9,77760.0,77915.4,3840.451
2026-05-17 01:00:00,77915.3,78085.4,77675.4,77688.1,5411.676
2026-05-17 02:00:00,77688.0,77913.6,77688.0,77856.3,2548.06
2026-05-17 03:00:00,77856.3,78050.0,77845.6,77990.2,1809.776
2026-05-17 04:00:00,77990.2,78179.1,77957.2,78117.4,1965.339
2026-05-17 05:00:00,78117.4,78300.0,78064.8,78087.7,2299.316
2026-05-17 06:00:00,78087.6,78172.7,77970.0,78071.6,1561.292
2026-05-17 07:00:00,78071.6,78175.3,78015.0,78137.2,1336.456
2026-05-17 08:00:00,78137.3,78157.9,77992.1,78050.7,1306.842
2026-05-17 09:00:00,78050.7,78266.6,78041.8,78214.3,1740.301
2026-05-17 10:00:00,78214.3,78564.3,78208.2,78423.0,5786.248
2026-05-17 11:00:00,78423.0,78436.0,78245.7,78371.5,2147.004
2026-05-17 12:00:00,78371.4,78515.7,78280.1,78326.9,2107.738
2026-05-17 13:00:00,78326.9,78331.2,78128.5,78165.0,2499.13
2026-05-17 14:00:00,78165.0,78177.8,77800.0,78009.6,5105.45
2026-05-17 15:00:00,78009.7,78087.0,77875.0,78006.9,2191.933
2026-05-17 16:00:00,78006.9,78165.3,77979.8,77995.0,1737.293
2026-05-17 17:00:00,77995.1,78054.3,77811.5,78044.8,2930.67
2026-05-17 18:00:00,78044.8,78235.2,77960.7,78226.2,1824.56
2026-05-17 19:00:00,78226.2,78432.0,78172.2,78369.0,2074.009
2026-05-17 20:00:00,78368.9,78393.9,78208.9,78230.0,1173.721
2026-05-17 21:00:00,78230.1,78453.0,78190.6,78365.4,2194.705
2026-05-17 22:00:00,78365.4,78372.8,77777.0,77961.6,5643.159
2026-05-17 23:00:00,77961.7,77970.0,76666.0,77430.4,24982.54
2026-05-18 00:00:00,77430.4,77452.7,76875.0,77175.7,10777.547
2026-05-18 01:00:00,77175.7,77274.8,76700.0,77084.5,10313.877
2026-05-18 02:00:00,77084.5,77190.0,76668.8,76809.4,5970.755
2026-05-18 03:00:00,76809.4,76999.2,76777.0,76900.0,3091.878
2026-05-18 04:00:00,76900.1,77045.9,76740.0,77000.2,3443.145
2026-05-18 05:00:00,77000.2,77059.6,76850.0,76886.5,3158.444
2026-05-18 06:00:00,76886.5,76942.0,76534.5,76881.3,7189.696
2026-05-18 07:00:00,76881.4,77054.6,76728.7,77039.4,4449.391
2026-05-18 08:00:00,77039.5,77193.5,76850.0,77001.0,3716.68
2026-05-18 09:00:00,77001.0,77025.1,76840.1,76901.4,1667.379
2026-05-18 10:00:00,76901.4,76923.4,76670.1,76733.2,4468.687
2026-05-18 11:00:00,76733.3,77375.0,76627.0,77255.0,7756.521
2026-05-18 12:00:00,77255.1,77757.5,77241.5,77599.9,12046.144
2026-05-18 13:00:00,77599.9,77601.9,76650.0,76914.0,14647.288
2026-05-18 14:00:00,76913.9,76927.5,76200.0,76369.8,19478.281
2026-05-18 15:00:00,76369.7,76463.6,76014.2,76393.5,15564.299
2026-05-18 16:00:00,76393.6,76657.1,76174.1,76377.3,11404.463
2026-05-18 17:00:00,76377.3,76725.7,76332.1,76671.1,4384.489
2026-05-18 18:00:00,76671.0,76674.4,76107.7,76221.6,6729.802
2026-05-18 19:00:00,76221.6,76963.7,76200.0,76898.5,11367.93
2026-05-18 20:00:00,76898.5,77160.3,76829.3,76868.1,6224.955
2026-05-18 21:00:00,76868.1,77149.7,76753.6,77063.1,3535.747
2026-05-18 22:00:00,77063.1,77187.3,76894.6,77045.1,4653.374
2026-05-18 23:00:00,77045.0,77133.4,76900.1,76963.2,2322.727
2026-05-19 00:00:00,76963.2,77384.6,76913.8,77102.6,4592.602
2026-05-19 01:00:00,77102.6,77122.7,76634.0,76635.4,5818.494
2026-05-19 02:00:00,76635.4,76973.7,76451.3,76586.2,4745.72
2026-05-19 03:00:00,76586.2,76837.0,76550.0,76749.9,2677.159
2026-05-19 04:00:00,76750.0,76916.5,76658.0,76889.4,2587.324
2026-05-19 05:00:00,76889.4,76978.0,76595.7,76872.8,2806.705
2026-05-19 06:00:00,76872.8,77070.4,76846.9,76985.2,2999.916
2026-05-19 07:00:00,76985.1,77247.7,76929.5,77200.4,4023.829
2026-05-19 08:00:00,77200.4,77291.3,76932.0,77015.8,3821.06
2026-05-19 09:00:00,77015.9,77047.4,76671.1,76787.4,4536.807
2026-05-19 10:00:00,76787.3,77070.0,76666.0,77005.8,3518.738
2026-05-19 11:00:00,77005.8,77039.1,76576.8,76677.1,3674.566
2026-05-19 12:00:00,76677.0,76947.5,76609.5,76901.3,2310.159
2026-05-19 13:00:00,76901.2,77033.9,76556.0,76846.1,7623.165
2026-05-19 14:00:00,76846.1,76981.4,76107.1,76365.7,14484.518
2026-05-19 15:00:00,76365.6,76650.0,76302.7,76487.9,7036.931
2026-05-19 16:00:00,76488.0,76888.0,76377.0,76858.3,6217.088
2026-05-19 17:00:00,76858.4,76992.6,76720.5,76821.2,4679.182
2026-05-19 18:00:00,76821.1,76916.1,76704.8,76764.2,2165.322
2026-05-19 19:00:00,76764.2,77042.3,76720.9,76780.0,2209.798
2026-05-19 20:00:00,76780.0,77000.0,76780.0,76976.3,1046.262
2026-05-19 21:00:00,76976.4,77003.1,76929.6,76942.4,1005.069
2026-05-19 22:00:00,76942.4,76942.5,76610.4,76676.1,2919.944
2026-05-19 23:00:00,76676.0,76948.1,76633.0,76799.9,1546.281
2026-05-20 00:00:00,76800.0,76863.4,76485.0,76760.9,3965.277
2026-05-20 01:00:00,76761.0,76900.0,76501.8,76787.5,5182.516
2026-05-20 02:00:00,76787.5,76880.0,76563.1,76654.5,3578.599
2026-05-20 03:00:00,76654.5,76795.0,76573.9,76689.6,1991.117
2026-05-20 04:00:00,76689.6,76814.6,76650.0,76748.1,1955.352
2026-05-20 05:00:00,76748.1,77300.0,76748.0,77170.4,8685.078
2026-05-20 06:00:00,77170.3,77387.9,77153.4,77379.8,3653.484
2026-05-20 07:00:00,77379.9,77444.0,77208.3,77249.9,4258.277
2026-05-20 08:00:00,77250.0,77612.0,77170.3,77430.0,6800.627
2026-05-20 09:00:00,77430.1,77516.0,77333.9,77449.9,4113.947
2026-05-20 10:00:00,77450.0,77639.3,77450.0,77475.8,2665.45
2026-05-20 11:00:00,77475.8,77530.0,77286.1,77351.2,2758.672
2026-05-20 12:00:00,77351.2,77733.0,77329.7,77590.2,3699.957
2026-05-20 13:00:00,77590.2,77617.2,76925.6,77175.3,10364.743
2026-05-20 14:00:00,77175.2,77545.0,76855.0,77410.0,9811.109
2026-05-20 15:00:00,77410.0,77825.8,77266.6,77423.0,9366.432
2026-05-20 16:00:00,77423.0,77527.2,76975.0,77301.0,5465.178
2026-05-20 17:00:00,77300.9,77685.4,77191.6,77537.1,4298.01
2026-05-20 18:00:00,77537.1,77600.0,77350.2,77375.5,2425.662
2026-05-20 19:00:00,77375.5,77677.2,77304.3,77630.6,3152.964
2026-05-20 20:00:00,77630.5,77735.2,77433.4,77679.6,3278.975
2026-05-20 21:00:00,77678.9,77735.6,77464.5,77464.5,1496.545
2026-05-20 22:00:00,77464.5,77472.7,77183.7,77468.2,3045.356
2026-05-20 23:00:00,77468.1,77520.0,77339.9,77510.3,1594.079
2026-05-21 00:00:00,77510.3,78051.0,77472.5,77929.1,6591.019
2026-05-21 01:00:00,77929.1,78150.0,77759.8,77818.1,5435.164
2026-05-21 02:00:00,77818.1,78071.2,77778.5,77915.5,3066.939
2026-05-21 03:00:00,77915.5,78066.0,77867.4,78039.1,1946.099
2026-05-21 04:00:00,78039.2,78143.2,77922.9,77993.5,2561.402
2026-05-21 05:00:00,77993.5,78106.8,77651.7,77795.0,3182.763
2026-05-21 06:00:00,77795.1,77845.4,77501.3,77591.7,3558.168
2026-05-21 07:00:00,77591.6,77870.0,77485.1,77846.2,3716.381
2026-05-21 08:00:00,77846.1,78180.0,77846.1,77888.1,5550.024
2026-05-21 09:00:00,77888.0,77950.0,77590.0,77596.8,3170.098
2026-05-21 10:00:00,77596.8,77651.7,77140.7,77172.6,10146.961
2026-05-21 11:00:00,77172.6,77342.8,77111.0,77157.4,4288.535
2026-05-21 12:00:00,77157.3,77328.9,77024.4,77244.0,4246.594
2026-05-21 13:00:00,77244.1,77322.0,76696.7,77090.1,10674.629
2026-05-21 14:00:00,77090.0,77220.0,76744.1,76944.0,5882.902
2026-05-21 15:00:00,76944.0,77379.1,76861.7,77224.3,4754.63
2026-05-21 16:00:00,77224.3,77318.3,76970.0,77166.7,3670.982
2026-05-21 17:00:00,77166.8,78063.8,77140.0,77831.1,16086.78
2026-05-21 18:00:00,77831.0,77890.0,77209.3,77354.5,8725.868
2026-05-21 19:00:00,77354.4,77768.0,77333.0,77657.1,3675.524
2026-05-21 20:00:00,77657.1,77772.2,77602.7,77671.4,1433.181
2026-05-21 21:00:00,77671.5,77777.2,77604.3,77636.2,1339.524
2026-05-21 22:00:00,77636.2,77721.8,77513.2,77589.6,1895.354
2026-05-21 23:00:00,77589.6,77714.2,77490.8,77586.2,1495.64
2026-05-22 00:00:00,77586.3,77602.5,77333.3,77344.7,2082.007
2026-05-22 01:00:00,77344.8,77634.8,77288.0,77580.0,2163.772
2026-05-22 02:00:00,77579.9,77697.9,77557.0,77638.2,1697.063
2026-05-22 03:00:00,77638.2,77775.9,77638.1,77740.0,1766.581
2026-05-22 04:00:00,77739.9,77862.7,77600.0,77619.9,2451.568
2026-05-22 05:00:00,77620.0,77691.8,77418.3,77450.0,2444.911
2026-05-22 06:00:00,77450.0,77494.0,77324.2,77386.0,3827.195
2026-05-22 07:00:00,77386.0,77514.5,77237.1,77366.9,3924.108
2026-05-22 08:00:00,77366.8,77505.7,77170.0,77237.6,2961.84
2026-05-22 09:00:00,77237.6,77329.4,77160.8,77269.8,2244.446
2026-05-22 10:00:00,77269.9,77335.8,77222.4,77282.0,1442.07
2026-05-22 11:00:00,77282.0,77397.4,77138.3,77394.8,1905.227
2026-05-22 12:00:00,77394.8,77548.5,77353.6,77491.3,3130.076
2026-05-22 13:00:00,77491.4,77517.2,77085.5,77255.6,5449.535
2026-05-22 14:00:00,77255.5,77255.5,76701.3,76734.6,14182.806
2026-05-22 15:00:00,76734.7,76994.9,76528.0,76756.5,10355.079
2026-05-22 16:00:00,76756.5,76967.7,76730.0,76913.8,2972.973
2026-05-22 17:00:00,76913.8,77070.1,76714.2,76714.5,4149.934
2026-05-22 18:00:00,76714.5,76870.0,76049.9,76498.6,11242.276
2026-05-22 19:00:00,76498.6,76554.1,75620.0,75827.1,17912.083
2026-05-22 20:00:00,75827.1,76047.4,75778.6,75939.4,5416.15
2026-05-22 21:00:00,75939.5,76054.1,75888.0,75940.0,1867.463
2026-05-22 22:00:00,75940.1,75949.8,75500.0,75704.0,5125.544
2026-05-22 23:00:00,75704.1,75850.0,75322.0,75513.1,5491.506
2026-05-23 00:00:00,75513.1,75615.7,75184.9,75329.2,8179.709
2026-05-23 01:00:00,75329.3,75482.8,75316.6,75460.9,2849.403
2026-05-23 02:00:00,75461.0,75558.2,75381.7,75542.9,2608.116
2026-05-23 03:00:00,75543.0,75633.7,75530.0,75599.1,1799.29
2026-05-23 04:00:00,75599.0,75620.0,75475.3,75506.0,1814.964
2026-05-23 05:00:00,75505.9,75527.9,75435.0,75448.0,1899.022
2026-05-23 06:00:00,75448.0,75463.4,75350.0,75368.0,2208.532
2026-05-23 07:00:00,75368.0,75407.8,74203.6,74573.1,25592.607
2026-05-23 08:00:00,74573.2,74718.7,74307.0,74655.0,12107.617
2026-05-23 09:00:00,74655.0,74740.4,74591.4,74630.2,3579.382
2026-05-23 10:00:00,74630.3,74759.5,74630.3,74687.7,2548.908
2026-05-23 11:00:00,74687.7,74839.1,74680.6,74763.3,2185.752
2026-05-23 12:00:00,74763.3,74766.9,74620.9,74726.0,2226.204
2026-05-23 13:00:00,74726.0,75226.1,74721.0,75180.7,10266.113
2026-05-23 14:00:00,75180.8,75670.8,75065.9,75500.4,10950.928
2026-05-23 15:00:00,75500.5,75641.4,75363.3,75486.9,5790.604
2026-05-23 16:00:00,75487.0,75606.6,75372.1,75406.4,3515.661
2026-05-23 17:00:00,75406.6,75494.0,75333.3,75457.1,2207.582
2026-05-23 18:00:00,75457.1,75985.3,75429.5,75812.4,6282.486
2026-05-23 19:00:00,75812.4,76000.2,75737.7,75949.5,3412.532
2026-05-23 20:00:00,75949.5,77284.2,75913.9,77246.9,20428.29
2026-05-23 21:00:00,77246.9,77427.0,76505.7,76778.0,11701.129
2026-05-23 22:00:00,76778.0,76864.1,76362.9,76553.0,5535.193
2026-05-23 23:00:00,76553.0,76799.0,76501.1,76715.2,4137.729
2026-05-24 00:00:00,76715.3,76920.4,76596.9,76812.5,3293.468
2026-05-24 01:00:00,76812.6,76899.7,76720.8,76855.9,2375.273
2026-05-24 02:00:00,76855.9,76936.0,76665.5,76790.0,2239.859
2026-05-24 03:00:00,76790.1,76983.1,76672.3,76702.8,2969.001
2026-05-24 04:00:00,76702.8,76823.9,76685.1,76748.0,1681.603
2026-05-24 05:00:00,76747.9,76831.2,76611.0,76780.4,2226.391
2026-05-24 06:00:00,76780.3,77040.0,76684.4,76956.1,2788.319
2026-05-24 07:00:00,76956.0,76985.7,76749.9,76771.3,2471.327
2026-05-24 08:00:00,76771.4,76824.0,76691.4,76800.7,2179.17
2026-05-24 09:00:00,76800.7,77025.6,76784.3,76991.8,2496.026
2026-05-24 10:00:00,76991.8,77600.0,76888.0,77163.4,9533.591
2026-05-24 11:00:00,77163.3,77327.7,77150.0,77289.5,3013.851
2026-05-24 12:00:00,77289.5,77294.4,77005.4,77077.9,3308.068
2026-05-24 13:00:00,77077.9,77094.9,76650.0,76765.0,5478.682
2026-05-24 14:00:00,76764.9,76811.0,76159.7,76428.2,12558.112
2026-05-24 15:00:00,76428.1,76514.1,76317.8,76343.7,2743.36
2026-05-24 16:00:00,76343.8,76722.2,76343.7,76645.1,4555.406
2026-05-24 17:00:00,76645.1,76777.0,76531.8,76661.6,1846.578
2026-05-24 18:00:00,76661.6,76763.0,76554.1,76632.4,1585.016
2026-05-24 19:00:00,76632.5,76753.3,76574.8,76738.5,1120.609
2026-05-24 20:00:00,76738.5,76768.4,76567.2,76639.1,1796.01
2026-05-24 21:00:00,76639.1,76718.2,76056.0,76106.0,6222.431
2026-05-24 22:00:00,76105.9,76983.8,76086.3,76771.2,8877.384
2026-05-24 23:00:00,76771.2,77193.4,76771.1,77030.3,3774.742
2026-05-25 00:00:00,77030.3,77253.9,77030.3,77120.0,3113.027
2026-05-25 01:00:00,77119.9,77213.2,76871.4,76905.6,3940.46
2026-05-25 02:00:00,76905.5,77450.6,76905.5,77064.1,5679.911
2026-05-25 03:00:00,77064.2,77127.7,76951.7,76989.0,1915.903
2026-05-25 04:00:00,76989.0,77418.1,76950.0,77357.0,3207.912
2026-05-25 05:00:00,77357.1,77469.3,77285.7,77370.0,3238.872
2026-05-25 06:00:00,77369.9,77677.6,77182.4,77386.1,5357.844
2026-05-25 07:00:00,77386.1,77486.3,77135.8,77377.0,2779.619
2026-05-25 08:00:00,77376.9,77433.0,77241.7,77422.3,2571.397
2026-05-25 09:00:00,77422.3,77699.0,77383.0,77565.0,5700.73
2026-05-25 10:00:00,77565.1,77650.0,77448.4,77500.0,2914.677
2026-05-25 11:00:00,77500.0,77500.1,77281.1,77318.2,2454.081
2026-05-25 12:00:00,77318.2,77405.8,77244.8,77325.7,2554.033
2026-05-25 13:00:00,77325.7,77419.2,77244.8,77302.1,2190.977
2026-05-25 14:00:00,77302.0,77743.4,77273.2,77676.4,5263.778
2026-05-25 15:00:00,77676.4,77887.9,77515.5,77587.2,5225.847
2026-05-25 16:00:00,77587.2,77784.9,77471.5,77694.5,2952.467
2026-05-25 17:00:00,77694.5,77770.0,77511.1,77523.2,2774.683
2026-05-25 18:00:00,77523.3,77629.8,77502.9,77511.7,1224.041
2026-05-25 19:00:00,77511.7,77515.8,77313.0,77403.3,2057.725
2026-05-25 20:00:00,77403.4,77472.0,77172.0,77243.7,2621.954
2026-05-25 21:00:00,77243.7,77366.7,77240.5,77340.8,1674.347
2026-05-25 22:00:00,77340.9,77430.0,77011.3,77084.7,3533.606
2026-05-25 23:00:00,77084.7,77338.0,77040.2,77281.5,1760.517
2026-05-26 00:00:00,77281.5,77319.6,76532.1,76750.1,7837.287
2026-05-26 01:00:00,76750.1,76879.2,76550.0,76717.8,4014.825
2026-05-26 02:00:00,76717.8,76790.0,76472.6,76630.7,3663.677
2026-05-26 03:00:00,76630.8,76685.0,76434.0,76629.0,2990.608
2026-05-26 04:00:00,76629.0,76784.4,76569.8,76713.9,2832.751
2026-05-26 05:00:00,76713.9,76950.0,76668.2,76887.3,2859.933
2026-05-26 06:00:00,76887.4,77045.9,76735.2,76869.8,3362.296
2026-05-26 07:00:00,76869.9,76886.6,76556.9,76685.1,3492.107
2026-05-26 08:00:00,76685.0,76819.7,76652.4,76687.9,1834.031
2026-05-26 09:00:00,76687.8,76779.2,76606.0,76641.0,2007.84
2026-05-26 10:00:00,76640.9,77600.0,76543.8,77398.6,12291.589
2026-05-26 11:00:00,77398.7,77477.7,77136.2,77153.9,4704.8
2026-05-26 12:00:00,77153.8,77200.0,76847.8,77098.9,5875.831
2026-05-26 13:00:00,77098.9,77432.6,76641.7,77199.2,10219.396
2026-05-26 14:00:00,77199.2,78077.1,76682.3,76873.6,32872.397
2026-05-26 15:00:00,76873.6,76983.4,76234.7,76478.2,17760.011
2026-05-26 16:00:00,76478.2,76678.7,76171.0,76534.6,8964.023
2026-05-26 17:00:00,76534.7,76624.9,75809.5,75909.6,15095.075
2026-05-26 18:00:00,75909.6,76296.7,75711.0,75822.6,7810.546
2026-05-26 19:00:00,75822.6,76080.0,75782.0,76028.3,3462.471
2026-05-26 20:00:00,76028.4,76157.8,75960.2,76082.0,2352.054
2026-05-26 21:00:00,76081.9,76092.3,75822.6,75864.0,1938.109
2026-05-26 22:00:00,75864.0,75975.6,75641.2,75729.6,4011.581
2026-05-26 23:00:00,75729.7,75962.0,75729.7,75905.5,2666.844
2026-05-27 00:00:00,75905.6,76069.0,75854.9,76055.3,3043.727
2026-05-27 01:00:00,76055.3,76083.9,75794.9,75846.6,2849.437
2026-05-27 02:00:00,75846.6,75868.1,75654.8,75850.9,2802.311
2026-05-27 03:00:00,75850.9,75940.0,75555.1,75635.6,3565.669
2026-05-27 04:00:00,75635.6,75680.1,75277.8,75542.9,8840.36
2026-05-27 05:00:00,75543.0,75708.6,75539.9,75676.4,3364.243
2026-05-27 06:00:00,75676.4,75864.4,75649.1,75800.0,2659.38
2026-05-27 07:00:00,75800.0,75940.0,75721.4,75935.0,3278.243
2026-05-27 08:00:00,75935.0,76038.0,75800.0,75838.4,3812.843
2026-05-27 09:00:00,75838.5,75943.7,75666.0,75875.6,3099.093
2026-05-27 10:00:00,75875.7,76010.2,75835.0,75863.7,2498.476
2026-05-27 11:00:00,75863.8,75992.2,75723.6,75737.9,2781.79
2026-05-27 12:00:00,75737.9,76155.5,75541.0,75655.0,8053.742
2026-05-27 13:00:00,75654.9,75735.6,74835.0,75054.3,20743.151
2026-05-27 14:00:00,75054.3,75250.0,74735.7,75000.7,13749.777
2026-05-27 15:00:00,75000.7,75485.9,74950.1,75300.0,8717.531
2026-05-27 16:00:00,75300.0,75382.6,74961.0,75273.9,5753.912
2026-05-27 17:00:00,75273.9,75316.8,74645.0,74838.2,8594.176
2026-05-27 18:00:00,74838.2,75007.9,74632.0,75000.0,4699.102
2026-05-27 19:00:00,75000.0,75077.6,74920.0,75039.9,3599.445
2026-05-27 20:00:00,75039.8,75391.0,75022.4,75237.6,3476.208
2026-05-27 21:00:00,75237.6,75237.6,74300.1,74439.9,10168.63
2026-05-27 22:00:00,74440.0,74742.7,74218.2,74390.0,8980.344
2026-05-27 23:00:00,74389.9,74545.8,74210.0,74418.1,5583.871
2026-05-28 00:00:00,74418.0,74555.5,74336.7,74541.6,3138.599
2026-05-28 01:00:00,74541.7,74565.3,74100.0,74313.0,5741.343
2026-05-28 02:00:00,74313.0,74373.6,74081.9,74256.6,3652.024
2026-05-28 03:00:00,74256.6,74355.6,73036.0,73224.5,31055.812
2026-05-28 04:00:00,73224.4,73240.0,72667.9,73145.1,15398.619
2026-05-28 05:00:00,73145.1,73145.1,72872.5,72959.9,5389.586
2026-05-28 06:00:00,72960.0,73182.2,72729.2,73170.9,7675.794
2026-05-28 07:00:00,73171.0,73485.0,73113.2,73467.0,6114.88
2026-05-28 08:00:00,73467.0,73474.8,73167.4,73294.0,3701.156
2026-05-28 09:00:00,73293.9,73535.7,73230.0,73514.1,3180.086
2026-05-28 10:00:00,73514.0,73592.1,73316.5,73375.2,4263.274
2026-05-28 11:00:00,73375.3,73510.0,73280.7,73479.1,2762.54
2026-05-28 12:00:00,73479.0,73555.0,73221.6,73496.5,4128.714
2026-05-28 13:00:00,73496.4,73549.9,72739.2,72988.5,13507.443
2026-05-28 14:00:00,72988.5,73557.3,72556.0,72997.5,27209.387
2026-05-28 15:00:00,72997.4,73155.4,72662.2,72899.1,6242.022
2026-05-28 16:00:00,72899.0,73415.0,72704.0,73415.0,7672.331
2026-05-28 17:00:00,73414.9,73722.5,73280.0,73518.2,7308.713
2026-05-28 18:00:00,73518.2,73723.0,73474.9,73626.4,3740.6
2026-05-28 19:00:00,73626.4,73626.5,73336.0,73393.5,3831.301
2026-05-28 20:00:00,73393.4,73698.6,73212.3,73553.5,4473.723
2026-05-28 21:00:00,73553.5,73900.0,73535.0,73796.3,3755.034
2026-05-28 22:00:00,73796.3,73932.2,73423.4,73448.7,3684.541
2026-05-28 23:00:00,73448.7,73695.0,73448.7,73591.4,1818.155
2026-05-29 00:00:00,73591.4,73834.6,73591.4,73693.8,2940.584
2026-05-29 01:00:00,73693.9,73844.0,73430.5,73558.5,3074.38
2026-05-29 02:00:00,73558.5,73616.9,73158.8,73201.9,3531.777
2026-05-29 03:00:00,73201.9,73434.2,73201.9,73269.2,2273.527
2026-05-29 04:00:00,73269.1,73485.7,73171.8,73466.4,2687.266
2026-05-29 05:00:00,73466.3,73682.3,73459.1,73663.0,2586.277
2026-05-29 06:00:00,73663.0,73908.6,73599.6,73752.5,3791.082
2026-05-29 07:00:00,73752.5,73797.3,73333.0,73488.0,6589.026
2026-05-29 08:00:00,73488.1,73799.8,73480.1,73625.2,3720.672
2026-05-29 09:00:00,73625.1,73866.8,73615.0,73707.8,3377.656
2026-05-29 10:00:00,73707.8,73709.3,73556.1,73601.9,2012.414
2026-05-29 11:00:00,73601.9,73662.3,73305.1,73447.6,2660.912
2026-05-29 12:00:00,73447.5,73447.5,73166.0,73260.0,4671.173
2026-05-29 13:00:00,73260.1,73320.0,72866.0,73114.6,10431.33
2026-05-29 14:00:00,73114.6,73206.8,72436.0,73065.8,17958.003
2026-05-29 15:00:00,73065.8,74177.0,72970.1,73775.4,26414.41
2026-05-29 16:00:00,73775.4,74124.0,73528.5,74022.0,10671.356
2026-05-29 17:00:00,74022.1,74293.1,73876.1,73954.3,9236.416
2026-05-29 18:00:00,73954.7,74040.3,73057.8,73343.0,11357.399
2026-05-29 19:00:00,73342.9,73693.6,73207.3,73489.0,5063.897
2026-05-29 20:00:00,73489.0,73735.2,73474.2,73644.9,2733.462
2026-05-29 21:00:00,73644.9,73829.2,73369.9,73385.3,2960.778
2026-05-29 22:00:00,73385.2,73537.6,73344.6,73446.5,2819.48
2026-05-29 23:00:00,73446.5,73478.3,73279.3,73428.2,2593.905
2026-05-30 00:00:00,73428.2,73545.3,73367.3,73463.3,2044.48
2026-05-30 01:00:00,73463.3,73625.9,73430.9,73623.6,1904.226
2026-05-30 02:00:00,73623.6,73747.6,73575.0,73747.4,1656.896
2026-05-30 03:00:00,73747.4,73757.9,73485.0,73492.4,2342.889
2026-05-30 04:00:00,73492.4,73549.7,73130.1,73365.9,5392.981
2026-05-30 05:00:00,73365.9,73671.2,73309.4,73567.5,3787.971
2026-05-30 06:00:00,73567.5,73685.0,73492.0,73550.7,1817.693
2026-05-30 07:00:00,73550.7,73555.0,73448.4,73513.9,1146.127
2026-05-30 08:00:00,73514.0,73527.7,73471.0,73491.6,936.345
2026-05-30 09:00:00,73491.7,73590.3,73470.5,73576.8,1025.741
2026-05-30 10:00:00,73576.8,73648.0,73558.0,73615.4,1539.798
2026-05-30 11:00:00,73615.4,73619.8,73529.1,73567.9,983.089
2026-05-30 12:00:00,73568.0,73697.2,73556.4,73661.5,1208.698
2026-05-30 13:00:00,73661.5,73814.2,73638.2,73805.0,3299.249
2026-05-30 14:00:00,73804.9,74078.6,73783.5,73901.0,6239.784
2026-05-30 15:00:00,73901.0,74011.2,73803.1,73888.0,2752.922
2026-05-30 16:00:00,73888.0,73949.4,73844.3,73899.9,1681.044
2026-05-30 17:00:00,73900.0,73989.9,73772.5,73982.0,2549.851
2026-05-30 18:00:00,73982.0,74108.8,73899.0,74007.5,2577.946
2026-05-30 19:00:00,74007.5,74045.0,73934.9,73980.1,1515.724
2026-05-30 20:00:00,73980.0,73986.2,73888.5,73944.5,1402.262
2026-05-30 21:00:00,73944.4,74028.3,73888.1,73954.8,1396.51
2026-05-30 22:00:00,73954.8,73954.8,73755.6,73849.8,1581.454
2026-05-30 23:00:00,73849.8,73971.5,73750.0,73856.8,1760.006
2026-05-31 00:00:00,73856.9,74013.8,73821.4,74003.7,1656.714
2026-05-31 01:00:00,74003.7,74250.0,73991.1,74021.1,3923.269
2026-05-31 02:00:00,74021.2,74211.4,73839.0,74060.9,3386.507
2026-05-31 03:00:00,74061.0,74200.0,74030.7,74107.6,1568.561
2026-05-31 04:00:00,74107.5,74194.6,74061.8,74144.3,1527.358
2026-05-31 05:00:00,74144.3,74180.1,74018.1,74027.9,1185.69
2026-05-31 06:00:00,74027.8,74077.5,73958.1,74020.0,1375.184
2026-05-31 07:00:00,74020.1,74020.1,73793.2,73833.3,2630.692
2026-05-31 08:00:00,73833.2,73952.9,73816.8,73913.4,2101.272
2026-05-31 09:00:00,73913.4,73998.9,73779.8,73814.5,1278.977
2026-05-31 10:00:00,73814.6,73875.6,73701.0,73871.5,1881.903
2026-05-31 11:00:00,73871.5,73949.0,73868.4,73913.6,1037.673
2026-05-31 12:00:00,73913.6,73975.1,73841.6,73892.1,1075.096
2026-05-31 13:00:00,73892.2,73997.8,73770.1,73841.0,1208.222
2026-05-31 14:00:00,73841.0,73841.1,73388.0,73570.3,10243.792
2026-05-31 15:00:00,73570.2,73745.6,73550.2,73613.5,1798.301
2026-05-31 16:00:00,73613.4,73697.3,73340.7,73499.9,3882.979
2026-05-31 17:00:00,73500.0,73704.0,73431.3,73681.3,1743.969
2026-05-31 18:00:00,73681.3,73681.3,73540.2,73573.8,1074.422
2026-05-31 19:00:00,73573.7,73623.4,73417.2,73521.9,1267.919
2026-05-31 20:00:00,73521.9,73732.7,73521.9,73710.9,1887.159
2026-05-31 21:00:00,73710.9,73897.6,73590.2,73860.6,2408.604
2026-05-31 22:00:00,73860.5,73975.0,73645.6,73918.5,2766.503
2026-05-31 23:00:00,73918.6,74179.9,73470.8,73653.2,5330.693
2026-06-01 00:00:00,73653.2,74070.5,73620.0,73855.0,3770.449
2026-06-01 01:00:00,73854.9,73890.0,73235.0,73257.8,5614.578
2026-06-01 02:00:00,73257.9,73865.0,73171.0,73766.3,5651.739
2026-06-01 03:00:00,73766.2,73998.8,73692.9,73731.3,3361.378
2026-06-01 04:00:00,73731.4,73815.9,73307.7,73497.6,4968.162
2026-06-01 05:00:00,73497.5,73507.9,73283.5,73319.5,2267.135
2026-06-01 06:00:00,73319.5,73339.3,72917.0,73106.6,7954.82
2026-06-01 07:00:00,73106.6,73177.8,72668.0,72776.1,6817.045
2026-06-01 08:00:00,72776.1,72907.8,72573.5,72875.7,6995.32
2026-06-01 09:00:00,72875.8,73084.0,72801.1,72855.2,5876.471
2026-06-01 10:00:00,72855.2,72878.1,72551.0,72725.9,4945.966
2026-06-01 11:00:00,72725.9,72742.0,72188.0,72452.8,9571.993
2026-06-01 12:00:00,72452.7,72583.7,71862.6,72193.1,22210.026
2026-06-01 13:00:00,72193.2,72288.0,71350.0,71698.7,32500.86
2026-06-01 14:00:00,71698.8,71884.9,71387.6,71548.5,14314.072
2026-06-01 15:00:00,71548.5,71662.6,71035.3,71099.4,17524.364
2026-06-01 16:00:00,71099.5,71600.0,70650.9,71537.7,20585.239
2026-06-01 17:00:00,71537.7,71788.5,71438.9,71617.9,9208.61
2026-06-01 18:00:00,71617.5,71670.7,71350.1,71470.1,5092.421
2026-06-01 19:00:00,71470.1,71645.2,71358.0,71571.0,3402.005
2026-06-01 20:00:00,71571.0,71670.0,71383.8,71419.8,2339.282
2026-06-01 21:00:00,71419.7,71419.8,70911.0,71004.6,6654.354
2026-06-01 22:00:00,71004.6,71439.5,70806.0,71376.6,7396.047
2026-06-01 23:00:00,71376.7,71564.0,71199.0,71391.5,4448.792
2026-06-02 00:00:00,71391.5,71397.0,71071.5,71266.6,3758.49
2026-06-02 01:00:00,71266.5,71357.2,70555.7,70615.2,8460.939
2026-06-02 02:00:00,70612.2,70855.9,70038.0,70820.0,18148.055
2026-06-02 03:00:00,70820.0,71022.4,70768.5,70920.7,4366.617
2026-06-02 04:00:00,70920.8,71022.7,70690.1,70782.3,4111.213
2026-06-02 05:00:00,70782.3,70820.8,70222.2,70235.1,9508.479
2026-06-02 06:00:00,70235.1,70414.9,69889.1,70076.7,12658.956
2026-06-02 07:00:00,70076.6,70249.6,69666.8,70079.4,12331.391
2026-06-02 08:00:00,70079.5,70146.2,69677.6,69794.4,6528.391
2026-06-02 09:00:00,69794.4,69820.4,69277.8,69393.2,13831.28
2026-06-02 10:00:00,69393.1,69732.2,69316.5,69620.8,7571.511
2026-06-02 11:00:00,69620.9,69635.0,69364.1,69430.2,3599.617
2026-06-02 12:00:00,69430.2,69514.6,68955.0,68985.5,12233.401
2026-06-02 13:00:00,68985.4,69171.0,68736.0,68788.9,18381.657
2026-06-02 14:00:00,68788.9,68818.4,67573.5,67990.0,44046.045
2026-06-02 15:00:00,67989.9,68075.0,67035.5,67274.0,32842.651
2026-06-02 16:00:00,67274.0,68121.9,67196.2,67393.0,26315.425
2026-06-02 17:00:00,67393.1,67821.9,67345.0,67466.0,9351.26
2026-06-02 18:00:00,67466.0,67641.6,67088.0,67315.5,7382.764
2026-06-02 19:00:00,67315.5,67474.2,66388.0,67286.7,27447.846
2026-06-02 20:00:00,67286.7,67687.4,66880.1,67556.0,12855.437
2026-06-02 21:00:00,67556.0,67899.9,67373.5,67532.1,8980.536
2026-06-02 22:00:00,67532.1,67532.1,66210.0,66354.2,21317.088
2026-06-02 23:00:00,66354.3,66844.8,66150.7,66730.0,20673.103
2026-06-03 00:00:00,66730.1,67195.7,66620.4,66900.2,14643.212
2026-06-03 01:00:00,66900.3,67010.0,66442.0,66890.8,10585.483
2026-06-03 02:00:00,66890.8,66913.0,66547.4,66588.0,4630.414
2026-06-03 03:00:00,66588.0,66635.0,65359.1,65818.4,29211.393
2026-06-03 04:00:00,65818.3,66594.7,65791.4,66439.2,13975.579
2026-06-03 05:00:00,66439.1,67380.0,66439.1,67290.2,22670.597
2026-06-03 06:00:00,67290.2,67493.8,66913.1,66949.3,10542.247
2026-06-03 07:00:00,66949.4,67299.9,66828.5,67186.7,6907.108
2026-06-03 08:00:00,67186.7,67226.7,66933.6,66987.7,7143.703
2026-06-03 09:00:00,66987.7,67313.9,66620.0,67040.9,18551.588
2026-06-03 10:00:00,67041.0,67448.0,67032.6,67260.0,6922.156
2026-06-03 11:00:00,67260.0,67340.0,67026.6,67040.1,3936.714
2026-06-03 12:00:00,67040.1,67142.1,66760.0,67050.8,8318.896
2026-06-03 13:00:00,67050.7,67220.2,66605.1,66884.8,10450.216
2026-06-03 14:00:00,66884.8,66975.0,66611.9,66840.9,7494.408
2026-06-03 15:00:00,66841.0,66880.0,66036.2,66046.5,19094.974
2026-06-03 16:00:00,66046.6,66359.4,65508.3,66037.4,24860.392
2026-06-03 17:00:00,66037.4,66159.0,65674.9,65934.0,9175.749
2026-06-03 18:00:00,65934.0,66141.7,65711.4,66006.6,5382.664
2026-06-03 19:00:00,66006.5,66030.7,65199.0,65428.6,13312.575
2026-06-03 20:00:00,65428.5,65581.6,64711.1,64971.7,18176.176
2026-06-03 21:00:00,64971.8,65829.4,64919.1,65738.6,12497.286
2026-06-03 22:00:00,65738.6,65814.2,64733.9,64882.1,13287.809
2026-06-03 23:00:00,64882.1,64957.7,64050.8,64117.7,19130.199
2026-06-04 00:00:00,64117.7,64412.9,62911.9,63314.4,32017.216
2026-06-04 01:00:00,63314.5,63478.5,62066.6,62140.3,33187.939
2026-06-04 02:00:00,62140.4,63598.7,61344.8,63198.4,48264.122
2026-06-04 03:00:00,63198.4,64495.9,63186.7,64336.2,25029.44
2026-06-04 04:00:00,64336.2,64739.8,64233.0,64364.0,12138.136
2026-06-04 05:00:00,64363.9,64363.9,63607.4,63927.6,15516.364
2026-06-04 06:00:00,63927.6,64480.0,63858.6,64007.2,7456.889
2026-06-04 07:00:00,64007.4,64041.8,63450.0,63561.7,13651.696
2026-06-04 08:00:00,63561.8,63875.9,63201.1,63595.5,12293.7
2026-06-04 09:00:00,63595.5,63616.3,62666.0,63237.4,19123.543
2026-06-04 10:00:00,63237.5,63250.0,62256.0,62391.6,29859.942
2026-06-04 11:00:00,62391.6,62800.0,62150.8,62520.7,21741.816
2026-06-04 12:00:00,62520.7,63947.8,62344.1,63738.1,25027.312
2026-06-04 13:00:00,63738.2,64223.1,63038.0,64202.7,28666.685
2026-06-04 14:00:00,64202.7,64463.7,63733.0,63923.9,16138.466
2026-06-04 15:00:00,63923.8,64380.0,63650.0,63864.8,13018.872
2026-06-04 16:00:00,63864.8,63898.9,63412.9,63529.4,8547.533
2026-06-04 17:00:00,63529.4,63698.7,62910.0,63511.2,14376.367
2026-06-04 18:00:00,63511.1,64091.7,63117.6,63791.1,15695.29
2026-06-04 19:00:00,63791.2,64150.8,63508.6,63600.3,9010.124
2026-06-04 20:00:00,63600.2,63628.0,63140.8,63600.8,10580.497
2026-06-04 21:00:00,63600.8,63847.9,63040.0,63250.2,6186.469
2026-06-04 22:00:00,63250.1,63740.2,63150.7,63702.2,6948.656
2026-06-04 23:00:00,63702.3,63897.0,63335.1,63853.4,6697.537
2026-06-05 00:00:00,63853.4,63955.0,63366.0,63398.3,6077.139
2026-06-05 01:00:00,63398.3,63547.5,63011.0,63347.0,8705.901
2026-06-05 02:00:00,63347.0,63416.9,62552.2,62585.5,12937.021
2026-06-05 03:00:00,62585.6,62861.0,62300.0,62699.7,11767.388
2026-06-05 04:00:00,62700.0,63629.9,62456.0,63588.9,12198.337
2026-06-05 05:00:00,63589.0,63674.9,62229.6,62294.4,17219.625
2026-06-05 06:00:00,62294.1,62614.2,61067.6,61916.8,43244.607
2026-06-05 07:00:00,61916.7,63084.4,61330.5,63075.6,22919.441
2026-06-05 08:00:00,63075.5,63088.0,62234.3,62429.9,11546.341
2026-06-05 09:00:00,62429.9,63231.8,62405.1,62832.5,10276.57
2026-06-05 10:00:00,62832.4,62910.5,62342.1,62510.1,6267.222
2026-06-05 11:00:00,62510.0,62621.9,61928.3,61929.5,9661.694
2026-06-05 12:00:00,61929.6,62437.5,61578.4,61939.7,18065.956
2026-06-05 13:00:00,61939.7,62310.0,60690.8,60700.4,26689.674
2026-06-05 14:00:00,60700.4,61217.8,60300.0,60832.7,38987.144
2026-06-05 15:00:00,60832.6,61105.6,60005.8,60400.8,31939.718
2026-06-05 16:00:00,60400.8,61550.0,59739.1,61358.1,58804.844
2026-06-05 17:00:00,61358.1,61487.9,60621.2,60786.5,12594.401
2026-06-05 18:00:00,60786.5,60933.0,59105.4,59362.2,32030.644
2026-06-05 19:00:00,59362.1,60435.2,59080.0,60267.7,23692.266
2026-06-05 20:00:00,60267.4,61800.0,59903.8,61586.2,22351.565
2026-06-05 21:00:00,61586.1,61985.1,61400.0,61639.5,12170.417
2026-06-05 22:00:00,61639.4,61942.4,61169.1,61556.6,13850.543
2026-06-05 23:00:00,61556.7,61745.0,60458.0,61022.0,14163.427
2026-06-06 00:00:00,61022.0,61500.0,61012.0,61238.4,7564.048
2026-06-06 01:00:00,61238.4,61349.7,60912.3,61025.6,4623.78
2026-06-06 02:00:00,61025.6,61164.5,60642.4,60918.4,5765.277
2026-06-06 03:00:00,60918.3,60940.5,60490.0,60662.6,5489.751
2026-06-06 04:00:00,60662.6,60847.5,59451.3,60068.4,22031.624
2026-06-06 05:00:00,60068.5,61070.2,59578.8,60918.9,20702.862
2026-06-06 06:00:00,60919.0,61250.0,60644.5,60771.8,11698.016
2026-06-06 07:00:00,60771.8,61212.7,60705.4,60975.2,7336.922
2026-06-06 08:00:00,60975.2,61475.0,60850.0,61239.6,8498.1
2026-06-06 09:00:00,61239.5,61298.2,60854.1,60956.7,5320.274
2026-06-06 10:00:00,60956.7,60956.7,60146.0,60555.3,14536.034
2026-06-06 11:00:00,60555.2,60938.0,60520.0,60773.5,5694.791
2026-06-06 12:00:00,60773.5,61173.5,60599.9,61003.6,9784.197
2026-06-06 13:00:00,61003.6,61073.6,60668.8,60779.5,5213.726
2026-06-06 14:00:00,60779.5,60990.8,60733.0,60762.5,3560.698
2026-06-06 15:00:00,60762.5,60900.0,60353.4,60754.1,7524.848
2026-06-06 16:00:00,60754.2,60949.9,60417.6,60749.8,6038.819
2026-06-06 17:00:00,60749.9,60817.2,60463.0,60553.3,3936.273
2026-06-06 18:00:00,60553.2,60723.5,60363.0,60606.0,3583.649
2026-06-06 19:00:00,60606.0,60760.4,60502.1,60563.9,2214.691
2026-06-06 20:00:00,60563.9,60729.1,60484.5,60678.5,2440.763
2026-06-06 21:00:00,60678.4,60969.2,60673.2,60719.3,3053.205
2026-06-06 22:00:00,60719.2,60788.6,60390.0,60513.0,5032.414
2026-06-06 23:00:00,60513.0,60911.0,60511.0,60849.7,3116.081
2026-06-07 00:00:00,60849.7,60962.7,60708.0,60748.3,2990.633
2026-06-07 01:00:00,60748.2,61641.4,60720.9,61452.5,13447.678
2026-06-07 02:00:00,61452.5,61540.1,61150.0,61469.2,5320.335
2026-06-07 03:00:00,61469.3,61763.9,61376.7,61671.1,5046.674
2026-06-07 04:00:00,61671.1,61866.0,61447.2,61854.1,5279.246
2026-06-07 05:00:00,61854.2,62132.0,61607.9,61709.2,9364.91
2026-06-07 06:00:00,61709.3,62254.9,61573.5,62080.1,9917.458
2026-06-07 07:00:00,62080.1,62380.0,61951.0,62366.0,8886.719
2026-06-07 08:00:00,62366.0,62942.4,62217.4,62823.0,16219.509
2026-06-07 09:00:00,62823.0,62887.5,62361.5,62510.0,7994.466
2026-06-07 10:00:00,62509.9,62547.8,62273.0,62343.7,5250.485
2026-06-07 11:00:00,62343.7,62730.0,62333.0,62598.8,5263.381
2026-06-07 12:00:00,62598.8,62617.7,61509.1,61871.1,21819.579
2026-06-07 13:00:00,61871.1,61880.0,61612.2,61675.0,5955.28
2026-06-07 14:00:00,61675.1,62283.6,61675.0,61872.0,10111.376
2026-06-07 15:00:00,61871.9,62196.0,61640.1,62071.6,6764.069
2026-06-07 16:00:00,62071.7,62327.0,61912.7,62054.2,5219.03
2026-06-07 17:00:00,62054.1,62315.6,62012.2,62129.6,4071.011
2026-06-07 18:00:00,62129.6,62267.2,61989.0,62001.6,2079.999
2026-06-07 19:00:00,62001.6,62009.1,61150.2,61303.8,15448.708
2026-06-07 20:00:00,61303.7,61949.3,61189.7,61843.0,6748.756
2026-06-07 21:00:00,61843.1,61980.0,61618.5,61755.0,3502.586
2026-06-07 22:00:00,61754.9,64250.0,61690.3,62833.5,32662.168
2026-06-07 23:00:00,62833.0,63429.9,62759.5,63298.5,8114.977
2026-06-08 00:00:00,63299.0,63849.5,63111.3,63599.2,9954.623
2026-06-08 01:00:00,63599.3,63619.5,62676.8,63188.0,12067.272
2026-06-08 02:00:00,63188.0,63238.3,62881.9,63097.2,4283.889
2026-06-08 03:00:00,63097.2,63438.2,62944.1,63101.6,4210.952
2026-06-08 04:00:00,63101.6,63150.0,62616.9,62654.7,5895.229
2026-06-08 05:00:00,62654.7,62800.0,62377.0,62740.8,7325.169
2026-06-08 06:00:00,62740.8,63119.7,62702.0,62958.8,5677.298
2026-06-08 07:00:00,62958.9,63320.9,62779.0,63259.9,5891.372
2026-06-08 08:00:00,63259.9,63259.9,62955.7,63100.8,3576.879
2026-06-08 09:00:00,63100.9,63554.7,63093.5,63469.9,7425.603
2026-06-08 10:00:00,63469.9,63525.0,63053.4,63131.5,6189.668
2026-06-08 11:00:00,63131.4,63861.3,63020.0,63450.1,11047.181
2026-06-08 12:00:00,63450.1,63948.2,62658.4,63844.5,22904.142
2026-06-08 13:00:00,63844.6,63920.0,63330.4,63720.6,13790.78
2026-06-08 14:00:00,63720.5,64075.6,63531.9,63933.7,10811.608
2026-06-08 15:00:00,63933.7,64179.5,63673.0,63745.4,11587.537
2026-06-08 16:00:00,63745.3,64029.5,63430.6,63496.8,7607.381
2026-06-08 17:00:00,63496.8,63620.0,63209.6,63519.2,7842.552
2026-06-08 18:00:00,63519.1,63659.1,63305.0,63438.0,3208.045
2026-06-08 19:00:00,63438.0,63572.1,63317.7,63348.2,3103.656
2026-06-08 20:00:00,63348.3,63459.3,63120.4,63459.1,4563.368
2026-06-08 21:00:00,63459.1,63832.5,63455.1,63690.8,4030.441
2026-06-08 22:00:00,63690.7,63690.7,63171.2,63407.5,6036.812
2026-06-08 23:00:00,63407.6,63567.6,62939.7,63057.9,5409.596
2026-06-09 00:00:00,63057.9,63157.3,62381.2,62522.6,15947.71
2026-06-09 01:00:00,62522.6,62846.6,62513.0,62732.9,6038.258
2026-06-09 02:00:00,62732.8,62849.5,62506.8,62840.0,4490.164
2026-06-09 03:00:00,62839.9,62945.8,62664.3,62841.0,3847.384
2026-06-09 04:00:00,62841.1,63402.0,62715.4,63213.7,9505.94
2026-06-09 05:00:00,63213.8,63499.9,63088.0,63318.5,5631.349
2026-06-09 06:00:00,63318.5,63487.1,63202.6,63279.4,4791.047
2026-06-09 07:00:00,63279.5,63424.0,62970.6,63170.8,6015.433
2026-06-09 08:00:00,63170.9,63183.0,62646.0,62816.9,8266.54
2026-06-09 09:00:00,62817.0,62923.7,62555.5,62682.5,5482.787
2026-06-09 10:00:00,62682.6,62802.7,62560.9,62750.0,4015.766
2026-06-09 11:00:00,62750.0,62786.9,62457.5,62679.4,6806.713
2026-06-09 12:00:00,62679.5,62868.2,62404.0,62611.6,6095.652
2026-06-09 13:00:00,62611.6,62717.7,62125.0,62244.4,13535.918
2026-06-09 14:00:00,62244.4,62371.6,61075.9,61511.6,35615.599
2026-06-09 15:00:00,61511.6,61680.9,61001.0,61100.7,16545.058
2026-06-09 16:00:00,61100.6,61490.0,60755.0,61367.5,26909.919
2026-06-09 17:00:00,61367.5,61860.0,61367.0,61667.1,12632.633
2026-06-09 18:00:00,61667.2,61939.0,61563.3,61756.1,5648.053
2026-06-09 19:00:00,61756.2,62079.5,61685.0,62068.8,6032.774
2026-06-09 20:00:00,62068.9,62253.2,61920.9,62132.3,4702.846
2026-06-09 21:00:00,62132.3,62149.8,61660.0,61732.2,5903.611
2026-06-09 22:00:00,61732.5,61945.4,61630.2,61688.0,3249.56
2026-06-09 23:00:00,61687.9,61850.0,61519.0,61695.0,3688.76
2026-06-10 00:00:00,61694.9,61908.9,61404.6,61886.5,5067.624
2026-06-10 01:00:00,61886.5,61947.4,61544.2,61680.7,4252.258
2026-06-10 02:00:00,61680.7,61807.9,61201.0,61271.3,6430.764
2026-06-10 03:00:00,61271.4,61571.1,61250.0,61518.2,3472.635
2026-06-10 04:00:00,61518.3,61535.0,61153.5,61269.6,4116.843
2026-06-10 05:00:00,61269.6,61368.0,61045.7,61321.6,4160.181
2026-06-10 06:00:00,61321.6,61493.0,61108.8,61436.5,4853.421
2026-06-10 07:00:00,61436.4,61783.4,61400.7,61654.3,6313.665
2026-06-10 08:00:00,61654.3,61707.6,61128.7,61228.7,7510.133
2026-06-10 09:00:00,61228.8,61396.4,60691.9,61302.7,12001.158
2026-06-10 10:00:00,61303.2,61426.7,61113.2,61350.1,4009.363
2026-06-10 11:00:00,61350.1,61406.0,60824.5,61003.1,9567.514
2026-06-10 12:00:00,61003.1,61918.0,60930.0,61531.7,17186.613
2026-06-10 13:00:00,61531.8,62445.0,61406.8,62123.9,18689.305
2026-06-10 14:00:00,62123.9,62230.0,61782.0,62170.8,11613.002
2026-06-10 15:00:00,62170.9,62840.2,61814.0,62604.8,18864.285
2026-06-10 16:00:00,62604.7,62617.1,61891.2,62194.5,9692.542
2026-06-10 17:00:00,62194.6,62330.3,61616.0,61944.5,11161.95
2026-06-10 18:00:00,61944.4,62137.3,61552.0,61856.0,6181.953
2026-06-10 19:00:00,61856.0,62038.0,61641.4,61908.7,4545.789
2026-06-10 20:00:00,61908.7,61921.2,61644.4,61770.1,3195.626
2026-06-10 21:00:00,61770.1,61773.1,61150.1,61327.3,7887.368
2026-06-10 22:00:00,61327.4,61547.9,61068.6,61353.2,7637.894
2026-06-10 23:00:00,61353.1,61582.1,61135.8,61483.7,4642.378
2026-06-11 00:00:00,61483.6,61955.8,61483.6,61794.6,6629.261
2026-06-11 01:00:00,61794.6,62350.0,61793.5,62180.3,6360.787
2026-06-11 02:00:00,62180.4,62278.3,61911.5,62113.5,4726.248
2026-06-11 03:00:00,62113.5,62922.0,61975.6,62657.5,11223.901
2026-06-11 04:00:00,62657.5,62827.0,62512.6,62692.9,6342.014
2026-06-11 05:00:00,62692.8,62696.7,62527.5,62581.7,3206.604
2026-06-11 06:00:00,62581.7,62993.4,62507.9,62734.2,7813.001
2026-06-11 07:00:00,62734.1,62812.2,62574.3,62693.3,4667.736
2026-06-11 08:00:00,62693.2,63043.1,62691.7,62927.2,6684.514
2026-06-11 09:00:00,62927.2,62970.7,62753.3,62899.9,4093.748
2026-06-11 10:00:00,62900.0,63188.0,62771.0,63120.3,8162.024
2026-06-11 11:00:00,63120.2,63235.9,63020.6,63078.0,7361.917
2026-06-11 12:00:00,63078.0,63173.8,62455.8,62978.3,20933.227
2026-06-11 13:00:00,62978.3,63200.0,62644.7,63046.1,13026.119
2026-06-11 14:00:00,63046.1,63060.0,62697.0,62699.6,7669.427
2026-06-11 15:00:00,62699.6,62856.7,62494.6,62721.1,8504.57
2026-06-11 16:00:00,62721.2,62810.0,62502.4,62546.6,4781.27
2026-06-11 17:00:00,62546.6,63643.0,62315.0,63614.2,28276.294
2026-06-11 18:00:00,63614.2,63768.7,63283.4,63426.0,9903.762
2026-06-11 19:00:00,63426.0,63915.3,63350.4,63567.6,10032.986
2026-06-11 20:00:00,63567.7,63633.6,63235.8,63361.9,4935.297
2026-06-11 21:00:00,63361.9,63571.5,63359.7,63487.2,2172.23
2026-06-11 22:00:00,63487.3,63640.6,63425.0,63467.1,2216.095
2026-06-11 23:00:00,63467.1,63712.3,63328.1,63597.9,4271.542
2026-06-12 00:00:00,63598.0,63777.0,63489.8,63617.7,4243.194
2026-06-12 01:00:00,63617.7,63617.7,63271.6,63402.9,4466.191
2026-06-12 02:00:00,63402.9,63758.4,63402.9,63589.3,3408.002
2026-06-12 03:00:00,63589.2,63620.1,63314.7,63490.0,2027.229
2026-06-12 04:00:00,63490.1,63843.2,63391.2,63670.4,5901.952
2026-06-12 05:00:00,63670.5,63695.4,63265.4,63317.6,6047.081
2026-06-12 06:00:00,63317.6,63385.9,62800.0,62955.9,8541.968
2026-06-12 07:00:00,62956.0,63180.8,62919.9,63066.5,4785.19
2026-06-12 08:00:00,63066.5,63587.0,63063.9,63440.5,6555.915
2026-06-12 09:00:00,63440.5,63929.9,63398.3,63729.5,7939.036
2026-06-12 10:00:00,63729.5,63824.0,63541.9,63665.1,4205.305
2026-06-12 11:00:00,63665.2,63855.8,63650.0,63729.4,3381.03
2026-06-12 12:00:00,63729.4,63745.1,63331.9,63433.7,5597.36
2026-06-12 13:00:00,63433.8,63507.9,63020.6,63200.3,9236.386
2026-06-12 14:00:00,63200.3,63988.0,63160.4,63971.0,14271.383
2026-06-12 15:00:00,63971.1,64362.6,63504.2,63557.0,26003.214
2026-06-12 16:00:00,63557.1,63974.8,63477.5,63951.2,8532.953
2026-06-12 17:00:00,63951.2,64083.3,63708.0,63836.9,4217.505
2026-06-12 18:00:00,63836.9,63907.0,63647.9,63661.8,3095.609
2026-06-12 19:00:00,63661.8,63790.8,63555.0,63555.1,3164.169
2026-06-12 20:00:00,63555.0,63664.4,63352.3,63417.9,4000.142
2026-06-12 21:00:00,63418.2,63608.1,63413.0,63450.1,2246.705
2026-06-12 22:00:00,63450.0,63633.3,63435.6,63482.8,2214.568
2026-06-12 23:00:00,63482.8,63554.7,63394.3,63547.0,1641.695
2026-06-13 00:00:00,63547.0,63625.2,63480.0,63573.9,1951.164
2026-06-13 01:00:00,63573.9,63828.4,63573.9,63801.0,2669.191
2026-06-13 02:00:00,63801.1,63806.9,63517.8,63612.0,2457.955
2026-06-13 03:00:00,63612.1,63695.0,63360.0,63494.4,3026.794
2026-06-13 04:00:00,63494.4,63619.1,63444.9,63475.2,1293.536
2026-06-13 05:00:00,63475.2,63564.8,63456.0,63554.9,1208.298
2026-06-13 06:00:00,63554.9,63720.2,63516.3,63707.2,1642.636
2026-06-13 07:00:00,63707.2,63879.0,63637.1,63823.9,4873.909
2026-06-13 08:00:00,63823.9,63896.5,63729.8,63771.6,3461.243
2026-06-13 09:00:00,63771.5,63833.0,63708.2,63709.9,1419.807
2026-06-13 10:00:00,63709.9,63883.2,63683.1,63812.9,2679.471
2026-06-13 11:00:00,63813.0,63949.9,63809.4,63936.1,2414.403
2026-06-13 12:00:00,63936.1,64187.7,63882.6,64103.1,4756.321
2026-06-13 13:00:00,64103.0,64217.0,64026.6,64071.0,4732.652
2026-06-13 14:00:00,64071.0,64208.8,64052.3,64189.7,2178.915
2026-06-13 15:00:00,64189.8,64323.0,64147.2,64265.0,4558.288
2026-06-13 16:00:00,64265.1,64280.0,63862.9,63996.2,8214.293
2026-06-13 17:00:00,63996.1,64090.1,63902.0,63939.7,2988.244
2026-06-13 18:00:00,63939.7,64247.8,63939.6,64122.7,3116.164
2026-06-13 19:00:00,64122.7,64298.7,64111.1,64264.2,3087.802
2026-06-13 20:00:00,64264.2,64264.3,64195.3,64252.4,1079.311
2026-06-13 21:00:00,64252.4,64738.0,64189.6,64435.2,7334.893
2026-06-13 22:00:00,64435.2,64529.0,64349.3,64413.4,2850.59
2026-06-13 23:00:00,64413.4,64572.0,64350.5,64418.2,2165.507
2026-06-14 00:00:00,64418.3,64548.6,64338.8,64519.3,2060.185
2026-06-14 01:00:00,64519.2,64682.2,64466.4,64534.1,2612.929
2026-06-14 02:00:00,64534.0,64606.4,64436.7,64450.0,2045.452
2026-06-14 03:00:00,64450.1,64518.4,64421.7,64515.0,3269.628
2026-06-14 04:00:00,64515.0,64532.8,64281.0,64300.0,2599.296
2026-06-14 05:00:00,64300.0,64378.5,64260.0,64318.1,2076.942
2026-06-14 06:00:00,64318.1,64450.1,64208.5,64258.0,3360.246
2026-06-14 07:00:00,64258.0,64412.7,64186.5,64392.0,2472.615
2026-06-14 08:00:00,64392.1,64486.9,64353.2,64423.1,1629.08
2026-06-14 09:00:00,64423.1,64593.1,64281.1,64584.7,3100.679
2026-06-14 10:00:00,64584.8,64640.6,64452.8,64485.4,2531.79
2026-06-14 11:00:00,64485.5,64614.4,64419.3,64511.7,1865.041
2026-06-14 12:00:00,64511.7,64531.2,64255.9,64296.8,3294.214
2026-06-14 13:00:00,64296.7,64369.0,64207.3,64287.5,2943.823
2026-06-14 14:00:00,64287.4,64313.1,63830.0,63953.7,8475.881
2026-06-14 15:00:00,63953.7,64123.8,63945.8,63995.2,4281.19
2026-06-14 16:00:00,63995.2,64183.4,63901.3,63913.8,3323.998
2026-06-14 17:00:00,63913.8,64000.0,63650.0,63706.1,5470.458
2026-06-14 18:00:00,63706.2,63791.9,63650.9,63783.9,3170.311
2026-06-14 19:00:00,63783.9,63830.9,63702.0,63777.3,1358.481
2026-06-14 20:00:00,63777.4,64070.0,63761.5,63978.1,3073.059
2026-06-14 21:00:00,63978.2,65652.0,63973.4,65284.4,27695.963
2026-06-14 22:00:00,65284.4,65555.0,64918.2,65389.2,14246.288
2026-06-14 23:00:00,65389.2,65775.0,65217.0,65702.1,9775.909
2026-06-15 00:00:00,65702.1,65880.0,65444.0,65591.4,9044.986
2026-06-15 01:00:00,65591.4,65705.6,65314.3,65482.6,5936.809
2026-06-15 02:00:00,65482.6,65749.0,65383.6,65429.3,3923.62
2026-06-15 03:00:00,65429.3,65996.8,65393.4,65894.7,9255.319
2026-06-15 04:00:00,65894.6,65894.7,65601.8,65612.2,3331.818
2026-06-15 05:00:00,65612.2,65844.7,65577.8,65828.1,3066.816
2026-06-15 06:00:00,65828.0,65933.0,65716.4,65773.0,4071.861
2026-06-15 07:00:00,65773.0,65978.1,65580.0,65642.3,5386.6
2026-06-15 08:00:00,65642.4,65768.1,65580.3,65619.9,3912.2
2026-06-15 09:00:00,65620.0,65740.1,65469.0,65559.9,3326.393
2026-06-15 10:00:00,65559.8,65934.3,65545.2,65884.7,7895.239
2026-06-15 11:00:00,65884.7,66346.2,65807.3,66192.0,15452.401
2026-06-15 12:00:00,66192.0,66570.0,66056.4,66528.5,12174.401
2026-06-15 13:00:00,66528.5,66915.2,66375.1,66410.8,20545.811
2026-06-15 14:00:00,66410.8,66646.8,66265.0,66552.3,8252.837
2026-06-15 15:00:00,66552.4,67255.4,66541.5,67248.5,13362.263
2026-06-15 16:00:00,67248.5,67254.5,67051.1,67122.3,7578.852
2026-06-15 17:00:00,67122.3,67122.4,66635.1,66820.7,8193.907
2026-06-15 18:00:00,66820.7,66900.0,66678.5,66726.1,3557.451
2026-06-15 19:00:00,66726.1,66856.1,66302.4,66579.2,6172.572
2026-06-15 20:00:00,66579.1,66658.2,66445.0,66489.6,2244.671
2026-06-15 21:00:00,66489.6,66534.8,66284.8,66337.1,2945.274
2026-06-15 22:00:00,66337.1,66446.2,66065.1,66170.0,5545.129
2026-06-15 23:00:00,66170.0,66335.5,66086.6,66285.9,2775.711
2026-06-16 00:00:00,66285.9,66426.9,66197.2,66216.9,3431.519
2026-06-16 01:00:00,66216.8,66388.8,66206.6,66309.9,2298.901
2026-06-16 02:00:00,66309.9,66331.8,65655.0,65714.1,9099.747
2026-06-16 03:00:00,65714.0,66145.4,65607.1,66125.4,6605.331
2026-06-16 04:00:00,66125.4,66252.2,65768.7,65811.1,5555.333
2026-06-16 05:00:00,65811.1,66119.9,65811.1,66028.0,3516.107
2026-06-16 06:00:00,66028.1,66543.5,66025.1,66406.4,5633.376
2026-06-16 07:00:00,66406.3,66497.0,66272.1,66341.7,3952.601
2026-06-16 08:00:00,66341.8,66956.7,66310.5,66863.9,9095.48
2026-06-16 09:00:00,66863.9,66884.6,66440.1,66478.4,5305.599
2026-06-16 10:00:00,66478.5,66755.5,66451.1,66476.1,3834.46
2026-06-16 11:00:00,66476.1,66619.3,66325.4,66456.0,3380.096
2026-06-16 12:00:00,66456.0,66787.1,66325.2,66390.5,6611.999
2026-06-16 13:00:00,66390.5,66435.6,65893.2,66012.7,10953.391
2026-06-16 14:00:00,66012.8,66239.3,65328.8,65630.2,15588.828
2026-06-16 15:00:00,65630.2,65981.5,65580.0,65841.8,7659.939
2026-06-16 16:00:00,65841.8,65932.3,65675.2,65730.8,3289.048
2026-06-16 17:00:00,65730.9,65991.7,65677.1,65946.2,3368.206
2026-06-16 18:00:00,65946.2,66246.1,65767.0,65822.4,5488.113
2026-06-16 19:00:00,65822.5,65822.5,65529.0,65653.2,4965.888
2026-06-16 20:00:00,65653.2,65832.7,65561.3,65824.0,2517.971
2026-06-16 21:00:00,65824.0,65908.4,65609.8,65741.2,2613.731
2026-06-16 22:00:00,65741.3,65855.0,65644.6,65745.2,2574.361
2026-06-16 23:00:00,65745.2,65805.0,65580.1,65644.8,1766.401
2026-06-17 00:00:00,65644.8,65821.0,65644.8,65679.4,2124.11
2026-06-17 01:00:00,65679.4,65925.1,65427.9,65901.1,4784.4
2026-06-17 02:00:00,65901.1,66092.5,65743.0,65872.7,3487.582
2026-06-17 03:00:00,65872.6,65872.7,65671.8,65818.6,1896.242
2026-06-17 04:00:00,65818.6,66019.0,65744.2,65852.5,1896.801
2026-06-17 05:00:00,65852.5,65948.5,65702.9,65796.1,2152.245
2026-06-17 06:00:00,65796.1,65869.8,65535.0,65589.4,3412.922
2026-06-17 07:00:00,65589.4,65680.3,65200.0,65504.0,9271.031
2026-06-17 08:00:00,65503.9,65549.8,64800.0,64889.8,13620.919
2026-06-17 09:00:00,64889.9,65045.0,64800.4,64880.1,6116.04
2026-06-17 10:00:00,64880.0,64964.2,64733.5,64770.4,3937.974
2026-06-17 11:00:00,64770.4,64834.9,64525.0,64774.5,8169.245
2026-06-17 12:00:00,64774.6,65080.3,64550.7,65005.3,7979.636
2026-06-17 13:00:00,65005.2,65333.0,64804.1,65232.9,9997.319
2026-06-17 14:00:00,65232.6,65434.1,64722.6,65072.4,10063.625
2026-06-17 15:00:00,65072.4,65834.1,64943.5,65712.7,9718.331
2026-06-17 16:00:00,65712.7,66419.2,65676.8,65829.7,14049.492
2026-06-17 17:00:00,65829.6,66160.0,65755.0,66073.1,5298.208
2026-06-17 18:00:00,66073.1,66085.3,64746.6,65481.3,32342.617
2026-06-17 19:00:00,65481.2,65632.0,64015.0,64271.3,27562.287
2026-06-17 20:00:00,64271.4,64460.8,64137.1,64405.9,7023.72
2026-06-17 21:00:00,64405.9,64427.0,64104.0,64229.4,4138.35
2026-06-17 22:00:00,64229.4,64415.7,63881.2,64265.3,7515.198
2026-06-17 23:00:00,64265.3,64495.3,64216.6,64472.9,2928.005
2026-06-18 00:00:00,64472.9,64676.5,64422.4,64432.8,3367.814
2026-06-18 01:00:00,64432.8,64780.0,64429.1,64520.9,3711.292
2026-06-18 02:00:00,64520.9,64750.0,64453.2,64652.3,2543.649
2026-06-18 03:00:00,64652.3,64652.3,64228.9,64255.0,5092.146
2026-06-18 04:00:00,64255.0,64323.4,63785.0,63850.1,9767.176
2026-06-18 05:00:00,63850.1,64000.0,63660.1,63961.8,5961.032
2026-06-18 06:00:00,63961.9,64097.7,63811.3,64054.9,4272.735
2026-06-18 07:00:00,64054.9,64491.1,63985.3,64470.3,6502.533
2026-06-18 08:00:00,64470.4,64631.5,64349.2,64370.0,5742.264
2026-06-18 09:00:00,64370.0,64450.0,64162.5,64172.6,3905.742
2026-06-18 10:00:00,64172.7,64198.0,63880.2,64050.0,6808.319
2026-06-18 11:00:00,64050.1,64175.9,63855.0,63940.1,4133.313
2026-06-18 12:00:00,63940.1,64377.8,63892.8,64345.9,5211.011
2026-06-18 13:00:00,64345.8,64423.4,63753.0,63952.3,12076.44
2026-06-18 14:00:00,63952.4,64181.7,63565.0,63784.1,13161.056
2026-06-18 15:00:00,63784.2,63796.6,62232.1,62337.8,40637.073
2026-06-18 16:00:00,62337.8,62789.0,62308.6,62664.2,14208.574
2026-06-18 17:00:00,62664.2,62730.0,62241.0,62579.1,11740.083
2026-06-18 18:00:00,62579.2,62932.7,62552.8,62683.5,9150.288
2026-06-18 19:00:00,62683.5,62985.0,62608.0,62925.4,4674.584
2026-06-18 20:00:00,62925.3,63266.8,62925.3,63063.1,6155.035
2026-06-18 21:00:00,63063.1,63098.7,62831.8,62936.0,3244.761
2026-06-18 22:00:00,62936.0,62962.1,62710.5,62853.0,3104.191
2026-06-18 23:00:00,62852.9,62959.9,62717.0,62924.1,2527.605
2026-06-19 00:00:00,62924.0,63066.7,62812.7,62991.7,2446.187
2026-06-19 01:00:00,62991.7,63073.0,62814.3,62994.5,2562.735
2026-06-19 02:00:00,62994.5,63088.0,62858.2,62974.2,2107.975
2026-06-19 03:00:00,62974.2,63004.8,62237.2,62745.1,11677.236
2026-06-19 04:00:00,62745.1,62888.8,62375.7,62421.7,5551.656
2026-06-19 05:00:00,62421.8,62715.0,62417.4,62707.0,3774.762
2026-06-19 06:00:00,62707.1,62888.7,62691.0,62865.1,2658.473
2026-06-19 07:00:00,62865.0,62896.8,62465.6,62592.4,5319.797
2026-06-19 08:00:00,62592.4,62758.1,62504.7,62575.7,3585.07
2026-06-19 09:00:00,62575.7,62623.2,62272.4,62353.0,6117.203
2026-06-19 10:00:00,62352.9,62570.1,62347.8,62506.2,3659.625
2026-06-19 11:00:00,62506.3,62664.3,62419.5,62600.0,3035.836
2026-06-19 12:00:00,62600.0,62844.8,62315.2,62799.4,6739.352
2026-06-19 13:00:00,62799.4,63410.3,62629.5,63174.2,13878.128
2026-06-19 14:00:00,63174.1,63398.3,62972.8,63174.8,7794.914
2026-06-19 15:00:00,63174.8,63266.3,62992.0,63193.0,4428.801
2026-06-19 16:00:00,63193.1,63376.6,62897.8,62943.7,6372.556
2026-06-19 17:00:00,62943.7,63213.0,62836.6,63166.7,4859.398
2026-06-19 18:00:00,63166.6,63175.3,62958.0,63079.3,2166.381
2026-06-19 19:00:00,63079.2,63117.0,62907.4,63001.9,1719.554
2026-06-19 20:00:00,63001.8,63245.9,62926.2,63217.4,1587.361
2026-06-19 21:00:00,63217.3,63253.6,63024.1,63048.0,1954.973
2026-06-19 22:00:00,63048.0,63345.1,63015.1,63287.8,3005.024
2026-06-19 23:00:00,63287.8,63645.0,63250.0,63512.6,5223.884
2026-06-20 00:00:00,63512.5,63757.2,63435.0,63496.8,5620.834
2026-06-20 01:00:00,63496.8,63594.2,63368.5,63550.9,2644.972
2026-06-20 02:00:00,63551.0,63551.0,63301.8,63305.7,2722.798
2026-06-20 03:00:00,63305.8,63487.2,63283.5,63440.5,1781.829
2026-06-20 04:00:00,63440.5,63590.0,63367.6,63553.9,2036.026
2026-06-20 05:00:00,63553.9,63894.0,63509.1,63645.5,6526.429
2026-06-20 06:00:00,63645.4,63730.0,63608.6,63710.0,1912.419
2026-06-20 07:00:00,63710.1,63774.2,63558.4,63625.0,3533.917
2026-06-20 08:00:00,63625.0,63630.0,63360.0,63390.8,4745.106
2026-06-20 09:00:00,63390.8,63760.8,63390.3,63700.8,3687.354
2026-06-20 10:00:00,63700.8,63747.7,63559.8,63649.7,2170.014
2026-06-20 11:00:00,63649.6,63770.0,63586.8,63651.3,1580.907
2026-06-20 12:00:00,63651.4,63756.0,63497.3,63627.8,3118.595
2026-06-20 13:00:00,63627.7,63627.8,63242.0,63368.0,6104.423
2026-06-20 14:00:00,63368.0,64150.0,63136.2,63929.5,15156.582
2026-06-20 15:00:00,63929.4,64370.9,63810.0,64139.5,11736.081
2026-06-20 16:00:00,64139.4,64150.0,63875.0,63999.9,4431.632
2026-06-20 17:00:00,63999.9,64015.0,63661.9,63810.7,5116.225
2026-06-20 18:00:00,63810.8,63899.0,63750.3,63776.4,1651.649
2026-06-20 19:00:00,63776.3,63940.3,63764.2,63905.5,1802.738
2026-06-20 20:00:00,63905.5,63945.0,63820.0,63899.4,958.033
2026-06-20 21:00:00,63899.4,64066.6,63886.6,63983.0,1679.864
2026-06-20 22:00:00,63983.0,64326.0,63943.6,64245.9,3225.948
2026-06-20 23:00:00,64245.9,64317.6,64219.7,64270.0,1732.321
2026-06-21 00:00:00,64270.1,64303.0,64217.6,64264.3,2410.512
2026-06-21 01:00:00,64264.3,64297.0,64199.0,64221.3,2876.502
2026-06-21 02:00:00,64221.3,64251.2,64199.0,64219.5,1446.395
2026-06-21 03:00:00,64219.5,64450.0,64207.0,64398.8,3632.131
2026-06-21 04:00:00,64398.8,64568.0,64223.3,64252.7,4422.656
2026-06-21 05:00:00,64252.6,64339.7,64199.0,64226.5,2673.68
2026-06-21 06:00:00,64226.6,64300.0,64168.7,64270.0,1874.008
2026-06-21 07:00:00,64269.9,64270.0,64143.2,64170.1,3195.625
2026-06-21 08:00:00,64170.0,64204.8,63871.3,63987.9,5172.436
2026-06-21 09:00:00,63987.9,64224.5,63928.4,64189.8,3868.644
2026-06-21 10:00:00,64189.8,64384.0,64175.5,64338.9,4012.6
2026-06-21 11:00:00,64339.0,64453.3,64077.3,64149.9,4721.509
2026-06-21 12:00:00,64149.8,64208.7,63916.0,64161.1,4648.175
2026-06-21 13:00:00,64161.1,64161.1,63981.2,64123.2,2524.614
2026-06-21 14:00:00,64123.2,64128.3,63969.7,64120.0,1789.791
2026-06-21 15:00:00,64120.0,64337.3,64081.5,64200.3,2931.074
2026-06-21 16:00:00,64200.2,64231.6,64013.0,64122.3,2597.496
2026-06-21 17:00:00,64122.2,64197.1,64046.4,64114.6,1339.794
2026-06-21 18:00:00,64114.6,64221.0,63907.4,64180.0,2519.631
2026-06-21 19:00:00,64180.1,64284.9,64135.1,64173.6,1206.193
2026-06-21 20:00:00,64173.7,64243.4,63641.3,63824.8,4784.615
2026-06-21 21:00:00,63824.8,63950.0,63475.3,63778.2,7220.217
2026-06-21 22:00:00,63778.1,63840.0,63543.0,63775.3,5017.033
2026-06-21 23:00:00,63775.3,63775.3,63220.0,63287.1,8096.745
2026-06-22 00:00:00,63287.2,64076.0,63286.2,63867.2,8324.368
2026-06-22 01:00:00,63867.3,64788.0,63818.0,64574.5,16112.153
2026-06-22 02:00:00,64574.5,64643.7,64213.8,64226.5,4686.405
2026-06-22 03:00:00,64226.5,64434.6,63857.1,63935.1,8838.637
2026-06-22 04:00:00,63935.1,64085.4,63833.4,64063.6,3987.486
2026-06-22 05:00:00,64063.5,64311.8,64050.6,64219.5,3574.11
2026-06-22 06:00:00,64219.5,64299.0,63912.8,63960.7,2873.557
2026-06-22 07:00:00,63960.6,64384.3,63931.0,64187.9,4308.349
2026-06-22 08:00:00,64188.0,64332.4,64014.9,64133.8,3083.064
2026-06-22 09:00:00,64133.9,64232.5,64019.0,64114.8,1760.141
2026-06-22 10:00:00,64114.7,64250.0,64044.1,64109.8,1568.598
2026-06-22 11:00:00,64109.9,64750.0,64064.5,64624.3,9530.798
2026-06-22 12:00:00,64624.2,65199.0,64545.7,65120.1,14700.714
2026-06-22 13:00:00,65120.0,65565.7,64915.6,65548.0,15228.832
2026-06-22 14:00:00,65547.9,65597.2,64802.3,64943.0,14941.027
2026-06-22 15:00:00,64943.1,65117.2,64722.2,64808.0,6535.352
2026-06-22 16:00:00,64808.0,64835.6,64481.0,64695.7,8721.001
2026-06-22 17:00:00,64695.8,64746.4,64355.0,64580.6,5298.329
2026-06-22 18:00:00,64580.6,64708.0,64249.6,64312.9,5474.731
2026-06-22 19:00:00,64312.9,64475.8,64240.0,64447.9,4662.824
2026-06-22 20:00:00,64450.6,64637.1,64326.0,64409.8,3634.307
2026-06-22 21:00:00,64409.8,64461.0,64112.1,64291.0,3088.035
2026-06-22 22:00:00,64291.0,64370.8,63758.3,63948.4,7545.433
2026-06-22 23:00:00,63948.5,64030.7,63843.8,63990.2,3364.757
2026-06-23 00:00:00,63990.1,64130.0,63803.2,64119.4,3891.308
2026-06-23 01:00:00,64119.4,64242.8,63852.5,64125.2,5358.072
2026-06-23 02:00:00,64125.1,64247.2,64005.5,64165.9,2594.761
2026-06-23 03:00:00,64165.8,64172.2,63933.3,64037.3,3099.414
2026-06-23 04:00:00,64037.2,64068.0,63569.2,63594.9,5712.933
2026-06-23 05:00:00,63594.8,63707.5,63322.0,63372.1,8699.821
2026-06-23 06:00:00,63372.0,63374.4,62532.4,62905.5,25443.262
2026-06-23 07:00:00,62905.5,63070.1,62828.0,62849.2,5860.475
2026-06-23 08:00:00,62849.3,62916.5,61870.0,62353.7,25191.723
2026-06-23 09:00:00,62353.6,62482.0,62309.0,62350.2,4877.636
2026-06-23 10:00:00,62350.3,62563.9,62207.1,62290.4,5432.761
2026-06-23 11:00:00,62290.4,62600.0,62289.2,62478.5,5964.423
2026-06-23 12:00:00,62478.4,62531.6,62157.0,62227.9,5881.479
2026-06-23 13:00:00,62228.0,62513.4,61916.9,62446.6,15070.538
2026-06-23 14:00:00,62446.5,62837.1,62359.2,62462.8,14169.381
2026-06-23 15:00:00,62462.8,62480.3,62161.2,62455.8,7509.637
2026-06-23 16:00:00,62455.9,62812.2,62393.4,62522.9,8663.062
2026-06-23 17:00:00,62522.9,62668.7,62301.7,62330.0,3484.745
2026-06-23 18:00:00,62330.0,62420.0,62075.6,62215.3,4189.498
2026-06-23 19:00:00,62215.3,62467.2,62201.3,62365.7,2790.577
2026-06-23 20:00:00,62365.7,62518.5,62344.2,62439.8,2217.701
2026-06-23 21:00:00,62439.9,62629.9,62434.9,62563.1,2110.412
2026-06-23 22:00:00,62563.1,62749.9,62488.1,62560.1,2806.833
2026-06-23 23:00:00,62560.1,62770.6,62463.7,62696.7,1898.787
2026-06-24 00:00:00,62696.7,62999.9,62696.7,62982.1,4509.603
2026-06-24 01:00:00,62982.1,63090.9,62737.0,62904.6,3777.468
2026-06-24 02:00:00,62904.6,62994.6,62572.1,62598.0,4358.54
2026-06-24 03:00:00,62598.0,62804.0,62402.8,62704.6,5111.386
2026-06-24 04:00:00,62704.6,62779.9,62500.0,62720.6,2797.018
2026-06-24 05:00:00,62720.7,63053.5,62678.0,62859.9,3935.298
2026-06-24 06:00:00,62859.8,62888.0,62700.0,62754.6,1940.615
2026-06-24 07:00:00,62754.7,62822.0,62570.8,62630.3,3406.243
2026-06-24 08:00:00,62630.4,62786.2,62574.0,62773.0,2748.793
2026-06-24 09:00:00,62773.0,62773.0,62608.6,62650.2,1488.171
2026-06-24 10:00:00,62650.2,62657.8,62365.4,62416.8,4330.738
2026-06-24 11:00:00,62416.9,63209.6,62272.1,62887.7,11430.749
2026-06-24 12:00:00,62887.8,62939.3,62543.4,62589.5,5404.984
2026-06-24 13:00:00,62589.5,62604.0,61220.7,61308.2,35472.77
2026-06-24 14:00:00,61308.2,61434.5,60866.0,61085.3,24983.872
2026-06-24 15:00:00,61085.3,61128.9,60238.0,60254.9,24553.002
2026-06-24 16:00:00,60254.9,60649.1,59260.0,59808.2,37783.564
2026-06-24 17:00:00,59808.3,60025.2,59060.0,59363.7,33548.446
2026-06-24 18:00:00,59363.6,59895.3,59269.4,59569.5,16224.69
2026-06-24 19:00:00,59569.5,59973.3,59484.7,59923.8,7889.569
2026-06-24 20:00:00,59923.7,61188.0,59813.9,60926.5,26953.645
2026-06-24 21:00:00,60926.5,61115.2,60633.1,61073.6,6808.637
2026-06-24 22:00:00,61073.6,61256.0,60752.8,60850.2,5756.512
2026-06-24 23:00:00,60850.3,61086.3,60799.9,61051.2,2882.991
2026-06-25 00:00:00,61051.2,61138.9,60666.0,60786.9,5410.751
2026-06-25 01:00:00,60786.9,60960.5,60686.8,60892.9,3603.816
2026-06-25 02:00:00,60892.9,60939.0,60660.0,60763.2,4314.462
2026-06-25 03:00:00,60763.3,60877.7,60648.0,60853.9,3048.144
2026-06-25 04:00:00,60854.0,61389.0,60756.4,61323.2,6224.548
2026-06-25 05:00:00,61323.3,61800.0,61241.9,61567.1,13551.642
2026-06-25 06:00:00,61567.1,61829.1,61567.1,61693.5,4754.255
2026-06-25 07:00:00,61693.5,61931.1,61632.2,61886.7,6467.034
2026-06-25 08:00:00,61886.8,61897.6,61653.0,61686.4,5343.995
2026-06-25 09:00:00,61686.5,61764.9,61578.4,61707.8,3667.26
2026-06-25 10:00:00,61707.9,61727.9,61228.4,61245.3,7304.194
2026-06-25 11:00:00,61245.4,61395.3,61033.5,61258.2,11773.247
2026-06-25 12:00:00,61258.2,61742.9,61048.5,61216.4,12542.989
2026-06-25 13:00:00,61216.4,61346.4,58030.0,58248.4,65568.385
2026-06-25 14:00:00,58248.4,60466.9,58248.4,59448.7,68127.991
2026-06-25 15:00:00,59448.7,59630.2,58835.2,59536.2,20883.361
2026-06-25 16:00:00,59536.2,60035.7,59130.0,59284.0,13732.675
2026-06-25 17:00:00,59284.1,59720.0,59114.4,59656.3,7827.95
2026-06-25 18:00:00,59656.3,59775.0,59333.0,59491.0,7260.279
2026-06-25 19:00:00,59491.2,59496.6,59152.7,59299.8,7110.978
2026-06-25 20:00:00,59299.9,59723.5,59298.7,59428.8,6367.176
2026-06-25 21:00:00,59428.9,60245.0,59422.7,60180.7,6267.02
2026-06-25 22:00:00,60180.7,60180.8,59705.4,59815.1,6099.121
2026-06-25 23:00:00,59815.1,60164.3,59709.1,59771.9,4578.901
2026-06-26 00:00:00,59772.0,59882.2,59608.1,59638.2,3871.116
2026-06-26 01:00:00,59638.2,59761.3,59200.0,59413.0,6344.268
2026-06-26 02:00:00,59413.1,59432.3,58325.6,58536.0,24980.279
2026-06-26 03:00:00,58536.0,60125.7,58288.0,60015.0,26425.366
2026-06-26 04:00:00,60015.0,60234.8,59802.3,59899.9,8739.818
2026-06-26 05:00:00,59899.9,60039.1,59703.1,59921.8,5871.329
2026-06-26 06:00:00,59921.9,60440.0,59666.2,60298.9,10771.225
2026-06-26 07:00:00,60298.9,60734.0,60252.6,60491.0,14629.556
2026-06-26 08:00:00,60491.0,60542.6,60112.0,60215.3,7945.368
2026-06-26 09:00:00,60215.3,60229.8,59544.7,59709.3,10679.166
2026-06-26 10:00:00,59709.3,59834.2,59210.4,59290.0,10744.708
2026-06-26 11:00:00,59290.0,59569.0,59233.1,59392.4,6798.892
2026-06-26 12:00:00,59392.4,59998.4,58940.0,59167.6,23971.564
2026-06-26 13:00:00,59167.6,60189.5,58388.0,60153.3,35902.97
2026-06-26 14:00:00,60153.5,60274.2,59358.8,59568.9,21091.08
2026-06-26 15:00:00,59568.9,60494.1,59560.0,60296.6,16399.595
2026-06-26 16:00:00,60296.9,60580.0,59933.1,60017.8,13029.495
2026-06-26 17:00:00,60017.8,60276.5,59921.4,60000.0,6949.554
2026-06-26 18:00:00,60000.0,60140.7,59530.7,59648.9,5774.528
2026-06-26 19:00:00,59648.9,60077.8,59586.3,59719.7,7106.059
2026-06-26 20:00:00,59719.9,59970.0,59556.0,59694.7,4861.161
2026-06-26 21:00:00,59694.7,60028.0,59649.2,59887.6,2664.982
2026-06-26 22:00:00,59887.6,60051.0,59717.1,60007.5,3088.676
2026-06-26 23:00:00,60007.6,60090.8,59871.9,60072.0,3454.396
2026-06-27 00:00:00,60071.9,60167.3,59846.2,60033.4,3606.601
2026-06-27 01:00:00,60033.4,60046.9,59904.8,59919.1,1013.631
2026-06-27 02:00:00,59919.0,60349.0,59888.7,60256.6,4979.232
2026-06-27 03:00:00,60256.6,60387.8,60134.5,60274.7,3264.048
2026-06-27 04:00:00,60274.8,60472.2,60189.4,60215.9,3433.958
2026-06-27 05:00:00,60215.9,60286.0,60101.9,60208.3,1945.532
2026-06-27 06:00:00,60208.4,60492.2,60074.5,60345.3,4271.161
2026-06-27 07:00:00,60345.2,60557.8,60266.0,60522.3,3356.548
2026-06-27 08:00:00,60522.4,60522.5,60336.2,60425.1,2454.04
2026-06-27 09:00:00,60425.2,60482.9,60261.0,60391.2,2310.771
2026-06-27 10:00:00,60391.3,60466.5,60350.0,60390.3,1032.741
2026-06-27 11:00:00,60390.3,60425.4,60162.0,60331.9,3122.375
2026-06-27 12:00:00,60331.9,60407.1,60222.6,60394.0,1807.192
2026-06-27 13:00:00,60394.0,60643.1,60356.1,60554.6,4154.884
2026-06-27 14:00:00,60554.6,60697.6,60480.0,60588.9,3321.5
2026-06-27 15:00:00,60589.0,60924.7,60541.1,60817.2,7814.952
2026-06-27 16:00:00,60817.3,60850.0,60648.2,60785.0,2778.326
2026-06-27 17:00:00,60784.9,60796.6,60383.0,60495.6,6435.887
2026-06-27 18:00:00,60495.6,60547.3,60420.2,60537.8,1662.956
2026-06-27 19:00:00,60537.9,60576.9,60050.0,60149.9,5900.77
2026-06-27 20:00:00,60149.9,60283.4,60141.7,60272.8,1563.196
2026-06-27 21:00:00,60272.8,60469.8,60108.9,60173.4,2727.898
2026-06-27 22:00:00,60173.4,60230.0,59819.8,60204.3,4692.97
2026-06-27 23:00:00,60204.3,60303.2,59913.9,60000.3,3651.424
2026-06-28 00:00:00,60000.4,60168.7,59983.3,60125.1,1900.278
2026-06-28 01:00:00,60125.1,60256.8,59950.0,60193.0,2439.438
2026-06-28 02:00:00,60193.1,60314.3,60017.2,60121.2,2057.691
2026-06-28 03:00:00,60121.2,60250.4,60121.2,60169.5,1454.945
2026-06-28 04:00:00,60169.5,60205.4,60060.0,60108.1,1216.104
2026-06-28 05:00:00,60108.0,60112.3,59714.8,59956.6,5438.2
2026-06-28 06:00:00,59956.6,60020.0,59772.9,59970.0,2915.154
2026-06-28 07:00:00,59970.0,60247.1,59965.8,60192.5,3433.223
2026-06-28 08:00:00,60192.4,60543.3,60109.5,60340.1,4910.201
2026-06-28 09:00:00,60340.1,60444.0,60223.1,60230.0,2760.374
2026-06-28 10:00:00,60230.0,60271.8,60037.0,60138.5,2477.136
2026-06-28 11:00:00,60138.4,60351.3,60091.4,60314.9,2495.801
2026-06-28 12:00:00,60315.0,60435.8,60161.2,60270.0,2227.61
2026-06-28 13:00:00,60269.9,60269.9,59934.3,60044.5,4290.318
2026-06-28 14:00:00,60044.6,60228.5,59983.0,59995.3,2937.391
2026-06-28 15:00:00,59995.3,60103.2,59781.8,59849.9,5771.027
2026-06-28 16:00:00,59850.0,59915.7,59550.0,59655.9,7424.561
2026-06-28 17:00:00,59655.9,59821.9,59366.6,59557.3,8401.918
2026-06-28 18:00:00,59557.3,59678.8,59466.9,59580.7,3170.957
2026-06-28 19:00:00,59580.7,59658.2,59224.6,59451.4,5640.911
2026-06-28 20:00:00,59451.3,59747.7,59443.8,59634.0,4223.368
2026-06-28 21:00:00,59634.1,59773.8,59300.0,59418.1,4650.66
2026-06-28 22:00:00,59418.1,59883.2,58888.0,59040.1,13650.068
2026-06-28 23:00:00,59040.0,59820.4,58975.0,59550.2,7711.363
2026-06-29 00:00:00,59550.2,59678.1,58978.2,59637.3,9238.488
2026-06-29 01:00:00,59637.3,59674.3,59170.5,59413.0,5035.286
2026-06-29 02:00:00,59413.0,59788.0,58850.0,59731.7,13997.776
2026-06-29 03:00:00,59731.8,60219.4,59731.8,60019.8,9982.299
2026-06-29 04:00:00,60019.9,60031.5,59717.0,59806.2,2746.071
2026-06-29 05:00:00,59806.2,60088.0,59360.3,60082.7,6969.253
2026-06-29 06:00:00,60082.7,60325.0,60022.2,60051.0,7371.999
2026-06-29 07:00:00,60051.1,60162.5,59900.7,59998.9,3635.785
2026-06-29 08:00:00,59998.9,60070.1,59712.8,59806.9,4899.419
2026-06-29 09:00:00,59806.9,60089.1,59750.1,60031.3,5094.505
2026-06-29 10:00:00,60031.3,60287.1,60031.3,60062.4,5511.908
2026-06-29 11:00:00,60062.3,60193.2,59770.4,59927.2,6062.808
2026-06-29 12:00:00,59927.2,60758.3,59552.6,59923.5,34963.613
2026-06-29 13:00:00,59923.5,60313.0,59302.8,59559.3,21676.377
2026-06-29 14:00:00,59559.4,59689.6,58988.0,59444.0,22336.282
2026-06-29 15:00:00,59444.1,59939.2,59067.6,59800.2,18439.212
2026-06-29 16:00:00,59800.3,59999.0,59562.6,59870.9,6543.241
2026-06-29 17:00:00,59870.9,60666.6,59870.9,60396.0,17431.193
2026-06-29 18:00:00,60396.0,60500.1,60150.2,60275.4,6924.679
2026-06-29 19:00:00,60275.4,60540.0,60127.4,60409.3,6026.141
2026-06-29 20:00:00,60409.3,60535.0,60265.1,60271.2,4954.154
2026-06-29 21:00:00,60271.2,60565.6,60232.1,60454.9,2822.026
2026-06-29 22:00:00,60454.9,60493.2,60314.0,60326.5,2066.396
2026-06-29 23:00:00,60326.4,60353.9,60134.0,60224.7,3047.364
2026-06-30 00:00:00,60224.7,60250.0,59667.5,59806.1,9133.247
2026-06-30 01:00:00,59806.1,60024.9,59740.0,59919.6,4682.306
2026-06-30 02:00:00,59919.6,60021.4,59719.6,59920.4,3470.21
2026-06-30 03:00:00,59920.4,60007.9,59570.0,59596.1,5570.503
2026-06-30 04:00:00,59596.1,59672.1,59400.0,59458.3,8066.536
2026-06-30 05:00:00,59458.3,59633.5,59329.2,59627.7,7258.542
2026-06-30 06:00:00,59627.8,59698.9,59488.6,59571.7,3736.821
2026-06-30 07:00:00,59571.6,59611.7,59423.3,59497.7,3824.498
2026-06-30 08:00:00,59497.7,59532.7,59159.0,59285.8,8863.332
2026-06-30 09:00:00,59285.8,59397.0,59225.0,59348.7,4167.963
2026-06-30 10:00:00,59348.7,59403.0,59264.5,59303.6,2380.9
2026-06-30 11:00:00,59303.7,59399.3,59100.0,59162.3,6214.318
2026-06-30 12:00:00,59162.2,59162.3,58351.0,58374.8,25243.04
2026-06-30 13:00:00,58374.8,58791.7,58200.0,58711.9,26034.559
2026-06-30 14:00:00,58711.8,59264.4,58400.1,58458.6,23045.692
2026-06-30 15:00:00,58458.7,58785.6,58160.0,58356.2,18133.224
2026-06-30 16:00:00,58356.2,58617.4,58223.3,58479.3,7812.9
2026-06-30 17:00:00,58479.2,58604.8,58290.0,58396.7,4252.186
2026-06-30 18:00:00,58396.8,58675.0,58334.0,58659.8,4692.25
2026-06-30 19:00:00,58659.9,58819.9,58560.0,58794.4,4770.762
2026-06-30 20:00:00,58794.0,58850.0,58621.3,58708.0,3590.107
2026-06-30 21:00:00,58708.0,58744.3,58472.3,58612.1,3145.534
2026-06-30 22:00:00,58612.3,58780.0,58477.1,58575.8,2005.278
2026-06-30 23:00:00,58575.7,58636.7,58518.8,58605.4,1551.593
2026-07-01 00:00:00,58605.4,58720.0,58270.0,58548.7,5536.729
2026-07-01 01:00:00,58548.7,58991.6,57758.6,58741.7,28902.834
2026-07-01 02:00:00,58741.8,59152.0,58632.4,59063.3,12017.6
2026-07-01 03:00:00,59063.3,59298.4,58823.9,59169.6,9833.129
2026-07-01 04:00:00,59169.7,59444.5,59030.9,59311.2,5966.189
2026-07-01 05:00:00,59311.1,59350.0,59085.0,59122.4,4463.091
2026-07-01 06:00:00,59122.3,59130.0,58500.1,58726.8,13792.727
2026-07-01 07:00:00,58726.7,58797.6,58567.2,58744.4,4204.786
2026-07-01 08:00:00,58744.4,58965.0,58450.7,58950.8,6346.255
2026-07-01 09:00:00,58950.8,59069.7,58792.8,58921.4,5253.469
2026-07-01 10:00:00,58921.4,58923.3,58590.9,58631.6,3734.411
2026-07-01 11:00:00,58631.6,58733.5,58524.2,58592.9,3608.449
2026-07-01 12:00:00,58592.8,58655.6,58294.1,58495.6,8651.069
2026-07-01 13:00:00,58495.6,59486.7,58495.5,59463.1,22483.032
2026-07-01 14:00:00,59463.0,60067.9,59239.9,59523.8,29537.612
2026-07-01 15:00:00,59523.7,60520.0,59496.9,60118.5,22422.372
2026-07-01 16:00:00,60118.6,60244.0,59836.1,59902.8,7712.896
2026-07-01 17:00:00,59902.9,60218.2,59762.6,60166.5,6967.927
2026-07-01 18:00:00,60166.5,60278.9,59992.7,60141.5,4929.144
2026-07-01 19:00:00,60141.5,60332.8,59952.3,60000.0,5201.063
2026-07-01 20:00:00,60000.0,60170.3,59844.5,60100.3,4206.586
2026-07-01 21:00:00,60100.3,60827.8,60092.7,60799.9,16099.76
2026-07-01 22:00:00,60799.9,61322.0,60319.3,60446.3,23792.275
2026-07-01 23:00:00,60446.3,60446.3,59949.2,59999.6,8275.076
2026-07-02 00:00:00,59999.6,60005.7,59555.0,59719.7,11009.328
2026-07-02 01:00:00,59719.7,60298.0,59688.9,60150.0,8878.647
2026-07-02 02:00:00,60150.0,60467.2,59978.3,60392.5,5419.48
2026-07-02 03:00:00,60392.4,61102.5,60259.1,61032.9,12526.353
2026-07-02 04:00:00,61032.9,61033.0,60703.1,60757.7,7263.034
2026-07-02 05:00:00,60757.7,60852.9,60450.0,60479.9,9042.359
2026-07-02 06:00:00,60480.0,60623.5,60232.6,60247.6,8467.548
2026-07-02 07:00:00,60247.6,60288.0,60080.9,60125.8,9344.837
2026-07-02 08:00:00,60125.8,60542.2,60113.5,60486.8,6198.207
2026-07-02 09:00:00,60486.7,61447.0,60342.5,61159.6,25607.036
2026-07-02 10:00:00,61159.6,61330.0,61019.8,61238.5,9252.747
2026-07-02 11:00:00,61238.4,61367.3,61100.0,61329.1,12681.094
2026-07-02 12:00:00,61329.1,61591.1,61109.9,61507.4,18071.778
2026-07-02 13:00:00,61507.3,62077.3,61472.0,61913.5,25674.18
2026-07-02 14:00:00,61913.6,62180.0,61368.8,61669.8,18344.228
2026-07-02 15:00:00,61669.7,61844.4,61400.0,61584.0,7696.828
2026-07-02 16:00:00,61584.0,61754.9,61113.8,61646.8,13879.115
2026-07-02 17:00:00,61646.8,61900.0,61592.8,61643.0,6139.152
2026-07-02 18:00:00,61643.0,61847.2,61633.7,61733.5,3075.802
2026-07-02 19:00:00,61733.5,61739.7,61388.1,61452.5,5108.61
2026-07-02 20:00:00,61452.4,61576.8,61308.3,61555.4,4121.371
2026-07-02 21:00:00,61555.3,61634.3,61500.0,61570.6,1957.081
2026-07-02 22:00:00,61570.5,61570.6,61388.0,61445.0,3574.01
2026-07-02 23:00:00,61444.9,61588.2,61333.0,61540.6,2617.247
2026-07-03 00:00:00,61540.5,61558.8,61229.0,61283.9,3597.556
2026-07-03 01:00:00,61283.9,61727.2,61261.0,61566.5,4451.238
2026-07-03 02:00:00,61566.6,61647.0,61271.0,61411.8,3999.381
2026-07-03 03:00:00,61411.9,61558.0,61300.0,61407.6,3005.736
2026-07-03 04:00:00,61407.5,61504.6,61300.4,61420.5,2696.433
2026-07-03 05:00:00,61420.5,61788.0,61403.1,61674.8,4765.665
2026-07-03 06:00:00,61674.7,61825.1,61584.0,61680.5,3450.463
2026-07-03 07:00:00,61680.6,61849.7,61634.1,61733.6,3348.266
2026-07-03 08:00:00,61733.7,61875.3,61525.9,61553.5,4222.917
2026-07-03 09:00:00,61553.6,61760.7,61480.7,61686.8,3311.924
2026-07-03 10:00:00,61686.9,62017.7,61640.2,61886.6,5642.212
2026-07-03 11:00:00,61886.5,62078.6,61808.1,61992.8,5889.006
2026-07-03 12:00:00,61992.8,62149.3,61841.0,61952.5,8242.179
2026-07-03 13:00:00,61952.6,62271.9,61910.5,62083.8,5936.24
2026-07-03 14:00:00,62083.9,62257.0,61653.0,62142.9,8788.007
2026-07-03 15:00:00,62142.9,62386.7,61778.1,61895.2,13581.616
2026-07-03 16:00:00,61895.2,62103.5,61877.6,62081.9,4059.255
2026-07-03 17:00:00,62081.9,62266.8,62036.0,62171.5,4094.585
2026-07-03 18:00:00,62171.5,62223.7,62087.4,62180.2,2583.154
2026-07-03 19:00:00,62180.3,62292.4,62120.1,62178.4,3755.875
2026-07-03 20:00:00,62178.4,62898.0,62151.2,62759.3,21132.14
2026-07-03 21:00:00,62759.3,62957.2,62488.8,62706.8,7035.75
2026-07-03 22:00:00,62706.9,62726.0,62513.0,62549.3,2682.334
2026-07-03 23:00:00,62549.3,62688.0,62507.1,62565.5,2226.562
2026-07-04 00:00:00,62565.5,62925.7,62560.5,62735.1,5338.885
2026-07-04 01:00:00,62735.0,62735.1,62381.6,62450.0,5177.732
2026-07-04 02:00:00,62450.0,62556.5,62404.0,62514.0,1900.751
2026-07-04 03:00:00,62514.1,62734.7,62460.0,62609.6,2757.48
2026-07-04 04:00:00,62609.6,62735.2,62568.8,62661.5,1944.821
2026-07-04 05:00:00,62661.6,62661.6,62395.7,62445.6,2620.858
2026-07-04 06:00:00,62445.7,62538.6,62302.6,62473.2,2993.905
2026-07-04 07:00:00,62473.1,62612.6,62441.8,62549.0,2131.436
2026-07-04 08:00:00,62549.1,62654.1,62485.1,62528.0,2712.962
2026-07-04 09:00:00,62527.9,62559.3,62386.1,62466.0,1929.56
2026-07-04 10:00:00,62466.0,62518.8,62418.3,62483.9,1203.457
2026-07-04 11:00:00,62483.8,62545.4,62430.1,62458.7,1559.204
2026-07-04 12:00:00,62458.6,62671.5,62458.6,62634.1,1790.061
2026-07-04 13:00:00,62634.0,62755.5,62509.4,62563.0,2399.918
2026-07-04 14:00:00,62562.9,62719.3,62562.4,62671.9,1875.0
2026-07-04 15:00:00,62671.8,63069.6,62666.7,62908.8,9460.185
2026-07-04 16:00:00,62908.7,62943.0,62752.9,62895.2,2956.899
2026-07-04 17:00:00,62895.2,63420.0,62769.8,63245.6,10022.122
2026-07-04 18:00:00,63245.5,63324.8,63070.0,63137.5,3957.615
2026-07-04 19:00:00,63137.5,63450.0,63090.0,63268.1,4202.383
2026-07-04 20:00:00,63268.0,63367.0,63128.4,63208.9,2485.99
2026-07-04 21:00:00,63208.8,63430.0,63172.8,63274.7,2460.986
2026-07-04 22:00:00,63274.6,63286.4,63129.4,63167.7,1955.701
2026-07-04 23:00:00,63167.7,63215.8,62902.7,63114.8,3811.613
2026-07-05 00:00:00,63114.9,63114.9,62824.4,62962.5,3551.601
2026-07-05 01:00:00,62962.6,63022.6,62762.3,62859.8,4010.604
2026-07-05 02:00:00,62859.8,62902.6,62549.6,62673.8,4562.372
2026-07-05 03:00:00,62673.7,62766.0,62626.5,62739.1,2361.782
2026-07-05 04:00:00,62739.1,62928.0,62680.0,62787.3,2921.002
2026-07-05 05:00:00,62787.0,62788.4,62628.0,62716.4,2140.339
2026-07-05 06:00:00,62716.4,62800.0,62644.3,62749.9,1389.733
2026-07-05 07:00:00,62749.8,63039.3,62690.5,62995.1,3714.195
2026-07-05 08:00:00,62995.1,63084.0,62868.0,62893.3,2742.219
2026-07-05 09:00:00,62893.4,62908.7,62410.1,62600.3,6542.351
2026-07-05 10:00:00,62600.2,62737.9,62507.2,62737.6,2252.572
2026-07-05 11:00:00,62737.6,62799.9,62582.3,62630.0,1774.562
2026-07-05 12:00:00,62630.0,62752.0,62534.3,62718.2,2260.963
2026-07-05 13:00:00,62718.3,62797.9,62617.5,62769.9,2043.696
2026-07-05 14:00:00,62769.9,62793.6,62621.5,62785.3,1709.374
2026-07-05 15:00:00,62785.2,62923.7,62646.9,62711.9,4065.907
2026-07-05 16:00:00,62711.9,62745.6,62570.0,62612.0,3034.915
2026-07-05 17:00:00,62612.0,62800.0,62564.4,62601.3,2087.571
2026-07-05 18:00:00,62601.4,62865.0,62587.8,62787.6,1904.702
2026-07-05 19:00:00,62787.6,62848.5,62691.2,62744.0,1276.56
2026-07-05 20:00:00,62744.1,62815.1,62667.5,62704.7,862.24
2026-07-05 21:00:00,62704.8,63224.7,62580.0,63070.4,6287.574
2026-07-05 22:00:00,63070.4,63979.3,62976.3,63717.1,20592.411
2026-07-05 23:00:00,63717.1,63990.7,63542.8,63617.1,8537.899
2026-07-06 00:00:00,63617.2,63760.0,63308.3,63728.4,7726.289
2026-07-06 01:00:00,63728.3,63900.0,63520.0,63544.2,4911.735
2026-07-06 02:00:00,63544.1,63644.1,63340.4,63425.1,5031.491
2026-07-06 03:00:00,63425.1,63478.4,63101.2,63273.0,6110.788
2026-07-06 04:00:00,63272.9,63368.3,63154.6,63242.9,2765.979
2026-07-06 05:00:00,63242.8,63242.8,62912.6,63086.0,6116.52
2026-07-06 06:00:00,63086.0,63125.6,62940.0,62962.6,3366.096
2026-07-06 07:00:00,62962.6,63102.7,62858.4,63064.5,4208.151
2026-07-06 08:00:00,63064.5,63226.4,62807.1,62876.1,5227.929
2026-07-06 09:00:00,62876.0,62893.9,62610.0,62646.6,5981.406
2026-07-06 10:00:00,62646.5,63019.3,62641.5,62797.6,5488.25
2026-07-06 11:00:00,62797.7,62979.4,62461.4,62461.4,10912.522
2026-07-06 12:00:00,62461.2,62467.2,61652.0,61733.6,34860.28
2026-07-06 13:00:00,61733.6,62023.8,61297.0,61751.7,25787.251
2026-07-06 14:00:00,61751.7,62397.3,61679.4,62019.7,16281.511
2026-07-06 15:00:00,62019.7,63531.1,62019.7,63523.1,28807.014
2026-07-06 16:00:00,63523.0,63850.0,63356.8,63710.4,21207.184
2026-07-06 17:00:00,63710.4,63977.9,63539.9,63565.2,11369.867
2026-07-06 18:00:00,63565.2,63867.5,63532.8,63675.7,4653.007
2026-07-06 19:00:00,63675.8,63874.4,63628.0,63709.8,3459.098
2026-07-06 20:00:00,63709.9,63868.0,63560.0,63798.0,3993.392
2026-07-06 21:00:00,63798.1,64691.9,63781.7,64475.9,17905.498
2026-07-06 22:00:00,64475.9,64488.8,64129.4,64227.2,3777.611
2026-07-06 23:00:00,64227.2,64330.5,64002.0,64023.6,2844.93
2026-07-07 00:00:00,64023.5,64298.1,63981.6,64175.2,4516.091
2026-07-07 01:00:00,64175.1,64175.2,63738.9,63815.0,6656.918
2026-07-07 02:00:00,63815.0,63884.1,63257.0,63298.2,12011.75
2026-07-07 03:00:00,63298.2,63412.8,63122.0,63165.0,6438.175
2026-07-07 04:00:00,63164.9,63266.7,63030.7,63069.0,5517.363
2026-07-07 05:00:00,63069.0,63232.7,62745.6,63092.5,10146.888
2026-07-07 06:00:00,63092.4,63373.3,62954.4,63310.0,6420.153
2026-07-07 07:00:00,63309.9,63424.2,63050.0,63062.6,5308.971
2026-07-07 08:00:00,63062.7,63165.7,62958.4,63074.0,3246.141
2026-07-07 09:00:00,63074.0,63317.4,63030.0,63226.9,3984.997
2026-07-07 10:00:00,63227.0,63432.8,63185.4,63258.6,4429.345
2026-07-07 11:00:00,63258.6,63427.8,63080.0,63377.7,4669.388
2026-07-07 12:00:00,63377.8,63868.0,63365.7,63451.9,11307.971
2026-07-07 13:00:00,63451.8,63455.4,62960.3,63033.2,13510.125
2026-07-07 14:00:00,63033.3,63617.8,62638.0,63536.5,19586.851
2026-07-07 15:00:00,63536.5,64096.0,63349.4,63910.0,15827.862
2026-07-07 16:00:00,63910.0,64234.1,63780.3,63962.4,8485.483
2026-07-07 17:00:00,63962.4,64211.0,63868.2,64164.7,4437.323
2026-07-07 18:00:00,64164.6,64168.8,63646.5,63653.8,6767.564
2026-07-07 19:00:00,63653.6,63873.2,63351.4,63794.9,8996.679
2026-07-07 20:00:00,63794.9,63874.6,63588.5,63668.3,2860.895
2026-07-07 21:00:00,63668.4,63839.9,63264.0,63399.5,5782.613
2026-07-07 22:00:00,63399.5,63635.4,63177.0,63514.9,3966.559
2026-07-07 23:00:00,63514.9,63679.5,63288.0,63335.4,2329.733
2026-07-08 00:00:00,63335.4,63740.2,63274.1,63585.9,3564.601
2026-07-08 01:00:00,63585.9,63624.0,62883.6,63003.7,8120.007
2026-07-08 02:00:00,63003.7,63037.1,62466.9,62951.3,13015.007
2026-07-08 03:00:00,62951.4,63067.9,62666.0,62741.0,4155.352
2026-07-08 04:00:00,62741.0,62873.3,62643.6,62767.3,3191.098
2026-07-08 05:00:00,62766.9,62851.2,62520.4,62613.8,4053.867
2026-07-08 06:00:00,62613.8,62718.2,62434.9,62628.5,5098.065
2026-07-08 07:00:00,62628.5,62867.7,62519.3,62854.1,5614.701
2026-07-08 08:00:00,62854.1,62921.8,61821.0,61989.8,24133.055
2026-07-08 09:00:00,61989.8,62142.9,61708.2,62031.7,11392.528
2026-07-08 10:00:00,62031.8,62164.7,61876.0,62149.8,5056.481
2026-07-08 11:00:00,62149.9,62366.0,62025.2,62270.0,5367.666
2026-07-08 12:00:00,62270.0,62394.1,61933.0,61933.9,5991.213
2026-07-08 13:00:00,61933.9,62073.6,61615.0,61923.0,12545.108
2026-07-08 14:00:00,61922.9,62151.9,61686.7,61865.5,10860.112
2026-07-08 15:00:00,61865.6,61900.5,61520.0,61674.5,9713.099
2026-07-08 16:00:00,61674.6,62129.8,61666.0,62086.4,7113.853
2026-07-08 17:00:00,62086.3,62372.7,62005.2,62086.5,6899.963
2026-07-08 18:00:00,62086.4,62331.0,62014.1,62158.8,3724.733
2026-07-08 19:00:00,62158.9,62270.4,62043.0,62251.9,2519.071
2026-07-08 20:00:00,62251.9,62287.1,62051.2,62076.2,2354.879
2026-07-08 21:00:00,62076.2,62226.4,61926.9,62162.4,4462.192
2026-07-08 22:00:00,62162.4,62331.8,62144.4,62303.5,2226.252
2026-07-08 23:00:00,62303.5,62320.6,62139.3,62255.3,1922.822
2026-07-09 00:00:00,62255.1,62284.4,62025.4,62101.8,3023.797
2026-07-09 01:00:00,62101.8,62620.2,61796.1,61882.2,10363.949
2026-07-09 02:00:00,61882.2,62098.0,61666.0,61753.7,4989.881
2026-07-09 03:00:00,61753.8,62042.7,61693.1,61943.1,3408.734
2026-07-09 04:00:00,61943.2,62427.7,61929.0,62420.4,5177.524
2026-07-09 05:00:00,62420.3,62599.6,62204.9,62565.8,7762.964
2026-07-09 06:00:00,62565.8,62958.0,62452.1,62934.0,10744.759
2026-07-09 07:00:00,62933.9,63286.5,62774.5,62973.7,11947.227
2026-07-09 08:00:00,62973.6,63083.9,62822.8,62872.6,4400.093
2026-07-09 09:00:00,62872.6,62980.4,62753.1,62925.0,3618.009
2026-07-09 10:00:00,62925.0,63030.5,62653.8,62757.2,3716.851
2026-07-09 11:00:00,62757.2,62804.8,62583.4,62756.0,5140.324
2026-07-09 12:00:00,62755.9,62934.3,62428.5,62583.3,19486.3
2026-07-09 13:00:00,62583.3,63215.0,62490.2,62999.9,9489.196
2026-07-09 14:00:00,63000.0,63117.9,62620.1,62982.5,7113.788
2026-07-09 15:00:00,62982.4,63233.0,62782.5,62835.4,6941.238
2026-07-09 16:00:00,62835.4,62969.3,62525.2,62670.7,5324.178
2026-07-09 17:00:00,62670.7,63146.0,62640.2,63114.7,5492.868
2026-07-09 18:00:00,63114.8,63484.9,63041.9,63199.8,10034.92
2026-07-09 19:00:00,63199.9,63365.0,63130.0,63222.9,2981.368
2026-07-09 20:00:00,63222.9,63300.0,63148.1,63288.7,1854.485
2026-07-09 21:00:00,63288.8,63371.7,63162.7,63248.9,1886.986
2026-07-09 22:00:00,63249.0,63395.9,63180.9,63186.1,2732.059
2026-07-09 23:00:00,63186.2,63299.9,63032.2,63197.0,3222.795
2026-07-10 00:00:00,63197.1,63239.2,62897.0,63085.3,4961.377
2026-07-10 01:00:00,63085.3,63938.8,62931.7,63726.6,11961.053
2026-07-10 02:00:00,63726.7,64022.0,63662.6,63935.0,7618.357
2026-07-10 03:00:00,63935.0,64019.7,63789.0,63917.2,4041.922
2026-07-10 04:00:00,63917.3,64168.0,63826.4,64019.3,6097.263
2026-07-10 05:00:00,64019.2,64185.0,63915.0,64090.0,4203.902
2026-07-10 06:00:00,64089.9,64138.7,63804.4,63832.8,4672.326
2026-07-10 07:00:00,63832.8,63980.0,63765.5,63956.1,4743.281
2026-07-10 08:00:00,63956.1,64387.9,63949.1,64211.4,12036.605
2026-07-10 09:00:00,64211.5,64459.9,64065.7,64360.4,8387.949
2026-07-10 10:00:00,64360.4,64478.3,64244.6,64374.0,4417.956
2026-07-10 11:00:00,64374.0,64450.3,64309.0,64394.2,2719.427
2026-07-10 12:00:00,64394.2,64587.9,64236.3,64258.9,6480.494
2026-07-10 13:00:00,64258.9,64680.0,64127.0,64453.7,9691.781
2026-07-10 14:00:00,64453.6,64491.8,63768.0,63897.9,13660.447
2026-07-10 15:00:00,63897.9,64196.1,63875.5,64018.7,5262.22
2026-07-10 16:00:00,64018.7,64208.1,63802.4,64118.9,4431.076
2026-07-10 17:00:00,64118.9,64139.6,63803.6,63804.0,2988.902
2026-07-10 18:00:00,63804.1,63990.0,63718.1,63792.0,2758.665
2026-07-10 19:00:00,63792.0,64029.9,63755.8,63900.4,3498.343
2026-07-10 20:00:00,63900.4,63909.2,63619.9,63820.0,6698.936
2026-07-10 21:00:00,63820.1,64086.4,63813.6,63987.6,2417.892
2026-07-10 22:00:00,63987.7,64142.7,63953.9,64089.9,2814.802
2026-07-10 23:00:00,64089.8,64176.9,63989.2,64129.5,2223.081
2026-07-11 00:00:00,64129.5,64137.1,64000.0,64090.1,1731.884
2026-07-11 01:00:00,64090.1,64288.7,63969.9,63979.2,2766.132
2026-07-11 02:00:00,63979.1,64137.8,63950.1,64130.5,1433.009
2026-07-11 03:00:00,64130.5,64169.1,64037.4,64117.2,1351.12
2026-07-11 04:00:00,64117.2,64182.0,64047.2,64123.4,1026.864
2026-07-11 05:00:00,64123.4,64198.8,64085.2,64141.6,1652.038
2026-07-11 06:00:00,64141.6,64250.0,64091.6,64186.7,1422.943
2026-07-11 07:00:00,64186.7,64224.0,64120.6,64132.6,1227.267
2026-07-11 08:00:00,64132.6,64280.0,64123.0,64239.6,1627.259
2026-07-11 09:00:00,64239.6,64272.7,64129.0,64143.0,1347.449
2026-07-11 10:00:00,64143.1,64185.0,64110.2,64163.9,1266.216
2026-07-11 11:00:00,64163.9,64192.8,64146.3,64176.0,761.804
2026-07-11 12:00:00,64176.1,64207.0,64112.0,64168.4,1196.286
2026-07-11 13:00:00,64168.5,64245.4,64144.4,64213.9,1495.498
2026-07-11 14:00:00,64213.9,64497.4,64213.9,64321.0,4280.166
2026-07-11 15:00:00,64321.0,64461.4,63668.8,64139.0,11703.971
2026-07-11 16:00:00,64139.1,64245.3,64050.4,64148.2,2521.736
2026-07-11 17:00:00,64148.1,64375.8,64133.4,64289.8,2299.591
2026-07-11 18:00:00,64289.8,64368.6,64258.1,64299.7,1059.229
2026-07-11 19:00:00,64299.7,64313.1,64205.7,64262.0,899.66
2026-07-11 20:00:00,64261.9,64438.9,64261.9,64353.2,1218.353
2026-07-11 21:00:00,64353.3,64404.7,64310.0,64325.5,906.265
2026-07-11 22:00:00,64325.5,64405.2,64110.5,64169.1,2214.267
2026-07-11 23:00:00,64169.1,64223.2,63776.0,63783.0,6265.888
2026-07-12 00:00:00,63783.1,63884.9,63657.4,63802.9,4816.995
2026-07-12 01:00:00,63802.9,64146.2,63783.0,64106.0,3478.097
2026-07-12 02:00:00,64106.0,64112.7,64002.0,64049.2,1748.455
2026-07-12 03:00:00,64049.2,64217.8,64002.9,64201.8,2142.993
2026-07-12 04:00:00,64201.9,64238.0,63912.5,63974.3,2506.065
2026-07-12 05:00:00,63974.2,63998.6,63867.0,63938.0,1922.293
2026-07-12 06:00:00,63938.0,63938.0,63602.8,63728.7,5247.13
2026-07-12 07:00:00,63728.6,63879.0,63708.2,63856.4,1638.415
2026-07-12 08:00:00,63856.4,64083.7,63854.1,63951.6,2612.699
2026-07-12 09:00:00,63951.6,64024.4,63730.7,63930.0,3030.6
2026-07-12 10:00:00,63930.1,63930.1,63807.3,63838.9,1174.004
2026-07-12 11:00:00,63838.9,64012.8,63796.3,63993.8,1872.65
2026-07-12 12:00:00,63993.8,64118.5,63946.0,63998.4,2403.082
2026-07-12 13:00:00,63998.5,64073.4,63959.3,63997.3,1262.062
2026-07-12 14:00:00,63997.3,64271.9,63928.0,64175.0,2804.565
2026-07-12 15:00:00,64175.0,64238.9,64091.5,64149.9,2903.188
2026-07-12 16:00:00,64150.0,64184.8,64013.0,64146.8,2987.458
2026-07-12 17:00:00,64146.7,64146.8,63983.1,64050.3,1096.969
2026-07-12 18:00:00,64050.2,64126.6,63985.1,64124.6,1249.778
2026-07-12 19:00:00,64124.7,64248.0,64114.9,64201.9,1298.912
2026-07-12 20:00:00,64202.0,64227.4,64141.6,64168.5,878.789
2026-07-12 21:00:00,64168.5,64207.4,63856.3,63889.6,2630.665
2026-07-12 22:00:00,63889.5,63895.8,63634.1,63855.0,6060.141
2026-07-12 23:00:00,63855.0,63883.6,63693.0,63750.0,2325.941
2026-07-13 00:00:00,63749.9,64411.8,63538.0,64041.8,16536.408
2026-07-13 01:00:00,64041.8,64044.0,63366.0,63382.1,12315.44
2026-07-13 02:00:00,63382.1,63527.6,63204.0,63344.8,7882.245
2026-07-13 03:00:00,63344.9,63362.4,62705.0,62780.2,15709.528
2026-07-13 04:00:00,62780.1,62884.8,62592.1,62649.8,6758.166
2026-07-13 05:00:00,62649.7,62880.0,62434.9,62764.1,8371.052
2026-07-13 06:00:00,62764.1,62848.2,62675.0,62766.6,2684.94
2026-07-13 07:00:00,62766.6,63030.0,62719.4,62952.7,6413.166
2026-07-13 08:00:00,62952.8,63260.0,62902.5,63174.9,5653.085
2026-07-13 09:00:00,63174.9,63179.3,63064.4,63074.0,3292.544
2026-07-13 10:00:00,63074.0,63130.9,62834.4,62844.6,9350.106
2026-07-13 11:00:00,62844.7,63116.1,62844.7,62881.3,4701.727
2026-07-13 12:00:00,62881.4,62970.7,62531.0,62597.9,8803.456
2026-07-13 13:00:00,62597.9,62752.4,62141.2,62300.1,18486.59
2026-07-13 14:00:00,62300.1,62777.0,62061.3,62770.3,15429.637
2026-07-13 15:00:00,62770.2,62965.0,62543.5,62596.6,9348.486
2026-07-13 16:00:00,62596.7,62614.5,62183.9,62258.0,8644.969
2026-07-13 17:00:00,62258.0,62347.2,61877.0,61877.0,8894.99
2026-07-13 18:00:00,61877.1,62077.6,61806.0,61997.3,7281.929
2026-07-13 19:00:00,61997.4,62267.0,61962.5,62258.0,4034.752
2026-07-13 20:00:00,62257.9,62299.0,62020.0,62179.3,3539.601
2026-07-13 21:00:00,62179.3,62192.1,61868.0,62034.1,3364.102
2026-07-13 22:00:00,62034.0,62199.0,61883.1,61897.9,3177.324
2026-07-13 23:00:00,61897.9,62333.4,61854.5,62307.0,5107.98
2026-07-14 00:00:00,62307.0,62639.3,62240.9,62520.7,5906.236
2026-07-14 01:00:00,62520.7,62614.2,62427.0,62505.2,3019.814
2026-07-14 02:00:00,62505.2,62610.0,62286.9,62516.8,3512.258
2026-07-14 03:00:00,62516.8,62576.2,62279.0,62538.2,3341.315
2026-07-14 04:00:00,62538.3,62744.4,62511.0,62713.6,3346.574
2026-07-14 05:00:00,62713.6,62848.0,62669.4,62699.9,3751.791
2026-07-14 06:00:00,62699.9,62752.0,62537.0,62600.1,3174.255
2026-07-14 07:00:00,62600.1,62633.0,62489.7,62529.7,2683.89
2026-07-14 08:00:00,62529.7,62780.0,62458.3,62680.1,3017.401
2026-07-14 09:00:00,62680.1,62721.2,62502.3,62604.2,2286.405
2026-07-14 10:00:00,62604.2,62880.0,62577.5,62767.5,3460.434
2026-07-14 11:00:00,62767.6,62896.0,62680.7,62810.3,3168.243
2026-07-14 12:00:00,62810.3,63956.0,62756.5,63935.2,42323.953
2026-07-14 13:00:00,63935.2,64162.2,63666.0,63802.8,18520.356
2026-07-14 14:00:00,63802.8,64310.0,63550.0,64277.3,13029.805
2026-07-14 15:00:00,64277.2,64950.0,64163.6,64727.5,25734.552
2026-07-14 16:00:00,64727.4,64879.0,64589.3,64703.9,8467.888
2026-07-14 17:00:00,64704.0,64704.0,64200.0,64597.5,14211.303
2026-07-14 18:00:00,64597.5,64631.6,64448.7,64544.0,2451.479
2026-07-14 19:00:00,64544.0,64687.9,64456.3,64543.0,2680.106
2026-07-14 20:00:00,64543.1,64576.4,64390.4,64538.6,2370.521
2026-07-14 21:00:00,64538.6,64877.7,64496.2,64650.0,3377.629
2026-07-14 22:00:00,64649.9,65130.0,64485.4,64837.1,12393.571
2026-07-14 23:00:00,64837.2,65040.3,64750.0,65014.7,4645.404
2026-07-15 00:00:00,65014.6,65043.3,64743.6,64798.1,4489.662
2026-07-15 01:00:00,64798.1,64830.2,64618.8,64643.7,3480.114
2026-07-15 02:00:00,64643.7,64732.6,64456.7,64473.0,3174.884
2026-07-15 03:00:00,64473.1,64820.1,64473.0,64760.8,2866.928
2026-07-15 04:00:00,64760.9,64868.0,64686.6,64723.5,2176.426
2026-07-15 05:00:00,64723.6,64941.7,64580.0,64920.5,2716.995
2026-07-15 06:00:00,64920.5,65260.0,64784.7,64784.7,8661.145
2026-07-15 07:00:00,64784.8,64850.0,64450.9,64528.0,6827.282
2026-07-15 08:00:00,64528.0,64785.8,64528.0,64745.0,3889.073
2026-07-15 09:00:00,64744.9,64899.9,64626.2,64644.6,3146.199
2026-07-15 10:00:00,64644.6,64826.8,64582.7,64633.0,2611.385
2026-07-15 11:00:00,64633.0,64728.7,64585.6,64707.5,1873.463
2026-07-15 12:00:00,64707.4,65241.3,64568.8,65133.7,12263.474
2026-07-15 13:00:00,65133.7,65550.5,64852.5,65090.2,18067.99
2026-07-15 14:00:00,65090.2,65497.0,65033.5,65364.8,10429.982
2026-07-15 15:00:00,65364.8,65589.7,65230.0,65391.6,7683.692
2026-07-15 16:00:00,65391.5,65438.0,64752.0,65089.5,14894.086
2026-07-15 17:00:00,65089.6,65148.2,64939.5,65023.1,8953.781
2026-07-15 18:00:00,65023.1,65130.0,64817.1,64837.4,3429.166
2026-07-15 19:00:00,64837.4,64967.9,64708.0,64942.0,2826.502
2026-07-15 20:00:00,64942.1,65030.5,64869.8,64939.9,1207.369
2026-07-15 21:00:00,64939.9,64985.9,64756.7,64800.0,1958.445
2026-07-15 22:00:00,64800.0,64949.7,64739.0,64831.5,2140.517
2026-07-15 23:00:00,64831.6,64912.5,64660.0,64721.4,2455.054
2026-07-16 00:00:00,64721.4,64814.7,64464.0,64554.3,4878.987
2026-07-16 01:00:00,64554.3,64807.9,64362.2,64698.6,4747.944
2026-07-16 02:00:00,64698.6,64705.0,64550.0,64616.1,1791.299
2026-07-16 03:00:00,64616.1,64723.3,64521.0,64593.0,2045.084
2026-07-16 04:00:00,64593.0,64667.0,64512.0,64610.9,2014.066
2026-07-16 05:00:00,64610.9,64974.5,64573.4,64897.9,6259.94
2026-07-16 06:00:00,64898.0,64951.2,64603.4,64750.0,3438.699
2026-07-16 07:00:00,64749.9,64750.0,64005.6,64200.0,12271.054
2026-07-16 08:00:00,64200.1,64340.0,63843.1,64096.7,14623.947
2026-07-16 09:00:00,64096.6,64155.9,63985.1,64063.8,3330.267
2026-07-16 10:00:00,64063.9,64241.3,64047.7,64186.9,2653.349
2026-07-16 11:00:00,64187.0,64245.6,64057.2,64226.6,2957.306
2026-07-16 12:00:00,64226.6,64226.6,63833.0,63938.1,6794.898
2026-07-16 13:00:00,63938.2,64458.7,63930.1,64354.4,11289.067
2026-07-16 14:00:00,64354.3,64844.3,64300.1,64510.0,12450.661
2026-07-16 15:00:00,64510.0,64874.7,64281.6,64677.7,8163.41
2026-07-16 16:00:00,64677.7,64687.6,64299.4,64448.4,5409.449
2026-07-16 17:00:00,64448.4,64453.1,63958.0,64045.6,7575.592
2026-07-16 18:00:00,64045.5,64306.8,64022.3,64217.1,3448.519
2026-07-16 19:00:00,64217.0,64277.7,64120.2,64241.6,1749.703
2026-07-16 20:00:00,64241.7,64249.9,64075.1,64090.1,1258.646
2026-07-16 21:00:00,64090.1,64217.6,64077.3,64135.9,1257.933
2026-07-16 22:00:00,64136.0,64221.3,63922.6,63939.5,3705.96
2026-07-16 23:00:00,63939.6,63978.6,63712.6,63801.0,6353.682
2026-07-17 00:00:00,63801.1,63890.4,63580.0,63862.9,6331.479
2026-07-17 01:00:00,63862.9,64041.6,63435.6,63510.8,8486.817
2026-07-17 02:00:00,63510.7,63628.0,63358.0,63457.5,5328.647
2026-07-17 03:00:00,63457.5,63693.2,63450.1,63538.1,3554.461
2026-07-17 04:00:00,63538.0,63560.0,63281.0,63460.0,5069.199
2026-07-17 05:00:00,63460.1,63460.1,62754.6,62807.3,15626.008
2026-07-17 06:00:00,62807.4,62961.7,62655.0,62915.4,10696.868
2026-07-17 07:00:00,62915.5,62947.1,62761.3,62792.9,4831.261
2026-07-17 08:00:00,62792.8,62905.0,62611.0,62857.5,6784.932
2026-07-17 09:00:00,62857.4,63039.8,62831.8,62962.2,4213.74
2026-07-17 10:00:00,62962.3,63165.9,62962.2,63146.9,4237.483
2026-07-17 11:00:00,63146.9,63337.4,63031.3,63273.2,5404.24
2026-07-17 12:00:00,63273.1,63320.0,63037.0,63073.9,5253.453
2026-07-17 13:00:00,63073.9,63155.8,62505.1,63128.6,16457.338
2026-07-17 14:00:00,63128.7,63496.0,63051.4,63142.5,11255.645
2026-07-17 15:00:00,63142.5,63432.5,62817.0,63432.4,9297.664
2026-07-17 16:00:00,63432.4,63681.3,63272.4,63553.7,9059.142
2026-07-17 17:00:00,63553.7,64194.6,63553.7,64011.8,12832.426
2026-07-17 18:00:00,64011.8,64356.7,63855.8,64220.1,8585.457
2026-07-17 19:00:00,64220.1,64226.1,63943.5,64121.4,4380.552
2026-07-17 20:00:00,64121.4,64165.7,63928.9,64086.1,3417.904
2026-07-17 21:00:00,64086.2,64188.2,64031.6,64070.6,1550.761
2026-07-17 22:00:00,64070.6,64117.5,63891.6,63952.8,1753.78
2026-07-17 23:00:00,63952.7,63985.0,63860.0,63909.9,1443.556
2026-07-18 00:00:00,63909.9,63991.0,63859.6,63881.6,1490.455
2026-07-18 01:00:00,63881.6,63980.0,63862.0,63929.2,1280.563
2026-07-18 02:00:00,63929.2,64014.9,63900.0,63931.5,1347.221
2026-07-18 03:00:00,63931.6,63995.8,63900.0,63989.5,1220.595
2026-07-18 04:00:00,63989.5,63992.8,63915.0,63946.3,780.402
2026-07-18 05:00:00,63946.3,63973.3,63894.3,63936.3,1075.625
2026-07-18 06:00:00,63936.3,63979.0,63914.1,63954.1,888.648
2026-07-18 07:00:00,63954.2,64000.0,63952.8,63980.1,1583.413
2026-07-18 08:00:00,63980.0,63997.8,63930.4,63977.2,1367.761
2026-07-18 09:00:00,63977.2,63985.0,63912.0,63961.2,1041.152
2026-07-18 10:00:00,63961.1,63990.0,63957.3,63981.2,581.795
2026-07-18 11:00:00,63981.2,64073.2,63981.2,64033.3,1101.39
2026-07-18 12:00:00,64033.2,64237.7,64019.4,64181.4,3668.169
2026-07-18 13:00:00,64181.5,64185.4,63925.2,64081.3,3187.123
2026-07-18 14:00:00,64081.2,64167.2,64065.8,64099.0,1539.936
2026-07-18 15:00:00,64099.0,64135.6,64000.0,64090.0,1415.443
2026-07-18 16:00:00,64090.0,64298.6,64054.5,64278.2,3832.348
2026-07-18 17:00:00,64278.3,64466.0,64250.3,64450.0,5266.335
2026-07-18 18:00:00,64450.0,64666.0,64424.5,64477.3,4442.025
2026-07-18 19:00:00,64477.4,64566.0,64445.5,64526.3,1721.549
2026-07-18 20:00:00,64526.4,64738.2,64467.2,64665.5,3210.202
2026-07-18 21:00:00,64665.5,64819.2,64584.2,64697.6,3096.293
2026-07-18 22:00:00,64697.5,64837.4,64680.6,64774.4,2034.289
2026-07-18 23:00:00,64774.3,64818.1,64677.7,64806.7,2054.006
2026-07-19 00:00:00,64806.7,64878.8,64750.0,64756.5,2842.165
2026-07-19 01:00:00,64756.5,64771.8,64750.0,64750.0,2790.617
2026-07-19 02:00:00,64750.0,64948.8,64672.4,64795.4,5032.332
2026-07-19 03:00:00,64795.5,64815.8,64594.6,64686.8,2849.995
2026-07-19 04:00:00,64686.8,64775.2,64580.4,64692.2,1668.466
2026-07-19 05:00:00,64692.2,64789.8,64643.4,64695.1,1325.774
2026-07-19 06:00:00,64695.0,64737.7,64670.0,64682.3,934.088
2026-07-19 07:00:00,64682.2,64759.3,64643.4,64692.2,1918.387
2026-07-19 08:00:00,64692.1,64723.5,64600.0,64678.1,2064.203
2026-07-19 09:00:00,64678.2,64694.0,64467.2,64495.2,3177.976
2026-07-19 10:00:00,64495.1,64677.7,64454.6,64561.4,2700.58
2026-07-19 11:00:00,64561.4,64610.0,64415.0,64445.7,2748.941
2026-07-19 12:00:00,64445.7,64445.7,64259.5,64417.5,4959.504
2026-07-19 13:00:00,64417.4,64497.9,64273.4,64453.0,2219.753
2026-07-19 14:00:00,64453.0,64633.0,64389.0,64561.1,2455.842
2026-07-19 15:00:00,64561.0,64594.7,64466.6,64545.2,1616.379
2026-07-19 16:00:00,64545.3,64624.8,64474.2,64510.7,1470.209
2026-07-19 17:00:00,64510.7,64733.0,64365.7,64520.0,3957.134
2026-07-19 18:00:00,64520.0,64529.1,64262.9,64399.8,3442.309
2026-07-19 19:00:00,64399.8,64442.2,64319.5,64438.1,1085.17
2026-07-19 20:00:00,64438.1,64534.3,64438.0,64515.9,1059.316
2026-07-19 21:00:00,64516.0,64539.0,64305.0,64393.7,1677.019
2026-07-19 22:00:00,64393.6,64874.9,64319.3,64642.7,6743.994
2026-07-19 23:00:00,64642.8,64748.1,64534.9,64694.7,2054.877
2026-07-20 00:00:00,64694.8,65084.6,64380.0,64526.0,9897.467
2026-07-20 01:00:00,64526.0,65011.0,64470.0,64594.7,5478.733
2026-07-20 02:00:00,64594.7,64940.0,64551.6,64800.1,4762.318
2026-07-20 03:00:00,64800.1,64887.0,64610.2,64839.4,2578.628
2026-07-20 04:00:00,64839.3,64843.4,64503.0,64511.3,3108.675
2026-07-20 05:00:00,64511.4,64536.1,64046.0,64101.7,9123.542
2026-07-20 06:00:00,64101.8,64198.3,63736.1,63890.0,10191.102
2026-07-20 07:00:00,63890.0,64285.5,63865.0,64250.0,5480.1
2026-07-20 08:00:00,64250.0,64337.0,63858.1,64031.4,8326.137
2026-07-20 09:00:00,64031.4,64260.0,63984.5,64176.6,3055.595
2026-07-20 10:00:00,64176.6,64393.2,64137.0,64280.5,3345.929
2026-07-20 11:00:00,64280.5,65048.3,64237.1,64970.8,13005.77
2026-07-20 12:00:00,64970.8,64982.0,64571.0,64627.2,10164.095
2026-07-20 13:00:00,64627.1,64737.5,64174.5,64315.0,9833.494
2026-07-20 14:00:00,64315.0,64550.0,64034.3,64393.0,7606.114
2026-07-20 15:00:00,64393.0,65688.0,64386.8,65570.1,26658.588
2026-07-20 16:00:00,65570.1,65615.5,65301.8,65478.6,10648.534
2026-07-20 17:00:00,65478.6,65642.0,65313.9,65560.0,6542.949
2026-07-20 18:00:00,65560.0,65788.0,65168.0,65215.8,11084.442
2026-07-20 19:00:00,65215.7,65256.1,65011.4,65119.3,7696.738
2026-07-20 20:00:00,65119.3,65435.3,65030.2,65344.7,4390.078
2026-07-20 21:00:00,65344.8,65416.4,65241.6,65258.5,1872.846
2026-07-20 22:00:00,65258.4,65258.5,65061.2,65118.7,2625.107
2026-07-20 23:00:00,65118.8,65244.9,65098.8,65224.8,2029.166
2026-07-21 00:00:00,65224.7,65561.0,65115.3,65538.9,4344.322
2026-07-21 01:00:00,65538.8,65634.4,65202.1,65205.1,4372.902
2026-07-21 02:00:00,65205.1,65479.5,65145.1,65386.4,3325.329
2026-07-21 03:00:00,65386.4,65572.2,65380.0,65539.5,3014.818
2026-07-21 04:00:00,65539.5,65723.0,65453.5,65494.2,4594.005
2026-07-21 05:00:00,65494.2,65927.9,65460.1,65724.9,6383.305
2026-07-21 06:00:00,65724.8,65970.0,65604.8,65892.4,5914.487
2026-07-21 07:00:00,65892.5,66240.0,65828.2,66166.9,10295.944
2026-07-21 08:00:00,66166.8,66337.8,66103.4,66200.0,9095.828
2026-07-21 09:00:00,66199.9,66320.4,66110.0,66261.2,3769.983
2026-07-21 10:00:00,66261.3,66390.0,66145.5,66161.1,6340.189
2026-07-21 11:00:00,66161.0,66333.0,66117.1,66317.9,3759.054
2026-07-21 12:00:00,66317.9,66618.0,66236.0,66527.7,7956.073
2026-07-21 13:00:00,66527.7,66777.0,66290.4,66748.8,11900.874
2026-07-21 14:00:00,66748.7,66924.1,66609.0,66804.3,13494.794
2026-07-21 15:00:00,66804.3,66804.4,66487.9,66648.5,6212.963
2026-07-21 16:00:00,66648.5,66736.7,66428.5,66507.1,4088.719
2026-07-21 17:00:00,66507.1,66537.1,65939.0,66181.1,12541.97
2026-07-21 18:00:00,66181.1,66333.0,66071.2,66287.5,4476.6
2026-07-21 19:00:00,66287.6,66467.4,66230.0,66409.5,3604.885
2026-07-21 20:00:00,66409.5,66465.6,66326.3,66373.8,1670.198
2026-07-21 21:00:00,66373.8,66380.8,66261.7,66352.4,2220.28
2026-07-21 22:00:00,66352.4,66352.6,66172.0,66271.2,2432.153
2026-07-21 23:00:00,66271.3,66544.8,66200.0,66522.4,3085.24
2026-07-22 00:00:00,66522.3,66711.0,66503.9,66591.7,4924.6
2026-07-22 01:00:00,66591.8,66629.3,66253.0,66399.9,3861.949
2026-07-22 02:00:00,66399.9,66513.8,66264.9,66283.2,2039.117
2026-07-22 03:00:00,66283.2,66343.4,66141.7,66176.7,2975.392
2026-07-22 04:00:00,66176.6,66399.0,66161.4,66349.3,1913.639
2026-07-22 05:00:00,66349.2,66349.3,65909.1,65954.5,7960.255
2026-07-22 06:00:00,65954.4,66000.0,65800.1,65906.8,6026.171
2026-07-22 07:00:00,65906.7,65941.5,65668.6,65813.4,6294.319
2026-07-22 08:00:00,65813.4,66140.5,65813.4,65953.5,5831.709
2026-07-22 09:00:00,65953.4,66053.2,65816.4,65896.4,3223.673
2026-07-22 10:00:00,65896.3,66077.3,65861.4,66016.2,7121.677
2026-07-22 11:00:00,66016.2,66057.9,65872.1,65981.4,3175.036
2026-07-22 12:00:00,65981.3,65986.0,65505.0,65604.2,7832.203
2026-07-22 13:00:00,65604.1,65956.0,65531.7,65924.9,8594.386
2026-07-22 14:00:00,65924.9,66190.4,65556.3,65770.2,10598.179
2026-07-22 15:00:00,65770.2,66100.0,65770.0,66014.8,6873.918
2026-07-22 16:00:00,66014.8,66363.6,65877.0,66199.7,7769.463
2026-07-22 17:00:00,66199.8,66249.3,65912.6,65997.5,3809.016
2026-07-22 18:00:00,65997.5,66052.8,65701.2,65860.5,4340.972
2026-07-22 19:00:00,65860.6,65924.0,65650.2,65891.1,3197.039
2026-07-22 20:00:00,65891.2,65954.3,65753.0,65887.8,2320.046
2026-07-22 21:00:00,65887.8,66103.1,65853.2,66034.5,2201.826
2026-07-22 22:00:00,66034.5,66046.0,65891.8,66013.8,1660.556
2026-07-22 23:00:00,66013.9,66116.5,65808.5,66082.0,2265.474
2026-07-23 00:00:00,66082.0,66284.1,66020.0,66023.8,4469.351
2026-07-23 01:00:00,66023.8,66180.0,65715.9,65793.8,5399.416
2026-07-23 02:00:00,65793.7,65808.9,65616.3,65777.4,3027.886
2026-07-23 03:00:00,65777.4,65788.2,65548.0,65626.8,3847.55
2026-07-23 04:00:00,65626.7,65710.0,65558.0,65585.3,2534.037
2026-07-23 05:00:00,65585.4,65764.8,65543.1,65663.9,2512.364
2026-07-23 06:00:00,65663.9,65793.7,65593.9,65763.2,2021.415
2026-07-23 07:00:00,65763.3,65763.3,65313.7,65405.3,8530.657
2026-07-23 08:00:00,65405.3,65637.2,65383.6,65605.9,3577.763
2026-07-23 09:00:00,65605.8,65732.3,65573.8,65607.9,3031.028
2026-07-23 10:00:00,65607.9,65756.6,65555.1,65704.2,2837.969
2026-07-23 11:00:00,65704.1,65709.4,65511.0,65525.4,2374.826
2026-07-23 12:00:00,65525.4,65557.8,64927.3,65138.0,15552.526
2026-07-23 13:00:00,65138.0,65215.3,64839.1,64858.6,14102.63
2026-07-23 14:00:00,64858.7,65197.0,64801.0,64884.6,11702.687
2026-07-23 15:00:00,64884.7,65003.6,64696.2,64940.4,10141.344
2026-07-23 16:00:00,64940.4,64940.5,64688.0,64731.4,4677.967
2026-07-23 17:00:00,64731.5,64877.6,64636.0,64654.4,4543.014
2026-07-23 18:00:00,64654.4,64924.9,64654.3,64842.5,3309.665
2026-07-23 19:00:00,64842.5,64908.1,64670.0,64820.7,3454.039
2026-07-23 20:00:00,64820.7,65176.0,64809.7,65117.7,5482.38
2026-07-23 21:00:00,65117.6,65183.1,64979.9,65137.4,2461.061
2026-07-23 22:00:00,65137.4,65193.5,64976.7,65158.2,3003.047
2026-07-23 23:00:00,65158.2,65189.5,65018.8,65069.6,2173.156
2026-07-24 00:00:00,65069.6,65084.0,64733.2,64953.1,4831.001
2026-07-24 01:00:00,64953.0,65146.4,64912.4,65053.2,3089.748
2026-07-24 02:00:00,65053.2,65164.8,64890.5,65091.8,3231.376
2026-07-24 03:00:00,65091.8,65436.8,65045.0,65425.4,7118.962
2026-07-24 04:00:00,65425.5,65440.0,65235.4,65281.9,3917.507
2026-07-24 05:00:00,65282.0,65365.9,65213.0,65282.3,1810.83
2026-07-24 06:00:00,65282.4,65490.0,65245.6,65441.6,3572.79
2026-07-24 07:00:00,65441.6,65780.0,65338.0,65470.0,12855.234
2026-07-24 08:00:00,65470.1,65477.2,65274.5,65274.6,3662.526
2026-07-24 09:00:00,65274.6,65290.7,64919.7,65088.1,7663.998
2026-07-24 10:00:00,65088.2,65132.2,64878.0,64927.8,3324.749
2026-07-24 11:00:00,64927.7,65073.6,64821.9,65045.7,4034.095
2026-07-24 12:00:00,65045.7,65110.1,64707.5,64746.6,4732.922
2026-07-24 13:00:00,64746.5,64774.5,63882.3,64129.1,29360.681
2026-07-24 14:00:00,64129.1,64170.0,63666.0,64031.4,18282.036
2026-07-24 15:00:00,64031.3,64305.8,63824.3,64065.1,15421.724
2026-07-24 16:00:00,64065.1,64176.5,63854.3,63930.4,5378.185
2026-07-24 17:00:00,63930.3,64177.9,63882.6,64154.9,3685.779
2026-07-24 18:00:00,64154.9,64262.3,64104.1,64242.8,3081.464
2026-07-24 19:00:00,64242.7,64266.9,64113.4,64199.5,2530.206
2026-07-24 20:00:00,64199.5,64260.1,64105.0,64139.6,2090.567
2026-07-24 21:00:00,64139.6,64195.1,64098.7,64112.2,1832.95
2026-07-24 22:00:00,64112.2,64187.6,64098.7,64132.7,1039.951
2026-07-24 23:00:00,64132.8,64155.0,64102.2,64116.5,988.191
2026-07-25 00:00:00,64116.5,64155.0,64005.4,64049.6,6490.967
2026-07-25 01:00:00,64049.6,64135.0,63977.0,64039.2,2142.025
2026-07-25 02:00:00,64039.1,64072.3,63988.4,64010.5,1372.173
2026-07-25 03:00:00,64010.5,64073.7,63988.4,64052.9,1221.84
2026-07-25 04:00:00,64053.0,64181.0,64052.9,64146.9,1255.783
2026-07-25 05:00:00,64147.0,64166.6,63940.7,63990.1,1755.924
2026-07-25 06:00:00,63990.0,64032.0,63933.2,63982.9,1842.202
2026-07-25 07:00:00,63982.9,64005.5,63966.8,63972.9,1138.406
2026-07-25 08:00:00,63973.0,63973.1,63760.5,63844.3,3567.434
2026-07-25 09:00:00,63844.4,64000.0,63794.2,63973.9,2160.102
2026-07-25 10:00:00,63973.8,64039.7,63959.3,64039.6,1751.971
2026-07-25 11:00:00,64039.6,64078.5,64014.7,64031.3,1213.513
2026-07-25 12:00:00,64031.2,64088.2,64006.2,64088.2,1166.645
2026-07-25 13:00:00,64088.1,64236.8,64072.2,64136.9,2768.49
2026-07-25 14:00:00,64136.8,64187.4,64079.2,64177.7,1570.678
2026-07-25 15:00:00,64177.7,64243.6,64135.5,64150.0,1961.221
2026-07-25 16:00:00,64150.1,64219.0,64092.2,64180.9,1548.05
2026-07-25 17:00:00,64180.8,64330.2,64162.1,64236.6,2620.615
2026-07-25 18:00:00,64236.7,64417.1,64236.7,64391.4,2559.51
2026-07-25 19:00:00,64391.3,64410.0,64351.4,64359.6,1546.182
2026-07-25 20:00:00,64359.7,64367.8,64282.9,64303.9,1212.571
2026-07-25 21:00:00,64304.0,64407.1,64233.0,64318.5,1521.137
2026-07-25 22:00:00,64318.6,64393.0,64318.5,64377.6,868.254
2026-07-25 23:00:00,64377.7,64393.4,64331.9,64338.1,991.941
2026-07-26 00:00:00,64338.0,64482.7,64317.9,64482.6,1921.435
2026-07-26 01:00:00,64482.7,64514.1,64422.6,64434.3,1584.646
2026-07-26 02:00:00,64434.3,64500.0,64394.0,64490.6,1140.605
2026-07-26 03:00:00,64490.6,64553.9,64453.2,64518.8,1560.582
2026-07-26 04:00:00,64518.9,64566.0,64452.9,64493.1,1510.232
2026-07-26 05:00:00,64493.2,64493.2,64359.3,64386.0,2022.339
2026-07-26 06:00:00,64386.0,64428.7,64256.4,64408.9,3152.044
2026-07-26 07:00:00,64409.0,64439.1,64313.5,64341.2,1444.629
2026-07-26 08:00:00,64341.3,64467.5,64320.2,64450.1,1158.466
2026-07-26 09:00:00,64450.0,64525.2,64450.0,64512.3,1615.264
2026-07-26 10:00:00,64512.3,64557.3,64472.4,64490.9,1709.222
2026-07-26 11:00:00,64491.0,64507.2,64470.0,64481.4,968.837
2026-07-26 12:00:00,64481.5,64639.0,64405.9,64434.2,3951.26
2026-07-26 13:00:00,64434.2,64548.3,64379.7,64491.8,2041.798
2026-07-26 14:00:00,64491.9,64748.3,64491.8,64687.2,5026.726
2026-07-26 15:00:00,64687.2,64819.3,64640.0,64733.6,3665.271
2026-07-26 16:00:00,64733.5,64909.0,64670.1,64700.0,4283.747
2026-07-26 17:00:00,64700.0,64769.1,64639.9,64663.2,2119.427
2026-07-26 18:00:00,64663.3,64749.4,64634.0,64706.8,1135.743
2026-07-26 19:00:00,64706.8,64729.4,64638.8,64665.5,791.484
2026-07-26 20:00:00,64665.6,64676.2,64606.3,64621.3,748.268
2026-07-26 21:00:00,64621.2,64897.1,64621.2,64821.7,1929.004
2026-07-26 22:00:00,64821.7,65480.0,64821.7,65384.7,13652.278
2026-07-26 23:00:00,65384.7,65555.0,65245.6,65375.1,6629.856
2026-07-27 00:00:00,65375.2,65398.8,65033.0,65106.0,5619.723
2026-07-27 01:00:00,65106.0,65196.7,64872.0,65179.8,5474.232
2026-07-27 02:00:00,65179.9,65254.4,65088.0,65145.7,2410.619
2026-07-27 03:00:00,65145.6,65344.0,65143.5,65261.5,2331.283
2026-07-27 04:00:00,65261.5,65484.6,65216.0,65257.2,3606.45
2026-07-27 05:00:00,65257.2,65468.2,65251.0,65434.3,2052.379
2026-07-27 06:00:00,65434.2,65722.5,65377.5,65388.0,6825.399
2026-07-27 07:00:00,65388.0,65421.3,65190.0,65195.9,4161.868
2026-07-27 08:00:00,65196.0,65234.0,65092.3,65133.0,3777.889
2026-07-27 09:00:00,65132.9,65315.7,65066.3,65234.4,3233.697
2026-07-27 10:00:00,65234.5,65412.8,65202.1,65314.7,2361.136
2026-07-27 11:00:00,65314.7,65314.8,65061.1,65073.1,2731.686
2026-07-27 12:00:00,65073.1,65240.2,64811.0,65065.0,8493.576
2026-07-27 13:00:00,65065.0,65689.6,64885.3,65189.4,16449.888
2026-07-27 14:00:00,65189.4,65409.3,64418.9,64663.4,18708.373
2026-07-27 15:00:00,64663.4,64750.0,64374.4,64517.1,9045.046
2026-07-27 16:00:00,64517.2,64941.7,64479.0,64871.0,6852.718
2026-07-27 17:00:00,64871.0,65069.4,64761.7,64994.3,4101.367
2026-07-27 18:00:00,64994.2,65034.9,64727.3,64854.7,3642.72
2026-07-27 19:00:00,64854.7,65056.8,64782.0,64959.2,2642.628
2026-07-27 20:00:00,64959.2,65030.8,64873.6,64940.4,1671.359
2026-07-27 21:00:00,64940.3,64940.4,64762.1,64790.2,1614.505
2026-07-27 22:00:00,64790.3,64790.3,63755.3,63755.4,16449.15
2026-07-27 23:00:00,63755.5,63903.6,63567.0,63720.8,13574.042
2026-07-28 00:00:00,63720.7,63794.3,63439.1,63453.1,7909.745
2026-07-28 01:00:00,63453.1,63500.0,63021.0,63195.9,13354.768
2026-07-28 02:00:00,63195.9,63269.8,63069.8,63148.2,4990.923
2026-07-28 03:00:00,63148.1,63342.8,63131.9,63310.1,4066.35
2026-07-28 04:00:00,63310.0,63333.3,63187.2,63323.5,4684.392
2026-07-28 05:00:00,63323.5,63588.0,63294.9,63417.4,5443.976
2026-07-28 06:00:00,63417.5,63642.2,63365.4,63609.4,3804.782
2026-07-28 07:00:00,63609.4,63635.4,63421.0,63476.8,3883.873
2026-07-28 08:00:00,63476.8,63513.9,63370.1,63401.7,2415.759
2026-07-28 09:00:00,63401.6,63557.0,63337.7,63367.8,4377.904
2026-07-28 10:00:00,63367.8,63532.1,63263.5,63439.6,7147.337
2026-07-28 11:00:00,63439.6,63569.0,63322.6,63430.8,3763.568
2026-07-28 12:00:00,63430.7,63548.8,63355.4,63520.1,3288.693
2026-07-28 13:00:00,63520.1,63568.6,62660.1,63078.9,16804.472
2026-07-28 14:00:00,63078.9,63521.0,62937.0,63384.1,10759.073
2026-07-28 15:00:00,63384.0,64014.2,63231.9,63899.4,15235.464
2026-07-28 16:00:00,63899.5,64084.5,63746.4,64020.0,5705.085
2026-07-28 17:00:00,64019.9,64020.0,63477.2,63666.0,6338.588
2026-07-28 18:00:00,63666.0,63824.0,63646.6,63710.8,2521.312
2026-07-28 19:00:00,63710.8,63882.4,63650.1,63882.4,2666.007
2026-07-28 20:00:00,63882.4,63993.2,63850.4,63890.8,3090.519
2026-07-28 21:00:00,63890.7,64047.9,63863.8,63950.1,2344.876
2026-07-28 22:00:00,63950.1,64000.0,63739.8,63754.6,3276.39
2026-07-28 23:00:00,63754.6,63934.3,63526.0,63903.6,6400.006
2026-07-29 00:00:00,63903.6,64175.0,63846.0,63927.5,5771.301
2026-07-29 01:00:00,63927.5,63978.7,63657.8,63682.5,4706.938
2026-07-29 02:00:00,63682.5,64110.5,63630.0,63955.0,5422.055
2026-07-29 03:00:00,63955.0,63984.7,63684.7,63727.0,4992.94
2026-07-29 04:00:00,63727.0,63950.0,63569.5,63944.2,4296.721
2026-07-29 05:00:00,63944.3,64071.1,63866.4,64045.3,3574.698
2026-07-29 06:00:00,64045.3,64444.0,64004.7,64407.7,9275.804
2026-07-29 07:00:00,64407.8,64544.0,64376.1,64539.0,5453.408
2026-07-29 08:00:00,64539.1,64556.6,64251.0,64391.2,5688.224
2026-07-29 09:00:00,64391.2,64715.9,64353.2,64660.7,5905.262
2026-07-29 10:00:00,64660.8,64691.4,64381.2,64444.0,4695.38
2026-07-29 11:00:00,64444.0,64565.2,64388.0,64480.0,2928.166
2026-07-29 12:00:00,64479.9,64480.0,64175.4,64248.2,4373.432
2026-07-29 13:00:00,64248.2,64639.9,64113.6,64634.6,10594.764
2026-07-29 14:00:00,64634.6,64688.0,64019.0,64078.1,8887.439
2026-07-29 15:00:00,64078.2,64170.7,63857.4,63940.2,6804.924
2026-07-29 16:00:00,63940.2,64131.9,63600.0,63786.6,10205.123
2026-07-29 17:00:00,63786.6,64287.3,63680.1,64247.5,7085.746
2026-07-29 18:00:00,64247.4,64703.9,63742.9,64484.5,24784.012
2026-07-29 19:00:00,64484.4,64575.7,63483.9,63564.1,14295.245
2026-07-29 20:00:00,63564.0,63721.0,63336.0,63487.9,9804.197
2026-07-29 21:00:00,63487.8,63831.8,63234.0,63831.1,9361.784
2026-07-29 22:00:00,63831.2,64108.4,63831.1,63916.9,8261.334
2026-07-29 23:00:00,63916.9,64044.4,63868.0,63958.9,2807.402
2026-07-30 00:00:00,63958.9,64098.2,63576.4,63673.7,6274.187
2026-07-30 01:00:00,63673.7,64355.9,63662.6,64245.3,6840.859
2026-07-30 02:00:00,64245.2,64393.0,64139.0,64163.7,3764.311
2026-07-30 03:00:00,64163.7,64282.8,64109.0,64134.0,2384.038
2026-07-30 04:00:00,64134.0,64152.3,63980.0,63998.5,2650.287
2026-07-30 05:00:00,63998.6,64156.4,63881.0,64013.6,3410.62
2026-07-30 06:00:00,64013.5,64054.8,63930.0,63974.6,1486.362
2026-07-30 07:00:00,63974.6,64121.9,63913.6,63981.9,3159.857
2026-07-30 08:00:00,63981.9,64334.6,63950.0,64280.4,4231.718
2026-07-30 09:00:00,64280.4,64618.1,64257.1,64550.0,6694.068
2026-07-30 10:00:00,64550.0,64612.5,64538.2,64548.9,3675.459
2026-07-30 11:00:00,64548.9,64870.0,64515.1,64766.8,7542.228
2026-07-30 12:00:00,64766.9,65015.6,64765.6,64892.6,9133.871
2026-07-30 13:00:00,64892.7,65157.0,64663.0,64995.9,14010.887
2026-07-30 14:00:00,64995.8,65015.3,64588.4,64649.0,9678.971
2026-07-30 15:00:00,64649.1,64861.4,64571.4,64694.2,4737.528
2026-07-30 16:00:00,64694.2,64933.0,64694.2,64785.1,3285.643
2026-07-30 17:00:00,64785.1,64957.2,64738.1,64842.4,2494.063
2026-07-30 18:00:00,64842.4,64871.1,64657.4,64668.9,1921.207
2026-07-30 19:00:00,64668.9,64875.0,64668.8,64778.6,1965.073
2026-07-30 20:00:00,64778.5,64909.0,64723.4,64750.0,2723.326
2026-07-30 21:00:00,64750.0,64780.8,64678.2,64706.5,1435.863
2026-07-30 22:00:00,64706.6,64995.0,64636.3,64827.4,3686.525
2026-07-30 23:00:00,64827.3,65062.9,64698.5,64750.0,5668.781
2026-07-31 00:00:00,64750.0,64878.0,64663.7,64698.5,2973.54
2026-07-31 01:00:00,64698.5,65391.3,64444.0,64535.1,16749.679
2026-07-31 02:00:00,64535.2,64593.3,64177.9,64271.9,9560.756
2026-07-31 03:00:00,64272.0,64410.4,64138.0,64344.0,5854.658
2026-07-31 04:00:00,64344.0,64425.6,64210.0,64281.6,3166.071
2026-07-31 05:00:00,64281.6,64396.7,64242.5,64334.4,2568.023
2026-07-31 06:00:00,64334.3,64476.8,64179.9,64208.5,4155.684
2026-07-31 07:00:00,64208.4,64217.0,63835.6,63909.1,11234.331
2026-07-31 08:00:00,63909.1,63950.0,63777.7,63801.9,6279.775
2026-07-31 09:00:00,63801.8,63820.0,63601.2,63689.0,5255.291
2026-07-31 10:00:00,63689.1,63923.4,63577.0,63886.1,5345.605
2026-07-31 11:00:00,63886.2,63982.2,63755.1,63779.4,3656.002
2026-07-31 12:00:00,63779.4,63804.1,63595.3,63727.4,5013.922
2026-07-31 13:00:00,63727.4,63807.5,63216.2,63248.1,15778.254
2026-07-31 14:00:00,63248.0,63291.6,62410.5,62663.8,37380.196
2026-07-31 15:00:00,62663.9,62749.7,62458.0,62695.4,9158.832
2026-07-31 16:00:00,62695.3,62913.4,62680.1,62849.4,6323.225
2026-07-31 17:00:00,62849.4,63270.1,62780.8,63215.6,6762.001
2026-07-31 18:00:00,63215.6,63275.7,62935.1,63064.9,5633.135
2026-07-31 19:00:00,63065.0,63133.0,62906.3,62947.2,2889.931
2026-07-31 20:00:00,62947.1,63003.0,62901.0,62928.7,2268.918
2026-07-31 21:00:00,62928.7,63037.0,62814.1,62924.7,2820.424
2026-07-31 22:00:00,62924.8,62996.7,62835.0,62916.7,2306.85
2026-07-31 23:00:00,62916.8,62990.0,62825.0,62859.9,1829.832
2026-08-01 00:00:00,62859.9,62995.0,62859.8,62909.4,1932.848
2026-08-01 01:00:00,62909.4,62964.6,62888.9,62946.7,1321.888
2026-08-01 02:00:00,62946.7,63084.6,62946.7,63040.8,1697.14
2026-08-01 03:00:00,63040.8,63045.7,62937.5,62973.8,1561.868
2026-08-01 04:00:00,62973.8,63079.2,62964.1,63073.9,869.586
2026-08-01 05:00:00,63074.0,63118.7,62969.6,62999.8,1857.218
2026-08-01 06:00:00,62999.8,63053.1,62965.2,63049.9,1072.175
2026-08-01 07:00:00,63049.9,63086.3,63001.4,63019.6,1210.92
2026-08-01 08:00:00,63019.6,63126.6,63019.5,63097.4,934.337
2026-08-01 09:00:00,63097.4,63111.4,63014.1,63021.4,1156.469
2026-08-01 10:00:00,63021.4,63085.0,62956.5,63029.1,1810.404
2026-08-01 11:00:00,63029.1,63064.0,63010.1,63045.1,768.514
2026-08-01 12:00:00,63045.2,63094.1,63045.1,63068.9,855.032
2026-08-01 13:00:00,63068.9,63075.9,63010.1,63036.7,819.617
2026-08-01 14:00:00,63036.6,63097.5,63036.6,63097.1,1142.167
2026-08-01 15:00:00,63097.1,63097.1,62976.4,62976.4,1171.027
2026-08-01 16:00:00,62976.4,63006.6,62838.8,62899.9,3428.637
2026-08-01 17:00:00,62899.9,62969.5,62633.3,62684.0,4837.737
2026-08-01 18:00:00,62684.1,62710.7,62228.8,62552.5,14262.623
2026-08-01 19:00:00,62552.6,62596.5,62430.8,62502.1,3508.188
2026-08-01 20:00:00,62502.1,62642.9,62456.9,62631.8,2312.844
2026-08-01 21:00:00,62631.8,62844.9,62631.8,62789.4,2927.597
2026-08-01 22:00:00,62789.5,62844.5,62762.4,62800.1,1470.999
2026-08-01 23:00:00,62800.1,62830.0,62737.1,62792.3,1808.308
2026-08-02 00:00:00,62792.3,62950.0,62782.3,62807.5,2672.436
2026-08-02 01:00:00,62807.5,63066.0,62807.5,62960.8,2926.684
2026-08-02 02:00:00,62960.9,63542.0,62925.6,63425.4,12933.753
2026-08-02 03:00:00,63425.5,63529.4,63351.3,63436.7,3586.883
2026-08-02 04:00:00,63436.8,63600.0,63436.7,63557.1,3013.823
2026-08-02 05:00:00,63557.1,63620.0,63382.9,63428.5,4618.916
2026-08-02 06:00:00,63428.6,63478.8,63402.5,63460.0,1474.959
2026-08-02 07:00:00,63460.1,63514.2,63449.0,63468.1,1659.781
2026-08-02 08:00:00,63468.0,63507.8,63141.0,63171.1,5958.386
2026-08-02 09:00:00,63171.2,63301.6,63065.3,63249.8,3576.767
2026-08-02 10:00:00,63249.7,63249.7,63096.0,63176.7,2669.631
2026-08-02 11:00:00,63176.6,63186.1,62961.1,63007.3,3493.646
2026-08-02 12:00:00,63007.2,63215.1,63007.2,63097.2,2639.051
2026-08-02 13:00:00,63097.2,63119.2,62974.4,63095.0,2038.879
2026-08-02 14:00:00,63095.0,63163.2,63031.7,63042.7,2352.318
2026-08-02 15:00:00,63042.6,63158.2,63023.0,63081.6,1494.069
2026-08-02 17:00:00,63158.6,63323.6,63130.0,63279.7,2274.703
2026-08-02 18:00:00,63279.6,63594.6,63266.4,63364.2,4291.389
2026-08-02 19:00:00,63364.2,63459.8,63306.0,63432.9,1673.194
2026-08-02 20:00:00,63433.0,63483.3,63383.0,63477.2,1450.82
2026-08-02 21:00:00,63477.3,63774.6,63459.9,63560.0,5300.8
2026-08-02 22:00:00,63560.0,63779.0,63343.2,63398.0,5877.13
2026-08-02 23:00:00,63398.0,63577.1,63306.2,63550.0,3369.96
2026-08-03 00:00:00,63550.0,63575.6,63168.3,63298.9,4052.018
2026-08-03 01:00:00,63299.0,63332.8,63088.0,63185.9,3482.062
2026-08-03 02:00:00,63185.9,63266.1,63068.1,63118.3,2410.406
2026-08-03 03:00:00,63118.2,63152.8,62745.0,62839.7,4979.18
2026-08-03 04:00:00,62839.8,62976.8,62745.3,62765.3,4163.223
2026-08-03 05:00:00,62765.2,62848.0,62716.0,62799.9,3595.518
2026-08-03 06:00:00,62800.0,62850.1,62576.2,62594.9,5547.075
2026-08-03 07:00:00,62594.8,62671.6,62520.0,62591.0,4637.457
2026-08-03 08:00:00,62591.0,62624.0,62268.2,62512.4,8236.907
2026-08-03 09:00:00,62512.4,62846.3,62487.9,62806.0,5851.477
2026-08-03 10:00:00,62806.0,62838.5,62584.8,62708.8,4413.061
2026-08-03 11:00:00,62708.9,62746.4,62506.8,62534.1,4475.438
2026-08-03 12:00:00,62534.1,62769.1,62400.0,62669.9,6014.563
2026-08-03 13:00:00,62669.9,63368.1,62533.3,63317.6,15971.818
2026-08-03 14:00:00,63317.6,63956.4,63109.7,63927.9,26813.636
2026-08-03 15:00:00,63928.0,63960.0,63610.2,63659.5,11323.139
2026-08-03 16:00:00,63659.5,63907.4,63626.2,63738.0,6259.343
2026-08-03 17:00:00,63737.9,64049.5,63680.0,63874.1,6860.221
2026-08-03 18:00:00,63874.1,63973.1,63735.0,63835.5,3895.435
2026-08-03 19:00:00,63835.6,64058.8,63807.3,63836.9,3800.436
2026-08-03 20:00:00,63836.9,63992.9,63737.2,63755.9,3034.017
2026-08-03 21:00:00,63755.9,63763.5,63505.4,63561.1,4604.113
2026-08-03 22:00:00,63561.1,63648.7,63352.2,63587.6,5207.228
2026-08-03 23:00:00,63587.6,63596.5,63435.3,63497.2,2216.091
2026-08-04 00:00:00,63497.1,63558.8,63290.2,63337.6,4583.87
2026-08-04 01:00:00,63337.6,63911.6,63337.5,63816.1,6903.46
2026-08-04 02:00:00,63816.1,63958.6,63651.8,63802.3,4783.866
2026-08-04 03:00:00,63802.3,63843.7,63624.1,63771.0,2334.425
2026-08-04 04:00:00,63771.0,64239.8,63732.0,64004.4,7952.488
2026-08-04 05:00:00,64004.5,64032.8,63762.0,63783.7,3638.718
2026-08-04 06:00:00,63783.6,63830.0,63630.0,63653.4,3456.987
2026-08-04 07:00:00,63653.3,63736.9,63480.0,63666.5,4904.829
2026-08-04 08:00:00,63666.5,63730.0,63539.0,63559.7,2609.749
2026-08-04 09:00:00,63559.7,63589.2,63495.4,63576.4,2185.984
2026-08-04 10:00:00,63576.4,63818.7,63428.8,63743.3,5279.762
2026-08-04 11:00:00,63743.4,63926.0,63679.5,63900.2,4126.374
2026-08-04 12:00:00,63900.2,64034.3,63763.1,63875.1,4293.5
2026-08-04 13:00:00,63875.2,64080.0,63625.5,63663.7,10799.238
2026-08-04 14:00:00,63663.7,64177.0,63582.1,64100.0,11058.252
2026-08-04 15:00:00,64100.0,64200.0,63782.7,64088.4,8897.609
2026-08-04 16:00:00,64088.3,64104.0,63866.5,63928.9,3915.478
2026-08-04 17:00:00,63928.8,64159.4,63856.4,63936.1,4901.409
2026-08-04 18:00:00,63936.2,64370.0,63932.0,64270.7,7829.049
2026-08-04 19:00:00,64270.8,64388.0,64140.1,64197.3,4649.673
2026-08-04 20:00:00,64197.3,64397.6,63918.2,64316.3,8943.027
2026-08-04 21:00:00,64316.4,64316.4,64145.9,64166.8,2465.453
2026-08-04 22:00:00,64166.7,64267.2,64107.5,64238.0,1795.952
2026-08-04 23:00:00,64237.9,64512.9,64017.7,64075.5,7716.148
2026-08-05 00:00:00,64075.6,64163.8,63951.1,63970.9,4766.197
2026-08-05 01:00:00,63970.9,64321.3,63917.1,64306.3,4245.749
2026-08-05 02:00:00,64306.3,64480.0,64292.8,64340.3,9877.637
2026-08-05 03:00:00,64340.3,64416.9,64010.1,64145.6,7495.926
2026-08-05 04:00:00,64145.6,64193.0,64052.4,64141.5,2290.237
2026-08-05 05:00:00,64141.5,64500.0,64131.5,64307.7,5101.008
2026-08-05 06:00:00,64307.7,64345.8,64204.8,64226.0,1966.56
2026-08-05 07:00:00,64226.0,64247.8,63962.4,64141.0,6925.51
2026-08-05 08:00:00,64141.0,64257.1,64066.1,64096.3,4358.43
2026-08-05 09:00:00,64096.4,64181.6,64068.4,64127.5,1503.34
2026-08-05 10:00:00,64127.4,64217.0,63982.2,64033.0,3577.567
2026-08-05 11:00:00,64033.0,64116.0,64013.1,64044.6,2057.405
2026-08-05 12:00:00,64044.7,64575.2,64003.0,64295.4,14059.433
2026-08-05 13:00:00,64295.3,64387.0,63847.0,64387.0,15093.068
2026-08-05 14:00:00,64386.9,64548.6,64265.4,64443.3,11150.93
2026-08-05 15:00:00,64443.4,64728.5,64348.7,64353.6,11548.133
2026-08-05 16:00:00,64353.6,64740.5,64352.5,64631.9,6761.453
2026-08-05 17:00:00,64631.8,64780.0,64506.3,64733.6,4461.88
2026-08-05 18:00:00,64733.6,64810.0,64634.1,64762.8,5385.628
2026-08-05 19:00:00,64762.7,64898.0,64745.2,64805.7,4535.966
2026-08-05 20:00:00,64805.7,65022.0,64772.3,64804.2,9232.27
2026-08-05 21:00:00,64804.2,64804.3,64635.6,64710.1,3860.378
2026-08-05 22:00:00,64710.1,64766.2,64601.0,64607.0,2152.793
2026-08-05 23:00:00,64607.0,64721.2,64535.6,64633.9,2712.749
2026-08-06 00:00:00,64634.0,64696.0,64533.9,64614.8,2300.603
2026-08-06 01:00:00,64614.8,64634.9,64461.0,64560.0,2589.924
2026-08-06 02:00:00,64560.1,64627.6,64386.3,64550.6,4992.736
2026-08-06 03:00:00,64550.7,64551.3,64463.2,64496.2,1867.043
2026-08-06 04:00:00,64496.3,64702.9,64461.9,64695.9,2863.612
2026-08-06 05:00:00,64695.9,64971.7,64695.6,64879.5,5627.794
2026-08-06 06:00:00,64879.6,64879.6,64712.6,64830.5,2343.979
2026-08-06 07:00:00,64830.5,64944.3,64750.0,64789.4,3687.138
2026-08-06 08:00:00,64789.3,64971.0,64730.9,64913.9,3207.82
2026-08-06 09:00:00,64913.9,64917.5,64597.2,64649.1,5386.342
2026-08-06 10:00:00,64649.1,64656.0,64552.6,64589.2,2311.452
2026-08-06 11:00:00,64589.3,64629.0,64473.0,64590.1,3162.992
2026-08-06 12:00:00,64590.1,64614.3,64360.2,64392.4,4278.024
2026-08-06 13:00:00,64392.4,64501.0,64111.0,64404.8,13899.038
2026-08-06 14:00:00,64404.8,64825.0,64333.0,64748.2,10338.045
2026-08-06 15:00:00,64748.2,64962.0,64588.5,64604.2,9352.801
2026-08-06 16:00:00,64604.2,64745.5,64556.7,64723.2,3997.601
2026-08-06 17:00:00,64723.3,64807.4,64514.1,64583.1,2877.794
2026-08-06 18:00:00,64583.1,64589.6,64343.7,64388.8,3671.221
2026-08-06 19:00:00,64388.8,64445.6,64323.2,64412.8,2676.737
2026-08-06 20:00:00,64412.8,64510.7,64403.7,64403.7,2034.784
2026-08-06 21:00:00,64403.7,64490.2,64371.9,64411.8,1686.019
2026-08-06 22:00:00,64411.9,64419.3,64294.3,64317.8,1387.384
2026-08-06 23:00:00,64317.7,64333.1,64163.5,64300.0,2763.901
2026-08-07 00:00:00,64299.9,64387.3,64195.2,64291.9,2509.823
2026-08-07 01:00:00,64291.9,64450.0,64263.0,64394.8,2466.496
2026-08-07 02:00:00,64394.7,64524.8,64220.0,64369.5,4915.454
2026-08-07 03:00:00,64369.4,64380.5,64227.8,64264.0,2084.467
2026-08-07 04:00:00,64264.0,64340.2,64128.3,64225.8,3064.777
2026-08-07 05:00:00,64225.8,64370.1,64139.7,64310.6,2632.881
2026-08-07 06:00:00,64310.7,64441.0,64255.0,64280.1,2733.573
2026-08-07 07:00:00,64280.2,64405.0,64229.9,64288.9,3039.671
2026-08-07 08:00:00,64288.8,64646.6,64268.9,64576.4,4583.667
2026-08-07 09:00:00,64576.3,64939.4,64576.3,64809.0,9312.554
2026-08-07 10:00:00,64809.1,64888.7,64768.5,64867.3,3470.548
2026-08-07 11:00:00,64867.4,65187.9,64867.4,64996.1,9560.374
2026-08-07 12:00:00,64996.2,65358.0,64954.0,65259.1,17634.528
2026-08-07 13:00:00,65259.0,65305.6,64946.8,64984.8,10184.3
2026-08-07 14:00:00,64984.9,65250.0,64756.8,64927.3,14288.394
2026-08-07 15:00:00,64927.3,65117.7,64859.5,64885.4,4051.07
2026-08-07 16:00:00,64885.5,65050.0,64779.9,64779.9,4422.972
2026-08-07 17:00:00,64779.9,64805.1,64490.0,64740.3,10381.643
2026-08-07 18:00:00,64740.2,64857.9,64655.0,64712.1,3281.064
2026-08-07 19:00:00,64712.1,65000.0,64712.0,64932.9,3973.989
2026-08-07 20:00:00,64932.9,65015.3,64916.6,64942.1,1622.043
2026-08-07 21:00:00,64942.2,65078.7,64895.0,64895.3,2027.278
2026-08-07 22:00:00,64895.3,64919.6,64815.3,64857.3,1480.192
2026-08-07 23:00:00,64857.3,64885.8,64846.3,64885.4,666.622
2026-08-08 00:00:00,64885.5,64927.6,64784.3,64890.3,1273.139
2026-08-08 01:00:00,64890.3,64927.8,64871.6,64880.6,860.364
2026-08-08 02:00:00,64880.6,64931.8,64863.5,64889.5,932.115
2026-08-08 03:00:00,64889.5,65046.1,64884.0,65000.0,1510.176
2026-08-08 04:00:00,65000.0,65040.1,64934.9,64976.5,1306.273
2026-08-08 05:00:00,64976.5,65000.0,64942.6,64967.0,716.826
2026-08-08 06:00:00,64967.1,64991.0,64931.8,64978.2,886.154
2026-08-08 07:00:00,64978.3,64983.0,64919.5,64936.3,705.086
2026-08-08 08:00:00,64936.3,64988.2,64920.0,64963.2,748.373
2026-08-08 09:00:00,64963.1,65026.9,64960.0,64960.1,1002.81
2026-08-08 10:00:00,64960.0,64996.3,64960.0,64980.6,585.457
2026-08-08 11:00:00,64980.6,64995.6,64930.0,64938.5,674.148
2026-08-08 12:00:00,64938.4,65024.7,64890.8,64973.8,1443.805
2026-08-08 13:00:00,64973.8,64994.6,64967.2,64985.4,623.733
2026-08-08 14:00:00,64985.4,65163.0,64985.3,65100.0,3560.648
2026-08-08 15:00:00,65100.1,65123.8,65027.9,65049.3,1199.135
2026-08-08 16:00:00,65049.4,65088.0,65000.1,65056.1,1005.182
2026-08-08 17:00:00,65056.1,65123.1,65045.6,65086.2,1085.982
2026-08-08 18:00:00,65086.2,65094.1,65000.0,65015.3,1172.248
2026-08-08 19:00:00,65015.3,65089.2,64986.2,65045.5,1090.996
2026-08-08 20:00:00,65045.5,65059.1,65026.7,65046.9,874.204
2026-08-08 21:00:00,65046.9,65046.9,64957.3,64989.8,834.994
2026-08-08 22:00:00,64989.8,65012.8,64915.2,64915.2,1243.507
2026-08-08 23:00:00,64915.2,64954.1,64907.9,64928.5,1102.947
2026-08-09 00:00:00,64928.6,64957.7,64928.4,64952.9,781.704
2026-08-09 01:00:00,64952.9,64982.4,64818.0,64838.4,1842.755
2026-08-09 02:00:00,64838.4,64838.4,64752.0,64798.0,1681.963
2026-08-09 03:00:00,64798.0,64798.0,64700.0,64759.0,1637.031
2026-08-09 04:00:00,64758.9,64806.3,64758.9,64759.8,840.473
2026-08-09 05:00:00,64759.7,64777.9,64747.4,64777.9,750.522
2026-08-09 06:00:00,64777.8,64835.0,64776.9,64822.9,1267.843
2026-08-09 07:00:00,64822.9,64827.8,64791.9,64793.6,932.539
2026-08-09 08:00:00,64793.7,64911.1,64759.2,64792.5,2330.142
2026-08-09 09:00:00,64792.5,64850.9,64774.5,64850.9,909.039
2026-08-09 10:00:00,64850.9,64948.7,64850.8,64927.4,1516.361
2026-08-09 11:00:00,64927.5,64978.0,64921.7,64921.8,952.862
2026-08-09 12:00:00,64921.7,64928.5,64884.3,64928.5,828.295
2026-08-09 13:00:00,64928.4,65245.5,64928.4,65194.9,5738.746
2026-08-09 14:00:00,65195.0,65279.9,65118.4,65237.3,3169.124
2026-08-09 15:00:00,65237.3,65240.9,65177.0,65207.7,1907.952
2026-08-09 16:00:00,65207.8,65243.1,65147.2,65204.6,1854.06
2026-08-09 17:00:00,65204.6,65212.8,65165.9,65170.0,821.961
2026-08-09 18:00:00,65169.9,65200.0,65161.2,65167.1,801.241
2026-08-09 19:00:00,65167.1,65188.6,65147.6,65153.2,805.502
2026-08-09 20:00:00,65153.2,65161.4,65043.5,65114.1,1946.781
2026-08-09 21:00:00,65114.0,65229.9,65091.2,65165.0,1376.098
2026-08-09 22:00:00,65165.1,65482.7,64936.2,65046.3,8588.987
2026-08-09 23:00:00,65046.2,65080.3,64805.1,64867.8,4566.481
2026-08-10 00:00:00,64867.8,65300.0,64794.4,64945.3,6977.175
2026-08-10 01:00:00,64945.3,65373.6,64864.0,65172.9,4797.875
2026-08-10 02:00:00,65172.9,65193.3,64871.0,65077.7,4553.587
2026-08-10 03:00:00,65077.7,65150.0,64875.0,64946.4,3323.683
2026-08-10 04:00:00,64946.4,65076.4,64892.1,64980.6,1876.553
2026-08-10 05:00:00,64980.4,65142.1,64952.3,65117.1,1694.269
2026-08-10 06:00:00,65117.2,65313.2,65104.1,65273.2,3310.909
2026-08-10 07:00:00,65273.1,65348.4,65173.1,65183.0,3596.096
2026-08-10 08:00:00,65183.0,65306.9,65160.2,65220.6,1987.063
2026-08-10 09:00:00,65220.6,65220.7,64928.0,64941.1,4638.212
2026-08-10 10:00:00,64941.0,65053.3,64939.5,64988.7,2367.413
2026-08-10 11:00:00,64988.8,65108.4,64950.0,65097.6,1926.582
2026-08-10 12:00:00,65097.5,65221.2,64812.6,64838.3,6276.873
2026-08-10 13:00:00,64838.3,64942.5,64482.1,64533.7,12568.287
2026-08-10 14:00:00,64533.6,64856.7,64510.0,64594.5,8146.67
2026-08-10 15:00:00,64594.6,64691.2,64171.8,64268.8,16204.295
2026-08-10 16:00:00,64268.7,64330.0,63808.9,63888.6,17921.622
2026-08-10 17:00:00,63888.6,64009.0,63810.0,63932.7,6540.095
2026-08-10 18:00:00,63932.6,64005.4,63788.0,63866.4,7492.295
2026-08-10 19:00:00,63866.3,64072.8,63859.9,64017.2,3901.694
2026-08-10 20:00:00,64017.2,64189.3,63989.5,64129.6,3300.092
2026-08-10 21:00:00,64129.7,64129.7,63946.8,63949.0,2086.206
2026-08-10 22:00:00,63949.0,64027.4,63908.0,63987.5,1502.142
2026-08-10 23:00:00,63987.5,63992.1,63881.6,63939.3,1836.04
2026-08-11 00:00:00,63939.3,64032.6,63863.9,64006.1,3142.738
2026-08-11 01:00:00,64006.1,64048.2,63923.9,64026.6,2609.513
2026-08-11 02:00:00,64026.6,64054.0,63999.9,64012.9,1604.216
2026-08-11 03:00:00,64012.8,64148.0,64012.8,64110.7,2071.084
2026-08-11 04:00:00,64110.7,64124.2,63997.0,63997.0,1750.423
2026-08-11 05:00:00,63997.0,64023.4,63929.2,63965.0,2036.285
2026-08-11 06:00:00,63965.0,64021.8,63820.0,63940.0,2921.294
2026-08-11 07:00:00,63940.0,64077.0,63876.4,64031.7,2829.318
2026-08-11 08:00:00,64031.7,64124.8,64010.4,64109.8,2186.279
2026-08-11 09:00:00,64109.7,64281.0,64106.0,64281.0,3780.751
2026-08-11 10:00:00,64280.9,64290.1,64172.0,64205.3,3721.684
2026-08-11 11:00:00,64205.3,64380.0,64205.3,64358.3,3681.559
2026-08-11 12:00:00,64358.4,64470.0,64259.1,64303.2,6171.78
2026-08-11 13:00:00,64303.1,64345.9,64020.2,64174.4,7649.265
2026-08-11 14:00:00,64174.4,64240.0,63680.0,63747.0,10714.093
2026-08-11 15:00:00,63747.0,63845.7,63420.0,63585.3,13464.299
2026-08-11 16:00:00,63585.3,63637.5,63436.5,63488.5,5033.969
2026-08-11 17:00:00,63488.5,63615.5,63432.3,63580.1,3181.764
2026-08-11 18:00:00,63580.2,63609.1,63222.0,63352.5,10329.621
2026-08-11 19:00:00,63352.5,63513.9,63211.6,63508.5,4952.141
2026-08-11 20:00:00,63508.5,63732.7,63508.5,63720.8,6134.49
2026-08-11 21:00:00,63720.8,63757.5,63590.7,63641.5,2558.645
2026-08-11 22:00:00,63641.6,63746.4,63601.2,63641.6,1640.366
2026-08-11 23:00:00,63641.7,63641.7,63527.3,63572.0,1858.069
2026-08-12 00:00:00,63571.9,63722.4,63505.3,63717.2,2371.705
2026-08-12 01:00:00,63717.2,63828.7,63665.2,63796.0,2737.398
2026-08-12 02:00:00,63796.0,63886.0,63701.2,63722.6,3052.798
2026-08-12 03:00:00,63722.5,63819.2,63678.4,63800.1,1932.499
2026-08-12 04:00:00,63800.1,63863.6,63706.4,63747.2,2612.303
2026-08-12 05:00:00,63747.2,63846.3,63698.2,63811.4,1728.328
2026-08-12 06:00:00,63811.3,63811.3,63574.6,63688.0,4221.534
2026-08-12 07:00:00,63687.9,63812.5,63603.4,63804.8,2398.382
2026-08-12 08:00:00,63804.8,63844.0,63741.1,63769.9,2661.075
2026-08-12 09:00:00,63770.0,64077.0,63735.4,64077.0,6820.246
2026-08-12 10:00:00,64076.9,64191.8,64026.5,64111.4,5679.101
2026-08-12 11:00:00,64111.4,64222.2,64080.0,64207.3,3180.652
2026-08-12 12:00:00,64207.3,64450.0,63939.1,64090.0,18249.748
2026-08-12 13:00:00,64089.9,64131.4,63799.0,63805.9,9560.772
2026-08-12 14:00:00,63806.0,63911.9,63334.4,63344.4,15269.702
2026-08-12 15:00:00,63344.3,63551.9,63291.1,63421.4,8496.489
2026-08-12 16:00:00,63421.3,63557.5,63338.9,63462.3,4639.985
2026-08-12 17:00:00,63462.3,63528.2,63388.8,63450.1,2173.354
2026-08-12 18:00:00,63450.0,63507.0,63350.0,63360.0,2249.864
2026-08-12 19:00:00,63360.0,63441.0,63283.0,63394.9,4255.02
2026-08-12 20:00:00,63394.8,63573.5,63392.5,63573.5,2578.409
2026-08-12 21:00:00,63573.5,63629.8,63389.9,63441.4,2882.359
2026-08-12 22:00:00,63441.4,63508.0,63337.5,63405.9,2193.769
2026-08-12 23:00:00,63405.8,63466.0,63350.0,63454.7,2487.321
2026-08-13 00:00:00,63454.6,63694.9,63437.0,63530.1,3940.765
2026-08-13 01:00:00,63530.0,63611.4,63355.1,63428.8,2951.738
2026-08-13 02:00:00,63428.9,63553.7,63343.8,63522.4,2239.393
2026-08-13 03:00:00,63522.4,63670.1,63474.0,63623.5,4781.724
2026-08-13 04:00:00,63623.5,63763.6,63564.9,63672.9,2602.124
2026-08-13 05:00:00,63672.9,63990.7,63647.6,63844.4,7918.487
2026-08-13 06:00:00,63844.4,63914.6,63725.2,63914.5,3534.784
2026-08-13 07:00:00,63914.5,63916.6,63824.2,63833.0,1773.196
2026-08-13 08:00:00,63833.0,63881.3,63710.6,63743.8,2831.573
2026-08-13 09:00:00,63743.7,63768.0,63559.9,63757.0,3594.305
2026-08-13 10:00:00,63757.1,63800.0,63536.0,63628.9,4839.388
2026-08-13 11:00:00,63628.8,63637.8,63318.1,63458.5,6057.359
2026-08-13 12:00:00,63458.6,63697.7,63414.4,63669.2,5311.097
2026-08-13 13:00:00,63669.2,63828.0,63534.0,63699.9,7463.579
2026-08-13 14:00:00,63700.0,63980.6,63655.0,63835.6,6906.181
2026-08-13 15:00:00,63835.7,63920.0,63385.0,63385.0,7615.275
2026-08-13 16:00:00,63385.0,63544.0,62800.0,63139.0,24202.169
2026-08-13 17:00:00,63138.9,63276.4,63047.6,63121.4,5843.432
2026-08-13 18:00:00,63121.5,63348.0,63088.0,63284.7,3314.35
2026-08-13 19:00:00,63284.7,63488.0,63284.7,63387.4,4508.057
2026-08-13 20:00:00,63387.3,63447.0,63343.4,63385.6,1859.547
2026-08-13 21:00:00,63385.6,63477.4,63360.9,63444.7,2046.483
2026-08-13 22:00:00,63444.7,63613.6,63444.6,63497.7,4047.845
2026-08-13 23:00:00,63497.6,63512.8,63366.6,63456.7,2483.241
2026-08-14 00:00:00,63456.7,63534.0,63378.1,63517.6,2223.859
2026-08-14 01:00:00,63517.6,63567.8,63428.9,63545.5,2084.168
2026-08-14 02:00:00,63545.4,63595.1,63437.1,63437.1,1913.641
2026-08-14 03:00:00,63437.1,63556.1,63277.1,63288.1,3097.959
2026-08-14 04:00:00,63288.0,63449.6,63243.2,63349.9,1867.377
2026-08-14 05:00:00,63350.0,63375.6,63256.7,63357.8,1736.005
2026-08-14 06:00:00,63357.8,63357.8,62900.2,62944.6,7665.619
2026-08-14 07:00:00,62944.6,63079.1,62888.0,62888.1,5972.257
2026-08-14 08:00:00,62888.0,62974.4,62658.8,62904.9,11490.409
2026-08-14 09:00:00,62904.9,62904.9,62709.3,62763.9,3840.164
2026-08-14 10:00:00,62763.9,62912.4,62712.0,62787.7,3235.522
2026-08-14 11:00:00,62787.7,62906.2,62779.3,62837.4,2994.434
2026-08-14 12:00:00,62837.5,62885.3,62688.1,62706.0,4305.086
2026-08-14 13:00:00,62706.1,62794.8,62555.5,62639.6,11535.398
2026-08-14 14:00:00,62639.8,62774.9,62484.2,62581.0,9306.042
2026-08-14 15:00:00,62581.0,63061.7,62576.5,62956.0,9143.66
2026-08-14 16:00:00,62956.0,63194.4,62933.7,63105.8,5866.763
2026-08-14 17:00:00,63105.9,63215.3,62965.0,62988.4,4557.206
2026-08-14 18:00:00,62988.4,63050.0,62857.9,62900.0,3336.892
2026-08-14 19:00:00,62899.9,62968.0,62781.4,62936.3,3002.679
2026-08-14 20:00:00,62936.4,62995.1,62864.6,62878.5,1728.939
2026-08-14 21:00:00,62878.5,62912.2,62846.7,62897.6,930.979
2026-08-14 22:00:00,62897.7,62936.7,62770.9,62856.8,1597.601
2026-08-14 23:00:00,62856.9,63040.3,62838.4,63015.0,1915.098
2026-08-15 00:00:00,63014.9,63039.0,62964.4,62991.7,1097.535
2026-08-15 01:00:00,62991.7,63015.0,62966.7,63010.7,879.952
2026-08-15 02:00:00,63010.8,63114.0,63007.5,63113.6,1520.347
2026-08-15 03:00:00,63113.6,63170.0,63014.0,63030.3,1666.448
2026-08-15 04:00:00,63030.3,63127.5,63030.3,63092.5,885.606
2026-08-15 05:00:00,63092.5,63127.5,63013.4,63055.4,1159.429
2026-08-15 06:00:00,63055.5,63108.3,63003.8,63087.3,978.661
2026-08-15 07:00:00,63087.2,63104.3,63011.0,63049.8,1537.473
2026-08-15 08:00:00,63049.9,63058.4,62902.0,62908.5,1687.577
2026-08-15 09:00:00,62908.6,63019.9,62890.2,62999.1,1725.527
2026-08-15 10:00:00,62999.2,63025.4,62971.9,63015.6,672.563
2026-08-15 11:00:00,63015.7,63031.4,62967.9,62993.1,763.325
2026-08-15 12:00:00,62993.0,63030.4,62920.9,63028.8,1276.574
2026-08-15 13:00:00,63028.8,63058.2,62992.2,63031.3,1175.084
2026-08-15 14:00:00,63031.2,63031.3,62961.9,63011.7,797.52
2026-08-15 15:00:00,63011.7,63096.7,62997.9,63068.0,1055.6
2026-08-15 16:00:00,63068.1,63097.3,63032.7,63066.3,999.172
2026-08-15 17:00:00,63066.3,63077.8,63032.1,63043.5,544.085
2026-08-15 18:00:00,63043.4,63083.0,63011.6,63026.3,1116.068
2026-08-15 19:00:00,63026.3,63093.6,63026.2,63093.6,898.285
2026-08-15 20:00:00,63093.6,63093.6,63040.1,63077.1,479.901
2026-08-15 21:00:00,63077.0,63138.7,63068.9,63123.7,790.999
2026-08-15 22:00:00,63123.8,63141.6,63096.6,63100.7,678.759
2026-08-15 23:00:00,63100.7,63110.3,63049.9,63053.9,744.695
2026-08-16 00:00:00,63053.9,63057.4,63032.9,63051.1,735.332
2026-08-16 01:00:00,63051.0,63052.4,62975.9,63051.3,1037.097
2026-08-16 02:00:00,63051.3,63132.2,62988.9,63092.3,1563.573
2026-08-16 03:00:00,63092.4,63103.1,63080.0,63096.6,580.017
2026-08-16 04:00:00,63096.5,63122.7,63056.6,63056.7,479.96
2026-08-16 05:00:00,63056.6,63068.4,63007.1,63027.7,728.793
2026-08-16 06:00:00,63027.7,63056.1,63009.2,63036.5,686.311
2026-08-16 07:00:00,63036.5,63036.6,63024.0,63034.3,495.858
2026-08-16 08:00:00,63034.4,63045.1,63030.1,63039.5,540.295
2026-08-16 09:00:00,63039.6,63039.6,62936.0,62957.0,1313.992
2026-08-16 10:00:00,62957.0,62982.1,62928.5,62979.2,1023.286
2026-08-16 11:00:00,62979.2,62981.1,62945.9,62981.1,807.194
2026-08-16 12:00:00,62981.1,63000.0,62959.1,62986.4,845.037
2026-08-16 13:00:00,62986.4,63040.9,62986.3,63036.1,911.138
2026-08-16 14:00:00,63036.1,63078.6,63031.9,63078.5,1127.53
2026-08-16 15:00:00,63078.6,63113.8,63077.7,63113.8,1150.483
2026-08-16 16:00:00,63113.8,63370.0,63108.4,63232.7,7768.378
2026-08-16 17:00:00,63232.7,63247.2,63087.3,63130.7,1823.456
2026-08-16 18:00:00,63130.6,63148.0,63092.0,63111.3,1231.306
2026-08-16 19:00:00,63111.4,63201.7,63063.6,63082.2,1559.083
2026-08-16 20:00:00,63082.3,63117.1,62988.3,63041.0,1583.882
2026-08-16 21:00:00,63041.0,63067.3,62700.1,62900.0,4510.582
2026-08-16 22:00:00,62900.1,62930.0,62681.1,62885.0,4833.639
2026-08-16 23:00:00,62885.0,62967.0,62803.7,62876.0,2591.853
2026-08-17 00:00:00,62876.0,62936.6,62723.9,62887.3,3253.191
2026-08-17 01:00:00,62887.3,63230.0,62867.2,63084.0,6012.772
2026-08-17 02:00:00,63084.1,63482.0,63008.2,63382.7,7690.808
2026-08-17 03:00:00,63382.8,63498.0,63314.7,63409.8,4196.522
2026-08-17 04:00:00,63409.7,63564.3,63409.7,63512.3,4683.954
2026-08-17 05:00:00,63512.3,63572.6,63414.4,63488.0,3204.194
2026-08-17 06:00:00,63488.1,63693.2,63447.8,63633.1,4945.539
2026-08-17 07:00:00,63633.2,63636.3,63492.5,63493.5,2846.054
2026-08-17 08:00:00,63493.5,63524.9,63320.2,63350.1,4969.626
2026-08-17 09:00:00,63350.1,63405.7,63255.0,63290.1,2845.361
2026-08-17 10:00:00,63290.1,63671.2,63265.3,63661.9,6339.423
2026-08-17 11:00:00,63661.8,63753.0,63554.0,63600.0,5103.033
2026-08-17 12:00:00,63600.0,63655.7,63502.4,63526.6,7564.124
2026-08-17 13:00:00,63526.6,63776.0,63412.5,63647.0,8333.86
2026-08-17 14:00:00,63646.9,63880.0,63561.3,63871.7,6867.205
2026-08-17 15:00:00,63871.8,64199.9,63779.3,64169.9,14978.133
2026-08-17 16:00:00,64169.8,64185.6,64022.3,64082.1,5899.198
2026-08-17 17:00:00,64082.2,64388.0,63944.3,64293.1,12850.189
2026-08-17 18:00:00,64293.2,64600.8,64243.7,64402.7,11398.121
2026-08-17 19:00:00,64402.8,64402.8,64258.3,64280.4,3547.645
2026-08-17 20:00:00,64280.4,64414.3,64231.3,64360.7,2390.86
2026-08-17 21:00:00,64360.7,64405.5,64269.8,64350.3,1665.376
2026-08-17 22:00:00,64350.2,64390.0,64247.8,64267.7,2352.839
2026-08-17 23:00:00,64267.6,64555.4,64261.1,64504.1,4311.304
2026-08-18 00:00:00,64504.1,64541.6,64330.0,64357.4,3099.834
2026-08-18 01:00:00,64357.4,64361.0,64116.7,64174.9,4414.977
2026-08-18 02:00:00,64174.9,64246.0,64000.0,64074.0,5255.036
2026-08-18 03:00:00,64074.0,64156.7,64005.5,64147.4,3385.553
2026-08-18 04:00:00,64147.5,64215.6,64055.0,64184.5,2972.239
2026-08-18 05:00:00,64184.5,64245.6,64107.0,64202.7,3291.425
2026-08-18 06:00:00,64202.7,64425.0,64130.0,64297.9,3536.995
2026-08-18 07:00:00,64297.9,64329.8,64135.9,64170.9,2998.706
2026-08-18 08:00:00,64170.8,64310.0,64056.4,64264.5,3399.073
2026-08-18 09:00:00,64264.4,64264.4,64106.6,64140.5,1610.937
2026-08-18 10:00:00,64140.5,64194.6,64100.1,64171.7,1434.3
2026-08-18 11:00:00,64171.6,64380.0,64161.4,64326.0,3568.211
2026-08-18 12:00:00,64326.1,64328.2,64170.2,64194.5,2094.554
2026-08-18 13:00:00,64194.6,64262.5,63979.2,64187.5,8177.518
2026-08-18 14:00:00,64187.6,65057.9,64187.5,64683.6,24838.684
2026-08-18 15:00:00,64683.5,64861.0,64615.0,64823.9,5715.988
2026-08-18 16:00:00,64823.9,64861.7,64642.5,64804.7,4138.217
2026-08-18 17:00:00,64804.7,64804.8,64634.3,64634.3,2884.983
2026-08-18 18:00:00,64634.4,64793.8,64621.9,64744.7,1964.354
2026-08-18 19:00:00,64744.7,64773.5,64611.3,64619.7,1956.137
2026-08-18 20:00:00,64619.8,64631.0,64528.9,64547.5,2114.031
2026-08-18 21:00:00,64547.4,64628.2,64532.7,64576.0,1341.005
2026-08-18 22:00:00,64576.0,64621.8,64528.4,64607.0,1474.724
2026-08-18 23:00:00,64607.0,64755.5,64598.7,64694.0,1846.407
2026-08-19 00:00:00,64694.1,64705.7,64451.1,64459.4,3008.166
2026-08-19 01:00:00,64459.3,64523.2,64354.1,64371.6,3713.2
2026-08-19 02:00:00,64371.6,64389.1,64315.0,64322.1,2628.6
2026-08-19 03:00:00,64322.1,64390.4,64252.0,64296.3,2896.92
2026-08-19 04:00:00,64296.3,64367.8,64262.3,64285.4,2133.047
2026-08-19 05:00:00,64285.4,64382.2,64204.6,64209.1,2318.548
2026-08-19 06:00:00,64209.2,64321.3,64131.3,64315.1,4535.412
2026-08-19 07:00:00,64315.1,64377.5,64244.0,64266.1,3345.037
2026-08-19 08:00:00,64266.0,64482.5,64219.6,64385.0,3886.868
2026-08-19 09:00:00,64385.1,64446.4,64323.2,64395.3,1865.222
2026-08-19 10:00:00,64395.4,64431.0,64333.4,64423.9,2397.835
2026-08-19 11:00:00,64423.9,64509.7,64417.3,64479.0,2920.218
2026-08-19 12:00:00,64479.1,64961.9,64440.0,64857.3,14924.672
2026-08-19 13:00:00,64857.3,65190.0,64757.6,64984.1,22886.726
2026-08-19 14:00:00,64984.1,65950.0,64984.1,65895.6,32824.906
2026-08-19 15:00:00,65895.5,70450.0,65863.2,68523.7,103351.85
2026-08-19 16:00:00,68523.7,68998.0,68373.0,68430.7,22434.14
2026-08-19 17:00:00,68430.7,68512.3,67803.6,68170.6,18732.512
2026-08-19 18:00:00,68170.5,68430.1,68010.2,68360.7,6368.812
2026-08-19 19:00:00,68360.8,68460.4,68070.4,68404.1,7452.061
2026-08-19 20:00:00,68404.1,69591.0,68356.9,69016.1,17877.437
2026-08-19 21:00:00,69016.0,70048.2,68946.7,69685.1,27698.633
2026-08-19 22:00:00,69685.1,69813.3,68950.3,69227.1,10500.854
2026-08-19 23:00:00,69227.1,69439.6,69130.4,69310.0,5794.806
2026-08-20 00:00:00,69310.1,69765.5,69286.7,69389.1,7999.323
2026-08-20 01:00:00,69389.2,69867.9,69245.9,69691.4,7170.612
2026-08-20 02:00:00,69691.5,69800.0,69247.5,69284.6,7638.714
2026-08-20 03:00:00,69284.6,69342.5,68882.1,69183.5,8407.26
2026-08-20 04:00:00,69183.5,69622.0,69155.0,69480.1,5135.099
2026-08-20 05:00:00,69480.0,69657.7,69350.0,69408.3,6039.33
2026-08-20 06:00:00,69408.4,69921.9,69330.3,69838.8,7770.864
2026-08-20 07:00:00,69838.8,69999.0,69482.0,69815.9,8339.512
2026-08-20 08:00:00,69815.9,71799.6,69771.8,71560.6,48626.779
2026-08-20 09:00:00,71560.5,72081.7,71449.3,71781.2,23225.419
2026-08-20 10:00:00,71781.2,72487.5,71690.0,71978.2,18551.815
2026-08-20 11:00:00,71978.1,72300.1,71783.5,71896.2,10448.47
2026-08-20 12:00:00,71896.2,71990.8,71435.6,71930.1,15605.441
2026-08-20 13:00:00,71930.1,72099.0,71100.0,71663.7,19006.555
2026-08-20 14:00:00,71663.7,71967.7,71309.4,71792.9,10563.446
2026-08-20 15:00:00,71793.0,72849.9,71760.1,72429.0,26731.833
2026-08-20 16:00:00,72429.1,72887.9,72159.8,72805.9,9519.638
2026-08-20 17:00:00,72806.0,72945.3,72482.9,72694.6,8640.844
2026-08-20 18:00:00,72694.5,72780.0,72352.3,72398.4,8631.45
2026-08-20 19:00:00,72398.4,72748.1,72280.1,72649.7,4779.779
2026-08-20 20:00:00,72649.8,73106.9,72554.0,72638.5,6624.961
2026-08-20 21:00:00,72638.5,72819.2,72514.8,72706.9,3058.172
2026-08-20 22:00:00,72706.9,72854.3,72458.7,72648.5,4415.149
2026-08-20 23:00:00,72648.4,73399.7,72625.0,72998.7,12531.358
2026-08-21 00:00:00,72998.8,73985.8,72992.4,73682.1,17552.213
2026-08-21 01:00:00,73682.1,75767.5,73635.1,75103.3,39782.588
2026-08-21 02:00:00,75103.3,75175.0,74347.0,74410.6,15829.449
2026-08-21 03:00:00,74410.7,74847.3,74214.4,74482.9,10254.851
2026-08-21 04:00:00,74482.9,75000.0,74482.8,74990.3,7186.851
2026-08-21 05:00:00,74990.4,75472.0,74871.6,75433.0,12799.658
2026-08-21 06:00:00,75433.1,75720.8,75066.0,75613.3,11726.347
2026-08-21 07:00:00,75613.3,76900.0,75577.0,76310.4,39329.551
2026-08-21 08:00:00,76310.3,79555.5,76253.2,79269.0,61417.857
2026-08-21 09:00:00,79268.9,79372.8,77255.0,77900.6,53147.863
2026-08-21 10:00:00,77900.5,78243.5,77600.9,77803.3,11866.675
2026-08-21 11:00:00,77803.2,77858.0,76393.1,76749.0,27863.595
2026-08-21 12:00:00,76748.9,77487.2,76537.8,77228.1,16233.661
2026-08-21 13:00:00,77228.1,77721.9,76237.0,77244.3,24468.433
2026-08-21 14:00:00,77244.4,77450.0,76538.9,77387.7,17198.886
2026-08-21 15:00:00,77387.7,77871.6,77157.3,77219.8,11451.783
2026-08-21 16:00:00,77219.8,77549.0,76757.0,77462.3,9741.837
2026-08-21 17:00:00,77462.3,77711.1,77162.8,77381.8,8982.59
2026-08-21 18:00:00,77381.7,77543.8,76576.4,77115.4,11024.729
2026-08-21 19:00:00,77115.4,77328.6,76817.6,76995.4,5309.034
2026-08-21 20:00:00,76995.4,77517.4,76815.6,77480.0,5624.118
2026-08-21 21:00:00,77480.0,78666.0,77345.9,78491.5,14202.248
2026-08-21 22:00:00,78491.4,78748.8,78061.6,78436.8,10842.943
2026-08-21 23:00:00,78436.8,78705.8,78093.3,78309.1,6424.312
2026-08-22 00:00:00,78309.1,78486.6,77649.7,77921.6,8031.792
2026-08-22 01:00:00,77921.6,78223.1,77780.9,77807.7,4596.191
2026-08-22 02:00:00,77807.6,78549.9,77763.0,78467.9,5863.939
2026-08-22 03:00:00,78467.9,78831.8,78344.3,78395.0,6088.611
2026-08-22 04:00:00,78395.0,78815.2,78183.1,78453.3,5979.954
2026-08-22 05:00:00,78453.2,78589.9,76510.0,77371.6,27422.098
2026-08-22 06:00:00,77371.5,77564.1,76963.5,77476.6,6868.833
2026-08-22 07:00:00,77476.6,77675.0,77201.4,77286.7,5117.109
2026-08-22 08:00:00,77286.7,77430.0,77012.9,77193.5,5677.897
2026-08-22 09:00:00,77193.5,77385.0,76816.4,77047.5,5740.672
2026-08-22 10:00:00,77047.6,77194.8,76512.9,76975.7,9733.902
2026-08-22 11:00:00,76975.7,77224.9,76815.6,77137.9,4987.271
2026-08-22 12:00:00,77137.9,77390.0,77081.7,77295.6,3765.51
2026-08-22 13:00:00,77295.6,77381.1,77104.7,77290.6,2485.317
2026-08-22 14:00:00,77290.6,77322.0,76936.1,77018.6,3658.325
2026-08-22 15:00:00,77018.6,77118.3,76888.0,76995.6,2501.087
2026-08-22 16:00:00,76995.6,77590.6,76969.4,77299.0,4869.702
2026-08-22 17:00:00,77299.0,77394.9,77081.1,77289.2,2564.264
2026-08-22 18:00:00,77289.1,77370.9,77139.8,77276.5,1373.264
2026-08-22 19:00:00,77276.5,77484.3,77209.4,77422.4,1548.91
2026-08-22 20:00:00,77422.3,77498.0,77267.6,77330.3,1609.542
2026-08-22 21:00:00,77330.3,77330.3,76818.1,76862.8,3459.906
2026-08-22 22:00:00,76862.8,77173.0,76772.0,77000.8,3675.984
2026-08-22 23:00:00,77000.9,77146.1,76905.3,77084.5,1317.364
2026-08-23 00:00:00,77084.5,77377.4,77058.9,77308.0,2238.181
2026-08-23 01:00:00,77308.1,77423.8,77169.5,77202.1,2706.332
2026-08-23 02:00:00,77202.1,77227.6,77015.8,77080.6,2226.928
2026-08-23 03:00:00,77080.6,77158.3,76842.1,76941.1,3375.125
2026-08-23 04:00:00,76941.2,77046.8,76425.4,76610.7,8498.955
2026-08-23 05:00:00,76610.7,76747.7,75588.0,76064.9,22939.296
2026-08-23 06:00:00,76065.0,76380.2,75870.0,76110.3,6569.908
2026-08-23 07:00:00,76110.3,76368.8,75900.0,76020.3,4194.267
2026-08-23 08:00:00,76020.2,76694.3,75966.7,76486.5,7368.871
2026-08-23 09:00:00,76486.5,76656.6,76470.0,76540.2,2722.155
2026-08-23 10:00:00,76540.3,76940.1,76535.5,76784.4,5920.259
2026-08-23 11:00:00,76784.4,77400.0,76738.0,77296.0,8697.874
2026-08-23 12:00:00,77296.1,77300.0,77003.8,77202.9,3448.487
2026-08-23 13:00:00,77203.0,77771.6,77189.8,77471.8,8393.742
2026-08-23 14:00:00,77471.7,77636.3,76762.1,77174.1,10800.613
2026-08-23 15:00:00,77174.2,77317.0,76900.0,77124.0,4205.655
2026-08-23 16:00:00,77124.0,77450.0,77124.0,77389.0,2455.419
2026-08-23 17:00:00,77389.0,77420.0,77115.8,77158.3,2367.621
2026-08-23 18:00:00,77158.2,77381.5,77075.1,77317.6,2673.438
2026-08-23 19:00:00,77317.7,77467.8,77217.2,77305.1,1574.19
2026-08-23 20:00:00,77305.0,77438.5,77167.3,77376.7,1246.297
2026-08-23 21:00:00,77376.7,78057.6,77376.7,77808.8,8328.816
2026-08-23 22:00:00,77808.7,77960.6,77535.3,77578.4,3657.937
2026-08-23 23:00:00,77578.4,77803.0,77252.5,77719.1,4470.968
2026-08-24 00:00:00,77719.0,77728.4,77104.8,77674.1,5661.933
2026-08-24 01:00:00,77674.1,77715.9,76888.0,76892.9,6701.374
2026-08-24 02:00:00,76892.9,77542.2,76857.1,77461.7,6580.441
2026-08-24 03:00:00,77461.6,77516.7,76916.1,76925.2,4688.387
2026-08-24 04:00:00,76925.2,77249.0,76649.0,76889.9,6070.6
2026-08-24 05:00:00,76889.9,77230.2,76829.3,77139.3,4986.745
2026-08-24 06:00:00,77139.3,77520.0,77053.5,77455.5,5253.388
2026-08-24 07:00:00,77455.5,77789.7,77272.7,77301.8,5516.272
2026-08-24 08:00:00,77301.8,77402.0,76802.9,77032.9,7386.267
2026-08-24 09:00:00,77032.9,77598.1,77012.7,77546.2,5668.213
2026-08-24 10:00:00,77546.3,78016.6,77525.5,77614.3,10775.098
2026-08-24 11:00:00,77614.3,78594.2,77434.8,78429.4,17419.924
2026-08-24 12:00:00,78429.4,79324.2,77950.0,79146.4,17591.131
2026-08-24 13:00:00,79146.3,79440.8,77800.0,78565.2,25905.71
2026-08-24 14:00:00,78565.3,79810.8,78556.8,79481.1,29141.641
2026-08-24 15:00:00,79481.1,79974.8,78777.8,79069.3,22539.614
2026-08-24 16:00:00,79069.3,79839.8,78839.0,79021.9,13799.995
2026-08-24 17:00:00,79022.0,79161.0,78410.0,78726.3,14827.665
2026-08-24 18:00:00,78726.3,79053.0,78680.0,78902.1,5396.806
2026-08-24 19:00:00,78902.0,79089.1,78520.6,78715.1,6510.704
2026-08-24 20:00:00,78715.1,78961.4,78520.3,78905.7,3505.798
2026-08-24 21:00:00,78906.2,79012.6,78810.7,78944.3,2196.917
2026-08-24 22:00:00,78944.2,78958.4,78619.2,78703.8,2042.422
2026-08-24 23:00:00,78703.9,78971.0,78579.7,78953.0,2335.305
2026-08-25 00:00:00,78952.9,79859.3,78675.7,79703.1,10347.752
2026-08-25 01:00:00,79703.1,79958.0,79439.3,79806.1,9324.995
2026-08-25 02:00:00,79806.1,81270.5,79710.0,80630.4,31306.468
2026-08-25 03:00:00,80630.4,80932.0,80286.0,80457.6,9794.53
2026-08-25 04:00:00,80457.6,80588.6,80128.0,80348.9,6846.184
2026-08-25 05:00:00,80348.8,80800.0,80301.9,80709.7,7939.657
2026-08-25 06:00:00,80709.7,80912.0,80383.4,80549.0,6582.725
2026-08-25 07:00:00,80548.9,80789.0,79288.5,79661.5,16749.651
2026-08-25 08:00:00,79661.6,80235.4,79580.0,79899.0,9362.423
2026-08-25 09:00:00,79899.0,79930.0,78827.3,79160.9,13016.027
2026-08-25 10:00:00,79161.0,79452.7,78958.0,79275.8,5991.104
2026-08-25 11:00:00,79275.8,79460.8,79003.5,79097.0,5564.278
2026-08-25 12:00:00,79097.0,79153.4,78600.0,78949.9,11355.014
2026-08-25 13:00:00,78950.0,79194.9,78100.1,78627.3,21011.479
2026-08-25 14:00:00,78627.7,79359.2,78505.7,79211.4,15181.216
2026-08-25 15:00:00,79211.4,79499.9,78978.1,79463.1,7001.7
2026-08-25 16:00:00,79463.1,79539.9,79035.4,79121.5,5858.534
2026-08-25 17:00:00,79121.5,79230.2,78709.7,79203.3,6520.317
2026-08-25 18:00:00,79203.3,79368.4,79009.7,79090.8,3911.32
2026-08-25 19:00:00,79090.8,79200.0,78677.2,78890.7,4810.358
2026-08-25 20:00:00,78890.6,78945.5,78130.1,78168.8,9980.999
2026-08-25 21:00:00,78168.8,78635.2,77808.1,78535.8,10777.824
2026-08-25 22:00:00,78535.9,78980.0,78535.9,78850.1,5561.368
2026-08-25 23:00:00,78850.0,78948.8,78351.0,78505.4,4905.637
2026-08-26 00:00:00,78505.5,78683.1,78252.8,78592.8,5070.068
2026-08-26 01:00:00,78592.7,78927.0,78562.0,78780.9,3819.541
2026-08-26 02:00:00,78780.9,79200.0,78698.6,79070.1,5305.223
2026-08-26 03:00:00,79070.1,79150.3,78852.1,79049.0,2693.766
2026-08-26 04:00:00,79049.0,79149.2,78750.0,78792.1,3960.407
2026-08-26 05:00:00,78792.1,79105.0,78600.0,79052.5,4558.377
2026-08-26 06:00:00,79052.6,79180.2,78774.4,78908.9,3841.474
2026-08-26 07:00:00,78908.9,79065.1,78824.4,78887.0,2592.854
2026-08-26 08:00:00,78887.1,79087.9,78570.3,78677.0,4504.331
2026-08-26 09:00:00,78677.0,78850.0,78208.0,78415.5,7389.886
2026-08-26 10:00:00,78415.2,78858.1,78260.6,78688.5,5038.83
2026-08-26 11:00:00,78688.5,78750.0,78274.1,78442.6,4111.088
2026-08-26 12:00:00,78442.6,78679.2,77906.4,78280.5,9713.42
2026-08-26 13:00:00,78280.4,78518.7,77850.0,78407.0,13435.043
2026-08-26 14:00:00,78406.9,78560.0,77722.5,77764.4,11151.8
2026-08-26 15:00:00,77764.5,78142.0,77600.0,77980.7,9580.367
2026-08-26 16:00:00,77980.7,78138.0,77812.6,77961.2,4543.755
2026-08-26 17:00:00,77961.2,78583.7,77961.2,78404.0,8647.737
2026-08-26 18:00:00,78404.0,78641.3,78244.2,78440.1,4161.447
2026-08-26 19:00:00,78440.1,78551.4,78252.1,78434.9,2633.208
2026-08-26 20:00:00,78434.9,78492.3,78156.5,78418.2,2127.081
2026-08-26 21:00:00,78418.2,78800.0,78347.8,78682.9,4767.024
2026-08-26 22:00:00,78682.9,78945.0,78513.7,78656.6,4769.076
2026-08-26 23:00:00,78656.6,79138.7,78607.3,78989.4,5948.557
2026-08-27 00:00:00,78989.4,78999.4,78649.9,78650.1,3310.431
2026-08-27 01:00:00,78650.0,78989.0,78522.1,78864.6,3469.265
2026-08-27 02:00:00,78864.6,78951.0,78666.1,78697.2,2050.407
2026-08-27 03:00:00,78697.2,78967.0,78605.5,78801.8,3557.455
2026-08-27 04:00:00,78801.8,78874.0,78651.0,78746.1,1646.445
2026-08-27 05:00:00,78746.0,78904.7,78566.5,78888.1,3153.737
2026-08-27 06:00:00,78888.1,78888.1,78575.6,78795.6,4134.194
2026-08-27 07:00:00,78795.6,79074.0,78720.0,79054.4,2883.234
2026-08-27 08:00:00,79054.3,79992.5,79015.0,79722.8,19780.554
2026-08-27 09:00:00,79722.7,80499.9,79640.7,79957.8,13876.54
2026-08-27 10:00:00,79957.8,80128.8,79300.0,79599.0,10083.208
2026-08-27 11:00:00,79599.5,79739.1,79131.8,79440.1,6423.908
2026-08-27 12:00:00,79440.1,79558.9,79226.0,79247.3,3937.944
2026-08-27 13:00:00,79247.4,79539.8,78864.0,79492.9,12075.411
2026-08-27 14:00:00,79492.9,80350.0,79308.0,80161.2,16873.891
2026-08-27 15:00:00,80161.3,80766.8,80048.0,80273.6,15924.076
2026-08-27 16:00:00,80273.7,80607.3,80163.0,80335.9,7404.569
2026-08-27 17:00:00,80335.9,80845.1,80200.0,80415.1,9323.819
2026-08-27 18:00:00,80415.1,80415.1,79707.0,80120.0,9971.665
2026-08-27 19:00:00,80120.0,80252.0,79800.0,79877.9,5591.089
2026-08-27 20:00:00,79877.9,80090.9,79843.3,80066.3,2646.193
2026-08-27 21:00:00,80066.3,80150.0,79936.4,80149.9,2336.962
2026-08-27 22:00:00,80149.9,80399.5,80110.1,80264.9,3324.914
2026-08-27 23:00:00,80264.9,80359.0,80091.1,80208.9,1682.552
2026-08-28 00:00:00,80208.9,80680.0,80110.6,80537.5,4728.496
2026-08-28 01:00:00,80537.5,81500.0,80386.6,80467.1,16909.212
2026-08-28 02:00:00,80467.1,80467.1,79659.2,79888.1,13190.653
2026-08-28 03:00:00,79888.0,80017.4,79731.9,79783.3,4603.019
2026-08-28 04:00:00,79783.3,79942.3,79560.2,79616.3,5394.535
2026-08-28 05:00:00,79616.3,79847.3,79522.3,79657.7,4240.911
2026-08-28 06:00:00,79657.7,79971.0,79657.7,79863.9,2720.212
2026-08-28 07:00:00,79863.9,79864.0,79538.9,79645.6,5384.541
2026-08-28 08:00:00,79645.7,79815.0,79440.0,79484.0,4667.941
2026-08-28 09:00:00,79483.9,79487.5,79179.7,79254.5,6441.871
2026-08-28 10:00:00,79254.5,79545.6,78961.5,79528.4,8496.915
2026-08-28 11:00:00,79528.4,79733.7,79504.7,79563.2,4741.843
2026-08-28 12:00:00,79563.2,79685.0,79264.2,79383.7,3953.776
2026-08-28 13:00:00,79383.7,79511.2,78972.8,79279.9,10136.722
2026-08-28 14:00:00,79281.7,79683.2,78400.0,79512.3,35801.986
2026-08-28 15:00:00,79512.3,79840.0,78271.0,78309.0,17868.659
2026-08-28 16:00:00,78309.0,78381.6,76853.1,77755.9,37671.934
2026-08-28 17:00:00,77755.8,78099.0,77626.9,77877.1,9243.56
2026-08-28 18:00:00,77877.1,77913.0,77242.8,77533.4,7720.701
2026-08-28 19:00:00,77533.4,77807.7,77286.7,77546.4,5437.362
2026-08-28 20:00:00,77546.3,77591.0,77280.0,77377.0,3647.667
2026-08-28 21:00:00,77377.0,77507.7,77210.8,77341.9,2839.254
2026-08-28 22:00:00,77342.0,77742.0,77310.8,77723.8,4466.216
2026-08-28 23:00:00,77723.9,77824.1,77606.9,77805.9,2114.12
2026-08-29 00:00:00,77805.9,77920.0,77686.1,77703.7,3025.429
2026-08-29 01:00:00,77703.7,77816.0,77596.0,77762.2,1795.646
2026-08-29 02:00:00,77762.2,77797.4,77544.1,77643.2,1706.728
2026-08-29 03:00:00,77643.2,77700.0,77470.6,77482.2,1557.436
2026-08-29 04:00:00,77482.3,77651.4,77482.2,77619.7,1133.703
2026-08-29 05:00:00,77619.6,77691.8,77574.9,77607.0,1324.414
2026-08-29 06:00:00,77606.9,77608.0,77353.0,77437.4,2470.393
2026-08-29 07:00:00,77437.5,77641.2,77412.7,77587.0,1958.758
2026-08-29 08:00:00,77586.9,77608.3,77442.1,77608.3,1539.71
2026-08-29 09:00:00,77608.2,77728.9,77536.1,77618.9,1787.751
2026-08-29 10:00:00,77619.0,77697.7,77481.9,77602.4,1686.175
2026-08-29 11:00:00,77602.5,77700.0,77540.0,77563.4,1167.039
2026-08-29 12:00:00,77563.4,77632.1,77472.4,77559.1,1033.989
2026-08-29 13:00:00,77559.2,77700.0,77534.0,77670.0,2005.418
2026-08-29 14:00:00,77670.1,78135.0,77626.9,77979.2,6854.713
2026-08-29 15:00:00,77979.2,77989.7,77768.0,77824.1,3043.011
2026-08-29 16:00:00,77824.1,78132.4,77822.8,77989.1,3288.423
2026-08-29 17:00:00,77989.1,78073.0,77863.2,78073.0,1700.625
2026-08-29 18:00:00,78073.0,78226.5,77982.5,78121.9,2375.686
2026-08-29 19:00:00,78122.0,78314.9,78104.5,78154.9,2312.505
2026-08-29 20:00:00,78154.9,78275.3,78077.7,78094.6,1286.708
2026-08-29 21:00:00,78094.6,78171.0,78016.0,78131.7,1071.844
2026-08-29 22:00:00,78131.8,78207.0,78050.7,78194.0,991.003
2026-08-29 23:00:00,78193.9,78253.5,78153.1,78200.7,1075.004
2026-08-30 00:00:00,78200.6,78297.3,78113.2,78144.7,1500.007
2026-08-30 01:00:00,78144.8,78159.7,77953.8,78050.8,2682.994
2026-08-30 02:00:00,78050.8,78154.4,77982.1,78072.0,1246.065
2026-08-30 03:00:00,78072.0,78211.2,78027.0,78101.4,1064.492
2026-08-30 04:00:00,78101.5,78188.8,77944.9,78083.0,1504.242
2026-08-30 05:00:00,78083.1,78194.4,78083.0,78108.8,813.04
2026-08-30 06:00:00,78108.8,78289.2,78088.3,78253.9,1489.321
2026-08-30 07:00:00,78253.9,78266.0,78073.9,78082.6,1315.435
2026-08-30 08:00:00,78082.7,78178.8,78000.0,78049.0,1383.106
2026-08-30 09:00:00,78049.1,78091.8,77952.8,77967.7,1224.239
2026-08-30 10:00:00,77967.7,78122.1,77933.4,78119.2,1360.403
2026-08-30 11:00:00,78119.1,78212.8,78088.1,78141.5,1172.69
2026-08-30 12:00:00,78141.5,78824.0,78141.4,78750.1,13050.618
2026-08-30 13:00:00,78750.1,78939.9,78550.0,78817.7,5245.471
2026-08-30 14:00:00,78817.7,78906.2,78685.3,78745.8,3306.486
2026-08-30 15:00:00,78745.8,78877.6,78591.3,78791.1,2804.337
2026-08-30 16:00:00,78791.2,79384.4,78707.4,79304.9,8929.55
2026-08-30 17:00:00,79304.9,79304.9,78737.0,78985.6,5205.006
2026-08-30 18:00:00,78985.7,79147.1,78728.7,79005.0,2613.243
2026-08-30 19:00:00,79005.1,79014.0,78678.0,78828.2,1700.457
2026-08-30 20:00:00,78828.3,78899.8,78362.0,78561.5,4087.864
2026-08-30 21:00:00,78561.5,78709.4,78174.8,78623.7,6115.147
2026-08-30 22:00:00,78623.6,78776.4,78238.0,78390.0,3889.105
2026-08-30 23:00:00,78390.0,78429.1,76947.2,77634.6,16188.398
2026-08-31 00:00:00,77634.6,78166.7,77393.5,77903.8,8644.045
2026-08-31 01:00:00,77903.8,77966.1,77524.6,77609.9,4251.857
2026-08-31 02:00:00,77609.9,77972.7,77350.7,77440.0,5095.654
2026-08-31 03:00:00,77440.0,77853.5,77358.3,77727.2,4041.192
2026-08-31 04:00:00,77727.2,77743.6,77427.2,77586.4,3327.898
2026-08-31 05:00:00,77586.4,78133.2,77480.0,77984.9,5771.092
2026-08-31 06:00:00,77984.8,78135.2,77761.4,78049.3,4670.59
2026-08-31 07:00:00,78049.3,78294.0,78000.0,78168.2,3176.394
2026-08-31 08:00:00,78168.2,78487.7,77950.0,78439.1,6047.475
2026-08-31 09:00:00,78439.1,78774.0,78359.4,78486.6,6993.875
2026-08-31 10:00:00,78486.6,78744.9,78287.6,78680.7,4293.458
2026-08-31 11:00:00,78680.7,78680.7,78262.0,78284.7,3060.872
2026-08-31 12:00:00,78284.6,78516.4,77663.1,77900.0,10547.839
2026-08-31 13:00:00,77900.0,78256.2,77676.8,77834.7,10056.671
2026-08-31 14:00:00,77834.7,78650.0,77711.7,78628.1,10454.671
2026-08-31 15:00:00,78573.9,78747.4,78175.5,78543.0,6904.174
2026-08-31 16:00:00,78543.1,78875.0,78466.2,78600.7,5360.298
2026-08-31 17:00:00,78600.7,79030.0,78450.2,78865.0,6245.924
2026-08-31 18:00:00,78865.0,79194.5,78735.4,78980.4,5162.644
2026-08-31 19:00:00,78980.5,79228.5,78822.2,78869.2,4299.926
2026-08-31 20:00:00,78869.2,79162.6,78763.2,78834.6,2942.035
2026-08-31 21:00:00,78834.6,79040.0,78685.9,78929.1,2294.18
2026-08-31 22:00:00,78929.1,78984.7,78541.3,78561.7,2911.827
2026-08-31 23:00:00,78561.6,78561.7,78362.4,78549.6,2962.1
2026-09-01 00:00:00,78549.6,78868.7,78519.7,78618.0,3754.815
2026-09-01 01:00:00,78617.9,78766.7,78331.3,78375.7,3625.381
2026-09-01 02:00:00,78375.6,78427.8,78150.0,78420.7,4062.857
2026-09-01 03:00:00,78420.8,78847.0,78353.1,78653.9,3725.553
2026-09-01 04:00:00,78654.0,78911.2,78624.3,78695.9,2947.741
2026-09-01 05:00:00,78696.0,79196.0,78696.0,79149.8,5451.519
2026-09-01 06:00:00,79149.8,79149.8,78705.8,78705.8,3592.661
2026-09-01 07:00:00,78705.8,78774.5,78467.6,78600.2,4341.28
2026-09-01 08:00:00,78600.3,78627.4,77777.0,77850.0,12469.853
2026-09-01 09:00:00,77850.1,78012.1,77747.0,77875.5,5335.547
2026-09-01 10:00:00,77875.4,78157.1,77710.4,77988.0,5870.699
2026-09-01 11:00:00,77988.1,78166.7,77844.0,78056.4,2851.441
2026-09-01 12:00:00,78056.4,78123.9,77682.4,77960.9,4985.047
2026-09-01 13:00:00,77961.0,78177.8,77366.0,78039.0,13205.706
2026-09-01 14:00:00,78039.0,78396.9,78011.8,78136.5,8571.094
2026-09-01 15:00:00,78136.4,78136.4,77688.0,77877.3,7870.955
2026-09-01 16:00:00,77877.4,77942.8,77244.3,77559.4,10184.272
2026-09-01 17:00:00,77559.3,77695.3,77210.0,77239.9,5917.561
2026-09-01 18:00:00,77239.9,77295.5,76368.0,77119.9,21962.736
2026-09-01 19:00:00,77119.9,77450.0,77072.2,77286.3,5944.045
2026-09-01 20:00:00,77286.3,77443.9,77200.0,77415.0,2599.081
2026-09-01 21:00:00,77415.1,77497.2,76883.6,77180.4,4901.712
2026-09-01 22:00:00,77180.5,77333.0,76989.9,77240.1,3107.015
2026-09-01 23:00:00,77240.1,77604.3,77176.0,77400.1,4079.261
2026-09-02 00:00:00,77400.2,77485.0,77093.4,77179.5,3330.762
2026-09-02 01:00:00,77179.5,77343.4,76682.3,76983.0,6433.319
2026-09-02 02:00:00,76983.0,77320.3,76913.4,77299.9,4801.314
2026-09-02 03:00:00,77299.9,77767.8,77280.6,77534.3,6626.342
2026-09-02 04:00:00,77534.3,77578.5,77265.6,77526.0,2767.678
2026-09-02 05:00:00,77526.0,77735.0,77394.6,77618.5,4092.709
2026-09-02 06:00:00,77618.6,77689.1,77416.0,77578.2,3424.906
2026-09-02 07:00:00,77578.2,77731.7,77435.4,77444.9,2378.462
2026-09-02 08:00:00,77444.8,77518.2,76706.0,76819.7,8841.883
2026-09-02 09:00:00,76819.6,77031.0,76435.5,76716.6,9965.2
2026-09-02 10:00:00,76716.7,76723.8,76151.9,76639.2,9246.072
2026-09-02 11:00:00,76639.1,76810.2,76325.0,76788.6,7367.366
2026-09-02 12:00:00,76788.6,77029.2,76573.2,76573.2,7462.504
2026-09-02 13:00:00,76573.3,77420.7,76573.2,77115.0,12779.216
2026-09-02 14:00:00,77115.0,77478.8,76971.5,77023.7,8536.867
2026-09-02 15:00:00,77023.7,77357.1,76702.6,77249.9,10364.069
2026-09-02 16:00:00,77250.0,77546.7,77131.5,77131.6,8126.735
2026-09-02 17:00:00,77131.6,77370.0,76914.3,77350.0,5590.817
2026-09-02 18:00:00,77350.0,77493.8,77251.5,77341.0,3710.538
2026-09-02 19:00:00,77341.0,77385.0,77077.7,77301.3,5007.922
2026-09-02 20:00:00,77301.3,77489.9,77171.0,77364.4,3714.302
2026-09-02 21:00:00,77364.3,77400.2,77200.0,77252.1,2217.97
2026-09-02 22:00:00,77252.1,77252.1,76983.0,76996.5,3072.078
2026-09-02 23:00:00,76996.4,77340.0,76973.4,77300.0,2250.428
2026-09-03 00:00:00,77300.0,77365.7,76939.5,77025.1,4334.173
2026-09-03 01:00:00,77025.1,77516.0,76927.3,77321.0,6257.057
2026-09-03 02:00:00,77321.0,77887.9,77200.1,77783.4,7578.57
2026-09-03 03:00:00,77783.3,77850.0,77596.3,77665.3,4169.969
2026-09-03 04:00:00,77665.3,77795.0,77508.9,77748.0,3618.754
2026-09-03 05:00:00,77747.9,77799.3,77053.8,77777.3,8332.777
2026-09-03 06:00:00,77777.4,77819.9,77654.5,77795.4,2955.251
2026-09-03 07:00:00,77795.5,78144.7,77559.4,77627.3,8106.062
2026-09-03 08:00:00,77627.4,78032.0,77627.4,77807.6,5007.205
2026-09-03 09:00:00,77807.6,77942.8,77577.0,77578.0,3363.624
2026-09-03 10:00:00,77578.0,77743.2,77422.8,77707.1,4622.839
2026-09-03 11:00:00,77707.1,77976.0,77676.7,77909.7,4014.579
2026-09-03 12:00:00,77909.7,78750.4,77854.0,78616.5,15048.405
2026-09-03 13:00:00,78616.5,78964.0,78418.3,78802.2,13290.623
2026-09-03 14:00:00,78802.2,80555.0,78665.8,80508.4,33653.131
2026-09-03 15:00:00,80508.4,81333.4,80320.9,81316.7,30261.143
2026-09-03 16:00:00,81316.7,81333.1,80588.0,80937.3,14449.521
2026-09-03 17:00:00,80937.3,81159.8,80851.7,81006.9,6323.696
2026-09-03 18:00:00,81006.8,81333.0,80843.8,81226.6,8234.777
2026-09-03 19:00:00,81226.7,81771.7,81132.5,81722.9,14032.458
2026-09-03 20:00:00,81722.8,81750.0,81350.0,81420.2,7073.272
2026-09-03 21:00:00,81420.2,82282.8,81245.5,81547.0,17264.386
2026-09-03 22:00:00,81547.0,81570.0,80861.1,81109.1,11531.621
2026-09-03 23:00:00,81109.2,81310.4,81033.7,81230.7,6211.737
2026-09-04 00:00:00,81230.7,81393.8,80921.1,80936.9,10393.859
2026-09-04 01:00:00,80936.9,81064.0,80719.9,80935.3,6264.42
2026-09-04 02:00:00,80935.3,80935.4,80614.0,80800.0,5159.258
2026-09-04 03:00:00,80800.0,81016.2,80761.3,80808.0,5076.745
2026-09-04 04:00:00,80808.1,81267.6,80776.1,81040.4,5868.18
2026-09-04 05:00:00,81040.4,81121.5,80818.0,80952.8,4741.085
2026-09-04 06:00:00,80952.7,81060.9,80538.6,80763.9,4971.945
2026-09-04 07:00:00,80763.9,80940.1,80611.8,80628.0,4469.315
2026-09-04 08:00:00,80628.0,81211.1,80458.0,81113.6,10875.305
2026-09-04 09:00:00,81113.6,81288.7,80890.3,81018.0,6153.662
2026-09-04 10:00:00,81018.0,81168.0,80790.9,81150.0,4620.549
2026-09-04 11:00:00,81150.0,81377.7,81041.2,81188.0,5039.894
2026-09-04 12:00:00,81188.0,81324.2,79126.0,79423.8,48023.398
2026-09-04 13:00:00,79423.9,79670.0,78913.4,79342.9,20576.928
2026-09-04 14:00:00,79342.8,79545.7,78618.1,78874.0,16811.845
2026-09-04 15:00:00,78874.1,79518.5,78755.1,79384.8,9215.841
2026-09-04 16:00:00,79384.9,79838.1,79334.1,79709.2,7024.875
2026-09-04 17:00:00,79709.2,79718.2,79347.9,79430.1,5033.953
2026-09-04 18:00:00,79430.0,79632.0,79430.0,79576.1,2423.404
2026-09-04 19:00:00,79576.1,79776.1,79576.1,79754.7,3408.44
2026-09-04 20:00:00,79754.8,79825.5,79623.9,79656.2,2526.95
2026-09-04 21:00:00,79656.3,79770.8,79460.9,79584.7,3036.304
2026-09-04 22:00:00,79584.8,79679.9,79577.5,79600.3,1859.392
2026-09-04 23:00:00,79600.3,79723.5,79544.0,79616.1,1287.858
2026-09-05 00:00:00,79616.2,79682.9,79518.3,79542.7,1604.559
2026-09-05 01:00:00,79542.7,79675.1,79492.0,79492.1,2271.923
2026-09-05 02:00:00,79492.1,79584.1,79435.4,79530.0,1563.849
2026-09-05 03:00:00,79530.1,79589.5,79474.3,79543.9,777.192
2026-09-05 04:00:00,79543.9,79553.6,79458.8,79460.0,1171.924
2026-09-05 05:00:00,79460.0,79564.1,79405.2,79540.0,1625.409
2026-09-05 06:00:00,79540.1,79676.9,79534.1,79603.0,1822.101
2026-09-05 07:00:00,79603.0,79722.1,79600.0,79673.0,1456.419
2026-09-05 08:00:00,79673.0,79684.7,79520.0,79617.5,1429.195
2026-09-05 09:00:00,79617.5,79714.5,79570.8,79594.6,1388.061
2026-09-05 10:00:00,79594.7,79640.0,79551.9,79581.2,1665.324
2026-09-05 11:00:00,79581.3,79652.9,79562.7,79577.4,1442.038
2026-09-05 12:00:00,79577.5,79734.3,79572.8,79666.0,1990.261
2026-09-05 13:00:00,79666.0,79722.7,79500.0,79573.9,1895.172
2026-09-05 14:00:00,79573.8,79719.9,79573.8,79672.3,1279.253
2026-09-05 15:00:00,79672.2,79783.6,79637.6,79760.2,1688.229
2026-09-05 16:00:00,79760.2,80167.0,79712.0,80001.5,5951.489
2026-09-05 17:00:00,80001.5,80121.0,79925.1,80030.0,4059.157
2026-09-05 18:00:00,80030.1,80052.9,79892.6,79959.2,2014.075
2026-09-05 19:00:00,79959.2,79959.2,79674.4,79719.9,2490.831
2026-09-05 20:00:00,79719.9,79812.0,79653.0,79702.2,2531.958
2026-09-05 21:00:00,79702.2,79910.6,79683.0,79872.4,1449.71
2026-09-05 22:00:00,79872.4,79908.4,79708.9,79757.7,1971.598
2026-09-05 23:00:00,79757.7,79878.8,79666.9,79797.7,2169.692
2026-09-06 00:00:00,79797.8,79909.0,79788.2,79832.8,1427.568
2026-09-06 01:00:00,79832.7,80028.8,79832.7,79915.0,2539.752
2026-09-06 02:00:00,79915.0,79988.6,79829.8,79872.1,1600.237
2026-09-06 03:00:00,79872.0,80080.4,79850.5,79991.0,1760.648
2026-09-06 04:00:00,79991.0,79991.1,79790.1,79824.0,1680.233
2026-09-06 05:00:00,79824.0,80085.2,79748.9,79959.9,2576.027
2026-09-06 06:00:00,79960.0,79960.0,79628.4,79737.9,3219.064
2026-09-06 07:00:00,79737.8,79832.6,79523.6,79766.2,3699.694
2026-09-06 08:00:00,79766.2,79856.0,79714.5,79809.7,1866.2
2026-09-06 09:00:00,79809.6,79961.9,79765.5,79851.9,2250.124
2026-09-06 10:00:00,79852.0,79997.9,79851.9,79964.3,1106.37
2026-09-06 11:00:00,79964.2,79968.6,79844.3,79878.4,1434.984
2026-09-06 12:00:00,79878.3,79973.6,79814.9,79882.0,1650.613
2026-09-06 13:00:00,79881.9,79936.9,79719.9,79794.4,2506.234
2026-09-06 14:00:00,79794.4,79815.8,79125.3,79507.3,7551.449
2026-09-06 15:00:00,79507.4,79695.0,79337.0,79677.8,2832.188
2026-09-06 16:00:00,79677.8,79764.3,79566.6,79649.9,2054.354
2026-09-06 17:00:00,79649.9,79743.1,79542.6,79708.0,1544.766
2026-09-06 18:00:00,79708.0,79940.0,79708.0,79912.1,1843.853
2026-09-06 19:00:00,79912.0,79912.1,79763.0,79804.7,1221.188
2026-09-06 20:00:00,79804.8,79936.1,79740.7,79873.1,1234.409
2026-09-06 21:00:00,79873.2,79997.0,79831.4,79902.7,1829.152
2026-09-06 22:00:00,79902.7,80058.0,79600.0,80005.4,4040.266
2026-09-06 23:00:00,80005.4,80536.1,79964.3,80301.1,7844.906
2026-09-07 00:00:00,80301.0,80404.9,80017.1,80122.0,4531.352
2026-09-07 01:00:00,80122.0,80205.8,79773.9,79886.9,4309.831
2026-09-07 02:00:00,79887.0,80410.8,79755.1,79842.9,5644.794
2026-09-07 03:00:00,79842.8,79953.4,79533.4,79560.0,5305.303
2026-09-07 04:00:00,79560.0,79695.2,79500.8,79686.0,3840.696
2026-09-07 05:00:00,79686.0,79892.9,79620.5,79717.7,3820.271
2026-09-07 06:00:00,79717.5,79786.8,79609.1,79617.1,1918.767
2026-09-07 07:00:00,79617.1,79655.1,78938.7,79357.7,8939.701
2026-09-07 08:00:00,79357.7,79498.3,79348.7,79395.0,3524.074
2026-09-07 09:00:00,79395.1,79517.5,79260.0,79278.5,2885.703
2026-09-07 10:00:00,79278.5,79423.7,79278.5,79325.7,1840.911
2026-09-07 11:00:00,79325.7,79450.0,79230.0,79376.8,1962.298
2026-09-07 12:00:00,79376.8,79604.0,79364.8,79567.4,2234.899
2026-09-07 13:00:00,79567.5,79613.8,79268.2,79314.4,4140.408
2026-09-07 14:00:00,79314.5,79359.5,78913.2,79152.2,8934.611
2026-09-07 15:00:00,79152.3,79152.3,78636.0,78786.1,9850.912
2026-09-07 16:00:00,78786.2,78996.8,78766.0,78989.3,4041.619
2026-09-07 17:00:00,78989.4,79185.0,78974.6,79153.5,3093.456
2026-09-07 18:00:00,79153.5,79209.7,79051.2,79158.6,2157.887
2026-09-07 19:00:00,79158.5,79391.4,79110.0,79325.3,2435.822
2026-09-07 20:00:00,79325.3,79365.0,79131.0,79207.0,1607.354
2026-09-07 21:00:00,79206.9,79246.4,79129.2,79129.2,1312.289
2026-09-07 22:00:00,79129.3,79189.5,78737.9,78916.3,3839.45
2026-09-07 23:00:00,78916.4,79184.0,78895.3,79075.9,2513.509
2026-09-08 00:00:00,79075.9,79287.0,78938.0,79286.9,3152.076
2026-09-08 01:00:00,79287.0,79439.6,79230.0,79409.0,2626.607
2026-09-08 02:00:00,79409.0,79476.0,78890.1,78898.8,3880.612
2026-09-08 03:00:00,78898.8,78976.6,78690.3,78880.0,5499.661
2026-09-08 04:00:00,78880.0,78904.7,78650.0,78650.0,3498.256
2026-09-08 05:00:00,78650.0,78850.0,78507.0,78553.0,6504.728
2026-09-08 06:00:00,78553.0,78599.9,78225.8,78292.8,9398.361
2026-09-08 07:00:00,78292.8,78577.3,78133.0,78445.0,6465.333
2026-09-08 08:00:00,78445.1,78557.4,78253.2,78395.8,4704.266
2026-09-08 09:00:00,78395.8,78772.4,78310.6,78728.4,5721.273
2026-09-08 10:00:00,78728.3,78969.6,78529.4,78529.4,5465.818
2026-09-08 11:00:00,78529.5,78544.5,78255.6,78400.0,5570.744
2026-09-08 12:00:00,78400.0,78453.3,78187.3,78419.7,4672.192
2026-09-08 13:00:00,78420.0,78512.0,77600.1,77936.5,17471.849
2026-09-08 14:00:00,77936.6,78591.9,77817.3,78524.8,10725.378
2026-09-08 15:00:00,78524.9,78871.2,78415.0,78870.0,8571.871
2026-09-08 16:00:00,78870.1,78966.0,78540.0,78700.0,5350.184
2026-09-08 17:00:00,78699.9,78857.0,78458.9,78467.9,3153.262
2026-09-08 18:00:00,78467.9,78783.0,78230.5,78399.1,4089.471
2026-09-08 19:00:00,78399.2,78495.6,78285.0,78407.3,4453.028
2026-09-08 20:00:00,78407.4,78595.7,78366.2,78447.9,2952.651
2026-09-08 21:00:00,78447.9,78586.6,78360.2,78458.7,1861.698
2026-09-08 22:00:00,78458.7,78658.6,78420.7,78526.1,2475.717
2026-09-08 23:00:00,78526.2,78543.5,78375.8,78425.6,1598.117
2026-09-09 00:00:00,78425.6,78759.1,78425.6,78746.0,2098.093
2026-09-09 01:00:00,78746.0,78860.0,78592.7,78848.9,3846.451
2026-09-09 02:00:00,78848.8,78899.0,78645.0,78689.5,2328.82
2026-09-09 03:00:00,78689.4,78689.5,78502.0,78593.7,2794.33
2026-09-09 04:00:00,78593.7,79186.0,78593.7,79136.0,6299.149
2026-09-09 05:00:00,79135.9,79343.7,78802.0,78906.5,9172.012
2026-09-09 06:00:00,78906.5,79259.9,78823.2,79125.5,3574.498
2026-09-09 07:00:00,79125.5,79376.4,79119.3,79246.0,3327.556
2026-09-09 08:00:00,79246.0,79737.3,79231.5,79660.5,8162.202
2026-09-09 09:00:00,79660.5,79680.3,78856.3,78913.1,7779.952
2026-09-09 10:00:00,78913.1,79149.7,78837.1,78882.4,5291.813
2026-09-09 11:00:00,78882.5,79346.8,78690.3,79281.7,6838.202
2026-09-09 12:00:00,79281.6,79635.9,79233.8,79566.3,6703.529
2026-09-09 13:00:00,79566.4,79648.1,79070.0,79104.5,9515.83
2026-09-09 14:00:00,79104.5,79380.0,78845.0,78932.2,12976.334
2026-09-09 15:00:00,78932.1,79363.8,78020.0,78570.0,24225.184
2026-09-09 16:00:00,78569.9,78942.1,78411.3,78769.6,6657.019
2026-09-09 17:00:00,78769.6,78902.3,78616.0,78737.9,4623.279
2026-09-09 18:00:00,78737.9,78760.2,78357.8,78383.9,3567.494
2026-09-09 19:00:00,78383.9,78549.5,78112.0,78194.4,4726.418
2026-09-09 20:00:00,78194.4,78302.8,77884.7,78282.0,5253.397
2026-09-09 21:00:00,78281.9,78307.7,77946.9,78109.8,2626.992
2026-09-09 22:00:00,78109.8,78160.0,77706.1,77885.1,6918.332
2026-09-09 23:00:00,77885.2,78287.1,77880.0,78264.1,3322.127
2026-09-10 00:00:00,78264.0,78371.9,78062.3,78137.6,4732.733
2026-09-10 01:00:00,78137.5,78482.6,77912.2,78061.0,6268.107
2026-09-10 02:00:00,78061.1,78340.0,77951.5,78323.7,3631.35
2026-09-10 03:00:00,78323.7,78543.9,78242.6,78297.4,5000.895
2026-09-10 04:00:00,78297.4,78410.8,78270.0,78376.2,1931.145
2026-09-10 05:00:00,78376.2,78542.0,78245.8,78503.4,4047.712
2026-09-10 06:00:00,78503.5,78510.0,78122.2,78388.7,4705.707
2026-09-10 07:00:00,78388.8,78393.9,77867.5,78071.1,7062.368
2026-09-10 08:00:00,78071.0,78136.2,77991.3,78072.8,2790.982
2026-09-10 09:00:00,78072.9,78195.7,77893.6,77964.1,3293.979
2026-09-10 10:00:00,77964.1,78017.8,77790.1,77837.0,3227.074
2026-09-10 11:00:00,77837.0,78028.8,77651.4,77816.4,5217.409
2026-09-10 12:00:00,77816.2,77935.8,76634.3,76859.9,30977.799
2026-09-10 13:00:00,76859.9,77207.4,76692.3,77137.6,15292.695
2026-09-10 14:00:00,77137.7,77393.9,76922.7,77376.4,8449.721
2026-09-10 15:00:00,77376.3,77381.1,77059.1,77218.5,4436.065
2026-09-10 16:00:00,77218.6,77280.0,76760.0,77172.0,5962.524
2026-09-10 17:00:00,77172.1,77518.6,77092.8,77296.6,5390.151
2026-09-10 18:00:00,77296.6,77312.2,76942.6,77222.7,3603.191
2026-09-10 19:00:00,77222.7,77270.1,77044.0,77129.1,2212.35
2026-09-10 20:00:00,77129.2,77316.0,77070.5,77233.2,1648.077
2026-09-10 21:00:00,77233.3,77269.7,77057.7,77113.5,1758.219
2026-09-10 22:00:00,77113.6,77182.5,76772.7,76794.1,3356.064
2026-09-10 23:00:00,76794.0,76840.8,76402.9,76535.7,7698.571
2026-09-11 00:00:00,76535.6,76905.3,76525.0,76881.0,4682.725
2026-09-11 01:00:00,76881.0,76979.0,76637.5,76946.8,3638.295
2026-09-11 02:00:00,76946.8,76988.0,76738.0,76813.3,2049.846
2026-09-11 03:00:00,76813.3,76864.0,76667.0,76860.8,4166.757
2026-09-11 04:00:00,76860.9,77166.6,76850.0,77076.5,3283.814
2026-09-11 05:00:00,77076.5,77227.4,77029.5,77220.2,2063.793
2026-09-11 06:00:00,77220.2,77400.0,77140.2,77263.9,2890.751
2026-09-11 07:00:00,77264.0,77373.6,77160.0,77188.1,2734.253
2026-09-11 08:00:00,77188.2,77469.3,77100.5,77324.1,3593.318
2026-09-11 09:00:00,77324.1,77332.7,76818.1,77001.2,4201.0
2026-09-11 10:00:00,77001.1,77129.7,76923.9,76960.1,2755.218
2026-09-11 11:00:00,76960.2,77013.9,76699.1,77000.1,4684.815
2026-09-11 12:00:00,77000.1,78115.4,76000.3,77992.7,45615.466
2026-09-11 13:00:00,77992.7,79300.7,77211.4,79208.0,30044.956
2026-09-11 14:00:00,79208.0,79859.8,78470.6,78757.7,27936.143
2026-09-11 15:00:00,78757.8,78810.6,77263.3,77682.9,17095.235
2026-09-11 16:00:00,77682.9,78031.2,77300.0,77873.0,13614.82
2026-09-11 17:00:00,77873.0,77924.1,77450.0,77493.9,3621.403
2026-09-11 18:00:00,77494.0,77509.1,76837.8,77020.7,9288.589
2026-09-11 19:00:00,77020.7,77339.1,76967.0,77250.7,3413.964
2026-09-11 20:00:00,77250.6,77495.3,77162.7,77295.6,3803.21
2026-09-11 21:00:00,77295.7,77397.0,77038.7,77080.3,1844.726
2026-09-11 22:00:00,77080.3,77208.2,76942.7,77110.1,5690.392
2026-09-11 23:00:00,77110.0,77195.3,77085.3,77191.1,4591.769
2026-09-12 00:00:00,77191.1,77287.9,77170.3,77251.8,2660.518
2026-09-12 01:00:00,77251.7,77346.8,77220.0,77236.4,1628.233
2026-09-12 02:00:00,77236.3,77293.5,77176.5,77248.4,1463.131
2026-09-12 03:00:00,77248.4,77315.0,77195.5,77236.8,971.599
2026-09-12 04:00:00,77236.8,77288.8,77185.6,77186.4,1337.865
2026-09-12 05:00:00,77186.4,77226.2,77129.0,77177.7,2522.932
2026-09-12 06:00:00,77177.7,77327.1,77174.6,77260.1,1080.706
2026-09-12 07:00:00,77260.1,77310.0,77223.9,77236.9,1447.57
2026-09-12 08:00:00,77236.8,77339.9,77220.8,77325.1,1991.617
2026-09-12 09:00:00,77325.1,77350.0,77291.1,77320.0,1482.661
2026-09-12 10:00:00,77319.9,77369.3,77271.3,77298.6,1038.811
2026-09-12 11:00:00,77298.7,77331.8,77260.0,77325.8,819.137
2026-09-12 12:00:00,77325.8,77333.5,77250.3,77294.9,1492.428
2026-09-12 13:00:00,77294.9,77364.5,77208.0,77329.2,3042.972
2026-09-12 14:00:00,77329.1,77477.4,77329.1,77430.5,1974.437
2026-09-12 15:00:00,77430.4,77449.2,77336.7,77343.7,1804.437
2026-09-12 16:00:00,77343.7,77384.9,77294.2,77326.1,1267.554
2026-09-12 17:00:00,77326.2,77365.6,77140.4,77173.5,2202.127
2026-09-12 18:00:00,77173.6,77190.1,77076.4,77105.7,1849.255
2026-09-12 19:00:00,77105.7,77157.6,77025.1,77084.1,2715.432
2026-09-12 20:00:00,77084.1,77187.9,77084.1,77129.2,1928.037
2026-09-12 21:00:00,77129.3,77238.4,77100.3,77218.4,1691.242
2026-09-12 22:00:00,77218.3,77275.7,77144.5,77195.3,1233.17
2026-09-12 23:00:00,77195.3,77259.1,77192.6,77242.8,1080.809
2026-09-13 00:00:00,77242.8,77275.4,77110.7,77239.5,1017.069
2026-09-13 01:00:00,77239.5,77321.0,77207.2,77285.5,1855.862
2026-09-13 02:00:00,77285.6,77287.0,77208.4,77263.9,1192.75
2026-09-13 03:00:00,77263.9,77287.9,77150.9,77162.2,1572.831
2026-09-13 04:00:00,77162.3,77227.7,77155.5,77179.0,889.064
2026-09-13 05:00:00,77179.0,77290.0,77179.0,77280.7,844.032
2026-09-13 06:00:00,77280.7,77291.2,77003.4,77082.0,2358.331
2026-09-13 07:00:00,77082.1,77136.4,77052.1,77087.7,1869.584
2026-09-13 08:00:00,77087.6,77146.4,76703.5,76767.8,6182.081
2026-09-13 09:00:00,76767.8,76872.4,76522.7,76766.3,5849.144
2026-09-13 10:00:00,76766.4,76785.4,76594.8,76643.6,2073.834
2026-09-13 11:00:00,76643.6,76770.0,76458.9,76752.9,3287.773
2026-09-13 12:00:00,76752.9,76834.4,76640.5,76725.7,2701.039
2026-09-13 13:00:00,76725.8,76892.1,76514.6,76813.8,3134.72
2026-09-13 14:00:00,76813.7,77232.0,76810.6,77175.1,5768.634
2026-09-13 15:00:00,77175.1,77178.8,76981.0,77098.0,3095.737
2026-09-13 16:00:00,77098.0,77355.2,77083.2,77252.6,3609.366
2026-09-13 17:00:00,77252.6,77387.0,77212.8,77295.8,1924.447
2026-09-13 18:00:00,77295.8,77355.0,77273.2,77314.2,1258.35
2026-09-13 19:00:00,77314.3,77381.5,77186.3,77254.1,1511.24
2026-09-13 20:00:00,77254.2,77337.4,77220.1,77312.1,1120.089
2026-09-13 21:00:00,77312.3,77427.4,77276.1,77277.3,1413.231
2026-09-13 22:00:00,77277.3,77277.4,76619.2,76689.3,9100.477
2026-09-13 23:00:00,76689.3,76850.0,76596.1,76805.0,4313.772
2026-09-14 00:00:00,76805.0,77059.4,76350.1,76771.5,7330.437
2026-09-14 01:00:00,76771.5,77146.7,76609.7,77089.5,4997.528
2026-09-14 02:00:00,77089.5,77708.5,76982.1,77583.6,11546.254
2026-09-14 03:00:00,77583.6,77840.7,77465.2,77558.7,8332.917
2026-09-14 04:00:00,77558.7,77672.2,77498.0,77644.0,4936.383
2026-09-14 05:00:00,77644.0,77656.8,77457.8,77579.0,3257.86
2026-09-14 06:00:00,77579.0,77864.7,77334.5,77554.2,4886.127
2026-09-14 07:00:00,77554.3,77858.6,77480.4,77854.0,2805.48
2026-09-14 08:00:00,77854.0,77963.0,77612.4,77700.0,3789.793
2026-09-14 09:00:00,77700.0,78343.8,77561.2,78109.3,8861.55
2026-09-14 10:00:00,78109.3,78139.4,77856.8,77864.8,3640.099
2026-09-14 11:00:00,77864.8,77892.6,77653.2,77745.8,3679.748
2026-09-14 12:00:00,77745.9,78048.3,77562.8,77663.8,5391.906
2026-09-14 13:00:00,77663.7,78479.0,77441.6,78139.2,15011.532
2026-09-14 14:00:00,78139.2,78666.1,78125.6,78479.3,14296.523
2026-09-14 15:00:00,78479.3,78646.1,78259.4,78543.1,8210.818
2026-09-14 16:00:00,78543.0,78874.1,78379.6,78726.1,7207.966
2026-09-14 17:00:00,78726.1,79040.3,78668.7,78911.0,7054.343
2026-09-14 18:00:00,78911.0,79298.3,78796.5,79184.8,9019.307
2026-09-14 19:00:00,79184.8,79208.1,78914.8,78952.1,5174.685
2026-09-14 20:00:00,78952.0,79570.9,78936.7,79065.5,7818.012
2026-09-14 21:00:00,79065.5,79085.0,78703.2,78728.2,6153.535
2026-09-14 22:00:00,78728.2,78823.4,78455.6,78517.8,5669.249
2026-09-14 23:00:00,78517.9,78535.4,78084.6,78153.3,6485.968
2026-09-15 00:00:00,78153.0,78223.3,77905.5,77928.5,5124.846
2026-09-15 01:00:00,77928.5,78061.6,77709.7,77888.2,7955.222
2026-09-15 02:00:00,77888.2,77991.1,77757.2,77878.3,3957.125
2026-09-15 03:00:00,77878.3,77878.3,77622.0,77658.6,4966.703
2026-09-15 04:00:00,77658.6,77712.9,77511.0,77537.0,5696.983
2026-09-15 05:00:00,77537.1,77642.5,77265.8,77590.5,7412.961
2026-09-15 06:00:00,77590.6,77691.5,77145.0,77251.5,6198.64
2026-09-15 07:00:00,77251.5,77282.9,76848.3,76895.3,9584.585
2026-09-15 08:00:00,76895.2,76973.1,76667.3,76964.9,9285.478
2026-09-15 09:00:00,76964.9,77029.6,76836.1,76946.8,5299.195
2026-09-15 10:00:00,76946.9,77135.3,76839.5,77023.7,5179.85
2026-09-15 11:00:00,77023.7,77188.0,76807.2,76899.8,4642.3
2026-09-15 12:00:00,76899.9,77099.9,76818.0,76916.1,4522.783
2026-09-15 13:00:00,76916.0,77111.9,76065.0,76588.4,20173.982
2026-09-15 14:00:00,76588.5,76670.8,75560.0,75907.0,24643.194
2026-09-15 15:00:00,75906.9,76570.0,75800.0,76473.6,13702.042
2026-09-15 16:00:00,76473.7,76550.6,76227.8,76352.3,4435.518
2026-09-15 17:00:00,76352.3,77323.6,76151.3,76931.0,14205.232
2026-09-15 18:00:00,76931.0,77174.7,74909.4,75955.6,47511.165
2026-09-15 19:00:00,75955.5,76275.7,75770.5,76149.1,11883.993
2026-09-15 20:00:00,76149.2,76209.8,75557.2,75900.0,5052.071
2026-09-15 21:00:00,75900.0,75939.2,75350.1,75413.7,4730.163
2026-09-15 22:00:00,75413.8,75710.1,75089.1,75632.1,7964.052
2026-09-15 23:00:00,75632.0,75915.6,75530.0,75599.9,4109.203
2026-09-16 00:00:00,75599.9,75878.1,75538.9,75734.0,3125.499
2026-09-16 01:00:00,75734.0,75940.0,75405.5,75465.0,4305.812
2026-09-16 02:00:00,75465.1,76096.4,75450.0,75853.1,4562.737
2026-09-16 03:00:00,75853.2,76053.8,75731.6,75787.4,3204.974
2026-09-16 04:00:00,75787.5,75989.9,75766.3,75825.6,2533.636
2026-09-16 05:00:00,75825.7,75956.0,75633.7,75925.3,2687.911
2026-09-16 06:00:00,75925.3,76001.0,75780.9,76001.0,2360.665
2026-09-16 07:00:00,76001.0,76067.1,75691.1,75726.0,3999.404
2026-09-16 08:00:00,75726.1,75726.1,75308.4,75697.8,6768.631
2026-09-16 09:00:00,75697.7,75964.1,75688.4,75959.6,4195.627
2026-09-16 10:00:00,75959.6,76016.1,75866.0,75960.5,2781.851
2026-09-16 11:00:00,75960.4,76274.0,75828.8,76210.2,5374.038
2026-09-16 12:00:00,76210.1,76275.4,75751.1,75933.5,5077.388
2026-09-16 13:00:00,75933.5,75933.6,75537.5,75615.4,7634.037
2026-09-16 14:00:00,75615.5,75802.2,75386.0,75660.9,6515.265
2026-09-16 15:00:00,75660.9,75929.4,75512.2,75753.7,4910.08
2026-09-16 16:00:00,75753.7,75859.0,75618.4,75734.0,2941.48
2026-09-16 17:00:00,75734.1,75899.7,75312.1,75747.6,8076.19
2026-09-16 18:00:00,75747.7,76540.0,75025.0,75600.5,44804.097
2026-09-16 19:00:00,75600.6,76153.7,75216.9,76043.5,15688.686
2026-09-16 20:00:00,76043.5,76391.6,75983.8,76144.1,5321.539
2026-09-16 21:00:00,76144.1,76186.0,75902.3,75938.2,1969.474
2026-09-16 22:00:00,75938.2,75956.8,75610.0,75647.1,3408.049
2026-09-16 23:00:00,75647.1,76245.3,75608.8,76174.6,4039.145
2026-09-17 00:00:00,76174.6,76473.0,76147.2,76301.9,4688.825
2026-09-17 01:00:00,76301.9,76749.1,76182.0,76334.8,7775.623
2026-09-17 02:00:00,76334.8,76456.4,76015.0,76343.2,5856.22
2026-09-17 03:00:00,76343.2,76505.4,76338.2,76401.8,2053.173
2026-09-17 04:00:00,76401.8,76555.0,76146.8,76504.4,2942.581
2026-09-17 05:00:00,76504.4,76600.0,76272.2,76294.3,2799.445
2026-09-17 06:00:00,76294.4,76584.0,76263.8,76448.3,2670.042
2026-09-17 07:00:00,76448.3,76657.7,76386.0,76433.1,3452.839
2026-09-17 08:00:00,76433.1,76561.2,76350.0,76543.5,2781.654
2026-09-17 09:00:00,76543.4,76750.0,76437.1,76438.3,5650.551
2026-09-17 10:00:00,76438.3,76442.0,76233.7,76374.9,3649.939
2026-09-17 11:00:00,76374.9,76456.7,76140.0,76449.7,3704.941
2026-09-17 12:00:00,76449.8,77149.8,76365.1,76698.6,14061.672
2026-09-17 13:00:00,76698.7,76852.9,75975.0,76671.5,14193.361
2026-09-17 14:00:00,76671.5,77096.7,76357.9,76469.5,12457.958
2026-09-17 15:00:00,76469.5,76837.5,76234.0,76751.8,7952.367
2026-09-17 16:00:00,76751.8,76785.0,76489.6,76732.7,4035.659
2026-09-17 17:00:00,76732.7,76944.1,76555.0,76641.4,5831.621
2026-09-17 18:00:00,76641.4,76758.0,76423.8,76539.2,2316.805
2026-09-17 19:00:00,76539.3,76649.9,76467.9,76561.1,2197.523
2026-09-17 20:00:00,76561.2,76711.0,76456.7,76530.1,1843.037
2026-09-17 21:00:00,76530.2,76587.7,76359.4,76376.4,1647.593
2026-09-17 22:00:00,76376.5,76425.4,76210.0,76386.5,2841.448
2026-09-17 23:00:00,76386.6,76477.6,76350.0,76385.9,1678.351
2026-09-18 00:00:00,76385.8,76555.0,76256.0,76553.7,2918.4
2026-09-18 01:00:00,76553.7,76739.2,76482.6,76705.0,3411.435
2026-09-18 02:00:00,76704.9,77009.3,76603.7,76947.8,5588.813
2026-09-18 03:00:00,76947.8,77572.4,76943.6,77349.0,12414.467
2026-09-18 04:00:00,77349.1,77545.4,77188.0,77545.4,4757.382
2026-09-18 05:00:00,77545.3,77682.0,77405.0,77457.7,7470.871
2026-09-18 06:00:00,77457.8,77637.6,77364.4,77561.3,4306.831
2026-09-18 07:00:00,77561.3,77818.0,77526.3,77776.1,7393.003
2026-09-18 08:00:00,77776.1,78249.9,77627.6,78229.0,10368.798
2026-09-18 09:00:00,78228.9,78443.0,77970.0,78168.8,9859.975
2026-09-18 10:00:00,78168.8,78329.8,78049.9,78246.8,3915.179
2026-09-18 11:00:00,78246.8,78400.0,77988.9,78031.0,5863.637
2026-09-18 12:00:00,78031.0,78158.2,77933.9,78004.8,3755.195
2026-09-18 13:00:00,78004.9,80486.5,77923.5,80046.5,39508.703
2026-09-18 14:00:00,80046.5,80950.0,80043.1,80906.0,33479.548
2026-09-18 15:00:00,80905.9,81156.8,80467.5,80688.7,16721.791
2026-09-18 16:00:00,80688.7,81242.5,80631.4,80810.0,14460.803
2026-09-18 17:00:00,80810.0,80986.3,80532.3,80977.9,7863.235
2026-09-18 18:00:00,80978.0,81116.3,80755.0,80904.8,4976.654
2026-09-18 19:00:00,80904.8,81386.2,80868.4,81169.1,8263.076
2026-09-18 20:00:00,81169.0,81200.0,80898.2,81085.7,4371.994
2026-09-18 21:00:00,81085.7,81281.2,81046.5,81202.5,3137.81
2026-09-18 22:00:00,81202.5,81341.4,81037.0,81103.9,3084.02
2026-09-18 23:00:00,81104.0,81169.9,80814.6,80863.0,2969.712
2026-09-19 00:00:00,80863.0,81644.0,80802.6,81640.6,6539.687
2026-09-19 01:00:00,81640.6,81732.4,81015.8,81253.0,6093.701
2026-09-19 02:00:00,81252.9,81413.0,81223.1,81265.2,1897.216
2026-09-19 03:00:00,81265.3,81373.2,81073.2,81100.1,2243.255
2026-09-19 04:00:00,81100.0,81196.3,80882.0,80996.6,3107.651
2026-09-19 05:00:00,80996.6,81118.9,80977.5,81015.8,1563.467
2026-09-19 06:00:00,81015.7,81078.6,80902.0,81027.2,1703.272
2026-09-19 07:00:00,81027.2,81232.4,81000.0,81077.0,2206.78
2026-09-19 08:00:00,81077.1,81383.8,81040.9,81288.1,2972.412
2026-09-19 09:00:00,81288.0,81512.5,81227.0,81303.0,3796.043
2026-09-19 10:00:00,81303.1,81309.6,81171.3,81193.3,3003.93
2026-09-19 11:00:00,81193.4,81348.5,81181.8,81274.7,1417.84
2026-09-19 12:00:00,81274.7,81336.1,81182.5,81306.6,1795.362
2026-09-19 13:00:00,81306.7,81327.4,81142.7,81319.1,2000.321
2026-09-19 14:00:00,81319.1,81602.9,81302.9,81547.0,4840.897
2026-09-19 15:00:00,81547.0,81933.9,81522.8,81609.1,7530.779
2026-09-19 16:00:00,81609.0,81879.9,81429.2,81795.1,4014.548
2026-09-19 17:00:00,81795.0,81811.5,81400.2,81426.0,3629.874
2026-09-19 18:00:00,81426.0,81505.8,81289.3,81397.2,2366.668
2026-09-19 19:00:00,81397.2,81429.1,81260.5,81330.5,1408.764
2026-09-19 20:00:00,81330.5,81402.6,81037.1,81131.0,2288.372
2026-09-19 21:00:00,81130.9,81206.2,80875.0,81070.1,4196.036
2026-09-19 22:00:00,81070.1,81244.7,80923.0,81231.3,2340.722
2026-09-19 23:00:00,81231.4,81341.4,81182.6,81225.6,2173.902
2026-09-20 00:00:00,81225.7,81295.0,81175.1,81252.8,1870.9
2026-09-20 01:00:00,81252.8,81265.8,81000.0,81066.0,2347.128
2026-09-20 02:00:00,81066.0,81137.1,80230.6,80310.0,12933.98
2026-09-20 03:00:00,80309.9,80512.2,80095.9,80467.8,7142.286
2026-09-20 04:00:00,80467.9,80514.4,80288.0,80411.9,2288.782
2026-09-20 05:00:00,80411.9,80618.0,80384.2,80459.9,3468.499
2026-09-20 06:00:00,80460.0,80580.0,80188.0,80280.0,4991.748
2026-09-20 07:00:00,80280.0,80400.4,80254.0,80286.3,3077.612
2026-09-20 08:00:00,80286.4,80432.5,80127.6,80235.2,2629.09
2026-09-20 09:00:00,80235.2,80555.0,80222.1,80437.4,2598.093
2026-09-20 10:00:00,80437.4,80489.7,80286.0,80286.1,1994.239
2026-09-20 11:00:00,80286.1,80500.0,80247.6,80448.4,2302.305
2026-09-20 12:00:00,80448.3,80500.0,80287.7,80457.0,2094.722
2026-09-20 13:00:00,80457.0,80640.5,80389.0,80532.9,3010.609
2026-09-20 14:00:00,80532.8,80762.2,80377.1,80647.0,3727.831
2026-09-20 15:00:00,80646.9,80937.0,80623.1,80871.4,5059.942
2026-09-20 16:00:00,80871.4,81472.6,80767.7,81297.8,11175.56
2026-09-20 17:00:00,81297.8,81418.0,81025.4,81115.5,5410.804
2026-09-20 18:00:00,81115.5,81279.7,80973.9,80998.3,3471.725
2026-09-20 19:00:00,80998.4,81264.2,80998.3,81144.0,1879.005
2026-09-20 20:00:00,81144.0,81195.6,81034.0,81049.9,1371.044
2026-09-20 21:00:00,81050.0,81050.0,80533.6,80897.4,4891.043
2026-09-20 22:00:00,80897.4,81256.1,80734.1,81181.2,3669.947
2026-09-20 23:00:00,81181.3,81311.0,81090.0,81143.9,3302.836
2026-09-21 00:00:00,81144.0,81815.5,81135.1,81573.3,11910.397
2026-09-21 01:00:00,81573.1,82099.9,80819.4,80964.3,15290.906
2026-09-21 02:00:00,80964.3,81488.7,80909.7,81280.0,7034.507
2026-09-21 03:00:00,81279.9,81549.0,81211.0,81403.7,2531.479
2026-09-21 04:00:00,81403.7,81481.5,81199.9,81365.5,2378.238
2026-09-21 05:00:00,81365.5,81765.5,81271.0,81520.0,4060.532
2026-09-21 06:00:00,81520.0,81857.1,81356.0,81609.0,5580.807
2026-09-21 07:00:00,81609.1,81700.0,81433.2,81699.9,3337.296
2026-09-21 08:00:00,81700.0,84275.5,81697.2,83717.3,40829.826
2026-09-21 09:00:00,83717.3,85285.0,83660.4,84626.0,35913.342
2026-09-21 10:00:00,84625.9,84800.8,84100.3,84400.1,13667.001
2026-09-21 11:00:00,84400.2,84882.2,84350.8,84849.9,8298.469
2026-09-21 12:00:00,84849.9,85449.0,84773.4,85277.7,14764.555
2026-09-21 13:00:00,85277.7,85803.1,84724.9,85430.0,21081.782
2026-09-21 14:00:00,85430.0,86099.3,85007.0,85808.8,24396.512
2026-09-21 15:00:00,85808.7,86340.0,85750.0,85877.5,17483.631
2026-09-21 16:00:00,85877.4,86067.5,85562.1,85910.1,9238.973
2026-09-21 17:00:00,85910.2,86067.5,85635.9,85854.2,6976.864
2026-09-21 18:00:00,85854.2,86035.8,85723.6,86021.5,5082.883
2026-09-21 19:00:00,86021.5,86874.0,85941.6,86454.3,14640.998
2026-09-21 20:00:00,86454.2,87385.1,86454.2,86961.4,13367.705
2026-09-21 21:00:00,86961.4,86961.5,86517.1,86544.1,4333.966
2026-09-21 22:00:00,86544.0,86729.0,86252.9,86419.2,4837.27
2026-09-21 23:00:00,86419.2,86666.0,86325.5,86578.7,3667.584
2026-09-22 00:00:00,86578.8,86592.8,85815.4,85854.9,9740.17
2026-09-22 01:00:00,85855.0,85945.7,85354.4,85588.3,8668.392
2026-09-22 02:00:00,85588.3,85840.1,85308.0,85683.5,7013.023
2026-09-22 03:00:00,85683.5,85762.2,85268.0,85656.6,6028.972
2026-09-22 04:00:00,85656.5,85710.6,85400.0,85424.7,5683.336
2026-09-22 05:00:00,85424.8,85571.0,85080.0,85377.2,8947.59
2026-09-22 06:00:00,85377.3,85549.1,85216.3,85349.9,4194.412
2026-09-22 07:00:00,85350.0,85475.0,85132.0,85324.7,6690.308
2026-09-22 08:00:00,85324.7,86365.5,85287.2,86179.1,14266.612
2026-09-22 09:00:00,86179.1,86241.1,85643.0,86211.5,9725.767
2026-09-22 10:00:00,86211.4,86228.9,85693.6,85856.2,5948.871
2026-09-22 11:00:00,85856.1,86110.0,85726.5,85950.1,3736.474
2026-09-22 12:00:00,85950.1,86163.4,85739.3,85993.6,4639.926
2026-09-22 13:00:00,85993.6,86333.0,85519.5,86309.7,11258.195
2026-09-22 14:00:00,86309.7,86431.2,85405.9,86209.1,12225.721
2026-09-22 15:00:00,86209.0,86699.9,86078.5,86367.4,8633.133
2026-09-22 16:00:00,86367.4,86554.0,86025.0,86378.0,8708.454
2026-09-22 17:00:00,86377.9,86615.0,86207.4,86527.5,8817.331
2026-09-22 18:00:00,86527.6,86600.0,86187.4,86403.2,6735.952
2026-09-22 19:00:00,86403.2,86538.5,86095.8,86146.1,5699.76
2026-09-22 20:00:00,86146.2,86331.7,86081.2,86229.9,2502.387
2026-09-22 21:00:00,86229.9,86314.0,86129.8,86143.2,1622.441
2026-09-22 22:00:00,86143.3,86247.8,85948.5,86080.5,3293.285
2026-09-22 23:00:00,86080.6,86473.6,86047.8,86158.6,4677.892
2026-09-23 00:00:00,86158.6,86557.7,86089.9,86423.3,4491.46
2026-09-23 01:00:00,86423.2,86817.3,86125.0,86320.1,6628.16
2026-09-23 02:00:00,86320.1,86593.3,86214.0,86506.0,2768.101
2026-09-23 03:00:00,86505.9,86963.4,86388.8,86664.0,4752.536
2026-09-23 04:00:00,86663.9,87247.3,86587.9,87115.1,9186.35
2026-09-23 05:00:00,87115.1,87115.1,86366.1,86448.5,7305.167
2026-09-23 06:00:00,86448.5,86564.7,86311.2,86424.1,4058.09
2026-09-23 07:00:00,86424.0,86425.6,85951.2,86100.0,6895.378
2026-09-23 08:00:00,86100.0,86232.9,85638.8,85878.1,8138.493
2026-09-23 09:00:00,85878.0,86008.8,85691.8,85819.3,5084.869
2026-09-23 10:00:00,85819.2,85891.2,85591.4,85879.1,5629.171
2026-09-23 11:00:00,85879.2,85932.5,85381.4,85622.8,6818.523
2026-09-23 12:00:00,85622.7,85648.5,85200.6,85465.1,8710.917
2026-09-23 13:00:00,85465.0,85837.9,85241.1,85755.1,10565.417
2026-09-23 14:00:00,85755.0,85908.5,83813.8,84482.5,53133.262
2026-09-23 15:00:00,84482.6,84735.4,83900.3,83961.2,18671.553
2026-09-23 16:00:00,83961.1,84317.5,83450.1,84004.4,19438.676
2026-09-23 17:00:00,84004.4,84346.5,83665.1,84280.0,9679.688
2026-09-23 18:00:00,84280.0,84368.7,84087.3,84281.1,3572.867
2026-09-23 19:00:00,84281.2,84524.0,84168.2,84466.9,4323.284
2026-09-23 20:00:00,84466.9,84523.8,84178.7,84198.4,2464.316
2026-09-23 21:00:00,84198.4,84477.8,84169.4,84372.9,1868.792
2026-09-23 22:00:00,84372.9,84638.5,84301.5,84524.1,2802.885
2026-09-23 23:00:00,84524.0,84533.3,84304.7,84355.1,2021.799
2026-09-24 00:00:00,84355.2,84457.5,84146.6,84278.4,2835.802
2026-09-24 01:00:00,84278.3,84441.5,84023.2,84070.7,3829.487
2026-09-24 02:00:00,84070.8,84348.4,83708.0,84327.7,6614.633
2026-09-24 03:00:00,84327.6,84451.7,83811.0,83902.3,3942.143
2026-09-24 04:00:00,83902.4,84018.4,83742.0,84001.9,4680.684
2026-09-24 05:00:00,84002.0,84375.0,83920.8,83937.8,4087.039
2026-09-24 06:00:00,83937.8,84199.0,83871.5,84070.5,2711.866
2026-09-24 07:00:00,84070.4,84561.8,83907.9,84468.0,6564.001
2026-09-24 08:00:00,84468.0,84584.6,83122.0,83615.1,16271.256
2026-09-24 09:00:00,83615.2,83697.0,82832.0,83231.7,15053.117
2026-09-24 10:00:00,83231.6,83530.0,83102.7,83473.5,6763.41
2026-09-24 11:00:00,83473.5,83577.7,83350.5,83451.1,3726.806
2026-09-24 12:00:00,83451.1,83647.2,83301.0,83561.0,3904.459
2026-09-24 13:00:00,83561.0,84302.9,83554.8,84216.9,12161.318
2026-09-24 14:00:00,84217.0,84901.6,83327.8,83628.3,20931.497
2026-09-24 15:00:00,83628.2,84429.0,83440.4,84374.4,9506.611
2026-09-24 16:00:00,84374.4,84883.6,83991.2,84450.7,11439.633
2026-09-24 17:00:00,84450.6,84520.0,83932.4,84074.4,4681.165
2026-09-24 18:00:00,84074.5,84519.9,83833.4,84437.5,4828.884
2026-09-24 19:00:00,84437.5,84622.3,84235.3,84367.9,4685.383
2026-09-24 20:00:00,84367.9,84431.6,84125.2,84320.0,3155.082
2026-09-24 21:00:00,84320.0,84453.4,84245.2,84304.0,1528.387
2026-09-24 22:00:00,84304.0,84330.0,83903.1,84235.4,3463.552
2026-09-24 23:00:00,84235.4,84433.3,84221.8,84370.0,1720.604
2026-09-25 00:00:00,84370.1,84689.2,84370.0,84560.6,3663.447
2026-09-25 01:00:00,84560.6,84763.7,84306.1,84576.6,3988.6
2026-09-25 02:00:00,84576.5,84855.0,84139.8,84194.4,6136.926
2026-09-25 03:00:00,84194.9,84355.6,84026.0,84201.1,3616.823
2026-09-25 04:00:00,84201.0,84263.9,84018.3,84171.5,2359.948
2026-09-25 05:00:00,84171.5,84310.6,84050.1,84152.0,1897.582
2026-09-25 06:00:00,84152.0,84246.6,83885.7,83999.3,4781.721
2026-09-25 07:00:00,83999.2,84059.9,83683.7,83994.7,8188.042
2026-09-25 08:00:00,83994.7,84470.5,83973.5,84376.1,4606.043
2026-09-25 09:00:00,84376.2,84822.2,84376.1,84533.2,6480.033
2026-09-25 10:00:00,84533.2,84844.2,84350.0,84678.3,5149.948
2026-09-25 11:00:00,84678.3,85224.0,84520.7,84533.4,11547.933
2026-09-25 12:00:00,84533.4,84660.0,83824.2,84427.8,11538.9
2026-09-25 13:00:00,84427.7,84528.5,83434.3,83887.9,13066.293
2026-09-25 14:00:00,83887.8,83997.6,83130.1,83973.6,14431.579
2026-09-25 15:00:00,83973.5,84059.4,83323.6,83767.0,8874.77
2026-09-25 16:00:00,83767.0,84090.2,83684.1,83715.9,6968.015
2026-09-25 17:00:00,83715.8,83954.9,83585.1,83750.1,2968.723
2026-09-25 18:00:00,83750.2,84056.0,83750.2,83931.7,2521.571
2026-09-25 19:00:00,83931.7,84040.8,83892.3,83971.4,2057.286
2026-09-25 20:00:00,83971.4,84154.9,83792.6,83839.7,3478.763
2026-09-25 21:00:00,83839.7,83882.9,83587.0,83747.3,2480.423
2026-09-25 22:00:00,83747.3,84097.6,83726.8,84032.8,2038.0
2026-09-25 23:00:00,84032.9,84071.5,83968.6,84056.0,1185.465
2026-09-26 00:00:00,84056.0,84106.8,83750.0,83869.0,2565.224
2026-09-26 01:00:00,83869.0,84050.0,83863.8,84041.4,1545.724
2026-09-26 02:00:00,84041.4,84105.6,83949.8,83981.3,1491.858
2026-09-26 03:00:00,83981.3,84024.7,83876.4,83908.6,988.513
2026-09-26 04:00:00,83908.6,84011.0,83794.2,83947.6,1488.421
2026-09-26 05:00:00,83947.6,83978.5,83855.0,83894.5,1059.052
2026-09-26 06:00:00,83894.4,83936.3,83836.6,83861.3,839.206
2026-09-26 07:00:00,83861.3,84097.9,83861.3,84075.1,1731.874
2026-09-26 08:00:00,84075.0,84296.6,83987.7,84167.3,2735.896
2026-09-26 09:00:00,84167.4,84172.5,83920.0,83977.9,1964.581
2026-09-26 10:00:00,83978.0,84148.4,83978.0,84135.3,1228.432
2026-09-26 11:00:00,84135.3,84161.9,84089.9,84134.4,670.539
2026-09-26 12:00:00,84134.3,84158.0,84003.2,84009.3,1044.79
2026-09-26 13:00:00,84009.3,84087.5,83785.4,83907.3,2545.646
2026-09-26 14:00:00,83907.3,84010.0,83875.0,83979.4,994.006
2026-09-26 15:00:00,83979.3,84157.5,83958.0,84112.5,1521.46
2026-09-26 16:00:00,84112.6,84130.1,84047.2,84070.0,925.762
2026-09-26 17:00:00,84070.0,84097.5,83984.9,84097.0,991.846
2026-09-26 18:00:00,84096.9,84126.0,83940.0,83970.9,946.227
2026-09-26 19:00:00,83970.9,84020.5,83927.5,83985.3,641.136
2026-09-26 20:00:00,83985.3,84055.9,83778.4,83995.5,1787.465
2026-09-26 21:00:00,83995.5,84229.3,83995.0,84118.6,1607.595
2026-09-26 22:00:00,84118.6,84386.6,84118.6,84249.4,2167.847
2026-09-26 23:00:00,84249.4,84458.6,84249.4,84403.3,2856.011
2026-09-27 00:00:00,84403.2,84411.2,84214.5,84266.8,1385.548
2026-09-27 01:00:00,84266.7,84559.6,84242.7,84455.3,1753.752
2026-09-27 02:00:00,84455.3,84506.0,84402.4,84414.6,1056.1
2026-09-27 03:00:00,84414.6,84483.5,84315.0,84356.2,1045.87
2026-09-27 04:00:00,84356.2,84470.8,84259.2,84295.0,1274.472
2026-09-27 05:00:00,84295.0,84640.0,84279.8,84437.1,1941.855
2026-09-27 06:00:00,84437.1,84593.6,84437.0,84477.1,1431.263
2026-09-27 07:00:00,84477.1,84760.5,84441.6,84751.2,3074.658
2026-09-27 08:00:00,84751.3,84855.0,84654.7,84753.4,3760.661
2026-09-27 09:00:00,84753.4,84922.9,84550.0,84910.4,3022.019
2026-09-27 10:00:00,84910.3,85095.0,84750.1,84839.0,4294.78
2026-09-27 11:00:00,84839.0,84908.6,84777.0,84857.5,2125.336
2026-09-27 12:00:00,84857.4,84995.0,84751.0,84754.4,1615.965
2026-09-27 13:00:00,84754.4,85146.4,84588.0,84991.8,6242.264
2026-09-27 14:00:00,84991.8,85015.7,84390.6,84488.0,5749.79
2026-09-27 15:00:00,84488.1,84608.2,84266.0,84426.9,5350.266
2026-09-27 16:00:00,84426.9,84647.1,84318.5,84395.0,2952.433
2026-09-27 17:00:00,84394.9,84534.9,84288.5,84534.9,1946.493
2026-09-27 18:00:00,84534.8,84793.1,84515.0,84778.3,2402.354
2026-09-27 19:00:00,84778.3,84810.8,84615.0,84696.9,2206.879
2026-09-27 20:00:00,84696.8,84779.9,84494.7,84507.9,1644.154
2026-09-27 21:00:00,84507.8,84686.8,84408.1,84640.7,1975.57
2026-09-27 22:00:00,84640.7,84725.6,84092.9,84155.9,4558.603
2026-09-27 23:00:00,84155.9,84499.9,84074.3,84432.9,3778.537
2026-09-28 00:00:00,84433.0,84966.8,84088.0,84091.6,9103.453
2026-09-28 01:00:00,84091.6,84195.7,83567.2,83650.1,9009.704
2026-09-28 02:00:00,83650.0,83745.3,83333.8,83381.5,6899.508
2026-09-28 03:00:00,83381.5,83497.1,83166.6,83302.6,7094.368
2026-09-28 04:00:00,83302.5,83498.6,83191.6,83446.0,3138.137
2026-09-28 05:00:00,83446.0,83494.7,82617.8,83140.1,12755.506
2026-09-28 06:00:00,83140.1,83255.0,83002.9,83124.9,4427.742
2026-09-28 07:00:00,83124.9,83250.0,82870.0,82914.4,4814.805
2026-09-28 08:00:00,82914.4,83120.0,82725.5,82931.1,5846.084
2026-09-28 09:00:00,82931.0,82979.4,82551.6,82640.0,7128.835
2026-09-28 10:00:00,82640.0,83024.6,82640.0,82928.5,4845.694
2026-09-28 11:00:00,82928.6,83081.6,82928.6,83054.5,3491.955
2026-09-28 12:00:00,83054.5,83609.4,82979.9,83546.5,10260.889
2026-09-28 13:00:00,83546.4,83794.9,83270.0,83609.1,8453.471
2026-09-28 14:00:00,83609.1,83609.1,82500.1,82990.5,13490.035
2026-09-28 15:00:00,82990.6,83369.4,82755.1,83328.4,7858.713
2026-09-28 16:00:00,83328.4,84163.3,83205.3,83686.4,13757.607
2026-09-28 17:00:00,83686.4,84350.0,83516.8,83832.7,8257.769
2026-09-28 18:00:00,83832.8,84009.4,83755.0,84000.1,2348.103
2026-09-28 19:00:00,84000.1,84009.4,83066.0,83343.9,5964.979
2026-09-28 20:00:00,83344.0,83580.7,83221.3,83500.2,2121.842
2026-09-28 21:00:00,83500.1,83625.0,83175.0,83176.0,2312.783
2026-09-28 22:00:00,83176.1,83514.3,83057.0,83514.3,2171.933
2026-09-28 23:00:00,83514.2,83602.8,83407.9,83461.0,1885.256
2026-09-29 00:00:00,83461.1,83588.9,83137.0,83137.0,2986.888
2026-09-29 01:00:00,83137.0,83202.9,82724.3,83021.6,6603.318
2026-09-29 02:00:00,83021.6,83121.7,82850.9,82935.7,2712.607
2026-09-29 03:00:00,82935.8,83184.8,82830.9,83034.1,3004.833
2026-09-29 04:00:00,83034.1,83276.1,82983.5,83165.7,1774.225
2026-09-29 05:00:00,83165.8,83398.7,82926.2,83398.7,2980.663
2026-09-29 06:00:00,83398.7,83978.7,83375.0,83964.9,7395.853
2026-09-29 07:00:00,83965.0,84164.0,83833.5,83947.0,5715.722
2026-09-29 08:00:00,83947.0,84333.0,83760.5,83842.9,6090.998
2026-09-29 09:00:00,83842.9,84288.0,83728.0,84214.3,5435.252
2026-09-29 10:00:00,84214.2,84299.9,83941.1,83986.4,3714.348
2026-09-29 11:00:00,83986.4,84465.3,83891.1,84310.8,5256.615
2026-09-29 12:00:00,84310.9,84450.0,84090.0,84280.5,4946.234
2026-09-29 13:00:00,84280.6,84554.9,83971.0,84157.5,7548.319
2026-09-29 14:00:00,84157.5,84249.7,83639.4,83709.7,7710.783
2026-09-29 15:00:00,83709.7,83721.7,82880.6,83039.2,19700.217
2026-09-29 16:00:00,83039.3,83261.7,82851.5,83023.1,7460.986
2026-09-29 17:00:00,83023.1,83179.1,82933.9,83042.7,3874.318
2026-09-29 18:00:00,83042.7,83673.0,83042.7,83614.1,5771.751
2026-09-29 19:00:00,83614.0,83674.0,83371.9,83562.4,3951.725
2026-09-29 20:00:00,83562.5,83625.0,83470.2,83580.2,1106.665
2026-09-29 21:00:00,83580.2,83580.3,83337.5,83470.3,2458.924
2026-09-29 22:00:00,83470.2,83698.0,83470.2,83574.9,2128.59
2026-09-29 23:00:00,83575.0,83824.7,83570.3,83624.5,2715.252
2026-09-30 00:00:00,83624.5,83696.6,83306.4,83415.9,2473.383
2026-09-30 01:00:00,83415.9,83520.0,83299.8,83413.8,1758.963
2026-09-30 02:00:00,83414.1,83588.0,83241.2,83348.8,2723.132
2026-09-30 03:00:00,83348.8,83393.3,83122.1,83270.0,2340.874
2026-09-30 04:00:00,83269.9,83387.9,83159.1,83170.0,1592.603
2026-09-30 05:00:00,83170.0,83487.4,83141.6,83347.4,2389.87
2026-09-30 06:00:00,83347.3,83395.2,82910.7,83004.0,4465.036
2026-09-30 07:00:00,83004.0,83430.0,82901.3,83258.8,4971.506
2026-09-30 08:00:00,83258.7,83302.6,82980.0,83022.3,4448.956
2026-09-30 09:00:00,83022.3,83779.7,83009.3,83595.8,7168.342
2026-09-30 10:00:00,83595.8,83928.8,83595.7,83875.4,6165.647
2026-09-30 11:00:00,83875.3,83956.9,83656.4,83883.0,6024.605
2026-09-30 12:00:00,83883.0,85491.0,83730.0,85259.8,31506.489
2026-09-30 13:00:00,85259.8,85632.7,83963.8,84605.2,34302.067
2026-09-30 14:00:00,84605.2,84613.2,83325.1,83762.5,24687.381
2026-09-30 15:00:00,83762.4,84266.9,83643.4,84104.9,10946.028
2026-09-30 16:00:00,84104.8,84462.6,84093.5,84318.3,5905.389
2026-09-30 17:00:00,84318.3,84400.0,83901.2,84000.0,4759.408
2026-09-30 18:00:00,84000.1,84059.0,83756.0,83914.1,3115.306
2026-09-30 19:00:00,83914.0,83934.7,83453.5,83568.6,6160.541
2026-09-30 20:00:00,83568.7,83744.5,83491.3,83636.4,2646.807
2026-09-30 21:00:00,83636.4,83786.5,83636.4,83720.0,1283.569
2026-09-30 22:00:00,83720.0,83813.8,83536.5,83648.0,1649.349
2026-09-30 23:00:00,83647.9,83807.9,83479.5,83576.9,3363.504
2026-10-01 00:00:00,83576.8,83612.6,83370.0,83460.0,3123.991
2026-10-01 01:00:00,83460.1,83660.8,83436.3,83472.4,2397.463
2026-10-01 02:00:00,83472.3,83629.3,83360.0,83446.3,2724.971
2026-10-01 03:00:00,83446.3,83746.0,83381.6,83724.5,2799.853
2026-10-01 04:00:00,83724.6,84169.3,83682.6,84072.9,5713.136
2026-10-01 05:00:00,84072.8,84336.9,83988.0,84259.9,4590.429
2026-10-01 06:00:00,84260.0,84379.8,84076.6,84082.1,3291.953
2026-10-01 07:00:00,84082.2,84183.8,83277.3,83381.6,11538.456
2026-10-01 08:00:00,83381.5,83539.9,83136.6,83525.1,8370.788
2026-10-01 09:00:00,83525.0,83864.2,83510.0,83745.7,4714.642
2026-10-01 10:00:00,83745.7,84062.6,83370.3,83930.8,6337.601
2026-10-01 11:00:00,83930.9,84013.7,83740.0,83878.2,3318.375
2026-10-01 12:00:00,83878.2,84029.6,83620.8,83707.0,4219.648
2026-10-01 13:00:00,83707.0,83998.4,83408.1,83901.4,11766.358
2026-10-01 14:00:00,83901.3,84300.0,83515.2,84013.9,11905.236
2026-10-01 15:00:00,84013.8,84290.0,83782.0,84125.9,9700.694
2026-10-01 16:00:00,84125.9,84599.9,84024.5,84165.6,9304.032
2026-10-01 17:00:00,84165.6,85047.3,84160.0,84866.0,15130.973
2026-10-01 18:00:00,84865.9,85265.3,84617.2,84764.9,9802.114
2026-10-01 19:00:00,84765.0,84851.1,84535.4,84629.4,4225.548
2026-10-01 20:00:00,84629.5,84829.4,84515.7,84586.9,2750.348
2026-10-01 21:00:00,84587.0,84648.8,84454.3,84497.0,1546.129
2026-10-01 22:00:00,84497.0,84753.3,84497.0,84704.8,2014.797
2026-10-01 23:00:00,84704.7,84863.4,84596.4,84829.6,1877.415
2026-10-02 00:00:00,84829.6,84917.1,84651.1,84751.0,3291.433
2026-10-02 01:00:00,84751.0,84949.7,84472.5,84861.3,2712.897
2026-10-02 02:00:00,84861.3,85164.7,84820.7,85161.3,4224.735
2026-10-02 03:00:00,85161.4,85553.6,85151.0,85476.6,9462.087
2026-10-02 04:00:00,85476.6,86888.0,85418.8,86618.6,29787.236
2026-10-02 05:00:00,86618.6,86641.1,85854.8,85964.8,10411.563
2026-10-02 06:00:00,85964.8,86070.4,85833.0,85951.8,6121.267
2026-10-02 07:00:00,85951.8,86134.6,85734.6,86064.3,7369.51
2026-10-02 08:00:00,86064.3,86616.5,86035.5,86205.1,8514.776
2026-10-02 09:00:00,86205.2,86398.8,86078.0,86324.2,4964.218
2026-10-02 10:00:00,86324.2,86485.8,86123.9,86250.2,4266.987
2026-10-02 11:00:00,86250.3,86521.7,86231.7,86376.9,3277.777
2026-10-02 12:00:00,86376.8,87249.6,86261.0,86768.8,20355.278
2026-10-02 13:00:00,86768.9,87123.0,86415.7,86524.3,12229.933
2026-10-02 14:00:00,86524.3,86796.9,85344.0,85644.8,25374.382
2026-10-02 15:00:00,85644.8,85712.5,85101.7,85297.4,16300.141
2026-10-02 16:00:00,85297.5,85472.9,84966.7,85130.3,8612.568
2026-10-02 17:00:00,85130.3,85225.0,84444.4,84745.7,15559.487
2026-10-02 18:00:00,84745.7,84872.1,83841.9,84222.1,14614.893
2026-10-02 19:00:00,84222.0,84328.9,83934.0,84266.9,5943.919
2026-10-02 20:00:00,84266.8,84506.6,84188.8,84418.9,11297.291
2026-10-02 21:00:00,84418.9,84523.6,84380.5,84491.9,2984.723
2026-10-02 22:00:00,84492.0,84523.8,84411.6,84515.4,2917.942
2026-10-02 23:00:00,84515.5,84536.2,84441.3,84482.8,1495.967
2026-10-03 00:00:00,84482.7,84648.5,84409.5,84622.6,2817.251
2026-10-03 01:00:00,84622.5,84688.5,84560.2,84599.9,1781.428
2026-10-03 02:00:00,84599.9,84689.8,84553.8,84560.0,1287.931
2026-10-03 03:00:00,84560.0,84660.4,84466.2,84656.3,1147.973
2026-10-03 04:00:00,84656.3,84690.2,84475.6,84537.5,1628.387
2026-10-03 05:00:00,84537.5,84621.9,84510.0,84603.7,770.347
2026-10-03 06:00:00,84603.7,84642.4,84497.5,84536.2,2034.033
2026-10-03 07:00:00,84536.2,84615.0,84501.2,84509.3,1986.273
2026-10-03 08:00:00,84509.4,84603.3,84501.5,84574.7,885.502
2026-10-03 09:00:00,84574.7,84624.0,84539.8,84551.4,725.102
2026-10-03 10:00:00,84551.4,84607.6,84523.0,84593.5,911.732
2026-10-03 11:00:00,84593.5,84663.1,84577.7,84634.1,1169.698
2026-10-03 12:00:00,84634.2,84887.0,84631.6,84846.6,4371.296
2026-10-03 13:00:00,84846.5,84928.8,84726.6,84824.7,2099.656
2026-10-03 14:00:00,84824.6,84824.7,84708.8,84818.0,1342.589
2026-10-03 15:00:00,84818.0,84842.0,84717.8,84835.2,2150.493
2026-10-03 16:00:00,84835.1,84840.0,84746.8,84824.1,1572.237
2026-10-03 17:00:00,84824.1,84978.0,84791.4,84967.1,1990.646
2026-10-03 18:00:00,84967.1,84994.9,84874.0,84900.0,1190.527
2026-10-03 19:00:00,84900.0,84900.1,84650.6,84794.6,2111.82
2026-10-03 20:00:00,84794.5,84871.4,84666.6,84699.9,1782.559
2026-10-03 21:00:00,84700.0,84729.3,84474.6,84670.2,3178.138
2026-10-03 22:00:00,84670.2,84759.3,84654.3,84727.2,1159.826
2026-10-03 23:00:00,84727.3,84769.5,84655.3,84710.6,3070.245
2026-10-04 00:00:00,84710.5,84839.3,84710.5,84757.1,2299.48
2026-10-04 01:00:00,84757.1,84781.2,84677.3,84764.9,660.478
2026-10-04 02:00:00,84764.9,84840.7,84739.8,84764.9,738.538
2026-10-04 03:00:00,84764.9,84853.4,84752.6,84799.9,567.356
