t,o,h,l,c,v
2026-03-30 16:00:00,8.826,8.838,8.776,8.81,946676.69
2026-03-30 17:00:00,8.809,8.832,8.681,8.712,717023.51
2026-03-30 18:00:00,8.712,8.717,8.621,8.651,871328.62
2026-03-30 19:00:00,8.651,8.652,8.565,8.622,653354.66
2026-03-30 20:00:00,8.622,8.651,8.614,8.632,362682.75
2026-03-30 21:00:00,8.631,8.723,8.619,8.677,359512.31
2026-03-30 22:00:00,8.677,8.692,8.623,8.637,385152.74
2026-03-30 23:00:00,8.638,8.638,8.58,8.622,423817.63
2026-03-31 00:00:00,8.621,8.673,8.593,8.652,568850.32
2026-03-31 01:00:00,8.652,8.855,8.631,8.788,860491.98
2026-03-31 02:00:00,8.788,8.821,8.762,8.777,334378.88
2026-03-31 03:00:00,8.778,8.789,8.737,8.745,333820.0
2026-03-31 04:00:00,8.745,8.775,8.718,8.728,376935.81
2026-03-31 05:00:00,8.728,8.772,8.693,8.755,324672.4
2026-03-31 06:00:00,8.755,8.759,8.707,8.732,261694.0
2026-03-31 07:00:00,8.733,8.737,8.665,8.707,457104.18
2026-03-31 08:00:00,8.706,8.715,8.626,8.633,646407.76
2026-03-31 09:00:00,8.633,8.648,8.498,8.525,957680.31
2026-03-31 10:00:00,8.524,8.576,8.517,8.56,436965.97
2026-03-31 11:00:00,8.561,8.631,8.544,8.611,719960.04
2026-03-31 12:00:00,8.611,8.667,8.595,8.631,449464.19
2026-03-31 13:00:00,8.631,8.77,8.629,8.742,671949.5
2026-03-31 14:00:00,8.742,8.806,8.585,8.62,1053757.24
2026-03-31 15:00:00,8.62,8.732,8.617,8.622,658912.64
2026-03-31 16:00:00,8.623,8.848,8.619,8.782,1236181.77
2026-03-31 17:00:00,8.781,8.888,8.744,8.764,967483.77
2026-03-31 18:00:00,8.764,8.837,8.764,8.792,388358.37
2026-03-31 19:00:00,8.792,8.806,8.749,8.772,291680.58
2026-03-31 20:00:00,8.771,8.814,8.763,8.796,371076.62
2026-03-31 21:00:00,8.797,8.8,8.737,8.764,220742.67
2026-03-31 22:00:00,8.764,8.771,8.706,8.739,252248.59
2026-03-31 23:00:00,8.739,8.789,8.729,8.777,319198.81
2026-04-01 00:00:00,8.778,8.826,8.745,8.819,416806.36
2026-04-01 01:00:00,8.819,8.826,8.744,8.757,479705.5
2026-04-01 02:00:00,8.757,8.786,8.735,8.756,338017.77
2026-04-01 03:00:00,8.756,8.83,8.756,8.816,312033.04
2026-04-01 04:00:00,8.816,8.858,8.79,8.839,275747.8
2026-04-01 05:00:00,8.839,8.947,8.817,8.907,712966.32
2026-04-01 06:00:00,8.908,9.107,8.908,9.089,1338829.92
2026-04-01 07:00:00,9.089,9.193,9.042,9.056,1231448.12
2026-04-01 08:00:00,9.056,9.101,9.042,9.057,771779.5
2026-04-01 09:00:00,9.057,9.061,8.982,9.043,808450.54
2026-04-01 10:00:00,9.044,9.056,9.0,9.022,354658.99
2026-04-01 11:00:00,9.023,9.036,9.001,9.017,310228.86
2026-04-01 12:00:00,9.017,9.089,8.978,8.989,894374.01
2026-04-01 13:00:00,8.989,9.025,8.913,8.949,708377.58
2026-04-01 14:00:00,8.949,9.0,8.928,8.993,498191.25
2026-04-01 15:00:00,8.993,9.007,8.941,9.002,492979.5
2026-04-01 16:00:00,9.001,9.066,8.949,9.047,634792.51
2026-04-01 17:00:00,9.046,9.136,8.979,9.002,808974.57
2026-04-01 18:00:00,9.002,9.02,8.951,8.956,383328.12
2026-04-01 19:00:00,8.958,9.023,8.956,9.014,295458.44
2026-04-01 20:00:00,9.015,9.025,8.94,8.969,406121.44
2026-04-01 21:00:00,8.969,9.037,8.968,9.005,319855.13
2026-04-01 22:00:00,9.005,9.013,8.933,8.941,313578.74
2026-04-01 23:00:00,8.942,8.96,8.921,8.939,250040.47
2026-04-02 00:00:00,8.939,9.006,8.927,8.997,424341.75
2026-04-02 01:00:00,8.997,8.997,8.667,8.737,2758557.81
2026-04-02 02:00:00,8.736,8.749,8.588,8.618,1158962.67
2026-04-02 03:00:00,8.618,8.632,8.516,8.56,1244726.47
2026-04-02 04:00:00,8.56,8.565,8.506,8.512,709023.78
2026-04-02 05:00:00,8.513,8.549,8.495,8.542,617598.84
2026-04-02 06:00:00,8.542,8.565,8.52,8.554,437223.59
2026-04-02 07:00:00,8.553,8.563,8.526,8.56,407283.69
2026-04-02 08:00:00,8.559,8.56,8.496,8.498,374957.69
2026-04-02 09:00:00,8.497,8.516,8.474,8.501,613492.79
2026-04-02 10:00:00,8.501,8.511,8.463,8.495,502349.61
2026-04-02 11:00:00,8.495,8.51,8.446,8.479,438662.39
2026-04-02 12:00:00,8.479,8.489,8.453,8.46,489987.68
2026-04-02 13:00:00,8.46,8.492,8.416,8.486,1014151.49
2026-04-02 14:00:00,8.487,8.64,8.47,8.605,1487222.91
2026-04-02 15:00:00,8.604,8.606,8.526,8.561,663697.91
2026-04-02 16:00:00,8.561,8.645,8.535,8.604,553404.33
2026-04-02 17:00:00,8.603,8.654,8.527,8.533,680159.78
2026-04-02 18:00:00,8.533,8.604,8.518,8.586,316242.4
2026-04-02 19:00:00,8.586,8.618,8.558,8.608,279123.78
2026-04-02 20:00:00,8.609,8.651,8.584,8.633,315695.74
2026-04-02 21:00:00,8.633,8.644,8.595,8.63,244745.35
2026-04-02 22:00:00,8.629,8.645,8.598,8.628,328763.69
2026-04-02 23:00:00,8.628,8.64,8.604,8.627,316953.93
2026-04-03 00:00:00,8.628,8.641,8.601,8.62,318047.78
2026-04-03 01:00:00,8.619,8.668,8.6,8.619,446664.98
2026-04-03 02:00:00,8.619,8.66,8.585,8.632,517408.63
2026-04-03 03:00:00,8.633,8.673,8.622,8.645,397443.65
2026-04-03 04:00:00,8.646,8.685,8.643,8.672,279257.62
2026-04-03 05:00:00,8.672,8.724,8.637,8.682,396762.65
2026-04-03 06:00:00,8.683,8.726,8.665,8.717,387514.43
2026-04-03 07:00:00,8.717,8.763,8.693,8.709,369852.53
2026-04-03 08:00:00,8.71,8.74,8.694,8.705,303360.08
2026-04-03 09:00:00,8.704,8.72,8.672,8.702,304738.55
2026-04-03 10:00:00,8.702,8.707,8.657,8.691,294758.32
2026-04-03 11:00:00,8.691,8.725,8.688,8.721,263085.3
2026-04-03 12:00:00,8.721,8.807,8.67,8.686,774078.04
2026-04-03 13:00:00,8.686,8.692,8.647,8.689,553826.42
2026-04-03 14:00:00,8.69,8.735,8.67,8.725,331618.58
2026-04-03 15:00:00,8.724,8.735,8.691,8.693,577850.06
2026-04-03 16:00:00,8.693,8.726,8.683,8.716,286487.19
2026-04-03 17:00:00,8.715,8.727,8.668,8.682,230615.74
2026-04-03 18:00:00,8.682,8.708,8.663,8.669,263558.28
2026-04-03 19:00:00,8.669,8.68,8.641,8.673,317220.6
2026-04-03 20:00:00,8.673,8.69,8.67,8.679,191807.38
2026-04-03 21:00:00,8.678,8.712,8.671,8.691,339154.85
2026-04-03 22:00:00,8.69,8.695,8.643,8.648,231191.43
2026-04-03 23:00:00,8.648,8.662,8.636,8.654,291796.43
2026-04-04 00:00:00,8.654,8.654,8.615,8.638,369713.88
2026-04-04 01:00:00,8.638,8.646,8.618,8.635,213577.77
2026-04-04 02:00:00,8.634,8.648,8.613,8.627,162951.82
2026-04-04 03:00:00,8.628,8.652,8.628,8.64,174220.77
2026-04-04 04:00:00,8.639,8.651,8.627,8.646,145608.53
2026-04-04 05:00:00,8.646,8.665,8.636,8.642,155204.1
2026-04-04 06:00:00,8.643,8.676,8.633,8.666,167224.14
2026-04-04 07:00:00,8.667,8.668,8.642,8.654,141666.61
2026-04-04 08:00:00,8.655,8.673,8.638,8.644,210083.25
2026-04-04 09:00:00,8.644,8.649,8.631,8.636,183382.05
2026-04-04 10:00:00,8.637,8.67,8.622,8.662,208682.0
2026-04-04 11:00:00,8.663,8.67,8.65,8.657,130738.93
2026-04-04 12:00:00,8.658,8.666,8.631,8.639,215064.91
2026-04-04 13:00:00,8.639,8.664,8.63,8.645,360962.64
2026-04-04 14:00:00,8.645,8.662,8.605,8.654,286742.61
2026-04-04 15:00:00,8.653,8.708,8.647,8.683,386779.01
2026-04-04 16:00:00,8.684,8.722,8.669,8.673,582804.24
2026-04-04 17:00:00,8.672,8.704,8.66,8.692,206790.46
2026-04-04 18:00:00,8.691,8.7,8.68,8.692,132661.45
2026-04-04 19:00:00,8.692,8.778,8.689,8.721,437821.22
2026-04-04 20:00:00,8.72,8.723,8.694,8.695,97848.33
2026-04-04 21:00:00,8.695,8.717,8.679,8.701,160705.74
2026-04-04 22:00:00,8.701,8.721,8.696,8.707,104627.38
2026-04-04 23:00:00,8.707,8.708,8.674,8.689,139272.57
2026-04-05 00:00:00,8.69,8.694,8.67,8.684,211653.87
2026-04-05 01:00:00,8.683,8.691,8.648,8.651,284742.11
2026-04-05 02:00:00,8.65,8.664,8.633,8.66,204879.83
2026-04-05 03:00:00,8.659,8.667,8.639,8.646,137036.09
2026-04-05 04:00:00,8.646,8.656,8.629,8.633,167023.38
2026-04-05 05:00:00,8.633,8.643,8.585,8.601,290749.72
2026-04-05 06:00:00,8.602,8.603,8.495,8.548,1014297.07
2026-04-05 07:00:00,8.548,8.568,8.516,8.527,378617.26
2026-04-05 08:00:00,8.526,8.553,8.52,8.539,443670.94
2026-04-05 09:00:00,8.539,8.56,8.536,8.547,224581.05
2026-04-05 10:00:00,8.547,8.576,8.534,8.535,177360.02
2026-04-05 11:00:00,8.535,8.548,8.528,8.542,119396.49
2026-04-05 12:00:00,8.542,8.542,8.471,8.497,505483.23
2026-04-05 13:00:00,8.497,8.53,8.477,8.529,359005.7
2026-04-05 14:00:00,8.529,8.557,8.517,8.545,215234.01
2026-04-05 15:00:00,8.544,8.678,8.518,8.595,866947.93
2026-04-05 16:00:00,8.596,8.614,8.577,8.585,241271.34
2026-04-05 17:00:00,8.585,8.622,8.569,8.618,181297.33
2026-04-05 18:00:00,8.618,8.63,8.59,8.611,162922.89
2026-04-05 19:00:00,8.612,8.643,8.592,8.62,188402.46
2026-04-05 20:00:00,8.62,8.664,8.611,8.649,235521.33
2026-04-05 21:00:00,8.65,8.65,8.582,8.606,223669.19
2026-04-05 22:00:00,8.605,8.722,8.559,8.706,802111.99
2026-04-05 23:00:00,8.706,8.872,8.692,8.82,1427068.66
2026-04-06 00:00:00,8.82,8.974,8.82,8.921,1386170.15
2026-04-06 01:00:00,8.921,8.941,8.873,8.884,694297.32
2026-04-06 02:00:00,8.885,9.026,8.882,8.975,913979.11
2026-04-06 03:00:00,8.976,8.991,8.917,8.927,463592.62
2026-04-06 04:00:00,8.927,8.957,8.913,8.948,383947.01
2026-04-06 05:00:00,8.949,8.964,8.926,8.952,564665.25
2026-04-06 06:00:00,8.953,8.998,8.905,8.922,700524.8
2026-04-06 07:00:00,8.923,8.983,8.899,8.959,521671.24
2026-04-06 08:00:00,8.96,9.019,8.953,8.975,613880.97
2026-04-06 09:00:00,8.975,9.153,8.975,9.081,1596319.87
2026-04-06 10:00:00,9.082,9.101,9.047,9.061,587257.35
2026-04-06 11:00:00,9.06,9.061,9.025,9.043,469406.91
2026-04-06 12:00:00,9.044,9.057,9.014,9.023,442751.49
2026-04-06 13:00:00,9.024,9.049,9.002,9.038,598492.4
2026-04-06 14:00:00,9.037,9.086,8.993,9.052,862064.92
2026-04-06 15:00:00,9.052,9.086,9.037,9.082,430133.81
2026-04-06 16:00:00,9.083,9.101,8.995,9.001,524764.71
2026-04-06 17:00:00,9.002,9.01,8.935,8.995,764582.34
2026-04-06 18:00:00,8.996,9.038,8.983,9.008,447358.02
2026-04-06 19:00:00,9.007,9.007,8.964,8.984,498270.08
2026-04-06 20:00:00,8.985,9.019,8.973,8.994,246844.94
2026-04-06 21:00:00,8.994,8.997,8.944,8.953,248238.9
2026-04-06 22:00:00,8.952,8.969,8.81,8.814,714587.9
2026-04-06 23:00:00,8.814,8.814,8.718,8.794,1172884.71
2026-04-07 00:00:00,8.794,8.844,8.781,8.808,609794.62
2026-04-07 01:00:00,8.808,8.833,8.738,8.752,349067.13
2026-04-07 02:00:00,8.751,8.788,8.722,8.777,362131.31
2026-04-07 03:00:00,8.776,8.793,8.768,8.787,202075.88
2026-04-07 04:00:00,8.786,8.826,8.754,8.801,296715.27
2026-04-07 05:00:00,8.802,8.804,8.753,8.767,240128.73
2026-04-07 06:00:00,8.767,8.767,8.724,8.754,301510.53
2026-04-07 07:00:00,8.755,8.778,8.74,8.76,228401.78
2026-04-07 08:00:00,8.761,8.834,8.76,8.819,520512.2
2026-04-07 09:00:00,8.82,8.895,8.819,8.858,484977.18
2026-04-07 10:00:00,8.858,8.87,8.688,8.697,945000.73
2026-04-07 11:00:00,8.697,8.708,8.666,8.676,583898.51
2026-04-07 12:00:00,8.676,8.718,8.614,8.683,1598214.1
2026-04-07 13:00:00,8.683,8.705,8.614,8.614,672306.77
2026-04-07 14:00:00,8.614,8.638,8.568,8.587,900132.06
2026-04-07 15:00:00,8.586,8.645,8.566,8.613,907383.94
2026-04-07 16:00:00,8.613,8.654,8.594,8.609,500375.8
2026-04-07 17:00:00,8.609,8.722,8.591,8.656,654073.14
2026-04-07 18:00:00,8.656,8.664,8.588,8.608,397600.17
2026-04-07 19:00:00,8.608,8.752,8.605,8.738,866097.98
2026-04-07 20:00:00,8.739,8.789,8.709,8.724,721987.24
2026-04-07 21:00:00,8.725,8.91,8.725,8.883,946210.47
2026-04-07 22:00:00,8.883,9.202,8.883,9.2,2364293.16
2026-04-07 23:00:00,9.2,9.417,9.2,9.285,2377383.54
2026-04-08 00:00:00,9.284,9.337,9.187,9.216,1122523.57
2026-04-08 01:00:00,9.216,9.253,9.191,9.223,437385.69
2026-04-08 02:00:00,9.224,9.279,9.184,9.199,453441.5
2026-04-08 03:00:00,9.199,9.22,9.171,9.176,355094.02
2026-04-08 04:00:00,9.177,9.252,9.177,9.217,465197.16
2026-04-08 05:00:00,9.218,9.258,9.216,9.232,325668.58
2026-04-08 06:00:00,9.233,9.25,9.2,9.228,345576.97
2026-04-08 07:00:00,9.228,9.269,9.206,9.251,531651.57
2026-04-08 08:00:00,9.252,9.271,9.222,9.249,305202.02
2026-04-08 09:00:00,9.249,9.268,9.193,9.208,352324.36
2026-04-08 10:00:00,9.209,9.235,9.183,9.183,308400.22
2026-04-08 11:00:00,9.182,9.217,9.143,9.182,592143.55
2026-04-08 12:00:00,9.183,9.212,9.156,9.2,578199.81
2026-04-08 13:00:00,9.201,9.265,9.132,9.149,1166130.95
2026-04-08 14:00:00,9.148,9.165,8.962,8.993,1369870.77
2026-04-08 15:00:00,8.993,9.041,8.975,9.026,1031306.96
2026-04-08 16:00:00,9.026,9.077,9.017,9.061,372937.24
2026-04-08 17:00:00,9.062,9.114,9.036,9.098,435878.92
2026-04-08 18:00:00,9.099,9.1,8.954,8.959,436890.26
2026-04-08 19:00:00,8.959,8.986,8.931,8.984,414006.52
2026-04-08 20:00:00,8.983,9.005,8.949,8.968,229287.44
2026-04-08 21:00:00,8.967,9.035,8.963,9.003,286406.11
2026-04-08 22:00:00,9.004,9.007,8.91,8.921,437925.49
2026-04-08 23:00:00,8.92,8.92,8.83,8.851,889879.38
2026-04-09 00:00:00,8.852,8.853,8.739,8.764,1013041.86
2026-04-09 01:00:00,8.763,8.768,8.683,8.748,1128699.05
2026-04-09 02:00:00,8.748,8.776,8.725,8.763,613537.54
2026-04-09 03:00:00,8.763,8.776,8.729,8.755,275719.56
2026-04-09 04:00:00,8.755,8.783,8.743,8.759,327303.59
2026-04-09 05:00:00,8.758,8.789,8.742,8.756,421833.29
2026-04-09 06:00:00,8.757,8.787,8.747,8.771,250021.57
2026-04-09 07:00:00,8.772,8.797,8.742,8.751,387522.41
2026-04-09 08:00:00,8.752,8.785,8.733,8.766,421575.79
2026-04-09 09:00:00,8.767,8.801,8.746,8.784,444366.94
2026-04-09 10:00:00,8.784,8.801,8.764,8.772,261521.42
2026-04-09 11:00:00,8.772,8.777,8.742,8.758,387637.87
2026-04-09 12:00:00,8.758,8.809,8.755,8.793,414408.89
2026-04-09 13:00:00,8.794,8.804,8.71,8.735,590821.59
2026-04-09 14:00:00,8.735,8.799,8.685,8.786,504446.96
2026-04-09 15:00:00,8.787,8.972,8.746,8.94,1301567.64
2026-04-09 16:00:00,8.94,8.989,8.86,8.936,877591.56
2026-04-09 17:00:00,8.936,9.017,8.927,9.006,671549.58
2026-04-09 18:00:00,9.007,9.016,8.921,8.96,677889.69
2026-04-09 19:00:00,8.961,9.035,8.945,9.002,428577.24
2026-04-09 20:00:00,9.003,9.037,8.987,9.012,372639.4
2026-04-09 21:00:00,9.012,9.072,9.005,9.031,398520.69
2026-04-09 22:00:00,9.032,9.183,9.015,9.015,893705.18
2026-04-09 23:00:00,9.016,9.02,8.925,8.943,664904.68
2026-04-10 00:00:00,8.942,8.964,8.902,8.954,493174.6
2026-04-10 01:00:00,8.953,9.003,8.882,8.941,493592.31
2026-04-10 02:00:00,8.941,8.978,8.928,8.938,221956.61
2026-04-10 03:00:00,8.938,8.954,8.896,8.91,310317.13
2026-04-10 04:00:00,8.911,8.982,8.907,8.959,256366.2
2026-04-10 05:00:00,8.959,8.992,8.94,8.958,214726.23
2026-04-10 06:00:00,8.958,8.983,8.903,8.92,269839.42
2026-04-10 07:00:00,8.921,8.936,8.883,8.895,341004.12
2026-04-10 08:00:00,8.896,8.937,8.875,8.901,434635.9
2026-04-10 09:00:00,8.901,8.967,8.901,8.961,489321.85
2026-04-10 10:00:00,8.961,8.962,8.926,8.933,223328.87
2026-04-10 11:00:00,8.934,9.016,8.93,8.982,452984.12
2026-04-10 12:00:00,8.982,9.045,8.96,9.005,746945.07
2026-04-10 13:00:00,9.005,9.042,8.968,9.024,423648.84
2026-04-10 14:00:00,9.023,9.143,9.006,9.121,1368833.34
2026-04-10 15:00:00,9.121,9.163,9.034,9.054,981050.54
2026-04-10 16:00:00,9.055,9.117,9.019,9.11,707371.49
2026-04-10 17:00:00,9.111,9.112,9.06,9.102,274974.74
2026-04-10 18:00:00,9.102,9.138,9.081,9.13,346644.77
2026-04-10 19:00:00,9.129,9.159,9.11,9.153,306876.94
2026-04-10 20:00:00,9.153,9.173,9.107,9.153,329518.84
2026-04-10 21:00:00,9.152,9.158,9.102,9.135,272684.27
2026-04-10 22:00:00,9.134,9.139,9.066,9.087,282319.42
2026-04-10 23:00:00,9.086,9.091,9.062,9.08,209367.69
2026-04-11 00:00:00,9.081,9.09,9.053,9.06,187800.0
2026-04-11 01:00:00,9.06,9.075,9.024,9.067,296251.28
2026-04-11 02:00:00,9.067,9.095,9.053,9.074,208965.32
2026-04-11 03:00:00,9.075,9.11,9.042,9.045,266112.04
2026-04-11 04:00:00,9.046,9.074,9.038,9.045,472822.73
2026-04-11 05:00:00,9.045,9.046,8.98,8.99,413258.53
2026-04-11 06:00:00,8.99,9.002,8.968,8.999,249306.77
2026-04-11 07:00:00,8.999,9.013,8.993,9.006,140146.67
2026-04-11 08:00:00,9.006,9.019,8.992,8.994,156180.26
2026-04-11 09:00:00,8.993,9.047,8.99,9.023,296693.48
2026-04-11 10:00:00,9.023,9.029,8.992,9.001,182333.94
2026-04-11 11:00:00,9.001,9.014,8.984,9.008,149499.13
2026-04-11 12:00:00,9.008,9.025,8.99,9.005,170379.86
2026-04-11 13:00:00,9.005,9.005,8.944,8.983,436246.68
2026-04-11 14:00:00,8.982,9.0,8.963,8.984,225125.34
2026-04-11 15:00:00,8.983,9.043,8.975,9.021,331885.63
2026-04-11 16:00:00,9.021,9.12,9.016,9.089,520634.5
2026-04-11 17:00:00,9.089,9.105,9.067,9.075,286199.61
2026-04-11 18:00:00,9.075,9.232,9.055,9.199,844774.41
2026-04-11 19:00:00,9.198,9.286,9.191,9.26,689242.49
2026-04-11 20:00:00,9.261,9.27,9.158,9.185,453181.04
2026-04-11 21:00:00,9.184,9.194,9.138,9.169,349073.97
2026-04-11 22:00:00,9.168,9.215,9.116,9.133,350043.03
2026-04-11 23:00:00,9.132,9.132,9.037,9.065,496677.03
2026-04-12 00:00:00,9.066,9.068,9.031,9.059,350025.96
2026-04-12 01:00:00,9.059,9.077,8.751,8.784,1958068.21
2026-04-12 02:00:00,8.784,8.841,8.739,8.831,972338.69
2026-04-12 03:00:00,8.83,8.842,8.786,8.788,396066.05
2026-04-12 04:00:00,8.787,8.796,8.76,8.769,364576.67
2026-04-12 05:00:00,8.769,8.798,8.752,8.789,271198.04
2026-04-12 06:00:00,8.789,8.808,8.777,8.781,274600.03
2026-04-12 07:00:00,8.78,8.809,8.761,8.791,379035.59
2026-04-12 08:00:00,8.791,8.81,8.784,8.795,204783.21
2026-04-12 09:00:00,8.795,8.797,8.774,8.78,253888.48
2026-04-12 10:00:00,8.781,8.8,8.742,8.756,309879.08
2026-04-12 11:00:00,8.757,8.792,8.745,8.781,207282.83
2026-04-12 12:00:00,8.78,8.822,8.753,8.754,862279.02
2026-04-12 13:00:00,8.753,8.784,8.724,8.728,558304.79
2026-04-12 14:00:00,8.727,8.752,8.691,8.704,540934.81
2026-04-12 15:00:00,8.704,8.724,8.679,8.71,303241.0
2026-04-12 16:00:00,8.71,8.727,8.695,8.719,249513.58
2026-04-12 17:00:00,8.72,8.786,8.717,8.776,343385.74
2026-04-12 18:00:00,8.777,8.799,8.756,8.761,278705.06
2026-04-12 19:00:00,8.761,8.78,8.756,8.758,144054.75
2026-04-12 20:00:00,8.758,8.834,8.736,8.821,417546.92
2026-04-12 21:00:00,8.821,8.839,8.792,8.823,233039.82
2026-04-12 22:00:00,8.822,8.823,8.706,8.758,617728.05
2026-04-12 23:00:00,8.758,8.758,8.707,8.729,409194.46
2026-04-13 00:00:00,8.73,8.799,8.716,8.785,368111.13
2026-04-13 01:00:00,8.784,8.82,8.781,8.815,285276.45
2026-04-13 02:00:00,8.815,8.833,8.785,8.788,332267.79
2026-04-13 03:00:00,8.788,8.791,8.751,8.776,436575.39
2026-04-13 04:00:00,8.775,8.792,8.739,8.749,234954.48
2026-04-13 05:00:00,8.748,8.753,8.72,8.746,359603.05
2026-04-13 06:00:00,8.745,8.808,8.741,8.779,415176.46
2026-04-13 07:00:00,8.779,8.785,8.706,8.725,583044.98
2026-04-13 08:00:00,8.724,8.738,8.69,8.707,333251.9
2026-04-13 09:00:00,8.707,8.752,8.707,8.731,333113.82
2026-04-13 10:00:00,8.73,8.73,8.692,8.698,248695.32
2026-04-13 11:00:00,8.699,8.732,8.698,8.725,494183.22
2026-04-13 12:00:00,8.724,8.778,8.678,8.753,781829.59
2026-04-13 13:00:00,8.753,8.853,8.713,8.843,1013781.36
2026-04-13 14:00:00,8.843,8.913,8.762,8.908,1368093.34
2026-04-13 15:00:00,8.907,8.912,8.777,8.819,788708.25
2026-04-13 16:00:00,8.819,8.902,8.772,8.887,808026.63
2026-04-13 17:00:00,8.887,8.959,8.864,8.87,765628.07
2026-04-13 18:00:00,8.87,8.899,8.83,8.895,397148.67
2026-04-13 19:00:00,8.895,9.035,8.876,9.017,877699.62
2026-04-13 20:00:00,9.018,9.029,8.953,8.964,575617.94
2026-04-13 21:00:00,8.964,9.016,8.95,8.997,293418.53
2026-04-13 22:00:00,8.997,9.359,8.993,9.327,2448298.38
2026-04-13 23:00:00,9.327,9.435,9.287,9.359,1644579.52
2026-04-14 00:00:00,9.359,9.386,9.215,9.22,1270443.62
2026-04-14 01:00:00,9.22,9.262,9.175,9.239,866022.99
2026-04-14 02:00:00,9.24,9.268,9.22,9.237,349081.12
2026-04-14 03:00:00,9.238,9.238,9.205,9.214,366435.53
2026-04-14 04:00:00,9.215,9.234,9.202,9.217,805050.31
2026-04-14 05:00:00,9.217,9.22,9.13,9.145,381459.58
2026-04-14 06:00:00,9.146,9.208,9.145,9.198,291590.84
2026-04-14 07:00:00,9.199,9.244,9.178,9.213,460190.25
2026-04-14 08:00:00,9.214,9.252,9.183,9.22,382257.56
2026-04-14 09:00:00,9.221,9.234,9.194,9.212,347743.02
2026-04-14 10:00:00,9.211,9.212,9.163,9.176,257192.32
2026-04-14 11:00:00,9.175,9.2,9.158,9.171,245842.42
2026-04-14 12:00:00,9.171,9.173,9.103,9.116,669895.96
2026-04-14 13:00:00,9.117,9.237,9.112,9.235,814586.99
2026-04-14 14:00:00,9.236,9.293,9.133,9.135,1291287.22
2026-04-14 15:00:00,9.134,9.162,9.06,9.126,1135350.7
2026-04-14 16:00:00,9.125,9.175,9.036,9.065,571578.91
2026-04-14 17:00:00,9.064,9.114,9.023,9.085,491895.04
2026-04-14 18:00:00,9.085,9.112,8.941,8.97,807219.62
2026-04-14 19:00:00,8.969,9.011,8.922,8.983,585260.08
2026-04-14 20:00:00,8.983,9.017,8.963,9.0,338416.1
2026-04-14 21:00:00,9.0,9.046,8.993,9.037,257987.51
2026-04-14 22:00:00,9.037,9.052,8.974,8.992,341344.97
2026-04-14 23:00:00,8.992,9.03,8.986,9.014,255914.7
2026-04-15 00:00:00,9.014,9.075,9.011,9.048,368896.94
2026-04-15 01:00:00,9.048,9.106,9.033,9.077,335935.85
2026-04-15 02:00:00,9.077,9.094,9.021,9.055,309545.28
2026-04-15 03:00:00,9.055,9.068,9.033,9.066,176698.41
2026-04-15 04:00:00,9.067,9.094,9.053,9.083,263996.56
2026-04-15 05:00:00,9.083,9.109,9.014,9.038,321873.71
2026-04-15 06:00:00,9.037,9.04,9.015,9.028,187001.23
2026-04-15 07:00:00,9.029,9.047,8.988,9.01,414121.6
2026-04-15 08:00:00,9.011,9.09,8.999,9.067,265954.69
2026-04-15 09:00:00,9.066,9.077,9.035,9.057,238830.67
2026-04-15 10:00:00,9.058,9.108,9.034,9.056,348740.7
2026-04-15 11:00:00,9.056,9.153,9.055,9.134,427778.73
2026-04-15 12:00:00,9.133,9.18,9.111,9.159,389940.01
2026-04-15 13:00:00,9.158,9.169,9.1,9.141,560937.88
2026-04-15 14:00:00,9.141,9.207,9.123,9.203,529552.01
2026-04-15 15:00:00,9.203,9.246,9.123,9.158,811053.53
2026-04-15 16:00:00,9.158,9.22,9.148,9.2,471698.48
2026-04-15 17:00:00,9.201,9.258,9.194,9.238,528107.17
2026-04-15 18:00:00,9.238,9.282,9.225,9.279,468800.29
2026-04-15 19:00:00,9.279,9.37,9.262,9.323,988698.36
2026-04-15 20:00:00,9.323,9.329,9.253,9.278,412358.81
2026-04-15 21:00:00,9.277,9.3,9.237,9.291,340632.48
2026-04-15 22:00:00,9.29,9.353,9.267,9.273,397959.52
2026-04-15 23:00:00,9.272,9.272,9.217,9.258,389214.25
2026-04-16 00:00:00,9.259,9.268,9.207,9.26,308056.53
2026-04-16 01:00:00,9.26,9.26,9.201,9.238,183802.47
2026-04-16 02:00:00,9.237,9.331,9.237,9.277,415158.8
2026-04-16 03:00:00,9.277,9.31,9.267,9.277,290402.55
2026-04-16 04:00:00,9.277,9.344,9.264,9.296,345609.75
2026-04-16 05:00:00,9.296,9.359,9.283,9.301,486663.33
2026-04-16 06:00:00,9.302,9.311,9.261,9.289,252642.63
2026-04-16 07:00:00,9.289,9.333,9.251,9.291,789173.56
2026-04-16 08:00:00,9.291,9.316,9.265,9.278,345098.56
2026-04-16 09:00:00,9.277,9.327,9.253,9.257,400211.48
2026-04-16 10:00:00,9.257,9.266,9.207,9.245,579202.59
2026-04-16 11:00:00,9.245,9.286,9.233,9.283,216614.87
2026-04-16 12:00:00,9.282,9.36,9.281,9.325,660470.08
2026-04-16 13:00:00,9.326,9.432,9.147,9.245,1960566.0
2026-04-16 14:00:00,9.244,9.259,9.122,9.23,1270629.15
2026-04-16 15:00:00,9.229,9.464,9.216,9.453,1584683.87
2026-04-16 16:00:00,9.452,9.486,9.3,9.338,1166242.68
2026-04-16 17:00:00,9.339,9.43,9.31,9.411,646294.47
2026-04-16 18:00:00,9.411,9.61,9.371,9.583,1389553.08
2026-04-16 19:00:00,9.583,9.652,9.543,9.642,678101.73
2026-04-16 20:00:00,9.643,9.677,9.489,9.533,755668.03
2026-04-16 21:00:00,9.533,9.566,9.461,9.531,562721.77
2026-04-16 22:00:00,9.532,9.579,9.47,9.506,666721.36
2026-04-16 23:00:00,9.506,9.603,9.502,9.596,508577.11
2026-04-17 00:00:00,9.595,9.612,9.499,9.518,591322.62
2026-04-17 01:00:00,9.519,9.532,9.417,9.453,422654.32
2026-04-17 02:00:00,9.454,9.472,9.389,9.434,398381.25
2026-04-17 03:00:00,9.435,9.446,9.402,9.411,259017.37
2026-04-17 04:00:00,9.412,9.441,9.397,9.404,434548.12
2026-04-17 05:00:00,9.405,9.406,9.334,9.339,486356.39
2026-04-17 06:00:00,9.34,9.422,9.334,9.409,340967.57
2026-04-17 07:00:00,9.41,9.467,9.409,9.467,400967.09
2026-04-17 08:00:00,9.468,9.562,9.457,9.533,540766.24
2026-04-17 09:00:00,9.533,9.604,9.483,9.554,711949.77
2026-04-17 10:00:00,9.555,9.574,9.45,9.494,535739.96
2026-04-17 11:00:00,9.494,9.564,9.491,9.516,423518.65
2026-04-17 12:00:00,9.517,9.639,9.455,9.61,1210131.52
2026-04-17 13:00:00,9.611,9.802,9.585,9.785,1868065.04
2026-04-17 14:00:00,9.786,9.865,9.762,9.811,1075101.53
2026-04-17 15:00:00,9.811,9.812,9.71,9.747,598394.83
2026-04-17 16:00:00,9.747,9.829,9.739,9.819,534691.08
2026-04-17 17:00:00,9.82,9.823,9.662,9.731,826827.96
2026-04-17 18:00:00,9.73,9.743,9.626,9.65,498955.98
2026-04-17 19:00:00,9.65,9.698,9.625,9.665,301777.51
2026-04-17 20:00:00,9.666,9.687,9.597,9.646,315375.26
2026-04-17 21:00:00,9.646,9.668,9.596,9.654,316562.65
2026-04-17 22:00:00,9.654,9.706,9.631,9.66,376913.77
2026-04-17 23:00:00,9.66,9.66,9.576,9.607,395617.36
2026-04-18 00:00:00,9.607,9.633,9.574,9.614,255347.62
2026-04-18 01:00:00,9.615,9.647,9.564,9.587,291611.73
2026-04-18 02:00:00,9.587,9.622,9.555,9.607,204574.39
2026-04-18 03:00:00,9.606,9.615,9.539,9.557,280880.14
2026-04-18 04:00:00,9.557,9.584,9.542,9.565,235706.34
2026-04-18 05:00:00,9.565,9.612,9.564,9.597,195887.08
2026-04-18 06:00:00,9.598,9.626,9.577,9.61,255946.99
2026-04-18 07:00:00,9.61,9.618,9.591,9.598,204825.47
2026-04-18 08:00:00,9.599,9.6,9.442,9.493,1223482.1
2026-04-18 09:00:00,9.493,9.501,9.43,9.472,644638.36
2026-04-18 10:00:00,9.473,9.474,9.385,9.405,819657.54
2026-04-18 11:00:00,9.404,9.408,9.332,9.397,862338.01
2026-04-18 12:00:00,9.397,9.445,9.358,9.371,854956.23
2026-04-18 13:00:00,9.371,9.382,9.306,9.37,981454.53
2026-04-18 14:00:00,9.37,9.406,9.349,9.403,278134.1
2026-04-18 15:00:00,9.402,9.432,9.366,9.379,261490.8
2026-04-18 16:00:00,9.378,9.413,9.332,9.363,462323.21
2026-04-18 17:00:00,9.362,9.383,9.329,9.361,282715.44
2026-04-18 18:00:00,9.36,9.37,9.25,9.268,783106.83
2026-04-18 19:00:00,9.268,9.308,9.255,9.276,384884.76
2026-04-18 20:00:00,9.276,9.317,9.258,9.301,313968.2
2026-04-18 21:00:00,9.302,9.321,9.291,9.32,192573.35
2026-04-18 22:00:00,9.319,9.321,9.28,9.315,190419.83
2026-04-18 23:00:00,9.316,9.342,9.275,9.277,225664.67
2026-04-19 00:00:00,9.277,9.291,9.204,9.242,851038.49
2026-04-19 01:00:00,9.242,9.255,9.19,9.225,368703.69
2026-04-19 02:00:00,9.224,9.228,9.157,9.191,572604.18
2026-04-19 03:00:00,9.191,9.253,9.158,9.22,351576.11
2026-04-19 04:00:00,9.221,9.283,9.177,9.22,615801.59
2026-04-19 05:00:00,9.22,9.246,9.194,9.201,199962.36
2026-04-19 06:00:00,9.202,9.216,9.141,9.202,437136.82
2026-04-19 07:00:00,9.202,9.202,9.095,9.17,735700.48
2026-04-19 08:00:00,9.17,9.181,9.147,9.164,249578.66
2026-04-19 09:00:00,9.164,9.172,9.112,9.121,280189.0
2026-04-19 10:00:00,9.12,9.154,9.103,9.142,298971.88
2026-04-19 11:00:00,9.143,9.22,9.138,9.212,349531.83
2026-04-19 12:00:00,9.213,9.263,9.207,9.242,373360.58
2026-04-19 13:00:00,9.242,9.37,9.238,9.296,848991.64
2026-04-19 14:00:00,9.295,9.344,9.253,9.308,344581.76
2026-04-19 15:00:00,9.307,9.31,9.194,9.281,530481.13
2026-04-19 16:00:00,9.282,9.292,9.197,9.221,332051.13
2026-04-19 17:00:00,9.221,9.225,9.124,9.131,700295.46
2026-04-19 18:00:00,9.132,9.154,9.104,9.134,578808.31
2026-04-19 19:00:00,9.135,9.204,9.135,9.177,308441.82
2026-04-19 20:00:00,9.177,9.177,9.104,9.124,294548.03
2026-04-19 21:00:00,9.124,9.148,9.079,9.092,287271.87
2026-04-19 22:00:00,9.092,9.092,8.993,9.071,1201382.36
2026-04-19 23:00:00,9.071,9.076,9.017,9.058,368096.89
2026-04-20 00:00:00,9.059,9.139,9.045,9.121,603339.25
2026-04-20 01:00:00,9.121,9.179,9.116,9.161,308192.75
2026-04-20 02:00:00,9.161,9.167,9.116,9.146,255463.51
2026-04-20 03:00:00,9.146,9.202,9.139,9.188,315878.72
2026-04-20 04:00:00,9.188,9.191,9.158,9.183,204320.13
2026-04-20 05:00:00,9.183,9.183,9.093,9.12,325206.64
2026-04-20 06:00:00,9.12,9.229,9.117,9.204,419417.21
2026-04-20 07:00:00,9.205,9.359,9.192,9.242,1264572.49
2026-04-20 08:00:00,9.243,9.246,9.158,9.166,468278.42
2026-04-20 09:00:00,9.165,9.274,9.147,9.263,1003851.27
2026-04-20 10:00:00,9.263,9.314,9.201,9.213,1304672.6
2026-04-20 11:00:00,9.213,9.227,9.189,9.208,260312.4
2026-04-20 12:00:00,9.208,9.277,9.192,9.25,274601.26
2026-04-20 13:00:00,9.25,9.276,9.203,9.241,414606.46
2026-04-20 14:00:00,9.241,9.293,9.159,9.194,769150.99
2026-04-20 15:00:00,9.193,9.271,9.131,9.261,688459.7
2026-04-20 16:00:00,9.262,9.265,9.205,9.212,507617.43
2026-04-20 17:00:00,9.213,9.307,9.202,9.28,401311.07
2026-04-20 18:00:00,9.28,9.358,9.28,9.33,719242.2
2026-04-20 19:00:00,9.33,9.344,9.301,9.318,224102.03
2026-04-20 20:00:00,9.318,9.369,9.3,9.358,428144.48
2026-04-20 21:00:00,9.358,9.402,9.301,9.332,470830.02
2026-04-20 22:00:00,9.333,9.373,9.296,9.308,293604.33
2026-04-20 23:00:00,9.307,9.307,9.257,9.282,346688.03
2026-04-21 00:00:00,9.281,9.332,9.273,9.314,287301.96
2026-04-21 01:00:00,9.314,9.352,9.299,9.305,239000.4
2026-04-21 02:00:00,9.305,9.309,9.276,9.277,317293.35
2026-04-21 03:00:00,9.276,9.299,9.232,9.283,252495.35
2026-04-21 04:00:00,9.283,9.323,9.268,9.32,293001.72
2026-04-21 05:00:00,9.32,9.374,9.319,9.346,408275.33
2026-04-21 06:00:00,9.346,9.386,9.312,9.333,230635.08
2026-04-21 07:00:00,9.333,9.39,9.31,9.36,273854.71
2026-04-21 08:00:00,9.359,9.44,9.343,9.381,374105.31
2026-04-21 09:00:00,9.381,9.426,9.366,9.415,289982.26
2026-04-21 10:00:00,9.416,9.487,9.415,9.464,353546.41
2026-04-21 11:00:00,9.465,9.466,9.367,9.409,895320.18
2026-04-21 12:00:00,9.409,9.455,9.327,9.392,1268957.32
2026-04-21 13:00:00,9.392,9.424,9.362,9.385,425592.17
2026-04-21 14:00:00,9.385,9.475,9.348,9.371,597094.37
2026-04-21 15:00:00,9.37,9.427,9.341,9.413,506357.92
2026-04-21 16:00:00,9.414,9.438,9.354,9.361,469321.6
2026-04-21 17:00:00,9.36,9.391,9.263,9.341,1041389.83
2026-04-21 18:00:00,9.341,9.35,9.281,9.333,366170.23
2026-04-21 19:00:00,9.333,9.39,9.233,9.263,484096.54
2026-04-21 20:00:00,9.264,9.407,9.257,9.358,618906.51
2026-04-21 21:00:00,9.358,9.369,9.331,9.34,179696.0
2026-04-21 22:00:00,9.339,9.352,9.285,9.295,275403.67
2026-04-21 23:00:00,9.296,9.412,9.292,9.392,564367.32
2026-04-22 00:00:00,9.392,9.423,9.389,9.412,301261.99
2026-04-22 01:00:00,9.411,9.418,9.372,9.395,246000.15
2026-04-22 02:00:00,9.395,9.525,9.38,9.508,945146.15
2026-04-22 03:00:00,9.509,9.519,9.453,9.503,461351.19
2026-04-22 04:00:00,9.503,9.514,9.469,9.481,293296.75
2026-04-22 05:00:00,9.481,9.556,9.474,9.521,1343484.85
2026-04-22 06:00:00,9.52,9.529,9.485,9.507,321856.34
2026-04-22 07:00:00,9.508,9.529,9.481,9.496,318573.56
2026-04-22 08:00:00,9.496,9.518,9.469,9.503,317301.7
2026-04-22 09:00:00,9.504,9.545,9.497,9.509,398030.71
2026-04-22 10:00:00,9.51,9.525,9.501,9.508,187168.3
2026-04-22 11:00:00,9.509,9.53,9.498,9.521,208860.89
2026-04-22 12:00:00,9.522,9.539,9.494,9.511,413582.56
2026-04-22 13:00:00,9.51,9.548,9.492,9.521,668625.52
2026-04-22 14:00:00,9.522,9.54,9.455,9.504,600394.09
2026-04-22 15:00:00,9.503,9.508,9.461,9.484,502979.87
2026-04-22 16:00:00,9.485,9.504,9.421,9.433,594623.17
2026-04-22 17:00:00,9.432,9.473,9.428,9.46,397852.92
2026-04-22 18:00:00,9.46,9.483,9.44,9.441,242422.83
2026-04-22 19:00:00,9.442,9.442,9.372,9.411,499243.06
2026-04-22 20:00:00,9.411,9.415,9.366,9.369,451149.09
2026-04-22 21:00:00,9.369,9.414,9.364,9.409,252478.24
2026-04-22 22:00:00,9.409,9.415,9.354,9.368,262796.07
2026-04-22 23:00:00,9.367,9.371,9.268,9.284,595653.85
2026-04-23 00:00:00,9.285,9.31,9.171,9.287,1058359.17
2026-04-23 01:00:00,9.287,9.287,9.214,9.242,424599.53
2026-04-23 02:00:00,9.242,9.242,9.161,9.194,461096.33
2026-04-23 03:00:00,9.194,9.209,9.139,9.172,436706.81
2026-04-23 04:00:00,9.173,9.2,9.159,9.199,451238.89
2026-04-23 05:00:00,9.2,9.222,9.183,9.217,295188.46
2026-04-23 06:00:00,9.217,9.261,9.217,9.247,291547.3
2026-04-23 07:00:00,9.248,9.26,9.223,9.232,300026.62
2026-04-23 08:00:00,9.231,9.236,9.201,9.224,240572.1
2026-04-23 09:00:00,9.224,9.224,9.161,9.187,472115.3
2026-04-23 10:00:00,9.187,9.213,9.158,9.175,948570.44
2026-04-23 11:00:00,9.176,9.273,9.176,9.258,602791.91
2026-04-23 12:00:00,9.257,9.289,9.24,9.263,736993.66
2026-04-23 13:00:00,9.264,9.281,9.237,9.255,285482.58
2026-04-23 14:00:00,9.255,9.335,9.24,9.33,394907.55
2026-04-23 15:00:00,9.33,9.385,9.301,9.345,582753.36
2026-04-23 16:00:00,9.346,9.356,9.288,9.296,308011.71
2026-04-23 17:00:00,9.296,9.304,9.145,9.232,972108.25
2026-04-23 18:00:00,9.231,9.266,9.21,9.215,364902.45
2026-04-23 19:00:00,9.215,9.293,9.2,9.267,442077.9
2026-04-23 20:00:00,9.267,9.317,9.265,9.289,432367.95
2026-04-23 21:00:00,9.289,9.33,9.278,9.299,211791.17
2026-04-23 22:00:00,9.298,9.343,9.298,9.319,211415.55
2026-04-23 23:00:00,9.318,9.356,9.291,9.344,359049.93
2026-04-24 00:00:00,9.345,9.383,9.345,9.374,307369.06
2026-04-24 01:00:00,9.374,9.391,9.327,9.383,493722.26
2026-04-24 02:00:00,9.383,9.387,9.317,9.334,325192.36
2026-04-24 03:00:00,9.333,9.335,9.25,9.289,391834.7
2026-04-24 04:00:00,9.289,9.293,9.24,9.256,335292.93
2026-04-24 05:00:00,9.255,9.303,9.24,9.286,376268.8
2026-04-24 06:00:00,9.287,9.301,9.268,9.289,310982.6
2026-04-24 07:00:00,9.288,9.312,9.27,9.286,229834.08
2026-04-24 08:00:00,9.287,9.318,9.27,9.29,294720.27
2026-04-24 09:00:00,9.29,9.292,9.244,9.263,328486.3
2026-04-24 10:00:00,9.263,9.315,9.246,9.296,262639.32
2026-04-24 11:00:00,9.296,9.379,9.296,9.351,657673.33
2026-04-24 12:00:00,9.35,9.386,9.324,9.351,342343.53
2026-04-24 13:00:00,9.352,9.39,9.317,9.333,452883.66
2026-04-24 14:00:00,9.333,9.365,9.296,9.347,489860.28
2026-04-24 15:00:00,9.347,9.376,9.288,9.366,452435.41
2026-04-24 16:00:00,9.365,9.369,9.322,9.366,483951.94
2026-04-24 17:00:00,9.365,9.394,9.337,9.382,448565.99
2026-04-24 18:00:00,9.382,9.399,9.35,9.392,281409.19
2026-04-24 19:00:00,9.392,9.432,9.38,9.403,295601.41
2026-04-24 20:00:00,9.402,9.437,9.367,9.428,393722.56
2026-04-24 21:00:00,9.427,9.442,9.383,9.391,311773.61
2026-04-24 22:00:00,9.392,9.397,9.351,9.362,200982.39
2026-04-24 23:00:00,9.363,9.381,9.356,9.371,112980.68
2026-04-25 00:00:00,9.37,9.387,9.339,9.379,269774.95
2026-04-25 01:00:00,9.379,9.427,9.378,9.412,200047.46
2026-04-25 02:00:00,9.413,9.423,9.398,9.41,146886.92
2026-04-25 03:00:00,9.411,9.426,9.392,9.42,183786.35
2026-04-25 04:00:00,9.42,9.43,9.404,9.414,91097.51
2026-04-25 05:00:00,9.413,9.427,9.389,9.415,124315.82
2026-04-25 06:00:00,9.416,9.443,9.413,9.416,271611.25
2026-04-25 07:00:00,9.416,9.418,9.393,9.397,191975.66
2026-04-25 08:00:00,9.396,9.415,9.391,9.405,132416.95
2026-04-25 09:00:00,9.406,9.435,9.391,9.419,226174.2
2026-04-25 10:00:00,9.418,9.434,9.417,9.425,170867.8
2026-04-25 11:00:00,9.426,9.426,9.366,9.386,279740.34
2026-04-25 12:00:00,9.386,9.396,9.365,9.384,233945.82
2026-04-25 13:00:00,9.385,9.415,9.385,9.4,168926.94
2026-04-25 14:00:00,9.399,9.409,9.372,9.372,203709.33
2026-04-25 15:00:00,9.372,9.385,9.325,9.341,379807.87
2026-04-25 16:00:00,9.34,9.359,9.289,9.323,526220.06
2026-04-25 17:00:00,9.322,9.336,9.293,9.303,383311.87
2026-04-25 18:00:00,9.302,9.316,9.282,9.301,350699.52
2026-04-25 19:00:00,9.3,9.307,9.285,9.3,121477.68
2026-04-25 20:00:00,9.301,9.321,9.286,9.318,172767.03
2026-04-25 21:00:00,9.319,9.337,9.316,9.32,178320.97
2026-04-25 22:00:00,9.319,9.357,9.315,9.336,139604.27
2026-04-25 23:00:00,9.337,9.348,9.326,9.342,180135.06
2026-04-26 00:00:00,9.342,9.342,9.303,9.306,199562.36
2026-04-26 01:00:00,9.307,9.321,9.294,9.296,177209.03
2026-04-26 02:00:00,9.296,9.329,9.296,9.319,160106.0
2026-04-26 03:00:00,9.319,9.338,9.294,9.316,191110.92
2026-04-26 04:00:00,9.316,9.374,9.308,9.352,252677.48
2026-04-26 05:00:00,9.351,9.412,9.346,9.381,388766.09
2026-04-26 06:00:00,9.382,9.41,9.382,9.398,226532.43
2026-04-26 07:00:00,9.399,9.419,9.385,9.417,194132.07
2026-04-26 08:00:00,9.418,9.447,9.4,9.424,389517.87
2026-04-26 09:00:00,9.424,9.442,9.416,9.429,220905.92
2026-04-26 10:00:00,9.43,9.442,9.418,9.439,226024.73
2026-04-26 11:00:00,9.44,9.485,9.432,9.464,401570.28
2026-04-26 12:00:00,9.463,9.476,9.415,9.442,397268.76
2026-04-26 13:00:00,9.443,9.452,9.413,9.427,194577.03
2026-04-26 14:00:00,9.426,9.498,9.416,9.481,498713.48
2026-04-26 15:00:00,9.482,9.495,9.469,9.487,334946.87
2026-04-26 16:00:00,9.488,9.495,9.441,9.443,245912.08
2026-04-26 17:00:00,9.442,9.465,9.425,9.449,231402.11
2026-04-26 18:00:00,9.448,9.507,9.437,9.488,346160.46
2026-04-26 19:00:00,9.488,9.535,9.469,9.477,366564.48
2026-04-26 20:00:00,9.478,9.487,9.45,9.45,241415.02
2026-04-26 21:00:00,9.451,9.487,9.405,9.473,377923.24
2026-04-26 22:00:00,9.473,9.517,9.422,9.459,306777.55
2026-04-26 23:00:00,9.459,9.518,9.445,9.479,233116.04
2026-04-27 00:00:00,9.48,9.54,9.434,9.536,449827.4
2026-04-27 01:00:00,9.537,9.58,9.488,9.57,853978.4
2026-04-27 02:00:00,9.57,9.579,9.527,9.547,204833.81
2026-04-27 03:00:00,9.547,9.588,9.538,9.54,307609.48
2026-04-27 04:00:00,9.54,9.559,9.517,9.53,275841.46
2026-04-27 05:00:00,9.53,9.533,9.329,9.349,1425096.77
2026-04-27 06:00:00,9.348,9.376,9.292,9.329,699498.99
2026-04-27 07:00:00,9.328,9.334,9.3,9.302,249528.44
2026-04-27 08:00:00,9.302,9.334,9.296,9.328,253446.75
2026-04-27 09:00:00,9.327,9.352,9.315,9.337,318244.94
2026-04-27 10:00:00,9.337,9.344,9.318,9.318,153703.57
2026-04-27 11:00:00,9.318,9.338,9.299,9.329,252485.72
2026-04-27 12:00:00,9.329,9.331,9.296,9.302,269144.0
2026-04-27 13:00:00,9.301,9.317,9.255,9.287,516101.56
2026-04-27 14:00:00,9.286,9.369,9.279,9.321,630334.08
2026-04-27 15:00:00,9.321,9.321,9.146,9.178,1600706.14
2026-04-27 16:00:00,9.178,9.206,9.155,9.199,483402.74
2026-04-27 17:00:00,9.199,9.245,9.196,9.214,381932.76
2026-04-27 18:00:00,9.213,9.246,9.206,9.232,310484.46
2026-04-27 19:00:00,9.231,9.242,9.182,9.216,195686.85
2026-04-27 20:00:00,9.215,9.23,9.205,9.214,176238.99
2026-04-27 21:00:00,9.214,9.249,9.205,9.214,174356.87
2026-04-27 22:00:00,9.214,9.265,9.208,9.258,210825.83
2026-04-27 23:00:00,9.259,9.329,9.252,9.316,344512.99
2026-04-28 00:00:00,9.317,9.325,9.292,9.309,257345.55
2026-04-28 01:00:00,9.308,9.321,9.294,9.3,184210.78
2026-04-28 02:00:00,9.3,9.312,9.241,9.265,353733.46
2026-04-28 03:00:00,9.264,9.284,9.251,9.281,231472.87
2026-04-28 04:00:00,9.28,9.306,9.259,9.269,214097.02
2026-04-28 05:00:00,9.269,9.313,9.268,9.282,266612.76
2026-04-28 06:00:00,9.282,9.295,9.213,9.238,384597.18
2026-04-28 07:00:00,9.238,9.254,9.202,9.252,282947.34
2026-04-28 08:00:00,9.251,9.274,9.232,9.251,187447.6
2026-04-28 09:00:00,9.251,9.254,9.208,9.223,178745.17
2026-04-28 10:00:00,9.224,9.246,9.218,9.234,169276.76
2026-04-28 11:00:00,9.235,9.241,9.177,9.196,351256.87
2026-04-28 12:00:00,9.197,9.229,9.182,9.224,447172.17
2026-04-28 13:00:00,9.224,9.243,9.157,9.205,611653.55
2026-04-28 14:00:00,9.205,9.205,9.14,9.195,713782.38
2026-04-28 15:00:00,9.196,9.22,9.178,9.219,273252.07
2026-04-28 16:00:00,9.219,9.234,9.186,9.225,268330.08
2026-04-28 17:00:00,9.224,9.246,9.19,9.224,239966.37
2026-04-28 18:00:00,9.224,9.256,9.221,9.251,358175.48
2026-04-28 19:00:00,9.251,9.279,9.225,9.275,185296.33
2026-04-28 20:00:00,9.275,9.287,9.253,9.253,198099.63
2026-04-28 21:00:00,9.253,9.274,9.232,9.249,184115.75
2026-04-28 22:00:00,9.249,9.273,9.223,9.234,142324.25
2026-04-28 23:00:00,9.235,9.24,9.218,9.237,106085.83
2026-04-29 00:00:00,9.237,9.256,9.225,9.246,163573.28
2026-04-29 01:00:00,9.246,9.262,9.207,9.245,359576.43
2026-04-29 02:00:00,9.246,9.265,9.223,9.243,125568.09
2026-04-29 03:00:00,9.244,9.317,9.244,9.304,415515.83
2026-04-29 04:00:00,9.304,9.397,9.296,9.365,683131.3
2026-04-29 05:00:00,9.365,9.379,9.344,9.36,297994.82
2026-04-29 06:00:00,9.36,9.379,9.306,9.319,284898.46
2026-04-29 07:00:00,9.319,9.34,9.302,9.314,228603.21
2026-04-29 08:00:00,9.313,9.319,9.268,9.274,286115.39
2026-04-29 09:00:00,9.274,9.388,9.258,9.378,503618.51
2026-04-29 10:00:00,9.379,9.414,9.352,9.375,592750.26
2026-04-29 11:00:00,9.374,9.379,9.341,9.355,243058.16
2026-04-29 12:00:00,9.354,9.358,9.234,9.271,843085.56
2026-04-29 13:00:00,9.271,9.282,9.178,9.229,749401.27
2026-04-29 14:00:00,9.229,9.242,9.187,9.194,384522.54
2026-04-29 15:00:00,9.195,9.203,9.071,9.091,1400238.53
2026-04-29 16:00:00,9.09,9.125,9.052,9.081,714836.46
2026-04-29 17:00:00,9.081,9.149,9.081,9.147,439146.91
2026-04-29 18:00:00,9.147,9.158,8.904,9.032,2701724.2
2026-04-29 19:00:00,9.032,9.035,8.974,9.009,394242.72
2026-04-29 20:00:00,9.009,9.077,9.004,9.056,647082.47
2026-04-29 21:00:00,9.056,9.12,9.043,9.093,338977.66
2026-04-29 22:00:00,9.093,9.121,9.082,9.112,175930.6
2026-04-29 23:00:00,9.111,9.133,9.095,9.107,187229.64
2026-04-30 00:00:00,9.107,9.18,9.085,9.166,425988.81
2026-04-30 01:00:00,9.166,9.185,9.14,9.159,274054.83
2026-04-30 02:00:00,9.159,9.176,9.053,9.086,482942.15
2026-04-30 03:00:00,9.085,9.115,9.069,9.102,191109.83
2026-04-30 04:00:00,9.102,9.102,9.03,9.037,314061.75
2026-04-30 05:00:00,9.037,9.091,9.014,9.061,265389.46
2026-04-30 06:00:00,9.061,9.098,9.053,9.079,185629.17
2026-04-30 07:00:00,9.078,9.126,9.072,9.124,207565.46
2026-04-30 08:00:00,9.123,9.135,9.101,9.109,355228.8
2026-04-30 09:00:00,9.108,9.163,9.099,9.119,236979.52
2026-04-30 10:00:00,9.12,9.126,9.089,9.11,223533.31
2026-04-30 11:00:00,9.11,9.155,9.096,9.122,323068.44
2026-04-30 12:00:00,9.122,9.172,9.119,9.134,367050.3
2026-04-30 13:00:00,9.133,9.163,9.102,9.129,329902.05
2026-04-30 14:00:00,9.129,9.156,9.078,9.121,437594.49
2026-04-30 15:00:00,9.12,9.164,9.098,9.133,358951.92
2026-04-30 16:00:00,9.133,9.144,9.092,9.103,204544.65
2026-04-30 17:00:00,9.103,9.12,9.083,9.11,174476.93
2026-04-30 18:00:00,9.11,9.142,9.104,9.123,345949.49
2026-04-30 19:00:00,9.123,9.151,9.117,9.128,177891.94
2026-04-30 20:00:00,9.128,9.145,9.12,9.126,118955.5
2026-04-30 21:00:00,9.126,9.132,9.091,9.093,181361.71
2026-04-30 22:00:00,9.092,9.114,9.079,9.088,162598.86
2026-04-30 23:00:00,9.088,9.114,9.081,9.1,129790.24
2026-05-01 00:00:00,9.101,9.127,9.098,9.104,237930.26
2026-05-01 01:00:00,9.104,9.136,9.102,9.129,153055.45
2026-05-01 02:00:00,9.129,9.137,9.099,9.114,132210.01
2026-05-01 03:00:00,9.113,9.207,9.106,9.163,677027.73
2026-05-01 04:00:00,9.164,9.178,9.142,9.152,205915.4
2026-05-01 05:00:00,9.152,9.176,9.144,9.16,190757.54
2026-05-01 06:00:00,9.16,9.175,9.126,9.142,225091.54
2026-05-01 07:00:00,9.142,9.153,9.125,9.148,232595.72
2026-05-01 08:00:00,9.148,9.187,9.142,9.176,219997.02
2026-05-01 09:00:00,9.176,9.18,9.125,9.144,364530.62
2026-05-01 10:00:00,9.143,9.148,9.11,9.135,217920.54
2026-05-01 11:00:00,9.135,9.164,9.124,9.143,198621.61
2026-05-01 12:00:00,9.143,9.234,9.134,9.199,742326.97
2026-05-01 13:00:00,9.2,9.276,9.199,9.255,813626.42
2026-05-01 14:00:00,9.256,9.273,9.196,9.238,568330.74
2026-05-01 15:00:00,9.237,9.259,9.185,9.223,489224.1
2026-05-01 16:00:00,9.224,9.25,9.176,9.2,503494.57
2026-05-01 17:00:00,9.199,9.221,9.177,9.216,224325.11
2026-05-01 18:00:00,9.216,9.217,9.187,9.19,160524.0
2026-05-01 19:00:00,9.19,9.202,9.16,9.17,267891.74
2026-05-01 20:00:00,9.17,9.175,9.067,9.094,650587.84
2026-05-01 21:00:00,9.094,9.122,9.083,9.105,275734.1
2026-05-01 22:00:00,9.104,9.13,9.076,9.084,213726.84
2026-05-01 23:00:00,9.083,9.092,9.061,9.09,243591.02
2026-05-02 00:00:00,9.09,9.108,9.077,9.1,289024.68
2026-05-02 01:00:00,9.099,9.123,9.092,9.108,194751.92
2026-05-02 02:00:00,9.109,9.131,9.091,9.109,175085.43
2026-05-02 03:00:00,9.109,9.127,9.095,9.112,168264.29
2026-05-02 04:00:00,9.112,9.114,9.08,9.091,190260.85
2026-05-02 05:00:00,9.091,9.094,9.06,9.075,260093.22
2026-05-02 06:00:00,9.074,9.107,9.069,9.103,200805.39
2026-05-02 07:00:00,9.102,9.106,9.073,9.08,118835.02
2026-05-02 08:00:00,9.079,9.086,9.067,9.081,167074.59
2026-05-02 09:00:00,9.08,9.098,9.074,9.093,181102.58
2026-05-02 10:00:00,9.094,9.095,9.079,9.083,103834.98
2026-05-02 11:00:00,9.083,9.088,9.068,9.071,129739.66
2026-05-02 12:00:00,9.071,9.088,9.069,9.076,144580.49
2026-05-02 13:00:00,9.075,9.11,9.075,9.108,200316.22
2026-05-02 14:00:00,9.107,9.132,9.097,9.126,273312.02
2026-05-02 15:00:00,9.126,9.2,9.105,9.158,1264856.06
2026-05-02 16:00:00,9.158,9.174,9.144,9.158,282711.53
2026-05-02 17:00:00,9.158,9.163,9.125,9.131,211038.39
2026-05-02 18:00:00,9.131,9.159,9.113,9.146,186696.94
2026-05-02 19:00:00,9.145,9.168,9.142,9.164,127545.26
2026-05-02 20:00:00,9.163,9.174,9.158,9.165,84501.39
2026-05-02 21:00:00,9.165,9.254,9.158,9.207,483529.34
2026-05-02 22:00:00,9.207,9.222,9.185,9.203,244139.56
2026-05-02 23:00:00,9.203,9.203,9.168,9.174,177366.33
2026-05-03 00:00:00,9.174,9.182,9.124,9.141,388772.59
2026-05-03 01:00:00,9.14,9.141,9.086,9.091,393238.16
2026-05-03 02:00:00,9.09,9.095,9.072,9.089,265123.42
2026-05-03 03:00:00,9.089,9.094,9.072,9.087,206187.37
2026-05-03 04:00:00,9.088,9.099,9.077,9.088,258670.48
2026-05-03 05:00:00,9.088,9.102,9.072,9.086,376519.93
2026-05-03 06:00:00,9.086,9.101,9.063,9.084,367034.81
2026-05-03 07:00:00,9.084,9.129,9.082,9.112,330524.19
2026-05-03 08:00:00,9.111,9.13,9.102,9.108,187733.94
2026-05-03 09:00:00,9.108,9.149,9.102,9.145,280334.44
2026-05-03 10:00:00,9.145,9.15,9.12,9.122,204296.94
2026-05-03 11:00:00,9.122,9.198,9.11,9.171,484398.02
2026-05-03 12:00:00,9.171,9.207,9.171,9.177,328891.97
2026-05-03 13:00:00,9.177,9.179,9.141,9.149,292126.9
2026-05-03 14:00:00,9.149,9.161,9.118,9.158,648824.91
2026-05-03 15:00:00,9.157,9.194,9.14,9.15,650996.37
2026-05-03 16:00:00,9.15,9.172,9.131,9.153,141703.7
2026-05-03 17:00:00,9.153,9.168,9.128,9.149,122352.03
2026-05-03 18:00:00,9.149,9.162,9.138,9.148,181094.72
2026-05-03 19:00:00,9.148,9.172,9.14,9.155,179425.68
2026-05-03 20:00:00,9.155,9.199,9.144,9.154,336243.82
2026-05-03 21:00:00,9.154,9.17,9.105,9.134,337001.38
2026-05-03 22:00:00,9.134,9.222,9.133,9.184,649381.04
2026-05-03 23:00:00,9.184,9.2,9.116,9.122,385096.76
2026-05-04 00:00:00,9.122,9.147,9.083,9.131,756615.9
2026-05-04 01:00:00,9.131,9.267,9.106,9.247,1050555.14
2026-05-04 02:00:00,9.248,9.354,9.23,9.316,1053683.71
2026-05-04 03:00:00,9.317,9.351,9.299,9.346,584726.62
2026-05-04 04:00:00,9.346,9.401,9.34,9.364,537721.89
2026-05-04 05:00:00,9.364,9.369,9.316,9.336,413504.22
2026-05-04 06:00:00,9.336,9.34,9.253,9.3,553916.92
2026-05-04 07:00:00,9.3,9.333,9.291,9.316,321695.21
2026-05-04 08:00:00,9.317,9.442,9.305,9.395,1535541.35
2026-05-04 09:00:00,9.396,9.653,9.367,9.518,3108003.27
2026-05-04 10:00:00,9.519,9.532,9.283,9.418,2995351.25
2026-05-04 11:00:00,9.418,9.448,9.367,9.422,607545.63
2026-05-04 12:00:00,9.421,9.464,9.4,9.405,389733.27
2026-05-04 13:00:00,9.405,9.453,9.339,9.411,773453.55
2026-05-04 14:00:00,9.412,9.537,9.356,9.509,730299.39
2026-05-04 15:00:00,9.51,9.54,9.357,9.412,899522.34
2026-05-04 16:00:00,9.413,9.445,9.337,9.386,669902.05
2026-05-04 17:00:00,9.387,9.509,9.387,9.465,468274.94
2026-05-04 18:00:00,9.466,9.486,9.4,9.426,372387.15
2026-05-04 19:00:00,9.427,9.441,9.373,9.391,341116.86
2026-05-04 20:00:00,9.391,9.391,9.314,9.338,357614.92
2026-05-04 21:00:00,9.339,9.418,9.333,9.4,245092.86
2026-05-04 22:00:00,9.399,9.418,9.36,9.366,223256.25
2026-05-04 23:00:00,9.365,9.37,9.334,9.355,203699.64
2026-05-05 00:00:00,9.354,9.402,9.349,9.387,330966.82
2026-05-05 01:00:00,9.388,9.431,9.373,9.419,329611.78
2026-05-05 02:00:00,9.419,9.521,9.401,9.473,644786.35
2026-05-05 03:00:00,9.473,9.544,9.462,9.503,346405.62
2026-05-05 04:00:00,9.502,9.545,9.491,9.531,272249.36
2026-05-05 05:00:00,9.531,9.596,9.518,9.544,560009.73
2026-05-05 06:00:00,9.544,9.557,9.494,9.543,296150.53
2026-05-05 07:00:00,9.543,9.628,9.521,9.599,572762.41
2026-05-05 08:00:00,9.599,9.615,9.555,9.563,505994.22
2026-05-05 09:00:00,9.563,9.615,9.506,9.608,1056911.85
2026-05-05 10:00:00,9.609,9.699,9.557,9.696,1425256.98
2026-05-05 11:00:00,9.696,9.734,9.646,9.731,440307.29
2026-05-05 12:00:00,9.731,9.808,9.73,9.771,1013840.54
2026-05-05 13:00:00,9.77,9.792,9.677,9.694,874704.8
2026-05-05 14:00:00,9.693,9.717,9.632,9.679,922656.7
2026-05-05 15:00:00,9.678,9.735,9.672,9.72,359212.98
2026-05-05 16:00:00,9.72,9.737,9.665,9.704,455498.04
2026-05-05 17:00:00,9.704,9.706,9.663,9.692,209796.2
2026-05-05 18:00:00,9.692,9.723,9.685,9.693,181017.1
2026-05-05 19:00:00,9.692,9.739,9.692,9.724,196637.21
2026-05-05 20:00:00,9.723,9.8,9.72,9.791,600338.24
2026-05-05 21:00:00,9.792,9.836,9.768,9.808,425257.96
2026-05-05 22:00:00,9.808,9.844,9.739,9.789,559242.83
2026-05-05 23:00:00,9.788,9.808,9.734,9.763,360670.78
2026-05-06 00:00:00,9.763,9.822,9.757,9.811,596586.85
2026-05-06 01:00:00,9.81,9.85,9.802,9.831,434620.19
2026-05-06 02:00:00,9.831,9.832,9.755,9.808,366061.51
2026-05-06 03:00:00,9.807,9.869,9.803,9.854,522605.35
2026-05-06 04:00:00,9.854,9.894,9.8,9.826,600044.38
2026-05-06 05:00:00,9.825,9.861,9.783,9.854,394198.34
2026-05-06 06:00:00,9.853,9.885,9.813,9.879,394571.02
2026-05-06 07:00:00,9.878,9.918,9.86,9.87,706032.36
2026-05-06 08:00:00,9.87,10.086,9.861,10.083,1421012.32
2026-05-06 09:00:00,10.083,10.191,10.053,10.162,2443412.11
2026-05-06 10:00:00,10.163,10.196,10.118,10.156,709821.86
2026-05-06 11:00:00,10.155,10.247,10.148,10.179,738284.79
2026-05-06 12:00:00,10.178,10.206,10.113,10.165,681105.05
2026-05-06 13:00:00,10.166,10.166,9.945,9.963,1479636.39
2026-05-06 14:00:00,9.963,10.028,9.874,9.967,1259851.06
2026-05-06 15:00:00,9.968,10.048,9.948,10.03,550529.35
2026-05-06 16:00:00,10.029,10.075,9.967,10.01,568683.44
2026-05-06 17:00:00,10.01,10.024,9.963,9.98,238209.42
2026-05-06 18:00:00,9.98,9.997,9.938,9.958,330054.57
2026-05-06 19:00:00,9.957,10.024,9.944,10.014,280854.69
2026-05-06 20:00:00,10.014,10.046,9.972,10.009,234624.89
2026-05-06 21:00:00,10.01,10.058,9.961,10.043,238638.15
2026-05-06 22:00:00,10.044,10.047,9.96,9.987,250761.72
2026-05-06 23:00:00,9.986,10.006,9.936,9.993,401235.37
2026-05-07 00:00:00,9.994,10.007,9.91,9.931,543619.99
2026-05-07 01:00:00,9.931,9.948,9.851,9.9,541454.34
2026-05-07 02:00:00,9.9,9.915,9.845,9.896,379281.67
2026-05-07 03:00:00,9.895,9.911,9.861,9.863,279525.7
2026-05-07 04:00:00,9.863,9.949,9.855,9.947,402074.17
2026-05-07 05:00:00,9.947,10.026,9.946,10.002,593194.14
2026-05-07 06:00:00,10.002,10.058,9.936,10.057,408745.42
2026-05-07 07:00:00,10.058,10.129,10.048,10.112,504290.67
2026-05-07 08:00:00,10.113,10.118,10.046,10.05,517872.8
2026-05-07 09:00:00,10.05,10.056,9.972,10.001,620592.33
2026-05-07 10:00:00,10.001,10.024,9.946,9.992,419136.67
2026-05-07 11:00:00,9.993,10.042,9.982,10.02,297477.1
2026-05-07 12:00:00,10.02,10.073,10.012,10.062,362483.02
2026-05-07 13:00:00,10.062,10.062,9.908,9.948,688599.51
2026-05-07 14:00:00,9.948,9.968,9.794,9.869,1250119.32
2026-05-07 15:00:00,9.869,9.897,9.8,9.862,630274.61
2026-05-07 16:00:00,9.863,9.937,9.844,9.866,499136.16
2026-05-07 17:00:00,9.866,9.92,9.802,9.909,562204.09
2026-05-07 18:00:00,9.909,9.947,9.873,9.912,308548.72
2026-05-07 19:00:00,9.912,9.932,9.867,9.89,291412.35
2026-05-07 20:00:00,9.891,9.946,9.819,9.823,353409.0
2026-05-07 21:00:00,9.822,9.88,9.806,9.85,244286.93
2026-05-07 22:00:00,9.849,9.87,9.804,9.832,246768.04
2026-05-07 23:00:00,9.832,9.861,9.821,9.846,154042.88
2026-05-08 00:00:00,9.845,9.883,9.82,9.842,452417.69
2026-05-08 01:00:00,9.843,9.863,9.806,9.837,209511.03
2026-05-08 02:00:00,9.838,9.861,9.761,9.83,548157.8
2026-05-08 03:00:00,9.83,9.877,9.771,9.855,439853.33
2026-05-08 04:00:00,9.855,9.89,9.82,9.839,265028.98
2026-05-08 05:00:00,9.839,9.869,9.823,9.823,296653.41
2026-05-08 06:00:00,9.823,9.861,9.789,9.835,324142.34
2026-05-08 07:00:00,9.836,9.889,9.797,9.887,345451.87
2026-05-08 08:00:00,9.888,9.942,9.883,9.897,543150.01
2026-05-08 09:00:00,9.897,9.937,9.833,9.869,812760.78
2026-05-08 10:00:00,9.87,9.931,9.856,9.897,748929.49
2026-05-08 11:00:00,9.898,9.942,9.885,9.93,253789.14
2026-05-08 12:00:00,9.931,10.001,9.915,9.929,414297.25
2026-05-08 13:00:00,9.93,9.947,9.879,9.929,458667.41
2026-05-08 14:00:00,9.93,10.04,9.922,10.032,891674.78
2026-05-08 15:00:00,10.032,10.093,9.963,10.09,719295.24
2026-05-08 16:00:00,10.091,10.098,10.029,10.089,740077.0
2026-05-08 17:00:00,10.089,10.327,10.078,10.293,2109780.44
2026-05-08 18:00:00,10.293,10.491,10.293,10.38,2184708.98
2026-05-08 19:00:00,10.38,10.419,10.328,10.369,556908.66
2026-05-08 20:00:00,10.37,10.375,10.287,10.3,474205.13
2026-05-08 21:00:00,10.3,10.361,10.289,10.349,320302.2
2026-05-08 22:00:00,10.349,10.389,10.331,10.382,326287.71
2026-05-08 23:00:00,10.381,10.382,10.269,10.34,469712.94
2026-05-09 00:00:00,10.34,10.454,10.309,10.42,599657.18
2026-05-09 01:00:00,10.419,10.598,10.409,10.57,1157188.2
2026-05-09 02:00:00,10.57,10.599,10.52,10.567,584211.38
2026-05-09 03:00:00,10.566,10.577,10.516,10.536,499781.02
2026-05-09 04:00:00,10.537,10.606,10.497,10.51,582482.2
2026-05-09 05:00:00,10.51,10.572,10.496,10.526,304439.94
2026-05-09 06:00:00,10.525,10.544,10.456,10.464,483104.75
2026-05-09 07:00:00,10.465,10.487,10.447,10.456,349226.2
2026-05-09 08:00:00,10.456,10.505,10.448,10.468,281813.81
2026-05-09 09:00:00,10.468,10.471,10.388,10.42,713196.15
2026-05-09 10:00:00,10.42,10.436,10.394,10.425,300595.25
2026-05-09 11:00:00,10.425,10.476,10.425,10.456,205782.09
2026-05-09 12:00:00,10.456,10.479,10.415,10.418,316018.66
2026-05-09 13:00:00,10.418,10.43,10.373,10.399,290923.15
2026-05-09 14:00:00,10.399,10.402,10.309,10.319,732261.41
2026-05-09 15:00:00,10.318,10.347,10.274,10.33,726775.41
2026-05-09 16:00:00,10.33,10.365,10.292,10.318,648401.31
2026-05-09 17:00:00,10.318,10.412,10.316,10.409,446253.25
2026-05-09 18:00:00,10.408,10.453,10.408,10.426,280476.42
2026-05-09 19:00:00,10.426,10.441,10.397,10.44,188330.1
2026-05-09 20:00:00,10.44,10.444,10.393,10.405,162695.12
2026-05-09 21:00:00,10.406,10.428,10.37,10.404,196290.3
2026-05-09 22:00:00,10.404,10.415,10.373,10.401,128631.78
2026-05-09 23:00:00,10.401,10.417,10.347,10.368,215575.4
2026-05-10 00:00:00,10.369,10.391,10.327,10.348,349215.33
2026-05-10 01:00:00,10.347,10.348,10.277,10.321,549767.11
2026-05-10 02:00:00,10.321,10.355,10.3,10.341,230056.29
2026-05-10 03:00:00,10.342,10.382,10.322,10.346,177420.88
2026-05-10 04:00:00,10.346,10.38,10.34,10.35,175800.43
2026-05-10 05:00:00,10.35,10.376,10.334,10.357,175169.57
2026-05-10 06:00:00,10.356,10.389,10.333,10.387,230518.83
2026-05-10 07:00:00,10.388,10.452,10.387,10.416,491972.35
2026-05-10 08:00:00,10.416,10.499,10.409,10.485,497600.81
2026-05-10 09:00:00,10.485,10.547,10.485,10.534,483299.22
2026-05-10 10:00:00,10.535,10.54,10.463,10.5,460108.99
2026-05-10 11:00:00,10.5,10.507,10.416,10.473,325656.24
2026-05-10 12:00:00,10.474,10.496,10.437,10.495,335666.79
2026-05-10 13:00:00,10.494,10.594,10.49,10.58,652095.18
2026-05-10 14:00:00,10.581,10.583,10.509,10.529,580715.55
2026-05-10 15:00:00,10.529,10.625,10.527,10.62,735984.68
2026-05-10 16:00:00,10.62,10.712,10.589,10.698,1289668.14
2026-05-10 17:00:00,10.698,10.8,10.662,10.79,887736.06
2026-05-10 18:00:00,10.79,10.825,10.747,10.781,565940.22
2026-05-10 19:00:00,10.781,10.863,10.713,10.837,675696.06
2026-05-10 20:00:00,10.837,10.87,10.43,10.536,2199230.92
2026-05-10 21:00:00,10.536,10.622,10.466,10.563,790885.53
2026-05-10 22:00:00,10.562,10.755,10.537,10.722,924522.87
2026-05-10 23:00:00,10.723,10.766,10.684,10.716,482822.99
2026-05-11 00:00:00,10.716,10.755,10.596,10.648,1075111.79
2026-05-11 01:00:00,10.649,10.733,10.606,10.675,494260.64
2026-05-11 02:00:00,10.676,10.693,10.54,10.565,589722.24
2026-05-11 03:00:00,10.566,10.569,10.43,10.523,671431.94
2026-05-11 04:00:00,10.522,10.552,10.458,10.534,445668.69
2026-05-11 05:00:00,10.535,10.601,10.531,10.56,448883.07
2026-05-11 06:00:00,10.56,10.61,10.515,10.536,271529.39
2026-05-11 07:00:00,10.537,10.539,10.485,10.521,275608.07
2026-05-11 08:00:00,10.52,10.579,10.506,10.542,453021.47
2026-05-11 09:00:00,10.542,10.595,10.53,10.585,248835.13
2026-05-11 10:00:00,10.585,10.646,10.553,10.555,409226.48
2026-05-11 11:00:00,10.556,10.589,10.53,10.571,327274.64
2026-05-11 12:00:00,10.572,10.594,10.505,10.517,477644.45
2026-05-11 13:00:00,10.517,10.568,10.445,10.519,569956.18
2026-05-11 14:00:00,10.52,10.58,10.386,10.473,909163.78
2026-05-11 15:00:00,10.473,10.579,10.445,10.577,472242.49
2026-05-11 16:00:00,10.576,10.646,10.542,10.567,833054.29
2026-05-11 17:00:00,10.568,10.654,10.531,10.634,537301.65
2026-05-11 18:00:00,10.634,10.665,10.599,10.604,483977.05
2026-05-11 19:00:00,10.605,10.695,10.588,10.676,622632.38
2026-05-11 20:00:00,10.676,10.705,10.593,10.622,415250.83
2026-05-11 21:00:00,10.622,10.628,10.579,10.586,232421.48
2026-05-11 22:00:00,10.586,10.606,10.567,10.585,197310.11
2026-05-11 23:00:00,10.585,10.612,10.537,10.591,247292.59
2026-05-12 00:00:00,10.591,10.591,10.534,10.569,362571.42
2026-05-12 01:00:00,10.569,10.581,10.389,10.467,725290.31
2026-05-12 02:00:00,10.467,10.511,10.445,10.502,300135.24
2026-05-12 03:00:00,10.501,10.521,10.448,10.461,224064.36
2026-05-12 04:00:00,10.462,10.515,10.442,10.488,209971.43
2026-05-12 05:00:00,10.488,10.521,10.481,10.481,298503.66
2026-05-12 06:00:00,10.481,10.502,10.433,10.439,271536.27
2026-05-12 07:00:00,10.438,10.459,10.376,10.432,483593.28
2026-05-12 08:00:00,10.433,10.445,10.352,10.37,563210.63
2026-05-12 09:00:00,10.37,10.379,10.286,10.335,924919.63
2026-05-12 10:00:00,10.334,10.343,10.249,10.282,771513.38
2026-05-12 11:00:00,10.283,10.291,10.221,10.261,614350.58
2026-05-12 12:00:00,10.261,10.365,10.215,10.316,2130233.87
2026-05-12 13:00:00,10.316,10.344,10.2,10.236,679754.07
2026-05-12 14:00:00,10.236,10.293,10.159,10.197,1049072.67
2026-05-12 15:00:00,10.197,10.24,10.088,10.151,1098020.66
2026-05-12 16:00:00,10.151,10.198,10.117,10.144,579042.95
2026-05-12 17:00:00,10.145,10.257,10.138,10.239,518271.1
2026-05-12 18:00:00,10.239,10.293,10.219,10.265,401131.71
2026-05-12 19:00:00,10.266,10.324,10.264,10.315,280778.1
2026-05-12 20:00:00,10.316,10.327,10.28,10.304,211628.72
2026-05-12 21:00:00,10.305,10.316,10.291,10.308,137940.99
2026-05-12 22:00:00,10.309,10.353,10.303,10.308,200589.45
2026-05-12 23:00:00,10.308,10.325,10.278,10.284,205046.35
2026-05-13 00:00:00,10.283,10.328,10.265,10.312,335781.44
2026-05-13 01:00:00,10.313,10.418,10.313,10.386,568643.68
2026-05-13 02:00:00,10.387,10.444,10.378,10.411,439970.82
2026-05-13 03:00:00,10.411,10.478,10.398,10.466,299244.59
2026-05-13 04:00:00,10.467,10.495,10.441,10.478,318172.45
2026-05-13 05:00:00,10.479,10.494,10.391,10.42,325249.79
2026-05-13 06:00:00,10.42,10.539,10.404,10.508,769940.46
2026-05-13 07:00:00,10.508,10.578,10.507,10.571,580795.73
2026-05-13 08:00:00,10.572,10.666,10.524,10.65,590955.56
2026-05-13 09:00:00,10.65,10.802,10.643,10.703,1478121.7
2026-05-13 10:00:00,10.703,10.728,10.616,10.638,805038.16
2026-05-13 11:00:00,10.638,10.643,10.467,10.482,837928.07
2026-05-13 12:00:00,10.481,10.512,10.237,10.32,1724814.84
2026-05-13 13:00:00,10.319,10.367,10.137,10.2,1459629.47
2026-05-13 14:00:00,10.199,10.288,10.124,10.208,965668.22
2026-05-13 15:00:00,10.208,10.242,10.031,10.063,1559370.81
2026-05-13 16:00:00,10.063,10.191,10.055,10.159,685621.95
2026-05-13 17:00:00,10.16,10.212,10.16,10.179,445233.15
2026-05-13 18:00:00,10.18,10.244,10.18,10.197,293689.83
2026-05-13 19:00:00,10.198,10.211,10.142,10.164,310584.42
2026-05-13 20:00:00,10.164,10.226,10.155,10.215,270106.67
2026-05-13 21:00:00,10.216,10.22,10.137,10.145,230935.52
2026-05-13 22:00:00,10.146,10.212,10.112,10.195,248816.8
2026-05-13 23:00:00,10.196,10.22,10.181,10.213,175424.98
2026-05-14 00:00:00,10.213,10.268,10.21,10.241,412422.17
2026-05-14 01:00:00,10.241,10.253,10.208,10.235,268672.45
2026-05-14 02:00:00,10.235,10.265,10.162,10.179,289666.39
2026-05-14 03:00:00,10.179,10.195,10.089,10.107,597832.17
2026-05-14 04:00:00,10.108,10.203,10.087,10.191,381274.27
2026-05-14 05:00:00,10.19,10.313,10.183,10.286,364922.32
2026-05-14 06:00:00,10.286,10.323,10.25,10.254,538915.23
2026-05-14 07:00:00,10.253,10.271,10.216,10.221,326503.34
2026-05-14 08:00:00,10.221,10.291,10.193,10.263,300239.79
2026-05-14 09:00:00,10.264,10.275,10.176,10.211,442507.3
2026-05-14 10:00:00,10.21,10.257,10.188,10.243,345651.84
2026-05-14 11:00:00,10.243,10.268,10.22,10.232,339909.0
2026-05-14 12:00:00,10.232,10.329,10.202,10.325,527683.12
2026-05-14 13:00:00,10.325,10.374,10.234,10.259,904392.35
2026-05-14 14:00:00,10.258,10.494,10.221,10.481,1219994.54
2026-05-14 15:00:00,10.481,10.66,10.454,10.635,1337941.23
2026-05-14 16:00:00,10.635,10.769,10.585,10.707,1739268.75
2026-05-14 17:00:00,10.707,10.714,10.56,10.655,976869.75
2026-05-14 18:00:00,10.654,10.724,10.603,10.697,763760.32
2026-05-14 19:00:00,10.698,10.727,10.59,10.625,768843.09
2026-05-14 20:00:00,10.626,10.645,10.537,10.595,545154.25
2026-05-14 21:00:00,10.595,10.608,10.534,10.567,263040.39
2026-05-14 22:00:00,10.568,10.587,10.545,10.547,215168.07
2026-05-14 23:00:00,10.547,10.548,10.461,10.48,432782.5
2026-05-15 00:00:00,10.481,10.559,10.465,10.525,451899.85
2026-05-15 01:00:00,10.526,10.544,10.429,10.434,532873.8
2026-05-15 02:00:00,10.434,10.465,10.351,10.449,799385.33
2026-05-15 03:00:00,10.448,10.471,10.4,10.413,330318.12
2026-05-15 04:00:00,10.413,10.418,10.322,10.323,416978.97
2026-05-15 05:00:00,10.324,10.343,10.199,10.221,883251.83
2026-05-15 06:00:00,10.221,10.308,10.21,10.292,550532.87
2026-05-15 07:00:00,10.293,10.391,10.286,10.367,577657.05
2026-05-15 08:00:00,10.368,10.371,10.284,10.324,469993.38
2026-05-15 09:00:00,10.325,10.329,10.244,10.273,520622.5
2026-05-15 10:00:00,10.274,10.36,10.259,10.34,445558.2
2026-05-15 11:00:00,10.341,10.355,10.298,10.301,220724.6
2026-05-15 12:00:00,10.301,10.311,10.241,10.255,579979.68
2026-05-15 13:00:00,10.255,10.264,9.985,10.007,2539748.25
2026-05-15 14:00:00,10.007,10.071,9.954,10.021,1533106.34
2026-05-15 15:00:00,10.021,10.047,9.983,10.022,530307.83
2026-05-15 16:00:00,10.022,10.112,9.996,10.079,644673.89
2026-05-15 17:00:00,10.079,10.126,10.075,10.116,282503.28
2026-05-15 18:00:00,10.116,10.131,10.068,10.106,333863.08
2026-05-15 19:00:00,10.107,10.108,10.057,10.057,215755.21
2026-05-15 20:00:00,10.057,10.067,10.016,10.041,442465.46
2026-05-15 21:00:00,10.041,10.063,10.024,10.031,171507.84
2026-05-15 22:00:00,10.031,10.079,10.031,10.073,127528.11
2026-05-15 23:00:00,10.073,10.081,10.051,10.064,107391.27
2026-05-16 00:00:00,10.065,10.092,10.052,10.074,246836.16
2026-05-16 01:00:00,10.075,10.083,10.035,10.075,165793.6
2026-05-16 02:00:00,10.076,10.087,10.046,10.07,162473.19
2026-05-16 03:00:00,10.07,10.086,10.045,10.06,182833.54
2026-05-16 04:00:00,10.059,10.061,9.935,10.001,795454.8
2026-05-16 05:00:00,10.0,10.004,9.931,9.946,444711.49
2026-05-16 06:00:00,9.946,9.962,9.826,9.881,853759.15
2026-05-16 07:00:00,9.882,9.882,9.724,9.815,1319117.71
2026-05-16 08:00:00,9.815,9.832,9.795,9.799,448712.35
2026-05-16 09:00:00,9.8,9.807,9.641,9.676,1280086.09
2026-05-16 10:00:00,9.676,9.682,9.609,9.651,833734.9
2026-05-16 11:00:00,9.651,9.683,9.641,9.645,411574.62
2026-05-16 12:00:00,9.646,9.668,9.629,9.648,328737.26
2026-05-16 13:00:00,9.648,9.65,9.618,9.638,463970.16
2026-05-16 14:00:00,9.639,9.704,9.623,9.659,376609.89
2026-05-16 15:00:00,9.659,9.71,9.649,9.702,343847.79
2026-05-16 16:00:00,9.702,9.75,9.693,9.745,653752.82
2026-05-16 17:00:00,9.746,9.774,9.744,9.761,453333.83
2026-05-16 18:00:00,9.762,9.769,9.729,9.745,229179.09
2026-05-16 19:00:00,9.746,9.758,9.737,9.743,136438.32
2026-05-16 20:00:00,9.743,9.771,9.734,9.737,188096.12
2026-05-16 21:00:00,9.736,9.763,9.732,9.753,189590.48
2026-05-16 22:00:00,9.753,9.76,9.711,9.712,188000.65
2026-05-16 23:00:00,9.712,9.731,9.703,9.713,125819.0
2026-05-17 00:00:00,9.712,9.731,9.654,9.672,422683.12
2026-05-17 01:00:00,9.673,9.702,9.622,9.624,409935.94
2026-05-17 02:00:00,9.625,9.665,9.625,9.641,260060.19
2026-05-17 03:00:00,9.64,9.727,9.64,9.717,313638.67
2026-05-17 04:00:00,9.717,9.783,9.712,9.763,319633.6
2026-05-17 05:00:00,9.763,9.826,9.76,9.764,348277.17
2026-05-17 06:00:00,9.764,9.782,9.74,9.768,212194.11
2026-05-17 07:00:00,9.769,9.8,9.752,9.773,191228.24
2026-05-17 08:00:00,9.773,9.778,9.746,9.752,191603.49
2026-05-17 09:00:00,9.752,9.794,9.744,9.785,243036.07
2026-05-17 10:00:00,9.784,9.848,9.784,9.806,369319.16
2026-05-17 11:00:00,9.806,9.807,9.763,9.786,201342.64
2026-05-17 12:00:00,9.786,9.834,9.748,9.758,391362.96
2026-05-17 13:00:00,9.758,9.817,9.725,9.8,997440.35
2026-05-17 14:00:00,9.8,9.803,9.649,9.717,1367010.48
2026-05-17 15:00:00,9.717,9.735,9.682,9.709,291341.55
2026-05-17 16:00:00,9.71,9.734,9.683,9.689,268289.56
2026-05-17 17:00:00,9.689,9.698,9.644,9.685,295751.87
2026-05-17 18:00:00,9.686,9.719,9.654,9.717,294123.22
2026-05-17 19:00:00,9.717,9.76,9.715,9.746,206575.41
2026-05-17 20:00:00,9.747,9.755,9.708,9.729,168467.07
2026-05-17 21:00:00,9.729,9.771,9.72,9.752,216077.59
2026-05-17 22:00:00,9.752,9.753,9.655,9.685,364833.56
2026-05-17 23:00:00,9.686,9.686,9.319,9.561,2730300.58
2026-05-18 00:00:00,9.56,9.565,9.453,9.513,820107.89
2026-05-18 01:00:00,9.513,9.538,9.447,9.524,521826.62
2026-05-18 02:00:00,9.524,9.58,9.506,9.538,580878.04
2026-05-18 03:00:00,9.537,9.577,9.496,9.508,298479.5
2026-05-18 04:00:00,9.508,9.57,9.487,9.56,216808.33
2026-05-18 05:00:00,9.561,9.569,9.502,9.511,283611.97
2026-05-18 06:00:00,9.511,9.53,9.424,9.473,790082.74
2026-05-18 07:00:00,9.474,9.493,9.42,9.469,451257.87
2026-05-18 08:00:00,9.47,9.495,9.44,9.472,259789.08
2026-05-18 09:00:00,9.472,9.476,9.434,9.437,264109.02
2026-05-18 10:00:00,9.436,9.442,9.401,9.403,361426.71
2026-05-18 11:00:00,9.404,9.565,9.398,9.51,656384.14
2026-05-18 12:00:00,9.51,9.602,9.51,9.572,584940.62
2026-05-18 13:00:00,9.573,9.576,9.434,9.482,773200.87
2026-05-18 14:00:00,9.482,9.482,9.373,9.402,985039.33
2026-05-18 15:00:00,9.403,9.438,9.337,9.417,875321.94
2026-05-18 16:00:00,9.417,9.454,9.373,9.412,566021.56
2026-05-18 17:00:00,9.411,9.453,9.398,9.431,537006.27
2026-05-18 18:00:00,9.431,9.437,9.298,9.323,811256.04
2026-05-18 19:00:00,9.324,9.53,9.319,9.506,1047244.17
2026-05-18 20:00:00,9.507,9.54,9.468,9.482,358457.86
2026-05-18 21:00:00,9.483,9.579,9.466,9.566,418789.85
2026-05-18 22:00:00,9.567,9.61,9.545,9.587,460920.27
2026-05-18 23:00:00,9.588,9.615,9.574,9.602,407817.38
2026-05-19 00:00:00,9.603,9.682,9.596,9.653,720172.68
2026-05-19 01:00:00,9.653,9.655,9.598,9.616,467746.39
2026-05-19 02:00:00,9.615,9.682,9.578,9.642,588777.62
2026-05-19 03:00:00,9.641,9.726,9.625,9.698,587126.31
2026-05-19 04:00:00,9.699,9.734,9.663,9.727,459245.6
2026-05-19 05:00:00,9.727,9.763,9.657,9.746,555898.28
2026-05-19 06:00:00,9.745,9.782,9.735,9.772,451406.07
2026-05-19 07:00:00,9.771,9.821,9.742,9.793,553718.83
2026-05-19 08:00:00,9.794,9.795,9.708,9.733,605256.34
2026-05-19 09:00:00,9.733,9.746,9.572,9.603,936101.91
2026-05-19 10:00:00,9.603,9.624,9.543,9.599,707486.36
2026-05-19 11:00:00,9.6,9.611,9.526,9.537,334705.08
2026-05-19 12:00:00,9.538,9.568,9.51,9.554,646904.66
2026-05-19 13:00:00,9.555,9.617,9.509,9.567,731445.33
2026-05-19 14:00:00,9.567,9.588,9.43,9.48,815066.79
2026-05-19 15:00:00,9.48,9.518,9.456,9.483,404043.27
2026-05-19 16:00:00,9.484,9.553,9.466,9.55,413077.39
2026-05-19 17:00:00,9.55,9.559,9.482,9.509,507752.93
2026-05-19 18:00:00,9.51,9.523,9.46,9.478,363869.94
2026-05-19 19:00:00,9.479,9.526,9.447,9.464,355637.94
2026-05-19 20:00:00,9.465,9.487,9.46,9.479,217247.64
2026-05-19 21:00:00,9.48,9.492,9.458,9.459,232603.0
2026-05-19 22:00:00,9.459,9.466,9.431,9.443,268195.28
2026-05-19 23:00:00,9.442,9.483,9.428,9.443,244268.21
2026-05-20 00:00:00,9.444,9.469,9.372,9.468,1105910.5
2026-05-20 01:00:00,9.468,9.509,9.404,9.458,624074.37
2026-05-20 02:00:00,9.459,9.486,9.443,9.458,242105.65
2026-05-20 03:00:00,9.458,9.502,9.435,9.486,175911.79
2026-05-20 04:00:00,9.486,9.503,9.459,9.5,176290.9
2026-05-20 05:00:00,9.501,9.603,9.501,9.575,581772.73
2026-05-20 06:00:00,9.575,9.627,9.567,9.62,379455.33
2026-05-20 07:00:00,9.621,9.625,9.569,9.574,280814.23
2026-05-20 08:00:00,9.575,9.64,9.57,9.603,284221.92
2026-05-20 09:00:00,9.603,9.618,9.572,9.58,267767.68
2026-05-20 10:00:00,9.58,9.627,9.58,9.598,255688.11
2026-05-20 11:00:00,9.599,9.602,9.524,9.541,335373.41
2026-05-20 12:00:00,9.541,9.619,9.531,9.595,301347.44
2026-05-20 13:00:00,9.596,9.6,9.476,9.529,568402.31
2026-05-20 14:00:00,9.53,9.646,9.49,9.621,854842.44
2026-05-20 15:00:00,9.62,9.649,9.561,9.625,903274.48
2026-05-20 16:00:00,9.626,9.653,9.557,9.617,484330.25
2026-05-20 17:00:00,9.616,9.685,9.598,9.645,806563.96
2026-05-20 18:00:00,9.645,9.646,9.586,9.605,364955.12
2026-05-20 19:00:00,9.605,9.668,9.585,9.651,273488.03
2026-05-20 20:00:00,9.651,9.663,9.588,9.636,275513.13
2026-05-20 21:00:00,9.637,9.656,9.612,9.612,195990.01
2026-05-20 22:00:00,9.612,9.624,9.56,9.619,394278.28
2026-05-20 23:00:00,9.618,9.635,9.585,9.631,203013.7
2026-05-21 00:00:00,9.631,9.711,9.623,9.696,741417.85
2026-05-21 01:00:00,9.697,9.74,9.684,9.711,649832.81
2026-05-21 02:00:00,9.71,9.749,9.695,9.714,541262.56
2026-05-21 03:00:00,9.713,9.764,9.706,9.756,249403.38
2026-05-21 04:00:00,9.756,9.771,9.719,9.743,240725.06
2026-05-21 05:00:00,9.743,9.756,9.661,9.683,409034.9
2026-05-21 06:00:00,9.682,9.696,9.622,9.639,407835.04
2026-05-21 07:00:00,9.638,9.7,9.62,9.689,408404.99
2026-05-21 08:00:00,9.689,9.759,9.671,9.674,620832.13
2026-05-21 09:00:00,9.673,9.695,9.596,9.612,516061.39
2026-05-21 10:00:00,9.613,9.631,9.512,9.549,1001587.83
2026-05-21 11:00:00,9.55,9.59,9.532,9.545,380637.08
2026-05-21 12:00:00,9.545,9.592,9.517,9.574,447610.3
2026-05-21 13:00:00,9.575,9.629,9.52,9.607,661268.2
2026-05-21 14:00:00,9.607,9.637,9.559,9.587,703967.0
2026-05-21 15:00:00,9.588,9.683,9.571,9.643,545613.58
2026-05-21 16:00:00,9.644,9.668,9.606,9.641,381729.57
2026-05-21 17:00:00,9.641,9.853,9.641,9.805,1542406.78
2026-05-21 18:00:00,9.804,9.823,9.69,9.737,719808.65
2026-05-21 19:00:00,9.736,9.804,9.732,9.797,360439.63
2026-05-21 20:00:00,9.797,9.81,9.758,9.766,529559.72
2026-05-21 21:00:00,9.766,9.8,9.761,9.771,229007.58
2026-05-21 22:00:00,9.771,9.785,9.726,9.728,278007.0
2026-05-21 23:00:00,9.727,9.763,9.694,9.75,553445.21
2026-05-22 00:00:00,9.751,9.757,9.708,9.714,366327.48
2026-05-22 01:00:00,9.713,9.777,9.706,9.777,209111.28
2026-05-22 02:00:00,9.777,9.814,9.775,9.8,286098.84
2026-05-22 03:00:00,9.8,9.833,9.788,9.821,312671.28
2026-05-22 04:00:00,9.822,9.861,9.784,9.811,318487.51
2026-05-22 05:00:00,9.811,9.857,9.796,9.816,297711.69
2026-05-22 06:00:00,9.816,9.837,9.767,9.776,375251.66
2026-05-22 07:00:00,9.776,9.849,9.746,9.818,416015.1
2026-05-22 08:00:00,9.818,9.84,9.757,9.792,459356.85
2026-05-22 09:00:00,9.792,9.844,9.776,9.828,348334.05
2026-05-22 10:00:00,9.828,9.84,9.793,9.813,300367.14
2026-05-22 11:00:00,9.813,9.892,9.795,9.887,388452.94
2026-05-22 12:00:00,9.887,9.997,9.876,9.994,900516.04
2026-05-22 13:00:00,9.993,10.031,9.907,9.963,1517808.48
2026-05-22 14:00:00,9.963,9.963,9.75,9.775,1499095.58
2026-05-22 15:00:00,9.775,9.835,9.731,9.803,759408.91
2026-05-22 16:00:00,9.802,9.832,9.751,9.808,555601.39
2026-05-22 17:00:00,9.808,9.855,9.766,9.779,434551.45
2026-05-22 18:00:00,9.778,9.778,9.511,9.607,1738801.39
2026-05-22 19:00:00,9.607,9.621,9.366,9.461,2502106.41
2026-05-22 20:00:00,9.462,9.543,9.458,9.534,663246.79
2026-05-22 21:00:00,9.534,9.57,9.522,9.541,287487.69
2026-05-22 22:00:00,9.542,9.545,9.473,9.511,228466.94
2026-05-22 23:00:00,9.511,9.544,9.352,9.414,1200715.34
2026-05-23 00:00:00,9.414,9.435,9.334,9.396,743030.21
2026-05-23 01:00:00,9.396,9.423,9.371,9.412,279501.3
2026-05-23 02:00:00,9.412,9.422,9.379,9.4,213045.13
2026-05-23 03:00:00,9.399,9.412,9.395,9.402,219648.73
2026-05-23 04:00:00,9.402,9.407,9.36,9.367,334217.44
2026-05-23 05:00:00,9.368,9.371,9.318,9.342,455067.7
2026-05-23 06:00:00,9.342,9.344,9.305,9.324,352777.98
2026-05-23 07:00:00,9.324,9.33,9.034,9.122,3049969.24
2026-05-23 08:00:00,9.122,9.164,9.091,9.163,1483190.95
2026-05-23 09:00:00,9.163,9.188,9.161,9.176,308753.85
2026-05-23 10:00:00,9.177,9.216,9.175,9.194,333781.05
2026-05-23 11:00:00,9.194,9.214,9.177,9.179,258192.42
2026-05-23 12:00:00,9.179,9.195,9.155,9.187,373920.47
2026-05-23 13:00:00,9.186,9.276,9.186,9.263,700080.16
2026-05-23 14:00:00,9.263,9.321,9.237,9.312,1028234.77
2026-05-23 15:00:00,9.313,9.364,9.287,9.313,869548.31
2026-05-23 16:00:00,9.314,9.337,9.278,9.313,333056.76
2026-05-23 17:00:00,9.313,9.328,9.283,9.311,286349.35
2026-05-23 18:00:00,9.311,9.425,9.304,9.377,723378.17
2026-05-23 19:00:00,9.377,9.405,9.353,9.4,268358.37
2026-05-23 20:00:00,9.4,9.755,9.384,9.752,1645689.1
2026-05-23 21:00:00,9.753,9.78,9.583,9.616,1030835.8
2026-05-23 22:00:00,9.616,9.664,9.508,9.559,716704.35
2026-05-23 23:00:00,9.558,9.583,9.544,9.559,264807.35
2026-05-24 00:00:00,9.559,9.601,9.537,9.577,391195.09
2026-05-24 01:00:00,9.577,9.617,9.568,9.59,498252.89
2026-05-24 02:00:00,9.591,9.593,9.541,9.559,246371.6
2026-05-24 03:00:00,9.559,9.583,9.519,9.535,153700.47
2026-05-24 04:00:00,9.536,9.56,9.523,9.525,221787.23
2026-05-24 05:00:00,9.524,9.573,9.488,9.569,814481.15
2026-05-24 06:00:00,9.569,9.602,9.498,9.599,909136.93
2026-05-24 07:00:00,9.599,9.626,9.54,9.554,619239.8
2026-05-24 08:00:00,9.555,9.585,9.535,9.585,237493.82
2026-05-24 09:00:00,9.585,9.629,9.575,9.611,377089.4
2026-05-24 10:00:00,9.611,9.646,9.571,9.591,353825.4
2026-05-24 11:00:00,9.591,9.621,9.572,9.592,278199.05
2026-05-24 12:00:00,9.592,9.595,9.519,9.541,284626.12
2026-05-24 13:00:00,9.542,9.554,9.462,9.489,393992.37
2026-05-24 14:00:00,9.489,9.497,9.335,9.434,891792.56
2026-05-24 15:00:00,9.434,9.444,9.412,9.428,235962.18
2026-05-24 16:00:00,9.428,9.475,9.418,9.456,485051.56
2026-05-24 17:00:00,9.455,9.483,9.448,9.461,175903.1
2026-05-24 18:00:00,9.461,9.466,9.421,9.429,178257.92
2026-05-24 19:00:00,9.429,9.449,9.406,9.427,166157.76
2026-05-24 20:00:00,9.427,9.435,9.381,9.393,188198.73
2026-05-24 21:00:00,9.393,9.407,9.242,9.279,719866.43
2026-05-24 22:00:00,9.279,9.425,9.277,9.38,477795.38
2026-05-24 23:00:00,9.38,9.456,9.38,9.426,208444.18
2026-05-25 00:00:00,9.427,9.489,9.427,9.471,298638.63
2026-05-25 01:00:00,9.471,9.478,9.377,9.384,274535.16
2026-05-25 02:00:00,9.384,9.473,9.384,9.4,240882.2
2026-05-25 03:00:00,9.4,9.412,9.362,9.387,270455.08
2026-05-25 04:00:00,9.388,9.486,9.379,9.469,246661.67
2026-05-25 05:00:00,9.47,9.522,9.467,9.507,354572.26
2026-05-25 06:00:00,9.508,9.539,9.476,9.506,302117.56
2026-05-25 07:00:00,9.507,9.542,9.477,9.517,291399.0
2026-05-25 08:00:00,9.518,9.528,9.49,9.522,359986.4
2026-05-25 09:00:00,9.523,9.546,9.511,9.529,381141.55
2026-05-25 10:00:00,9.529,9.585,9.524,9.581,397989.57
2026-05-25 11:00:00,9.581,9.605,9.521,9.528,935902.87
2026-05-25 12:00:00,9.528,9.573,9.513,9.546,453726.19
2026-05-25 13:00:00,9.545,9.57,9.536,9.569,197864.87
2026-05-25 14:00:00,9.57,9.637,9.569,9.609,451666.99
2026-05-25 15:00:00,9.609,9.659,9.576,9.596,624117.18
2026-05-25 16:00:00,9.596,9.668,9.568,9.642,314911.11
2026-05-25 17:00:00,9.642,9.654,9.587,9.599,269573.74
2026-05-25 18:00:00,9.599,9.625,9.566,9.568,168879.03
2026-05-25 19:00:00,9.568,9.571,9.52,9.548,267383.31
2026-05-25 20:00:00,9.547,9.569,9.49,9.498,348549.64
2026-05-25 21:00:00,9.499,9.528,9.496,9.512,164713.39
2026-05-25 22:00:00,9.513,9.52,9.445,9.451,350082.35
2026-05-25 23:00:00,9.451,9.505,9.442,9.499,182536.44
2026-05-26 00:00:00,9.499,9.504,9.387,9.436,612248.47
2026-05-26 01:00:00,9.435,9.438,9.37,9.402,435790.83
2026-05-26 02:00:00,9.403,9.411,9.364,9.381,239976.35
2026-05-26 03:00:00,9.381,9.41,9.354,9.408,274952.6
2026-05-26 04:00:00,9.408,9.472,9.4,9.453,299984.14
2026-05-26 05:00:00,9.454,9.56,9.44,9.521,589915.71
2026-05-26 06:00:00,9.522,9.55,9.489,9.532,284323.94
2026-05-26 07:00:00,9.532,9.542,9.444,9.477,357273.94
2026-05-26 08:00:00,9.478,9.545,9.476,9.533,394120.4
2026-05-26 09:00:00,9.534,9.543,9.461,9.477,442138.04
2026-05-26 10:00:00,9.477,9.64,9.454,9.597,979410.0
2026-05-26 11:00:00,9.598,9.613,9.556,9.569,563302.9
2026-05-26 12:00:00,9.568,9.604,9.514,9.592,504088.18
2026-05-26 13:00:00,9.592,9.631,9.513,9.603,531165.2
2026-05-26 14:00:00,9.603,9.682,9.501,9.534,1254425.33
2026-05-26 15:00:00,9.534,9.546,9.4,9.469,1284445.41
2026-05-26 16:00:00,9.469,9.476,9.402,9.445,550921.98
2026-05-26 17:00:00,9.445,9.463,9.374,9.385,2252548.08
2026-05-26 18:00:00,9.385,9.452,9.36,9.379,411613.71
2026-05-26 19:00:00,9.379,9.418,9.335,9.398,438643.49
2026-05-26 20:00:00,9.399,9.427,9.391,9.421,246112.38
2026-05-26 21:00:00,9.421,9.422,9.348,9.371,291463.94
2026-05-26 22:00:00,9.371,9.396,9.339,9.36,262015.67
2026-05-26 23:00:00,9.36,9.399,9.36,9.38,173435.33
2026-05-27 00:00:00,9.381,9.453,9.378,9.448,273264.46
2026-05-27 01:00:00,9.449,9.455,9.41,9.422,302972.71
2026-05-27 02:00:00,9.423,9.439,9.381,9.438,250898.32
2026-05-27 03:00:00,9.439,9.47,9.381,9.391,482338.51
2026-05-27 04:00:00,9.39,9.401,9.279,9.398,701918.48
2026-05-27 05:00:00,9.398,9.442,9.39,9.422,596382.11
2026-05-27 06:00:00,9.422,9.45,9.402,9.431,404794.55
2026-05-27 07:00:00,9.431,9.443,9.4,9.436,275404.83
2026-05-27 08:00:00,9.435,9.445,9.377,9.387,771823.35
2026-05-27 09:00:00,9.388,9.392,9.337,9.346,494876.32
2026-05-27 10:00:00,9.346,9.375,9.33,9.335,277958.2
2026-05-27 11:00:00,9.335,9.389,9.329,9.355,243998.44
2026-05-27 12:00:00,9.356,9.478,9.329,9.401,717742.35
2026-05-27 13:00:00,9.401,9.409,9.264,9.323,996573.25
2026-05-27 14:00:00,9.323,9.376,9.281,9.364,629237.83
2026-05-27 15:00:00,9.364,9.48,9.361,9.429,1191856.35
2026-05-27 16:00:00,9.43,9.453,9.319,9.356,456051.12
2026-05-27 17:00:00,9.356,9.358,9.226,9.251,869617.62
2026-05-27 18:00:00,9.251,9.302,9.214,9.298,462918.96
2026-05-27 19:00:00,9.299,9.342,9.29,9.318,335191.58
2026-05-27 20:00:00,9.319,9.351,9.296,9.331,223339.7
2026-05-27 21:00:00,9.331,9.339,9.127,9.167,814469.68
2026-05-27 22:00:00,9.167,9.208,9.126,9.142,728716.62
2026-05-27 23:00:00,9.141,9.166,9.1,9.13,628503.74
2026-05-28 00:00:00,9.13,9.151,9.097,9.141,499961.77
2026-05-28 01:00:00,9.141,9.146,9.059,9.099,710619.17
2026-05-28 02:00:00,9.1,9.119,9.082,9.101,268100.72
2026-05-28 03:00:00,9.102,9.117,8.878,8.884,3333137.32
2026-05-28 04:00:00,8.885,8.901,8.745,8.899,2222657.02
2026-05-28 05:00:00,8.899,8.905,8.788,8.824,1060635.07
2026-05-28 06:00:00,8.824,8.863,8.792,8.844,454638.08
2026-05-28 07:00:00,8.845,8.914,8.841,8.898,352353.51
2026-05-28 08:00:00,8.898,8.901,8.838,8.86,297484.13
2026-05-28 09:00:00,8.86,8.923,8.85,8.916,259439.55
2026-05-28 10:00:00,8.916,8.93,8.859,8.87,386440.22
2026-05-28 11:00:00,8.87,8.881,8.847,8.861,381077.66
2026-05-28 12:00:00,8.861,8.885,8.806,8.885,616642.26
2026-05-28 13:00:00,8.885,8.906,8.83,8.863,731913.29
2026-05-28 14:00:00,8.864,8.963,8.786,8.911,1400240.17
2026-05-28 15:00:00,8.912,8.932,8.822,8.894,607256.11
2026-05-28 16:00:00,8.893,9.017,8.86,8.996,854079.26
2026-05-28 17:00:00,8.997,9.052,8.972,9.023,383185.6
2026-05-28 18:00:00,9.023,9.088,9.017,9.065,473886.73
2026-05-28 19:00:00,9.066,9.068,8.984,8.987,351900.58
2026-05-28 20:00:00,8.988,9.033,8.957,9.0,400371.77
2026-05-28 21:00:00,9.0,9.063,8.994,9.038,210161.7
2026-05-28 22:00:00,9.037,9.055,8.969,8.98,281425.69
2026-05-28 23:00:00,8.981,9.017,8.976,8.998,210801.93
2026-05-29 00:00:00,8.997,9.046,8.997,9.027,376434.53
2026-05-29 01:00:00,9.027,9.047,8.999,9.021,259331.55
2026-05-29 02:00:00,9.022,9.036,8.941,8.951,358149.97
2026-05-29 03:00:00,8.952,9.0,8.933,8.938,225418.12
2026-05-29 04:00:00,8.939,8.978,8.903,8.976,342162.46
2026-05-29 05:00:00,8.977,9.007,8.941,8.986,417168.35
2026-05-29 06:00:00,8.985,9.039,8.982,9.025,209555.52
2026-05-29 07:00:00,9.026,9.039,8.958,8.998,328102.13
2026-05-29 08:00:00,8.997,9.037,8.994,9.006,307080.74
2026-05-29 09:00:00,9.007,9.051,9.002,9.022,400119.98
2026-05-29 10:00:00,9.023,9.023,8.978,8.987,231828.0
2026-05-29 11:00:00,8.987,9.003,8.911,8.94,424411.94
2026-05-29 12:00:00,8.941,8.942,8.868,8.886,597341.6
2026-05-29 13:00:00,8.885,8.924,8.849,8.895,567979.97
2026-05-29 14:00:00,8.895,8.916,8.785,8.885,1206857.4
2026-05-29 15:00:00,8.885,9.133,8.875,9.064,1806778.06
2026-05-29 16:00:00,9.065,9.109,9.01,9.097,722476.6
2026-05-29 17:00:00,9.097,9.13,9.04,9.049,591306.87
2026-05-29 18:00:00,9.05,9.078,8.941,8.975,575558.99
2026-05-29 19:00:00,8.975,9.017,8.914,8.996,417314.32
2026-05-29 20:00:00,8.996,9.028,8.989,9.004,285861.13
2026-05-29 21:00:00,9.004,9.042,8.955,8.958,269384.61
2026-05-29 22:00:00,8.959,9.004,8.946,8.988,235069.27
2026-05-29 23:00:00,8.988,9.031,8.977,9.017,425747.36
2026-05-30 00:00:00,9.017,9.108,9.013,9.099,622421.78
2026-05-30 01:00:00,9.099,9.198,9.088,9.185,1002836.06
2026-05-30 02:00:00,9.185,9.273,9.183,9.269,716316.38
2026-05-30 03:00:00,9.269,9.31,9.22,9.24,777305.32
2026-05-30 04:00:00,9.24,9.275,9.081,9.141,1771614.11
2026-05-30 05:00:00,9.141,9.19,9.107,9.167,414387.69
2026-05-30 06:00:00,9.168,9.204,9.147,9.165,257402.44
2026-05-30 07:00:00,9.164,9.169,9.13,9.157,267922.07
2026-05-30 08:00:00,9.157,9.162,9.116,9.124,252682.46
2026-05-30 09:00:00,9.124,9.165,9.111,9.155,247474.36
2026-05-30 10:00:00,9.156,9.176,9.131,9.136,160718.28
2026-05-30 11:00:00,9.136,9.165,9.106,9.133,289976.85
2026-05-30 12:00:00,9.134,9.159,9.123,9.154,261919.99
2026-05-30 13:00:00,9.154,9.187,9.133,9.181,261113.3
2026-05-30 14:00:00,9.181,9.218,9.163,9.214,328440.51
2026-05-30 15:00:00,9.213,9.235,9.178,9.197,391061.5
2026-05-30 16:00:00,9.198,9.239,9.187,9.236,367245.52
2026-05-30 17:00:00,9.236,9.251,9.183,9.246,324914.59
2026-05-30 18:00:00,9.245,9.258,9.208,9.251,188861.84
2026-05-30 19:00:00,9.251,9.263,9.216,9.258,209152.54
2026-05-30 20:00:00,9.258,9.266,9.237,9.253,159880.9
2026-05-30 21:00:00,9.254,9.284,9.25,9.259,314316.84
2026-05-30 22:00:00,9.26,9.26,9.165,9.188,341919.34
2026-05-30 23:00:00,9.187,9.209,9.156,9.187,246989.13
2026-05-31 00:00:00,9.187,9.228,9.177,9.22,383863.0
2026-05-31 01:00:00,9.219,9.272,9.215,9.241,327944.4
2026-05-31 02:00:00,9.24,9.298,9.218,9.269,299992.5
2026-05-31 03:00:00,9.269,9.278,9.246,9.256,176524.47
2026-05-31 04:00:00,9.256,9.259,9.229,9.252,212640.48
2026-05-31 05:00:00,9.251,9.26,9.219,9.227,394377.29
2026-05-31 06:00:00,9.226,9.236,9.2,9.222,274548.5
2026-05-31 07:00:00,9.223,9.223,9.165,9.197,383767.25
2026-05-31 08:00:00,9.196,9.261,9.196,9.245,271444.22
2026-05-31 09:00:00,9.245,9.272,9.186,9.201,333636.56
2026-05-31 10:00:00,9.202,9.212,9.154,9.197,475780.88
2026-05-31 11:00:00,9.197,9.229,9.181,9.223,191530.48
2026-05-31 12:00:00,9.224,9.234,9.186,9.211,186248.42
2026-05-31 13:00:00,9.211,9.262,9.198,9.206,219061.96
2026-05-31 14:00:00,9.207,9.213,9.029,9.094,1504540.09
2026-05-31 15:00:00,9.094,9.144,9.088,9.092,275448.48
2026-05-31 16:00:00,9.091,9.108,9.013,9.028,540256.76
2026-05-31 17:00:00,9.028,9.065,9.01,9.058,244632.63
2026-05-31 18:00:00,9.059,9.059,9.029,9.048,151251.22
2026-05-31 19:00:00,9.049,9.057,8.984,9.034,617725.18
2026-05-31 20:00:00,9.035,9.101,9.035,9.091,177639.8
2026-05-31 21:00:00,9.091,9.136,9.077,9.135,239106.63
2026-05-31 22:00:00,9.136,9.164,9.101,9.152,269696.76
2026-05-31 23:00:00,9.153,9.218,9.087,9.143,507376.74
2026-06-01 00:00:00,9.142,9.198,9.134,9.176,374698.57
2026-06-01 01:00:00,9.177,9.181,9.037,9.038,454081.46
2026-06-01 02:00:00,9.038,9.18,9.022,9.164,469176.35
2026-06-01 03:00:00,9.164,9.212,9.156,9.174,444043.23
2026-06-01 04:00:00,9.174,9.194,9.062,9.113,649702.59
2026-06-01 05:00:00,9.113,9.121,9.036,9.051,452684.1
2026-06-01 06:00:00,9.052,9.06,8.965,9.009,671089.89
2026-06-01 07:00:00,9.009,9.039,8.951,8.961,354892.04
2026-06-01 08:00:00,8.962,8.999,8.927,8.996,470921.9
2026-06-01 09:00:00,8.997,9.045,8.995,9.022,380229.88
2026-06-01 10:00:00,9.023,9.032,8.978,9.015,243710.97
2026-06-01 11:00:00,9.015,9.046,8.964,8.996,280135.98
2026-06-01 12:00:00,8.997,9.033,8.911,9.001,636983.08
2026-06-01 13:00:00,9.001,9.006,8.841,8.902,1372090.09
2026-06-01 14:00:00,8.903,8.922,8.855,8.874,742395.71
2026-06-01 15:00:00,8.874,8.965,8.844,8.907,625839.0
2026-06-01 16:00:00,8.908,9.008,8.858,9.003,703664.18
2026-06-01 17:00:00,9.003,9.108,8.987,9.06,837336.93
2026-06-01 18:00:00,9.059,9.081,9.026,9.028,283930.17
2026-06-01 19:00:00,9.028,9.092,9.015,9.079,234309.28
2026-06-01 20:00:00,9.079,9.084,9.04,9.057,230260.83
2026-06-01 21:00:00,9.058,9.062,8.974,8.983,302924.92
2026-06-01 22:00:00,8.983,9.046,8.938,9.039,357830.32
2026-06-01 23:00:00,9.04,9.077,9.02,9.053,278243.02
2026-06-02 00:00:00,9.053,9.069,8.996,8.999,321248.91
2026-06-02 01:00:00,9.0,9.012,8.892,8.898,562578.87
2026-06-02 02:00:00,8.898,8.987,8.801,8.985,1276234.25
2026-06-02 03:00:00,8.985,9.03,8.965,9.014,483680.8
2026-06-02 04:00:00,9.015,9.027,8.942,8.944,559677.6
2026-06-02 05:00:00,8.943,8.971,8.864,8.871,501146.88
2026-06-02 06:00:00,8.871,8.883,8.806,8.834,1087757.74
2026-06-02 07:00:00,8.835,8.88,8.781,8.841,484796.22
2026-06-02 08:00:00,8.842,8.861,8.807,8.826,279280.09
2026-06-02 09:00:00,8.826,8.828,8.769,8.801,626114.67
2026-06-02 10:00:00,8.802,8.867,8.781,8.86,562354.94
2026-06-02 11:00:00,8.859,8.859,8.792,8.812,501430.1
2026-06-02 12:00:00,8.813,8.844,8.783,8.832,474144.25
2026-06-02 13:00:00,8.832,8.871,8.817,8.842,383071.33
2026-06-02 14:00:00,8.843,8.85,8.57,8.67,2994149.72
2026-06-02 15:00:00,8.67,8.68,8.475,8.562,2101464.03
2026-06-02 16:00:00,8.562,8.738,8.536,8.603,1362127.58
2026-06-02 17:00:00,8.603,8.692,8.598,8.641,553785.04
2026-06-02 18:00:00,8.642,8.672,8.501,8.543,575097.01
2026-06-02 19:00:00,8.543,8.568,8.37,8.521,1434472.35
2026-06-02 20:00:00,8.521,8.568,8.449,8.532,791700.48
2026-06-02 21:00:00,8.533,8.585,8.508,8.528,336921.63
2026-06-02 22:00:00,8.528,8.532,8.306,8.344,1414193.77
2026-06-02 23:00:00,8.345,8.392,8.238,8.37,1675951.49
2026-06-03 00:00:00,8.37,8.433,8.342,8.386,798965.52
2026-06-03 01:00:00,8.386,8.418,8.336,8.407,436541.38
2026-06-03 02:00:00,8.407,8.409,8.346,8.37,290892.73
2026-06-03 03:00:00,8.37,8.387,8.165,8.223,1563602.25
2026-06-03 04:00:00,8.223,8.37,8.22,8.366,827062.52
2026-06-03 05:00:00,8.367,8.506,8.366,8.496,1342553.73
2026-06-03 06:00:00,8.495,8.566,8.486,8.505,829460.05
2026-06-03 07:00:00,8.505,8.566,8.477,8.542,471745.49
2026-06-03 08:00:00,8.542,8.558,8.503,8.523,411961.92
2026-06-03 09:00:00,8.524,8.551,8.463,8.49,621528.68
2026-06-03 10:00:00,8.49,8.583,8.49,8.576,574924.06
2026-06-03 11:00:00,8.576,8.616,8.507,8.532,1017825.47
2026-06-03 12:00:00,8.533,8.538,8.465,8.527,517147.74
2026-06-03 13:00:00,8.528,8.558,8.453,8.506,955598.53
2026-06-03 14:00:00,8.506,8.511,8.416,8.487,999005.72
2026-06-03 15:00:00,8.487,8.493,8.368,8.376,1161448.54
2026-06-03 16:00:00,8.377,8.389,8.216,8.322,1746323.11
2026-06-03 17:00:00,8.323,8.376,8.231,8.305,704665.06
2026-06-03 18:00:00,8.306,8.355,8.233,8.346,808801.36
2026-06-03 19:00:00,8.345,8.356,8.181,8.207,1091035.23
2026-06-03 20:00:00,8.207,8.274,8.1,8.145,1242400.95
2026-06-03 21:00:00,8.145,8.445,8.117,8.44,1406420.81
2026-06-03 22:00:00,8.439,8.463,8.337,8.386,887399.08
2026-06-03 23:00:00,8.387,8.391,8.304,8.329,428709.65
2026-06-04 00:00:00,8.329,8.395,8.168,8.231,1208283.32
2026-06-04 01:00:00,8.232,8.269,8.01,8.046,1922414.28
2026-06-04 02:00:00,8.047,8.136,7.79,8.092,2732939.72
2026-06-04 03:00:00,8.093,8.312,8.088,8.293,938405.8
2026-06-04 04:00:00,8.293,8.332,8.201,8.22,573916.63
2026-06-04 05:00:00,8.22,8.221,8.084,8.137,734830.16
2026-06-04 06:00:00,8.136,8.245,8.119,8.171,502320.65
2026-06-04 07:00:00,8.172,8.185,8.057,8.064,817946.13
2026-06-04 08:00:00,8.063,8.09,7.985,8.041,954486.22
2026-06-04 09:00:00,8.04,8.044,7.837,7.969,1412426.72
2026-06-04 10:00:00,7.969,7.974,7.801,7.836,1046687.59
2026-06-04 11:00:00,7.837,7.937,7.805,7.934,901124.35
2026-06-04 12:00:00,7.934,8.112,7.898,8.081,1086749.2
2026-06-04 13:00:00,8.081,8.119,7.948,8.086,1249768.88
2026-06-04 14:00:00,8.087,8.125,8.025,8.05,641049.37
2026-06-04 15:00:00,8.05,8.13,8.025,8.044,729940.45
2026-06-04 16:00:00,8.044,8.076,7.995,8.041,484769.73
2026-06-04 17:00:00,8.041,8.088,7.952,8.03,847273.48
2026-06-04 18:00:00,8.031,8.114,7.965,8.081,612042.85
2026-06-04 19:00:00,8.08,8.128,8.037,8.054,443490.46
2026-06-04 20:00:00,8.054,8.06,7.991,8.034,405954.95
2026-06-04 21:00:00,8.034,8.073,7.899,7.915,697467.58
2026-06-04 22:00:00,7.914,7.996,7.881,7.986,739520.61
2026-06-04 23:00:00,7.987,8.018,7.903,8.012,897623.9
2026-06-05 00:00:00,8.012,8.038,7.946,7.95,596348.66
2026-06-05 01:00:00,7.95,7.985,7.872,7.955,728182.15
2026-06-05 02:00:00,7.954,7.962,7.791,7.798,1210691.45
2026-06-05 03:00:00,7.798,7.867,7.762,7.786,1021457.19
2026-06-05 04:00:00,7.786,7.892,7.752,7.877,1308672.35
2026-06-05 05:00:00,7.878,7.892,7.635,7.648,1548256.56
2026-06-05 06:00:00,7.648,7.663,7.331,7.488,3690717.07
2026-06-05 07:00:00,7.487,7.636,7.368,7.624,1560792.29
2026-06-05 08:00:00,7.624,7.627,7.498,7.514,1046968.65
2026-06-05 09:00:00,7.515,7.669,7.509,7.661,919875.18
2026-06-05 10:00:00,7.661,7.676,7.574,7.619,626317.03
2026-06-05 11:00:00,7.618,7.644,7.537,7.555,675338.89
2026-06-05 12:00:00,7.555,7.596,7.467,7.543,1293090.7
2026-06-05 13:00:00,7.542,7.658,7.371,7.373,1683543.56
2026-06-05 14:00:00,7.373,7.505,7.315,7.417,2117816.13
2026-06-05 15:00:00,7.417,7.428,7.237,7.29,2305592.06
2026-06-05 16:00:00,7.289,7.512,7.161,7.485,3266134.81
2026-06-05 17:00:00,7.485,7.509,7.391,7.43,971331.45
2026-06-05 18:00:00,7.431,7.457,7.174,7.198,1321782.01
2026-06-05 19:00:00,7.197,7.343,7.112,7.299,1589072.81
2026-06-05 20:00:00,7.299,7.477,7.212,7.461,1180011.91
2026-06-05 21:00:00,7.46,7.542,7.449,7.493,1006902.53
2026-06-05 22:00:00,7.492,7.495,7.386,7.45,891698.57
2026-06-05 23:00:00,7.451,7.482,7.275,7.36,818937.74
2026-06-06 00:00:00,7.361,7.447,7.358,7.426,621822.95
2026-06-06 01:00:00,7.426,7.45,7.361,7.371,578116.29
2026-06-06 02:00:00,7.371,7.392,7.313,7.337,511529.19
2026-06-06 03:00:00,7.337,7.344,7.243,7.27,568154.86
2026-06-06 04:00:00,7.27,7.307,6.987,7.061,2074557.35
2026-06-06 05:00:00,7.062,7.283,6.992,7.277,1401208.92
2026-06-06 06:00:00,7.277,7.371,7.266,7.271,795116.4
2026-06-06 07:00:00,7.272,7.399,7.258,7.392,868845.04
2026-06-06 08:00:00,7.393,7.468,7.357,7.429,653174.16
2026-06-06 09:00:00,7.43,7.465,7.319,7.345,595604.68
2026-06-06 10:00:00,7.346,7.346,7.191,7.267,1349399.71
2026-06-06 11:00:00,7.266,7.339,7.259,7.314,433523.02
2026-06-06 12:00:00,7.314,7.41,7.272,7.389,639449.62
2026-06-06 13:00:00,7.389,7.408,7.328,7.368,713687.04
2026-06-06 14:00:00,7.368,7.435,7.359,7.393,638382.55
2026-06-06 15:00:00,7.394,7.404,7.279,7.376,823121.74
2026-06-06 16:00:00,7.376,7.412,7.305,7.373,601911.48
2026-06-06 17:00:00,7.372,7.386,7.289,7.306,482740.33
2026-06-06 18:00:00,7.306,7.366,7.288,7.322,335123.61
2026-06-06 19:00:00,7.322,7.357,7.297,7.297,238725.66
2026-06-06 20:00:00,7.297,7.334,7.281,7.326,360477.61
2026-06-06 21:00:00,7.326,7.384,7.318,7.345,256954.75
2026-06-06 22:00:00,7.345,7.374,7.306,7.341,476860.27
2026-06-06 23:00:00,7.342,7.403,7.341,7.39,309346.61
2026-06-07 00:00:00,7.389,7.426,7.369,7.393,464168.18
2026-06-07 01:00:00,7.393,7.602,7.387,7.552,1575478.31
2026-06-07 02:00:00,7.553,7.578,7.505,7.555,414187.93
2026-06-07 03:00:00,7.555,7.6,7.53,7.576,435809.81
2026-06-07 04:00:00,7.575,7.611,7.526,7.59,414410.34
2026-06-07 05:00:00,7.59,7.65,7.576,7.62,610072.71
2026-06-07 06:00:00,7.62,7.717,7.596,7.679,819050.41
2026-06-07 07:00:00,7.678,7.723,7.652,7.711,449148.89
2026-06-07 08:00:00,7.711,7.808,7.662,7.805,991826.3
2026-06-07 09:00:00,7.805,7.846,7.74,7.766,772173.84
2026-06-07 10:00:00,7.766,7.775,7.686,7.702,384426.66
2026-06-07 11:00:00,7.703,7.776,7.695,7.757,266321.59
2026-06-07 12:00:00,7.757,7.772,7.609,7.693,928829.49
2026-06-07 13:00:00,7.692,7.712,7.662,7.698,540685.93
2026-06-07 14:00:00,7.698,7.796,7.697,7.731,700420.12
2026-06-07 15:00:00,7.731,7.738,7.679,7.724,444561.93
2026-06-07 16:00:00,7.724,7.756,7.673,7.728,722208.91
2026-06-07 17:00:00,7.728,7.775,7.711,7.738,283926.9
2026-06-07 18:00:00,7.738,7.757,7.691,7.696,177285.17
2026-06-07 19:00:00,7.696,7.697,7.55,7.591,808534.25
2026-06-07 20:00:00,7.591,7.691,7.566,7.678,372922.95
2026-06-07 21:00:00,7.678,7.691,7.632,7.667,217244.91
2026-06-07 22:00:00,7.667,8.04,7.656,7.847,2239517.46
2026-06-07 23:00:00,7.847,7.928,7.841,7.913,582808.66
2026-06-08 00:00:00,7.913,8.013,7.875,7.974,843958.13
2026-06-08 01:00:00,7.975,7.984,7.815,7.898,679025.61
2026-06-08 02:00:00,7.898,7.936,7.877,7.91,373397.68
2026-06-08 03:00:00,7.909,7.957,7.836,7.852,756617.01
2026-06-08 04:00:00,7.853,7.869,7.762,7.762,536085.12
2026-06-08 05:00:00,7.762,7.791,7.716,7.779,686862.07
2026-06-08 06:00:00,7.779,7.842,7.776,7.82,349982.68
2026-06-08 07:00:00,7.82,7.931,7.799,7.903,807070.76
2026-06-08 08:00:00,7.903,7.907,7.847,7.873,358896.83
2026-06-08 09:00:00,7.874,7.921,7.838,7.916,494644.07
2026-06-08 10:00:00,7.916,7.931,7.845,7.874,320591.49
2026-06-08 11:00:00,7.874,8.002,7.854,7.963,796232.27
2026-06-08 12:00:00,7.964,8.024,7.876,8.015,745186.7
2026-06-08 13:00:00,8.016,8.022,7.945,7.968,525317.95
2026-06-08 14:00:00,7.969,8.063,7.95,8.053,876147.39
2026-06-08 15:00:00,8.054,8.109,8.001,8.022,901158.74
2026-06-08 16:00:00,8.023,8.064,7.977,7.987,523137.95
2026-06-08 17:00:00,7.988,8.038,7.96,8.035,459604.1
2026-06-08 18:00:00,8.036,8.058,7.986,8.011,307324.65
2026-06-08 19:00:00,8.011,8.073,8.007,8.057,394476.26
2026-06-08 20:00:00,8.058,8.061,8.002,8.041,246279.5
2026-06-08 21:00:00,8.041,8.123,8.039,8.056,554309.88
2026-06-08 22:00:00,8.055,8.061,7.994,8.036,401954.44
2026-06-08 23:00:00,8.036,8.076,7.97,7.995,383486.62
2026-06-09 00:00:00,7.994,8.011,7.806,7.827,1373390.79
2026-06-09 01:00:00,7.826,7.866,7.805,7.845,346357.0
2026-06-09 02:00:00,7.845,7.862,7.79,7.854,270714.61
2026-06-09 03:00:00,7.854,7.884,7.836,7.877,264302.58
2026-06-09 04:00:00,7.877,7.999,7.847,7.965,753432.54
2026-06-09 05:00:00,7.965,8.022,7.936,7.992,367111.17
2026-06-09 06:00:00,7.993,8.018,7.943,7.95,434443.39
2026-06-09 07:00:00,7.951,7.98,7.902,7.929,439266.56
2026-06-09 08:00:00,7.929,7.934,7.87,7.895,478819.83
2026-06-09 09:00:00,7.895,7.916,7.843,7.862,340071.58
2026-06-09 10:00:00,7.863,7.904,7.84,7.889,439728.75
2026-06-09 11:00:00,7.889,7.893,7.831,7.88,378927.29
2026-06-09 12:00:00,7.879,7.935,7.874,7.928,515855.75
2026-06-09 13:00:00,7.928,7.949,7.868,7.885,735039.24
2026-06-09 14:00:00,7.885,7.908,7.728,7.805,1352632.11
2026-06-09 15:00:00,7.805,7.836,7.707,7.717,1010938.03
2026-06-09 16:00:00,7.716,7.752,7.645,7.731,1339961.29
2026-06-09 17:00:00,7.731,7.848,7.727,7.796,602850.46
2026-06-09 18:00:00,7.797,7.866,7.79,7.852,306763.12
2026-06-09 19:00:00,7.852,7.896,7.828,7.869,366477.45
2026-06-09 20:00:00,7.869,7.926,7.861,7.908,255634.71
2026-06-09 21:00:00,7.909,7.915,7.837,7.842,250308.46
2026-06-09 22:00:00,7.842,7.885,7.818,7.824,292468.02
2026-06-09 23:00:00,7.825,7.847,7.796,7.835,254672.72
2026-06-10 00:00:00,7.836,7.868,7.776,7.86,406568.93
2026-06-10 01:00:00,7.861,7.871,7.777,7.802,292173.53
2026-06-10 02:00:00,7.802,7.816,7.711,7.718,338756.01
2026-06-10 03:00:00,7.718,7.765,7.714,7.744,178458.39
2026-06-10 04:00:00,7.745,7.751,7.686,7.702,249567.93
2026-06-10 05:00:00,7.703,7.715,7.652,7.695,344239.6
2026-06-10 06:00:00,7.695,7.726,7.671,7.716,287376.36
2026-06-10 07:00:00,7.716,7.804,7.714,7.776,338986.05
2026-06-10 08:00:00,7.777,7.778,7.652,7.672,799305.4
2026-06-10 09:00:00,7.672,7.709,7.618,7.694,653924.39
2026-06-10 10:00:00,7.695,7.706,7.643,7.691,289284.33
2026-06-10 11:00:00,7.692,7.7,7.607,7.642,658124.19
2026-06-10 12:00:00,7.643,7.815,7.623,7.731,1040351.84
2026-06-10 13:00:00,7.731,7.898,7.72,7.819,995083.38
2026-06-10 14:00:00,7.82,7.828,7.721,7.77,647507.92
2026-06-10 15:00:00,7.771,7.838,7.708,7.802,898955.91
2026-06-10 16:00:00,7.803,7.82,7.691,7.726,500963.99
2026-06-10 17:00:00,7.726,7.755,7.64,7.679,600434.17
2026-06-10 18:00:00,7.68,7.697,7.598,7.655,677289.85
2026-06-10 19:00:00,7.655,7.664,7.592,7.614,408430.3
2026-06-10 20:00:00,7.613,7.632,7.565,7.593,533674.95
2026-06-10 21:00:00,7.592,7.595,7.476,7.51,793730.02
2026-06-10 22:00:00,7.511,7.574,7.487,7.531,749283.53
2026-06-10 23:00:00,7.532,7.579,7.5,7.556,461338.19
2026-06-11 00:00:00,7.557,7.628,7.556,7.608,356878.99
2026-06-11 01:00:00,7.608,7.724,7.608,7.698,545860.82
2026-06-11 02:00:00,7.699,7.707,7.627,7.67,305233.13
2026-06-11 03:00:00,7.67,7.828,7.655,7.797,978563.35
2026-06-11 04:00:00,7.798,7.818,7.77,7.795,448360.25
2026-06-11 05:00:00,7.795,7.796,7.758,7.758,255648.19
2026-06-11 06:00:00,7.759,7.805,7.739,7.765,447084.84
2026-06-11 07:00:00,7.764,7.788,7.75,7.768,198369.13
2026-06-11 08:00:00,7.768,7.843,7.768,7.823,359299.89
2026-06-11 09:00:00,7.823,7.831,7.779,7.798,267677.88
2026-06-11 10:00:00,7.798,7.829,7.778,7.823,250449.74
2026-06-11 11:00:00,7.823,7.878,7.802,7.851,442507.6
2026-06-11 12:00:00,7.852,7.855,7.737,7.791,952914.9
2026-06-11 13:00:00,7.791,7.843,7.758,7.809,484629.15
2026-06-11 14:00:00,7.81,7.821,7.746,7.748,474113.22
2026-06-11 15:00:00,7.748,7.78,7.703,7.754,498863.38
2026-06-11 16:00:00,7.754,7.775,7.707,7.713,431165.36
2026-06-11 17:00:00,7.713,7.943,7.681,7.918,1386985.14
2026-06-11 18:00:00,7.918,7.946,7.879,7.922,602585.63
2026-06-11 19:00:00,7.922,7.98,7.899,7.938,412473.82
2026-06-11 20:00:00,7.938,7.95,7.865,7.894,485183.53
2026-06-11 21:00:00,7.893,7.952,7.893,7.919,211083.87
2026-06-11 22:00:00,7.919,7.952,7.895,7.909,174766.88
2026-06-11 23:00:00,7.909,7.921,7.873,7.882,292675.58
2026-06-12 00:00:00,7.882,7.919,7.86,7.89,252611.22
2026-06-12 01:00:00,7.89,7.891,7.843,7.88,273232.7
2026-06-12 02:00:00,7.88,7.93,7.88,7.899,185294.28
2026-06-12 03:00:00,7.9,7.915,7.87,7.901,167794.75
2026-06-12 04:00:00,7.902,7.93,7.88,7.906,162676.12
2026-06-12 05:00:00,7.907,7.907,7.83,7.836,273624.56
2026-06-12 06:00:00,7.836,7.844,7.746,7.776,408483.65
2026-06-12 07:00:00,7.777,7.826,7.776,7.807,260143.81
2026-06-12 08:00:00,7.808,7.885,7.807,7.867,287119.99
2026-06-12 09:00:00,7.868,7.936,7.858,7.903,313094.06
2026-06-12 10:00:00,7.903,7.923,7.86,7.886,199740.9
2026-06-12 11:00:00,7.886,7.915,7.879,7.895,161390.99
2026-06-12 12:00:00,7.894,7.905,7.868,7.882,252375.71
2026-06-12 13:00:00,7.882,7.892,7.777,7.806,561437.06
2026-06-12 14:00:00,7.807,7.972,7.796,7.962,748135.39
2026-06-12 15:00:00,7.964,8.009,7.805,7.81,862813.6
2026-06-12 16:00:00,7.811,7.897,7.795,7.889,504634.35
2026-06-12 17:00:00,7.89,7.918,7.856,7.873,239155.15
2026-06-12 18:00:00,7.874,7.882,7.826,7.836,237494.83
2026-06-12 19:00:00,7.836,7.879,7.823,7.834,220130.95
2026-06-12 20:00:00,7.835,7.862,7.826,7.838,176335.35
2026-06-12 21:00:00,7.839,7.871,7.817,7.826,146168.44
2026-06-12 22:00:00,7.827,7.867,7.82,7.843,112420.34
2026-06-12 23:00:00,7.842,7.863,7.811,7.863,149504.9
2026-06-13 00:00:00,7.862,7.898,7.853,7.883,202887.72
2026-06-13 01:00:00,7.884,7.946,7.882,7.941,275637.74
2026-06-13 02:00:00,7.941,7.942,7.896,7.904,200641.84
2026-06-13 03:00:00,7.905,7.918,7.865,7.887,166276.89
2026-06-13 04:00:00,7.887,7.906,7.863,7.872,155631.6
2026-06-13 05:00:00,7.873,7.891,7.851,7.879,171625.62
2026-06-13 06:00:00,7.88,7.931,7.86,7.92,237910.41
2026-06-13 07:00:00,7.921,7.967,7.891,7.958,368773.24
2026-06-13 08:00:00,7.96,7.98,7.939,7.957,227809.54
2026-06-13 09:00:00,7.957,7.975,7.941,7.948,140592.39
2026-06-13 10:00:00,7.949,7.973,7.945,7.957,190113.29
2026-06-13 11:00:00,7.957,7.989,7.951,7.986,175385.49
2026-06-13 12:00:00,7.987,8.029,7.971,8.006,302217.56
2026-06-13 13:00:00,8.006,8.008,7.971,7.99,233392.2
2026-06-13 14:00:00,7.99,8.013,7.986,8.007,181364.58
2026-06-13 15:00:00,8.008,8.039,7.993,8.021,329990.06
2026-06-13 16:00:00,8.022,8.026,7.934,7.99,703601.05
2026-06-13 17:00:00,7.989,8.021,7.974,7.988,314418.18
2026-06-13 18:00:00,7.988,8.018,7.963,7.978,269580.9
2026-06-13 19:00:00,7.979,8.007,7.959,7.987,307791.91
2026-06-13 20:00:00,7.986,7.988,7.962,7.979,118305.38
2026-06-13 21:00:00,7.979,8.057,7.952,8.018,306316.93
2026-06-13 22:00:00,8.019,8.021,7.977,7.977,145745.67
2026-06-13 23:00:00,7.976,7.989,7.96,7.981,167021.93
2026-06-14 00:00:00,7.98,7.981,7.952,7.961,310919.2
2026-06-14 01:00:00,7.962,8.006,7.951,7.968,250891.61
2026-06-14 02:00:00,7.968,8.0,7.948,7.956,232640.45
2026-06-14 03:00:00,7.956,7.97,7.946,7.959,133776.33
2026-06-14 04:00:00,7.959,7.963,7.9,7.914,294265.55
2026-06-14 05:00:00,7.915,7.93,7.888,7.919,217811.57
2026-06-14 06:00:00,7.919,7.949,7.91,7.916,147120.43
2026-06-14 07:00:00,7.917,7.921,7.879,7.9,173066.49
2026-06-14 08:00:00,7.901,7.928,7.891,7.91,185101.76
2026-06-14 09:00:00,7.911,7.943,7.877,7.942,231943.02
2026-06-14 10:00:00,7.943,7.947,7.91,7.911,155181.82
2026-06-14 11:00:00,7.911,7.942,7.905,7.922,104142.08
2026-06-14 12:00:00,7.923,7.927,7.872,7.878,186811.96
2026-06-14 13:00:00,7.879,7.89,7.853,7.868,281063.9
2026-06-14 14:00:00,7.869,7.875,7.787,7.826,435615.76
2026-06-14 15:00:00,7.826,7.847,7.822,7.835,184411.45
2026-06-14 16:00:00,7.836,7.872,7.831,7.838,220365.59
2026-06-14 17:00:00,7.838,7.86,7.805,7.812,191262.49
2026-06-14 18:00:00,7.812,7.832,7.779,7.808,442161.87
2026-06-14 19:00:00,7.808,7.843,7.801,7.816,143898.16
2026-06-14 20:00:00,7.817,7.869,7.802,7.849,242462.35
2026-06-14 21:00:00,7.85,8.155,7.844,8.067,1225550.38
2026-06-14 22:00:00,8.068,8.137,8.034,8.108,692027.22
2026-06-14 23:00:00,8.109,8.181,8.086,8.177,599097.84
2026-06-15 00:00:00,8.177,8.216,8.13,8.153,800162.69
2026-06-15 01:00:00,8.153,8.165,8.099,8.122,377571.06
2026-06-15 02:00:00,8.122,8.197,8.116,8.155,315357.57
2026-06-15 03:00:00,8.156,8.211,8.147,8.193,371960.95
2026-06-15 04:00:00,8.191,8.199,8.147,8.163,316092.83
2026-06-15 05:00:00,8.162,8.208,8.148,8.203,226333.68
2026-06-15 06:00:00,8.204,8.226,8.186,8.195,206202.24
2026-06-15 07:00:00,8.195,8.223,8.171,8.177,242666.76
2026-06-15 08:00:00,8.178,8.225,8.168,8.204,291014.84
2026-06-15 09:00:00,8.204,8.224,8.159,8.202,348399.23
2026-06-15 10:00:00,8.202,8.341,8.2,8.335,1205300.36
2026-06-15 11:00:00,8.335,8.45,8.291,8.304,1844954.24
2026-06-15 12:00:00,8.303,8.36,8.274,8.35,736233.24
2026-06-15 13:00:00,8.35,8.518,8.335,8.468,1487065.3
2026-06-15 14:00:00,8.467,8.475,8.417,8.45,515415.25
2026-06-15 15:00:00,8.45,8.618,8.414,8.557,1221284.71
2026-06-15 16:00:00,8.557,8.582,8.502,8.55,719786.31
2026-06-15 17:00:00,8.551,8.551,8.447,8.488,658722.47
2026-06-15 18:00:00,8.488,8.496,8.451,8.457,281658.79
2026-06-15 19:00:00,8.456,8.506,8.37,8.406,580754.03
2026-06-15 20:00:00,8.405,8.421,8.362,8.371,283423.92
2026-06-15 21:00:00,8.371,8.395,8.336,8.35,326531.28
2026-06-15 22:00:00,8.35,8.373,8.25,8.264,731842.48
2026-06-15 23:00:00,8.265,8.301,8.243,8.294,303705.55
2026-06-16 00:00:00,8.294,8.334,8.275,8.28,292775.66
2026-06-16 01:00:00,8.28,8.312,8.25,8.253,284230.26
2026-06-16 02:00:00,8.254,8.26,8.144,8.177,700664.66
2026-06-16 03:00:00,8.178,8.253,8.165,8.247,495249.18
2026-06-16 04:00:00,8.248,8.268,8.174,8.182,402389.07
2026-06-16 05:00:00,8.183,8.223,8.183,8.201,251373.32
2026-06-16 06:00:00,8.201,8.266,8.199,8.257,332872.34
2026-06-16 07:00:00,8.258,8.29,8.239,8.281,307785.64
2026-06-16 08:00:00,8.281,8.429,8.272,8.401,486894.77
2026-06-16 09:00:00,8.401,8.409,8.328,8.345,386367.66
2026-06-16 10:00:00,8.346,8.373,8.325,8.34,312755.0
2026-06-16 11:00:00,8.34,8.365,8.294,8.328,335878.34
2026-06-16 12:00:00,8.329,8.476,8.305,8.386,923546.72
2026-06-16 13:00:00,8.386,8.393,8.242,8.25,886984.27
2026-06-16 14:00:00,8.251,8.292,8.086,8.156,1480329.02
2026-06-16 15:00:00,8.156,8.229,8.146,8.191,510698.66
2026-06-16 16:00:00,8.191,8.207,8.157,8.174,365928.97
2026-06-16 17:00:00,8.174,8.261,8.173,8.25,314963.85
2026-06-16 18:00:00,8.25,8.325,8.246,8.299,429838.7
2026-06-16 19:00:00,8.299,8.299,8.223,8.253,330348.89
2026-06-16 20:00:00,8.252,8.338,8.236,8.327,496871.74
2026-06-16 21:00:00,8.328,8.349,8.282,8.309,294102.03
2026-06-16 22:00:00,8.309,8.331,8.282,8.301,233668.33
2026-06-16 23:00:00,8.302,8.315,8.262,8.272,122285.11
2026-06-17 00:00:00,8.271,8.308,8.262,8.29,201682.39
2026-06-17 01:00:00,8.291,8.359,8.249,8.349,475694.35
2026-06-17 02:00:00,8.348,8.413,8.32,8.367,457592.79
2026-06-17 03:00:00,8.368,8.368,8.313,8.348,262491.46
2026-06-17 04:00:00,8.349,8.394,8.327,8.347,169482.86
2026-06-17 05:00:00,8.348,8.372,8.297,8.331,223956.63
2026-06-17 06:00:00,8.332,8.356,8.297,8.32,247982.36
2026-06-17 07:00:00,8.319,8.361,8.257,8.288,402236.55
2026-06-17 08:00:00,8.287,8.295,8.144,8.167,741474.84
2026-06-17 09:00:00,8.166,8.211,8.16,8.198,367354.62
2026-06-17 10:00:00,8.199,8.214,8.164,8.169,381387.72
2026-06-17 11:00:00,8.17,8.181,8.105,8.15,592287.77
2026-06-17 12:00:00,8.15,8.18,8.075,8.171,634928.54
2026-06-17 13:00:00,8.171,8.222,8.135,8.171,610676.99
2026-06-17 14:00:00,8.171,8.211,8.095,8.153,700272.13
2026-06-17 15:00:00,8.153,8.297,8.141,8.289,598694.65
2026-06-17 16:00:00,8.289,8.367,8.261,8.267,769006.86
2026-06-17 17:00:00,8.267,8.322,8.224,8.303,611729.42
2026-06-17 18:00:00,8.303,8.324,8.089,8.24,1993998.8
2026-06-17 19:00:00,8.24,8.263,7.998,8.031,1935284.63
2026-06-17 20:00:00,8.032,8.103,8.016,8.098,754569.5
2026-06-17 21:00:00,8.098,8.101,8.016,8.033,373170.6
2026-06-17 22:00:00,8.034,8.065,7.931,8.034,788431.54
2026-06-17 23:00:00,8.035,8.093,8.033,8.087,266261.71
2026-06-18 00:00:00,8.087,8.122,8.075,8.079,306572.33
2026-06-18 01:00:00,8.08,8.132,8.062,8.079,296313.87
2026-06-18 02:00:00,8.079,8.119,8.065,8.107,191465.44
2026-06-18 03:00:00,8.107,8.11,8.009,8.024,356933.29
2026-06-18 04:00:00,8.024,8.03,7.931,7.948,636086.31
2026-06-18 05:00:00,7.947,7.95,7.884,7.945,502217.82
2026-06-18 06:00:00,7.946,7.985,7.924,7.976,264223.57
2026-06-18 07:00:00,7.977,8.041,7.955,8.025,297345.73
2026-06-18 08:00:00,8.026,8.063,8.008,8.026,359913.74
2026-06-18 09:00:00,8.026,8.061,8.011,8.035,232896.21
2026-06-18 10:00:00,8.036,8.039,7.981,8.02,297058.61
2026-06-18 11:00:00,8.021,8.038,7.966,7.984,386527.78
2026-06-18 12:00:00,7.985,8.095,7.979,8.086,562329.83
2026-06-18 13:00:00,8.087,8.125,7.964,8.02,1036664.67
2026-06-18 14:00:00,8.021,8.103,7.976,8.021,660627.09
2026-06-18 15:00:00,8.022,8.025,7.763,7.783,2031271.4
2026-06-18 16:00:00,7.783,7.854,7.775,7.847,766246.2
2026-06-18 17:00:00,7.848,7.854,7.783,7.815,529145.44
2026-06-18 18:00:00,7.816,7.869,7.804,7.847,348976.25
2026-06-18 19:00:00,7.848,7.935,7.836,7.914,468585.36
2026-06-18 20:00:00,7.914,7.99,7.914,7.983,452393.59
2026-06-18 21:00:00,7.984,7.997,7.928,7.992,364748.48
2026-06-18 22:00:00,7.991,7.995,7.946,7.982,231398.12
2026-06-18 23:00:00,7.983,8.016,7.95,8.013,224550.98
2026-06-19 00:00:00,8.013,8.031,7.983,8.012,293875.72
2026-06-19 01:00:00,8.012,8.04,7.979,8.025,418167.67
2026-06-19 02:00:00,8.025,8.04,7.974,7.989,319991.0
2026-06-19 03:00:00,7.99,8.0,7.816,7.877,1418142.68
2026-06-19 04:00:00,7.877,7.911,7.805,7.822,422008.08
2026-06-19 05:00:00,7.822,7.887,7.817,7.886,275350.6
2026-06-19 06:00:00,7.886,7.915,7.857,7.892,239202.78
2026-06-19 07:00:00,7.891,7.893,7.816,7.843,230639.97
2026-06-19 08:00:00,7.843,7.875,7.835,7.852,219788.88
2026-06-19 09:00:00,7.853,7.863,7.811,7.83,273973.57
2026-06-19 10:00:00,7.831,7.849,7.796,7.828,234507.79
2026-06-19 11:00:00,7.828,7.838,7.805,7.81,341023.77
2026-06-19 12:00:00,7.811,7.86,7.761,7.853,806981.65
2026-06-19 13:00:00,7.853,7.949,7.819,7.927,680994.29
2026-06-19 14:00:00,7.926,7.943,7.894,7.898,360066.98
2026-06-19 15:00:00,7.898,7.927,7.868,7.903,387024.98
2026-06-19 16:00:00,7.903,7.934,7.855,7.861,457416.97
2026-06-19 17:00:00,7.861,7.923,7.843,7.903,277067.46
2026-06-19 18:00:00,7.904,7.909,7.85,7.884,244640.04
2026-06-19 19:00:00,7.884,7.895,7.844,7.874,188956.05
2026-06-19 20:00:00,7.875,7.925,7.846,7.923,346483.8
2026-06-19 21:00:00,7.923,7.929,7.873,7.884,295026.4
2026-06-19 22:00:00,7.883,7.928,7.872,7.921,167794.98
2026-06-19 23:00:00,7.921,7.964,7.899,7.946,252287.24
2026-06-20 00:00:00,7.945,7.957,7.867,7.883,632123.34
2026-06-20 01:00:00,7.884,7.92,7.874,7.909,240608.38
2026-06-20 02:00:00,7.909,7.911,7.858,7.87,228327.5
2026-06-20 03:00:00,7.87,7.896,7.862,7.89,125235.13
2026-06-20 04:00:00,7.891,7.929,7.879,7.926,182322.63
2026-06-20 05:00:00,7.927,8.011,7.921,7.984,418932.65
2026-06-20 06:00:00,7.985,8.005,7.973,7.985,184467.63
2026-06-20 07:00:00,7.986,8.004,7.948,7.959,235012.42
2026-06-20 08:00:00,7.959,7.961,7.921,7.936,293425.1
2026-06-20 09:00:00,7.937,7.981,7.937,7.963,310104.59
2026-06-20 10:00:00,7.963,7.973,7.937,7.953,124112.26
2026-06-20 11:00:00,7.954,7.959,7.933,7.933,170433.35
2026-06-20 12:00:00,7.933,7.948,7.908,7.922,179156.89
2026-06-20 13:00:00,7.922,7.93,7.853,7.87,404273.82
2026-06-20 14:00:00,7.87,7.986,7.818,7.931,926074.83
2026-06-20 15:00:00,7.931,8.007,7.913,7.963,534743.02
2026-06-20 16:00:00,7.964,7.964,7.918,7.959,316719.38
2026-06-20 17:00:00,7.959,7.959,7.86,7.899,416608.5
2026-06-20 18:00:00,7.899,7.925,7.882,7.889,132533.29
2026-06-20 19:00:00,7.888,7.906,7.878,7.896,144172.93
2026-06-20 20:00:00,7.897,7.909,7.884,7.902,84791.66
2026-06-20 21:00:00,7.903,7.94,7.899,7.928,163116.01
2026-06-20 22:00:00,7.927,8.013,7.914,7.985,341108.81
2026-06-20 23:00:00,7.985,8.009,7.977,7.983,151688.76
2026-06-21 00:00:00,7.984,7.99,7.953,7.971,157132.46
2026-06-21 01:00:00,7.97,7.975,7.946,7.958,138236.7
2026-06-21 02:00:00,7.958,7.962,7.934,7.945,93894.89
2026-06-21 03:00:00,7.945,7.984,7.932,7.967,140238.64
2026-06-21 04:00:00,7.967,7.982,7.932,7.937,128830.98
2026-06-21 05:00:00,7.938,7.938,7.913,7.922,156790.52
2026-06-21 06:00:00,7.921,7.951,7.916,7.936,117492.78
2026-06-21 07:00:00,7.937,7.969,7.922,7.945,133751.97
2026-06-21 08:00:00,7.946,7.956,7.891,7.939,251872.58
2026-06-21 09:00:00,7.939,7.99,7.93,7.981,301311.96
2026-06-21 10:00:00,7.981,8.009,7.966,7.972,280261.12
2026-06-21 11:00:00,7.972,7.979,7.915,7.931,258386.15
2026-06-21 12:00:00,7.931,7.941,7.897,7.936,370939.87
2026-06-21 13:00:00,7.935,7.957,7.924,7.952,224899.97
2026-06-21 14:00:00,7.952,7.962,7.931,7.962,166012.36
2026-06-21 15:00:00,7.963,7.987,7.957,7.984,313018.62
2026-06-21 16:00:00,7.983,7.987,7.912,7.948,316711.75
2026-06-21 17:00:00,7.948,7.97,7.928,7.938,205904.76
2026-06-21 18:00:00,7.937,7.966,7.903,7.954,280882.04
2026-06-21 19:00:00,7.953,7.969,7.942,7.949,114714.68
2026-06-21 20:00:00,7.95,7.955,7.867,7.884,398105.88
2026-06-21 21:00:00,7.884,7.888,7.77,7.846,678511.92
2026-06-21 22:00:00,7.845,7.87,7.8,7.832,339710.32
2026-06-21 23:00:00,7.831,7.831,7.762,7.778,373611.24
2026-06-22 00:00:00,7.777,7.904,7.775,7.882,616181.5
2026-06-22 01:00:00,7.882,8.018,7.862,7.958,944451.97
2026-06-22 02:00:00,7.958,7.968,7.9,7.901,374982.36
2026-06-22 03:00:00,7.901,7.925,7.854,7.863,398380.49
2026-06-22 04:00:00,7.863,7.899,7.85,7.896,212040.9
2026-06-22 05:00:00,7.896,7.948,7.891,7.942,376368.88
2026-06-22 06:00:00,7.942,7.964,7.895,7.905,409920.19
2026-06-22 07:00:00,7.906,7.99,7.901,7.961,325970.26
2026-06-22 08:00:00,7.961,8.009,7.942,7.984,376919.26
2026-06-22 09:00:00,7.983,8.006,7.972,7.982,239401.21
2026-06-22 10:00:00,7.981,8.015,7.974,7.994,244069.82
2026-06-22 11:00:00,7.994,8.094,7.983,8.084,822830.67
2026-06-22 12:00:00,8.084,8.125,8.074,8.108,622712.33
2026-06-22 13:00:00,8.109,8.153,8.079,8.144,595036.2
2026-06-22 14:00:00,8.144,8.146,7.984,8.015,735061.88
2026-06-22 15:00:00,8.015,8.054,7.969,7.983,537399.36
2026-06-22 16:00:00,7.983,7.995,7.948,7.983,513528.65
2026-06-22 17:00:00,7.983,7.989,7.907,7.953,497616.59
2026-06-22 18:00:00,7.952,7.975,7.888,7.899,340595.1
2026-06-22 19:00:00,7.9,7.916,7.879,7.909,277709.52
2026-06-22 20:00:00,7.909,7.935,7.893,7.915,168261.29
2026-06-22 21:00:00,7.915,7.921,7.863,7.896,168141.91
2026-06-22 22:00:00,7.896,7.914,7.815,7.853,471816.82
2026-06-22 23:00:00,7.853,7.885,7.84,7.868,219227.02
2026-06-23 00:00:00,7.867,7.873,7.822,7.866,321573.21
2026-06-23 01:00:00,7.866,7.912,7.827,7.878,720833.19
2026-06-23 02:00:00,7.879,7.91,7.853,7.899,250729.94
2026-06-23 03:00:00,7.899,7.9,7.857,7.898,221477.2
2026-06-23 04:00:00,7.899,7.903,7.833,7.836,184090.61
2026-06-23 05:00:00,7.836,7.853,7.806,7.83,332999.29
2026-06-23 06:00:00,7.83,7.832,7.63,7.696,1917152.65
2026-06-23 07:00:00,7.696,7.722,7.651,7.657,441894.13
2026-06-23 08:00:00,7.657,7.665,7.474,7.522,1991034.87
2026-06-23 09:00:00,7.522,7.551,7.516,7.537,356833.4
2026-06-23 10:00:00,7.537,7.567,7.521,7.541,306686.15
2026-06-23 11:00:00,7.542,7.624,7.533,7.61,520971.53
2026-06-23 12:00:00,7.611,7.617,7.56,7.579,325188.66
2026-06-23 13:00:00,7.579,7.633,7.54,7.621,705846.01
2026-06-23 14:00:00,7.62,7.673,7.585,7.606,835072.23
2026-06-23 15:00:00,7.608,7.69,7.553,7.619,2233496.82
2026-06-23 16:00:00,7.618,7.664,7.596,7.599,898413.42
2026-06-23 17:00:00,7.599,7.626,7.563,7.574,370280.15
2026-06-23 18:00:00,7.574,7.601,7.541,7.563,284818.88
2026-06-23 19:00:00,7.563,7.598,7.557,7.574,580647.86
2026-06-23 20:00:00,7.574,7.6,7.567,7.578,205550.0
2026-06-23 21:00:00,7.578,7.611,7.577,7.602,256084.15
2026-06-23 22:00:00,7.601,7.644,7.595,7.613,220756.52
2026-06-23 23:00:00,7.613,7.642,7.581,7.629,156100.68
2026-06-24 00:00:00,7.63,7.66,7.603,7.619,538019.82
2026-06-24 01:00:00,7.619,7.662,7.583,7.628,384918.49
2026-06-24 02:00:00,7.627,7.633,7.578,7.58,229343.94
2026-06-24 03:00:00,7.58,7.601,7.545,7.582,287559.3
2026-06-24 04:00:00,7.582,7.601,7.525,7.59,281930.16
2026-06-24 05:00:00,7.589,7.668,7.589,7.645,243757.09
2026-06-24 06:00:00,7.645,7.652,7.622,7.637,180662.21
2026-06-24 07:00:00,7.637,7.646,7.593,7.602,269369.13
2026-06-24 08:00:00,7.603,7.626,7.589,7.622,165926.54
2026-06-24 09:00:00,7.622,7.624,7.594,7.62,184043.36
2026-06-24 10:00:00,7.62,7.624,7.57,7.576,273736.49
2026-06-24 11:00:00,7.576,7.698,7.533,7.63,783397.84
2026-06-24 12:00:00,7.63,7.637,7.576,7.583,486190.91
2026-06-24 13:00:00,7.584,7.59,7.453,7.469,1577028.5
2026-06-24 14:00:00,7.468,7.529,7.442,7.498,924506.14
2026-06-24 15:00:00,7.498,7.5,7.359,7.363,1096562.33
2026-06-24 16:00:00,7.362,7.449,7.204,7.264,1990116.51
2026-06-24 17:00:00,7.263,7.291,7.116,7.134,2051893.18
2026-06-24 18:00:00,7.134,7.26,7.118,7.186,782395.95
2026-06-24 19:00:00,7.186,7.247,7.167,7.238,505767.92
2026-06-24 20:00:00,7.238,7.425,7.228,7.392,864857.21
2026-06-24 21:00:00,7.393,7.449,7.359,7.446,343175.71
2026-06-24 22:00:00,7.446,7.479,7.395,7.405,493016.37
2026-06-24 23:00:00,7.404,7.429,7.393,7.422,179875.33
2026-06-25 00:00:00,7.422,7.44,7.383,7.396,251205.02
2026-06-25 01:00:00,7.396,7.413,7.379,7.404,162861.45
2026-06-25 02:00:00,7.404,7.42,7.386,7.406,188318.02
2026-06-25 03:00:00,7.406,7.419,7.384,7.4,193032.99
2026-06-25 04:00:00,7.4,7.475,7.377,7.464,219690.65
2026-06-25 05:00:00,7.464,7.535,7.454,7.509,530141.13
2026-06-25 06:00:00,7.509,7.548,7.503,7.521,407389.41
2026-06-25 07:00:00,7.521,7.534,7.499,7.532,355096.6
2026-06-25 08:00:00,7.532,7.533,7.495,7.505,239855.17
2026-06-25 09:00:00,7.505,7.513,7.477,7.489,174483.87
2026-06-25 10:00:00,7.488,7.494,7.441,7.445,268718.45
2026-06-25 11:00:00,7.445,7.46,7.419,7.436,334065.31
2026-06-25 12:00:00,7.436,7.503,7.385,7.447,789779.03
2026-06-25 13:00:00,7.446,7.486,7.001,7.024,3037141.23
2026-06-25 14:00:00,7.024,7.301,7.023,7.185,2547103.71
2026-06-25 15:00:00,7.185,7.229,7.097,7.211,925347.58
2026-06-25 16:00:00,7.212,7.28,7.157,7.193,613242.56
2026-06-25 17:00:00,7.193,7.278,7.181,7.276,740293.03
2026-06-25 18:00:00,7.275,7.283,7.171,7.198,430183.25
2026-06-25 19:00:00,7.198,7.198,7.131,7.177,414936.65
2026-06-25 20:00:00,7.177,7.227,7.174,7.187,328381.87
2026-06-25 21:00:00,7.187,7.278,7.182,7.278,330171.61
2026-06-25 22:00:00,7.277,7.284,7.233,7.237,244761.97
2026-06-25 23:00:00,7.237,7.296,7.225,7.244,267019.7
2026-06-26 00:00:00,7.245,7.262,7.217,7.229,299239.2
2026-06-26 01:00:00,7.229,7.247,7.159,7.173,348098.16
2026-06-26 02:00:00,7.173,7.178,7.024,7.055,1078090.72
2026-06-26 03:00:00,7.056,7.22,7.009,7.201,902371.57
2026-06-26 04:00:00,7.201,7.224,7.168,7.174,406076.14
2026-06-26 05:00:00,7.175,7.219,7.164,7.193,243703.93
2026-06-26 06:00:00,7.192,7.278,7.152,7.273,468126.97
2026-06-26 07:00:00,7.273,7.338,7.266,7.322,536389.05
2026-06-26 08:00:00,7.322,7.332,7.243,7.255,508007.86
2026-06-26 09:00:00,7.255,7.268,7.181,7.186,476669.66
2026-06-26 10:00:00,7.186,7.2,7.143,7.155,358895.5
2026-06-26 11:00:00,7.156,7.187,7.12,7.145,291901.38
2026-06-26 12:00:00,7.145,7.229,7.083,7.123,832369.61
2026-06-26 13:00:00,7.124,7.271,7.051,7.266,1256404.38
2026-06-26 14:00:00,7.266,7.288,7.202,7.227,1243690.27
2026-06-26 15:00:00,7.227,7.356,7.216,7.333,986899.84
2026-06-26 16:00:00,7.333,7.399,7.297,7.344,684436.6
2026-06-26 17:00:00,7.344,7.389,7.34,7.363,377283.32
2026-06-26 18:00:00,7.363,7.383,7.284,7.297,350512.13
2026-06-26 19:00:00,7.297,7.369,7.284,7.323,372493.26
2026-06-26 20:00:00,7.323,7.385,7.304,7.31,466128.31
2026-06-26 21:00:00,7.309,7.339,7.29,7.309,165818.72
2026-06-26 22:00:00,7.308,7.354,7.285,7.35,393927.78
2026-06-26 23:00:00,7.35,7.371,7.343,7.349,275466.85
2026-06-27 00:00:00,7.349,7.381,7.319,7.349,205955.65
2026-06-27 01:00:00,7.348,7.357,7.335,7.352,108806.88
2026-06-27 02:00:00,7.352,7.411,7.343,7.396,331253.96
2026-06-27 03:00:00,7.396,7.399,7.357,7.361,245016.97
2026-06-27 04:00:00,7.362,7.396,7.358,7.361,124504.3
2026-06-27 05:00:00,7.361,7.372,7.34,7.368,148963.57
2026-06-27 06:00:00,7.368,7.402,7.347,7.378,209078.9
2026-06-27 07:00:00,7.379,7.389,7.359,7.381,159166.98
2026-06-27 08:00:00,7.382,7.383,7.356,7.369,122884.4
2026-06-27 09:00:00,7.37,7.379,7.34,7.374,264487.09
2026-06-27 10:00:00,7.373,7.38,7.351,7.365,172823.74
2026-06-27 11:00:00,7.365,7.366,7.327,7.353,158854.16
2026-06-27 12:00:00,7.353,7.374,7.336,7.373,144735.43
2026-06-27 13:00:00,7.373,7.392,7.367,7.387,458887.97
2026-06-27 14:00:00,7.387,7.421,7.378,7.408,272402.18
2026-06-27 15:00:00,7.409,7.473,7.407,7.451,389760.1
2026-06-27 16:00:00,7.451,7.465,7.431,7.449,238423.19
2026-06-27 17:00:00,7.448,7.449,7.361,7.373,633332.89
2026-06-27 18:00:00,7.373,7.386,7.359,7.383,194679.17
2026-06-27 19:00:00,7.383,7.396,7.3,7.321,462620.37
2026-06-27 20:00:00,7.322,7.344,7.319,7.334,137329.77
2026-06-27 21:00:00,7.334,7.342,7.291,7.303,264865.14
2026-06-27 22:00:00,7.302,7.324,7.242,7.322,596590.16
2026-06-27 23:00:00,7.322,7.331,7.284,7.291,149962.39
2026-06-28 00:00:00,7.291,7.314,7.285,7.293,147550.42
2026-06-28 01:00:00,7.292,7.302,7.277,7.292,170356.09
2026-06-28 02:00:00,7.291,7.312,7.265,7.271,179081.67
2026-06-28 03:00:00,7.271,7.306,7.271,7.303,188487.44
2026-06-28 04:00:00,7.303,7.307,7.273,7.29,199565.1
2026-06-28 05:00:00,7.29,7.291,7.235,7.262,223487.84
2026-06-28 06:00:00,7.263,7.266,7.214,7.251,337218.01
2026-06-28 07:00:00,7.251,7.302,7.251,7.3,241828.44
2026-06-28 08:00:00,7.3,7.355,7.289,7.323,326693.71
2026-06-28 09:00:00,7.322,7.347,7.285,7.287,340890.04
2026-06-28 10:00:00,7.287,7.309,7.228,7.247,632613.47
2026-06-28 11:00:00,7.247,7.289,7.235,7.286,342130.23
2026-06-28 12:00:00,7.286,7.312,7.257,7.283,219047.75
2026-06-28 13:00:00,7.282,7.284,7.237,7.253,245550.35
2026-06-28 14:00:00,7.254,7.31,7.253,7.287,269762.79
2026-06-28 15:00:00,7.287,7.327,7.28,7.313,394106.27
2026-06-28 16:00:00,7.314,7.317,7.222,7.241,478723.23
2026-06-28 17:00:00,7.241,7.272,7.201,7.249,323265.99
2026-06-28 18:00:00,7.249,7.264,7.22,7.245,235624.45
2026-06-28 19:00:00,7.244,7.263,7.191,7.225,244937.85
2026-06-28 20:00:00,7.224,7.277,7.221,7.249,190775.09
2026-06-28 21:00:00,7.248,7.252,7.163,7.19,520171.53
2026-06-28 22:00:00,7.19,7.275,7.152,7.189,568627.64
2026-06-28 23:00:00,7.189,7.291,7.181,7.266,234039.98
2026-06-29 00:00:00,7.265,7.281,7.19,7.274,431932.47
2026-06-29 01:00:00,7.274,7.278,7.216,7.255,216486.28
2026-06-29 02:00:00,7.256,7.304,7.172,7.298,446474.14
2026-06-29 03:00:00,7.298,7.364,7.298,7.327,556521.53
2026-06-29 04:00:00,7.328,7.329,7.272,7.279,373423.8
2026-06-29 05:00:00,7.28,7.306,7.216,7.306,356943.51
2026-06-29 06:00:00,7.307,7.349,7.301,7.309,318789.78
2026-06-29 07:00:00,7.309,7.33,7.282,7.317,215953.61
2026-06-29 08:00:00,7.318,7.338,7.273,7.283,296954.94
2026-06-29 09:00:00,7.283,7.33,7.28,7.32,315517.78
2026-06-29 10:00:00,7.32,7.361,7.32,7.331,356724.01
2026-06-29 11:00:00,7.332,7.353,7.285,7.302,371793.74
2026-06-29 12:00:00,7.303,7.407,7.259,7.315,942426.71
2026-06-29 13:00:00,7.316,7.359,7.243,7.281,797927.37
2026-06-29 14:00:00,7.282,7.293,7.194,7.282,1173700.53
2026-06-29 15:00:00,7.283,7.342,7.216,7.323,812910.91
2026-06-29 16:00:00,7.324,7.351,7.276,7.332,629431.67
2026-06-29 17:00:00,7.333,7.499,7.331,7.468,1434775.6
2026-06-29 18:00:00,7.469,7.478,7.435,7.447,290932.8
2026-06-29 19:00:00,7.448,7.48,7.431,7.468,249441.68
2026-06-29 20:00:00,7.469,7.473,7.434,7.434,226655.49
2026-06-29 21:00:00,7.435,7.472,7.418,7.45,249813.92
2026-06-29 22:00:00,7.451,7.461,7.405,7.406,175940.62
2026-06-29 23:00:00,7.406,7.408,7.367,7.377,408132.99
2026-06-30 00:00:00,7.376,7.393,7.29,7.304,695729.76
2026-06-30 01:00:00,7.305,7.329,7.267,7.3,348156.76
2026-06-30 02:00:00,7.3,7.315,7.273,7.304,226506.08
2026-06-30 03:00:00,7.305,7.327,7.273,7.287,234112.5
2026-06-30 04:00:00,7.287,7.311,7.264,7.301,301468.13
2026-06-30 05:00:00,7.301,7.311,7.275,7.308,193343.95
2026-06-30 06:00:00,7.309,7.322,7.288,7.306,159246.52
2026-06-30 07:00:00,7.306,7.313,7.287,7.297,302903.44
2026-06-30 08:00:00,7.297,7.302,7.242,7.263,532311.56
2026-06-30 09:00:00,7.264,7.285,7.252,7.28,186838.22
2026-06-30 10:00:00,7.28,7.289,7.266,7.276,155401.67
2026-06-30 11:00:00,7.277,7.282,7.239,7.253,350679.68
2026-06-30 12:00:00,7.253,7.253,7.118,7.121,1375190.35
2026-06-30 13:00:00,7.12,7.213,7.116,7.21,882262.23
2026-06-30 14:00:00,7.21,7.268,7.151,7.166,787907.51
2026-06-30 15:00:00,7.166,7.212,7.14,7.153,590647.49
2026-06-30 16:00:00,7.154,7.194,7.119,7.185,547223.79
2026-06-30 17:00:00,7.185,7.213,7.17,7.175,270993.79
2026-06-30 18:00:00,7.175,7.232,7.165,7.217,355537.79
2026-06-30 19:00:00,7.216,7.228,7.19,7.208,227083.56
2026-06-30 20:00:00,7.207,7.213,7.169,7.179,187162.98
2026-06-30 21:00:00,7.178,7.187,7.147,7.176,244219.89
2026-06-30 22:00:00,7.176,7.203,7.162,7.174,160745.36
2026-06-30 23:00:00,7.174,7.199,7.166,7.196,182699.25
2026-07-01 00:00:00,7.197,7.208,7.167,7.197,308121.8
2026-07-01 01:00:00,7.197,7.238,7.07,7.208,1218542.86
2026-07-01 02:00:00,7.209,7.258,7.184,7.253,483475.35
2026-07-01 03:00:00,7.254,7.305,7.224,7.287,530056.82
2026-07-01 04:00:00,7.288,7.34,7.277,7.311,432560.72
2026-07-01 05:00:00,7.311,7.316,7.262,7.276,325139.22
2026-07-01 06:00:00,7.275,7.277,7.177,7.196,657062.14
2026-07-01 07:00:00,7.197,7.211,7.174,7.202,296887.52
2026-07-01 08:00:00,7.201,7.244,7.17,7.243,365487.48
2026-07-01 09:00:00,7.243,7.261,7.23,7.254,441582.8
2026-07-01 10:00:00,7.254,7.262,7.217,7.22,368918.54
2026-07-01 11:00:00,7.22,7.238,7.198,7.217,270199.14
2026-07-01 12:00:00,7.218,7.228,7.186,7.199,444284.71
2026-07-01 13:00:00,7.2,7.31,7.186,7.306,891734.56
2026-07-01 14:00:00,7.305,7.395,7.284,7.344,1111443.56
2026-07-01 15:00:00,7.344,7.461,7.344,7.411,808551.52
2026-07-01 16:00:00,7.411,7.445,7.363,7.371,515907.53
2026-07-01 17:00:00,7.371,7.407,7.346,7.399,352510.8
2026-07-01 18:00:00,7.398,7.407,7.347,7.367,243869.29
2026-07-01 19:00:00,7.366,7.391,7.359,7.375,460534.57
2026-07-01 20:00:00,7.376,7.407,7.358,7.406,266576.11
2026-07-01 21:00:00,7.406,7.498,7.404,7.476,496669.63
2026-07-01 22:00:00,7.475,7.533,7.436,7.442,1095477.61
2026-07-01 23:00:00,7.442,7.474,7.342,7.355,1084567.81
2026-07-02 00:00:00,7.355,7.359,7.301,7.339,395323.9
2026-07-02 01:00:00,7.34,7.429,7.336,7.424,1113846.45
2026-07-02 02:00:00,7.425,7.429,7.391,7.408,452163.86
2026-07-02 03:00:00,7.408,7.544,7.404,7.534,628368.18
2026-07-02 04:00:00,7.535,7.539,7.487,7.509,327670.27
2026-07-02 05:00:00,7.509,7.515,7.465,7.478,211368.46
2026-07-02 06:00:00,7.478,7.487,7.438,7.442,263233.59
2026-07-02 07:00:00,7.442,7.456,7.423,7.45,327092.24
2026-07-02 08:00:00,7.449,7.503,7.444,7.501,327757.81
2026-07-02 09:00:00,7.5,7.617,7.481,7.586,1175099.7
2026-07-02 10:00:00,7.585,7.662,7.576,7.631,914326.41
2026-07-02 11:00:00,7.631,7.663,7.62,7.655,513119.24
2026-07-02 12:00:00,7.654,7.75,7.638,7.737,1139616.95
2026-07-02 13:00:00,7.737,7.907,7.722,7.877,2228970.26
2026-07-02 14:00:00,7.877,7.942,7.771,7.797,1727982.64
2026-07-02 15:00:00,7.797,7.81,7.747,7.784,613039.87
2026-07-02 16:00:00,7.784,7.818,7.72,7.771,628123.33
2026-07-02 17:00:00,7.77,7.795,7.743,7.752,562720.0
2026-07-02 18:00:00,7.752,7.784,7.748,7.757,343879.48
2026-07-02 19:00:00,7.757,7.767,7.72,7.742,587797.48
2026-07-02 20:00:00,7.742,7.756,7.713,7.746,363636.07
2026-07-02 21:00:00,7.746,7.75,7.719,7.737,278484.63
2026-07-02 22:00:00,7.736,7.738,7.691,7.708,331452.72
2026-07-02 23:00:00,7.708,7.754,7.695,7.745,317834.5
2026-07-03 00:00:00,7.744,7.756,7.72,7.726,286149.5
2026-07-03 01:00:00,7.725,7.829,7.717,7.809,561525.34
2026-07-03 02:00:00,7.809,7.817,7.733,7.779,481804.4
2026-07-03 03:00:00,7.778,7.798,7.741,7.762,330624.01
2026-07-03 04:00:00,7.762,7.766,7.726,7.73,309479.56
2026-07-03 05:00:00,7.729,7.794,7.725,7.772,290466.72
2026-07-03 06:00:00,7.772,7.807,7.757,7.771,324468.28
2026-07-03 07:00:00,7.771,7.787,7.762,7.765,300205.16
2026-07-03 08:00:00,7.765,7.824,7.763,7.777,447938.52
2026-07-03 09:00:00,7.777,7.812,7.758,7.787,337952.02
2026-07-03 10:00:00,7.786,7.878,7.786,7.842,561971.64
2026-07-03 11:00:00,7.842,7.88,7.831,7.873,389572.75
2026-07-03 12:00:00,7.872,7.892,7.829,7.834,428156.19
2026-07-03 13:00:00,7.835,7.872,7.833,7.866,344320.26
2026-07-03 14:00:00,7.866,7.866,7.805,7.852,475084.14
2026-07-03 15:00:00,7.853,7.893,7.824,7.842,482685.91
2026-07-03 16:00:00,7.842,7.869,7.81,7.856,374104.88
2026-07-03 17:00:00,7.855,7.895,7.847,7.887,277436.34
2026-07-03 18:00:00,7.887,7.926,7.876,7.906,272688.4
2026-07-03 19:00:00,7.906,7.973,7.897,7.944,517183.41
2026-07-03 20:00:00,7.944,8.037,7.923,8.006,861817.63
2026-07-03 21:00:00,8.007,8.029,7.954,7.98,408970.98
2026-07-03 22:00:00,7.981,7.988,7.941,7.949,222489.6
2026-07-03 23:00:00,7.948,7.975,7.933,7.971,171236.89
2026-07-04 00:00:00,7.97,7.988,7.94,7.948,273729.04
2026-07-04 01:00:00,7.947,7.947,7.892,7.91,440923.08
2026-07-04 02:00:00,7.911,7.927,7.896,7.911,231479.68
2026-07-04 03:00:00,7.912,7.937,7.898,7.918,288321.5
2026-07-04 04:00:00,7.919,7.975,7.912,7.968,404222.32
2026-07-04 05:00:00,7.968,7.968,7.911,7.916,215836.0
2026-07-04 06:00:00,7.916,7.948,7.887,7.904,239145.04
2026-07-04 07:00:00,7.904,7.924,7.891,7.921,207718.43
2026-07-04 08:00:00,7.921,7.944,7.912,7.929,244864.51
2026-07-04 09:00:00,7.929,7.934,7.874,7.885,329043.53
2026-07-04 10:00:00,7.885,7.909,7.877,7.9,166098.51
2026-07-04 11:00:00,7.9,7.916,7.894,7.908,172846.52
2026-07-04 12:00:00,7.908,7.956,7.908,7.953,292709.85
2026-07-04 13:00:00,7.954,7.99,7.916,7.938,428411.3
2026-07-04 14:00:00,7.937,8.013,7.936,8.007,590559.01
2026-07-04 15:00:00,8.007,8.101,8.003,8.084,1003326.96
2026-07-04 16:00:00,8.084,8.099,8.054,8.084,518035.45
2026-07-04 17:00:00,8.084,8.157,8.052,8.137,575959.31
2026-07-04 18:00:00,8.137,8.174,8.077,8.09,517466.04
2026-07-04 19:00:00,8.089,8.098,8.054,8.073,270041.32
2026-07-04 20:00:00,8.073,8.087,8.03,8.048,263911.98
2026-07-04 21:00:00,8.048,8.08,8.042,8.044,180803.32
2026-07-04 22:00:00,8.044,8.05,8.007,8.018,185065.4
2026-07-04 23:00:00,8.018,8.029,7.968,8.001,437176.81
2026-07-05 00:00:00,8.001,8.006,7.943,7.964,365617.27
2026-07-05 01:00:00,7.964,7.976,7.906,7.936,375179.35
2026-07-05 02:00:00,7.937,7.94,7.87,7.887,440481.18
2026-07-05 03:00:00,7.887,7.916,7.875,7.888,446339.09
2026-07-05 04:00:00,7.888,7.926,7.877,7.896,248317.63
2026-07-05 05:00:00,7.896,7.898,7.84,7.872,325525.23
2026-07-05 06:00:00,7.872,7.89,7.855,7.886,221781.94
2026-07-05 07:00:00,7.886,7.927,7.871,7.921,320895.63
2026-07-05 08:00:00,7.921,7.94,7.911,7.926,315712.5
2026-07-05 09:00:00,7.926,7.93,7.839,7.859,473200.53
2026-07-05 10:00:00,7.858,7.887,7.834,7.883,240205.07
2026-07-05 11:00:00,7.883,7.9,7.874,7.885,128396.35
2026-07-05 12:00:00,7.884,7.943,7.867,7.918,322872.0
2026-07-05 13:00:00,7.919,7.935,7.901,7.934,213761.79
2026-07-05 14:00:00,7.935,7.968,7.925,7.968,313442.43
2026-07-05 15:00:00,7.968,8.008,7.943,7.962,427279.15
2026-07-05 16:00:00,7.961,7.976,7.937,7.962,236554.33
2026-07-05 17:00:00,7.961,8.006,7.961,7.975,286670.39
2026-07-05 18:00:00,7.974,8.035,7.973,8.015,262623.5
2026-07-05 19:00:00,8.014,8.03,7.997,8.016,203062.39
2026-07-05 20:00:00,8.015,8.028,7.988,8.003,167944.32
2026-07-05 21:00:00,8.002,8.08,7.972,8.047,316894.77
2026-07-05 22:00:00,8.046,8.149,8.03,8.092,623421.13
2026-07-05 23:00:00,8.092,8.131,8.047,8.06,304590.31
2026-07-06 00:00:00,8.06,8.109,7.998,8.105,644739.96
2026-07-06 01:00:00,8.105,8.132,8.052,8.055,493220.88
2026-07-06 02:00:00,8.056,8.067,8.007,8.025,344694.58
2026-07-06 03:00:00,8.024,8.031,7.967,7.994,564927.51
2026-07-06 04:00:00,7.993,8.002,7.969,7.977,174400.52
2026-07-06 05:00:00,7.977,7.977,7.899,7.936,624710.47
2026-07-06 06:00:00,7.935,7.946,7.917,7.927,238380.39
2026-07-06 07:00:00,7.926,7.957,7.914,7.947,228485.73
2026-07-06 08:00:00,7.947,7.971,7.926,7.934,278653.41
2026-07-06 09:00:00,7.934,7.936,7.88,7.894,387328.01
2026-07-06 10:00:00,7.894,7.972,7.891,7.969,371579.98
2026-07-06 11:00:00,7.969,7.985,7.917,7.92,407677.55
2026-07-06 12:00:00,7.92,7.921,7.797,7.801,1637810.75
2026-07-06 13:00:00,7.8,7.865,7.756,7.823,1244922.49
2026-07-06 14:00:00,7.823,7.914,7.814,7.853,708671.65
2026-07-06 15:00:00,7.854,8.023,7.853,8.017,851122.07
2026-07-06 16:00:00,8.016,8.082,7.989,8.035,1096716.23
2026-07-06 17:00:00,8.036,8.056,7.986,7.988,330202.03
2026-07-06 18:00:00,7.989,8.025,7.981,8.011,269110.89
2026-07-06 19:00:00,8.011,8.031,7.995,7.999,190551.5
2026-07-06 20:00:00,8.0,8.014,7.968,7.993,241362.54
2026-07-06 21:00:00,7.993,8.172,7.991,8.089,1238411.35
2026-07-06 22:00:00,8.09,8.096,8.043,8.051,223662.39
2026-07-06 23:00:00,8.051,8.069,8.009,8.018,155591.32
2026-07-07 00:00:00,8.018,8.065,8.01,8.033,266737.52
2026-07-07 01:00:00,8.033,8.034,7.953,7.976,387828.45
2026-07-07 02:00:00,7.975,7.984,7.904,7.911,299996.92
2026-07-07 03:00:00,7.91,7.92,7.872,7.882,244713.89
2026-07-07 04:00:00,7.881,7.885,7.85,7.866,212701.94
2026-07-07 05:00:00,7.866,7.893,7.807,7.883,570666.96
2026-07-07 06:00:00,7.882,7.938,7.859,7.925,306303.17
2026-07-07 07:00:00,7.926,7.943,7.902,7.904,205184.53
2026-07-07 08:00:00,7.904,7.919,7.884,7.895,256478.12
2026-07-07 09:00:00,7.896,7.925,7.886,7.908,212469.19
2026-07-07 10:00:00,7.907,7.956,7.902,7.909,294772.74
2026-07-07 11:00:00,7.909,7.934,7.881,7.924,316161.54
2026-07-07 12:00:00,7.923,7.984,7.921,7.926,368606.57
2026-07-07 13:00:00,7.926,7.926,7.849,7.858,608747.57
2026-07-07 14:00:00,7.857,7.942,7.793,7.926,827966.97
2026-07-07 15:00:00,7.926,8.021,7.901,7.996,628809.57
2026-07-07 16:00:00,7.996,8.046,7.975,8.012,519502.4
2026-07-07 17:00:00,8.012,8.023,7.985,8.016,249727.21
2026-07-07 18:00:00,8.015,8.016,7.915,7.917,448936.49
2026-07-07 19:00:00,7.916,7.939,7.856,7.926,576945.3
2026-07-07 20:00:00,7.926,7.938,7.878,7.89,198810.34
2026-07-07 21:00:00,7.889,7.912,7.824,7.839,445761.61
2026-07-07 22:00:00,7.838,7.875,7.794,7.865,284174.71
2026-07-07 23:00:00,7.864,7.891,7.847,7.857,144381.48
2026-07-08 00:00:00,7.858,7.893,7.831,7.874,459039.37
2026-07-08 01:00:00,7.874,7.88,7.731,7.746,751987.94
2026-07-08 02:00:00,7.746,7.746,7.66,7.713,966179.57
2026-07-08 03:00:00,7.714,7.739,7.683,7.692,308060.05
2026-07-08 04:00:00,7.693,7.713,7.676,7.703,205704.47
2026-07-08 05:00:00,7.703,7.725,7.67,7.684,248503.85
2026-07-08 06:00:00,7.684,7.689,7.645,7.673,362027.6
2026-07-08 07:00:00,7.673,7.708,7.647,7.698,237625.01
2026-07-08 08:00:00,7.698,7.719,7.544,7.574,1651583.64
2026-07-08 09:00:00,7.575,7.6,7.541,7.573,520629.53
2026-07-08 10:00:00,7.574,7.614,7.553,7.606,356610.61
2026-07-08 11:00:00,7.606,7.648,7.587,7.633,385425.75
2026-07-08 12:00:00,7.633,7.638,7.584,7.586,430354.07
2026-07-08 13:00:00,7.586,7.636,7.564,7.623,660078.22
2026-07-08 14:00:00,7.622,7.638,7.548,7.58,610057.28
2026-07-08 15:00:00,7.58,7.584,7.517,7.548,530984.8
2026-07-08 16:00:00,7.547,7.622,7.538,7.62,498867.06
2026-07-08 17:00:00,7.62,7.658,7.599,7.608,434547.04
2026-07-08 18:00:00,7.607,7.638,7.59,7.622,313781.4
2026-07-08 19:00:00,7.623,7.642,7.608,7.638,206535.23
2026-07-08 20:00:00,7.639,7.648,7.606,7.612,248736.5
2026-07-08 21:00:00,7.612,7.633,7.588,7.628,164801.42
2026-07-08 22:00:00,7.628,7.66,7.625,7.646,109943.62
2026-07-08 23:00:00,7.645,7.647,7.609,7.637,207240.59
2026-07-09 00:00:00,7.636,7.641,7.601,7.615,301196.72
2026-07-09 01:00:00,7.614,7.708,7.582,7.588,652720.11
2026-07-09 02:00:00,7.588,7.637,7.566,7.583,322333.54
2026-07-09 03:00:00,7.583,7.623,7.567,7.619,197333.37
2026-07-09 04:00:00,7.619,7.679,7.61,7.675,222759.15
2026-07-09 05:00:00,7.675,7.723,7.653,7.72,362306.71
2026-07-09 06:00:00,7.721,7.756,7.699,7.751,427669.13
2026-07-09 07:00:00,7.751,7.782,7.711,7.725,301143.09
2026-07-09 08:00:00,7.725,7.769,7.712,7.755,425749.36
2026-07-09 09:00:00,7.755,7.759,7.721,7.744,202648.8
2026-07-09 10:00:00,7.744,7.752,7.701,7.721,223899.67
2026-07-09 11:00:00,7.721,7.743,7.707,7.733,262895.49
2026-07-09 12:00:00,7.733,7.747,7.693,7.709,517827.78
2026-07-09 13:00:00,7.708,7.773,7.687,7.753,367913.38
2026-07-09 14:00:00,7.754,7.766,7.672,7.713,658272.13
2026-07-09 15:00:00,7.714,7.748,7.687,7.697,321794.87
2026-07-09 16:00:00,7.697,7.722,7.668,7.698,248725.26
2026-07-09 17:00:00,7.698,7.76,7.685,7.748,271789.44
2026-07-09 18:00:00,7.748,7.809,7.748,7.774,593854.05
2026-07-09 19:00:00,7.774,7.8,7.755,7.768,362303.85
2026-07-09 20:00:00,7.768,7.781,7.75,7.767,165411.55
2026-07-09 21:00:00,7.767,7.782,7.754,7.762,130409.22
2026-07-09 22:00:00,7.761,7.768,7.745,7.749,157765.08
2026-07-09 23:00:00,7.749,7.765,7.719,7.728,153478.13
2026-07-10 00:00:00,7.729,7.741,7.703,7.741,209252.86
2026-07-10 01:00:00,7.742,7.917,7.722,7.873,823134.2
2026-07-10 02:00:00,7.873,7.935,7.866,7.926,678948.36
2026-07-10 03:00:00,7.926,7.929,7.876,7.904,313262.93
2026-07-10 04:00:00,7.903,7.913,7.873,7.889,246099.98
2026-07-10 05:00:00,7.889,7.922,7.881,7.91,246903.95
2026-07-10 06:00:00,7.911,7.921,7.883,7.895,198129.83
2026-07-10 07:00:00,7.895,7.92,7.883,7.895,165107.7
2026-07-10 08:00:00,7.896,7.98,7.892,7.955,446065.27
2026-07-10 09:00:00,7.954,7.982,7.921,7.965,331231.32
2026-07-10 10:00:00,7.965,8.014,7.951,7.981,396934.03
2026-07-10 11:00:00,7.981,7.993,7.964,7.989,176508.85
2026-07-10 12:00:00,7.989,8.016,7.938,7.946,423150.88
2026-07-10 13:00:00,7.946,8.003,7.944,7.983,567838.28
2026-07-10 14:00:00,7.983,7.988,7.847,7.893,801130.19
2026-07-10 15:00:00,7.892,7.935,7.887,7.921,360952.36
2026-07-10 16:00:00,7.921,7.968,7.906,7.958,255616.04
2026-07-10 17:00:00,7.957,7.968,7.912,7.913,220141.76
2026-07-10 18:00:00,7.914,7.947,7.883,7.899,255040.56
2026-07-10 19:00:00,7.898,7.943,7.891,7.913,206058.67
2026-07-10 20:00:00,7.914,7.921,7.892,7.907,177198.31
2026-07-10 21:00:00,7.906,7.951,7.905,7.947,146364.97
2026-07-10 22:00:00,7.946,7.964,7.945,7.959,99637.14
2026-07-10 23:00:00,7.959,7.967,7.944,7.966,116486.47
2026-07-11 00:00:00,7.966,7.969,7.935,7.966,202264.29
2026-07-11 01:00:00,7.966,7.994,7.951,7.958,219682.75
2026-07-11 02:00:00,7.958,7.986,7.954,7.981,131890.52
2026-07-11 03:00:00,7.98,8.004,7.967,7.993,218820.03
2026-07-11 04:00:00,7.993,8.001,7.982,7.999,191911.8
2026-07-11 05:00:00,7.999,8.011,7.988,8.003,186327.49
2026-07-11 06:00:00,8.002,8.017,7.977,7.979,210288.05
2026-07-11 07:00:00,7.979,7.991,7.966,7.988,199843.05
2026-07-11 08:00:00,7.988,8.012,7.987,8.002,227508.28
2026-07-11 09:00:00,8.001,8.01,7.971,7.974,187771.57
2026-07-11 10:00:00,7.974,7.993,7.968,7.979,171282.62
2026-07-11 11:00:00,7.979,8.004,7.975,8.0,110637.61
2026-07-11 12:00:00,8.0,8.029,7.993,8.026,209763.64
2026-07-11 13:00:00,8.026,8.058,8.009,8.022,339462.58
2026-07-11 14:00:00,8.022,8.089,8.022,8.046,406626.28
2026-07-11 15:00:00,8.046,8.089,8.018,8.058,553713.67
2026-07-11 16:00:00,8.057,8.069,8.033,8.066,236349.58
2026-07-11 17:00:00,8.066,8.117,8.055,8.084,357311.09
2026-07-11 18:00:00,8.083,8.105,8.075,8.099,194163.9
2026-07-11 19:00:00,8.099,8.102,8.062,8.077,124653.25
2026-07-11 20:00:00,8.076,8.079,8.058,8.064,122634.48
2026-07-11 21:00:00,8.064,8.08,8.044,8.045,209667.71
2026-07-11 22:00:00,8.045,8.046,7.996,8.004,279466.19
2026-07-11 23:00:00,8.003,8.007,7.902,7.908,658058.82
2026-07-12 00:00:00,7.908,7.923,7.854,7.896,711206.52
2026-07-12 01:00:00,7.896,7.97,7.889,7.963,413767.54
2026-07-12 02:00:00,7.963,7.98,7.946,7.972,218329.59
2026-07-12 03:00:00,7.972,8.043,7.963,8.037,279908.47
2026-07-12 04:00:00,8.038,8.044,7.994,8.006,236694.82
2026-07-12 05:00:00,8.007,8.023,7.971,7.993,214345.0
2026-07-12 06:00:00,7.992,7.992,7.923,7.958,407521.2
2026-07-12 07:00:00,7.958,7.984,7.954,7.97,176270.21
2026-07-12 08:00:00,7.969,8.028,7.965,8.014,338425.6
2026-07-12 09:00:00,8.014,8.032,7.974,8.025,304585.65
2026-07-12 10:00:00,8.025,8.025,8.003,8.019,186532.89
2026-07-12 11:00:00,8.019,8.034,7.993,8.025,234422.64
2026-07-12 12:00:00,8.024,8.054,8.017,8.047,230600.09
2026-07-12 13:00:00,8.046,8.063,8.028,8.029,291324.94
2026-07-12 14:00:00,8.029,8.101,8.01,8.083,572743.22
2026-07-12 15:00:00,8.082,8.087,8.05,8.067,323177.57
2026-07-12 16:00:00,8.067,8.074,8.028,8.065,285137.41
2026-07-12 17:00:00,8.064,8.076,8.016,8.027,290959.75
2026-07-12 18:00:00,8.027,8.052,8.016,8.051,141183.7
2026-07-12 19:00:00,8.051,8.081,8.04,8.074,138097.94
2026-07-12 20:00:00,8.074,8.084,8.06,8.079,149478.65
2026-07-12 21:00:00,8.078,8.099,8.038,8.039,166458.48
2026-07-12 22:00:00,8.038,8.038,7.941,7.982,545218.97
2026-07-12 23:00:00,7.981,8.003,7.961,7.992,229416.3
2026-07-13 00:00:00,7.991,8.134,7.974,8.085,1111602.79
2026-07-13 01:00:00,8.085,8.109,7.966,7.972,779766.04
2026-07-13 02:00:00,7.973,8.016,7.944,7.973,509247.92
2026-07-13 03:00:00,7.973,7.975,7.862,7.917,817302.27
2026-07-13 04:00:00,7.917,7.943,7.9,7.907,384596.19
2026-07-13 05:00:00,7.907,7.957,7.88,7.947,357400.47
2026-07-13 06:00:00,7.948,7.962,7.926,7.943,181467.51
2026-07-13 07:00:00,7.943,7.991,7.935,7.974,260843.26
2026-07-13 08:00:00,7.975,8.012,7.957,7.997,246267.99
2026-07-13 09:00:00,7.997,7.998,7.979,7.992,220000.84
2026-07-13 10:00:00,7.992,7.994,7.943,7.947,306970.76
2026-07-13 11:00:00,7.947,7.971,7.926,7.931,338860.91
2026-07-13 12:00:00,7.931,7.942,7.882,7.899,395449.81
2026-07-13 13:00:00,7.898,7.928,7.865,7.905,613020.31
2026-07-13 14:00:00,7.904,7.971,7.845,7.97,955978.11
2026-07-13 15:00:00,7.969,7.989,7.931,7.932,383681.67
2026-07-13 16:00:00,7.932,7.951,7.882,7.889,411631.92
2026-07-13 17:00:00,7.889,7.902,7.791,7.796,888094.34
2026-07-13 18:00:00,7.796,7.863,7.788,7.84,610403.56
2026-07-13 19:00:00,7.84,7.908,7.837,7.9,343361.9
2026-07-13 20:00:00,7.9,7.909,7.845,7.866,289628.11
2026-07-13 21:00:00,7.866,7.866,7.791,7.821,312888.07
2026-07-13 22:00:00,7.821,7.861,7.82,7.826,139565.64
2026-07-13 23:00:00,7.826,7.886,7.815,7.886,221479.88
2026-07-14 00:00:00,7.886,7.957,7.873,7.95,467091.27
2026-07-14 01:00:00,7.95,7.957,7.913,7.929,343577.87
2026-07-14 02:00:00,7.929,7.947,7.891,7.917,260580.98
2026-07-14 03:00:00,7.917,7.922,7.86,7.917,212130.24
2026-07-14 04:00:00,7.917,7.964,7.91,7.943,208087.04
2026-07-14 05:00:00,7.942,7.99,7.936,7.96,266083.53
2026-07-14 06:00:00,7.96,7.962,7.925,7.936,155821.54
2026-07-14 07:00:00,7.935,7.953,7.912,7.919,199193.64
2026-07-14 08:00:00,7.918,7.95,7.892,7.932,278935.12
2026-07-14 09:00:00,7.933,7.946,7.908,7.919,117741.12
2026-07-14 10:00:00,7.919,7.978,7.911,7.965,245008.72
2026-07-14 11:00:00,7.965,7.994,7.947,7.988,254139.35
2026-07-14 12:00:00,7.988,8.21,7.945,8.184,1817610.07
2026-07-14 13:00:00,8.185,8.33,8.169,8.301,1548152.95
2026-07-14 14:00:00,8.302,8.351,8.25,8.334,1115199.94
2026-07-14 15:00:00,8.335,8.408,8.288,8.295,856928.91
2026-07-14 16:00:00,8.296,8.315,8.261,8.268,705066.4
2026-07-14 17:00:00,8.269,8.28,8.197,8.26,507605.46
2026-07-14 18:00:00,8.26,8.271,8.236,8.266,232089.38
2026-07-14 19:00:00,8.266,8.295,8.254,8.288,231664.02
2026-07-14 20:00:00,8.289,8.295,8.277,8.283,125407.42
2026-07-14 21:00:00,8.283,8.303,8.265,8.266,155833.17
2026-07-14 22:00:00,8.266,8.326,8.246,8.285,374567.82
2026-07-14 23:00:00,8.285,8.349,8.274,8.342,250209.58
2026-07-15 00:00:00,8.343,8.355,8.302,8.35,301423.48
2026-07-15 01:00:00,8.351,8.353,8.302,8.31,272588.05
2026-07-15 02:00:00,8.31,8.31,8.264,8.273,198385.08
2026-07-15 03:00:00,8.273,8.334,8.264,8.317,366080.03
2026-07-15 04:00:00,8.317,8.357,8.309,8.326,339454.54
2026-07-15 05:00:00,8.327,8.384,8.311,8.381,190342.67
2026-07-15 06:00:00,8.38,8.407,8.359,8.359,415365.36
2026-07-15 07:00:00,8.36,8.364,8.306,8.329,287131.26
2026-07-15 08:00:00,8.33,8.396,8.325,8.376,488305.19
2026-07-15 09:00:00,8.376,8.435,8.362,8.366,425923.42
2026-07-15 10:00:00,8.366,8.381,8.326,8.33,505033.26
2026-07-15 11:00:00,8.329,8.428,8.325,8.42,486346.85
2026-07-15 12:00:00,8.42,8.573,8.397,8.573,1174927.24
2026-07-15 13:00:00,8.572,8.632,8.48,8.506,1215613.0
2026-07-15 14:00:00,8.507,8.556,8.485,8.554,692119.7
2026-07-15 15:00:00,8.554,8.612,8.537,8.549,515454.04
2026-07-15 16:00:00,8.55,8.556,8.42,8.475,913862.97
2026-07-15 17:00:00,8.475,8.565,8.473,8.542,479275.42
2026-07-15 18:00:00,8.541,8.56,8.488,8.5,269928.68
2026-07-15 19:00:00,8.5,8.526,8.482,8.499,222311.66
2026-07-15 20:00:00,8.5,8.535,8.484,8.509,187158.87
2026-07-15 21:00:00,8.509,8.539,8.497,8.536,201305.94
2026-07-15 22:00:00,8.536,8.58,8.517,8.544,375395.49
2026-07-15 23:00:00,8.544,8.563,8.514,8.535,193276.65
2026-07-16 00:00:00,8.535,8.561,8.478,8.483,488087.94
2026-07-16 01:00:00,8.482,8.517,8.447,8.512,368851.08
2026-07-16 02:00:00,8.511,8.532,8.495,8.526,244073.85
2026-07-16 03:00:00,8.526,8.545,8.51,8.526,239365.82
2026-07-16 04:00:00,8.526,8.555,8.511,8.544,193122.89
2026-07-16 05:00:00,8.545,8.564,8.526,8.534,402719.23
2026-07-16 06:00:00,8.534,8.545,8.477,8.526,318370.84
2026-07-16 07:00:00,8.526,8.548,8.457,8.513,558252.31
2026-07-16 08:00:00,8.512,8.517,8.393,8.436,1111912.38
2026-07-16 09:00:00,8.436,8.45,8.403,8.407,348697.82
2026-07-16 10:00:00,8.408,8.441,8.4,8.437,221157.48
2026-07-16 11:00:00,8.438,8.45,8.407,8.442,347848.73
2026-07-16 12:00:00,8.443,8.446,8.368,8.384,546868.36
2026-07-16 13:00:00,8.384,8.488,8.378,8.445,977809.61
2026-07-16 14:00:00,8.445,8.492,8.404,8.442,375743.46
2026-07-16 15:00:00,8.442,8.473,8.383,8.44,355108.07
2026-07-16 16:00:00,8.44,8.45,8.386,8.42,680671.12
2026-07-16 17:00:00,8.42,8.421,8.351,8.374,686479.25
2026-07-16 18:00:00,8.374,8.411,8.365,8.389,246483.94
2026-07-16 19:00:00,8.388,8.41,8.371,8.401,264671.58
2026-07-16 20:00:00,8.401,8.421,8.385,8.409,131164.84
2026-07-16 21:00:00,8.409,8.456,8.406,8.434,239016.0
2026-07-16 22:00:00,8.434,8.449,8.367,8.376,256092.7
2026-07-16 23:00:00,8.375,8.379,8.305,8.338,506185.3
2026-07-17 00:00:00,8.337,8.343,8.253,8.343,717000.02
2026-07-17 01:00:00,8.343,8.364,8.254,8.282,403964.97
2026-07-17 02:00:00,8.281,8.306,8.251,8.265,343665.7
2026-07-17 03:00:00,8.266,8.329,8.257,8.276,196545.88
2026-07-17 04:00:00,8.275,8.3,8.237,8.281,230602.82
2026-07-17 05:00:00,8.28,8.294,8.165,8.178,664269.62
2026-07-17 06:00:00,8.178,8.21,8.147,8.176,663358.65
2026-07-17 07:00:00,8.176,8.19,8.16,8.165,323792.64
2026-07-17 08:00:00,8.166,8.184,8.128,8.171,560305.09
2026-07-17 09:00:00,8.171,8.216,8.167,8.194,345814.71
2026-07-17 10:00:00,8.195,8.22,8.184,8.185,228015.11
2026-07-17 11:00:00,8.186,8.21,8.161,8.201,279386.84
2026-07-17 12:00:00,8.201,8.205,8.15,8.15,279563.29
2026-07-17 13:00:00,8.15,8.151,8.001,8.111,1762966.18
2026-07-17 14:00:00,8.11,8.169,8.083,8.106,692051.88
2026-07-17 15:00:00,8.105,8.164,8.061,8.163,493221.67
2026-07-17 16:00:00,8.164,8.234,8.138,8.223,547722.72
2026-07-17 17:00:00,8.223,8.285,8.216,8.231,402676.67
2026-07-17 18:00:00,8.231,8.26,8.201,8.243,218803.75
2026-07-17 19:00:00,8.242,8.252,8.19,8.244,216398.44
2026-07-17 20:00:00,8.243,8.25,8.212,8.243,181631.32
2026-07-17 21:00:00,8.243,8.28,8.232,8.237,254874.7
2026-07-17 22:00:00,8.236,8.251,8.221,8.239,130722.68
2026-07-17 23:00:00,8.239,8.269,8.212,8.25,152162.75
2026-07-18 00:00:00,8.251,8.272,8.246,8.25,134871.95
2026-07-18 01:00:00,8.249,8.259,8.232,8.253,166557.14
2026-07-18 02:00:00,8.252,8.296,8.252,8.263,179019.49
2026-07-18 03:00:00,8.263,8.293,8.248,8.28,161181.34
2026-07-18 04:00:00,8.28,8.284,8.25,8.254,110049.88
2026-07-18 05:00:00,8.253,8.26,8.232,8.245,155848.28
2026-07-18 06:00:00,8.244,8.259,8.235,8.246,93216.56
2026-07-18 07:00:00,8.246,8.254,8.234,8.246,101982.59
2026-07-18 08:00:00,8.246,8.264,8.232,8.255,107438.02
2026-07-18 09:00:00,8.255,8.257,8.206,8.226,258459.53
2026-07-18 10:00:00,8.225,8.268,8.223,8.262,196988.66
2026-07-18 11:00:00,8.262,8.291,8.252,8.283,212320.84
2026-07-18 12:00:00,8.282,8.326,8.276,8.307,573244.63
2026-07-18 13:00:00,8.308,8.308,8.246,8.259,309133.53
2026-07-18 14:00:00,8.26,8.336,8.251,8.315,276653.96
2026-07-18 15:00:00,8.316,8.316,8.265,8.27,316954.41
2026-07-18 16:00:00,8.27,8.295,8.255,8.285,210993.15
2026-07-18 17:00:00,8.284,8.302,8.269,8.296,301590.99
2026-07-18 18:00:00,8.295,8.362,8.289,8.315,286174.63
2026-07-18 19:00:00,8.315,8.336,8.31,8.331,136675.86
2026-07-18 20:00:00,8.332,8.36,8.321,8.348,169058.09
2026-07-18 21:00:00,8.349,8.374,8.334,8.339,213627.6
2026-07-18 22:00:00,8.34,8.365,8.338,8.363,141242.42
2026-07-18 23:00:00,8.364,8.37,8.337,8.343,92341.44
2026-07-19 00:00:00,8.343,8.354,8.33,8.349,176139.3
2026-07-19 01:00:00,8.35,8.35,8.325,8.328,86344.95
2026-07-19 02:00:00,8.328,8.39,8.327,8.368,318655.32
2026-07-19 03:00:00,8.367,8.374,8.327,8.343,146638.38
2026-07-19 04:00:00,8.344,8.365,8.326,8.347,123312.65
2026-07-19 05:00:00,8.347,8.356,8.333,8.34,73410.86
2026-07-19 06:00:00,8.339,8.359,8.333,8.352,104799.64
2026-07-19 07:00:00,8.352,8.378,8.347,8.365,114269.44
2026-07-19 08:00:00,8.366,8.377,8.345,8.369,197139.74
2026-07-19 09:00:00,8.37,8.376,8.328,8.33,126553.68
2026-07-19 10:00:00,8.329,8.38,8.317,8.365,151169.9
2026-07-19 11:00:00,8.365,8.381,8.352,8.354,122266.42
2026-07-19 12:00:00,8.353,8.362,8.317,8.344,189418.39
2026-07-19 13:00:00,8.345,8.349,8.316,8.34,180429.61
2026-07-19 14:00:00,8.34,8.388,8.323,8.366,196770.73
2026-07-19 15:00:00,8.365,8.375,8.34,8.353,139120.87
2026-07-19 16:00:00,8.353,8.376,8.331,8.331,191247.35
2026-07-19 17:00:00,8.331,8.368,8.292,8.329,275894.22
2026-07-19 18:00:00,8.328,8.33,8.279,8.315,318926.58
2026-07-19 19:00:00,8.315,8.334,8.297,8.333,87669.62
2026-07-19 20:00:00,8.333,8.364,8.329,8.364,113321.09
2026-07-19 21:00:00,8.363,8.385,8.323,8.332,234430.91
2026-07-19 22:00:00,8.331,8.408,8.313,8.37,440637.45
2026-07-19 23:00:00,8.37,8.385,8.338,8.381,176508.4
2026-07-20 00:00:00,8.381,8.476,8.359,8.407,690657.86
2026-07-20 01:00:00,8.407,8.531,8.395,8.417,613170.41
2026-07-20 02:00:00,8.416,8.49,8.415,8.467,311137.55
2026-07-20 03:00:00,8.467,8.482,8.423,8.453,189280.76
2026-07-20 04:00:00,8.453,8.468,8.409,8.416,251158.36
2026-07-20 05:00:00,8.417,8.419,8.318,8.33,679987.36
2026-07-20 06:00:00,8.331,8.36,8.283,8.304,534801.76
2026-07-20 07:00:00,8.305,8.362,8.29,8.356,307414.96
2026-07-20 08:00:00,8.355,8.375,8.297,8.331,497581.96
2026-07-20 09:00:00,8.331,8.418,8.322,8.399,343006.16
2026-07-20 10:00:00,8.399,8.417,8.384,8.394,197416.42
2026-07-20 11:00:00,8.394,8.516,8.383,8.507,624185.16
2026-07-20 12:00:00,8.507,8.508,8.437,8.448,546806.91
2026-07-20 13:00:00,8.448,8.475,8.34,8.363,801663.78
2026-07-20 14:00:00,8.363,8.386,8.303,8.361,737692.8
2026-07-20 15:00:00,8.361,8.566,8.358,8.552,957054.93
2026-07-20 16:00:00,8.552,8.579,8.504,8.531,576426.49
2026-07-20 17:00:00,8.531,8.591,8.516,8.574,361081.3
2026-07-20 18:00:00,8.573,8.644,8.548,8.552,667146.93
2026-07-20 19:00:00,8.552,8.567,8.509,8.554,336874.95
2026-07-20 20:00:00,8.555,8.583,8.534,8.564,225750.9
2026-07-20 21:00:00,8.564,8.612,8.558,8.563,208614.33
2026-07-20 22:00:00,8.563,8.567,8.517,8.53,279389.68
2026-07-20 23:00:00,8.53,8.598,8.53,8.587,236077.72
2026-07-21 00:00:00,8.588,8.638,8.562,8.607,412553.57
2026-07-21 01:00:00,8.606,8.634,8.587,8.588,294618.94
2026-07-21 02:00:00,8.588,8.625,8.566,8.599,208508.92
2026-07-21 03:00:00,8.598,8.652,8.598,8.635,509334.87
2026-07-21 04:00:00,8.634,8.754,8.62,8.714,966550.68
2026-07-21 05:00:00,8.713,8.755,8.695,8.723,756576.64
2026-07-21 06:00:00,8.723,8.747,8.689,8.697,394882.79
2026-07-21 07:00:00,8.697,8.743,8.68,8.735,389323.51
2026-07-21 08:00:00,8.735,8.756,8.7,8.7,397698.18
2026-07-21 09:00:00,8.699,8.736,8.681,8.722,313536.32
2026-07-21 10:00:00,8.723,8.733,8.696,8.707,332478.04
2026-07-21 11:00:00,8.706,8.721,8.686,8.702,250501.32
2026-07-21 12:00:00,8.702,8.719,8.686,8.704,266026.62
2026-07-21 13:00:00,8.705,8.734,8.673,8.724,432956.39
2026-07-21 14:00:00,8.724,8.737,8.675,8.68,387257.79
2026-07-21 15:00:00,8.679,8.695,8.643,8.687,481473.14
2026-07-21 16:00:00,8.687,8.7,8.656,8.673,243589.61
2026-07-21 17:00:00,8.672,8.68,8.589,8.619,509910.45
2026-07-21 18:00:00,8.618,8.639,8.598,8.617,239458.78
2026-07-21 19:00:00,8.617,8.624,8.603,8.621,157801.05
2026-07-21 20:00:00,8.621,8.637,8.61,8.627,117183.7
2026-07-21 21:00:00,8.626,8.64,8.62,8.626,110552.08
2026-07-21 22:00:00,8.625,8.631,8.594,8.623,269725.86
2026-07-21 23:00:00,8.622,8.661,8.608,8.655,174402.54
2026-07-22 00:00:00,8.655,8.721,8.648,8.706,409624.35
2026-07-22 01:00:00,8.706,8.722,8.679,8.705,176184.66
2026-07-22 02:00:00,8.706,8.722,8.682,8.69,203336.88
2026-07-22 03:00:00,8.689,8.712,8.671,8.681,242444.05
2026-07-22 04:00:00,8.68,8.744,8.677,8.726,232374.23
2026-07-22 05:00:00,8.726,8.726,8.626,8.628,402114.0
2026-07-22 06:00:00,8.627,8.639,8.6,8.614,287180.52
2026-07-22 07:00:00,8.614,8.621,8.568,8.58,409274.73
2026-07-22 08:00:00,8.58,8.621,8.574,8.609,270526.19
2026-07-22 09:00:00,8.608,8.63,8.591,8.613,244363.13
2026-07-22 10:00:00,8.613,8.68,8.604,8.66,373681.11
2026-07-22 11:00:00,8.66,8.669,8.612,8.636,290556.21
2026-07-22 12:00:00,8.636,8.641,8.563,8.601,420681.94
2026-07-22 13:00:00,8.602,8.686,8.595,8.683,450353.34
2026-07-22 14:00:00,8.683,8.76,8.627,8.65,892504.37
2026-07-22 15:00:00,8.65,8.727,8.65,8.685,519361.48
2026-07-22 16:00:00,8.685,8.733,8.648,8.703,475190.1
2026-07-22 17:00:00,8.702,8.716,8.635,8.638,407726.29
2026-07-22 18:00:00,8.639,8.65,8.586,8.621,425371.86
2026-07-22 19:00:00,8.621,8.646,8.578,8.622,534801.39
2026-07-22 20:00:00,8.623,8.658,8.615,8.64,351854.68
2026-07-22 21:00:00,8.639,8.651,8.614,8.649,178289.0
2026-07-22 22:00:00,8.649,8.654,8.611,8.637,237546.43
2026-07-22 23:00:00,8.637,8.638,8.581,8.628,253689.15
2026-07-23 00:00:00,8.628,8.68,8.616,8.637,307442.49
2026-07-23 01:00:00,8.637,8.657,8.602,8.609,226425.81
2026-07-23 02:00:00,8.61,8.627,8.586,8.626,215173.35
2026-07-23 03:00:00,8.627,8.63,8.581,8.585,250317.98
2026-07-23 04:00:00,8.584,8.617,8.572,8.576,267800.01
2026-07-23 05:00:00,8.577,8.593,8.541,8.574,290045.83
2026-07-23 06:00:00,8.573,8.587,8.563,8.58,152768.04
2026-07-23 07:00:00,8.58,8.58,8.52,8.53,429329.54
2026-07-23 08:00:00,8.53,8.597,8.518,8.592,316708.09
2026-07-23 09:00:00,8.593,8.644,8.585,8.612,524207.95
2026-07-23 10:00:00,8.612,8.657,8.607,8.626,243774.72
2026-07-23 11:00:00,8.625,8.643,8.605,8.635,244936.72
2026-07-23 12:00:00,8.635,8.639,8.505,8.538,710961.21
2026-07-23 13:00:00,8.538,8.545,8.478,8.478,874584.99
2026-07-23 14:00:00,8.478,8.524,8.462,8.47,619140.32
2026-07-23 15:00:00,8.47,8.501,8.41,8.493,808553.75
2026-07-23 16:00:00,8.493,8.5,8.453,8.487,370659.96
2026-07-23 17:00:00,8.486,8.508,8.441,8.454,277422.34
2026-07-23 18:00:00,8.453,8.486,8.443,8.478,263348.6
2026-07-23 19:00:00,8.478,8.489,8.428,8.456,210715.8
2026-07-23 20:00:00,8.455,8.52,8.451,8.505,235656.9
2026-07-23 21:00:00,8.505,8.525,8.472,8.477,163288.06
2026-07-23 22:00:00,8.477,8.487,8.442,8.473,189704.17
2026-07-23 23:00:00,8.473,8.485,8.458,8.466,139975.64
2026-07-24 00:00:00,8.465,8.468,8.4,8.436,359491.27
2026-07-24 01:00:00,8.436,8.457,8.422,8.432,203670.14
2026-07-24 02:00:00,8.433,8.445,8.389,8.413,255404.26
2026-07-24 03:00:00,8.413,8.469,8.407,8.451,246907.83
2026-07-24 04:00:00,8.451,8.453,8.414,8.424,250195.85
2026-07-24 05:00:00,8.425,8.454,8.418,8.438,172755.73
2026-07-24 06:00:00,8.438,8.479,8.434,8.47,189839.51
2026-07-24 07:00:00,8.471,8.579,8.471,8.558,616005.62
2026-07-24 08:00:00,8.558,8.559,8.507,8.523,245859.0
2026-07-24 09:00:00,8.523,8.533,8.481,8.518,205201.87
2026-07-24 10:00:00,8.518,8.519,8.453,8.471,224743.5
2026-07-24 11:00:00,8.471,8.471,8.425,8.46,322004.82
2026-07-24 12:00:00,8.459,8.485,8.417,8.417,245079.27
2026-07-24 13:00:00,8.416,8.423,8.286,8.324,1241780.24
2026-07-24 14:00:00,8.325,8.352,8.29,8.352,535275.84
2026-07-24 15:00:00,8.351,8.399,8.317,8.365,387029.67
2026-07-24 16:00:00,8.365,8.37,8.306,8.325,316054.22
2026-07-24 17:00:00,8.324,8.365,8.311,8.355,194554.79
2026-07-24 18:00:00,8.354,8.359,8.329,8.351,133473.03
2026-07-24 19:00:00,8.351,8.362,8.334,8.357,153380.2
2026-07-24 20:00:00,8.357,8.364,8.316,8.332,191212.64
2026-07-24 21:00:00,8.331,8.336,8.29,8.301,193836.81
2026-07-24 22:00:00,8.3,8.335,8.299,8.329,133470.9
2026-07-24 23:00:00,8.328,8.341,8.325,8.336,99016.58
2026-07-25 00:00:00,8.337,8.359,8.319,8.338,268145.97
2026-07-25 01:00:00,8.337,8.349,8.32,8.324,148938.46
2026-07-25 02:00:00,8.323,8.338,8.311,8.335,103730.18
2026-07-25 03:00:00,8.335,8.345,8.328,8.338,108178.05
2026-07-25 04:00:00,8.338,8.354,8.33,8.335,109535.82
2026-07-25 05:00:00,8.335,8.342,8.309,8.318,129563.02
2026-07-25 06:00:00,8.317,8.325,8.286,8.314,161686.66
2026-07-25 07:00:00,8.313,8.313,8.291,8.294,101939.53
2026-07-25 08:00:00,8.293,8.299,8.262,8.275,279095.88
2026-07-25 09:00:00,8.275,8.296,8.266,8.289,169331.94
2026-07-25 10:00:00,8.289,8.31,8.287,8.309,89904.1
2026-07-25 11:00:00,8.309,8.315,8.295,8.314,97134.81
2026-07-25 12:00:00,8.313,8.37,8.306,8.368,351435.14
2026-07-25 13:00:00,8.368,8.396,8.348,8.356,446175.61
2026-07-25 14:00:00,8.356,8.357,8.338,8.352,196275.13
2026-07-25 15:00:00,8.352,8.393,8.348,8.383,325172.15
2026-07-25 16:00:00,8.383,8.414,8.37,8.4,365074.3
2026-07-25 17:00:00,8.4,8.417,8.391,8.406,206246.38
2026-07-25 18:00:00,8.407,8.434,8.407,8.415,182429.63
2026-07-25 19:00:00,8.416,8.424,8.392,8.399,169955.05
2026-07-25 20:00:00,8.4,8.402,8.376,8.381,97880.61
2026-07-25 21:00:00,8.382,8.383,8.352,8.37,196081.55
2026-07-25 22:00:00,8.37,8.384,8.368,8.38,94267.83
2026-07-25 23:00:00,8.38,8.381,8.366,8.379,92896.74
2026-07-26 00:00:00,8.38,8.405,8.374,8.396,203011.99
2026-07-26 01:00:00,8.397,8.402,8.384,8.39,82346.14
2026-07-26 02:00:00,8.391,8.417,8.376,8.417,120486.78
2026-07-26 03:00:00,8.417,8.425,8.402,8.423,133826.85
2026-07-26 04:00:00,8.423,8.473,8.41,8.45,399465.09
2026-07-26 05:00:00,8.451,8.456,8.425,8.438,229219.82
2026-07-26 06:00:00,8.438,8.443,8.398,8.441,268595.55
2026-07-26 07:00:00,8.441,8.447,8.406,8.419,147191.99
2026-07-26 08:00:00,8.419,8.419,8.4,8.405,120241.26
2026-07-26 09:00:00,8.405,8.438,8.402,8.41,152320.61
2026-07-26 10:00:00,8.411,8.434,8.402,8.425,162110.32
2026-07-26 11:00:00,8.425,8.438,8.417,8.43,102216.66
2026-07-26 12:00:00,8.431,8.493,8.43,8.439,388043.96
2026-07-26 13:00:00,8.439,8.464,8.418,8.454,309378.52
2026-07-26 14:00:00,8.453,8.498,8.449,8.489,349216.84
2026-07-26 15:00:00,8.489,8.598,8.482,8.594,729920.9
2026-07-26 16:00:00,8.593,8.665,8.567,8.644,1027341.37
2026-07-26 17:00:00,8.644,8.645,8.565,8.582,455096.7
2026-07-26 18:00:00,8.583,8.604,8.555,8.603,260649.54
2026-07-26 19:00:00,8.604,8.613,8.577,8.58,197870.1
2026-07-26 20:00:00,8.579,8.59,8.565,8.576,129577.06
2026-07-26 21:00:00,8.577,8.636,8.568,8.617,185840.81
2026-07-26 22:00:00,8.617,8.805,8.617,8.787,1742198.38
2026-07-26 23:00:00,8.787,8.841,8.772,8.823,1081384.56
2026-07-27 00:00:00,8.823,8.829,8.749,8.766,545104.79
2026-07-27 01:00:00,8.765,8.798,8.743,8.784,530504.1
2026-07-27 02:00:00,8.785,8.789,8.724,8.733,307071.07
2026-07-27 03:00:00,8.734,8.781,8.718,8.774,326329.93
2026-07-27 04:00:00,8.775,8.811,8.758,8.769,279782.43
2026-07-27 05:00:00,8.769,8.877,8.764,8.85,433259.67
2026-07-27 06:00:00,8.85,8.92,8.82,8.849,560344.66
2026-07-27 07:00:00,8.849,8.855,8.803,8.809,307490.51
2026-07-27 08:00:00,8.808,8.822,8.787,8.794,281118.31
2026-07-27 09:00:00,8.794,8.815,8.758,8.791,398317.9
2026-07-27 10:00:00,8.791,8.821,8.774,8.793,225122.71
2026-07-27 11:00:00,8.793,8.794,8.747,8.752,264735.69
2026-07-27 12:00:00,8.752,8.783,8.706,8.75,489101.73
2026-07-27 13:00:00,8.751,8.818,8.702,8.767,780426.0
2026-07-27 14:00:00,8.768,8.777,8.53,8.595,1831724.5
2026-07-27 15:00:00,8.595,8.621,8.555,8.57,526730.79
2026-07-27 16:00:00,8.571,8.654,8.549,8.639,645168.88
2026-07-27 17:00:00,8.639,8.651,8.608,8.622,199469.3
2026-07-27 18:00:00,8.623,8.629,8.558,8.592,349326.06
2026-07-27 19:00:00,8.593,8.658,8.584,8.632,253336.19
2026-07-27 20:00:00,8.632,8.643,8.601,8.619,156818.27
2026-07-27 21:00:00,8.619,8.622,8.578,8.578,167538.63
2026-07-27 22:00:00,8.578,8.582,8.413,8.428,1297241.7
2026-07-27 23:00:00,8.428,8.43,8.341,8.377,1276868.5
2026-07-28 00:00:00,8.376,8.382,8.323,8.343,506810.07
2026-07-28 01:00:00,8.343,8.359,8.273,8.321,635886.42
2026-07-28 02:00:00,8.321,8.348,8.308,8.318,232748.25
2026-07-28 03:00:00,8.317,8.344,8.308,8.33,268926.67
2026-07-28 04:00:00,8.331,8.359,8.327,8.345,216458.65
2026-07-28 05:00:00,8.346,8.377,8.326,8.335,378204.12
2026-07-28 06:00:00,8.336,8.35,8.313,8.347,267797.54
2026-07-28 07:00:00,8.348,8.349,8.298,8.314,217426.31
2026-07-28 08:00:00,8.315,8.33,8.299,8.318,283244.69
2026-07-28 09:00:00,8.319,8.323,8.29,8.299,218945.24
2026-07-28 10:00:00,8.299,8.316,8.288,8.302,219726.63
2026-07-28 11:00:00,8.302,8.316,8.263,8.284,418031.02
2026-07-28 12:00:00,8.284,8.34,8.278,8.335,316808.04
2026-07-28 13:00:00,8.335,8.345,8.188,8.233,1125871.24
2026-07-28 14:00:00,8.233,8.331,8.223,8.287,603284.79
2026-07-28 15:00:00,8.287,8.398,8.279,8.379,1072601.7
2026-07-28 16:00:00,8.379,8.415,8.366,8.405,479151.39
2026-07-28 17:00:00,8.404,8.405,8.304,8.328,389875.22
2026-07-28 18:00:00,8.328,8.358,8.324,8.336,138496.4
2026-07-28 19:00:00,8.336,8.383,8.336,8.381,153998.87
2026-07-28 20:00:00,8.381,8.39,8.364,8.386,227098.31
2026-07-28 21:00:00,8.385,8.444,8.364,8.434,310198.25
2026-07-28 22:00:00,8.434,8.451,8.372,8.373,412885.69
2026-07-28 23:00:00,8.372,8.446,8.353,8.442,308742.47
2026-07-29 00:00:00,8.442,8.512,8.442,8.471,577247.91
2026-07-29 01:00:00,8.471,8.48,8.383,8.388,398495.76
2026-07-29 02:00:00,8.389,8.456,8.361,8.423,335389.18
2026-07-29 03:00:00,8.424,8.437,8.325,8.332,350265.26
2026-07-29 04:00:00,8.332,8.372,8.283,8.356,549275.8
2026-07-29 05:00:00,8.356,8.407,8.353,8.397,313548.04
2026-07-29 06:00:00,8.396,8.438,8.375,8.422,235647.7
2026-07-29 07:00:00,8.422,8.439,8.397,8.438,165983.9
2026-07-29 08:00:00,8.438,8.452,8.378,8.424,288270.39
2026-07-29 09:00:00,8.424,8.479,8.423,8.462,257711.84
2026-07-29 10:00:00,8.463,8.466,8.384,8.397,302555.78
2026-07-29 11:00:00,8.398,8.412,8.373,8.402,168306.15
2026-07-29 12:00:00,8.401,8.403,8.326,8.334,289226.8
2026-07-29 13:00:00,8.334,8.357,8.293,8.343,433867.05
2026-07-29 14:00:00,8.344,8.352,8.255,8.264,491836.38
2026-07-29 15:00:00,8.264,8.296,8.237,8.273,586855.08
2026-07-29 16:00:00,8.273,8.295,8.241,8.281,766326.73
2026-07-29 17:00:00,8.281,8.343,8.273,8.34,409723.81
2026-07-29 18:00:00,8.339,8.441,8.301,8.4,1155855.54
2026-07-29 19:00:00,8.4,8.414,8.222,8.23,766862.5
2026-07-29 20:00:00,8.23,8.248,8.167,8.188,659615.78
2026-07-29 21:00:00,8.188,8.25,8.158,8.245,421085.09
2026-07-29 22:00:00,8.245,8.312,8.244,8.297,295226.69
2026-07-29 23:00:00,8.298,8.338,8.281,8.33,206062.65
2026-07-30 00:00:00,8.33,8.35,8.273,8.298,312041.33
2026-07-30 01:00:00,8.299,8.395,8.293,8.379,328157.49
2026-07-30 02:00:00,8.38,8.394,8.342,8.348,212044.72
2026-07-30 03:00:00,8.347,8.366,8.326,8.333,168034.39
2026-07-30 04:00:00,8.334,8.338,8.29,8.294,144589.35
2026-07-30 05:00:00,8.294,8.307,8.275,8.288,231404.1
2026-07-30 06:00:00,8.287,8.294,8.257,8.265,153864.32
2026-07-30 07:00:00,8.265,8.304,8.264,8.285,199251.73
2026-07-30 08:00:00,8.286,8.347,8.271,8.33,268323.01
2026-07-30 09:00:00,8.33,8.384,8.316,8.357,708484.5
2026-07-30 10:00:00,8.357,8.379,8.353,8.377,197774.24
2026-07-30 11:00:00,8.378,8.468,8.374,8.459,728085.77
2026-07-30 12:00:00,8.46,8.502,8.434,8.448,602574.7
2026-07-30 13:00:00,8.448,8.538,8.415,8.516,768565.68
2026-07-30 14:00:00,8.516,8.521,8.436,8.489,564992.88
2026-07-30 15:00:00,8.489,8.509,8.447,8.479,269360.78
2026-07-30 16:00:00,8.479,8.508,8.469,8.491,172630.09
2026-07-30 17:00:00,8.492,8.499,8.448,8.482,175386.66
2026-07-30 18:00:00,8.482,8.517,8.481,8.486,289034.66
2026-07-30 19:00:00,8.487,8.515,8.473,8.488,192903.3
2026-07-30 20:00:00,8.488,8.512,8.447,8.45,303712.07
2026-07-30 21:00:00,8.45,8.487,8.45,8.47,140190.01
2026-07-30 22:00:00,8.47,8.503,8.451,8.468,208694.06
2026-07-30 23:00:00,8.468,8.524,8.446,8.447,316593.18
2026-07-31 00:00:00,8.448,8.47,8.421,8.432,277931.33
2026-07-31 01:00:00,8.433,8.513,8.388,8.399,567889.57
2026-07-31 02:00:00,8.4,8.423,8.345,8.356,416718.29
2026-07-31 03:00:00,8.356,8.384,8.316,8.362,473623.8
2026-07-31 04:00:00,8.361,8.372,8.337,8.343,169195.78
2026-07-31 05:00:00,8.344,8.371,8.341,8.368,160090.24
2026-07-31 06:00:00,8.368,8.384,8.332,8.348,239329.4
2026-07-31 07:00:00,8.347,8.347,8.242,8.294,882316.76
2026-07-31 08:00:00,8.294,8.33,8.287,8.321,357790.83
2026-07-31 09:00:00,8.322,8.325,8.244,8.248,382004.57
2026-07-31 10:00:00,8.247,8.272,8.21,8.257,557981.34
2026-07-31 11:00:00,8.257,8.277,8.243,8.261,184900.79
2026-07-31 12:00:00,8.262,8.262,8.217,8.258,380257.62
2026-07-31 13:00:00,8.259,8.273,8.12,8.132,1181413.02
2026-07-31 14:00:00,8.132,8.143,8.015,8.125,2194306.02
2026-07-31 15:00:00,8.126,8.131,8.083,8.107,637702.74
2026-07-31 16:00:00,8.107,8.148,8.095,8.146,240714.36
2026-07-31 17:00:00,8.145,8.2,8.134,8.183,459576.32
2026-07-31 18:00:00,8.183,8.195,8.159,8.176,257799.29
2026-07-31 19:00:00,8.175,8.186,8.156,8.168,202863.19
2026-07-31 20:00:00,8.168,8.179,8.139,8.149,266326.16
2026-07-31 21:00:00,8.149,8.166,8.124,8.141,213242.67
2026-07-31 22:00:00,8.141,8.172,8.135,8.155,108935.98
2026-07-31 23:00:00,8.155,8.17,8.154,8.167,168122.25
2026-08-01 00:00:00,8.167,8.194,8.167,8.178,212695.18
2026-08-01 01:00:00,8.179,8.212,8.176,8.207,228346.18
2026-08-01 02:00:00,8.208,8.244,8.207,8.215,383804.2
2026-08-01 03:00:00,8.215,8.234,8.191,8.207,226557.6
2026-08-01 04:00:00,8.207,8.231,8.198,8.227,148848.53
2026-08-01 05:00:00,8.227,8.24,8.184,8.201,235897.68
2026-08-01 06:00:00,8.201,8.201,8.159,8.186,324455.37
2026-08-01 07:00:00,8.185,8.196,8.128,8.135,285240.14
2026-08-01 08:00:00,8.134,8.14,8.116,8.12,312072.58
2026-08-01 09:00:00,8.119,8.122,8.095,8.096,283467.62
2026-08-01 10:00:00,8.096,8.108,8.082,8.095,211944.47
2026-08-01 11:00:00,8.094,8.097,8.076,8.085,197382.6
2026-08-01 12:00:00,8.086,8.11,8.081,8.103,266672.94
2026-08-01 13:00:00,8.103,8.108,8.089,8.094,158489.17
2026-08-01 14:00:00,8.093,8.115,8.093,8.104,171016.26
2026-08-01 15:00:00,8.103,8.111,8.086,8.097,185865.53
2026-08-01 16:00:00,8.097,8.11,8.071,8.086,265324.58
2026-08-01 17:00:00,8.086,8.098,8.022,8.043,484879.56
2026-08-01 18:00:00,8.042,8.043,7.882,7.959,1759739.71
2026-08-01 19:00:00,7.959,8.024,7.955,7.999,816192.17
2026-08-01 20:00:00,7.999,8.034,7.989,8.022,348806.14
2026-08-01 21:00:00,8.022,8.062,8.022,8.061,249494.79
2026-08-01 22:00:00,8.062,8.078,8.054,8.065,110450.06
2026-08-01 23:00:00,8.065,8.082,8.051,8.064,134680.27
2026-08-02 00:00:00,8.064,8.076,8.051,8.069,233733.92
2026-08-02 01:00:00,8.069,8.167,8.069,8.153,768265.42
2026-08-02 02:00:00,8.154,8.287,8.147,8.269,1229147.16
2026-08-02 03:00:00,8.269,8.309,8.254,8.289,388247.96
2026-08-02 04:00:00,8.289,8.383,8.277,8.377,779091.4
2026-08-02 05:00:00,8.376,8.416,8.349,8.378,633960.26
2026-08-02 06:00:00,8.379,8.389,8.347,8.368,236057.94
2026-08-02 07:00:00,8.367,8.396,8.353,8.376,285804.51
2026-08-02 08:00:00,8.376,8.387,8.31,8.329,410058.11
2026-08-02 09:00:00,8.329,8.389,8.311,8.342,433559.62
2026-08-02 10:00:00,8.343,8.343,8.301,8.306,205682.89
2026-08-02 11:00:00,8.306,8.315,8.262,8.275,343104.27
2026-08-02 12:00:00,8.274,8.296,8.272,8.29,279450.05
2026-08-02 13:00:00,8.29,8.309,8.279,8.281,246872.74
2026-08-02 14:00:00,8.281,8.309,8.264,8.286,250120.57
2026-08-02 15:00:00,8.286,8.3,8.269,8.273,154099.54
2026-08-02 17:00:00,8.276,8.341,8.273,8.33,257670.81
2026-08-02 18:00:00,8.33,8.371,8.312,8.312,285738.93
2026-08-02 19:00:00,8.312,8.343,8.308,8.328,175951.18
2026-08-02 20:00:00,8.328,8.351,8.315,8.337,164257.43
2026-08-02 21:00:00,8.337,8.393,8.337,8.371,269612.46
2026-08-02 22:00:00,8.372,8.453,8.355,8.392,685276.84
2026-08-02 23:00:00,8.391,8.4,8.349,8.379,224774.88
2026-08-03 00:00:00,8.38,8.388,8.332,8.35,284323.43
2026-08-03 01:00:00,8.349,8.37,8.32,8.33,425770.7
2026-08-03 02:00:00,8.331,8.336,8.288,8.302,296271.41
2026-08-03 03:00:00,8.301,8.307,8.224,8.249,507361.45
2026-08-03 04:00:00,8.248,8.282,8.232,8.235,208800.96
2026-08-03 05:00:00,8.234,8.27,8.23,8.261,219816.59
2026-08-03 06:00:00,8.261,8.27,8.216,8.226,243709.8
2026-08-03 07:00:00,8.226,8.249,8.208,8.215,256342.95
2026-08-03 08:00:00,8.215,8.225,8.157,8.219,603283.46
2026-08-03 09:00:00,8.219,8.264,8.212,8.249,239255.02
2026-08-03 10:00:00,8.25,8.257,8.193,8.207,166423.55
2026-08-03 11:00:00,8.207,8.217,8.18,8.185,170636.66
2026-08-03 12:00:00,8.185,8.196,8.158,8.177,297084.35
2026-08-03 13:00:00,8.177,8.29,8.172,8.282,578987.08
2026-08-03 14:00:00,8.282,8.316,8.246,8.304,714450.05
2026-08-03 15:00:00,8.304,8.307,8.236,8.245,435299.33
2026-08-03 16:00:00,8.245,8.283,8.227,8.242,294999.98
2026-08-03 17:00:00,8.242,8.273,8.234,8.247,320473.15
2026-08-03 18:00:00,8.246,8.263,8.221,8.234,173419.41
2026-08-03 19:00:00,8.235,8.275,8.229,8.23,188033.27
2026-08-03 20:00:00,8.23,8.262,8.21,8.22,197783.85
2026-08-03 21:00:00,8.219,8.229,8.206,8.208,142084.6
2026-08-03 22:00:00,8.207,8.217,8.176,8.192,174307.53
2026-08-03 23:00:00,8.192,8.192,8.163,8.184,191813.22
2026-08-04 00:00:00,8.185,8.191,8.112,8.12,563116.48
2026-08-04 01:00:00,8.119,8.228,8.112,8.213,518878.03
2026-08-04 02:00:00,8.214,8.231,8.176,8.198,301240.62
2026-08-04 03:00:00,8.197,8.205,8.16,8.191,183615.74
2026-08-04 04:00:00,8.192,8.262,8.172,8.22,361050.72
2026-08-04 05:00:00,8.22,8.227,8.174,8.184,119347.16
2026-08-04 06:00:00,8.184,8.2,8.126,8.141,381109.49
2026-08-04 07:00:00,8.142,8.173,8.117,8.169,409185.8
2026-08-04 08:00:00,8.17,8.185,8.13,8.146,254077.17
2026-08-04 09:00:00,8.146,8.156,8.121,8.155,266316.75
2026-08-04 10:00:00,8.156,8.221,8.13,8.192,596159.01
2026-08-04 11:00:00,8.192,8.22,8.173,8.212,554871.09
2026-08-04 12:00:00,8.211,8.233,8.181,8.204,241501.71
2026-08-04 13:00:00,8.205,8.238,8.158,8.178,750108.17
2026-08-04 14:00:00,8.179,8.262,8.153,8.234,714841.38
2026-08-04 15:00:00,8.235,8.248,8.135,8.191,820799.27
2026-08-04 16:00:00,8.191,8.196,8.163,8.183,366238.46
2026-08-04 17:00:00,8.184,8.215,8.158,8.172,244745.2
2026-08-04 18:00:00,8.172,8.25,8.168,8.222,311624.08
2026-08-04 19:00:00,8.222,8.243,8.202,8.213,248338.04
2026-08-04 20:00:00,8.212,8.22,8.145,8.205,545079.4
2026-08-04 21:00:00,8.204,8.208,8.181,8.182,120744.07
2026-08-04 22:00:00,8.182,8.191,8.158,8.175,144968.53
2026-08-04 23:00:00,8.175,8.197,8.138,8.144,207161.33
2026-08-05 00:00:00,8.144,8.163,8.113,8.12,464049.49
2026-08-05 01:00:00,8.12,8.18,8.097,8.175,375539.38
2026-08-05 02:00:00,8.174,8.196,8.155,8.17,284071.79
2026-08-05 03:00:00,8.169,8.179,8.087,8.121,412278.36
2026-08-05 04:00:00,8.121,8.141,8.118,8.128,151691.19
2026-08-05 05:00:00,8.128,8.185,8.123,8.175,268700.62
2026-08-05 06:00:00,8.174,8.201,8.16,8.178,208907.04
2026-08-05 07:00:00,8.177,8.183,8.133,8.183,297259.62
2026-08-05 08:00:00,8.183,8.2,8.169,8.178,207137.41
2026-08-05 09:00:00,8.177,8.199,8.173,8.184,150470.83
2026-08-05 10:00:00,8.183,8.184,8.141,8.15,236603.83
2026-08-05 11:00:00,8.15,8.175,8.141,8.147,186817.8
2026-08-05 12:00:00,8.147,8.226,8.14,8.169,511474.87
2026-08-05 13:00:00,8.168,8.174,8.062,8.148,985692.43
2026-08-05 14:00:00,8.148,8.176,8.114,8.151,434996.16
2026-08-05 15:00:00,8.15,8.202,8.105,8.107,579123.14
2026-08-05 16:00:00,8.107,8.223,8.102,8.196,568845.76
2026-08-05 17:00:00,8.196,8.246,8.172,8.236,436128.87
2026-08-05 18:00:00,8.235,8.253,8.203,8.217,346957.15
2026-08-05 19:00:00,8.217,8.226,8.182,8.184,189526.68
2026-08-05 20:00:00,8.184,8.223,8.174,8.19,291310.66
2026-08-05 21:00:00,8.19,8.191,8.125,8.154,247808.39
2026-08-05 22:00:00,8.155,8.169,8.143,8.143,138012.91
2026-08-05 23:00:00,8.143,8.165,8.125,8.156,155623.21
2026-08-06 00:00:00,8.155,8.194,8.153,8.169,257745.65
2026-08-06 01:00:00,8.169,8.178,8.124,8.129,303945.63
2026-08-06 02:00:00,8.128,8.148,8.093,8.109,417431.6
2026-08-06 03:00:00,8.108,8.126,8.097,8.112,148667.96
2026-08-06 04:00:00,8.113,8.187,8.1,8.183,369749.43
2026-08-06 05:00:00,8.184,8.225,8.175,8.194,451256.73
2026-08-06 06:00:00,8.194,8.201,8.167,8.195,186568.95
2026-08-06 07:00:00,8.195,8.199,8.181,8.185,135493.81
2026-08-06 08:00:00,8.185,8.207,8.17,8.186,184040.29
2026-08-06 09:00:00,8.185,8.187,8.062,8.097,1471507.86
2026-08-06 10:00:00,8.097,8.104,8.076,8.089,334739.37
2026-08-06 11:00:00,8.09,8.185,8.084,8.158,625869.97
2026-08-06 12:00:00,8.158,8.16,8.119,8.125,264100.54
2026-08-06 13:00:00,8.126,8.145,8.098,8.14,456658.53
2026-08-06 14:00:00,8.14,8.247,8.137,8.211,837636.27
2026-08-06 15:00:00,8.211,8.271,8.21,8.222,862645.15
2026-08-06 16:00:00,8.222,8.264,8.207,8.243,532273.72
2026-08-06 17:00:00,8.242,8.339,8.241,8.333,1189887.64
2026-08-06 18:00:00,8.333,8.335,8.229,8.247,612474.75
2026-08-06 19:00:00,8.247,8.259,8.175,8.193,757680.54
2026-08-06 20:00:00,8.192,8.223,8.185,8.2,351139.81
2026-08-06 21:00:00,8.199,8.235,8.198,8.222,205477.56
2026-08-06 22:00:00,8.223,8.235,8.177,8.196,223500.91
2026-08-06 23:00:00,8.195,8.199,8.156,8.192,334103.83
2026-08-07 00:00:00,8.192,8.218,8.179,8.203,263004.1
2026-08-07 01:00:00,8.204,8.245,8.204,8.222,256706.29
2026-08-07 02:00:00,8.221,8.243,8.169,8.189,400118.37
2026-08-07 03:00:00,8.189,8.205,8.134,8.135,426979.03
2026-08-07 04:00:00,8.134,8.162,8.101,8.137,614387.58
2026-08-07 05:00:00,8.136,8.157,8.118,8.152,250986.54
2026-08-07 06:00:00,8.151,8.207,8.146,8.183,463232.87
2026-08-07 07:00:00,8.183,8.208,8.17,8.184,263666.55
2026-08-07 08:00:00,8.184,8.242,8.182,8.212,352634.4
2026-08-07 09:00:00,8.212,8.244,8.206,8.216,383325.28
2026-08-07 10:00:00,8.216,8.228,8.193,8.2,233984.49
2026-08-07 11:00:00,8.199,8.239,8.199,8.214,267065.36
2026-08-07 12:00:00,8.214,8.308,8.213,8.277,991651.48
2026-08-07 13:00:00,8.278,8.306,8.236,8.278,775100.55
2026-08-07 14:00:00,8.278,8.296,8.214,8.23,601871.44
2026-08-07 15:00:00,8.23,8.292,8.224,8.277,335228.91
2026-08-07 16:00:00,8.277,8.315,8.228,8.23,555172.47
2026-08-07 17:00:00,8.23,8.249,8.163,8.197,538361.01
2026-08-07 18:00:00,8.197,8.213,8.16,8.174,232064.48
2026-08-07 19:00:00,8.175,8.24,8.172,8.211,284272.67
2026-08-07 20:00:00,8.211,8.219,8.184,8.198,139884.25
2026-08-07 21:00:00,8.197,8.216,8.177,8.18,121651.07
2026-08-07 22:00:00,8.179,8.19,8.151,8.174,169629.86
2026-08-07 23:00:00,8.174,8.193,8.165,8.185,83501.72
2026-08-08 00:00:00,8.184,8.185,8.162,8.172,142532.39
2026-08-08 01:00:00,8.171,8.193,8.167,8.185,198522.61
2026-08-08 02:00:00,8.185,8.191,8.172,8.176,125133.98
2026-08-08 03:00:00,8.175,8.272,8.173,8.259,362939.43
2026-08-08 04:00:00,8.258,8.279,8.236,8.258,284271.48
2026-08-08 05:00:00,8.258,8.312,8.252,8.263,460532.62
2026-08-08 06:00:00,8.263,8.267,8.249,8.25,126123.02
2026-08-08 07:00:00,8.25,8.259,8.235,8.259,137318.22
2026-08-08 08:00:00,8.259,8.271,8.251,8.263,134524.93
2026-08-08 09:00:00,8.262,8.309,8.26,8.293,607139.23
2026-08-08 10:00:00,8.292,8.357,8.292,8.343,517138.45
2026-08-08 11:00:00,8.343,8.356,8.312,8.326,309605.47
2026-08-08 12:00:00,8.325,8.34,8.306,8.309,175433.14
2026-08-08 13:00:00,8.309,8.334,8.3,8.326,145732.97
2026-08-08 14:00:00,8.325,8.376,8.324,8.36,481009.89
2026-08-08 15:00:00,8.36,8.397,8.329,8.34,507584.29
2026-08-08 16:00:00,8.339,8.364,8.329,8.339,221170.77
2026-08-08 17:00:00,8.339,8.349,8.328,8.333,110547.35
2026-08-08 18:00:00,8.332,8.335,8.318,8.326,131001.61
2026-08-08 19:00:00,8.325,8.334,8.319,8.327,78918.05
2026-08-08 20:00:00,8.326,8.342,8.325,8.339,96389.07
2026-08-08 21:00:00,8.338,8.345,8.33,8.341,107646.89
2026-08-08 22:00:00,8.342,8.346,8.293,8.299,247045.63
2026-08-08 23:00:00,8.299,8.309,8.289,8.301,153921.87
2026-08-09 00:00:00,8.301,8.326,8.3,8.321,220253.02
2026-08-09 01:00:00,8.32,8.333,8.293,8.3,197631.22
2026-08-09 02:00:00,8.299,8.308,8.279,8.29,171022.53
2026-08-09 03:00:00,8.29,8.292,8.262,8.282,192557.37
2026-08-09 04:00:00,8.281,8.31,8.278,8.286,156364.13
2026-08-09 05:00:00,8.285,8.298,8.256,8.276,230986.51
2026-08-09 06:00:00,8.275,8.347,8.27,8.341,244170.03
2026-08-09 07:00:00,8.342,8.35,8.326,8.338,274433.77
2026-08-09 08:00:00,8.338,8.356,8.295,8.314,226746.66
2026-08-09 09:00:00,8.314,8.319,8.29,8.315,130573.64
2026-08-09 10:00:00,8.315,8.33,8.294,8.296,119934.68
2026-08-09 11:00:00,8.296,8.302,8.288,8.294,122575.04
2026-08-09 12:00:00,8.294,8.295,8.274,8.283,132712.02
2026-08-09 13:00:00,8.283,8.32,8.28,8.295,225605.81
2026-08-09 14:00:00,8.296,8.346,8.293,8.303,521299.89
2026-08-09 15:00:00,8.303,8.364,8.299,8.35,508236.49
2026-08-09 16:00:00,8.35,8.355,8.32,8.34,246354.24
2026-08-09 17:00:00,8.339,8.35,8.307,8.311,249992.77
2026-08-09 18:00:00,8.311,8.335,8.311,8.324,158537.22
2026-08-09 19:00:00,8.323,8.325,8.305,8.316,96135.98
2026-08-09 20:00:00,8.315,8.334,8.309,8.326,73701.5
2026-08-09 21:00:00,8.326,8.347,8.319,8.337,133240.1
2026-08-09 22:00:00,8.337,8.388,8.211,8.257,897622.94
2026-08-09 23:00:00,8.256,8.257,8.168,8.181,673145.41
2026-08-10 00:00:00,8.182,8.252,8.16,8.183,705526.13
2026-08-10 01:00:00,8.183,8.258,8.165,8.236,696476.18
2026-08-10 02:00:00,8.236,8.241,8.172,8.219,387719.49
2026-08-10 03:00:00,8.218,8.225,8.168,8.182,351978.91
2026-08-10 04:00:00,8.182,8.209,8.174,8.186,190991.56
2026-08-10 05:00:00,8.186,8.234,8.184,8.223,250013.07
2026-08-10 06:00:00,8.222,8.244,8.22,8.233,273362.11
2026-08-10 07:00:00,8.233,8.24,8.212,8.219,145405.03
2026-08-10 08:00:00,8.219,8.24,8.195,8.214,181102.1
2026-08-10 09:00:00,8.213,8.252,8.196,8.235,776591.33
2026-08-10 10:00:00,8.235,8.305,8.232,8.273,736573.94
2026-08-10 11:00:00,8.274,8.322,8.262,8.306,471273.85
2026-08-10 12:00:00,8.306,8.37,8.269,8.282,895648.62
2026-08-10 13:00:00,8.282,8.312,8.241,8.28,678844.05
2026-08-10 14:00:00,8.28,8.34,8.277,8.301,555486.66
2026-08-10 15:00:00,8.3,8.325,8.258,8.3,734039.2
2026-08-10 16:00:00,8.299,8.311,8.217,8.232,734711.58
2026-08-10 17:00:00,8.232,8.287,8.209,8.246,411001.34
2026-08-10 18:00:00,8.245,8.253,8.203,8.234,375196.9
2026-08-10 19:00:00,8.233,8.313,8.231,8.271,479474.8
2026-08-10 20:00:00,8.27,8.297,8.266,8.286,154713.47
2026-08-10 21:00:00,8.286,8.319,8.272,8.272,199018.94
2026-08-10 22:00:00,8.272,8.316,8.251,8.309,287075.41
2026-08-10 23:00:00,8.31,8.315,8.28,8.297,208669.35
2026-08-11 00:00:00,8.296,8.336,8.287,8.331,436964.69
2026-08-11 01:00:00,8.331,8.463,8.32,8.424,1332910.14
2026-08-11 02:00:00,8.424,8.459,8.397,8.409,610511.24
2026-08-11 03:00:00,8.409,8.431,8.385,8.389,290703.58
2026-08-11 04:00:00,8.389,8.407,8.362,8.377,366788.08
2026-08-11 05:00:00,8.378,8.428,8.369,8.414,490680.05
2026-08-11 06:00:00,8.413,8.444,8.399,8.433,710181.04
2026-08-11 07:00:00,8.433,8.476,8.409,8.473,443895.7
2026-08-11 08:00:00,8.473,8.523,8.44,8.522,871501.44
2026-08-11 09:00:00,8.522,8.714,8.495,8.676,2917129.96
2026-08-11 10:00:00,8.675,8.707,8.622,8.666,1348953.45
2026-08-11 11:00:00,8.665,8.702,8.654,8.678,722222.73
2026-08-11 12:00:00,8.678,8.685,8.63,8.659,701105.57
2026-08-11 13:00:00,8.658,8.699,8.613,8.651,1016626.18
2026-08-11 14:00:00,8.651,8.683,8.525,8.55,1331159.35
2026-08-11 15:00:00,8.55,8.613,8.492,8.562,1493825.4
2026-08-11 16:00:00,8.562,8.624,8.54,8.554,1040359.96
2026-08-11 17:00:00,8.554,8.604,8.546,8.588,425865.9
2026-08-11 18:00:00,8.587,8.605,8.529,8.566,467005.44
2026-08-11 19:00:00,8.565,8.615,8.537,8.612,374140.95
2026-08-11 20:00:00,8.613,8.729,8.613,8.693,1142333.47
2026-08-11 21:00:00,8.692,8.809,8.692,8.767,1252142.71
2026-08-11 22:00:00,8.768,8.788,8.75,8.782,508878.36
2026-08-11 23:00:00,8.781,8.788,8.751,8.777,352783.12
2026-08-12 00:00:00,8.777,8.791,8.736,8.76,706556.12
2026-08-12 01:00:00,8.759,8.823,8.753,8.787,774607.97
2026-08-12 02:00:00,8.787,8.799,8.74,8.742,459965.64
2026-08-12 03:00:00,8.742,8.751,8.707,8.722,567111.51
2026-08-12 04:00:00,8.723,8.747,8.71,8.719,272575.76
2026-08-12 05:00:00,8.72,8.731,8.701,8.712,290581.94
2026-08-12 06:00:00,8.711,8.735,8.675,8.73,541918.58
2026-08-12 07:00:00,8.73,8.764,8.72,8.752,492736.79
2026-08-12 08:00:00,8.751,8.774,8.74,8.743,347012.83
2026-08-12 09:00:00,8.743,8.8,8.735,8.798,519249.98
2026-08-12 10:00:00,8.799,8.876,8.787,8.805,1161780.01
2026-08-12 11:00:00,8.804,8.88,8.793,8.875,793064.88
2026-08-12 12:00:00,8.875,8.895,8.797,8.847,1559182.38
2026-08-12 13:00:00,8.846,8.849,8.783,8.824,823580.87
2026-08-12 14:00:00,8.823,8.823,8.688,8.722,1475402.37
2026-08-12 15:00:00,8.722,8.787,8.717,8.778,569258.92
2026-08-12 16:00:00,8.778,8.778,8.725,8.754,401850.8
2026-08-12 17:00:00,8.753,8.777,8.745,8.769,441142.51
2026-08-12 18:00:00,8.769,8.789,8.746,8.759,340996.93
2026-08-12 19:00:00,8.76,8.765,8.713,8.74,337015.1
2026-08-12 20:00:00,8.74,8.778,8.723,8.761,231789.95
2026-08-12 21:00:00,8.761,8.77,8.593,8.643,1313214.54
2026-08-12 22:00:00,8.644,8.688,8.628,8.665,337881.48
2026-08-12 23:00:00,8.665,8.689,8.65,8.67,299152.31
2026-08-13 00:00:00,8.67,8.71,8.642,8.649,398497.64
2026-08-13 01:00:00,8.649,8.668,8.618,8.631,400601.2
2026-08-13 02:00:00,8.631,8.685,8.615,8.684,374362.12
2026-08-13 03:00:00,8.684,8.733,8.683,8.722,791714.54
2026-08-13 04:00:00,8.723,8.772,8.723,8.751,454652.22
2026-08-13 05:00:00,8.752,8.813,8.748,8.795,642293.9
2026-08-13 06:00:00,8.794,8.798,8.74,8.768,333924.08
2026-08-13 07:00:00,8.768,8.774,8.751,8.751,256479.42
2026-08-13 08:00:00,8.752,8.763,8.724,8.742,240500.49
2026-08-13 09:00:00,8.742,8.742,8.695,8.706,326293.89
2026-08-13 10:00:00,8.706,8.737,8.686,8.737,399503.07
2026-08-13 11:00:00,8.737,8.751,8.671,8.687,717065.13
2026-08-13 12:00:00,8.688,8.787,8.675,8.777,748055.83
2026-08-13 13:00:00,8.777,8.84,8.757,8.799,933567.95
2026-08-13 14:00:00,8.799,8.854,8.79,8.844,710695.32
2026-08-13 15:00:00,8.845,8.865,8.717,8.742,1139505.14
2026-08-13 16:00:00,8.742,8.747,8.676,8.72,1191571.01
2026-08-13 17:00:00,8.72,8.78,8.714,8.761,454679.59
2026-08-13 18:00:00,8.76,8.817,8.759,8.808,296163.89
2026-08-13 19:00:00,8.809,8.829,8.779,8.821,435490.25
2026-08-13 20:00:00,8.822,8.855,8.814,8.836,524361.97
2026-08-13 21:00:00,8.836,8.883,8.836,8.869,483247.63
2026-08-13 22:00:00,8.869,8.904,8.833,8.84,700001.41
2026-08-13 23:00:00,8.84,8.892,8.832,8.884,609876.42
2026-08-14 00:00:00,8.884,8.887,8.849,8.869,318199.85
2026-08-14 01:00:00,8.868,8.877,8.829,8.852,357118.15
2026-08-14 02:00:00,8.851,8.869,8.821,8.832,284919.84
2026-08-14 03:00:00,8.832,8.848,8.812,8.817,269079.56
2026-08-14 04:00:00,8.816,8.835,8.785,8.792,267903.52
2026-08-14 05:00:00,8.791,8.804,8.773,8.793,291075.73
2026-08-14 06:00:00,8.792,8.792,8.743,8.76,419676.81
2026-08-14 07:00:00,8.76,8.775,8.754,8.766,254791.73
2026-08-14 08:00:00,8.765,8.822,8.721,8.82,593443.41
2026-08-14 09:00:00,8.82,8.83,8.775,8.818,557243.09
2026-08-14 10:00:00,8.817,8.88,8.782,8.786,928503.9
2026-08-14 11:00:00,8.787,8.875,8.783,8.828,636070.46
2026-08-14 12:00:00,8.829,8.882,8.804,8.832,619957.6
2026-08-14 13:00:00,8.832,8.841,8.792,8.836,585515.26
2026-08-14 14:00:00,8.835,8.843,8.76,8.768,540114.63
2026-08-14 15:00:00,8.768,8.876,8.757,8.853,580063.74
2026-08-14 16:00:00,8.853,8.893,8.826,8.872,664496.15
2026-08-14 17:00:00,8.871,8.955,8.867,8.915,1187306.35
2026-08-14 18:00:00,8.915,8.988,8.881,8.943,993912.58
2026-08-14 19:00:00,8.942,9.017,8.926,8.984,781869.66
2026-08-14 20:00:00,8.984,8.988,8.941,8.979,449373.14
2026-08-14 21:00:00,8.98,8.981,8.921,8.947,341628.3
2026-08-14 22:00:00,8.946,8.966,8.923,8.939,350161.6
2026-08-14 23:00:00,8.939,9.007,8.936,8.966,539583.52
2026-08-15 00:00:00,8.967,9.093,8.964,9.084,1058379.55
2026-08-15 01:00:00,9.083,9.34,9.074,9.318,2722299.58
2026-08-15 02:00:00,9.318,9.759,9.317,9.723,5063744.38
2026-08-15 03:00:00,9.722,9.749,9.557,9.578,2564551.84
2026-08-15 04:00:00,9.579,9.606,9.44,9.453,1529734.38
2026-08-15 05:00:00,9.453,9.532,9.444,9.478,1107913.69
2026-08-15 06:00:00,9.478,9.479,9.368,9.416,951407.69
2026-08-15 07:00:00,9.416,9.416,9.313,9.337,929279.22
2026-08-15 08:00:00,9.336,9.346,9.254,9.281,1127336.61
2026-08-15 09:00:00,9.281,9.316,9.221,9.315,999703.39
2026-08-15 10:00:00,9.315,9.363,9.301,9.335,1139207.73
2026-08-15 11:00:00,9.335,9.385,9.269,9.307,868881.27
2026-08-15 12:00:00,9.307,9.466,9.301,9.458,1404228.51
2026-08-15 13:00:00,9.458,9.488,9.422,9.468,887783.72
2026-08-15 14:00:00,9.468,9.531,9.444,9.482,898576.23
2026-08-15 15:00:00,9.482,9.513,9.414,9.509,846440.46
2026-08-15 16:00:00,9.509,9.613,9.486,9.609,1192093.29
2026-08-15 17:00:00,9.61,9.63,9.541,9.553,859992.2
2026-08-15 18:00:00,9.552,9.589,9.493,9.542,1129297.92
2026-08-15 19:00:00,9.542,9.59,9.528,9.579,376538.14
2026-08-15 20:00:00,9.579,9.593,9.544,9.558,400054.97
2026-08-15 21:00:00,9.558,9.58,9.536,9.57,247567.31
2026-08-15 22:00:00,9.569,9.584,9.514,9.527,457037.4
2026-08-15 23:00:00,9.528,9.536,9.46,9.465,703320.06
2026-08-16 00:00:00,9.466,9.478,9.379,9.433,899124.15
2026-08-16 01:00:00,9.433,9.5,9.421,9.494,700906.8
2026-08-16 02:00:00,9.495,9.507,9.443,9.477,343949.52
2026-08-16 03:00:00,9.477,9.489,9.392,9.397,510708.46
2026-08-16 04:00:00,9.397,9.406,9.341,9.384,770661.88
2026-08-16 05:00:00,9.383,9.398,9.352,9.365,472161.27
2026-08-16 06:00:00,9.364,9.382,9.323,9.333,482435.79
2026-08-16 07:00:00,9.332,9.374,9.305,9.372,447124.9
2026-08-16 08:00:00,9.371,9.435,9.366,9.432,537609.38
2026-08-16 09:00:00,9.433,9.454,9.396,9.404,560753.03
2026-08-16 10:00:00,9.404,9.418,9.378,9.397,326131.83
2026-08-16 11:00:00,9.397,9.454,9.397,9.409,583252.18
2026-08-16 12:00:00,9.41,9.415,9.31,9.332,957402.97
2026-08-16 13:00:00,9.332,9.355,9.312,9.322,457243.0
2026-08-16 14:00:00,9.322,9.363,9.289,9.349,869009.74
2026-08-16 15:00:00,9.348,9.396,9.339,9.388,519095.15
2026-08-16 16:00:00,9.388,9.414,9.364,9.385,798144.71
2026-08-16 17:00:00,9.385,9.483,9.372,9.435,1254304.63
2026-08-16 18:00:00,9.435,9.435,9.383,9.397,296634.82
2026-08-16 19:00:00,9.398,9.467,9.396,9.459,317536.68
2026-08-16 20:00:00,9.46,9.489,9.433,9.44,431212.98
2026-08-16 21:00:00,9.439,9.448,9.334,9.388,474407.93
2026-08-16 22:00:00,9.388,9.392,9.345,9.374,478545.06
2026-08-16 23:00:00,9.374,9.439,9.365,9.385,428367.74
2026-08-17 00:00:00,9.385,9.415,9.354,9.406,417635.87
2026-08-17 01:00:00,9.405,9.556,9.401,9.485,1032533.17
2026-08-17 02:00:00,9.485,9.528,9.442,9.528,526950.75
2026-08-17 03:00:00,9.527,9.565,9.481,9.486,437619.62
2026-08-17 04:00:00,9.486,9.503,9.454,9.462,270728.72
2026-08-17 05:00:00,9.462,9.463,9.405,9.405,324387.4
2026-08-17 06:00:00,9.405,9.476,9.402,9.457,622298.6
2026-08-17 07:00:00,9.458,9.49,9.404,9.404,473235.36
2026-08-17 08:00:00,9.403,9.418,9.364,9.388,597938.94
2026-08-17 09:00:00,9.388,9.424,9.385,9.418,282917.28
2026-08-17 10:00:00,9.418,9.525,9.413,9.499,642077.86
2026-08-17 11:00:00,9.499,9.559,9.47,9.51,681280.31
2026-08-17 12:00:00,9.51,9.57,9.503,9.542,783008.46
2026-08-17 13:00:00,9.542,9.557,9.473,9.486,566365.92
2026-08-17 14:00:00,9.486,9.557,9.436,9.529,751384.04
2026-08-17 15:00:00,9.529,9.559,9.493,9.516,656974.6
2026-08-17 16:00:00,9.516,9.568,9.474,9.558,690574.67
2026-08-17 17:00:00,9.559,9.56,9.478,9.495,540187.86
2026-08-17 18:00:00,9.495,9.558,9.467,9.474,519909.21
2026-08-17 19:00:00,9.474,9.491,9.456,9.491,317563.21
2026-08-17 20:00:00,9.491,9.528,9.465,9.508,288178.62
2026-08-17 21:00:00,9.508,9.528,9.474,9.484,153516.81
2026-08-17 22:00:00,9.485,9.495,9.471,9.49,162306.17
2026-08-17 23:00:00,9.49,9.553,9.48,9.538,317682.58
2026-08-18 00:00:00,9.538,9.546,9.467,9.507,508933.82
2026-08-18 01:00:00,9.507,9.511,9.423,9.437,445571.84
2026-08-18 02:00:00,9.437,9.461,9.318,9.362,1147968.45
2026-08-18 03:00:00,9.36,9.422,9.357,9.416,499872.57
2026-08-18 04:00:00,9.416,9.448,9.397,9.419,212024.83
2026-08-18 05:00:00,9.419,9.473,9.408,9.43,342332.39
2026-08-18 06:00:00,9.43,9.526,9.402,9.438,655371.07
2026-08-18 07:00:00,9.438,9.448,9.385,9.426,409466.38
2026-08-18 08:00:00,9.426,9.452,9.375,9.451,612830.78
2026-08-18 09:00:00,9.45,9.47,9.426,9.462,550752.22
2026-08-18 10:00:00,9.462,9.492,9.447,9.455,413334.05
2026-08-18 11:00:00,9.456,9.486,9.437,9.439,265937.88
2026-08-18 12:00:00,9.438,9.447,9.403,9.427,498864.59
2026-08-18 13:00:00,9.427,9.441,9.393,9.422,385169.25
2026-08-18 14:00:00,9.421,9.52,9.408,9.456,883974.09
2026-08-18 15:00:00,9.455,9.558,9.455,9.475,1047427.81
2026-08-18 16:00:00,9.475,9.542,9.472,9.518,499374.21
2026-08-18 17:00:00,9.518,9.519,9.446,9.454,335126.33
2026-08-18 18:00:00,9.453,9.527,9.452,9.512,318485.82
2026-08-18 19:00:00,9.512,9.524,9.492,9.499,205116.38
2026-08-18 20:00:00,9.499,9.506,9.46,9.47,217211.49
2026-08-18 21:00:00,9.469,9.559,9.469,9.499,513353.34
2026-08-18 22:00:00,9.498,9.514,9.473,9.479,202141.5
2026-08-18 23:00:00,9.478,9.552,9.465,9.533,307709.05
2026-08-19 00:00:00,9.533,9.54,9.482,9.49,349874.26
2026-08-19 01:00:00,9.49,9.526,9.488,9.504,251820.31
2026-08-19 02:00:00,9.503,9.542,9.482,9.536,305434.77
2026-08-19 03:00:00,9.535,9.719,9.518,9.698,1882753.4
2026-08-19 04:00:00,9.698,9.711,9.564,9.587,1052600.9
2026-08-19 05:00:00,9.586,9.643,9.581,9.606,371011.25
2026-08-19 06:00:00,9.605,9.678,9.556,9.674,758365.76
2026-08-19 07:00:00,9.675,9.718,9.628,9.693,791460.78
2026-08-19 08:00:00,9.692,9.84,9.658,9.785,2293142.04
2026-08-19 09:00:00,9.785,9.83,9.726,9.733,1083863.17
2026-08-19 10:00:00,9.734,9.796,9.71,9.79,669221.74
2026-08-19 11:00:00,9.79,9.798,9.741,9.764,362120.36
2026-08-19 12:00:00,9.763,9.813,9.717,9.744,677542.35
2026-08-19 13:00:00,9.745,9.766,9.649,9.673,1216725.51
2026-08-19 14:00:00,9.674,9.823,9.649,9.766,1557675.62
2026-08-19 15:00:00,9.766,10.181,9.722,9.916,4685587.83
2026-08-19 16:00:00,9.916,10.033,9.9,9.926,1855196.9
2026-08-19 17:00:00,9.926,9.979,9.845,9.976,1092722.6
2026-08-19 18:00:00,9.977,10.077,9.948,9.984,1269579.72
2026-08-19 19:00:00,9.984,10.145,9.981,10.11,1909745.09
2026-08-19 20:00:00,10.111,10.639,10.095,10.58,3632227.87
2026-08-19 21:00:00,10.58,10.894,10.569,10.735,3916655.26
2026-08-19 22:00:00,10.736,10.778,10.542,10.573,1998896.29
2026-08-19 23:00:00,10.573,10.595,10.506,10.549,764831.6
2026-08-20 00:00:00,10.549,10.623,10.511,10.528,1005458.58
2026-08-20 01:00:00,10.528,10.595,10.457,10.531,684710.97
2026-08-20 02:00:00,10.532,10.546,10.482,10.501,414291.79
2026-08-20 03:00:00,10.501,10.503,10.36,10.436,860293.0
2026-08-20 04:00:00,10.436,10.473,10.406,10.439,394054.92
2026-08-20 05:00:00,10.439,10.464,10.41,10.453,350876.61
2026-08-20 06:00:00,10.453,10.585,10.448,10.583,1061836.69
2026-08-20 07:00:00,10.583,10.584,10.508,10.542,502535.71
2026-08-20 08:00:00,10.542,10.704,10.534,10.656,1295788.24
2026-08-20 09:00:00,10.657,10.684,10.562,10.577,890824.63
2026-08-20 10:00:00,10.577,10.708,10.569,10.693,712971.7
2026-08-20 11:00:00,10.693,10.761,10.654,10.661,1074159.65
2026-08-20 12:00:00,10.661,10.683,10.52,10.59,877324.35
2026-08-20 13:00:00,10.59,10.651,10.516,10.594,955877.83
2026-08-20 14:00:00,10.593,10.67,10.511,10.548,670200.99
2026-08-20 15:00:00,10.548,10.728,10.541,10.707,1314266.12
2026-08-20 16:00:00,10.707,10.813,10.641,10.767,1158943.38
2026-08-20 17:00:00,10.767,10.871,10.716,10.778,1778021.88
2026-08-20 18:00:00,10.779,10.804,10.608,10.618,1082172.63
2026-08-20 19:00:00,10.618,10.669,10.607,10.653,529298.15
2026-08-20 20:00:00,10.652,10.672,10.585,10.618,735795.61
2026-08-20 21:00:00,10.618,10.623,10.543,10.569,725270.21
2026-08-20 22:00:00,10.568,10.627,10.488,10.616,759931.15
2026-08-20 23:00:00,10.616,10.716,10.6,10.687,690751.43
2026-08-21 00:00:00,10.688,10.792,10.68,10.76,854937.36
2026-08-21 01:00:00,10.759,10.899,10.696,10.825,1445394.71
2026-08-21 02:00:00,10.824,10.995,10.76,10.875,2571481.45
2026-08-21 03:00:00,10.876,11.037,10.87,10.901,1116529.81
2026-08-21 04:00:00,10.902,10.973,10.858,10.901,813831.18
2026-08-21 05:00:00,10.9,10.956,10.854,10.937,593279.99
2026-08-21 06:00:00,10.938,11.072,10.922,10.969,1218008.63
2026-08-21 07:00:00,10.969,11.854,10.962,11.541,5856120.32
2026-08-21 08:00:00,11.54,11.75,11.472,11.727,1987487.42
2026-08-21 09:00:00,11.726,11.737,11.318,11.475,2601925.44
2026-08-21 10:00:00,11.476,11.489,11.336,11.41,1100408.1
2026-08-21 11:00:00,11.409,11.423,11.221,11.273,1576968.66
2026-08-21 12:00:00,11.274,11.41,11.23,11.369,979393.96
2026-08-21 13:00:00,11.37,11.478,11.267,11.412,1127935.48
2026-08-21 14:00:00,11.413,11.526,11.305,11.514,995558.58
2026-08-21 15:00:00,11.514,11.629,11.466,11.519,1717368.82
2026-08-21 16:00:00,11.519,11.623,11.402,11.544,1470886.25
2026-08-21 17:00:00,11.545,11.657,11.47,11.612,1419531.97
2026-08-21 18:00:00,11.612,11.667,11.486,11.59,1107460.36
2026-08-21 19:00:00,11.59,11.684,11.514,11.662,912762.75
2026-08-21 20:00:00,11.662,11.829,11.624,11.822,1341201.17
2026-08-21 21:00:00,11.822,12.194,11.8,12.163,2115165.95
2026-08-21 22:00:00,12.163,12.401,12.104,12.2,2277516.28
2026-08-21 23:00:00,12.2,12.224,11.963,11.992,1083445.02
2026-08-22 00:00:00,11.992,12.113,11.858,12.095,1279735.03
2026-08-22 01:00:00,12.095,12.139,11.993,12.003,835298.55
2026-08-22 02:00:00,12.004,12.224,12.004,12.22,891451.81
2026-08-22 03:00:00,12.221,12.49,12.171,12.38,2552343.99
2026-08-22 04:00:00,12.38,12.625,12.288,12.536,1906591.98
2026-08-22 05:00:00,12.536,12.597,10.05,11.839,6980834.55
2026-08-22 06:00:00,11.839,11.953,11.702,11.857,1406587.77
2026-08-22 07:00:00,11.856,11.93,11.73,11.751,885260.84
2026-08-22 08:00:00,11.752,11.839,11.515,11.611,1337214.54
2026-08-22 09:00:00,11.611,11.714,11.505,11.605,925781.97
2026-08-22 10:00:00,11.606,11.617,11.349,11.538,1736606.49
2026-08-22 11:00:00,11.539,11.727,11.499,11.691,816241.85
2026-08-22 12:00:00,11.691,11.91,11.668,11.87,1044376.84
2026-08-22 13:00:00,11.869,11.904,11.757,11.785,668750.54
2026-08-22 14:00:00,11.784,11.797,11.591,11.66,993787.71
2026-08-22 15:00:00,11.66,11.691,11.488,11.62,1176984.02
2026-08-22 16:00:00,11.619,11.815,11.523,11.746,1229654.84
2026-08-22 17:00:00,11.745,11.785,11.682,11.73,520266.16
2026-08-22 18:00:00,11.73,11.823,11.647,11.704,586087.97
2026-08-22 19:00:00,11.704,11.771,11.692,11.746,390268.74
2026-08-22 20:00:00,11.747,11.812,11.688,11.711,309374.77
2026-08-22 21:00:00,11.711,11.711,11.489,11.506,759790.09
2026-08-22 22:00:00,11.506,11.61,11.453,11.584,455407.47
2026-08-22 23:00:00,11.585,11.678,11.557,11.65,463038.7
2026-08-23 00:00:00,11.651,11.755,11.632,11.723,582178.09
2026-08-23 01:00:00,11.722,11.722,11.584,11.605,389393.34
2026-08-23 02:00:00,11.606,11.617,11.477,11.54,802043.94
2026-08-23 03:00:00,11.54,11.554,11.423,11.458,519558.55
2026-08-23 04:00:00,11.458,11.52,11.265,11.275,1212689.19
2026-08-23 05:00:00,11.275,11.304,11.038,11.136,2504825.91
2026-08-23 06:00:00,11.136,11.317,11.09,11.235,786624.88
2026-08-23 07:00:00,11.235,11.337,11.215,11.309,472357.62
2026-08-23 08:00:00,11.309,11.423,11.276,11.329,682633.21
2026-08-23 09:00:00,11.329,11.409,11.314,11.395,301379.04
2026-08-23 10:00:00,11.394,11.471,11.392,11.44,592629.2
2026-08-23 11:00:00,11.441,11.477,11.274,11.415,1732838.88
2026-08-23 12:00:00,11.415,11.448,11.337,11.401,476494.67
2026-08-23 13:00:00,11.402,11.627,11.402,11.616,1221041.93
2026-08-23 14:00:00,11.617,11.65,11.239,11.505,1738034.09
2026-08-23 15:00:00,11.506,11.56,11.369,11.461,888471.91
2026-08-23 16:00:00,11.462,11.561,11.457,11.509,473555.18
2026-08-23 17:00:00,11.509,11.533,11.433,11.484,371003.96
2026-08-23 18:00:00,11.484,11.603,11.477,11.594,629685.67
2026-08-23 19:00:00,11.595,11.604,11.471,11.494,372729.0
2026-08-23 20:00:00,11.494,11.521,11.436,11.509,308160.66
2026-08-23 21:00:00,11.509,11.739,11.509,11.621,1012250.43
2026-08-23 22:00:00,11.621,11.67,11.537,11.549,428030.74
2026-08-23 23:00:00,11.549,11.575,11.462,11.543,511360.33
2026-08-24 00:00:00,11.543,11.55,11.364,11.544,838166.8
2026-08-24 01:00:00,11.544,11.564,11.304,11.321,753913.07
2026-08-24 02:00:00,11.322,11.509,11.287,11.461,495460.57
2026-08-24 03:00:00,11.461,11.473,11.342,11.35,365187.9
2026-08-24 04:00:00,11.349,11.508,11.348,11.49,427412.01
2026-08-24 05:00:00,11.489,11.602,11.453,11.505,574400.63
2026-08-24 06:00:00,11.505,11.573,11.465,11.559,453913.56
2026-08-24 07:00:00,11.558,11.679,11.494,11.515,617307.56
2026-08-24 08:00:00,11.515,11.522,11.351,11.49,838670.49
2026-08-24 09:00:00,11.49,11.61,11.48,11.566,455515.99
2026-08-24 10:00:00,11.566,11.645,11.518,11.557,529473.29
2026-08-24 11:00:00,11.558,11.753,11.491,11.72,798229.52
2026-08-24 12:00:00,11.72,11.781,11.566,11.731,969445.06
2026-08-24 13:00:00,11.732,11.774,11.485,11.595,1267142.47
2026-08-24 14:00:00,11.595,11.784,11.592,11.721,1050810.02
2026-08-24 15:00:00,11.721,11.755,11.515,11.569,1234954.59
2026-08-24 16:00:00,11.569,11.703,11.504,11.543,1029850.56
2026-08-24 17:00:00,11.543,11.566,11.404,11.499,1167249.64
2026-08-24 18:00:00,11.5,11.623,11.5,11.571,699462.89
2026-08-24 19:00:00,11.572,11.606,11.513,11.555,343291.37
2026-08-24 20:00:00,11.556,11.6,11.497,11.599,238356.68
2026-08-24 21:00:00,11.598,11.687,11.591,11.641,302742.63
2026-08-24 22:00:00,11.641,11.649,11.56,11.615,346685.85
2026-08-24 23:00:00,11.615,11.645,11.55,11.629,510100.74
2026-08-25 00:00:00,11.629,11.784,11.591,11.731,745949.91
2026-08-25 01:00:00,11.731,11.793,11.692,11.778,556829.51
2026-08-25 02:00:00,11.779,12.02,11.734,11.814,1426485.19
2026-08-25 03:00:00,11.815,11.899,11.704,11.746,627611.99
2026-08-25 04:00:00,11.745,11.788,11.661,11.753,755768.21
2026-08-25 05:00:00,11.752,11.844,11.733,11.804,622689.63
2026-08-25 06:00:00,11.805,11.825,11.697,11.726,391753.06
2026-08-25 07:00:00,11.727,11.795,11.452,11.585,1124287.49
2026-08-25 08:00:00,11.585,11.672,11.572,11.601,421693.95
2026-08-25 09:00:00,11.602,11.694,11.515,11.576,516052.67
2026-08-25 10:00:00,11.576,11.593,11.526,11.576,335559.49
2026-08-25 11:00:00,11.576,11.599,11.525,11.55,252174.63
2026-08-25 12:00:00,11.549,11.648,11.478,11.613,598271.42
2026-08-25 13:00:00,11.614,11.648,11.354,11.473,1142433.82
2026-08-25 14:00:00,11.473,11.6,11.443,11.587,507031.6
2026-08-25 15:00:00,11.588,11.599,11.504,11.578,552773.04
2026-08-25 16:00:00,11.578,11.603,11.485,11.517,252900.65
2026-08-25 17:00:00,11.518,11.576,11.427,11.534,412109.75
2026-08-25 18:00:00,11.536,11.576,11.513,11.554,272418.04
2026-08-25 19:00:00,11.555,11.572,11.438,11.453,252376.06
2026-08-25 20:00:00,11.453,11.477,11.236,11.275,899219.03
2026-08-25 21:00:00,11.275,11.353,11.131,11.312,872025.9
2026-08-25 22:00:00,11.311,11.397,11.308,11.372,302384.54
2026-08-25 23:00:00,11.373,11.407,11.236,11.287,378158.16
2026-08-26 00:00:00,11.286,11.34,11.229,11.308,367223.06
2026-08-26 01:00:00,11.308,11.428,11.301,11.378,305526.74
2026-08-26 02:00:00,11.379,11.433,11.333,11.423,243757.63
2026-08-26 03:00:00,11.423,11.444,11.368,11.39,205626.12
2026-08-26 04:00:00,11.39,11.453,11.364,11.364,342111.9
2026-08-26 05:00:00,11.365,11.403,11.289,11.387,516449.66
2026-08-26 06:00:00,11.386,11.41,11.32,11.364,256807.5
2026-08-26 07:00:00,11.364,11.384,11.325,11.328,279490.47
2026-08-26 08:00:00,11.328,11.378,11.281,11.297,336666.97
2026-08-26 09:00:00,11.298,11.328,11.203,11.267,613094.54
2026-08-26 10:00:00,11.266,11.462,11.245,11.445,438242.03
2026-08-26 11:00:00,11.446,11.484,11.353,11.384,367206.02
2026-08-26 12:00:00,11.384,11.484,11.298,11.396,622544.47
2026-08-26 13:00:00,11.395,11.416,11.253,11.333,559159.2
2026-08-26 14:00:00,11.333,11.359,11.149,11.17,799126.14
2026-08-26 15:00:00,11.17,11.248,11.054,11.229,1098834.16
2026-08-26 16:00:00,11.229,11.264,11.131,11.207,486333.59
2026-08-26 17:00:00,11.208,11.326,11.194,11.248,334739.7
2026-08-26 18:00:00,11.249,11.297,11.223,11.282,201033.65
2026-08-26 19:00:00,11.282,11.343,11.256,11.298,242507.94
2026-08-26 20:00:00,11.297,11.303,11.205,11.299,231888.27
2026-08-26 21:00:00,11.3,11.49,11.289,11.46,562234.35
2026-08-26 22:00:00,11.461,11.578,11.449,11.513,474941.36
2026-08-26 23:00:00,11.513,11.624,11.499,11.617,434640.5
2026-08-27 00:00:00,11.617,11.628,11.487,11.489,387592.64
2026-08-27 01:00:00,11.488,11.588,11.447,11.54,345839.43
2026-08-27 02:00:00,11.541,11.598,11.502,11.54,217241.83
2026-08-27 03:00:00,11.541,11.57,11.483,11.518,385906.82
2026-08-27 04:00:00,11.518,11.572,11.495,11.528,233405.32
2026-08-27 05:00:00,11.528,11.646,11.495,11.616,464116.66
2026-08-27 06:00:00,11.618,11.62,11.524,11.606,318821.7
2026-08-27 07:00:00,11.605,11.676,11.601,11.667,365404.08
2026-08-27 08:00:00,11.667,11.912,11.664,11.853,1350668.01
2026-08-27 09:00:00,11.853,11.921,11.796,11.858,742290.99
2026-08-27 10:00:00,11.859,11.918,11.638,11.729,1031030.4
2026-08-27 11:00:00,11.729,11.777,11.671,11.74,440737.79
2026-08-27 12:00:00,11.741,11.802,11.7,11.73,321409.27
2026-08-27 13:00:00,11.731,12.006,11.674,11.791,2026042.02
2026-08-27 14:00:00,11.79,11.871,11.715,11.83,566358.03
2026-08-27 15:00:00,11.831,11.968,11.815,11.921,752152.23
2026-08-27 16:00:00,11.922,11.936,11.844,11.865,614377.23
2026-08-27 17:00:00,11.865,11.953,11.835,11.895,431798.98
2026-08-27 18:00:00,11.895,11.907,11.744,11.867,545575.86
2026-08-27 19:00:00,11.868,11.917,11.847,11.854,343811.39
2026-08-27 20:00:00,11.855,11.907,11.829,11.9,204702.52
2026-08-27 21:00:00,11.901,11.905,11.84,11.875,150517.72
2026-08-27 22:00:00,11.875,11.97,11.872,11.967,327032.39
2026-08-27 23:00:00,11.968,11.976,11.905,11.911,312780.9
2026-08-28 00:00:00,11.911,11.98,11.842,11.957,492095.47
2026-08-28 01:00:00,11.957,12.051,11.869,11.878,633850.2
2026-08-28 02:00:00,11.878,11.885,11.685,11.737,797567.45
2026-08-28 03:00:00,11.737,11.746,11.672,11.706,347981.96
2026-08-28 04:00:00,11.706,11.778,11.65,11.746,318132.31
2026-08-28 05:00:00,11.746,11.802,11.697,11.774,179324.91
2026-08-28 06:00:00,11.775,11.846,11.774,11.812,279183.74
2026-08-28 07:00:00,11.813,11.815,11.683,11.694,337052.15
2026-08-28 08:00:00,11.695,11.726,11.635,11.658,317878.83
2026-08-28 09:00:00,11.659,11.743,11.626,11.703,415312.56
2026-08-28 10:00:00,11.703,11.763,11.614,11.756,444245.24
2026-08-28 11:00:00,11.757,11.795,11.729,11.775,326479.97
2026-08-28 12:00:00,11.776,11.815,11.685,11.699,412495.17
2026-08-28 13:00:00,11.699,11.795,11.644,11.746,450609.91
2026-08-28 14:00:00,11.746,11.858,11.548,11.832,1721786.03
2026-08-28 15:00:00,11.833,11.886,11.558,11.561,1194284.6
2026-08-28 16:00:00,11.561,11.578,11.288,11.448,2128976.87
2026-08-28 17:00:00,11.448,11.515,11.428,11.464,427163.18
2026-08-28 18:00:00,11.463,11.467,11.236,11.337,769527.1
2026-08-28 19:00:00,11.337,11.417,11.335,11.386,379282.68
2026-08-28 20:00:00,11.385,11.406,11.336,11.355,225675.36
2026-08-28 21:00:00,11.355,11.388,11.297,11.308,212613.02
2026-08-28 22:00:00,11.309,11.443,11.297,11.431,222419.09
2026-08-28 23:00:00,11.431,11.441,11.403,11.426,193013.76
2026-08-29 00:00:00,11.426,11.471,11.421,11.428,222559.41
2026-08-29 01:00:00,11.428,11.435,11.384,11.395,228428.19
2026-08-29 02:00:00,11.396,11.415,11.344,11.38,201263.94
2026-08-29 03:00:00,11.38,11.393,11.328,11.333,169122.29
2026-08-29 04:00:00,11.333,11.364,11.33,11.354,245195.84
2026-08-29 05:00:00,11.354,11.392,11.353,11.369,136194.76
2026-08-29 06:00:00,11.369,11.372,11.284,11.325,161687.99
2026-08-29 07:00:00,11.325,11.349,11.308,11.316,102887.02
2026-08-29 08:00:00,11.316,11.318,11.265,11.299,232480.93
2026-08-29 09:00:00,11.299,11.325,11.294,11.301,140627.16
2026-08-29 10:00:00,11.302,11.347,11.277,11.314,195206.88
2026-08-29 11:00:00,11.314,11.337,11.295,11.296,112115.95
2026-08-29 12:00:00,11.297,11.334,11.297,11.318,92016.81
2026-08-29 13:00:00,11.318,11.327,11.305,11.318,95225.81
2026-08-29 14:00:00,11.318,11.489,11.318,11.457,671995.41
2026-08-29 15:00:00,11.458,11.464,11.356,11.382,371840.98
2026-08-29 16:00:00,11.383,11.454,11.369,11.405,393911.14
2026-08-29 17:00:00,11.406,11.434,11.357,11.383,316084.28
2026-08-29 18:00:00,11.384,11.444,11.363,11.43,211874.78
2026-08-29 19:00:00,11.431,11.465,11.419,11.426,146263.67
2026-08-29 20:00:00,11.427,11.477,11.424,11.447,108465.68
2026-08-29 21:00:00,11.448,11.481,11.433,11.442,183383.82
2026-08-29 22:00:00,11.442,11.451,11.407,11.432,171289.06
2026-08-29 23:00:00,11.433,11.461,11.408,11.451,281249.1
2026-08-30 00:00:00,11.451,11.461,11.395,11.404,256793.91
2026-08-30 01:00:00,11.404,11.411,11.36,11.384,254237.28
2026-08-30 02:00:00,11.383,11.412,11.365,11.396,162529.92
2026-08-30 03:00:00,11.395,11.404,11.364,11.383,147090.88
2026-08-30 04:00:00,11.383,11.4,11.327,11.366,163478.52
2026-08-30 05:00:00,11.366,11.408,11.362,11.401,86100.42
2026-08-30 06:00:00,11.401,11.444,11.382,11.44,187824.17
2026-08-30 07:00:00,11.441,11.442,11.381,11.382,131183.63
2026-08-30 08:00:00,11.382,11.403,11.362,11.378,106702.58
2026-08-30 09:00:00,11.378,11.388,11.329,11.343,153223.82
2026-08-30 10:00:00,11.343,11.382,11.332,11.375,123532.82
2026-08-30 11:00:00,11.376,11.413,11.358,11.407,375974.43
2026-08-30 12:00:00,11.407,11.505,11.399,11.46,817365.36
2026-08-30 13:00:00,11.459,11.557,11.436,11.541,511510.02
2026-08-30 14:00:00,11.541,11.554,11.504,11.541,350873.95
2026-08-30 15:00:00,11.542,11.626,11.535,11.557,698811.16
2026-08-30 16:00:00,11.558,11.771,11.521,11.748,1416849.85
2026-08-30 17:00:00,11.747,11.797,11.594,11.651,788313.84
2026-08-30 18:00:00,11.652,11.68,11.594,11.66,301177.82
2026-08-30 19:00:00,11.66,11.67,11.543,11.59,249382.73
2026-08-30 20:00:00,11.59,11.615,11.461,11.506,481046.03
2026-08-30 21:00:00,11.507,11.527,11.386,11.516,579578.28
2026-08-30 22:00:00,11.517,11.562,11.403,11.433,461924.55
2026-08-30 23:00:00,11.433,11.433,10.974,11.137,2139644.52
2026-08-31 00:00:00,11.137,11.242,11.077,11.184,638460.14
2026-08-31 01:00:00,11.184,11.2,11.068,11.081,467439.56
2026-08-31 02:00:00,11.08,11.197,11.021,11.075,541554.74
2026-08-31 03:00:00,11.075,11.202,11.059,11.158,353480.61
2026-08-31 04:00:00,11.159,11.161,11.085,11.132,297263.09
2026-08-31 05:00:00,11.132,11.312,11.115,11.259,585898.97
2026-08-31 06:00:00,11.26,11.301,11.228,11.257,334952.15
2026-08-31 07:00:00,11.257,11.316,11.244,11.264,363487.71
2026-08-31 08:00:00,11.265,11.305,11.205,11.268,280497.71
2026-08-31 09:00:00,11.268,11.354,11.249,11.287,313140.47
2026-08-31 10:00:00,11.288,11.343,11.236,11.322,271208.03
2026-08-31 11:00:00,11.322,11.323,11.238,11.241,190143.83
2026-08-31 12:00:00,11.241,11.325,11.21,11.269,418212.0
2026-08-31 13:00:00,11.269,11.313,11.149,11.186,682142.02
2026-08-31 14:00:00,11.186,11.34,11.158,11.333,722169.57
2026-08-31 15:00:00,11.334,11.395,11.258,11.376,941013.38
2026-08-31 16:00:00,11.377,11.396,11.282,11.324,718083.31
2026-08-31 17:00:00,11.323,11.407,11.289,11.384,294921.81
2026-08-31 18:00:00,11.384,11.497,11.368,11.433,422031.96
2026-08-31 19:00:00,11.434,11.487,11.379,11.398,299461.15
2026-08-31 20:00:00,11.397,11.435,11.364,11.375,230275.68
2026-08-31 21:00:00,11.376,11.41,11.33,11.364,226327.36
2026-08-31 22:00:00,11.365,11.399,11.307,11.32,217360.02
2026-08-31 23:00:00,11.32,11.356,11.276,11.316,472283.11
2026-09-01 00:00:00,11.315,11.393,11.312,11.378,390792.58
2026-09-01 01:00:00,11.379,11.419,11.345,11.357,356583.88
2026-09-01 02:00:00,11.357,11.374,11.29,11.355,323355.54
2026-09-01 03:00:00,11.355,11.491,11.339,11.427,306880.46
2026-09-01 04:00:00,11.427,11.479,11.399,11.411,196218.07
2026-09-01 05:00:00,11.411,11.516,11.409,11.504,256664.14
2026-09-01 06:00:00,11.504,11.505,11.437,11.478,299466.3
2026-09-01 07:00:00,11.478,11.501,11.428,11.467,244154.22
2026-09-01 08:00:00,11.468,11.475,11.285,11.335,607515.2
2026-09-01 09:00:00,11.335,11.357,11.297,11.326,280166.57
2026-09-01 10:00:00,11.326,11.455,11.318,11.43,411258.64
2026-09-01 11:00:00,11.431,11.492,11.393,11.463,359659.08
2026-09-01 12:00:00,11.463,11.525,11.332,11.384,777139.03
2026-09-01 13:00:00,11.384,11.442,11.31,11.396,792788.48
2026-09-01 14:00:00,11.397,11.488,11.381,11.443,388552.63
2026-09-01 15:00:00,11.443,11.444,11.344,11.424,393320.25
2026-09-01 16:00:00,11.425,11.446,11.297,11.359,578268.85
2026-09-01 17:00:00,11.359,11.408,11.289,11.304,343816.04
2026-09-01 18:00:00,11.305,11.326,11.049,11.209,1273858.36
2026-09-01 19:00:00,11.209,11.273,11.191,11.216,563306.98
2026-09-01 20:00:00,11.216,11.267,11.178,11.242,333917.04
2026-09-01 21:00:00,11.242,11.252,11.096,11.173,550221.2
2026-09-01 22:00:00,11.172,11.209,11.143,11.163,242051.31
2026-09-01 23:00:00,11.163,11.247,11.152,11.227,225163.33
2026-09-02 00:00:00,11.227,11.25,11.151,11.155,252651.83
2026-09-02 01:00:00,11.155,11.188,11.067,11.114,466742.64
2026-09-02 02:00:00,11.114,11.202,11.086,11.168,311197.31
2026-09-02 03:00:00,11.168,11.288,11.159,11.204,416740.37
2026-09-02 04:00:00,11.203,11.253,11.145,11.246,324860.36
2026-09-02 05:00:00,11.245,11.293,11.214,11.286,368296.94
2026-09-02 06:00:00,11.287,11.3,11.173,11.249,341642.55
2026-09-02 07:00:00,11.25,11.296,11.196,11.202,214489.55
2026-09-02 08:00:00,11.202,11.229,11.06,11.088,437845.72
2026-09-02 09:00:00,11.088,11.147,10.996,11.059,773253.21
2026-09-02 10:00:00,11.06,11.064,10.894,10.973,776005.54
2026-09-02 11:00:00,10.973,11.048,10.922,11.018,530702.75
2026-09-02 12:00:00,11.018,11.074,10.958,10.96,387911.4
2026-09-02 13:00:00,10.961,11.213,10.961,11.155,737571.85
2026-09-02 14:00:00,11.155,11.186,11.055,11.058,397646.5
2026-09-02 15:00:00,11.059,11.119,11.011,11.082,452243.74
2026-09-02 16:00:00,11.082,11.181,11.064,11.064,708393.17
2026-09-02 17:00:00,11.064,11.124,11.018,11.114,345541.38
2026-09-02 18:00:00,11.114,11.163,11.1,11.128,214724.22
2026-09-02 19:00:00,11.126,11.135,11.058,11.108,157183.34
2026-09-02 20:00:00,11.109,11.168,11.092,11.122,294983.47
2026-09-02 21:00:00,11.122,11.132,11.069,11.094,157504.44
2026-09-02 22:00:00,11.094,11.094,11.029,11.032,143758.58
2026-09-02 23:00:00,11.032,11.119,11.021,11.113,153018.53
2026-09-03 00:00:00,11.112,11.118,11.023,11.037,267466.25
2026-09-03 01:00:00,11.036,11.163,10.994,11.093,492174.68
2026-09-03 02:00:00,11.093,11.227,11.075,11.209,754881.64
2026-09-03 03:00:00,11.21,11.212,11.154,11.191,795068.73
2026-09-03 04:00:00,11.191,11.246,11.167,11.246,380731.04
2026-09-03 05:00:00,11.247,11.268,11.101,11.226,571332.0
2026-09-03 06:00:00,11.227,11.231,11.186,11.213,316110.1
2026-09-03 07:00:00,11.212,11.275,11.143,11.172,628313.64
2026-09-03 08:00:00,11.173,11.26,11.173,11.199,403095.04
2026-09-03 09:00:00,11.2,11.237,11.152,11.154,264979.8
2026-09-03 10:00:00,11.154,11.207,11.118,11.19,300910.72
2026-09-03 11:00:00,11.191,11.323,11.176,11.265,571009.83
2026-09-03 12:00:00,11.266,11.429,11.252,11.414,778282.03
2026-09-03 13:00:00,11.414,11.473,11.361,11.43,865923.78
2026-09-03 14:00:00,11.429,11.788,11.388,11.787,1646038.5
2026-09-03 15:00:00,11.787,11.862,11.653,11.779,1766796.57
2026-09-03 16:00:00,11.78,11.789,11.622,11.717,783237.57
2026-09-03 17:00:00,11.718,11.755,11.69,11.737,379666.17
2026-09-03 18:00:00,11.737,11.812,11.729,11.811,416951.35
2026-09-03 19:00:00,11.811,11.871,11.787,11.855,535124.97
2026-09-03 20:00:00,11.855,11.902,11.807,11.881,442812.18
2026-09-03 21:00:00,11.881,11.957,11.851,11.938,604572.53
2026-09-03 22:00:00,11.938,11.945,11.766,11.829,567629.64
2026-09-03 23:00:00,11.828,11.855,11.774,11.829,346693.09
2026-09-04 00:00:00,11.828,11.897,11.784,11.787,419379.6
2026-09-04 01:00:00,11.787,11.897,11.754,11.892,454077.2
2026-09-04 02:00:00,11.893,11.907,11.803,11.903,324150.51
2026-09-04 03:00:00,11.904,11.944,11.863,11.877,378055.56
2026-09-04 04:00:00,11.877,11.998,11.86,11.922,451817.34
2026-09-04 05:00:00,11.922,11.959,11.827,11.88,442862.4
2026-09-04 06:00:00,11.88,11.923,11.809,11.876,321603.51
2026-09-04 07:00:00,11.877,11.974,11.876,11.922,489875.56
2026-09-04 08:00:00,11.922,12.087,11.879,12.08,805790.61
2026-09-04 09:00:00,12.08,12.164,12.0,12.04,1208347.55
2026-09-04 10:00:00,12.039,12.079,11.924,12.072,747803.22
2026-09-04 11:00:00,12.072,12.081,12.015,12.023,371859.99
2026-09-04 12:00:00,12.023,12.059,11.453,11.647,3119674.04
2026-09-04 13:00:00,11.646,11.715,11.534,11.645,1034296.09
2026-09-04 14:00:00,11.646,11.675,11.458,11.519,781838.04
2026-09-04 15:00:00,11.518,11.678,11.492,11.651,587491.55
2026-09-04 16:00:00,11.65,11.738,11.63,11.691,472127.34
2026-09-04 17:00:00,11.691,11.694,11.572,11.592,287051.28
2026-09-04 18:00:00,11.593,11.665,11.593,11.653,219285.53
2026-09-04 19:00:00,11.654,11.721,11.648,11.704,278090.28
2026-09-04 20:00:00,11.705,11.717,11.665,11.665,245143.53
2026-09-04 21:00:00,11.664,11.69,11.594,11.604,254186.53
2026-09-04 22:00:00,11.604,11.639,11.603,11.604,154370.31
2026-09-04 23:00:00,11.605,11.645,11.588,11.627,202820.31
2026-09-05 00:00:00,11.628,11.65,11.586,11.614,292223.78
2026-09-05 01:00:00,11.614,11.667,11.609,11.62,238471.71
2026-09-05 02:00:00,11.62,11.692,11.612,11.675,259873.26
2026-09-05 03:00:00,11.676,11.702,11.655,11.661,206878.18
2026-09-05 04:00:00,11.662,11.67,11.624,11.648,212522.35
2026-09-05 05:00:00,11.649,11.672,11.606,11.643,348153.82
2026-09-05 06:00:00,11.644,11.722,11.635,11.703,257327.97
2026-09-05 07:00:00,11.703,11.769,11.698,11.736,321805.47
2026-09-05 08:00:00,11.737,11.788,11.714,11.781,322368.6
2026-09-05 09:00:00,11.78,11.87,11.78,11.795,630214.56
2026-09-05 10:00:00,11.796,11.801,11.738,11.744,259906.41
2026-09-05 11:00:00,11.744,11.759,11.709,11.721,261857.91
2026-09-05 12:00:00,11.72,11.843,11.72,11.831,544075.42
2026-09-05 13:00:00,11.832,11.887,11.811,11.841,574957.82
2026-09-05 14:00:00,11.841,11.895,11.841,11.881,296105.2
2026-09-05 15:00:00,11.88,11.958,11.873,11.942,498878.11
2026-09-05 16:00:00,11.943,11.988,11.889,11.966,428813.89
2026-09-05 17:00:00,11.966,12.236,11.946,12.093,1881209.58
2026-09-05 18:00:00,12.094,12.11,12.023,12.037,385354.62
2026-09-05 19:00:00,12.036,12.082,11.965,12.005,377068.62
2026-09-05 20:00:00,12.006,12.046,11.926,12.016,540249.65
2026-09-05 21:00:00,12.016,12.103,11.997,12.08,220077.78
2026-09-05 22:00:00,12.08,12.105,11.981,12.0,419314.36
2026-09-05 23:00:00,12.0,12.071,11.967,12.045,365460.6
2026-09-06 00:00:00,12.045,12.172,12.035,12.142,475689.21
2026-09-06 01:00:00,12.142,12.369,12.126,12.357,1061353.49
2026-09-06 02:00:00,12.358,12.468,12.216,12.228,928978.61
2026-09-06 03:00:00,12.228,12.269,12.184,12.218,476456.95
2026-09-06 04:00:00,12.218,12.221,12.113,12.148,425753.38
2026-09-06 05:00:00,12.148,12.331,12.127,12.291,883250.74
2026-09-06 06:00:00,12.292,12.298,12.218,12.244,300731.16
2026-09-06 07:00:00,12.243,12.282,12.124,12.206,407579.02
2026-09-06 08:00:00,12.205,12.256,12.164,12.194,313666.64
2026-09-06 09:00:00,12.194,12.314,12.171,12.276,417948.0
2026-09-06 10:00:00,12.276,12.311,12.227,12.304,275972.85
2026-09-06 11:00:00,12.304,12.305,12.243,12.272,308850.0
2026-09-06 12:00:00,12.272,12.4,12.235,12.335,690692.0
2026-09-06 13:00:00,12.334,12.389,12.243,12.323,517169.87
2026-09-06 14:00:00,12.324,12.389,12.062,12.161,1059046.68
2026-09-06 15:00:00,12.161,12.249,12.094,12.213,513672.02
2026-09-06 16:00:00,12.214,12.374,12.193,12.343,628125.3
2026-09-06 17:00:00,12.342,12.349,12.248,12.31,361707.75
2026-09-06 18:00:00,12.311,12.427,12.294,12.374,470105.21
2026-09-06 19:00:00,12.375,12.385,12.305,12.374,233329.75
2026-09-06 20:00:00,12.375,13.135,12.327,13.094,3407937.48
2026-09-06 21:00:00,13.093,13.347,12.827,12.878,2766141.84
2026-09-06 22:00:00,12.878,13.08,12.776,13.041,1182767.35
2026-09-06 23:00:00,13.041,13.263,13.025,13.227,1413201.05
2026-09-07 00:00:00,13.227,13.327,13.086,13.147,1466271.1
2026-09-07 01:00:00,13.148,13.199,12.993,13.001,941268.57
2026-09-07 02:00:00,13.001,13.309,12.94,13.09,1216874.88
2026-09-07 03:00:00,13.09,13.124,12.94,13.022,630696.76
2026-09-07 04:00:00,13.022,13.206,13.013,13.07,818539.7
2026-09-07 05:00:00,13.07,13.59,13.059,13.425,1872603.28
2026-09-07 06:00:00,13.425,13.677,13.33,13.342,1574085.03
2026-09-07 07:00:00,13.342,13.392,13.029,13.186,1510783.97
2026-09-07 08:00:00,13.186,13.382,13.171,13.365,764987.33
2026-09-07 09:00:00,13.366,13.525,13.34,13.36,1132885.71
2026-09-07 10:00:00,13.36,13.408,13.209,13.232,783735.13
2026-09-07 11:00:00,13.232,13.269,13.132,13.171,584977.11
2026-09-07 12:00:00,13.171,13.283,13.163,13.261,652063.27
2026-09-07 13:00:00,13.261,13.329,13.104,13.137,772922.49
2026-09-07 14:00:00,13.137,13.156,12.89,13.047,1788521.95
2026-09-07 15:00:00,13.047,13.056,12.836,12.865,1296040.12
2026-09-07 16:00:00,12.866,12.932,12.801,12.914,755738.28
2026-09-07 17:00:00,12.915,12.961,12.872,12.944,364502.76
2026-09-07 18:00:00,12.944,12.957,12.676,12.748,1317928.51
2026-09-07 19:00:00,12.748,12.835,12.718,12.82,342267.89
2026-09-07 20:00:00,12.821,12.828,12.644,12.772,579997.47
2026-09-07 21:00:00,12.773,12.799,12.732,12.745,236079.37
2026-09-07 22:00:00,12.746,12.765,12.596,12.691,614467.58
2026-09-07 23:00:00,12.691,12.765,12.685,12.741,416163.39
2026-09-08 00:00:00,12.74,12.788,12.682,12.781,593900.25
2026-09-08 01:00:00,12.781,12.802,12.747,12.782,424040.95
2026-09-08 02:00:00,12.783,12.805,12.619,12.62,620648.03
2026-09-08 03:00:00,12.62,12.66,12.553,12.652,711266.77
2026-09-08 04:00:00,12.652,12.683,12.624,12.638,359822.27
2026-09-08 05:00:00,12.639,12.725,12.624,12.652,517244.36
2026-09-08 06:00:00,12.653,12.703,12.564,12.613,637456.4
2026-09-08 07:00:00,12.614,12.718,12.609,12.674,392564.28
2026-09-08 08:00:00,12.675,12.7,12.605,12.648,359443.54
2026-09-08 09:00:00,12.648,12.767,12.618,12.72,550542.66
2026-09-08 10:00:00,12.72,12.784,12.633,12.636,466338.87
2026-09-08 11:00:00,12.637,12.638,12.454,12.498,954462.74
2026-09-08 12:00:00,12.498,12.574,12.422,12.526,930347.42
2026-09-08 13:00:00,12.527,12.55,12.285,12.455,1347013.15
2026-09-08 14:00:00,12.454,12.586,12.397,12.576,767505.81
2026-09-08 15:00:00,12.576,12.708,12.573,12.684,668944.88
2026-09-08 16:00:00,12.684,12.787,12.614,12.74,622409.71
2026-09-08 17:00:00,12.739,12.774,12.649,12.663,441523.64
2026-09-08 18:00:00,12.663,12.766,12.583,12.627,436947.03
2026-09-08 19:00:00,12.628,12.655,12.534,12.563,526994.55
2026-09-08 20:00:00,12.564,12.614,12.5,12.512,421664.38
2026-09-08 21:00:00,12.513,12.558,12.433,12.469,555540.22
2026-09-08 22:00:00,12.469,12.541,12.466,12.534,237019.69
2026-09-08 23:00:00,12.533,12.547,12.489,12.509,307105.69
2026-09-09 00:00:00,12.51,12.564,12.456,12.52,339368.54
2026-09-09 01:00:00,12.521,12.529,12.449,12.491,349946.78
2026-09-09 02:00:00,12.49,12.518,12.427,12.436,351956.27
2026-09-09 03:00:00,12.436,12.439,12.367,12.388,348356.36
2026-09-09 04:00:00,12.389,12.589,12.387,12.58,693590.26
2026-09-09 05:00:00,12.579,12.589,12.446,12.498,505865.5
2026-09-09 06:00:00,12.499,12.594,12.474,12.562,281525.53
2026-09-09 07:00:00,12.562,12.632,12.464,12.481,459926.83
2026-09-09 08:00:00,12.482,12.513,12.458,12.49,593923.4
2026-09-09 09:00:00,12.491,12.492,12.168,12.237,1333279.73
2026-09-09 10:00:00,12.237,12.264,11.937,12.072,3317184.23
2026-09-09 11:00:00,12.071,12.124,12.021,12.104,886617.72
2026-09-09 12:00:00,12.104,12.226,12.103,12.198,798478.42
2026-09-09 13:00:00,12.199,12.222,12.065,12.121,770273.88
2026-09-09 14:00:00,12.12,12.19,12.038,12.066,753762.35
2026-09-09 15:00:00,12.066,12.135,11.811,11.995,2027372.74
2026-09-09 16:00:00,11.994,12.052,11.935,12.006,570282.61
2026-09-09 17:00:00,12.005,12.049,11.972,11.992,326490.7
2026-09-09 18:00:00,11.992,12.012,11.908,11.923,372000.73
2026-09-09 19:00:00,11.923,11.966,11.853,11.861,646520.81
2026-09-09 20:00:00,11.861,11.893,11.7,11.801,1395202.11
2026-09-09 21:00:00,11.801,11.819,11.686,11.74,585957.34
2026-09-09 22:00:00,11.741,11.758,11.554,11.672,1242936.89
2026-09-09 23:00:00,11.671,11.807,11.666,11.797,332683.3
2026-09-10 00:00:00,11.796,11.815,11.698,11.709,559697.0
2026-09-10 01:00:00,11.709,11.81,11.631,11.701,615259.6
2026-09-10 02:00:00,11.7,11.845,11.694,11.84,451248.29
2026-09-10 03:00:00,11.841,11.87,11.781,11.807,444579.17
2026-09-10 04:00:00,11.807,11.832,11.792,11.808,283974.59
2026-09-10 05:00:00,11.808,11.874,11.771,11.86,277764.22
2026-09-10 06:00:00,11.86,11.892,11.762,11.857,391935.41
2026-09-10 07:00:00,11.857,11.859,11.731,11.776,363767.45
2026-09-10 08:00:00,11.776,11.795,11.745,11.767,319931.8
2026-09-10 09:00:00,11.767,11.829,11.761,11.797,297163.62
2026-09-10 10:00:00,11.796,11.83,11.766,11.77,276194.89
2026-09-10 11:00:00,11.771,11.877,11.742,11.811,561085.48
2026-09-10 12:00:00,11.81,11.839,11.477,11.612,2436698.73
2026-09-10 13:00:00,11.612,11.72,11.585,11.701,1387582.61
2026-09-10 14:00:00,11.701,11.73,11.574,11.66,742793.69
2026-09-10 15:00:00,11.661,11.691,11.589,11.63,594533.78
2026-09-10 16:00:00,11.63,11.647,11.477,11.614,897449.67
2026-09-10 17:00:00,11.613,11.727,11.596,11.672,455814.07
2026-09-10 18:00:00,11.673,11.689,11.589,11.67,216883.43
2026-09-10 19:00:00,11.67,11.67,11.6,11.61,279986.17
2026-09-10 20:00:00,11.611,11.643,11.582,11.588,274213.82
2026-09-10 21:00:00,11.589,11.611,11.549,11.58,252855.44
2026-09-10 22:00:00,11.58,11.627,11.509,11.514,338125.99
2026-09-10 23:00:00,11.515,11.532,11.426,11.45,647800.51
2026-09-11 00:00:00,11.45,11.523,11.44,11.506,469663.77
2026-09-11 01:00:00,11.507,11.533,11.379,11.483,577004.21
2026-09-11 02:00:00,11.484,11.498,11.449,11.475,278604.59
2026-09-11 03:00:00,11.475,11.496,11.449,11.491,287529.66
2026-09-11 04:00:00,11.491,11.554,11.475,11.53,294417.06
2026-09-11 05:00:00,11.531,11.576,11.511,11.571,328126.83
2026-09-11 06:00:00,11.572,11.591,11.5,11.518,331548.35
2026-09-11 07:00:00,11.517,11.559,11.462,11.469,434774.43
2026-09-11 08:00:00,11.47,11.539,11.435,11.494,464693.23
2026-09-11 09:00:00,11.494,11.498,11.386,11.424,528821.3
2026-09-11 10:00:00,11.424,11.46,11.352,11.361,408702.89
2026-09-11 11:00:00,11.362,11.416,11.289,11.391,661494.13
2026-09-11 12:00:00,11.391,11.688,11.252,11.677,2520163.73
2026-09-11 13:00:00,11.677,12.111,11.578,12.058,2562298.95
2026-09-11 14:00:00,12.057,12.205,11.837,11.924,2090527.7
2026-09-11 15:00:00,11.925,12.006,11.634,11.702,1373066.51
2026-09-11 16:00:00,11.702,11.812,11.668,11.786,748968.1
2026-09-11 17:00:00,11.787,11.803,11.671,11.691,404279.69
2026-09-11 18:00:00,11.691,11.713,11.502,11.531,985804.8
2026-09-11 19:00:00,11.532,11.629,11.504,11.609,386006.44
2026-09-11 20:00:00,11.61,11.645,11.538,11.576,395955.41
2026-09-11 21:00:00,11.576,11.639,11.507,11.514,285599.7
2026-09-11 22:00:00,11.514,11.547,11.458,11.479,470440.4
2026-09-11 23:00:00,11.479,11.549,11.472,11.545,237152.5
2026-09-12 00:00:00,11.545,11.553,11.501,11.501,254838.75
2026-09-12 01:00:00,11.501,11.568,11.494,11.526,356775.81
2026-09-12 02:00:00,11.527,11.553,11.49,11.512,255992.63
2026-09-12 03:00:00,11.512,11.512,11.446,11.48,329719.46
2026-09-12 04:00:00,11.481,11.528,11.473,11.495,228063.38
2026-09-12 05:00:00,11.495,11.534,11.477,11.509,272073.14
2026-09-12 06:00:00,11.509,11.544,11.492,11.511,198449.59
2026-09-12 07:00:00,11.511,11.574,11.509,11.561,195374.98
2026-09-12 08:00:00,11.561,11.568,11.512,11.534,258952.56
2026-09-12 09:00:00,11.533,11.574,11.527,11.536,310123.3
2026-09-12 10:00:00,11.536,11.559,11.517,11.532,174970.1
2026-09-12 11:00:00,11.532,11.565,11.504,11.565,208992.01
2026-09-12 12:00:00,11.564,11.576,11.524,11.542,239574.21
2026-09-12 13:00:00,11.542,11.559,11.52,11.548,272886.25
2026-09-12 14:00:00,11.548,11.582,11.542,11.572,160596.73
2026-09-12 15:00:00,11.573,11.621,11.563,11.583,378900.22
2026-09-12 16:00:00,11.583,11.602,11.517,11.527,228441.39
2026-09-12 17:00:00,11.527,11.549,11.493,11.517,197629.06
2026-09-12 18:00:00,11.517,11.53,11.48,11.512,246302.6
2026-09-12 19:00:00,11.512,11.528,11.454,11.472,243467.87
2026-09-12 20:00:00,11.472,11.535,11.453,11.496,267682.7
2026-09-12 21:00:00,11.497,11.531,11.489,11.503,197290.78
2026-09-12 22:00:00,11.503,11.522,11.473,11.478,235034.06
2026-09-12 23:00:00,11.477,11.508,11.469,11.502,116585.32
2026-09-13 00:00:00,11.501,11.506,11.489,11.498,128051.22
2026-09-13 01:00:00,11.499,11.526,11.478,11.512,259491.37
2026-09-13 02:00:00,11.513,11.528,11.486,11.5,231807.01
2026-09-13 03:00:00,11.501,11.525,11.455,11.475,240181.37
2026-09-13 04:00:00,11.476,11.499,11.463,11.488,149478.88
2026-09-13 05:00:00,11.488,11.557,11.487,11.537,154064.52
2026-09-13 06:00:00,11.537,11.539,11.421,11.446,236288.83
2026-09-13 07:00:00,11.446,11.456,11.415,11.426,281838.0
2026-09-13 08:00:00,11.425,11.45,11.256,11.312,821820.12
2026-09-13 09:00:00,11.311,11.368,11.244,11.362,780918.41
2026-09-13 10:00:00,11.361,11.368,11.283,11.298,228329.19
2026-09-13 11:00:00,11.298,11.322,11.279,11.29,322834.53
2026-09-13 12:00:00,11.291,11.295,11.21,11.255,461909.2
2026-09-13 13:00:00,11.254,11.304,11.188,11.295,515167.66
2026-09-13 14:00:00,11.295,11.335,11.294,11.308,355375.7
2026-09-13 15:00:00,11.308,11.31,11.235,11.252,382279.74
2026-09-13 16:00:00,11.252,11.353,11.252,11.347,320428.46
2026-09-13 17:00:00,11.348,11.42,11.348,11.4,332286.76
2026-09-13 18:00:00,11.4,11.498,11.387,11.436,433316.05
2026-09-13 19:00:00,11.436,11.471,11.394,11.409,347341.31
2026-09-13 20:00:00,11.409,11.476,11.407,11.456,172588.61
2026-09-13 21:00:00,11.456,11.459,11.407,11.407,186641.17
2026-09-13 22:00:00,11.406,11.406,11.152,11.161,1272365.83
2026-09-13 23:00:00,11.161,11.251,11.155,11.197,647445.83
2026-09-14 00:00:00,11.197,11.285,11.116,11.264,703093.28
2026-09-14 01:00:00,11.264,11.324,11.195,11.314,430093.07
2026-09-14 02:00:00,11.313,11.394,11.293,11.362,453963.6
2026-09-14 03:00:00,11.363,11.438,11.34,11.373,480427.19
2026-09-14 04:00:00,11.373,11.411,11.359,11.392,272324.56
2026-09-14 05:00:00,11.392,11.416,11.353,11.416,160855.32
2026-09-14 06:00:00,11.415,11.466,11.376,11.407,395759.62
2026-09-14 07:00:00,11.407,11.429,11.372,11.404,229208.05
2026-09-14 08:00:00,11.405,11.44,11.353,11.371,339263.45
2026-09-14 09:00:00,11.372,11.48,11.31,11.435,523266.63
2026-09-14 10:00:00,11.436,11.443,11.371,11.371,295590.26
2026-09-14 11:00:00,11.371,11.412,11.345,11.384,237670.87
2026-09-14 12:00:00,11.385,11.406,11.299,11.313,324156.71
2026-09-14 13:00:00,11.312,11.427,11.241,11.34,625031.69
2026-09-14 14:00:00,11.34,11.44,11.338,11.399,603916.28
2026-09-14 15:00:00,11.398,11.482,11.369,11.458,673698.56
2026-09-14 16:00:00,11.457,11.57,11.434,11.503,646976.63
2026-09-14 17:00:00,11.502,11.634,11.489,11.605,553965.15
2026-09-14 18:00:00,11.605,11.717,11.578,11.698,657718.93
2026-09-14 19:00:00,11.698,11.754,11.646,11.734,558655.79
2026-09-14 20:00:00,11.735,11.961,11.733,11.751,1111185.32
2026-09-14 21:00:00,11.751,11.756,11.627,11.641,654221.25
2026-09-14 22:00:00,11.641,11.689,11.56,11.564,603028.91
2026-09-14 23:00:00,11.565,11.582,11.494,11.51,301790.34
2026-09-15 00:00:00,11.509,11.572,11.498,11.561,266529.84
2026-09-15 01:00:00,11.561,11.607,11.536,11.588,339263.32
2026-09-15 02:00:00,11.587,11.621,11.554,11.554,304717.63
2026-09-15 03:00:00,11.555,11.555,11.447,11.5,397374.63
2026-09-15 04:00:00,11.499,11.507,11.423,11.446,272929.06
2026-09-15 05:00:00,11.445,11.499,11.379,11.48,365629.43
2026-09-15 06:00:00,11.481,11.508,11.369,11.41,317673.45
2026-09-15 07:00:00,11.409,11.434,11.319,11.335,436481.96
2026-09-15 08:00:00,11.335,11.403,11.295,11.4,304541.37
2026-09-15 09:00:00,11.399,11.42,11.361,11.383,224616.95
2026-09-15 10:00:00,11.383,11.397,11.352,11.376,175385.07
2026-09-15 11:00:00,11.377,11.4,11.32,11.376,302385.4
2026-09-15 12:00:00,11.375,11.445,11.361,11.408,343211.93
2026-09-15 13:00:00,11.408,11.501,11.289,11.383,711696.0
2026-09-15 14:00:00,11.382,11.408,11.042,11.176,1253297.84
2026-09-15 15:00:00,11.176,11.306,11.139,11.269,743491.32
2026-09-15 16:00:00,11.269,11.304,11.185,11.258,453699.72
2026-09-15 17:00:00,11.258,11.405,11.189,11.308,481822.77
2026-09-15 18:00:00,11.307,11.346,10.784,11.099,2848060.79
2026-09-15 19:00:00,11.099,11.173,11.04,11.087,1188656.57
2026-09-15 20:00:00,11.088,11.117,10.92,10.99,889940.93
2026-09-15 21:00:00,10.99,10.999,10.867,10.874,491703.39
2026-09-15 22:00:00,10.874,10.92,10.81,10.894,460016.58
2026-09-15 23:00:00,10.895,10.986,10.872,10.88,397292.09
2026-09-16 00:00:00,10.88,10.935,10.871,10.901,293763.49
2026-09-16 01:00:00,10.901,10.924,10.769,10.782,450192.89
2026-09-16 02:00:00,10.782,10.93,10.768,10.858,422411.65
2026-09-16 03:00:00,10.859,10.924,10.813,10.82,372775.68
2026-09-16 04:00:00,10.82,10.876,10.805,10.84,429772.81
2026-09-16 05:00:00,10.84,10.902,10.794,10.88,420153.53
2026-09-16 06:00:00,10.881,10.904,10.761,10.814,372539.17
2026-09-16 07:00:00,10.814,10.85,10.728,10.751,369354.01
2026-09-16 08:00:00,10.751,10.761,10.67,10.759,689081.29
2026-09-16 09:00:00,10.76,10.85,10.75,10.836,666842.45
2026-09-16 10:00:00,10.837,10.843,10.788,10.819,283794.2
2026-09-16 11:00:00,10.818,10.908,10.794,10.87,420754.93
2026-09-16 12:00:00,10.87,10.877,10.737,10.759,715637.27
2026-09-16 13:00:00,10.759,10.763,10.681,10.704,785096.07
2026-09-16 14:00:00,10.704,10.728,10.621,10.67,1008569.86
2026-09-16 15:00:00,10.67,10.76,10.659,10.673,565289.0
2026-09-16 16:00:00,10.674,10.752,10.667,10.725,395831.87
2026-09-16 17:00:00,10.726,10.743,10.608,10.698,663923.95
2026-09-16 18:00:00,10.698,10.95,10.631,10.8,2068745.1
2026-09-16 19:00:00,10.801,10.953,10.771,10.924,919474.0
2026-09-16 20:00:00,10.924,11.025,10.887,10.989,686258.79
2026-09-16 21:00:00,10.989,10.996,10.89,10.936,241568.57
2026-09-16 22:00:00,10.937,10.947,10.846,10.881,434762.68
2026-09-16 23:00:00,10.882,11.073,10.862,11.051,553542.28
2026-09-17 00:00:00,11.052,11.11,11.0,11.008,788802.8
2026-09-17 01:00:00,11.008,11.143,10.977,11.104,540626.44
2026-09-17 02:00:00,11.104,11.153,11.038,11.132,563809.64
2026-09-17 03:00:00,11.132,11.178,11.113,11.128,423296.07
2026-09-17 04:00:00,11.129,11.159,11.043,11.141,363208.64
2026-09-17 05:00:00,11.142,11.165,11.1,11.109,276483.11
2026-09-17 06:00:00,11.109,11.204,11.104,11.151,302845.77
2026-09-17 07:00:00,11.151,11.233,11.148,11.174,592904.44
2026-09-17 08:00:00,11.175,11.229,11.159,11.224,370123.94
2026-09-17 09:00:00,11.224,11.235,11.118,11.124,483800.78
2026-09-17 10:00:00,11.124,11.15,11.092,11.118,312896.16
2026-09-17 11:00:00,11.119,11.187,11.089,11.176,407537.34
2026-09-17 12:00:00,11.176,11.34,11.158,11.273,1009627.9
2026-09-17 13:00:00,11.273,11.312,11.14,11.284,865148.97
2026-09-17 14:00:00,11.284,11.428,11.214,11.267,968417.57
2026-09-17 15:00:00,11.266,11.406,11.221,11.374,571980.66
2026-09-17 16:00:00,11.374,11.401,11.302,11.373,553611.61
2026-09-17 17:00:00,11.374,11.428,11.335,11.358,427033.52
2026-09-17 18:00:00,11.359,11.379,11.304,11.309,340463.68
2026-09-17 19:00:00,11.309,11.352,11.274,11.312,324015.13
2026-09-17 20:00:00,11.313,11.379,11.303,11.369,198752.29
2026-09-17 21:00:00,11.37,11.383,11.313,11.313,201080.57
2026-09-17 22:00:00,11.313,11.36,11.25,11.359,410213.04
2026-09-17 23:00:00,11.359,11.408,11.34,11.382,424173.0
2026-09-18 00:00:00,11.382,11.439,11.337,11.429,340131.47
2026-09-18 01:00:00,11.43,11.549,11.415,11.529,586263.77
2026-09-18 02:00:00,11.53,11.613,11.512,11.594,699773.31
2026-09-18 03:00:00,11.594,11.796,11.582,11.757,1101462.0
2026-09-18 04:00:00,11.758,11.812,11.647,11.785,854685.58
2026-09-18 05:00:00,11.785,11.817,11.705,11.718,682640.24
2026-09-18 06:00:00,11.718,11.837,11.716,11.805,614735.67
2026-09-18 07:00:00,11.805,11.855,11.781,11.823,531772.82
2026-09-18 08:00:00,11.823,11.883,11.77,11.822,596711.33
2026-09-18 09:00:00,11.822,11.895,11.804,11.888,660988.75
2026-09-18 10:00:00,11.888,11.963,11.873,11.887,561274.39
2026-09-18 11:00:00,11.887,11.898,11.726,11.826,857962.74
2026-09-18 12:00:00,11.826,11.875,11.781,11.821,477318.03
2026-09-18 13:00:00,11.822,12.099,11.768,11.999,1333643.03
2026-09-18 14:00:00,12.0,12.185,11.98,12.171,1412426.24
2026-09-18 15:00:00,12.171,12.243,12.088,12.148,1247340.64
2026-09-18 16:00:00,12.148,12.231,12.12,12.146,928829.55
2026-09-18 17:00:00,12.146,12.227,12.085,12.222,556471.92
2026-09-18 18:00:00,12.221,12.247,12.158,12.208,422276.34
2026-09-18 19:00:00,12.208,12.386,12.201,12.381,865337.62
2026-09-18 20:00:00,12.38,12.422,12.321,12.346,628311.37
2026-09-18 21:00:00,12.346,12.408,12.339,12.371,402701.52
2026-09-18 22:00:00,12.372,12.42,12.265,12.297,517207.84
2026-09-18 23:00:00,12.296,12.31,12.219,12.227,443000.59
2026-09-19 00:00:00,12.228,12.405,12.216,12.378,621296.73
2026-09-19 01:00:00,12.378,12.401,12.211,12.339,536850.63
2026-09-19 02:00:00,12.339,12.472,12.327,12.454,566904.5
2026-09-19 03:00:00,12.455,12.494,12.357,12.397,422336.88
2026-09-19 04:00:00,12.396,12.439,12.25,12.332,572988.66
2026-09-19 05:00:00,12.332,12.452,12.324,12.354,446299.89
2026-09-19 06:00:00,12.354,12.372,12.286,12.338,340491.76
2026-09-19 07:00:00,12.338,12.367,12.283,12.299,234225.44
2026-09-19 08:00:00,12.3,12.468,12.289,12.408,474547.84
2026-09-19 09:00:00,12.408,12.509,12.402,12.489,574091.57
2026-09-19 10:00:00,12.489,12.613,12.464,12.506,1021700.67
2026-09-19 11:00:00,12.506,12.571,12.473,12.521,412371.39
2026-09-19 12:00:00,12.522,12.55,12.471,12.528,431783.78
2026-09-19 13:00:00,12.527,12.543,12.431,12.477,534663.37
2026-09-19 14:00:00,12.476,12.574,12.468,12.532,465807.33
2026-09-19 15:00:00,12.532,12.641,12.53,12.568,856646.74
2026-09-19 16:00:00,12.567,12.691,12.495,12.595,946447.38
2026-09-19 17:00:00,12.594,12.672,12.488,12.535,803590.05
2026-09-19 18:00:00,12.535,12.583,12.454,12.54,509221.43
2026-09-19 19:00:00,12.54,12.574,12.482,12.496,363908.24
2026-09-19 20:00:00,12.496,12.546,12.461,12.49,340131.86
2026-09-19 21:00:00,12.491,12.529,12.292,12.346,993991.96
2026-09-19 22:00:00,12.347,12.419,12.295,12.409,505854.61
2026-09-19 23:00:00,12.408,12.455,12.387,12.416,394645.13
2026-09-20 00:00:00,12.416,12.45,12.366,12.395,433455.77
2026-09-20 01:00:00,12.396,12.409,12.251,12.302,709909.57
2026-09-20 02:00:00,12.301,12.36,11.94,11.97,1338002.07
2026-09-20 03:00:00,11.969,12.118,11.929,12.079,841573.82
2026-09-20 04:00:00,12.079,12.087,12.002,12.049,358333.11
2026-09-20 05:00:00,12.05,12.059,11.984,12.006,462999.33
2026-09-20 06:00:00,12.005,12.056,11.942,11.97,490725.62
2026-09-20 07:00:00,11.97,12.016,11.968,11.971,228208.09
2026-09-20 08:00:00,11.971,12.036,11.91,11.942,448295.17
2026-09-20 09:00:00,11.942,12.089,11.94,12.0,429110.69
2026-09-20 10:00:00,12.0,12.02,11.94,11.979,296290.58
2026-09-20 11:00:00,11.979,12.074,11.972,12.066,384360.91
2026-09-20 12:00:00,12.066,12.131,12.03,12.075,562853.5
2026-09-20 13:00:00,12.075,12.125,12.031,12.06,397737.57
2026-09-20 14:00:00,12.06,12.172,12.033,12.135,560156.55
2026-09-20 15:00:00,12.134,12.384,12.134,12.368,994199.25
2026-09-20 16:00:00,12.368,12.576,12.311,12.574,1188635.43
2026-09-20 17:00:00,12.574,12.61,12.372,12.45,1279032.98
2026-09-20 18:00:00,12.449,12.526,12.385,12.428,658563.62
2026-09-20 19:00:00,12.428,12.575,12.414,12.534,504257.58
2026-09-20 20:00:00,12.533,12.57,12.482,12.498,519160.59
2026-09-20 21:00:00,12.498,12.502,12.33,12.448,653922.86
2026-09-20 22:00:00,12.447,12.55,12.395,12.502,495198.66
2026-09-20 23:00:00,12.501,12.527,12.452,12.514,346485.18
2026-09-21 00:00:00,12.514,12.785,12.503,12.719,1565341.5
2026-09-21 01:00:00,12.718,12.799,12.444,12.476,1469163.45
2026-09-21 02:00:00,12.476,12.641,12.45,12.578,796163.03
2026-09-21 03:00:00,12.578,12.694,12.577,12.679,516318.18
2026-09-21 04:00:00,12.68,12.704,12.573,12.632,498288.39
2026-09-21 05:00:00,12.632,12.656,12.532,12.54,665401.13
2026-09-21 06:00:00,12.54,12.613,12.467,12.539,763084.77
2026-09-21 07:00:00,12.539,12.575,12.46,12.556,525044.21
2026-09-21 08:00:00,12.556,12.865,12.548,12.815,1460044.02
2026-09-21 09:00:00,12.815,13.126,12.779,12.935,1967472.5
2026-09-21 10:00:00,12.935,13.053,12.905,13.042,802549.66
2026-09-21 11:00:00,13.042,13.136,13.012,13.041,826036.58
2026-09-21 12:00:00,13.041,13.142,13.006,13.125,841445.9
2026-09-21 13:00:00,13.125,13.165,12.904,13.033,1572708.41
2026-09-21 14:00:00,13.032,13.061,12.866,12.994,1421555.38
2026-09-21 15:00:00,12.994,13.103,12.891,13.016,1320411.02
2026-09-21 16:00:00,13.015,13.077,12.901,12.979,885603.64
2026-09-21 17:00:00,12.979,13.01,12.743,12.812,1544028.38
2026-09-21 18:00:00,12.812,12.969,12.782,12.951,573299.61
2026-09-21 19:00:00,12.95,13.054,12.898,13.026,616672.47
2026-09-21 20:00:00,13.026,13.282,13.017,13.157,1347246.52
2026-09-21 21:00:00,13.156,13.196,13.043,13.114,695979.72
2026-09-21 22:00:00,13.113,13.225,13.096,13.219,543690.37
2026-09-21 23:00:00,13.219,13.266,13.084,13.177,537903.39
2026-09-22 00:00:00,13.178,13.235,13.051,13.069,898655.67
2026-09-22 01:00:00,13.069,13.085,12.849,13.039,1395342.98
2026-09-22 02:00:00,13.038,13.083,12.912,12.942,685351.74
2026-09-22 03:00:00,12.942,13.002,12.863,12.997,626346.47
2026-09-22 04:00:00,12.996,13.059,12.881,12.905,695291.97
2026-09-22 05:00:00,12.906,12.99,12.805,12.941,779954.77
2026-09-22 06:00:00,12.94,12.972,12.846,12.915,473479.86
2026-09-22 07:00:00,12.915,12.944,12.822,12.898,449988.23
2026-09-22 08:00:00,12.899,13.074,12.811,13.027,573746.37
2026-09-22 09:00:00,13.027,13.027,12.875,13.003,622440.65
2026-09-22 10:00:00,13.004,13.006,12.857,12.903,426233.48
2026-09-22 11:00:00,12.903,12.988,12.844,12.941,400183.9
2026-09-22 12:00:00,12.942,13.007,12.793,13.001,947909.2
2026-09-22 13:00:00,13.002,13.309,12.928,13.117,3533046.08
2026-09-22 14:00:00,13.117,13.121,12.724,12.938,1647831.95
2026-09-22 15:00:00,12.938,13.11,12.931,13.039,733183.35
2026-09-22 16:00:00,13.039,13.042,12.885,12.998,659661.5
2026-09-22 17:00:00,12.998,13.048,12.956,13.008,594655.09
2026-09-22 18:00:00,13.009,13.055,12.969,13.001,476729.16
2026-09-22 19:00:00,13.001,13.107,12.938,13.004,786076.36
2026-09-22 20:00:00,13.005,13.018,12.937,12.956,418275.35
2026-09-22 21:00:00,12.955,13.002,12.875,12.901,543104.69
2026-09-22 22:00:00,12.901,13.07,12.82,12.998,835712.63
2026-09-22 23:00:00,12.999,13.132,12.987,13.044,679306.7
2026-09-23 00:00:00,13.044,13.11,13.001,13.009,505096.99
2026-09-23 01:00:00,13.009,13.12,12.926,12.977,497408.64
2026-09-23 02:00:00,12.976,13.09,12.919,13.086,396477.7
2026-09-23 03:00:00,13.086,13.217,13.05,13.153,823004.62
2026-09-23 04:00:00,13.153,13.206,13.085,13.131,650223.63
2026-09-23 05:00:00,13.132,13.133,12.954,12.978,695580.04
2026-09-23 06:00:00,12.978,13.086,12.965,13.049,517117.44
2026-09-23 07:00:00,13.049,13.054,12.89,12.923,839080.17
2026-09-23 08:00:00,12.924,13.016,12.796,12.875,914195.93
2026-09-23 09:00:00,12.875,12.981,12.868,12.893,691803.66
2026-09-23 10:00:00,12.894,12.923,12.744,12.913,971552.59
2026-09-23 11:00:00,12.914,12.919,12.65,12.759,1534456.26
2026-09-23 12:00:00,12.759,12.774,12.658,12.719,814249.22
2026-09-23 13:00:00,12.719,12.73,12.556,12.708,1722238.27
2026-09-23 14:00:00,12.709,12.757,11.972,12.323,5204255.39
2026-09-23 15:00:00,12.324,12.388,12.152,12.179,1378983.13
2026-09-23 16:00:00,12.178,12.291,12.051,12.255,1411151.99
2026-09-23 17:00:00,12.256,12.315,12.151,12.286,618542.8
2026-09-23 18:00:00,12.287,12.29,12.199,12.234,612549.48
2026-09-23 19:00:00,12.235,12.308,12.207,12.285,336816.64
2026-09-23 20:00:00,12.286,12.298,12.212,12.217,361745.87
2026-09-23 21:00:00,12.218,12.304,12.191,12.274,290936.02
2026-09-23 22:00:00,12.275,12.374,12.269,12.351,439957.29
2026-09-23 23:00:00,12.35,12.365,12.317,12.346,189090.88
2026-09-24 00:00:00,12.346,12.369,12.236,12.252,362636.7
2026-09-24 01:00:00,12.251,12.316,12.216,12.235,359780.17
2026-09-24 02:00:00,12.235,12.377,12.166,12.355,666393.08
2026-09-24 03:00:00,12.355,12.398,12.256,12.289,275637.88
2026-09-24 04:00:00,12.29,12.375,12.248,12.363,343269.79
2026-09-24 05:00:00,12.362,12.48,12.353,12.357,498214.33
2026-09-24 06:00:00,12.357,12.426,12.344,12.403,217387.21
2026-09-24 07:00:00,12.403,12.493,12.359,12.472,341613.77
2026-09-24 08:00:00,12.472,12.485,12.212,12.295,700419.51
2026-09-24 09:00:00,12.295,12.315,12.085,12.173,936618.8
2026-09-24 10:00:00,12.173,12.215,12.119,12.205,443497.18
2026-09-24 11:00:00,12.204,12.279,12.181,12.198,414520.96
2026-09-24 12:00:00,12.198,12.305,12.179,12.292,408289.83
2026-09-24 13:00:00,12.291,12.515,12.289,12.512,993324.75
2026-09-24 14:00:00,12.512,12.745,12.37,12.478,1747747.29
2026-09-24 15:00:00,12.478,12.784,12.439,12.783,1387391.03
2026-09-24 16:00:00,12.783,13.012,12.686,12.959,2087735.26
2026-09-24 17:00:00,12.959,12.985,12.826,12.893,1184308.56
2026-09-24 18:00:00,12.892,13.53,12.827,13.431,2980875.32
2026-09-24 19:00:00,13.43,13.442,13.156,13.257,1523677.2
2026-09-24 20:00:00,13.257,13.263,13.091,13.174,836885.98
2026-09-24 21:00:00,13.175,13.297,13.117,13.266,545119.02
2026-09-24 22:00:00,13.266,13.292,13.166,13.216,560936.5
2026-09-24 23:00:00,13.217,13.259,13.187,13.215,337128.25
2026-09-25 00:00:00,13.214,13.37,13.209,13.249,728273.44
2026-09-25 01:00:00,13.248,13.451,13.222,13.443,1697738.74
2026-09-25 02:00:00,13.443,13.49,13.225,13.267,787529.54
2026-09-25 03:00:00,13.267,13.446,13.224,13.404,1078311.95
2026-09-25 04:00:00,13.405,13.481,13.287,13.383,587044.25
2026-09-25 05:00:00,13.382,13.478,13.333,13.439,519656.0
2026-09-25 06:00:00,13.438,13.452,13.306,13.387,728192.85
2026-09-25 07:00:00,13.387,13.553,13.328,13.494,1237207.8
2026-09-25 08:00:00,13.494,13.909,13.477,13.903,2459618.37
2026-09-25 09:00:00,13.903,14.168,13.819,14.115,2358826.21
2026-09-25 10:00:00,14.114,14.12,13.864,13.882,1351186.92
2026-09-25 11:00:00,13.882,14.129,13.861,14.082,1215874.97
2026-09-25 12:00:00,14.082,14.215,13.833,14.032,2306789.01
2026-09-25 13:00:00,14.031,14.127,13.848,13.974,1654464.63
2026-09-25 14:00:00,13.975,14.042,13.719,14.037,2357162.95
2026-09-25 15:00:00,14.037,14.087,13.671,13.826,1473632.24
2026-09-25 16:00:00,13.827,13.924,13.74,13.759,1190105.6
2026-09-25 17:00:00,13.759,13.899,13.648,13.784,841950.13
2026-09-25 18:00:00,13.784,13.934,13.741,13.831,927666.12
2026-09-25 19:00:00,13.832,13.888,13.798,13.864,562002.05
2026-09-25 20:00:00,13.865,13.944,13.824,13.824,556893.7
2026-09-25 21:00:00,13.824,13.834,13.715,13.723,575688.33
2026-09-25 22:00:00,13.723,13.915,13.688,13.861,420961.21
2026-09-25 23:00:00,13.861,13.94,13.861,13.924,371185.54
2026-09-26 00:00:00,13.924,14.057,13.863,14.049,1006422.18
2026-09-26 01:00:00,14.049,14.115,13.856,13.933,706756.66
2026-09-26 02:00:00,13.934,14.08,13.9,14.002,706092.95
2026-09-26 03:00:00,14.002,14.103,13.92,14.021,591725.94
2026-09-26 04:00:00,14.022,14.186,14.018,14.138,969053.79
2026-09-26 05:00:00,14.138,14.142,13.962,14.016,670501.94
2026-09-26 06:00:00,14.015,14.048,13.946,13.98,470710.13
2026-09-26 07:00:00,13.98,14.122,13.977,14.079,468300.86
2026-09-26 08:00:00,14.078,14.188,13.994,14.053,475118.31
2026-09-26 09:00:00,14.053,14.1,13.921,14.024,591565.49
2026-09-26 10:00:00,14.025,14.34,14.021,14.252,1071957.04
2026-09-26 11:00:00,14.252,14.349,14.137,14.264,1164357.61
2026-09-26 12:00:00,14.264,14.306,14.138,14.201,765433.05
2026-09-26 13:00:00,14.202,14.33,14.165,14.277,925633.96
2026-09-26 14:00:00,14.278,14.499,14.234,14.32,1365404.8
2026-09-26 15:00:00,14.319,14.4,14.21,14.24,835257.82
2026-09-26 16:00:00,14.239,14.374,14.197,14.325,706035.15
2026-09-26 17:00:00,14.326,14.365,14.238,14.337,639429.08
2026-09-26 18:00:00,14.337,14.337,14.129,14.167,631730.2
2026-09-26 19:00:00,14.166,14.202,14.113,14.125,287452.01
2026-09-26 20:00:00,14.125,14.131,13.868,13.957,1176438.34
2026-09-26 21:00:00,13.957,14.118,13.942,14.058,470566.81
2026-09-26 22:00:00,14.058,14.128,14.038,14.053,292955.66
2026-09-26 23:00:00,14.054,14.158,14.046,14.137,360811.12
2026-09-27 00:00:00,14.137,14.155,14.043,14.056,344897.08
2026-09-27 01:00:00,14.056,14.21,14.026,14.19,480883.11
2026-09-27 02:00:00,14.189,14.336,14.137,14.158,591664.62
2026-09-27 03:00:00,14.159,14.185,14.078,14.097,282750.34
2026-09-27 04:00:00,14.098,14.147,13.985,14.027,492009.56
2026-09-27 05:00:00,14.027,14.204,14.013,14.171,381770.91
2026-09-27 06:00:00,14.171,14.317,14.169,14.297,506967.41
2026-09-27 07:00:00,14.298,14.483,14.268,14.437,862418.97
2026-09-27 08:00:00,14.438,14.442,14.32,14.322,731864.53
2026-09-27 09:00:00,14.322,14.389,14.24,14.336,564119.11
2026-09-27 10:00:00,14.337,14.394,14.314,14.344,393456.0
2026-09-27 11:00:00,14.344,14.345,14.256,14.272,356303.96
2026-09-27 12:00:00,14.273,14.362,14.176,14.185,437460.26
2026-09-27 13:00:00,14.184,14.246,14.075,14.178,896300.22
2026-09-27 14:00:00,14.178,14.19,13.994,14.016,709988.22
2026-09-27 15:00:00,14.016,14.112,13.956,14.11,635095.81
2026-09-27 16:00:00,14.109,14.178,14.074,14.079,356052.9
2026-09-27 17:00:00,14.078,14.149,14.071,14.098,341347.28
2026-09-27 18:00:00,14.097,14.175,14.07,14.138,463991.54
2026-09-27 19:00:00,14.138,14.145,14.047,14.063,289392.12
2026-09-27 20:00:00,14.063,14.118,13.995,14.014,461280.31
2026-09-27 21:00:00,14.013,14.108,13.937,14.022,550367.98
2026-09-27 22:00:00,14.022,14.044,13.899,13.933,602592.2
2026-09-27 23:00:00,13.932,14.053,13.92,14.015,447549.89
2026-09-28 00:00:00,14.016,14.169,13.952,14.017,1131584.83
2026-09-28 01:00:00,14.017,14.166,13.958,14.047,1092527.28
2026-09-28 02:00:00,14.047,14.127,13.916,14.107,955845.57
2026-09-28 03:00:00,14.108,14.16,13.882,13.887,1071906.88
2026-09-28 04:00:00,13.887,13.974,13.737,13.947,902031.04
2026-09-28 05:00:00,13.948,13.984,13.681,13.858,758611.67
2026-09-28 06:00:00,13.857,13.949,13.76,13.792,483320.07
2026-09-28 07:00:00,13.792,13.883,13.63,13.667,738230.64
2026-09-28 08:00:00,13.666,13.778,13.583,13.687,800396.02
2026-09-28 09:00:00,13.686,13.735,13.521,13.571,1187055.08
2026-09-28 10:00:00,13.572,13.922,13.561,13.907,1192958.59
2026-09-28 11:00:00,13.908,14.107,13.902,14.069,1286170.72
2026-09-28 12:00:00,14.069,15.02,14.035,14.749,6540779.54
2026-09-28 13:00:00,14.748,14.876,14.43,14.716,2460991.8
2026-09-28 14:00:00,14.716,14.723,14.085,14.184,2876083.57
2026-09-28 15:00:00,14.185,14.451,14.058,14.421,2009776.61
2026-09-28 16:00:00,14.421,15.264,14.385,15.259,4791877.79
2026-09-28 17:00:00,15.258,15.483,15.067,15.133,2891950.95
2026-09-28 18:00:00,15.133,15.339,15.067,15.242,1201823.45
2026-09-28 19:00:00,15.242,15.257,14.92,15.082,1665104.14
2026-09-28 20:00:00,15.083,15.366,15.025,15.329,1515477.68
2026-09-28 21:00:00,15.329,15.417,15.09,15.139,1135614.43
2026-09-28 22:00:00,15.14,15.277,14.976,15.271,1197122.04
2026-09-28 23:00:00,15.271,15.522,15.24,15.443,1825778.06
2026-09-29 00:00:00,15.443,15.771,15.401,15.405,3177632.38
2026-09-29 01:00:00,15.405,15.549,15.177,15.222,2089252.22
2026-09-29 02:00:00,15.223,15.28,14.955,15.007,1484079.92
2026-09-29 03:00:00,15.007,15.098,14.789,14.856,1692182.26
2026-09-29 04:00:00,14.856,14.87,14.616,14.742,1390143.52
2026-09-29 05:00:00,14.741,14.863,14.64,14.858,1267191.87
2026-09-29 06:00:00,14.858,15.055,14.846,14.979,1109755.97
2026-09-29 07:00:00,14.98,15.266,14.911,15.196,1409825.56
2026-09-29 08:00:00,15.197,15.33,15.066,15.3,1463378.09
2026-09-29 09:00:00,15.3,15.484,15.235,15.457,1130454.3
2026-09-29 10:00:00,15.457,15.611,15.282,15.307,1671428.53
2026-09-29 11:00:00,15.307,15.459,15.278,15.342,831487.11
2026-09-29 12:00:00,15.342,15.423,15.228,15.255,890454.17
2026-09-29 13:00:00,15.254,15.354,15.106,15.125,1046070.96
2026-09-29 14:00:00,15.125,15.177,14.98,15.092,1147366.79
2026-09-29 15:00:00,15.091,15.106,14.703,14.787,1982244.54
2026-09-29 16:00:00,14.786,14.882,14.637,14.702,1370010.4
2026-09-29 17:00:00,14.702,14.749,14.475,14.545,1305134.27
2026-09-29 18:00:00,14.545,14.676,14.544,14.573,918533.8
2026-09-29 19:00:00,14.573,14.677,14.564,14.627,643934.89
2026-09-29 20:00:00,14.627,14.73,14.588,14.691,482468.09
2026-09-29 21:00:00,14.691,14.745,14.612,14.693,594607.82
2026-09-29 22:00:00,14.693,14.741,14.657,14.674,296737.35
2026-09-29 23:00:00,14.675,14.767,14.58,14.598,477704.15
2026-09-30 00:00:00,14.599,14.61,14.403,14.485,1143798.33
2026-09-30 01:00:00,14.486,14.533,14.421,14.422,369121.47
2026-09-30 02:00:00,14.423,14.509,14.364,14.488,538670.06
2026-09-30 03:00:00,14.489,14.496,14.317,14.366,489392.08
2026-09-30 04:00:00,14.366,14.443,14.34,14.345,393817.04
2026-09-30 05:00:00,14.346,14.444,14.324,14.421,392609.38
2026-09-30 06:00:00,14.421,14.444,14.272,14.288,549755.59
2026-09-30 07:00:00,14.287,14.342,14.244,14.296,472335.63
2026-09-30 08:00:00,14.295,14.309,14.176,14.287,693614.26
2026-09-30 09:00:00,14.288,14.447,14.268,14.36,743190.95
2026-09-30 10:00:00,14.359,14.447,14.339,14.399,483968.9
2026-09-30 11:00:00,14.399,14.429,14.301,14.428,583315.43
2026-09-30 12:00:00,14.428,14.805,14.364,14.723,1794233.72
2026-09-30 13:00:00,14.724,14.768,14.356,14.549,1813909.48
2026-09-30 14:00:00,14.549,14.605,14.04,14.2,2153883.85
2026-09-30 15:00:00,14.201,14.298,14.102,14.242,825717.36
2026-09-30 16:00:00,14.242,14.483,14.212,14.439,1241475.39
2026-09-30 17:00:00,14.44,14.456,14.315,14.37,535034.5
2026-09-30 18:00:00,14.371,14.397,14.292,14.344,483982.91
2026-09-30 19:00:00,14.345,14.37,14.202,14.233,1410410.79
2026-09-30 20:00:00,14.234,14.356,14.207,14.304,425897.22
2026-09-30 21:00:00,14.305,14.356,14.3,14.352,215196.23
2026-09-30 22:00:00,14.353,14.417,14.26,14.371,289023.17
2026-09-30 23:00:00,14.371,14.434,14.35,14.359,322097.54
2026-10-01 00:00:00,14.359,14.427,14.299,14.365,476289.02
2026-10-01 01:00:00,14.364,14.455,14.349,14.364,350830.49
2026-10-01 02:00:00,14.363,14.495,14.235,14.413,987837.0
2026-10-01 03:00:00,14.412,14.549,14.398,14.501,414140.74
2026-10-01 04:00:00,14.502,14.542,14.429,14.483,328929.68
2026-10-01 05:00:00,14.484,14.528,14.457,14.483,387849.76
2026-10-01 06:00:00,14.484,14.497,14.414,14.447,287889.05
2026-10-01 07:00:00,14.446,14.483,14.186,14.216,836587.01
2026-10-01 08:00:00,14.216,14.266,14.128,14.244,689212.89
2026-10-01 09:00:00,14.244,14.352,14.219,14.271,484139.58
2026-10-01 10:00:00,14.272,14.348,14.144,14.338,528206.55
2026-10-01 11:00:00,14.337,14.394,14.264,14.38,349337.4
2026-10-01 12:00:00,14.381,14.458,14.314,14.328,507851.58
2026-10-01 13:00:00,14.328,14.406,14.221,14.353,591687.25
2026-10-01 14:00:00,14.352,14.419,14.212,14.305,621417.75
2026-10-01 15:00:00,14.305,14.445,14.202,14.291,879626.94
2026-10-01 16:00:00,14.291,14.392,14.13,14.184,904996.71
2026-10-01 17:00:00,14.185,14.412,14.184,14.326,606849.81
2026-10-01 18:00:00,14.326,14.481,14.273,14.373,473135.47
2026-10-01 19:00:00,14.372,14.499,14.326,14.442,548414.78
2026-10-01 20:00:00,14.441,14.514,14.366,14.383,328843.3
2026-10-01 21:00:00,14.382,14.4,14.191,14.237,407530.47
2026-10-01 22:00:00,14.237,14.32,14.233,14.315,220303.19
2026-10-01 23:00:00,14.315,14.385,14.271,14.376,183497.13
2026-10-02 00:00:00,14.375,14.382,14.24,14.259,385083.08
2026-10-02 01:00:00,14.259,14.308,14.155,14.276,393184.94
2026-10-02 02:00:00,14.276,14.471,14.259,14.461,472016.78
2026-10-02 03:00:00,14.462,14.504,14.35,14.442,363477.47
2026-10-02 04:00:00,14.443,14.645,14.37,14.631,958636.91
2026-10-02 05:00:00,14.63,14.64,14.424,14.446,615741.74
2026-10-02 06:00:00,14.447,14.495,14.384,14.4,516589.44
2026-10-02 07:00:00,14.4,14.43,14.25,14.363,540143.87
2026-10-02 08:00:00,14.364,14.503,14.336,14.383,598469.21
2026-10-02 09:00:00,14.381,14.451,14.336,14.363,466384.33
2026-10-02 10:00:00,14.363,14.449,14.292,14.396,439942.33
2026-10-02 11:00:00,14.396,14.455,14.382,14.391,367352.93
2026-10-02 12:00:00,14.392,14.502,14.319,14.432,830782.47
2026-10-02 13:00:00,14.431,14.463,14.318,14.339,915420.55
2026-10-02 14:00:00,14.339,14.398,14.151,14.238,821298.56
2026-10-02 15:00:00,14.238,14.261,14.15,14.23,581352.85
2026-10-02 16:00:00,14.23,14.268,14.121,14.173,574345.58
2026-10-02 17:00:00,14.172,14.226,14.074,14.127,662211.7
2026-10-02 18:00:00,14.127,14.166,13.125,13.653,4053504.71
2026-10-02 19:00:00,13.653,13.712,13.51,13.578,940329.45
2026-10-02 20:00:00,13.578,13.666,13.544,13.544,558956.58
2026-10-02 21:00:00,13.545,13.676,13.54,13.665,286955.06
2026-10-02 22:00:00,13.666,13.743,13.634,13.728,385774.58
2026-10-02 23:00:00,13.729,13.807,13.712,13.787,316982.25
2026-10-03 00:00:00,13.787,13.899,13.775,13.888,556152.63
2026-10-03 01:00:00,13.89,13.96,13.854,13.936,397347.24
2026-10-03 02:00:00,13.936,13.958,13.889,13.917,307308.42
2026-10-03 03:00:00,13.916,13.967,13.905,13.938,281482.13
2026-10-03 04:00:00,13.937,13.945,13.862,13.931,276500.19
2026-10-03 05:00:00,13.932,14.039,13.917,14.017,317826.14
2026-10-03 06:00:00,14.018,14.13,14.006,14.069,468372.57
2026-10-03 07:00:00,14.068,14.069,13.941,13.963,369685.42
2026-10-03 08:00:00,13.963,14.03,13.944,13.944,347630.67
2026-10-03 09:00:00,13.944,13.99,13.918,13.926,260455.35
2026-10-03 10:00:00,13.926,13.959,13.905,13.922,275914.93
2026-10-03 11:00:00,13.923,13.951,13.893,13.912,252249.0
2026-10-03 12:00:00,13.912,13.929,13.829,13.85,323444.07
2026-10-03 13:00:00,13.85,13.883,13.844,13.869,253538.13
2026-10-03 14:00:00,13.87,13.928,13.829,13.907,278402.81
2026-10-03 15:00:00,13.906,13.906,13.804,13.821,234980.08
2026-10-03 16:00:00,13.822,13.88,13.776,13.87,311683.17
2026-10-03 17:00:00,13.87,13.922,13.866,13.901,258835.27
2026-10-03 18:00:00,13.9,13.918,13.866,13.901,277171.97
2026-10-03 19:00:00,13.901,13.979,13.878,13.97,237119.49
2026-10-03 20:00:00,13.97,14.089,13.969,14.056,429024.05
2026-10-03 21:00:00,14.056,14.063,13.995,14.054,189929.65
2026-10-03 22:00:00,14.054,14.193,14.048,14.107,666215.56
2026-10-03 23:00:00,14.107,14.126,14.039,14.109,319981.32
2026-10-04 00:00:00,14.108,14.231,14.102,14.124,385353.55
2026-10-04 01:00:00,14.124,14.158,14.062,14.073,235904.33
2026-10-04 02:00:00,14.073,14.095,14.001,14.04,334086.8
2026-10-04 03:00:00,14.039,14.08,13.99,14.016,244916.82
