t,o,h,l,c,v
2026-03-30 16:00:00,84.45,84.49,83.86,84.16,757348.92
2026-03-30 17:00:00,84.16,84.36,83.03,83.2,1326875.34
2026-03-30 18:00:00,83.2,83.39,82.38,82.63,1342662.16
2026-03-30 19:00:00,82.63,82.64,81.9,82.32,1559750.65
2026-03-30 20:00:00,82.32,82.85,82.29,82.73,697786.43
2026-03-30 21:00:00,82.73,83.66,82.63,83.09,1141050.96
2026-03-30 22:00:00,83.1,83.45,82.59,82.76,671518.41
2026-03-30 23:00:00,82.77,82.77,82.08,82.51,731581.64
2026-03-31 00:00:00,82.51,82.91,82.09,82.68,961784.27
2026-03-31 01:00:00,82.69,84.6,82.55,83.79,1886459.99
2026-03-31 02:00:00,83.8,84.05,83.53,83.78,534686.93
2026-03-31 03:00:00,83.78,83.89,83.21,83.57,432777.96
2026-03-31 04:00:00,83.57,83.88,83.24,83.28,586190.15
2026-03-31 05:00:00,83.29,83.73,82.85,83.73,760431.83
2026-03-31 06:00:00,83.73,83.78,83.01,83.36,735444.67
2026-03-31 07:00:00,83.37,83.39,82.64,83.05,854205.04
2026-03-31 08:00:00,83.06,83.32,82.18,82.19,1008122.72
2026-03-31 09:00:00,82.2,82.42,79.89,80.5,3525481.32
2026-03-31 10:00:00,80.49,80.89,80.26,80.4,1770104.95
2026-03-31 11:00:00,80.4,80.92,80.18,80.78,2152969.5
2026-03-31 12:00:00,80.79,81.04,80.34,80.72,1261140.74
2026-03-31 13:00:00,80.73,82.0,80.69,81.8,1769143.1
2026-03-31 14:00:00,81.79,82.55,80.33,80.57,3072419.4
2026-03-31 15:00:00,80.58,81.64,80.57,80.83,1978906.5
2026-03-31 16:00:00,80.83,82.88,80.82,82.34,2246018.8
2026-03-31 17:00:00,82.34,83.45,82.14,82.34,2229088.12
2026-03-31 18:00:00,82.34,83.07,82.33,82.84,810344.91
2026-03-31 19:00:00,82.84,82.93,82.41,82.67,628930.94
2026-03-31 20:00:00,82.67,83.37,82.57,83.14,697393.45
2026-03-31 21:00:00,83.14,83.15,82.58,82.82,517226.41
2026-03-31 22:00:00,82.82,82.87,82.27,82.72,502433.75
2026-03-31 23:00:00,82.72,83.23,82.62,83.15,496243.25
2026-04-01 00:00:00,83.16,83.58,82.8,83.36,671836.22
2026-04-01 01:00:00,83.37,83.43,82.66,82.68,656286.72
2026-04-01 02:00:00,82.68,82.86,82.41,82.6,466994.41
2026-04-01 03:00:00,82.6,83.46,82.6,83.39,614922.68
2026-04-01 04:00:00,83.38,83.82,83.21,83.71,645693.0
2026-04-01 05:00:00,83.71,84.28,83.31,84.09,1132362.09
2026-04-01 06:00:00,84.08,84.68,83.99,84.4,1207634.09
2026-04-01 07:00:00,84.4,84.7,83.76,83.8,1079315.42
2026-04-01 08:00:00,83.8,84.03,83.35,83.58,1023461.79
2026-04-01 09:00:00,83.59,83.72,83.09,83.34,738644.86
2026-04-01 10:00:00,83.33,83.44,83.01,83.32,559487.93
2026-04-01 11:00:00,83.32,83.53,83.11,83.31,456498.05
2026-04-01 12:00:00,83.3,83.69,82.73,82.98,1485399.47
2026-04-01 13:00:00,82.99,83.4,82.33,82.64,1435628.07
2026-04-01 14:00:00,82.63,83.53,82.47,83.34,1087882.84
2026-04-01 15:00:00,83.34,83.85,83.04,83.58,827070.81
2026-04-01 16:00:00,83.58,85.29,82.9,85.18,2880954.18
2026-04-01 17:00:00,85.19,86.59,84.14,84.38,4405742.09
2026-04-01 18:00:00,84.38,84.43,83.49,83.59,1786636.78
2026-04-01 19:00:00,83.59,84.37,83.58,83.79,957578.28
2026-04-01 20:00:00,83.8,83.85,82.26,82.54,1763642.03
2026-04-01 21:00:00,82.54,83.16,81.34,81.82,1608816.86
2026-04-01 22:00:00,81.81,81.91,80.72,81.12,2042051.17
2026-04-01 23:00:00,81.12,81.42,80.93,81.14,865041.98
2026-04-02 00:00:00,81.14,81.72,80.87,81.56,1082233.43
2026-04-02 01:00:00,81.56,81.57,78.91,79.27,4552558.26
2026-04-02 02:00:00,79.27,79.28,78.22,78.81,2221532.49
2026-04-02 03:00:00,78.81,79.35,78.61,78.94,1427706.94
2026-04-02 04:00:00,78.94,79.15,78.68,78.77,1186117.92
2026-04-02 05:00:00,78.77,79.43,78.55,79.21,1230552.01
2026-04-02 06:00:00,79.21,79.38,78.89,79.06,699276.16
2026-04-02 07:00:00,79.06,79.63,78.95,79.59,840361.21
2026-04-02 08:00:00,79.59,79.59,78.98,79.07,742284.07
2026-04-02 09:00:00,79.06,79.32,78.86,79.22,635028.76
2026-04-02 10:00:00,79.21,79.27,78.74,78.84,645659.0
2026-04-02 11:00:00,78.84,78.94,78.11,78.27,1060918.02
2026-04-02 12:00:00,78.28,78.55,77.83,77.93,1367982.19
2026-04-02 13:00:00,77.93,78.22,76.63,77.69,3105615.12
2026-04-02 14:00:00,77.7,79.67,77.46,79.02,3603570.35
2026-04-02 15:00:00,79.03,79.21,78.23,79.01,1572214.73
2026-04-02 16:00:00,79.01,79.86,78.67,79.39,1235111.05
2026-04-02 17:00:00,79.38,79.64,78.51,78.56,1330174.51
2026-04-02 18:00:00,78.56,79.25,78.38,79.1,995353.27
2026-04-02 19:00:00,79.1,79.22,78.65,78.95,564428.26
2026-04-02 20:00:00,78.95,79.33,78.73,79.14,499424.56
2026-04-02 21:00:00,79.13,79.2,78.58,78.93,399679.51
2026-04-02 22:00:00,78.93,79.1,78.68,78.94,266156.32
2026-04-02 23:00:00,78.93,79.12,78.74,78.91,319526.36
2026-04-03 00:00:00,78.91,79.36,78.83,79.18,404530.96
2026-04-03 01:00:00,79.18,79.77,78.93,79.13,864289.51
2026-04-03 02:00:00,79.13,79.56,78.8,79.32,924942.49
2026-04-03 03:00:00,79.32,79.4,78.96,78.97,529277.9
2026-04-03 04:00:00,78.96,79.5,78.95,79.27,640150.26
2026-04-03 05:00:00,79.27,79.62,79.01,79.27,479232.08
2026-04-03 06:00:00,79.27,79.67,79.15,79.6,514443.27
2026-04-03 07:00:00,79.6,80.15,79.39,79.9,839590.49
2026-04-03 08:00:00,79.9,80.09,79.58,79.71,641556.9
2026-04-03 09:00:00,79.72,80.18,79.64,79.92,627548.28
2026-04-03 10:00:00,79.92,80.14,79.65,80.12,686052.26
2026-04-03 11:00:00,80.11,80.43,79.84,80.13,768117.52
2026-04-03 12:00:00,80.12,80.9,79.14,79.29,1581660.63
2026-04-03 13:00:00,79.29,79.59,79.11,79.57,852436.55
2026-04-03 14:00:00,79.57,80.33,79.39,80.2,839340.39
2026-04-03 15:00:00,80.21,80.64,80.1,80.3,927303.02
2026-04-03 16:00:00,80.3,80.64,80.19,80.52,662557.4
2026-04-03 17:00:00,80.52,80.52,79.85,80.14,575422.18
2026-04-03 18:00:00,80.14,80.41,80.03,80.09,346430.96
2026-04-03 19:00:00,80.08,80.26,79.82,80.16,468238.83
2026-04-03 20:00:00,80.16,80.28,80.11,80.15,194381.91
2026-04-03 21:00:00,80.15,80.65,80.07,80.35,466086.13
2026-04-03 22:00:00,80.36,80.46,79.9,80.11,396948.64
2026-04-03 23:00:00,80.11,80.5,80.07,80.35,350560.02
2026-04-04 00:00:00,80.35,80.37,80.09,80.19,223771.13
2026-04-04 01:00:00,80.19,80.29,79.97,80.1,270317.57
2026-04-04 02:00:00,80.09,80.24,80.01,80.13,270269.74
2026-04-04 03:00:00,80.14,80.23,80.11,80.13,139029.97
2026-04-04 04:00:00,80.12,80.27,80.1,80.21,143319.43
2026-04-04 05:00:00,80.2,80.23,80.06,80.15,265466.15
2026-04-04 06:00:00,80.15,80.5,80.09,80.42,194689.05
2026-04-04 07:00:00,80.42,80.43,80.16,80.27,165606.46
2026-04-04 08:00:00,80.26,80.35,79.87,79.93,279852.76
2026-04-04 09:00:00,79.92,80.05,79.85,79.98,262972.87
2026-04-04 10:00:00,79.98,80.25,79.96,80.19,328320.86
2026-04-04 11:00:00,80.18,80.24,79.97,80.14,260462.47
2026-04-04 12:00:00,80.15,80.21,79.95,80.05,237683.41
2026-04-04 13:00:00,80.04,80.19,79.86,79.98,373892.28
2026-04-04 14:00:00,79.97,80.35,79.53,80.32,961483.76
2026-04-04 15:00:00,80.32,81.64,80.24,81.05,2759838.03
2026-04-04 16:00:00,81.05,81.3,80.63,80.71,1169868.25
2026-04-04 17:00:00,80.7,80.99,80.56,80.88,448126.69
2026-04-04 18:00:00,80.89,81.09,80.66,80.8,592241.95
2026-04-04 19:00:00,80.8,81.28,80.69,80.8,831850.22
2026-04-04 20:00:00,80.8,80.82,80.56,80.75,330468.36
2026-04-04 21:00:00,80.76,80.99,80.71,80.88,370629.56
2026-04-04 22:00:00,80.88,81.02,80.82,80.96,267815.2
2026-04-04 23:00:00,80.95,80.95,80.65,80.79,226551.08
2026-04-05 00:00:00,80.79,80.81,80.45,80.65,365089.06
2026-04-05 01:00:00,80.65,80.75,80.43,80.46,265104.45
2026-04-05 02:00:00,80.45,80.61,80.28,80.54,363674.48
2026-04-05 03:00:00,80.53,80.57,80.35,80.51,145485.33
2026-04-05 04:00:00,80.5,80.52,80.22,80.27,313704.33
2026-04-05 05:00:00,80.27,80.37,80.08,80.24,399972.19
2026-04-05 06:00:00,80.25,80.33,79.3,79.55,1565823.07
2026-04-05 07:00:00,79.55,79.84,79.47,79.55,559286.54
2026-04-05 08:00:00,79.54,79.66,79.47,79.56,359813.16
2026-04-05 09:00:00,79.57,79.83,79.57,79.78,335001.06
2026-04-05 10:00:00,79.79,80.2,79.73,79.79,423503.51
2026-04-05 11:00:00,79.8,79.88,79.7,79.86,304565.75
2026-04-05 12:00:00,79.87,79.92,78.72,78.95,1434047.94
2026-04-05 13:00:00,78.95,79.23,78.45,79.16,1222935.14
2026-04-05 14:00:00,79.16,79.44,79.1,79.25,468914.18
2026-04-05 15:00:00,79.24,80.31,78.93,79.55,1724117.48
2026-04-05 16:00:00,79.56,79.77,79.34,79.41,525952.51
2026-04-05 17:00:00,79.42,79.89,79.32,79.85,458813.33
2026-04-05 18:00:00,79.84,80.09,79.66,79.91,373138.16
2026-04-05 19:00:00,79.9,80.19,79.48,79.77,460339.39
2026-04-05 20:00:00,79.77,80.18,79.76,80.13,391314.77
2026-04-05 21:00:00,80.12,80.15,79.44,79.69,549876.58
2026-04-05 22:00:00,79.69,80.67,79.04,80.53,1412390.81
2026-04-05 23:00:00,80.53,82.11,80.42,81.85,2316571.44
2026-04-06 00:00:00,81.86,82.95,81.86,82.3,2389856.93
2026-04-06 01:00:00,82.3,82.4,81.63,81.67,935401.35
2026-04-06 02:00:00,81.67,82.79,81.62,82.38,960573.76
2026-04-06 03:00:00,82.38,82.46,81.9,82.07,604022.53
2026-04-06 04:00:00,82.07,82.37,81.75,81.96,634241.9
2026-04-06 05:00:00,81.97,82.05,81.8,81.86,378258.8
2026-04-06 06:00:00,81.86,82.11,80.91,81.45,1337835.8
2026-04-06 07:00:00,81.45,81.94,81.25,81.77,885756.72
2026-04-06 08:00:00,81.76,82.23,81.65,81.94,656724.34
2026-04-06 09:00:00,81.94,83.18,81.83,82.43,1623521.48
2026-04-06 10:00:00,82.43,82.86,82.43,82.63,674101.65
2026-04-06 11:00:00,82.62,82.63,82.28,82.39,428770.37
2026-04-06 12:00:00,82.4,82.49,82.15,82.25,488322.87
2026-04-06 13:00:00,82.25,82.64,82.12,82.43,657021.55
2026-04-06 14:00:00,82.42,82.8,81.67,82.19,1420997.32
2026-04-06 15:00:00,82.19,82.42,81.95,82.24,803504.82
2026-04-06 16:00:00,82.25,82.45,81.53,81.56,754218.44
2026-04-06 17:00:00,81.56,81.75,81.13,81.6,1071444.51
2026-04-06 18:00:00,81.61,82.19,81.5,81.83,571146.26
2026-04-06 19:00:00,81.84,81.92,81.51,81.86,398346.15
2026-04-06 20:00:00,81.86,82.1,81.75,81.93,266925.91
2026-04-06 21:00:00,81.94,81.94,81.33,81.42,289682.01
2026-04-06 22:00:00,81.42,81.47,80.09,80.11,1126640.5
2026-04-06 23:00:00,80.12,80.21,79.52,79.96,1894405.23
2026-04-07 00:00:00,79.96,80.17,79.54,79.82,1128357.6
2026-04-07 01:00:00,79.83,80.08,79.3,79.46,883261.13
2026-04-07 02:00:00,79.45,79.85,79.4,79.67,683377.64
2026-04-07 03:00:00,79.66,79.84,79.63,79.73,336538.13
2026-04-07 04:00:00,79.73,80.11,79.6,79.86,457862.05
2026-04-07 05:00:00,79.86,79.91,79.39,79.54,718660.86
2026-04-07 06:00:00,79.54,79.6,79.23,79.48,602491.01
2026-04-07 07:00:00,79.49,79.9,79.39,79.81,540410.93
2026-04-07 08:00:00,79.82,80.32,79.75,80.1,1027464.19
2026-04-07 09:00:00,80.09,80.55,80.09,80.34,750530.87
2026-04-07 10:00:00,80.34,80.41,79.16,79.33,1492668.6
2026-04-07 11:00:00,79.32,79.51,78.83,79.17,1411438.4
2026-04-07 12:00:00,79.17,79.34,78.58,79.09,1698384.41
2026-04-07 13:00:00,79.1,79.2,78.78,78.83,761539.69
2026-04-07 14:00:00,78.83,79.03,78.3,78.54,1292512.08
2026-04-07 15:00:00,78.53,78.95,78.32,78.82,910261.17
2026-04-07 16:00:00,78.82,79.16,78.6,78.85,691748.33
2026-04-07 17:00:00,78.85,81.0,78.79,80.03,3199508.84
2026-04-07 18:00:00,80.04,80.17,79.47,79.89,1052036.95
2026-04-07 19:00:00,79.89,81.84,79.84,81.58,2731115.43
2026-04-07 20:00:00,81.58,82.38,81.58,81.9,2067635.5
2026-04-07 21:00:00,81.91,83.35,81.84,82.88,2342775.45
2026-04-07 22:00:00,82.89,85.23,82.89,85.22,3802925.12
2026-04-07 23:00:00,85.22,87.19,85.07,85.54,5139700.6
2026-04-08 00:00:00,85.53,85.89,84.23,84.74,1998884.9
2026-04-08 01:00:00,84.75,84.96,84.42,84.66,949022.22
2026-04-08 02:00:00,84.67,84.95,84.37,84.57,843594.75
2026-04-08 03:00:00,84.58,84.66,84.34,84.53,527202.16
2026-04-08 04:00:00,84.54,85.01,84.44,84.47,1080279.27
2026-04-08 05:00:00,84.47,84.73,84.12,84.19,693118.8
2026-04-08 06:00:00,84.18,84.7,83.85,84.52,781100.37
2026-04-08 07:00:00,84.53,84.69,84.17,84.47,598715.86
2026-04-08 08:00:00,84.48,84.85,84.4,84.83,489750.97
2026-04-08 09:00:00,84.83,84.95,84.5,84.64,461965.6
2026-04-08 10:00:00,84.63,84.77,84.45,84.48,320928.39
2026-04-08 11:00:00,84.47,84.82,84.11,84.42,1049627.14
2026-04-08 12:00:00,84.42,84.65,84.06,84.51,657491.39
2026-04-08 13:00:00,84.5,84.96,83.86,84.0,2007619.84
2026-04-08 14:00:00,84.0,84.12,82.47,82.87,2688384.57
2026-04-08 15:00:00,82.87,83.43,82.75,83.29,1287093.22
2026-04-08 16:00:00,83.29,83.59,83.0,83.45,585589.86
2026-04-08 17:00:00,83.46,84.17,83.25,83.93,887021.64
2026-04-08 18:00:00,83.94,83.99,82.76,82.89,916408.99
2026-04-08 19:00:00,82.89,83.19,82.74,83.15,572744.37
2026-04-08 20:00:00,83.15,83.34,82.97,83.23,372630.79
2026-04-08 21:00:00,83.24,83.58,83.14,83.36,309897.83
2026-04-08 22:00:00,83.36,83.41,82.53,82.58,541103.5
2026-04-08 23:00:00,82.57,82.99,82.17,82.52,1007481.72
2026-04-09 00:00:00,82.52,82.63,82.01,82.16,768532.27
2026-04-09 01:00:00,82.15,82.28,81.65,82.18,1141364.43
2026-04-09 02:00:00,82.17,82.41,82.02,82.09,504561.92
2026-04-09 03:00:00,82.09,82.14,81.85,81.97,568580.81
2026-04-09 04:00:00,81.97,82.0,81.78,81.8,350264.79
2026-04-09 05:00:00,81.8,82.29,81.7,82.11,498440.74
2026-04-09 06:00:00,82.12,82.31,81.79,82.13,505246.58
2026-04-09 07:00:00,82.13,82.44,82.13,82.23,387531.36
2026-04-09 08:00:00,82.24,82.61,82.1,82.43,503931.44
2026-04-09 09:00:00,82.42,82.64,82.08,82.55,713500.71
2026-04-09 10:00:00,82.55,82.62,82.32,82.53,396123.87
2026-04-09 11:00:00,82.53,82.68,81.98,82.14,755978.09
2026-04-09 12:00:00,82.13,82.33,81.93,82.23,669242.85
2026-04-09 13:00:00,82.24,82.39,81.51,81.83,1035684.53
2026-04-09 14:00:00,81.82,82.28,81.36,82.14,1124951.45
2026-04-09 15:00:00,82.14,83.89,81.86,83.69,2661386.3
2026-04-09 16:00:00,83.7,84.21,82.87,83.64,1876754.13
2026-04-09 17:00:00,83.64,84.65,83.62,84.62,1852249.77
2026-04-09 18:00:00,84.62,84.67,83.33,83.81,1744883.23
2026-04-09 19:00:00,83.8,84.28,83.38,84.12,979861.31
2026-04-09 20:00:00,84.11,84.5,84.05,84.22,555660.34
2026-04-09 21:00:00,84.22,84.71,84.1,84.22,609109.62
2026-04-09 22:00:00,84.23,85.93,83.91,83.95,2038331.01
2026-04-09 23:00:00,83.95,84.02,83.1,83.29,1112777.55
2026-04-10 00:00:00,83.29,83.33,82.84,83.08,800990.68
2026-04-10 01:00:00,83.07,83.74,82.75,83.11,1087511.68
2026-04-10 02:00:00,83.12,83.41,83.0,83.22,455578.9
2026-04-10 03:00:00,83.22,83.23,82.63,82.84,705527.87
2026-04-10 04:00:00,82.84,83.48,82.84,83.31,527025.7
2026-04-10 05:00:00,83.3,83.55,83.05,83.36,541724.74
2026-04-10 06:00:00,83.36,83.43,83.06,83.15,439877.66
2026-04-10 07:00:00,83.16,83.23,82.82,82.92,463437.61
2026-04-10 08:00:00,82.93,83.08,82.66,82.87,820203.58
2026-04-10 09:00:00,82.87,83.55,82.86,83.49,757968.56
2026-04-10 10:00:00,83.5,83.5,83.06,83.25,534027.57
2026-04-10 11:00:00,83.26,83.73,83.25,83.48,898638.25
2026-04-10 12:00:00,83.49,84.39,83.31,84.07,1420882.63
2026-04-10 13:00:00,84.08,84.35,83.53,84.22,1086566.02
2026-04-10 14:00:00,84.22,85.2,84.14,85.06,1762108.66
2026-04-10 15:00:00,85.05,85.57,84.01,84.2,1619691.76
2026-04-10 16:00:00,84.2,84.88,84.08,84.81,896417.95
2026-04-10 17:00:00,84.81,84.86,84.41,84.82,505705.78
2026-04-10 18:00:00,84.83,85.24,84.57,85.18,570616.72
2026-04-10 19:00:00,85.17,85.44,85.06,85.41,704294.44
2026-04-10 20:00:00,85.41,85.66,85.01,85.4,670965.67
2026-04-10 21:00:00,85.41,85.41,84.92,85.19,418822.11
2026-04-10 22:00:00,85.2,85.24,84.6,84.84,434414.57
2026-04-10 23:00:00,84.83,84.92,84.7,84.78,234337.26
2026-04-11 00:00:00,84.78,84.81,84.47,84.64,289216.78
2026-04-11 01:00:00,84.63,84.69,84.34,84.63,338118.95
2026-04-11 02:00:00,84.63,84.89,84.54,84.77,283849.26
2026-04-11 03:00:00,84.76,84.85,84.22,84.35,424635.98
2026-04-11 04:00:00,84.35,84.57,84.16,84.33,450006.26
2026-04-11 05:00:00,84.32,84.36,84.02,84.04,532164.15
2026-04-11 06:00:00,84.04,84.11,83.82,84.07,443166.1
2026-04-11 07:00:00,84.08,84.31,84.03,84.23,252830.94
2026-04-11 08:00:00,84.23,84.38,84.1,84.1,323679.01
2026-04-11 09:00:00,84.1,84.76,84.09,84.45,664239.57
2026-04-11 10:00:00,84.45,84.47,83.9,83.99,478844.9
2026-04-11 11:00:00,83.99,84.22,83.75,84.18,513951.03
2026-04-11 12:00:00,84.18,84.48,84.01,84.18,388928.09
2026-04-11 13:00:00,84.18,84.27,83.78,84.06,509003.19
2026-04-11 14:00:00,84.05,84.39,83.98,84.33,357548.53
2026-04-11 15:00:00,84.34,84.84,84.2,84.63,632151.98
2026-04-11 16:00:00,84.62,85.35,84.56,84.93,758914.54
2026-04-11 17:00:00,84.94,84.97,84.64,84.76,430557.6
2026-04-11 18:00:00,84.76,85.78,84.58,85.45,1025678.69
2026-04-11 19:00:00,85.45,86.23,85.37,85.99,1251173.72
2026-04-11 20:00:00,85.99,86.06,85.08,85.38,763655.78
2026-04-11 21:00:00,85.37,85.51,85.15,85.3,316811.31
2026-04-11 22:00:00,85.29,86.14,85.01,85.24,1214747.59
2026-04-11 23:00:00,85.23,85.24,84.45,84.89,617584.23
2026-04-12 00:00:00,84.89,84.97,84.67,84.85,364455.12
2026-04-12 01:00:00,84.86,84.93,81.98,82.24,3209629.81
2026-04-12 02:00:00,82.25,82.95,81.83,82.61,1575852.59
2026-04-12 03:00:00,82.61,82.74,82.26,82.27,647238.93
2026-04-12 04:00:00,82.27,82.42,82.1,82.16,491043.03
2026-04-12 05:00:00,82.16,82.42,82.01,82.34,555734.88
2026-04-12 06:00:00,82.34,82.44,82.15,82.2,548920.3
2026-04-12 07:00:00,82.2,82.4,82.17,82.23,265429.19
2026-04-12 08:00:00,82.24,82.25,82.09,82.23,287426.08
2026-04-12 09:00:00,82.24,82.36,82.08,82.15,281384.4
2026-04-12 10:00:00,82.16,82.29,81.88,81.98,467421.34
2026-04-12 11:00:00,81.99,82.33,81.89,82.15,506529.49
2026-04-12 12:00:00,82.15,82.5,81.82,81.97,947029.37
2026-04-12 13:00:00,81.97,82.19,81.71,81.86,847453.33
2026-04-12 14:00:00,81.85,82.06,81.24,81.51,1616902.09
2026-04-12 15:00:00,81.51,81.78,81.25,81.55,735453.6
2026-04-12 16:00:00,81.54,81.84,81.48,81.82,357792.01
2026-04-12 17:00:00,81.83,82.26,81.69,82.14,592929.88
2026-04-12 18:00:00,82.14,82.29,81.98,82.07,447593.3
2026-04-12 19:00:00,82.07,82.27,81.86,81.93,260061.31
2026-04-12 20:00:00,81.93,82.85,81.88,82.64,758394.72
2026-04-12 21:00:00,82.64,82.86,82.39,82.76,590155.71
2026-04-12 22:00:00,82.76,82.78,81.32,81.95,1648604.4
2026-04-12 23:00:00,81.94,81.94,81.23,81.49,665832.22
2026-04-13 00:00:00,81.48,82.19,81.35,82.1,700753.12
2026-04-13 01:00:00,82.1,82.31,81.92,82.28,547450.84
2026-04-13 02:00:00,82.28,82.4,81.83,81.88,597238.9
2026-04-13 03:00:00,81.89,82.04,81.68,81.86,341293.78
2026-04-13 04:00:00,81.87,82.21,81.8,81.86,426501.61
2026-04-13 05:00:00,81.87,81.95,81.48,81.79,480760.05
2026-04-13 06:00:00,81.8,82.58,81.77,82.31,935983.8
2026-04-13 07:00:00,82.31,82.36,81.81,82.12,590005.67
2026-04-13 08:00:00,82.12,82.25,81.67,81.82,814021.19
2026-04-13 09:00:00,81.82,82.17,81.74,81.82,604960.35
2026-04-13 10:00:00,81.82,81.93,81.61,81.7,346868.41
2026-04-13 11:00:00,81.71,82.01,81.65,81.82,479239.18
2026-04-13 12:00:00,81.82,82.77,81.77,82.5,1424934.54
2026-04-13 13:00:00,82.51,83.65,82.25,83.58,2191058.21
2026-04-13 14:00:00,83.58,83.79,82.73,83.73,2109419.02
2026-04-13 15:00:00,83.73,83.95,82.31,82.62,1796802.17
2026-04-13 16:00:00,82.62,83.6,82.31,83.32,1560628.09
2026-04-13 17:00:00,83.33,83.82,82.96,83.03,922156.42
2026-04-13 18:00:00,83.02,83.25,82.54,83.19,942499.53
2026-04-13 19:00:00,83.18,84.23,83.06,84.07,1606539.69
2026-04-13 20:00:00,84.07,84.35,83.77,83.89,1175329.96
2026-04-13 21:00:00,83.9,84.14,83.79,83.92,526377.89
2026-04-13 22:00:00,83.91,86.47,83.91,86.2,3112554.19
2026-04-13 23:00:00,86.2,86.8,85.88,86.5,2126060.59
2026-04-14 00:00:00,86.49,86.73,85.7,85.88,1542907.77
2026-04-14 01:00:00,85.89,86.1,85.65,85.94,831453.2
2026-04-14 02:00:00,85.93,86.41,85.84,86.2,890888.99
2026-04-14 03:00:00,86.2,86.25,85.96,86.03,429520.25
2026-04-14 04:00:00,86.03,86.04,85.54,85.88,655108.68
2026-04-14 05:00:00,85.88,85.9,85.4,85.48,493175.57
2026-04-14 06:00:00,85.49,86.06,85.48,85.92,674339.98
2026-04-14 07:00:00,85.92,86.17,85.76,85.87,856899.57
2026-04-14 08:00:00,85.86,86.35,85.68,86.09,694944.5
2026-04-14 09:00:00,86.09,86.22,85.93,86.05,352993.64
2026-04-14 10:00:00,86.06,86.52,85.96,85.99,671169.47
2026-04-14 11:00:00,85.99,86.07,85.56,85.75,925096.72
2026-04-14 12:00:00,85.74,86.0,85.55,85.92,631545.57
2026-04-14 13:00:00,85.92,87.4,85.87,87.28,2054724.76
2026-04-14 14:00:00,87.28,87.64,85.95,85.95,2650942.16
2026-04-14 15:00:00,85.96,86.28,85.17,85.92,2131005.27
2026-04-14 16:00:00,85.92,86.13,84.7,84.99,1654142.09
2026-04-14 17:00:00,84.99,85.42,84.66,85.2,1200637.32
2026-04-14 18:00:00,85.21,85.39,83.83,84.05,1333418.09
2026-04-14 19:00:00,84.04,84.28,83.66,83.91,1185055.74
2026-04-14 20:00:00,83.91,84.11,83.36,83.57,874720.69
2026-04-14 21:00:00,83.56,83.92,83.49,83.76,359745.77
2026-04-14 22:00:00,83.76,83.89,83.26,83.46,779870.57
2026-04-14 23:00:00,83.47,84.0,83.42,83.66,604573.76
2026-04-15 00:00:00,83.66,84.01,83.48,83.72,1080023.05
2026-04-15 01:00:00,83.72,83.98,83.51,83.85,610059.72
2026-04-15 02:00:00,83.85,83.97,83.07,83.35,752677.36
2026-04-15 03:00:00,83.35,83.47,83.23,83.4,292142.51
2026-04-15 04:00:00,83.4,83.62,83.26,83.55,401589.72
2026-04-15 05:00:00,83.56,83.74,82.88,83.07,1060485.83
2026-04-15 06:00:00,83.07,83.09,82.75,82.94,605349.7
2026-04-15 07:00:00,82.95,83.17,82.6,82.88,885015.85
2026-04-15 08:00:00,82.88,83.23,82.68,83.08,744312.12
2026-04-15 09:00:00,83.07,83.19,82.82,83.11,548007.62
2026-04-15 10:00:00,83.11,83.65,82.85,83.1,1123595.42
2026-04-15 11:00:00,83.11,83.65,83.0,83.54,727369.84
2026-04-15 12:00:00,83.55,83.84,83.32,83.67,654221.52
2026-04-15 13:00:00,83.66,83.77,83.14,83.59,954192.68
2026-04-15 14:00:00,83.59,84.47,83.36,84.27,1609352.82
2026-04-15 15:00:00,84.27,84.44,83.44,83.94,1485424.28
2026-04-15 16:00:00,83.95,84.67,83.86,84.51,1276832.7
2026-04-15 17:00:00,84.5,85.12,84.4,84.66,1370589.33
2026-04-15 18:00:00,84.66,85.03,84.55,84.98,522677.61
2026-04-15 19:00:00,84.99,85.81,84.9,85.48,1095593.33
2026-04-15 20:00:00,85.48,85.54,84.59,84.77,786810.65
2026-04-15 21:00:00,84.77,84.87,84.16,84.75,576937.47
2026-04-15 22:00:00,84.74,85.59,84.7,84.98,759885.21
2026-04-15 23:00:00,84.99,85.0,84.56,84.85,533977.77
2026-04-16 00:00:00,84.86,85.03,84.45,84.89,514288.55
2026-04-16 01:00:00,84.9,84.91,84.42,84.82,331901.35
2026-04-16 02:00:00,84.81,85.56,84.67,85.07,782039.96
2026-04-16 03:00:00,85.07,85.48,85.04,85.26,495610.43
2026-04-16 04:00:00,85.25,85.53,84.93,85.2,480936.24
2026-04-16 05:00:00,85.19,85.5,85.0,85.36,336046.18
2026-04-16 06:00:00,85.37,85.5,85.12,85.43,299939.25
2026-04-16 07:00:00,85.43,85.61,85.03,85.15,542957.58
2026-04-16 08:00:00,85.16,85.27,84.85,84.99,632359.07
2026-04-16 09:00:00,85.0,85.47,84.91,85.14,816701.17
2026-04-16 10:00:00,85.15,85.21,84.56,85.01,1128701.21
2026-04-16 11:00:00,85.01,85.14,84.89,85.02,394559.07
2026-04-16 12:00:00,85.03,85.47,85.01,85.34,562683.98
2026-04-16 13:00:00,85.34,86.25,83.7,84.74,3179759.17
2026-04-16 14:00:00,84.74,85.67,83.99,85.35,2081697.77
2026-04-16 15:00:00,85.34,87.11,85.24,86.57,2814815.4
2026-04-16 16:00:00,86.58,87.07,85.58,85.9,1869845.52
2026-04-16 17:00:00,85.89,86.76,85.66,86.61,1406198.78
2026-04-16 18:00:00,86.61,89.05,86.46,88.96,3868853.14
2026-04-16 19:00:00,88.97,90.14,88.59,90.07,2528197.0
2026-04-16 20:00:00,90.06,90.58,89.21,89.55,2436908.1
2026-04-16 21:00:00,89.55,89.74,88.68,88.9,1209873.95
2026-04-16 22:00:00,88.9,89.43,88.83,88.97,654645.85
2026-04-16 23:00:00,88.96,89.19,88.78,89.03,482939.76
2026-04-17 00:00:00,89.02,89.15,88.54,88.77,618209.84
2026-04-17 01:00:00,88.78,88.98,87.86,88.2,969701.66
2026-04-17 02:00:00,88.21,88.33,87.5,87.82,873598.16
2026-04-17 03:00:00,87.83,87.93,87.43,87.67,716818.66
2026-04-17 04:00:00,87.67,88.25,87.64,87.94,712452.81
2026-04-17 05:00:00,87.94,87.95,87.34,87.36,762338.33
2026-04-17 06:00:00,87.36,88.05,87.3,87.96,580866.51
2026-04-17 07:00:00,87.96,88.44,87.93,88.09,785830.4
2026-04-17 08:00:00,88.1,89.05,88.07,88.91,1140719.17
2026-04-17 09:00:00,88.9,89.48,88.24,88.65,1697292.2
2026-04-17 10:00:00,88.66,88.69,87.26,87.62,1829905.02
2026-04-17 11:00:00,87.62,88.27,87.57,88.15,763540.9
2026-04-17 12:00:00,88.16,88.87,87.85,88.82,1098796.25
2026-04-17 13:00:00,88.83,90.48,88.51,90.09,4675390.57
2026-04-17 14:00:00,90.09,90.71,89.57,89.97,2697860.03
2026-04-17 15:00:00,89.97,90.14,89.39,89.91,1670863.19
2026-04-17 16:00:00,89.91,90.58,89.85,90.39,1284125.13
2026-04-17 17:00:00,90.39,90.39,89.04,89.7,1516240.77
2026-04-17 18:00:00,89.69,89.8,88.84,89.12,1047138.71
2026-04-17 19:00:00,89.12,89.46,88.86,89.18,577555.55
2026-04-17 20:00:00,89.17,89.33,88.45,88.95,908047.02
2026-04-17 21:00:00,88.94,89.23,88.74,89.08,431665.52
2026-04-17 22:00:00,89.08,89.43,88.89,89.17,470519.55
2026-04-17 23:00:00,89.16,89.17,88.42,88.71,523001.5
2026-04-18 00:00:00,88.71,89.1,88.61,88.91,344791.39
2026-04-18 01:00:00,88.92,89.11,88.63,88.8,365262.77
2026-04-18 02:00:00,88.81,89.05,88.61,88.86,270418.27
2026-04-18 03:00:00,88.87,88.87,88.17,88.27,497841.51
2026-04-18 04:00:00,88.27,88.5,88.18,88.3,540963.38
2026-04-18 05:00:00,88.31,88.6,88.1,88.34,486255.25
2026-04-18 06:00:00,88.35,88.56,88.25,88.44,282049.39
2026-04-18 07:00:00,88.44,88.5,88.25,88.39,281155.55
2026-04-18 08:00:00,88.4,88.45,87.04,87.5,1789877.47
2026-04-18 09:00:00,87.49,87.63,87.07,87.56,828297.54
2026-04-18 10:00:00,87.57,87.6,86.71,86.92,1272143.22
2026-04-18 11:00:00,86.91,86.92,86.22,86.49,1120074.29
2026-04-18 12:00:00,86.48,86.91,86.45,86.84,794556.82
2026-04-18 13:00:00,86.85,86.92,86.35,86.69,641692.04
2026-04-18 14:00:00,86.7,86.82,86.38,86.77,510558.23
2026-04-18 15:00:00,86.78,86.92,86.5,86.7,412695.98
2026-04-18 16:00:00,86.7,86.93,86.41,86.64,572523.94
2026-04-18 17:00:00,86.64,86.79,86.45,86.69,337772.35
2026-04-18 18:00:00,86.69,86.7,85.71,85.9,1419714.0
2026-04-18 19:00:00,85.9,86.24,85.88,86.07,370235.27
2026-04-18 20:00:00,86.06,86.27,85.95,86.12,281978.56
2026-04-18 21:00:00,86.12,86.22,85.98,86.16,182552.31
2026-04-18 22:00:00,86.16,86.32,85.86,86.24,408800.66
2026-04-18 23:00:00,86.24,86.42,86.08,86.11,290663.13
2026-04-19 00:00:00,86.1,86.33,85.8,85.97,464146.86
2026-04-19 01:00:00,85.97,86.18,85.54,85.7,521084.06
2026-04-19 02:00:00,85.7,85.82,85.18,85.47,817941.18
2026-04-19 03:00:00,85.48,85.75,85.25,85.55,302937.56
2026-04-19 04:00:00,85.55,85.92,85.09,85.53,724267.98
2026-04-19 05:00:00,85.52,85.74,85.35,85.43,455262.95
2026-04-19 06:00:00,85.44,85.62,85.07,85.4,534437.8
2026-04-19 07:00:00,85.39,85.39,84.28,84.82,1576648.38
2026-04-19 08:00:00,84.81,85.1,84.56,84.74,656051.78
2026-04-19 09:00:00,84.75,84.99,84.52,84.55,531243.03
2026-04-19 10:00:00,84.54,84.86,84.38,84.73,466735.08
2026-04-19 11:00:00,84.74,85.67,84.71,85.54,981889.12
2026-04-19 12:00:00,85.55,85.92,85.49,85.74,907494.71
2026-04-19 13:00:00,85.75,86.89,85.7,86.27,1776006.66
2026-04-19 14:00:00,86.28,87.08,85.9,86.48,1447038.13
2026-04-19 15:00:00,86.48,86.63,85.52,86.32,1138311.74
2026-04-19 16:00:00,86.31,86.46,85.68,85.82,718049.63
2026-04-19 17:00:00,85.82,85.95,84.94,85.08,1066991.39
2026-04-19 18:00:00,85.09,85.26,84.82,85.06,694121.17
2026-04-19 19:00:00,85.06,85.52,85.06,85.28,473581.74
2026-04-19 20:00:00,85.27,85.31,84.68,84.9,689896.28
2026-04-19 21:00:00,84.9,85.2,84.47,84.65,433312.83
2026-04-19 22:00:00,84.65,84.65,82.77,83.71,3006273.72
2026-04-19 23:00:00,83.71,83.72,83.27,83.41,645030.62
2026-04-20 00:00:00,83.42,84.17,83.27,83.93,859797.44
2026-04-20 01:00:00,83.93,84.51,83.89,84.3,674350.93
2026-04-20 02:00:00,84.29,84.35,83.66,84.16,537988.63
2026-04-20 03:00:00,84.16,84.58,84.07,84.53,458788.14
2026-04-20 04:00:00,84.53,84.58,84.2,84.53,323597.74
2026-04-20 05:00:00,84.53,84.55,83.7,83.82,650827.35
2026-04-20 06:00:00,83.83,84.72,83.73,84.42,792237.9
2026-04-20 07:00:00,84.42,85.74,84.4,84.69,1671001.86
2026-04-20 08:00:00,84.7,85.1,84.51,84.63,818272.59
2026-04-20 09:00:00,84.63,85.2,84.58,85.04,607962.99
2026-04-20 10:00:00,85.04,85.37,84.76,84.8,546606.03
2026-04-20 11:00:00,84.8,85.34,84.71,85.0,521203.7
2026-04-20 12:00:00,85.01,85.51,84.77,85.27,967922.02
2026-04-20 13:00:00,85.27,85.49,84.82,85.26,1148673.51
2026-04-20 14:00:00,85.27,85.8,84.46,84.74,1826345.0
2026-04-20 15:00:00,84.73,85.85,84.35,85.82,1628688.68
2026-04-20 16:00:00,85.82,85.86,85.21,85.26,836649.38
2026-04-20 17:00:00,85.27,86.1,85.21,85.66,944812.73
2026-04-20 18:00:00,85.66,86.19,85.66,86.02,1077104.9
2026-04-20 19:00:00,86.03,86.06,85.71,85.75,518868.61
2026-04-20 20:00:00,85.75,86.14,85.61,85.91,518018.2
2026-04-20 21:00:00,85.91,86.18,85.53,85.76,544819.54
2026-04-20 22:00:00,85.76,86.03,85.55,85.66,349447.62
2026-04-20 23:00:00,85.67,85.67,85.17,85.24,507176.69
2026-04-21 00:00:00,85.25,85.75,85.21,85.63,434747.7
2026-04-21 01:00:00,85.64,85.79,85.31,85.39,340369.51
2026-04-21 02:00:00,85.39,85.42,85.14,85.24,317377.27
2026-04-21 03:00:00,85.24,85.48,84.95,85.14,868824.47
2026-04-21 04:00:00,85.13,85.43,84.97,85.39,532938.07
2026-04-21 05:00:00,85.39,85.8,85.37,85.63,562421.92
2026-04-21 06:00:00,85.63,85.91,85.13,85.63,703909.41
2026-04-21 07:00:00,85.63,85.93,85.36,85.65,569026.12
2026-04-21 08:00:00,85.66,86.47,85.58,85.75,746386.8
2026-04-21 09:00:00,85.76,85.85,85.46,85.85,486638.89
2026-04-21 10:00:00,85.85,86.28,85.79,86.11,523822.09
2026-04-21 11:00:00,86.1,86.13,85.66,85.79,616890.52
2026-04-21 12:00:00,85.79,85.99,85.12,85.48,1059130.47
2026-04-21 13:00:00,85.47,85.83,85.24,85.77,782869.72
2026-04-21 14:00:00,85.78,86.87,85.54,85.72,1725969.46
2026-04-21 15:00:00,85.73,86.25,85.34,86.0,1300323.81
2026-04-21 16:00:00,86.0,86.24,85.6,85.63,863065.86
2026-04-21 17:00:00,85.63,85.77,84.65,85.28,1612263.15
2026-04-21 18:00:00,85.28,85.36,84.69,85.21,794836.53
2026-04-21 19:00:00,85.21,85.69,84.26,84.53,1299494.65
2026-04-21 20:00:00,84.52,85.72,84.4,85.37,1052973.33
2026-04-21 21:00:00,85.37,85.53,84.95,85.1,303760.32
2026-04-21 22:00:00,85.1,85.41,84.94,85.31,447392.08
2026-04-21 23:00:00,85.32,86.11,85.3,86.0,742593.92
2026-04-22 00:00:00,86.01,86.48,85.97,86.47,911145.88
2026-04-22 01:00:00,86.47,86.51,86.05,86.22,533663.88
2026-04-22 02:00:00,86.22,87.54,86.16,87.39,1747610.1
2026-04-22 03:00:00,87.38,87.86,87.08,87.21,939562.05
2026-04-22 04:00:00,87.22,87.31,86.93,87.03,541226.79
2026-04-22 05:00:00,87.04,88.33,86.97,88.0,2064954.84
2026-04-22 06:00:00,88.0,88.17,87.77,87.91,983503.53
2026-04-22 07:00:00,87.92,88.25,87.66,88.04,855608.7
2026-04-22 08:00:00,88.04,88.32,87.57,87.96,994794.15
2026-04-22 09:00:00,87.97,88.88,87.81,88.28,1215188.97
2026-04-22 10:00:00,88.27,88.4,88.1,88.3,351587.16
2026-04-22 11:00:00,88.29,88.55,88.12,88.29,441853.33
2026-04-22 12:00:00,88.29,88.65,88.18,88.55,717237.59
2026-04-22 13:00:00,88.56,89.16,88.39,89.07,1384997.4
2026-04-22 14:00:00,89.07,89.29,88.45,88.69,1492790.33
2026-04-22 15:00:00,88.69,88.76,87.98,88.13,1756563.08
2026-04-22 16:00:00,88.12,88.42,87.48,87.63,1143922.43
2026-04-22 17:00:00,87.62,87.99,87.59,87.8,616229.52
2026-04-22 18:00:00,87.8,88.34,87.75,87.78,560210.89
2026-04-22 19:00:00,87.78,87.8,87.05,87.34,1080517.1
2026-04-22 20:00:00,87.34,87.45,87.04,87.1,346893.01
2026-04-22 21:00:00,87.1,87.66,87.08,87.55,318139.77
2026-04-22 22:00:00,87.55,87.69,87.25,87.38,343105.02
2026-04-22 23:00:00,87.38,87.43,86.75,86.83,559714.29
2026-04-23 00:00:00,86.83,87.11,85.91,86.82,1629584.84
2026-04-23 01:00:00,86.83,86.83,86.08,86.39,770019.91
2026-04-23 02:00:00,86.4,86.4,85.67,85.89,916802.22
2026-04-23 03:00:00,85.89,86.05,85.42,85.72,658610.26
2026-04-23 04:00:00,85.73,85.96,85.59,85.91,532440.44
2026-04-23 05:00:00,85.91,86.07,85.45,85.84,769172.62
2026-04-23 06:00:00,85.83,86.18,85.78,86.15,792013.88
2026-04-23 07:00:00,86.14,86.18,85.8,85.85,495838.15
2026-04-23 08:00:00,85.85,85.89,85.5,85.66,708371.92
2026-04-23 09:00:00,85.66,85.66,85.2,85.47,701619.35
2026-04-23 10:00:00,85.47,85.57,85.13,85.38,560680.57
2026-04-23 11:00:00,85.38,85.89,85.32,85.76,691762.95
2026-04-23 12:00:00,85.76,86.06,85.66,85.92,736150.7
2026-04-23 13:00:00,85.92,85.99,85.52,85.72,781943.27
2026-04-23 14:00:00,85.72,86.15,85.5,86.0,904859.78
2026-04-23 15:00:00,86.01,86.61,85.75,86.3,1947431.86
2026-04-23 16:00:00,86.31,86.38,85.72,85.75,811170.68
2026-04-23 17:00:00,85.76,85.82,84.42,85.28,2805700.74
2026-04-23 18:00:00,85.29,85.62,85.18,85.21,1006569.37
2026-04-23 19:00:00,85.21,85.52,85.08,85.24,814606.4
2026-04-23 20:00:00,85.23,85.8,85.22,85.54,608189.35
2026-04-23 21:00:00,85.53,85.96,85.45,85.74,355649.25
2026-04-23 22:00:00,85.74,86.21,85.73,85.91,490433.45
2026-04-23 23:00:00,85.91,86.15,85.55,86.08,384825.87
2026-04-24 00:00:00,86.08,86.32,85.99,86.16,441578.9
2026-04-24 01:00:00,86.15,86.28,85.76,86.23,404474.86
2026-04-24 02:00:00,86.23,86.32,85.71,85.83,357755.48
2026-04-24 03:00:00,85.82,85.9,85.33,85.63,713212.76
2026-04-24 04:00:00,85.64,85.66,85.13,85.26,632211.41
2026-04-24 05:00:00,85.25,85.79,85.1,85.64,896522.34
2026-04-24 06:00:00,85.65,85.69,85.28,85.38,415018.93
2026-04-24 07:00:00,85.38,85.57,85.29,85.45,398935.52
2026-04-24 08:00:00,85.45,85.7,85.23,85.3,648097.07
2026-04-24 09:00:00,85.3,85.44,84.79,85.42,798255.01
2026-04-24 10:00:00,85.42,85.72,85.12,85.65,486237.44
2026-04-24 11:00:00,85.65,86.24,85.65,86.14,1146846.75
2026-04-24 12:00:00,86.14,86.75,86.01,86.3,1544618.16
2026-04-24 13:00:00,86.3,86.55,85.79,86.04,778006.51
2026-04-24 14:00:00,86.03,86.18,85.6,85.99,889565.0
2026-04-24 15:00:00,85.99,86.53,85.46,86.46,961757.22
2026-04-24 16:00:00,86.47,86.56,86.03,86.29,570079.22
2026-04-24 17:00:00,86.29,86.51,86.07,86.44,466109.98
2026-04-24 18:00:00,86.44,86.5,85.87,86.32,479429.18
2026-04-24 19:00:00,86.31,86.49,86.19,86.29,400736.68
2026-04-24 20:00:00,86.28,86.92,86.18,86.83,888696.81
2026-04-24 21:00:00,86.83,86.92,86.32,86.4,484412.04
2026-04-24 22:00:00,86.4,86.41,86.02,86.14,460268.25
2026-04-24 23:00:00,86.14,86.26,86.1,86.13,167687.68
2026-04-25 00:00:00,86.13,86.23,85.98,86.19,225198.34
2026-04-25 01:00:00,86.2,86.32,86.09,86.24,185596.47
2026-04-25 02:00:00,86.23,86.36,86.11,86.24,166464.02
2026-04-25 03:00:00,86.24,86.45,86.22,86.42,140263.83
2026-04-25 04:00:00,86.41,86.49,86.24,86.28,153762.8
2026-04-25 05:00:00,86.29,86.29,86.07,86.16,220816.52
2026-04-25 06:00:00,86.17,86.63,86.16,86.4,361296.28
2026-04-25 07:00:00,86.4,86.48,86.2,86.31,446625.16
2026-04-25 08:00:00,86.31,86.77,86.23,86.57,470191.59
2026-04-25 09:00:00,86.58,86.75,86.51,86.53,266365.95
2026-04-25 10:00:00,86.53,86.68,86.51,86.57,187827.12
2026-04-25 11:00:00,86.57,86.58,86.19,86.3,525470.97
2026-04-25 12:00:00,86.3,86.38,86.18,86.34,263154.41
2026-04-25 13:00:00,86.33,86.63,86.33,86.55,254635.53
2026-04-25 14:00:00,86.55,86.61,86.39,86.39,223290.16
2026-04-25 15:00:00,86.39,86.58,86.08,86.17,424538.47
2026-04-25 16:00:00,86.18,86.27,85.55,85.84,804826.09
2026-04-25 17:00:00,85.84,85.84,85.5,85.51,439137.15
2026-04-25 18:00:00,85.5,85.8,85.48,85.64,525504.38
2026-04-25 19:00:00,85.64,85.68,85.52,85.62,253292.26
2026-04-25 20:00:00,85.63,85.88,85.55,85.86,218226.82
2026-04-25 21:00:00,85.86,86.09,85.68,85.85,324442.44
2026-04-25 22:00:00,85.86,86.13,85.81,86.05,186516.61
2026-04-25 23:00:00,86.06,86.13,85.98,86.13,131507.72
2026-04-26 00:00:00,86.13,86.16,85.87,85.97,238711.89
2026-04-26 01:00:00,85.96,86.07,85.91,85.92,152568.61
2026-04-26 02:00:00,85.92,86.35,85.91,86.34,302119.49
2026-04-26 03:00:00,86.34,86.44,85.78,85.94,613589.59
2026-04-26 04:00:00,85.94,86.7,85.89,86.41,744500.27
2026-04-26 05:00:00,86.41,86.67,86.09,86.42,641560.31
2026-04-26 06:00:00,86.42,86.55,86.34,86.47,197702.78
2026-04-26 07:00:00,86.47,86.6,86.39,86.59,187300.22
2026-04-26 08:00:00,86.59,86.73,86.47,86.53,400297.11
2026-04-26 09:00:00,86.53,86.56,86.41,86.5,148759.59
2026-04-26 10:00:00,86.49,86.58,86.38,86.44,136332.82
2026-04-26 11:00:00,86.44,86.6,86.41,86.46,210634.1
2026-04-26 12:00:00,86.45,86.46,85.83,86.05,787664.32
2026-04-26 13:00:00,86.04,86.21,85.92,86.06,602554.69
2026-04-26 14:00:00,86.06,86.46,86.0,86.35,482402.23
2026-04-26 15:00:00,86.34,86.54,86.3,86.5,330175.79
2026-04-26 16:00:00,86.5,86.55,86.32,86.36,461619.98
2026-04-26 17:00:00,86.36,86.54,86.22,86.49,318164.33
2026-04-26 18:00:00,86.48,86.97,86.37,86.76,770598.65
2026-04-26 19:00:00,86.76,87.42,86.62,86.84,729734.49
2026-04-26 20:00:00,86.84,86.89,86.55,86.64,352482.71
2026-04-26 21:00:00,86.65,87.1,86.06,86.77,955605.75
2026-04-26 22:00:00,86.77,87.29,86.26,86.67,892082.57
2026-04-26 23:00:00,86.67,87.13,86.47,86.87,477133.33
2026-04-27 00:00:00,86.88,87.36,86.5,87.31,1127836.81
2026-04-27 01:00:00,87.31,87.84,87.21,87.79,1348418.81
2026-04-27 02:00:00,87.78,88.08,87.32,87.78,886958.07
2026-04-27 03:00:00,87.78,88.04,87.64,87.69,496475.78
2026-04-27 04:00:00,87.69,87.81,87.35,87.48,404022.35
2026-04-27 05:00:00,87.49,87.5,85.73,85.89,3115026.23
2026-04-27 06:00:00,85.89,85.99,85.36,85.66,1146094.72
2026-04-27 07:00:00,85.66,85.73,85.2,85.21,920785.79
2026-04-27 08:00:00,85.21,85.46,84.94,85.44,973106.3
2026-04-27 09:00:00,85.45,85.58,85.09,85.42,930445.41
2026-04-27 10:00:00,85.41,85.52,85.08,85.13,909212.81
2026-04-27 11:00:00,85.12,85.24,85.0,85.19,392341.76
2026-04-27 12:00:00,85.19,85.21,84.83,85.04,560918.74
2026-04-27 13:00:00,85.04,85.33,84.66,85.08,1082021.88
2026-04-27 14:00:00,85.07,85.81,84.94,85.18,1428198.52
2026-04-27 15:00:00,85.18,85.2,83.56,84.09,3083128.68
2026-04-27 16:00:00,84.1,84.36,83.97,84.22,681512.03
2026-04-27 17:00:00,84.23,84.66,84.21,84.41,710385.59
2026-04-27 18:00:00,84.41,84.65,84.35,84.51,301497.49
2026-04-27 19:00:00,84.51,84.61,83.76,84.12,1092627.16
2026-04-27 20:00:00,84.11,84.3,84.08,84.21,279819.82
2026-04-27 21:00:00,84.22,84.46,84.04,84.2,253894.41
2026-04-27 22:00:00,84.21,84.56,84.13,84.48,291685.03
2026-04-27 23:00:00,84.49,84.88,84.4,84.78,430607.29
2026-04-28 00:00:00,84.78,84.89,84.54,84.77,351830.96
2026-04-28 01:00:00,84.76,84.82,84.34,84.36,385169.59
2026-04-28 02:00:00,84.35,84.6,83.85,84.13,655700.56
2026-04-28 03:00:00,84.12,84.15,83.96,84.12,296330.75
2026-04-28 04:00:00,84.13,84.39,83.78,84.02,751695.78
2026-04-28 05:00:00,84.01,84.42,84.01,84.17,622042.64
2026-04-28 06:00:00,84.17,84.27,83.62,83.9,764482.24
2026-04-28 07:00:00,83.89,84.01,83.58,83.96,438361.73
2026-04-28 08:00:00,83.96,84.15,83.7,83.9,428903.79
2026-04-28 09:00:00,83.9,83.92,83.34,83.58,494914.66
2026-04-28 10:00:00,83.58,83.76,83.57,83.75,222857.94
2026-04-28 11:00:00,83.75,83.8,83.21,83.36,639122.76
2026-04-28 12:00:00,83.35,83.72,83.19,83.66,625702.13
2026-04-28 13:00:00,83.65,84.04,83.13,83.49,1139466.73
2026-04-28 14:00:00,83.5,83.5,82.91,83.35,1310736.35
2026-04-28 15:00:00,83.35,83.48,83.16,83.43,565314.86
2026-04-28 16:00:00,83.42,83.67,83.27,83.55,544223.5
2026-04-28 17:00:00,83.55,83.8,83.32,83.56,443497.06
2026-04-28 18:00:00,83.56,83.81,83.54,83.77,420798.16
2026-04-28 19:00:00,83.76,83.99,83.64,83.85,395741.08
2026-04-28 20:00:00,83.85,83.96,83.72,83.73,237976.74
2026-04-28 21:00:00,83.73,83.91,83.58,83.69,330210.38
2026-04-28 22:00:00,83.69,83.88,83.53,83.68,430845.78
2026-04-28 23:00:00,83.68,84.15,83.59,84.02,705980.4
2026-04-29 00:00:00,84.02,84.14,83.77,83.99,604327.09
2026-04-29 01:00:00,84.0,84.16,83.75,84.04,460678.31
2026-04-29 02:00:00,84.03,84.17,83.88,84.0,268022.91
2026-04-29 03:00:00,83.99,84.71,83.99,84.55,1006352.69
2026-04-29 04:00:00,84.54,85.04,84.39,84.9,1130740.67
2026-04-29 05:00:00,84.91,84.95,84.65,84.8,556248.67
2026-04-29 06:00:00,84.8,84.97,84.5,84.58,650731.61
2026-04-29 07:00:00,84.59,84.82,84.57,84.66,337681.72
2026-04-29 08:00:00,84.67,84.72,84.3,84.48,542315.62
2026-04-29 09:00:00,84.47,85.51,84.43,85.26,1326969.97
2026-04-29 10:00:00,85.26,85.53,85.08,85.1,921775.51
2026-04-29 11:00:00,85.11,85.13,84.75,84.87,832404.98
2026-04-29 12:00:00,84.87,84.87,83.88,84.2,1711282.21
2026-04-29 13:00:00,84.21,84.24,83.57,83.95,1365816.49
2026-04-29 14:00:00,83.94,84.0,83.59,83.78,789445.11
2026-04-29 15:00:00,83.79,83.88,82.91,83.2,2020395.68
2026-04-29 16:00:00,83.2,83.59,82.9,83.06,1366480.05
2026-04-29 17:00:00,83.07,83.34,82.68,83.31,1076275.39
2026-04-29 18:00:00,83.32,83.41,81.31,82.23,3863989.12
2026-04-29 19:00:00,82.24,82.31,81.92,82.13,848292.67
2026-04-29 20:00:00,82.13,82.78,82.09,82.58,1041229.97
2026-04-29 21:00:00,82.59,83.2,82.47,82.85,838090.94
2026-04-29 22:00:00,82.86,83.09,82.75,83.03,406577.79
2026-04-29 23:00:00,83.02,83.07,82.78,83.01,413791.22
2026-04-30 00:00:00,83.02,83.99,83.01,83.77,1357650.73
2026-04-30 01:00:00,83.78,83.99,83.62,83.71,553966.91
2026-04-30 02:00:00,83.72,83.93,82.64,82.95,1017889.74
2026-04-30 03:00:00,82.94,83.21,82.8,83.02,320425.88
2026-04-30 04:00:00,83.02,83.05,82.32,82.36,519694.71
2026-04-30 05:00:00,82.36,82.75,82.1,82.54,654476.17
2026-04-30 06:00:00,82.53,83.02,82.49,82.9,424353.69
2026-04-30 07:00:00,82.89,83.36,82.84,83.32,561823.5
2026-04-30 08:00:00,83.31,83.39,83.08,83.09,482422.9
2026-04-30 09:00:00,83.08,83.55,83.02,83.09,452013.59
2026-04-30 10:00:00,83.1,83.19,82.88,82.97,323203.86
2026-04-30 11:00:00,82.96,83.36,82.75,82.98,577256.73
2026-04-30 12:00:00,82.97,83.45,82.95,83.18,598926.7
2026-04-30 13:00:00,83.17,83.53,82.81,83.16,784102.92
2026-04-30 14:00:00,83.17,83.38,82.63,83.19,984699.66
2026-04-30 15:00:00,83.18,83.8,82.98,83.3,781842.18
2026-04-30 16:00:00,83.3,83.4,82.89,82.97,375385.08
2026-04-30 17:00:00,82.97,83.1,82.82,83.0,367354.65
2026-04-30 18:00:00,83.0,83.27,82.94,83.02,403693.42
2026-04-30 19:00:00,83.01,83.26,82.97,82.99,359177.57
2026-04-30 20:00:00,82.99,83.16,82.93,83.05,178992.37
2026-04-30 21:00:00,83.05,83.11,82.79,82.83,171526.29
2026-04-30 22:00:00,82.82,83.0,82.74,82.81,228950.22
2026-04-30 23:00:00,82.81,83.06,82.8,83.04,183026.07
2026-05-01 00:00:00,83.04,83.38,83.02,83.16,417159.4
2026-05-01 01:00:00,83.15,83.64,83.15,83.57,358244.5
2026-05-01 02:00:00,83.57,83.79,83.4,83.57,555865.36
2026-05-01 03:00:00,83.58,84.37,83.52,83.85,1097269.39
2026-05-01 04:00:00,83.85,84.03,83.62,83.78,469222.58
2026-05-01 05:00:00,83.77,84.2,83.7,84.01,539588.33
2026-05-01 06:00:00,84.01,84.14,83.65,83.8,405005.77
2026-05-01 07:00:00,83.81,83.94,83.62,83.9,807793.89
2026-05-01 08:00:00,83.91,84.28,83.85,84.13,512523.01
2026-05-01 09:00:00,84.14,84.15,83.88,83.92,417813.43
2026-05-01 10:00:00,83.92,84.05,83.67,83.9,332236.49
2026-05-01 11:00:00,83.91,84.18,83.82,83.98,268871.94
2026-05-01 12:00:00,83.97,84.55,83.87,84.24,952137.42
2026-05-01 13:00:00,84.23,84.82,84.19,84.56,1181999.7
2026-05-01 14:00:00,84.57,84.7,83.81,84.18,1196662.31
2026-05-01 15:00:00,84.18,84.59,83.97,84.42,916796.38
2026-05-01 16:00:00,84.42,84.6,83.91,83.96,842223.14
2026-05-01 17:00:00,83.97,84.26,83.88,84.19,496339.71
2026-05-01 18:00:00,84.19,84.28,83.94,83.95,328893.3
2026-05-01 19:00:00,83.95,84.04,83.75,83.86,402238.11
2026-05-01 20:00:00,83.85,83.9,83.28,83.46,609307.75
2026-05-01 21:00:00,83.45,83.79,83.37,83.68,386520.72
2026-05-01 22:00:00,83.68,83.85,83.53,83.71,321139.24
2026-05-01 23:00:00,83.71,83.84,83.51,83.7,321422.74
2026-05-02 00:00:00,83.7,83.83,83.39,83.78,573585.4
2026-05-02 01:00:00,83.79,84.03,83.71,83.99,309405.59
2026-05-02 02:00:00,84.0,84.16,83.82,83.89,510535.89
2026-05-02 03:00:00,83.88,83.93,83.64,83.76,244574.51
2026-05-02 04:00:00,83.76,83.79,83.5,83.58,277586.08
2026-05-02 05:00:00,83.59,83.7,83.48,83.65,311869.24
2026-05-02 06:00:00,83.66,83.81,83.52,83.77,185377.98
2026-05-02 07:00:00,83.78,83.82,83.65,83.67,153732.13
2026-05-02 08:00:00,83.68,83.84,83.58,83.79,160572.01
2026-05-02 09:00:00,83.79,84.11,83.77,83.95,479494.38
2026-05-02 10:00:00,83.95,83.97,83.81,83.89,145924.83
2026-05-02 11:00:00,83.89,83.89,83.47,83.64,439620.84
2026-05-02 12:00:00,83.64,84.05,83.62,83.8,764199.31
2026-05-02 13:00:00,83.8,84.04,83.8,83.89,322856.77
2026-05-02 14:00:00,83.89,84.05,83.86,83.93,267563.76
2026-05-02 15:00:00,83.92,84.03,83.88,83.99,159808.54
2026-05-02 16:00:00,83.99,84.23,83.97,84.15,394808.59
2026-05-02 17:00:00,84.14,84.16,83.95,84.0,245351.57
2026-05-02 18:00:00,84.0,84.17,83.89,84.14,206798.42
2026-05-02 19:00:00,84.13,84.28,84.11,84.19,158926.73
2026-05-02 20:00:00,84.18,84.19,84.05,84.16,99247.41
2026-05-02 21:00:00,84.15,84.96,84.11,84.51,889938.29
2026-05-02 22:00:00,84.5,84.61,84.01,84.42,662174.53
2026-05-02 23:00:00,84.42,84.47,84.16,84.23,364061.73
2026-05-03 00:00:00,84.23,84.27,83.76,84.05,700611.82
2026-05-03 01:00:00,84.04,84.05,83.69,83.7,380669.53
2026-05-03 02:00:00,83.7,83.79,83.56,83.63,448155.57
2026-05-03 03:00:00,83.64,83.71,83.53,83.61,262255.85
2026-05-03 04:00:00,83.61,83.7,83.52,83.65,372148.64
2026-05-03 05:00:00,83.65,83.79,83.61,83.7,188241.49
2026-05-03 06:00:00,83.7,83.83,83.53,83.7,252438.14
2026-05-03 07:00:00,83.7,83.97,83.7,83.82,372491.78
2026-05-03 08:00:00,83.83,83.98,83.76,83.83,216712.72
2026-05-03 09:00:00,83.84,84.08,83.81,84.0,450327.64
2026-05-03 10:00:00,84.0,84.01,83.76,83.77,201129.86
2026-05-03 11:00:00,83.76,84.16,83.68,83.9,574533.24
2026-05-03 12:00:00,83.91,84.2,83.91,84.06,299322.39
2026-05-03 13:00:00,84.05,84.17,83.93,84.05,290671.95
2026-05-03 14:00:00,84.04,84.41,84.04,84.31,424465.55
2026-05-03 15:00:00,84.32,84.39,84.06,84.12,272625.11
2026-05-03 16:00:00,84.11,84.27,83.95,84.1,333348.05
2026-05-03 17:00:00,84.11,84.29,83.95,84.16,279542.99
2026-05-03 18:00:00,84.16,84.29,84.06,84.23,154948.75
2026-05-03 19:00:00,84.22,84.47,84.2,84.34,232703.49
2026-05-03 20:00:00,84.33,84.7,84.21,84.3,468378.74
2026-05-03 21:00:00,84.29,84.42,83.8,84.1,476018.08
2026-05-03 22:00:00,84.1,84.95,84.1,84.64,1201504.82
2026-05-03 23:00:00,84.64,84.75,83.81,83.87,750752.46
2026-05-04 00:00:00,83.86,83.86,83.29,83.75,1061733.18
2026-05-04 01:00:00,83.75,84.91,83.37,84.73,1979701.12
2026-05-04 02:00:00,84.73,85.62,84.7,85.22,3116984.52
2026-05-04 03:00:00,85.21,85.56,85.07,85.38,822754.03
2026-05-04 04:00:00,85.38,85.88,85.35,85.74,1416919.75
2026-05-04 05:00:00,85.74,85.78,85.32,85.35,1159054.42
2026-05-04 06:00:00,85.36,85.39,84.46,84.83,1537031.72
2026-05-04 07:00:00,84.84,84.99,84.62,84.84,415935.33
2026-05-04 08:00:00,84.84,84.87,84.57,84.72,522226.83
2026-05-04 09:00:00,84.72,85.16,84.63,84.99,481365.47
2026-05-04 10:00:00,85.0,85.04,83.18,84.0,3811864.55
2026-05-04 11:00:00,83.99,84.1,83.78,83.9,694940.75
2026-05-04 12:00:00,83.9,84.11,83.8,83.83,708106.13
2026-05-04 13:00:00,83.84,84.3,83.51,83.95,967502.65
2026-05-04 14:00:00,83.95,85.3,83.73,84.95,1938102.96
2026-05-04 15:00:00,84.96,85.15,83.88,84.45,2311059.8
2026-05-04 16:00:00,84.45,84.76,83.93,84.44,1323793.99
2026-05-04 17:00:00,84.45,85.17,84.44,84.91,925270.67
2026-05-04 18:00:00,84.9,85.03,84.54,84.72,666622.28
2026-05-04 19:00:00,84.71,84.74,84.33,84.43,453780.42
2026-05-04 20:00:00,84.42,84.43,84.01,84.04,439819.35
2026-05-04 21:00:00,84.04,84.47,84.03,84.39,417952.8
2026-05-04 22:00:00,84.38,84.52,84.12,84.16,351735.32
2026-05-04 23:00:00,84.17,84.18,83.96,84.05,332484.42
2026-05-05 00:00:00,84.05,84.33,83.98,84.26,403160.81
2026-05-05 01:00:00,84.26,84.42,84.09,84.36,350699.25
2026-05-05 02:00:00,84.36,84.76,84.29,84.47,709957.91
2026-05-05 03:00:00,84.47,84.94,84.36,84.73,609127.57
2026-05-05 04:00:00,84.72,84.87,84.54,84.74,604939.64
2026-05-05 05:00:00,84.74,85.1,84.68,84.9,830480.52
2026-05-05 06:00:00,84.89,84.97,84.52,84.95,728003.8
2026-05-05 07:00:00,84.96,85.04,84.74,84.83,620868.56
2026-05-05 08:00:00,84.83,84.87,84.65,84.75,371569.07
2026-05-05 09:00:00,84.75,84.76,84.4,84.52,422778.28
2026-05-05 10:00:00,84.52,84.91,84.39,84.87,502438.9
2026-05-05 11:00:00,84.87,84.97,84.64,84.93,432312.23
2026-05-05 12:00:00,84.93,85.33,84.86,85.27,707110.04
2026-05-05 13:00:00,85.27,86.08,85.26,85.58,2757438.79
2026-05-05 14:00:00,85.59,85.72,85.14,85.46,1354059.78
2026-05-05 15:00:00,85.45,85.86,85.31,85.47,1257277.18
2026-05-05 16:00:00,85.46,85.65,85.01,85.29,1023108.26
2026-05-05 17:00:00,85.28,85.5,85.06,85.42,438385.14
2026-05-05 18:00:00,85.42,85.85,85.39,85.84,595285.33
2026-05-05 19:00:00,85.83,86.53,85.76,86.47,1306306.44
2026-05-05 20:00:00,86.46,86.88,86.38,86.61,934982.29
2026-05-05 21:00:00,86.6,86.91,86.24,86.69,852577.82
2026-05-05 22:00:00,86.68,86.96,86.15,86.54,974043.39
2026-05-05 23:00:00,86.54,86.65,86.12,86.24,568936.11
2026-05-06 00:00:00,86.24,86.52,86.06,86.35,795930.07
2026-05-06 01:00:00,86.35,86.98,86.27,86.81,649461.68
2026-05-06 02:00:00,86.82,86.9,86.34,86.86,633181.61
2026-05-06 03:00:00,86.86,87.44,86.84,87.29,1137060.08
2026-05-06 04:00:00,87.28,87.39,86.61,86.75,808557.96
2026-05-06 05:00:00,86.75,87.42,86.7,87.36,871375.94
2026-05-06 06:00:00,87.36,87.5,87.11,87.44,712362.5
2026-05-06 07:00:00,87.44,87.87,87.4,87.65,772738.22
2026-05-06 08:00:00,87.66,89.21,87.6,88.99,1968435.5
2026-05-06 09:00:00,89.0,89.55,88.54,89.44,1708539.7
2026-05-06 10:00:00,89.44,89.66,89.17,89.34,1238245.92
2026-05-06 11:00:00,89.34,90.13,89.27,89.83,1414651.14
2026-05-06 12:00:00,89.84,89.94,89.45,89.63,1088593.5
2026-05-06 13:00:00,89.63,89.63,88.02,88.3,2736225.63
2026-05-06 14:00:00,88.3,88.84,87.43,88.35,2360381.89
2026-05-06 15:00:00,88.35,89.05,88.26,88.92,1046311.53
2026-05-06 16:00:00,88.91,89.48,88.53,89.13,1197500.19
2026-05-06 17:00:00,89.13,89.41,88.47,88.79,882612.34
2026-05-06 18:00:00,88.78,89.13,88.42,88.93,842442.66
2026-05-06 19:00:00,88.92,89.27,88.84,89.21,519865.33
2026-05-06 20:00:00,89.21,89.58,88.87,89.15,703399.97
2026-05-06 21:00:00,89.15,89.55,89.02,89.44,443440.57
2026-05-06 22:00:00,89.44,89.53,88.98,89.04,437380.78
2026-05-06 23:00:00,89.03,89.14,88.61,89.1,424222.04
2026-05-07 00:00:00,89.11,89.23,88.16,88.29,918038.25
2026-05-07 01:00:00,88.28,88.49,87.84,88.27,1125094.78
2026-05-07 02:00:00,88.26,88.34,87.76,88.11,581084.49
2026-05-07 03:00:00,88.1,88.11,87.47,87.72,802923.76
2026-05-07 04:00:00,87.72,88.33,87.64,88.33,645705.89
2026-05-07 05:00:00,88.33,88.87,88.29,88.62,904581.47
2026-05-07 06:00:00,88.63,89.26,88.17,89.23,1135538.87
2026-05-07 07:00:00,89.23,90.4,89.08,90.12,2016445.04
2026-05-07 08:00:00,90.12,90.23,89.42,89.53,1262678.95
2026-05-07 09:00:00,89.53,89.55,89.14,89.39,819530.77
2026-05-07 10:00:00,89.4,89.49,88.66,89.1,1126530.9
2026-05-07 11:00:00,89.11,89.66,89.11,89.5,716831.3
2026-05-07 12:00:00,89.5,90.06,89.45,89.7,831231.08
2026-05-07 13:00:00,89.71,89.71,88.31,88.61,2012506.9
2026-05-07 14:00:00,88.62,88.89,87.77,88.11,2117784.69
2026-05-07 15:00:00,88.1,88.54,87.75,88.28,1483727.92
2026-05-07 16:00:00,88.27,88.75,88.03,88.4,1272947.61
2026-05-07 17:00:00,88.4,88.83,87.91,88.75,999599.68
2026-05-07 18:00:00,88.75,89.02,88.19,88.53,1080898.83
2026-05-07 19:00:00,88.54,88.69,88.17,88.41,572227.88
2026-05-07 20:00:00,88.41,88.82,87.98,88.02,652169.79
2026-05-07 21:00:00,88.02,88.19,87.61,87.92,734232.98
2026-05-07 22:00:00,87.91,88.19,87.61,88.06,621300.23
2026-05-07 23:00:00,88.05,88.45,88.02,88.4,372203.6
2026-05-08 00:00:00,88.4,88.61,88.06,88.24,488245.19
2026-05-08 01:00:00,88.25,88.33,87.87,88.1,290651.78
2026-05-08 02:00:00,88.11,88.33,87.56,88.03,777999.52
2026-05-08 03:00:00,88.03,88.35,87.57,88.17,625900.93
2026-05-08 04:00:00,88.17,88.34,87.97,88.13,324457.78
2026-05-08 05:00:00,88.14,88.39,87.99,87.99,345387.1
2026-05-08 06:00:00,88.0,88.25,87.76,88.01,849375.76
2026-05-08 07:00:00,88.0,88.2,87.6,88.2,818599.52
2026-05-08 08:00:00,88.2,88.59,87.96,88.32,991722.7
2026-05-08 09:00:00,88.33,88.69,88.18,88.37,568643.99
2026-05-08 10:00:00,88.38,88.73,88.23,88.57,514763.68
2026-05-08 11:00:00,88.58,88.68,88.43,88.59,432301.65
2026-05-08 12:00:00,88.59,88.82,88.3,88.4,561571.71
2026-05-08 13:00:00,88.4,88.51,87.95,88.28,827675.14
2026-05-08 14:00:00,88.29,89.34,88.29,89.11,1496678.84
2026-05-08 15:00:00,89.1,89.56,88.36,89.55,1527006.8
2026-05-08 16:00:00,89.55,89.74,89.29,89.53,957433.98
2026-05-08 17:00:00,89.54,91.94,89.52,91.61,3538290.79
2026-05-08 18:00:00,91.61,92.53,91.6,92.28,1925576.96
2026-05-08 19:00:00,92.29,92.78,92.02,92.56,1507801.62
2026-05-08 20:00:00,92.57,92.64,91.99,92.08,824493.98
2026-05-08 21:00:00,92.09,92.36,91.71,92.26,721875.82
2026-05-08 22:00:00,92.27,92.68,92.21,92.26,604204.3
2026-05-08 23:00:00,92.25,92.27,91.71,91.97,580499.71
2026-05-09 00:00:00,91.96,92.57,91.8,92.42,785415.87
2026-05-09 01:00:00,92.41,93.8,92.38,93.45,1770371.43
2026-05-09 02:00:00,93.45,93.75,93.23,93.45,737972.4
2026-05-09 03:00:00,93.45,93.73,93.35,93.59,704315.99
2026-05-09 04:00:00,93.58,94.16,93.07,93.18,1311028.24
2026-05-09 05:00:00,93.18,93.74,92.78,93.7,1185885.25
2026-05-09 06:00:00,93.7,94.06,93.14,93.49,974548.22
2026-05-09 07:00:00,93.49,93.99,93.29,93.71,755977.21
2026-05-09 08:00:00,93.71,93.91,93.62,93.66,402265.75
2026-05-09 09:00:00,93.67,93.67,92.97,93.25,890469.92
2026-05-09 10:00:00,93.24,93.55,93.06,93.34,451231.73
2026-05-09 11:00:00,93.33,93.64,93.27,93.56,273555.49
2026-05-09 12:00:00,93.57,93.7,93.22,93.39,367746.11
2026-05-09 13:00:00,93.4,93.42,92.95,93.41,537503.67
2026-05-09 14:00:00,93.42,93.42,92.72,92.83,905097.72
2026-05-09 15:00:00,92.83,92.97,92.32,92.94,1137684.88
2026-05-09 16:00:00,92.95,93.26,92.62,92.71,1045690.16
2026-05-09 17:00:00,92.71,93.45,92.71,93.15,722329.95
2026-05-09 18:00:00,93.15,93.6,93.1,93.31,399534.97
2026-05-09 19:00:00,93.32,93.54,93.16,93.45,293584.89
2026-05-09 20:00:00,93.46,93.47,93.08,93.2,187417.73
2026-05-09 21:00:00,93.2,93.5,93.19,93.42,179486.69
2026-05-09 22:00:00,93.43,93.46,93.16,93.27,203035.86
2026-05-09 23:00:00,93.28,93.44,92.99,93.07,210816.72
2026-05-10 00:00:00,93.06,93.3,92.86,92.99,396235.62
2026-05-10 01:00:00,92.99,92.99,92.54,92.92,557219.91
2026-05-10 02:00:00,92.91,93.08,92.76,93.0,474245.79
2026-05-10 03:00:00,92.99,93.46,92.96,93.37,549481.32
2026-05-10 04:00:00,93.36,93.45,93.19,93.29,282628.66
2026-05-10 05:00:00,93.29,93.46,93.18,93.28,217355.53
2026-05-10 06:00:00,93.28,93.42,93.2,93.37,213148.51
2026-05-10 07:00:00,93.36,93.59,93.31,93.39,439133.71
2026-05-10 08:00:00,93.39,94.06,93.36,94.01,904135.84
2026-05-10 09:00:00,94.02,94.78,94.01,94.25,1491808.45
2026-05-10 10:00:00,94.26,94.34,93.4,93.8,1163872.4
2026-05-10 11:00:00,93.81,93.99,92.78,93.48,1289988.11
2026-05-10 12:00:00,93.49,93.57,93.12,93.25,446577.77
2026-05-10 13:00:00,93.25,93.9,93.18,93.71,1026754.45
2026-05-10 14:00:00,93.72,94.1,93.61,93.82,664835.82
2026-05-10 15:00:00,93.83,94.7,93.82,94.48,1353335.88
2026-05-10 16:00:00,94.49,94.97,94.12,94.77,1240008.48
2026-05-10 17:00:00,94.76,96.48,94.76,96.47,2796256.03
2026-05-10 18:00:00,96.46,96.88,96.08,96.39,1551640.95
2026-05-10 19:00:00,96.39,96.86,95.69,96.45,1387437.99
2026-05-10 20:00:00,96.44,96.57,93.37,94.47,2716193.06
2026-05-10 21:00:00,94.46,95.56,94.42,95.02,1349676.96
2026-05-10 22:00:00,95.01,96.34,94.83,96.19,1563868.97
2026-05-10 23:00:00,96.2,96.83,95.93,96.42,1205272.96
2026-05-11 00:00:00,96.42,96.63,95.28,95.76,1898107.24
2026-05-11 01:00:00,95.76,96.38,95.28,96.01,1192908.08
2026-05-11 02:00:00,96.01,96.11,95.14,95.28,971310.12
2026-05-11 03:00:00,95.28,95.31,94.41,94.72,1429819.88
2026-05-11 04:00:00,94.72,95.17,94.37,94.92,726979.19
2026-05-11 05:00:00,94.92,95.84,94.88,95.65,882573.72
2026-05-11 06:00:00,95.65,96.12,95.37,95.44,703453.83
2026-05-11 07:00:00,95.44,95.54,95.1,95.29,644864.58
2026-05-11 08:00:00,95.29,95.34,94.52,94.72,1027452.3
2026-05-11 09:00:00,94.72,95.32,94.71,95.24,523413.03
2026-05-11 10:00:00,95.24,95.55,94.98,95.01,689685.14
2026-05-11 11:00:00,95.01,95.47,94.85,95.21,521231.13
2026-05-11 12:00:00,95.22,95.35,94.59,94.74,1151364.65
2026-05-11 13:00:00,94.74,95.46,94.5,95.2,1835828.7
2026-05-11 14:00:00,95.19,95.86,94.25,95.11,2836707.23
2026-05-11 15:00:00,95.12,96.78,94.83,96.76,2473928.24
2026-05-11 16:00:00,96.77,97.97,96.44,97.29,3084717.75
2026-05-11 17:00:00,97.29,97.91,96.84,97.72,1277160.23
2026-05-11 18:00:00,97.73,98.07,97.21,97.24,1176039.13
2026-05-11 19:00:00,97.24,98.36,96.98,98.13,1082766.12
2026-05-11 20:00:00,98.13,98.34,97.55,97.58,705067.55
2026-05-11 21:00:00,97.58,97.77,97.27,97.33,404733.81
2026-05-11 22:00:00,97.34,97.81,97.31,97.59,435782.22
2026-05-11 23:00:00,97.6,97.6,97.03,97.31,555465.21
2026-05-12 00:00:00,97.32,97.63,97.12,97.45,485632.73
2026-05-12 01:00:00,97.46,97.61,95.47,96.22,2212769.33
2026-05-12 02:00:00,96.22,96.68,96.08,96.5,754078.91
2026-05-12 03:00:00,96.51,96.6,95.99,96.09,535216.37
2026-05-12 04:00:00,96.09,96.46,96.0,96.3,410505.07
2026-05-12 05:00:00,96.3,96.72,96.17,96.5,572784.07
2026-05-12 06:00:00,96.51,96.96,96.09,96.14,722748.57
2026-05-12 07:00:00,96.14,96.27,95.74,95.98,1001650.73
2026-05-12 08:00:00,95.98,96.09,95.26,95.6,1273217.12
2026-05-12 09:00:00,95.59,96.03,95.28,95.74,935956.82
2026-05-12 10:00:00,95.74,95.94,94.86,94.96,1344835.91
2026-05-12 11:00:00,94.97,95.01,94.52,94.92,1186873.96
2026-05-12 12:00:00,94.92,95.52,94.32,95.16,2153850.45
2026-05-12 13:00:00,95.16,95.35,94.47,94.67,1229374.95
2026-05-12 14:00:00,94.67,95.2,94.34,94.52,1306392.29
2026-05-12 15:00:00,94.52,94.75,93.56,93.82,2143671.25
2026-05-12 16:00:00,93.82,94.28,93.55,93.81,986868.42
2026-05-12 17:00:00,93.81,94.66,93.8,94.48,919623.09
2026-05-12 18:00:00,94.48,94.8,94.3,94.51,628269.26
2026-05-12 19:00:00,94.52,94.97,94.52,94.88,602094.72
2026-05-12 20:00:00,94.89,94.94,94.57,94.7,381370.14
2026-05-12 21:00:00,94.71,94.82,94.47,94.63,205769.19
2026-05-12 22:00:00,94.63,95.02,94.59,94.63,240097.57
2026-05-12 23:00:00,94.62,94.73,94.16,94.25,382756.07
2026-05-13 00:00:00,94.25,94.61,94.0,94.43,544010.14
2026-05-13 01:00:00,94.43,95.4,94.42,95.13,1009963.8
2026-05-13 02:00:00,95.13,95.54,94.96,95.2,440902.62
2026-05-13 03:00:00,95.2,95.54,95.02,95.52,372245.32
2026-05-13 04:00:00,95.52,95.97,95.37,95.44,829347.58
2026-05-13 05:00:00,95.43,95.46,95.03,95.21,627176.06
2026-05-13 06:00:00,95.21,95.66,95.05,95.08,699171.18
2026-05-13 07:00:00,95.07,95.26,94.82,95.09,506209.96
2026-05-13 08:00:00,95.09,95.72,94.95,95.51,574412.01
2026-05-13 09:00:00,95.52,95.84,95.51,95.66,596791.9
2026-05-13 10:00:00,95.66,95.71,94.67,94.73,832860.12
2026-05-13 11:00:00,94.73,94.78,94.18,94.27,1173152.06
2026-05-13 12:00:00,94.27,94.58,91.62,93.11,4230515.24
2026-05-13 13:00:00,93.1,93.39,91.89,92.23,2553020.72
2026-05-13 14:00:00,92.24,92.29,90.64,91.71,3228030.87
2026-05-13 15:00:00,91.72,91.88,90.2,90.37,3064181.53
2026-05-13 16:00:00,90.38,91.21,90.34,90.79,2229279.12
2026-05-13 17:00:00,90.8,91.08,90.63,90.83,1029602.12
2026-05-13 18:00:00,90.84,91.36,90.7,90.86,928426.27
2026-05-13 19:00:00,90.87,90.96,90.42,90.9,1256355.77
2026-05-13 20:00:00,90.9,91.29,90.86,91.17,1022158.37
2026-05-13 21:00:00,91.17,91.22,90.66,90.82,984394.69
2026-05-13 22:00:00,90.82,91.19,90.57,91.11,1117337.73
2026-05-13 23:00:00,91.12,91.28,90.98,91.11,762805.88
2026-05-14 00:00:00,91.11,91.38,91.01,91.16,1332766.0
2026-05-14 01:00:00,91.15,91.32,90.93,91.11,1215591.53
2026-05-14 02:00:00,91.11,91.22,90.4,90.52,1243509.1
2026-05-14 03:00:00,90.53,90.74,89.73,89.89,2930905.12
2026-05-14 04:00:00,89.89,90.58,89.81,90.43,1503317.34
2026-05-14 05:00:00,90.43,91.43,90.35,91.24,1528572.01
2026-05-14 06:00:00,91.23,91.43,91.09,91.35,768191.2
2026-05-14 07:00:00,91.35,91.65,90.63,90.83,1531289.01
2026-05-14 08:00:00,90.83,91.26,90.62,91.0,546125.59
2026-05-14 09:00:00,91.01,91.1,90.52,90.8,425208.64
2026-05-14 10:00:00,90.8,91.09,90.6,90.99,442997.05
2026-05-14 11:00:00,90.99,91.05,90.56,90.58,352731.58
2026-05-14 12:00:00,90.58,91.24,90.46,91.16,590577.53
2026-05-14 13:00:00,91.16,91.43,90.67,90.73,953359.66
2026-05-14 14:00:00,90.72,92.27,90.56,92.23,1985180.26
2026-05-14 15:00:00,92.23,93.21,91.86,93.1,2043454.19
2026-05-14 16:00:00,93.11,93.64,92.26,93.27,2372795.3
2026-05-14 17:00:00,93.27,93.54,92.24,92.98,1746777.54
2026-05-14 18:00:00,92.97,93.6,92.65,93.38,1098991.73
2026-05-14 19:00:00,93.39,93.6,92.73,92.85,625808.81
2026-05-14 20:00:00,92.86,92.95,92.3,92.69,544768.85
2026-05-14 21:00:00,92.69,92.91,92.49,92.67,272913.19
2026-05-14 22:00:00,92.67,92.87,92.55,92.6,256813.49
2026-05-14 23:00:00,92.59,92.61,92.07,92.11,588478.59
2026-05-15 00:00:00,92.11,92.62,92.04,92.36,737419.31
2026-05-15 01:00:00,92.37,92.5,91.61,91.69,828579.63
2026-05-15 02:00:00,91.7,92.41,91.41,92.31,1556258.92
2026-05-15 03:00:00,92.32,92.45,91.82,92.0,389018.0
2026-05-15 04:00:00,92.0,92.0,91.19,91.23,709352.5
2026-05-15 05:00:00,91.23,91.49,90.21,90.55,1506461.93
2026-05-15 06:00:00,90.54,91.04,90.41,90.97,715597.18
2026-05-15 07:00:00,90.97,91.69,90.88,91.56,1490255.7
2026-05-15 08:00:00,91.57,91.61,90.92,91.23,876455.77
2026-05-15 09:00:00,91.24,91.36,90.87,91.13,762459.3
2026-05-15 10:00:00,91.13,91.54,90.96,91.42,627900.16
2026-05-15 11:00:00,91.43,91.5,91.11,91.21,281622.79
2026-05-15 12:00:00,91.21,91.23,90.5,90.62,826838.75
2026-05-15 13:00:00,90.63,90.63,88.63,88.86,3471771.97
2026-05-15 14:00:00,88.87,89.5,88.47,89.0,2174284.69
2026-05-15 15:00:00,89.0,89.24,88.65,89.0,720037.59
2026-05-15 16:00:00,89.01,89.67,88.75,89.47,1009139.38
2026-05-15 17:00:00,89.47,89.88,89.44,89.79,541144.9
2026-05-15 18:00:00,89.78,90.07,89.43,89.76,587587.29
2026-05-15 19:00:00,89.76,89.76,89.3,89.36,567006.84
2026-05-15 20:00:00,89.36,89.48,89.04,89.25,399041.64
2026-05-15 21:00:00,89.24,89.4,88.92,89.02,330152.87
2026-05-15 22:00:00,89.01,89.32,89.01,89.29,200198.74
2026-05-15 23:00:00,89.3,89.36,89.16,89.2,174614.54
2026-05-16 00:00:00,89.19,89.42,89.09,89.19,245554.73
2026-05-16 01:00:00,89.18,89.32,88.9,89.27,454987.51
2026-05-16 02:00:00,89.27,89.36,88.94,89.16,311389.21
2026-05-16 03:00:00,89.15,89.23,88.95,89.01,178936.44
2026-05-16 04:00:00,89.0,89.04,88.08,88.82,1054732.57
2026-05-16 05:00:00,88.82,88.88,88.23,88.53,642537.91
2026-05-16 06:00:00,88.54,88.61,87.72,87.97,945788.61
2026-05-16 07:00:00,87.97,87.98,86.62,87.42,2045401.95
2026-05-16 08:00:00,87.41,87.58,87.31,87.44,393843.22
2026-05-16 09:00:00,87.43,87.47,85.6,85.98,3329773.98
2026-05-16 10:00:00,85.97,86.09,85.44,85.94,1216129.67
2026-05-16 11:00:00,85.95,86.26,85.94,86.04,577352.77
2026-05-16 12:00:00,86.04,86.39,85.94,86.18,563552.62
2026-05-16 13:00:00,86.19,86.3,86.03,86.21,421475.28
2026-05-16 14:00:00,86.21,86.67,86.0,86.33,785158.06
2026-05-16 15:00:00,86.32,86.61,86.2,86.42,521075.41
2026-05-16 16:00:00,86.42,86.73,86.3,86.57,695864.73
2026-05-16 17:00:00,86.58,86.91,86.56,86.75,334385.14
2026-05-16 18:00:00,86.75,86.92,86.54,86.75,246551.37
2026-05-16 19:00:00,86.75,86.8,86.6,86.65,200574.5
2026-05-16 20:00:00,86.64,86.85,86.62,86.63,171945.01
2026-05-16 21:00:00,86.62,86.74,86.42,86.53,195130.78
2026-05-16 22:00:00,86.53,86.65,86.38,86.49,159511.84
2026-05-16 23:00:00,86.48,86.65,86.43,86.48,132413.01
2026-05-17 00:00:00,86.48,86.68,85.91,86.09,522718.83
2026-05-17 01:00:00,86.08,86.3,85.51,85.7,1083639.2
2026-05-17 02:00:00,85.69,86.2,85.69,85.94,633682.39
2026-05-17 03:00:00,85.94,86.6,85.93,86.46,396153.89
2026-05-17 04:00:00,86.47,86.93,86.41,86.8,442092.13
2026-05-17 05:00:00,86.8,87.25,86.79,86.86,513436.23
2026-05-17 06:00:00,86.87,86.97,86.66,86.79,335422.66
2026-05-17 07:00:00,86.8,87.06,86.72,86.92,362445.6
2026-05-17 08:00:00,86.92,86.97,86.51,86.76,522892.27
2026-05-17 09:00:00,86.77,86.95,86.64,86.82,419419.94
2026-05-17 10:00:00,86.83,87.22,86.75,86.93,903352.33
2026-05-17 11:00:00,86.94,86.96,86.72,86.84,328062.81
2026-05-17 12:00:00,86.84,86.97,86.66,86.7,285034.53
2026-05-17 13:00:00,86.7,86.73,86.23,86.35,639623.54
2026-05-17 14:00:00,86.34,86.41,85.89,86.25,783436.87
2026-05-17 15:00:00,86.25,86.45,86.1,86.39,312524.1
2026-05-17 16:00:00,86.4,86.64,86.05,86.25,413312.73
2026-05-17 17:00:00,86.25,86.31,85.94,86.2,416086.86
2026-05-17 18:00:00,86.2,86.39,85.96,86.37,241647.46
2026-05-17 19:00:00,86.37,86.9,86.37,86.74,360890.32
2026-05-17 20:00:00,86.75,86.81,86.51,86.62,229663.31
2026-05-17 21:00:00,86.62,86.92,86.53,86.87,279402.49
2026-05-17 22:00:00,86.87,86.87,85.94,86.17,725126.35
2026-05-17 23:00:00,86.18,86.19,83.31,85.17,3717386.7
2026-05-18 00:00:00,85.18,85.31,84.31,85.29,1616856.94
2026-05-18 01:00:00,85.3,85.43,84.47,84.94,1145471.85
2026-05-18 02:00:00,84.94,85.31,84.64,84.83,660229.2
2026-05-18 03:00:00,84.83,85.21,84.67,84.79,442394.12
2026-05-18 04:00:00,84.79,85.27,84.54,85.21,572436.09
2026-05-18 05:00:00,85.2,85.33,84.6,84.82,796425.33
2026-05-18 06:00:00,84.81,84.94,84.21,84.69,1190802.74
2026-05-18 07:00:00,84.7,84.97,84.35,84.7,616339.52
2026-05-18 08:00:00,84.71,84.98,84.56,84.86,461957.59
2026-05-18 09:00:00,84.85,84.88,84.41,84.43,295079.88
2026-05-18 10:00:00,84.44,84.48,84.15,84.24,726557.06
2026-05-18 11:00:00,84.24,85.28,84.02,84.93,1010691.99
2026-05-18 12:00:00,84.93,85.75,84.93,85.52,1227060.14
2026-05-18 13:00:00,85.53,85.53,84.26,84.64,1495967.7
2026-05-18 14:00:00,84.65,84.65,83.65,83.93,1791782.9
2026-05-18 15:00:00,83.94,84.36,83.55,84.17,1193464.17
2026-05-18 16:00:00,84.18,84.48,83.92,84.28,904645.61
2026-05-18 17:00:00,84.28,84.66,84.19,84.35,483344.63
2026-05-18 18:00:00,84.35,84.4,83.43,83.47,1050112.66
2026-05-18 19:00:00,83.48,85.2,83.44,84.95,1446736.47
2026-05-18 20:00:00,84.96,85.38,84.78,84.88,639244.44
2026-05-18 21:00:00,84.87,85.64,84.73,85.52,520401.54
2026-05-18 22:00:00,85.53,85.74,85.22,85.42,432542.02
2026-05-18 23:00:00,85.42,85.6,85.21,85.34,256084.29
2026-05-19 00:00:00,85.34,85.94,85.28,85.54,561695.61
2026-05-19 01:00:00,85.54,85.56,84.84,84.86,525092.48
2026-05-19 02:00:00,84.85,85.26,84.55,84.81,525520.4
2026-05-19 03:00:00,84.81,85.2,84.67,85.03,231659.09
2026-05-19 04:00:00,85.03,85.27,84.74,85.1,474366.3
2026-05-19 05:00:00,85.11,85.24,84.41,85.13,762435.43
2026-05-19 06:00:00,85.13,85.54,85.07,85.22,491586.69
2026-05-19 07:00:00,85.21,85.59,85.08,85.43,384762.71
2026-05-19 08:00:00,85.44,85.55,84.97,85.17,599679.26
2026-05-19 09:00:00,85.17,85.26,84.42,84.7,814816.29
2026-05-19 10:00:00,84.7,84.83,84.25,84.65,506673.07
2026-05-19 11:00:00,84.66,84.77,84.21,84.32,462489.22
2026-05-19 12:00:00,84.32,84.75,84.23,84.72,427341.47
2026-05-19 13:00:00,84.73,85.07,84.32,84.75,783965.72
2026-05-19 14:00:00,84.75,84.91,83.62,84.04,1428255.11
2026-05-19 15:00:00,84.05,84.53,83.96,84.33,589386.94
2026-05-19 16:00:00,84.33,84.86,84.09,84.79,479086.38
2026-05-19 17:00:00,84.79,85.0,84.42,84.63,482008.07
2026-05-19 18:00:00,84.64,84.78,84.19,84.32,396238.72
2026-05-19 19:00:00,84.33,84.71,84.17,84.3,314253.52
2026-05-19 20:00:00,84.3,84.55,84.25,84.48,220805.08
2026-05-19 21:00:00,84.48,84.62,84.35,84.39,189260.22
2026-05-19 22:00:00,84.39,84.39,83.93,84.05,411838.44
2026-05-19 23:00:00,84.05,84.56,83.98,84.24,245788.91
2026-05-20 00:00:00,84.25,84.37,83.86,84.19,402208.97
2026-05-20 01:00:00,84.19,84.5,83.79,84.32,512192.29
2026-05-20 02:00:00,84.33,84.45,83.87,83.95,511010.81
2026-05-20 03:00:00,83.95,84.23,83.81,84.05,292469.29
2026-05-20 04:00:00,84.06,84.18,83.83,84.18,258768.35
2026-05-20 05:00:00,84.18,84.92,84.17,84.72,800930.25
2026-05-20 06:00:00,84.73,84.97,84.67,84.93,395675.69
2026-05-20 07:00:00,84.94,85.09,84.64,84.71,418233.78
2026-05-20 08:00:00,84.71,85.14,84.66,84.94,401199.97
2026-05-20 09:00:00,84.94,85.04,84.78,84.84,226434.18
2026-05-20 10:00:00,84.83,85.16,84.82,84.91,273149.26
2026-05-20 11:00:00,84.91,84.99,84.52,84.65,374029.56
2026-05-20 12:00:00,84.65,85.3,84.56,85.06,512839.07
2026-05-20 13:00:00,85.06,85.12,84.11,84.62,1030051.88
2026-05-20 14:00:00,84.63,86.21,84.28,85.81,2770022.03
2026-05-20 15:00:00,85.8,86.24,85.36,85.89,1909074.91
2026-05-20 16:00:00,85.89,86.79,85.48,86.43,2319733.8
2026-05-20 17:00:00,86.44,87.05,86.26,86.48,1099024.87
2026-05-20 18:00:00,86.48,86.54,85.64,85.78,896853.99
2026-05-20 19:00:00,85.79,86.26,85.57,86.13,527603.12
2026-05-20 20:00:00,86.13,86.21,85.5,86.13,656154.49
2026-05-20 21:00:00,86.12,86.3,85.89,85.93,315568.8
2026-05-20 22:00:00,85.93,86.18,85.55,85.98,515430.21
2026-05-20 23:00:00,85.97,86.12,85.81,86.11,268624.33
2026-05-21 00:00:00,86.11,86.79,86.04,86.58,533738.35
2026-05-21 01:00:00,86.58,87.0,86.39,86.49,682569.91
2026-05-21 02:00:00,86.5,86.86,86.39,86.57,290546.01
2026-05-21 03:00:00,86.57,86.89,86.49,86.8,621765.72
2026-05-21 04:00:00,86.8,87.17,86.71,86.95,865427.25
2026-05-21 05:00:00,86.95,87.08,86.29,86.46,764511.08
2026-05-21 06:00:00,86.46,86.56,86.14,86.27,588938.4
2026-05-21 07:00:00,86.26,86.69,86.21,86.58,470267.74
2026-05-21 08:00:00,86.58,87.16,86.58,86.79,1016545.03
2026-05-21 09:00:00,86.79,87.0,86.4,86.45,464888.49
2026-05-21 10:00:00,86.44,86.63,85.65,85.71,1086636.07
2026-05-21 11:00:00,85.7,85.9,85.52,85.54,534541.81
2026-05-21 12:00:00,85.54,85.81,85.36,85.71,758358.86
2026-05-21 13:00:00,85.7,86.09,85.26,86.02,1193467.3
2026-05-21 14:00:00,86.02,86.45,85.56,85.95,1496526.01
2026-05-21 15:00:00,85.95,86.86,85.85,86.41,1266129.35
2026-05-21 16:00:00,86.42,86.56,86.0,86.22,679166.9
2026-05-21 17:00:00,86.22,88.02,86.13,87.58,3038852.22
2026-05-21 18:00:00,87.58,87.76,86.73,87.04,1113092.35
2026-05-21 19:00:00,87.03,87.85,87.02,87.8,695469.11
2026-05-21 20:00:00,87.81,87.9,87.46,87.52,405863.33
2026-05-21 21:00:00,87.53,87.68,87.25,87.32,395854.54
2026-05-21 22:00:00,87.31,87.46,87.09,87.14,268761.96
2026-05-21 23:00:00,87.15,87.35,86.96,87.32,328021.17
2026-05-22 00:00:00,87.31,87.32,86.76,86.81,461112.35
2026-05-22 01:00:00,86.8,87.06,86.53,87.02,361882.95
2026-05-22 02:00:00,87.03,87.2,86.94,87.12,263569.76
2026-05-22 03:00:00,87.12,87.27,86.87,86.98,254423.84
2026-05-22 04:00:00,86.99,87.34,86.87,86.92,301426.29
2026-05-22 05:00:00,86.93,87.11,86.67,86.77,362423.74
2026-05-22 06:00:00,86.76,86.8,86.45,86.66,633297.77
2026-05-22 07:00:00,86.67,87.11,86.48,86.94,626971.16
2026-05-22 08:00:00,86.94,87.48,86.81,87.09,874944.29
2026-05-22 09:00:00,87.09,87.36,87.0,87.21,381578.48
2026-05-22 10:00:00,87.21,87.24,86.8,86.94,332188.91
2026-05-22 11:00:00,86.94,87.3,86.67,87.29,443384.73
2026-05-22 12:00:00,87.29,87.75,87.2,87.73,689535.37
2026-05-22 13:00:00,87.72,87.82,87.04,87.35,836986.58
2026-05-22 14:00:00,87.35,87.35,86.29,86.56,1510523.39
2026-05-22 15:00:00,86.56,86.94,86.21,86.71,828748.51
2026-05-22 16:00:00,86.71,86.99,86.6,86.88,407070.19
2026-05-22 17:00:00,86.89,87.15,86.45,86.6,804185.65
2026-05-22 18:00:00,86.6,86.65,84.51,85.42,2417999.39
2026-05-22 19:00:00,85.42,85.59,83.91,84.51,2661316.58
2026-05-22 20:00:00,84.51,85.03,84.51,84.95,796278.63
2026-05-22 21:00:00,84.96,85.26,84.87,85.12,411753.08
2026-05-22 22:00:00,85.12,85.18,84.72,84.92,350353.43
2026-05-22 23:00:00,84.92,85.11,83.92,84.36,865717.65
2026-05-23 00:00:00,84.36,84.53,84.01,84.38,893799.33
2026-05-23 01:00:00,84.39,84.61,84.27,84.47,312124.63
2026-05-23 02:00:00,84.47,84.54,84.15,84.48,397739.69
2026-05-23 03:00:00,84.48,84.71,84.43,84.64,245941.01
2026-05-23 04:00:00,84.63,84.66,84.28,84.35,295517.61
2026-05-23 05:00:00,84.36,84.42,84.11,84.4,359750.98
2026-05-23 06:00:00,84.41,84.45,84.12,84.2,273557.64
2026-05-23 07:00:00,84.2,84.27,81.36,82.19,4814032.97
2026-05-23 08:00:00,82.19,82.3,81.63,82.07,2471766.37
2026-05-23 09:00:00,82.06,82.22,81.9,81.92,590386.73
2026-05-23 10:00:00,81.92,82.3,81.92,82.17,328813.59
2026-05-23 11:00:00,82.18,82.4,82.14,82.2,378957.01
2026-05-23 12:00:00,82.21,82.49,82.07,82.41,374415.76
2026-05-23 13:00:00,82.4,83.48,82.4,83.15,1392490.52
2026-05-23 14:00:00,83.16,84.43,83.01,84.07,1688415.45
2026-05-23 15:00:00,84.08,84.49,83.58,84.05,1688662.26
2026-05-23 16:00:00,84.05,84.26,83.87,84.06,706416.6
2026-05-23 17:00:00,84.06,84.31,83.93,84.17,369911.17
2026-05-23 18:00:00,84.17,85.1,84.12,84.66,1411465.05
2026-05-23 19:00:00,84.67,85.07,84.56,84.91,674435.22
2026-05-23 20:00:00,84.91,87.05,84.72,87.03,2297637.66
2026-05-23 21:00:00,87.04,87.51,85.92,86.23,1799754.08
2026-05-23 22:00:00,86.24,86.57,85.45,85.76,843873.2
2026-05-23 23:00:00,85.77,85.89,85.59,85.71,404273.52
2026-05-24 00:00:00,85.72,86.0,85.56,85.85,451926.25
2026-05-24 01:00:00,85.84,86.19,85.81,85.96,521688.17
2026-05-24 02:00:00,85.97,86.07,85.68,85.92,380301.15
2026-05-24 03:00:00,85.92,86.09,85.57,85.76,360786.98
2026-05-24 04:00:00,85.77,86.07,85.73,85.88,477005.79
2026-05-24 05:00:00,85.88,86.13,85.53,86.13,525454.85
2026-05-24 06:00:00,86.12,86.46,85.88,86.41,422367.75
2026-05-24 07:00:00,86.41,86.77,85.96,86.02,792290.23
2026-05-24 08:00:00,86.03,86.49,85.96,86.46,474842.42
2026-05-24 09:00:00,86.46,87.23,86.3,86.5,1023915.77
2026-05-24 10:00:00,86.51,86.7,86.19,86.45,739073.53
2026-05-24 11:00:00,86.45,86.94,86.38,86.61,717494.29
2026-05-24 12:00:00,86.62,86.65,86.12,86.3,405465.71
2026-05-24 13:00:00,86.3,86.4,85.67,85.87,726063.66
2026-05-24 14:00:00,85.87,85.98,84.38,85.22,1668766.24
2026-05-24 15:00:00,85.22,85.42,85.09,85.26,468335.33
2026-05-24 16:00:00,85.26,85.89,85.13,85.6,908899.19
2026-05-24 17:00:00,85.6,85.76,85.44,85.61,381050.74
2026-05-24 18:00:00,85.61,85.64,85.21,85.36,687131.58
2026-05-24 19:00:00,85.36,85.47,85.17,85.32,212664.62
2026-05-24 20:00:00,85.32,85.37,84.53,84.73,702837.44
2026-05-24 21:00:00,84.74,84.93,83.62,83.89,1028529.01
2026-05-24 22:00:00,83.89,85.28,83.89,84.93,1305023.65
2026-05-24 23:00:00,84.92,85.48,84.92,85.23,516660.51
2026-05-25 00:00:00,85.22,85.62,85.2,85.45,458152.78
2026-05-25 01:00:00,85.44,85.55,84.75,84.79,408127.65
2026-05-25 02:00:00,84.8,85.72,84.79,85.02,768652.16
2026-05-25 03:00:00,85.01,85.13,84.72,84.88,338611.42
2026-05-25 04:00:00,84.89,85.96,84.86,85.79,668740.49
2026-05-25 05:00:00,85.8,86.15,85.69,85.93,725207.9
2026-05-25 06:00:00,85.93,86.14,85.59,85.94,424807.53
2026-05-25 07:00:00,85.94,86.12,85.54,85.91,409976.71
2026-05-25 08:00:00,85.92,86.05,85.69,85.98,318779.48
2026-05-25 09:00:00,85.97,86.2,85.87,85.89,344863.15
2026-05-25 10:00:00,85.89,86.08,85.84,86.02,270383.75
2026-05-25 11:00:00,86.03,86.11,85.66,85.74,317050.47
2026-05-25 12:00:00,85.73,86.04,85.62,85.83,341916.77
2026-05-25 13:00:00,85.83,86.0,85.72,85.97,203782.77
2026-05-25 14:00:00,85.98,86.41,85.89,86.29,531830.31
2026-05-25 15:00:00,86.29,86.49,86.01,86.21,529057.17
2026-05-25 16:00:00,86.21,86.41,85.92,86.21,513244.96
2026-05-25 17:00:00,86.21,86.35,86.02,86.09,547110.8
2026-05-25 18:00:00,86.1,86.28,85.83,85.87,234866.59
2026-05-25 19:00:00,85.86,85.91,85.46,85.6,390178.3
2026-05-25 20:00:00,85.59,85.85,85.25,85.37,400575.75
2026-05-25 21:00:00,85.36,85.53,85.22,85.34,237705.03
2026-05-25 22:00:00,85.34,85.51,84.64,84.76,855810.1
2026-05-25 23:00:00,84.75,85.17,84.68,85.01,519685.09
2026-05-26 00:00:00,85.01,85.04,83.84,84.34,1279252.71
2026-05-26 01:00:00,84.33,84.5,83.79,84.05,969199.17
2026-05-26 02:00:00,84.05,84.17,83.84,83.96,395119.18
2026-05-26 03:00:00,83.97,84.22,83.78,84.16,404093.04
2026-05-26 04:00:00,84.16,84.47,83.95,84.31,417281.56
2026-05-26 05:00:00,84.31,84.93,84.22,84.6,573844.5
2026-05-26 06:00:00,84.6,84.79,84.35,84.56,327384.72
2026-05-26 07:00:00,84.55,84.59,84.04,84.3,511663.0
2026-05-26 08:00:00,84.31,84.54,84.29,84.4,301707.0
2026-05-26 09:00:00,84.39,84.67,84.25,84.43,394257.32
2026-05-26 10:00:00,84.44,85.78,84.31,85.51,1317661.8
2026-05-26 11:00:00,85.52,85.62,85.16,85.19,611192.58
2026-05-26 12:00:00,85.18,85.38,84.76,85.28,951720.85
2026-05-26 13:00:00,85.29,85.73,84.64,85.48,1169363.42
2026-05-26 14:00:00,85.48,86.1,84.7,85.19,2087053.64
2026-05-26 15:00:00,85.18,85.31,83.96,84.44,1603582.27
2026-05-26 16:00:00,84.44,84.52,83.86,84.17,1112265.2
2026-05-26 17:00:00,84.17,84.35,83.08,83.53,1694117.44
2026-05-26 18:00:00,83.52,84.05,83.42,83.56,816390.73
2026-05-26 19:00:00,83.55,83.97,83.29,83.73,492581.75
2026-05-26 20:00:00,83.74,83.91,83.67,83.87,362475.21
2026-05-26 21:00:00,83.87,83.92,83.51,83.63,285429.24
2026-05-26 22:00:00,83.64,83.83,83.47,83.61,265101.36
2026-05-26 23:00:00,83.6,83.8,83.56,83.66,235637.06
2026-05-27 00:00:00,83.67,84.15,83.66,84.09,426282.12
2026-05-27 01:00:00,84.08,84.15,83.75,83.81,272539.19
2026-05-27 02:00:00,83.82,83.92,83.5,83.9,291391.15
2026-05-27 03:00:00,83.9,84.03,83.42,83.57,341692.68
2026-05-27 04:00:00,83.57,83.63,82.68,83.59,1174485.13
2026-05-27 05:00:00,83.6,83.89,83.51,83.83,345380.32
2026-05-27 06:00:00,83.83,84.01,83.69,84.0,275260.47
2026-05-27 07:00:00,84.0,84.17,83.82,84.17,446003.76
2026-05-27 08:00:00,84.16,84.38,83.84,83.89,660168.88
2026-05-27 09:00:00,83.88,83.92,83.56,83.73,462088.42
2026-05-27 10:00:00,83.74,84.06,83.61,83.9,368712.58
2026-05-27 11:00:00,83.91,84.19,83.83,83.89,478775.0
2026-05-27 12:00:00,83.88,84.67,83.49,83.89,1395535.53
2026-05-27 13:00:00,83.88,84.01,82.91,83.59,1709139.97
2026-05-27 14:00:00,83.59,84.09,83.18,83.87,1661099.99
2026-05-27 15:00:00,83.86,84.82,83.84,84.39,1421051.31
2026-05-27 16:00:00,84.39,84.72,83.81,84.14,794540.08
2026-05-27 17:00:00,84.14,84.17,83.11,83.37,1251777.5
2026-05-27 18:00:00,83.37,83.97,83.14,83.9,544508.99
2026-05-27 19:00:00,83.91,84.11,83.83,83.89,526478.38
2026-05-27 20:00:00,83.89,84.1,83.71,83.78,408376.03
2026-05-27 21:00:00,83.77,83.77,82.05,82.43,1346040.17
2026-05-27 22:00:00,82.43,82.97,82.16,82.4,1057356.68
2026-05-27 23:00:00,82.4,82.64,82.13,82.38,554792.33
2026-05-28 00:00:00,82.37,82.69,82.31,82.66,416563.55
2026-05-28 01:00:00,82.66,82.71,81.84,82.24,882886.97
2026-05-28 02:00:00,82.24,82.41,81.96,82.06,497054.8
2026-05-28 03:00:00,82.07,82.21,80.45,80.66,3053749.9
2026-05-28 04:00:00,80.66,80.89,79.91,80.83,2018766.88
2026-05-28 05:00:00,80.83,80.93,80.35,80.64,699830.65
2026-05-28 06:00:00,80.65,81.07,80.46,80.9,603159.97
2026-05-28 07:00:00,80.9,81.24,80.78,81.19,625819.24
2026-05-28 08:00:00,81.2,81.23,80.76,80.92,373119.37
2026-05-28 09:00:00,80.93,81.26,80.77,81.17,365450.26
2026-05-28 10:00:00,81.16,81.28,80.67,80.7,464293.33
2026-05-28 11:00:00,80.69,80.9,80.54,80.83,459887.38
2026-05-28 12:00:00,80.82,81.21,80.53,81.1,620060.44
2026-05-28 13:00:00,81.1,81.33,80.49,80.75,1142247.16
2026-05-28 14:00:00,80.74,81.64,79.92,81.14,2645374.34
2026-05-28 15:00:00,81.15,81.35,80.51,81.1,809859.06
2026-05-28 16:00:00,81.1,82.15,80.88,82.03,1107092.66
2026-05-28 17:00:00,82.03,82.61,81.78,82.27,914902.29
2026-05-28 18:00:00,82.26,82.98,82.21,82.88,1023784.32
2026-05-28 19:00:00,82.88,82.88,82.11,82.14,621160.53
2026-05-28 20:00:00,82.14,82.58,81.72,82.26,761472.07
2026-05-28 21:00:00,82.26,82.66,82.17,82.39,359616.69
2026-05-28 22:00:00,82.39,82.59,81.87,82.0,615238.21
2026-05-28 23:00:00,82.0,82.24,81.94,82.07,244264.89
2026-05-29 00:00:00,82.07,82.44,82.07,82.29,325849.25
2026-05-29 01:00:00,82.28,82.44,82.03,82.17,287479.28
2026-05-29 02:00:00,82.17,82.29,81.43,81.54,504629.99
2026-05-29 03:00:00,81.54,81.92,81.47,81.59,429148.58
2026-05-29 04:00:00,81.59,81.9,81.33,81.88,356203.67
2026-05-29 05:00:00,81.88,82.15,81.78,82.02,381072.22
2026-05-29 06:00:00,82.02,82.46,81.97,82.26,436076.1
2026-05-29 07:00:00,82.25,82.42,81.86,82.18,646665.53
2026-05-29 08:00:00,82.18,82.46,82.12,82.16,455536.29
2026-05-29 09:00:00,82.16,82.6,82.15,82.39,289622.76
2026-05-29 10:00:00,82.39,82.4,82.04,82.1,331675.38
2026-05-29 11:00:00,82.11,82.18,81.47,81.73,577664.43
2026-05-29 12:00:00,81.73,81.76,81.25,81.45,625605.35
2026-05-29 13:00:00,81.45,81.67,81.05,81.4,784099.84
2026-05-29 14:00:00,81.4,81.55,80.3,81.3,2290414.63
2026-05-29 15:00:00,81.3,83.23,81.17,82.54,3327189.74
2026-05-29 16:00:00,82.54,83.1,82.13,82.88,1213907.13
2026-05-29 17:00:00,82.89,83.21,82.63,82.75,879289.98
2026-05-29 18:00:00,82.75,82.96,81.73,82.03,967637.88
2026-05-29 19:00:00,82.03,82.36,81.53,82.03,750206.85
2026-05-29 20:00:00,82.02,82.31,81.96,82.19,305622.47
2026-05-29 21:00:00,82.18,82.37,81.66,81.67,411436.21
2026-05-29 22:00:00,81.66,81.98,81.58,81.94,361075.77
2026-05-29 23:00:00,81.95,82.06,81.72,81.98,342978.18
2026-05-30 00:00:00,81.98,82.31,81.89,82.24,329095.56
2026-05-30 01:00:00,82.25,82.93,82.16,82.77,516090.88
2026-05-30 02:00:00,82.78,82.99,82.73,82.95,308358.61
2026-05-30 03:00:00,82.94,83.06,82.57,82.64,420261.69
2026-05-30 04:00:00,82.63,82.77,81.79,82.28,836254.1
2026-05-30 05:00:00,82.28,82.84,82.16,82.55,529794.29
2026-05-30 06:00:00,82.55,82.7,82.35,82.44,264348.99
2026-05-30 07:00:00,82.43,82.48,82.22,82.34,256550.01
2026-05-30 08:00:00,82.34,82.36,82.14,82.19,169534.33
2026-05-30 09:00:00,82.18,82.35,82.15,82.28,145488.9
2026-05-30 10:00:00,82.29,82.47,82.25,82.33,233567.29
2026-05-30 11:00:00,82.33,82.51,82.16,82.28,176192.35
2026-05-30 12:00:00,82.28,82.4,82.2,82.38,187211.07
2026-05-30 13:00:00,82.38,82.53,82.2,82.43,351818.69
2026-05-30 14:00:00,82.44,82.73,82.4,82.58,458707.79
2026-05-30 15:00:00,82.58,82.89,82.44,82.65,466471.8
2026-05-30 16:00:00,82.65,82.9,82.59,82.85,245596.53
2026-05-30 17:00:00,82.85,83.03,82.58,83.01,450820.13
2026-05-30 18:00:00,83.0,83.11,82.83,82.97,271306.39
2026-05-30 19:00:00,82.98,83.0,82.73,82.94,292387.22
2026-05-30 20:00:00,82.95,83.04,82.81,82.91,157932.12
2026-05-30 21:00:00,82.91,83.13,82.86,82.96,319399.46
2026-05-30 22:00:00,82.97,82.97,82.4,82.61,442942.41
2026-05-30 23:00:00,82.6,82.86,82.46,82.69,242904.96
2026-05-31 00:00:00,82.69,82.92,82.57,82.9,236813.2
2026-05-31 01:00:00,82.89,83.18,82.87,82.97,366691.38
2026-05-31 02:00:00,82.97,83.37,82.83,83.11,498304.02
2026-05-31 03:00:00,83.11,83.31,83.05,83.18,199563.21
2026-05-31 04:00:00,83.18,83.26,83.05,83.16,179978.17
2026-05-31 05:00:00,83.16,83.19,82.95,82.99,196589.72
2026-05-31 06:00:00,82.99,83.0,82.79,82.92,240278.98
2026-05-31 07:00:00,82.92,82.92,82.46,82.61,398918.7
2026-05-31 08:00:00,82.62,82.83,82.54,82.76,349532.6
2026-05-31 09:00:00,82.76,83.02,82.59,82.7,310005.22
2026-05-31 10:00:00,82.7,82.71,82.43,82.67,394577.01
2026-05-31 11:00:00,82.67,82.82,82.63,82.71,160151.68
2026-05-31 12:00:00,82.71,82.9,82.52,82.78,256993.19
2026-05-31 13:00:00,82.79,83.09,82.61,82.73,328369.22
2026-05-31 14:00:00,82.73,82.73,81.69,81.91,1536006.15
2026-05-31 15:00:00,81.92,82.23,81.76,81.83,533081.68
2026-05-31 16:00:00,81.83,81.99,81.38,81.54,779303.7
2026-05-31 17:00:00,81.53,81.86,81.41,81.81,334634.53
2026-05-31 18:00:00,81.81,81.82,81.56,81.7,269755.18
2026-05-31 19:00:00,81.7,81.75,81.28,81.54,290902.33
2026-05-31 20:00:00,81.55,81.98,81.55,81.92,267598.83
2026-05-31 21:00:00,81.92,82.34,81.83,82.27,339760.83
2026-05-31 22:00:00,82.26,82.67,81.98,82.49,689543.34
2026-05-31 23:00:00,82.5,82.91,81.9,82.39,811960.13
2026-06-01 00:00:00,82.4,83.08,82.32,82.78,793577.32
2026-06-01 01:00:00,82.78,82.84,81.7,81.72,770283.54
2026-06-01 02:00:00,81.71,82.88,81.57,82.63,751335.97
2026-06-01 03:00:00,82.63,82.96,82.51,82.59,516784.21
2026-06-01 04:00:00,82.59,82.74,81.72,81.99,866981.69
2026-06-01 05:00:00,81.98,82.07,81.57,81.76,359031.69
2026-06-01 06:00:00,81.76,81.83,81.06,81.4,891453.03
2026-06-01 07:00:00,81.39,81.52,80.57,80.67,1034440.24
2026-06-01 08:00:00,80.67,80.99,80.38,80.92,822570.68
2026-06-01 09:00:00,80.92,81.24,80.92,81.04,609678.27
2026-06-01 10:00:00,81.04,81.15,80.78,81.05,414963.25
2026-06-01 11:00:00,81.04,81.18,80.58,80.78,470761.39
2026-06-01 12:00:00,80.78,81.04,80.18,80.78,1132381.95
2026-06-01 13:00:00,80.79,80.83,79.2,79.79,2640447.48
2026-06-01 14:00:00,79.8,80.06,79.38,79.66,1310301.18
2026-06-01 15:00:00,79.67,80.02,79.15,79.56,1342938.46
2026-06-01 16:00:00,79.57,80.42,79.06,80.36,1556349.92
2026-06-01 17:00:00,80.37,81.2,80.25,80.9,1505948.9
2026-06-01 18:00:00,80.9,81.19,80.55,80.81,665932.11
2026-06-01 19:00:00,80.82,81.3,80.57,81.16,537972.99
2026-06-01 20:00:00,81.16,81.22,80.93,81.11,423356.6
2026-06-01 21:00:00,81.1,81.12,80.46,80.65,897290.85
2026-06-01 22:00:00,80.64,81.46,80.28,81.36,939449.67
2026-06-01 23:00:00,81.36,81.66,81.04,81.25,887064.0
2026-06-02 00:00:00,81.25,81.27,80.84,80.87,408995.32
2026-06-02 01:00:00,80.86,80.99,80.0,80.07,848178.61
2026-06-02 02:00:00,80.07,80.76,79.36,80.76,1257915.33
2026-06-02 03:00:00,80.76,81.03,80.61,80.88,530692.6
2026-06-02 04:00:00,80.88,80.99,80.33,80.41,642968.29
2026-06-02 05:00:00,80.4,80.56,79.48,79.58,856475.31
2026-06-02 06:00:00,79.58,79.78,79.27,79.54,1112503.29
2026-06-02 07:00:00,79.54,79.89,79.09,79.63,817640.39
2026-06-02 08:00:00,79.63,79.77,79.41,79.57,468692.22
2026-06-02 09:00:00,79.58,79.61,78.71,79.06,1269221.33
2026-06-02 10:00:00,79.06,79.45,78.92,79.4,539088.28
2026-06-02 11:00:00,79.39,79.41,78.8,78.89,742942.44
2026-06-02 12:00:00,78.89,79.12,78.56,78.94,702526.45
2026-06-02 13:00:00,78.95,79.19,78.76,78.91,785027.17
2026-06-02 14:00:00,78.91,78.96,76.64,77.38,4104486.79
2026-06-02 15:00:00,77.38,77.43,75.44,76.32,3497204.44
2026-06-02 16:00:00,76.33,77.63,76.09,76.67,1861960.05
2026-06-02 17:00:00,76.67,77.14,76.4,76.77,1028632.98
2026-06-02 18:00:00,76.78,77.03,75.75,76.09,757207.12
2026-06-02 19:00:00,76.09,76.21,74.37,75.47,2340599.5
2026-06-02 20:00:00,75.47,75.89,74.71,75.39,1077639.15
2026-06-02 21:00:00,75.38,76.03,75.26,75.61,749503.77
2026-06-02 22:00:00,75.61,75.61,73.27,73.62,2519546.67
2026-06-02 23:00:00,73.63,74.28,72.67,74.18,2494607.19
2026-06-03 00:00:00,74.18,75.08,73.94,74.78,1284325.3
2026-06-03 01:00:00,74.79,74.99,74.09,74.69,688405.59
2026-06-03 02:00:00,74.7,74.76,74.15,74.36,513518.17
2026-06-03 03:00:00,74.36,74.49,72.21,72.66,2058075.29
2026-06-03 04:00:00,72.66,74.08,72.64,74.03,1124670.88
2026-06-03 05:00:00,74.03,74.88,74.01,74.68,1300006.86
2026-06-03 06:00:00,74.68,75.31,74.61,74.81,1095082.02
2026-06-03 07:00:00,74.81,75.39,74.71,75.21,690584.97
2026-06-03 08:00:00,75.21,75.29,74.82,74.95,547813.55
2026-06-03 09:00:00,74.95,75.38,74.66,74.95,833791.24
2026-06-03 10:00:00,74.95,75.56,74.92,75.5,620694.25
2026-06-03 11:00:00,75.51,75.67,74.95,75.09,727163.85
2026-06-03 12:00:00,75.09,75.23,74.64,75.14,614743.41
2026-06-03 13:00:00,75.14,75.34,74.34,74.53,1189734.82
2026-06-03 14:00:00,74.52,74.56,73.78,74.42,1289281.83
2026-06-03 15:00:00,74.42,74.45,73.17,73.24,1646474.6
2026-06-03 16:00:00,73.25,73.43,71.92,72.95,2855442.09
2026-06-03 17:00:00,72.95,74.06,72.34,73.13,1694945.14
2026-06-03 18:00:00,73.13,73.44,72.4,73.05,1122793.33
2026-06-03 19:00:00,73.05,73.13,71.63,71.94,1846159.84
2026-06-03 20:00:00,71.94,72.4,70.84,71.17,2279075.05
2026-06-03 21:00:00,71.17,72.84,70.97,72.76,1432193.03
2026-06-03 22:00:00,72.76,73.14,71.89,72.17,1074274.75
2026-06-03 23:00:00,72.16,72.23,71.51,71.58,924863.49
2026-06-04 00:00:00,71.57,72.06,70.26,70.71,2319806.47
2026-06-04 01:00:00,70.71,70.92,68.31,68.56,4085695.5
2026-06-04 02:00:00,68.57,70.41,66.59,70.01,5701711.17
2026-06-04 03:00:00,70.0,71.59,69.99,71.42,2193011.35
2026-06-04 04:00:00,71.41,71.74,70.74,70.85,1184531.76
2026-06-04 05:00:00,70.84,70.85,69.84,70.3,1556199.74
2026-06-04 06:00:00,70.29,71.18,70.2,70.31,1030591.92
2026-06-04 07:00:00,70.32,70.36,69.08,69.1,1610328.19
2026-06-04 08:00:00,69.11,69.41,68.26,69.18,1872099.18
2026-06-04 09:00:00,69.18,69.23,67.68,68.83,1946553.55
2026-06-04 10:00:00,68.82,68.89,67.48,67.84,2205070.26
2026-06-04 11:00:00,67.84,68.66,67.32,68.63,1827511.38
2026-06-04 12:00:00,68.63,70.34,68.27,70.05,2547548.09
2026-06-04 13:00:00,70.06,70.55,68.96,70.33,2102761.98
2026-06-04 14:00:00,70.33,70.6,69.52,69.73,1238278.87
2026-06-04 15:00:00,69.74,70.48,69.36,69.61,1544504.54
2026-06-04 16:00:00,69.61,69.64,68.93,69.38,986462.09
2026-06-04 17:00:00,69.38,69.71,68.44,69.2,1230052.38
2026-06-04 18:00:00,69.19,69.86,68.59,69.46,1054156.76
2026-06-04 19:00:00,69.45,69.68,68.98,69.05,944482.84
2026-06-04 20:00:00,69.04,69.1,68.38,68.77,839395.05
2026-06-04 21:00:00,68.76,69.01,67.55,67.76,1047654.16
2026-06-04 22:00:00,67.75,68.53,67.51,68.44,1313631.5
2026-06-04 23:00:00,68.43,68.88,67.94,68.82,901452.02
2026-06-05 00:00:00,68.81,69.06,68.21,68.24,1024009.19
2026-06-05 01:00:00,68.25,68.78,67.51,68.46,1452929.22
2026-06-05 02:00:00,68.46,68.57,67.14,67.27,1682948.21
2026-06-05 03:00:00,67.28,67.83,66.88,67.05,1745858.68
2026-06-05 04:00:00,67.05,67.98,66.41,67.91,2321016.52
2026-06-05 05:00:00,67.91,68.05,66.02,66.17,2374205.1
2026-06-05 06:00:00,66.18,66.51,63.74,64.99,6460384.86
2026-06-05 07:00:00,64.99,66.26,63.85,66.11,2910782.66
2026-06-05 08:00:00,66.12,66.16,65.02,65.25,1332111.01
2026-06-05 09:00:00,65.26,66.56,65.24,66.51,1636730.64
2026-06-05 10:00:00,66.51,66.7,66.1,66.37,867782.37
2026-06-05 11:00:00,66.36,66.75,65.78,66.04,1318902.36
2026-06-05 12:00:00,66.03,66.32,65.17,65.79,1711433.28
2026-06-05 13:00:00,65.78,66.79,64.25,64.28,2777753.83
2026-06-05 14:00:00,64.28,65.83,63.89,65.24,3889810.18
2026-06-05 15:00:00,65.24,65.32,63.73,64.2,3525164.98
2026-06-05 16:00:00,64.2,65.95,63.13,65.84,5108576.29
2026-06-05 17:00:00,65.83,66.04,64.76,65.05,1572664.46
2026-06-05 18:00:00,65.06,65.36,62.57,62.86,3269905.54
2026-06-05 19:00:00,62.86,63.8,61.4,63.38,4209400.15
2026-06-05 20:00:00,63.39,64.78,62.61,64.6,2444000.59
2026-06-05 21:00:00,64.59,65.38,64.49,64.83,1090671.46
2026-06-05 22:00:00,64.84,64.86,63.75,64.38,1775925.22
2026-06-05 23:00:00,64.38,64.76,62.6,63.6,1587588.14
2026-06-06 00:00:00,63.6,64.81,63.58,64.62,1082703.39
2026-06-06 01:00:00,64.62,64.82,63.72,63.81,901972.21
2026-06-06 02:00:00,63.8,63.91,63.22,63.47,858895.5
2026-06-06 03:00:00,63.48,63.49,62.52,62.79,1197337.67
2026-06-06 04:00:00,62.79,63.09,60.27,60.8,3836029.31
2026-06-06 05:00:00,60.81,62.69,60.03,62.57,3411156.5
2026-06-06 06:00:00,62.57,63.31,62.04,62.17,1622203.88
2026-06-06 07:00:00,62.18,63.14,62.02,62.75,1277111.93
2026-06-06 08:00:00,62.75,63.58,62.49,63.14,1101305.05
2026-06-06 09:00:00,63.13,63.53,62.44,62.66,906055.7
2026-06-06 10:00:00,62.66,62.67,61.13,61.78,2132847.35
2026-06-06 11:00:00,61.77,62.64,61.71,62.4,1101888.1
2026-06-06 12:00:00,62.4,63.06,61.98,62.87,1350131.76
2026-06-06 13:00:00,62.88,63.02,62.12,62.4,886771.99
2026-06-06 14:00:00,62.39,62.89,62.26,62.29,816057.99
2026-06-06 15:00:00,62.3,62.45,61.26,62.01,2029103.68
2026-06-06 16:00:00,62.01,62.38,61.33,62.1,1176068.22
2026-06-06 17:00:00,62.1,62.24,61.41,61.59,1043752.82
2026-06-06 18:00:00,61.58,62.11,61.37,61.69,729856.14
2026-06-06 19:00:00,61.7,62.17,61.59,61.59,796171.19
2026-06-06 20:00:00,61.59,61.91,61.31,61.82,842230.82
2026-06-06 21:00:00,61.81,62.34,61.79,61.86,830930.57
2026-06-06 22:00:00,61.86,61.95,61.42,61.67,738107.98
2026-06-06 23:00:00,61.67,62.27,61.63,62.16,544572.94
2026-06-07 00:00:00,62.16,62.61,61.91,62.06,965620.14
2026-06-07 01:00:00,62.05,63.85,61.99,63.62,2566368.22
2026-06-07 02:00:00,63.63,63.75,63.02,63.5,1256387.03
2026-06-07 03:00:00,63.51,64.18,63.36,63.77,1038200.45
2026-06-07 04:00:00,63.77,64.08,63.25,64.05,1002278.91
2026-06-07 05:00:00,64.04,64.46,63.84,64.2,1317616.27
2026-06-07 06:00:00,64.2,64.95,63.98,64.79,1353879.36
2026-06-07 07:00:00,64.79,64.97,64.55,64.87,808938.96
2026-06-07 08:00:00,64.86,65.93,64.44,65.92,1930905.6
2026-06-07 09:00:00,65.92,66.07,64.77,64.95,1622499.66
2026-06-07 10:00:00,64.95,65.02,64.35,64.59,952320.26
2026-06-07 11:00:00,64.6,65.17,64.46,64.97,834243.47
2026-06-07 12:00:00,64.96,65.03,63.58,64.25,2347679.06
2026-06-07 13:00:00,64.25,64.39,64.02,64.27,737430.95
2026-06-07 14:00:00,64.27,65.31,64.26,64.86,1385022.24
2026-06-07 15:00:00,64.86,65.2,64.58,64.93,812216.97
2026-06-07 16:00:00,64.93,65.27,64.69,65.09,893928.67
2026-06-07 17:00:00,65.09,65.58,65.02,65.27,761999.3
2026-06-07 18:00:00,65.26,65.52,64.84,64.9,612552.93
2026-06-07 19:00:00,64.89,64.92,63.56,63.89,1814857.05
2026-06-07 20:00:00,63.88,64.75,63.67,64.63,872336.81
2026-06-07 21:00:00,64.64,64.87,64.24,64.57,529912.86
2026-06-07 22:00:00,64.58,67.9,64.46,65.78,4493712.22
2026-06-07 23:00:00,65.77,66.61,65.72,66.45,1252673.62
2026-06-08 00:00:00,66.46,67.07,65.96,66.66,1155795.33
2026-06-08 01:00:00,66.67,66.75,65.33,66.12,1276937.54
2026-06-08 02:00:00,66.13,66.59,66.0,66.4,774495.46
2026-06-08 03:00:00,66.4,66.71,66.12,66.3,603741.08
2026-06-08 04:00:00,66.31,66.37,65.31,65.37,979180.04
2026-06-08 05:00:00,65.37,65.6,64.92,65.28,819616.41
2026-06-08 06:00:00,65.29,65.84,65.22,65.63,841362.42
2026-06-08 07:00:00,65.63,66.18,65.32,66.06,744582.6
2026-06-08 08:00:00,66.06,66.06,65.4,65.58,642472.78
2026-06-08 09:00:00,65.58,66.34,65.54,66.32,864998.18
2026-06-08 10:00:00,66.33,66.41,65.75,66.16,798800.34
2026-06-08 11:00:00,66.15,67.03,66.0,66.65,1334880.42
2026-06-08 12:00:00,66.65,67.3,65.95,67.23,1777109.09
2026-06-08 13:00:00,67.24,67.26,66.37,66.73,1401136.68
2026-06-08 14:00:00,66.74,67.29,66.4,67.25,1149229.78
2026-06-08 15:00:00,67.25,67.78,67.01,67.14,1390717.29
2026-06-08 16:00:00,67.15,67.72,66.84,66.91,1010247.93
2026-06-08 17:00:00,66.9,67.36,66.5,67.34,862760.24
2026-06-08 18:00:00,67.33,67.59,67.11,67.39,686864.0
2026-06-08 19:00:00,67.39,67.79,67.23,67.44,967109.58
2026-06-08 20:00:00,67.44,67.5,66.89,67.45,731552.09
2026-06-08 21:00:00,67.45,68.16,67.38,67.44,986167.3
2026-06-08 22:00:00,67.43,67.43,66.8,67.14,776979.58
2026-06-08 23:00:00,67.14,67.37,66.61,66.79,675757.04
2026-06-09 00:00:00,66.78,66.85,65.23,65.38,2495406.58
2026-06-09 01:00:00,65.38,66.03,65.33,65.94,947510.65
2026-06-09 02:00:00,65.93,66.04,65.48,65.88,593864.69
2026-06-09 03:00:00,65.87,66.06,65.62,65.97,402764.51
2026-06-09 04:00:00,65.97,67.4,65.78,66.97,1986406.66
2026-06-09 05:00:00,66.97,67.37,66.66,67.16,983467.29
2026-06-09 06:00:00,67.16,67.45,66.93,67.02,603973.35
2026-06-09 07:00:00,67.03,67.33,66.57,66.85,874574.45
2026-06-09 08:00:00,66.86,66.9,66.34,66.54,1050009.79
2026-06-09 09:00:00,66.55,66.79,66.02,66.12,805077.59
2026-06-09 10:00:00,66.13,66.45,65.94,66.36,661670.2
2026-06-09 11:00:00,66.37,66.43,65.84,66.07,674064.98
2026-06-09 12:00:00,66.07,66.49,65.91,66.17,896721.42
2026-06-09 13:00:00,66.17,66.34,65.55,65.8,1366324.32
2026-06-09 14:00:00,65.81,65.96,64.33,65.03,3500035.05
2026-06-09 15:00:00,65.04,65.29,64.22,64.29,2156964.16
2026-06-09 16:00:00,64.28,64.46,63.5,64.12,2856468.81
2026-06-09 17:00:00,64.12,65.14,64.06,64.76,1717900.05
2026-06-09 18:00:00,64.75,65.53,64.63,65.26,1177726.71
2026-06-09 19:00:00,65.25,65.63,65.01,65.38,936549.71
2026-06-09 20:00:00,65.38,65.68,65.25,65.59,471999.49
2026-06-09 21:00:00,65.58,65.63,64.84,64.99,574371.65
2026-06-09 22:00:00,64.99,65.32,64.78,64.85,454095.67
2026-06-09 23:00:00,64.84,65.14,64.64,64.92,557030.39
2026-06-10 00:00:00,64.93,65.19,64.44,65.15,714991.28
2026-06-10 01:00:00,65.15,65.27,64.76,65.06,610203.15
2026-06-10 02:00:00,65.06,65.21,64.2,64.27,825560.81
2026-06-10 03:00:00,64.26,64.82,64.23,64.48,422698.39
2026-06-10 04:00:00,64.47,64.62,64.08,64.25,459026.52
2026-06-10 05:00:00,64.26,64.35,63.87,64.09,567644.09
2026-06-10 06:00:00,64.09,64.33,63.78,64.15,576466.37
2026-06-10 07:00:00,64.15,64.74,64.09,64.45,708424.7
2026-06-10 08:00:00,64.46,64.48,63.37,63.58,1304998.92
2026-06-10 09:00:00,63.58,63.72,63.02,63.6,1052788.79
2026-06-10 10:00:00,63.61,63.76,63.23,63.64,578074.22
2026-06-10 11:00:00,63.65,63.74,62.91,63.47,1457762.62
2026-06-10 12:00:00,63.47,64.65,63.26,64.09,2422154.86
2026-06-10 13:00:00,64.09,65.52,63.97,65.03,2382898.18
2026-06-10 14:00:00,65.04,65.25,64.54,65.01,1525488.86
2026-06-10 15:00:00,65.02,65.74,64.5,65.4,2311251.61
2026-06-10 16:00:00,65.41,65.44,64.18,64.58,1395885.9
2026-06-10 17:00:00,64.58,64.93,63.58,64.0,1317455.31
2026-06-10 18:00:00,64.0,64.18,63.31,63.8,1102443.35
2026-06-10 19:00:00,63.8,63.91,63.33,63.52,950621.93
2026-06-10 20:00:00,63.51,63.62,63.13,63.28,872348.79
2026-06-10 21:00:00,63.28,63.28,62.29,62.56,1144208.95
2026-06-10 22:00:00,62.56,63.04,62.31,62.74,918484.57
2026-06-10 23:00:00,62.74,63.27,62.41,63.16,823064.83
2026-06-11 00:00:00,63.16,63.74,63.15,63.62,675924.17
2026-06-11 01:00:00,63.62,65.12,63.61,64.86,1885315.63
2026-06-11 02:00:00,64.87,64.96,64.32,64.5,918436.62
2026-06-11 03:00:00,64.49,65.45,64.29,65.23,1221306.63
2026-06-11 04:00:00,65.23,65.31,64.91,65.17,639764.38
2026-06-11 05:00:00,65.17,65.2,64.92,64.94,346065.53
2026-06-11 06:00:00,64.93,65.41,64.78,65.08,789600.08
2026-06-11 07:00:00,65.08,65.15,64.73,65.02,683113.35
2026-06-11 08:00:00,65.01,65.52,65.0,65.28,983265.26
2026-06-11 09:00:00,65.27,65.53,64.98,65.36,1077465.14
2026-06-11 10:00:00,65.36,65.62,65.24,65.47,760087.43
2026-06-11 11:00:00,65.47,66.3,65.3,65.85,1379367.35
2026-06-11 12:00:00,65.85,65.89,64.85,65.22,1898780.87
2026-06-11 13:00:00,65.22,65.71,65.01,65.49,1152136.3
2026-06-11 14:00:00,65.5,65.74,64.94,65.3,1077713.68
2026-06-11 15:00:00,65.31,65.83,64.95,65.51,1087179.35
2026-06-11 16:00:00,65.51,65.77,65.26,65.33,722551.08
2026-06-11 17:00:00,65.34,67.16,65.0,67.13,3083212.97
2026-06-11 18:00:00,67.12,67.29,66.61,66.76,1137959.51
2026-06-11 19:00:00,66.76,67.36,66.55,66.88,1090609.86
2026-06-11 20:00:00,66.88,67.0,66.31,66.54,769834.08
2026-06-11 21:00:00,66.54,67.07,66.53,66.88,453980.12
2026-06-11 22:00:00,66.88,67.1,66.82,66.85,460088.0
2026-06-11 23:00:00,66.84,67.07,66.64,66.88,599507.14
2026-06-12 00:00:00,66.87,67.07,66.69,66.83,483571.51
2026-06-12 01:00:00,66.82,66.83,66.37,66.65,539323.95
2026-06-12 02:00:00,66.64,67.26,66.63,67.08,589285.05
2026-06-12 03:00:00,67.09,67.13,66.63,66.99,546526.54
2026-06-12 04:00:00,66.98,67.21,66.8,67.02,365457.14
2026-06-12 05:00:00,67.03,67.05,66.59,66.69,641421.97
2026-06-12 06:00:00,66.69,66.78,65.88,66.08,1030972.89
2026-06-12 07:00:00,66.09,66.45,66.08,66.28,824423.89
2026-06-12 08:00:00,66.29,67.03,66.28,66.87,979701.55
2026-06-12 09:00:00,66.86,67.48,66.79,67.14,1020708.32
2026-06-12 10:00:00,67.15,67.33,66.55,66.75,917240.57
2026-06-12 11:00:00,66.75,67.08,66.74,66.89,442402.32
2026-06-12 12:00:00,66.89,66.96,66.6,66.74,608544.29
2026-06-12 13:00:00,66.74,66.98,66.33,66.69,1489323.54
2026-06-12 14:00:00,66.69,67.95,66.61,67.89,2071995.88
2026-06-12 15:00:00,67.88,68.78,67.12,67.2,3166877.8
2026-06-12 16:00:00,67.19,67.98,67.03,67.97,1255634.65
2026-06-12 17:00:00,67.97,68.18,67.21,67.36,915536.58
2026-06-12 18:00:00,67.36,67.45,66.94,67.03,813835.19
2026-06-12 19:00:00,67.03,67.37,66.65,66.74,863244.78
2026-06-12 20:00:00,66.75,66.82,66.48,66.64,752100.25
2026-06-12 21:00:00,66.64,66.91,66.42,66.53,353040.44
2026-06-12 22:00:00,66.54,66.73,66.41,66.6,335028.59
2026-06-12 23:00:00,66.59,66.79,66.43,66.79,359543.2
2026-06-13 00:00:00,66.79,67.04,66.73,66.94,404745.29
2026-06-13 01:00:00,66.95,67.49,66.94,67.4,397095.83
2026-06-13 02:00:00,67.4,67.47,66.83,66.92,379138.67
2026-06-13 03:00:00,66.93,67.02,66.65,66.84,355864.52
2026-06-13 04:00:00,66.83,66.93,66.59,66.61,336768.84
2026-06-13 05:00:00,66.61,66.93,66.55,66.75,561392.24
2026-06-13 06:00:00,66.75,67.2,66.62,67.12,616487.53
2026-06-13 07:00:00,67.13,67.45,66.93,67.34,797811.04
2026-06-13 08:00:00,67.33,67.55,67.22,67.29,598270.59
2026-06-13 09:00:00,67.28,67.5,67.25,67.34,276564.13
2026-06-13 10:00:00,67.34,67.58,67.29,67.4,271093.46
2026-06-13 11:00:00,67.4,67.93,67.34,67.87,506874.9
2026-06-13 12:00:00,67.87,68.03,67.74,67.92,468307.03
2026-06-13 13:00:00,67.93,68.27,67.79,67.97,756924.22
2026-06-13 14:00:00,67.97,68.41,67.95,68.25,598799.44
2026-06-13 15:00:00,68.25,68.68,68.12,68.55,933355.24
2026-06-13 16:00:00,68.56,68.59,67.77,68.05,1364281.39
2026-06-13 17:00:00,68.04,68.24,67.78,67.95,571671.17
2026-06-13 18:00:00,67.94,68.34,67.92,68.08,367199.44
2026-06-13 19:00:00,68.08,68.36,67.97,68.19,297753.2
2026-06-13 20:00:00,68.18,68.24,68.0,68.22,195324.76
2026-06-13 21:00:00,68.23,69.55,68.18,69.21,1390930.49
2026-06-13 22:00:00,69.21,69.22,68.82,68.85,689855.15
2026-06-13 23:00:00,68.85,69.14,68.73,68.88,417873.11
2026-06-14 00:00:00,68.88,68.88,68.6,68.71,360347.17
2026-06-14 01:00:00,68.7,69.07,68.58,68.76,528120.16
2026-06-14 02:00:00,68.77,69.06,68.66,68.77,364866.32
2026-06-14 03:00:00,68.77,69.0,68.7,68.9,381903.35
2026-06-14 04:00:00,68.91,68.98,68.38,68.48,683987.27
2026-06-14 05:00:00,68.48,68.54,67.98,68.22,887056.58
2026-06-14 06:00:00,68.21,68.46,68.07,68.15,468120.76
2026-06-14 07:00:00,68.16,68.22,68.0,68.18,288065.52
2026-06-14 08:00:00,68.19,68.32,68.07,68.2,301376.33
2026-06-14 09:00:00,68.2,68.46,67.86,68.45,525721.33
2026-06-14 10:00:00,68.44,68.48,68.09,68.1,406612.48
2026-06-14 11:00:00,68.11,68.3,67.97,68.06,325579.42
2026-06-14 12:00:00,68.06,68.12,67.66,67.73,619539.77
2026-06-14 13:00:00,67.74,67.83,67.46,67.73,723867.15
2026-06-14 14:00:00,67.72,67.8,66.89,67.24,1363483.1
2026-06-14 15:00:00,67.24,67.51,67.22,67.39,586458.78
2026-06-14 16:00:00,67.38,67.72,67.37,67.45,600916.98
2026-06-14 17:00:00,67.44,67.69,67.25,67.3,472043.14
2026-06-14 18:00:00,67.3,67.46,67.14,67.37,337746.01
2026-06-14 19:00:00,67.37,67.72,67.29,67.52,447532.35
2026-06-14 20:00:00,67.53,68.05,67.4,67.75,547601.58
2026-06-14 21:00:00,67.76,70.5,67.76,70.12,3161475.58
2026-06-14 22:00:00,70.12,70.69,69.64,70.4,1859200.0
2026-06-14 23:00:00,70.39,71.25,70.11,71.24,1333085.96
2026-06-15 00:00:00,71.24,71.69,70.9,71.09,1612526.9
2026-06-15 01:00:00,71.09,71.31,70.62,70.98,878428.6
2026-06-15 02:00:00,70.98,71.55,70.86,70.93,621181.84
2026-06-15 03:00:00,70.93,71.34,70.87,71.19,544590.68
2026-06-15 04:00:00,71.19,71.24,70.84,70.89,452432.53
2026-06-15 05:00:00,70.88,71.28,70.75,71.18,449875.1
2026-06-15 06:00:00,71.17,71.47,71.06,71.32,546389.76
2026-06-15 07:00:00,71.31,71.48,71.08,71.23,533090.82
2026-06-15 08:00:00,71.23,71.57,71.11,71.24,566849.1
2026-06-15 09:00:00,71.24,71.43,70.72,71.18,628136.62
2026-06-15 10:00:00,71.18,72.2,71.14,71.84,1450877.15
2026-06-15 11:00:00,71.84,72.84,71.61,72.56,2313180.86
2026-06-15 12:00:00,72.56,72.98,72.25,72.81,1242492.65
2026-06-15 13:00:00,72.8,74.23,72.67,73.59,2986198.04
2026-06-15 14:00:00,73.59,73.95,73.17,73.77,1426794.11
2026-06-15 15:00:00,73.76,75.22,73.73,75.21,2066157.55
2026-06-15 16:00:00,75.22,76.06,74.91,75.43,2292189.57
2026-06-15 17:00:00,75.44,75.45,74.62,75.24,1909601.23
2026-06-15 18:00:00,75.24,75.65,75.06,75.26,835268.4
2026-06-15 19:00:00,75.25,75.76,74.52,75.24,1330702.03
2026-06-15 20:00:00,75.23,75.41,74.72,74.91,796542.34
2026-06-15 21:00:00,74.91,74.98,74.35,74.42,707698.75
2026-06-15 22:00:00,74.41,74.57,73.57,73.74,1009436.09
2026-06-15 23:00:00,73.73,74.04,73.58,73.93,544009.64
2026-06-16 00:00:00,73.94,74.38,73.81,74.0,844664.68
2026-06-16 01:00:00,73.99,74.32,73.81,73.83,468506.59
2026-06-16 02:00:00,73.83,73.85,72.73,72.99,1543849.23
2026-06-16 03:00:00,72.98,73.77,72.82,73.7,951450.52
2026-06-16 04:00:00,73.7,73.9,73.15,73.34,665328.55
2026-06-16 05:00:00,73.34,73.79,73.33,73.61,550508.43
2026-06-16 06:00:00,73.61,74.26,73.61,74.13,610342.65
2026-06-16 07:00:00,74.13,74.5,74.07,74.41,683871.29
2026-06-16 08:00:00,74.41,75.63,74.3,75.36,1266526.04
2026-06-16 09:00:00,75.35,75.42,74.77,74.8,786090.79
2026-06-16 10:00:00,74.81,75.08,74.62,74.65,590609.09
2026-06-16 11:00:00,74.65,74.85,74.33,74.63,622985.09
2026-06-16 12:00:00,74.63,75.51,74.45,74.89,1129074.14
2026-06-16 13:00:00,74.9,74.94,73.82,73.95,1442081.11
2026-06-16 14:00:00,73.95,74.27,72.29,72.93,2501323.04
2026-06-16 15:00:00,72.93,73.63,72.83,73.25,1124118.22
2026-06-16 16:00:00,73.24,73.45,72.96,73.06,773336.78
2026-06-16 17:00:00,73.06,73.8,73.01,73.64,756199.62
2026-06-16 18:00:00,73.64,74.32,73.54,73.98,1169380.35
2026-06-16 19:00:00,73.98,74.19,73.45,73.8,622243.75
2026-06-16 20:00:00,73.8,74.23,73.63,74.11,443701.04
2026-06-16 21:00:00,74.11,74.17,73.69,73.9,335862.01
2026-06-16 22:00:00,73.89,74.07,73.57,73.79,384786.2
2026-06-16 23:00:00,73.79,73.93,73.36,73.49,367471.31
2026-06-17 00:00:00,73.49,73.75,73.28,73.33,377096.2
2026-06-17 01:00:00,73.33,73.98,73.11,73.89,598505.45
2026-06-17 02:00:00,73.89,74.44,73.64,74.0,788285.37
2026-06-17 03:00:00,74.01,74.01,73.47,73.64,341812.97
2026-06-17 04:00:00,73.64,74.08,73.55,73.79,299865.81
2026-06-17 05:00:00,73.78,73.96,73.39,73.6,386723.76
2026-06-17 06:00:00,73.6,73.79,73.13,73.38,630153.14
2026-06-17 07:00:00,73.38,73.57,72.93,73.22,814600.35
2026-06-17 08:00:00,73.23,73.26,72.11,72.3,1403897.34
2026-06-17 09:00:00,72.3,72.65,72.27,72.49,674394.25
2026-06-17 10:00:00,72.49,72.65,72.06,72.1,459139.65
2026-06-17 11:00:00,72.11,72.21,71.66,71.98,1155379.72
2026-06-17 12:00:00,71.99,72.3,71.54,72.29,1418853.13
2026-06-17 13:00:00,72.28,72.73,72.11,72.38,1142915.92
2026-06-17 14:00:00,72.37,72.64,71.78,72.34,1312591.44
2026-06-17 15:00:00,72.34,73.83,72.31,73.76,1637145.0
2026-06-17 16:00:00,73.76,74.66,73.66,73.72,1540869.03
2026-06-17 17:00:00,73.73,74.32,73.41,74.17,1054716.88
2026-06-17 18:00:00,74.18,74.36,72.12,73.45,3953122.5
2026-06-17 19:00:00,73.45,73.67,71.36,71.61,2989421.77
2026-06-17 20:00:00,71.62,72.21,71.49,72.16,1147161.27
2026-06-17 21:00:00,72.15,72.19,71.3,71.57,525181.31
2026-06-17 22:00:00,71.57,71.9,70.76,71.66,1199816.68
2026-06-17 23:00:00,71.66,72.09,71.63,72.0,408308.83
2026-06-18 00:00:00,72.01,72.48,71.97,72.18,610575.43
2026-06-18 01:00:00,72.18,72.59,72.04,72.18,381471.52
2026-06-18 02:00:00,72.19,72.64,72.07,72.48,703966.17
2026-06-18 03:00:00,72.48,72.5,71.49,71.61,815658.58
2026-06-18 04:00:00,71.61,71.69,70.85,71.02,889791.9
2026-06-18 05:00:00,71.01,71.1,70.59,71.08,862513.5
2026-06-18 06:00:00,71.09,71.38,70.94,71.29,547331.34
2026-06-18 07:00:00,71.3,71.8,71.11,71.73,794654.9
2026-06-18 08:00:00,71.74,72.03,71.58,71.82,831745.65
2026-06-18 09:00:00,71.82,72.12,71.69,71.81,534324.13
2026-06-18 10:00:00,71.8,71.82,71.05,71.36,1265467.75
2026-06-18 11:00:00,71.36,71.53,70.67,70.9,847092.0
2026-06-18 12:00:00,70.89,71.58,70.83,71.51,727461.68
2026-06-18 13:00:00,71.51,71.76,70.69,71.0,1273859.51
2026-06-18 14:00:00,71.01,71.68,70.65,71.04,1361823.73
2026-06-18 15:00:00,71.04,71.06,68.32,68.42,4324000.11
2026-06-18 16:00:00,68.41,69.1,68.35,69.03,1743089.44
2026-06-18 17:00:00,69.04,69.13,68.48,68.62,1161134.08
2026-06-18 18:00:00,68.62,68.97,68.2,68.62,1203061.43
2026-06-18 19:00:00,68.62,69.51,68.53,69.34,1054633.25
2026-06-18 20:00:00,69.35,69.94,69.35,69.79,870924.89
2026-06-18 21:00:00,69.78,69.87,69.35,69.53,635450.58
2026-06-18 22:00:00,69.53,69.66,69.21,69.48,493597.01
2026-06-18 23:00:00,69.49,69.77,69.24,69.69,420345.39
2026-06-19 00:00:00,69.68,69.86,69.53,69.77,420973.86
2026-06-19 01:00:00,69.77,69.99,69.5,69.91,497758.24
2026-06-19 02:00:00,69.9,70.06,69.38,69.63,536385.09
2026-06-19 03:00:00,69.62,69.72,68.53,69.02,1559788.43
2026-06-19 04:00:00,69.01,69.24,68.16,68.3,995388.04
2026-06-19 05:00:00,68.29,68.72,68.27,68.65,655110.0
2026-06-19 06:00:00,68.65,68.81,68.43,68.72,549773.4
2026-06-19 07:00:00,68.71,68.74,67.93,68.34,859197.67
2026-06-19 08:00:00,68.35,68.72,68.2,68.64,503665.93
2026-06-19 09:00:00,68.65,68.71,68.17,68.28,515619.83
2026-06-19 10:00:00,68.28,68.43,68.02,68.28,528930.74
2026-06-19 11:00:00,68.27,68.44,68.05,68.21,464507.94
2026-06-19 12:00:00,68.21,68.7,67.86,68.58,977192.37
2026-06-19 13:00:00,68.58,69.55,68.35,69.23,1668026.75
2026-06-19 14:00:00,69.22,69.44,68.78,69.1,1039255.82
2026-06-19 15:00:00,69.09,69.5,68.89,69.29,684555.94
2026-06-19 16:00:00,69.28,69.53,68.64,68.67,969062.96
2026-06-19 17:00:00,68.67,69.49,68.57,69.29,831244.69
2026-06-19 18:00:00,69.29,69.34,68.76,69.01,449646.54
2026-06-19 19:00:00,69.02,69.12,68.74,68.92,368031.78
2026-06-19 20:00:00,68.93,69.27,68.68,69.22,392081.52
2026-06-19 21:00:00,69.22,69.27,68.86,68.97,266440.13
2026-06-19 22:00:00,68.97,69.41,68.94,69.37,357331.12
2026-06-19 23:00:00,69.38,69.84,69.19,69.69,503555.53
2026-06-20 00:00:00,69.69,70.09,69.57,69.6,784609.6
2026-06-20 01:00:00,69.59,69.91,69.49,69.76,338640.24
2026-06-20 02:00:00,69.76,69.83,69.44,69.61,330165.97
2026-06-20 03:00:00,69.61,70.07,69.59,69.97,513858.81
2026-06-20 04:00:00,69.96,71.05,69.85,70.83,1389924.87
2026-06-20 05:00:00,70.83,72.45,70.67,71.74,2237443.04
2026-06-20 06:00:00,71.75,72.35,71.66,72.05,1008652.34
2026-06-20 07:00:00,72.06,72.1,71.4,71.55,1092805.58
2026-06-20 08:00:00,71.54,71.62,71.23,71.3,650281.67
2026-06-20 09:00:00,71.31,71.59,71.15,71.51,600874.99
2026-06-20 10:00:00,71.52,71.67,71.36,71.64,597093.4
2026-06-20 11:00:00,71.64,72.06,71.39,71.74,668686.02
2026-06-20 12:00:00,71.73,71.89,71.28,71.5,650081.06
2026-06-20 13:00:00,71.5,71.55,70.69,71.16,1470185.2
2026-06-20 14:00:00,71.15,72.15,70.42,71.89,2252886.04
2026-06-20 15:00:00,71.9,72.62,71.58,72.0,1921156.49
2026-06-20 16:00:00,72.01,72.03,71.28,71.64,850233.29
2026-06-20 17:00:00,71.63,71.64,71.04,71.51,760535.87
2026-06-20 18:00:00,71.52,71.97,71.49,71.71,551573.87
2026-06-20 19:00:00,71.71,71.89,71.55,71.81,515728.14
2026-06-20 20:00:00,71.82,72.03,71.66,71.97,354483.42
2026-06-20 21:00:00,71.97,72.42,71.92,72.36,525692.9
2026-06-20 22:00:00,72.36,74.27,72.31,73.53,2699137.85
2026-06-20 23:00:00,73.54,73.61,73.17,73.19,710849.58
2026-06-21 00:00:00,73.19,73.25,72.98,73.16,536748.14
2026-06-21 01:00:00,73.16,73.32,72.84,73.14,521322.53
2026-06-21 02:00:00,73.14,73.35,73.04,73.3,322546.14
2026-06-21 03:00:00,73.3,73.83,73.08,73.57,834249.39
2026-06-21 04:00:00,73.58,73.81,73.33,73.39,461403.0
2026-06-21 05:00:00,73.4,73.47,72.96,73.06,492287.53
2026-06-21 06:00:00,73.06,73.33,73.01,73.21,391795.09
2026-06-21 07:00:00,73.21,73.41,73.08,73.17,517413.1
2026-06-21 08:00:00,73.18,73.23,72.71,73.13,806071.65
2026-06-21 09:00:00,73.13,74.08,73.04,74.01,1113415.97
2026-06-21 10:00:00,74.01,74.4,73.81,73.87,932891.32
2026-06-21 11:00:00,73.86,74.0,73.03,73.16,1333163.12
2026-06-21 12:00:00,73.16,73.65,72.86,73.58,1330550.48
2026-06-21 13:00:00,73.59,73.9,73.42,73.87,821758.96
2026-06-21 14:00:00,73.87,74.12,73.6,74.08,840919.76
2026-06-21 15:00:00,74.07,74.26,73.86,74.11,707551.38
2026-06-21 16:00:00,74.1,74.8,73.74,74.29,1199499.15
2026-06-21 17:00:00,74.29,74.61,74.01,74.2,787100.83
2026-06-21 18:00:00,74.21,74.43,73.81,74.17,645328.12
2026-06-21 19:00:00,74.17,74.44,74.07,74.38,364726.9
2026-06-21 20:00:00,74.39,74.53,73.3,73.39,966379.25
2026-06-21 21:00:00,73.4,73.43,72.35,73.1,2004767.45
2026-06-21 22:00:00,73.1,73.23,72.58,73.0,863363.69
2026-06-21 23:00:00,73.0,73.06,72.26,72.42,1055856.6
2026-06-22 00:00:00,72.42,73.56,72.41,73.33,1193473.98
2026-06-22 01:00:00,73.34,74.97,73.21,74.32,2185319.06
2026-06-22 02:00:00,74.33,74.41,73.71,73.77,715799.71
2026-06-22 03:00:00,73.78,74.03,73.23,73.47,1024049.83
2026-06-22 04:00:00,73.47,73.87,73.3,73.82,656268.14
2026-06-22 05:00:00,73.82,74.11,73.74,73.91,573951.67
2026-06-22 06:00:00,73.91,74.17,73.51,73.67,592507.74
2026-06-22 07:00:00,73.67,74.44,73.63,74.07,747532.53
2026-06-22 08:00:00,74.07,74.29,73.67,73.85,587489.78
2026-06-22 09:00:00,73.85,73.99,73.53,73.75,462015.4
2026-06-22 10:00:00,73.76,73.99,73.55,73.74,454917.8
2026-06-22 11:00:00,73.73,74.42,73.61,74.15,1425176.82
2026-06-22 12:00:00,74.16,74.55,73.99,74.38,1236538.41
2026-06-22 13:00:00,74.39,74.95,74.2,74.94,1696037.68
2026-06-22 14:00:00,74.95,74.97,73.12,73.39,2534159.29
2026-06-22 15:00:00,73.39,73.76,72.93,73.09,1461295.94
2026-06-22 16:00:00,73.09,73.17,72.5,72.9,1486389.6
2026-06-22 17:00:00,72.9,73.29,72.59,73.24,682278.25
2026-06-22 18:00:00,73.23,73.53,72.52,72.6,1248284.95
2026-06-22 19:00:00,72.6,72.77,72.4,72.66,849827.25
2026-06-22 20:00:00,72.66,72.92,72.44,72.78,519486.72
2026-06-22 21:00:00,72.78,72.84,72.23,72.7,525830.47
2026-06-22 22:00:00,72.7,72.92,71.27,72.06,1778046.08
2026-06-22 23:00:00,72.06,72.13,71.78,71.91,502295.71
2026-06-23 00:00:00,71.9,71.98,71.41,71.83,915548.54
2026-06-23 01:00:00,71.84,72.0,71.24,71.67,750873.62
2026-06-23 02:00:00,71.66,72.01,71.49,71.95,457397.85
2026-06-23 03:00:00,71.95,71.96,71.66,71.94,386791.1
2026-06-23 04:00:00,71.95,71.98,71.32,71.41,564208.89
2026-06-23 05:00:00,71.4,71.56,70.83,71.0,1228142.83
2026-06-23 06:00:00,71.0,71.04,69.62,70.29,2733777.55
2026-06-23 07:00:00,70.28,70.52,69.91,69.95,872931.74
2026-06-23 08:00:00,69.96,70.08,68.07,68.65,3941014.78
2026-06-23 09:00:00,68.64,68.99,68.63,68.87,915547.57
2026-06-23 10:00:00,68.87,69.17,68.54,68.76,800622.55
2026-06-23 11:00:00,68.75,69.29,68.75,69.26,879495.7
2026-06-23 12:00:00,69.25,69.34,68.8,68.92,720450.88
2026-06-23 13:00:00,68.91,69.33,68.58,69.15,1680142.57
2026-06-23 14:00:00,69.14,69.63,69.02,69.14,1517044.9
2026-06-23 15:00:00,69.15,69.16,68.33,68.87,1133537.44
2026-06-23 16:00:00,68.87,69.36,68.76,68.84,836327.12
2026-06-23 17:00:00,68.84,69.15,68.58,68.72,508473.72
2026-06-23 18:00:00,68.73,69.0,68.63,68.86,416166.09
2026-06-23 19:00:00,68.85,69.07,68.7,68.8,414734.12
2026-06-23 20:00:00,68.81,69.03,68.79,68.98,284576.6
2026-06-23 21:00:00,68.98,69.28,68.93,69.23,405815.06
2026-06-23 22:00:00,69.22,69.82,69.2,69.51,667855.31
2026-06-23 23:00:00,69.51,69.78,69.26,69.65,392213.91
2026-06-24 00:00:00,69.66,70.11,69.54,69.94,725623.72
2026-06-24 01:00:00,69.95,70.36,69.62,70.03,640932.23
2026-06-24 02:00:00,70.04,70.1,69.37,69.42,749691.53
2026-06-24 03:00:00,69.41,69.73,69.03,69.53,669667.35
2026-06-24 04:00:00,69.53,69.65,68.91,69.54,591553.9
2026-06-24 05:00:00,69.53,70.17,69.46,69.89,495108.57
2026-06-24 06:00:00,69.89,70.0,69.64,69.68,348198.15
2026-06-24 07:00:00,69.69,69.74,69.24,69.33,497222.81
2026-06-24 08:00:00,69.34,69.59,69.2,69.42,444059.45
2026-06-24 09:00:00,69.42,69.51,69.16,69.27,382796.94
2026-06-24 10:00:00,69.27,69.31,68.91,69.02,554836.1
2026-06-24 11:00:00,69.01,70.45,68.74,69.78,1345107.45
2026-06-24 12:00:00,69.78,69.89,69.38,69.42,783082.38
2026-06-24 13:00:00,69.42,69.46,68.32,68.84,3296699.49
2026-06-24 14:00:00,68.83,69.4,68.55,68.83,1808012.63
2026-06-24 15:00:00,68.83,68.86,67.21,67.29,2859170.93
2026-06-24 16:00:00,67.28,68.0,66.25,66.49,4242220.8
2026-06-24 17:00:00,66.49,66.91,64.66,64.93,4251866.06
2026-06-24 18:00:00,64.93,66.47,64.76,65.99,2715125.7
2026-06-24 19:00:00,66.0,66.34,65.48,66.09,1337818.18
2026-06-24 20:00:00,66.08,67.97,65.93,67.63,2256788.16
2026-06-24 21:00:00,67.64,68.08,67.16,68.02,935408.13
2026-06-24 22:00:00,68.03,68.5,67.64,67.79,797783.89
2026-06-24 23:00:00,67.79,68.16,67.71,68.07,408948.16
2026-06-25 00:00:00,68.08,68.28,67.51,67.67,613273.29
2026-06-25 01:00:00,67.67,67.97,67.36,67.84,476117.96
2026-06-25 02:00:00,67.84,67.89,67.56,67.69,311433.02
2026-06-25 03:00:00,67.68,67.82,67.41,67.64,323784.19
2026-06-25 04:00:00,67.65,68.49,67.44,68.42,763323.5
2026-06-25 05:00:00,68.42,69.28,68.31,69.0,1458506.79
2026-06-25 06:00:00,68.99,69.64,68.97,69.43,878561.15
2026-06-25 07:00:00,69.44,69.55,69.18,69.4,532033.13
2026-06-25 08:00:00,69.4,69.41,68.96,69.03,645785.57
2026-06-25 09:00:00,69.03,69.16,68.76,68.8,495101.16
2026-06-25 10:00:00,68.8,68.85,68.01,68.25,888437.16
2026-06-25 11:00:00,68.26,68.41,67.96,68.13,913817.69
2026-06-25 12:00:00,68.14,68.95,67.73,68.26,1413017.72
2026-06-25 13:00:00,68.26,68.42,64.0,64.19,4980541.95
2026-06-25 14:00:00,64.19,67.13,64.18,66.33,5389952.24
2026-06-25 15:00:00,66.33,66.36,65.19,66.27,1790066.31
2026-06-25 16:00:00,66.28,67.0,65.61,65.94,1496267.88
2026-06-25 17:00:00,65.94,67.33,65.78,67.1,1538553.84
2026-06-25 18:00:00,67.09,67.12,65.88,66.15,1232638.93
2026-06-25 19:00:00,66.16,66.19,65.62,66.17,964452.05
2026-06-25 20:00:00,66.16,66.77,66.04,66.24,943324.94
2026-06-25 21:00:00,66.24,67.28,66.23,67.26,754181.87
2026-06-25 22:00:00,67.25,67.32,66.91,67.11,613084.24
2026-06-25 23:00:00,67.11,68.8,66.96,67.69,1705940.9
2026-06-26 00:00:00,67.69,68.08,67.59,67.71,620066.51
2026-06-26 01:00:00,67.7,67.88,67.1,67.29,839831.74
2026-06-26 02:00:00,67.29,67.32,65.86,66.18,1908334.14
2026-06-26 03:00:00,66.18,68.48,65.88,68.17,2428972.59
2026-06-26 04:00:00,68.18,68.36,67.92,68.04,948212.37
2026-06-26 05:00:00,68.04,68.43,67.94,68.34,750895.75
2026-06-26 06:00:00,68.33,69.99,67.96,69.98,2425158.79
2026-06-26 07:00:00,69.98,70.97,69.89,70.74,2476777.51
2026-06-26 08:00:00,70.74,70.85,69.68,69.9,1871554.36
2026-06-26 09:00:00,69.91,69.93,68.8,68.97,1498875.17
2026-06-26 10:00:00,68.98,69.22,68.59,68.73,919865.12
2026-06-26 11:00:00,68.73,69.07,68.35,68.58,746615.47
2026-06-26 12:00:00,68.57,69.71,68.32,68.83,1958170.29
2026-06-26 13:00:00,68.83,70.92,68.13,70.69,3136094.29
2026-06-26 14:00:00,70.68,71.95,70.2,70.43,3663748.46
2026-06-26 15:00:00,70.43,72.22,70.27,72.02,2495554.85
2026-06-26 16:00:00,72.03,73.51,71.96,72.46,3553945.57
2026-06-26 17:00:00,72.47,72.86,72.16,72.53,1369252.01
2026-06-26 18:00:00,72.54,73.07,72.34,72.57,906606.29
2026-06-26 19:00:00,72.57,73.91,72.45,72.98,1953508.02
2026-06-26 20:00:00,72.99,73.66,72.02,72.16,1845658.04
2026-06-26 21:00:00,72.16,72.37,71.77,71.95,896680.38
2026-06-26 22:00:00,71.95,72.06,71.39,71.78,933129.77
2026-06-26 23:00:00,71.79,71.99,71.65,71.87,453956.99
2026-06-27 00:00:00,71.88,72.51,71.53,71.78,980907.55
2026-06-27 01:00:00,71.78,71.79,71.31,71.4,495520.98
2026-06-27 02:00:00,71.39,72.24,71.34,72.08,748943.99
2026-06-27 03:00:00,72.08,72.38,71.78,72.21,559174.38
2026-06-27 04:00:00,72.21,72.57,71.85,71.89,546043.71
2026-06-27 05:00:00,71.88,71.99,71.48,71.76,566558.16
2026-06-27 06:00:00,71.77,72.3,71.58,72.09,587320.82
2026-06-27 07:00:00,72.08,72.33,71.96,72.27,405573.39
2026-06-27 08:00:00,72.27,72.29,71.84,72.0,473806.03
2026-06-27 09:00:00,71.99,72.07,71.67,71.82,445870.75
2026-06-27 10:00:00,71.83,72.02,71.79,72.0,325815.32
2026-06-27 11:00:00,71.99,72.06,71.49,71.76,548244.38
2026-06-27 12:00:00,71.77,72.15,71.59,72.13,412554.55
2026-06-27 13:00:00,72.13,72.58,72.08,72.3,580113.18
2026-06-27 14:00:00,72.31,72.87,72.16,72.68,695376.46
2026-06-27 15:00:00,72.68,73.16,72.58,72.8,901994.79
2026-06-27 16:00:00,72.8,72.98,72.59,72.62,534580.99
2026-06-27 17:00:00,72.61,72.62,71.84,72.0,1123760.27
2026-06-27 18:00:00,72.0,72.14,71.71,71.88,593605.46
2026-06-27 19:00:00,71.87,71.96,70.9,71.07,1468305.66
2026-06-27 20:00:00,71.06,71.31,71.03,71.28,377234.48
2026-06-27 21:00:00,71.27,71.6,70.77,70.95,655283.25
2026-06-27 22:00:00,70.94,71.06,70.21,71.04,1122091.98
2026-06-27 23:00:00,71.05,71.13,70.39,70.47,557522.15
2026-06-28 00:00:00,70.47,70.78,70.43,70.67,508400.76
2026-06-28 01:00:00,70.68,70.89,70.41,70.79,421605.7
2026-06-28 02:00:00,70.8,70.98,70.45,70.67,476838.54
2026-06-28 03:00:00,70.67,70.94,70.67,70.82,417357.62
2026-06-28 04:00:00,70.83,70.96,70.51,70.73,284746.35
2026-06-28 05:00:00,70.73,70.74,70.08,70.49,685543.15
2026-06-28 06:00:00,70.5,70.54,70.13,70.4,417361.35
2026-06-28 07:00:00,70.4,71.07,70.4,71.04,728117.03
2026-06-28 08:00:00,71.04,72.16,71.02,71.86,1272867.04
2026-06-28 09:00:00,71.87,72.02,71.44,71.5,633097.27
2026-06-28 10:00:00,71.49,71.57,71.06,71.42,640221.55
2026-06-28 11:00:00,71.43,72.0,71.36,71.88,660370.1
2026-06-28 12:00:00,71.88,72.38,71.6,71.84,710486.68
2026-06-28 13:00:00,71.84,72.08,71.28,71.7,928267.75
2026-06-28 14:00:00,71.71,72.16,71.6,71.6,496057.87
2026-06-28 15:00:00,71.61,72.1,71.4,72.06,791778.76
2026-06-28 16:00:00,72.06,72.1,71.11,71.53,1098769.43
2026-06-28 17:00:00,71.53,71.95,70.9,71.53,975077.17
2026-06-28 18:00:00,71.53,71.7,70.95,71.12,509428.87
2026-06-28 19:00:00,71.13,71.28,70.19,70.69,951897.56
2026-06-28 20:00:00,70.68,71.25,70.61,70.88,691047.14
2026-06-28 21:00:00,70.88,71.03,70.2,70.42,485441.19
2026-06-28 22:00:00,70.42,71.5,69.64,70.2,1833897.41
2026-06-28 23:00:00,70.19,71.75,70.1,71.35,1267256.78
2026-06-29 00:00:00,71.36,71.68,70.31,71.64,1456528.35
2026-06-29 01:00:00,71.64,71.68,70.92,71.44,904704.16
2026-06-29 02:00:00,71.45,72.19,70.46,72.16,1556176.38
2026-06-29 03:00:00,72.16,73.3,72.13,72.64,1869704.39
2026-06-29 04:00:00,72.65,72.66,71.58,71.65,1028459.26
2026-06-29 05:00:00,71.65,72.32,70.97,72.29,1306043.36
2026-06-29 06:00:00,72.29,73.09,72.17,72.35,1311297.33
2026-06-29 07:00:00,72.36,72.89,72.03,72.67,677629.23
2026-06-29 08:00:00,72.67,72.98,72.34,72.68,911952.88
2026-06-29 09:00:00,72.68,73.13,72.56,72.88,644474.36
2026-06-29 10:00:00,72.89,73.65,72.89,73.19,1222439.11
2026-06-29 11:00:00,73.19,73.23,72.2,72.5,1358916.05
2026-06-29 12:00:00,72.5,74.55,72.09,73.47,3559214.26
2026-06-29 13:00:00,73.47,74.3,72.72,73.7,2966932.67
2026-06-29 14:00:00,73.69,73.9,72.28,73.7,2588333.57
2026-06-29 15:00:00,73.7,74.4,72.75,73.87,2104920.51
2026-06-29 16:00:00,73.88,74.13,72.84,73.99,1765949.89
2026-06-29 17:00:00,73.99,76.49,73.97,75.27,4748735.96
2026-06-29 18:00:00,75.28,75.82,75.11,75.57,1077328.24
2026-06-29 19:00:00,75.58,76.21,75.39,75.95,1094020.02
2026-06-29 20:00:00,75.96,75.99,75.23,75.35,758642.55
2026-06-29 21:00:00,75.35,75.81,75.19,75.49,552280.13
2026-06-29 22:00:00,75.49,75.63,75.0,75.25,541999.2
2026-06-29 23:00:00,75.25,75.41,74.86,75.13,646935.83
2026-06-30 00:00:00,75.13,75.19,74.15,74.39,1210611.37
2026-06-30 01:00:00,74.4,74.64,74.0,74.38,776519.8
2026-06-30 02:00:00,74.39,74.82,74.01,74.56,489759.52
2026-06-30 03:00:00,74.57,74.88,74.1,74.16,437161.58
2026-06-30 04:00:00,74.15,74.23,73.64,74.0,1049561.99
2026-06-30 05:00:00,74.0,74.22,73.81,74.2,474433.95
2026-06-30 06:00:00,74.2,74.23,73.86,74.12,412044.93
2026-06-30 07:00:00,74.13,74.21,73.8,74.13,463352.76
2026-06-30 08:00:00,74.12,74.19,73.28,73.58,1344030.94
2026-06-30 09:00:00,73.58,73.84,73.5,73.76,655535.59
2026-06-30 10:00:00,73.76,73.86,73.43,73.65,382253.64
2026-06-30 11:00:00,73.66,73.73,73.29,73.36,522557.1
2026-06-30 12:00:00,73.35,73.4,72.03,72.05,1904348.78
2026-06-30 13:00:00,72.06,72.91,71.85,72.85,2332236.65
2026-06-30 14:00:00,72.84,73.88,72.69,72.93,2432553.59
2026-06-30 15:00:00,72.93,74.08,72.57,73.1,2160427.09
2026-06-30 16:00:00,73.1,73.7,72.69,73.49,1310817.38
2026-06-30 17:00:00,73.49,73.91,73.13,73.16,789599.19
2026-06-30 18:00:00,73.16,73.79,72.89,73.57,705486.75
2026-06-30 19:00:00,73.56,73.95,73.31,73.72,579818.57
2026-06-30 20:00:00,73.71,73.92,73.48,73.66,499122.06
2026-06-30 21:00:00,73.66,73.77,73.1,73.47,480486.28
2026-06-30 22:00:00,73.47,73.73,73.23,73.39,394800.73
2026-06-30 23:00:00,73.4,73.68,73.29,73.63,236608.39
2026-07-01 00:00:00,73.62,73.86,73.33,73.61,525647.94
2026-07-01 01:00:00,73.61,74.37,72.22,73.92,2155676.94
2026-07-01 02:00:00,73.92,75.02,73.75,74.75,1455579.31
2026-07-01 03:00:00,74.76,75.67,74.31,75.44,1485706.17
2026-07-01 04:00:00,75.44,75.85,75.21,75.53,1078873.14
2026-07-01 05:00:00,75.53,75.76,75.11,75.21,798766.6
2026-07-01 06:00:00,75.22,75.25,73.91,74.27,1852628.38
2026-07-01 07:00:00,74.28,74.93,74.04,74.83,983512.49
2026-07-01 08:00:00,74.83,75.48,74.42,75.42,1177860.19
2026-07-01 09:00:00,75.42,75.54,75.01,75.41,1162287.51
2026-07-01 10:00:00,75.42,75.54,74.93,74.95,920854.63
2026-07-01 11:00:00,74.95,75.29,74.6,74.8,1129134.13
2026-07-01 12:00:00,74.8,74.94,74.23,74.56,1108280.94
2026-07-01 13:00:00,74.57,76.1,74.56,76.0,3008126.65
2026-07-01 14:00:00,75.99,77.26,75.6,76.95,3356651.11
2026-07-01 15:00:00,76.95,77.78,76.78,77.4,2028740.56
2026-07-01 16:00:00,77.4,78.25,76.86,77.13,1751662.16
2026-07-01 17:00:00,77.14,77.92,76.81,77.73,1223122.13
2026-07-01 18:00:00,77.73,77.87,77.24,77.37,911381.32
2026-07-01 19:00:00,77.37,77.64,76.76,76.97,961728.26
2026-07-01 20:00:00,76.97,77.48,76.53,77.38,1336260.81
2026-07-01 21:00:00,77.38,78.68,77.38,78.37,1523578.99
2026-07-01 22:00:00,78.38,78.93,77.72,77.82,1411520.6
2026-07-01 23:00:00,77.82,77.86,77.21,77.42,1389984.11
2026-07-02 00:00:00,77.42,77.44,76.85,77.23,894661.55
2026-07-02 01:00:00,77.23,78.68,77.18,78.15,1112252.58
2026-07-02 02:00:00,78.15,78.56,77.76,78.39,671368.79
2026-07-02 03:00:00,78.39,78.96,77.89,78.67,1238778.79
2026-07-02 04:00:00,78.67,78.68,78.01,78.24,742771.65
2026-07-02 05:00:00,78.24,78.31,77.73,78.06,572075.94
2026-07-02 06:00:00,78.06,78.59,77.66,77.86,996159.38
2026-07-02 07:00:00,77.85,78.17,77.53,77.95,825722.02
2026-07-02 08:00:00,77.96,78.47,77.89,78.42,626023.72
2026-07-02 09:00:00,78.41,79.78,78.24,79.44,2481082.1
2026-07-02 10:00:00,79.44,82.22,79.39,82.07,5044630.84
2026-07-02 11:00:00,82.07,82.79,81.48,82.36,3977960.82
2026-07-02 12:00:00,82.35,82.44,81.06,81.36,3592393.61
2026-07-02 13:00:00,81.36,81.97,80.67,81.47,3098518.8
2026-07-02 14:00:00,81.48,81.5,80.03,80.49,2666378.04
2026-07-02 15:00:00,80.5,80.88,80.04,80.82,1057158.78
2026-07-02 16:00:00,80.82,81.07,80.09,80.5,1569369.66
2026-07-02 17:00:00,80.5,81.19,80.46,80.6,1031939.43
2026-07-02 18:00:00,80.6,81.22,80.6,80.98,859199.11
2026-07-02 19:00:00,80.98,81.28,80.76,80.8,671747.31
2026-07-02 20:00:00,80.8,81.08,80.55,80.98,376837.57
2026-07-02 21:00:00,80.98,81.13,80.45,80.75,417146.25
2026-07-02 22:00:00,80.74,80.86,80.37,80.63,436546.69
2026-07-02 23:00:00,80.62,80.74,80.46,80.68,299613.33
2026-07-03 00:00:00,80.68,80.9,80.47,80.71,527426.61
2026-07-03 01:00:00,80.7,81.65,80.66,81.45,963808.68
2026-07-03 02:00:00,81.45,81.64,80.63,80.76,721539.5
2026-07-03 03:00:00,80.76,80.94,80.28,80.68,642417.69
2026-07-03 04:00:00,80.69,80.78,80.43,80.47,379401.58
2026-07-03 05:00:00,80.47,81.22,80.43,81.11,493189.36
2026-07-03 06:00:00,81.12,81.36,80.69,80.92,654600.28
2026-07-03 07:00:00,80.91,81.48,80.77,81.19,463978.97
2026-07-03 08:00:00,81.19,81.5,80.79,80.88,660027.58
2026-07-03 09:00:00,80.88,81.3,80.63,80.98,612228.23
2026-07-03 10:00:00,80.98,81.86,80.83,81.51,1213602.3
2026-07-03 11:00:00,81.52,81.67,81.21,81.52,598680.23
2026-07-03 12:00:00,81.52,81.73,81.16,81.5,583885.55
2026-07-03 13:00:00,81.5,81.8,81.38,81.54,647173.88
2026-07-03 14:00:00,81.55,81.77,80.85,81.65,1109089.43
2026-07-03 15:00:00,81.65,82.1,81.1,81.17,1200062.95
2026-07-03 16:00:00,81.17,81.52,81.01,81.49,613534.51
2026-07-03 17:00:00,81.48,81.94,81.41,81.75,694580.28
2026-07-03 18:00:00,81.74,82.39,81.59,82.07,918186.7
2026-07-03 19:00:00,82.07,83.23,82.04,82.45,1969835.22
2026-07-03 20:00:00,82.45,83.0,82.18,82.69,1062939.34
2026-07-03 21:00:00,82.69,83.04,82.11,82.62,699697.3
2026-07-03 22:00:00,82.62,82.65,82.19,82.32,340085.2
2026-07-03 23:00:00,82.31,82.46,82.12,82.3,231456.08
2026-07-04 00:00:00,82.3,82.72,82.22,82.36,632862.46
2026-07-04 01:00:00,82.35,82.36,81.76,81.91,675590.7
2026-07-04 02:00:00,81.9,82.36,81.86,82.14,360465.22
2026-07-04 03:00:00,82.14,82.83,82.0,82.68,581433.61
2026-07-04 04:00:00,82.68,83.96,82.61,83.44,1722364.65
2026-07-04 05:00:00,83.44,83.47,82.85,83.34,912352.48
2026-07-04 06:00:00,83.33,83.57,82.45,82.51,1023568.17
2026-07-04 07:00:00,82.52,82.81,82.22,82.67,721821.99
2026-07-04 08:00:00,82.67,82.75,82.18,82.26,606986.87
2026-07-04 09:00:00,82.26,82.29,81.55,81.69,1083421.21
2026-07-04 10:00:00,81.7,81.91,81.35,81.59,638568.0
2026-07-04 11:00:00,81.59,81.88,81.48,81.78,406912.84
2026-07-04 12:00:00,81.79,81.96,81.28,81.57,682923.41
2026-07-04 13:00:00,81.57,81.88,81.34,81.61,510567.58
2026-07-04 14:00:00,81.61,81.84,81.5,81.77,406997.44
2026-07-04 15:00:00,81.78,82.39,81.68,82.19,1339462.46
2026-07-04 16:00:00,82.2,82.36,81.93,82.17,584690.21
2026-07-04 17:00:00,82.17,82.78,81.84,82.47,995489.8
2026-07-04 18:00:00,82.47,82.58,82.05,82.22,494002.96
2026-07-04 19:00:00,82.22,82.3,81.66,81.84,459330.05
2026-07-04 20:00:00,81.83,82.12,81.53,81.93,472876.85
2026-07-04 21:00:00,81.93,82.19,81.79,81.95,280914.78
2026-07-04 22:00:00,81.95,82.0,81.74,81.9,216708.12
2026-07-04 23:00:00,81.9,81.9,81.38,81.74,521403.61
2026-07-05 00:00:00,81.75,81.77,81.07,81.27,858280.89
2026-07-05 01:00:00,81.27,81.42,80.51,80.82,1165605.06
2026-07-05 02:00:00,80.81,80.85,80.16,80.33,1080426.19
2026-07-05 03:00:00,80.34,80.57,80.31,80.51,510926.36
2026-07-05 04:00:00,80.52,80.83,80.37,80.55,694855.53
2026-07-05 05:00:00,80.54,80.55,80.19,80.43,476396.72
2026-07-05 06:00:00,80.44,80.61,80.3,80.55,298467.28
2026-07-05 07:00:00,80.55,80.72,80.33,80.66,468539.37
2026-07-05 08:00:00,80.66,80.82,80.41,80.46,365120.49
2026-07-05 09:00:00,80.46,80.51,79.62,79.86,1289651.12
2026-07-05 10:00:00,79.86,80.43,79.71,80.4,708604.99
2026-07-05 11:00:00,80.4,80.63,80.31,80.54,468694.79
2026-07-05 12:00:00,80.53,81.25,80.32,80.73,1170439.19
2026-07-05 13:00:00,80.72,81.22,80.63,81.2,631927.61
2026-07-05 14:00:00,81.2,81.58,80.98,81.41,771411.64
2026-07-05 15:00:00,81.4,81.72,81.07,81.31,706234.89
2026-07-05 16:00:00,81.31,81.49,80.86,81.06,547470.3
2026-07-05 17:00:00,81.06,81.34,80.97,81.09,380473.39
2026-07-05 18:00:00,81.1,81.24,80.96,80.98,227528.79
2026-07-05 19:00:00,80.98,81.09,80.78,81.01,369800.05
2026-07-05 20:00:00,81.01,81.13,80.9,81.03,187447.01
2026-07-05 21:00:00,81.04,82.21,80.72,81.75,1042543.93
2026-07-05 22:00:00,81.75,82.4,81.6,81.79,1203549.78
2026-07-05 23:00:00,81.79,82.04,81.4,81.55,647047.61
2026-07-06 00:00:00,81.54,82.21,81.07,82.16,918647.61
2026-07-06 01:00:00,82.17,82.3,81.44,81.51,690591.81
2026-07-06 02:00:00,81.52,81.71,80.79,80.98,955024.85
2026-07-06 03:00:00,80.98,81.03,80.4,80.78,893529.69
2026-07-06 04:00:00,80.78,80.97,80.67,80.77,334475.6
2026-07-06 05:00:00,80.77,80.79,80.11,80.38,677966.2
2026-07-06 06:00:00,80.37,80.49,80.21,80.31,320345.54
2026-07-06 07:00:00,80.3,80.98,80.22,80.77,649424.7
2026-07-06 08:00:00,80.78,81.05,80.25,80.45,599779.06
2026-07-06 09:00:00,80.45,80.46,80.0,80.04,558911.41
2026-07-06 10:00:00,80.04,80.69,80.02,80.64,590855.88
2026-07-06 11:00:00,80.64,80.96,80.34,80.35,609329.48
2026-07-06 12:00:00,80.34,80.6,79.25,79.42,3235256.63
2026-07-06 13:00:00,79.42,80.88,79.19,80.12,2544678.6
2026-07-06 14:00:00,80.13,80.77,79.81,80.24,1468331.44
2026-07-06 15:00:00,80.24,81.51,80.24,81.45,1935742.28
2026-07-06 16:00:00,81.45,82.37,81.23,82.07,2133747.45
2026-07-06 17:00:00,82.06,82.15,81.4,81.6,937036.46
2026-07-06 18:00:00,81.6,82.27,81.26,81.96,805957.71
2026-07-06 19:00:00,81.96,82.14,81.76,82.03,461102.66
2026-07-06 20:00:00,82.03,82.21,81.63,82.05,370146.4
2026-07-06 21:00:00,82.05,83.75,82.01,82.78,1743875.77
2026-07-06 22:00:00,82.79,82.84,82.2,82.28,413558.76
2026-07-06 23:00:00,82.29,82.39,81.87,81.91,428311.03
2026-07-07 00:00:00,81.92,82.45,81.79,82.33,632510.34
2026-07-07 01:00:00,82.32,82.33,81.76,81.88,491226.91
2026-07-07 02:00:00,81.88,81.96,81.24,81.32,610949.03
2026-07-07 03:00:00,81.32,81.44,80.92,81.02,547616.94
2026-07-07 04:00:00,81.03,81.07,80.59,80.88,633450.99
2026-07-07 05:00:00,80.88,81.19,80.41,81.06,798729.77
2026-07-07 06:00:00,81.07,81.59,80.76,81.5,721921.03
2026-07-07 07:00:00,81.49,81.7,81.28,81.46,582682.73
2026-07-07 08:00:00,81.45,81.54,81.15,81.22,506459.69
2026-07-07 09:00:00,81.22,81.44,81.09,81.27,429110.65
2026-07-07 10:00:00,81.27,81.54,80.88,80.95,592249.24
2026-07-07 11:00:00,80.96,81.36,80.7,81.28,477945.1
2026-07-07 12:00:00,81.28,81.96,81.24,81.4,964785.7
2026-07-07 13:00:00,81.39,81.57,80.6,80.8,1282242.37
2026-07-07 14:00:00,80.8,81.89,80.45,81.75,1531381.81
2026-07-07 15:00:00,81.75,82.33,81.45,82.07,1253104.25
2026-07-07 16:00:00,82.08,82.55,81.77,82.17,826420.7
2026-07-07 17:00:00,82.17,82.76,82.04,82.68,761140.57
2026-07-07 18:00:00,82.67,82.68,81.2,81.26,977485.16
2026-07-07 19:00:00,81.25,81.54,80.72,81.34,1080794.02
2026-07-07 20:00:00,81.34,81.45,80.97,81.13,346579.04
2026-07-07 21:00:00,81.13,81.39,80.5,80.78,641494.71
2026-07-07 22:00:00,80.78,81.05,80.27,80.82,519440.73
2026-07-07 23:00:00,80.81,81.1,80.47,80.54,351362.43
2026-07-08 00:00:00,80.54,80.74,80.3,80.33,723023.08
2026-07-08 01:00:00,80.34,80.38,78.74,79.05,2065196.32
2026-07-08 02:00:00,79.04,79.15,78.15,79.02,1732820.46
2026-07-08 03:00:00,79.02,79.3,78.55,78.69,735573.81
2026-07-08 04:00:00,78.69,78.89,78.33,78.6,665586.68
2026-07-08 05:00:00,78.61,78.78,78.3,78.38,544640.15
2026-07-08 06:00:00,78.39,78.41,77.9,78.17,977336.42
2026-07-08 07:00:00,78.18,78.3,77.75,78.24,1000268.94
2026-07-08 08:00:00,78.25,78.39,76.84,77.22,2860186.09
2026-07-08 09:00:00,77.22,77.46,76.97,77.15,770105.2
2026-07-08 10:00:00,77.14,77.47,76.9,77.28,603730.83
2026-07-08 11:00:00,77.28,77.67,77.04,77.5,837662.0
2026-07-08 12:00:00,77.5,77.62,76.97,76.99,686353.61
2026-07-08 13:00:00,76.98,77.43,76.58,77.27,1804538.45
2026-07-08 14:00:00,77.26,77.39,76.68,77.05,1108812.19
2026-07-08 15:00:00,77.06,77.12,76.24,76.71,1305208.89
2026-07-08 16:00:00,76.7,77.33,76.7,77.24,905559.0
2026-07-08 17:00:00,77.24,77.65,76.98,77.09,957057.65
2026-07-08 18:00:00,77.09,77.32,76.77,77.1,512706.48
2026-07-08 19:00:00,77.11,77.47,76.92,77.36,452121.23
2026-07-08 20:00:00,77.37,77.53,77.01,77.15,310766.8
2026-07-08 21:00:00,77.15,77.3,76.88,77.2,326608.91
2026-07-08 22:00:00,77.21,77.56,77.13,77.49,294183.77
2026-07-08 23:00:00,77.5,77.94,77.39,77.79,491173.38
2026-07-09 00:00:00,77.78,77.86,77.48,77.69,487622.16
2026-07-09 01:00:00,77.69,78.78,77.23,77.32,1403107.7
2026-07-09 02:00:00,77.31,77.8,76.88,77.03,762959.31
2026-07-09 03:00:00,77.02,77.36,76.66,77.34,564009.8
2026-07-09 04:00:00,77.33,78.03,77.18,77.95,548094.51
2026-07-09 05:00:00,77.94,78.36,77.69,78.36,693213.7
2026-07-09 06:00:00,78.35,78.59,78.06,78.44,558780.88
2026-07-09 07:00:00,78.44,78.82,78.08,78.18,740297.81
2026-07-09 08:00:00,78.18,78.37,77.89,78.06,501052.81
2026-07-09 09:00:00,78.07,78.15,77.81,78.1,352762.21
2026-07-09 10:00:00,78.09,78.19,77.48,77.65,561402.05
2026-07-09 11:00:00,77.65,77.74,77.28,77.57,499113.18
2026-07-09 12:00:00,77.58,78.19,77.2,77.59,1318516.63
2026-07-09 13:00:00,77.59,78.47,77.3,78.18,916177.05
2026-07-09 14:00:00,78.19,78.33,77.53,77.84,822811.07
2026-07-09 15:00:00,77.84,78.16,77.46,77.57,564330.61
2026-07-09 16:00:00,77.57,77.76,77.21,77.64,609386.58
2026-07-09 17:00:00,77.63,78.13,77.59,78.02,525203.08
2026-07-09 18:00:00,78.02,78.4,77.96,78.15,562304.3
2026-07-09 19:00:00,78.15,78.28,77.86,78.13,307617.22
2026-07-09 20:00:00,78.13,78.27,77.94,78.12,203104.85
2026-07-09 21:00:00,78.11,78.25,77.87,78.0,163437.63
2026-07-09 22:00:00,78.0,78.24,77.95,78.05,200401.31
2026-07-09 23:00:00,78.06,78.17,77.73,78.0,237041.12
2026-07-10 00:00:00,78.0,78.11,77.75,78.08,297335.56
2026-07-10 01:00:00,78.07,79.43,77.89,79.03,1189558.94
2026-07-10 02:00:00,79.03,79.14,78.8,78.99,626548.88
2026-07-10 03:00:00,79.0,79.11,78.7,79.02,441676.61
2026-07-10 04:00:00,79.02,79.07,78.8,78.93,371258.74
2026-07-10 05:00:00,78.92,79.34,78.83,79.14,606720.65
2026-07-10 06:00:00,79.14,79.2,78.81,78.88,355495.07
2026-07-10 07:00:00,78.87,79.04,78.69,78.8,360549.34
2026-07-10 08:00:00,78.81,79.38,78.75,79.16,822329.8
2026-07-10 09:00:00,79.15,79.35,78.9,79.19,576143.64
2026-07-10 10:00:00,79.19,79.64,79.1,79.36,655069.6
2026-07-10 11:00:00,79.35,79.49,79.13,79.33,393404.94
2026-07-10 12:00:00,79.32,79.53,78.85,78.88,630859.61
2026-07-10 13:00:00,78.88,79.31,78.72,78.94,749303.94
2026-07-10 14:00:00,78.94,78.95,77.03,77.89,4004068.63
2026-07-10 15:00:00,77.88,78.34,77.75,78.11,804405.5
2026-07-10 16:00:00,78.11,78.24,77.62,78.12,673829.25
2026-07-10 17:00:00,78.11,78.15,77.54,77.55,605203.23
2026-07-10 18:00:00,77.55,77.88,77.29,77.48,541505.09
2026-07-10 19:00:00,77.49,78.02,77.41,77.85,422345.66
2026-07-10 20:00:00,77.86,77.97,77.66,77.72,323097.85
2026-07-10 21:00:00,77.72,78.08,77.68,77.95,234342.85
2026-07-10 22:00:00,77.95,78.21,77.89,78.11,286701.26
2026-07-10 23:00:00,78.12,78.13,77.88,78.08,202606.58
2026-07-11 00:00:00,78.07,78.08,77.75,77.8,239706.11
2026-07-11 01:00:00,77.81,78.02,77.42,77.5,486950.25
2026-07-11 02:00:00,77.5,77.78,77.45,77.74,195436.5
2026-07-11 03:00:00,77.74,77.83,77.56,77.74,192332.78
2026-07-11 04:00:00,77.75,77.81,77.6,77.69,189887.32
2026-07-11 05:00:00,77.69,77.93,77.55,77.84,205550.38
2026-07-11 06:00:00,77.85,78.08,77.74,78.01,247447.88
2026-07-11 07:00:00,78.0,78.06,77.88,77.95,203841.02
2026-07-11 08:00:00,77.95,78.13,77.9,78.13,253358.61
2026-07-11 09:00:00,78.13,78.32,77.78,77.79,450987.92
2026-07-11 10:00:00,77.8,78.06,77.7,78.03,412406.32
2026-07-11 11:00:00,78.03,78.11,77.95,78.07,150884.13
2026-07-11 12:00:00,78.06,78.18,77.91,78.05,256034.72
2026-07-11 13:00:00,78.06,78.43,78.0,78.13,354221.28
2026-07-11 14:00:00,78.13,78.73,78.12,78.44,603987.02
2026-07-11 15:00:00,78.44,78.86,77.9,78.34,1237075.48
2026-07-11 16:00:00,78.35,78.37,77.62,77.91,1006748.61
2026-07-11 17:00:00,77.91,78.17,77.79,78.06,374587.41
2026-07-11 18:00:00,78.06,78.29,77.97,78.05,283623.0
2026-07-11 19:00:00,78.04,78.1,77.83,78.09,239076.4
2026-07-11 20:00:00,78.09,78.24,78.06,78.13,132056.64
2026-07-11 21:00:00,78.12,78.28,78.09,78.19,144517.19
2026-07-11 22:00:00,78.19,78.24,77.69,77.84,366728.52
2026-07-11 23:00:00,77.84,77.88,76.71,76.74,1520893.42
2026-07-12 00:00:00,76.73,76.83,75.6,76.06,1802093.11
2026-07-12 01:00:00,76.07,76.84,75.99,76.78,748908.71
2026-07-12 02:00:00,76.78,76.87,76.59,76.8,347110.3
2026-07-12 03:00:00,76.81,77.05,76.7,77.0,410635.7
2026-07-12 04:00:00,77.01,77.04,76.56,76.66,401425.26
2026-07-12 05:00:00,76.67,76.8,76.34,76.38,414494.05
2026-07-12 06:00:00,76.38,76.38,75.8,76.3,809896.11
2026-07-12 07:00:00,76.3,76.67,76.26,76.46,381487.81
2026-07-12 08:00:00,76.46,76.79,76.42,76.65,361837.21
2026-07-12 09:00:00,76.66,76.86,76.34,76.7,472302.83
2026-07-12 10:00:00,76.7,76.81,76.61,76.66,198458.83
2026-07-12 11:00:00,76.66,77.24,76.47,76.89,522376.99
2026-07-12 12:00:00,76.89,77.23,76.74,77.15,476637.26
2026-07-12 13:00:00,77.15,77.47,77.08,77.13,644534.48
2026-07-12 14:00:00,77.12,77.69,76.94,77.51,674265.46
2026-07-12 15:00:00,77.51,77.6,77.24,77.44,483386.63
2026-07-12 16:00:00,77.44,77.64,77.35,77.51,488767.66
2026-07-12 17:00:00,77.5,77.58,77.2,77.32,277293.86
2026-07-12 18:00:00,77.32,77.62,77.2,77.54,250704.98
2026-07-12 19:00:00,77.54,77.76,77.4,77.65,244022.34
2026-07-12 20:00:00,77.64,77.69,77.41,77.44,134023.6
2026-07-12 21:00:00,77.44,77.66,76.93,77.06,402905.75
2026-07-12 22:00:00,77.06,77.06,76.42,76.73,852537.13
2026-07-12 23:00:00,76.73,76.92,76.61,76.86,318417.27
2026-07-13 00:00:00,76.86,78.19,76.78,77.48,1759117.29
2026-07-13 01:00:00,77.48,77.63,76.24,76.28,1056538.01
2026-07-13 02:00:00,76.27,76.62,76.07,76.44,756606.48
2026-07-13 03:00:00,76.43,76.45,75.38,75.82,1265805.5
2026-07-13 04:00:00,75.82,76.09,75.66,75.87,478385.71
2026-07-13 05:00:00,75.88,76.44,75.67,76.35,777618.61
2026-07-13 06:00:00,76.35,76.55,76.23,76.3,389289.18
2026-07-13 07:00:00,76.3,76.65,76.18,76.4,427271.02
2026-07-13 08:00:00,76.41,76.86,76.31,76.69,512251.17
2026-07-13 09:00:00,76.69,76.7,76.55,76.58,272450.64
2026-07-13 10:00:00,76.59,76.59,76.05,76.24,677982.42
2026-07-13 11:00:00,76.24,76.55,76.24,76.31,422767.12
2026-07-13 12:00:00,76.31,76.38,75.7,75.82,718297.25
2026-07-13 13:00:00,75.82,75.91,75.06,75.37,1624238.53
2026-07-13 14:00:00,75.36,76.14,75.28,76.11,1544211.09
2026-07-13 15:00:00,76.11,76.28,75.7,75.78,646464.36
2026-07-13 16:00:00,75.78,76.02,75.15,75.24,843192.06
2026-07-13 17:00:00,75.25,75.43,74.46,74.55,1423992.93
2026-07-13 18:00:00,74.55,75.0,74.51,74.82,734559.74
2026-07-13 19:00:00,74.83,75.21,74.7,75.15,552676.09
2026-07-13 20:00:00,75.15,75.31,74.55,74.75,599903.72
2026-07-13 21:00:00,74.76,74.76,74.06,74.36,822134.81
2026-07-13 22:00:00,74.36,74.69,74.34,74.48,377018.76
2026-07-13 23:00:00,74.48,74.97,74.37,74.96,408820.0
2026-07-14 00:00:00,74.96,75.46,74.78,75.39,640829.1
2026-07-14 01:00:00,75.4,75.52,75.17,75.25,410427.69
2026-07-14 02:00:00,75.26,75.3,74.82,75.04,375359.33
2026-07-14 03:00:00,75.04,75.14,74.51,75.1,503027.94
2026-07-14 04:00:00,75.11,75.32,74.99,75.12,410580.57
2026-07-14 05:00:00,75.11,75.45,75.06,75.37,357437.45
2026-07-14 06:00:00,75.37,75.4,75.06,75.11,283282.33
2026-07-14 07:00:00,75.1,75.22,74.86,74.92,342811.96
2026-07-14 08:00:00,74.91,75.35,74.8,75.12,363327.9
2026-07-14 09:00:00,75.12,75.27,74.82,75.03,309383.41
2026-07-14 10:00:00,75.04,75.57,74.92,75.42,531400.33
2026-07-14 11:00:00,75.42,75.57,75.29,75.35,440958.03
2026-07-14 12:00:00,75.36,76.96,75.15,76.82,3000949.67
2026-07-14 13:00:00,76.83,77.71,76.46,76.91,2392861.31
2026-07-14 14:00:00,76.92,77.47,76.63,77.32,1243284.03
2026-07-14 15:00:00,77.33,78.0,77.14,77.35,1485417.18
2026-07-14 16:00:00,77.35,77.63,77.07,77.25,783955.02
2026-07-14 17:00:00,77.25,77.27,76.76,77.15,603112.47
2026-07-14 18:00:00,77.14,77.32,76.95,77.26,360555.98
2026-07-14 19:00:00,77.25,77.5,77.07,77.13,373633.22
2026-07-14 20:00:00,77.13,77.18,76.89,77.14,234960.11
2026-07-14 21:00:00,77.13,77.37,77.08,77.17,335624.79
2026-07-14 22:00:00,77.17,77.95,77.08,77.59,840585.66
2026-07-14 23:00:00,77.58,77.9,77.5,77.82,481917.44
2026-07-15 00:00:00,77.83,77.88,77.43,77.64,416541.08
2026-07-15 01:00:00,77.63,77.79,77.22,77.4,668342.67
2026-07-15 02:00:00,77.4,77.55,76.98,77.26,950369.57
2026-07-15 03:00:00,77.27,77.86,77.17,77.73,458729.67
2026-07-15 04:00:00,77.73,78.15,77.49,77.97,640637.02
2026-07-15 05:00:00,77.97,78.33,77.61,78.23,747140.25
2026-07-15 06:00:00,78.22,78.68,77.9,77.9,1511031.23
2026-07-15 07:00:00,77.9,77.97,77.36,77.36,692366.73
2026-07-15 08:00:00,77.37,77.58,77.2,77.53,619833.97
2026-07-15 09:00:00,77.53,77.87,77.39,77.43,373204.69
2026-07-15 10:00:00,77.44,77.68,77.16,77.33,526463.66
2026-07-15 11:00:00,77.33,77.48,77.29,77.48,222192.41
2026-07-15 12:00:00,77.48,78.28,77.21,78.25,1213062.52
2026-07-15 13:00:00,78.25,79.01,77.64,78.05,2529896.42
2026-07-15 14:00:00,78.06,78.34,77.73,78.17,1121976.37
2026-07-15 15:00:00,78.18,78.22,77.7,78.03,896172.12
2026-07-15 16:00:00,78.03,78.09,77.02,77.59,1217367.85
2026-07-15 17:00:00,77.59,78.0,77.45,77.78,588945.44
2026-07-15 18:00:00,77.77,78.04,77.46,77.55,489129.25
2026-07-15 19:00:00,77.55,77.66,76.86,77.14,729398.79
2026-07-15 20:00:00,77.14,77.5,77.06,77.35,334502.91
2026-07-15 21:00:00,77.34,77.49,77.19,77.39,192463.74
2026-07-15 22:00:00,77.38,77.7,77.25,77.47,363283.53
2026-07-15 23:00:00,77.47,77.58,77.16,77.23,315773.84
2026-07-16 00:00:00,77.23,77.44,76.64,76.9,898878.9
2026-07-16 01:00:00,76.89,77.11,76.66,77.05,710623.48
2026-07-16 02:00:00,77.04,77.11,76.81,77.08,270601.6
2026-07-16 03:00:00,77.08,77.23,76.75,76.9,382240.26
2026-07-16 04:00:00,76.89,76.97,76.51,76.76,530963.54
2026-07-16 05:00:00,76.76,77.47,76.68,77.42,747535.89
2026-07-16 06:00:00,77.43,77.59,77.06,77.3,544140.98
2026-07-16 07:00:00,77.31,77.31,76.15,76.39,1360985.39
2026-07-16 08:00:00,76.38,76.45,75.57,76.1,1784697.29
2026-07-16 09:00:00,76.11,76.21,75.94,75.97,368502.07
2026-07-16 10:00:00,75.98,76.3,75.95,76.16,290364.7
2026-07-16 11:00:00,76.15,76.24,75.97,76.23,408455.97
2026-07-16 12:00:00,76.22,76.25,75.63,75.87,722069.45
2026-07-16 13:00:00,75.87,76.59,75.86,76.32,992558.49
2026-07-16 14:00:00,76.32,76.75,76.13,76.47,828095.14
2026-07-16 15:00:00,76.47,76.85,75.95,76.6,904571.95
2026-07-16 16:00:00,76.59,76.6,76.05,76.24,520377.75
2026-07-16 17:00:00,76.24,76.24,75.34,75.56,937043.29
2026-07-16 18:00:00,75.56,75.9,75.37,75.69,898850.59
2026-07-16 19:00:00,75.68,75.9,75.57,75.77,344483.56
2026-07-16 20:00:00,75.77,75.86,75.67,75.76,211506.48
2026-07-16 21:00:00,75.75,76.04,75.73,75.91,216234.61
2026-07-16 22:00:00,75.91,76.0,75.13,75.29,581104.35
2026-07-16 23:00:00,75.29,75.37,74.95,75.27,683669.87
2026-07-17 00:00:00,75.27,75.52,74.87,75.51,528934.75
2026-07-17 01:00:00,75.51,75.71,74.92,75.06,574460.23
2026-07-17 02:00:00,75.06,75.24,74.68,74.94,715220.34
2026-07-17 03:00:00,74.95,75.43,74.94,75.19,436522.48
2026-07-17 04:00:00,75.18,75.3,74.7,75.19,599339.4
2026-07-17 05:00:00,75.18,75.18,74.22,74.35,1215843.56
2026-07-17 06:00:00,74.34,74.73,74.25,74.55,555631.86
2026-07-17 07:00:00,74.55,74.72,74.36,74.57,385840.11
2026-07-17 08:00:00,74.57,74.65,74.14,74.47,479631.84
2026-07-17 09:00:00,74.48,74.76,74.42,74.6,310878.78
2026-07-17 10:00:00,74.61,74.83,74.57,74.73,410378.52
2026-07-17 11:00:00,74.74,74.97,74.58,74.8,398991.0
2026-07-17 12:00:00,74.81,74.83,74.32,74.34,429405.75
2026-07-17 13:00:00,74.35,74.35,73.32,74.29,2289858.38
2026-07-17 14:00:00,74.28,74.79,74.04,74.28,1319929.12
2026-07-17 15:00:00,74.28,74.75,73.76,74.74,927736.68
2026-07-17 16:00:00,74.74,75.09,74.55,74.91,800417.18
2026-07-17 17:00:00,74.9,75.58,74.9,75.2,800543.48
2026-07-17 18:00:00,75.2,75.38,74.93,75.3,492703.59
2026-07-17 19:00:00,75.29,75.34,74.82,75.16,407829.71
2026-07-17 20:00:00,75.16,75.17,74.84,75.06,253039.81
2026-07-17 21:00:00,75.05,75.2,74.91,74.98,194779.93
2026-07-17 22:00:00,74.99,75.09,74.8,74.99,180460.51
2026-07-17 23:00:00,74.98,75.1,74.81,75.0,169620.53
2026-07-18 00:00:00,74.99,75.23,74.94,75.06,192146.86
2026-07-18 01:00:00,75.06,75.2,75.01,75.18,157948.51
2026-07-18 02:00:00,75.18,75.42,75.1,75.17,242185.86
2026-07-18 03:00:00,75.17,75.35,75.11,75.34,133516.12
2026-07-18 04:00:00,75.33,75.35,75.01,75.07,139670.48
2026-07-18 05:00:00,75.06,75.08,74.83,74.9,232141.46
2026-07-18 06:00:00,74.9,75.06,74.88,74.94,149269.33
2026-07-18 07:00:00,74.93,75.02,74.86,74.93,159010.49
2026-07-18 08:00:00,74.93,74.99,74.74,74.93,224795.51
2026-07-18 09:00:00,74.93,74.97,74.61,74.81,316292.36
2026-07-18 10:00:00,74.8,74.91,74.75,74.86,157038.64
2026-07-18 11:00:00,74.85,74.98,74.84,74.91,172717.67
2026-07-18 12:00:00,74.91,75.15,74.68,74.95,386235.15
2026-07-18 13:00:00,74.95,74.96,74.46,74.69,383999.47
2026-07-18 14:00:00,74.7,74.97,74.61,74.95,324804.8
2026-07-18 15:00:00,74.96,75.01,74.76,74.92,204918.76
2026-07-18 16:00:00,74.93,75.25,74.8,75.12,349762.68
2026-07-18 17:00:00,75.12,75.37,75.02,75.31,329273.82
2026-07-18 18:00:00,75.31,75.6,75.15,75.24,546682.26
2026-07-18 19:00:00,75.24,75.41,75.18,75.4,234302.62
2026-07-18 20:00:00,75.41,75.55,75.29,75.43,194716.0
2026-07-18 21:00:00,75.42,75.6,75.3,75.44,200422.09
2026-07-18 22:00:00,75.44,75.58,75.34,75.52,188896.88
2026-07-18 23:00:00,75.52,75.54,75.36,75.46,158783.56
2026-07-19 00:00:00,75.47,75.64,75.4,75.59,233470.39
2026-07-19 01:00:00,75.59,75.7,75.48,75.64,264630.72
2026-07-19 02:00:00,75.64,76.56,75.63,76.16,1107515.14
2026-07-19 03:00:00,76.16,76.42,75.76,75.92,429560.49
2026-07-19 04:00:00,75.92,76.05,75.68,75.95,265139.1
2026-07-19 05:00:00,75.96,76.07,75.85,75.94,154589.43
2026-07-19 06:00:00,75.94,76.11,75.9,76.08,180041.26
2026-07-19 07:00:00,76.07,76.3,75.96,76.11,239865.18
2026-07-19 08:00:00,76.11,76.34,76.03,76.23,200103.21
2026-07-19 09:00:00,76.23,76.27,75.88,75.96,264870.56
2026-07-19 10:00:00,75.95,76.49,75.86,76.23,275078.54
2026-07-19 11:00:00,76.23,76.38,76.01,76.04,222105.25
2026-07-19 12:00:00,76.03,76.15,75.7,75.99,506073.57
2026-07-19 13:00:00,75.99,76.12,75.84,76.07,240086.19
2026-07-19 14:00:00,76.06,76.67,76.01,76.38,612579.04
2026-07-19 15:00:00,76.37,76.45,76.06,76.18,313004.47
2026-07-19 16:00:00,76.17,76.26,75.83,75.87,325693.21
2026-07-19 17:00:00,75.88,76.19,75.5,75.92,481726.06
2026-07-19 18:00:00,75.92,75.94,75.31,75.72,555729.23
2026-07-19 19:00:00,75.73,75.86,75.59,75.84,174204.84
2026-07-19 20:00:00,75.85,76.11,75.83,76.11,225395.17
2026-07-19 21:00:00,76.11,76.21,75.67,75.74,309332.98
2026-07-19 22:00:00,75.74,76.38,75.58,76.05,625746.08
2026-07-19 23:00:00,76.06,76.56,75.84,76.34,536458.03
2026-07-20 00:00:00,76.34,77.1,76.08,76.52,1342654.95
2026-07-20 01:00:00,76.53,77.39,76.23,76.35,1052934.31
2026-07-20 02:00:00,76.34,77.16,76.31,76.94,725708.77
2026-07-20 03:00:00,76.93,77.06,76.48,76.71,339216.91
2026-07-20 04:00:00,76.71,76.91,76.24,76.41,497885.07
2026-07-20 05:00:00,76.42,76.46,75.73,75.88,913264.62
2026-07-20 06:00:00,75.88,76.0,75.45,75.6,755296.82
2026-07-20 07:00:00,75.6,76.21,75.48,76.18,440208.2
2026-07-20 08:00:00,76.18,76.4,75.85,76.11,689143.78
2026-07-20 09:00:00,76.1,76.7,76.03,76.43,470525.94
2026-07-20 10:00:00,76.42,76.66,76.29,76.3,328395.15
2026-07-20 11:00:00,76.31,77.21,76.26,77.1,1165709.15
2026-07-20 12:00:00,77.09,77.12,76.62,76.7,771439.32
2026-07-20 13:00:00,76.7,77.1,76.08,76.25,1023858.41
2026-07-20 14:00:00,76.24,76.42,75.73,76.11,1039599.66
2026-07-20 15:00:00,76.1,77.91,76.06,77.73,1975263.8
2026-07-20 16:00:00,77.73,77.86,77.42,77.64,1031630.7
2026-07-20 17:00:00,77.63,77.88,77.33,77.71,516649.97
2026-07-20 18:00:00,77.71,78.37,77.56,77.63,1370745.53
2026-07-20 19:00:00,77.63,77.7,77.26,77.6,832853.25
2026-07-20 20:00:00,77.61,78.02,77.51,77.85,343896.79
2026-07-20 21:00:00,77.86,78.01,77.68,77.71,214184.52
2026-07-20 22:00:00,77.7,77.81,77.4,77.43,288938.09
2026-07-20 23:00:00,77.43,77.85,77.4,77.8,215877.96
2026-07-21 00:00:00,77.81,78.26,77.71,78.07,476860.22
2026-07-21 01:00:00,78.08,78.2,77.79,77.81,345622.29
2026-07-21 02:00:00,77.81,78.23,77.63,77.99,321415.12
2026-07-21 03:00:00,77.99,78.53,77.98,78.15,574297.28
2026-07-21 04:00:00,78.15,78.37,77.98,78.08,443380.22
2026-07-21 05:00:00,78.08,78.65,78.07,78.41,481783.9
2026-07-21 06:00:00,78.4,78.87,78.25,78.62,686883.57
2026-07-21 07:00:00,78.62,78.73,78.43,78.53,439163.65
2026-07-21 08:00:00,78.53,78.72,78.29,78.31,568618.65
2026-07-21 09:00:00,78.32,78.46,78.11,78.37,397226.65
2026-07-21 10:00:00,78.38,78.45,78.02,78.16,515710.94
2026-07-21 11:00:00,78.16,78.39,78.06,78.31,343461.22
2026-07-21 12:00:00,78.32,78.52,78.23,78.49,603856.04
2026-07-21 13:00:00,78.49,78.61,78.16,78.55,662576.96
2026-07-21 14:00:00,78.56,78.61,77.82,77.97,1031724.56
2026-07-21 15:00:00,77.96,78.13,77.73,78.11,626761.97
2026-07-21 16:00:00,78.11,78.21,77.92,78.16,366964.67
2026-07-21 17:00:00,78.16,78.2,77.39,77.69,670919.69
2026-07-21 18:00:00,77.69,77.96,77.57,77.82,311107.4
2026-07-21 19:00:00,77.82,77.97,77.67,77.84,310191.42
2026-07-21 20:00:00,77.83,78.09,77.76,77.86,389397.04
2026-07-21 21:00:00,77.85,78.1,77.75,78.0,275086.68
2026-07-21 22:00:00,77.99,78.04,77.8,77.95,215310.38
2026-07-21 23:00:00,77.95,78.16,77.77,78.1,242371.51
2026-07-22 00:00:00,78.1,78.57,78.07,78.4,543678.26
2026-07-22 01:00:00,78.41,78.48,78.1,78.3,395571.46
2026-07-22 02:00:00,78.3,78.48,78.04,78.07,266189.07
2026-07-22 03:00:00,78.07,78.19,77.76,77.82,370862.1
2026-07-22 04:00:00,77.82,78.19,77.78,78.02,342726.83
2026-07-22 05:00:00,78.02,78.04,77.35,77.39,809385.18
2026-07-22 06:00:00,77.38,77.47,76.95,77.26,1048483.61
2026-07-22 07:00:00,77.26,77.29,76.94,77.06,515602.53
2026-07-22 08:00:00,77.06,77.48,77.0,77.38,485655.89
2026-07-22 09:00:00,77.38,77.54,77.24,77.51,322806.97
2026-07-22 10:00:00,77.51,77.7,77.4,77.63,356733.76
2026-07-22 11:00:00,77.64,77.77,77.44,77.53,357409.8
2026-07-22 12:00:00,77.52,77.53,76.97,77.19,539588.3
2026-07-22 13:00:00,77.2,77.93,77.09,77.84,972117.31
2026-07-22 14:00:00,77.83,78.4,77.36,77.86,1158723.17
2026-07-22 15:00:00,77.86,78.85,77.85,78.43,1463866.61
2026-07-22 16:00:00,78.43,78.78,78.06,78.54,801583.27
2026-07-22 17:00:00,78.54,78.62,78.1,78.17,484624.24
2026-07-22 18:00:00,78.17,78.26,77.41,77.7,842864.05
2026-07-22 19:00:00,77.7,77.77,77.26,77.61,493987.3
2026-07-22 20:00:00,77.61,77.91,77.52,77.75,428881.03
2026-07-22 21:00:00,77.75,78.02,77.62,77.98,293730.74
2026-07-22 22:00:00,77.99,78.08,77.66,77.96,429782.31
2026-07-22 23:00:00,77.96,77.98,77.44,77.93,417445.1
2026-07-23 00:00:00,77.93,78.5,77.93,78.21,664583.45
2026-07-23 01:00:00,78.21,78.38,77.82,77.84,431983.09
2026-07-23 02:00:00,77.84,77.86,77.34,77.7,532127.1
2026-07-23 03:00:00,77.71,77.74,77.42,77.56,268220.9
2026-07-23 04:00:00,77.55,77.78,77.39,77.48,462489.37
2026-07-23 05:00:00,77.49,77.68,77.35,77.48,296011.08
2026-07-23 06:00:00,77.49,77.54,77.31,77.52,245325.55
2026-07-23 07:00:00,77.52,77.52,76.98,77.11,770957.69
2026-07-23 08:00:00,77.12,77.45,77.06,77.42,394513.58
2026-07-23 09:00:00,77.42,77.61,77.35,77.45,275561.87
2026-07-23 10:00:00,77.45,77.77,77.38,77.7,313454.42
2026-07-23 11:00:00,77.7,77.83,77.56,77.62,342117.45
2026-07-23 12:00:00,77.63,77.71,76.43,76.9,1665801.75
2026-07-23 13:00:00,76.89,77.01,76.51,76.64,1063609.1
2026-07-23 14:00:00,76.65,76.84,76.24,76.38,963195.57
2026-07-23 15:00:00,76.39,76.41,75.8,76.33,1758725.11
2026-07-23 16:00:00,76.33,76.34,75.8,75.96,889511.2
2026-07-23 17:00:00,75.96,76.14,75.44,75.61,746923.52
2026-07-23 18:00:00,75.61,75.81,75.51,75.76,477126.94
2026-07-23 19:00:00,75.77,75.81,75.37,75.7,492868.59
2026-07-23 20:00:00,75.69,76.15,75.65,76.09,381621.0
2026-07-23 21:00:00,76.09,76.24,75.89,76.01,364294.98
2026-07-23 22:00:00,76.02,76.21,75.81,76.14,336261.43
2026-07-23 23:00:00,76.15,76.21,75.83,75.83,265597.33
2026-07-24 00:00:00,75.84,75.86,75.49,75.78,593517.94
2026-07-24 01:00:00,75.78,76.09,75.63,75.65,333024.05
2026-07-24 02:00:00,75.66,75.89,75.23,75.5,454591.05
2026-07-24 03:00:00,75.49,75.93,75.43,75.8,404791.53
2026-07-24 04:00:00,75.79,75.82,75.57,75.63,259942.36
2026-07-24 05:00:00,75.63,75.88,75.55,75.75,430874.61
2026-07-24 06:00:00,75.75,75.98,75.69,75.8,329102.59
2026-07-24 07:00:00,75.81,76.42,75.73,76.02,874732.81
2026-07-24 08:00:00,76.03,76.04,75.66,75.73,451655.09
2026-07-24 09:00:00,75.73,75.79,75.32,75.57,723222.59
2026-07-24 10:00:00,75.58,75.61,75.33,75.43,309237.38
2026-07-24 11:00:00,75.44,75.47,74.86,75.15,914968.45
2026-07-24 12:00:00,75.15,75.25,74.74,74.81,521263.73
2026-07-24 13:00:00,74.81,74.88,73.93,74.17,1995795.0
2026-07-24 14:00:00,74.17,74.22,73.55,73.99,1615495.69
2026-07-24 15:00:00,73.98,74.25,73.63,73.98,1127432.05
2026-07-24 16:00:00,73.98,74.16,73.66,73.86,601840.48
2026-07-24 17:00:00,73.85,74.11,73.8,73.99,393606.9
2026-07-24 18:00:00,74.0,74.03,73.84,73.92,243108.65
2026-07-24 19:00:00,73.92,74.01,73.73,73.91,359320.88
2026-07-24 20:00:00,73.92,73.98,73.67,73.73,257809.28
2026-07-24 21:00:00,73.73,73.79,73.36,73.61,786118.68
2026-07-24 22:00:00,73.6,73.95,73.6,73.9,356395.13
2026-07-24 23:00:00,73.9,74.0,73.81,73.93,229799.47
2026-07-25 00:00:00,73.92,74.11,73.9,74.08,321079.77
2026-07-25 01:00:00,74.09,74.23,73.97,74.09,325335.29
2026-07-25 02:00:00,74.1,74.18,74.01,74.07,169327.52
2026-07-25 03:00:00,74.07,74.29,74.01,74.09,300539.75
2026-07-25 04:00:00,74.09,74.32,74.09,74.28,287132.05
2026-07-25 05:00:00,74.28,74.32,73.86,73.94,389807.21
2026-07-25 06:00:00,73.95,74.0,73.72,73.99,375310.24
2026-07-25 07:00:00,74.0,74.02,73.74,73.75,208314.05
2026-07-25 08:00:00,73.74,73.83,73.5,73.76,458915.28
2026-07-25 09:00:00,73.76,74.0,73.71,73.95,268709.64
2026-07-25 10:00:00,73.95,73.99,73.86,73.94,171762.86
2026-07-25 11:00:00,73.94,74.0,73.8,73.88,179786.89
2026-07-25 12:00:00,73.88,73.94,73.81,73.94,217921.79
2026-07-25 13:00:00,73.93,74.17,73.9,73.93,363333.88
2026-07-25 14:00:00,73.93,74.03,73.73,74.0,465918.94
2026-07-25 15:00:00,74.0,74.28,73.95,74.13,476498.49
2026-07-25 16:00:00,74.12,74.39,74.04,74.28,448058.93
2026-07-25 17:00:00,74.28,74.64,74.25,74.42,536159.87
2026-07-25 18:00:00,74.43,74.67,74.43,74.62,338542.17
2026-07-25 19:00:00,74.62,74.69,74.49,74.52,257127.49
2026-07-25 20:00:00,74.53,74.54,74.35,74.4,259697.56
2026-07-25 21:00:00,74.39,74.57,74.23,74.43,262170.69
2026-07-25 22:00:00,74.43,74.5,74.26,74.46,213984.3
2026-07-25 23:00:00,74.46,74.5,74.37,74.49,173425.52
2026-07-26 00:00:00,74.48,74.93,74.44,74.75,548831.64
2026-07-26 01:00:00,74.75,74.87,74.64,74.8,188194.92
2026-07-26 02:00:00,74.8,74.9,74.68,74.86,206035.98
2026-07-26 03:00:00,74.85,75.03,74.78,75.0,358857.02
2026-07-26 04:00:00,74.99,75.2,74.9,75.04,392594.31
2026-07-26 05:00:00,75.04,75.15,74.91,74.98,270971.41
2026-07-26 06:00:00,74.97,75.1,74.69,75.09,388805.45
2026-07-26 07:00:00,75.09,75.12,74.81,74.84,249417.34
2026-07-26 08:00:00,74.84,75.02,74.8,74.96,181164.22
2026-07-26 09:00:00,74.95,75.25,74.95,75.03,398794.23
2026-07-26 10:00:00,75.03,75.22,74.99,75.09,187976.52
2026-07-26 11:00:00,75.08,75.14,74.86,74.91,308060.99
2026-07-26 12:00:00,74.91,75.11,74.77,74.83,294540.65
2026-07-26 13:00:00,74.83,74.94,74.73,74.9,304768.61
2026-07-26 14:00:00,74.89,75.2,74.84,75.01,457854.06
2026-07-26 15:00:00,75.01,75.47,74.92,75.45,619204.45
2026-07-26 16:00:00,75.45,75.96,75.26,75.5,871451.18
2026-07-26 17:00:00,75.49,75.56,75.25,75.35,318543.4
2026-07-26 18:00:00,75.34,75.41,75.23,75.36,191002.85
2026-07-26 19:00:00,75.35,75.42,75.2,75.3,166921.81
2026-07-26 20:00:00,75.3,75.37,75.27,75.31,93828.98
2026-07-26 21:00:00,75.31,75.74,75.28,75.62,262408.76
2026-07-26 22:00:00,75.62,76.79,75.62,76.69,1785052.75
2026-07-26 23:00:00,76.69,77.08,76.47,76.74,1085385.59
2026-07-27 00:00:00,76.75,76.78,76.16,76.31,646457.0
2026-07-27 01:00:00,76.32,76.5,75.93,76.49,634147.4
2026-07-27 02:00:00,76.49,76.63,76.32,76.39,359429.34
2026-07-27 03:00:00,76.4,76.51,76.28,76.37,257730.95
2026-07-27 04:00:00,76.38,76.6,76.23,76.27,308694.56
2026-07-27 05:00:00,76.28,76.6,76.22,76.53,316085.51
2026-07-27 06:00:00,76.52,76.96,76.49,76.69,745375.81
2026-07-27 07:00:00,76.69,76.73,76.35,76.43,360353.45
2026-07-27 08:00:00,76.44,76.48,76.19,76.26,301270.68
2026-07-27 09:00:00,76.27,76.53,76.08,76.44,338969.59
2026-07-27 10:00:00,76.44,76.65,76.37,76.59,259973.86
2026-07-27 11:00:00,76.59,76.65,76.45,76.49,292628.35
2026-07-27 12:00:00,76.49,77.05,76.21,76.82,1284584.9
2026-07-27 13:00:00,76.83,77.48,76.42,76.88,1717684.75
2026-07-27 14:00:00,76.88,76.97,74.97,75.44,2676904.64
2026-07-27 15:00:00,75.44,75.58,75.03,75.22,738129.36
2026-07-27 16:00:00,75.23,75.94,75.1,75.91,799398.37
2026-07-27 17:00:00,75.9,76.21,75.77,75.86,563315.15
2026-07-27 18:00:00,75.86,75.96,75.22,75.57,597969.76
2026-07-27 19:00:00,75.58,76.02,75.45,75.94,501412.01
2026-07-27 20:00:00,75.95,76.1,75.76,75.93,291961.29
2026-07-27 21:00:00,75.94,75.96,75.47,75.57,273010.06
2026-07-27 22:00:00,75.58,75.59,73.96,74.01,1556226.88
2026-07-27 23:00:00,74.01,74.37,73.68,74.16,1046832.3
2026-07-28 00:00:00,74.16,74.26,73.62,73.68,856490.39
2026-07-28 01:00:00,73.68,73.71,72.8,73.14,1865964.76
2026-07-28 02:00:00,73.15,73.41,73.01,73.32,688623.03
2026-07-28 03:00:00,73.33,73.37,73.11,73.24,435562.64
2026-07-28 04:00:00,73.25,73.25,72.93,73.15,602797.5
2026-07-28 05:00:00,73.16,73.5,73.14,73.2,460000.51
2026-07-28 06:00:00,73.21,73.45,73.08,73.41,483174.11
2026-07-28 07:00:00,73.41,73.45,73.09,73.24,330921.02
2026-07-28 08:00:00,73.25,73.4,73.1,73.31,331963.99
2026-07-28 09:00:00,73.32,73.47,73.16,73.21,327206.52
2026-07-28 10:00:00,73.21,73.3,73.08,73.1,490304.78
2026-07-28 11:00:00,73.1,73.31,72.82,73.14,790979.03
2026-07-28 12:00:00,73.14,73.42,73.08,73.33,534089.51
2026-07-28 13:00:00,73.32,73.4,72.3,72.67,1779793.35
2026-07-28 14:00:00,72.67,73.45,72.49,73.37,1301470.09
2026-07-28 15:00:00,73.38,74.55,73.25,74.31,2116722.69
2026-07-28 16:00:00,74.31,74.54,74.0,74.38,712672.6
2026-07-28 17:00:00,74.39,74.4,73.51,73.79,857335.62
2026-07-28 18:00:00,73.79,74.03,73.76,73.85,304174.46
2026-07-28 19:00:00,73.85,74.36,73.79,74.29,490694.56
2026-07-28 20:00:00,74.29,74.34,73.97,74.01,423850.49
2026-07-28 21:00:00,74.01,74.36,73.96,74.11,335890.89
2026-07-28 22:00:00,74.11,74.2,73.39,73.4,593542.13
2026-07-28 23:00:00,73.41,73.81,73.13,73.77,800050.09
2026-07-29 00:00:00,73.77,74.15,73.72,73.75,606296.16
2026-07-29 01:00:00,73.74,73.77,73.18,73.24,462882.5
2026-07-29 02:00:00,73.24,73.96,73.02,73.66,749192.36
2026-07-29 03:00:00,73.66,73.72,72.95,73.03,488724.85
2026-07-29 04:00:00,73.04,73.46,72.66,73.41,1017112.36
2026-07-29 05:00:00,73.41,73.76,73.3,73.64,470410.36
2026-07-29 06:00:00,73.64,74.06,73.48,74.04,527467.73
2026-07-29 07:00:00,74.04,74.25,73.94,74.21,380759.39
2026-07-29 08:00:00,74.21,74.3,73.66,73.9,677586.22
2026-07-29 09:00:00,73.91,74.29,73.87,74.09,306833.08
2026-07-29 10:00:00,74.1,74.11,73.75,73.87,341797.44
2026-07-29 11:00:00,73.88,74.06,73.79,73.91,209809.86
2026-07-29 12:00:00,73.91,73.92,73.41,73.48,484247.54
2026-07-29 13:00:00,73.48,73.74,73.3,73.69,768066.56
2026-07-29 14:00:00,73.69,73.89,73.04,73.23,985406.41
2026-07-29 15:00:00,73.22,73.42,72.93,73.08,603629.62
2026-07-29 16:00:00,73.08,73.33,72.88,73.24,786050.43
2026-07-29 17:00:00,73.24,73.92,73.13,73.91,926469.99
2026-07-29 18:00:00,73.91,74.5,73.4,74.21,2258256.87
2026-07-29 19:00:00,74.2,74.34,72.68,72.71,1503587.43
2026-07-29 20:00:00,72.71,73.17,72.39,72.6,1316863.4
2026-07-29 21:00:00,72.61,73.14,72.26,73.14,979501.74
2026-07-29 22:00:00,73.14,73.78,73.14,73.61,868176.83
2026-07-29 23:00:00,73.6,73.71,73.38,73.65,330390.88
2026-07-30 00:00:00,73.65,73.84,73.1,73.27,587951.1
2026-07-30 01:00:00,73.28,74.18,73.23,73.99,695285.46
2026-07-30 02:00:00,74.0,74.12,73.78,73.81,294343.89
2026-07-30 03:00:00,73.81,73.98,73.62,73.68,262177.85
2026-07-30 04:00:00,73.68,73.71,73.46,73.48,308566.4
2026-07-30 05:00:00,73.48,73.84,73.38,73.66,290774.37
2026-07-30 06:00:00,73.66,73.73,73.45,73.49,228355.93
2026-07-30 07:00:00,73.5,73.78,73.35,73.39,330157.4
2026-07-30 08:00:00,73.38,73.8,73.26,73.78,335121.66
2026-07-30 09:00:00,73.78,74.19,73.77,74.02,530800.57
2026-07-30 10:00:00,74.01,74.17,73.79,73.87,359724.2
2026-07-30 11:00:00,73.88,74.3,73.86,74.18,430263.51
2026-07-30 12:00:00,74.18,74.45,74.04,74.36,772447.17
2026-07-30 13:00:00,74.36,74.89,74.08,74.64,1282092.32
2026-07-30 14:00:00,74.64,74.75,74.25,74.59,1088455.43
2026-07-30 15:00:00,74.59,74.84,74.43,74.61,743967.46
2026-07-30 16:00:00,74.61,74.81,74.42,74.54,608877.63
2026-07-30 17:00:00,74.55,74.86,74.38,74.73,420960.62
2026-07-30 18:00:00,74.72,74.95,74.45,74.48,410743.36
2026-07-30 19:00:00,74.48,74.81,74.48,74.75,385385.16
2026-07-30 20:00:00,74.75,74.89,74.4,74.45,434233.8
2026-07-30 21:00:00,74.45,74.58,74.4,74.46,228796.72
2026-07-30 22:00:00,74.46,74.86,74.37,74.71,394848.3
2026-07-30 23:00:00,74.72,74.96,74.42,74.46,765632.55
2026-07-31 00:00:00,74.46,74.62,74.4,74.46,379676.75
2026-07-31 01:00:00,74.46,75.28,74.25,74.36,1412983.65
2026-07-31 02:00:00,74.36,74.53,74.04,74.11,662374.38
2026-07-31 03:00:00,74.11,74.33,73.83,74.11,568519.67
2026-07-31 04:00:00,74.1,74.12,73.69,73.79,623736.23
2026-07-31 05:00:00,73.79,74.29,73.79,74.2,624266.21
2026-07-31 06:00:00,74.21,74.51,73.97,74.06,677686.0
2026-07-31 07:00:00,74.06,74.06,73.46,73.64,889972.73
2026-07-31 08:00:00,73.65,73.77,73.49,73.62,410359.54
2026-07-31 09:00:00,73.63,73.67,73.35,73.44,507838.41
2026-07-31 10:00:00,73.45,73.62,73.25,73.52,492614.44
2026-07-31 11:00:00,73.52,73.69,73.43,73.52,289108.38
2026-07-31 12:00:00,73.52,73.61,73.34,73.58,415431.93
2026-07-31 13:00:00,73.59,73.78,73.13,73.25,1057647.81
2026-07-31 14:00:00,73.25,73.67,72.75,73.01,2678845.54
2026-07-31 15:00:00,73.01,73.19,72.83,73.06,771140.32
2026-07-31 16:00:00,73.05,73.31,72.95,73.27,472488.67
2026-07-31 17:00:00,73.27,73.42,73.14,73.34,438493.28
2026-07-31 18:00:00,73.34,73.46,72.9,73.08,395042.12
2026-07-31 19:00:00,73.08,73.26,72.88,73.05,380772.95
2026-07-31 20:00:00,73.05,73.2,72.9,72.92,386911.68
2026-07-31 21:00:00,72.93,73.07,72.52,72.69,421230.32
2026-07-31 22:00:00,72.69,72.92,72.63,72.81,326219.58
2026-07-31 23:00:00,72.81,72.94,72.76,72.83,226038.29
2026-08-01 00:00:00,72.83,73.12,72.83,72.98,307246.53
2026-08-01 01:00:00,72.99,73.11,72.95,73.02,243053.34
2026-08-01 02:00:00,73.02,73.13,72.97,73.05,271017.6
2026-08-01 03:00:00,73.05,73.07,72.83,73.01,283562.12
2026-08-01 04:00:00,73.01,73.18,73.0,73.13,157978.02
2026-08-01 05:00:00,73.13,73.17,72.83,72.91,276537.68
2026-08-01 06:00:00,72.91,73.0,72.85,72.95,191085.06
2026-08-01 07:00:00,72.95,73.08,72.87,72.93,178873.8
2026-08-01 08:00:00,72.93,73.05,72.91,72.99,185708.02
2026-08-01 09:00:00,72.99,73.05,72.79,72.8,203388.57
2026-08-01 10:00:00,72.8,72.86,72.62,72.8,293807.14
2026-08-01 11:00:00,72.8,72.87,72.74,72.85,191371.62
2026-08-01 12:00:00,72.85,72.91,72.83,72.89,160415.97
2026-08-01 13:00:00,72.89,72.96,72.86,72.93,223501.35
2026-08-01 14:00:00,72.94,73.02,72.83,72.99,252176.67
2026-08-01 15:00:00,72.99,73.0,72.68,72.75,357711.2
2026-08-01 16:00:00,72.75,72.91,72.4,72.66,722693.99
2026-08-01 17:00:00,72.67,72.75,71.57,71.88,2219229.54
2026-08-01 18:00:00,71.88,71.93,70.51,71.04,3012316.76
2026-08-01 19:00:00,71.04,71.33,71.0,71.21,554987.01
2026-08-01 20:00:00,71.21,71.52,71.14,71.51,432899.47
2026-08-01 21:00:00,71.52,71.83,71.5,71.81,331737.53
2026-08-01 22:00:00,71.81,71.99,71.81,71.88,302170.89
2026-08-01 23:00:00,71.87,72.07,71.79,71.91,311909.74
2026-08-02 00:00:00,71.91,72.12,71.89,72.07,282354.52
2026-08-02 01:00:00,72.08,72.74,72.07,72.62,831408.44
2026-08-02 02:00:00,72.63,73.38,72.55,73.1,1305073.8
2026-08-02 03:00:00,73.1,73.22,73.04,73.17,399468.78
2026-08-02 04:00:00,73.17,73.52,73.17,73.5,470138.16
2026-08-02 05:00:00,73.49,73.63,73.42,73.57,641970.78
2026-08-02 06:00:00,73.56,73.63,73.4,73.43,340577.32
2026-08-02 07:00:00,73.43,73.48,73.37,73.44,259332.33
2026-08-02 08:00:00,73.43,73.51,73.13,73.16,584743.11
2026-08-02 09:00:00,73.16,73.39,72.92,73.35,479352.82
2026-08-02 10:00:00,73.34,73.36,73.11,73.24,296774.82
2026-08-02 11:00:00,73.24,73.28,72.91,72.97,390817.32
2026-08-02 12:00:00,72.96,73.2,72.86,72.86,356948.35
2026-08-02 13:00:00,72.87,72.98,72.65,72.93,491972.62
2026-08-02 14:00:00,72.93,73.2,72.88,73.05,389957.95
2026-08-02 15:00:00,73.05,73.18,72.97,72.99,216196.79
2026-08-02 17:00:00,73.11,73.36,73.05,73.27,256879.57
2026-08-02 18:00:00,73.28,73.82,73.2,73.52,649421.37
2026-08-02 19:00:00,73.52,73.76,73.49,73.68,314433.9
2026-08-02 20:00:00,73.68,73.71,73.52,73.66,213812.95
2026-08-02 21:00:00,73.65,74.32,73.64,73.95,683888.14
2026-08-02 22:00:00,73.96,74.19,73.6,73.61,578545.9
2026-08-02 23:00:00,73.61,73.63,73.42,73.61,381593.38
2026-08-03 00:00:00,73.61,73.64,73.14,73.2,482792.56
2026-08-03 01:00:00,73.19,73.23,72.9,72.96,570100.55
2026-08-03 02:00:00,72.97,73.12,72.86,72.99,372524.57
2026-08-03 03:00:00,72.99,73.08,72.63,72.85,405436.5
2026-08-03 04:00:00,72.85,73.03,72.79,72.81,319606.17
2026-08-03 05:00:00,72.82,73.02,72.79,72.88,325301.88
2026-08-03 06:00:00,72.89,72.95,72.48,72.58,536363.98
2026-08-03 07:00:00,72.57,72.66,72.4,72.48,550709.33
2026-08-03 08:00:00,72.49,72.53,71.87,72.32,1042713.38
2026-08-03 09:00:00,72.33,72.77,72.29,72.7,459093.57
2026-08-03 10:00:00,72.7,72.77,72.49,72.57,371829.8
2026-08-03 11:00:00,72.57,72.62,72.35,72.42,375948.91
2026-08-03 12:00:00,72.42,72.53,72.29,72.38,363743.38
2026-08-03 13:00:00,72.38,73.25,72.29,73.22,1320541.13
2026-08-03 14:00:00,73.22,73.78,72.98,73.76,1922489.5
2026-08-03 15:00:00,73.76,73.79,73.38,73.57,1064389.81
2026-08-03 16:00:00,73.58,73.78,73.2,73.39,800796.47
2026-08-03 17:00:00,73.4,73.84,73.28,73.66,545744.35
2026-08-03 18:00:00,73.67,74.27,73.66,73.94,783950.88
2026-08-03 19:00:00,73.95,74.15,73.92,73.99,396046.43
2026-08-03 20:00:00,74.0,74.13,73.74,73.83,362522.48
2026-08-03 21:00:00,73.83,73.85,73.63,73.68,272916.52
2026-08-03 22:00:00,73.69,73.71,73.33,73.52,463363.01
2026-08-03 23:00:00,73.52,73.54,73.36,73.54,236654.1
2026-08-04 00:00:00,73.53,73.6,73.02,73.06,654131.27
2026-08-04 01:00:00,73.06,73.76,73.02,73.74,633821.95
2026-08-04 02:00:00,73.75,74.1,73.64,73.85,626715.75
2026-08-04 03:00:00,73.84,73.88,73.44,73.66,420649.29
2026-08-04 04:00:00,73.66,74.08,73.56,73.79,463248.63
2026-08-04 05:00:00,73.8,73.85,73.67,73.71,226185.52
2026-08-04 06:00:00,73.71,73.89,73.37,73.4,460503.17
2026-08-04 07:00:00,73.4,73.71,73.17,73.66,531065.75
2026-08-04 08:00:00,73.66,73.73,73.25,73.33,374087.32
2026-08-04 09:00:00,73.33,73.33,73.13,73.26,358735.09
2026-08-04 10:00:00,73.27,73.68,73.06,73.58,553136.5
2026-08-04 11:00:00,73.58,73.95,73.51,73.92,508789.53
2026-08-04 12:00:00,73.92,74.06,73.72,73.79,432019.27
2026-08-04 13:00:00,73.78,74.02,73.55,73.61,758395.78
2026-08-04 14:00:00,73.61,73.9,73.28,73.79,811716.93
2026-08-04 15:00:00,73.79,74.18,73.37,73.95,902924.34
2026-08-04 16:00:00,73.96,73.98,73.56,73.71,558190.71
2026-08-04 17:00:00,73.71,74.22,73.68,73.73,786789.42
2026-08-04 18:00:00,73.74,74.37,73.72,74.12,674784.32
2026-08-04 19:00:00,74.13,74.37,74.08,74.16,512158.55
2026-08-04 20:00:00,74.17,74.44,73.84,74.24,763597.56
2026-08-04 21:00:00,74.24,74.25,73.98,74.09,262005.12
2026-08-04 22:00:00,74.1,74.19,73.94,74.07,218255.61
2026-08-04 23:00:00,74.07,74.26,73.69,73.72,618730.56
2026-08-05 00:00:00,73.72,73.76,73.42,73.48,540299.26
2026-08-05 01:00:00,73.48,74.08,73.35,74.08,540484.05
2026-08-05 02:00:00,74.08,74.47,74.04,74.19,882642.71
2026-08-05 03:00:00,74.19,74.28,73.67,73.75,809532.8
2026-08-05 04:00:00,73.75,73.82,73.58,73.75,305079.37
2026-08-05 05:00:00,73.76,74.28,73.7,74.11,621198.41
2026-08-05 06:00:00,74.11,74.22,73.92,73.98,291115.82
2026-08-05 07:00:00,73.98,74.01,73.64,73.93,600650.96
2026-08-05 08:00:00,73.94,74.13,73.91,74.05,408694.52
2026-08-05 09:00:00,74.05,74.17,73.96,73.98,265627.63
2026-08-05 10:00:00,73.98,74.09,73.76,73.81,381490.54
2026-08-05 11:00:00,73.82,73.97,73.69,73.73,285034.98
2026-08-05 12:00:00,73.74,74.36,73.67,74.03,994045.71
2026-08-05 13:00:00,74.04,74.08,73.21,73.94,1900194.81
2026-08-05 14:00:00,73.95,74.12,73.57,73.91,1058866.11
2026-08-05 15:00:00,73.92,74.29,73.81,73.91,1074321.14
2026-08-05 16:00:00,73.91,74.41,73.9,74.25,835116.8
2026-08-05 17:00:00,74.25,74.64,74.09,74.52,886800.65
2026-08-05 18:00:00,74.52,74.82,74.39,74.5,700720.04
2026-08-05 19:00:00,74.5,74.6,74.38,74.43,409183.86
2026-08-05 20:00:00,74.43,74.56,74.27,74.35,459272.5
2026-08-05 21:00:00,74.34,74.36,74.03,74.08,421480.55
2026-08-05 22:00:00,74.09,74.16,73.95,73.96,332602.39
2026-08-05 23:00:00,73.96,74.07,73.8,74.0,428213.44
2026-08-06 00:00:00,74.0,74.24,73.99,74.03,303877.68
2026-08-06 01:00:00,74.03,74.08,73.68,73.7,604704.06
2026-08-06 02:00:00,73.7,73.74,73.33,73.48,1045151.83
2026-08-06 03:00:00,73.49,73.55,73.39,73.44,379521.01
2026-08-06 04:00:00,73.45,73.84,73.34,73.83,537291.66
2026-08-06 05:00:00,73.82,74.33,73.81,74.2,898353.88
2026-08-06 06:00:00,74.2,74.21,73.91,74.01,335903.91
2026-08-06 07:00:00,74.02,74.1,73.83,73.84,257083.73
2026-08-06 08:00:00,73.85,74.08,73.66,73.95,521734.23
2026-08-06 09:00:00,73.95,73.96,73.12,73.25,1392844.52
2026-08-06 10:00:00,73.24,73.4,73.12,73.27,596305.5
2026-08-06 11:00:00,73.27,73.52,73.13,73.41,349819.12
2026-08-06 12:00:00,73.42,73.44,73.08,73.1,458851.92
2026-08-06 13:00:00,73.1,73.29,72.78,73.19,1091272.64
2026-08-06 14:00:00,73.2,73.56,73.05,73.42,829051.37
2026-08-06 15:00:00,73.42,73.59,73.26,73.27,525531.59
2026-08-06 16:00:00,73.27,73.45,73.03,73.4,510141.17
2026-08-06 17:00:00,73.4,73.51,73.01,73.15,359637.78
2026-08-06 18:00:00,73.15,73.19,72.66,72.79,619134.63
2026-08-06 19:00:00,72.78,72.91,72.51,72.76,523788.3
2026-08-06 20:00:00,72.75,72.96,72.75,72.81,225641.22
2026-08-06 21:00:00,72.8,72.96,72.74,72.83,325271.99
2026-08-06 22:00:00,72.82,72.85,72.61,72.66,262717.21
2026-08-06 23:00:00,72.65,72.71,72.29,72.65,692173.12
2026-08-07 00:00:00,72.65,72.78,72.52,72.63,404707.4
2026-08-07 01:00:00,72.63,72.84,72.54,72.7,270373.46
2026-08-07 02:00:00,72.7,72.91,72.42,72.67,477162.72
2026-08-07 03:00:00,72.67,72.73,72.49,72.57,234553.4
2026-08-07 04:00:00,72.57,72.76,72.45,72.63,303189.1
2026-08-07 05:00:00,72.64,72.92,72.39,72.84,507905.43
2026-08-07 06:00:00,72.84,73.04,72.77,72.81,556135.57
2026-08-07 07:00:00,72.81,73.0,72.71,72.9,370067.12
2026-08-07 08:00:00,72.9,73.3,72.88,73.16,468869.66
2026-08-07 09:00:00,73.16,73.71,73.15,73.59,1079234.48
2026-08-07 10:00:00,73.59,73.74,73.46,73.51,455328.34
2026-08-07 11:00:00,73.51,73.75,73.5,73.61,361961.76
2026-08-07 12:00:00,73.61,74.31,73.6,73.88,1711688.93
2026-08-07 13:00:00,73.87,74.33,73.76,74.09,1321630.41
2026-08-07 14:00:00,74.1,74.2,73.52,73.68,1625080.82
2026-08-07 15:00:00,73.69,73.95,73.66,73.85,485825.27
2026-08-07 16:00:00,73.86,74.1,73.54,73.55,525896.13
2026-08-07 17:00:00,73.55,73.55,73.15,73.38,946430.12
2026-08-07 18:00:00,73.39,73.55,73.24,73.37,388529.74
2026-08-07 19:00:00,73.38,74.0,73.37,74.0,613879.82
2026-08-07 20:00:00,73.99,74.06,73.75,73.8,449230.22
2026-08-07 21:00:00,73.8,73.86,73.57,73.63,280908.52
2026-08-07 22:00:00,73.63,73.7,73.55,73.61,234992.16
2026-08-07 23:00:00,73.62,73.75,73.58,73.62,168613.88
2026-08-08 00:00:00,73.63,73.72,73.53,73.68,234579.33
2026-08-08 01:00:00,73.68,73.94,73.64,73.85,255723.32
2026-08-08 02:00:00,73.85,73.94,73.82,73.83,188524.19
2026-08-08 03:00:00,73.84,74.99,73.82,74.81,1261329.76
2026-08-08 04:00:00,74.82,75.13,74.55,74.61,848445.03
2026-08-08 05:00:00,74.61,74.73,74.45,74.64,415902.99
2026-08-08 06:00:00,74.64,74.79,74.54,74.68,298420.54
2026-08-08 07:00:00,74.67,74.8,74.63,74.79,209397.96
2026-08-08 08:00:00,74.78,74.9,74.66,74.78,352152.43
2026-08-08 09:00:00,74.79,75.02,74.78,74.85,538274.54
2026-08-08 10:00:00,74.84,75.18,74.84,75.06,378686.06
2026-08-08 11:00:00,75.06,75.7,75.03,75.58,1233530.46
2026-08-08 12:00:00,75.58,75.66,75.33,75.41,658123.24
2026-08-08 13:00:00,75.41,75.53,75.4,75.51,301002.98
2026-08-08 14:00:00,75.51,76.63,75.5,76.48,1390245.26
2026-08-08 15:00:00,76.48,76.82,76.22,76.37,1192439.9
2026-08-08 16:00:00,76.37,76.49,76.14,76.34,495390.97
2026-08-08 17:00:00,76.35,76.47,76.24,76.37,363367.1
2026-08-08 18:00:00,76.36,76.36,76.05,76.12,365969.13
2026-08-08 19:00:00,76.11,76.26,75.94,76.13,466036.38
2026-08-08 20:00:00,76.14,76.27,76.11,76.23,171652.68
2026-08-08 21:00:00,76.24,76.35,76.11,76.19,225614.77
2026-08-08 22:00:00,76.19,76.27,75.84,75.89,352429.79
2026-08-08 23:00:00,75.9,76.08,75.74,76.0,379016.58
2026-08-09 00:00:00,76.0,76.04,75.83,76.0,253730.24
2026-08-09 01:00:00,75.99,76.08,75.71,75.86,355843.1
2026-08-09 02:00:00,75.85,75.99,75.77,75.86,275298.3
2026-08-09 03:00:00,75.85,76.03,75.75,75.97,263137.89
2026-08-09 04:00:00,75.96,76.11,75.93,75.95,207635.3
2026-08-09 05:00:00,75.96,76.01,75.86,75.99,202469.08
2026-08-09 06:00:00,75.99,76.48,75.94,76.4,595713.17
2026-08-09 07:00:00,76.4,76.47,76.22,76.34,399541.72
2026-08-09 08:00:00,76.34,76.57,76.08,76.3,514189.17
2026-08-09 09:00:00,76.3,76.51,76.23,76.42,397695.34
2026-08-09 10:00:00,76.43,76.64,76.34,76.36,333952.66
2026-08-09 11:00:00,76.36,76.51,76.31,76.47,212340.8
2026-08-09 12:00:00,76.47,76.57,76.27,76.34,274884.55
2026-08-09 13:00:00,76.35,76.87,76.32,76.54,660918.43
2026-08-09 14:00:00,76.54,77.07,76.54,77.0,778133.5
2026-08-09 15:00:00,76.99,77.46,76.83,77.41,1143137.21
2026-08-09 16:00:00,77.41,77.56,77.07,77.31,867729.65
2026-08-09 17:00:00,77.31,77.32,77.11,77.16,286373.07
2026-08-09 18:00:00,77.15,77.24,77.06,77.19,197020.82
2026-08-09 19:00:00,77.18,77.35,77.12,77.22,207744.36
2026-08-09 20:00:00,77.21,77.28,77.04,77.25,158991.46
2026-08-09 21:00:00,77.24,77.5,77.13,77.34,218875.83
2026-08-09 22:00:00,77.33,77.88,76.63,76.8,1354073.69
2026-08-09 23:00:00,76.8,76.89,76.16,76.23,1239438.0
2026-08-10 00:00:00,76.23,77.0,76.17,76.51,1170239.11
2026-08-10 01:00:00,76.5,77.14,76.37,76.88,665419.06
2026-08-10 02:00:00,76.87,76.91,76.4,76.79,472885.57
2026-08-10 03:00:00,76.78,76.92,76.34,76.6,538820.54
2026-08-10 04:00:00,76.6,76.72,76.39,76.51,311523.45
2026-08-10 05:00:00,76.51,76.95,76.5,76.86,265411.81
2026-08-10 06:00:00,76.85,77.05,76.77,76.96,361243.3
2026-08-10 07:00:00,76.95,77.09,76.79,76.95,237807.19
2026-08-10 08:00:00,76.94,77.12,76.63,76.91,530579.84
2026-08-10 09:00:00,76.91,77.0,76.53,76.53,442196.22
2026-08-10 10:00:00,76.53,76.84,76.51,76.78,447504.27
2026-08-10 11:00:00,76.78,77.03,76.63,77.02,348489.64
2026-08-10 12:00:00,77.03,77.1,76.57,76.61,626290.34
2026-08-10 13:00:00,76.61,76.75,76.1,76.28,1051702.28
2026-08-10 14:00:00,76.28,76.68,76.21,76.24,739392.29
2026-08-10 15:00:00,76.23,76.41,75.78,75.93,1503940.22
2026-08-10 16:00:00,75.93,76.08,75.54,75.68,1431461.55
2026-08-10 17:00:00,75.69,76.1,75.58,75.96,621224.7
2026-08-10 18:00:00,75.95,76.05,75.68,75.8,441761.79
2026-08-10 19:00:00,75.79,76.26,75.78,76.17,379704.23
2026-08-10 20:00:00,76.18,76.47,76.15,76.41,347108.97
2026-08-10 21:00:00,76.41,76.47,76.26,76.28,307964.23
2026-08-10 22:00:00,76.27,76.35,76.01,76.18,369741.6
2026-08-10 23:00:00,76.18,76.19,75.94,75.95,333746.52
2026-08-11 00:00:00,75.96,76.02,75.72,75.85,573348.79
2026-08-11 01:00:00,75.85,76.07,75.66,76.06,490835.69
2026-08-11 02:00:00,76.06,76.11,75.94,76.0,259681.3
2026-08-11 03:00:00,76.0,76.22,76.0,76.04,224967.77
2026-08-11 04:00:00,76.04,76.19,76.03,76.04,176979.61
2026-08-11 05:00:00,76.04,76.05,75.74,75.76,400014.04
2026-08-11 06:00:00,75.76,76.0,75.61,75.77,801962.28
2026-08-11 07:00:00,75.77,75.83,75.36,75.66,829409.32
2026-08-11 08:00:00,75.66,75.95,75.58,75.89,439115.52
2026-08-11 09:00:00,75.89,75.91,75.63,75.84,735463.74
2026-08-11 10:00:00,75.84,76.03,75.72,75.9,534129.49
2026-08-11 11:00:00,75.91,76.35,75.9,76.16,711931.43
2026-08-11 12:00:00,76.16,76.21,75.75,75.82,446369.59
2026-08-11 13:00:00,75.82,76.07,75.68,75.97,685682.93
2026-08-11 14:00:00,75.97,76.12,75.03,75.15,1450300.68
2026-08-11 15:00:00,75.16,75.38,74.57,74.87,1752388.07
2026-08-11 16:00:00,74.87,75.03,74.73,74.89,655896.34
2026-08-11 17:00:00,74.89,75.19,74.88,75.12,449412.11
2026-08-11 18:00:00,75.13,75.3,75.03,75.23,497170.26
2026-08-11 19:00:00,75.23,75.69,75.01,75.63,555204.92
2026-08-11 20:00:00,75.63,76.27,75.61,76.01,1299469.32
2026-08-11 21:00:00,76.02,76.41,75.97,76.41,747824.33
2026-08-11 22:00:00,76.41,76.64,76.21,76.38,719483.68
2026-08-11 23:00:00,76.38,76.38,76.16,76.27,353558.41
2026-08-12 00:00:00,76.27,76.34,76.19,76.34,252993.14
2026-08-12 01:00:00,76.34,76.56,76.26,76.4,387788.83
2026-08-12 02:00:00,76.4,76.57,76.39,76.41,327454.85
2026-08-12 03:00:00,76.4,76.5,76.22,76.38,337418.3
2026-08-12 04:00:00,76.38,76.55,76.24,76.27,305238.14
2026-08-12 05:00:00,76.26,76.35,76.15,76.29,237545.97
2026-08-12 06:00:00,76.28,76.33,75.93,76.02,438818.86
2026-08-12 07:00:00,76.02,76.25,75.91,76.25,370783.3
2026-08-12 08:00:00,76.25,76.44,76.12,76.15,528677.62
2026-08-12 09:00:00,76.15,76.88,76.09,76.71,883465.93
2026-08-12 10:00:00,76.71,76.84,76.62,76.73,498837.92
2026-08-12 11:00:00,76.73,76.83,76.65,76.79,308289.46
2026-08-12 12:00:00,76.8,77.33,76.32,76.61,1914391.49
2026-08-12 13:00:00,76.61,76.63,75.99,76.19,1217776.86
2026-08-12 14:00:00,76.19,76.22,75.36,75.43,1835574.42
2026-08-12 15:00:00,75.43,75.84,75.33,75.71,654114.42
2026-08-12 16:00:00,75.72,75.81,75.52,75.66,333712.29
2026-08-12 17:00:00,75.66,76.03,75.63,75.87,389748.15
2026-08-12 18:00:00,75.87,76.06,75.79,75.84,286221.29
2026-08-12 19:00:00,75.84,75.97,75.55,75.72,328927.81
2026-08-12 20:00:00,75.72,75.98,75.7,75.9,221112.62
2026-08-12 21:00:00,75.9,75.97,75.39,75.43,447248.91
2026-08-12 22:00:00,75.43,75.63,75.27,75.48,344733.15
2026-08-12 23:00:00,75.48,75.6,75.34,75.59,223381.82
2026-08-13 00:00:00,75.59,75.85,75.52,75.57,464596.4
2026-08-13 01:00:00,75.57,75.76,75.43,75.6,279362.78
2026-08-13 02:00:00,75.6,75.94,75.48,75.94,313989.59
2026-08-13 03:00:00,75.94,76.29,75.92,76.23,800815.29
2026-08-13 04:00:00,76.23,76.25,75.99,76.1,292977.55
2026-08-13 05:00:00,76.1,76.6,76.04,76.47,606445.91
2026-08-13 06:00:00,76.47,76.51,76.29,76.48,284168.66
2026-08-13 07:00:00,76.49,76.51,76.35,76.41,222833.8
2026-08-13 08:00:00,76.41,76.45,76.13,76.18,274392.04
2026-08-13 09:00:00,76.18,76.18,75.84,76.11,487812.56
2026-08-13 10:00:00,76.12,76.15,75.64,75.7,710545.86
2026-08-13 11:00:00,75.7,75.71,75.51,75.61,463969.53
2026-08-13 12:00:00,75.61,76.11,75.59,76.08,543518.43
2026-08-13 13:00:00,76.09,76.33,76.0,76.16,576805.15
2026-08-13 14:00:00,76.16,76.56,76.1,76.43,703065.11
2026-08-13 15:00:00,76.42,76.51,75.59,75.61,825123.61
2026-08-13 16:00:00,75.6,75.85,75.04,75.56,1686594.41
2026-08-13 17:00:00,75.56,75.91,75.51,75.74,542866.34
2026-08-13 18:00:00,75.73,76.07,75.64,75.98,394449.26
2026-08-13 19:00:00,75.97,76.25,75.94,76.17,530939.66
2026-08-13 20:00:00,76.16,76.31,76.11,76.18,400764.36
2026-08-13 21:00:00,76.18,76.27,76.08,76.17,221182.29
2026-08-13 22:00:00,76.18,76.41,76.16,76.21,320902.29
2026-08-13 23:00:00,76.21,76.27,76.1,76.23,235520.42
2026-08-14 00:00:00,76.23,76.29,75.95,76.06,372512.85
2026-08-14 01:00:00,76.06,76.15,75.86,76.06,235396.77
2026-08-14 02:00:00,76.06,76.17,75.96,76.0,172714.72
2026-08-14 03:00:00,75.99,76.03,75.71,75.73,438189.36
2026-08-14 04:00:00,75.73,75.99,75.7,75.81,155592.29
2026-08-14 05:00:00,75.8,75.95,75.76,75.89,137200.03
2026-08-14 06:00:00,75.88,75.89,75.48,75.5,507966.85
2026-08-14 07:00:00,75.5,75.7,75.45,75.55,354236.39
2026-08-14 08:00:00,75.54,75.84,75.52,75.82,426212.55
2026-08-14 09:00:00,75.83,75.84,75.37,75.44,441209.83
2026-08-14 10:00:00,75.45,75.61,75.3,75.35,511627.28
2026-08-14 11:00:00,75.35,75.56,75.34,75.49,291267.1
2026-08-14 12:00:00,75.49,75.56,75.29,75.42,362716.13
2026-08-14 13:00:00,75.43,75.44,75.2,75.32,489533.81
2026-08-14 14:00:00,75.32,75.38,75.01,75.22,719425.54
2026-08-14 15:00:00,75.22,75.73,75.15,75.6,566991.88
2026-08-14 16:00:00,75.6,75.67,75.4,75.41,575873.18
2026-08-14 17:00:00,75.42,75.63,75.11,75.24,459133.22
2026-08-14 18:00:00,75.24,75.25,74.88,74.91,753619.58
2026-08-14 19:00:00,74.92,75.05,74.61,74.95,1006684.38
2026-08-14 20:00:00,74.95,75.21,74.91,75.11,357784.83
2026-08-14 21:00:00,75.11,75.2,75.04,75.15,191308.2
2026-08-14 22:00:00,75.14,75.24,74.92,75.15,348584.34
2026-08-14 23:00:00,75.15,75.38,75.11,75.37,239913.05
2026-08-15 00:00:00,75.37,75.4,75.29,75.32,164955.83
2026-08-15 01:00:00,75.32,75.43,75.25,75.38,218983.47
2026-08-15 02:00:00,75.38,75.65,75.36,75.63,366746.6
2026-08-15 03:00:00,75.63,75.68,75.37,75.39,296598.34
2026-08-15 04:00:00,75.38,75.57,75.33,75.5,234094.99
2026-08-15 05:00:00,75.49,75.56,75.27,75.32,270617.1
2026-08-15 06:00:00,75.31,75.46,75.24,75.39,178167.98
2026-08-15 07:00:00,75.4,75.4,75.16,75.2,243346.12
2026-08-15 08:00:00,75.19,75.27,75.03,75.05,258025.91
2026-08-15 09:00:00,75.04,75.21,75.0,75.2,217306.5
2026-08-15 10:00:00,75.19,75.31,75.16,75.24,166190.17
2026-08-15 11:00:00,75.25,75.27,75.17,75.2,101263.09
2026-08-15 12:00:00,75.21,75.38,75.16,75.37,143406.9
2026-08-15 13:00:00,75.37,75.53,75.35,75.53,312729.15
2026-08-15 14:00:00,75.53,75.54,75.4,75.41,245747.67
2026-08-15 15:00:00,75.4,75.5,75.32,75.49,204311.13
2026-08-15 16:00:00,75.49,75.5,75.37,75.45,133710.52
2026-08-15 17:00:00,75.45,75.64,75.44,75.61,269821.99
2026-08-15 18:00:00,75.62,75.64,75.46,75.51,217771.9
2026-08-15 19:00:00,75.52,75.53,75.47,75.52,80891.99
2026-08-15 20:00:00,75.52,75.53,75.37,75.49,206246.28
2026-08-15 21:00:00,75.49,75.7,75.48,75.58,171561.01
2026-08-15 22:00:00,75.58,75.65,75.51,75.54,173281.6
2026-08-15 23:00:00,75.54,75.54,75.27,75.3,332796.24
2026-08-16 00:00:00,75.31,75.46,75.23,75.43,258408.83
2026-08-16 01:00:00,75.43,75.45,75.26,75.39,214805.91
2026-08-16 02:00:00,75.39,75.62,75.23,75.54,327536.28
2026-08-16 03:00:00,75.54,75.62,75.52,75.53,168037.93
2026-08-16 04:00:00,75.53,75.57,75.39,75.41,145062.67
2026-08-16 05:00:00,75.41,75.48,75.3,75.31,229887.15
2026-08-16 06:00:00,75.31,75.49,75.24,75.33,294997.13
2026-08-16 07:00:00,75.34,75.44,75.3,75.43,94833.81
2026-08-16 08:00:00,75.43,75.45,75.36,75.43,89555.78
2026-08-16 09:00:00,75.42,75.44,75.21,75.27,254099.17
2026-08-16 10:00:00,75.27,75.28,75.12,75.22,260749.34
2026-08-16 11:00:00,75.23,75.28,75.18,75.25,116601.39
2026-08-16 12:00:00,75.25,75.25,75.16,75.18,116131.59
2026-08-16 13:00:00,75.17,75.37,75.17,75.27,169636.82
2026-08-16 14:00:00,75.27,75.37,75.2,75.36,178779.55
2026-08-16 15:00:00,75.36,75.61,75.34,75.54,419657.01
2026-08-16 16:00:00,75.53,75.69,75.46,75.52,380769.14
2026-08-16 17:00:00,75.52,75.57,75.23,75.23,366575.76
2026-08-16 18:00:00,75.24,75.26,75.0,75.14,492296.55
2026-08-16 19:00:00,75.15,75.33,75.14,75.19,240602.65
2026-08-16 20:00:00,75.19,75.29,74.92,74.98,426027.12
2026-08-16 21:00:00,74.98,75.05,74.0,74.3,1522383.18
2026-08-16 22:00:00,74.29,74.49,74.12,74.47,681202.92
2026-08-16 23:00:00,74.47,74.62,74.41,74.57,385807.24
2026-08-17 00:00:00,74.58,74.7,74.38,74.58,514740.39
2026-08-17 01:00:00,74.57,75.32,74.53,75.06,1086704.61
2026-08-17 02:00:00,75.06,75.55,75.01,75.45,740564.32
2026-08-17 03:00:00,75.45,75.55,75.41,75.48,526991.98
2026-08-17 04:00:00,75.48,75.59,75.45,75.52,329952.55
2026-08-17 05:00:00,75.52,75.58,75.36,75.38,399094.32
2026-08-17 06:00:00,75.38,75.99,75.32,75.8,888516.27
2026-08-17 07:00:00,75.81,75.94,75.7,75.74,489376.32
2026-08-17 08:00:00,75.74,75.78,75.13,75.2,819613.18
2026-08-17 09:00:00,75.2,75.39,75.18,75.31,292233.45
2026-08-17 10:00:00,75.3,75.78,75.26,75.74,614403.4
2026-08-17 11:00:00,75.73,75.89,75.63,75.65,504656.19
2026-08-17 12:00:00,75.66,75.67,75.29,75.39,546310.91
2026-08-17 13:00:00,75.4,75.75,75.25,75.58,797828.98
2026-08-17 14:00:00,75.59,76.0,75.45,75.94,667841.66
2026-08-17 15:00:00,75.94,76.2,75.75,76.06,817232.36
2026-08-17 16:00:00,76.06,76.09,75.88,75.96,482695.73
2026-08-17 17:00:00,75.97,76.08,75.65,75.87,468276.64
2026-08-17 18:00:00,75.87,76.14,75.81,75.86,485956.82
2026-08-17 19:00:00,75.86,75.92,75.7,75.77,247043.8
2026-08-17 20:00:00,75.77,76.07,75.59,75.96,446980.43
2026-08-17 21:00:00,75.95,76.02,75.84,75.91,156848.54
2026-08-17 22:00:00,75.91,76.0,75.68,75.71,181352.5
2026-08-17 23:00:00,75.7,76.09,75.67,75.99,343910.97
2026-08-18 00:00:00,75.98,76.05,75.82,76.01,359607.18
2026-08-18 01:00:00,76.01,76.02,75.53,75.58,487789.14
2026-08-18 02:00:00,75.57,75.62,75.16,75.24,821621.26
2026-08-18 03:00:00,75.24,75.5,75.21,75.45,412666.03
2026-08-18 04:00:00,75.46,75.8,75.36,75.8,358112.1
2026-08-18 05:00:00,75.8,75.93,75.53,75.69,495896.95
2026-08-18 06:00:00,75.69,76.01,75.6,75.98,518327.36
2026-08-18 07:00:00,75.98,76.24,75.9,76.06,680030.28
2026-08-18 08:00:00,76.06,76.15,75.8,76.13,551137.15
2026-08-18 09:00:00,76.12,76.12,75.84,75.9,260846.49
2026-08-18 10:00:00,75.9,75.95,75.77,75.8,212273.57
2026-08-18 11:00:00,75.81,76.43,75.78,76.28,801335.59
2026-08-18 12:00:00,76.29,76.49,76.2,76.21,523301.34
2026-08-18 13:00:00,76.22,76.26,76.01,76.18,567166.92
2026-08-18 14:00:00,76.18,77.32,76.09,76.76,1955631.56
2026-08-18 15:00:00,76.77,77.23,76.76,77.17,759436.1
2026-08-18 16:00:00,77.17,77.3,76.82,77.05,668024.19
2026-08-18 17:00:00,77.05,77.06,76.85,76.86,332211.56
2026-08-18 18:00:00,76.87,77.28,76.84,77.24,406050.9
2026-08-18 19:00:00,77.24,77.39,77.04,77.14,444903.53
2026-08-18 20:00:00,77.15,77.2,76.69,76.84,627842.22
2026-08-18 21:00:00,76.85,77.09,76.84,76.97,286034.73
2026-08-18 22:00:00,76.97,77.19,76.85,76.92,426367.38
2026-08-18 23:00:00,76.93,77.21,76.91,77.03,324495.78
2026-08-19 00:00:00,77.03,77.07,76.78,76.88,409958.08
2026-08-19 01:00:00,76.87,77.04,76.67,76.77,719597.81
2026-08-19 02:00:00,76.77,76.89,76.66,76.78,302073.67
2026-08-19 03:00:00,76.78,77.08,76.67,76.96,325705.25
2026-08-19 04:00:00,76.96,77.11,76.76,76.83,313422.09
2026-08-19 05:00:00,76.83,77.04,76.73,76.77,342276.7
2026-08-19 06:00:00,76.77,77.15,76.59,77.05,675235.78
2026-08-19 07:00:00,77.05,77.07,76.91,76.92,275763.29
2026-08-19 08:00:00,76.92,77.65,76.87,77.35,1295031.13
2026-08-19 09:00:00,77.35,77.46,77.18,77.27,378554.66
2026-08-19 10:00:00,77.27,77.35,77.18,77.34,201261.96
2026-08-19 11:00:00,77.35,77.59,77.33,77.5,581904.57
2026-08-19 12:00:00,77.51,78.76,77.39,78.37,1890206.37
2026-08-19 13:00:00,78.37,78.66,78.13,78.36,1467410.07
2026-08-19 14:00:00,78.37,80.97,78.31,80.84,3401155.25
2026-08-19 15:00:00,80.84,83.04,80.63,81.8,6572573.94
2026-08-19 16:00:00,81.8,82.38,81.52,81.56,1622433.14
2026-08-19 17:00:00,81.55,81.73,80.96,81.63,1104243.04
2026-08-19 18:00:00,81.63,82.28,81.22,82.25,922994.64
2026-08-19 19:00:00,82.26,82.5,81.98,82.34,910792.48
2026-08-19 20:00:00,82.34,84.4,82.25,83.71,2580376.35
2026-08-19 21:00:00,83.71,87.3,83.7,86.63,4375087.86
2026-08-19 22:00:00,86.63,86.84,84.9,85.48,2370749.03
2026-08-19 23:00:00,85.48,85.76,85.02,85.37,950087.27
2026-08-20 00:00:00,85.37,85.78,84.89,84.99,1104654.3
2026-08-20 01:00:00,85.0,85.4,84.63,85.36,864971.93
2026-08-20 02:00:00,85.36,85.44,84.68,84.76,469023.33
2026-08-20 03:00:00,84.76,84.78,83.97,84.48,929464.04
2026-08-20 04:00:00,84.48,84.96,84.41,84.82,529880.37
2026-08-20 05:00:00,84.83,85.07,84.79,84.94,402420.85
2026-08-20 06:00:00,84.94,85.92,84.69,85.91,1426118.38
2026-08-20 07:00:00,85.9,86.19,85.77,86.16,791603.41
2026-08-20 08:00:00,86.16,87.99,86.03,87.51,2861601.33
2026-08-20 09:00:00,87.52,87.82,87.08,87.33,1447808.04
2026-08-20 10:00:00,87.33,87.81,86.98,87.45,867212.04
2026-08-20 11:00:00,87.45,88.12,87.07,87.18,1236026.47
2026-08-20 12:00:00,87.18,87.4,86.51,87.05,1322332.76
2026-08-20 13:00:00,87.06,87.48,86.16,86.54,1643386.57
2026-08-20 14:00:00,86.55,86.86,86.13,86.6,970418.96
2026-08-20 15:00:00,86.59,87.47,86.54,87.35,1454871.22
2026-08-20 16:00:00,87.35,87.85,86.84,87.74,1176347.35
2026-08-20 17:00:00,87.73,87.92,87.26,87.47,764433.07
2026-08-20 18:00:00,87.48,87.64,86.63,86.82,1251927.45
2026-08-20 19:00:00,86.83,87.5,86.81,87.3,805541.11
2026-08-20 20:00:00,87.3,87.68,87.22,87.58,693871.99
2026-08-20 21:00:00,87.57,87.87,87.4,87.49,458287.11
2026-08-20 22:00:00,87.49,87.59,87.18,87.22,540213.29
2026-08-20 23:00:00,87.22,87.99,87.19,87.63,609894.64
2026-08-21 00:00:00,87.64,88.79,87.55,88.21,1634729.44
2026-08-21 01:00:00,88.21,89.49,88.1,88.99,1889404.06
2026-08-21 02:00:00,89.0,90.2,88.48,89.25,2403946.84
2026-08-21 03:00:00,89.25,89.55,88.73,89.1,831963.71
2026-08-21 04:00:00,89.1,89.49,88.86,89.46,734313.98
2026-08-21 05:00:00,89.47,90.73,89.17,90.41,1367232.7
2026-08-21 06:00:00,90.42,91.33,89.72,90.21,1730946.06
2026-08-21 07:00:00,90.22,91.19,89.92,90.41,1523905.14
2026-08-21 08:00:00,90.41,93.42,90.35,93.29,2867920.73
2026-08-21 09:00:00,93.28,93.34,90.29,91.66,3760557.53
2026-08-21 10:00:00,91.67,91.75,90.84,91.48,1010323.31
2026-08-21 11:00:00,91.47,91.62,89.8,90.31,2136275.8
2026-08-21 12:00:00,90.31,91.16,90.02,90.87,1173026.43
2026-08-21 13:00:00,90.88,91.38,89.74,91.04,1417414.9
2026-08-21 14:00:00,91.05,91.97,90.55,91.86,1294340.33
2026-08-21 15:00:00,91.87,92.17,91.22,91.36,1032638.58
2026-08-21 16:00:00,91.36,91.93,90.75,91.6,884244.55
2026-08-21 17:00:00,91.61,92.0,91.17,91.8,1075431.25
2026-08-21 18:00:00,91.8,92.08,91.07,91.56,1102197.26
2026-08-21 19:00:00,91.57,91.63,90.76,90.96,800269.44
2026-08-21 20:00:00,90.97,91.98,90.43,91.86,966424.51
2026-08-21 21:00:00,91.87,93.88,91.66,93.75,1719546.88
2026-08-21 22:00:00,93.75,94.65,93.31,94.3,2451445.8
2026-08-21 23:00:00,94.29,95.04,93.37,93.72,1518652.31
2026-08-22 00:00:00,93.73,94.44,92.84,93.88,1434707.96
2026-08-22 01:00:00,93.89,94.45,93.46,93.67,875660.46
2026-08-22 02:00:00,93.68,95.86,93.67,95.65,1721812.99
2026-08-22 03:00:00,95.66,97.63,95.5,96.81,2366677.61
2026-08-22 04:00:00,96.82,102.84,96.2,99.14,7159943.38
2026-08-22 05:00:00,99.14,100.02,87.0,94.21,7818225.46
2026-08-22 06:00:00,94.21,95.16,93.06,94.32,2005116.88
2026-08-22 07:00:00,94.32,95.55,94.05,94.46,1325251.76
2026-08-22 08:00:00,94.46,95.02,93.01,94.1,1690318.82
2026-08-22 09:00:00,94.1,94.58,92.96,93.91,1074480.02
2026-08-22 10:00:00,93.92,94.0,91.31,92.89,2585071.77
2026-08-22 11:00:00,92.9,93.56,92.6,93.34,747765.28
2026-08-22 12:00:00,93.34,94.38,93.17,93.84,859851.85
2026-08-22 13:00:00,93.84,94.26,93.56,94.15,547270.39
2026-08-22 14:00:00,94.15,94.32,92.89,93.26,884389.61
2026-08-22 15:00:00,93.27,93.61,92.81,93.09,593443.27
2026-08-22 16:00:00,93.09,94.69,93.09,94.33,767579.37
2026-08-22 17:00:00,94.33,94.59,93.77,94.28,614706.16
2026-08-22 18:00:00,94.29,94.56,94.04,94.47,349082.3
2026-08-22 19:00:00,94.48,94.83,94.27,94.49,411895.01
2026-08-22 20:00:00,94.5,94.79,94.31,94.39,266789.98
2026-08-22 21:00:00,94.4,94.4,92.72,92.83,861133.99
2026-08-22 22:00:00,92.83,94.03,92.58,93.62,863254.36
2026-08-22 23:00:00,93.62,94.02,93.36,93.83,298663.81
2026-08-23 00:00:00,93.84,100.54,93.58,96.38,2986025.35
2026-08-23 01:00:00,96.39,96.62,95.66,96.02,1159709.5
2026-08-23 02:00:00,96.03,98.31,93.74,94.92,3034318.12
2026-08-23 03:00:00,94.92,95.07,93.43,93.74,1247805.85
2026-08-23 04:00:00,93.74,94.14,92.23,92.56,1522030.51
2026-08-23 05:00:00,92.57,93.33,91.57,92.31,1590939.01
2026-08-23 06:00:00,92.31,92.8,91.79,92.26,997534.75
2026-08-23 07:00:00,92.26,92.99,92.13,92.49,520121.51
2026-08-23 08:00:00,92.49,93.56,92.32,93.2,774221.6
2026-08-23 09:00:00,93.21,93.56,92.9,93.33,450455.84
2026-08-23 10:00:00,93.33,94.13,93.29,93.63,747091.61
2026-08-23 11:00:00,93.63,94.85,93.54,94.62,876163.11
2026-08-23 12:00:00,94.62,94.81,94.09,94.58,675860.96
2026-08-23 13:00:00,94.58,95.84,94.57,95.38,1098444.92
2026-08-23 14:00:00,95.39,95.7,93.0,95.06,1876190.44
2026-08-23 15:00:00,95.05,95.9,94.65,95.35,1085605.72
2026-08-23 16:00:00,95.36,95.71,95.16,95.41,486349.31
2026-08-23 17:00:00,95.41,95.52,94.81,95.11,592700.48
2026-08-23 18:00:00,95.1,95.47,94.94,95.3,413432.84
2026-08-23 19:00:00,95.3,95.48,94.81,95.06,449781.95
2026-08-23 20:00:00,95.07,95.4,94.72,95.07,362506.43
2026-08-23 21:00:00,95.07,96.27,95.07,95.34,1066203.18
2026-08-23 22:00:00,95.35,95.77,94.76,95.59,844876.32
2026-08-23 23:00:00,95.6,95.89,95.01,95.44,614790.95
2026-08-24 00:00:00,95.45,95.56,93.51,95.54,1619371.44
2026-08-24 01:00:00,95.54,95.56,93.7,93.85,1009064.72
2026-08-24 02:00:00,93.86,95.05,93.65,94.57,873773.5
2026-08-24 03:00:00,94.58,94.65,93.42,93.66,647228.73
2026-08-24 04:00:00,93.66,94.34,93.63,94.2,562473.52
2026-08-24 05:00:00,94.2,94.66,93.44,94.26,1007178.5
2026-08-24 06:00:00,94.25,94.63,93.76,94.54,741475.58
2026-08-24 07:00:00,94.54,95.46,93.96,94.1,1237508.22
2026-08-24 08:00:00,94.11,94.37,93.22,93.92,852472.88
2026-08-24 09:00:00,93.91,94.9,93.86,94.67,630612.94
2026-08-24 10:00:00,94.66,95.14,94.56,94.71,739681.89
2026-08-24 11:00:00,94.7,96.32,94.23,95.84,1434796.69
2026-08-24 12:00:00,95.83,96.67,93.6,96.26,2349757.24
2026-08-24 13:00:00,96.27,96.51,94.24,94.99,2040546.54
2026-08-24 14:00:00,94.99,96.72,94.8,96.07,1913361.18
2026-08-24 15:00:00,96.08,97.57,95.97,96.43,2058301.4
2026-08-24 16:00:00,96.43,97.56,95.7,96.03,1466080.32
2026-08-24 17:00:00,96.04,96.18,94.76,95.36,1894902.27
2026-08-24 18:00:00,95.35,96.4,95.35,95.88,951127.47
2026-08-24 19:00:00,95.88,96.62,95.37,96.5,1180195.16
2026-08-24 20:00:00,96.51,96.74,95.69,96.52,698591.58
2026-08-24 21:00:00,96.52,97.55,96.51,97.45,615818.97
2026-08-24 22:00:00,97.44,98.72,97.1,97.42,1730157.03
2026-08-24 23:00:00,97.42,98.99,97.24,98.96,1199311.7
2026-08-25 00:00:00,98.95,102.84,98.53,101.76,6417108.89
2026-08-25 01:00:00,101.76,102.59,100.07,100.47,1770279.45
2026-08-25 02:00:00,100.48,102.33,100.21,100.9,2769025.61
2026-08-25 03:00:00,100.9,102.08,100.84,101.6,1186148.14
2026-08-25 04:00:00,101.61,102.0,100.81,101.32,1353345.11
2026-08-25 05:00:00,101.32,103.26,101.23,101.88,1551972.07
2026-08-25 06:00:00,101.89,102.07,100.41,100.75,1044843.67
2026-08-25 07:00:00,100.75,101.95,99.48,100.22,1581492.85
2026-08-25 08:00:00,100.22,101.12,99.71,100.38,1278514.82
2026-08-25 09:00:00,100.38,100.64,99.25,99.79,938665.74
2026-08-25 10:00:00,99.78,99.88,99.04,99.6,959764.85
2026-08-25 11:00:00,99.6,99.69,98.46,98.6,1119038.52
2026-08-25 12:00:00,98.59,98.83,97.43,98.57,1697924.12
2026-08-25 13:00:00,98.56,98.78,96.17,97.12,2752654.46
2026-08-25 14:00:00,97.12,98.4,96.87,98.18,1485242.98
2026-08-25 15:00:00,98.18,98.47,97.57,98.32,768726.39
2026-08-25 16:00:00,98.33,98.64,97.72,98.16,638321.08
2026-08-25 17:00:00,98.15,98.18,97.39,98.16,682445.52
2026-08-25 18:00:00,98.16,98.8,98.02,98.44,646887.54
2026-08-25 19:00:00,98.45,98.58,97.42,97.9,691638.28
2026-08-25 20:00:00,97.91,98.01,96.59,96.63,1158614.38
2026-08-25 21:00:00,96.63,97.23,95.21,97.14,1567337.04
2026-08-25 22:00:00,97.14,97.72,97.11,97.16,536249.09
2026-08-25 23:00:00,97.16,97.38,96.33,96.56,636458.81
2026-08-26 00:00:00,96.56,96.9,96.12,96.61,766861.71
2026-08-26 01:00:00,96.61,97.24,96.57,96.97,450178.72
2026-08-26 02:00:00,96.98,97.5,96.74,97.23,421639.35
2026-08-26 03:00:00,97.24,97.32,96.76,97.01,393238.98
2026-08-26 04:00:00,97.0,97.28,96.51,96.57,574203.38
2026-08-26 05:00:00,96.58,97.17,96.2,97.04,575059.57
2026-08-26 06:00:00,97.03,97.34,96.46,96.76,454266.05
2026-08-26 07:00:00,96.75,97.12,96.62,96.88,515496.75
2026-08-26 08:00:00,96.89,97.35,96.64,96.76,398855.54
2026-08-26 09:00:00,96.77,96.97,95.73,96.13,680966.19
2026-08-26 10:00:00,96.13,97.84,95.94,97.43,983117.71
2026-08-26 11:00:00,97.42,97.6,96.62,96.99,655378.48
2026-08-26 12:00:00,96.98,97.52,96.02,96.97,1227610.0
2026-08-26 13:00:00,96.97,97.18,95.78,96.51,1327879.8
2026-08-26 14:00:00,96.5,96.94,95.34,95.42,1136192.06
2026-08-26 15:00:00,95.41,96.31,94.82,95.9,1149192.79
2026-08-26 16:00:00,95.9,96.15,95.43,95.91,579214.48
2026-08-26 17:00:00,95.91,97.2,95.82,96.93,867075.92
2026-08-26 18:00:00,96.93,97.12,96.59,96.8,415868.65
2026-08-26 19:00:00,96.8,96.89,96.29,96.75,527947.29
2026-08-26 20:00:00,96.75,96.99,96.24,96.88,407160.31
2026-08-26 21:00:00,96.88,98.31,96.84,98.2,1164566.21
2026-08-26 22:00:00,98.2,101.25,98.02,99.65,2957013.67
2026-08-26 23:00:00,99.65,102.43,99.47,102.05,2156691.59
2026-08-27 00:00:00,102.04,102.12,100.57,100.57,1430343.61
2026-08-27 01:00:00,100.57,101.93,100.47,101.44,917277.64
2026-08-27 02:00:00,101.43,101.95,100.85,101.15,632241.77
2026-08-27 03:00:00,101.15,101.81,100.86,101.06,693357.1
2026-08-27 04:00:00,101.06,101.52,100.66,101.06,845507.9
2026-08-27 05:00:00,101.06,102.27,100.74,102.02,1164752.63
2026-08-27 06:00:00,102.01,102.04,100.84,101.26,943209.57
2026-08-27 07:00:00,101.25,102.08,101.0,101.77,911464.3
2026-08-27 08:00:00,101.78,105.08,101.69,104.64,4204459.32
2026-08-27 09:00:00,104.65,105.85,103.9,104.39,2384135.39
2026-08-27 10:00:00,104.39,105.02,103.01,104.09,1899073.92
2026-08-27 11:00:00,104.09,104.93,103.36,103.91,1312535.0
2026-08-27 12:00:00,103.91,104.73,103.9,104.4,857423.89
2026-08-27 13:00:00,104.39,106.3,104.11,105.99,2390231.78
2026-08-27 14:00:00,105.99,107.88,105.15,106.74,4213663.13
2026-08-27 15:00:00,106.73,107.99,106.4,107.12,2434993.62
2026-08-27 16:00:00,107.13,109.5,106.81,108.87,2668532.93
2026-08-27 17:00:00,108.87,109.59,107.6,108.11,2407349.99
2026-08-27 18:00:00,108.12,108.34,106.62,108.33,1800878.41
2026-08-27 19:00:00,108.34,109.9,108.21,109.33,1801605.02
2026-08-27 20:00:00,109.32,109.72,108.38,108.96,1062708.47
2026-08-27 21:00:00,108.96,109.09,108.15,108.68,653424.89
2026-08-27 22:00:00,108.69,110.6,108.69,109.12,1404463.32
2026-08-27 23:00:00,109.12,110.03,108.79,109.08,922957.33
2026-08-28 00:00:00,109.08,110.04,108.63,109.05,1141132.93
2026-08-28 01:00:00,109.05,109.71,107.65,107.8,1456805.08
2026-08-28 02:00:00,107.79,107.95,106.1,106.47,1812346.12
2026-08-28 03:00:00,106.47,107.3,105.75,106.79,1233743.96
2026-08-28 04:00:00,106.79,107.58,106.21,106.72,1021195.86
2026-08-28 05:00:00,106.73,107.43,106.57,107.15,599235.99
2026-08-28 06:00:00,107.15,107.77,107.11,107.47,622837.16
2026-08-28 07:00:00,107.48,107.49,106.26,106.31,821761.07
2026-08-28 08:00:00,106.3,106.84,105.71,106.01,776283.34
2026-08-28 09:00:00,106.0,106.56,105.43,105.89,932470.86
2026-08-28 10:00:00,105.89,106.19,104.45,106.13,1637424.14
2026-08-28 11:00:00,106.13,106.8,105.5,105.75,1098405.9
2026-08-28 12:00:00,105.75,105.95,104.43,104.8,1524025.4
2026-08-28 13:00:00,104.8,105.56,104.58,105.09,1552136.87
2026-08-28 14:00:00,105.08,106.64,103.57,106.22,5837836.59
2026-08-28 15:00:00,106.23,107.93,105.07,105.19,4147431.46
2026-08-28 16:00:00,105.18,105.67,102.83,105.11,4480426.82
2026-08-28 17:00:00,105.11,105.2,104.23,104.61,959881.08
2026-08-28 18:00:00,104.61,104.68,102.18,103.07,1799236.04
2026-08-28 19:00:00,103.07,103.85,102.96,103.36,952451.19
2026-08-28 20:00:00,103.36,104.29,102.76,103.81,858485.11
2026-08-28 21:00:00,103.82,103.98,103.23,103.4,408225.98
2026-08-28 22:00:00,103.41,104.16,103.35,104.07,521279.87
2026-08-28 23:00:00,104.07,104.34,103.93,104.1,375328.65
2026-08-29 00:00:00,104.1,104.55,103.81,103.87,512066.61
2026-08-29 01:00:00,103.87,104.32,103.75,104.1,390923.73
2026-08-29 02:00:00,104.11,104.35,103.58,103.89,416346.63
2026-08-29 03:00:00,103.89,104.19,103.77,103.83,399769.82
2026-08-29 04:00:00,103.82,104.0,103.41,103.82,532271.42
2026-08-29 05:00:00,103.83,104.16,103.77,103.96,372396.26
2026-08-29 06:00:00,103.96,103.99,103.26,103.53,433463.68
2026-08-29 07:00:00,103.53,103.94,103.52,103.67,387534.66
2026-08-29 08:00:00,103.68,103.68,103.07,103.41,411572.69
2026-08-29 09:00:00,103.41,103.57,103.23,103.25,360159.27
2026-08-29 10:00:00,103.25,103.55,102.95,103.39,441500.14
2026-08-29 11:00:00,103.4,103.67,103.35,103.44,193077.78
2026-08-29 12:00:00,103.44,103.97,103.3,103.57,521752.97
2026-08-29 13:00:00,103.57,103.92,103.46,103.75,323638.6
2026-08-29 14:00:00,103.76,105.45,103.72,105.31,1544889.93
2026-08-29 15:00:00,105.32,105.45,104.59,104.95,849702.99
2026-08-29 16:00:00,104.95,105.32,104.76,104.78,634022.53
2026-08-29 17:00:00,104.79,105.08,104.28,104.78,540488.86
2026-08-29 18:00:00,104.79,105.23,104.68,105.04,481304.72
2026-08-29 19:00:00,105.04,105.82,105.04,105.27,744053.66
2026-08-29 20:00:00,105.28,105.45,104.99,105.15,348116.32
2026-08-29 21:00:00,105.16,105.34,104.72,104.98,284690.17
2026-08-29 22:00:00,104.98,105.5,104.84,105.44,218274.94
2026-08-29 23:00:00,105.44,105.72,105.33,105.56,414838.07
2026-08-30 00:00:00,105.56,105.65,105.16,105.21,457855.88
2026-08-30 01:00:00,105.21,105.32,104.97,105.19,367112.38
2026-08-30 02:00:00,105.19,105.44,105.12,105.17,279050.63
2026-08-30 03:00:00,105.17,105.29,104.89,105.02,315668.8
2026-08-30 04:00:00,105.01,105.07,104.6,105.07,361938.27
2026-08-30 05:00:00,105.07,105.21,104.86,105.01,216917.75
2026-08-30 06:00:00,105.02,105.37,104.86,105.37,355034.94
2026-08-30 07:00:00,105.36,105.41,104.65,104.78,339960.45
2026-08-30 08:00:00,104.78,105.02,104.39,104.7,349167.53
2026-08-30 09:00:00,104.71,104.91,104.42,104.55,345655.09
2026-08-30 10:00:00,104.55,105.2,104.45,105.06,441815.85
2026-08-30 11:00:00,105.06,105.28,104.88,105.05,325005.12
2026-08-30 12:00:00,105.06,106.16,105.01,106.04,1196260.7
2026-08-30 13:00:00,106.05,107.44,105.82,107.06,1793425.82
2026-08-30 14:00:00,107.05,107.19,106.56,106.68,774974.6
2026-08-30 15:00:00,106.68,106.8,105.91,106.22,889329.31
2026-08-30 16:00:00,106.21,107.09,106.05,106.83,1341149.99
2026-08-30 17:00:00,106.82,106.83,105.03,106.33,1200172.93
2026-08-30 18:00:00,106.34,106.82,105.95,106.63,714782.24
2026-08-30 19:00:00,106.62,106.75,105.33,105.75,615456.03
2026-08-30 20:00:00,105.75,105.96,104.28,104.7,1150199.71
2026-08-30 21:00:00,104.71,104.72,103.1,104.39,1261884.39
2026-08-30 22:00:00,104.38,104.7,103.26,103.74,962990.1
2026-08-30 23:00:00,103.75,103.75,100.26,101.69,3205903.55
2026-08-31 00:00:00,101.7,102.55,101.05,102.07,1378078.57
2026-08-31 01:00:00,102.07,102.18,101.32,101.46,882674.75
2026-08-31 02:00:00,101.45,102.29,101.14,101.39,847109.75
2026-08-31 03:00:00,101.4,102.15,101.22,101.89,548803.38
2026-08-31 04:00:00,101.9,101.96,100.81,101.4,936686.24
2026-08-31 05:00:00,101.39,103.07,101.21,102.59,1328164.39
2026-08-31 06:00:00,102.59,102.86,102.29,102.66,642347.31
2026-08-31 07:00:00,102.66,103.16,102.58,102.91,560384.03
2026-08-31 08:00:00,102.91,103.43,102.4,103.16,792669.61
2026-08-31 09:00:00,103.16,103.44,102.93,103.02,563623.34
2026-08-31 10:00:00,103.03,104.07,102.58,103.62,966974.24
2026-08-31 11:00:00,103.62,104.11,103.2,103.34,718499.81
2026-08-31 12:00:00,103.35,103.71,102.38,102.71,1213883.01
2026-08-31 13:00:00,102.72,103.03,102.06,102.32,1024890.93
2026-08-31 14:00:00,102.32,103.89,102.14,103.45,1261180.66
2026-08-31 15:00:00,103.46,103.61,102.71,102.81,816885.6
2026-08-31 16:00:00,102.82,103.28,102.38,102.77,765952.56
2026-08-31 17:00:00,102.77,103.76,102.58,103.58,678806.06
2026-08-31 18:00:00,103.58,104.98,103.33,104.42,1188035.24
2026-08-31 19:00:00,104.42,104.72,103.5,103.56,739062.4
2026-08-31 20:00:00,103.56,104.24,103.48,103.7,516574.42
2026-08-31 21:00:00,103.69,103.94,103.17,103.62,526900.94
2026-08-31 22:00:00,103.62,103.74,103.06,103.15,389640.25
2026-08-31 23:00:00,103.14,103.16,102.82,103.0,343495.88
2026-09-01 00:00:00,102.99,103.49,102.9,103.14,455355.87
2026-09-01 01:00:00,103.14,103.48,102.66,103.19,477836.64
2026-09-01 02:00:00,103.19,103.4,102.75,103.34,425636.3
2026-09-01 03:00:00,103.34,104.14,103.22,103.59,528601.02
2026-09-01 04:00:00,103.59,104.03,103.46,103.56,458484.34
2026-09-01 05:00:00,103.57,104.35,103.52,104.24,690848.63
2026-09-01 06:00:00,104.25,104.25,103.29,103.32,551586.83
2026-09-01 07:00:00,103.32,103.52,102.74,103.09,882976.99
2026-09-01 08:00:00,103.1,103.16,101.63,102.03,1603205.55
2026-09-01 09:00:00,102.03,102.23,101.77,101.9,631298.29
2026-09-01 10:00:00,101.91,102.68,101.87,102.31,708389.97
2026-09-01 11:00:00,102.31,102.59,102.01,102.22,628278.36
2026-09-01 12:00:00,102.22,102.44,101.35,101.86,786069.34
2026-09-01 13:00:00,101.87,102.44,101.2,101.89,1112955.03
2026-09-01 14:00:00,101.9,102.55,101.8,101.96,978945.75
2026-09-01 15:00:00,101.95,102.3,100.92,101.98,1187492.03
2026-09-01 16:00:00,101.98,102.01,100.5,100.87,1223524.71
2026-09-01 17:00:00,100.87,101.18,100.36,100.55,876309.9
2026-09-01 18:00:00,100.55,100.66,98.26,99.55,3336688.01
2026-09-01 19:00:00,99.56,100.29,99.47,100.02,1065378.58
2026-09-01 20:00:00,100.03,100.29,99.59,100.05,554203.2
2026-09-01 21:00:00,100.06,100.17,98.83,99.54,793751.73
2026-09-01 22:00:00,99.55,99.89,99.29,99.64,492137.24
2026-09-01 23:00:00,99.63,100.21,99.55,99.93,396903.8
2026-09-02 00:00:00,99.93,100.19,99.55,99.6,404845.55
2026-09-02 01:00:00,99.6,99.91,98.45,99.05,862228.41
2026-09-02 02:00:00,99.05,99.88,98.71,99.87,872682.33
2026-09-02 03:00:00,99.88,100.67,99.78,100.23,760668.67
2026-09-02 04:00:00,100.23,100.26,99.68,100.03,469364.7
2026-09-02 05:00:00,100.04,100.36,99.71,100.21,408406.85
2026-09-02 06:00:00,100.22,100.33,99.62,100.02,492045.26
2026-09-02 07:00:00,100.03,100.38,99.77,99.79,347606.25
2026-09-02 08:00:00,99.79,99.96,98.72,98.96,852710.55
2026-09-02 09:00:00,98.95,99.29,98.13,98.58,1115357.16
2026-09-02 10:00:00,98.59,98.64,97.4,98.19,1546784.75
2026-09-02 11:00:00,98.18,98.24,97.34,98.06,1087568.94
2026-09-02 12:00:00,98.06,98.43,97.57,97.66,807271.63
2026-09-02 13:00:00,97.66,99.64,97.65,99.17,1413981.31
2026-09-02 14:00:00,99.17,99.77,98.84,98.87,919912.37
2026-09-02 15:00:00,98.86,99.47,98.4,99.27,1098914.92
2026-09-02 16:00:00,99.28,99.77,98.73,98.75,1048445.61
2026-09-02 17:00:00,98.76,99.28,98.14,99.27,908179.77
2026-09-02 18:00:00,99.28,99.65,99.1,99.48,662968.2
2026-09-02 19:00:00,99.48,99.59,99.01,99.38,385410.43
2026-09-02 20:00:00,99.38,99.98,99.28,99.65,724329.56
2026-09-02 21:00:00,99.65,99.82,99.37,99.59,293469.99
2026-09-02 22:00:00,99.59,99.71,99.13,99.5,413333.1
2026-09-02 23:00:00,99.49,100.48,99.36,100.38,537439.2
2026-09-03 00:00:00,100.39,100.41,99.43,99.47,575676.55
2026-09-03 01:00:00,99.47,100.57,99.14,100.1,790882.39
2026-09-03 02:00:00,100.1,101.33,99.89,101.06,890229.07
2026-09-03 03:00:00,101.07,101.17,100.12,100.46,786575.09
2026-09-03 04:00:00,100.47,100.95,100.02,100.94,634214.24
2026-09-03 05:00:00,100.93,101.0,99.65,100.83,836307.53
2026-09-03 06:00:00,100.83,100.96,100.55,100.85,401200.24
2026-09-03 07:00:00,100.85,101.32,100.21,100.34,1004939.17
2026-09-03 08:00:00,100.35,101.1,100.35,100.58,383448.71
2026-09-03 09:00:00,100.58,100.76,100.06,100.12,385721.25
2026-09-03 10:00:00,100.12,100.44,99.87,100.39,504450.63
2026-09-03 11:00:00,100.4,100.97,100.28,100.76,578966.3
2026-09-03 12:00:00,100.76,101.81,100.59,101.62,1075327.38
2026-09-03 13:00:00,101.63,101.98,101.04,101.42,1079488.79
2026-09-03 14:00:00,101.42,104.81,101.18,104.77,3110448.75
2026-09-03 15:00:00,104.77,105.62,103.71,105.14,2934579.3
2026-09-03 16:00:00,105.13,105.17,103.79,104.51,1240161.87
2026-09-03 17:00:00,104.52,105.17,104.35,105.07,705567.84
2026-09-03 18:00:00,105.08,105.25,104.58,105.17,574293.43
2026-09-03 19:00:00,105.18,105.88,105.0,105.26,843049.57
2026-09-03 20:00:00,105.26,105.44,104.69,104.88,615461.04
2026-09-03 21:00:00,104.87,105.69,104.73,105.16,632926.8
2026-09-03 22:00:00,105.15,105.27,103.53,104.11,1139803.26
2026-09-03 23:00:00,104.11,104.19,103.78,103.86,643207.32
2026-09-04 00:00:00,103.86,104.28,103.36,103.43,1073713.5
2026-09-04 01:00:00,103.44,103.83,103.2,103.76,558279.15
2026-09-04 02:00:00,103.75,103.76,103.29,103.74,320459.42
2026-09-04 03:00:00,103.73,104.09,103.62,103.63,407619.5
2026-09-04 04:00:00,103.63,104.33,103.53,103.84,530151.21
2026-09-04 05:00:00,103.84,104.01,103.38,103.63,546455.76
2026-09-04 06:00:00,103.63,104.04,103.28,103.56,458416.37
2026-09-04 07:00:00,103.57,104.02,103.48,103.55,586080.13
2026-09-04 08:00:00,103.56,104.48,103.13,104.32,899273.9
2026-09-04 09:00:00,104.33,104.73,103.9,104.0,881410.76
2026-09-04 10:00:00,104.01,104.1,103.5,104.08,459862.24
2026-09-04 11:00:00,104.09,104.47,103.91,104.03,566824.12
2026-09-04 12:00:00,104.04,104.4,100.04,101.54,4060121.91
2026-09-04 13:00:00,101.54,102.23,100.94,101.6,1361752.0
2026-09-04 14:00:00,101.6,101.77,100.26,100.73,1067441.72
2026-09-04 15:00:00,100.74,101.62,100.6,101.39,747558.43
2026-09-04 16:00:00,101.4,102.06,101.29,101.78,520831.86
2026-09-04 17:00:00,101.78,101.8,101.02,101.18,553761.32
2026-09-04 18:00:00,101.19,101.64,101.16,101.6,282178.21
2026-09-04 19:00:00,101.59,101.91,101.56,101.64,360534.35
2026-09-04 20:00:00,101.64,101.81,101.53,101.71,218797.23
2026-09-04 21:00:00,101.7,101.88,101.39,101.51,279229.63
2026-09-04 22:00:00,101.51,101.84,101.51,101.69,305192.03
2026-09-04 23:00:00,101.69,101.92,101.59,101.86,232599.14
2026-09-05 00:00:00,101.85,101.96,101.66,101.78,237318.08
2026-09-05 01:00:00,101.78,102.12,101.69,101.8,346493.03
2026-09-05 02:00:00,101.79,101.93,101.63,101.91,268552.55
2026-09-05 03:00:00,101.9,101.97,101.71,101.84,204946.53
2026-09-05 04:00:00,101.84,101.89,101.64,101.71,267777.37
2026-09-05 05:00:00,101.71,101.9,101.54,101.83,318973.35
2026-09-05 06:00:00,101.82,102.36,101.76,102.24,336776.74
2026-09-05 07:00:00,102.23,102.56,102.09,102.16,410498.85
2026-09-05 08:00:00,102.16,102.54,102.03,102.53,349266.22
2026-09-05 09:00:00,102.54,102.78,102.46,102.5,294590.22
2026-09-05 10:00:00,102.5,102.66,102.33,102.46,319929.67
2026-09-05 11:00:00,102.47,102.54,102.16,102.3,297388.15
2026-09-05 12:00:00,102.3,103.21,102.25,103.19,581592.78
2026-09-05 13:00:00,103.19,103.39,102.52,102.62,884774.55
2026-09-05 14:00:00,102.61,102.92,102.61,102.8,416787.72
2026-09-05 15:00:00,102.8,102.94,102.57,102.88,377325.38
2026-09-05 16:00:00,102.87,103.49,102.75,103.36,605106.0
2026-09-05 17:00:00,103.37,104.28,103.2,104.18,1284302.41
2026-09-05 18:00:00,104.18,104.37,103.7,103.86,411218.58
2026-09-05 19:00:00,103.86,103.91,103.12,103.36,532925.61
2026-09-05 20:00:00,103.35,103.57,103.06,103.19,526734.0
2026-09-05 21:00:00,103.19,103.95,103.14,103.68,331454.4
2026-09-05 22:00:00,103.68,103.81,103.15,103.31,358896.34
2026-09-05 23:00:00,103.31,103.34,102.86,103.12,375589.26
2026-09-06 00:00:00,103.11,103.46,103.11,103.24,325105.97
2026-09-06 01:00:00,103.24,104.17,103.21,103.99,700244.28
2026-09-06 02:00:00,104.0,104.71,103.81,104.32,731437.1
2026-09-06 03:00:00,104.33,107.0,104.3,105.92,2083202.0
2026-09-06 04:00:00,105.92,106.32,105.53,105.69,872157.96
2026-09-06 05:00:00,105.69,106.8,105.41,106.4,933004.67
2026-09-06 06:00:00,106.4,106.41,105.26,105.32,690689.48
2026-09-06 07:00:00,105.33,105.52,104.59,105.19,1051192.8
2026-09-06 08:00:00,105.18,105.38,104.94,105.14,548257.5
2026-09-06 09:00:00,105.13,107.28,105.12,106.45,1659931.11
2026-09-06 10:00:00,106.46,106.89,106.32,106.61,609932.0
2026-09-06 11:00:00,106.61,106.69,106.19,106.41,500644.37
2026-09-06 12:00:00,106.42,107.36,106.35,106.76,875559.45
2026-09-06 13:00:00,106.77,107.12,105.84,107.03,1162516.15
2026-09-06 14:00:00,107.02,107.09,105.0,105.67,1481176.05
2026-09-06 15:00:00,105.68,105.93,104.8,105.7,896686.39
2026-09-06 16:00:00,105.69,106.33,105.43,106.03,598823.03
2026-09-06 17:00:00,106.03,106.39,105.5,106.13,549298.4
2026-09-06 18:00:00,106.13,106.56,105.78,105.93,503524.9
2026-09-06 19:00:00,105.93,105.93,105.25,105.45,382476.65
2026-09-06 20:00:00,105.44,105.84,105.31,105.7,379681.05
2026-09-06 21:00:00,105.7,106.23,105.7,105.86,372543.61
2026-09-06 22:00:00,105.86,106.03,104.91,105.8,850378.69
2026-09-06 23:00:00,105.8,106.77,105.75,106.5,709249.49
2026-09-07 00:00:00,106.49,106.6,105.81,106.1,846899.9
2026-09-07 01:00:00,106.1,106.3,104.95,105.25,739213.03
2026-09-07 02:00:00,105.25,107.03,104.82,105.73,1279964.12
2026-09-07 03:00:00,105.74,105.84,104.84,104.89,725203.0
2026-09-07 04:00:00,104.89,105.24,104.64,105.02,612843.96
2026-09-07 05:00:00,105.02,105.78,104.97,105.08,510197.38
2026-09-07 06:00:00,105.07,105.36,104.79,105.03,557872.49
2026-09-07 07:00:00,105.04,105.5,103.69,104.42,1408624.01
2026-09-07 08:00:00,104.41,104.87,104.37,104.65,580202.83
2026-09-07 09:00:00,104.65,105.13,104.55,104.6,559184.48
2026-09-07 10:00:00,104.61,105.1,104.61,104.95,331159.52
2026-09-07 11:00:00,104.96,105.1,104.69,104.88,351326.91
2026-09-07 12:00:00,104.88,105.88,104.86,105.68,655004.38
2026-09-07 13:00:00,105.68,105.81,104.77,105.02,683924.27
2026-09-07 14:00:00,105.03,105.13,103.93,104.58,1125700.9
2026-09-07 15:00:00,104.59,104.6,102.78,103.22,1420802.62
2026-09-07 16:00:00,103.21,103.82,103.16,103.82,549466.79
2026-09-07 17:00:00,103.82,104.21,103.71,103.95,375778.57
2026-09-07 18:00:00,103.95,104.07,103.52,103.87,376079.87
2026-09-07 19:00:00,103.87,104.38,103.76,104.3,295308.72
2026-09-07 20:00:00,104.31,104.36,103.87,104.05,328830.53
2026-09-07 21:00:00,104.05,104.12,103.73,103.85,247548.07
2026-09-07 22:00:00,103.86,104.03,103.13,103.49,513295.52
2026-09-07 23:00:00,103.48,103.99,103.44,103.75,397412.53
2026-09-08 00:00:00,103.75,104.13,103.39,104.05,476649.58
2026-09-08 01:00:00,104.05,104.37,103.93,104.34,331496.82
2026-09-08 02:00:00,104.34,104.47,103.22,103.22,487559.15
2026-09-08 03:00:00,103.22,103.38,102.66,103.29,1055217.11
2026-09-08 04:00:00,103.3,103.41,102.93,102.95,431146.34
2026-09-08 05:00:00,102.94,103.47,102.82,102.91,686023.44
2026-09-08 06:00:00,102.91,103.05,102.35,102.63,912367.28
2026-09-08 07:00:00,102.64,103.1,102.55,102.91,442807.11
2026-09-08 08:00:00,102.9,103.26,102.42,103.0,425768.18
2026-09-08 09:00:00,102.99,103.81,102.89,103.65,659311.09
2026-09-08 10:00:00,103.64,104.05,103.33,103.34,485026.04
2026-09-08 11:00:00,103.33,103.41,102.6,102.83,625467.55
2026-09-08 12:00:00,102.82,103.29,102.42,103.03,502458.25
2026-09-08 13:00:00,103.04,103.12,101.64,102.64,1488064.13
2026-09-08 14:00:00,102.64,103.43,102.37,103.28,915209.61
2026-09-08 15:00:00,103.28,104.36,103.18,104.25,984864.87
2026-09-08 16:00:00,104.25,104.79,103.53,104.16,1152256.65
2026-09-08 17:00:00,104.16,104.39,103.62,103.64,574658.86
2026-09-08 18:00:00,103.64,104.45,103.11,103.32,814932.29
2026-09-08 19:00:00,103.31,103.55,102.81,103.18,717325.14
2026-09-08 20:00:00,103.19,103.76,103.01,103.05,468277.63
2026-09-08 21:00:00,103.05,103.31,102.76,102.97,389553.01
2026-09-08 22:00:00,102.98,103.41,102.92,103.36,285630.11
2026-09-08 23:00:00,103.36,103.54,103.21,103.33,236826.27
2026-09-09 00:00:00,103.33,103.83,103.3,103.72,356478.66
2026-09-09 01:00:00,103.73,103.9,103.3,103.73,451509.06
2026-09-09 02:00:00,103.73,103.98,103.29,103.42,410878.02
2026-09-09 03:00:00,103.41,103.44,102.9,103.25,546644.72
2026-09-09 04:00:00,103.25,104.39,103.24,104.38,887538.63
2026-09-09 05:00:00,104.38,104.68,103.69,104.03,867515.02
2026-09-09 06:00:00,104.03,104.74,103.93,104.48,489021.66
2026-09-09 07:00:00,104.48,105.19,104.43,104.53,634067.47
2026-09-09 08:00:00,104.53,105.03,104.5,104.78,507163.8
2026-09-09 09:00:00,104.78,104.8,103.39,103.44,908400.16
2026-09-09 10:00:00,103.44,104.03,103.43,103.73,595542.77
2026-09-09 11:00:00,103.74,104.27,103.23,104.19,743746.47
2026-09-09 12:00:00,104.19,104.79,104.05,104.63,784320.5
2026-09-09 13:00:00,104.63,104.67,103.45,103.73,929001.54
2026-09-09 14:00:00,103.73,104.13,103.28,103.42,1106507.74
2026-09-09 15:00:00,103.42,104.07,102.0,103.02,2188756.01
2026-09-09 16:00:00,103.02,103.47,102.66,103.33,592706.31
2026-09-09 17:00:00,103.32,103.78,103.16,103.49,446632.34
2026-09-09 18:00:00,103.49,103.7,103.15,103.23,366400.4
2026-09-09 19:00:00,103.22,103.34,102.11,102.3,767336.97
2026-09-09 20:00:00,102.3,102.63,101.75,102.52,750030.27
2026-09-09 21:00:00,102.52,102.56,101.73,102.03,440462.64
2026-09-09 22:00:00,102.04,102.14,100.19,100.74,1559245.39
2026-09-09 23:00:00,100.75,101.7,100.67,101.51,502782.49
2026-09-10 00:00:00,101.5,101.66,100.88,100.95,612974.65
2026-09-10 01:00:00,100.95,101.7,100.42,101.01,817154.91
2026-09-10 02:00:00,101.0,101.84,100.93,101.83,395258.11
2026-09-10 03:00:00,101.84,102.04,101.6,101.78,484413.42
2026-09-10 04:00:00,101.78,102.15,101.74,101.92,443703.44
2026-09-10 05:00:00,101.93,102.15,101.58,102.07,380628.47
2026-09-10 06:00:00,102.06,102.09,101.33,101.9,374039.94
2026-09-10 07:00:00,101.9,101.9,100.76,101.25,767800.19
2026-09-10 08:00:00,101.26,101.36,100.92,101.12,484532.23
2026-09-10 09:00:00,101.13,101.37,100.74,101.08,396332.7
2026-09-10 10:00:00,101.07,101.35,100.8,101.01,428487.32
2026-09-10 11:00:00,101.0,101.49,100.76,100.97,663949.81
2026-09-10 12:00:00,100.96,101.47,98.33,98.87,3435863.98
2026-09-10 13:00:00,98.88,99.8,98.83,99.67,1812662.86
2026-09-10 14:00:00,99.67,100.32,99.19,100.15,981369.62
2026-09-10 15:00:00,100.15,100.15,99.38,99.69,708010.5
2026-09-10 16:00:00,99.69,99.86,98.76,99.63,885648.55
2026-09-10 17:00:00,99.62,100.44,99.51,99.93,800045.35
2026-09-10 18:00:00,99.92,99.95,99.18,99.87,534994.46
2026-09-10 19:00:00,99.87,100.08,99.54,99.63,583846.37
2026-09-10 20:00:00,99.64,100.1,99.58,100.0,283974.18
2026-09-10 21:00:00,100.01,100.11,99.72,99.77,223579.58
2026-09-10 22:00:00,99.77,100.06,99.2,99.23,391490.05
2026-09-10 23:00:00,99.24,99.34,98.55,98.6,629264.69
2026-09-11 00:00:00,98.61,99.38,98.54,99.12,714654.14
2026-09-11 01:00:00,99.13,99.46,98.69,99.4,541852.62
2026-09-11 02:00:00,99.4,99.49,99.01,99.27,316466.67
2026-09-11 03:00:00,99.27,99.44,98.88,99.26,421594.68
2026-09-11 04:00:00,99.26,99.93,99.17,99.64,495787.75
2026-09-11 05:00:00,99.63,99.87,99.51,99.85,349076.51
2026-09-11 06:00:00,99.85,99.97,99.47,99.77,351091.33
2026-09-11 07:00:00,99.77,100.09,99.64,99.69,333585.54
2026-09-11 08:00:00,99.68,100.26,99.42,99.88,450401.6
2026-09-11 09:00:00,99.88,99.91,98.94,99.34,526763.36
2026-09-11 10:00:00,99.34,99.71,99.12,99.12,353333.24
2026-09-11 11:00:00,99.12,99.58,98.53,99.44,887082.41
2026-09-11 12:00:00,99.43,101.78,97.36,101.61,4055654.08
2026-09-11 13:00:00,101.62,104.89,100.52,104.82,2992834.88
2026-09-11 14:00:00,104.82,105.77,102.81,103.24,3062426.98
2026-09-11 15:00:00,103.23,103.58,101.18,101.55,1594633.97
2026-09-11 16:00:00,101.54,102.37,101.25,102.3,1385304.6
2026-09-11 17:00:00,102.29,102.46,101.77,101.9,497681.13
2026-09-11 18:00:00,101.9,101.99,100.3,101.03,1321774.0
2026-09-11 19:00:00,101.04,102.11,100.75,101.96,762759.73
2026-09-11 20:00:00,101.96,102.95,101.94,102.43,1127755.83
2026-09-11 21:00:00,102.42,103.11,101.99,102.05,610377.8
2026-09-11 22:00:00,102.04,102.44,101.46,101.84,836185.06
2026-09-11 23:00:00,101.84,102.44,101.73,102.4,353185.86
2026-09-12 00:00:00,102.4,102.53,101.73,101.87,394620.85
2026-09-12 01:00:00,101.86,102.21,101.78,101.96,311019.24
2026-09-12 02:00:00,101.97,102.05,101.6,101.83,310941.11
2026-09-12 03:00:00,101.82,101.89,101.42,101.6,340172.05
2026-09-12 04:00:00,101.59,101.85,101.51,101.55,232601.9
2026-09-12 05:00:00,101.56,101.68,101.36,101.6,315655.24
2026-09-12 06:00:00,101.59,101.85,101.45,101.64,272192.34
2026-09-12 07:00:00,101.64,101.91,101.58,101.61,187536.52
2026-09-12 08:00:00,101.62,101.83,101.51,101.77,353805.61
2026-09-12 09:00:00,101.78,102.18,101.71,101.97,443406.12
2026-09-12 10:00:00,101.98,102.22,101.91,102.1,263670.5
2026-09-12 11:00:00,102.09,102.2,101.94,102.08,176830.27
2026-09-12 12:00:00,102.08,102.37,101.88,102.0,421813.68
2026-09-12 13:00:00,102.01,102.17,101.7,101.94,476094.85
2026-09-12 14:00:00,101.94,102.08,101.84,101.94,218694.25
2026-09-12 15:00:00,101.95,102.12,101.81,102.02,382411.21
2026-09-12 16:00:00,102.01,102.08,101.89,102.03,217867.96
2026-09-12 17:00:00,102.02,102.13,101.9,101.92,239662.23
2026-09-12 18:00:00,101.93,101.94,101.51,101.59,345546.61
2026-09-12 19:00:00,101.6,101.67,101.18,101.24,440312.12
2026-09-12 20:00:00,101.24,101.53,101.21,101.31,225653.53
2026-09-12 21:00:00,101.31,101.56,101.29,101.44,199409.48
2026-09-12 22:00:00,101.43,101.75,101.35,101.62,315717.18
2026-09-12 23:00:00,101.62,101.79,101.56,101.7,200313.18
2026-09-13 00:00:00,101.69,101.72,101.53,101.68,171596.56
2026-09-13 01:00:00,101.68,102.29,101.68,102.24,391326.94
2026-09-13 02:00:00,102.23,102.28,101.66,101.84,521386.53
2026-09-13 03:00:00,101.84,101.99,101.5,101.57,388692.75
2026-09-13 04:00:00,101.58,101.76,101.47,101.65,203996.34
2026-09-13 05:00:00,101.65,101.87,101.63,101.75,178636.87
2026-09-13 06:00:00,101.75,101.76,101.03,101.19,492701.2
2026-09-13 07:00:00,101.18,101.35,100.58,100.67,696389.94
2026-09-13 08:00:00,100.66,100.82,99.62,99.95,958549.45
2026-09-13 09:00:00,99.95,100.15,99.34,99.8,770425.09
2026-09-13 10:00:00,99.81,99.86,99.36,99.52,331822.04
2026-09-13 11:00:00,99.51,99.81,99.4,99.76,303244.52
2026-09-13 12:00:00,99.76,99.77,99.5,99.65,248668.68
2026-09-13 13:00:00,99.66,100.18,99.38,100.04,452679.93
2026-09-13 14:00:00,100.04,100.79,100.04,100.63,561741.79
2026-09-13 15:00:00,100.62,100.64,100.14,100.2,568905.25
2026-09-13 16:00:00,100.21,100.97,100.2,100.77,485197.43
2026-09-13 17:00:00,100.76,101.2,100.76,100.98,362177.03
2026-09-13 18:00:00,100.97,101.24,100.91,101.15,247052.96
2026-09-13 19:00:00,101.14,101.31,100.79,100.93,295760.16
2026-09-13 20:00:00,100.92,101.49,100.92,101.43,284754.7
2026-09-13 21:00:00,101.42,101.59,101.18,101.3,279130.68
2026-09-13 22:00:00,101.31,101.31,99.24,99.66,1355979.37
2026-09-13 23:00:00,99.67,99.95,99.1,99.23,802293.1
2026-09-14 00:00:00,99.23,99.88,98.92,99.61,679232.61
2026-09-14 01:00:00,99.6,100.18,99.12,100.11,543113.34
2026-09-14 02:00:00,100.11,101.03,99.9,100.95,826740.75
2026-09-14 03:00:00,100.94,101.29,100.74,100.94,542992.96
2026-09-14 04:00:00,100.94,101.32,100.83,101.13,436062.63
2026-09-14 05:00:00,101.13,101.18,100.91,101.08,206820.37
2026-09-14 06:00:00,101.07,101.98,101.02,101.5,929317.87
2026-09-14 07:00:00,101.5,101.7,101.4,101.56,337450.3
2026-09-14 08:00:00,101.57,101.8,101.27,101.46,449148.58
2026-09-14 09:00:00,101.46,102.31,101.19,101.9,794583.4
2026-09-14 10:00:00,101.9,102.0,101.61,101.74,428651.53
2026-09-14 11:00:00,101.74,101.89,101.27,101.34,443760.35
2026-09-14 12:00:00,101.34,101.96,101.16,101.34,544123.91
2026-09-14 13:00:00,101.35,101.87,100.6,101.32,1319559.89
2026-09-14 14:00:00,101.32,101.97,101.15,101.58,933538.69
2026-09-14 15:00:00,101.58,102.23,101.29,101.92,911266.22
2026-09-14 16:00:00,101.93,102.87,101.81,102.57,1161435.66
2026-09-14 17:00:00,102.57,103.28,102.48,103.04,826853.72
2026-09-14 18:00:00,103.04,103.88,102.89,103.57,999358.91
2026-09-14 19:00:00,103.58,103.58,102.91,103.23,846833.55
2026-09-14 20:00:00,103.24,104.81,103.17,103.96,1420982.67
2026-09-14 21:00:00,103.97,104.02,102.75,103.16,1039309.45
2026-09-14 22:00:00,103.16,103.55,102.77,102.86,566391.94
2026-09-14 23:00:00,102.86,102.97,102.37,102.51,393336.4
2026-09-15 00:00:00,102.5,102.83,102.34,102.42,485885.81
2026-09-15 01:00:00,102.42,102.55,102.08,102.2,560618.33
2026-09-15 02:00:00,102.2,102.35,101.91,101.93,412672.01
2026-09-15 03:00:00,101.93,101.93,101.18,101.5,655810.72
2026-09-15 04:00:00,101.5,101.66,101.1,101.21,508319.68
2026-09-15 05:00:00,101.2,101.35,100.5,101.25,885901.91
2026-09-15 06:00:00,101.25,101.53,100.68,100.83,518495.51
2026-09-15 07:00:00,100.84,101.02,100.27,100.39,639411.23
2026-09-15 08:00:00,100.39,100.61,99.99,100.59,731665.45
2026-09-15 09:00:00,100.6,101.04,100.45,100.76,466560.9
2026-09-15 10:00:00,100.76,101.05,100.62,100.9,405201.13
2026-09-15 11:00:00,100.89,100.98,100.36,100.79,465666.63
2026-09-15 12:00:00,100.79,101.16,100.73,100.93,566174.3
2026-09-15 13:00:00,100.93,101.35,99.64,100.52,1466574.09
2026-09-15 14:00:00,100.53,100.72,97.95,98.81,2603628.06
2026-09-15 15:00:00,98.8,99.72,98.5,99.32,1292749.85
2026-09-15 16:00:00,99.32,99.4,98.83,99.04,584051.12
2026-09-15 17:00:00,99.04,100.68,98.62,100.17,1211379.89
2026-09-15 18:00:00,100.16,100.3,95.72,98.12,4802383.87
2026-09-15 19:00:00,98.12,98.65,97.45,97.82,1635107.98
2026-09-15 20:00:00,97.83,98.04,96.63,97.38,1035319.23
2026-09-15 21:00:00,97.39,97.4,96.47,96.49,607895.47
2026-09-15 22:00:00,96.5,97.25,96.25,97.09,850319.23
2026-09-15 23:00:00,97.09,97.63,96.82,96.82,618511.64
2026-09-16 00:00:00,96.82,97.27,96.79,97.04,486783.04
2026-09-16 01:00:00,97.03,97.24,96.34,96.42,463932.32
2026-09-16 02:00:00,96.42,97.55,96.39,97.17,480332.41
2026-09-16 03:00:00,97.18,97.54,96.95,97.2,424692.3
2026-09-16 04:00:00,97.21,97.7,97.1,97.21,599379.91
2026-09-16 05:00:00,97.21,97.28,96.77,97.17,575805.04
2026-09-16 06:00:00,97.18,97.37,96.84,97.34,313608.54
2026-09-16 07:00:00,97.35,97.5,96.87,96.91,381935.81
2026-09-16 08:00:00,96.91,96.98,96.33,96.97,572337.77
2026-09-16 09:00:00,96.97,97.3,96.95,97.23,472717.74
2026-09-16 10:00:00,97.23,97.33,97.06,97.26,354478.14
2026-09-16 11:00:00,97.26,98.3,96.96,97.98,963213.8
2026-09-16 12:00:00,97.97,98.09,97.12,97.52,554944.74
2026-09-16 13:00:00,97.52,97.62,96.83,97.13,830413.55
2026-09-16 14:00:00,97.12,97.25,96.58,97.0,977429.29
2026-09-16 15:00:00,97.01,97.57,96.8,97.06,788335.29
2026-09-16 16:00:00,97.06,97.48,96.9,97.2,418198.59
2026-09-16 17:00:00,97.2,97.33,96.02,96.99,1197427.14
2026-09-16 18:00:00,97.0,98.91,96.22,97.79,3449283.91
2026-09-16 19:00:00,97.8,98.7,96.84,98.03,1404611.65
2026-09-16 20:00:00,98.03,98.88,97.97,98.67,712449.56
2026-09-16 21:00:00,98.67,98.75,98.06,98.34,269653.6
2026-09-16 22:00:00,98.35,98.39,97.37,97.43,795864.97
2026-09-16 23:00:00,97.43,98.8,97.32,98.62,674131.43
2026-09-17 00:00:00,98.61,99.15,98.41,98.65,617790.75
2026-09-17 01:00:00,98.65,99.6,98.42,99.2,704161.14
2026-09-17 02:00:00,99.2,99.69,98.76,99.32,603589.76
2026-09-17 03:00:00,99.32,100.01,99.32,99.91,483999.0
2026-09-17 04:00:00,99.9,99.95,99.11,99.86,609043.81
2026-09-17 05:00:00,99.87,100.03,99.44,99.49,460190.3
2026-09-17 06:00:00,99.49,99.93,99.42,99.7,306881.01
2026-09-17 07:00:00,99.69,100.35,99.67,100.0,613016.68
2026-09-17 08:00:00,100.0,100.3,99.82,100.27,489760.24
2026-09-17 09:00:00,100.28,100.84,100.11,100.19,871330.23
2026-09-17 10:00:00,100.2,100.22,99.51,99.8,726446.86
2026-09-17 11:00:00,99.8,100.2,99.48,100.09,589254.24
2026-09-17 12:00:00,100.08,101.43,100.03,100.7,1394830.41
2026-09-17 13:00:00,100.7,100.97,99.61,100.7,1145607.27
2026-09-17 14:00:00,100.69,101.79,100.01,101.02,1713829.25
2026-09-17 15:00:00,101.03,101.3,100.2,101.23,1006390.82
2026-09-17 16:00:00,101.24,101.48,100.66,101.36,790055.53
2026-09-17 17:00:00,101.36,102.03,101.16,101.49,880953.05
2026-09-17 18:00:00,101.48,101.59,100.8,100.81,551617.34
2026-09-17 19:00:00,100.81,101.07,100.68,100.93,376248.33
2026-09-17 20:00:00,100.94,101.35,100.85,101.25,338617.69
2026-09-17 21:00:00,101.26,101.43,101.05,101.11,318279.43
2026-09-17 22:00:00,101.11,101.5,100.73,101.39,581541.92
2026-09-17 23:00:00,101.39,101.74,101.29,101.59,521989.61
2026-09-18 00:00:00,101.58,101.66,100.83,101.35,751404.82
2026-09-18 01:00:00,101.35,102.89,101.34,102.44,1145057.66
2026-09-18 02:00:00,102.44,102.88,102.12,102.71,723589.05
2026-09-18 03:00:00,102.72,105.18,102.62,104.57,2383588.66
2026-09-18 04:00:00,104.56,105.92,104.38,105.79,1710893.26
2026-09-18 05:00:00,105.79,106.12,105.28,105.33,1382052.06
2026-09-18 06:00:00,105.33,105.82,105.26,105.55,776620.53
2026-09-18 07:00:00,105.54,106.09,105.4,105.75,958496.73
2026-09-18 08:00:00,105.76,106.37,105.08,106.29,1338348.74
2026-09-18 09:00:00,106.28,106.6,105.88,106.39,1004712.13
2026-09-18 10:00:00,106.4,106.66,106.23,106.25,626505.06
2026-09-18 11:00:00,106.24,106.36,105.39,105.71,944386.38
2026-09-18 12:00:00,105.72,106.12,105.37,105.75,678288.73
2026-09-18 13:00:00,105.76,109.39,105.41,108.52,3815540.19
2026-09-18 14:00:00,108.52,110.99,108.33,110.74,3679619.7
2026-09-18 15:00:00,110.74,111.61,109.35,111.14,2834679.29
2026-09-18 16:00:00,111.13,112.32,111.0,111.71,2215580.88
2026-09-18 17:00:00,111.7,112.78,111.36,112.61,1506676.19
2026-09-18 18:00:00,112.61,112.91,112.03,112.17,996008.67
2026-09-18 19:00:00,112.18,114.32,112.17,114.19,1893706.2
2026-09-18 20:00:00,114.18,114.2,113.12,113.51,903037.16
2026-09-18 21:00:00,113.51,113.79,113.03,113.19,502396.97
2026-09-18 22:00:00,113.19,113.62,112.73,113.2,749421.29
2026-09-18 23:00:00,113.19,113.49,112.52,112.73,626492.53
2026-09-19 00:00:00,112.73,113.76,112.39,113.64,858087.39
2026-09-19 01:00:00,113.65,114.15,112.88,113.41,760306.55
2026-09-19 02:00:00,113.41,113.85,113.33,113.61,456151.93
2026-09-19 03:00:00,113.62,113.84,113.14,113.24,317905.09
2026-09-19 04:00:00,113.24,113.45,112.06,112.37,642755.61
2026-09-19 05:00:00,112.36,112.98,111.66,111.93,655063.2
2026-09-19 06:00:00,111.93,112.04,111.15,111.86,858011.26
2026-09-19 07:00:00,111.86,112.23,111.56,111.61,400911.41
2026-09-19 08:00:00,111.62,112.47,111.49,112.23,641519.46
2026-09-19 09:00:00,112.24,112.49,111.44,111.81,578132.33
2026-09-19 10:00:00,111.82,112.14,111.6,111.6,375477.83
2026-09-19 11:00:00,111.6,112.07,111.57,111.87,363252.52
2026-09-19 12:00:00,111.87,112.08,111.6,111.75,378392.18
2026-09-19 13:00:00,111.75,111.83,111.25,111.59,497082.83
2026-09-19 14:00:00,111.59,112.17,111.42,111.75,571600.93
2026-09-19 15:00:00,111.76,112.09,111.45,111.61,602549.37
2026-09-19 16:00:00,111.61,111.99,111.18,111.96,573262.0
2026-09-19 17:00:00,111.96,112.45,111.3,111.37,857151.4
2026-09-19 18:00:00,111.38,111.63,110.64,111.12,1227791.1
2026-09-19 19:00:00,111.12,111.6,110.73,111.15,582706.19
2026-09-19 20:00:00,111.16,111.34,110.93,111.1,326745.96
2026-09-19 21:00:00,111.1,111.29,110.07,110.52,730005.66
2026-09-19 22:00:00,110.52,110.76,110.06,110.64,413698.24
2026-09-19 23:00:00,110.63,111.17,110.6,111.04,401598.93
2026-09-20 00:00:00,111.04,111.13,110.58,110.91,350063.86
2026-09-20 01:00:00,110.92,110.96,109.67,110.16,791056.35
2026-09-20 02:00:00,110.16,110.51,107.34,107.65,1813310.99
2026-09-20 03:00:00,107.65,109.1,107.37,108.89,1108057.01
2026-09-20 04:00:00,108.89,109.23,108.62,109.01,461042.01
2026-09-20 05:00:00,109.02,109.22,108.58,108.74,502740.91
2026-09-20 06:00:00,108.75,108.9,108.09,108.44,505926.4
2026-09-20 07:00:00,108.44,108.81,108.42,108.44,349337.25
2026-09-20 08:00:00,108.44,108.69,107.69,108.07,618415.3
2026-09-20 09:00:00,108.07,108.82,108.03,108.27,474096.93
2026-09-20 10:00:00,108.27,108.4,107.88,107.99,446939.21
2026-09-20 11:00:00,107.99,108.64,107.89,108.43,438339.93
2026-09-20 12:00:00,108.43,108.83,108.09,108.36,496369.08
2026-09-20 13:00:00,108.35,108.55,107.89,108.19,442281.25
2026-09-20 14:00:00,108.19,108.63,107.89,108.09,553922.42
2026-09-20 15:00:00,108.1,108.78,108.0,108.75,956280.25
2026-09-20 16:00:00,108.74,110.63,108.45,110.27,2001510.39
2026-09-20 17:00:00,110.28,110.49,109.42,109.87,996684.69
2026-09-20 18:00:00,109.86,110.32,109.11,109.38,656697.85
2026-09-20 19:00:00,109.38,110.82,109.28,110.4,635683.19
2026-09-20 20:00:00,110.39,110.62,110.04,110.09,396718.77
2026-09-20 21:00:00,110.08,110.09,109.01,109.85,822297.0
2026-09-20 22:00:00,109.85,111.03,109.56,110.96,769419.46
2026-09-20 23:00:00,110.96,111.42,110.5,111.09,695670.87
2026-09-21 00:00:00,111.1,112.88,111.09,112.28,1608388.18
2026-09-21 01:00:00,112.27,113.4,110.67,110.92,1687438.49
2026-09-21 02:00:00,110.92,111.99,110.59,111.19,1051938.31
2026-09-21 03:00:00,111.18,111.88,111.11,111.51,486067.49
2026-09-21 04:00:00,111.52,111.8,110.99,111.42,437441.47
2026-09-21 05:00:00,111.42,112.19,111.24,111.72,634773.13
2026-09-21 06:00:00,111.72,112.56,111.45,112.16,786408.85
2026-09-21 07:00:00,112.16,112.37,111.31,112.07,622451.87
2026-09-21 08:00:00,112.07,116.38,112.03,115.28,3352291.56
2026-09-21 09:00:00,115.27,116.86,114.91,115.89,2536375.03
2026-09-21 10:00:00,115.88,116.11,115.44,115.97,866607.66
2026-09-21 11:00:00,115.97,117.16,115.8,116.77,1320885.79
2026-09-21 12:00:00,116.78,117.11,116.12,116.77,1341760.14
2026-09-21 13:00:00,116.77,118.38,116.61,118.0,3172846.45
2026-09-21 14:00:00,117.99,118.88,117.28,117.99,2951430.99
2026-09-21 15:00:00,117.98,119.16,117.32,117.89,2187060.75
2026-09-21 16:00:00,117.89,118.29,116.69,117.47,1365501.73
2026-09-21 17:00:00,117.47,117.9,116.62,117.16,927153.15
2026-09-21 18:00:00,117.15,117.82,116.81,117.67,570054.87
2026-09-21 19:00:00,117.67,118.45,117.21,118.32,1098780.67
2026-09-21 20:00:00,118.33,119.49,118.15,119.14,1279214.95
2026-09-21 21:00:00,119.14,119.99,118.62,119.06,1014150.98
2026-09-21 22:00:00,119.06,119.81,118.75,119.43,855770.97
2026-09-21 23:00:00,119.43,119.89,118.33,118.88,785763.1
2026-09-22 00:00:00,118.88,119.46,118.04,118.31,965742.07
2026-09-22 01:00:00,118.31,118.43,116.93,117.56,1476688.61
2026-09-22 02:00:00,117.56,118.06,116.44,116.88,1079174.62
2026-09-22 03:00:00,116.88,117.02,116.28,116.77,882785.87
2026-09-22 04:00:00,116.77,117.1,116.19,116.35,765858.37
2026-09-22 05:00:00,116.36,117.13,115.53,116.79,1166605.84
2026-09-22 06:00:00,116.79,117.01,116.33,116.48,470298.0
2026-09-22 07:00:00,116.47,116.77,115.96,116.27,534566.48
2026-09-22 08:00:00,116.28,118.09,115.73,117.44,1213628.19
2026-09-22 09:00:00,117.45,117.54,116.61,117.41,936854.28
2026-09-22 10:00:00,117.42,117.43,116.31,116.78,587324.47
2026-09-22 11:00:00,116.79,117.46,116.34,117.28,611033.38
2026-09-22 12:00:00,117.27,117.71,116.8,117.41,712787.76
2026-09-22 13:00:00,117.42,117.95,116.75,117.92,1347245.82
2026-09-22 14:00:00,117.93,117.94,115.83,116.83,1817143.04
2026-09-22 15:00:00,116.83,117.93,116.71,117.31,1018946.78
2026-09-22 16:00:00,117.31,117.77,116.63,117.4,965201.78
2026-09-22 17:00:00,117.39,118.15,117.27,117.93,956027.48
2026-09-22 18:00:00,117.93,118.44,117.55,118.08,886088.22
2026-09-22 19:00:00,118.08,118.69,117.74,118.2,1023097.19
2026-09-22 20:00:00,118.19,118.31,117.75,117.92,532325.55
2026-09-22 21:00:00,117.92,118.23,117.63,118.04,433430.07
2026-09-22 22:00:00,118.05,118.79,117.56,118.43,711904.28
2026-09-22 23:00:00,118.42,119.25,118.17,118.49,838089.64
2026-09-23 00:00:00,118.49,119.18,118.23,118.77,533269.29
2026-09-23 01:00:00,118.77,119.4,117.78,118.28,853569.98
2026-09-23 02:00:00,118.29,118.49,117.83,118.43,425760.26
2026-09-23 03:00:00,118.43,119.62,118.2,119.07,851516.63
2026-09-23 04:00:00,119.07,119.68,118.71,119.46,737446.89
2026-09-23 05:00:00,119.47,119.47,118.2,118.35,808229.56
2026-09-23 06:00:00,118.35,119.25,118.31,118.9,552354.23
2026-09-23 07:00:00,118.91,119.04,117.46,117.82,1060436.15
2026-09-23 08:00:00,117.83,118.28,116.91,117.34,1077080.56
2026-09-23 09:00:00,117.33,117.68,117.01,117.32,750518.54
2026-09-23 10:00:00,117.33,117.58,116.78,117.57,768119.32
2026-09-23 11:00:00,117.57,117.66,116.42,117.02,1013254.77
2026-09-23 12:00:00,117.02,117.21,116.5,116.84,782432.93
2026-09-23 13:00:00,116.84,117.17,115.87,116.73,1607522.61
2026-09-23 14:00:00,116.74,116.98,112.8,115.08,4596400.54
2026-09-23 15:00:00,115.09,115.86,113.72,113.79,1800167.78
2026-09-23 16:00:00,113.79,115.22,113.08,114.35,1824563.59
2026-09-23 17:00:00,114.35,114.77,113.49,114.48,886339.77
2026-09-23 18:00:00,114.48,114.57,113.91,114.23,536894.73
2026-09-23 19:00:00,114.22,114.86,113.92,114.46,634197.89
2026-09-23 20:00:00,114.45,114.64,113.92,113.96,387676.88
2026-09-23 21:00:00,113.97,114.7,113.83,114.66,397653.34
2026-09-23 22:00:00,114.67,115.58,114.56,115.08,577391.02
2026-09-23 23:00:00,115.09,115.15,114.67,114.95,234909.64
2026-09-24 00:00:00,114.95,115.62,114.82,115.08,439227.3
2026-09-24 01:00:00,115.08,115.46,114.51,114.65,577076.62
2026-09-24 02:00:00,114.66,115.41,114.01,115.24,817361.13
2026-09-24 03:00:00,115.25,115.67,114.49,114.65,421268.38
2026-09-24 04:00:00,114.66,115.42,114.32,115.35,346847.39
2026-09-24 05:00:00,115.35,116.09,114.78,114.79,645024.6
2026-09-24 06:00:00,114.79,115.21,114.66,114.77,355360.59
2026-09-24 07:00:00,114.77,115.62,114.42,115.45,650481.11
2026-09-24 08:00:00,115.46,115.6,113.26,114.08,1246085.9
2026-09-24 09:00:00,114.09,114.27,112.39,113.09,1479689.16
2026-09-24 10:00:00,113.08,113.56,112.68,113.31,837284.63
2026-09-24 11:00:00,113.31,113.53,112.99,113.3,571528.79
2026-09-24 12:00:00,113.29,113.89,113.05,113.78,449999.74
2026-09-24 13:00:00,113.78,115.4,113.77,114.92,1338137.23
2026-09-24 14:00:00,114.93,116.41,114.04,114.53,2171432.94
2026-09-24 15:00:00,114.52,116.6,114.28,116.26,1366692.65
2026-09-24 16:00:00,116.26,117.73,115.84,117.01,2014512.18
2026-09-24 17:00:00,117.01,117.27,116.37,116.69,993430.94
2026-09-24 18:00:00,116.68,117.49,116.16,117.31,880618.56
2026-09-24 19:00:00,117.31,117.63,117.01,117.22,725398.46
2026-09-24 20:00:00,117.22,117.38,116.57,116.74,519041.89
2026-09-24 21:00:00,116.75,117.2,116.57,116.78,276912.85
2026-09-24 22:00:00,116.79,116.89,116.03,116.55,498756.17
2026-09-24 23:00:00,116.56,117.19,116.5,116.99,347800.1
2026-09-25 00:00:00,117.0,117.65,116.99,117.38,467095.03
2026-09-25 01:00:00,117.38,117.88,117.07,117.43,586465.31
2026-09-25 02:00:00,117.42,118.4,116.76,116.86,907535.67
2026-09-25 03:00:00,116.87,117.26,116.43,116.83,603766.27
2026-09-25 04:00:00,116.83,117.29,116.21,116.36,616381.62
2026-09-25 05:00:00,116.36,116.63,116.11,116.39,479495.06
2026-09-25 06:00:00,116.4,116.7,116.05,116.22,512926.49
2026-09-25 07:00:00,116.23,116.58,115.8,116.32,657016.57
2026-09-25 08:00:00,116.32,117.55,116.28,117.28,705758.91
2026-09-25 09:00:00,117.28,118.86,117.25,118.34,1128392.4
2026-09-25 10:00:00,118.33,119.58,117.85,119.15,1151249.15
2026-09-25 11:00:00,119.15,122.21,119.11,120.79,3251103.85
2026-09-25 12:00:00,120.78,121.15,118.57,120.69,2247360.01
2026-09-25 13:00:00,120.7,121.08,118.38,119.45,2091165.53
2026-09-25 14:00:00,119.46,120.49,118.14,120.37,2543428.53
2026-09-25 15:00:00,120.36,121.47,118.96,120.07,2022916.46
2026-09-25 16:00:00,120.08,121.89,120.03,120.83,2255192.17
2026-09-25 17:00:00,120.84,121.59,120.21,120.94,996161.9
2026-09-25 18:00:00,120.95,122.78,120.89,121.89,1476252.18
2026-09-25 19:00:00,121.9,122.14,121.42,121.85,803853.76
2026-09-25 20:00:00,121.86,122.93,121.41,121.51,786275.22
2026-09-25 21:00:00,121.52,121.71,120.64,120.93,641808.85
2026-09-25 22:00:00,120.93,122.38,120.81,122.12,645939.64
2026-09-25 23:00:00,122.12,122.3,121.85,122.1,362056.05
2026-09-26 00:00:00,122.1,122.42,121.17,121.48,653130.34
2026-09-26 01:00:00,121.47,122.25,121.43,122.01,470621.66
2026-09-26 02:00:00,122.01,122.25,121.5,121.52,443380.36
2026-09-26 03:00:00,121.53,121.54,120.48,120.56,834653.35
2026-09-26 04:00:00,120.56,120.91,120.18,120.61,402452.33
2026-09-26 05:00:00,120.62,120.7,120.14,120.45,331656.01
2026-09-26 06:00:00,120.44,120.48,120.07,120.16,356514.81
2026-09-26 07:00:00,120.15,120.75,120.1,120.7,444669.56
2026-09-26 08:00:00,120.7,121.22,120.24,120.65,497338.37
2026-09-26 09:00:00,120.64,120.67,119.78,119.94,695528.01
2026-09-26 10:00:00,119.94,120.67,119.9,120.59,435709.71
2026-09-26 11:00:00,120.59,121.43,120.23,121.24,670715.73
2026-09-26 12:00:00,121.23,121.53,120.86,121.01,529457.17
2026-09-26 13:00:00,121.01,121.29,120.2,120.72,644907.27
2026-09-26 14:00:00,120.73,121.07,120.55,120.9,331741.19
2026-09-26 15:00:00,120.89,122.09,120.73,121.83,917098.1
2026-09-26 16:00:00,121.83,121.84,121.33,121.59,339101.45
2026-09-26 17:00:00,121.58,121.59,120.78,121.44,630097.45
2026-09-26 18:00:00,121.44,121.63,120.75,120.99,356074.7
2026-09-26 19:00:00,120.99,121.25,120.71,121.08,253287.32
2026-09-26 20:00:00,121.09,121.54,119.99,120.28,837119.67
2026-09-26 21:00:00,120.29,121.68,120.21,121.25,677963.59
2026-09-26 22:00:00,121.25,121.8,121.01,121.08,306498.71
2026-09-26 23:00:00,121.09,121.79,121.05,121.34,289219.48
2026-09-27 00:00:00,121.35,121.39,120.63,120.78,301726.76
2026-09-27 01:00:00,120.77,121.53,120.6,121.38,294687.69
2026-09-27 02:00:00,121.37,121.65,121.02,121.09,311562.26
2026-09-27 03:00:00,121.1,121.34,120.5,120.53,427045.04
2026-09-27 04:00:00,120.53,120.81,120.04,120.09,463541.13
2026-09-27 05:00:00,120.1,121.44,120.05,121.04,676266.73
2026-09-27 06:00:00,121.04,121.54,121.04,121.29,420577.51
2026-09-27 07:00:00,121.28,124.43,121.26,124.09,1667021.52
2026-09-27 08:00:00,124.09,124.99,123.92,124.07,1831341.36
2026-09-27 09:00:00,124.06,124.48,123.32,124.4,958411.05
2026-09-27 10:00:00,124.4,124.76,123.81,123.95,654044.65
2026-09-27 11:00:00,123.96,124.18,123.61,123.86,499509.99
2026-09-27 12:00:00,123.87,124.38,123.28,123.29,477085.75
2026-09-27 13:00:00,123.29,123.64,122.28,123.11,1573912.42
2026-09-27 14:00:00,123.12,123.15,121.31,121.62,1385370.22
2026-09-27 15:00:00,121.63,121.84,121.18,121.68,807389.65
2026-09-27 16:00:00,121.68,122.29,121.63,121.77,565795.81
2026-09-27 17:00:00,121.77,122.12,121.66,122.0,266435.97
2026-09-27 18:00:00,122.0,123.25,121.87,123.22,597403.71
2026-09-27 19:00:00,123.22,123.37,122.79,122.96,463256.27
2026-09-27 20:00:00,122.96,123.39,122.43,122.65,560326.68
2026-09-27 21:00:00,122.64,123.24,122.08,122.78,441786.45
2026-09-27 22:00:00,122.78,122.98,120.88,121.36,1247033.13
2026-09-27 23:00:00,121.36,122.17,121.28,121.94,533323.93
2026-09-28 00:00:00,121.95,122.88,121.37,121.6,969577.3
2026-09-28 01:00:00,121.59,122.18,120.25,120.65,1386693.81
2026-09-28 02:00:00,120.65,121.4,119.74,120.0,1073542.87
2026-09-28 03:00:00,120.0,120.38,119.35,119.82,786485.6
2026-09-28 04:00:00,119.82,120.19,119.13,119.91,633301.58
2026-09-28 05:00:00,119.92,120.13,118.04,119.09,1327713.63
2026-09-28 06:00:00,119.09,119.43,118.09,118.68,942165.49
2026-09-28 07:00:00,118.68,119.1,117.66,117.99,774663.1
2026-09-28 08:00:00,117.99,118.57,117.92,118.28,593800.79
2026-09-28 09:00:00,118.29,118.67,117.51,117.72,1074160.62
2026-09-28 10:00:00,117.72,118.72,117.72,118.4,655346.72
2026-09-28 11:00:00,118.41,118.8,118.33,118.66,551403.22
2026-09-28 12:00:00,118.66,120.21,118.43,119.97,1288234.15
2026-09-28 13:00:00,119.97,120.35,119.31,119.8,1029468.71
2026-09-28 14:00:00,119.79,119.8,117.3,118.03,2152328.49
2026-09-28 15:00:00,118.03,118.8,117.42,118.65,1448701.38
2026-09-28 16:00:00,118.65,120.36,118.21,119.25,1660419.87
2026-09-28 17:00:00,119.24,120.71,118.52,119.68,1372608.43
2026-09-28 18:00:00,119.69,120.08,119.28,119.9,494340.69
2026-09-28 19:00:00,119.91,119.94,117.91,118.32,875838.52
2026-09-28 20:00:00,118.32,119.01,118.07,118.78,471285.85
2026-09-28 21:00:00,118.78,119.09,117.62,117.66,438815.07
2026-09-28 22:00:00,117.66,118.57,117.19,118.54,574987.72
2026-09-28 23:00:00,118.54,118.94,118.5,118.82,387350.77
2026-09-29 00:00:00,118.83,119.08,117.99,118.02,490429.11
2026-09-29 01:00:00,118.02,118.38,116.25,117.07,1376291.12
2026-09-29 02:00:00,117.07,117.27,116.36,116.88,575865.62
2026-09-29 03:00:00,116.88,118.0,116.85,117.81,458310.88
2026-09-29 04:00:00,117.8,118.06,117.19,117.64,386041.05
2026-09-29 05:00:00,117.65,118.22,117.02,118.21,585826.75
2026-09-29 06:00:00,118.22,119.25,118.17,119.2,803257.12
2026-09-29 07:00:00,119.21,119.91,118.95,119.48,700573.87
2026-09-29 08:00:00,119.49,119.99,118.84,119.12,766135.51
2026-09-29 09:00:00,119.12,120.06,118.79,119.87,653106.67
2026-09-29 10:00:00,119.87,119.98,119.15,119.37,442284.54
2026-09-29 11:00:00,119.38,120.37,119.16,120.08,663302.21
2026-09-29 12:00:00,120.08,121.0,119.89,120.8,1084908.07
2026-09-29 13:00:00,120.8,121.62,120.57,120.92,1421789.98
2026-09-29 14:00:00,120.93,121.24,120.08,120.15,1052685.09
2026-09-29 15:00:00,120.16,120.25,117.89,118.16,2012437.8
2026-09-29 16:00:00,118.17,118.68,117.49,118.01,841066.83
2026-09-29 17:00:00,118.0,118.3,117.29,117.66,517651.19
2026-09-29 18:00:00,117.65,119.28,117.65,119.11,742333.61
2026-09-29 19:00:00,119.11,119.5,118.53,118.76,528774.69
2026-09-29 20:00:00,118.76,119.2,118.54,118.99,253907.67
2026-09-29 21:00:00,118.99,119.14,118.43,118.87,361852.85
2026-09-29 22:00:00,118.87,119.54,118.8,119.05,425368.6
2026-09-29 23:00:00,119.06,119.62,118.82,119.09,386431.15
2026-09-30 00:00:00,119.08,119.24,118.43,118.89,349418.13
2026-09-30 01:00:00,118.9,119.62,118.75,119.38,406973.5
2026-09-30 02:00:00,119.38,120.05,119.09,119.63,528672.65
2026-09-30 03:00:00,119.63,119.84,118.85,119.08,439134.17
2026-09-30 04:00:00,119.07,119.63,118.68,118.72,345335.94
2026-09-30 05:00:00,118.73,119.6,118.41,119.05,597332.91
2026-09-30 06:00:00,119.04,119.19,118.0,118.06,661068.44
2026-09-30 07:00:00,118.05,118.89,117.8,118.41,630937.6
2026-09-30 08:00:00,118.42,118.47,117.77,118.18,540151.16
2026-09-30 09:00:00,118.17,119.77,118.13,119.29,821775.78
2026-09-30 10:00:00,119.29,119.88,119.22,119.83,508513.38
2026-09-30 11:00:00,119.83,119.83,119.13,119.47,685125.87
2026-09-30 12:00:00,119.47,122.54,119.33,121.87,2548684.22
2026-09-30 13:00:00,121.87,122.8,119.8,120.99,2758918.89
2026-09-30 14:00:00,120.98,121.26,118.34,118.72,2481261.76
2026-09-30 15:00:00,118.72,119.48,117.92,119.25,1190707.05
2026-09-30 16:00:00,119.26,120.44,119.15,120.29,837030.33
2026-09-30 17:00:00,120.28,120.55,118.81,119.13,1054414.72
2026-09-30 18:00:00,119.12,119.3,118.18,118.65,711725.32
2026-09-30 19:00:00,118.64,118.73,116.84,117.17,1529000.84
2026-09-30 20:00:00,117.17,118.1,117.11,117.98,604090.44
2026-09-30 21:00:00,117.98,118.24,117.76,117.98,325463.27
2026-09-30 22:00:00,117.99,118.47,117.57,118.08,328809.86
2026-09-30 23:00:00,118.08,118.5,117.93,118.05,386455.91
2026-10-01 00:00:00,118.05,118.19,117.82,117.93,308853.94
2026-10-01 01:00:00,117.93,118.43,117.9,118.03,358304.62
2026-10-01 02:00:00,118.04,118.34,117.68,118.13,372043.74
2026-10-01 03:00:00,118.13,118.66,117.89,118.64,445110.66
2026-10-01 04:00:00,118.65,119.4,118.3,119.05,584364.71
2026-10-01 05:00:00,119.05,119.53,118.93,119.36,471810.09
2026-10-01 06:00:00,119.37,119.58,119.0,119.19,445915.18
2026-10-01 07:00:00,119.18,119.37,117.23,117.42,1277622.89
2026-10-01 08:00:00,117.41,117.89,117.16,117.83,662562.86
2026-10-01 09:00:00,117.84,118.19,117.49,117.62,467135.49
2026-10-01 10:00:00,117.62,118.16,116.94,117.95,715302.69
2026-10-01 11:00:00,117.95,118.11,117.46,117.91,412544.1
2026-10-01 12:00:00,117.91,118.0,117.1,117.29,637945.81
2026-10-01 13:00:00,117.29,118.06,116.63,117.91,1099499.9
2026-10-01 14:00:00,117.91,118.17,116.85,117.33,957977.59
2026-10-01 15:00:00,117.33,117.88,116.69,117.32,822505.1
2026-10-01 16:00:00,117.32,117.97,116.82,117.08,639973.44
2026-10-01 17:00:00,117.07,119.15,117.07,118.32,1370935.15
2026-10-01 18:00:00,118.33,119.08,118.06,118.35,569602.91
2026-10-01 19:00:00,118.34,118.61,117.51,118.23,513382.51
2026-10-01 20:00:00,118.23,118.47,117.84,118.09,287994.33
2026-10-01 21:00:00,118.1,118.13,117.36,117.6,384473.13
2026-10-01 22:00:00,117.6,118.28,117.56,118.24,343766.84
2026-10-01 23:00:00,118.24,118.42,118.05,118.34,223561.01
2026-10-02 00:00:00,118.34,119.1,118.21,118.85,668396.71
2026-10-02 01:00:00,118.85,119.78,118.32,119.46,593449.66
2026-10-02 02:00:00,119.47,120.43,119.33,120.04,1028678.18
2026-10-02 03:00:00,120.05,121.29,119.9,121.22,1177299.19
2026-10-02 04:00:00,121.22,123.69,120.66,123.48,2510205.87
2026-10-02 05:00:00,123.48,123.77,121.81,121.89,1548952.94
2026-10-02 06:00:00,121.9,122.1,121.46,121.72,782160.55
2026-10-02 07:00:00,121.72,121.88,121.03,121.71,729184.42
2026-10-02 08:00:00,121.72,123.0,121.69,122.05,1045525.57
2026-10-02 09:00:00,122.04,122.16,121.56,121.75,525629.9
2026-10-02 10:00:00,121.74,122.18,121.32,121.91,569221.52
2026-10-02 11:00:00,121.91,122.43,121.75,121.8,435667.31
2026-10-02 12:00:00,121.8,123.23,121.57,122.53,1598777.7
2026-10-02 13:00:00,122.52,123.36,121.85,122.02,1264111.16
2026-10-02 14:00:00,122.03,122.42,120.06,120.62,1439521.56
2026-10-02 15:00:00,120.61,120.7,119.62,119.93,1335535.94
2026-10-02 16:00:00,119.92,120.39,119.38,119.9,755088.42
2026-10-02 17:00:00,119.9,120.13,119.16,119.63,709740.2
2026-10-02 18:00:00,119.63,119.82,117.05,118.07,1944919.34
2026-10-02 19:00:00,118.08,118.46,117.38,117.94,845620.43
2026-10-02 20:00:00,117.94,118.22,117.63,117.69,513765.7
2026-10-02 21:00:00,117.69,118.15,117.62,118.13,330255.91
2026-10-02 22:00:00,118.13,118.54,117.93,118.47,369176.29
2026-10-02 23:00:00,118.47,118.68,118.25,118.56,315876.5
2026-10-03 00:00:00,118.56,119.19,118.45,118.96,445937.7
2026-10-03 01:00:00,118.97,119.65,118.78,119.04,364983.42
2026-10-03 02:00:00,119.04,119.23,118.82,118.82,197525.32
2026-10-03 03:00:00,118.82,119.34,118.76,119.33,183097.76
2026-10-03 04:00:00,119.34,119.48,118.87,119.14,219639.28
2026-10-03 05:00:00,119.14,119.67,119.02,119.59,240074.42
2026-10-03 06:00:00,119.59,119.78,119.32,119.4,411556.19
2026-10-03 07:00:00,119.4,119.53,119.08,119.28,300290.03
2026-10-03 08:00:00,119.27,119.38,119.0,119.2,244629.4
2026-10-03 09:00:00,119.2,119.43,119.12,119.26,222605.11
2026-10-03 10:00:00,119.27,119.57,119.21,119.42,190817.7
2026-10-03 11:00:00,119.42,119.44,119.17,119.25,168310.49
2026-10-03 12:00:00,119.26,119.7,119.18,119.42,268859.17
2026-10-03 13:00:00,119.41,119.55,119.23,119.38,165030.0
2026-10-03 14:00:00,119.37,119.81,119.08,119.72,297439.92
2026-10-03 15:00:00,119.72,119.73,119.39,119.64,235395.04
2026-10-03 16:00:00,119.65,119.79,119.47,119.64,258098.46
2026-10-03 17:00:00,119.64,120.06,119.6,119.92,381640.06
2026-10-03 18:00:00,119.91,119.98,119.67,119.89,285438.58
2026-10-03 19:00:00,119.89,119.9,119.54,119.73,159698.65
2026-10-03 20:00:00,119.73,120.03,119.64,119.76,239806.78
2026-10-03 21:00:00,119.75,119.86,119.44,119.59,186822.64
2026-10-03 22:00:00,119.58,119.86,119.44,119.67,230978.86
2026-10-03 23:00:00,119.67,119.75,119.53,119.55,147539.52
2026-10-04 00:00:00,119.54,120.3,119.54,120.13,381780.07
2026-10-04 01:00:00,120.14,120.36,119.88,120.09,270391.34
2026-10-04 02:00:00,120.09,120.37,119.97,120.37,242316.58
2026-10-04 03:00:00,120.37,121.25,120.14,120.72,646949.88
