t,o,h,l,c,v
2026-03-30 16:00:00,1.3447,1.3449,1.3371,1.3413,11166309.9
2026-03-30 17:00:00,1.3412,1.3447,1.3313,1.3335,18190245.6
2026-03-30 18:00:00,1.3335,1.3352,1.3236,1.3246,20736129.5
2026-03-30 19:00:00,1.3246,1.3258,1.3156,1.3221,24912216.7
2026-03-30 20:00:00,1.3221,1.327,1.3205,1.3266,11202184.3
2026-03-30 21:00:00,1.3266,1.3338,1.3238,1.3299,15170149.1
2026-03-30 22:00:00,1.3299,1.3324,1.3262,1.3279,7236404.1
2026-03-30 23:00:00,1.3279,1.328,1.3192,1.3235,12579715.0
2026-03-31 00:00:00,1.3235,1.3287,1.3184,1.3249,19836668.1
2026-03-31 01:00:00,1.325,1.3475,1.3227,1.3384,29320557.5
2026-03-31 02:00:00,1.3384,1.3401,1.3346,1.3359,10395323.0
2026-03-31 03:00:00,1.3359,1.336,1.3248,1.3252,12706346.9
2026-03-31 04:00:00,1.3251,1.3266,1.3196,1.323,23991742.4
2026-03-31 05:00:00,1.3231,1.329,1.3191,1.3215,19523435.0
2026-03-31 06:00:00,1.3215,1.3283,1.3135,1.3231,34339571.6
2026-03-31 07:00:00,1.3232,1.3249,1.3131,1.3187,25135780.8
2026-03-31 08:00:00,1.3186,1.3229,1.3088,1.3131,21916213.1
2026-03-31 09:00:00,1.313,1.3159,1.3028,1.3064,31311814.1
2026-03-31 10:00:00,1.3064,1.3131,1.306,1.3101,14008126.4
2026-03-31 11:00:00,1.3101,1.3174,1.3066,1.314,19895749.8
2026-03-31 12:00:00,1.314,1.3205,1.313,1.3146,12311943.8
2026-03-31 13:00:00,1.3146,1.3277,1.3138,1.3257,21634156.8
2026-03-31 14:00:00,1.3258,1.3382,1.3106,1.3139,46489367.3
2026-03-31 15:00:00,1.3138,1.3279,1.3133,1.3146,22974557.9
2026-03-31 16:00:00,1.3145,1.337,1.3136,1.3298,28970630.3
2026-03-31 17:00:00,1.3299,1.3447,1.3272,1.3304,37289661.4
2026-03-31 18:00:00,1.3303,1.342,1.3303,1.3398,13406890.1
2026-03-31 19:00:00,1.3398,1.3463,1.3397,1.3443,14767853.0
2026-03-31 20:00:00,1.3444,1.3496,1.3413,1.3439,14882657.5
2026-03-31 21:00:00,1.3438,1.3444,1.3373,1.3403,9776451.0
2026-03-31 22:00:00,1.3404,1.3414,1.3319,1.335,11303767.7
2026-03-31 23:00:00,1.335,1.3417,1.334,1.3404,8121096.8
2026-04-01 00:00:00,1.3404,1.3454,1.3374,1.3445,11698195.1
2026-04-01 01:00:00,1.3446,1.3453,1.3332,1.3344,11569261.0
2026-04-01 02:00:00,1.3343,1.3373,1.3305,1.334,8030386.3
2026-04-01 03:00:00,1.3339,1.3509,1.3339,1.3475,21361836.5
2026-04-01 04:00:00,1.3474,1.3487,1.3378,1.3386,12761376.4
2026-04-01 05:00:00,1.3385,1.349,1.3354,1.3457,30352831.0
2026-04-01 06:00:00,1.3457,1.3628,1.3456,1.3616,30174392.4
2026-04-01 07:00:00,1.3617,1.367,1.3556,1.356,21555679.4
2026-04-01 08:00:00,1.356,1.358,1.3514,1.3521,17717998.3
2026-04-01 09:00:00,1.352,1.3534,1.3485,1.3508,12270289.7
2026-04-01 10:00:00,1.3508,1.3546,1.3484,1.352,10156884.8
2026-04-01 11:00:00,1.3521,1.3551,1.35,1.3536,8129238.7
2026-04-01 12:00:00,1.3536,1.3603,1.3486,1.3534,25297718.5
2026-04-01 13:00:00,1.3533,1.3571,1.3441,1.3463,22866938.2
2026-04-01 14:00:00,1.3462,1.3577,1.3454,1.3553,18108259.7
2026-04-01 15:00:00,1.3553,1.3571,1.3498,1.3569,10576514.2
2026-04-01 16:00:00,1.3569,1.3616,1.3511,1.3581,16378815.7
2026-04-01 17:00:00,1.3582,1.3679,1.3503,1.3514,22481976.5
2026-04-01 18:00:00,1.3513,1.3522,1.3455,1.3469,15349828.2
2026-04-01 19:00:00,1.3468,1.3535,1.3466,1.3499,9507266.3
2026-04-01 20:00:00,1.3499,1.3515,1.3414,1.3478,13575947.9
2026-04-01 21:00:00,1.3478,1.3564,1.3476,1.3544,12003112.2
2026-04-01 22:00:00,1.3544,1.355,1.3461,1.3481,8266870.3
2026-04-01 23:00:00,1.3481,1.3509,1.3458,1.3471,5351622.1
2026-04-02 00:00:00,1.3471,1.3562,1.3464,1.3562,12310117.0
2026-04-02 01:00:00,1.3562,1.3563,1.3213,1.3275,65028026.0
2026-04-02 02:00:00,1.3274,1.3293,1.3161,1.3176,35166541.3
2026-04-02 03:00:00,1.3176,1.3176,1.3055,1.312,34692164.6
2026-04-02 04:00:00,1.3119,1.3196,1.304,1.3071,37747684.6
2026-04-02 05:00:00,1.3071,1.3152,1.3062,1.3143,17574704.6
2026-04-02 06:00:00,1.3142,1.3179,1.3115,1.3149,12153247.7
2026-04-02 07:00:00,1.3149,1.3177,1.3121,1.3167,9788527.1
2026-04-02 08:00:00,1.3167,1.3167,1.3103,1.3112,12838401.6
2026-04-02 09:00:00,1.3111,1.3123,1.3068,1.3111,11525287.3
2026-04-02 10:00:00,1.3111,1.3114,1.3066,1.3074,14431579.1
2026-04-02 11:00:00,1.3075,1.3083,1.2977,1.2991,31417639.9
2026-04-02 12:00:00,1.299,1.2998,1.2889,1.2899,32229272.4
2026-04-02 13:00:00,1.2898,1.2928,1.2791,1.2878,55804253.3
2026-04-02 14:00:00,1.2878,1.3026,1.2813,1.2988,66433740.3
2026-04-02 15:00:00,1.2989,1.301,1.2899,1.299,23389522.4
2026-04-02 16:00:00,1.299,1.3082,1.2941,1.3035,24312957.2
2026-04-02 17:00:00,1.3036,1.3106,1.2973,1.298,20399980.0
2026-04-02 18:00:00,1.298,1.3082,1.2967,1.3061,12549110.5
2026-04-02 19:00:00,1.3061,1.3093,1.3006,1.3074,14057527.5
2026-04-02 20:00:00,1.3073,1.3218,1.3042,1.3172,23721146.2
2026-04-02 21:00:00,1.3173,1.3191,1.3118,1.3149,9446807.7
2026-04-02 22:00:00,1.3149,1.318,1.3115,1.317,8496387.1
2026-04-02 23:00:00,1.3171,1.3203,1.3149,1.3192,11020832.4
2026-04-03 00:00:00,1.3192,1.3231,1.3136,1.3151,17156472.5
2026-04-03 01:00:00,1.315,1.3199,1.3118,1.313,13845088.5
2026-04-03 02:00:00,1.313,1.3166,1.3026,1.3069,23228501.4
2026-04-03 03:00:00,1.307,1.3213,1.3064,1.321,19581919.4
2026-04-03 04:00:00,1.321,1.3228,1.3137,1.3193,18179787.1
2026-04-03 05:00:00,1.3192,1.3256,1.3152,1.3178,10825265.5
2026-04-03 06:00:00,1.3178,1.3201,1.3145,1.3187,9156360.5
2026-04-03 07:00:00,1.3188,1.3235,1.3161,1.318,8820109.5
2026-04-03 08:00:00,1.3181,1.321,1.3159,1.3171,10034660.5
2026-04-03 09:00:00,1.3171,1.3171,1.3103,1.3109,10939585.3
2026-04-03 10:00:00,1.311,1.3168,1.3086,1.3151,17297039.2
2026-04-03 11:00:00,1.3151,1.3239,1.3142,1.3197,22122919.7
2026-04-03 12:00:00,1.3197,1.3356,1.3176,1.3193,38724128.0
2026-04-03 13:00:00,1.3193,1.3199,1.3138,1.317,12713261.3
2026-04-03 14:00:00,1.3169,1.3204,1.3142,1.3183,9135878.3
2026-04-03 15:00:00,1.3184,1.3226,1.3175,1.3178,8564266.5
2026-04-03 16:00:00,1.3178,1.3247,1.3178,1.3238,12196981.6
2026-04-03 17:00:00,1.3239,1.3246,1.3184,1.3205,7747013.5
2026-04-03 18:00:00,1.3205,1.3218,1.3168,1.3175,6368572.3
2026-04-03 19:00:00,1.3175,1.318,1.3127,1.3171,8397573.9
2026-04-03 20:00:00,1.3171,1.3186,1.3155,1.316,4234824.4
2026-04-03 21:00:00,1.3159,1.319,1.3123,1.3176,10471185.7
2026-04-03 22:00:00,1.3175,1.3217,1.315,1.316,12579583.1
2026-04-03 23:00:00,1.3159,1.3181,1.3116,1.3177,13128709.4
2026-04-04 00:00:00,1.3176,1.3185,1.3152,1.3154,5558244.0
2026-04-04 01:00:00,1.3154,1.3169,1.3136,1.3142,5601275.4
2026-04-04 02:00:00,1.3141,1.3145,1.3126,1.314,4609647.5
2026-04-04 03:00:00,1.314,1.3162,1.3137,1.3153,4956688.7
2026-04-04 04:00:00,1.3152,1.3178,1.3146,1.3157,4790089.5
2026-04-04 05:00:00,1.3157,1.3179,1.3147,1.3164,4902933.8
2026-04-04 06:00:00,1.3164,1.32,1.3155,1.3191,6833457.0
2026-04-04 07:00:00,1.319,1.3194,1.3144,1.3152,6101850.9
2026-04-04 08:00:00,1.3153,1.3158,1.3128,1.3133,6689741.3
2026-04-04 09:00:00,1.3133,1.3136,1.3117,1.3118,6518203.2
2026-04-04 10:00:00,1.3118,1.3139,1.3059,1.3133,22382133.2
2026-04-04 11:00:00,1.3133,1.3158,1.3101,1.3113,17172710.3
2026-04-04 12:00:00,1.3113,1.3113,1.3082,1.3096,7262354.0
2026-04-04 13:00:00,1.3097,1.3108,1.3073,1.3085,8905917.2
2026-04-04 14:00:00,1.3085,1.312,1.3056,1.3116,9909344.4
2026-04-04 15:00:00,1.3117,1.3161,1.3105,1.3119,13986415.6
2026-04-04 16:00:00,1.312,1.3151,1.3097,1.3114,10098725.1
2026-04-04 17:00:00,1.3114,1.3154,1.311,1.3137,5632079.7
2026-04-04 18:00:00,1.3137,1.3151,1.3123,1.3127,4529962.4
2026-04-04 19:00:00,1.3126,1.322,1.3124,1.3168,14341038.2
2026-04-04 20:00:00,1.3169,1.3175,1.3147,1.3159,4654274.7
2026-04-04 21:00:00,1.3159,1.3181,1.3133,1.3163,6251834.0
2026-04-04 22:00:00,1.3163,1.318,1.3154,1.316,5279542.5
2026-04-04 23:00:00,1.3159,1.3159,1.3126,1.3145,5711823.9
2026-04-05 00:00:00,1.3145,1.3147,1.3107,1.3117,6783274.8
2026-04-05 01:00:00,1.3116,1.3134,1.3107,1.3121,4924099.6
2026-04-05 02:00:00,1.3121,1.319,1.3092,1.3161,11492106.8
2026-04-05 03:00:00,1.316,1.3165,1.3124,1.3125,3569960.4
2026-04-05 04:00:00,1.3124,1.3151,1.3083,1.31,17015258.5
2026-04-05 05:00:00,1.3101,1.3115,1.2989,1.2998,26049180.8
2026-04-05 06:00:00,1.2998,1.3024,1.2945,1.3006,30688050.3
2026-04-05 07:00:00,1.3005,1.3027,1.2954,1.2969,21409824.4
2026-04-05 08:00:00,1.2969,1.2991,1.296,1.2983,10177667.8
2026-04-05 09:00:00,1.2983,1.301,1.2978,1.2999,8246314.3
2026-04-05 10:00:00,1.2999,1.3033,1.2972,1.2979,7583497.6
2026-04-05 11:00:00,1.2979,1.2999,1.2966,1.2979,7388217.6
2026-04-05 12:00:00,1.2979,1.2979,1.277,1.2815,58822314.1
2026-04-05 13:00:00,1.2815,1.2917,1.2791,1.2881,31948373.0
2026-04-05 14:00:00,1.2882,1.29,1.2844,1.2854,11001408.1
2026-04-05 15:00:00,1.2855,1.3057,1.2826,1.2957,42311559.9
2026-04-05 16:00:00,1.2957,1.3014,1.2957,1.2969,12740896.3
2026-04-05 17:00:00,1.297,1.3023,1.2959,1.3015,11657551.6
2026-04-05 18:00:00,1.3015,1.3039,1.298,1.3021,8993199.7
2026-04-05 19:00:00,1.3021,1.3069,1.2984,1.2997,11497568.1
2026-04-05 20:00:00,1.2997,1.3046,1.2989,1.3036,9814748.6
2026-04-05 21:00:00,1.3036,1.3038,1.2976,1.3001,8690913.6
2026-04-05 22:00:00,1.3001,1.3126,1.2963,1.3117,28953995.0
2026-04-05 23:00:00,1.3117,1.3318,1.3107,1.3259,55381185.6
2026-04-06 00:00:00,1.3259,1.3394,1.3259,1.331,45441056.3
2026-04-06 01:00:00,1.331,1.3331,1.3253,1.3291,22827021.9
2026-04-06 02:00:00,1.329,1.3486,1.3286,1.3398,33620578.4
2026-04-06 03:00:00,1.3398,1.3417,1.3356,1.3378,19193737.2
2026-04-06 04:00:00,1.3379,1.3419,1.3356,1.3393,15149393.7
2026-04-06 05:00:00,1.3392,1.3403,1.3359,1.3396,10897839.9
2026-04-06 06:00:00,1.3396,1.3463,1.3378,1.3408,22668828.2
2026-04-06 07:00:00,1.3408,1.3455,1.3368,1.3437,26106921.5
2026-04-06 08:00:00,1.3437,1.346,1.3381,1.3384,18407790.8
2026-04-06 09:00:00,1.3383,1.357,1.3372,1.352,32776326.2
2026-04-06 10:00:00,1.3521,1.3562,1.351,1.3524,17432908.2
2026-04-06 11:00:00,1.3523,1.3527,1.3474,1.3492,15576596.3
2026-04-06 12:00:00,1.3492,1.3502,1.3417,1.3428,19729966.7
2026-04-06 13:00:00,1.3428,1.3475,1.3413,1.3465,14707978.3
2026-04-06 14:00:00,1.3465,1.3527,1.3398,1.347,26105194.7
2026-04-06 15:00:00,1.3471,1.3503,1.3438,1.3498,16095258.4
2026-04-06 16:00:00,1.3498,1.353,1.3416,1.3428,17872612.2
2026-04-06 17:00:00,1.3427,1.3433,1.3342,1.3387,24020342.2
2026-04-06 18:00:00,1.3387,1.342,1.3363,1.3405,9481139.4
2026-04-06 19:00:00,1.3405,1.343,1.3369,1.3409,8711366.1
2026-04-06 20:00:00,1.341,1.3432,1.3394,1.3406,6679529.9
2026-04-06 21:00:00,1.3406,1.3406,1.3343,1.335,8558895.2
2026-04-06 22:00:00,1.335,1.335,1.3177,1.3178,22775779.1
2026-04-06 23:00:00,1.3178,1.3221,1.3111,1.3202,31136225.2
2026-04-07 00:00:00,1.3203,1.3251,1.3189,1.3207,12477833.8
2026-04-07 01:00:00,1.3207,1.3239,1.3135,1.3139,12020276.3
2026-04-07 02:00:00,1.3138,1.3188,1.3117,1.3164,11704840.7
2026-04-07 03:00:00,1.3164,1.3179,1.314,1.3162,6713612.6
2026-04-07 04:00:00,1.3163,1.3198,1.3123,1.3175,11771610.1
2026-04-07 05:00:00,1.3175,1.3183,1.3085,1.3106,19841566.2
2026-04-07 06:00:00,1.3106,1.3115,1.3047,1.3107,19748251.1
2026-04-07 07:00:00,1.3108,1.3156,1.31,1.3119,14495749.8
2026-04-07 08:00:00,1.312,1.3226,1.3101,1.319,28673910.6
2026-04-07 09:00:00,1.319,1.3241,1.3173,1.3194,15511492.9
2026-04-07 10:00:00,1.3193,1.3209,1.3051,1.3065,21414883.0
2026-04-07 11:00:00,1.3065,1.3086,1.3021,1.3054,17316614.0
2026-04-07 12:00:00,1.3053,1.3117,1.3002,1.3078,24555501.2
2026-04-07 13:00:00,1.3079,1.3127,1.3039,1.3041,15211809.5
2026-04-07 14:00:00,1.3041,1.3046,1.2957,1.2957,24530561.3
2026-04-07 15:00:00,1.2957,1.3017,1.294,1.2967,17257861.8
2026-04-07 16:00:00,1.2968,1.3026,1.2946,1.2999,16692385.0
2026-04-07 17:00:00,1.3,1.3143,1.2985,1.3078,19046297.3
2026-04-07 18:00:00,1.3078,1.3091,1.2992,1.3014,12325191.6
2026-04-07 19:00:00,1.3013,1.3157,1.3007,1.3136,25212262.2
2026-04-07 20:00:00,1.3136,1.3215,1.3131,1.3175,20460743.6
2026-04-07 21:00:00,1.3175,1.3399,1.3173,1.3377,42882741.5
2026-04-07 22:00:00,1.3376,1.3733,1.3357,1.3728,88277818.7
2026-04-07 23:00:00,1.3729,1.3959,1.3664,1.378,81862782.5
2026-04-08 00:00:00,1.3781,1.3831,1.3593,1.366,47585463.6
2026-04-08 01:00:00,1.366,1.3727,1.3629,1.3693,17338231.3
2026-04-08 02:00:00,1.3694,1.3755,1.3675,1.3739,12600733.6
2026-04-08 03:00:00,1.374,1.3769,1.3682,1.3697,18563023.7
2026-04-08 04:00:00,1.3697,1.3775,1.3686,1.3756,20058866.5
2026-04-08 05:00:00,1.3755,1.3873,1.3755,1.3842,18071278.9
2026-04-08 06:00:00,1.3842,1.3864,1.3791,1.3795,12755428.6
2026-04-08 07:00:00,1.3796,1.3841,1.3771,1.3794,10002379.7
2026-04-08 08:00:00,1.3793,1.3835,1.3774,1.3808,9663544.9
2026-04-08 09:00:00,1.3808,1.3879,1.3766,1.3805,23804023.4
2026-04-08 10:00:00,1.3804,1.3844,1.3781,1.3832,14809368.6
2026-04-08 11:00:00,1.3831,1.3848,1.3711,1.3776,23157005.9
2026-04-08 12:00:00,1.3776,1.3832,1.374,1.3794,28089761.5
2026-04-08 13:00:00,1.3794,1.3894,1.373,1.3736,34366908.2
2026-04-08 14:00:00,1.3735,1.3745,1.345,1.3496,63576628.8
2026-04-08 15:00:00,1.3495,1.3562,1.3482,1.3543,25357756.2
2026-04-08 16:00:00,1.3543,1.3593,1.3515,1.3564,19666621.7
2026-04-08 17:00:00,1.3565,1.3632,1.354,1.3615,14054449.8
2026-04-08 18:00:00,1.3616,1.3618,1.3467,1.3477,18239883.2
2026-04-08 19:00:00,1.3476,1.3516,1.3437,1.3512,17486812.9
2026-04-08 20:00:00,1.3512,1.353,1.3456,1.3479,8626700.4
2026-04-08 21:00:00,1.348,1.3567,1.3471,1.3523,9276876.4
2026-04-08 22:00:00,1.3524,1.3526,1.3438,1.344,12227843.9
2026-04-08 23:00:00,1.3439,1.3454,1.338,1.3419,21194321.3
2026-04-09 00:00:00,1.342,1.3424,1.3335,1.3389,20193136.4
2026-04-09 01:00:00,1.3389,1.3398,1.3258,1.3337,39890515.2
2026-04-09 02:00:00,1.3337,1.3359,1.3311,1.3334,10931029.5
2026-04-09 03:00:00,1.3335,1.3362,1.3289,1.3304,19888313.9
2026-04-09 04:00:00,1.3305,1.332,1.3267,1.3309,12853917.9
2026-04-09 05:00:00,1.3308,1.335,1.3301,1.3323,16127298.5
2026-04-09 06:00:00,1.3324,1.3348,1.3251,1.3322,15616580.3
2026-04-09 07:00:00,1.3323,1.3333,1.3295,1.3311,7074685.4
2026-04-09 08:00:00,1.3312,1.3358,1.3297,1.3342,14657690.1
2026-04-09 09:00:00,1.3343,1.3381,1.3328,1.3372,11816676.8
2026-04-09 10:00:00,1.3371,1.3378,1.332,1.3321,9617769.2
2026-04-09 11:00:00,1.3321,1.3347,1.3244,1.3288,36511867.2
2026-04-09 12:00:00,1.3289,1.3324,1.3254,1.3306,15318682.2
2026-04-09 13:00:00,1.3306,1.3322,1.3255,1.3288,14541602.1
2026-04-09 14:00:00,1.3287,1.3333,1.3209,1.3319,25771405.7
2026-04-09 15:00:00,1.332,1.3547,1.3293,1.3515,40519550.7
2026-04-09 16:00:00,1.3516,1.3589,1.3454,1.3516,28314048.7
2026-04-09 17:00:00,1.3516,1.3596,1.351,1.358,17713717.8
2026-04-09 18:00:00,1.3579,1.3588,1.3496,1.3545,19303336.5
2026-04-09 19:00:00,1.3546,1.3601,1.3511,1.3552,18555629.2
2026-04-09 20:00:00,1.3552,1.3587,1.3527,1.356,12845816.5
2026-04-09 21:00:00,1.3561,1.3608,1.3504,1.3529,12611175.2
2026-04-09 22:00:00,1.3529,1.3692,1.3508,1.3516,28119320.5
2026-04-09 23:00:00,1.3516,1.3524,1.341,1.343,23588754.0
2026-04-10 00:00:00,1.343,1.3473,1.34,1.3442,14283106.6
2026-04-10 01:00:00,1.3442,1.3498,1.3395,1.3428,16234658.8
2026-04-10 02:00:00,1.3428,1.3464,1.341,1.3428,6644027.5
2026-04-10 03:00:00,1.3429,1.3454,1.34,1.3406,12081399.2
2026-04-10 04:00:00,1.3407,1.3487,1.3406,1.3456,6689212.3
2026-04-10 05:00:00,1.3457,1.3481,1.342,1.3429,8967864.8
2026-04-10 06:00:00,1.3429,1.3462,1.3383,1.3414,10500822.7
2026-04-10 07:00:00,1.3414,1.3423,1.334,1.3365,12494083.1
2026-04-10 08:00:00,1.3366,1.3461,1.3342,1.3387,21405967.6
2026-04-10 09:00:00,1.3387,1.3422,1.3348,1.3381,18716275.3
2026-04-10 10:00:00,1.3381,1.3398,1.3351,1.3366,12376143.9
2026-04-10 11:00:00,1.3366,1.3432,1.3362,1.3407,9888461.7
2026-04-10 12:00:00,1.3408,1.3466,1.3388,1.3424,23157385.6
2026-04-10 13:00:00,1.3424,1.3446,1.3368,1.3436,10640571.0
2026-04-10 14:00:00,1.3436,1.3577,1.3422,1.3573,32568148.6
2026-04-10 15:00:00,1.3572,1.3602,1.3449,1.3473,31381087.7
2026-04-10 16:00:00,1.3474,1.3532,1.3466,1.3507,15582353.3
2026-04-10 17:00:00,1.3508,1.3553,1.3478,1.3547,8517121.4
2026-04-10 18:00:00,1.3547,1.3596,1.3525,1.3592,11777453.9
2026-04-10 19:00:00,1.3592,1.3628,1.3577,1.3624,15396834.0
2026-04-10 20:00:00,1.3624,1.3655,1.3591,1.3636,17769619.1
2026-04-10 21:00:00,1.3635,1.3638,1.3566,1.3599,8544391.9
2026-04-10 22:00:00,1.3599,1.3606,1.354,1.3556,9094683.2
2026-04-10 23:00:00,1.3556,1.3563,1.3536,1.3551,3680688.0
2026-04-11 00:00:00,1.3551,1.3558,1.3523,1.3537,6539243.3
2026-04-11 01:00:00,1.3536,1.3536,1.3492,1.3524,11144749.1
2026-04-11 02:00:00,1.3524,1.3567,1.3519,1.3544,5520271.5
2026-04-11 03:00:00,1.3544,1.3565,1.3496,1.3498,7000636.5
2026-04-11 04:00:00,1.3498,1.3515,1.3471,1.3501,8472835.7
2026-04-11 05:00:00,1.3501,1.3506,1.3453,1.3469,7360127.0
2026-04-11 06:00:00,1.3469,1.347,1.3431,1.3455,10973559.8
2026-04-11 07:00:00,1.3456,1.3472,1.3448,1.3457,5276107.4
2026-04-11 08:00:00,1.3458,1.3479,1.3439,1.3446,11919164.2
2026-04-11 09:00:00,1.3446,1.3482,1.3413,1.347,16994615.3
2026-04-11 10:00:00,1.347,1.3473,1.3448,1.3462,6298340.0
2026-04-11 11:00:00,1.3463,1.3488,1.3434,1.3448,12083480.2
2026-04-11 12:00:00,1.3449,1.3457,1.3415,1.3436,12740342.6
2026-04-11 13:00:00,1.3436,1.3443,1.3392,1.3441,13075301.4
2026-04-11 14:00:00,1.3442,1.3482,1.3409,1.3415,14409297.6
2026-04-11 15:00:00,1.3416,1.3459,1.3387,1.3451,16783758.8
2026-04-11 16:00:00,1.3452,1.358,1.3448,1.3538,17344588.6
2026-04-11 17:00:00,1.3538,1.357,1.3501,1.3523,10990210.0
2026-04-11 18:00:00,1.3523,1.3669,1.3506,1.3636,25416454.9
2026-04-11 19:00:00,1.3637,1.3749,1.3625,1.3707,24263762.1
2026-04-11 20:00:00,1.3707,1.3724,1.3571,1.3609,23971843.1
2026-04-11 21:00:00,1.3608,1.3652,1.3588,1.3617,7366181.4
2026-04-11 22:00:00,1.3616,1.3692,1.3592,1.3609,12563915.9
2026-04-11 23:00:00,1.3609,1.3609,1.3503,1.3539,14961184.4
2026-04-12 00:00:00,1.354,1.3542,1.3507,1.3531,9247549.1
2026-04-12 01:00:00,1.353,1.3552,1.3248,1.3286,53454938.9
2026-04-12 02:00:00,1.3285,1.3367,1.324,1.3337,26421080.3
2026-04-12 03:00:00,1.3337,1.3357,1.329,1.3292,15227567.4
2026-04-12 04:00:00,1.3291,1.33,1.326,1.327,12760234.7
2026-04-12 05:00:00,1.3271,1.3304,1.326,1.3296,9710296.2
2026-04-12 06:00:00,1.3297,1.3316,1.3279,1.3287,8125709.5
2026-04-12 07:00:00,1.3287,1.3301,1.3266,1.3287,6749371.6
2026-04-12 08:00:00,1.3287,1.3311,1.3269,1.3278,7747173.0
2026-04-12 09:00:00,1.3279,1.3312,1.3255,1.3296,11485825.3
2026-04-12 10:00:00,1.3296,1.332,1.3283,1.3296,8361897.4
2026-04-12 11:00:00,1.3297,1.3331,1.329,1.332,10487932.0
2026-04-12 12:00:00,1.3319,1.3338,1.3265,1.3303,15118810.4
2026-04-12 13:00:00,1.3302,1.332,1.3219,1.3226,26416801.8
2026-04-12 14:00:00,1.3226,1.3268,1.3204,1.3214,22505590.0
2026-04-12 15:00:00,1.3214,1.3246,1.3181,1.3231,11003956.3
2026-04-12 16:00:00,1.323,1.3274,1.3225,1.3273,6190188.5
2026-04-12 17:00:00,1.3272,1.333,1.3262,1.3319,8480483.9
2026-04-12 18:00:00,1.3319,1.3333,1.3288,1.3301,12331074.4
2026-04-12 19:00:00,1.3301,1.3311,1.3289,1.3302,5457320.9
2026-04-12 20:00:00,1.3302,1.3388,1.3286,1.3359,14930273.7
2026-04-12 21:00:00,1.3358,1.3384,1.3329,1.3357,10096258.3
2026-04-12 22:00:00,1.3356,1.3356,1.3222,1.3274,23508744.8
2026-04-12 23:00:00,1.3273,1.3273,1.3216,1.3239,12313973.5
2026-04-13 00:00:00,1.324,1.3329,1.3225,1.3311,16533433.0
2026-04-13 01:00:00,1.3311,1.3324,1.3258,1.3316,11839447.0
2026-04-13 02:00:00,1.3316,1.3326,1.3236,1.3248,12060155.5
2026-04-13 03:00:00,1.3249,1.3282,1.3234,1.3245,7465436.4
2026-04-13 04:00:00,1.3246,1.3266,1.3186,1.3221,14779383.1
2026-04-13 05:00:00,1.3221,1.3314,1.321,1.3309,18250580.0
2026-04-13 06:00:00,1.3309,1.3365,1.3305,1.334,23713317.8
2026-04-13 07:00:00,1.334,1.3349,1.3246,1.3248,13367669.8
2026-04-13 08:00:00,1.3248,1.3279,1.3221,1.325,16292659.1
2026-04-13 09:00:00,1.3251,1.33,1.3237,1.3258,16423576.5
2026-04-13 10:00:00,1.3259,1.3262,1.3229,1.3245,6289132.0
2026-04-13 11:00:00,1.3246,1.3274,1.3239,1.3249,5872031.5
2026-04-13 12:00:00,1.325,1.3331,1.3226,1.3313,14011116.0
2026-04-13 13:00:00,1.3314,1.3406,1.3267,1.339,33207065.6
2026-04-13 14:00:00,1.3391,1.3464,1.331,1.3453,30696658.3
2026-04-13 15:00:00,1.3452,1.3458,1.3305,1.3338,20282624.2
2026-04-13 16:00:00,1.3339,1.3418,1.3284,1.339,23483047.4
2026-04-13 17:00:00,1.339,1.3449,1.3365,1.3373,15934007.7
2026-04-13 18:00:00,1.3373,1.3401,1.3336,1.3398,11580161.6
2026-04-13 19:00:00,1.3397,1.3551,1.3385,1.3527,31632346.1
2026-04-13 20:00:00,1.3526,1.3548,1.3455,1.3462,21920223.8
2026-04-13 21:00:00,1.3463,1.3528,1.3431,1.3503,10829686.0
2026-04-13 22:00:00,1.3502,1.3766,1.3494,1.3741,67653181.7
2026-04-13 23:00:00,1.3742,1.3841,1.3702,1.3752,41526057.8
2026-04-14 00:00:00,1.3752,1.377,1.3603,1.3615,31707082.2
2026-04-14 01:00:00,1.3615,1.3676,1.359,1.3659,15311677.2
2026-04-14 02:00:00,1.3659,1.3703,1.364,1.3677,12677371.2
2026-04-14 03:00:00,1.3677,1.3678,1.3649,1.3667,7108337.4
2026-04-14 04:00:00,1.3667,1.3677,1.3598,1.3629,14142515.9
2026-04-14 05:00:00,1.3628,1.3648,1.3606,1.3617,9476491.9
2026-04-14 06:00:00,1.3617,1.3724,1.3616,1.3707,17343608.7
2026-04-14 07:00:00,1.3707,1.3767,1.3667,1.3678,25346735.0
2026-04-14 08:00:00,1.3678,1.375,1.366,1.3727,14076781.6
2026-04-14 09:00:00,1.3728,1.3753,1.3705,1.3727,8889507.3
2026-04-14 10:00:00,1.3727,1.3727,1.3683,1.3696,7889822.4
2026-04-14 11:00:00,1.3696,1.3739,1.3672,1.3685,12530813.3
2026-04-14 12:00:00,1.3685,1.3708,1.3643,1.3663,16713804.7
2026-04-14 13:00:00,1.3664,1.3933,1.3663,1.3923,54042084.3
2026-04-14 14:00:00,1.3922,1.395,1.3711,1.3711,55322343.7
2026-04-14 15:00:00,1.3711,1.3787,1.3666,1.3738,32020419.0
2026-04-14 16:00:00,1.3737,1.3804,1.3654,1.3677,20399720.3
2026-04-14 17:00:00,1.3677,1.3736,1.3643,1.3681,14543595.1
2026-04-14 18:00:00,1.3682,1.3701,1.3515,1.354,26976344.3
2026-04-14 19:00:00,1.3539,1.3603,1.3517,1.3602,16471881.8
2026-04-14 20:00:00,1.3602,1.361,1.3543,1.3561,9701675.9
2026-04-14 21:00:00,1.3562,1.3616,1.3553,1.3594,7217415.7
2026-04-14 22:00:00,1.3593,1.3648,1.3548,1.3576,20559306.6
2026-04-14 23:00:00,1.3576,1.3652,1.3564,1.3608,15620391.7
2026-04-15 00:00:00,1.3608,1.3661,1.3569,1.3613,25628668.7
2026-04-15 01:00:00,1.3614,1.3646,1.3584,1.362,12630025.2
2026-04-15 02:00:00,1.362,1.3636,1.3547,1.3567,9112813.7
2026-04-15 03:00:00,1.3566,1.3578,1.3552,1.3571,5280704.5
2026-04-15 04:00:00,1.3571,1.36,1.3566,1.3583,5435946.6
2026-04-15 05:00:00,1.3583,1.3608,1.3541,1.3579,9226591.0
2026-04-15 06:00:00,1.358,1.358,1.3533,1.3548,9875174.0
2026-04-15 07:00:00,1.3548,1.356,1.3484,1.3514,22382763.7
2026-04-15 08:00:00,1.3514,1.3567,1.35,1.3548,13704662.1
2026-04-15 09:00:00,1.3549,1.3555,1.3498,1.3518,11891918.1
2026-04-15 10:00:00,1.3518,1.3588,1.3509,1.3557,11777542.4
2026-04-15 11:00:00,1.3556,1.3642,1.3556,1.3627,15162662.3
2026-04-15 12:00:00,1.3628,1.3686,1.3604,1.3648,21431454.2
2026-04-15 13:00:00,1.3649,1.3675,1.3606,1.3667,17184390.6
2026-04-15 14:00:00,1.3667,1.3788,1.3634,1.3759,30987609.7
2026-04-15 15:00:00,1.3758,1.383,1.3712,1.3726,43869312.2
2026-04-15 16:00:00,1.3726,1.3817,1.371,1.3778,25146745.5
2026-04-15 17:00:00,1.3777,1.3835,1.3751,1.3794,21770968.7
2026-04-15 18:00:00,1.3794,1.387,1.3783,1.3861,22899497.6
2026-04-15 19:00:00,1.3861,1.4083,1.3838,1.3995,60976497.0
2026-04-15 20:00:00,1.3995,1.4001,1.3849,1.3876,24435297.4
2026-04-15 21:00:00,1.3876,1.3886,1.3794,1.3878,12468758.2
2026-04-15 22:00:00,1.3878,1.4022,1.3877,1.3936,25369431.4
2026-04-15 23:00:00,1.3935,1.3936,1.3847,1.3915,15503657.7
2026-04-16 00:00:00,1.3916,1.3976,1.3859,1.3965,16021696.0
2026-04-16 01:00:00,1.3964,1.4016,1.3897,1.3998,23293894.5
2026-04-16 02:00:00,1.3997,1.4097,1.3959,1.406,27966175.3
2026-04-16 03:00:00,1.4059,1.415,1.4046,1.4054,28271592.3
2026-04-16 04:00:00,1.4054,1.4107,1.4011,1.4031,19778335.6
2026-04-16 05:00:00,1.4031,1.4065,1.3995,1.4049,11310190.0
2026-04-16 06:00:00,1.405,1.4093,1.4035,1.4091,10811840.1
2026-04-16 07:00:00,1.4091,1.4122,1.4031,1.4052,13577034.6
2026-04-16 08:00:00,1.4052,1.4088,1.4018,1.4045,15699397.9
2026-04-16 09:00:00,1.4046,1.4227,1.403,1.4166,49889997.2
2026-04-16 10:00:00,1.4165,1.4172,1.4069,1.4079,19243843.3
2026-04-16 11:00:00,1.4079,1.4087,1.4007,1.4086,19438892.2
2026-04-16 12:00:00,1.4087,1.4228,1.4083,1.4131,26948929.9
2026-04-16 13:00:00,1.4131,1.4337,1.3982,1.4064,71488168.4
2026-04-16 14:00:00,1.4064,1.4123,1.392,1.4096,51302162.1
2026-04-16 15:00:00,1.4095,1.4323,1.4065,1.4285,48781709.1
2026-04-16 16:00:00,1.4286,1.4412,1.4148,1.4189,52940084.9
2026-04-16 17:00:00,1.4189,1.4291,1.4135,1.4266,26423433.9
2026-04-16 18:00:00,1.4265,1.4481,1.4236,1.4459,35945346.6
2026-04-16 19:00:00,1.4459,1.4657,1.4407,1.4636,52753083.0
2026-04-16 20:00:00,1.4636,1.4655,1.4434,1.4516,28471317.0
2026-04-16 21:00:00,1.4517,1.458,1.4451,1.446,13931970.1
2026-04-16 22:00:00,1.4459,1.453,1.4459,1.4504,10357496.2
2026-04-16 23:00:00,1.4504,1.4572,1.4472,1.4521,18701031.3
2026-04-17 00:00:00,1.4521,1.4548,1.4397,1.44,23294370.4
2026-04-17 01:00:00,1.4401,1.4417,1.4268,1.4296,29984330.7
2026-04-17 02:00:00,1.4297,1.4308,1.4218,1.429,17873093.4
2026-04-17 03:00:00,1.429,1.4382,1.4265,1.4302,24608607.4
2026-04-17 04:00:00,1.4302,1.4336,1.4256,1.4311,18860052.7
2026-04-17 05:00:00,1.4311,1.4361,1.4243,1.4245,21968152.3
2026-04-17 06:00:00,1.4244,1.4328,1.4234,1.4317,10069017.9
2026-04-17 07:00:00,1.4317,1.4392,1.4315,1.4366,15822433.7
2026-04-17 08:00:00,1.4367,1.4472,1.4348,1.446,25340905.4
2026-04-17 09:00:00,1.4459,1.4586,1.4418,1.4512,27246347.9
2026-04-17 10:00:00,1.4513,1.4528,1.4319,1.4361,26753521.3
2026-04-17 11:00:00,1.4361,1.4477,1.4358,1.4465,13330593.1
2026-04-17 12:00:00,1.4466,1.4606,1.4433,1.4581,29693489.0
2026-04-17 13:00:00,1.4581,1.4906,1.4547,1.4864,97328670.9
2026-04-17 14:00:00,1.4865,1.5092,1.4825,1.498,68626628.3
2026-04-17 15:00:00,1.4979,1.5017,1.4754,1.4854,49843589.0
2026-04-17 16:00:00,1.4854,1.4997,1.4847,1.4969,33136855.0
2026-04-17 17:00:00,1.4968,1.497,1.4765,1.4832,33308894.6
2026-04-17 18:00:00,1.4832,1.4841,1.4722,1.477,23582512.8
2026-04-17 19:00:00,1.4769,1.4918,1.4758,1.4865,25629882.6
2026-04-17 20:00:00,1.4865,1.489,1.4746,1.481,14649601.0
2026-04-17 21:00:00,1.4809,1.4871,1.4772,1.4785,11454172.9
2026-04-17 22:00:00,1.4784,1.4876,1.4765,1.4837,18567853.5
2026-04-17 23:00:00,1.4838,1.4838,1.471,1.4749,17061324.9
2026-04-18 00:00:00,1.4749,1.4796,1.4711,1.4754,12507613.5
2026-04-18 01:00:00,1.4753,1.4818,1.4722,1.4774,12546757.2
2026-04-18 02:00:00,1.4773,1.4774,1.4681,1.4748,14115050.3
2026-04-18 03:00:00,1.4748,1.4749,1.4662,1.4678,12214203.5
2026-04-18 04:00:00,1.4679,1.4691,1.4625,1.4677,14845444.4
2026-04-18 05:00:00,1.4677,1.4764,1.4671,1.4683,12372239.1
2026-04-18 06:00:00,1.4682,1.4724,1.4631,1.4699,16399426.5
2026-04-18 07:00:00,1.4699,1.4751,1.4681,1.4733,10929371.1
2026-04-18 08:00:00,1.4734,1.4747,1.4448,1.4526,57111226.3
2026-04-18 09:00:00,1.4526,1.4536,1.4454,1.4498,24233835.3
2026-04-18 10:00:00,1.4499,1.45,1.4346,1.4391,30705345.1
2026-04-18 11:00:00,1.439,1.4395,1.4236,1.4308,35235345.4
2026-04-18 12:00:00,1.4308,1.437,1.43,1.4352,19446521.8
2026-04-18 13:00:00,1.4351,1.4378,1.4285,1.4362,13293021.1
2026-04-18 14:00:00,1.4363,1.4377,1.4317,1.434,12820010.4
2026-04-18 15:00:00,1.434,1.4392,1.4299,1.4351,14772651.6
2026-04-18 16:00:00,1.4351,1.4385,1.4303,1.4329,13110803.3
2026-04-18 17:00:00,1.433,1.4332,1.4268,1.431,10935445.2
2026-04-18 18:00:00,1.431,1.4338,1.4226,1.4251,20538899.0
2026-04-18 19:00:00,1.4251,1.4307,1.4242,1.4267,10412034.1
2026-04-18 20:00:00,1.4266,1.4297,1.4231,1.4276,9101862.8
2026-04-18 21:00:00,1.4276,1.4374,1.4273,1.4355,9038657.9
2026-04-18 22:00:00,1.4355,1.4355,1.4294,1.4336,8407669.8
2026-04-18 23:00:00,1.4336,1.4375,1.431,1.4315,10002829.5
2026-04-19 00:00:00,1.4314,1.4355,1.4288,1.4324,9961699.2
2026-04-19 01:00:00,1.4324,1.438,1.4282,1.431,10800609.1
2026-04-19 02:00:00,1.431,1.4346,1.4231,1.4295,16161226.9
2026-04-19 03:00:00,1.4294,1.4332,1.4259,1.4288,10821768.6
2026-04-19 04:00:00,1.4289,1.4329,1.4229,1.4297,10138201.3
2026-04-19 05:00:00,1.4297,1.4424,1.4286,1.4293,18970125.3
2026-04-19 06:00:00,1.4293,1.4307,1.4168,1.4279,34092390.7
2026-04-19 07:00:00,1.428,1.4289,1.4133,1.4192,31320673.6
2026-04-19 08:00:00,1.4192,1.428,1.4145,1.4241,22902849.1
2026-04-19 09:00:00,1.4241,1.4254,1.4121,1.4205,18563932.6
2026-04-19 10:00:00,1.4205,1.4269,1.4151,1.4224,18758321.1
2026-04-19 11:00:00,1.4225,1.4308,1.4217,1.4289,13400098.9
2026-04-19 12:00:00,1.4289,1.4325,1.4242,1.431,20833543.7
2026-04-19 13:00:00,1.4309,1.446,1.4304,1.4378,34172777.4
2026-04-19 14:00:00,1.4378,1.4417,1.4317,1.4369,17805547.5
2026-04-19 15:00:00,1.4368,1.4381,1.4194,1.4306,24599117.2
2026-04-19 16:00:00,1.4307,1.4316,1.4194,1.4212,13630039.9
2026-04-19 17:00:00,1.4213,1.4235,1.4108,1.4122,28240626.0
2026-04-19 18:00:00,1.4122,1.4174,1.4104,1.4149,15684640.8
2026-04-19 19:00:00,1.415,1.4208,1.415,1.4167,8842459.7
2026-04-19 20:00:00,1.4168,1.4168,1.4065,1.4098,20672959.4
2026-04-19 21:00:00,1.4098,1.4162,1.4081,1.4087,10220809.3
2026-04-19 22:00:00,1.4087,1.4087,1.3883,1.3984,48916583.9
2026-04-19 23:00:00,1.3984,1.3984,1.3918,1.3935,16560929.0
2026-04-20 00:00:00,1.3936,1.4076,1.3926,1.4047,18662742.5
2026-04-20 01:00:00,1.4047,1.4111,1.4041,1.4074,11611939.1
2026-04-20 02:00:00,1.4074,1.4082,1.4033,1.4072,10984390.8
2026-04-20 03:00:00,1.4072,1.4126,1.4067,1.4101,12780029.5
2026-04-20 04:00:00,1.4101,1.4104,1.4048,1.4085,8179693.7
2026-04-20 05:00:00,1.4086,1.4088,1.3945,1.3984,17426630.4
2026-04-20 06:00:00,1.3985,1.4149,1.3984,1.4132,16911787.1
2026-04-20 07:00:00,1.4133,1.4317,1.4105,1.4144,47574657.2
2026-04-20 08:00:00,1.4145,1.4169,1.4062,1.409,18182061.3
2026-04-20 09:00:00,1.409,1.42,1.4072,1.4169,16849388.3
2026-04-20 10:00:00,1.417,1.4265,1.4124,1.4138,22661901.2
2026-04-20 11:00:00,1.4138,1.4179,1.4113,1.4145,16615710.9
2026-04-20 12:00:00,1.4146,1.4235,1.4121,1.4216,13990853.1
2026-04-20 13:00:00,1.4215,1.4269,1.4169,1.424,25431698.2
2026-04-20 14:00:00,1.424,1.4311,1.4133,1.4157,44350882.1
2026-04-20 15:00:00,1.4158,1.4345,1.4079,1.4319,50708762.5
2026-04-20 16:00:00,1.432,1.4329,1.4215,1.4227,16228806.1
2026-04-20 17:00:00,1.4228,1.4324,1.4218,1.4265,13386054.1
2026-04-20 18:00:00,1.4266,1.4365,1.4266,1.4318,23040781.4
2026-04-20 19:00:00,1.4318,1.4329,1.4269,1.4295,11764672.5
2026-04-20 20:00:00,1.4295,1.4328,1.4239,1.4308,12267940.0
2026-04-20 21:00:00,1.4309,1.432,1.4227,1.4292,8016459.3
2026-04-20 22:00:00,1.4291,1.4314,1.4242,1.425,6111473.0
2026-04-20 23:00:00,1.425,1.425,1.4204,1.4236,7334310.3
2026-04-21 00:00:00,1.4237,1.429,1.4235,1.4269,9671408.1
2026-04-21 01:00:00,1.427,1.4312,1.4245,1.4249,7943373.6
2026-04-21 02:00:00,1.425,1.4259,1.4212,1.4213,6126916.7
2026-04-21 03:00:00,1.4213,1.4249,1.4185,1.4232,12344015.1
2026-04-21 04:00:00,1.4232,1.428,1.423,1.4273,7122305.6
2026-04-21 05:00:00,1.4273,1.4328,1.4272,1.431,13825764.8
2026-04-21 06:00:00,1.431,1.4405,1.4274,1.4363,18744183.1
2026-04-21 07:00:00,1.4363,1.4418,1.4314,1.4386,15919607.1
2026-04-21 08:00:00,1.4385,1.4488,1.4368,1.4419,22063965.1
2026-04-21 09:00:00,1.442,1.4445,1.4369,1.4408,15850910.6
2026-04-21 10:00:00,1.4409,1.4465,1.4373,1.4437,12959033.1
2026-04-21 11:00:00,1.4437,1.444,1.4368,1.439,14523504.9
2026-04-21 12:00:00,1.439,1.4404,1.4254,1.4316,26727766.4
2026-04-21 13:00:00,1.4317,1.435,1.4282,1.4327,17203479.5
2026-04-21 14:00:00,1.4328,1.4444,1.4296,1.4309,19794995.6
2026-04-21 15:00:00,1.4309,1.433,1.4244,1.4317,21965975.0
2026-04-21 16:00:00,1.4318,1.4354,1.4268,1.4278,13181737.9
2026-04-21 17:00:00,1.4278,1.43,1.4125,1.4236,31926016.7
2026-04-21 18:00:00,1.4236,1.4265,1.4193,1.4261,15792070.1
2026-04-21 19:00:00,1.4261,1.4312,1.4103,1.4129,29667374.3
2026-04-21 20:00:00,1.4128,1.4285,1.4116,1.4227,19878195.4
2026-04-21 21:00:00,1.4228,1.4243,1.4196,1.4218,6986665.2
2026-04-21 22:00:00,1.4218,1.423,1.4158,1.4214,7218321.0
2026-04-21 23:00:00,1.4213,1.4333,1.4212,1.4326,11471083.1
2026-04-22 00:00:00,1.4326,1.4338,1.4295,1.4316,8795833.5
2026-04-22 01:00:00,1.4317,1.4317,1.4263,1.4286,6448359.8
2026-04-22 02:00:00,1.4285,1.4487,1.426,1.4479,31994675.3
2026-04-22 03:00:00,1.4479,1.4499,1.4403,1.4426,21125721.2
2026-04-22 04:00:00,1.4427,1.447,1.441,1.4441,8823053.3
2026-04-22 05:00:00,1.4441,1.46,1.4423,1.4539,31796697.9
2026-04-22 06:00:00,1.4538,1.4558,1.4513,1.4557,11270061.3
2026-04-22 07:00:00,1.4557,1.4575,1.4507,1.4537,13125094.7
2026-04-22 08:00:00,1.4537,1.4548,1.4477,1.4516,13924493.4
2026-04-22 09:00:00,1.4516,1.4539,1.4493,1.4508,8992566.4
2026-04-22 10:00:00,1.4508,1.4518,1.4478,1.45,8708618.2
2026-04-22 11:00:00,1.45,1.4539,1.4482,1.4535,11100912.1
2026-04-22 12:00:00,1.4536,1.4547,1.4465,1.4498,18448735.5
2026-04-22 13:00:00,1.4497,1.4608,1.4471,1.458,25160429.7
2026-04-22 14:00:00,1.458,1.4622,1.4508,1.457,22439121.8
2026-04-22 15:00:00,1.457,1.4599,1.4516,1.4558,16725446.5
2026-04-22 16:00:00,1.4559,1.4583,1.4453,1.4462,19671580.0
2026-04-22 17:00:00,1.4461,1.4518,1.4451,1.4485,12347836.7
2026-04-22 18:00:00,1.4484,1.4523,1.447,1.4472,7373847.4
2026-04-22 19:00:00,1.4472,1.4473,1.4365,1.4407,19292990.0
2026-04-22 20:00:00,1.4408,1.4421,1.4326,1.4364,19214407.7
2026-04-22 21:00:00,1.4364,1.4409,1.4362,1.4408,7784149.4
2026-04-22 22:00:00,1.4408,1.4409,1.4346,1.4371,7530261.1
2026-04-22 23:00:00,1.4371,1.4372,1.4278,1.4284,15878151.2
2026-04-23 00:00:00,1.4285,1.4308,1.4158,1.4283,34535220.3
2026-04-23 01:00:00,1.4283,1.4291,1.4201,1.4251,9811415.5
2026-04-23 02:00:00,1.425,1.4255,1.4143,1.4181,17306505.3
2026-04-23 03:00:00,1.4181,1.4215,1.4104,1.4154,24323316.8
2026-04-23 04:00:00,1.4153,1.4193,1.4143,1.4169,10490057.3
2026-04-23 05:00:00,1.417,1.4199,1.414,1.4189,9806010.7
2026-04-23 06:00:00,1.4188,1.4244,1.4188,1.4228,12965016.9
2026-04-23 07:00:00,1.4228,1.4234,1.4192,1.4202,7605877.6
2026-04-23 08:00:00,1.4203,1.4207,1.4143,1.4175,10592657.5
2026-04-23 09:00:00,1.4175,1.4183,1.4112,1.4141,12023290.8
2026-04-23 10:00:00,1.4141,1.4154,1.408,1.4102,17580645.3
2026-04-23 11:00:00,1.4102,1.4169,1.4102,1.4156,10773369.4
2026-04-23 12:00:00,1.4155,1.4201,1.4144,1.4178,15201959.1
2026-04-23 13:00:00,1.4178,1.4195,1.4133,1.4153,15059129.9
2026-04-23 14:00:00,1.4153,1.4298,1.4131,1.4292,21564847.5
2026-04-23 15:00:00,1.4292,1.4364,1.425,1.4309,26220198.3
2026-04-23 16:00:00,1.4309,1.4326,1.4268,1.429,18623841.3
2026-04-23 17:00:00,1.4291,1.436,1.4206,1.4346,59153198.9
2026-04-23 18:00:00,1.4346,1.4405,1.4307,1.4307,24311315.2
2026-04-23 19:00:00,1.4308,1.4333,1.4261,1.4288,13893167.4
2026-04-23 20:00:00,1.4289,1.4367,1.427,1.4323,20094769.1
2026-04-23 21:00:00,1.4324,1.4376,1.4301,1.4326,7766767.7
2026-04-23 22:00:00,1.4326,1.4386,1.4326,1.4352,8120702.7
2026-04-23 23:00:00,1.4352,1.4394,1.4315,1.4379,8431099.9
2026-04-24 00:00:00,1.4379,1.4399,1.437,1.4397,10199487.5
2026-04-24 01:00:00,1.4398,1.444,1.4313,1.4436,16290989.8
2026-04-24 02:00:00,1.4436,1.4453,1.4359,1.4368,11724007.7
2026-04-24 03:00:00,1.4367,1.4381,1.4274,1.4298,14484967.7
2026-04-24 04:00:00,1.4299,1.4302,1.4253,1.4283,11648222.5
2026-04-24 05:00:00,1.4284,1.433,1.4245,1.4321,7982742.1
2026-04-24 06:00:00,1.4321,1.4327,1.4293,1.4293,8438234.5
2026-04-24 07:00:00,1.4293,1.4322,1.4277,1.432,7660442.4
2026-04-24 08:00:00,1.432,1.4358,1.429,1.4309,12592833.0
2026-04-24 09:00:00,1.4309,1.4312,1.4241,1.4251,14248422.3
2026-04-24 10:00:00,1.4251,1.432,1.4231,1.4308,11311775.5
2026-04-24 11:00:00,1.4308,1.4397,1.4308,1.4377,21567486.0
2026-04-24 12:00:00,1.4378,1.4407,1.432,1.4342,14124812.3
2026-04-24 13:00:00,1.4342,1.4438,1.4327,1.4349,24126395.8
2026-04-24 14:00:00,1.4349,1.4379,1.4272,1.4326,47320933.0
2026-04-24 15:00:00,1.4326,1.4474,1.4278,1.4471,29481132.3
2026-04-24 16:00:00,1.4471,1.4503,1.437,1.4397,20913639.3
2026-04-24 17:00:00,1.4396,1.4419,1.4351,1.4404,12217325.1
2026-04-24 18:00:00,1.4404,1.4412,1.4328,1.4381,7669779.4
2026-04-24 19:00:00,1.4381,1.4414,1.4357,1.4386,7529183.2
2026-04-24 20:00:00,1.4385,1.4412,1.434,1.4397,10142299.5
2026-04-24 21:00:00,1.4398,1.4424,1.4355,1.437,11276101.8
2026-04-24 22:00:00,1.437,1.4377,1.428,1.4308,10363283.2
2026-04-24 23:00:00,1.4308,1.4331,1.4306,1.4325,5281942.7
2026-04-25 00:00:00,1.4324,1.4337,1.4309,1.4326,5246922.3
2026-04-25 01:00:00,1.4327,1.4363,1.4326,1.4353,4732486.2
2026-04-25 02:00:00,1.4353,1.4371,1.4327,1.433,6793503.6
2026-04-25 03:00:00,1.4331,1.4363,1.432,1.4359,4282597.8
2026-04-25 04:00:00,1.4359,1.4365,1.4328,1.4333,3921973.3
2026-04-25 05:00:00,1.4334,1.4334,1.4305,1.4315,5041804.7
2026-04-25 06:00:00,1.4316,1.4341,1.4301,1.4319,4146240.4
2026-04-25 07:00:00,1.432,1.434,1.4303,1.4325,4673546.0
2026-04-25 08:00:00,1.4325,1.4345,1.4314,1.4339,3977601.2
2026-04-25 09:00:00,1.4339,1.4361,1.4322,1.4346,5032653.6
2026-04-25 10:00:00,1.4346,1.436,1.434,1.4349,4577780.1
2026-04-25 11:00:00,1.435,1.435,1.4285,1.4299,11083259.1
2026-04-25 12:00:00,1.4299,1.4308,1.4273,1.4284,12879406.4
2026-04-25 13:00:00,1.4284,1.4316,1.4278,1.4304,5066016.5
2026-04-25 14:00:00,1.4303,1.431,1.4281,1.4282,5401531.7
2026-04-25 15:00:00,1.4282,1.4303,1.4232,1.4246,13729696.5
2026-04-25 16:00:00,1.4246,1.4271,1.4192,1.4234,18318773.6
2026-04-25 17:00:00,1.4234,1.4239,1.4182,1.4192,10321566.2
2026-04-25 18:00:00,1.4191,1.422,1.4186,1.4202,6029887.1
2026-04-25 19:00:00,1.4203,1.4207,1.4183,1.4198,9200774.0
2026-04-25 20:00:00,1.4198,1.4214,1.4177,1.4213,10834513.0
2026-04-25 21:00:00,1.4212,1.4227,1.421,1.422,5404886.1
2026-04-25 22:00:00,1.4221,1.4249,1.4213,1.4227,5988157.2
2026-04-25 23:00:00,1.4227,1.4248,1.4214,1.4231,5456067.4
2026-04-26 00:00:00,1.4232,1.4232,1.4191,1.42,7689987.8
2026-04-26 01:00:00,1.4201,1.4212,1.4178,1.4185,4730268.5
2026-04-26 02:00:00,1.4184,1.422,1.4184,1.4212,3667737.7
2026-04-26 03:00:00,1.4211,1.4234,1.417,1.4179,8215423.7
2026-04-26 04:00:00,1.4178,1.4232,1.4175,1.4214,6852768.6
2026-04-26 05:00:00,1.4213,1.4287,1.4206,1.425,15368090.7
2026-04-26 06:00:00,1.425,1.4278,1.4249,1.4266,4824550.1
2026-04-26 07:00:00,1.4267,1.4286,1.4255,1.4283,5468850.2
2026-04-26 08:00:00,1.4283,1.4289,1.4252,1.4258,6280095.3
2026-04-26 09:00:00,1.4257,1.4277,1.4247,1.4275,4769159.5
2026-04-26 10:00:00,1.4275,1.4281,1.4258,1.4268,3502957.5
2026-04-26 11:00:00,1.4268,1.4311,1.4268,1.4296,6276802.0
2026-04-26 12:00:00,1.4297,1.4307,1.4225,1.4241,10861961.7
2026-04-26 13:00:00,1.424,1.4249,1.422,1.4234,7809567.6
2026-04-26 14:00:00,1.4234,1.4292,1.4225,1.4265,10797074.1
2026-04-26 15:00:00,1.4265,1.4286,1.4255,1.4285,4825060.0
2026-04-26 16:00:00,1.4285,1.4288,1.4241,1.4245,5611449.4
2026-04-26 17:00:00,1.4244,1.4257,1.4217,1.4238,7204288.5
2026-04-26 18:00:00,1.4237,1.4295,1.4222,1.4283,8943355.5
2026-04-26 19:00:00,1.4283,1.436,1.4272,1.4295,17147009.0
2026-04-26 20:00:00,1.4295,1.4327,1.4266,1.4266,5617111.4
2026-04-26 21:00:00,1.4267,1.4295,1.4185,1.4277,15733467.0
2026-04-26 22:00:00,1.4278,1.435,1.4228,1.4262,19457905.1
2026-04-26 23:00:00,1.4262,1.4342,1.424,1.4302,11229415.5
2026-04-27 00:00:00,1.4302,1.4404,1.4243,1.4388,19334337.2
2026-04-27 01:00:00,1.4389,1.4457,1.4342,1.4441,22874182.4
2026-04-27 02:00:00,1.4442,1.4453,1.4393,1.4431,11961980.0
2026-04-27 03:00:00,1.4431,1.4463,1.441,1.4419,11724549.2
2026-04-27 04:00:00,1.442,1.4421,1.4375,1.4395,10099652.0
2026-04-27 05:00:00,1.4396,1.4401,1.415,1.4185,58909688.2
2026-04-27 06:00:00,1.4185,1.4199,1.4113,1.4172,20578152.9
2026-04-27 07:00:00,1.4172,1.4181,1.4129,1.4133,11519597.6
2026-04-27 08:00:00,1.4134,1.4174,1.4118,1.4174,9883699.2
2026-04-27 09:00:00,1.4174,1.4185,1.4142,1.4158,8701926.2
2026-04-27 10:00:00,1.4159,1.4161,1.4134,1.4142,5722640.6
2026-04-27 11:00:00,1.4143,1.4145,1.4116,1.4127,9255979.7
2026-04-27 12:00:00,1.4128,1.4142,1.4088,1.4099,16622754.0
2026-04-27 13:00:00,1.4099,1.4117,1.3929,1.4009,54281471.9
2026-04-27 14:00:00,1.401,1.4102,1.3978,1.4032,26271570.9
2026-04-27 15:00:00,1.4033,1.4035,1.3828,1.3873,54030558.9
2026-04-27 16:00:00,1.3873,1.3907,1.3834,1.3879,18761919.8
2026-04-27 17:00:00,1.388,1.3946,1.3879,1.3924,14046291.4
2026-04-27 18:00:00,1.3923,1.3965,1.3915,1.3946,9156074.8
2026-04-27 19:00:00,1.3945,1.3955,1.3859,1.3922,9744027.3
2026-04-27 20:00:00,1.3922,1.3944,1.3897,1.3919,6035233.1
2026-04-27 21:00:00,1.3918,1.3928,1.389,1.3891,4888356.3
2026-04-27 22:00:00,1.3891,1.3964,1.3886,1.396,7482494.3
2026-04-27 23:00:00,1.3961,1.4014,1.3956,1.3999,9507005.7
2026-04-28 00:00:00,1.3999,1.4,1.3946,1.3971,9589086.6
2026-04-28 01:00:00,1.3971,1.3985,1.3955,1.3967,5432743.6
2026-04-28 02:00:00,1.3967,1.3985,1.3901,1.3926,11153001.0
2026-04-28 03:00:00,1.3925,1.3931,1.3879,1.3921,10076525.1
2026-04-28 04:00:00,1.3922,1.394,1.3897,1.3921,11685077.9
2026-04-28 05:00:00,1.392,1.3966,1.3912,1.3929,7592722.7
2026-04-28 06:00:00,1.3929,1.3965,1.3851,1.3882,11985861.0
2026-04-28 07:00:00,1.3881,1.3927,1.3839,1.3923,10746363.2
2026-04-28 08:00:00,1.3923,1.3954,1.3902,1.3918,6378831.4
2026-04-28 09:00:00,1.3917,1.392,1.3855,1.3867,5613735.6
2026-04-28 10:00:00,1.3866,1.3891,1.3859,1.3875,7355362.9
2026-04-28 11:00:00,1.3875,1.3882,1.3781,1.3808,22095233.7
2026-04-28 12:00:00,1.3807,1.3844,1.3776,1.3824,16423113.1
2026-04-28 13:00:00,1.3825,1.3836,1.3737,1.3774,25450265.7
2026-04-28 14:00:00,1.3774,1.3774,1.3668,1.3694,29023827.5
2026-04-28 15:00:00,1.3694,1.3753,1.3684,1.3744,18075180.2
2026-04-28 16:00:00,1.3744,1.3764,1.3696,1.3759,10692191.9
2026-04-28 17:00:00,1.3759,1.3803,1.3734,1.3779,12665286.9
2026-04-28 18:00:00,1.3778,1.3825,1.3778,1.3816,11151660.0
2026-04-28 19:00:00,1.3815,1.3855,1.3766,1.3816,15687994.0
2026-04-28 20:00:00,1.3817,1.3843,1.3806,1.3821,7495959.2
2026-04-28 21:00:00,1.3821,1.3834,1.3779,1.3796,6902377.6
2026-04-28 22:00:00,1.3797,1.3834,1.3779,1.3792,8856108.4
2026-04-28 23:00:00,1.3792,1.381,1.3777,1.3798,4440943.5
2026-04-29 00:00:00,1.3799,1.3842,1.3776,1.3824,9003682.9
2026-04-29 01:00:00,1.3824,1.3833,1.3762,1.3814,8900241.4
2026-04-29 02:00:00,1.3814,1.3831,1.3782,1.3792,6067146.8
2026-04-29 03:00:00,1.3792,1.3895,1.3788,1.3884,18485664.5
2026-04-29 04:00:00,1.3885,1.3967,1.3866,1.3942,18463049.4
2026-04-29 05:00:00,1.3942,1.3964,1.3929,1.3952,7401214.6
2026-04-29 06:00:00,1.3952,1.3959,1.3897,1.3915,11745427.9
2026-04-29 07:00:00,1.3915,1.3951,1.3899,1.3914,8808861.1
2026-04-29 08:00:00,1.3914,1.3923,1.3881,1.3906,7883134.7
2026-04-29 09:00:00,1.3906,1.4057,1.3896,1.4031,30699328.7
2026-04-29 10:00:00,1.4031,1.4055,1.3966,1.3973,21759565.7
2026-04-29 11:00:00,1.3973,1.3973,1.3917,1.3936,14152039.7
2026-04-29 12:00:00,1.3937,1.3939,1.3781,1.3824,27258574.0
2026-04-29 13:00:00,1.3824,1.3832,1.3691,1.3748,33153169.5
2026-04-29 14:00:00,1.3749,1.3773,1.369,1.3716,16447889.9
2026-04-29 15:00:00,1.3716,1.3724,1.3567,1.361,40500699.2
2026-04-29 16:00:00,1.3611,1.3675,1.3533,1.3629,44325564.4
2026-04-29 17:00:00,1.3629,1.3676,1.362,1.3674,19435739.8
2026-04-29 18:00:00,1.3673,1.3697,1.3442,1.3567,60172517.3
2026-04-29 19:00:00,1.3567,1.3579,1.351,1.3527,14597084.8
2026-04-29 20:00:00,1.3527,1.3647,1.3524,1.3619,22059473.0
2026-04-29 21:00:00,1.362,1.3723,1.3609,1.3681,13388060.7
2026-04-29 22:00:00,1.3681,1.3702,1.3664,1.369,6248208.7
2026-04-29 23:00:00,1.369,1.3705,1.364,1.3685,7922097.9
2026-04-30 00:00:00,1.3685,1.384,1.3685,1.3821,20045955.5
2026-04-30 01:00:00,1.382,1.3838,1.3768,1.3788,12048469.1
2026-04-30 02:00:00,1.3788,1.381,1.3668,1.3723,18540622.6
2026-04-30 03:00:00,1.3722,1.375,1.3702,1.3727,7693288.0
2026-04-30 04:00:00,1.3726,1.3727,1.3601,1.362,18504479.6
2026-04-30 05:00:00,1.362,1.3667,1.358,1.3639,9162160.1
2026-04-30 06:00:00,1.3638,1.3718,1.3598,1.3683,22861456.2
2026-04-30 07:00:00,1.3683,1.3748,1.3666,1.3741,10256632.3
2026-04-30 08:00:00,1.3742,1.3762,1.3719,1.3721,13472276.4
2026-04-30 09:00:00,1.3721,1.3794,1.3714,1.3729,10043771.5
2026-04-30 10:00:00,1.373,1.3744,1.3687,1.3699,9921247.8
2026-04-30 11:00:00,1.3698,1.3756,1.3658,1.369,12295528.1
2026-04-30 12:00:00,1.3689,1.3753,1.3685,1.3691,14693828.3
2026-04-30 13:00:00,1.3692,1.3739,1.3643,1.3691,13118610.9
2026-04-30 14:00:00,1.3692,1.3718,1.362,1.3675,14425520.2
2026-04-30 15:00:00,1.3675,1.3747,1.3643,1.3687,10796454.7
2026-04-30 16:00:00,1.3686,1.3691,1.3643,1.3654,7881485.1
2026-04-30 17:00:00,1.3653,1.3691,1.3621,1.3674,9275876.7
2026-04-30 18:00:00,1.3674,1.3713,1.366,1.3691,11326646.5
2026-04-30 19:00:00,1.3691,1.3736,1.3684,1.3697,8621374.0
2026-04-30 20:00:00,1.3696,1.3709,1.3673,1.369,4549665.8
2026-04-30 21:00:00,1.3691,1.3715,1.3651,1.3653,5095448.6
2026-04-30 22:00:00,1.3652,1.3674,1.3635,1.3643,6901702.4
2026-04-30 23:00:00,1.3642,1.3676,1.3637,1.3672,5023175.4
2026-05-01 00:00:00,1.3672,1.3724,1.364,1.3683,19401734.6
2026-05-01 01:00:00,1.3683,1.3734,1.3649,1.3705,22274529.2
2026-05-01 02:00:00,1.3706,1.3714,1.3675,1.3694,4464541.3
2026-05-01 03:00:00,1.3694,1.3799,1.3681,1.3757,18636407.1
2026-05-01 04:00:00,1.3758,1.378,1.3735,1.375,8543970.0
2026-05-01 05:00:00,1.375,1.3777,1.3739,1.3759,5206610.1
2026-05-01 06:00:00,1.3759,1.3781,1.3714,1.3726,7342410.3
2026-05-01 07:00:00,1.3726,1.3749,1.3711,1.3741,7560291.8
2026-05-01 08:00:00,1.3742,1.3804,1.3734,1.3777,12250775.1
2026-05-01 09:00:00,1.3778,1.3782,1.3733,1.3746,7028210.4
2026-05-01 10:00:00,1.3747,1.376,1.3709,1.3757,6623624.1
2026-05-01 11:00:00,1.3758,1.3793,1.3747,1.3772,5151911.2
2026-05-01 12:00:00,1.3773,1.3873,1.3766,1.3827,22520704.2
2026-05-01 13:00:00,1.3827,1.3992,1.3827,1.3977,30132273.9
2026-05-01 14:00:00,1.3977,1.3993,1.3886,1.394,19775979.2
2026-05-01 15:00:00,1.3939,1.3991,1.3901,1.3952,19393261.7
2026-05-01 16:00:00,1.3952,1.3978,1.391,1.391,10989304.2
2026-05-01 17:00:00,1.391,1.3947,1.3877,1.3943,12907876.5
2026-05-01 18:00:00,1.3943,1.3949,1.392,1.3931,4830469.9
2026-05-01 19:00:00,1.3931,1.3953,1.3912,1.3931,7370509.5
2026-05-01 20:00:00,1.3932,1.3942,1.382,1.3839,14187389.7
2026-05-01 21:00:00,1.3838,1.3883,1.3834,1.3881,5467859.6
2026-05-01 22:00:00,1.3881,1.3892,1.3829,1.383,6517482.4
2026-05-01 23:00:00,1.383,1.3851,1.3802,1.385,12404445.4
2026-05-02 00:00:00,1.385,1.3895,1.3839,1.3856,13425945.5
2026-05-02 01:00:00,1.3857,1.388,1.3835,1.3841,7179028.2
2026-05-02 02:00:00,1.3841,1.3877,1.3804,1.3851,12081699.8
2026-05-02 03:00:00,1.3851,1.3878,1.3832,1.3851,5540034.2
2026-05-02 04:00:00,1.3852,1.3852,1.382,1.3839,7039386.5
2026-05-02 05:00:00,1.384,1.3843,1.3817,1.3829,6257403.4
2026-05-02 06:00:00,1.383,1.387,1.383,1.3863,3959663.8
2026-05-02 07:00:00,1.3864,1.3873,1.3845,1.3847,3838241.5
2026-05-02 08:00:00,1.3847,1.3849,1.3831,1.3838,7012654.2
2026-05-02 09:00:00,1.3839,1.387,1.3829,1.3857,10984110.1
2026-05-02 10:00:00,1.3857,1.3875,1.3853,1.387,3945497.5
2026-05-02 11:00:00,1.387,1.3903,1.3843,1.3852,11992452.4
2026-05-02 12:00:00,1.3852,1.3873,1.3839,1.3861,7463105.7
2026-05-02 13:00:00,1.3862,1.3917,1.3862,1.3912,10258949.3
2026-05-02 14:00:00,1.3911,1.3928,1.3892,1.3911,6002434.6
2026-05-02 15:00:00,1.3911,1.3939,1.3907,1.3927,5520657.3
2026-05-02 16:00:00,1.3927,1.3945,1.3904,1.3924,9168250.0
2026-05-02 17:00:00,1.3924,1.3938,1.3908,1.391,6628250.5
2026-05-02 18:00:00,1.3909,1.3932,1.3888,1.3926,5118247.6
2026-05-02 19:00:00,1.3925,1.3947,1.3925,1.3941,3242830.9
2026-05-02 20:00:00,1.3941,1.3942,1.3924,1.3926,3476119.0
2026-05-02 21:00:00,1.3926,1.3999,1.3897,1.3926,18413548.5
2026-05-02 22:00:00,1.3926,1.3998,1.3913,1.3955,13909329.1
2026-05-02 23:00:00,1.3956,1.396,1.39,1.3928,17158754.0
2026-05-03 00:00:00,1.3929,1.3939,1.3873,1.3885,10590219.9
2026-05-03 01:00:00,1.3884,1.3885,1.3826,1.3832,9373813.6
2026-05-03 02:00:00,1.3831,1.3841,1.3804,1.3826,6270901.2
2026-05-03 03:00:00,1.3825,1.3835,1.3811,1.383,5757689.8
2026-05-03 04:00:00,1.3831,1.3847,1.3812,1.3829,4481191.0
2026-05-03 05:00:00,1.3829,1.3852,1.3826,1.384,3100700.9
2026-05-03 06:00:00,1.3841,1.385,1.3814,1.3842,5917346.0
2026-05-03 07:00:00,1.3843,1.3881,1.3841,1.3854,5514291.0
2026-05-03 08:00:00,1.3853,1.3875,1.3851,1.3871,4262909.7
2026-05-03 09:00:00,1.3872,1.39,1.3866,1.3886,4964763.1
2026-05-03 10:00:00,1.3886,1.3893,1.3872,1.3873,3139460.9
2026-05-03 11:00:00,1.3874,1.398,1.3864,1.3946,13940507.0
2026-05-03 12:00:00,1.3947,1.3979,1.3947,1.3958,8939404.4
2026-05-03 13:00:00,1.3957,1.3983,1.3925,1.3943,9194690.7
2026-05-03 14:00:00,1.3944,1.3968,1.3922,1.3962,6513661.8
2026-05-03 15:00:00,1.3961,1.3983,1.3935,1.3951,6043078.2
2026-05-03 16:00:00,1.3951,1.3975,1.3933,1.3938,4217832.1
2026-05-03 17:00:00,1.3938,1.3959,1.3914,1.3944,5075819.1
2026-05-03 18:00:00,1.3943,1.3949,1.3929,1.3936,3224317.1
2026-05-03 19:00:00,1.3935,1.3975,1.393,1.3947,3532177.7
2026-05-03 20:00:00,1.3946,1.3999,1.3917,1.3924,8341511.4
2026-05-03 21:00:00,1.3923,1.3952,1.3881,1.3911,7475318.1
2026-05-03 22:00:00,1.3912,1.4035,1.3912,1.3972,20304734.1
2026-05-03 23:00:00,1.3971,1.4005,1.386,1.3871,16086991.6
2026-05-04 00:00:00,1.387,1.3883,1.3822,1.3875,17180191.1
2026-05-04 01:00:00,1.3876,1.4073,1.3828,1.4044,38979369.1
2026-05-04 02:00:00,1.4045,1.4147,1.4003,1.4095,41444490.0
2026-05-04 03:00:00,1.4096,1.4142,1.4072,1.4124,20410140.5
2026-05-04 04:00:00,1.4125,1.4204,1.4125,1.4156,21184536.5
2026-05-04 05:00:00,1.4156,1.4169,1.4101,1.4111,13119829.6
2026-05-04 06:00:00,1.4111,1.4121,1.4011,1.4082,27034667.6
2026-05-04 07:00:00,1.4083,1.4137,1.407,1.4099,10148832.8
2026-05-04 08:00:00,1.4098,1.4122,1.4062,1.4107,9091600.0
2026-05-04 09:00:00,1.4108,1.4191,1.41,1.4166,10744699.7
2026-05-04 10:00:00,1.4167,1.4173,1.3847,1.3943,73812658.1
2026-05-04 11:00:00,1.3944,1.397,1.3914,1.393,18015570.2
2026-05-04 12:00:00,1.3931,1.3959,1.3917,1.3926,11691640.2
2026-05-04 13:00:00,1.3925,1.3993,1.3876,1.3926,19854434.6
2026-05-04 14:00:00,1.3927,1.4128,1.3881,1.4074,37278439.2
2026-05-04 15:00:00,1.4074,1.4085,1.3921,1.3982,34697571.2
2026-05-04 16:00:00,1.3983,1.4046,1.393,1.3999,23739670.1
2026-05-04 17:00:00,1.3999,1.4118,1.3994,1.408,18216942.4
2026-05-04 18:00:00,1.408,1.4094,1.4016,1.4034,10723922.0
2026-05-04 19:00:00,1.4033,1.4038,1.3972,1.3973,11711315.8
2026-05-04 20:00:00,1.3973,1.3975,1.3916,1.3924,11277694.9
2026-05-04 21:00:00,1.3924,1.3981,1.3924,1.3966,13273779.0
2026-05-04 22:00:00,1.3965,1.4006,1.3936,1.3946,8528087.5
2026-05-04 23:00:00,1.3947,1.3947,1.3891,1.3909,8802416.2
2026-05-05 00:00:00,1.3909,1.3954,1.3896,1.3948,10019181.0
2026-05-05 01:00:00,1.3948,1.3979,1.3931,1.3965,8110893.4
2026-05-05 02:00:00,1.3965,1.4043,1.3958,1.4003,17171114.6
2026-05-05 03:00:00,1.4002,1.4094,1.3987,1.405,21127959.4
2026-05-05 04:00:00,1.4051,1.4068,1.4,1.4009,14927357.0
2026-05-05 05:00:00,1.4009,1.4058,1.3989,1.401,17660689.2
2026-05-05 06:00:00,1.4011,1.4066,1.4002,1.4066,8951534.9
2026-05-05 07:00:00,1.4065,1.4096,1.4013,1.4061,16626994.7
2026-05-05 08:00:00,1.4061,1.4087,1.4049,1.4064,10413817.1
2026-05-05 09:00:00,1.4063,1.4067,1.4013,1.4029,9163640.8
2026-05-05 10:00:00,1.4029,1.407,1.4017,1.4059,9071070.4
2026-05-05 11:00:00,1.4058,1.4078,1.4009,1.4073,9749773.8
2026-05-05 12:00:00,1.4073,1.4134,1.4058,1.4121,15925478.1
2026-05-05 13:00:00,1.4122,1.4199,1.4101,1.4128,35702425.8
2026-05-05 14:00:00,1.4127,1.4131,1.4038,1.4102,27797545.9
2026-05-05 15:00:00,1.4102,1.4153,1.4091,1.411,11562176.7
2026-05-05 16:00:00,1.4109,1.4144,1.4039,1.4073,14861355.7
2026-05-05 17:00:00,1.4073,1.4093,1.4042,1.4078,9887369.8
2026-05-05 18:00:00,1.4078,1.4122,1.4075,1.4094,8536442.5
2026-05-05 19:00:00,1.4093,1.413,1.4082,1.4125,7598521.7
2026-05-05 20:00:00,1.4124,1.4175,1.4118,1.4161,15179332.7
2026-05-05 21:00:00,1.4162,1.4219,1.4123,1.415,17479854.5
2026-05-05 22:00:00,1.4151,1.4208,1.4089,1.4149,23183111.2
2026-05-05 23:00:00,1.4149,1.4173,1.4085,1.4117,8504441.6
2026-05-06 00:00:00,1.4118,1.4144,1.4065,1.4103,12639604.8
2026-05-06 01:00:00,1.4102,1.419,1.409,1.4176,10267330.0
2026-05-06 02:00:00,1.4176,1.4178,1.4094,1.4158,10908131.1
2026-05-06 03:00:00,1.4157,1.4238,1.4155,1.4215,21142188.7
2026-05-06 04:00:00,1.4215,1.4243,1.4168,1.419,18799687.4
2026-05-06 05:00:00,1.4189,1.4225,1.4133,1.4216,20627157.5
2026-05-06 06:00:00,1.4217,1.4266,1.4202,1.4253,15864930.2
2026-05-06 07:00:00,1.4253,1.435,1.4237,1.4304,25520612.7
2026-05-06 08:00:00,1.4304,1.4429,1.4291,1.4424,32156801.2
2026-05-06 09:00:00,1.4424,1.4505,1.4378,1.4486,33038398.1
2026-05-06 10:00:00,1.4486,1.4535,1.4461,1.4504,22621433.4
2026-05-06 11:00:00,1.4504,1.4568,1.4487,1.4504,24250570.3
2026-05-06 12:00:00,1.4504,1.4516,1.4436,1.4446,25694530.1
2026-05-06 13:00:00,1.4446,1.4446,1.416,1.4219,78477794.3
2026-05-06 14:00:00,1.4219,1.429,1.4124,1.4224,43472191.2
2026-05-06 15:00:00,1.4224,1.4327,1.4206,1.429,19350102.1
2026-05-06 16:00:00,1.429,1.4338,1.4232,1.4286,18444647.4
2026-05-06 17:00:00,1.4286,1.4302,1.4233,1.4252,9393729.2
2026-05-06 18:00:00,1.4252,1.4265,1.42,1.4221,10848871.5
2026-05-06 19:00:00,1.422,1.4281,1.4216,1.427,9764830.7
2026-05-06 20:00:00,1.4269,1.4283,1.4204,1.424,8403544.9
2026-05-06 21:00:00,1.424,1.4278,1.4211,1.4258,5457092.2
2026-05-06 22:00:00,1.4258,1.4264,1.4209,1.4213,8880850.1
2026-05-06 23:00:00,1.4212,1.4248,1.4151,1.4241,14356415.9
2026-05-07 00:00:00,1.4241,1.425,1.416,1.4171,12535624.9
2026-05-07 01:00:00,1.4171,1.4196,1.4118,1.4147,17967515.8
2026-05-07 02:00:00,1.4147,1.4156,1.409,1.4113,15323818.8
2026-05-07 03:00:00,1.4112,1.4113,1.4022,1.4044,31831603.0
2026-05-07 04:00:00,1.4045,1.4094,1.4023,1.4072,28203190.8
2026-05-07 05:00:00,1.4072,1.4137,1.4068,1.4104,19136596.7
2026-05-07 06:00:00,1.4103,1.4157,1.4039,1.4151,19223403.0
2026-05-07 07:00:00,1.4152,1.4209,1.4139,1.4191,14180089.6
2026-05-07 08:00:00,1.4191,1.4205,1.4148,1.4156,9811807.7
2026-05-07 09:00:00,1.4156,1.4156,1.4097,1.4108,9772464.9
2026-05-07 10:00:00,1.4108,1.4135,1.4059,1.409,12453574.2
2026-05-07 11:00:00,1.4091,1.4127,1.4075,1.4088,9597248.7
2026-05-07 12:00:00,1.4088,1.4144,1.4083,1.4138,9446197.5
2026-05-07 13:00:00,1.4139,1.4139,1.3961,1.4009,38551890.4
2026-05-07 14:00:00,1.4009,1.4032,1.3902,1.3926,38658782.5
2026-05-07 15:00:00,1.3926,1.394,1.3823,1.3899,32932608.9
2026-05-07 16:00:00,1.3898,1.3922,1.386,1.3881,21043212.0
2026-05-07 17:00:00,1.3881,1.3925,1.3836,1.3911,22522866.5
2026-05-07 18:00:00,1.391,1.3953,1.3881,1.3915,14508961.9
2026-05-07 19:00:00,1.3916,1.3916,1.3847,1.3853,13870877.8
2026-05-07 20:00:00,1.3853,1.3926,1.3811,1.3816,14187703.1
2026-05-07 21:00:00,1.3817,1.3863,1.3785,1.3832,13743756.8
2026-05-07 22:00:00,1.3831,1.3861,1.3793,1.384,12729140.4
2026-05-07 23:00:00,1.3839,1.387,1.3834,1.3859,6183696.4
2026-05-08 00:00:00,1.3859,1.3892,1.3833,1.3848,9821850.5
2026-05-08 01:00:00,1.3848,1.3861,1.3815,1.385,6478827.7
2026-05-08 02:00:00,1.3851,1.3855,1.3789,1.3827,13537878.1
2026-05-08 03:00:00,1.3826,1.3868,1.3788,1.3845,9581124.3
2026-05-08 04:00:00,1.3846,1.3864,1.383,1.3851,5551814.4
2026-05-08 05:00:00,1.3851,1.387,1.3823,1.3823,7471790.3
2026-05-08 06:00:00,1.3823,1.3825,1.3769,1.3809,22967134.7
2026-05-08 07:00:00,1.381,1.3841,1.378,1.3832,12250286.2
2026-05-08 08:00:00,1.3833,1.3897,1.3811,1.3872,18466823.5
2026-05-08 09:00:00,1.3873,1.3908,1.3849,1.3861,11325402.5
2026-05-08 10:00:00,1.3862,1.3918,1.3839,1.3887,12746918.5
2026-05-08 11:00:00,1.3888,1.3918,1.3883,1.3904,7652954.4
2026-05-08 12:00:00,1.3904,1.3934,1.3855,1.387,14704910.1
2026-05-08 13:00:00,1.3871,1.3878,1.3828,1.3864,15886646.3
2026-05-08 14:00:00,1.3863,1.3962,1.3863,1.3925,23686878.6
2026-05-08 15:00:00,1.3924,1.3976,1.3846,1.3968,20115520.1
2026-05-08 16:00:00,1.3968,1.397,1.3917,1.3937,17211475.2
2026-05-08 17:00:00,1.3938,1.4099,1.3933,1.4081,34580698.2
2026-05-08 18:00:00,1.4081,1.4239,1.408,1.4186,41249647.2
2026-05-08 19:00:00,1.4186,1.4265,1.4159,1.4182,26448412.6
2026-05-08 20:00:00,1.4183,1.4185,1.4104,1.4117,20201154.2
2026-05-08 21:00:00,1.4117,1.4212,1.4115,1.421,14088439.9
2026-05-08 22:00:00,1.4209,1.423,1.4172,1.4178,10796271.4
2026-05-08 23:00:00,1.4179,1.4186,1.4148,1.4177,8549171.0
2026-05-09 00:00:00,1.4176,1.4247,1.4174,1.4241,14389587.3
2026-05-09 01:00:00,1.4242,1.4344,1.4239,1.4318,22278287.3
2026-05-09 02:00:00,1.4319,1.4338,1.4271,1.4303,14355018.5
2026-05-09 03:00:00,1.4304,1.432,1.4259,1.4282,10650134.3
2026-05-09 04:00:00,1.4282,1.4339,1.4266,1.4276,14440325.6
2026-05-09 05:00:00,1.4275,1.4308,1.4242,1.4258,17193108.0
2026-05-09 06:00:00,1.4259,1.4269,1.4222,1.4253,19601016.4
2026-05-09 07:00:00,1.4253,1.4271,1.4216,1.4231,22706163.9
2026-05-09 08:00:00,1.4232,1.4253,1.4222,1.4238,7950418.1
2026-05-09 09:00:00,1.4239,1.4248,1.4173,1.419,14532918.6
2026-05-09 10:00:00,1.4189,1.4222,1.4167,1.4206,9342022.9
2026-05-09 11:00:00,1.4205,1.4223,1.4198,1.4213,5295444.6
2026-05-09 12:00:00,1.4213,1.4223,1.4187,1.42,9757263.7
2026-05-09 13:00:00,1.42,1.4201,1.4161,1.4194,8737610.7
2026-05-09 14:00:00,1.4194,1.4206,1.4143,1.4149,14089229.8
2026-05-09 15:00:00,1.4149,1.4154,1.4112,1.4135,13927656.6
2026-05-09 16:00:00,1.4135,1.419,1.4102,1.4164,21870871.3
2026-05-09 17:00:00,1.4164,1.4234,1.4164,1.4202,12810722.9
2026-05-09 18:00:00,1.4203,1.424,1.4194,1.4215,9939358.8
2026-05-09 19:00:00,1.4215,1.4234,1.4203,1.4232,4933753.9
2026-05-09 20:00:00,1.4231,1.4233,1.4195,1.4208,4085215.9
2026-05-09 21:00:00,1.4208,1.423,1.4203,1.4218,3332617.5
2026-05-09 22:00:00,1.4218,1.4244,1.4203,1.4224,7105390.6
2026-05-09 23:00:00,1.4225,1.4245,1.4185,1.4197,5715212.2
2026-05-10 00:00:00,1.4198,1.4221,1.415,1.416,10542396.2
2026-05-10 01:00:00,1.4159,1.4165,1.4109,1.4141,10707995.0
2026-05-10 02:00:00,1.4141,1.4214,1.4123,1.4166,18756068.4
2026-05-10 03:00:00,1.4166,1.4196,1.4136,1.4164,14701671.0
2026-05-10 04:00:00,1.4163,1.4185,1.4147,1.4171,5928127.2
2026-05-10 05:00:00,1.4171,1.4197,1.4156,1.4172,5514781.6
2026-05-10 06:00:00,1.4172,1.418,1.4149,1.418,5699348.6
2026-05-10 07:00:00,1.418,1.4209,1.4165,1.4194,8390171.9
2026-05-10 08:00:00,1.4193,1.4273,1.4186,1.4263,16407967.5
2026-05-10 09:00:00,1.4263,1.4285,1.4228,1.4277,19005739.6
2026-05-10 10:00:00,1.4277,1.4305,1.4237,1.4267,18477965.0
2026-05-10 11:00:00,1.4266,1.4269,1.4175,1.4223,19771353.7
2026-05-10 12:00:00,1.4223,1.4235,1.4204,1.4233,7622954.8
2026-05-10 13:00:00,1.4233,1.4334,1.4224,1.4317,24272516.3
2026-05-10 14:00:00,1.4317,1.4371,1.4282,1.4343,21973669.1
2026-05-10 15:00:00,1.4344,1.4445,1.4328,1.4437,26381240.7
2026-05-10 16:00:00,1.4437,1.4788,1.4422,1.4717,103826573.4
2026-05-10 17:00:00,1.4716,1.5078,1.4714,1.504,83598998.8
2026-05-10 18:00:00,1.504,1.506,1.4846,1.4858,56022341.4
2026-05-10 19:00:00,1.4858,1.4909,1.4749,1.4863,41015824.7
2026-05-10 20:00:00,1.4862,1.4892,1.4356,1.4494,87316379.1
2026-05-10 21:00:00,1.4493,1.4635,1.4433,1.4544,31859816.3
2026-05-10 22:00:00,1.4544,1.4746,1.4521,1.4729,44086933.8
2026-05-10 23:00:00,1.4729,1.4763,1.4685,1.4726,25610254.4
2026-05-11 00:00:00,1.4727,1.4776,1.4518,1.4574,42882173.7
2026-05-11 01:00:00,1.4574,1.4684,1.4514,1.4601,21922566.2
2026-05-11 02:00:00,1.4601,1.462,1.4488,1.4534,21990163.7
2026-05-11 03:00:00,1.4534,1.4537,1.4389,1.448,33714473.3
2026-05-11 04:00:00,1.4479,1.4563,1.4443,1.4475,29496681.9
2026-05-11 05:00:00,1.4475,1.4556,1.4471,1.4543,16055043.3
2026-05-11 06:00:00,1.4543,1.4584,1.4497,1.4527,14839676.1
2026-05-11 07:00:00,1.4527,1.4529,1.4416,1.4489,22771010.1
2026-05-11 08:00:00,1.449,1.4506,1.4409,1.445,19052332.3
2026-05-11 09:00:00,1.4451,1.4538,1.4449,1.4508,17249322.2
2026-05-11 10:00:00,1.4508,1.4536,1.4475,1.4501,20108035.0
2026-05-11 11:00:00,1.4502,1.457,1.4466,1.457,11759756.5
2026-05-11 12:00:00,1.457,1.4633,1.4534,1.4573,23279808.6
2026-05-11 13:00:00,1.4573,1.4643,1.4517,1.4591,25388941.4
2026-05-11 14:00:00,1.4591,1.472,1.4549,1.4706,40613591.3
2026-05-11 15:00:00,1.4706,1.488,1.4661,1.4843,49995800.5
2026-05-11 16:00:00,1.4842,1.487,1.4711,1.4733,35463264.2
2026-05-11 17:00:00,1.4734,1.4804,1.4656,1.4791,26052815.2
2026-05-11 18:00:00,1.4791,1.4807,1.4695,1.4697,15974010.0
2026-05-11 19:00:00,1.4698,1.4799,1.4665,1.4784,21554326.2
2026-05-11 20:00:00,1.4785,1.482,1.4716,1.4725,15173997.1
2026-05-11 21:00:00,1.4725,1.4742,1.4687,1.4693,10815953.8
2026-05-11 22:00:00,1.4693,1.4768,1.4677,1.4745,9952689.2
2026-05-11 23:00:00,1.4745,1.4796,1.4704,1.4768,15427935.0
2026-05-12 00:00:00,1.4768,1.484,1.4752,1.4791,18243654.4
2026-05-12 01:00:00,1.4791,1.4814,1.4557,1.4663,41150984.1
2026-05-12 02:00:00,1.4662,1.4704,1.4598,1.4641,13777353.3
2026-05-12 03:00:00,1.464,1.465,1.4578,1.4592,10687825.4
2026-05-12 04:00:00,1.4592,1.4658,1.4562,1.4621,13948588.5
2026-05-12 05:00:00,1.4621,1.4684,1.4594,1.4613,17104198.1
2026-05-12 06:00:00,1.4612,1.4662,1.4548,1.4575,23690889.5
2026-05-12 07:00:00,1.4575,1.4646,1.4533,1.4621,19283854.9
2026-05-12 08:00:00,1.4622,1.4707,1.459,1.4645,24433457.8
2026-05-12 09:00:00,1.4644,1.4644,1.4538,1.4547,23485612.0
2026-05-12 10:00:00,1.4548,1.4575,1.4464,1.4489,30963361.3
2026-05-12 11:00:00,1.4489,1.4514,1.4429,1.448,20634928.8
2026-05-12 12:00:00,1.4481,1.455,1.4455,1.4499,27218172.8
2026-05-12 13:00:00,1.4499,1.4519,1.4321,1.4337,46433246.9
2026-05-12 14:00:00,1.4337,1.4402,1.4238,1.4273,52451300.0
2026-05-12 15:00:00,1.4274,1.4308,1.4176,1.4232,37518410.0
2026-05-12 16:00:00,1.4233,1.4285,1.4185,1.4218,25945253.1
2026-05-12 17:00:00,1.4218,1.4344,1.4216,1.433,21244087.5
2026-05-12 18:00:00,1.4331,1.4374,1.4308,1.4353,12885260.0
2026-05-12 19:00:00,1.4353,1.4421,1.4353,1.4401,17833124.6
2026-05-12 20:00:00,1.4402,1.4423,1.4379,1.4402,10075823.5
2026-05-12 21:00:00,1.4401,1.4408,1.4372,1.4399,9434742.2
2026-05-12 22:00:00,1.44,1.4437,1.4387,1.4393,10638694.2
2026-05-12 23:00:00,1.4393,1.4401,1.4321,1.4363,12789524.8
2026-05-13 00:00:00,1.4364,1.4398,1.4343,1.439,13631031.3
2026-05-13 01:00:00,1.4389,1.4511,1.4385,1.4479,21875358.7
2026-05-13 02:00:00,1.448,1.4531,1.4462,1.4477,10883969.0
2026-05-13 03:00:00,1.4477,1.4525,1.4463,1.4515,11501892.2
2026-05-13 04:00:00,1.4515,1.4633,1.4493,1.4617,28474825.0
2026-05-13 05:00:00,1.4618,1.4644,1.4536,1.4539,23597321.0
2026-05-13 06:00:00,1.4538,1.4605,1.4518,1.4539,21199395.1
2026-05-13 07:00:00,1.4539,1.4638,1.4536,1.4619,15369448.6
2026-05-13 08:00:00,1.4619,1.4654,1.4579,1.4621,17010642.9
2026-05-13 09:00:00,1.4621,1.4689,1.4615,1.468,17608529.0
2026-05-13 10:00:00,1.468,1.4689,1.4558,1.4574,17514422.8
2026-05-13 11:00:00,1.4574,1.4592,1.4469,1.4479,33977304.5
2026-05-13 12:00:00,1.4478,1.4492,1.4248,1.4328,61590454.9
2026-05-13 13:00:00,1.4327,1.4383,1.4216,1.4262,44164468.6
2026-05-13 14:00:00,1.4261,1.4302,1.4202,1.4278,29556310.5
2026-05-13 15:00:00,1.4278,1.4312,1.4104,1.4124,44992547.8
2026-05-13 16:00:00,1.4124,1.4236,1.4111,1.4222,32981186.3
2026-05-13 17:00:00,1.4222,1.4298,1.4222,1.4282,16807215.9
2026-05-13 18:00:00,1.4281,1.433,1.4254,1.4255,15886158.0
2026-05-13 19:00:00,1.4255,1.4261,1.4161,1.4183,19689783.9
2026-05-13 20:00:00,1.4182,1.4265,1.4178,1.4246,13248883.8
2026-05-13 21:00:00,1.4246,1.4251,1.4163,1.4177,12485189.4
2026-05-13 22:00:00,1.4177,1.4234,1.4147,1.4224,20258329.7
2026-05-13 23:00:00,1.4224,1.4271,1.4203,1.4263,14698963.4
2026-05-14 00:00:00,1.4262,1.4328,1.4258,1.431,24659265.1
2026-05-14 01:00:00,1.4309,1.4343,1.426,1.4317,19527282.4
2026-05-14 02:00:00,1.4316,1.4334,1.4226,1.4254,12445694.0
2026-05-14 03:00:00,1.4253,1.4298,1.4201,1.4217,16570273.7
2026-05-14 04:00:00,1.4216,1.4313,1.4203,1.43,11357547.5
2026-05-14 05:00:00,1.43,1.4392,1.4286,1.4352,14153521.8
2026-05-14 06:00:00,1.4352,1.4362,1.4259,1.4339,19614188.0
2026-05-14 07:00:00,1.4339,1.436,1.4297,1.4317,19848298.8
2026-05-14 08:00:00,1.4318,1.4364,1.4289,1.4341,10251755.4
2026-05-14 09:00:00,1.4341,1.4353,1.4264,1.4288,12888231.6
2026-05-14 10:00:00,1.4288,1.4369,1.4273,1.436,12307754.4
2026-05-14 11:00:00,1.436,1.4386,1.4313,1.4319,12901357.6
2026-05-14 12:00:00,1.4318,1.4517,1.4311,1.4475,32395559.4
2026-05-14 13:00:00,1.4476,1.4594,1.4407,1.4417,52522780.0
2026-05-14 14:00:00,1.4417,1.4739,1.4382,1.4706,68783092.6
2026-05-14 15:00:00,1.4706,1.4737,1.4617,1.472,48999957.4
2026-05-14 16:00:00,1.4721,1.4807,1.464,1.4797,56805470.4
2026-05-14 17:00:00,1.4797,1.5,1.4707,1.4912,91148210.1
2026-05-14 18:00:00,1.4912,1.5442,1.4856,1.5353,138233489.5
2026-05-14 19:00:00,1.5353,1.5488,1.5106,1.5164,104291036.9
2026-05-14 20:00:00,1.5164,1.5172,1.4966,1.5074,59653976.6
2026-05-14 21:00:00,1.5074,1.5108,1.4923,1.4971,26731070.0
2026-05-14 22:00:00,1.497,1.5061,1.4931,1.5,28604543.6
2026-05-14 23:00:00,1.5,1.5,1.4822,1.4846,29427202.1
2026-05-15 00:00:00,1.4846,1.5,1.4839,1.4942,32022244.8
2026-05-15 01:00:00,1.4942,1.4987,1.4829,1.484,25262991.8
2026-05-15 02:00:00,1.484,1.4921,1.4749,1.4897,37016919.9
2026-05-15 03:00:00,1.4897,1.4917,1.4824,1.4882,16841044.9
2026-05-15 04:00:00,1.4882,1.4895,1.472,1.4727,25028390.7
2026-05-15 05:00:00,1.4727,1.4744,1.4521,1.4594,75182026.4
2026-05-15 06:00:00,1.4594,1.4716,1.4575,1.4677,35569585.5
2026-05-15 07:00:00,1.4678,1.4721,1.4647,1.4688,19075423.0
2026-05-15 08:00:00,1.4689,1.4715,1.4605,1.4706,37690848.6
2026-05-15 09:00:00,1.4706,1.4725,1.4605,1.464,25322691.0
2026-05-15 10:00:00,1.4641,1.476,1.4626,1.4738,21255605.0
2026-05-15 11:00:00,1.4738,1.4748,1.4658,1.4674,15241160.3
2026-05-15 12:00:00,1.4674,1.4685,1.4578,1.4589,29546128.2
2026-05-15 13:00:00,1.4589,1.4589,1.4277,1.4314,106416734.7
2026-05-15 14:00:00,1.4315,1.4401,1.4265,1.4382,56665709.5
2026-05-15 15:00:00,1.4382,1.4401,1.4286,1.4343,25504324.8
2026-05-15 16:00:00,1.4344,1.4468,1.4332,1.4459,32666205.2
2026-05-15 17:00:00,1.446,1.4507,1.4449,1.4462,15179504.0
2026-05-15 18:00:00,1.4461,1.4487,1.439,1.4401,15184512.0
2026-05-15 19:00:00,1.4401,1.4403,1.4315,1.4338,25584339.7
2026-05-15 20:00:00,1.4339,1.4365,1.4308,1.4343,11685204.8
2026-05-15 21:00:00,1.4343,1.4364,1.4292,1.4295,10643568.8
2026-05-15 22:00:00,1.4296,1.4338,1.4292,1.4328,6809197.7
2026-05-15 23:00:00,1.4328,1.435,1.4316,1.4332,6667640.5
2026-05-16 00:00:00,1.4332,1.4379,1.4316,1.4335,11403807.3
2026-05-16 01:00:00,1.4335,1.4382,1.4302,1.4364,13727240.2
2026-05-16 02:00:00,1.4363,1.4388,1.4343,1.4359,7324802.1
2026-05-16 03:00:00,1.4359,1.438,1.4327,1.4347,7012028.4
2026-05-16 04:00:00,1.4346,1.4359,1.4164,1.425,49363294.0
2026-05-16 05:00:00,1.4249,1.4294,1.4207,1.4243,25556873.7
2026-05-16 06:00:00,1.4242,1.4259,1.4129,1.419,24361996.1
2026-05-16 07:00:00,1.419,1.4191,1.4034,1.4159,42497842.0
2026-05-16 08:00:00,1.4158,1.4174,1.4136,1.4141,9694295.8
2026-05-16 09:00:00,1.4141,1.4151,1.4008,1.4015,33050181.3
2026-05-16 10:00:00,1.4014,1.4082,1.3951,1.4063,42015335.9
2026-05-16 11:00:00,1.4063,1.4125,1.4059,1.41,17530808.1
2026-05-16 12:00:00,1.41,1.4125,1.4073,1.4095,11790122.9
2026-05-16 13:00:00,1.4096,1.4144,1.4069,1.4108,17701323.4
2026-05-16 14:00:00,1.4108,1.4126,1.4054,1.4088,21630025.7
2026-05-16 15:00:00,1.4088,1.4143,1.4086,1.4137,11698856.5
2026-05-16 16:00:00,1.4138,1.4202,1.4125,1.4157,18594035.3
2026-05-16 17:00:00,1.4158,1.4185,1.4142,1.4161,5645585.2
2026-05-16 18:00:00,1.4162,1.4172,1.413,1.4148,6236624.1
2026-05-16 19:00:00,1.4148,1.4169,1.414,1.4154,4234316.7
2026-05-16 20:00:00,1.4155,1.4183,1.4142,1.415,5397293.2
2026-05-16 21:00:00,1.415,1.4159,1.4128,1.4145,4166795.0
2026-05-16 22:00:00,1.4146,1.415,1.4113,1.4131,5341465.0
2026-05-16 23:00:00,1.4131,1.4152,1.4124,1.4128,4091173.9
2026-05-17 00:00:00,1.4129,1.4169,1.4083,1.4107,13129878.3
2026-05-17 01:00:00,1.4106,1.4134,1.4029,1.4029,20398943.7
2026-05-17 02:00:00,1.4028,1.4101,1.4016,1.4061,18159011.3
2026-05-17 03:00:00,1.4061,1.4136,1.4059,1.4113,6894725.5
2026-05-17 04:00:00,1.4113,1.4166,1.411,1.4149,7417580.0
2026-05-17 05:00:00,1.4149,1.4211,1.4146,1.4156,9292356.6
2026-05-17 06:00:00,1.4157,1.4184,1.4149,1.4168,6721168.2
2026-05-17 07:00:00,1.4169,1.4205,1.4158,1.4176,7569657.6
2026-05-17 08:00:00,1.4177,1.4196,1.4137,1.4139,9546683.2
2026-05-17 09:00:00,1.4139,1.4209,1.413,1.4201,13311530.8
2026-05-17 10:00:00,1.4202,1.4284,1.4202,1.4236,27128846.6
2026-05-17 11:00:00,1.4237,1.4239,1.4198,1.4216,8474134.8
2026-05-17 12:00:00,1.4216,1.4259,1.4213,1.4226,7336776.7
2026-05-17 13:00:00,1.4226,1.4228,1.4157,1.418,13507291.5
2026-05-17 14:00:00,1.418,1.4181,1.4096,1.4124,18529429.1
2026-05-17 15:00:00,1.4124,1.4143,1.4087,1.4123,8450751.2
2026-05-17 16:00:00,1.4123,1.4153,1.4093,1.4107,7679189.9
2026-05-17 17:00:00,1.4107,1.412,1.4072,1.4102,8070681.2
2026-05-17 18:00:00,1.4102,1.4136,1.4057,1.4134,10570118.0
2026-05-17 19:00:00,1.4135,1.4228,1.4132,1.4215,11611863.7
2026-05-17 20:00:00,1.4215,1.4227,1.4167,1.4184,10958253.7
2026-05-17 21:00:00,1.4184,1.4256,1.417,1.4223,10550881.6
2026-05-17 22:00:00,1.4223,1.4223,1.4087,1.4112,22199995.5
2026-05-17 23:00:00,1.4113,1.4135,1.36,1.4006,107250318.7
2026-05-18 00:00:00,1.4007,1.401,1.3875,1.3957,47502167.5
2026-05-18 01:00:00,1.3957,1.3969,1.3836,1.3935,28766659.2
2026-05-18 02:00:00,1.3934,1.4022,1.3895,1.3919,22946520.3
2026-05-18 03:00:00,1.3918,1.3998,1.3889,1.3922,13013144.5
2026-05-18 04:00:00,1.3923,1.3989,1.3863,1.3941,16653431.7
2026-05-18 05:00:00,1.3941,1.3954,1.3868,1.3885,18353071.6
2026-05-18 06:00:00,1.3886,1.3914,1.3762,1.3877,38141242.7
2026-05-18 07:00:00,1.3878,1.3905,1.3796,1.386,16251408.0
2026-05-18 08:00:00,1.386,1.3891,1.3813,1.3873,10012565.6
2026-05-18 09:00:00,1.3874,1.3876,1.3815,1.382,9034193.0
2026-05-18 10:00:00,1.3819,1.3828,1.3763,1.3776,17192348.2
2026-05-18 11:00:00,1.3776,1.3959,1.375,1.3895,27151515.3
2026-05-18 12:00:00,1.3896,1.4014,1.3894,1.3979,27190114.7
2026-05-18 13:00:00,1.398,1.3982,1.3757,1.3853,49575347.1
2026-05-18 14:00:00,1.3853,1.3853,1.3713,1.3766,41486865.3
2026-05-18 15:00:00,1.3767,1.3785,1.3678,1.3758,29043192.8
2026-05-18 16:00:00,1.3759,1.3805,1.3697,1.3779,20811169.5
2026-05-18 17:00:00,1.3778,1.3829,1.3759,1.3801,11828405.3
2026-05-18 18:00:00,1.38,1.3803,1.3631,1.3668,27503207.1
2026-05-18 19:00:00,1.3668,1.3903,1.3664,1.3872,34937142.7
2026-05-18 20:00:00,1.3873,1.3916,1.3829,1.384,14289446.7
2026-05-18 21:00:00,1.3839,1.3953,1.3814,1.3925,12693875.5
2026-05-18 22:00:00,1.3925,1.3957,1.3878,1.3918,14920000.1
2026-05-18 23:00:00,1.3917,1.3939,1.3879,1.3895,6621762.9
2026-05-19 00:00:00,1.3895,1.3971,1.3884,1.3924,12617986.7
2026-05-19 01:00:00,1.3923,1.3924,1.3836,1.3838,13779512.0
2026-05-19 02:00:00,1.3837,1.3878,1.3771,1.3788,19688833.1
2026-05-19 03:00:00,1.3787,1.3843,1.3773,1.3829,8872545.4
2026-05-19 04:00:00,1.3828,1.3871,1.3785,1.3864,12683447.8
2026-05-19 05:00:00,1.3865,1.3877,1.3778,1.3823,19249793.7
2026-05-19 06:00:00,1.3823,1.3874,1.381,1.3845,15057777.5
2026-05-19 07:00:00,1.3845,1.3889,1.3824,1.3879,17319898.8
2026-05-19 08:00:00,1.3879,1.3881,1.3794,1.3821,17724667.5
2026-05-19 09:00:00,1.382,1.3832,1.3692,1.374,22605171.3
2026-05-19 10:00:00,1.374,1.3759,1.3673,1.3735,19849904.7
2026-05-19 11:00:00,1.3736,1.3764,1.3683,1.3711,12572973.9
2026-05-19 12:00:00,1.3711,1.3778,1.3696,1.3766,14482331.7
2026-05-19 13:00:00,1.3767,1.3813,1.3701,1.3759,20477599.3
2026-05-19 14:00:00,1.376,1.3791,1.3597,1.3658,39402492.4
2026-05-19 15:00:00,1.3658,1.3724,1.3645,1.3667,15337596.2
2026-05-19 16:00:00,1.3667,1.3732,1.3624,1.372,18075953.2
2026-05-19 17:00:00,1.372,1.3739,1.3614,1.3633,17179241.4
2026-05-19 18:00:00,1.3634,1.3673,1.3604,1.3618,12567782.5
2026-05-19 19:00:00,1.3619,1.366,1.3554,1.3565,25705691.7
2026-05-19 20:00:00,1.3565,1.3598,1.3548,1.3579,13118804.5
2026-05-19 21:00:00,1.358,1.3625,1.3568,1.3591,11420228.8
2026-05-19 22:00:00,1.3591,1.3591,1.3519,1.3572,13851523.7
2026-05-19 23:00:00,1.3572,1.3645,1.356,1.3607,8113381.4
2026-05-20 00:00:00,1.3607,1.363,1.351,1.3551,19933335.5
2026-05-20 01:00:00,1.3552,1.3576,1.3465,1.3545,19247704.6
2026-05-20 02:00:00,1.3546,1.3561,1.3498,1.3513,11010984.9
2026-05-20 03:00:00,1.3514,1.358,1.349,1.3554,8935797.1
2026-05-20 04:00:00,1.3555,1.3594,1.3524,1.3591,8266500.2
2026-05-20 05:00:00,1.3591,1.3694,1.359,1.3673,19881030.6
2026-05-20 06:00:00,1.3673,1.3704,1.366,1.3701,9868960.7
2026-05-20 07:00:00,1.37,1.3732,1.3667,1.3677,9399315.3
2026-05-20 08:00:00,1.3677,1.372,1.3651,1.3696,11667820.0
2026-05-20 09:00:00,1.3697,1.3723,1.3678,1.3693,11893944.2
2026-05-20 10:00:00,1.3693,1.375,1.3689,1.3697,8682092.1
2026-05-20 11:00:00,1.3697,1.3706,1.3636,1.3648,9787053.8
2026-05-20 12:00:00,1.3648,1.375,1.3634,1.3726,9839742.4
2026-05-20 13:00:00,1.3726,1.374,1.3582,1.3635,22772331.6
2026-05-20 14:00:00,1.3636,1.3755,1.3575,1.3724,28037706.3
2026-05-20 15:00:00,1.3724,1.3801,1.3674,1.374,29868502.9
2026-05-20 16:00:00,1.374,1.3768,1.3651,1.3745,18977082.2
2026-05-20 17:00:00,1.3745,1.3798,1.3703,1.3745,19367646.4
2026-05-20 18:00:00,1.3746,1.3752,1.364,1.3665,21658408.6
2026-05-20 19:00:00,1.3665,1.3721,1.3645,1.3717,10834450.2
2026-05-20 20:00:00,1.3716,1.3721,1.3632,1.3691,10755839.2
2026-05-20 21:00:00,1.3692,1.3709,1.3659,1.3661,5476741.0
2026-05-20 22:00:00,1.3662,1.3674,1.3595,1.3651,12890992.4
2026-05-20 23:00:00,1.3651,1.3668,1.362,1.3663,7489536.6
2026-05-21 00:00:00,1.3663,1.3773,1.3657,1.3754,14247824.0
2026-05-21 01:00:00,1.3754,1.381,1.3749,1.3775,11601935.9
2026-05-21 02:00:00,1.3775,1.3859,1.3768,1.3806,12344771.4
2026-05-21 03:00:00,1.3806,1.3842,1.3794,1.3836,8964559.0
2026-05-21 04:00:00,1.3837,1.385,1.3805,1.3814,8707662.2
2026-05-21 05:00:00,1.3815,1.3831,1.3713,1.3741,13373605.9
2026-05-21 06:00:00,1.3742,1.3759,1.3686,1.3703,11991217.7
2026-05-21 07:00:00,1.3703,1.3766,1.369,1.3754,10677063.9
2026-05-21 08:00:00,1.3754,1.3852,1.3754,1.3795,24321464.2
2026-05-21 09:00:00,1.3794,1.3814,1.3731,1.3734,10812473.6
2026-05-21 10:00:00,1.3734,1.3741,1.3627,1.3655,32956197.4
2026-05-21 11:00:00,1.3656,1.3688,1.3624,1.3629,15453773.8
2026-05-21 12:00:00,1.363,1.3659,1.3608,1.3643,16421624.5
2026-05-21 13:00:00,1.3643,1.3678,1.3537,1.3611,43678390.2
2026-05-21 14:00:00,1.3611,1.3632,1.3503,1.3563,27762893.6
2026-05-21 15:00:00,1.3562,1.3653,1.3548,1.3607,17198138.9
2026-05-21 16:00:00,1.3607,1.3645,1.3561,1.3607,15319004.5
2026-05-21 17:00:00,1.3607,1.3858,1.3607,1.3806,53343468.9
2026-05-21 18:00:00,1.3806,1.382,1.3656,1.3706,27154020.7
2026-05-21 19:00:00,1.3706,1.3805,1.37,1.3788,18952545.1
2026-05-21 20:00:00,1.3789,1.3804,1.3754,1.3765,8287195.9
2026-05-21 21:00:00,1.3765,1.3782,1.3748,1.3753,6350649.5
2026-05-21 22:00:00,1.3753,1.3761,1.3702,1.372,8320830.1
2026-05-21 23:00:00,1.372,1.3745,1.3685,1.3733,8911364.4
2026-05-22 00:00:00,1.3733,1.3736,1.3665,1.3674,10428302.1
2026-05-22 01:00:00,1.3674,1.3714,1.3643,1.3702,8204881.4
2026-05-22 02:00:00,1.3703,1.3755,1.369,1.3724,11757215.8
2026-05-22 03:00:00,1.3724,1.3741,1.3702,1.3716,7642203.9
2026-05-22 04:00:00,1.3717,1.3755,1.3675,1.3696,8114374.3
2026-05-22 05:00:00,1.3697,1.3726,1.3667,1.3677,10743419.7
2026-05-22 06:00:00,1.3676,1.3692,1.3591,1.3598,23507455.2
2026-05-22 07:00:00,1.3599,1.3672,1.3561,1.3642,23497881.0
2026-05-22 08:00:00,1.3642,1.3677,1.36,1.3618,16043010.7
2026-05-22 09:00:00,1.3619,1.3644,1.3581,1.3593,10077039.1
2026-05-22 10:00:00,1.3593,1.3613,1.3566,1.359,11799781.9
2026-05-22 11:00:00,1.3591,1.3611,1.354,1.3608,17719513.9
2026-05-22 12:00:00,1.3609,1.3655,1.3596,1.3651,14177374.8
2026-05-22 13:00:00,1.3652,1.3697,1.357,1.3619,29697200.0
2026-05-22 14:00:00,1.362,1.362,1.3488,1.3511,35876670.6
2026-05-22 15:00:00,1.3511,1.3572,1.3464,1.3528,26598409.3
2026-05-22 16:00:00,1.3529,1.3553,1.35,1.3539,11457956.2
2026-05-22 17:00:00,1.354,1.359,1.3502,1.3526,20143577.1
2026-05-22 18:00:00,1.3527,1.3549,1.3327,1.3491,64763018.8
2026-05-22 19:00:00,1.3491,1.3516,1.3339,1.338,42594064.7
2026-05-22 20:00:00,1.338,1.3421,1.3348,1.3411,19642002.0
2026-05-22 21:00:00,1.3412,1.3432,1.3394,1.3418,8871567.5
2026-05-22 22:00:00,1.3418,1.3435,1.3372,1.3399,10387821.3
2026-05-22 23:00:00,1.3399,1.3423,1.3279,1.3338,28044432.5
2026-05-23 00:00:00,1.3338,1.3355,1.3261,1.3338,30315802.5
2026-05-23 01:00:00,1.3339,1.3383,1.3328,1.3366,11108381.6
2026-05-23 02:00:00,1.3366,1.3397,1.3356,1.3391,8186409.2
2026-05-23 03:00:00,1.339,1.342,1.3388,1.3401,7452539.2
2026-05-23 04:00:00,1.3402,1.3404,1.3341,1.3354,6930170.0
2026-05-23 05:00:00,1.3355,1.3358,1.3283,1.3303,15697560.7
2026-05-23 06:00:00,1.3303,1.3348,1.3277,1.3324,19419260.6
2026-05-23 07:00:00,1.3323,1.333,1.2951,1.3113,94310584.9
2026-05-23 08:00:00,1.3113,1.3176,1.3061,1.3101,49409644.6
2026-05-23 09:00:00,1.3101,1.3175,1.3092,1.3163,14537324.5
2026-05-23 10:00:00,1.3164,1.3234,1.316,1.3216,12511573.4
2026-05-23 11:00:00,1.3217,1.3258,1.3206,1.3238,14675584.3
2026-05-23 12:00:00,1.3238,1.3271,1.3234,1.3259,14190253.2
2026-05-23 13:00:00,1.3259,1.3365,1.3258,1.3326,25035969.6
2026-05-23 14:00:00,1.3326,1.341,1.3308,1.339,27621798.8
2026-05-23 15:00:00,1.3391,1.3416,1.3343,1.3349,25997051.1
2026-05-23 16:00:00,1.3349,1.3383,1.3333,1.3371,14209770.4
2026-05-23 17:00:00,1.3371,1.3386,1.3348,1.3377,6591620.5
2026-05-23 18:00:00,1.3377,1.35,1.3375,1.3446,18580878.8
2026-05-23 19:00:00,1.3447,1.3467,1.342,1.3462,7561424.2
2026-05-23 20:00:00,1.3462,1.3712,1.3443,1.371,37462534.1
2026-05-23 21:00:00,1.3709,1.3756,1.352,1.359,28882937.7
2026-05-23 22:00:00,1.3591,1.363,1.3521,1.358,18853553.6
2026-05-23 23:00:00,1.358,1.3607,1.3564,1.3575,8411043.0
2026-05-24 00:00:00,1.3576,1.3629,1.3563,1.3612,10097138.0
2026-05-24 01:00:00,1.3611,1.3625,1.3586,1.3597,7308502.5
2026-05-24 02:00:00,1.3598,1.362,1.3576,1.3605,6580090.2
2026-05-24 03:00:00,1.3604,1.3627,1.3588,1.36,6214255.1
2026-05-24 04:00:00,1.3601,1.3611,1.3584,1.3605,5511734.3
2026-05-24 05:00:00,1.3605,1.3607,1.3542,1.3589,12244723.0
2026-05-24 06:00:00,1.3589,1.3627,1.3567,1.3623,8910395.8
2026-05-24 07:00:00,1.3624,1.3643,1.358,1.3588,9616883.1
2026-05-24 08:00:00,1.3588,1.3607,1.3569,1.3603,6429996.4
2026-05-24 09:00:00,1.3603,1.3661,1.3597,1.3641,13573935.6
2026-05-24 10:00:00,1.364,1.3705,1.3622,1.363,19437874.8
2026-05-24 11:00:00,1.3629,1.3692,1.3616,1.3647,26504711.9
2026-05-24 12:00:00,1.3647,1.3651,1.36,1.3621,13058630.7
2026-05-24 13:00:00,1.3622,1.3631,1.356,1.3584,10733523.8
2026-05-24 14:00:00,1.3583,1.3591,1.3377,1.3492,36902363.2
2026-05-24 15:00:00,1.3492,1.3505,1.3474,1.3477,7634401.4
2026-05-24 16:00:00,1.3478,1.3521,1.3463,1.3503,9258594.8
2026-05-24 17:00:00,1.3503,1.3538,1.35,1.3523,6004287.6
2026-05-24 18:00:00,1.3524,1.3524,1.3468,1.3479,10502083.9
2026-05-24 19:00:00,1.3479,1.35,1.3452,1.3485,5589422.7
2026-05-24 20:00:00,1.3484,1.3489,1.3423,1.3441,8288517.3
2026-05-24 21:00:00,1.3442,1.3465,1.3315,1.335,23042358.6
2026-05-24 22:00:00,1.335,1.3506,1.3349,1.347,22061724.6
2026-05-24 23:00:00,1.347,1.3532,1.347,1.35,9768311.3
2026-05-25 00:00:00,1.35,1.3551,1.35,1.3512,10703231.0
2026-05-25 01:00:00,1.3512,1.3545,1.346,1.3466,10689310.8
2026-05-25 02:00:00,1.3466,1.3563,1.346,1.3463,13335999.4
2026-05-25 03:00:00,1.3464,1.3479,1.3426,1.3462,6180562.7
2026-05-25 04:00:00,1.3462,1.3562,1.3444,1.3547,13815954.4
2026-05-25 05:00:00,1.3547,1.3607,1.3535,1.3576,13715454.8
2026-05-25 06:00:00,1.3577,1.3606,1.3536,1.3577,10307344.1
2026-05-25 07:00:00,1.3577,1.3605,1.352,1.3583,18104294.4
2026-05-25 08:00:00,1.3582,1.3647,1.3555,1.3587,32953202.6
2026-05-25 09:00:00,1.3587,1.3627,1.3564,1.3603,12980888.8
2026-05-25 10:00:00,1.3604,1.3612,1.3586,1.3601,5848031.9
2026-05-25 11:00:00,1.3602,1.3609,1.3566,1.3573,8227446.4
2026-05-25 12:00:00,1.3573,1.3593,1.3558,1.3567,8466094.2
2026-05-25 13:00:00,1.3566,1.3585,1.3546,1.3578,6029181.8
2026-05-25 14:00:00,1.3578,1.3621,1.3571,1.3609,10205386.2
2026-05-25 15:00:00,1.361,1.3653,1.3569,1.3583,12787002.2
2026-05-25 16:00:00,1.3583,1.3634,1.3568,1.3621,6794002.0
2026-05-25 17:00:00,1.3621,1.3635,1.3595,1.3605,8683019.2
2026-05-25 18:00:00,1.3606,1.3627,1.3578,1.3581,4774673.6
2026-05-25 19:00:00,1.358,1.3581,1.3534,1.3562,8080078.9
2026-05-25 20:00:00,1.3561,1.3588,1.3512,1.3537,7372122.6
2026-05-25 21:00:00,1.3536,1.3559,1.3531,1.3539,4650155.6
2026-05-25 22:00:00,1.3539,1.3552,1.3459,1.3481,16867663.9
2026-05-25 23:00:00,1.3481,1.351,1.3463,1.3494,13607633.7
2026-05-26 00:00:00,1.3495,1.3506,1.334,1.3412,28834416.1
2026-05-26 01:00:00,1.3412,1.344,1.3364,1.3387,21143278.4
2026-05-26 02:00:00,1.3387,1.3397,1.335,1.3365,11379868.3
2026-05-26 03:00:00,1.3366,1.3402,1.3334,1.3392,9992500.4
2026-05-26 04:00:00,1.3392,1.3457,1.339,1.3446,10244286.1
2026-05-26 05:00:00,1.3446,1.3501,1.3436,1.3471,8131746.6
2026-05-26 06:00:00,1.3472,1.3491,1.3441,1.3478,6496667.4
2026-05-26 07:00:00,1.3477,1.3483,1.3384,1.3398,12975667.0
2026-05-26 08:00:00,1.3398,1.3434,1.3389,1.34,6428228.3
2026-05-26 09:00:00,1.34,1.3428,1.3387,1.3412,12611558.9
2026-05-26 10:00:00,1.3413,1.359,1.3394,1.3562,25566980.1
2026-05-26 11:00:00,1.3562,1.3572,1.3508,1.3515,17614127.2
2026-05-26 12:00:00,1.3516,1.3553,1.3471,1.3547,15160741.4
2026-05-26 13:00:00,1.3547,1.3597,1.3474,1.3553,19277387.6
2026-05-26 14:00:00,1.3553,1.3651,1.3463,1.3516,38074403.7
2026-05-26 15:00:00,1.3517,1.3533,1.339,1.3443,30484249.1
2026-05-26 16:00:00,1.3443,1.345,1.3375,1.3402,22037589.6
2026-05-26 17:00:00,1.3403,1.3429,1.3264,1.3322,42914023.7
2026-05-26 18:00:00,1.3321,1.338,1.328,1.3293,16011625.7
2026-05-26 19:00:00,1.3293,1.3338,1.3262,1.3316,11093791.4
2026-05-26 20:00:00,1.3317,1.3334,1.3302,1.3327,7353981.2
2026-05-26 21:00:00,1.3326,1.3339,1.3276,1.3307,7586586.1
2026-05-26 22:00:00,1.3308,1.333,1.3279,1.3292,9979970.8
2026-05-26 23:00:00,1.3292,1.331,1.328,1.3283,5410866.5
2026-05-27 00:00:00,1.3284,1.3321,1.3279,1.3315,9541402.6
2026-05-27 01:00:00,1.3316,1.3322,1.3285,1.3296,6604078.1
2026-05-27 02:00:00,1.3297,1.3304,1.3254,1.3304,11134232.1
2026-05-27 03:00:00,1.3304,1.3323,1.3256,1.3268,9305510.0
2026-05-27 04:00:00,1.3269,1.3308,1.3207,1.3302,18592008.0
2026-05-27 05:00:00,1.3302,1.3323,1.3289,1.3306,8639258.4
2026-05-27 06:00:00,1.3307,1.3362,1.3296,1.3351,10460338.1
2026-05-27 07:00:00,1.3352,1.3365,1.3295,1.3312,9792092.9
2026-05-27 08:00:00,1.3312,1.3372,1.3292,1.3347,17464198.3
2026-05-27 09:00:00,1.3348,1.3366,1.3274,1.3285,23059199.3
2026-05-27 10:00:00,1.3285,1.3341,1.3284,1.3298,12651288.5
2026-05-27 11:00:00,1.3298,1.3335,1.3285,1.3292,6592612.4
2026-05-27 12:00:00,1.3291,1.3404,1.3242,1.3315,23884550.1
2026-05-27 13:00:00,1.3314,1.3327,1.3179,1.3233,39384251.8
2026-05-27 14:00:00,1.3234,1.3305,1.3181,1.3299,28645318.7
2026-05-27 15:00:00,1.3298,1.3428,1.3293,1.3358,33596871.9
2026-05-27 16:00:00,1.3359,1.3384,1.3274,1.3315,16006163.2
2026-05-27 17:00:00,1.3315,1.3319,1.3163,1.3197,24856236.4
2026-05-27 18:00:00,1.3197,1.3266,1.3168,1.326,12506334.4
2026-05-27 19:00:00,1.326,1.3334,1.326,1.3301,20796886.9
2026-05-27 20:00:00,1.3302,1.3342,1.3269,1.3302,13152503.3
2026-05-27 21:00:00,1.3302,1.3322,1.3103,1.3154,25024747.6
2026-05-27 22:00:00,1.3154,1.3202,1.3091,1.3101,26461603.1
2026-05-27 23:00:00,1.31,1.3116,1.3026,1.3069,33882885.4
2026-05-28 00:00:00,1.3068,1.3106,1.3054,1.3091,14157737.8
2026-05-28 01:00:00,1.3091,1.3097,1.297,1.3025,31336869.4
2026-05-28 02:00:00,1.3024,1.3052,1.2995,1.3007,15492356.7
2026-05-28 03:00:00,1.3006,1.3029,1.2743,1.2785,89148817.6
2026-05-28 04:00:00,1.2785,1.2837,1.2668,1.2836,67226421.3
2026-05-28 05:00:00,1.2837,1.2851,1.277,1.2827,23019421.0
2026-05-28 06:00:00,1.2827,1.289,1.28,1.2867,17771045.9
2026-05-28 07:00:00,1.2868,1.2927,1.2863,1.2924,19024644.5
2026-05-28 08:00:00,1.2925,1.2928,1.2861,1.2881,12089675.8
2026-05-28 09:00:00,1.2881,1.2931,1.2865,1.2922,9325880.3
2026-05-28 10:00:00,1.2923,1.2955,1.2877,1.2878,16890807.9
2026-05-28 11:00:00,1.2878,1.29,1.2851,1.2871,13428155.8
2026-05-28 12:00:00,1.287,1.2947,1.2832,1.2942,19834843.5
2026-05-28 13:00:00,1.2943,1.299,1.2888,1.2959,33118902.8
2026-05-28 14:00:00,1.2958,1.31,1.2854,1.3013,54938415.3
2026-05-28 15:00:00,1.3013,1.3141,1.2938,1.3115,29013341.9
2026-05-28 16:00:00,1.3115,1.3285,1.3058,1.3227,38978957.8
2026-05-28 17:00:00,1.3228,1.3294,1.3181,1.3254,22957568.8
2026-05-28 18:00:00,1.3253,1.3379,1.3247,1.3338,24728010.6
2026-05-28 19:00:00,1.3338,1.3338,1.315,1.3155,25634974.2
2026-05-28 20:00:00,1.3154,1.3242,1.3103,1.3199,20128762.8
2026-05-28 21:00:00,1.3199,1.3228,1.3162,1.3194,9277673.2
2026-05-28 22:00:00,1.3193,1.3213,1.3116,1.3138,13375400.6
2026-05-28 23:00:00,1.3138,1.318,1.313,1.3146,8425582.0
2026-05-29 00:00:00,1.3147,1.3199,1.3136,1.3144,12835834.5
2026-05-29 01:00:00,1.3144,1.3169,1.3078,1.3097,13228171.6
2026-05-29 02:00:00,1.3097,1.3113,1.3034,1.3038,13684053.1
2026-05-29 03:00:00,1.3039,1.3145,1.3039,1.3117,17146166.5
2026-05-29 04:00:00,1.3117,1.3125,1.3022,1.3102,15441199.8
2026-05-29 05:00:00,1.3102,1.3149,1.3081,1.3145,16164925.6
2026-05-29 06:00:00,1.3144,1.3205,1.3135,1.3154,17712797.2
2026-05-29 07:00:00,1.3155,1.3188,1.309,1.3163,20112166.8
2026-05-29 08:00:00,1.3162,1.323,1.316,1.3207,19269183.7
2026-05-29 09:00:00,1.3207,1.3268,1.3195,1.3229,16362934.5
2026-05-29 10:00:00,1.3229,1.3232,1.3167,1.3181,11470295.5
2026-05-29 11:00:00,1.318,1.3183,1.3065,1.3109,21041155.5
2026-05-29 12:00:00,1.311,1.312,1.3021,1.304,27037201.1
2026-05-29 13:00:00,1.304,1.3052,1.297,1.3022,32758813.5
2026-05-29 14:00:00,1.3021,1.3079,1.2935,1.3068,56388552.4
2026-05-29 15:00:00,1.3069,1.3335,1.3041,1.322,66693363.8
2026-05-29 16:00:00,1.3221,1.3303,1.3157,1.3266,36282169.7
2026-05-29 17:00:00,1.3266,1.3322,1.3231,1.3243,24220289.2
2026-05-29 18:00:00,1.3242,1.3297,1.3158,1.3182,25005925.1
2026-05-29 19:00:00,1.3181,1.323,1.3102,1.3203,23287660.9
2026-05-29 20:00:00,1.3204,1.3248,1.3196,1.3221,10394657.1
2026-05-29 21:00:00,1.3221,1.3264,1.3156,1.3156,12492928.4
2026-05-29 22:00:00,1.3157,1.3205,1.3137,1.3201,11319353.9
2026-05-29 23:00:00,1.3202,1.3303,1.3192,1.329,16174059.8
2026-05-30 00:00:00,1.329,1.3493,1.327,1.3478,34586312.0
2026-05-30 01:00:00,1.3479,1.3654,1.3433,1.356,61668229.0
2026-05-30 02:00:00,1.356,1.3631,1.3542,1.3597,28068607.8
2026-05-30 03:00:00,1.3596,1.3618,1.3495,1.3499,22511750.5
2026-05-30 04:00:00,1.35,1.3524,1.3365,1.3431,35041964.3
2026-05-30 05:00:00,1.3432,1.3502,1.3414,1.348,19783682.2
2026-05-30 06:00:00,1.348,1.3489,1.3419,1.3449,12945964.2
2026-05-30 07:00:00,1.3449,1.3454,1.3396,1.3421,12656059.1
2026-05-30 08:00:00,1.3421,1.3422,1.3393,1.34,6179492.5
2026-05-30 09:00:00,1.34,1.345,1.3387,1.3438,10769490.6
2026-05-30 10:00:00,1.3439,1.344,1.34,1.3418,6487831.3
2026-05-30 11:00:00,1.3418,1.3438,1.3362,1.34,18744319.4
2026-05-30 12:00:00,1.3401,1.3418,1.3362,1.3389,10905014.6
2026-05-30 13:00:00,1.3389,1.3411,1.3365,1.3404,9122780.1
2026-05-30 14:00:00,1.3405,1.3464,1.3388,1.3421,15439001.3
2026-05-30 15:00:00,1.3421,1.345,1.3393,1.3417,9306509.3
2026-05-30 16:00:00,1.3418,1.3478,1.3406,1.3472,12442999.3
2026-05-30 17:00:00,1.3472,1.3528,1.3438,1.3517,12708482.1
2026-05-30 18:00:00,1.3517,1.3534,1.3481,1.3512,8865793.9
2026-05-30 19:00:00,1.3513,1.3513,1.3451,1.3471,12037002.0
2026-05-30 20:00:00,1.3472,1.3491,1.3459,1.3473,5419029.9
2026-05-30 21:00:00,1.3474,1.3513,1.3462,1.3495,5800776.6
2026-05-30 22:00:00,1.3495,1.3495,1.3371,1.3419,17021636.2
2026-05-30 23:00:00,1.3418,1.3432,1.3379,1.3402,6727819.4
2026-05-31 00:00:00,1.3401,1.3412,1.3371,1.3396,11264341.1
2026-05-31 01:00:00,1.3396,1.3434,1.3394,1.341,8845639.9
2026-05-31 02:00:00,1.341,1.3455,1.3354,1.3415,16304792.2
2026-05-31 03:00:00,1.3416,1.3448,1.3407,1.3441,7696145.4
2026-05-31 04:00:00,1.3441,1.3462,1.3422,1.3453,5596581.2
2026-05-31 05:00:00,1.3454,1.3454,1.3417,1.3424,4783879.5
2026-05-31 06:00:00,1.3425,1.3425,1.3393,1.3393,7039396.3
2026-05-31 07:00:00,1.3394,1.3394,1.3321,1.3347,15949039.9
2026-05-31 08:00:00,1.3347,1.339,1.3343,1.3378,10104668.8
2026-05-31 09:00:00,1.3379,1.3422,1.3357,1.3385,8808056.9
2026-05-31 10:00:00,1.3384,1.3388,1.3334,1.3363,8946967.1
2026-05-31 11:00:00,1.3364,1.3427,1.3363,1.3412,11189132.2
2026-05-31 12:00:00,1.3412,1.3433,1.3383,1.3416,10004963.5
2026-05-31 13:00:00,1.3416,1.3476,1.3408,1.3418,14705464.1
2026-05-31 14:00:00,1.3419,1.3432,1.3262,1.3296,51708851.9
2026-05-31 15:00:00,1.3296,1.3342,1.3283,1.3299,12298280.6
2026-05-31 16:00:00,1.3299,1.3321,1.318,1.3272,45733211.3
2026-05-31 17:00:00,1.3272,1.3315,1.3271,1.3304,8443393.6
2026-05-31 18:00:00,1.3304,1.3305,1.3252,1.3268,7551898.6
2026-05-31 19:00:00,1.3268,1.3275,1.3201,1.3257,9547493.7
2026-05-31 20:00:00,1.3257,1.3308,1.3257,1.3301,7177019.1
2026-05-31 21:00:00,1.3301,1.3344,1.3286,1.3338,7909983.6
2026-05-31 22:00:00,1.3338,1.3396,1.3307,1.3367,13965740.2
2026-05-31 23:00:00,1.3366,1.342,1.3272,1.3327,19653992.9
2026-06-01 00:00:00,1.3326,1.3406,1.3304,1.3373,20612673.1
2026-06-01 01:00:00,1.3374,1.3386,1.321,1.3211,19829325.2
2026-06-01 02:00:00,1.321,1.3347,1.3183,1.3303,22609595.3
2026-06-01 03:00:00,1.3303,1.3355,1.3292,1.3304,12358714.9
2026-06-01 04:00:00,1.3305,1.3329,1.3162,1.3217,22779634.2
2026-06-01 05:00:00,1.3217,1.3224,1.3146,1.316,13203164.1
2026-06-01 06:00:00,1.3159,1.3166,1.3085,1.3135,22202045.0
2026-06-01 07:00:00,1.3134,1.3142,1.3024,1.303,22994904.0
2026-06-01 08:00:00,1.3029,1.3071,1.298,1.3023,24814152.9
2026-06-01 09:00:00,1.3023,1.309,1.3023,1.3039,19560413.0
2026-06-01 10:00:00,1.304,1.3069,1.3009,1.3053,11957909.8
2026-06-01 11:00:00,1.3053,1.3073,1.3002,1.303,13287667.2
2026-06-01 12:00:00,1.303,1.3059,1.2953,1.3019,27063161.3
2026-06-01 13:00:00,1.302,1.3024,1.2846,1.2897,63851467.6
2026-06-01 14:00:00,1.2897,1.292,1.2811,1.2852,46973374.2
2026-06-01 15:00:00,1.2851,1.2895,1.2781,1.2813,41311855.1
2026-06-01 16:00:00,1.2813,1.2934,1.2788,1.2929,34060207.1
2026-06-01 17:00:00,1.2929,1.3044,1.2924,1.2997,28233808.4
2026-06-01 18:00:00,1.2996,1.3026,1.2943,1.2956,16945511.1
2026-06-01 19:00:00,1.2956,1.3009,1.2935,1.2992,12586739.8
2026-06-01 20:00:00,1.2992,1.3,1.2951,1.2984,10277591.9
2026-06-01 21:00:00,1.2983,1.2984,1.2906,1.2913,12983815.6
2026-06-01 22:00:00,1.2913,1.3007,1.2862,1.2998,22338707.5
2026-06-01 23:00:00,1.2998,1.3005,1.2923,1.2967,11777491.6
2026-06-02 00:00:00,1.2966,1.2968,1.2877,1.2885,14434597.1
2026-06-02 01:00:00,1.2885,1.2902,1.2784,1.2791,22205852.4
2026-06-02 02:00:00,1.279,1.2844,1.2672,1.2839,38652962.0
2026-06-02 03:00:00,1.2838,1.2883,1.2813,1.2875,12884878.4
2026-06-02 04:00:00,1.2874,1.2893,1.2794,1.2796,17821444.0
2026-06-02 05:00:00,1.2795,1.2804,1.2646,1.267,34559606.9
2026-06-02 06:00:00,1.267,1.2717,1.2619,1.265,30713831.2
2026-06-02 07:00:00,1.265,1.2715,1.2574,1.2673,33344313.4
2026-06-02 08:00:00,1.2673,1.2687,1.2615,1.2641,16065217.6
2026-06-02 09:00:00,1.264,1.2646,1.2566,1.2591,24171575.9
2026-06-02 10:00:00,1.2591,1.2675,1.2568,1.2664,14856917.2
2026-06-02 11:00:00,1.2664,1.2664,1.2586,1.2602,11420267.8
2026-06-02 12:00:00,1.2603,1.2655,1.2582,1.2633,14114637.5
2026-06-02 13:00:00,1.2633,1.2686,1.2593,1.2609,22068294.4
2026-06-02 14:00:00,1.2609,1.2613,1.2265,1.2344,126332730.3
2026-06-02 15:00:00,1.2344,1.2366,1.2162,1.2213,89994475.3
2026-06-02 16:00:00,1.2212,1.2425,1.2191,1.2317,45704269.1
2026-06-02 17:00:00,1.2318,1.243,1.2307,1.2357,22434240.7
2026-06-02 18:00:00,1.2357,1.2397,1.2174,1.2234,27978304.2
2026-06-02 19:00:00,1.2234,1.23,1.2055,1.2208,61968560.9
2026-06-02 20:00:00,1.2209,1.227,1.2121,1.2224,27356847.1
2026-06-02 21:00:00,1.2223,1.2315,1.2192,1.2256,17567328.6
2026-06-02 22:00:00,1.2255,1.2255,1.1926,1.2002,61826622.4
2026-06-02 23:00:00,1.2002,1.212,1.1964,1.211,36092363.4
2026-06-03 00:00:00,1.2111,1.2249,1.2111,1.2235,26330300.2
2026-06-03 01:00:00,1.2235,1.2312,1.2175,1.2229,21260693.8
2026-06-03 02:00:00,1.2229,1.2235,1.2164,1.2199,11277640.7
2026-06-03 03:00:00,1.2198,1.2224,1.1886,1.1973,47278983.2
2026-06-03 04:00:00,1.1973,1.2183,1.1969,1.2178,32108933.9
2026-06-03 05:00:00,1.2178,1.2342,1.2178,1.2316,35846758.0
2026-06-03 06:00:00,1.2316,1.2458,1.2309,1.2383,34968581.4
2026-06-03 07:00:00,1.2382,1.2485,1.2369,1.2426,17128039.4
2026-06-03 08:00:00,1.2425,1.2453,1.2381,1.242,12754564.1
2026-06-03 09:00:00,1.2419,1.2447,1.2347,1.2378,23792870.7
2026-06-03 10:00:00,1.2379,1.2442,1.2374,1.2413,12811456.9
2026-06-03 11:00:00,1.2412,1.2444,1.2335,1.2366,15929835.2
2026-06-03 12:00:00,1.2366,1.2373,1.2306,1.2352,16401101.8
2026-06-03 13:00:00,1.2351,1.2373,1.2254,1.2307,22615755.3
2026-06-03 14:00:00,1.2307,1.2333,1.2215,1.2303,22878206.2
2026-06-03 15:00:00,1.2303,1.2314,1.2201,1.2247,27896300.1
2026-06-03 16:00:00,1.2246,1.2281,1.2082,1.2221,41328740.8
2026-06-03 17:00:00,1.2222,1.2282,1.2125,1.2207,23907577.9
2026-06-03 18:00:00,1.2207,1.2241,1.2122,1.2179,15767905.7
2026-06-03 19:00:00,1.2178,1.2189,1.201,1.2033,34604941.4
2026-06-03 20:00:00,1.2033,1.2074,1.1858,1.193,52290168.7
2026-06-03 21:00:00,1.193,1.2197,1.1907,1.2179,25834320.2
2026-06-03 22:00:00,1.2178,1.2199,1.2035,1.2058,21759000.7
2026-06-03 23:00:00,1.2057,1.207,1.1973,1.2005,17349381.3
2026-06-04 00:00:00,1.2005,1.2073,1.186,1.1929,46172946.9
2026-06-04 01:00:00,1.1929,1.1959,1.1557,1.1608,85240583.8
2026-06-04 02:00:00,1.1607,1.1863,1.1407,1.1806,94781027.7
2026-06-04 03:00:00,1.1807,1.2106,1.1806,1.2084,47573651.4
2026-06-04 04:00:00,1.2084,1.2114,1.1996,1.201,32602231.4
2026-06-04 05:00:00,1.201,1.201,1.1835,1.1873,34756438.3
2026-06-04 06:00:00,1.1873,1.1997,1.1859,1.1887,16789985.3
2026-06-04 07:00:00,1.1887,1.1895,1.1668,1.1672,30065832.2
2026-06-04 08:00:00,1.1671,1.1716,1.1604,1.1672,29936718.6
2026-06-04 09:00:00,1.1672,1.1677,1.1443,1.161,51734818.1
2026-06-04 10:00:00,1.161,1.1617,1.1413,1.1475,47177047.3
2026-06-04 11:00:00,1.1475,1.158,1.1407,1.155,31946516.8
2026-06-04 12:00:00,1.155,1.1818,1.1495,1.1792,41412215.0
2026-06-04 13:00:00,1.1791,1.1832,1.1622,1.1787,43022308.9
2026-06-04 14:00:00,1.1788,1.1825,1.1671,1.1723,26197793.8
2026-06-04 15:00:00,1.1722,1.1821,1.1652,1.1681,24638511.6
2026-06-04 16:00:00,1.1681,1.1728,1.1598,1.1694,17393838.3
2026-06-04 17:00:00,1.1693,1.1749,1.1587,1.1691,21996129.1
2026-06-04 18:00:00,1.169,1.1826,1.1624,1.1786,28117777.7
2026-06-04 19:00:00,1.1787,1.1841,1.1722,1.1746,25043920.9
2026-06-04 20:00:00,1.1745,1.1774,1.1658,1.1751,16756381.0
2026-06-04 21:00:00,1.1751,1.1781,1.1556,1.1582,21399545.7
2026-06-04 22:00:00,1.1582,1.1694,1.1536,1.1686,28213283.3
2026-06-04 23:00:00,1.1686,1.1715,1.1577,1.1679,20030086.3
2026-06-05 00:00:00,1.1679,1.1742,1.16,1.1607,18801553.0
2026-06-05 01:00:00,1.1607,1.1614,1.1503,1.1566,29970461.6
2026-06-05 02:00:00,1.1565,1.1576,1.1336,1.1345,43954890.8
2026-06-05 03:00:00,1.1345,1.1471,1.1322,1.1338,28243531.2
2026-06-05 04:00:00,1.1338,1.1485,1.1297,1.1471,46894001.5
2026-06-05 05:00:00,1.1471,1.1485,1.119,1.12,52028864.5
2026-06-05 06:00:00,1.1201,1.1258,1.0905,1.1182,124616154.8
2026-06-05 07:00:00,1.1182,1.1383,1.104,1.1356,56622701.8
2026-06-05 08:00:00,1.1356,1.1358,1.1159,1.1187,28565778.8
2026-06-05 09:00:00,1.1187,1.14,1.1183,1.1398,48792004.1
2026-06-05 10:00:00,1.1398,1.1456,1.1303,1.1355,21286324.1
2026-06-05 11:00:00,1.1355,1.1355,1.1176,1.1184,41003520.9
2026-06-05 12:00:00,1.1184,1.1255,1.1092,1.1192,43689917.3
2026-06-05 13:00:00,1.1193,1.1374,1.1008,1.1017,81078158.0
2026-06-05 14:00:00,1.1017,1.1179,1.0969,1.1063,65856268.9
2026-06-05 15:00:00,1.1063,1.1092,1.0917,1.0993,65401754.2
2026-06-05 16:00:00,1.0993,1.123,1.0835,1.1197,97200780.8
2026-06-05 17:00:00,1.1197,1.1216,1.0997,1.1082,32651523.8
2026-06-05 18:00:00,1.1082,1.113,1.0796,1.083,57065142.8
2026-06-05 19:00:00,1.0831,1.1036,1.0686,1.0981,73984429.4
2026-06-05 20:00:00,1.098,1.1179,1.0846,1.1146,57124580.2
2026-06-05 21:00:00,1.1145,1.1197,1.1107,1.1111,24945867.7
2026-06-05 22:00:00,1.1111,1.1113,1.096,1.1055,37360077.6
2026-06-05 23:00:00,1.1055,1.1151,1.0864,1.097,41583749.7
2026-06-06 00:00:00,1.097,1.1121,1.097,1.1104,29736776.4
2026-06-06 01:00:00,1.1104,1.1136,1.0995,1.1004,19412594.7
2026-06-06 02:00:00,1.1004,1.1026,1.0907,1.0949,21324127.1
2026-06-06 03:00:00,1.0949,1.0951,1.0829,1.0853,33495559.3
2026-06-06 04:00:00,1.0852,1.0897,1.0511,1.0574,84455947.3
2026-06-06 05:00:00,1.0574,1.0908,1.049,1.0889,77621421.5
2026-06-06 06:00:00,1.0889,1.1006,1.0802,1.0821,55669159.6
2026-06-06 07:00:00,1.0821,1.1,1.0809,1.0919,29350401.2
2026-06-06 08:00:00,1.0918,1.1037,1.0894,1.0984,25837297.0
2026-06-06 09:00:00,1.0984,1.1026,1.0882,1.091,20828248.7
2026-06-06 10:00:00,1.0911,1.0911,1.0718,1.0797,38504086.7
2026-06-06 11:00:00,1.0796,1.0887,1.0788,1.087,15475090.6
2026-06-06 12:00:00,1.087,1.0983,1.0802,1.0955,28476596.0
2026-06-06 13:00:00,1.0955,1.1021,1.0913,1.0977,21520534.8
2026-06-06 14:00:00,1.0977,1.1094,1.097,1.1024,33675056.4
2026-06-06 15:00:00,1.1025,1.1036,1.086,1.0955,40659998.6
2026-06-06 16:00:00,1.0954,1.1009,1.087,1.0948,33385964.2
2026-06-06 17:00:00,1.0949,1.0973,1.0796,1.082,33398951.9
2026-06-06 18:00:00,1.082,1.0889,1.0783,1.0841,20182155.2
2026-06-06 19:00:00,1.084,1.0892,1.0795,1.0799,12576461.8
2026-06-06 20:00:00,1.0799,1.0851,1.077,1.0843,14850644.9
2026-06-06 21:00:00,1.0843,1.0962,1.084,1.0872,20874542.0
2026-06-06 22:00:00,1.0872,1.0891,1.0809,1.0857,12866886.0
2026-06-06 23:00:00,1.0858,1.0943,1.0853,1.0926,8777755.1
2026-06-07 00:00:00,1.0927,1.0972,1.0884,1.0884,13283252.6
2026-06-07 01:00:00,1.0885,1.1194,1.0878,1.1155,50011156.0
2026-06-07 02:00:00,1.1155,1.1227,1.1064,1.1184,26801455.6
2026-06-07 03:00:00,1.1184,1.1239,1.1144,1.1176,20887560.9
2026-06-07 04:00:00,1.1176,1.1215,1.1096,1.1208,18903295.9
2026-06-07 05:00:00,1.1207,1.1259,1.1182,1.1192,18491467.9
2026-06-07 06:00:00,1.1193,1.1288,1.1152,1.125,22420863.4
2026-06-07 07:00:00,1.1249,1.1364,1.1218,1.1363,23554472.6
2026-06-07 08:00:00,1.1363,1.1571,1.1293,1.1548,38073462.3
2026-06-07 09:00:00,1.1548,1.1704,1.145,1.1453,67061717.3
2026-06-07 10:00:00,1.1453,1.1467,1.1318,1.1345,27110032.7
2026-06-07 11:00:00,1.1345,1.1405,1.1321,1.1394,21595786.1
2026-06-07 12:00:00,1.1395,1.1399,1.1175,1.1229,49686127.7
2026-06-07 13:00:00,1.1228,1.1245,1.1201,1.1215,12381468.0
2026-06-07 14:00:00,1.1216,1.1365,1.1214,1.1325,24625969.0
2026-06-07 15:00:00,1.1325,1.1363,1.1278,1.1334,15888427.8
2026-06-07 16:00:00,1.1333,1.1387,1.13,1.1373,12111695.8
2026-06-07 17:00:00,1.1373,1.1453,1.1356,1.1435,16896457.7
2026-06-07 18:00:00,1.1435,1.1504,1.14,1.1405,15752619.7
2026-06-07 19:00:00,1.1406,1.1406,1.1195,1.124,47038333.0
2026-06-07 20:00:00,1.1239,1.1358,1.1208,1.1316,17667409.4
2026-06-07 21:00:00,1.1316,1.1336,1.1249,1.1297,8329167.1
2026-06-07 22:00:00,1.1298,1.1713,1.1276,1.1529,75960005.2
2026-06-07 23:00:00,1.1529,1.1598,1.15,1.1548,23808085.3
2026-06-08 00:00:00,1.1548,1.1671,1.1481,1.1625,32690363.1
2026-06-08 01:00:00,1.1626,1.1644,1.1416,1.1566,29624751.0
2026-06-08 02:00:00,1.1566,1.1613,1.1516,1.1558,19459143.6
2026-06-08 03:00:00,1.1557,1.1606,1.1485,1.1513,13632466.9
2026-06-08 04:00:00,1.1513,1.1522,1.1387,1.1397,23252421.5
2026-06-08 05:00:00,1.1397,1.1428,1.1311,1.136,24223897.0
2026-06-08 06:00:00,1.136,1.1429,1.1354,1.1403,14256561.4
2026-06-08 07:00:00,1.1403,1.1502,1.1373,1.1473,13870330.4
2026-06-08 08:00:00,1.1472,1.1473,1.1356,1.1392,12282597.6
2026-06-08 09:00:00,1.1391,1.1495,1.139,1.1494,16694236.8
2026-06-08 10:00:00,1.1494,1.1519,1.1426,1.1444,16255978.2
2026-06-08 11:00:00,1.1444,1.1647,1.1424,1.1571,27882173.4
2026-06-08 12:00:00,1.1572,1.1697,1.1457,1.1693,37576713.6
2026-06-08 13:00:00,1.1694,1.17,1.1549,1.1616,34722289.7
2026-06-08 14:00:00,1.1617,1.1747,1.1563,1.1722,31452856.0
2026-06-08 15:00:00,1.1722,1.1844,1.1684,1.1704,37354384.4
2026-06-08 16:00:00,1.1704,1.1768,1.1635,1.164,20573810.5
2026-06-08 17:00:00,1.164,1.1722,1.1573,1.1719,24293341.7
2026-06-08 18:00:00,1.1719,1.1793,1.1706,1.1738,19123611.3
2026-06-08 19:00:00,1.1739,1.1861,1.1729,1.1793,30504769.1
2026-06-08 20:00:00,1.1793,1.181,1.1682,1.1767,19990021.7
2026-06-08 21:00:00,1.1767,1.1859,1.1767,1.1799,18932202.5
2026-06-08 22:00:00,1.1799,1.1799,1.1711,1.1769,19358025.9
2026-06-08 23:00:00,1.1769,1.1811,1.1657,1.1677,17090685.1
2026-06-09 00:00:00,1.1677,1.1708,1.1512,1.1522,42536449.5
2026-06-09 01:00:00,1.1521,1.1567,1.1487,1.1504,18407051.1
2026-06-09 02:00:00,1.1504,1.154,1.1425,1.1521,16609995.6
2026-06-09 03:00:00,1.1521,1.1557,1.15,1.1542,10968598.7
2026-06-09 04:00:00,1.1542,1.1721,1.1502,1.1659,29893916.0
2026-06-09 05:00:00,1.1659,1.1759,1.1617,1.1726,19445933.4
2026-06-09 06:00:00,1.1726,1.1763,1.1706,1.1721,16903454.3
2026-06-09 07:00:00,1.1721,1.176,1.1658,1.1707,13752097.2
2026-06-09 08:00:00,1.1708,1.1719,1.164,1.1669,14404789.5
2026-06-09 09:00:00,1.1669,1.1699,1.158,1.1591,16548434.2
2026-06-09 10:00:00,1.1592,1.1606,1.1542,1.1585,16394352.8
2026-06-09 11:00:00,1.1584,1.1587,1.152,1.1547,12726224.8
2026-06-09 12:00:00,1.1548,1.1633,1.1539,1.1624,18408777.2
2026-06-09 13:00:00,1.1624,1.1659,1.1535,1.157,25488128.8
2026-06-09 14:00:00,1.157,1.1595,1.1298,1.1365,80948751.5
2026-06-09 15:00:00,1.1365,1.1416,1.1263,1.1271,52660126.3
2026-06-09 16:00:00,1.127,1.1313,1.1181,1.1273,48482677.9
2026-06-09 17:00:00,1.1274,1.1465,1.1273,1.1376,35223268.9
2026-06-09 18:00:00,1.1376,1.1457,1.1351,1.1383,17016296.7
2026-06-09 19:00:00,1.1382,1.1447,1.1353,1.1396,21876101.7
2026-06-09 20:00:00,1.1395,1.145,1.1383,1.1433,12037349.5
2026-06-09 21:00:00,1.1433,1.1441,1.1342,1.1365,14740510.2
2026-06-09 22:00:00,1.1364,1.1409,1.1333,1.135,13406164.0
2026-06-09 23:00:00,1.1349,1.1388,1.1333,1.1367,9884796.4
2026-06-10 00:00:00,1.1368,1.1405,1.1265,1.1364,18541624.9
2026-06-10 01:00:00,1.1364,1.1369,1.1268,1.1287,14448827.8
2026-06-10 02:00:00,1.1287,1.1308,1.1131,1.1168,29782379.0
2026-06-10 03:00:00,1.1169,1.1233,1.1161,1.1187,10894529.6
2026-06-10 04:00:00,1.1187,1.1219,1.1127,1.1154,12879944.5
2026-06-10 05:00:00,1.1155,1.117,1.1088,1.1116,14854019.0
2026-06-10 06:00:00,1.1117,1.1145,1.106,1.1113,16789534.8
2026-06-10 07:00:00,1.1112,1.1193,1.1111,1.1161,15790664.1
2026-06-10 08:00:00,1.116,1.1162,1.1034,1.1069,27730959.9
2026-06-10 09:00:00,1.107,1.1099,1.1002,1.1092,22821326.4
2026-06-10 10:00:00,1.1092,1.111,1.1048,1.1103,11727109.2
2026-06-10 11:00:00,1.1104,1.1107,1.1012,1.1038,29147415.3
2026-06-10 12:00:00,1.1038,1.124,1.1017,1.1173,43085747.2
2026-06-10 13:00:00,1.1173,1.1369,1.1153,1.1294,46307801.9
2026-06-10 14:00:00,1.1295,1.13,1.1173,1.1241,30631403.9
2026-06-10 15:00:00,1.1242,1.1331,1.1176,1.1281,35744735.3
2026-06-10 16:00:00,1.1281,1.1296,1.1074,1.1134,38268327.8
2026-06-10 17:00:00,1.1134,1.1178,1.1031,1.1096,26757953.3
2026-06-10 18:00:00,1.1095,1.1107,1.0978,1.1066,33117739.2
2026-06-10 19:00:00,1.1066,1.1067,1.095,1.0974,27263694.3
2026-06-10 20:00:00,1.0973,1.1032,1.0931,1.0987,18702145.4
2026-06-10 21:00:00,1.0986,1.0987,1.0873,1.0919,23071115.9
2026-06-10 22:00:00,1.0919,1.0993,1.0897,1.094,23061795.1
2026-06-10 23:00:00,1.094,1.0989,1.0888,1.0962,17066046.5
2026-06-11 00:00:00,1.0962,1.1035,1.0958,1.1014,16737417.8
2026-06-11 01:00:00,1.1013,1.1192,1.1012,1.115,28803301.8
2026-06-11 02:00:00,1.1151,1.1173,1.1043,1.1086,21690593.0
2026-06-11 03:00:00,1.1086,1.1235,1.1051,1.1192,24233917.0
2026-06-11 04:00:00,1.1192,1.1209,1.1141,1.1192,15193238.8
2026-06-11 05:00:00,1.1192,1.1192,1.1138,1.1142,8794866.7
2026-06-11 06:00:00,1.1142,1.1205,1.1114,1.1143,13931440.0
2026-06-11 07:00:00,1.1143,1.1169,1.1111,1.1147,8098463.8
2026-06-11 08:00:00,1.1147,1.1231,1.1147,1.1206,13827642.9
2026-06-11 09:00:00,1.1205,1.1213,1.1158,1.1166,11064525.4
2026-06-11 10:00:00,1.1166,1.1249,1.114,1.1211,24654598.1
2026-06-11 11:00:00,1.1211,1.1255,1.1182,1.1215,15292720.9
2026-06-11 12:00:00,1.1216,1.1216,1.1082,1.1131,35391367.8
2026-06-11 13:00:00,1.1131,1.1198,1.1073,1.1159,20487734.0
2026-06-11 14:00:00,1.116,1.1184,1.1101,1.1124,13955426.2
2026-06-11 15:00:00,1.1125,1.1175,1.1063,1.1125,23254711.0
2026-06-11 16:00:00,1.1125,1.1149,1.1058,1.1075,16285438.4
2026-06-11 17:00:00,1.1074,1.1446,1.1034,1.1389,76934032.2
2026-06-11 18:00:00,1.1388,1.1457,1.1333,1.1372,39044154.7
2026-06-11 19:00:00,1.1372,1.1496,1.1335,1.1429,29525002.8
2026-06-11 20:00:00,1.143,1.1437,1.1314,1.1353,23809195.7
2026-06-11 21:00:00,1.1353,1.1423,1.1346,1.1405,11299234.8
2026-06-11 22:00:00,1.1406,1.1462,1.1393,1.1425,12588030.7
2026-06-11 23:00:00,1.1425,1.1437,1.1381,1.142,10793246.7
2026-06-12 00:00:00,1.142,1.1446,1.1383,1.1417,9344948.1
2026-06-12 01:00:00,1.1417,1.1417,1.1351,1.1392,8771189.4
2026-06-12 02:00:00,1.1392,1.1495,1.1392,1.1455,14504141.7
2026-06-12 03:00:00,1.1455,1.1459,1.1399,1.1436,12168298.8
2026-06-12 04:00:00,1.1436,1.1506,1.1415,1.1457,13164308.4
2026-06-12 05:00:00,1.1457,1.1461,1.1382,1.1392,13070086.4
2026-06-12 06:00:00,1.1392,1.1408,1.1269,1.1294,23354315.5
2026-06-12 07:00:00,1.1295,1.1357,1.1293,1.1329,12693848.8
2026-06-12 08:00:00,1.133,1.1444,1.133,1.1421,16534301.1
2026-06-12 09:00:00,1.142,1.1514,1.1389,1.1462,16374843.4
2026-06-12 10:00:00,1.1462,1.1485,1.1397,1.1426,13354793.3
2026-06-12 11:00:00,1.1426,1.1448,1.1398,1.1408,7998505.3
2026-06-12 12:00:00,1.1408,1.1418,1.1336,1.1353,14578696.6
2026-06-12 13:00:00,1.1354,1.1368,1.1252,1.1295,28283273.2
2026-06-12 14:00:00,1.1296,1.1504,1.1284,1.1481,35284829.9
2026-06-12 15:00:00,1.1482,1.1572,1.1267,1.1281,55331806.6
2026-06-12 16:00:00,1.128,1.1362,1.1255,1.1351,28368457.9
2026-06-12 17:00:00,1.1352,1.1384,1.1297,1.1316,12098903.7
2026-06-12 18:00:00,1.1317,1.1342,1.1271,1.1297,10264597.8
2026-06-12 19:00:00,1.1296,1.1363,1.1294,1.1308,10861721.4
2026-06-12 20:00:00,1.1307,1.1346,1.1293,1.1323,8473498.1
2026-06-12 21:00:00,1.1323,1.1345,1.1292,1.1292,5060034.8
2026-06-12 22:00:00,1.1293,1.1319,1.1276,1.1302,6043009.8
2026-06-12 23:00:00,1.1301,1.1325,1.1277,1.1318,5208898.5
2026-06-13 00:00:00,1.1318,1.1352,1.1307,1.1338,5233069.4
2026-06-13 01:00:00,1.1339,1.1404,1.1338,1.1392,9337825.2
2026-06-13 02:00:00,1.1391,1.1393,1.1325,1.1339,6570655.6
2026-06-13 03:00:00,1.1339,1.1365,1.13,1.133,6334083.4
2026-06-13 04:00:00,1.133,1.1364,1.1321,1.1326,4608877.6
2026-06-13 05:00:00,1.1327,1.1332,1.1291,1.132,5556938.4
2026-06-13 06:00:00,1.1319,1.1379,1.1305,1.1367,6824438.1
2026-06-13 07:00:00,1.1368,1.1441,1.1343,1.1409,19380307.9
2026-06-13 08:00:00,1.1409,1.1459,1.1398,1.1426,11854338.4
2026-06-13 09:00:00,1.1426,1.1447,1.1414,1.1426,5521814.8
2026-06-13 10:00:00,1.1426,1.1457,1.1417,1.144,6627041.3
2026-06-13 11:00:00,1.1439,1.149,1.1435,1.1477,10834283.8
2026-06-13 12:00:00,1.1478,1.1554,1.1461,1.1533,10763854.6
2026-06-13 13:00:00,1.1534,1.154,1.1495,1.1506,12065203.2
2026-06-13 14:00:00,1.1505,1.157,1.1504,1.1546,9456335.0
2026-06-13 15:00:00,1.1546,1.1606,1.1516,1.156,17772756.0
2026-06-13 16:00:00,1.156,1.1563,1.1431,1.1466,26284811.8
2026-06-13 17:00:00,1.1467,1.1487,1.1422,1.1436,13525679.1
2026-06-13 18:00:00,1.1436,1.1475,1.1432,1.1454,8536938.9
2026-06-13 19:00:00,1.1454,1.1482,1.1438,1.1468,6248658.8
2026-06-13 20:00:00,1.1468,1.1469,1.1443,1.1462,4196032.0
2026-06-13 21:00:00,1.1462,1.156,1.1444,1.1522,10485965.8
2026-06-13 22:00:00,1.1523,1.1526,1.1486,1.1494,7498218.8
2026-06-13 23:00:00,1.1495,1.1525,1.1483,1.1499,4339251.2
2026-06-14 00:00:00,1.15,1.1504,1.1476,1.1487,5115785.1
2026-06-14 01:00:00,1.1487,1.1561,1.1478,1.1513,8443062.1
2026-06-14 02:00:00,1.1513,1.1554,1.1504,1.1511,5111640.1
2026-06-14 03:00:00,1.1511,1.1539,1.1499,1.153,4922149.1
2026-06-14 04:00:00,1.153,1.1537,1.146,1.1475,7269024.1
2026-06-14 05:00:00,1.1476,1.1504,1.1436,1.1474,9006995.3
2026-06-14 06:00:00,1.1475,1.1529,1.1451,1.146,13273063.3
2026-06-14 07:00:00,1.146,1.1462,1.1416,1.1455,11553726.7
2026-06-14 08:00:00,1.1456,1.1473,1.1436,1.1446,6216666.9
2026-06-14 09:00:00,1.1446,1.1488,1.1402,1.1481,9422823.3
2026-06-14 10:00:00,1.1481,1.1484,1.1424,1.1425,6047288.2
2026-06-14 11:00:00,1.1426,1.1452,1.1411,1.1432,6691852.1
2026-06-14 12:00:00,1.1433,1.1438,1.1367,1.1369,11503669.8
2026-06-14 13:00:00,1.1369,1.139,1.1325,1.1344,15934016.3
2026-06-14 14:00:00,1.1344,1.1365,1.1259,1.131,22308778.3
2026-06-14 15:00:00,1.1311,1.1354,1.1309,1.1343,8517933.3
2026-06-14 16:00:00,1.1342,1.1387,1.1337,1.1361,9098380.7
2026-06-14 17:00:00,1.1361,1.1384,1.1319,1.1324,10233624.5
2026-06-14 18:00:00,1.1324,1.1349,1.1299,1.1319,7820982.0
2026-06-14 19:00:00,1.1318,1.1348,1.13,1.1324,5236856.9
2026-06-14 20:00:00,1.1324,1.1397,1.131,1.1374,8112411.5
2026-06-14 21:00:00,1.1375,1.1752,1.1372,1.1676,58038662.7
2026-06-14 22:00:00,1.1677,1.177,1.1619,1.1732,46606743.1
2026-06-14 23:00:00,1.1732,1.1872,1.168,1.1852,34854716.0
2026-06-15 00:00:00,1.1852,1.188,1.1802,1.1842,24122758.2
2026-06-15 01:00:00,1.1842,1.1914,1.1772,1.1818,21468884.4
2026-06-15 02:00:00,1.1818,1.1932,1.1797,1.1818,17360955.5
2026-06-15 03:00:00,1.1819,1.1906,1.1804,1.1865,12807528.0
2026-06-15 04:00:00,1.1864,1.188,1.1818,1.1834,7969112.9
2026-06-15 05:00:00,1.1833,1.1876,1.1809,1.1834,9628874.2
2026-06-15 06:00:00,1.1835,1.1868,1.1808,1.1822,11124970.2
2026-06-15 07:00:00,1.1823,1.1862,1.1793,1.1806,10817121.6
2026-06-15 08:00:00,1.1806,1.1829,1.1783,1.1803,9068912.7
2026-06-15 09:00:00,1.1803,1.1875,1.1784,1.1846,16260244.2
2026-06-15 10:00:00,1.1847,1.1994,1.1834,1.1989,25320192.6
2026-06-15 11:00:00,1.1989,1.2325,1.1948,1.2315,84263945.1
2026-06-15 12:00:00,1.2315,1.2476,1.2255,1.2379,61344099.2
2026-06-15 13:00:00,1.2379,1.2493,1.233,1.2393,62603433.6
2026-06-15 14:00:00,1.2393,1.2471,1.2336,1.2438,32858601.8
2026-06-15 15:00:00,1.2437,1.2697,1.2436,1.268,65636784.1
2026-06-15 16:00:00,1.2679,1.293,1.2573,1.2792,76049361.3
2026-06-15 17:00:00,1.2792,1.2868,1.2686,1.2815,48474199.3
2026-06-15 18:00:00,1.2815,1.2881,1.2737,1.2811,24327737.5
2026-06-15 19:00:00,1.2812,1.2912,1.2664,1.2753,54600746.2
2026-06-15 20:00:00,1.2753,1.2779,1.2623,1.2638,26528903.6
2026-06-15 21:00:00,1.2637,1.2645,1.2481,1.2494,30966103.1
2026-06-15 22:00:00,1.2495,1.2548,1.2372,1.2396,33911199.8
2026-06-15 23:00:00,1.2396,1.2419,1.2326,1.2373,19612091.5
2026-06-16 00:00:00,1.2374,1.2422,1.2322,1.2341,18941077.7
2026-06-16 01:00:00,1.234,1.2377,1.2275,1.228,14616790.3
2026-06-16 02:00:00,1.2281,1.2285,1.2134,1.2174,27824096.1
2026-06-16 03:00:00,1.2173,1.227,1.2158,1.2266,18865509.3
2026-06-16 04:00:00,1.2266,1.2295,1.2201,1.2218,12545706.3
2026-06-16 05:00:00,1.2218,1.2271,1.2218,1.2246,11771027.3
2026-06-16 06:00:00,1.2246,1.2362,1.2246,1.2348,20764927.5
2026-06-16 07:00:00,1.2349,1.2381,1.2294,1.2346,14956586.6
2026-06-16 08:00:00,1.2345,1.2515,1.2323,1.2471,26911159.4
2026-06-16 09:00:00,1.247,1.2471,1.2361,1.238,18339289.7
2026-06-16 10:00:00,1.238,1.2427,1.2358,1.239,14069909.9
2026-06-16 11:00:00,1.2389,1.2417,1.2321,1.2374,14570888.1
2026-06-16 12:00:00,1.2373,1.2551,1.236,1.2438,28219930.9
2026-06-16 13:00:00,1.2438,1.2452,1.2237,1.2251,43178469.4
2026-06-16 14:00:00,1.2252,1.2297,1.2046,1.2091,55334376.0
2026-06-16 15:00:00,1.2091,1.2172,1.2065,1.2092,26262469.5
2026-06-16 16:00:00,1.2093,1.2141,1.2079,1.2125,14709004.1
2026-06-16 17:00:00,1.2125,1.2216,1.2111,1.2204,23363188.4
2026-06-16 18:00:00,1.2205,1.2303,1.22,1.2261,19237698.2
2026-06-16 19:00:00,1.2261,1.2261,1.2165,1.2198,19246221.0
2026-06-16 20:00:00,1.2198,1.2239,1.2153,1.2225,14238135.9
2026-06-16 21:00:00,1.2225,1.2253,1.2147,1.2194,14444869.9
2026-06-16 22:00:00,1.2193,1.2215,1.2153,1.2212,14812715.9
2026-06-16 23:00:00,1.2213,1.2235,1.2145,1.2166,9635591.2
2026-06-17 00:00:00,1.2167,1.2194,1.213,1.2145,8556393.3
2026-06-17 01:00:00,1.2146,1.2224,1.2076,1.2212,15860813.7
2026-06-17 02:00:00,1.2212,1.2278,1.2148,1.2185,15169869.6
2026-06-17 03:00:00,1.2186,1.2188,1.2118,1.2156,9811682.2
2026-06-17 04:00:00,1.2156,1.2208,1.2136,1.2164,7815720.9
2026-06-17 05:00:00,1.2165,1.2222,1.2135,1.2174,7115956.8
2026-06-17 06:00:00,1.2174,1.2199,1.2089,1.2112,13296216.5
2026-06-17 07:00:00,1.2113,1.2153,1.2046,1.2088,17617957.2
2026-06-17 08:00:00,1.2089,1.2101,1.1942,1.1957,28008407.2
2026-06-17 09:00:00,1.1958,1.1987,1.1937,1.1971,13678690.9
2026-06-17 10:00:00,1.1972,1.1983,1.1938,1.1957,11401162.1
2026-06-17 11:00:00,1.1957,1.197,1.187,1.1923,28060428.8
2026-06-17 12:00:00,1.1924,1.1979,1.1885,1.1969,19406570.2
2026-06-17 13:00:00,1.1969,1.2065,1.1958,1.2003,27508391.8
2026-06-17 14:00:00,1.2002,1.2034,1.1879,1.1945,27264779.9
2026-06-17 15:00:00,1.1945,1.213,1.1926,1.2128,24888734.1
2026-06-17 16:00:00,1.2128,1.2247,1.2109,1.212,27816845.5
2026-06-17 17:00:00,1.212,1.2185,1.2078,1.2175,15985810.2
2026-06-17 18:00:00,1.2175,1.2189,1.1924,1.2081,62033361.6
2026-06-17 19:00:00,1.2081,1.2123,1.1765,1.18,73264137.8
2026-06-17 20:00:00,1.1801,1.1905,1.1771,1.1895,21040391.4
2026-06-17 21:00:00,1.1896,1.19,1.1782,1.1815,12616140.3
2026-06-17 22:00:00,1.1814,1.1883,1.1705,1.1836,20205116.8
2026-06-17 23:00:00,1.1836,1.1884,1.1832,1.1859,7205306.3
2026-06-18 00:00:00,1.186,1.1907,1.1852,1.1865,8897319.2
2026-06-18 01:00:00,1.1864,1.1915,1.1843,1.1881,15745863.3
2026-06-18 02:00:00,1.1881,1.1904,1.1878,1.1889,10949875.9
2026-06-18 03:00:00,1.1888,1.1891,1.1774,1.1781,13314432.3
2026-06-18 04:00:00,1.178,1.1786,1.1664,1.1688,26871840.1
2026-06-18 05:00:00,1.1688,1.1688,1.1621,1.1671,24444475.4
2026-06-18 06:00:00,1.167,1.171,1.1631,1.1701,30069701.5
2026-06-18 07:00:00,1.1702,1.1808,1.1678,1.1781,35514831.0
2026-06-18 08:00:00,1.1782,1.1811,1.1759,1.1778,24514881.9
2026-06-18 09:00:00,1.1778,1.1819,1.1757,1.1781,10965272.3
2026-06-18 10:00:00,1.1781,1.1782,1.1668,1.1686,27730815.0
2026-06-18 11:00:00,1.1686,1.1706,1.1608,1.1641,21422383.7
2026-06-18 12:00:00,1.164,1.1702,1.1627,1.1682,14925412.4
2026-06-18 13:00:00,1.1683,1.172,1.1547,1.1604,37394355.4
2026-06-18 14:00:00,1.1605,1.1694,1.1551,1.1592,25178141.0
2026-06-18 15:00:00,1.1593,1.1599,1.1322,1.1374,89062090.0
2026-06-18 16:00:00,1.1373,1.1477,1.1363,1.1468,29094767.3
2026-06-18 17:00:00,1.1469,1.1482,1.1371,1.1425,23963220.7
2026-06-18 18:00:00,1.1424,1.1463,1.1357,1.1378,18379431.4
2026-06-18 19:00:00,1.1378,1.146,1.1348,1.1432,19198528.0
2026-06-18 20:00:00,1.1433,1.1544,1.1431,1.1518,21456107.2
2026-06-18 21:00:00,1.1517,1.1518,1.1418,1.1444,9897902.6
2026-06-18 22:00:00,1.1444,1.1478,1.1416,1.1467,12999838.4
2026-06-18 23:00:00,1.1467,1.1473,1.1423,1.146,5847543.6
2026-06-19 00:00:00,1.146,1.1496,1.1429,1.1483,10114325.3
2026-06-19 01:00:00,1.1484,1.1518,1.144,1.1508,10691222.0
2026-06-19 02:00:00,1.1508,1.1525,1.1445,1.1479,6249142.5
2026-06-19 03:00:00,1.148,1.1496,1.1356,1.1387,27696300.0
2026-06-19 04:00:00,1.1386,1.1399,1.1248,1.1268,30074979.0
2026-06-19 05:00:00,1.1268,1.1332,1.1267,1.133,12599049.3
2026-06-19 06:00:00,1.1329,1.1358,1.1276,1.1337,9362277.7
2026-06-19 07:00:00,1.1336,1.1337,1.1202,1.1249,27233672.0
2026-06-19 08:00:00,1.1248,1.1306,1.1237,1.1262,15703198.1
2026-06-19 09:00:00,1.1262,1.1278,1.1216,1.1243,11539870.5
2026-06-19 10:00:00,1.1243,1.1266,1.1205,1.1247,11922964.2
2026-06-19 11:00:00,1.1246,1.1286,1.1215,1.1266,10232680.7
2026-06-19 12:00:00,1.1266,1.1315,1.1184,1.1305,21762883.1
2026-06-19 13:00:00,1.1305,1.1433,1.1281,1.1389,27761214.0
2026-06-19 14:00:00,1.1389,1.1411,1.1331,1.136,17736521.6
2026-06-19 15:00:00,1.1359,1.1376,1.132,1.1363,11581543.7
2026-06-19 16:00:00,1.1362,1.1385,1.1284,1.1296,14676664.7
2026-06-19 17:00:00,1.1296,1.1383,1.1277,1.1355,11416612.2
2026-06-19 18:00:00,1.1354,1.1356,1.1289,1.132,8840316.2
2026-06-19 19:00:00,1.132,1.1334,1.1275,1.1309,7984335.1
2026-06-19 20:00:00,1.131,1.1348,1.1266,1.1341,9892318.5
2026-06-19 21:00:00,1.1341,1.1342,1.1284,1.1294,4586039.9
2026-06-19 22:00:00,1.1295,1.1354,1.1289,1.1336,5506797.6
2026-06-19 23:00:00,1.1336,1.138,1.1321,1.1351,7716458.3
2026-06-20 00:00:00,1.1352,1.1423,1.1346,1.1367,14310132.2
2026-06-20 01:00:00,1.1366,1.1417,1.1358,1.1411,6793511.7
2026-06-20 02:00:00,1.1412,1.1415,1.1355,1.1385,8506530.9
2026-06-20 03:00:00,1.1385,1.1403,1.1369,1.1392,4320108.3
2026-06-20 04:00:00,1.1393,1.145,1.1381,1.1437,13945962.0
2026-06-20 05:00:00,1.1438,1.1543,1.1422,1.1472,19919854.1
2026-06-20 06:00:00,1.1472,1.1508,1.1467,1.1491,9595856.2
2026-06-20 07:00:00,1.1491,1.1495,1.1444,1.1467,8692964.9
2026-06-20 08:00:00,1.1467,1.1471,1.1438,1.1463,7429190.3
2026-06-20 09:00:00,1.1464,1.1524,1.1463,1.1516,8032800.3
2026-06-20 10:00:00,1.1516,1.1517,1.1469,1.1487,7058333.4
2026-06-20 11:00:00,1.1488,1.1496,1.1458,1.1466,5349804.5
2026-06-20 12:00:00,1.1467,1.1491,1.1442,1.1454,6669797.9
2026-06-20 13:00:00,1.1454,1.1467,1.1374,1.1405,14686241.9
2026-06-20 14:00:00,1.1405,1.1517,1.1336,1.1456,25143793.5
2026-06-20 15:00:00,1.1456,1.155,1.1439,1.1501,21276748.8
2026-06-20 16:00:00,1.1502,1.1502,1.1434,1.1483,9612002.2
2026-06-20 17:00:00,1.1483,1.1483,1.1379,1.1427,12341023.5
2026-06-20 18:00:00,1.1427,1.1456,1.1405,1.1411,6544991.4
2026-06-20 19:00:00,1.141,1.1438,1.1389,1.1432,6318580.8
2026-06-20 20:00:00,1.1432,1.1458,1.1429,1.1446,4943972.4
2026-06-20 21:00:00,1.1447,1.149,1.1439,1.1467,6076334.6
2026-06-20 22:00:00,1.1467,1.155,1.1461,1.1519,13162460.3
2026-06-20 23:00:00,1.152,1.1538,1.149,1.1494,7123522.1
2026-06-21 00:00:00,1.1495,1.15,1.1475,1.1486,6431897.1
2026-06-21 01:00:00,1.1486,1.1494,1.146,1.1491,5443649.9
2026-06-21 02:00:00,1.149,1.1495,1.1463,1.1467,4216576.4
2026-06-21 03:00:00,1.1467,1.151,1.1456,1.149,7467863.9
2026-06-21 04:00:00,1.149,1.1516,1.1442,1.1448,8656056.1
2026-06-21 05:00:00,1.1448,1.1457,1.1423,1.1439,7444715.6
2026-06-21 06:00:00,1.1438,1.1471,1.1433,1.1466,4805627.7
2026-06-21 07:00:00,1.1465,1.1498,1.1456,1.1468,7327561.6
2026-06-21 08:00:00,1.1468,1.1472,1.1404,1.144,9107917.8
2026-06-21 09:00:00,1.144,1.1498,1.1433,1.1486,8011283.3
2026-06-21 10:00:00,1.1485,1.1529,1.1474,1.1479,11632277.8
2026-06-21 11:00:00,1.1479,1.1499,1.141,1.142,16642075.3
2026-06-21 12:00:00,1.1419,1.1441,1.1391,1.1437,16607200.5
2026-06-21 13:00:00,1.1437,1.1464,1.141,1.1444,9075575.5
2026-06-21 14:00:00,1.1445,1.147,1.1412,1.147,6847005.0
2026-06-21 15:00:00,1.147,1.1512,1.1465,1.1492,13102863.8
2026-06-21 16:00:00,1.1491,1.1491,1.1415,1.1443,14384105.2
2026-06-21 17:00:00,1.1443,1.1466,1.1403,1.1419,11706619.7
2026-06-21 18:00:00,1.1419,1.1461,1.1382,1.1449,11275648.7
2026-06-21 19:00:00,1.145,1.1475,1.1439,1.1449,6619290.3
2026-06-21 20:00:00,1.1449,1.1466,1.1358,1.1388,14974986.8
2026-06-21 21:00:00,1.1389,1.1392,1.1193,1.1342,49273456.0
2026-06-21 22:00:00,1.1342,1.1367,1.1266,1.1312,18133708.3
2026-06-21 23:00:00,1.1312,1.1314,1.1229,1.1243,21940380.5
2026-06-22 00:00:00,1.1243,1.1402,1.1243,1.1387,20864409.1
2026-06-22 01:00:00,1.1387,1.1518,1.1336,1.1446,33764475.0
2026-06-22 02:00:00,1.1447,1.1457,1.1356,1.1356,14470365.8
2026-06-22 03:00:00,1.1357,1.138,1.1274,1.1294,17828756.1
2026-06-22 04:00:00,1.1295,1.1338,1.1285,1.1335,11197348.2
2026-06-22 05:00:00,1.1336,1.1381,1.1331,1.1349,9491699.7
2026-06-22 06:00:00,1.1348,1.1373,1.1286,1.1306,9250601.1
2026-06-22 07:00:00,1.1307,1.1395,1.1299,1.1368,21714365.6
2026-06-22 08:00:00,1.1368,1.1376,1.1315,1.1343,12007117.9
2026-06-22 09:00:00,1.1343,1.1371,1.1321,1.1341,9247141.1
2026-06-22 10:00:00,1.1342,1.1385,1.1338,1.1368,7272881.7
2026-06-22 11:00:00,1.1369,1.1495,1.1358,1.1474,23130142.0
2026-06-22 12:00:00,1.1473,1.1587,1.1456,1.1571,29435499.8
2026-06-22 13:00:00,1.1571,1.1634,1.1517,1.1631,34601012.3
2026-06-22 14:00:00,1.1631,1.1632,1.1395,1.1423,45648151.3
2026-06-22 15:00:00,1.1424,1.1474,1.137,1.1391,22871754.5
2026-06-22 16:00:00,1.1391,1.1425,1.1343,1.138,19644200.8
2026-06-22 17:00:00,1.1379,1.1397,1.1319,1.1387,13812039.2
2026-06-22 18:00:00,1.1387,1.1433,1.1313,1.1323,17866007.8
2026-06-22 19:00:00,1.1323,1.1349,1.1292,1.1339,19802037.0
2026-06-22 20:00:00,1.1339,1.137,1.1288,1.1312,11534825.5
2026-06-22 21:00:00,1.1313,1.1326,1.1252,1.1308,9227363.5
2026-06-22 22:00:00,1.1308,1.1338,1.1206,1.1268,21927129.7
2026-06-22 23:00:00,1.1267,1.13,1.1255,1.1288,8113978.1
2026-06-23 00:00:00,1.1287,1.1315,1.1258,1.1306,11619380.0
2026-06-23 01:00:00,1.1306,1.1333,1.1213,1.1282,15893326.2
2026-06-23 02:00:00,1.1282,1.13,1.1246,1.1291,5191137.8
2026-06-23 03:00:00,1.1291,1.1292,1.1251,1.1269,7968294.1
2026-06-23 04:00:00,1.1268,1.1274,1.116,1.117,21734313.0
2026-06-23 05:00:00,1.1169,1.1189,1.1131,1.1152,21749586.7
2026-06-23 06:00:00,1.1152,1.1158,1.1068,1.1125,55523296.2
2026-06-23 07:00:00,1.1125,1.1167,1.1121,1.1123,11599687.4
2026-06-23 08:00:00,1.1122,1.1149,1.0936,1.0997,65508829.2
2026-06-23 09:00:00,1.0997,1.1049,1.0997,1.1032,14325634.3
2026-06-23 10:00:00,1.1032,1.1071,1.1008,1.1036,16693556.1
2026-06-23 11:00:00,1.1037,1.11,1.1035,1.1087,16101313.4
2026-06-23 12:00:00,1.1088,1.1091,1.0989,1.1003,19583576.9
2026-06-23 13:00:00,1.1004,1.1056,1.0957,1.1022,41486189.6
2026-06-23 14:00:00,1.1021,1.1078,1.0997,1.1008,27465644.0
2026-06-23 15:00:00,1.1009,1.1009,1.0911,1.0985,31424114.4
2026-06-23 16:00:00,1.0985,1.1037,1.0965,1.1003,20083897.1
2026-06-23 17:00:00,1.1003,1.1043,1.0957,1.0972,13337527.6
2026-06-23 18:00:00,1.0972,1.1012,1.0951,1.0981,11506801.1
2026-06-23 19:00:00,1.0982,1.1045,1.0964,1.1015,15825066.6
2026-06-23 20:00:00,1.1014,1.1049,1.1014,1.1037,7487445.3
2026-06-23 21:00:00,1.1038,1.1063,1.1027,1.1042,5732732.6
2026-06-23 22:00:00,1.1043,1.1122,1.1041,1.1083,14849544.7
2026-06-23 23:00:00,1.1083,1.1114,1.1053,1.1094,6642596.7
2026-06-24 00:00:00,1.1093,1.1128,1.108,1.1106,17164078.1
2026-06-24 01:00:00,1.1106,1.1135,1.1067,1.1083,9917242.4
2026-06-24 02:00:00,1.1083,1.1091,1.1043,1.1051,11679220.6
2026-06-24 03:00:00,1.1051,1.1057,1.0984,1.1033,11895114.9
2026-06-24 04:00:00,1.1033,1.1036,1.0936,1.1012,19404112.7
2026-06-24 05:00:00,1.1012,1.1065,1.1008,1.1046,7583159.6
2026-06-24 06:00:00,1.1046,1.1062,1.1018,1.102,6041533.4
2026-06-24 07:00:00,1.102,1.1024,1.0964,1.0982,7880456.7
2026-06-24 08:00:00,1.0982,1.1031,1.0973,1.1017,9306128.8
2026-06-24 09:00:00,1.1017,1.1018,1.0965,1.0979,7825829.3
2026-06-24 10:00:00,1.0979,1.0982,1.0833,1.0859,48324215.8
2026-06-24 11:00:00,1.0859,1.102,1.0812,1.0953,27984871.0
2026-06-24 12:00:00,1.0953,1.0954,1.0894,1.0896,14472199.6
2026-06-24 13:00:00,1.0897,1.0904,1.0742,1.0753,63429582.8
2026-06-24 14:00:00,1.0753,1.0818,1.0726,1.0749,30321457.4
2026-06-24 15:00:00,1.0749,1.075,1.0558,1.0578,61001406.5
2026-06-24 16:00:00,1.0578,1.0667,1.0506,1.056,61724953.9
2026-06-24 17:00:00,1.0561,1.0603,1.0451,1.0503,63753763.3
2026-06-24 18:00:00,1.0503,1.0699,1.0485,1.0595,34012263.6
2026-06-24 19:00:00,1.0595,1.0614,1.0522,1.0567,30063291.3
2026-06-24 20:00:00,1.0568,1.0781,1.0536,1.0739,40347521.3
2026-06-24 21:00:00,1.074,1.0767,1.0664,1.0756,16932906.0
2026-06-24 22:00:00,1.0757,1.08,1.0693,1.0707,13728744.2
2026-06-24 23:00:00,1.0708,1.0755,1.0691,1.0729,8495466.7
2026-06-25 00:00:00,1.0729,1.0765,1.0713,1.0734,13682881.3
2026-06-25 01:00:00,1.0734,1.0775,1.0721,1.0748,14331986.5
2026-06-25 02:00:00,1.0749,1.077,1.0686,1.071,12793145.6
2026-06-25 03:00:00,1.0711,1.0732,1.0683,1.0715,8507468.9
2026-06-25 04:00:00,1.0715,1.084,1.0692,1.0797,16296015.6
2026-06-25 05:00:00,1.0797,1.0879,1.0781,1.0841,18784890.5
2026-06-25 06:00:00,1.0841,1.0891,1.0832,1.0875,13181049.2
2026-06-25 07:00:00,1.0874,1.0879,1.0838,1.0865,9402661.1
2026-06-25 08:00:00,1.0864,1.0865,1.0819,1.0826,7903011.4
2026-06-25 09:00:00,1.0826,1.0833,1.0795,1.081,8316486.8
2026-06-25 10:00:00,1.081,1.0815,1.0723,1.0732,18278946.0
2026-06-25 11:00:00,1.0732,1.074,1.0671,1.0713,18826914.0
2026-06-25 12:00:00,1.0713,1.0794,1.0665,1.0742,27289468.9
2026-06-25 13:00:00,1.0743,1.076,1.0113,1.0146,135917224.1
2026-06-25 14:00:00,1.0146,1.0489,1.0144,1.0327,114374562.4
2026-06-25 15:00:00,1.0328,1.0369,1.0228,1.0342,33360259.5
2026-06-25 16:00:00,1.0342,1.044,1.0257,1.0299,29862720.9
2026-06-25 17:00:00,1.03,1.0454,1.0294,1.0454,22574159.7
2026-06-25 18:00:00,1.0453,1.0472,1.0328,1.0339,22047589.3
2026-06-25 19:00:00,1.0339,1.0343,1.0275,1.0339,16405538.8
2026-06-25 20:00:00,1.0338,1.0397,1.0308,1.0327,12423639.5
2026-06-25 21:00:00,1.0326,1.0432,1.0322,1.0431,12692573.5
2026-06-25 22:00:00,1.0432,1.0438,1.0379,1.0403,10765932.6
2026-06-25 23:00:00,1.0403,1.0481,1.0367,1.043,16894640.4
2026-06-26 00:00:00,1.043,1.0457,1.0399,1.0406,11790322.5
2026-06-26 01:00:00,1.0405,1.0423,1.0283,1.0315,16092032.9
2026-06-26 02:00:00,1.0314,1.0319,1.0107,1.0138,65412812.8
2026-06-26 03:00:00,1.0138,1.0354,1.0081,1.0338,55527123.4
2026-06-26 04:00:00,1.0338,1.0352,1.0265,1.0277,16932764.3
2026-06-26 05:00:00,1.0276,1.0349,1.0263,1.0328,18917816.5
2026-06-26 06:00:00,1.0327,1.0456,1.0291,1.0439,24235771.7
2026-06-26 07:00:00,1.0439,1.0524,1.0435,1.0492,36126302.7
2026-06-26 08:00:00,1.0493,1.0506,1.0368,1.0389,24074634.9
2026-06-26 09:00:00,1.0389,1.039,1.0282,1.031,18161554.3
2026-06-26 10:00:00,1.031,1.0335,1.0252,1.027,13959506.2
2026-06-26 11:00:00,1.0271,1.0308,1.0191,1.0221,17656235.8
2026-06-26 12:00:00,1.022,1.0335,1.0155,1.0192,31443759.1
2026-06-26 13:00:00,1.0192,1.0387,1.0106,1.0385,53395106.3
2026-06-26 14:00:00,1.0384,1.0476,1.0338,1.0359,81708221.3
2026-06-26 15:00:00,1.036,1.0488,1.0341,1.0444,31800779.4
2026-06-26 16:00:00,1.0445,1.0533,1.0393,1.0441,28821053.0
2026-06-26 17:00:00,1.0441,1.0507,1.0437,1.0469,14692772.7
2026-06-26 18:00:00,1.0469,1.0494,1.0389,1.0402,15031370.3
2026-06-26 19:00:00,1.0401,1.0532,1.0385,1.047,27056393.7
2026-06-26 20:00:00,1.047,1.0554,1.0425,1.0441,24217260.7
2026-06-26 21:00:00,1.044,1.0465,1.0398,1.0417,11161207.5
2026-06-26 22:00:00,1.0417,1.0476,1.0373,1.0474,8709384.4
2026-06-26 23:00:00,1.0473,1.0493,1.0448,1.0483,7018950.2
2026-06-27 00:00:00,1.0483,1.0518,1.0434,1.0472,12888256.6
2026-06-27 01:00:00,1.0472,1.0519,1.0453,1.0515,8839410.4
2026-06-27 02:00:00,1.0515,1.0663,1.0504,1.061,29867292.4
2026-06-27 03:00:00,1.0611,1.0621,1.0558,1.0582,12767586.6
2026-06-27 04:00:00,1.0583,1.0634,1.0583,1.0594,9584190.0
2026-06-27 05:00:00,1.0595,1.06,1.0523,1.0572,10827613.5
2026-06-27 06:00:00,1.0572,1.0609,1.0534,1.0591,10519648.2
2026-06-27 07:00:00,1.0592,1.0618,1.0571,1.0595,9485841.1
2026-06-27 08:00:00,1.0596,1.0597,1.0546,1.0565,7561115.1
2026-06-27 09:00:00,1.0565,1.0579,1.0536,1.0575,6143720.3
2026-06-27 10:00:00,1.0575,1.0591,1.0559,1.0587,5920310.6
2026-06-27 11:00:00,1.0587,1.0599,1.0536,1.0587,8058680.2
2026-06-27 12:00:00,1.0586,1.0611,1.0568,1.0602,5819969.9
2026-06-27 13:00:00,1.0602,1.0644,1.0593,1.064,12503295.2
2026-06-27 14:00:00,1.064,1.0684,1.0623,1.0681,14374249.4
2026-06-27 15:00:00,1.0681,1.0754,1.0674,1.0745,21875712.4
2026-06-27 16:00:00,1.0745,1.0767,1.0686,1.0696,19684530.0
2026-06-27 17:00:00,1.0696,1.0701,1.0596,1.0599,23820920.3
2026-06-27 18:00:00,1.0598,1.0602,1.0562,1.0582,11254345.5
2026-06-27 19:00:00,1.0583,1.0595,1.0517,1.0539,17362937.3
2026-06-27 20:00:00,1.0538,1.0561,1.0534,1.0545,6683547.4
2026-06-27 21:00:00,1.0545,1.0572,1.0507,1.0526,9924084.6
2026-06-27 22:00:00,1.0525,1.0534,1.0445,1.053,16395032.5
2026-06-27 23:00:00,1.053,1.0549,1.0464,1.0469,11428731.0
2026-06-28 00:00:00,1.0469,1.0507,1.0464,1.0493,10872276.7
2026-06-28 01:00:00,1.0493,1.0507,1.0452,1.0504,9032688.6
2026-06-28 02:00:00,1.0504,1.0527,1.0446,1.0457,10933981.0
2026-06-28 03:00:00,1.0457,1.0503,1.0457,1.0492,7845380.2
2026-06-28 04:00:00,1.0493,1.0499,1.0456,1.048,7006090.8
2026-06-28 05:00:00,1.0479,1.048,1.0418,1.047,12342034.0
2026-06-28 06:00:00,1.047,1.0481,1.0412,1.0442,10393396.7
2026-06-28 07:00:00,1.0442,1.051,1.0441,1.0503,13614629.8
2026-06-28 08:00:00,1.0504,1.0583,1.0496,1.0538,15093969.6
2026-06-28 09:00:00,1.0538,1.0547,1.0477,1.0491,11099459.8
2026-06-28 10:00:00,1.0492,1.0506,1.0451,1.0479,8748191.3
2026-06-28 11:00:00,1.048,1.0529,1.046,1.052,7982455.8
2026-06-28 12:00:00,1.052,1.0554,1.0483,1.0513,9198601.6
2026-06-28 13:00:00,1.0513,1.052,1.0454,1.0488,10125983.3
2026-06-28 14:00:00,1.0489,1.0569,1.0481,1.0518,12910434.1
2026-06-28 15:00:00,1.0518,1.057,1.0491,1.0519,11132483.9
2026-06-28 16:00:00,1.0519,1.0528,1.0432,1.0466,15521795.5
2026-06-28 17:00:00,1.0465,1.0491,1.0404,1.0466,12867471.1
2026-06-28 18:00:00,1.0465,1.048,1.0425,1.0461,6371596.7
2026-06-28 19:00:00,1.046,1.0487,1.0386,1.0438,13915006.0
2026-06-28 20:00:00,1.0438,1.0498,1.0432,1.0463,8618499.3
2026-06-28 21:00:00,1.0463,1.0463,1.0374,1.0403,10371804.5
2026-06-28 22:00:00,1.0403,1.0517,1.0324,1.0374,29086651.7
2026-06-28 23:00:00,1.0373,1.0518,1.0364,1.048,17917009.1
2026-06-29 00:00:00,1.048,1.0488,1.033,1.047,23581855.8
2026-06-29 01:00:00,1.047,1.0481,1.0387,1.0428,11004625.6
2026-06-29 02:00:00,1.0429,1.048,1.0313,1.046,23994548.6
2026-06-29 03:00:00,1.046,1.0555,1.0456,1.0502,18787783.3
2026-06-29 04:00:00,1.0502,1.0503,1.0413,1.0428,8864728.7
2026-06-29 05:00:00,1.0429,1.0481,1.0351,1.048,19630243.8
2026-06-29 06:00:00,1.0481,1.0544,1.0471,1.0489,24420413.1
2026-06-29 07:00:00,1.049,1.052,1.0451,1.0487,8881447.2
2026-06-29 08:00:00,1.0486,1.0505,1.0413,1.0434,14479657.6
2026-06-29 09:00:00,1.0434,1.05,1.0428,1.0489,10738363.3
2026-06-29 10:00:00,1.0489,1.0551,1.0489,1.0515,15901494.7
2026-06-29 11:00:00,1.0514,1.0609,1.0473,1.053,21922771.9
2026-06-29 12:00:00,1.053,1.0658,1.0476,1.0548,41289908.5
2026-06-29 13:00:00,1.0549,1.062,1.0438,1.05,35654562.2
2026-06-29 14:00:00,1.05,1.0507,1.0393,1.0491,30804231.2
2026-06-29 15:00:00,1.0491,1.0517,1.0404,1.049,20498772.3
2026-06-29 16:00:00,1.049,1.0532,1.0425,1.0505,14158357.9
2026-06-29 17:00:00,1.0504,1.0686,1.0503,1.0651,37911077.0
2026-06-29 18:00:00,1.0651,1.069,1.0622,1.0645,15675383.3
2026-06-29 19:00:00,1.0646,1.0762,1.0631,1.0747,26151703.1
2026-06-29 20:00:00,1.0748,1.075,1.0623,1.0632,10531673.9
2026-06-29 21:00:00,1.0633,1.0652,1.0594,1.0641,13024480.8
2026-06-29 22:00:00,1.0642,1.065,1.0586,1.0588,7350581.2
2026-06-29 23:00:00,1.0588,1.0595,1.0547,1.0583,10890802.3
2026-06-30 00:00:00,1.0583,1.0585,1.0478,1.0481,17964308.6
2026-06-30 01:00:00,1.048,1.0515,1.0467,1.0494,10661373.7
2026-06-30 02:00:00,1.0495,1.0519,1.0455,1.0501,7917694.9
2026-06-30 03:00:00,1.05,1.0523,1.0434,1.0447,21827811.1
2026-06-30 04:00:00,1.0447,1.0473,1.042,1.0459,10677230.3
2026-06-30 05:00:00,1.0459,1.0489,1.0447,1.0487,6905113.9
2026-06-30 06:00:00,1.0487,1.0506,1.047,1.049,5714260.9
2026-06-30 07:00:00,1.049,1.05,1.0461,1.0468,6266595.4
2026-06-30 08:00:00,1.0468,1.0477,1.0405,1.0442,14524238.3
2026-06-30 09:00:00,1.0442,1.0455,1.0416,1.0434,7665330.2
2026-06-30 10:00:00,1.0434,1.044,1.041,1.0414,6939193.3
2026-06-30 11:00:00,1.0415,1.0432,1.0365,1.0383,14870886.7
2026-06-30 12:00:00,1.0384,1.0384,1.0268,1.0271,33028173.6
2026-06-30 13:00:00,1.0272,1.0355,1.0267,1.0349,32684246.5
2026-06-30 14:00:00,1.0349,1.0447,1.0324,1.0339,32252775.7
2026-06-30 15:00:00,1.034,1.0406,1.0288,1.0335,21730472.3
2026-06-30 16:00:00,1.0335,1.0434,1.0316,1.0409,20744776.0
2026-06-30 17:00:00,1.0408,1.044,1.0375,1.0382,12707862.8
2026-06-30 18:00:00,1.0382,1.0474,1.0371,1.0427,13428856.9
2026-06-30 19:00:00,1.0428,1.0496,1.038,1.0441,22290443.5
2026-06-30 20:00:00,1.044,1.0462,1.0404,1.0413,8275242.6
2026-06-30 21:00:00,1.0412,1.0423,1.038,1.0409,6374622.1
2026-06-30 22:00:00,1.0409,1.0439,1.0383,1.04,7833703.0
2026-06-30 23:00:00,1.04,1.0404,1.0373,1.0395,5111078.6
2026-07-01 00:00:00,1.0396,1.0408,1.0347,1.0368,12164055.4
2026-07-01 01:00:00,1.0368,1.0429,1.0212,1.0409,44703938.2
2026-07-01 02:00:00,1.041,1.0474,1.0378,1.0455,23301343.0
2026-07-01 03:00:00,1.0456,1.0527,1.0419,1.0504,22028628.6
2026-07-01 04:00:00,1.0503,1.054,1.0482,1.0511,12175714.8
2026-07-01 05:00:00,1.0511,1.0529,1.048,1.0504,7638086.0
2026-07-01 06:00:00,1.0504,1.0504,1.0387,1.0417,24880524.3
2026-07-01 07:00:00,1.0417,1.0436,1.0384,1.0433,12492662.9
2026-07-01 08:00:00,1.0433,1.0475,1.0373,1.0471,15068480.2
2026-07-01 09:00:00,1.0471,1.0488,1.044,1.0454,10769347.2
2026-07-01 10:00:00,1.0454,1.0462,1.0389,1.0398,8721731.6
2026-07-01 11:00:00,1.0398,1.0423,1.036,1.0381,15439332.0
2026-07-01 12:00:00,1.0381,1.0396,1.0337,1.0365,16984839.3
2026-07-01 13:00:00,1.0366,1.0492,1.0359,1.049,30861062.3
2026-07-01 14:00:00,1.0489,1.0603,1.0462,1.0517,39408224.8
2026-07-01 15:00:00,1.0516,1.0652,1.0511,1.0601,29076738.7
2026-07-01 16:00:00,1.0602,1.0644,1.0552,1.0568,17236977.9
2026-07-01 17:00:00,1.0568,1.0622,1.0542,1.0612,11703218.4
2026-07-01 18:00:00,1.0612,1.0637,1.0574,1.0597,9283357.2
2026-07-01 19:00:00,1.0596,1.065,1.0583,1.0608,16754644.3
2026-07-01 20:00:00,1.0609,1.0611,1.0555,1.0577,9561946.3
2026-07-01 21:00:00,1.0576,1.0688,1.0573,1.066,18181628.9
2026-07-01 22:00:00,1.0659,1.0735,1.0596,1.0609,25147021.1
2026-07-01 23:00:00,1.0609,1.0609,1.0514,1.0526,17112034.8
2026-07-02 00:00:00,1.0526,1.0526,1.0442,1.0471,18289260.5
2026-07-02 01:00:00,1.0472,1.0594,1.0461,1.0568,13900729.6
2026-07-02 02:00:00,1.0567,1.0608,1.0543,1.0595,9675221.2
2026-07-02 03:00:00,1.0595,1.07,1.0558,1.0673,26538937.0
2026-07-02 04:00:00,1.0674,1.0676,1.061,1.0642,9547404.5
2026-07-02 05:00:00,1.0643,1.0661,1.0581,1.0594,9547225.9
2026-07-02 06:00:00,1.0594,1.0614,1.0552,1.0559,13553382.7
2026-07-02 07:00:00,1.0559,1.0593,1.0551,1.058,8712738.8
2026-07-02 08:00:00,1.0581,1.0644,1.0579,1.0636,10260175.5
2026-07-02 09:00:00,1.0637,1.0813,1.0616,1.0732,59640987.5
2026-07-02 10:00:00,1.0731,1.0819,1.0721,1.0811,23268816.2
2026-07-02 11:00:00,1.0811,1.0857,1.0766,1.0836,30773157.5
2026-07-02 12:00:00,1.0836,1.0978,1.0829,1.0923,50856655.8
2026-07-02 13:00:00,1.0924,1.112,1.0913,1.1037,55989416.3
2026-07-02 14:00:00,1.1038,1.1072,1.0876,1.0917,40165923.5
2026-07-02 15:00:00,1.0917,1.0961,1.0859,1.0933,19277864.8
2026-07-02 16:00:00,1.0933,1.096,1.086,1.0904,17900265.4
2026-07-02 17:00:00,1.0904,1.0937,1.0875,1.088,9975098.0
2026-07-02 18:00:00,1.0879,1.0912,1.0866,1.0889,8933305.8
2026-07-02 19:00:00,1.0889,1.0892,1.0831,1.0848,13133936.5
2026-07-02 20:00:00,1.0849,1.0853,1.0809,1.0828,9724975.6
2026-07-02 21:00:00,1.0828,1.084,1.0787,1.081,8844404.6
2026-07-02 22:00:00,1.0809,1.0842,1.0782,1.0833,9792232.9
2026-07-02 23:00:00,1.0832,1.0876,1.0816,1.0873,11526194.3
2026-07-03 00:00:00,1.0873,1.088,1.0821,1.0835,9456080.9
2026-07-03 01:00:00,1.0834,1.0953,1.083,1.0934,13622064.6
2026-07-03 02:00:00,1.0935,1.0948,1.0866,1.0907,14338158.9
2026-07-03 03:00:00,1.0907,1.0924,1.0858,1.0901,8095769.1
2026-07-03 04:00:00,1.0902,1.0936,1.088,1.092,6963925.4
2026-07-03 05:00:00,1.0921,1.1011,1.0909,1.0993,12941840.3
2026-07-03 06:00:00,1.0993,1.1063,1.0987,1.1006,16651451.9
2026-07-03 07:00:00,1.1006,1.1045,1.0972,1.1019,13372592.4
2026-07-03 08:00:00,1.102,1.107,1.0984,1.0994,15726945.9
2026-07-03 09:00:00,1.0994,1.1038,1.0976,1.1006,9532541.9
2026-07-03 10:00:00,1.1007,1.1123,1.0989,1.1086,22564148.8
2026-07-03 11:00:00,1.1087,1.1119,1.1061,1.1095,18512415.4
2026-07-03 12:00:00,1.1094,1.1136,1.1031,1.1071,19810081.3
2026-07-03 13:00:00,1.1072,1.1149,1.1072,1.1107,20162641.1
2026-07-03 14:00:00,1.1107,1.1135,1.1051,1.1117,27055762.7
2026-07-03 15:00:00,1.1118,1.1235,1.1115,1.1196,46379554.0
2026-07-03 16:00:00,1.1196,1.1212,1.1136,1.1147,24775539.9
2026-07-03 17:00:00,1.1148,1.1239,1.1141,1.1229,17125254.0
2026-07-03 18:00:00,1.123,1.129,1.1197,1.1262,19607245.6
2026-07-03 19:00:00,1.1262,1.1448,1.1254,1.1313,46160443.9
2026-07-03 20:00:00,1.1312,1.1436,1.1274,1.1389,34821467.2
2026-07-03 21:00:00,1.1388,1.1408,1.1268,1.1328,19497624.8
2026-07-03 22:00:00,1.1329,1.135,1.1272,1.1298,10756486.4
2026-07-03 23:00:00,1.1298,1.1376,1.1281,1.1341,14960104.4
2026-07-04 00:00:00,1.1341,1.143,1.1329,1.1409,20420738.3
2026-07-04 01:00:00,1.1409,1.141,1.1307,1.1328,18325308.1
2026-07-04 02:00:00,1.1328,1.1385,1.1316,1.1351,9293690.0
2026-07-04 03:00:00,1.1351,1.1409,1.1315,1.1374,10511644.8
2026-07-04 04:00:00,1.1375,1.1492,1.1359,1.1474,21479494.1
2026-07-04 05:00:00,1.1473,1.1474,1.1368,1.1386,18215647.0
2026-07-04 06:00:00,1.1386,1.1464,1.133,1.1371,18527932.2
2026-07-04 07:00:00,1.1371,1.1424,1.1325,1.1389,13898449.4
2026-07-04 08:00:00,1.1389,1.1486,1.1389,1.1411,22069159.4
2026-07-04 09:00:00,1.1412,1.1435,1.1343,1.1364,16175248.3
2026-07-04 10:00:00,1.1364,1.1419,1.1348,1.1409,10315605.4
2026-07-04 11:00:00,1.1409,1.1442,1.1375,1.1395,11495623.7
2026-07-04 12:00:00,1.1395,1.1542,1.1395,1.1472,24171517.1
2026-07-04 13:00:00,1.1473,1.1616,1.1468,1.1524,35216049.2
2026-07-04 14:00:00,1.1523,1.1739,1.1521,1.173,67838829.5
2026-07-04 15:00:00,1.173,1.1799,1.1664,1.1718,45554004.1
2026-07-04 16:00:00,1.1719,1.1767,1.163,1.1735,26435138.5
2026-07-04 17:00:00,1.1734,1.1838,1.1673,1.1807,30388689.2
2026-07-04 18:00:00,1.1807,1.182,1.1727,1.1742,21093793.4
2026-07-04 19:00:00,1.1742,1.1778,1.1661,1.1678,24570017.2
2026-07-04 20:00:00,1.1678,1.1694,1.1592,1.1624,20679980.0
2026-07-04 21:00:00,1.1623,1.168,1.1611,1.1655,10285563.2
2026-07-04 22:00:00,1.1655,1.1663,1.1596,1.1617,9143329.3
2026-07-04 23:00:00,1.1618,1.162,1.1533,1.1568,21031515.4
2026-07-05 00:00:00,1.1569,1.157,1.1463,1.1492,29621291.6
2026-07-05 01:00:00,1.1491,1.1507,1.142,1.1449,27676360.0
2026-07-05 02:00:00,1.145,1.145,1.1331,1.1369,24600685.8
2026-07-05 03:00:00,1.1369,1.1405,1.1351,1.1377,14643323.6
2026-07-05 04:00:00,1.1377,1.142,1.136,1.1374,14550878.6
2026-07-05 05:00:00,1.1374,1.1374,1.1321,1.1358,14408401.3
2026-07-05 06:00:00,1.1359,1.1391,1.1334,1.1378,10925985.8
2026-07-05 07:00:00,1.1379,1.1407,1.135,1.1396,11213754.4
2026-07-05 08:00:00,1.1395,1.1411,1.1369,1.1381,12088256.1
2026-07-05 09:00:00,1.1382,1.1389,1.1254,1.1273,30864294.4
2026-07-05 10:00:00,1.1273,1.1296,1.1241,1.129,14385715.8
2026-07-05 11:00:00,1.129,1.1328,1.1275,1.1315,14044575.3
2026-07-05 12:00:00,1.1315,1.1362,1.1281,1.135,14175513.5
2026-07-05 13:00:00,1.1351,1.1364,1.1301,1.1349,10788675.9
2026-07-05 14:00:00,1.1348,1.1375,1.1329,1.1366,7538768.3
2026-07-05 15:00:00,1.1366,1.1407,1.134,1.1363,13693005.2
2026-07-05 16:00:00,1.1363,1.1384,1.1335,1.1345,9086590.4
2026-07-05 17:00:00,1.1345,1.1386,1.1314,1.1342,10608933.2
2026-07-05 18:00:00,1.1342,1.1397,1.1341,1.1355,6725778.5
2026-07-05 19:00:00,1.1355,1.1375,1.1331,1.1346,9368160.0
2026-07-05 20:00:00,1.1345,1.1376,1.1339,1.1368,9591371.6
2026-07-05 21:00:00,1.1368,1.1481,1.1345,1.144,19556932.0
2026-07-05 22:00:00,1.1439,1.1616,1.1419,1.1573,40958232.2
2026-07-05 23:00:00,1.1574,1.1691,1.1546,1.1565,28920363.0
2026-07-06 00:00:00,1.1566,1.1583,1.1452,1.1554,26855491.7
2026-07-06 01:00:00,1.1554,1.161,1.1516,1.1521,17064127.9
2026-07-06 02:00:00,1.152,1.154,1.1456,1.148,14812660.3
2026-07-06 03:00:00,1.148,1.1502,1.1408,1.1469,13866743.6
2026-07-06 04:00:00,1.147,1.1485,1.1439,1.1454,6299920.8
2026-07-06 05:00:00,1.1454,1.1456,1.1359,1.1404,19648516.3
2026-07-06 06:00:00,1.1403,1.1409,1.1359,1.1372,10289997.1
2026-07-06 07:00:00,1.1372,1.1466,1.1358,1.1453,13167356.0
2026-07-06 08:00:00,1.1454,1.1509,1.1392,1.1419,15097147.0
2026-07-06 09:00:00,1.1419,1.1424,1.1336,1.1355,14978250.2
2026-07-06 10:00:00,1.1355,1.1443,1.1354,1.1421,11831375.9
2026-07-06 11:00:00,1.1421,1.1433,1.1342,1.1345,11666516.0
2026-07-06 12:00:00,1.1345,1.1348,1.1134,1.1148,74534627.5
2026-07-06 13:00:00,1.1147,1.1223,1.1088,1.1152,54566956.1
2026-07-06 14:00:00,1.1153,1.1264,1.1131,1.123,25389584.4
2026-07-06 15:00:00,1.123,1.1448,1.1229,1.144,38134865.3
2026-07-06 16:00:00,1.1441,1.1538,1.1392,1.1529,43049862.8
2026-07-06 17:00:00,1.1529,1.1587,1.1459,1.1463,34615549.5
2026-07-06 18:00:00,1.1464,1.1498,1.1407,1.1477,19395340.7
2026-07-06 19:00:00,1.1477,1.1523,1.1444,1.1487,22791255.9
2026-07-06 20:00:00,1.1488,1.1488,1.1416,1.1434,13503626.6
2026-07-06 21:00:00,1.1433,1.1645,1.143,1.1531,30947422.5
2026-07-06 22:00:00,1.1531,1.1542,1.1462,1.1473,12765832.4
2026-07-06 23:00:00,1.1473,1.1497,1.1434,1.1445,8438760.4
2026-07-07 00:00:00,1.1446,1.151,1.1441,1.148,13292597.7
2026-07-07 01:00:00,1.148,1.1481,1.1387,1.1406,19289488.5
2026-07-07 02:00:00,1.1406,1.1417,1.1292,1.1304,24496044.2
2026-07-07 03:00:00,1.1305,1.134,1.1267,1.1285,18418998.0
2026-07-07 04:00:00,1.1285,1.1289,1.1225,1.1247,16114291.3
2026-07-07 05:00:00,1.1247,1.1287,1.1203,1.1268,21306336.9
2026-07-07 06:00:00,1.1269,1.1327,1.1242,1.1318,14952502.1
2026-07-07 07:00:00,1.1318,1.1345,1.1259,1.1262,14037388.9
2026-07-07 08:00:00,1.1262,1.1275,1.1235,1.1242,10007747.8
2026-07-07 09:00:00,1.1243,1.1269,1.1235,1.1263,10208290.6
2026-07-07 10:00:00,1.1263,1.1297,1.1223,1.1232,14218478.6
2026-07-07 11:00:00,1.1232,1.1252,1.1191,1.1246,17347288.1
2026-07-07 12:00:00,1.1247,1.1318,1.1242,1.1261,18462427.0
2026-07-07 13:00:00,1.126,1.1272,1.1183,1.1203,27336355.5
2026-07-07 14:00:00,1.1203,1.1254,1.1075,1.1243,54386221.8
2026-07-07 15:00:00,1.1243,1.1323,1.1199,1.13,25930259.0
2026-07-07 16:00:00,1.13,1.1349,1.1245,1.129,21347852.7
2026-07-07 17:00:00,1.1289,1.1322,1.1258,1.132,10346114.5
2026-07-07 18:00:00,1.1321,1.1321,1.1186,1.1189,18563884.9
2026-07-07 19:00:00,1.1189,1.1255,1.1128,1.1223,29993517.6
2026-07-07 20:00:00,1.1223,1.1226,1.1166,1.1182,9785843.5
2026-07-07 21:00:00,1.1182,1.1211,1.1112,1.1129,13277074.1
2026-07-07 22:00:00,1.1129,1.1165,1.1063,1.115,17693903.6
2026-07-07 23:00:00,1.1149,1.119,1.1107,1.1114,12023953.2
2026-07-08 00:00:00,1.1115,1.1161,1.1095,1.1133,12173851.6
2026-07-08 01:00:00,1.1134,1.1151,1.0966,1.0985,37995811.5
2026-07-08 02:00:00,1.0984,1.1013,1.09,1.0998,41641336.7
2026-07-08 03:00:00,1.0999,1.1037,1.0937,1.095,14303403.6
2026-07-08 04:00:00,1.095,1.0968,1.0912,1.0942,13623109.8
2026-07-08 05:00:00,1.0942,1.0956,1.0886,1.091,14147547.1
2026-07-08 06:00:00,1.0909,1.0921,1.0858,1.0908,18456922.0
2026-07-08 07:00:00,1.0909,1.0949,1.0876,1.0934,12375725.8
2026-07-08 08:00:00,1.0935,1.0946,1.0745,1.0799,55736448.0
2026-07-08 09:00:00,1.0799,1.0818,1.0752,1.0788,15845461.0
2026-07-08 10:00:00,1.0788,1.0835,1.076,1.0831,14239926.7
2026-07-08 11:00:00,1.0831,1.0885,1.0798,1.086,17119951.8
2026-07-08 12:00:00,1.086,1.0882,1.0815,1.0816,15634245.2
2026-07-08 13:00:00,1.0815,1.0873,1.0771,1.0809,39850104.6
2026-07-08 14:00:00,1.081,1.0842,1.0736,1.0774,20986562.4
2026-07-08 15:00:00,1.0774,1.078,1.0678,1.0732,23549339.9
2026-07-08 16:00:00,1.0731,1.0836,1.0727,1.0835,19008355.2
2026-07-08 17:00:00,1.0835,1.0947,1.0831,1.0858,27988553.0
2026-07-08 18:00:00,1.0859,1.0904,1.0827,1.0873,17364542.3
2026-07-08 19:00:00,1.0873,1.0956,1.0844,1.0905,22197562.4
2026-07-08 20:00:00,1.0905,1.0924,1.0869,1.0883,14497175.7
2026-07-08 21:00:00,1.0883,1.091,1.0836,1.0904,10917573.6
2026-07-08 22:00:00,1.0904,1.0926,1.089,1.0923,7534483.9
2026-07-08 23:00:00,1.0923,1.0924,1.0871,1.0903,7794433.8
2026-07-09 00:00:00,1.0902,1.0912,1.0863,1.0876,7266130.8
2026-07-09 01:00:00,1.0876,1.0985,1.0822,1.0829,23374251.5
2026-07-09 02:00:00,1.083,1.0898,1.0817,1.0837,10163454.8
2026-07-09 03:00:00,1.0838,1.089,1.0821,1.0872,8215928.4
2026-07-09 04:00:00,1.0872,1.0943,1.0843,1.0936,10732470.6
2026-07-09 05:00:00,1.0936,1.0997,1.0908,1.0988,15978031.9
2026-07-09 06:00:00,1.0989,1.102,1.0961,1.0997,14291205.2
2026-07-09 07:00:00,1.0996,1.1023,1.0945,1.0975,15000740.0
2026-07-09 08:00:00,1.0975,1.0986,1.0943,1.0949,7753054.5
2026-07-09 09:00:00,1.0949,1.0949,1.0911,1.094,7745805.7
2026-07-09 10:00:00,1.0939,1.0963,1.0892,1.0915,9893994.5
2026-07-09 11:00:00,1.0915,1.0935,1.0899,1.0928,8035774.9
2026-07-09 12:00:00,1.0928,1.0967,1.0902,1.0935,21752404.9
2026-07-09 13:00:00,1.0936,1.1014,1.0923,1.0985,16007232.6
2026-07-09 14:00:00,1.0985,1.1004,1.0903,1.0933,18274025.6
2026-07-09 15:00:00,1.0933,1.0964,1.0882,1.0896,15382707.1
2026-07-09 16:00:00,1.0896,1.0916,1.0858,1.0881,11673134.3
2026-07-09 17:00:00,1.088,1.0976,1.088,1.0958,11599307.4
2026-07-09 18:00:00,1.0957,1.1001,1.0926,1.0943,14879797.4
2026-07-09 19:00:00,1.0944,1.0981,1.0915,1.0971,8475692.0
2026-07-09 20:00:00,1.0971,1.0992,1.0949,1.0968,5427070.2
2026-07-09 21:00:00,1.0968,1.0979,1.0962,1.0972,3695481.7
2026-07-09 22:00:00,1.0973,1.0982,1.0951,1.0955,5539987.0
2026-07-09 23:00:00,1.0956,1.0958,1.0916,1.0929,7299239.4
2026-07-10 00:00:00,1.0929,1.0931,1.0885,1.0916,11352759.4
2026-07-10 01:00:00,1.0915,1.1088,1.0896,1.1044,25548132.8
2026-07-10 02:00:00,1.1045,1.1093,1.1024,1.1072,16441035.6
2026-07-10 03:00:00,1.1073,1.109,1.1032,1.1065,9748648.5
2026-07-10 04:00:00,1.1066,1.1118,1.1055,1.109,10484116.9
2026-07-10 05:00:00,1.109,1.1102,1.1069,1.1092,8873821.3
2026-07-10 06:00:00,1.1092,1.1101,1.1043,1.105,9789588.4
2026-07-10 07:00:00,1.105,1.1074,1.1028,1.105,7447639.8
2026-07-10 08:00:00,1.105,1.1152,1.1041,1.1115,19958675.0
2026-07-10 09:00:00,1.1114,1.1177,1.1092,1.1152,15589223.2
2026-07-10 10:00:00,1.1152,1.1174,1.1122,1.1137,11353370.6
2026-07-10 11:00:00,1.1137,1.1151,1.1086,1.1118,14443797.3
2026-07-10 12:00:00,1.1118,1.1141,1.1068,1.1069,15430480.5
2026-07-10 13:00:00,1.1068,1.1125,1.1057,1.1098,16373127.8
2026-07-10 14:00:00,1.1099,1.11,1.0956,1.1005,44107656.3
2026-07-10 15:00:00,1.1005,1.1054,1.0996,1.1032,11079657.6
2026-07-10 16:00:00,1.1031,1.1056,1.0988,1.1046,13195067.0
2026-07-10 17:00:00,1.1045,1.1057,1.1003,1.1005,9968640.7
2026-07-10 18:00:00,1.1005,1.1044,1.0967,1.099,13177378.5
2026-07-10 19:00:00,1.099,1.1064,1.0978,1.1047,12984331.4
2026-07-10 20:00:00,1.1047,1.1061,1.1025,1.1035,7005076.2
2026-07-10 21:00:00,1.1035,1.1062,1.1021,1.1042,4943270.7
2026-07-10 22:00:00,1.1041,1.1056,1.1029,1.1049,4295579.2
2026-07-10 23:00:00,1.105,1.1052,1.1024,1.1041,4984214.1
2026-07-11 00:00:00,1.104,1.105,1.1011,1.1046,6010680.9
2026-07-11 01:00:00,1.1046,1.1078,1.1022,1.1023,7347293.6
2026-07-11 02:00:00,1.1023,1.1062,1.1018,1.1058,4381464.4
2026-07-11 03:00:00,1.1057,1.1091,1.105,1.1071,8523197.7
2026-07-11 04:00:00,1.107,1.1073,1.1033,1.104,6290674.2
2026-07-11 05:00:00,1.1041,1.1071,1.1031,1.1061,4391968.7
2026-07-11 06:00:00,1.106,1.1089,1.1047,1.1069,7160709.7
2026-07-11 07:00:00,1.107,1.1088,1.1067,1.1072,4386313.9
2026-07-11 08:00:00,1.1071,1.1083,1.1053,1.1081,4893983.5
2026-07-11 09:00:00,1.108,1.1105,1.1059,1.106,7148203.6
2026-07-11 10:00:00,1.1059,1.1088,1.1055,1.1086,6822485.7
2026-07-11 11:00:00,1.1086,1.1096,1.1072,1.1081,7485742.2
2026-07-11 12:00:00,1.108,1.109,1.107,1.1082,3997959.0
2026-07-11 13:00:00,1.1081,1.1114,1.1077,1.1084,5512499.2
2026-07-11 14:00:00,1.1083,1.115,1.1083,1.113,13417164.5
2026-07-11 15:00:00,1.1131,1.1179,1.1085,1.1127,26114541.4
2026-07-11 16:00:00,1.1128,1.1157,1.1105,1.1121,11797480.1
2026-07-11 17:00:00,1.1121,1.1165,1.1107,1.1142,7530121.4
2026-07-11 18:00:00,1.1142,1.1177,1.1133,1.1164,6686399.0
2026-07-11 19:00:00,1.1164,1.1188,1.1136,1.1151,8757366.0
2026-07-11 20:00:00,1.1151,1.1157,1.1136,1.1138,3918977.4
2026-07-11 21:00:00,1.1139,1.116,1.1132,1.1142,4703560.4
2026-07-11 22:00:00,1.1141,1.1144,1.1068,1.1086,20989894.4
2026-07-11 23:00:00,1.1086,1.1089,1.096,1.0963,35331479.8
2026-07-12 00:00:00,1.0963,1.0982,1.0886,1.0927,35406813.9
2026-07-12 01:00:00,1.0927,1.0984,1.092,1.0983,15819021.6
2026-07-12 02:00:00,1.0983,1.0984,1.0943,1.0955,9204837.4
2026-07-12 03:00:00,1.0956,1.0993,1.0948,1.0991,12538889.7
2026-07-12 04:00:00,1.0992,1.0996,1.094,1.0949,10736750.0
2026-07-12 05:00:00,1.0949,1.0959,1.0931,1.0938,8412236.0
2026-07-12 06:00:00,1.0938,1.0938,1.0861,1.091,21120082.9
2026-07-12 07:00:00,1.091,1.093,1.0896,1.0908,7251888.6
2026-07-12 08:00:00,1.0908,1.0945,1.0905,1.0933,8410886.5
2026-07-12 09:00:00,1.0934,1.0964,1.0899,1.0943,10499019.6
2026-07-12 10:00:00,1.0943,1.0956,1.0931,1.0944,4158610.0
2026-07-12 11:00:00,1.0944,1.0981,1.0922,1.0958,6087177.9
2026-07-12 12:00:00,1.0958,1.0995,1.0953,1.0985,8819362.1
2026-07-12 13:00:00,1.0984,1.1008,1.0967,1.0977,10021585.5
2026-07-12 14:00:00,1.0976,1.1037,1.0958,1.1013,12017575.6
2026-07-12 15:00:00,1.1012,1.1033,1.0992,1.1013,9405539.4
2026-07-12 16:00:00,1.1013,1.1033,1.0993,1.1012,6502977.9
2026-07-12 17:00:00,1.1012,1.1019,1.0967,1.098,7045553.0
2026-07-12 18:00:00,1.098,1.1009,1.0966,1.1003,5374720.7
2026-07-12 19:00:00,1.1002,1.1012,1.0977,1.1,3934729.6
2026-07-12 20:00:00,1.0999,1.1006,1.0983,1.099,4583836.7
2026-07-12 21:00:00,1.0989,1.1007,1.0926,1.0938,13240372.1
2026-07-12 22:00:00,1.0937,1.0937,1.0803,1.0859,39340947.7
2026-07-12 23:00:00,1.0859,1.087,1.0831,1.0854,9190034.5
2026-07-13 00:00:00,1.0854,1.1026,1.0831,1.0924,36888785.1
2026-07-13 01:00:00,1.0924,1.0934,1.0786,1.0803,23429428.1
2026-07-13 02:00:00,1.0803,1.083,1.076,1.0793,22471289.1
2026-07-13 03:00:00,1.0793,1.0793,1.0665,1.0717,39283230.5
2026-07-13 04:00:00,1.0717,1.0751,1.0698,1.0721,13341924.8
2026-07-13 05:00:00,1.0721,1.0783,1.0695,1.0754,16597921.2
2026-07-13 06:00:00,1.0755,1.0775,1.0741,1.0773,9140895.0
2026-07-13 07:00:00,1.0774,1.0812,1.076,1.079,13331471.1
2026-07-13 08:00:00,1.0791,1.0827,1.0778,1.0794,8819609.2
2026-07-13 09:00:00,1.0794,1.0803,1.0781,1.0782,5833363.9
2026-07-13 10:00:00,1.0781,1.0789,1.0751,1.0767,10456770.1
2026-07-13 11:00:00,1.0768,1.0807,1.0767,1.0768,6860662.6
2026-07-13 12:00:00,1.0768,1.078,1.0702,1.0729,16590446.4
2026-07-13 13:00:00,1.0729,1.0731,1.0648,1.0682,28505421.7
2026-07-13 14:00:00,1.0682,1.0775,1.0664,1.0767,31271171.2
2026-07-13 15:00:00,1.0768,1.0796,1.0716,1.072,14148430.6
2026-07-13 16:00:00,1.072,1.074,1.0657,1.068,14906363.0
2026-07-13 17:00:00,1.068,1.0701,1.0581,1.0585,26003220.5
2026-07-13 18:00:00,1.0585,1.0624,1.0564,1.0608,20282968.4
2026-07-13 19:00:00,1.0608,1.0703,1.06,1.0668,25024018.2
2026-07-13 20:00:00,1.0668,1.0677,1.0584,1.062,15184734.0
2026-07-13 21:00:00,1.0619,1.062,1.0526,1.0589,14557002.1
2026-07-13 22:00:00,1.0589,1.0627,1.0579,1.0581,11064363.0
2026-07-13 23:00:00,1.0581,1.0669,1.0569,1.0668,21263102.2
2026-07-14 00:00:00,1.0669,1.07,1.0639,1.0686,16166303.7
2026-07-14 01:00:00,1.0687,1.0704,1.0645,1.0646,8186904.4
2026-07-14 02:00:00,1.0646,1.0669,1.062,1.0653,12492259.6
2026-07-14 03:00:00,1.0652,1.0667,1.0604,1.0657,9066093.2
2026-07-14 04:00:00,1.0656,1.0686,1.0638,1.0677,7777430.8
2026-07-14 05:00:00,1.0676,1.0727,1.067,1.071,9574497.0
2026-07-14 06:00:00,1.071,1.0711,1.0686,1.0692,5220364.2
2026-07-14 07:00:00,1.0692,1.0711,1.0667,1.0682,7750363.8
2026-07-14 08:00:00,1.0682,1.071,1.067,1.0682,7307696.6
2026-07-14 09:00:00,1.0682,1.07,1.0669,1.0677,5979942.7
2026-07-14 10:00:00,1.0677,1.0717,1.067,1.0704,8887682.1
2026-07-14 11:00:00,1.0704,1.0724,1.0686,1.0718,7985819.4
2026-07-14 12:00:00,1.0718,1.0908,1.0697,1.0887,62180862.6
2026-07-14 13:00:00,1.0888,1.1045,1.0849,1.0987,61036491.4
2026-07-14 14:00:00,1.0987,1.1045,1.0943,1.1027,26377756.5
2026-07-14 15:00:00,1.1026,1.1104,1.1006,1.1042,31670072.6
2026-07-14 16:00:00,1.1043,1.1082,1.1024,1.1042,15515110.9
2026-07-14 17:00:00,1.1042,1.1048,1.0976,1.1037,20309748.5
2026-07-14 18:00:00,1.1037,1.1128,1.1027,1.1117,15914147.9
2026-07-14 19:00:00,1.1118,1.1205,1.1103,1.1148,42277030.4
2026-07-14 20:00:00,1.1148,1.1153,1.1092,1.1099,11921371.9
2026-07-14 21:00:00,1.1099,1.1107,1.1063,1.1077,9456610.4
2026-07-14 22:00:00,1.1077,1.1134,1.1045,1.1097,22185634.5
2026-07-14 23:00:00,1.1096,1.1122,1.1084,1.1111,6949330.2
2026-07-15 00:00:00,1.1112,1.1118,1.1062,1.1079,12660774.4
2026-07-15 01:00:00,1.1078,1.1081,1.1018,1.103,15332092.1
2026-07-15 02:00:00,1.1029,1.1038,1.0985,1.099,12185280.6
2026-07-15 03:00:00,1.099,1.1048,1.0989,1.1038,11146599.0
2026-07-15 04:00:00,1.1038,1.1061,1.1008,1.1028,9885927.2
2026-07-15 05:00:00,1.1028,1.1065,1.0992,1.1061,9189884.4
2026-07-15 06:00:00,1.1061,1.1133,1.1052,1.1069,28815731.8
2026-07-15 07:00:00,1.1069,1.1075,1.1012,1.1033,11219196.5
2026-07-15 08:00:00,1.1034,1.1088,1.1025,1.1074,12602673.9
2026-07-15 09:00:00,1.1074,1.1121,1.1072,1.1085,11326092.3
2026-07-15 10:00:00,1.1084,1.1098,1.1056,1.1079,9035327.1
2026-07-15 11:00:00,1.1079,1.109,1.1064,1.1078,11110567.7
2026-07-15 12:00:00,1.1078,1.1213,1.1049,1.1205,29541176.5
2026-07-15 13:00:00,1.1204,1.1288,1.1171,1.1212,55973321.5
2026-07-15 14:00:00,1.1213,1.1297,1.1177,1.1251,28950084.0
2026-07-15 15:00:00,1.125,1.1282,1.12,1.1256,19078964.8
2026-07-15 16:00:00,1.1256,1.1266,1.1071,1.1133,37437995.7
2026-07-15 17:00:00,1.1133,1.119,1.1107,1.1169,18765021.8
2026-07-15 18:00:00,1.1168,1.1209,1.1111,1.112,14161250.4
2026-07-15 19:00:00,1.1119,1.1143,1.1085,1.1094,13780790.2
2026-07-15 20:00:00,1.1094,1.1135,1.1077,1.1107,7069638.2
2026-07-15 21:00:00,1.1107,1.1155,1.1099,1.1149,10056069.1
2026-07-15 22:00:00,1.1149,1.1182,1.114,1.1155,8398526.5
2026-07-15 23:00:00,1.1155,1.1164,1.1116,1.1126,6866346.6
2026-07-16 00:00:00,1.1126,1.1158,1.1079,1.11,12329383.9
2026-07-16 01:00:00,1.11,1.1142,1.1052,1.1133,10547070.8
2026-07-16 02:00:00,1.1132,1.1167,1.1105,1.1163,9222510.3
2026-07-16 03:00:00,1.1163,1.1173,1.1112,1.1124,7752422.4
2026-07-16 04:00:00,1.1125,1.1136,1.1103,1.1135,9540277.5
2026-07-16 05:00:00,1.1135,1.1176,1.1128,1.1153,8934007.8
2026-07-16 06:00:00,1.1154,1.1178,1.1114,1.1137,11490538.2
2026-07-16 07:00:00,1.1138,1.1151,1.103,1.1056,24474811.1
2026-07-16 08:00:00,1.1057,1.1097,1.099,1.1062,35069301.0
2026-07-16 09:00:00,1.1062,1.1074,1.1041,1.1045,7971828.6
2026-07-16 10:00:00,1.1045,1.1089,1.1036,1.1079,9975879.9
2026-07-16 11:00:00,1.108,1.1086,1.1048,1.1081,16946842.2
2026-07-16 12:00:00,1.1081,1.1099,1.0994,1.1009,23890936.3
2026-07-16 13:00:00,1.1009,1.1119,1.1007,1.1096,22238465.5
2026-07-16 14:00:00,1.1097,1.116,1.1079,1.1113,25077788.6
2026-07-16 15:00:00,1.1114,1.1177,1.1056,1.1142,19176804.3
2026-07-16 16:00:00,1.1143,1.1146,1.107,1.1084,13715113.6
2026-07-16 17:00:00,1.1084,1.1086,1.0874,1.0941,53469920.4
2026-07-16 18:00:00,1.0941,1.0953,1.0874,1.0927,31875728.9
2026-07-16 19:00:00,1.0927,1.0987,1.0922,1.0964,23404450.2
2026-07-16 20:00:00,1.0964,1.0977,1.0946,1.0969,6142316.3
2026-07-16 21:00:00,1.0969,1.0983,1.0949,1.0975,12451381.9
2026-07-16 22:00:00,1.0974,1.0986,1.0892,1.09,13325052.8
2026-07-16 23:00:00,1.0899,1.0907,1.0845,1.0864,15206152.9
2026-07-17 00:00:00,1.0863,1.0914,1.0819,1.0913,20856620.0
2026-07-17 01:00:00,1.0914,1.0953,1.0851,1.0873,16287375.0
2026-07-17 02:00:00,1.0872,1.0905,1.0851,1.0875,11234324.7
2026-07-17 03:00:00,1.0875,1.0944,1.0874,1.0919,8404007.0
2026-07-17 04:00:00,1.0918,1.0922,1.0871,1.0897,10493320.8
2026-07-17 05:00:00,1.0896,1.09,1.0785,1.0799,24719922.8
2026-07-17 06:00:00,1.08,1.0872,1.0786,1.0867,15024928.9
2026-07-17 07:00:00,1.0867,1.0867,1.0817,1.0831,10085660.2
2026-07-17 08:00:00,1.0832,1.0856,1.0786,1.0842,11305382.9
2026-07-17 09:00:00,1.0842,1.0879,1.0839,1.0846,12645304.9
2026-07-17 10:00:00,1.0847,1.0878,1.0845,1.0859,15164243.1
2026-07-17 11:00:00,1.0859,1.0866,1.0831,1.0842,15515820.2
2026-07-17 12:00:00,1.0843,1.0844,1.0772,1.0776,16805451.2
2026-07-17 13:00:00,1.0776,1.0802,1.0691,1.0798,41638481.9
2026-07-17 14:00:00,1.0799,1.0861,1.0798,1.082,32264169.0
2026-07-17 15:00:00,1.0821,1.083,1.0737,1.0828,29635657.4
2026-07-17 16:00:00,1.0828,1.0895,1.0805,1.0859,17735366.4
2026-07-17 17:00:00,1.0858,1.0955,1.0858,1.0911,19822669.8
2026-07-17 18:00:00,1.0912,1.0935,1.0871,1.0916,15253537.5
2026-07-17 19:00:00,1.0915,1.0926,1.0849,1.0906,18260095.7
2026-07-17 20:00:00,1.0906,1.0907,1.0861,1.0881,8964556.0
2026-07-17 21:00:00,1.088,1.0908,1.0875,1.0879,9800170.7
2026-07-17 22:00:00,1.088,1.0885,1.0864,1.0878,12758375.0
2026-07-17 23:00:00,1.0877,1.0899,1.0862,1.0884,4896342.7
2026-07-18 00:00:00,1.0884,1.0906,1.0875,1.0878,6047463.7
2026-07-18 01:00:00,1.0877,1.0897,1.0868,1.0879,4745448.1
2026-07-18 02:00:00,1.0878,1.091,1.0875,1.0896,4620772.7
2026-07-18 03:00:00,1.0896,1.091,1.0885,1.0897,4193872.3
2026-07-18 04:00:00,1.0897,1.0897,1.0872,1.0874,3621525.3
2026-07-18 05:00:00,1.0874,1.089,1.0862,1.0874,6294264.4
2026-07-18 06:00:00,1.0874,1.0893,1.0863,1.0888,3936291.5
2026-07-18 07:00:00,1.0888,1.09,1.0873,1.0883,5488372.3
2026-07-18 08:00:00,1.0883,1.0912,1.087,1.0888,7964259.6
2026-07-18 09:00:00,1.0887,1.0891,1.0831,1.0857,14433562.9
2026-07-18 10:00:00,1.0857,1.0877,1.0855,1.0865,7167203.4
2026-07-18 11:00:00,1.0865,1.0891,1.0858,1.0881,8088322.7
2026-07-18 12:00:00,1.0882,1.0905,1.0852,1.0885,9897841.7
2026-07-18 13:00:00,1.0886,1.0886,1.0825,1.0852,11049550.6
2026-07-18 14:00:00,1.0853,1.0888,1.0843,1.0884,10048652.2
2026-07-18 15:00:00,1.0884,1.0891,1.0851,1.086,10400907.1
2026-07-18 16:00:00,1.0859,1.0902,1.0859,1.0893,8473897.3
2026-07-18 17:00:00,1.0893,1.0938,1.0871,1.0929,14403378.0
2026-07-18 18:00:00,1.0929,1.0956,1.0895,1.0903,14512072.4
2026-07-18 19:00:00,1.0903,1.0933,1.0899,1.0928,7120430.8
2026-07-18 20:00:00,1.0928,1.0962,1.092,1.0927,6855432.1
2026-07-18 21:00:00,1.0927,1.0979,1.0913,1.0932,11076840.1
2026-07-18 22:00:00,1.0932,1.0952,1.091,1.0929,8417229.4
2026-07-18 23:00:00,1.0928,1.0933,1.0906,1.0922,5807691.7
2026-07-19 00:00:00,1.0922,1.094,1.0913,1.094,8794079.7
2026-07-19 01:00:00,1.094,1.0941,1.0921,1.0934,5746215.8
2026-07-19 02:00:00,1.0933,1.0994,1.0933,1.0965,11911403.6
2026-07-19 03:00:00,1.0966,1.0973,1.0922,1.0943,7680686.4
2026-07-19 04:00:00,1.0944,1.098,1.0925,1.096,10461040.4
2026-07-19 05:00:00,1.096,1.0973,1.0949,1.0959,4624349.5
2026-07-19 06:00:00,1.0958,1.0978,1.0949,1.0957,6006416.1
2026-07-19 07:00:00,1.0956,1.0971,1.0943,1.0948,6439592.8
2026-07-19 08:00:00,1.0948,1.0979,1.0944,1.0976,6994387.3
2026-07-19 09:00:00,1.0976,1.0987,1.0941,1.0948,6874938.8
2026-07-19 10:00:00,1.0948,1.0991,1.0933,1.0974,8540379.3
2026-07-19 11:00:00,1.0974,1.099,1.0958,1.0964,5832154.7
2026-07-19 12:00:00,1.0965,1.0966,1.0903,1.0949,16298533.8
2026-07-19 13:00:00,1.0949,1.0953,1.0916,1.0937,5450430.2
2026-07-19 14:00:00,1.0937,1.1014,1.0919,1.0984,18530961.2
2026-07-19 15:00:00,1.0984,1.099,1.0964,1.0973,9172288.2
2026-07-19 16:00:00,1.0973,1.0978,1.0932,1.0933,10005598.8
2026-07-19 17:00:00,1.0933,1.096,1.088,1.0938,14584448.9
2026-07-19 18:00:00,1.0939,1.0939,1.0888,1.0921,10639064.6
2026-07-19 19:00:00,1.0921,1.095,1.091,1.0943,8265666.4
2026-07-19 20:00:00,1.0943,1.0975,1.0942,1.0964,6472498.7
2026-07-19 21:00:00,1.0964,1.0968,1.091,1.0925,7616318.6
2026-07-19 22:00:00,1.0925,1.1013,1.0916,1.097,15097679.0
2026-07-19 23:00:00,1.0971,1.098,1.0931,1.0972,10288717.4
2026-07-20 00:00:00,1.0973,1.1057,1.0927,1.0956,30723290.9
2026-07-20 01:00:00,1.0957,1.1083,1.0939,1.0961,25272065.1
2026-07-20 02:00:00,1.0961,1.1032,1.0954,1.1007,12151225.2
2026-07-20 03:00:00,1.1006,1.1016,1.0963,1.0995,9062667.5
2026-07-20 04:00:00,1.0995,1.1,1.0944,1.0952,8976568.0
2026-07-20 05:00:00,1.0952,1.0956,1.0855,1.0873,24891151.9
2026-07-20 06:00:00,1.0874,1.0889,1.0826,1.0847,18294068.6
2026-07-20 07:00:00,1.0848,1.0904,1.0823,1.0896,11743850.9
2026-07-20 08:00:00,1.0896,1.0914,1.0855,1.0875,14711604.0
2026-07-20 09:00:00,1.0875,1.0925,1.0863,1.0895,10500113.7
2026-07-20 10:00:00,1.0894,1.0946,1.0893,1.0924,10090139.3
2026-07-20 11:00:00,1.0923,1.1066,1.0915,1.1055,32354152.3
2026-07-20 12:00:00,1.1054,1.1056,1.0976,1.0994,21089162.2
2026-07-20 13:00:00,1.0995,1.1007,1.0887,1.0904,27488431.8
2026-07-20 14:00:00,1.0904,1.0946,1.0856,1.0927,19563331.2
2026-07-20 15:00:00,1.0928,1.1136,1.0925,1.1121,52845723.2
2026-07-20 16:00:00,1.1121,1.1146,1.1093,1.1137,28159449.0
2026-07-20 17:00:00,1.1136,1.1168,1.1102,1.1146,16926940.9
2026-07-20 18:00:00,1.1146,1.1204,1.113,1.1137,31322829.4
2026-07-20 19:00:00,1.1137,1.1179,1.1107,1.1164,24610056.5
2026-07-20 20:00:00,1.1163,1.1166,1.1123,1.1142,11334791.5
2026-07-20 21:00:00,1.1142,1.1181,1.114,1.1146,10592261.2
2026-07-20 22:00:00,1.1146,1.1147,1.1076,1.1092,19485780.5
2026-07-20 23:00:00,1.1092,1.1141,1.109,1.1118,6378801.4
2026-07-21 00:00:00,1.1118,1.1173,1.1105,1.1157,8854473.2
2026-07-21 01:00:00,1.1156,1.12,1.113,1.1134,12951689.1
2026-07-21 02:00:00,1.1134,1.121,1.1115,1.1185,9323587.5
2026-07-21 03:00:00,1.1185,1.1256,1.1185,1.1237,15522016.0
2026-07-21 04:00:00,1.1237,1.128,1.1209,1.1259,17806347.5
2026-07-21 05:00:00,1.1259,1.1385,1.1248,1.1306,45969917.0
2026-07-21 06:00:00,1.1306,1.1363,1.1283,1.1335,16127524.4
2026-07-21 07:00:00,1.1336,1.136,1.1307,1.1356,13915556.1
2026-07-21 08:00:00,1.1356,1.1373,1.132,1.1325,14115468.7
2026-07-21 09:00:00,1.1325,1.1361,1.1304,1.1342,9629445.4
2026-07-21 10:00:00,1.1343,1.135,1.1292,1.131,12014423.5
2026-07-21 11:00:00,1.1309,1.1367,1.129,1.1359,14035556.9
2026-07-21 12:00:00,1.1359,1.1413,1.1339,1.1411,20224841.3
2026-07-21 13:00:00,1.1411,1.1446,1.1376,1.1404,38121608.8
2026-07-21 14:00:00,1.1404,1.1514,1.1391,1.148,34716523.1
2026-07-21 15:00:00,1.1479,1.1565,1.1444,1.1543,35410194.3
2026-07-21 16:00:00,1.1542,1.1579,1.1479,1.1502,24948560.8
2026-07-21 17:00:00,1.1502,1.1615,1.1477,1.1574,32054916.9
2026-07-21 18:00:00,1.1574,1.1637,1.1525,1.1576,29157550.1
2026-07-21 19:00:00,1.1576,1.1641,1.1525,1.1565,30665563.9
2026-07-21 20:00:00,1.1565,1.157,1.1478,1.1483,25994319.9
2026-07-21 21:00:00,1.1483,1.1484,1.1446,1.1463,16277137.3
2026-07-21 22:00:00,1.1464,1.1465,1.139,1.1417,24750126.3
2026-07-21 23:00:00,1.1417,1.1434,1.1377,1.1432,14579801.2
2026-07-22 00:00:00,1.1432,1.1473,1.1415,1.1452,18632169.2
2026-07-22 01:00:00,1.1452,1.1457,1.1415,1.1437,9508671.7
2026-07-22 02:00:00,1.1437,1.1457,1.1402,1.1408,8215012.3
2026-07-22 03:00:00,1.1408,1.1414,1.1376,1.1384,12855055.4
2026-07-22 04:00:00,1.1384,1.1417,1.1379,1.1414,9460419.2
2026-07-22 05:00:00,1.1415,1.1416,1.1326,1.1329,19012393.6
2026-07-22 06:00:00,1.1328,1.1338,1.1287,1.1316,20799763.4
2026-07-22 07:00:00,1.1317,1.1333,1.1282,1.1304,13215584.7
2026-07-22 08:00:00,1.1305,1.1354,1.1303,1.1341,13135430.5
2026-07-22 09:00:00,1.1341,1.1359,1.1319,1.1344,11305163.8
2026-07-22 10:00:00,1.1345,1.1389,1.1337,1.1382,11013913.2
2026-07-22 11:00:00,1.1382,1.1398,1.1365,1.1381,10836863.7
2026-07-22 12:00:00,1.1382,1.1382,1.1325,1.1361,16013170.2
2026-07-22 13:00:00,1.1362,1.1436,1.1347,1.1422,18525571.8
2026-07-22 14:00:00,1.1423,1.1494,1.1357,1.1417,30479078.0
2026-07-22 15:00:00,1.1417,1.1556,1.1417,1.1507,31796411.4
2026-07-22 16:00:00,1.1508,1.1569,1.1462,1.153,23622982.2
2026-07-22 17:00:00,1.1529,1.1533,1.1437,1.1472,14990975.9
2026-07-22 18:00:00,1.1472,1.1481,1.1382,1.141,17112064.3
2026-07-22 19:00:00,1.141,1.1421,1.1353,1.1366,17362607.8
2026-07-22 20:00:00,1.1366,1.1386,1.1335,1.1375,13895080.9
2026-07-22 21:00:00,1.1375,1.1419,1.1373,1.1418,9794334.7
2026-07-22 22:00:00,1.1418,1.1423,1.138,1.1419,11598063.1
2026-07-22 23:00:00,1.142,1.1423,1.1353,1.1415,7902328.5
2026-07-23 00:00:00,1.1414,1.1446,1.1395,1.1405,11538403.9
2026-07-23 01:00:00,1.1404,1.1423,1.1373,1.139,8726245.6
2026-07-23 02:00:00,1.139,1.139,1.1334,1.1375,11810614.7
2026-07-23 03:00:00,1.1375,1.1378,1.1327,1.1333,12534037.0
2026-07-23 04:00:00,1.1332,1.1371,1.1318,1.1354,10738168.7
2026-07-23 05:00:00,1.1354,1.1373,1.1328,1.1338,8137501.6
2026-07-23 06:00:00,1.1338,1.1366,1.1327,1.1361,6431863.6
2026-07-23 07:00:00,1.1361,1.1362,1.1293,1.1331,16251855.4
2026-07-23 08:00:00,1.1331,1.1362,1.132,1.1352,12047953.2
2026-07-23 09:00:00,1.1352,1.1369,1.1321,1.1321,8597423.4
2026-07-23 10:00:00,1.1321,1.136,1.131,1.1343,7896927.7
2026-07-23 11:00:00,1.1343,1.1358,1.1311,1.1321,8091682.6
2026-07-23 12:00:00,1.1321,1.1333,1.1187,1.1213,45919308.5
2026-07-23 13:00:00,1.1213,1.1214,1.1106,1.1108,55300669.7
2026-07-23 14:00:00,1.1109,1.1154,1.1076,1.1093,28750450.3
2026-07-23 15:00:00,1.1093,1.1139,1.1032,1.112,36727137.8
2026-07-23 16:00:00,1.112,1.1122,1.107,1.108,16592343.1
2026-07-23 17:00:00,1.108,1.1098,1.1001,1.1024,22155226.3
2026-07-23 18:00:00,1.1024,1.106,1.1019,1.1048,12933936.9
2026-07-23 19:00:00,1.1048,1.1064,1.1019,1.104,15160049.0
2026-07-23 20:00:00,1.1039,1.1126,1.1039,1.1123,20427164.1
2026-07-23 21:00:00,1.1123,1.1137,1.1087,1.11,12531720.7
2026-07-23 22:00:00,1.11,1.1129,1.1073,1.1117,10253847.3
2026-07-23 23:00:00,1.1117,1.1123,1.1061,1.1073,7975675.8
2026-07-24 00:00:00,1.1073,1.1081,1.1032,1.1069,20307377.9
2026-07-24 01:00:00,1.1069,1.1102,1.1063,1.1086,10571131.2
2026-07-24 02:00:00,1.1086,1.1094,1.1043,1.1058,9939036.3
2026-07-24 03:00:00,1.1058,1.1118,1.1051,1.1105,9645314.6
2026-07-24 04:00:00,1.1105,1.1108,1.1057,1.1066,8115222.3
2026-07-24 05:00:00,1.1066,1.11,1.1056,1.1095,6035110.8
2026-07-24 06:00:00,1.1094,1.1144,1.1091,1.1131,10812579.3
2026-07-24 07:00:00,1.1131,1.121,1.1102,1.1133,32011208.4
2026-07-24 08:00:00,1.1133,1.1143,1.1109,1.1111,8859358.0
2026-07-24 09:00:00,1.1111,1.1118,1.1071,1.1079,14858419.0
2026-07-24 10:00:00,1.1079,1.1084,1.1044,1.1065,10315125.5
2026-07-24 11:00:00,1.1064,1.1068,1.1011,1.1034,22152649.2
2026-07-24 12:00:00,1.1034,1.1049,1.0992,1.0993,18288713.3
2026-07-24 13:00:00,1.0993,1.0999,1.0881,1.0923,47337591.7
2026-07-24 14:00:00,1.0923,1.093,1.086,1.0922,22367097.7
2026-07-24 15:00:00,1.0923,1.0939,1.0878,1.0905,18481453.2
2026-07-24 16:00:00,1.0906,1.0915,1.0849,1.0861,15461276.9
2026-07-24 17:00:00,1.086,1.0901,1.085,1.0885,12744570.7
2026-07-24 18:00:00,1.0884,1.0885,1.0843,1.0867,10748458.3
2026-07-24 19:00:00,1.0866,1.09,1.0845,1.0887,11120574.7
2026-07-24 20:00:00,1.0887,1.0915,1.0884,1.0902,7739114.9
2026-07-24 21:00:00,1.0901,1.0909,1.088,1.0885,7984934.0
2026-07-24 22:00:00,1.0884,1.0922,1.088,1.0911,5966221.7
2026-07-24 23:00:00,1.0911,1.0927,1.0901,1.0913,12606563.7
2026-07-25 00:00:00,1.0913,1.0936,1.0909,1.0931,13282662.9
2026-07-25 01:00:00,1.0931,1.0945,1.0918,1.093,10028633.1
2026-07-25 02:00:00,1.0929,1.0943,1.0906,1.0931,13112143.6
2026-07-25 03:00:00,1.0931,1.0937,1.0908,1.0909,7879427.1
2026-07-25 04:00:00,1.0909,1.0939,1.0906,1.093,8274708.4
2026-07-25 05:00:00,1.0929,1.0935,1.0894,1.0909,7423374.2
2026-07-25 06:00:00,1.0908,1.0918,1.087,1.0892,10152914.7
2026-07-25 07:00:00,1.0892,1.0894,1.0866,1.0873,6496249.4
2026-07-25 08:00:00,1.0872,1.0883,1.0847,1.0864,9931844.9
2026-07-25 09:00:00,1.0863,1.0892,1.0854,1.088,5146711.0
2026-07-25 10:00:00,1.0879,1.0903,1.0879,1.0902,4883946.5
2026-07-25 11:00:00,1.0902,1.091,1.0886,1.0894,5253983.6
2026-07-25 12:00:00,1.0894,1.0906,1.0885,1.0906,5407140.4
2026-07-25 13:00:00,1.0905,1.093,1.0902,1.091,6847149.0
2026-07-25 14:00:00,1.091,1.0933,1.0898,1.0928,5989788.8
2026-07-25 15:00:00,1.0928,1.0999,1.0927,1.0979,14977026.2
2026-07-25 16:00:00,1.0978,1.1029,1.0968,1.1023,12241543.3
2026-07-25 17:00:00,1.1022,1.1073,1.1006,1.1029,13389559.6
2026-07-25 18:00:00,1.1028,1.1055,1.101,1.1023,7324184.7
2026-07-25 19:00:00,1.1022,1.1027,1.0987,1.1001,9817867.7
2026-07-25 20:00:00,1.1,1.1005,1.0975,1.098,5496859.3
2026-07-25 21:00:00,1.0979,1.1002,1.0967,1.0988,8500324.1
2026-07-25 22:00:00,1.0988,1.1006,1.0976,1.1,11955803.4
2026-07-25 23:00:00,1.0999,1.1005,1.0971,1.0971,4513400.5
2026-07-26 00:00:00,1.0971,1.0998,1.0964,1.0993,7234862.9
2026-07-26 01:00:00,1.0993,1.1003,1.0983,1.0993,5141327.2
2026-07-26 02:00:00,1.0993,1.1006,1.098,1.1001,4701809.1
2026-07-26 03:00:00,1.1,1.1018,1.0989,1.1011,5604211.4
2026-07-26 04:00:00,1.1011,1.104,1.0989,1.1014,9338291.9
2026-07-26 05:00:00,1.1015,1.1015,1.0981,1.0989,9581096.8
2026-07-26 06:00:00,1.0989,1.1002,1.0949,1.0998,11987111.5
2026-07-26 07:00:00,1.0997,1.1005,1.0971,1.0983,7506998.1
2026-07-26 08:00:00,1.0983,1.0992,1.0978,1.099,4122616.2
2026-07-26 09:00:00,1.0991,1.1007,1.0984,1.0992,5548262.2
2026-07-26 10:00:00,1.0992,1.1012,1.0983,1.1002,5660358.8
2026-07-26 11:00:00,1.1001,1.1008,1.0994,1.1,4201345.8
2026-07-26 12:00:00,1.1,1.1024,1.0979,1.098,10679776.1
2026-07-26 13:00:00,1.098,1.0983,1.0957,1.0972,8631435.4
2026-07-26 14:00:00,1.0971,1.1011,1.0955,1.0995,18587587.8
2026-07-26 15:00:00,1.0995,1.1047,1.0987,1.104,15153091.1
2026-07-26 16:00:00,1.1039,1.1067,1.1014,1.1027,13351189.7
2026-07-26 17:00:00,1.1026,1.1029,1.1004,1.1013,5538930.0
2026-07-26 18:00:00,1.1014,1.1026,1.1002,1.1024,3700364.6
2026-07-26 19:00:00,1.1024,1.1028,1.1007,1.1017,3231521.0
2026-07-26 20:00:00,1.1017,1.1021,1.1001,1.1003,3001571.4
2026-07-26 21:00:00,1.1003,1.1053,1.0995,1.1033,7161599.8
2026-07-26 22:00:00,1.1033,1.1134,1.1033,1.1121,31049839.1
2026-07-26 23:00:00,1.112,1.1163,1.1097,1.1125,22190210.5
2026-07-27 00:00:00,1.1126,1.1129,1.1073,1.1085,13957314.1
2026-07-27 01:00:00,1.1084,1.1099,1.1019,1.1075,13928269.2
2026-07-27 02:00:00,1.1075,1.1083,1.1046,1.1053,7274683.9
2026-07-27 03:00:00,1.1052,1.1078,1.1035,1.107,6806952.2
2026-07-27 04:00:00,1.107,1.1095,1.1052,1.1059,6522621.2
2026-07-27 05:00:00,1.1059,1.1101,1.1055,1.11,7674575.5
2026-07-27 06:00:00,1.1099,1.1148,1.1094,1.1103,16101906.1
2026-07-27 07:00:00,1.1103,1.1112,1.106,1.107,10950551.5
2026-07-27 08:00:00,1.107,1.1076,1.1049,1.1061,8364220.4
2026-07-27 09:00:00,1.106,1.1088,1.1035,1.1075,11197847.9
2026-07-27 10:00:00,1.1075,1.109,1.1065,1.1074,6045411.4
2026-07-27 11:00:00,1.1074,1.1094,1.1034,1.1046,13061802.6
2026-07-27 12:00:00,1.1046,1.1067,1.0984,1.1045,26872728.3
2026-07-27 13:00:00,1.1044,1.1136,1.1017,1.1071,28972241.2
2026-07-27 14:00:00,1.1071,1.1079,1.0846,1.0899,64820989.8
2026-07-27 15:00:00,1.0898,1.0913,1.0853,1.0856,18636716.9
2026-07-27 16:00:00,1.0857,1.0949,1.0851,1.0931,19848494.1
2026-07-27 17:00:00,1.0931,1.0955,1.0907,1.0935,13075963.3
2026-07-27 18:00:00,1.0935,1.0943,1.086,1.0895,18245144.1
2026-07-27 19:00:00,1.0896,1.0948,1.0877,1.0918,18947683.1
2026-07-27 20:00:00,1.0918,1.0932,1.0884,1.0905,8140518.6
2026-07-27 21:00:00,1.0905,1.0912,1.0855,1.0861,9870547.5
2026-07-27 22:00:00,1.0861,1.0862,1.0653,1.0663,76188923.6
2026-07-27 23:00:00,1.0663,1.0682,1.0621,1.0652,32250220.4
2026-07-28 00:00:00,1.0653,1.0656,1.0576,1.0583,24296206.5
2026-07-28 01:00:00,1.0584,1.0617,1.0539,1.0571,25481865.9
2026-07-28 02:00:00,1.0571,1.059,1.0551,1.0568,16250297.7
2026-07-28 03:00:00,1.0569,1.0598,1.0563,1.0577,14928419.8
2026-07-28 04:00:00,1.0578,1.0579,1.0551,1.0558,11909726.3
2026-07-28 05:00:00,1.0559,1.0603,1.0557,1.0571,12728606.1
2026-07-28 06:00:00,1.0572,1.0599,1.055,1.0593,15211408.2
2026-07-28 07:00:00,1.0594,1.0598,1.0536,1.0553,15290991.3
2026-07-28 08:00:00,1.0554,1.0569,1.0536,1.0559,12591479.3
2026-07-28 09:00:00,1.0559,1.0594,1.0546,1.0557,14264062.2
2026-07-28 10:00:00,1.0557,1.0568,1.0519,1.0548,21781968.2
2026-07-28 11:00:00,1.0549,1.0552,1.0475,1.0488,37489297.0
2026-07-28 12:00:00,1.0487,1.0539,1.0478,1.0533,21048422.8
2026-07-28 13:00:00,1.0533,1.0552,1.0445,1.0502,46316406.3
2026-07-28 14:00:00,1.0503,1.0552,1.046,1.0536,21363505.1
2026-07-28 15:00:00,1.0537,1.0674,1.0515,1.0646,40757788.7
2026-07-28 16:00:00,1.0647,1.0661,1.0614,1.0632,14091891.5
2026-07-28 17:00:00,1.0632,1.0633,1.0548,1.0575,16675080.8
2026-07-28 18:00:00,1.0575,1.06,1.0549,1.0575,9831219.6
2026-07-28 19:00:00,1.0575,1.0627,1.0567,1.0607,16495865.5
2026-07-28 20:00:00,1.0606,1.0633,1.0596,1.063,15314156.7
2026-07-28 21:00:00,1.0631,1.0693,1.063,1.0685,16448873.3
2026-07-28 22:00:00,1.0685,1.0702,1.0625,1.0629,19779340.6
2026-07-28 23:00:00,1.0628,1.0694,1.0587,1.0686,29866425.7
2026-07-29 00:00:00,1.0686,1.08,1.0685,1.0787,37939455.8
2026-07-29 01:00:00,1.0788,1.0805,1.0709,1.0715,24690286.0
2026-07-29 02:00:00,1.0715,1.0821,1.0696,1.0791,23152062.4
2026-07-29 03:00:00,1.0791,1.0807,1.0705,1.0711,22129728.5
2026-07-29 04:00:00,1.0711,1.0805,1.0675,1.08,35221769.5
2026-07-29 05:00:00,1.0801,1.0909,1.08,1.0856,43451240.4
2026-07-29 06:00:00,1.0855,1.0896,1.0825,1.0875,19092101.7
2026-07-29 07:00:00,1.0875,1.0901,1.0859,1.0899,12871224.6
2026-07-29 08:00:00,1.0899,1.0911,1.0848,1.0867,20981868.9
2026-07-29 09:00:00,1.0867,1.0934,1.0866,1.088,15805921.3
2026-07-29 10:00:00,1.088,1.0896,1.086,1.0871,12887741.7
2026-07-29 11:00:00,1.0871,1.0886,1.0836,1.0838,14599815.8
2026-07-29 12:00:00,1.0838,1.0841,1.0748,1.0777,23030393.8
2026-07-29 13:00:00,1.0777,1.0782,1.0704,1.0753,20538791.5
2026-07-29 14:00:00,1.0753,1.0762,1.0688,1.0718,22404393.9
2026-07-29 15:00:00,1.0719,1.0734,1.0663,1.0676,17942797.1
2026-07-29 16:00:00,1.0677,1.072,1.0656,1.0695,16430997.0
2026-07-29 17:00:00,1.0695,1.0802,1.0694,1.08,19513450.0
2026-07-29 18:00:00,1.08,1.0908,1.0757,1.0865,58622200.4
2026-07-29 19:00:00,1.0865,1.0895,1.0672,1.0691,40069232.5
2026-07-29 20:00:00,1.0692,1.0703,1.0615,1.0654,34623532.1
2026-07-29 21:00:00,1.0654,1.0784,1.0632,1.0743,22158587.3
2026-07-29 22:00:00,1.0743,1.079,1.0729,1.0739,14496327.5
2026-07-29 23:00:00,1.0739,1.0749,1.0701,1.0733,10059056.2
2026-07-30 00:00:00,1.0733,1.0765,1.0679,1.0702,12871385.0
2026-07-30 01:00:00,1.0701,1.0807,1.0696,1.0778,18568566.8
2026-07-30 02:00:00,1.0779,1.0801,1.0748,1.0751,8059123.9
2026-07-30 03:00:00,1.075,1.0776,1.074,1.075,6567874.0
2026-07-30 04:00:00,1.0749,1.0758,1.0725,1.0739,6732576.4
2026-07-30 05:00:00,1.0738,1.0778,1.0718,1.0759,8184383.2
2026-07-30 06:00:00,1.0758,1.0772,1.0722,1.0732,5314698.3
2026-07-30 07:00:00,1.0733,1.0794,1.073,1.0763,14603138.5
2026-07-30 08:00:00,1.0764,1.0803,1.0745,1.078,8974521.0
2026-07-30 09:00:00,1.078,1.0824,1.0779,1.0806,10150980.3
2026-07-30 10:00:00,1.0806,1.0824,1.0776,1.0788,10365456.8
2026-07-30 11:00:00,1.0787,1.0845,1.0781,1.0834,10297939.3
2026-07-30 12:00:00,1.0835,1.0855,1.0813,1.0829,15792952.7
2026-07-30 13:00:00,1.083,1.0886,1.0791,1.085,22247242.1
2026-07-30 14:00:00,1.085,1.0902,1.081,1.087,21038197.5
2026-07-30 15:00:00,1.087,1.0949,1.0852,1.0918,22123807.1
2026-07-30 16:00:00,1.0918,1.0936,1.0881,1.0895,13299720.2
2026-07-30 17:00:00,1.0896,1.0927,1.0867,1.0905,11389844.0
2026-07-30 18:00:00,1.0905,1.0922,1.0845,1.0851,11679192.0
2026-07-30 19:00:00,1.0851,1.0905,1.0845,1.0895,12528165.5
2026-07-30 20:00:00,1.0894,1.0919,1.0846,1.0851,11580702.4
2026-07-30 21:00:00,1.0851,1.0867,1.0836,1.0841,5091561.0
2026-07-30 22:00:00,1.084,1.0887,1.0831,1.0855,8022481.7
2026-07-30 23:00:00,1.0855,1.0894,1.0818,1.0824,17590064.7
2026-07-31 00:00:00,1.0825,1.085,1.0807,1.0816,11788012.1
2026-07-31 01:00:00,1.0816,1.0897,1.0784,1.0802,23676662.5
2026-07-31 02:00:00,1.0802,1.0821,1.0783,1.0803,10885678.7
2026-07-31 03:00:00,1.0803,1.0825,1.0775,1.0812,10005946.3
2026-07-31 04:00:00,1.0812,1.0823,1.0803,1.0811,6049538.9
2026-07-31 05:00:00,1.0812,1.0828,1.0785,1.0797,6144393.4
2026-07-31 06:00:00,1.0797,1.0837,1.0789,1.0797,13794523.4
2026-07-31 07:00:00,1.0798,1.0798,1.0732,1.079,24219277.4
2026-07-31 08:00:00,1.079,1.0799,1.075,1.0768,8038240.6
2026-07-31 09:00:00,1.0767,1.0771,1.0707,1.0717,10474643.2
2026-07-31 10:00:00,1.0716,1.0745,1.0705,1.0731,8885442.6
2026-07-31 11:00:00,1.0731,1.0754,1.0707,1.0721,7714885.9
2026-07-31 12:00:00,1.0722,1.0723,1.0696,1.0718,9781392.7
2026-07-31 13:00:00,1.0718,1.0737,1.0653,1.0658,21275771.5
2026-07-31 14:00:00,1.0657,1.0672,1.0565,1.0626,69856020.6
2026-07-31 15:00:00,1.0626,1.0646,1.0577,1.06,20057141.3
2026-07-31 16:00:00,1.06,1.0634,1.0596,1.0631,11538397.9
2026-07-31 17:00:00,1.063,1.0705,1.0627,1.0692,13897261.2
2026-07-31 18:00:00,1.0691,1.0701,1.0629,1.0648,12302129.2
2026-07-31 19:00:00,1.0647,1.066,1.0603,1.061,15690805.9
2026-07-31 20:00:00,1.061,1.0645,1.061,1.0615,8884998.2
2026-07-31 21:00:00,1.0614,1.0648,1.0588,1.0604,10422390.7
2026-07-31 22:00:00,1.0603,1.0638,1.0591,1.0614,7838862.9
2026-07-31 23:00:00,1.0613,1.0634,1.0604,1.0613,5663467.6
2026-08-01 00:00:00,1.0613,1.0633,1.0613,1.0625,6445347.8
2026-08-01 01:00:00,1.0626,1.0648,1.0625,1.0646,6450422.7
2026-08-01 02:00:00,1.0645,1.0662,1.0645,1.0652,4226349.6
2026-08-01 03:00:00,1.0652,1.066,1.0638,1.0655,4633565.4
2026-08-01 04:00:00,1.0655,1.0668,1.065,1.0664,2308141.4
2026-08-01 05:00:00,1.0664,1.0664,1.0621,1.0636,4786209.6
2026-08-01 06:00:00,1.0635,1.0649,1.0626,1.0634,4505277.3
2026-08-01 07:00:00,1.0634,1.0638,1.0609,1.0616,5887085.6
2026-08-01 08:00:00,1.0615,1.0624,1.0609,1.0619,4955829.2
2026-08-01 09:00:00,1.0619,1.0628,1.0606,1.0607,4688020.0
2026-08-01 10:00:00,1.0606,1.0633,1.0594,1.0622,6143246.5
2026-08-01 11:00:00,1.0621,1.0633,1.0613,1.0632,3054055.5
2026-08-01 12:00:00,1.0632,1.0644,1.0628,1.0639,3702060.8
2026-08-01 13:00:00,1.0639,1.0644,1.0626,1.063,3833480.7
2026-08-01 14:00:00,1.063,1.0658,1.063,1.0658,4984887.3
2026-08-01 15:00:00,1.0658,1.0659,1.0623,1.0624,5057816.5
2026-08-01 16:00:00,1.0623,1.064,1.0592,1.0606,9440555.1
2026-08-01 17:00:00,1.0605,1.0614,1.0565,1.0585,13665695.7
2026-08-01 18:00:00,1.0585,1.0594,1.0464,1.0528,45802298.9
2026-08-01 19:00:00,1.0527,1.0539,1.0508,1.0517,10813685.0
2026-08-01 20:00:00,1.0517,1.0558,1.051,1.0549,8728575.3
2026-08-01 21:00:00,1.0549,1.0604,1.0548,1.0598,14400946.7
2026-08-01 22:00:00,1.0598,1.0618,1.0591,1.0601,8325775.4
2026-08-01 23:00:00,1.0601,1.0615,1.059,1.06,5308695.2
2026-08-02 00:00:00,1.06,1.0622,1.06,1.062,8446031.7
2026-08-02 01:00:00,1.062,1.068,1.0619,1.0659,17459501.4
2026-08-02 02:00:00,1.0659,1.0758,1.0658,1.0757,22065188.2
2026-08-02 03:00:00,1.0756,1.0799,1.0743,1.077,13457494.4
2026-08-02 04:00:00,1.0769,1.0836,1.0765,1.0815,18828461.1
2026-08-02 05:00:00,1.0814,1.0839,1.0801,1.0827,14360407.5
2026-08-02 06:00:00,1.0826,1.0854,1.081,1.0822,9309363.6
2026-08-02 07:00:00,1.0821,1.0848,1.0814,1.0832,10921843.2
2026-08-02 08:00:00,1.0832,1.084,1.0784,1.0796,15663535.6
2026-08-02 09:00:00,1.0796,1.0834,1.0762,1.0824,15118603.6
2026-08-02 10:00:00,1.0823,1.0824,1.079,1.0806,6138152.8
2026-08-02 11:00:00,1.0805,1.0822,1.0778,1.0792,10509404.1
2026-08-02 12:00:00,1.0792,1.0812,1.077,1.077,9751087.8
2026-08-02 13:00:00,1.077,1.081,1.0768,1.0805,7720291.6
2026-08-02 14:00:00,1.0805,1.0827,1.0793,1.0811,6737482.3
2026-08-02 15:00:00,1.0811,1.0824,1.0794,1.0799,5013283.2
2026-08-02 17:00:00,1.0803,1.0828,1.0798,1.0816,4557955.2
2026-08-02 18:00:00,1.0816,1.0868,1.0803,1.081,14257643.0
2026-08-02 19:00:00,1.0809,1.0823,1.0796,1.0814,5532042.2
2026-08-02 20:00:00,1.0814,1.0818,1.0797,1.081,4616609.5
2026-08-02 21:00:00,1.0809,1.0898,1.0809,1.0861,14000835.9
2026-08-02 22:00:00,1.0861,1.0929,1.085,1.085,18133818.0
2026-08-02 23:00:00,1.085,1.0866,1.082,1.0865,10010513.0
2026-08-03 00:00:00,1.0866,1.0875,1.0796,1.0807,13929067.5
2026-08-03 01:00:00,1.0806,1.0811,1.0741,1.0751,16927837.4
2026-08-03 02:00:00,1.075,1.0768,1.0725,1.0737,11124735.0
2026-08-03 03:00:00,1.0737,1.0739,1.0672,1.0707,13848867.7
2026-08-03 04:00:00,1.0707,1.0731,1.0697,1.0697,10347013.5
2026-08-03 05:00:00,1.0697,1.0725,1.0694,1.0719,8520895.2
2026-08-03 06:00:00,1.0719,1.0727,1.0675,1.0679,9707147.6
2026-08-03 07:00:00,1.0679,1.0693,1.0653,1.0676,13864706.3
2026-08-03 08:00:00,1.0677,1.0683,1.0621,1.0671,19383338.8
2026-08-03 09:00:00,1.067,1.0717,1.0663,1.0711,12361752.5
2026-08-03 10:00:00,1.0711,1.0721,1.0678,1.0696,8991096.7
2026-08-03 11:00:00,1.0696,1.0699,1.0632,1.064,18119741.9
2026-08-03 12:00:00,1.0639,1.066,1.0637,1.0656,10952669.0
2026-08-03 13:00:00,1.0655,1.0758,1.0649,1.0755,28252109.7
2026-08-03 14:00:00,1.0754,1.0831,1.072,1.0824,35452174.9
2026-08-03 15:00:00,1.0824,1.0868,1.0778,1.0834,29650811.8
2026-08-03 16:00:00,1.0835,1.0847,1.0788,1.0816,12925317.1
2026-08-03 17:00:00,1.0816,1.0846,1.0796,1.0808,12753166.9
2026-08-03 18:00:00,1.0809,1.0839,1.0802,1.0816,6437938.5
2026-08-03 19:00:00,1.0816,1.0827,1.0784,1.0796,9110210.8
2026-08-03 20:00:00,1.0797,1.0835,1.0786,1.0835,10254208.1
2026-08-03 21:00:00,1.0835,1.0837,1.0794,1.0796,6984528.4
2026-08-03 22:00:00,1.0796,1.08,1.0737,1.0756,14227984.7
2026-08-03 23:00:00,1.0756,1.0756,1.0727,1.0754,8698938.1
2026-08-04 00:00:00,1.0753,1.0761,1.0695,1.0701,16693389.7
2026-08-04 01:00:00,1.0701,1.0789,1.0693,1.0778,17363659.3
2026-08-04 02:00:00,1.0779,1.0804,1.0745,1.0776,10115083.6
2026-08-04 03:00:00,1.0776,1.0784,1.0738,1.077,8172469.8
2026-08-04 04:00:00,1.0771,1.0816,1.0758,1.0788,12158720.2
2026-08-04 05:00:00,1.0787,1.0797,1.0758,1.0759,5298700.8
2026-08-04 06:00:00,1.0759,1.0768,1.0723,1.0734,10545660.6
2026-08-04 07:00:00,1.0735,1.0793,1.0713,1.0783,10615211.2
2026-08-04 08:00:00,1.0784,1.0794,1.0735,1.0745,8230773.5
2026-08-04 09:00:00,1.0746,1.0746,1.0719,1.0726,5003686.5
2026-08-04 10:00:00,1.0727,1.0768,1.0699,1.0746,13823168.0
2026-08-04 11:00:00,1.0746,1.0788,1.0736,1.0787,9714084.7
2026-08-04 12:00:00,1.0787,1.0789,1.0751,1.0761,10303782.2
2026-08-04 13:00:00,1.076,1.0785,1.0708,1.0715,21085273.6
2026-08-04 14:00:00,1.0715,1.0765,1.0703,1.0756,19670751.3
2026-08-04 15:00:00,1.0757,1.0799,1.0716,1.0769,19365101.8
2026-08-04 16:00:00,1.0769,1.0771,1.073,1.0739,7448475.0
2026-08-04 17:00:00,1.074,1.0779,1.072,1.0732,12059276.1
2026-08-04 18:00:00,1.0731,1.0794,1.073,1.0766,15608403.2
2026-08-04 19:00:00,1.0766,1.0827,1.0754,1.0798,20838163.3
2026-08-04 20:00:00,1.0797,1.0798,1.0736,1.0776,16067729.7
2026-08-04 21:00:00,1.0775,1.0779,1.0756,1.0759,5080533.7
2026-08-04 22:00:00,1.0758,1.0769,1.0738,1.0757,6278896.0
2026-08-04 23:00:00,1.0756,1.0785,1.0729,1.0733,13308654.7
2026-08-05 00:00:00,1.0732,1.0738,1.0686,1.0697,13884565.2
2026-08-05 01:00:00,1.0697,1.073,1.0677,1.0727,11372867.2
2026-08-05 02:00:00,1.0727,1.0767,1.0721,1.0738,13535683.2
2026-08-05 03:00:00,1.0737,1.0746,1.0654,1.067,22909494.4
2026-08-05 04:00:00,1.0671,1.0674,1.0658,1.0665,8374904.7
2026-08-05 05:00:00,1.0666,1.0724,1.0663,1.0692,10493658.2
2026-08-05 06:00:00,1.0691,1.0704,1.0678,1.0683,6616732.8
2026-08-05 07:00:00,1.0683,1.0687,1.0635,1.0665,16029784.7
2026-08-05 08:00:00,1.0666,1.0673,1.0645,1.0651,7285615.1
2026-08-05 09:00:00,1.0651,1.0664,1.064,1.064,5542901.5
2026-08-05 10:00:00,1.064,1.0643,1.0607,1.0611,18450608.8
2026-08-05 11:00:00,1.0612,1.0622,1.0596,1.0605,15190302.9
2026-08-05 12:00:00,1.0606,1.0685,1.0602,1.0633,23778502.1
2026-08-05 13:00:00,1.0633,1.0639,1.054,1.0614,44854578.4
2026-08-05 14:00:00,1.0613,1.0652,1.0591,1.0647,21617358.5
2026-08-05 15:00:00,1.0646,1.0667,1.06,1.0602,18534298.1
2026-08-05 16:00:00,1.0602,1.0688,1.06,1.0669,14809433.6
2026-08-05 17:00:00,1.0669,1.0716,1.0662,1.0699,17568340.3
2026-08-05 18:00:00,1.0699,1.0728,1.0681,1.0691,12371331.2
2026-08-05 19:00:00,1.069,1.0715,1.0681,1.0694,14707902.2
2026-08-05 20:00:00,1.0695,1.0722,1.0671,1.0693,12518076.6
2026-08-05 21:00:00,1.0694,1.0694,1.0621,1.0646,18323948.3
2026-08-05 22:00:00,1.0646,1.0651,1.0616,1.0617,10410326.3
2026-08-05 23:00:00,1.0617,1.0629,1.06,1.0617,10427313.4
2026-08-06 00:00:00,1.0617,1.0632,1.0606,1.062,8156473.9
2026-08-06 01:00:00,1.062,1.0621,1.0524,1.0533,28107699.3
2026-08-06 02:00:00,1.0532,1.0543,1.0408,1.0464,81460084.1
2026-08-06 03:00:00,1.0465,1.0472,1.0405,1.0428,26310009.7
2026-08-06 04:00:00,1.0429,1.0478,1.0388,1.0472,25638965.0
2026-08-06 05:00:00,1.0473,1.0518,1.0473,1.0518,23712840.4
2026-08-06 06:00:00,1.0517,1.0519,1.0491,1.0514,10916866.2
2026-08-06 07:00:00,1.0513,1.0515,1.0478,1.0487,10352383.6
2026-08-06 08:00:00,1.0487,1.0582,1.0476,1.0553,24257166.7
2026-08-06 09:00:00,1.0553,1.0564,1.041,1.0447,38226280.4
2026-08-06 10:00:00,1.0447,1.0472,1.0418,1.0471,13739783.4
2026-08-06 11:00:00,1.0471,1.0512,1.045,1.0499,12481898.4
2026-08-06 12:00:00,1.05,1.05,1.0456,1.0461,10856164.2
2026-08-06 13:00:00,1.0462,1.047,1.042,1.0451,24093883.3
2026-08-06 14:00:00,1.0451,1.0478,1.0417,1.0472,20752784.1
2026-08-06 15:00:00,1.0472,1.054,1.0469,1.0487,28347982.7
2026-08-06 16:00:00,1.0487,1.0494,1.0425,1.0453,22635056.9
2026-08-06 17:00:00,1.0453,1.0486,1.0395,1.0409,20978305.8
2026-08-06 18:00:00,1.0409,1.0424,1.0332,1.0353,42705612.4
2026-08-06 19:00:00,1.0352,1.0381,1.0317,1.0343,29146048.0
2026-08-06 20:00:00,1.0342,1.037,1.032,1.0328,18116465.9
2026-08-06 21:00:00,1.0327,1.036,1.0323,1.0354,12895601.9
2026-08-06 22:00:00,1.0353,1.0371,1.0343,1.0367,9002251.2
2026-08-06 23:00:00,1.0366,1.0367,1.0292,1.0347,18857217.7
2026-08-07 00:00:00,1.0346,1.0363,1.0309,1.0358,14609090.5
2026-08-07 01:00:00,1.0358,1.0389,1.0348,1.0373,10414933.5
2026-08-07 02:00:00,1.0373,1.0377,1.0271,1.03,29035645.7
2026-08-07 03:00:00,1.0299,1.0307,1.0189,1.0207,46320001.1
2026-08-07 04:00:00,1.0206,1.0231,1.0174,1.02,38728567.6
2026-08-07 05:00:00,1.02,1.0221,1.0145,1.0207,38210018.5
2026-08-07 06:00:00,1.0206,1.0283,1.02,1.0256,22351447.4
2026-08-07 07:00:00,1.0256,1.0286,1.0242,1.0281,12249841.9
2026-08-07 08:00:00,1.028,1.0316,1.0266,1.0306,16544620.5
2026-08-07 09:00:00,1.0306,1.037,1.0306,1.0356,26729400.3
2026-08-07 10:00:00,1.0356,1.0371,1.0339,1.0342,14461813.0
2026-08-07 11:00:00,1.0341,1.0365,1.0317,1.0335,16085958.8
2026-08-07 12:00:00,1.0335,1.0432,1.0331,1.0374,36545999.6
2026-08-07 13:00:00,1.0374,1.0408,1.0351,1.0357,19178107.1
2026-08-07 14:00:00,1.0357,1.036,1.025,1.0264,40628584.9
2026-08-07 15:00:00,1.0265,1.0298,1.0255,1.0273,11711083.0
2026-08-07 16:00:00,1.0273,1.0302,1.015,1.015,36274806.1
2026-08-07 17:00:00,1.0149,1.0184,1.012,1.016,40186557.2
2026-08-07 18:00:00,1.0159,1.0212,1.0138,1.0178,20114089.5
2026-08-07 19:00:00,1.0178,1.0251,1.0176,1.0232,19566400.9
2026-08-07 20:00:00,1.0232,1.0261,1.0228,1.0251,9073438.2
2026-08-07 21:00:00,1.025,1.0274,1.0214,1.0227,14008040.3
2026-08-07 22:00:00,1.0226,1.0233,1.0184,1.0202,11310695.4
2026-08-07 23:00:00,1.0201,1.0235,1.0201,1.0205,8152066.3
2026-08-08 00:00:00,1.0205,1.0254,1.0197,1.0245,9508211.1
2026-08-08 01:00:00,1.0245,1.0312,1.0245,1.0295,13215399.5
2026-08-08 02:00:00,1.0295,1.0315,1.0291,1.0303,9263619.0
2026-08-08 03:00:00,1.0304,1.0383,1.0303,1.0367,18189578.5
2026-08-08 04:00:00,1.0367,1.0389,1.0338,1.0345,12223045.5
2026-08-08 05:00:00,1.0345,1.0353,1.0314,1.0329,13782990.1
2026-08-08 06:00:00,1.0329,1.0355,1.0322,1.0343,7953690.4
2026-08-08 07:00:00,1.0342,1.0347,1.0325,1.0342,7422565.4
2026-08-08 08:00:00,1.0342,1.0357,1.033,1.0356,9878108.8
2026-08-08 09:00:00,1.0356,1.0378,1.0348,1.0353,10350985.5
2026-08-08 10:00:00,1.0352,1.0398,1.0351,1.0387,9863953.7
2026-08-08 11:00:00,1.0386,1.0398,1.0362,1.0374,8605043.4
2026-08-08 12:00:00,1.0374,1.0429,1.0367,1.0407,12090121.3
2026-08-08 13:00:00,1.0406,1.0426,1.0398,1.0412,10964767.5
2026-08-08 14:00:00,1.0411,1.0454,1.0411,1.0443,14998411.6
2026-08-08 15:00:00,1.0443,1.0464,1.0419,1.0449,16142143.4
2026-08-08 16:00:00,1.0448,1.0484,1.0447,1.0468,18486676.4
2026-08-08 17:00:00,1.0468,1.0474,1.0449,1.0453,7128721.1
2026-08-08 18:00:00,1.0454,1.0454,1.0411,1.0418,15614309.9
2026-08-08 19:00:00,1.0418,1.0433,1.0398,1.0422,9093935.7
2026-08-08 20:00:00,1.0421,1.0434,1.0417,1.0422,3426036.1
2026-08-08 21:00:00,1.0422,1.0434,1.0419,1.0427,4179167.7
2026-08-08 22:00:00,1.0427,1.0434,1.0383,1.0384,9524238.3
2026-08-08 23:00:00,1.0384,1.0393,1.0368,1.0391,9301084.2
2026-08-09 00:00:00,1.0391,1.0402,1.0374,1.0392,7676702.0
2026-08-09 01:00:00,1.0393,1.0404,1.0347,1.0357,15494506.2
2026-08-09 02:00:00,1.0357,1.0365,1.0338,1.035,8733910.6
2026-08-09 03:00:00,1.035,1.0378,1.0338,1.0367,9567893.5
2026-08-09 04:00:00,1.0367,1.0389,1.0365,1.0373,5170934.9
2026-08-09 05:00:00,1.0373,1.0381,1.0339,1.036,9449760.1
2026-08-09 06:00:00,1.036,1.0409,1.0358,1.0405,9112976.4
2026-08-09 07:00:00,1.0406,1.041,1.036,1.0368,12419906.5
2026-08-09 08:00:00,1.0368,1.0388,1.0302,1.0332,21783999.2
2026-08-09 09:00:00,1.0332,1.0354,1.032,1.0353,10469243.2
2026-08-09 10:00:00,1.0353,1.0376,1.0351,1.0364,9651137.7
2026-08-09 11:00:00,1.0365,1.0367,1.0349,1.0364,5625584.5
2026-08-09 12:00:00,1.0365,1.0372,1.0348,1.0365,5471549.3
2026-08-09 13:00:00,1.0366,1.0403,1.0364,1.0381,11720759.0
2026-08-09 14:00:00,1.0382,1.0428,1.0378,1.0421,10075641.3
2026-08-09 15:00:00,1.0421,1.0436,1.0409,1.0429,10494467.9
2026-08-09 16:00:00,1.0429,1.0455,1.0413,1.0437,11942812.3
2026-08-09 17:00:00,1.0437,1.044,1.0408,1.0409,7159777.2
2026-08-09 18:00:00,1.0409,1.0421,1.0389,1.0398,14053285.3
2026-08-09 19:00:00,1.0398,1.0417,1.0393,1.0415,4453339.7
2026-08-09 20:00:00,1.0415,1.042,1.0393,1.0417,5835510.1
2026-08-09 21:00:00,1.0416,1.0448,1.0406,1.0423,8154615.8
2026-08-09 22:00:00,1.0423,1.0476,1.0347,1.0367,22990187.7
2026-08-09 23:00:00,1.0368,1.0379,1.0275,1.0292,27360710.6
2026-08-10 00:00:00,1.0292,1.0371,1.0272,1.0307,25834989.3
2026-08-10 01:00:00,1.0307,1.0407,1.0278,1.0374,21634953.7
2026-08-10 02:00:00,1.0375,1.0379,1.028,1.0344,20763987.6
2026-08-10 03:00:00,1.0343,1.036,1.0278,1.0309,21563916.4
2026-08-10 04:00:00,1.031,1.034,1.0286,1.031,8075450.7
2026-08-10 05:00:00,1.0311,1.0362,1.0308,1.035,8336511.8
2026-08-10 06:00:00,1.035,1.0383,1.0346,1.0381,11003205.0
2026-08-10 07:00:00,1.0382,1.04,1.0363,1.037,10668735.1
2026-08-10 08:00:00,1.0371,1.0384,1.0312,1.0335,24663743.1
2026-08-10 09:00:00,1.0335,1.0344,1.0296,1.0301,12452169.3
2026-08-10 10:00:00,1.0301,1.0322,1.0295,1.0317,12205275.0
2026-08-10 11:00:00,1.0317,1.0341,1.0305,1.0341,9810633.5
2026-08-10 12:00:00,1.034,1.0353,1.0275,1.0283,19297696.2
2026-08-10 13:00:00,1.0284,1.0291,1.0228,1.0255,32889560.7
2026-08-10 14:00:00,1.0256,1.0319,1.0253,1.0264,19694691.6
2026-08-10 15:00:00,1.0265,1.0268,1.0205,1.0225,40186889.1
2026-08-10 16:00:00,1.0226,1.0249,1.0164,1.0182,35337491.9
2026-08-10 17:00:00,1.0182,1.0218,1.0171,1.0195,13592754.0
2026-08-10 18:00:00,1.0196,1.0204,1.0153,1.0172,17487975.1
2026-08-10 19:00:00,1.0173,1.0232,1.0169,1.0201,11819916.0
2026-08-10 20:00:00,1.0202,1.0207,1.0185,1.0193,7497114.2
2026-08-10 21:00:00,1.0193,1.0215,1.016,1.0166,15123406.3
2026-08-10 22:00:00,1.0166,1.0173,1.0046,1.011,71753111.1
2026-08-10 23:00:00,1.011,1.013,1.0098,1.0116,15969034.5
2026-08-11 00:00:00,1.0116,1.0129,1.0093,1.0122,17660223.8
2026-08-11 01:00:00,1.0123,1.0158,1.0105,1.0151,12617699.8
2026-08-11 02:00:00,1.0151,1.0161,1.0125,1.0126,7384198.9
2026-08-11 03:00:00,1.0126,1.0145,1.0124,1.0141,8339562.8
2026-08-11 04:00:00,1.0141,1.0148,1.0124,1.0125,5468807.5
2026-08-11 05:00:00,1.0126,1.0134,1.0094,1.0094,13661571.5
2026-08-11 06:00:00,1.0094,1.0113,1.0011,1.0058,49029516.0
2026-08-11 07:00:00,1.0058,1.0069,1.0025,1.0043,23582860.4
2026-08-11 08:00:00,1.0044,1.0061,1.002,1.0055,17555585.1
2026-08-11 09:00:00,1.0055,1.0073,1.0041,1.0067,14939657.0
2026-08-11 10:00:00,1.0068,1.0068,1.0012,1.0051,21766249.6
2026-08-11 11:00:00,1.0051,1.0098,1.005,1.0077,17856383.7
2026-08-11 12:00:00,1.0078,1.009,1.0036,1.0038,18106992.8
2026-08-11 13:00:00,1.0039,1.0096,1.0025,1.0082,24410448.2
2026-08-11 14:00:00,1.0083,1.0107,0.9886,0.994,105573639.5
2026-08-11 15:00:00,0.994,1.0077,0.9931,1.0031,82226594.1
2026-08-11 16:00:00,1.0032,1.0105,1.0016,1.0092,37091576.1
2026-08-11 17:00:00,1.0091,1.0162,1.0087,1.0137,36491785.6
2026-08-11 18:00:00,1.0138,1.0188,1.008,1.0124,31122052.0
2026-08-11 19:00:00,1.0124,1.0158,1.0088,1.0151,19748825.5
2026-08-11 20:00:00,1.0151,1.0243,1.015,1.0171,30425781.9
2026-08-11 21:00:00,1.0171,1.027,1.0169,1.0239,23704155.6
2026-08-11 22:00:00,1.024,1.0255,1.0198,1.0209,11625158.4
2026-08-11 23:00:00,1.0208,1.0232,1.0182,1.0224,12926726.5
2026-08-12 00:00:00,1.0224,1.023,1.0208,1.0218,11601008.1
2026-08-12 01:00:00,1.0218,1.0245,1.0218,1.0226,11149470.7
2026-08-12 02:00:00,1.0226,1.0251,1.019,1.0208,14783238.0
2026-08-12 03:00:00,1.0207,1.0216,1.0189,1.0199,7021590.4
2026-08-12 04:00:00,1.0198,1.0213,1.0188,1.0201,7870623.2
2026-08-12 05:00:00,1.0201,1.0228,1.0188,1.0214,7774481.9
2026-08-12 06:00:00,1.0213,1.0214,1.0174,1.0193,12001954.6
2026-08-12 07:00:00,1.0194,1.0219,1.0175,1.0203,8127076.5
2026-08-12 08:00:00,1.0202,1.021,1.0166,1.0168,10236764.6
2026-08-12 09:00:00,1.0168,1.0253,1.0164,1.0238,23298272.3
2026-08-12 10:00:00,1.0238,1.0253,1.0202,1.021,14295737.2
2026-08-12 11:00:00,1.0209,1.0222,1.0198,1.022,9929784.7
2026-08-12 12:00:00,1.0221,1.0255,1.015,1.017,41443493.4
2026-08-12 13:00:00,1.017,1.0181,1.0129,1.0144,20793648.3
2026-08-12 14:00:00,1.0143,1.0159,1.007,1.0086,31576544.4
2026-08-12 15:00:00,1.0087,1.0125,1.0076,1.0122,14702610.6
2026-08-12 16:00:00,1.0122,1.0127,1.0077,1.0085,14316243.3
2026-08-12 17:00:00,1.0085,1.0108,1.0061,1.0099,15407896.0
2026-08-12 18:00:00,1.0098,1.0122,1.0084,1.0087,8175450.5
2026-08-12 19:00:00,1.0088,1.0094,1.0062,1.007,10008531.8
2026-08-12 20:00:00,1.0069,1.0102,1.0065,1.0088,7284216.6
2026-08-12 21:00:00,1.0088,1.0099,1.0025,1.0042,20432998.3
2026-08-12 22:00:00,1.0042,1.0072,1.0023,1.0038,11602332.6
2026-08-12 23:00:00,1.0037,1.0056,1.0002,1.0051,16281337.5
2026-08-13 00:00:00,1.005,1.0072,1.0022,1.0036,14234997.4
2026-08-13 01:00:00,1.0037,1.0055,1.0013,1.004,11616744.8
2026-08-13 02:00:00,1.004,1.0068,1.002,1.0066,14308790.8
2026-08-13 03:00:00,1.0066,1.0124,1.0065,1.0103,20043627.4
2026-08-13 04:00:00,1.0103,1.0119,1.01,1.0103,8534798.3
2026-08-13 05:00:00,1.0103,1.0149,1.009,1.013,14679664.4
2026-08-13 06:00:00,1.013,1.0146,1.0114,1.0141,7950233.7
2026-08-13 07:00:00,1.0142,1.0149,1.0126,1.0127,7378006.0
2026-08-13 08:00:00,1.0127,1.013,1.0112,1.0123,6499795.3
2026-08-13 09:00:00,1.0122,1.0126,1.0093,1.0122,8804981.9
2026-08-13 10:00:00,1.0122,1.0125,1.0058,1.0074,17396461.0
2026-08-13 11:00:00,1.0074,1.008,1.0021,1.0036,21477443.5
2026-08-13 12:00:00,1.0036,1.0072,1.003,1.0055,14928551.0
2026-08-13 13:00:00,1.0055,1.0092,1.0051,1.0061,15794150.0
2026-08-13 14:00:00,1.0061,1.0104,1.0037,1.0095,23444656.1
2026-08-13 15:00:00,1.0095,1.0112,1.0023,1.0023,21920751.9
2026-08-13 16:00:00,1.0024,1.0071,0.9973,1.0045,49677876.5
2026-08-13 17:00:00,1.0045,1.0082,1.0039,1.0063,15379816.9
2026-08-13 18:00:00,1.0062,1.0103,1.0041,1.0085,12706381.1
2026-08-13 19:00:00,1.0085,1.01,1.0074,1.0097,11516822.5
2026-08-13 20:00:00,1.0097,1.0113,1.0084,1.0085,8579872.0
2026-08-13 21:00:00,1.0084,1.0098,1.0073,1.0079,6042845.1
2026-08-13 22:00:00,1.0078,1.0118,1.0078,1.0086,9903309.7
2026-08-13 23:00:00,1.0086,1.0091,1.0075,1.0089,6480535.1
2026-08-14 00:00:00,1.0089,1.0118,1.0087,1.0117,7652548.7
2026-08-14 01:00:00,1.0117,1.0125,1.0099,1.0111,11087665.5
2026-08-14 02:00:00,1.011,1.0137,1.0108,1.0109,6687993.3
2026-08-14 03:00:00,1.011,1.0116,1.0089,1.0094,8676756.6
2026-08-14 04:00:00,1.0093,1.0125,1.0088,1.0089,5225507.2
2026-08-14 05:00:00,1.0089,1.0096,1.0076,1.0094,6116543.5
2026-08-14 06:00:00,1.0094,1.0094,1.0051,1.0052,10729690.0
2026-08-14 07:00:00,1.0051,1.0051,1.0027,1.0041,15878243.9
2026-08-14 08:00:00,1.0041,1.0066,1.0035,1.0063,9452490.2
2026-08-14 09:00:00,1.0064,1.0065,1.0004,1.0031,19763367.7
2026-08-14 10:00:00,1.0031,1.0037,1.0017,1.002,9595049.3
2026-08-14 11:00:00,1.002,1.0037,1.0007,1.0021,11293087.2
2026-08-14 12:00:00,1.0021,1.0027,0.9991,1.0005,16484332.0
2026-08-14 13:00:00,1.0006,1.0049,0.9999,1.0023,16742345.0
2026-08-14 14:00:00,1.0024,1.0044,1.0002,1.0009,19649321.5
2026-08-14 15:00:00,1.0009,1.0089,1.0003,1.0062,23617780.1
2026-08-14 16:00:00,1.0062,1.0071,1.0003,1.0017,27699065.1
2026-08-14 17:00:00,1.0018,1.0041,0.998,1.0004,25231483.6
2026-08-14 18:00:00,1.0003,1.0027,0.9976,0.9989,20877580.3
2026-08-14 19:00:00,0.9989,1.0003,0.9977,0.9983,22884202.7
2026-08-14 20:00:00,0.9983,0.9993,0.9958,0.9981,20070531.8
2026-08-14 21:00:00,0.9981,0.9993,0.9951,0.9974,16206899.9
2026-08-14 22:00:00,0.9974,0.9983,0.9844,0.9922,52000669.1
2026-08-14 23:00:00,0.9921,0.9989,0.9917,0.9988,16420527.7
2026-08-15 00:00:00,0.9989,1.0007,0.9975,1.0,13758795.9
2026-08-15 01:00:00,0.9999,1.0013,0.999,1.0013,7615574.3
2026-08-15 02:00:00,1.0012,1.0057,1.0012,1.0051,15825540.9
2026-08-15 03:00:00,1.0052,1.0075,1.0033,1.0042,13754609.3
2026-08-15 04:00:00,1.0042,1.0061,1.0036,1.0046,7160191.5
2026-08-15 05:00:00,1.0046,1.0062,1.0018,1.004,12627555.0
2026-08-15 06:00:00,1.004,1.0059,1.0029,1.0051,6454448.5
2026-08-15 07:00:00,1.005,1.0054,1.002,1.0023,6688008.3
2026-08-15 08:00:00,1.0022,1.0033,1.0003,1.001,7943652.8
2026-08-15 09:00:00,1.001,1.0024,1.0003,1.0022,6482916.6
2026-08-15 10:00:00,1.0023,1.003,1.0013,1.0023,4282779.8
2026-08-15 11:00:00,1.0023,1.0035,1.0015,1.0018,4982603.6
2026-08-15 12:00:00,1.0018,1.0023,1.0004,1.0023,5518303.7
2026-08-15 13:00:00,1.0022,1.0023,1.001,1.0012,5166408.0
2026-08-15 14:00:00,1.0012,1.0021,0.9991,1.0013,6909388.0
2026-08-15 15:00:00,1.0014,1.002,1.0007,1.0017,4189824.7
2026-08-15 16:00:00,1.0017,1.0026,1.0007,1.002,6013599.2
2026-08-15 17:00:00,1.0019,1.0031,1.0015,1.0018,6381851.6
2026-08-15 18:00:00,1.0018,1.0022,0.9998,1.0017,5412286.2
2026-08-15 19:00:00,1.0016,1.0036,1.0016,1.0034,4523787.8
2026-08-15 20:00:00,1.0034,1.0039,1.0025,1.0032,5713632.0
2026-08-15 21:00:00,1.0033,1.0046,1.003,1.0036,3660640.5
2026-08-15 22:00:00,1.0036,1.0062,1.0035,1.0036,8434612.2
2026-08-15 23:00:00,1.0036,1.0038,1.0004,1.0022,11044930.8
2026-08-16 00:00:00,1.0022,1.0023,1.0007,1.0011,6835851.9
2026-08-16 01:00:00,1.0012,1.0017,0.9993,1.0007,6338461.1
2026-08-16 02:00:00,1.0007,1.0028,0.9994,1.0018,7910349.8
2026-08-16 03:00:00,1.0018,1.0025,1.0011,1.0015,3791648.6
2026-08-16 04:00:00,1.0014,1.0016,1.0,1.0003,3653882.9
2026-08-16 05:00:00,1.0002,1.0005,0.9986,0.9996,7081726.9
2026-08-16 06:00:00,0.9997,1.0015,0.9988,0.9997,6462144.2
2026-08-16 07:00:00,0.9997,1.0022,0.9997,1.0019,4336897.3
2026-08-16 08:00:00,1.002,1.002,1.0009,1.0012,3663728.3
2026-08-16 09:00:00,1.0012,1.0022,0.9992,0.9997,9427627.3
2026-08-16 10:00:00,0.9998,1.0002,0.9963,0.9995,14903627.8
2026-08-16 11:00:00,0.9995,1.0001,0.9987,0.9993,4919346.8
2026-08-16 12:00:00,0.9992,1.0005,0.9985,0.9995,7593825.3
2026-08-16 13:00:00,0.9994,1.0005,0.9994,0.9995,3705460.1
2026-08-16 14:00:00,0.9994,1.0007,0.9994,1.0006,4316369.9
2026-08-16 15:00:00,1.0006,1.002,1.0005,1.0013,5610107.1
2026-08-16 16:00:00,1.0013,1.0032,1.0008,1.0022,9717676.2
2026-08-16 17:00:00,1.0022,1.0025,1.0002,1.0003,7173898.2
2026-08-16 18:00:00,1.0002,1.0003,0.9971,0.9986,18001978.8
2026-08-16 19:00:00,0.9986,1.002,0.9983,1.0003,10288315.8
2026-08-16 20:00:00,1.0004,1.0012,0.9976,0.9987,11493210.8
2026-08-16 21:00:00,0.9988,0.9996,0.9885,0.9949,28433611.7
2026-08-16 22:00:00,0.9949,0.9963,0.9909,0.9934,22284574.3
2026-08-16 23:00:00,0.9934,0.9943,0.9908,0.9929,12172909.5
2026-08-17 00:00:00,0.9929,0.9937,0.9875,0.993,31310696.9
2026-08-17 01:00:00,0.993,1.0012,0.9924,0.9983,31228981.1
2026-08-17 02:00:00,0.9983,1.0046,0.9973,1.002,20840335.0
2026-08-17 03:00:00,1.0019,1.003,1.0005,1.0021,11906298.7
2026-08-17 04:00:00,1.0021,1.0036,1.001,1.0016,8177508.3
2026-08-17 05:00:00,1.0016,1.0038,1.0005,1.0005,10240436.1
2026-08-17 06:00:00,1.0005,1.0069,1.0004,1.0056,20348816.2
2026-08-17 07:00:00,1.0055,1.0062,1.0023,1.0025,13473212.0
2026-08-17 08:00:00,1.0025,1.0028,0.9967,0.9977,24982765.8
2026-08-17 09:00:00,0.9976,0.9986,0.9957,0.9963,12634514.1
2026-08-17 10:00:00,0.9963,1.0018,0.9958,1.0015,14220851.6
2026-08-17 11:00:00,1.0015,1.002,0.9994,0.9998,11260420.0
2026-08-17 12:00:00,0.9999,1.0011,0.9965,0.9972,12751370.6
2026-08-17 13:00:00,0.9972,1.0034,0.9963,1.0003,20300145.8
2026-08-17 14:00:00,1.0003,1.0047,0.9977,1.004,19021266.8
2026-08-17 15:00:00,1.0039,1.0085,1.0017,1.0064,29345915.5
2026-08-17 16:00:00,1.0063,1.0066,1.0023,1.0023,15129541.7
2026-08-17 17:00:00,1.0023,1.0045,0.9995,1.0009,17782776.7
2026-08-17 18:00:00,1.0009,1.0028,1.0001,1.0009,10770204.4
2026-08-17 19:00:00,1.001,1.0012,0.9989,1.0009,8442652.4
2026-08-17 20:00:00,1.0008,1.0047,0.999,1.0031,12928237.0
2026-08-17 21:00:00,1.0031,1.0038,1.0015,1.0017,4601574.2
2026-08-17 22:00:00,1.0018,1.0028,0.9995,0.9999,7570862.6
2026-08-17 23:00:00,0.9999,1.0042,0.9995,1.0025,9015321.6
2026-08-18 00:00:00,1.0026,1.0045,1.0,1.0023,16799982.8
2026-08-18 01:00:00,1.0023,1.0026,0.9943,0.9957,20650411.7
2026-08-18 02:00:00,0.9957,0.9966,0.988,0.9899,40845549.6
2026-08-18 03:00:00,0.9899,0.9917,0.9885,0.9904,20417817.2
2026-08-18 04:00:00,0.9905,0.9954,0.9892,0.9943,14810414.9
2026-08-18 05:00:00,0.9943,0.9966,0.9922,0.9946,18908259.9
2026-08-18 06:00:00,0.9945,1.0002,0.9934,0.9978,18342873.9
2026-08-18 07:00:00,0.9978,0.9985,0.9944,0.9959,13003539.3
2026-08-18 08:00:00,0.9959,0.9978,0.9916,0.9965,16014103.4
2026-08-18 09:00:00,0.9964,0.9968,0.994,0.9954,6285650.4
2026-08-18 10:00:00,0.9954,0.9958,0.9943,0.9956,4175774.4
2026-08-18 11:00:00,0.9955,1.0019,0.9953,0.9983,18072195.6
2026-08-18 12:00:00,0.9982,0.9989,0.997,0.9975,5557557.5
2026-08-18 13:00:00,0.9974,0.9988,0.9953,0.9976,12554083.9
2026-08-18 14:00:00,0.9976,1.0063,0.9964,1.0005,37106679.7
2026-08-18 15:00:00,1.0006,1.0045,1.0001,1.0034,13375781.2
2026-08-18 16:00:00,1.0035,1.004,1.0002,1.002,11288404.0
2026-08-18 17:00:00,1.002,1.002,0.9999,1.0,9747845.3
2026-08-18 18:00:00,1.0001,1.0023,0.9999,1.0008,5320969.4
2026-08-18 19:00:00,1.0008,1.0026,1.0004,1.0021,7750874.6
2026-08-18 20:00:00,1.0021,1.003,0.9981,0.9995,14389207.5
2026-08-18 21:00:00,0.9996,1.0019,0.9995,1.0,5373213.4
2026-08-18 22:00:00,0.9999,1.002,0.9985,0.9998,13218985.1
2026-08-18 23:00:00,0.9999,1.0032,0.9997,1.0015,9626106.3
2026-08-19 00:00:00,1.0015,1.0016,0.9956,0.996,21671881.0
2026-08-19 01:00:00,0.9959,1.0,0.9955,0.9983,14068924.5
2026-08-19 02:00:00,0.9983,0.9987,0.9971,0.998,5002266.2
2026-08-19 03:00:00,0.9979,1.0009,0.997,0.9998,8728331.1
2026-08-19 04:00:00,0.9997,1.0006,0.999,0.9994,5243380.6
2026-08-19 05:00:00,0.9995,1.0015,0.9986,0.9995,8832539.9
2026-08-19 06:00:00,0.9994,1.005,0.9985,1.0039,19903062.7
2026-08-19 07:00:00,1.0039,1.006,1.0026,1.0031,12603625.6
2026-08-19 08:00:00,1.0031,1.0094,1.0027,1.0059,23890730.4
2026-08-19 09:00:00,1.0058,1.0075,1.0032,1.0037,12193739.5
2026-08-19 10:00:00,1.0038,1.0051,1.0028,1.0047,6607952.5
2026-08-19 11:00:00,1.0048,1.0063,1.004,1.0053,8141034.3
2026-08-19 12:00:00,1.0054,1.0122,1.0051,1.0109,27087503.6
2026-08-19 13:00:00,1.0109,1.0234,1.0097,1.0164,68124281.0
2026-08-19 14:00:00,1.0165,1.0345,1.0149,1.0327,62396949.8
2026-08-19 15:00:00,1.0328,1.0741,1.0301,1.0673,217075654.6
2026-08-19 16:00:00,1.0673,1.0706,1.0634,1.0641,81352777.1
2026-08-19 17:00:00,1.0641,1.0646,1.0517,1.0614,53225227.6
2026-08-19 18:00:00,1.0613,1.0696,1.0554,1.0688,36403092.1
2026-08-19 19:00:00,1.0687,1.0706,1.0639,1.0675,41737761.9
2026-08-19 20:00:00,1.0675,1.1037,1.0672,1.0987,99307120.5
2026-08-19 21:00:00,1.0987,1.1327,1.0954,1.1317,143529028.4
2026-08-19 22:00:00,1.1318,1.1358,1.0995,1.1023,126802610.7
2026-08-19 23:00:00,1.1023,1.1061,1.0938,1.1054,53051041.0
2026-08-20 00:00:00,1.1054,1.113,1.1039,1.1077,40961320.7
2026-08-20 01:00:00,1.1077,1.1154,1.1061,1.1115,27488408.2
2026-08-20 02:00:00,1.1115,1.1139,1.0989,1.099,28436926.8
2026-08-20 03:00:00,1.0989,1.1002,1.0873,1.0937,45618060.3
2026-08-20 04:00:00,1.0936,1.102,1.093,1.0999,23564581.4
2026-08-20 05:00:00,1.0998,1.1099,1.0996,1.1045,22789800.1
2026-08-20 06:00:00,1.1044,1.1121,1.1004,1.1113,34626580.1
2026-08-20 07:00:00,1.1113,1.1136,1.1074,1.112,22341446.9
2026-08-20 08:00:00,1.1119,1.1559,1.1111,1.1529,120986561.9
2026-08-20 09:00:00,1.153,1.1634,1.1453,1.1495,75472770.8
2026-08-20 10:00:00,1.1494,1.1666,1.1471,1.1601,47643836.0
2026-08-20 11:00:00,1.1601,1.1962,1.1564,1.1904,105082060.9
2026-08-20 12:00:00,1.1904,1.1971,1.1774,1.1924,81153005.1
2026-08-20 13:00:00,1.1925,1.2231,1.1883,1.2203,126113476.1
2026-08-20 14:00:00,1.2203,1.2466,1.2146,1.2272,165767733.8
2026-08-20 15:00:00,1.2273,1.2646,1.2254,1.2607,158421740.2
2026-08-20 16:00:00,1.2606,1.3175,1.2514,1.3146,173086462.6
2026-08-20 17:00:00,1.3145,1.344,1.3047,1.3099,226702013.7
2026-08-20 18:00:00,1.3099,1.3182,1.2279,1.2293,283551656.0
2026-08-20 19:00:00,1.2293,1.2399,1.2197,1.2326,137147426.6
2026-08-20 20:00:00,1.2326,1.2472,1.2301,1.2435,82765503.9
2026-08-20 21:00:00,1.2435,1.2712,1.2425,1.2576,63362230.3
2026-08-20 22:00:00,1.2577,1.2657,1.2532,1.2561,52267748.3
2026-08-20 23:00:00,1.2561,1.2752,1.2543,1.2677,53845313.7
2026-08-21 00:00:00,1.2678,1.2742,1.2585,1.2649,62313511.6
2026-08-21 01:00:00,1.265,1.3024,1.2634,1.2957,79790106.4
2026-08-21 02:00:00,1.2958,1.3003,1.2813,1.2888,57056539.0
2026-08-21 03:00:00,1.2889,1.3188,1.2838,1.3081,75446740.0
2026-08-21 04:00:00,1.3081,1.3207,1.2957,1.3142,66075033.6
2026-08-21 05:00:00,1.3143,1.3143,1.303,1.3095,39498669.0
2026-08-21 06:00:00,1.3095,1.3209,1.2962,1.2984,57002710.6
2026-08-21 07:00:00,1.2983,1.3218,1.2975,1.3138,63293977.1
2026-08-21 08:00:00,1.3138,1.3998,1.3123,1.3994,199582039.6
2026-08-21 09:00:00,1.3994,1.4305,1.3372,1.4197,241578329.2
2026-08-21 10:00:00,1.4196,1.4254,1.3659,1.3841,166597384.5
2026-08-21 11:00:00,1.3841,1.404,1.3548,1.3573,118097604.9
2026-08-21 12:00:00,1.3573,1.3874,1.3469,1.3809,92117776.9
2026-08-21 13:00:00,1.3808,1.4222,1.3662,1.4161,128095151.0
2026-08-21 14:00:00,1.4161,1.4181,1.3879,1.3991,110372607.2
2026-08-21 15:00:00,1.399,1.4192,1.3943,1.403,78886030.2
2026-08-21 16:00:00,1.403,1.4072,1.385,1.3992,73557937.2
2026-08-21 17:00:00,1.3993,1.4136,1.3743,1.3863,72465108.4
2026-08-21 18:00:00,1.3864,1.4003,1.3678,1.3779,57266655.4
2026-08-21 19:00:00,1.378,1.3877,1.3616,1.3723,64969778.7
2026-08-21 20:00:00,1.3724,1.3828,1.366,1.3745,34680357.8
2026-08-21 21:00:00,1.3745,1.41,1.3723,1.4063,54948649.5
2026-08-21 22:00:00,1.4062,1.4529,1.3983,1.4448,160943436.7
2026-08-21 23:00:00,1.4448,1.4758,1.4347,1.4538,115591009.0
2026-08-22 00:00:00,1.4539,1.4823,1.423,1.4594,118355636.3
2026-08-22 01:00:00,1.4593,1.5116,1.456,1.4754,134450874.0
2026-08-22 02:00:00,1.4754,1.5563,1.4747,1.5492,144074132.6
2026-08-22 03:00:00,1.5491,1.5986,1.5419,1.5637,177889290.4
2026-08-22 04:00:00,1.5637,1.674,1.5527,1.6621,227687017.2
2026-08-22 05:00:00,1.662,1.701,1.3838,1.5277,518783734.3
2026-08-22 06:00:00,1.5277,1.5919,1.5137,1.5781,206861665.7
2026-08-22 07:00:00,1.5781,1.6274,1.556,1.5636,165221418.9
2026-08-22 08:00:00,1.5636,1.5673,1.4851,1.5283,182778426.7
2026-08-22 09:00:00,1.5284,1.5312,1.4899,1.5025,90309667.2
2026-08-22 10:00:00,1.5026,1.504,1.4233,1.4847,204861365.3
2026-08-22 11:00:00,1.4848,1.501,1.4747,1.4887,66055173.3
2026-08-22 12:00:00,1.4886,1.5293,1.4843,1.5019,86036987.3
2026-08-22 13:00:00,1.502,1.5106,1.4882,1.5001,60395250.4
2026-08-22 14:00:00,1.5001,1.5015,1.4354,1.452,111157191.3
2026-08-22 15:00:00,1.452,1.4561,1.4286,1.4399,88060154.9
2026-08-22 16:00:00,1.4398,1.4897,1.4343,1.4805,84602227.8
2026-08-22 17:00:00,1.4806,1.486,1.4645,1.4801,40989821.4
2026-08-22 18:00:00,1.4802,1.4983,1.4773,1.4888,43151542.4
2026-08-22 19:00:00,1.4888,1.5057,1.4827,1.5004,34489819.0
2026-08-22 20:00:00,1.5005,1.5157,1.4936,1.5011,44864884.7
2026-08-22 21:00:00,1.5012,1.5012,1.4516,1.4545,64112582.8
2026-08-22 22:00:00,1.4545,1.4756,1.4457,1.468,47797773.6
2026-08-22 23:00:00,1.468,1.4702,1.4503,1.4617,27700288.9
2026-08-23 00:00:00,1.4618,1.519,1.4615,1.513,78258888.4
2026-08-23 01:00:00,1.5129,1.5136,1.4847,1.4907,57580349.3
2026-08-23 02:00:00,1.4906,1.4942,1.4709,1.484,47615601.3
2026-08-23 03:00:00,1.484,1.4935,1.4612,1.4742,47110442.7
2026-08-23 04:00:00,1.4742,1.4895,1.4451,1.454,86877136.2
2026-08-23 05:00:00,1.4541,1.4784,1.4386,1.4464,108089208.6
2026-08-23 06:00:00,1.4465,1.4625,1.4337,1.4444,63182570.9
2026-08-23 07:00:00,1.4444,1.4737,1.4394,1.4616,54416503.5
2026-08-23 08:00:00,1.4616,1.4853,1.4576,1.4753,57835461.3
2026-08-23 09:00:00,1.4754,1.4867,1.4674,1.4775,32266644.5
2026-08-23 10:00:00,1.4774,1.5056,1.4752,1.4756,51547887.3
2026-08-23 11:00:00,1.4757,1.5037,1.4756,1.4943,55149008.8
2026-08-23 12:00:00,1.4943,1.4991,1.4827,1.4942,34988981.1
2026-08-23 13:00:00,1.4942,1.5248,1.493,1.5198,89378034.6
2026-08-23 14:00:00,1.5198,1.5504,1.4548,1.5152,184171263.4
2026-08-23 15:00:00,1.5153,1.5172,1.4864,1.4964,84396927.6
2026-08-23 16:00:00,1.4965,1.5109,1.494,1.5067,35949116.5
2026-08-23 17:00:00,1.5068,1.5244,1.4984,1.5044,47631926.0
2026-08-23 18:00:00,1.5045,1.5206,1.5018,1.5083,25705291.1
2026-08-23 19:00:00,1.5082,1.5111,1.4874,1.4972,34698843.3
2026-08-23 20:00:00,1.4973,1.5079,1.4901,1.5009,23486391.8
2026-08-23 21:00:00,1.5008,1.5464,1.5006,1.5251,66235416.1
2026-08-23 22:00:00,1.5251,1.5316,1.5102,1.5167,51654881.5
2026-08-23 23:00:00,1.5166,1.5299,1.5085,1.52,39430051.1
2026-08-24 00:00:00,1.5201,1.5233,1.4811,1.5055,67497799.1
2026-08-24 01:00:00,1.5055,1.5062,1.4651,1.4662,63615998.0
2026-08-24 02:00:00,1.4663,1.4941,1.462,1.4868,57018352.4
2026-08-24 03:00:00,1.4868,1.4898,1.4634,1.465,42729764.5
2026-08-24 04:00:00,1.4649,1.4838,1.4645,1.479,34638433.5
2026-08-24 05:00:00,1.479,1.4879,1.4638,1.4799,43419565.3
2026-08-24 06:00:00,1.4799,1.4906,1.4677,1.4836,52150537.2
2026-08-24 07:00:00,1.4835,1.5036,1.4738,1.4753,73633434.7
2026-08-24 08:00:00,1.4752,1.4779,1.4523,1.4594,71474058.9
2026-08-24 09:00:00,1.4594,1.4848,1.4586,1.4793,44146222.0
2026-08-24 10:00:00,1.4793,1.4899,1.4763,1.4833,34381366.3
2026-08-24 11:00:00,1.4833,1.5087,1.4708,1.4968,66948628.9
2026-08-24 12:00:00,1.4969,1.5181,1.4808,1.5167,71670765.2
2026-08-24 13:00:00,1.5167,1.5236,1.4769,1.4898,115513509.4
2026-08-24 14:00:00,1.4899,1.5303,1.4877,1.5099,98191018.3
2026-08-24 15:00:00,1.5099,1.5289,1.494,1.5005,83577800.7
2026-08-24 16:00:00,1.5006,1.523,1.4965,1.4989,54697844.7
2026-08-24 17:00:00,1.4988,1.5013,1.4615,1.476,100132126.5
2026-08-24 18:00:00,1.4761,1.49,1.467,1.4723,43350841.2
2026-08-24 19:00:00,1.4723,1.4857,1.4654,1.4824,44408754.0
2026-08-24 20:00:00,1.4824,1.4841,1.4692,1.479,26753409.5
2026-08-24 21:00:00,1.479,1.4888,1.4759,1.4817,19154479.0
2026-08-24 22:00:00,1.4817,1.485,1.4762,1.4778,22982641.1
2026-08-24 23:00:00,1.4778,1.4846,1.4663,1.4813,28362548.0
2026-08-25 00:00:00,1.4813,1.5161,1.4746,1.507,72630041.1
2026-08-25 01:00:00,1.5069,1.5161,1.4958,1.5095,52811043.1
2026-08-25 02:00:00,1.5095,1.551,1.5038,1.5217,122882976.5
2026-08-25 03:00:00,1.5216,1.5329,1.5063,1.5132,54940785.5
2026-08-25 04:00:00,1.5133,1.5171,1.5028,1.5136,36065710.7
2026-08-25 05:00:00,1.5136,1.5275,1.5114,1.5192,31131183.1
2026-08-25 06:00:00,1.5192,1.5207,1.4961,1.5027,34872537.1
2026-08-25 07:00:00,1.5027,1.5125,1.4726,1.4854,58655921.9
2026-08-25 08:00:00,1.4854,1.4979,1.484,1.49,34089563.2
2026-08-25 09:00:00,1.4901,1.4958,1.4653,1.4794,52452913.7
2026-08-25 10:00:00,1.4794,1.486,1.4757,1.484,31004560.6
2026-08-25 11:00:00,1.4839,1.4864,1.4763,1.4799,29598774.6
2026-08-25 12:00:00,1.48,1.4827,1.4589,1.4734,82180534.8
2026-08-25 13:00:00,1.4735,1.4759,1.4427,1.4568,131550891.4
2026-08-25 14:00:00,1.4568,1.4782,1.4533,1.4725,77912090.7
2026-08-25 15:00:00,1.4726,1.4795,1.4636,1.478,36941675.4
2026-08-25 16:00:00,1.478,1.4831,1.466,1.4713,32483894.5
2026-08-25 17:00:00,1.4712,1.4772,1.4606,1.4758,36016545.6
2026-08-25 18:00:00,1.4757,1.4819,1.4713,1.4755,20500131.5
2026-08-25 19:00:00,1.4755,1.4778,1.4642,1.4713,27323005.2
2026-08-25 20:00:00,1.4713,1.4732,1.4416,1.4429,56544334.6
2026-08-25 21:00:00,1.443,1.4495,1.4029,1.4375,116943054.3
2026-08-25 22:00:00,1.4375,1.4523,1.4351,1.4463,36680458.5
2026-08-25 23:00:00,1.4463,1.449,1.4271,1.4335,38028802.9
2026-08-26 00:00:00,1.4336,1.4366,1.4221,1.4325,43974024.6
2026-08-26 01:00:00,1.4325,1.4469,1.4315,1.4414,26429020.4
2026-08-26 02:00:00,1.4413,1.4505,1.4367,1.4427,18838503.5
2026-08-26 03:00:00,1.4427,1.4451,1.4343,1.439,16038532.6
2026-08-26 04:00:00,1.4389,1.4467,1.4322,1.4342,29793427.7
2026-08-26 05:00:00,1.4342,1.446,1.424,1.4421,38872479.4
2026-08-26 06:00:00,1.4421,1.4465,1.4311,1.4366,26599653.9
2026-08-26 07:00:00,1.4366,1.4426,1.4316,1.432,22804877.5
2026-08-26 08:00:00,1.4321,1.44,1.4232,1.4283,29771109.2
2026-08-26 09:00:00,1.4283,1.4323,1.4071,1.4093,62184120.1
2026-08-26 10:00:00,1.4093,1.435,1.4032,1.4303,68853825.8
2026-08-26 11:00:00,1.4302,1.4314,1.4067,1.4113,57024279.0
2026-08-26 12:00:00,1.4114,1.424,1.3921,1.4097,73340840.7
2026-08-26 13:00:00,1.4096,1.412,1.3757,1.3939,132334915.3
2026-08-26 14:00:00,1.3938,1.3991,1.3692,1.371,74287866.3
2026-08-26 15:00:00,1.371,1.3803,1.357,1.3724,111546910.0
2026-08-26 16:00:00,1.3724,1.3805,1.3669,1.3745,41985215.4
2026-08-26 17:00:00,1.3744,1.3962,1.373,1.386,58760447.3
2026-08-26 18:00:00,1.386,1.3895,1.3771,1.3839,29193262.3
2026-08-26 19:00:00,1.3839,1.3877,1.3762,1.3774,28532560.3
2026-08-26 20:00:00,1.3774,1.3797,1.3638,1.3788,33924317.1
2026-08-26 21:00:00,1.3788,1.4008,1.3773,1.4004,38910178.8
2026-08-26 22:00:00,1.4004,1.415,1.3975,1.4024,51121065.9
2026-08-26 23:00:00,1.4024,1.4263,1.3994,1.4217,53930670.5
2026-08-27 00:00:00,1.4217,1.4219,1.4027,1.4031,39902301.9
2026-08-27 01:00:00,1.4031,1.416,1.3942,1.4084,39614127.9
2026-08-27 02:00:00,1.4084,1.4161,1.4013,1.4047,22304553.2
2026-08-27 03:00:00,1.4047,1.4123,1.3994,1.4065,19137036.2
2026-08-27 04:00:00,1.4064,1.4096,1.3971,1.4025,18523080.5
2026-08-27 05:00:00,1.4025,1.4103,1.3914,1.4096,33219295.6
2026-08-27 06:00:00,1.4096,1.4097,1.3975,1.4052,19015252.8
2026-08-27 07:00:00,1.4053,1.4134,1.4021,1.4115,16432585.4
2026-08-27 08:00:00,1.4115,1.4408,1.4097,1.4342,115187080.7
2026-08-27 09:00:00,1.4341,1.4535,1.4307,1.4351,74242025.2
2026-08-27 10:00:00,1.435,1.4434,1.4161,1.4229,67649710.9
2026-08-27 11:00:00,1.4228,1.4323,1.4187,1.4246,29092591.4
2026-08-27 12:00:00,1.4247,1.4339,1.4193,1.4207,26837489.4
2026-08-27 13:00:00,1.4207,1.4418,1.4183,1.4377,47948623.5
2026-08-27 14:00:00,1.4378,1.4702,1.4347,1.4602,100507867.7
2026-08-27 15:00:00,1.4602,1.4699,1.4504,1.4651,67426030.2
2026-08-27 16:00:00,1.4651,1.4733,1.4595,1.4645,54609998.9
2026-08-27 17:00:00,1.4646,1.4705,1.4535,1.4577,39101439.3
2026-08-27 18:00:00,1.4577,1.4579,1.4334,1.4509,61098343.7
2026-08-27 19:00:00,1.451,1.4567,1.4448,1.4567,37107857.1
2026-08-27 20:00:00,1.4566,1.461,1.4483,1.4539,28341844.0
2026-08-27 21:00:00,1.454,1.4552,1.4439,1.4493,20842892.0
2026-08-27 22:00:00,1.4494,1.4583,1.4481,1.4526,22207197.5
2026-08-27 23:00:00,1.4526,1.4578,1.4495,1.4524,16568837.6
2026-08-28 00:00:00,1.4524,1.4539,1.4413,1.4467,32285886.8
2026-08-28 01:00:00,1.4466,1.472,1.4459,1.4494,53080911.6
2026-08-28 02:00:00,1.4494,1.4494,1.4229,1.4322,67468148.4
2026-08-28 03:00:00,1.4322,1.4353,1.425,1.4301,31025438.5
2026-08-28 04:00:00,1.4302,1.4331,1.4192,1.4209,39494035.9
2026-08-28 05:00:00,1.4209,1.4262,1.4176,1.4212,22221096.3
2026-08-28 06:00:00,1.4213,1.4278,1.4213,1.4247,17285995.8
2026-08-28 07:00:00,1.4248,1.4251,1.4158,1.4198,26287458.8
2026-08-28 08:00:00,1.4198,1.4262,1.4174,1.4195,18201775.5
2026-08-28 09:00:00,1.4195,1.42,1.4077,1.4098,38066505.5
2026-08-28 10:00:00,1.4097,1.421,1.4009,1.4205,40229995.4
2026-08-28 11:00:00,1.4206,1.431,1.4188,1.419,32142605.1
2026-08-28 12:00:00,1.4189,1.4229,1.4125,1.4227,27905126.4
2026-08-28 13:00:00,1.4226,1.4254,1.4141,1.4181,30139772.0
2026-08-28 14:00:00,1.4181,1.4401,1.3837,1.4304,189684030.9
2026-08-28 15:00:00,1.4304,1.437,1.4017,1.4028,64514595.4
2026-08-28 16:00:00,1.4027,1.4118,1.3728,1.3923,112655546.9
2026-08-28 17:00:00,1.3923,1.3935,1.3804,1.3879,31202402.8
2026-08-28 18:00:00,1.3878,1.3887,1.3618,1.3735,56248220.5
2026-08-28 19:00:00,1.3735,1.3834,1.3727,1.3779,35781587.0
2026-08-28 20:00:00,1.3778,1.3869,1.3745,1.3798,29614385.5
2026-08-28 21:00:00,1.3798,1.3836,1.369,1.3718,22046703.4
2026-08-28 22:00:00,1.3717,1.3832,1.37,1.3822,20421010.2
2026-08-28 23:00:00,1.3822,1.3836,1.3797,1.3829,13742156.9
2026-08-29 00:00:00,1.3829,1.3886,1.3806,1.3826,16247716.5
2026-08-29 01:00:00,1.3825,1.3876,1.3756,1.3842,17358437.2
2026-08-29 02:00:00,1.3843,1.3867,1.3789,1.3821,13445246.8
2026-08-29 03:00:00,1.3822,1.3846,1.3776,1.3788,14521949.4
2026-08-29 04:00:00,1.3788,1.3855,1.3783,1.3854,12434430.3
2026-08-29 05:00:00,1.3854,1.3922,1.3841,1.3886,15347482.3
2026-08-29 06:00:00,1.3887,1.389,1.3762,1.3797,16256334.3
2026-08-29 07:00:00,1.3798,1.386,1.3793,1.3819,13064870.9
2026-08-29 08:00:00,1.382,1.3834,1.3777,1.3822,9865391.6
2026-08-29 09:00:00,1.3822,1.3855,1.3809,1.3832,9605183.3
2026-08-29 10:00:00,1.3833,1.3888,1.3785,1.3845,13726061.8
2026-08-29 11:00:00,1.3845,1.3864,1.3811,1.3826,7173236.2
2026-08-29 12:00:00,1.3826,1.3862,1.3802,1.3839,8232748.2
2026-08-29 13:00:00,1.3839,1.387,1.3821,1.3861,7805574.5
2026-08-29 14:00:00,1.3862,1.4023,1.3852,1.3999,30847782.6
2026-08-29 15:00:00,1.4,1.4004,1.3892,1.3925,24210530.6
2026-08-29 16:00:00,1.3924,1.3968,1.3887,1.3912,22216143.7
2026-08-29 17:00:00,1.3912,1.394,1.384,1.3915,17302238.2
2026-08-29 18:00:00,1.3915,1.3965,1.3894,1.3935,18567857.9
2026-08-29 19:00:00,1.3934,1.3994,1.3922,1.3967,17142576.3
2026-08-29 20:00:00,1.3967,1.4014,1.3939,1.3969,13261029.2
2026-08-29 21:00:00,1.3969,1.3976,1.3907,1.3916,11697752.1
2026-08-29 22:00:00,1.3917,1.3947,1.3893,1.3927,9430201.1
2026-08-29 23:00:00,1.3926,1.3972,1.392,1.3956,11758290.9
2026-08-30 00:00:00,1.3956,1.3986,1.3922,1.3948,13386955.7
2026-08-30 01:00:00,1.3947,1.3948,1.3883,1.3909,13195560.5
2026-08-30 02:00:00,1.3909,1.396,1.3897,1.3929,14536396.7
2026-08-30 03:00:00,1.3928,1.395,1.3903,1.3919,8168011.8
2026-08-30 04:00:00,1.3919,1.3941,1.3866,1.3917,12694204.8
2026-08-30 05:00:00,1.3916,1.3969,1.3911,1.3955,12342969.7
2026-08-30 06:00:00,1.3955,1.4035,1.393,1.4009,14426195.4
2026-08-30 07:00:00,1.4009,1.4013,1.3905,1.3912,15486275.7
2026-08-30 08:00:00,1.3912,1.3938,1.388,1.3914,11623318.6
2026-08-30 09:00:00,1.3914,1.392,1.3806,1.3856,20478993.7
2026-08-30 10:00:00,1.3856,1.3907,1.3839,1.3887,13093734.5
2026-08-30 11:00:00,1.3888,1.3926,1.3882,1.3917,11990283.9
2026-08-30 12:00:00,1.3916,1.4028,1.3912,1.4021,31328132.8
2026-08-30 13:00:00,1.4021,1.4106,1.3956,1.408,25666878.3
2026-08-30 14:00:00,1.4081,1.4081,1.4016,1.4033,20363758.8
2026-08-30 15:00:00,1.4033,1.405,1.3938,1.3976,22589937.1
2026-08-30 16:00:00,1.3975,1.425,1.3957,1.4219,45061519.3
2026-08-30 17:00:00,1.4218,1.4235,1.4071,1.4182,47723359.3
2026-08-30 18:00:00,1.4181,1.4331,1.411,1.4238,39989944.2
2026-08-30 19:00:00,1.4237,1.4238,1.4074,1.4103,28099667.7
2026-08-30 20:00:00,1.4103,1.4135,1.3851,1.3949,43567360.5
2026-08-30 21:00:00,1.3949,1.3983,1.3813,1.3944,39547312.2
2026-08-30 22:00:00,1.3943,1.4032,1.3806,1.3855,36232668.2
2026-08-30 23:00:00,1.3855,1.3868,1.3335,1.3566,130814329.1
2026-08-31 00:00:00,1.3566,1.3699,1.3519,1.3646,40112231.4
2026-08-31 01:00:00,1.3646,1.3656,1.342,1.3431,47672187.2
2026-08-31 02:00:00,1.343,1.3566,1.3386,1.3445,36851022.3
2026-08-31 03:00:00,1.3445,1.3568,1.3426,1.354,22288887.7
2026-08-31 04:00:00,1.3541,1.3547,1.3446,1.3511,23244323.5
2026-08-31 05:00:00,1.351,1.3675,1.3488,1.3631,35361232.8
2026-08-31 06:00:00,1.3631,1.3672,1.3591,1.3637,25053907.0
2026-08-31 07:00:00,1.3637,1.3726,1.3628,1.3719,26617369.5
2026-08-31 08:00:00,1.3719,1.3785,1.3649,1.3726,29059905.6
2026-08-31 09:00:00,1.3726,1.3795,1.3691,1.3719,22835878.4
2026-08-31 10:00:00,1.372,1.3835,1.367,1.3804,25306856.2
2026-08-31 11:00:00,1.3804,1.3812,1.37,1.3706,17797426.7
2026-08-31 12:00:00,1.3707,1.3783,1.3566,1.3616,45894046.2
2026-08-31 13:00:00,1.3617,1.3733,1.3588,1.3616,38543365.9
2026-08-31 14:00:00,1.3616,1.3807,1.3584,1.3759,46848271.8
2026-08-31 15:00:00,1.376,1.3785,1.3642,1.3722,30640300.8
2026-08-31 16:00:00,1.3722,1.3828,1.367,1.3754,26387421.3
2026-08-31 17:00:00,1.3754,1.3868,1.3712,1.3843,31645084.4
2026-08-31 18:00:00,1.3842,1.396,1.3797,1.3855,31106583.5
2026-08-31 19:00:00,1.3854,1.3917,1.3835,1.3868,24652390.0
2026-08-31 20:00:00,1.3868,1.3942,1.3842,1.3863,22310531.3
2026-08-31 21:00:00,1.3863,1.3906,1.3794,1.3861,20755217.0
2026-08-31 22:00:00,1.3861,1.3875,1.3793,1.3804,10809449.2
2026-08-31 23:00:00,1.3804,1.3804,1.3747,1.3792,11228774.4
2026-09-01 00:00:00,1.3791,1.3881,1.378,1.3836,15384409.0
2026-09-01 01:00:00,1.3836,1.3868,1.3736,1.3762,18278213.1
2026-09-01 02:00:00,1.3761,1.3763,1.3684,1.375,16677157.6
2026-09-01 03:00:00,1.3749,1.3913,1.3742,1.3862,21525594.4
2026-09-01 04:00:00,1.3862,1.3882,1.3782,1.3801,15527611.6
2026-09-01 05:00:00,1.3802,1.3967,1.3795,1.3942,25046339.2
2026-09-01 06:00:00,1.3941,1.3945,1.3831,1.3834,21219509.7
2026-09-01 07:00:00,1.3833,1.3857,1.3766,1.3792,19749395.6
2026-09-01 08:00:00,1.3792,1.3798,1.3608,1.3622,45901948.4
2026-09-01 09:00:00,1.3623,1.3677,1.3608,1.3663,20312754.1
2026-09-01 10:00:00,1.3663,1.3835,1.3646,1.3768,28136489.1
2026-09-01 11:00:00,1.3768,1.387,1.3736,1.3815,22990752.1
2026-09-01 12:00:00,1.3815,1.383,1.3683,1.3691,30962829.0
2026-09-01 13:00:00,1.3691,1.377,1.3552,1.375,61487122.6
2026-09-01 14:00:00,1.375,1.3835,1.3731,1.378,31576186.7
2026-09-01 15:00:00,1.3779,1.3816,1.3658,1.3776,28611435.1
2026-09-01 16:00:00,1.3777,1.3785,1.3574,1.3647,36856015.2
2026-09-01 17:00:00,1.3648,1.3728,1.3602,1.3621,23144839.5
2026-09-01 18:00:00,1.3621,1.3645,1.3379,1.3555,71319668.7
2026-09-01 19:00:00,1.3555,1.3645,1.3527,1.3538,31355562.7
2026-09-01 20:00:00,1.3538,1.3563,1.3462,1.3537,25161995.7
2026-09-01 21:00:00,1.3537,1.3551,1.3365,1.3488,27371045.7
2026-09-01 22:00:00,1.3487,1.3529,1.339,1.3445,24388682.0
2026-09-01 23:00:00,1.3445,1.3555,1.3433,1.3512,20163756.4
2026-09-02 00:00:00,1.3512,1.3529,1.3403,1.3406,21952955.6
2026-09-02 01:00:00,1.3405,1.3443,1.3263,1.334,49094473.5
2026-09-02 02:00:00,1.334,1.3463,1.3308,1.3445,29448494.6
2026-09-02 03:00:00,1.3445,1.3576,1.343,1.3512,32728249.3
2026-09-02 04:00:00,1.3512,1.3514,1.3418,1.3476,19919457.5
2026-09-02 05:00:00,1.3476,1.3536,1.3426,1.3509,19842611.7
2026-09-02 06:00:00,1.3509,1.352,1.341,1.3461,24511568.4
2026-09-02 07:00:00,1.3461,1.352,1.3446,1.3449,12337676.5
2026-09-02 08:00:00,1.3449,1.3458,1.325,1.3302,39521420.7
2026-09-02 09:00:00,1.3302,1.3359,1.3215,1.3266,38593836.2
2026-09-02 10:00:00,1.3266,1.327,1.3085,1.3194,52261098.5
2026-09-02 11:00:00,1.3194,1.3251,1.3144,1.3244,27227803.0
2026-09-02 12:00:00,1.3245,1.331,1.3171,1.3175,27836061.7
2026-09-02 13:00:00,1.3174,1.3462,1.3174,1.341,50102039.7
2026-09-02 14:00:00,1.341,1.3463,1.3313,1.3319,38599498.5
2026-09-02 15:00:00,1.3319,1.3395,1.3246,1.3364,37164412.2
2026-09-02 16:00:00,1.3363,1.3424,1.3311,1.3318,26558758.0
2026-09-02 17:00:00,1.3317,1.338,1.3262,1.3379,21685436.6
2026-09-02 18:00:00,1.3378,1.3438,1.3365,1.3417,24996109.3
2026-09-02 19:00:00,1.3416,1.3483,1.3394,1.3437,23435618.2
2026-09-02 20:00:00,1.3437,1.3555,1.3429,1.351,36532261.6
2026-09-02 21:00:00,1.3509,1.3524,1.3455,1.3476,10437317.4
2026-09-02 22:00:00,1.3476,1.3482,1.3416,1.3442,11639777.3
2026-09-02 23:00:00,1.3441,1.3516,1.3419,1.3506,12441293.1
2026-09-03 00:00:00,1.3506,1.3543,1.343,1.3435,27721124.7
2026-09-03 01:00:00,1.3435,1.3662,1.3393,1.3555,48527737.6
2026-09-03 02:00:00,1.3555,1.3732,1.3529,1.3691,31486059.2
2026-09-03 03:00:00,1.3692,1.3739,1.3631,1.3662,22820469.4
2026-09-03 04:00:00,1.3662,1.3693,1.3602,1.369,22309407.4
2026-09-03 05:00:00,1.369,1.3708,1.3507,1.3683,35947733.5
2026-09-03 06:00:00,1.3683,1.3693,1.3621,1.3641,19115402.1
2026-09-03 07:00:00,1.3641,1.376,1.3616,1.365,43267325.6
2026-09-03 08:00:00,1.3651,1.3795,1.365,1.3684,29117787.1
2026-09-03 09:00:00,1.3684,1.372,1.3608,1.361,21402509.5
2026-09-03 10:00:00,1.361,1.3661,1.3581,1.3643,18283166.5
2026-09-03 11:00:00,1.3644,1.3741,1.3632,1.3727,25141300.4
2026-09-03 12:00:00,1.3728,1.3918,1.3679,1.3858,57537067.7
2026-09-03 13:00:00,1.3858,1.4009,1.382,1.3932,62821025.4
2026-09-03 14:00:00,1.3931,1.45,1.3869,1.4494,133022628.7
2026-09-03 15:00:00,1.4494,1.4668,1.4381,1.4641,164382141.7
2026-09-03 16:00:00,1.4641,1.4659,1.4412,1.4528,85853782.0
2026-09-03 17:00:00,1.4528,1.4639,1.4484,1.4615,37399121.0
2026-09-03 18:00:00,1.4616,1.4687,1.4544,1.4626,33839675.5
2026-09-03 19:00:00,1.4626,1.4746,1.4598,1.4709,43721478.2
2026-09-03 20:00:00,1.4708,1.4838,1.4605,1.4706,45294166.6
2026-09-03 21:00:00,1.4706,1.4776,1.4631,1.4656,40193396.8
2026-09-03 22:00:00,1.4657,1.4676,1.441,1.4552,58434517.5
2026-09-03 23:00:00,1.4552,1.4597,1.4476,1.4507,25044372.2
2026-09-04 00:00:00,1.4507,1.4587,1.4404,1.4411,40023823.6
2026-09-04 01:00:00,1.4411,1.4473,1.434,1.444,37745811.6
2026-09-04 02:00:00,1.4439,1.4471,1.4372,1.4463,17172580.4
2026-09-04 03:00:00,1.4463,1.453,1.4455,1.4464,20321431.5
2026-09-04 04:00:00,1.4464,1.4564,1.4433,1.4502,26581946.3
2026-09-04 05:00:00,1.4502,1.4536,1.4407,1.4464,27734930.3
2026-09-04 06:00:00,1.4464,1.4528,1.4381,1.4458,22148833.6
2026-09-04 07:00:00,1.4459,1.453,1.4417,1.4432,30678479.0
2026-09-04 08:00:00,1.4432,1.457,1.4371,1.4566,39803732.5
2026-09-04 09:00:00,1.4567,1.4617,1.4469,1.4513,44674228.9
2026-09-04 10:00:00,1.4512,1.4529,1.4425,1.4487,25229639.9
2026-09-04 11:00:00,1.4488,1.4548,1.4456,1.4499,21346834.1
2026-09-04 12:00:00,1.45,1.456,1.3912,1.4088,192203954.2
2026-09-04 13:00:00,1.4088,1.4219,1.4014,1.4126,68455806.6
2026-09-04 14:00:00,1.4126,1.4149,1.3828,1.3888,69043582.3
2026-09-04 15:00:00,1.3888,1.4012,1.3862,1.3983,35743201.7
2026-09-04 16:00:00,1.3983,1.4076,1.3968,1.4023,25386294.0
2026-09-04 17:00:00,1.4023,1.4025,1.39,1.3934,24813815.3
2026-09-04 18:00:00,1.3935,1.3998,1.3933,1.3983,13733216.7
2026-09-04 19:00:00,1.3983,1.4043,1.3981,1.3983,28928134.0
2026-09-04 20:00:00,1.3983,1.4011,1.3954,1.3991,15420074.2
2026-09-04 21:00:00,1.3991,1.402,1.3931,1.3951,18382549.8
2026-09-04 22:00:00,1.3951,1.3981,1.393,1.3949,9918848.8
2026-09-04 23:00:00,1.3948,1.399,1.3937,1.3977,8890265.5
2026-09-05 00:00:00,1.3978,1.3995,1.3942,1.3946,12127197.6
2026-09-05 01:00:00,1.3946,1.4016,1.3936,1.3958,17236213.6
2026-09-05 02:00:00,1.3958,1.3982,1.393,1.3978,14980902.3
2026-09-05 03:00:00,1.3979,1.4005,1.396,1.3966,12181985.1
2026-09-05 04:00:00,1.3966,1.3989,1.3946,1.3973,12726648.9
2026-09-05 05:00:00,1.3973,1.3998,1.3948,1.3986,16229178.2
2026-09-05 06:00:00,1.3986,1.4034,1.3981,1.4025,13979934.4
2026-09-05 07:00:00,1.4025,1.4053,1.4013,1.4039,17939548.1
2026-09-05 08:00:00,1.4038,1.4066,1.3989,1.4056,19324445.7
2026-09-05 09:00:00,1.4056,1.4105,1.4044,1.4066,16607322.1
2026-09-05 10:00:00,1.4065,1.4068,1.4023,1.4043,13718505.2
2026-09-05 11:00:00,1.4043,1.4066,1.4008,1.4036,15094646.8
2026-09-05 12:00:00,1.4036,1.4167,1.403,1.414,30102336.8
2026-09-05 13:00:00,1.414,1.4179,1.4078,1.4116,30507131.3
2026-09-05 14:00:00,1.4115,1.4199,1.411,1.4136,23830163.6
2026-09-05 15:00:00,1.4135,1.4151,1.4095,1.4117,18798165.7
2026-09-05 16:00:00,1.4117,1.4182,1.4107,1.4148,20260575.5
2026-09-05 17:00:00,1.4148,1.4277,1.4138,1.4257,30487156.0
2026-09-05 18:00:00,1.4257,1.4269,1.4166,1.4173,20453357.9
2026-09-05 19:00:00,1.4174,1.4203,1.4127,1.4154,26894942.6
2026-09-05 20:00:00,1.4153,1.4183,1.4118,1.4142,22640331.4
2026-09-05 21:00:00,1.4141,1.4219,1.4137,1.4196,10644343.1
2026-09-05 22:00:00,1.4196,1.4221,1.412,1.4137,19417599.0
2026-09-05 23:00:00,1.4136,1.4157,1.3966,1.4118,37988749.2
2026-09-06 00:00:00,1.4117,1.4171,1.4104,1.4136,19603349.2
2026-09-06 01:00:00,1.4137,1.4201,1.4122,1.4169,31733222.8
2026-09-06 02:00:00,1.417,1.42,1.415,1.4176,10975409.6
2026-09-06 03:00:00,1.4177,1.4325,1.417,1.4234,25045892.3
2026-09-06 04:00:00,1.4233,1.4238,1.4158,1.4194,22118918.4
2026-09-06 05:00:00,1.4195,1.4286,1.4172,1.4239,20585196.7
2026-09-06 06:00:00,1.424,1.4257,1.4162,1.4175,16858593.3
2026-09-06 07:00:00,1.4175,1.4193,1.407,1.4159,32639626.6
2026-09-06 08:00:00,1.416,1.4182,1.4128,1.4149,13578169.1
2026-09-06 09:00:00,1.415,1.4243,1.4134,1.4185,25312696.3
2026-09-06 10:00:00,1.4186,1.4221,1.4167,1.4209,10576522.3
2026-09-06 11:00:00,1.4209,1.4223,1.4175,1.4201,23828619.6
2026-09-06 12:00:00,1.4201,1.4264,1.4171,1.4177,26480192.3
2026-09-06 13:00:00,1.4178,1.4214,1.4118,1.4158,30587670.2
2026-09-06 14:00:00,1.4157,1.4166,1.3963,1.4094,50447217.3
2026-09-06 15:00:00,1.4095,1.4116,1.4004,1.4104,24145801.7
2026-09-06 16:00:00,1.4103,1.4138,1.4077,1.4117,13542868.0
2026-09-06 17:00:00,1.4116,1.4133,1.4058,1.4084,17621946.0
2026-09-06 18:00:00,1.4084,1.4149,1.4083,1.4121,11382827.9
2026-09-06 19:00:00,1.4121,1.4122,1.4086,1.4096,4989557.1
2026-09-06 20:00:00,1.4096,1.4235,1.4086,1.4216,16913812.0
2026-09-06 21:00:00,1.4216,1.4263,1.4194,1.4246,20653180.4
2026-09-06 22:00:00,1.4246,1.4246,1.4074,1.418,35769757.5
2026-09-06 23:00:00,1.418,1.4257,1.4176,1.4231,23052368.0
2026-09-07 00:00:00,1.423,1.4252,1.4148,1.4177,24478858.7
2026-09-07 01:00:00,1.4177,1.4194,1.4022,1.4058,39771288.3
2026-09-07 02:00:00,1.4059,1.431,1.3999,1.4134,52119844.9
2026-09-07 03:00:00,1.4134,1.4166,1.4022,1.4055,29615935.5
2026-09-07 04:00:00,1.4055,1.4095,1.4028,1.4056,22200594.0
2026-09-07 05:00:00,1.4056,1.4166,1.4048,1.4074,20709857.4
2026-09-07 06:00:00,1.4073,1.4124,1.4052,1.4083,12409906.0
2026-09-07 07:00:00,1.4084,1.4127,1.3866,1.3981,46669286.8
2026-09-07 08:00:00,1.3982,1.4076,1.3973,1.4029,22354088.2
2026-09-07 09:00:00,1.4029,1.407,1.396,1.3966,18909146.5
2026-09-07 10:00:00,1.3966,1.4024,1.3935,1.3983,18369118.0
2026-09-07 11:00:00,1.3982,1.4008,1.3963,1.3984,15403766.0
2026-09-07 12:00:00,1.3984,1.413,1.3981,1.4116,22186794.4
2026-09-07 13:00:00,1.4116,1.4137,1.401,1.4024,29060054.4
2026-09-07 14:00:00,1.4024,1.4039,1.3901,1.3978,39300118.4
2026-09-07 15:00:00,1.3978,1.3984,1.3724,1.3828,59058290.2
2026-09-07 16:00:00,1.3828,1.3953,1.3823,1.3947,22091945.0
2026-09-07 17:00:00,1.3948,1.3995,1.3941,1.3978,17653507.9
2026-09-07 18:00:00,1.3977,1.3992,1.3923,1.394,15118922.3
2026-09-07 19:00:00,1.3941,1.4032,1.393,1.4013,10799000.3
2026-09-07 20:00:00,1.4012,1.4022,1.3949,1.3982,15643568.5
2026-09-07 21:00:00,1.3981,1.4002,1.3945,1.3965,9931207.8
2026-09-07 22:00:00,1.3965,1.3975,1.3818,1.3875,29447010.2
2026-09-07 23:00:00,1.3875,1.3983,1.3871,1.3962,18285492.2
2026-09-08 00:00:00,1.3961,1.4014,1.3921,1.4012,27333558.1
2026-09-08 01:00:00,1.4011,1.4063,1.3982,1.4036,21478836.7
2026-09-08 02:00:00,1.4036,1.4066,1.3907,1.391,21507992.4
2026-09-08 03:00:00,1.3911,1.3975,1.3882,1.3941,23843364.3
2026-09-08 04:00:00,1.3941,1.3965,1.3902,1.3903,15756362.3
2026-09-08 05:00:00,1.3904,1.3968,1.3865,1.3866,32589005.2
2026-09-08 06:00:00,1.3867,1.3889,1.3804,1.3824,28808231.2
2026-09-08 07:00:00,1.3825,1.3934,1.3821,1.3877,19771916.4
2026-09-08 08:00:00,1.3876,1.3925,1.3831,1.3894,14968980.1
2026-09-08 09:00:00,1.3894,1.4012,1.3885,1.3985,30899314.3
2026-09-08 10:00:00,1.3986,1.4034,1.3967,1.3973,21198461.7
2026-09-08 11:00:00,1.3973,1.3985,1.3896,1.3939,24087076.7
2026-09-08 12:00:00,1.3939,1.4,1.3872,1.3983,21470698.8
2026-09-08 13:00:00,1.3984,1.4083,1.3828,1.403,63662713.0
2026-09-08 14:00:00,1.4029,1.4183,1.3991,1.4169,59130221.1
2026-09-08 15:00:00,1.4168,1.4341,1.4115,1.4338,51850171.1
2026-09-08 16:00:00,1.4339,1.4502,1.4252,1.4352,79964098.0
2026-09-08 17:00:00,1.4352,1.4387,1.4235,1.4264,28531154.6
2026-09-08 18:00:00,1.4265,1.4462,1.4232,1.4302,35558980.9
2026-09-08 19:00:00,1.4302,1.4338,1.4161,1.4226,37782398.3
2026-09-08 20:00:00,1.4225,1.4263,1.4128,1.4141,27731249.2
2026-09-08 21:00:00,1.414,1.4233,1.4135,1.4165,17438609.2
2026-09-08 22:00:00,1.4164,1.423,1.4159,1.4177,16475981.2
2026-09-08 23:00:00,1.4178,1.4207,1.4143,1.4164,14838179.7
2026-09-09 00:00:00,1.4165,1.4245,1.4164,1.4199,16723177.2
2026-09-09 01:00:00,1.4198,1.4219,1.4101,1.417,24917404.1
2026-09-09 02:00:00,1.417,1.4207,1.411,1.4156,23154380.4
2026-09-09 03:00:00,1.4156,1.4182,1.4094,1.4162,18208768.1
2026-09-09 04:00:00,1.4162,1.4371,1.4162,1.436,42293215.0
2026-09-09 05:00:00,1.436,1.4366,1.4222,1.4269,28641508.6
2026-09-09 06:00:00,1.4269,1.4407,1.4262,1.4331,18663878.7
2026-09-09 07:00:00,1.4332,1.4428,1.4328,1.4406,22706527.8
2026-09-09 08:00:00,1.4406,1.445,1.4351,1.4377,26121444.3
2026-09-09 09:00:00,1.4377,1.4378,1.4182,1.4196,29730367.1
2026-09-09 10:00:00,1.4197,1.4246,1.4178,1.422,29335515.6
2026-09-09 11:00:00,1.4221,1.4283,1.416,1.4265,27878615.2
2026-09-09 12:00:00,1.4265,1.4389,1.425,1.436,32569337.4
2026-09-09 13:00:00,1.4361,1.4385,1.4214,1.4284,37029729.0
2026-09-09 14:00:00,1.4284,1.4324,1.4207,1.4246,37714478.1
2026-09-09 15:00:00,1.4245,1.4333,1.4046,1.4165,69698424.3
2026-09-09 16:00:00,1.4165,1.4225,1.4103,1.4219,26455775.4
2026-09-09 17:00:00,1.4219,1.4243,1.4175,1.4216,17878082.1
2026-09-09 18:00:00,1.4217,1.4225,1.4158,1.4165,14399885.7
2026-09-09 19:00:00,1.4166,1.4188,1.3982,1.4009,34586642.7
2026-09-09 20:00:00,1.4009,1.4044,1.3936,1.4028,40040245.3
2026-09-09 21:00:00,1.4027,1.4029,1.3903,1.3955,18615647.5
2026-09-09 22:00:00,1.3955,1.3967,1.3761,1.3836,50682014.4
2026-09-09 23:00:00,1.3835,1.3946,1.3832,1.3941,18998212.5
2026-09-10 00:00:00,1.394,1.3957,1.3854,1.3867,23359187.7
2026-09-10 01:00:00,1.3867,1.395,1.3753,1.3826,33055966.9
2026-09-10 02:00:00,1.3825,1.3918,1.3796,1.3916,17701282.9
2026-09-10 03:00:00,1.3916,1.3938,1.3884,1.3898,20980570.0
2026-09-10 04:00:00,1.3898,1.3931,1.3865,1.3882,17923906.3
2026-09-10 05:00:00,1.3882,1.3928,1.3846,1.3911,19594776.5
2026-09-10 06:00:00,1.3911,1.3913,1.3814,1.3883,15640284.4
2026-09-10 07:00:00,1.3884,1.3884,1.3755,1.3819,20900593.0
2026-09-10 08:00:00,1.3819,1.384,1.3789,1.3814,19497528.2
2026-09-10 09:00:00,1.3815,1.3841,1.3734,1.3777,19420712.2
2026-09-10 10:00:00,1.3776,1.3802,1.3686,1.3745,23319607.5
2026-09-10 11:00:00,1.3745,1.3822,1.3714,1.3756,29899323.0
2026-09-10 12:00:00,1.3757,1.3811,1.3383,1.3579,100618769.7
2026-09-10 13:00:00,1.3578,1.3662,1.3492,1.3636,52969010.6
2026-09-10 14:00:00,1.3635,1.3681,1.3569,1.3595,31768424.7
2026-09-10 15:00:00,1.3596,1.3601,1.3509,1.356,26994580.2
2026-09-10 16:00:00,1.3561,1.3586,1.3414,1.3537,43946210.1
2026-09-10 17:00:00,1.3537,1.3644,1.3515,1.3597,31095761.7
2026-09-10 18:00:00,1.3598,1.3601,1.3466,1.3555,24594777.7
2026-09-10 19:00:00,1.3555,1.3584,1.3489,1.3499,28003735.3
2026-09-10 20:00:00,1.3499,1.3569,1.3496,1.3533,10783090.7
2026-09-10 21:00:00,1.3534,1.3563,1.3489,1.351,10568318.9
2026-09-10 22:00:00,1.351,1.3546,1.342,1.3423,17833689.2
2026-09-10 23:00:00,1.3422,1.3436,1.3282,1.334,45416774.7
2026-09-11 00:00:00,1.334,1.3435,1.3332,1.3411,22305700.9
2026-09-11 01:00:00,1.3411,1.3459,1.3359,1.3455,21736964.2
2026-09-11 02:00:00,1.3456,1.3461,1.3376,1.3419,9476058.7
2026-09-11 03:00:00,1.3419,1.3429,1.3369,1.3422,14664941.4
2026-09-11 04:00:00,1.3421,1.3495,1.3409,1.3474,17293740.1
2026-09-11 05:00:00,1.3474,1.3495,1.3456,1.3488,18283800.9
2026-09-11 06:00:00,1.3487,1.3526,1.3481,1.3526,18084769.8
2026-09-11 07:00:00,1.3525,1.3594,1.3503,1.3509,21208998.4
2026-09-11 08:00:00,1.3508,1.3567,1.3474,1.3529,15009349.6
2026-09-11 09:00:00,1.3529,1.3539,1.3365,1.3408,24231053.2
2026-09-11 10:00:00,1.3408,1.3444,1.3322,1.3322,18683277.2
2026-09-11 11:00:00,1.3322,1.3328,1.3201,1.3283,40369083.9
2026-09-11 12:00:00,1.3283,1.371,1.3153,1.366,136772686.4
2026-09-11 13:00:00,1.3659,1.4171,1.3531,1.4152,116185228.5
2026-09-11 14:00:00,1.4151,1.4323,1.3853,1.3944,115599947.9
2026-09-11 15:00:00,1.3944,1.4052,1.3661,1.3738,74558498.1
2026-09-11 16:00:00,1.3737,1.3838,1.3678,1.3758,45262687.1
2026-09-11 17:00:00,1.3759,1.3775,1.3649,1.3671,26602025.1
2026-09-11 18:00:00,1.3672,1.3684,1.3464,1.3517,48937231.0
2026-09-11 19:00:00,1.3516,1.3625,1.3455,1.3606,28417404.0
2026-09-11 20:00:00,1.3606,1.3675,1.3565,1.3613,26203194.6
2026-09-11 21:00:00,1.3614,1.3664,1.3512,1.3522,12897960.3
2026-09-11 22:00:00,1.3521,1.3575,1.3454,1.3492,26626674.7
2026-09-11 23:00:00,1.3492,1.3563,1.3481,1.3557,8835371.7
2026-09-12 00:00:00,1.3557,1.3587,1.3539,1.3563,9234150.4
2026-09-12 01:00:00,1.3564,1.3633,1.3554,1.3602,13513538.9
2026-09-12 02:00:00,1.3603,1.3636,1.3592,1.3629,12316852.7
2026-09-12 03:00:00,1.3629,1.3654,1.3613,1.3633,12690125.5
2026-09-12 04:00:00,1.3634,1.3653,1.3606,1.3625,8525474.3
2026-09-12 05:00:00,1.3625,1.365,1.3604,1.3632,11786214.3
2026-09-12 06:00:00,1.3632,1.365,1.3615,1.3624,9477472.1
2026-09-12 07:00:00,1.3625,1.3695,1.3624,1.3685,11581174.8
2026-09-12 08:00:00,1.3685,1.3702,1.3642,1.3662,17913677.1
2026-09-12 09:00:00,1.3663,1.3707,1.3656,1.3692,16152849.4
2026-09-12 10:00:00,1.3691,1.374,1.3689,1.3728,11417911.6
2026-09-12 11:00:00,1.3728,1.3736,1.3704,1.3717,7645718.9
2026-09-12 12:00:00,1.3717,1.3725,1.3678,1.3697,11788014.9
2026-09-12 13:00:00,1.3696,1.3704,1.3653,1.3675,14944298.6
2026-09-12 14:00:00,1.3675,1.3706,1.367,1.3693,8482401.5
2026-09-12 15:00:00,1.3694,1.3743,1.3679,1.3719,18141992.1
2026-09-12 16:00:00,1.3718,1.3724,1.368,1.3693,9124808.9
2026-09-12 17:00:00,1.3693,1.3703,1.3655,1.3662,12125705.6
2026-09-12 18:00:00,1.3661,1.3662,1.362,1.3628,13313512.8
2026-09-12 19:00:00,1.3628,1.3643,1.3605,1.3623,11029404.1
2026-09-12 20:00:00,1.3623,1.3662,1.362,1.3638,8656584.0
2026-09-12 21:00:00,1.3637,1.3658,1.3617,1.3622,6077964.3
2026-09-12 22:00:00,1.3622,1.3652,1.3606,1.3626,10053488.1
2026-09-12 23:00:00,1.3626,1.3666,1.3623,1.3655,6980453.1
2026-09-13 00:00:00,1.3655,1.3675,1.3645,1.3665,5106174.5
2026-09-13 01:00:00,1.3665,1.3682,1.3632,1.367,13461286.7
2026-09-13 02:00:00,1.367,1.3694,1.3648,1.3674,8809313.0
2026-09-13 03:00:00,1.3674,1.3692,1.3614,1.3629,12216351.0
2026-09-13 04:00:00,1.363,1.3649,1.3625,1.3636,4980833.3
2026-09-13 05:00:00,1.3635,1.3677,1.3633,1.3674,4974032.0
2026-09-13 06:00:00,1.3674,1.3674,1.3581,1.36,11460574.5
2026-09-13 07:00:00,1.36,1.3615,1.3566,1.357,13550102.7
2026-09-13 08:00:00,1.357,1.3588,1.3443,1.3473,26162720.9
2026-09-13 09:00:00,1.3474,1.3513,1.3379,1.3437,29598820.1
2026-09-13 10:00:00,1.3438,1.3445,1.3367,1.3398,15176800.6
2026-09-13 11:00:00,1.3399,1.3432,1.3379,1.3426,11584229.7
2026-09-13 12:00:00,1.3426,1.3432,1.3356,1.3394,16489010.5
2026-09-13 13:00:00,1.3395,1.3425,1.3312,1.3416,22626059.8
2026-09-13 14:00:00,1.3416,1.3536,1.3413,1.3497,23652605.7
2026-09-13 15:00:00,1.3498,1.35,1.3423,1.3427,14654911.6
2026-09-13 16:00:00,1.3426,1.3507,1.3426,1.3504,10386766.8
2026-09-13 17:00:00,1.3505,1.3565,1.3502,1.3548,13304575.0
2026-09-13 18:00:00,1.3547,1.3597,1.3533,1.3575,9714639.4
2026-09-13 19:00:00,1.3575,1.3593,1.3525,1.3545,10432652.3
2026-09-13 20:00:00,1.3545,1.3614,1.3545,1.3606,8988580.0
2026-09-13 21:00:00,1.3606,1.3619,1.3556,1.3568,12440386.6
2026-09-13 22:00:00,1.3568,1.3568,1.3328,1.3366,50922276.8
2026-09-13 23:00:00,1.3366,1.3438,1.3364,1.3402,17874847.1
2026-09-14 00:00:00,1.3401,1.3494,1.3341,1.3463,23657614.4
2026-09-14 01:00:00,1.3463,1.353,1.3376,1.3512,18672027.1
2026-09-14 02:00:00,1.3511,1.3734,1.3493,1.3695,35409093.2
2026-09-14 03:00:00,1.3696,1.3812,1.3678,1.3723,30576441.6
2026-09-14 04:00:00,1.3723,1.3797,1.3704,1.3766,20781819.4
2026-09-14 05:00:00,1.3766,1.3808,1.3738,1.3795,14341593.7
2026-09-14 06:00:00,1.3795,1.3881,1.3732,1.3859,35751578.3
2026-09-14 07:00:00,1.386,1.3903,1.384,1.3899,22170218.7
2026-09-14 08:00:00,1.39,1.3934,1.3836,1.3848,30032433.7
2026-09-14 09:00:00,1.3849,1.4094,1.38,1.4022,61273426.8
2026-09-14 10:00:00,1.4021,1.408,1.394,1.3964,41736647.6
2026-09-14 11:00:00,1.3964,1.4059,1.3936,1.3981,38362218.4
2026-09-14 12:00:00,1.3981,1.404,1.3915,1.3944,37736833.2
2026-09-14 13:00:00,1.3944,1.4026,1.3825,1.3939,60639278.9
2026-09-14 14:00:00,1.3939,1.405,1.3935,1.3992,47155875.9
2026-09-14 15:00:00,1.3993,1.4068,1.3915,1.4026,40452307.1
2026-09-14 16:00:00,1.4025,1.4219,1.4008,1.4183,48458668.5
2026-09-14 17:00:00,1.4182,1.4415,1.4161,1.4339,54883539.3
2026-09-14 18:00:00,1.434,1.4799,1.4288,1.4766,106600372.6
2026-09-14 19:00:00,1.4767,1.4775,1.4531,1.4636,85273394.4
2026-09-14 20:00:00,1.4637,1.4916,1.4623,1.4631,86750099.4
2026-09-14 21:00:00,1.4631,1.4639,1.4413,1.4424,60624541.0
2026-09-14 22:00:00,1.4425,1.4518,1.4341,1.4352,42139185.3
2026-09-14 23:00:00,1.4352,1.4374,1.4174,1.4228,44443843.9
2026-09-15 00:00:00,1.4229,1.4268,1.415,1.4188,29142442.8
2026-09-15 01:00:00,1.4188,1.4255,1.4144,1.4214,35931074.7
2026-09-15 02:00:00,1.4215,1.4297,1.4214,1.4226,29944725.3
2026-09-15 03:00:00,1.4227,1.4227,1.4107,1.4153,32286664.2
2026-09-15 04:00:00,1.4152,1.4179,1.4078,1.4129,31019324.0
2026-09-15 05:00:00,1.4129,1.4132,1.3987,1.4075,38978314.8
2026-09-15 06:00:00,1.4075,1.4099,1.3954,1.399,26398638.1
2026-09-15 07:00:00,1.399,1.4035,1.3907,1.3935,31898337.3
2026-09-15 08:00:00,1.3935,1.3973,1.3852,1.3972,41822313.7
2026-09-15 09:00:00,1.3972,1.4059,1.3947,1.4015,38593667.6
2026-09-15 10:00:00,1.4016,1.4038,1.3969,1.4016,21951001.5
2026-09-15 11:00:00,1.4016,1.4026,1.392,1.4002,23861810.1
2026-09-15 12:00:00,1.4002,1.4213,1.3986,1.416,60133380.4
2026-09-15 13:00:00,1.4159,1.459,1.3939,1.4144,197728602.9
2026-09-15 14:00:00,1.4144,1.4164,1.3717,1.384,105067748.2
2026-09-15 15:00:00,1.3841,1.3969,1.3794,1.3889,56076529.8
2026-09-15 16:00:00,1.3889,1.3921,1.3809,1.3867,30891109.2
2026-09-15 17:00:00,1.3866,1.4125,1.3787,1.4044,72346756.5
2026-09-15 18:00:00,1.4043,1.4069,1.2882,1.3246,409525027.8
2026-09-15 19:00:00,1.3247,1.3291,1.2931,1.2953,169705764.2
2026-09-15 20:00:00,1.2954,1.3019,1.2641,1.2928,120397940.8
2026-09-15 21:00:00,1.2929,1.297,1.276,1.277,46448157.6
2026-09-15 22:00:00,1.2771,1.2903,1.2741,1.2881,38811557.2
2026-09-15 23:00:00,1.288,1.297,1.2812,1.2826,43478001.5
2026-09-16 00:00:00,1.2825,1.2898,1.2803,1.2861,38114170.5
2026-09-16 01:00:00,1.286,1.2897,1.2736,1.275,38235910.4
2026-09-16 02:00:00,1.2749,1.2994,1.2743,1.2886,52037263.0
2026-09-16 03:00:00,1.2887,1.2997,1.288,1.2968,39691129.2
2026-09-16 04:00:00,1.2967,1.312,1.2953,1.3002,49606009.3
2026-09-16 05:00:00,1.3003,1.3009,1.2916,1.296,28971048.8
2026-09-16 06:00:00,1.2961,1.2989,1.2884,1.297,21405104.1
2026-09-16 07:00:00,1.2971,1.301,1.2836,1.2847,30257554.8
2026-09-16 08:00:00,1.2847,1.2851,1.2766,1.2843,42984437.9
2026-09-16 09:00:00,1.2844,1.2921,1.2823,1.2908,22462455.5
2026-09-16 10:00:00,1.2907,1.2923,1.2852,1.2889,19444959.1
2026-09-16 11:00:00,1.2889,1.2978,1.2853,1.2953,28648392.1
2026-09-16 12:00:00,1.2953,1.296,1.2782,1.2821,34145894.8
2026-09-16 13:00:00,1.2821,1.2827,1.2695,1.2747,53564410.8
2026-09-16 14:00:00,1.2747,1.2755,1.2615,1.2663,62377285.2
2026-09-16 15:00:00,1.2662,1.2739,1.2592,1.2655,40879801.9
2026-09-16 16:00:00,1.2656,1.2697,1.2618,1.2678,30744015.7
2026-09-16 17:00:00,1.2678,1.2695,1.2507,1.2613,65153827.6
2026-09-16 18:00:00,1.2613,1.2972,1.2457,1.2781,196878300.8
2026-09-16 19:00:00,1.2781,1.3046,1.2741,1.2999,71843054.6
2026-09-16 20:00:00,1.2999,1.3177,1.2963,1.3017,59519207.6
2026-09-16 21:00:00,1.3017,1.302,1.2867,1.2919,28310690.7
2026-09-16 22:00:00,1.2919,1.293,1.2793,1.2857,30751852.2
2026-09-16 23:00:00,1.2858,1.3026,1.2841,1.2987,42941046.7
2026-09-17 00:00:00,1.2987,1.3026,1.294,1.2941,29438204.5
2026-09-17 01:00:00,1.294,1.3096,1.2904,1.2998,42834982.1
2026-09-17 02:00:00,1.2997,1.3051,1.2921,1.2993,27191703.1
2026-09-17 03:00:00,1.2992,1.307,1.2986,1.3021,17602159.2
2026-09-17 04:00:00,1.302,1.3023,1.2928,1.2996,18344647.7
2026-09-17 05:00:00,1.2995,1.3026,1.2937,1.2952,18648980.1
2026-09-17 06:00:00,1.2952,1.3033,1.2935,1.3008,16113234.1
2026-09-17 07:00:00,1.3008,1.3064,1.2997,1.3015,28640480.2
2026-09-17 08:00:00,1.3014,1.3038,1.298,1.3033,23347853.7
2026-09-17 09:00:00,1.3033,1.309,1.2983,1.299,32004346.5
2026-09-17 10:00:00,1.2991,1.2995,1.2913,1.2951,26527432.9
2026-09-17 11:00:00,1.2952,1.2996,1.291,1.299,20706286.0
2026-09-17 12:00:00,1.2989,1.3151,1.298,1.3045,54771442.6
2026-09-17 13:00:00,1.3046,1.3087,1.2888,1.303,48733662.3
2026-09-17 14:00:00,1.303,1.3201,1.2963,1.3,67073717.8
2026-09-17 15:00:00,1.3,1.3099,1.2939,1.3073,37582507.6
2026-09-17 16:00:00,1.3072,1.3085,1.2979,1.3041,29748008.9
2026-09-17 17:00:00,1.3041,1.3086,1.299,1.2999,24845510.8
2026-09-17 18:00:00,1.2999,1.3002,1.2934,1.2946,18568605.1
2026-09-17 19:00:00,1.2946,1.2983,1.2918,1.2949,19185665.5
2026-09-17 20:00:00,1.2949,1.3002,1.2937,1.2976,13665540.1
2026-09-17 21:00:00,1.2977,1.2997,1.2909,1.2911,14994819.5
2026-09-17 22:00:00,1.2911,1.2957,1.2867,1.295,34807626.5
2026-09-17 23:00:00,1.295,1.2978,1.2933,1.2954,19827824.9
2026-09-18 00:00:00,1.2954,1.3008,1.291,1.3,14252437.9
2026-09-18 01:00:00,1.3,1.3064,1.2986,1.3045,22446392.0
2026-09-18 02:00:00,1.3045,1.3111,1.3,1.3056,32753261.5
2026-09-18 03:00:00,1.3056,1.3286,1.3045,1.326,64852264.2
2026-09-18 04:00:00,1.3261,1.3271,1.3133,1.3251,38489000.3
2026-09-18 05:00:00,1.3252,1.3263,1.3164,1.3178,35087963.0
2026-09-18 06:00:00,1.3178,1.3245,1.3177,1.3218,33145746.0
2026-09-18 07:00:00,1.3217,1.3304,1.3203,1.3282,54925192.7
2026-09-18 08:00:00,1.3283,1.3374,1.3223,1.3363,51376613.5
2026-09-18 09:00:00,1.3364,1.3398,1.3301,1.3342,41090085.7
2026-09-18 10:00:00,1.3341,1.3378,1.3307,1.3313,25063456.2
2026-09-18 11:00:00,1.3313,1.3323,1.3155,1.3232,55628575.5
2026-09-18 12:00:00,1.3233,1.3275,1.3187,1.3233,30099041.8
2026-09-18 13:00:00,1.3233,1.3741,1.3187,1.3609,129174854.8
2026-09-18 14:00:00,1.361,1.4021,1.3606,1.3998,125314576.4
2026-09-18 15:00:00,1.3999,1.4019,1.3708,1.3849,94081842.0
2026-09-18 16:00:00,1.3848,1.3932,1.3767,1.3803,48016453.6
2026-09-18 17:00:00,1.3803,1.3914,1.3739,1.3914,42622626.5
2026-09-18 18:00:00,1.3913,1.3933,1.3847,1.3864,28093684.2
2026-09-18 19:00:00,1.3865,1.4133,1.3856,1.4118,58223052.4
2026-09-18 20:00:00,1.4117,1.4148,1.3982,1.4028,40565782.6
2026-09-18 21:00:00,1.4027,1.4079,1.3976,1.401,25244232.1
2026-09-18 22:00:00,1.401,1.4054,1.3923,1.3981,27440973.1
2026-09-18 23:00:00,1.3981,1.402,1.393,1.3964,22270347.3
2026-09-19 00:00:00,1.3965,1.4207,1.395,1.4088,47958417.9
2026-09-19 01:00:00,1.4089,1.4145,1.3924,1.4125,40208701.5
2026-09-19 02:00:00,1.4125,1.4277,1.4112,1.4132,40437722.4
2026-09-19 03:00:00,1.4133,1.4211,1.4091,1.4179,21306653.1
2026-09-19 04:00:00,1.4178,1.4271,1.4077,1.4146,31163426.2
2026-09-19 05:00:00,1.4146,1.4392,1.4136,1.4266,51775155.7
2026-09-19 06:00:00,1.4267,1.4297,1.4153,1.4218,29032001.7
2026-09-19 07:00:00,1.4218,1.4236,1.4091,1.4106,31011801.8
2026-09-19 08:00:00,1.4107,1.4222,1.4087,1.415,25436184.3
2026-09-19 09:00:00,1.415,1.4178,1.4083,1.4125,27595680.1
2026-09-19 10:00:00,1.4125,1.4233,1.4112,1.4176,26190416.7
2026-09-19 11:00:00,1.4175,1.4385,1.4174,1.4342,44517622.6
2026-09-19 12:00:00,1.4341,1.4386,1.4254,1.434,37581094.3
2026-09-19 13:00:00,1.4341,1.4499,1.4313,1.4371,68038441.8
2026-09-19 14:00:00,1.4371,1.4541,1.4351,1.4377,65819176.8
2026-09-19 15:00:00,1.4377,1.4412,1.4275,1.4306,39936314.3
2026-09-19 16:00:00,1.4305,1.4374,1.4237,1.434,36172027.0
2026-09-19 17:00:00,1.4339,1.4451,1.4223,1.4272,36666919.7
2026-09-19 18:00:00,1.4273,1.4327,1.4206,1.43,28343014.2
2026-09-19 19:00:00,1.4299,1.4332,1.4253,1.4277,24740261.6
2026-09-19 20:00:00,1.4277,1.4354,1.4256,1.4288,22117298.7
2026-09-19 21:00:00,1.4288,1.4322,1.4021,1.4096,58247236.1
2026-09-19 22:00:00,1.4097,1.4184,1.3968,1.4166,43073400.0
2026-09-19 23:00:00,1.4166,1.4174,1.4094,1.4104,19367768.9
2026-09-20 00:00:00,1.4103,1.4108,1.4038,1.4059,21367410.1
2026-09-20 01:00:00,1.406,1.4067,1.3956,1.4004,26455654.5
2026-09-20 02:00:00,1.4004,1.4064,1.3679,1.3705,78346113.1
2026-09-20 03:00:00,1.3705,1.3851,1.3675,1.3823,51820338.2
2026-09-20 04:00:00,1.3822,1.385,1.377,1.3808,21110878.2
2026-09-20 05:00:00,1.3809,1.3853,1.3784,1.3822,18483370.1
2026-09-20 06:00:00,1.3822,1.3847,1.3771,1.3803,17630201.7
2026-09-20 07:00:00,1.3804,1.3844,1.3786,1.3791,10963794.1
2026-09-20 08:00:00,1.3791,1.3831,1.3733,1.3765,19548840.9
2026-09-20 09:00:00,1.3765,1.3898,1.3763,1.3823,25888186.5
2026-09-20 10:00:00,1.3823,1.3838,1.3734,1.3757,22558561.4
2026-09-20 11:00:00,1.3758,1.3805,1.3735,1.3798,18329272.6
2026-09-20 12:00:00,1.3798,1.3832,1.3725,1.3792,23668909.5
2026-09-20 13:00:00,1.3791,1.3823,1.3736,1.3766,16429206.5
2026-09-20 14:00:00,1.3766,1.3833,1.3731,1.3786,21245327.6
2026-09-20 15:00:00,1.3785,1.391,1.3785,1.3902,35628520.7
2026-09-20 16:00:00,1.3902,1.4171,1.3868,1.4099,62865408.0
2026-09-20 17:00:00,1.4099,1.4137,1.3981,1.4023,34094729.7
2026-09-20 18:00:00,1.4022,1.4121,1.3973,1.4033,26125746.8
2026-09-20 19:00:00,1.4034,1.4135,1.4002,1.4088,18081611.7
2026-09-20 20:00:00,1.4087,1.4123,1.4049,1.4058,19810029.7
2026-09-20 21:00:00,1.4058,1.4059,1.3906,1.4018,39103382.4
2026-09-20 22:00:00,1.4017,1.4123,1.3966,1.4092,25369991.4
2026-09-20 23:00:00,1.4093,1.4159,1.407,1.4099,21477510.5
2026-09-21 00:00:00,1.4098,1.4323,1.4094,1.4253,55633420.7
2026-09-21 01:00:00,1.4253,1.4385,1.4025,1.4076,55060692.7
2026-09-21 02:00:00,1.4075,1.421,1.4042,1.4153,31311333.8
2026-09-21 03:00:00,1.4153,1.4256,1.4149,1.4226,17854723.2
2026-09-21 04:00:00,1.4226,1.4237,1.4141,1.4186,18583232.6
2026-09-21 05:00:00,1.4187,1.4369,1.4151,1.4297,35941779.9
2026-09-21 06:00:00,1.4297,1.4417,1.4248,1.4361,42296669.4
2026-09-21 07:00:00,1.4361,1.445,1.4302,1.4383,35081539.9
2026-09-21 08:00:00,1.4383,1.487,1.4377,1.4761,126504421.9
2026-09-21 09:00:00,1.4761,1.4869,1.4703,1.4745,76182053.4
2026-09-21 10:00:00,1.4744,1.4947,1.4689,1.4907,69936468.6
2026-09-21 11:00:00,1.4907,1.4978,1.4841,1.4855,56551218.4
2026-09-21 12:00:00,1.4856,1.4962,1.4831,1.4872,41990604.9
2026-09-21 13:00:00,1.4872,1.4977,1.4714,1.49,80607602.0
2026-09-21 14:00:00,1.49,1.5068,1.4744,1.4969,83707054.4
2026-09-21 15:00:00,1.4968,1.5099,1.4845,1.4952,71781381.1
2026-09-21 16:00:00,1.4951,1.5037,1.4806,1.4886,49358594.7
2026-09-21 17:00:00,1.4886,1.4997,1.4874,1.4955,46427499.1
2026-09-21 18:00:00,1.4955,1.5148,1.4915,1.5091,50820081.6
2026-09-21 19:00:00,1.5091,1.5098,1.4965,1.5069,47096779.9
2026-09-21 20:00:00,1.5068,1.5374,1.5029,1.5329,70701652.9
2026-09-21 21:00:00,1.5329,1.5563,1.5174,1.5496,69315157.7
2026-09-21 22:00:00,1.5496,1.5745,1.5452,1.5557,92773203.4
2026-09-21 23:00:00,1.5557,1.5694,1.5252,1.5362,67063260.5
2026-09-22 00:00:00,1.5362,1.5408,1.5186,1.5217,48379480.7
2026-09-22 01:00:00,1.5217,1.5233,1.5041,1.5121,67621866.5
2026-09-22 02:00:00,1.5121,1.5266,1.5071,1.515,37652126.0
2026-09-22 03:00:00,1.515,1.5218,1.5097,1.5156,32413101.7
2026-09-22 04:00:00,1.5156,1.5264,1.5081,1.5115,49665875.2
2026-09-22 05:00:00,1.5115,1.518,1.4928,1.5133,67766577.3
2026-09-22 06:00:00,1.5134,1.5259,1.5113,1.5193,35884822.2
2026-09-22 07:00:00,1.5193,1.5254,1.5101,1.5183,30726288.1
2026-09-22 08:00:00,1.5183,1.5543,1.5136,1.5465,57791676.7
2026-09-22 09:00:00,1.5464,1.5475,1.5266,1.5411,56059622.7
2026-09-22 10:00:00,1.5412,1.5414,1.5191,1.5314,32819992.7
2026-09-22 11:00:00,1.5314,1.5455,1.5212,1.5372,36260764.0
2026-09-22 12:00:00,1.5373,1.5464,1.5289,1.5423,49185402.2
2026-09-22 13:00:00,1.5424,1.5958,1.5375,1.5883,123595150.9
2026-09-22 14:00:00,1.5883,1.5898,1.5316,1.5639,146270487.8
2026-09-22 15:00:00,1.5639,1.5862,1.5627,1.5716,95261928.9
2026-09-22 16:00:00,1.5716,1.5768,1.5465,1.5632,76024726.4
2026-09-22 17:00:00,1.5632,1.5755,1.5614,1.5713,49399283.8
2026-09-22 18:00:00,1.5714,1.5872,1.5672,1.5814,54816100.6
2026-09-22 19:00:00,1.5814,1.6097,1.572,1.5876,102574591.1
2026-09-22 20:00:00,1.5875,1.5916,1.5667,1.5717,50360304.5
2026-09-22 21:00:00,1.5717,1.5833,1.567,1.5681,31094712.8
2026-09-22 22:00:00,1.5682,1.5799,1.5541,1.5718,48373156.1
2026-09-22 23:00:00,1.5718,1.5843,1.5677,1.572,45172496.6
2026-09-23 00:00:00,1.5721,1.591,1.5688,1.5854,29951009.1
2026-09-23 01:00:00,1.5854,1.6006,1.5751,1.5856,48213814.3
2026-09-23 02:00:00,1.5856,1.6011,1.5736,1.5987,37409659.7
2026-09-23 03:00:00,1.5987,1.625,1.5865,1.618,73614598.0
2026-09-23 04:00:00,1.6179,1.6582,1.6094,1.6378,114238410.2
2026-09-23 05:00:00,1.6379,1.6397,1.5952,1.6082,86265774.7
2026-09-23 06:00:00,1.6082,1.6362,1.6067,1.6257,45813510.4
2026-09-23 07:00:00,1.6258,1.6277,1.6113,1.6157,51309358.5
2026-09-23 08:00:00,1.6158,1.6211,1.584,1.5963,71754729.1
2026-09-23 09:00:00,1.5964,1.6031,1.5896,1.5933,50456986.6
2026-09-23 10:00:00,1.5933,1.5988,1.5751,1.5935,59764953.1
2026-09-23 11:00:00,1.5936,1.5965,1.5677,1.5724,65375047.0
2026-09-23 12:00:00,1.5724,1.5732,1.5571,1.5664,61464427.6
2026-09-23 13:00:00,1.5664,1.5822,1.552,1.5746,75981997.7
2026-09-23 14:00:00,1.5747,1.5816,1.5052,1.5273,213353904.8
2026-09-23 15:00:00,1.5274,1.5344,1.5026,1.5057,66830974.6
2026-09-23 16:00:00,1.5056,1.5182,1.4822,1.5,95126096.4
2026-09-23 17:00:00,1.4999,1.5075,1.4848,1.5025,50161413.9
2026-09-23 18:00:00,1.5025,1.5028,1.4855,1.4955,44993762.1
2026-09-23 19:00:00,1.4955,1.5034,1.4892,1.4927,36760515.7
2026-09-23 20:00:00,1.4928,1.4987,1.4783,1.4827,48248285.7
2026-09-23 21:00:00,1.4826,1.5031,1.4801,1.4983,27958039.2
2026-09-23 22:00:00,1.4983,1.511,1.4959,1.5009,44326969.9
2026-09-23 23:00:00,1.501,1.5024,1.4948,1.4999,16169445.1
2026-09-24 00:00:00,1.5,1.5079,1.4966,1.5003,22466167.3
2026-09-24 01:00:00,1.5003,1.5037,1.486,1.4889,38697616.2
2026-09-24 02:00:00,1.489,1.5077,1.4806,1.5035,36018713.8
2026-09-24 03:00:00,1.5034,1.5098,1.4904,1.4934,23920562.6
2026-09-24 04:00:00,1.4935,1.5004,1.4869,1.4999,20659481.2
2026-09-24 05:00:00,1.5,1.5187,1.4997,1.5035,37354913.7
2026-09-24 06:00:00,1.5036,1.5093,1.4991,1.5014,21925009.0
2026-09-24 07:00:00,1.5014,1.51,1.494,1.5058,27161834.4
2026-09-24 08:00:00,1.5058,1.5077,1.472,1.483,65091965.9
2026-09-24 09:00:00,1.4831,1.4855,1.454,1.4574,104481339.3
2026-09-24 10:00:00,1.4575,1.4696,1.4513,1.4667,51003660.4
2026-09-24 11:00:00,1.4666,1.4733,1.4658,1.4689,30318313.2
2026-09-24 12:00:00,1.4688,1.4809,1.4654,1.4785,33280615.3
2026-09-24 13:00:00,1.4785,1.5088,1.4782,1.5017,83453697.1
2026-09-24 14:00:00,1.5017,1.5266,1.4873,1.4982,119727808.6
2026-09-24 15:00:00,1.4982,1.5169,1.4923,1.514,58700353.8
2026-09-24 16:00:00,1.5141,1.536,1.5026,1.5319,83846165.3
2026-09-24 17:00:00,1.5319,1.5437,1.5224,1.5274,70673301.7
2026-09-24 18:00:00,1.5273,1.5399,1.5159,1.5361,53163470.8
2026-09-24 19:00:00,1.5362,1.5372,1.5243,1.5276,34713764.6
2026-09-24 20:00:00,1.5276,1.5336,1.5217,1.5299,24963473.9
2026-09-24 21:00:00,1.5299,1.5469,1.5288,1.5376,29054325.0
2026-09-24 22:00:00,1.5376,1.5423,1.5274,1.5323,32421900.6
2026-09-24 23:00:00,1.5322,1.5394,1.5293,1.534,20163594.0
2026-09-25 00:00:00,1.534,1.56,1.5335,1.5438,51315664.3
2026-09-25 01:00:00,1.5439,1.555,1.5343,1.5408,33825575.5
2026-09-25 02:00:00,1.5408,1.5535,1.5254,1.5282,47207733.3
2026-09-25 03:00:00,1.5283,1.5343,1.5234,1.5301,30816227.7
2026-09-25 04:00:00,1.5301,1.5413,1.5266,1.532,21281211.7
2026-09-25 05:00:00,1.532,1.5368,1.5261,1.5277,23145778.2
2026-09-25 06:00:00,1.5276,1.5354,1.5201,1.5295,34944648.1
2026-09-25 07:00:00,1.5295,1.5394,1.5178,1.5339,36987893.6
2026-09-25 08:00:00,1.5339,1.5489,1.5304,1.5421,42943680.2
2026-09-25 09:00:00,1.5422,1.5618,1.5413,1.553,55255776.7
2026-09-25 10:00:00,1.553,1.5609,1.5443,1.556,38154951.6
2026-09-25 11:00:00,1.5561,1.5993,1.5555,1.5938,102934507.7
2026-09-25 12:00:00,1.5939,1.6299,1.5772,1.6002,171171193.8
2026-09-25 13:00:00,1.6002,1.6056,1.5727,1.5827,99721944.4
2026-09-25 14:00:00,1.5826,1.5966,1.5606,1.5878,109929023.9
2026-09-25 15:00:00,1.5877,1.5935,1.5565,1.5757,74793726.4
2026-09-25 16:00:00,1.5757,1.5855,1.5589,1.5619,69809546.8
2026-09-25 17:00:00,1.5618,1.5725,1.5483,1.5636,40860734.0
2026-09-25 18:00:00,1.5636,1.5787,1.5625,1.5679,28661757.3
2026-09-25 19:00:00,1.5679,1.5748,1.5647,1.5714,23577512.4
2026-09-25 20:00:00,1.5715,1.5739,1.5597,1.5604,25041523.7
2026-09-25 21:00:00,1.5604,1.5618,1.551,1.551,19439445.8
2026-09-25 22:00:00,1.5511,1.5714,1.5481,1.5679,24350665.3
2026-09-25 23:00:00,1.5679,1.5715,1.5663,1.5677,12105626.4
2026-09-26 00:00:00,1.5678,1.5685,1.5542,1.5633,23412951.7
2026-09-26 01:00:00,1.5633,1.5804,1.5625,1.5754,31428204.5
2026-09-26 02:00:00,1.5755,1.5765,1.5639,1.5643,17767821.4
2026-09-26 03:00:00,1.5644,1.5646,1.5559,1.5579,17305833.3
2026-09-26 04:00:00,1.5579,1.5619,1.5505,1.5563,18692466.5
2026-09-26 05:00:00,1.5563,1.5575,1.5471,1.5495,18022305.6
2026-09-26 06:00:00,1.5495,1.5512,1.5451,1.5481,14719430.3
2026-09-26 07:00:00,1.5482,1.5545,1.5475,1.5517,13677941.1
2026-09-26 08:00:00,1.5518,1.5558,1.5431,1.5484,21921938.0
2026-09-26 09:00:00,1.5484,1.55,1.5356,1.5405,32393711.1
2026-09-26 10:00:00,1.5406,1.5512,1.5397,1.5508,18272543.2
2026-09-26 11:00:00,1.5508,1.5517,1.5459,1.5462,13273314.3
2026-09-26 12:00:00,1.5462,1.5484,1.538,1.542,21753220.2
2026-09-26 13:00:00,1.542,1.5479,1.5362,1.5408,23038060.1
2026-09-26 14:00:00,1.5408,1.5462,1.5393,1.5453,14935340.6
2026-09-26 15:00:00,1.5453,1.5536,1.5436,1.5519,22723940.1
2026-09-26 16:00:00,1.5519,1.5522,1.5441,1.5458,14352513.5
2026-09-26 17:00:00,1.5459,1.5461,1.5323,1.5358,27399139.5
2026-09-26 18:00:00,1.5358,1.5368,1.5176,1.5206,49838244.6
2026-09-26 19:00:00,1.5206,1.5265,1.5187,1.5226,18248841.0
2026-09-26 20:00:00,1.5226,1.5248,1.5006,1.5109,53443768.7
2026-09-26 21:00:00,1.511,1.5276,1.5105,1.5235,23678412.8
2026-09-26 22:00:00,1.5235,1.5275,1.5195,1.5213,13671208.0
2026-09-26 23:00:00,1.5213,1.5295,1.5212,1.5264,18737437.0
2026-09-27 00:00:00,1.5265,1.5274,1.5149,1.517,19333828.6
2026-09-27 01:00:00,1.5171,1.5254,1.5141,1.5227,21326798.6
2026-09-27 02:00:00,1.5227,1.5297,1.519,1.5198,22769467.4
2026-09-27 03:00:00,1.5199,1.5214,1.5144,1.5149,12094590.9
2026-09-27 04:00:00,1.515,1.5182,1.5055,1.5066,22978068.7
2026-09-27 05:00:00,1.5066,1.5237,1.5064,1.5187,20898396.6
2026-09-27 06:00:00,1.5186,1.5249,1.5173,1.521,19120733.8
2026-09-27 07:00:00,1.521,1.5392,1.5194,1.5379,30629432.2
2026-09-27 08:00:00,1.5379,1.5418,1.5334,1.5342,43234481.2
2026-09-27 09:00:00,1.5341,1.5379,1.5262,1.5377,28349552.0
2026-09-27 10:00:00,1.5377,1.5423,1.5346,1.5376,26347735.6
2026-09-27 11:00:00,1.5375,1.5395,1.5323,1.5373,17201909.7
2026-09-27 12:00:00,1.5373,1.5457,1.5345,1.5346,24254117.1
2026-09-27 13:00:00,1.5346,1.5367,1.5203,1.5324,53302878.7
2026-09-27 14:00:00,1.5325,1.5334,1.5113,1.5159,43121278.9
2026-09-27 15:00:00,1.5158,1.5189,1.5073,1.5158,32318168.8
2026-09-27 16:00:00,1.5158,1.5239,1.5136,1.518,26312501.5
2026-09-27 17:00:00,1.518,1.5251,1.5175,1.5237,14340420.5
2026-09-27 18:00:00,1.5238,1.5412,1.5231,1.5383,24322334.2
2026-09-27 19:00:00,1.5383,1.5387,1.5277,1.5312,18361682.9
2026-09-27 20:00:00,1.5311,1.5346,1.5219,1.523,21614226.2
2026-09-27 21:00:00,1.523,1.5293,1.5133,1.5217,28414985.1
2026-09-27 22:00:00,1.5217,1.5239,1.5019,1.5072,43225861.3
2026-09-27 23:00:00,1.5071,1.5194,1.5059,1.5159,26232948.6
2026-09-28 00:00:00,1.5159,1.533,1.5095,1.5137,43200803.4
2026-09-28 01:00:00,1.5137,1.5205,1.4907,1.5042,56798611.5
2026-09-28 02:00:00,1.5041,1.5157,1.4926,1.4958,48363013.6
2026-09-28 03:00:00,1.4959,1.5027,1.4818,1.4918,44427856.3
2026-09-28 04:00:00,1.4917,1.4991,1.4835,1.4956,25105930.6
2026-09-28 05:00:00,1.4956,1.4992,1.4701,1.4834,59375068.5
2026-09-28 06:00:00,1.4834,1.49,1.4769,1.4793,27883743.5
2026-09-28 07:00:00,1.4793,1.4878,1.4687,1.4706,32577434.3
2026-09-28 08:00:00,1.4707,1.4843,1.4697,1.4806,27286118.4
2026-09-28 09:00:00,1.4805,1.4865,1.4695,1.4785,36209792.5
2026-09-28 10:00:00,1.4786,1.4938,1.4786,1.4882,26413015.6
2026-09-28 11:00:00,1.4882,1.4952,1.4842,1.4925,27258792.4
2026-09-28 12:00:00,1.4924,1.5259,1.4889,1.5229,82539256.9
2026-09-28 13:00:00,1.5229,1.5317,1.5138,1.52,56640455.9
2026-09-28 14:00:00,1.52,1.5201,1.4729,1.4849,107234768.3
2026-09-28 15:00:00,1.4848,1.4972,1.4737,1.494,65319539.2
2026-09-28 16:00:00,1.494,1.5209,1.4896,1.4991,74784967.2
2026-09-28 17:00:00,1.4991,1.5196,1.4895,1.5065,50134630.8
2026-09-28 18:00:00,1.5065,1.5165,1.5032,1.5117,28476594.9
2026-09-28 19:00:00,1.5117,1.5121,1.4786,1.4833,52678705.5
2026-09-28 20:00:00,1.4833,1.4954,1.4752,1.4944,27429304.0
2026-09-28 21:00:00,1.4945,1.5003,1.4833,1.4851,18578804.1
2026-09-28 22:00:00,1.4852,1.4936,1.4767,1.4924,21047356.9
2026-09-28 23:00:00,1.4924,1.4998,1.4909,1.4961,14901738.9
2026-09-29 00:00:00,1.4961,1.5035,1.4874,1.4874,19389802.4
2026-09-29 01:00:00,1.4873,1.4945,1.4642,1.4765,61989188.8
2026-09-29 02:00:00,1.4765,1.4808,1.4662,1.4754,26444202.1
2026-09-29 03:00:00,1.4754,1.4917,1.4741,1.4886,25356845.9
2026-09-29 04:00:00,1.4886,1.4914,1.4788,1.485,18138559.1
2026-09-29 05:00:00,1.4851,1.4935,1.4734,1.4934,24923850.9
2026-09-29 06:00:00,1.4935,1.5081,1.4932,1.5053,33277828.1
2026-09-29 07:00:00,1.5054,1.5114,1.5016,1.5073,22585451.2
2026-09-29 08:00:00,1.5074,1.5139,1.4972,1.5002,28161343.8
2026-09-29 09:00:00,1.5002,1.5144,1.4975,1.5104,20687930.1
2026-09-29 10:00:00,1.5104,1.5124,1.5019,1.5076,22108189.0
2026-09-29 11:00:00,1.5075,1.5202,1.5041,1.5165,28152482.8
2026-09-29 12:00:00,1.5164,1.5553,1.5112,1.5464,114374451.2
2026-09-29 13:00:00,1.5465,1.5558,1.5384,1.5477,67281976.3
2026-09-29 14:00:00,1.5476,1.5607,1.541,1.545,62005799.6
2026-09-29 15:00:00,1.5449,1.5453,1.5072,1.5174,99778614.6
2026-09-29 16:00:00,1.5174,1.5234,1.48,1.4852,81679603.0
2026-09-29 17:00:00,1.4851,1.4895,1.4754,1.4813,44916874.3
2026-09-29 18:00:00,1.4813,1.5007,1.4813,1.499,40168614.3
2026-09-29 19:00:00,1.499,1.5029,1.4908,1.4928,26051785.9
2026-09-29 20:00:00,1.4928,1.5002,1.4892,1.4959,14109759.3
2026-09-29 21:00:00,1.4959,1.498,1.4893,1.4952,13550640.8
2026-09-29 22:00:00,1.4952,1.4987,1.4909,1.4929,20442820.4
2026-09-29 23:00:00,1.493,1.4984,1.4871,1.49,16753613.9
2026-09-30 00:00:00,1.4899,1.492,1.4847,1.4915,15218283.5
2026-09-30 01:00:00,1.4915,1.5,1.4904,1.4968,15630993.8
2026-09-30 02:00:00,1.4968,1.504,1.4955,1.5004,21965874.0
2026-09-30 03:00:00,1.5004,1.5015,1.4896,1.4927,15389502.8
2026-09-30 04:00:00,1.4927,1.499,1.4919,1.4928,12655506.4
2026-09-30 05:00:00,1.4929,1.505,1.4926,1.5027,22317110.3
2026-09-30 06:00:00,1.5027,1.5061,1.491,1.4922,23192972.8
2026-09-30 07:00:00,1.4922,1.5036,1.4886,1.4998,24216923.5
2026-09-30 08:00:00,1.4998,1.5008,1.4914,1.4967,20059228.2
2026-09-30 09:00:00,1.4967,1.5154,1.4961,1.5098,43703889.7
2026-09-30 10:00:00,1.5098,1.515,1.506,1.5121,22796803.0
2026-09-30 11:00:00,1.5121,1.5202,1.5066,1.5154,24868979.5
2026-09-30 12:00:00,1.5153,1.5405,1.5058,1.5341,83366932.9
2026-09-30 13:00:00,1.5342,1.544,1.5073,1.5195,85570795.0
2026-09-30 14:00:00,1.5195,1.5219,1.4911,1.4964,76704354.3
2026-09-30 15:00:00,1.4965,1.5089,1.4882,1.5047,40014527.1
2026-09-30 16:00:00,1.5048,1.5141,1.5042,1.5114,25614732.9
2026-09-30 17:00:00,1.5114,1.5138,1.4959,1.4989,26589633.5
2026-09-30 18:00:00,1.4989,1.5007,1.4889,1.4948,25056369.7
2026-09-30 19:00:00,1.4949,1.4967,1.4835,1.4883,29791308.2
2026-09-30 20:00:00,1.4884,1.4962,1.4858,1.491,18800996.4
2026-09-30 21:00:00,1.4911,1.4933,1.4855,1.4881,11931667.3
2026-09-30 22:00:00,1.4882,1.4942,1.484,1.4885,13463586.2
2026-09-30 23:00:00,1.4885,1.4939,1.4846,1.4892,15412152.3
2026-10-01 00:00:00,1.4891,1.492,1.4849,1.4899,13756555.9
2026-10-01 01:00:00,1.4898,1.4963,1.4885,1.4887,14251373.1
2026-10-01 02:00:00,1.4887,1.4927,1.4854,1.4923,14269036.2
2026-10-01 03:00:00,1.4923,1.5008,1.4894,1.5002,17059909.4
2026-10-01 04:00:00,1.5003,1.508,1.4955,1.5037,19339077.5
2026-10-01 05:00:00,1.5037,1.5099,1.502,1.5081,16661952.9
2026-10-01 06:00:00,1.5081,1.5082,1.5028,1.5053,14892087.7
2026-10-01 07:00:00,1.5053,1.507,1.479,1.4859,49377879.7
2026-10-01 08:00:00,1.486,1.4888,1.4759,1.4868,27909594.2
2026-10-01 09:00:00,1.4868,1.4932,1.4855,1.489,20390072.8
2026-10-01 10:00:00,1.489,1.4948,1.475,1.4926,33234000.7
2026-10-01 11:00:00,1.4926,1.4947,1.4855,1.4921,19152536.3
2026-10-01 12:00:00,1.4922,1.4939,1.4833,1.4867,18681533.7
2026-10-01 13:00:00,1.4868,1.4924,1.4754,1.4891,41812916.7
2026-10-01 14:00:00,1.489,1.49,1.4732,1.4819,46328228.1
2026-10-01 15:00:00,1.482,1.4914,1.4752,1.4867,40764478.4
2026-10-01 16:00:00,1.4867,1.4924,1.478,1.4809,29094479.2
2026-10-01 17:00:00,1.4808,1.5055,1.4802,1.4996,47834427.5
2026-10-01 18:00:00,1.4996,1.5091,1.496,1.5009,25717227.0
2026-10-01 19:00:00,1.5008,1.5038,1.4925,1.5006,19773373.9
2026-10-01 20:00:00,1.5005,1.5055,1.4964,1.4981,18923311.7
2026-10-01 21:00:00,1.4981,1.4984,1.4862,1.4898,20287612.7
2026-10-01 22:00:00,1.4897,1.4967,1.4886,1.4935,13207120.8
2026-10-01 23:00:00,1.4934,1.4947,1.4897,1.4937,6500296.9
2026-10-02 00:00:00,1.4938,1.4986,1.4916,1.4945,13295905.5
2026-10-02 01:00:00,1.4945,1.4978,1.4855,1.4962,16722606.7
2026-10-02 02:00:00,1.4962,1.503,1.4948,1.5023,16486346.5
2026-10-02 03:00:00,1.5023,1.5098,1.5004,1.5085,23232683.8
2026-10-02 04:00:00,1.5085,1.5332,1.5041,1.5301,61870216.8
2026-10-02 05:00:00,1.53,1.5303,1.5107,1.5165,34580988.2
2026-10-02 06:00:00,1.5166,1.5278,1.5149,1.5226,31614454.4
2026-10-02 07:00:00,1.5226,1.5343,1.5191,1.5316,23536787.4
2026-10-02 08:00:00,1.5316,1.5423,1.5307,1.5365,36260839.4
2026-10-02 09:00:00,1.5365,1.5417,1.5321,1.5388,27434696.0
2026-10-02 10:00:00,1.5388,1.55,1.5352,1.5386,37099267.8
2026-10-02 11:00:00,1.5387,1.5438,1.5297,1.5316,25523392.1
2026-10-02 12:00:00,1.5316,1.5552,1.5265,1.5419,66989252.4
2026-10-02 13:00:00,1.5419,1.55,1.5283,1.5315,46459522.0
2026-10-02 14:00:00,1.5315,1.5379,1.505,1.513,67066053.1
2026-10-02 15:00:00,1.513,1.5146,1.5009,1.5063,43541511.0
2026-10-02 16:00:00,1.5062,1.5102,1.4975,1.5028,32750530.9
2026-10-02 17:00:00,1.5028,1.5048,1.4914,1.4972,32885954.1
2026-10-02 18:00:00,1.4973,1.5002,1.4425,1.4633,147029500.2
2026-10-02 19:00:00,1.4633,1.4728,1.4612,1.4691,48073233.0
2026-10-02 20:00:00,1.4691,1.4759,1.4691,1.4713,28521852.3
2026-10-02 21:00:00,1.4714,1.4763,1.4703,1.4755,12703717.9
2026-10-02 22:00:00,1.4755,1.4799,1.4722,1.4797,18864716.6
2026-10-02 23:00:00,1.4797,1.4863,1.4788,1.484,14834258.1
2026-10-03 00:00:00,1.484,1.4908,1.482,1.4882,17752971.6
2026-10-03 01:00:00,1.4881,1.4927,1.4859,1.489,12711872.7
2026-10-03 02:00:00,1.4889,1.4907,1.4846,1.4849,9349339.7
2026-10-03 03:00:00,1.4848,1.4897,1.4843,1.4887,9763572.8
2026-10-03 04:00:00,1.4887,1.4897,1.4814,1.4851,9446780.2
2026-10-03 05:00:00,1.4851,1.4887,1.4834,1.4851,9621610.1
2026-10-03 06:00:00,1.4852,1.4874,1.4827,1.4853,8961428.6
2026-10-03 07:00:00,1.4852,1.4852,1.4786,1.4813,10206483.6
2026-10-03 08:00:00,1.4813,1.4843,1.4796,1.4809,8499427.8
2026-10-03 09:00:00,1.4808,1.4855,1.4808,1.4824,6906525.7
2026-10-03 10:00:00,1.4824,1.484,1.4819,1.4831,5145526.9
2026-10-03 11:00:00,1.4831,1.4883,1.4813,1.4853,11515128.0
2026-10-03 12:00:00,1.4852,1.4886,1.4817,1.4847,11887689.7
2026-10-03 13:00:00,1.4848,1.4862,1.482,1.4859,10165191.6
2026-10-03 14:00:00,1.4859,1.4909,1.482,1.4891,12238938.6
2026-10-03 15:00:00,1.4891,1.4919,1.4867,1.4891,11992806.0
2026-10-03 16:00:00,1.4891,1.4908,1.4851,1.4894,9054638.3
2026-10-03 17:00:00,1.4895,1.4954,1.488,1.4927,12827065.2
2026-10-03 18:00:00,1.4928,1.4941,1.4876,1.4891,9009457.4
2026-10-03 19:00:00,1.4891,1.4895,1.486,1.4877,7726957.7
2026-10-03 20:00:00,1.4877,1.4913,1.4876,1.4894,7582878.6
2026-10-03 21:00:00,1.4895,1.4907,1.4851,1.4864,8610933.2
2026-10-03 22:00:00,1.4864,1.4887,1.4835,1.4858,8376464.8
2026-10-03 23:00:00,1.4858,1.4868,1.484,1.4855,6846970.8
2026-10-04 00:00:00,1.4856,1.4905,1.4847,1.4875,11304235.4
2026-10-04 01:00:00,1.4875,1.4898,1.4862,1.4875,5998974.4
2026-10-04 02:00:00,1.4875,1.4913,1.4872,1.4886,7766517.7
2026-10-04 03:00:00,1.4886,1.491,1.4869,1.4891,6451520.1
