t,o,h,l,c,v
2024-09-14 04:00:00,0.007913,0.0079358,0.0077824,0.0078317,7463315033.0
2024-09-14 08:00:00,0.0078317,0.007852,0.0076857,0.0077399,8136273817.0
2024-09-14 12:00:00,0.0077399,0.0077998,0.0077106,0.00775,7754859406.0
2024-09-14 16:00:00,0.00775,0.0077884,0.007622,0.0076847,8728649123.0
2024-09-14 20:00:00,0.0076847,0.0077856,0.0076716,0.0077545,5580436260.0
2024-09-15 00:00:00,0.0077545,0.0078286,0.0077396,0.0077448,4587684829.0
2024-09-15 04:00:00,0.0077438,0.0077668,0.0076782,0.0077526,4646984115.0
2024-09-15 08:00:00,0.0077526,0.0077526,0.0075801,0.007642,6462583972.0
2024-09-15 12:00:00,0.007642,0.0077474,0.0076022,0.0077194,9261964021.0
2024-09-15 16:00:00,0.0077193,0.007739,0.0075451,0.0075671,11917081290.0
2024-09-15 20:00:00,0.0075672,0.0075917,0.0072908,0.0073495,13861841112.0
2024-09-16 00:00:00,0.0073499,0.0073652,0.0070524,0.0071989,23378301212.0
2024-09-16 04:00:00,0.0071988,0.0073496,0.0071769,0.0073336,10280571348.0
2024-09-16 08:00:00,0.0073332,0.0073898,0.0072083,0.0072369,8585647145.0
2024-09-16 12:00:00,0.007237,0.007265,0.0070779,0.0072088,15545510363.0
2024-09-16 16:00:00,0.0072088,0.0072231,0.0070868,0.0071565,9753000830.0
2024-09-16 20:00:00,0.007156,0.0072334,0.0070969,0.0071946,5760858316.0
2024-09-17 00:00:00,0.0071946,0.00723,0.0071022,0.007202,5674433194.0
2024-09-17 04:00:00,0.0072023,0.0073352,0.0071952,0.0072889,9472110020.0
2024-09-17 08:00:00,0.0072891,0.0074456,0.0072874,0.0073716,12929972573.0
2024-09-17 12:00:00,0.0073716,0.0076411,0.0073044,0.0075449,26472736033.0
2024-09-17 16:00:00,0.0075452,0.0075867,0.0072086,0.0072591,19057013292.0
2024-09-17 20:00:00,0.0072591,0.0073214,0.0072254,0.0073192,6233280519.0
2024-09-18 00:00:00,0.0073193,0.00741,0.0071884,0.0073431,10604159732.0
2024-09-18 04:00:00,0.0073431,0.0073736,0.0072561,0.0073245,6615120940.0
2024-09-18 08:00:00,0.0073244,0.0073244,0.0071178,0.0072079,10413372066.0
2024-09-18 12:00:00,0.0072085,0.0072681,0.0070107,0.0070403,15570444283.0
2024-09-18 16:00:00,0.0070403,0.00745,0.0069836,0.0072443,36751014723.0
2024-09-18 20:00:00,0.0072424,0.0075435,0.0071511,0.007528,13449607987.0
2024-09-19 00:00:00,0.007528,0.0077798,0.0075277,0.0076969,22906810652.0
2024-09-19 04:00:00,0.007697,0.0079368,0.0076367,0.007881,20390320112.0
2024-09-19 08:00:00,0.0078812,0.00794,0.0078,0.0078473,14112489742.0
2024-09-19 12:00:00,0.0078472,0.0080778,0.007836,0.0078912,26072683560.0
2024-09-19 16:00:00,0.0078912,0.0083358,0.0078836,0.0080886,36560242266.0
2024-09-19 20:00:00,0.0080878,0.0081595,0.0079132,0.0079502,13363944659.0
2024-09-20 00:00:00,0.0079502,0.0081892,0.00771,0.0081804,19191617464.0
2024-09-20 04:00:00,0.0081807,0.0085124,0.008147,0.0084382,34397504494.0
2024-09-20 08:00:00,0.0084377,0.0084377,0.0081253,0.0081841,20134776112.0
2024-09-20 12:00:00,0.0081841,0.0082508,0.008028,0.00819,25243767385.0
2024-09-20 16:00:00,0.0081904,0.0082343,0.0079695,0.0080775,14090953446.0
2024-09-20 20:00:00,0.0080768,0.0082525,0.0080572,0.0082411,12049900241.0
2024-09-21 00:00:00,0.0082411,0.0083035,0.0080643,0.0080669,11729325053.0
2024-09-21 04:00:00,0.0080669,0.0081634,0.0080001,0.008146,6708673334.0
2024-09-21 08:00:00,0.0081456,0.0082018,0.0081069,0.0081804,5702444352.0
2024-09-21 12:00:00,0.0081804,0.0083562,0.00815,0.0082426,12810344914.0
2024-09-21 16:00:00,0.0082426,0.0083193,0.0082306,0.0082672,6802307493.0
2024-09-21 20:00:00,0.0082671,0.0084459,0.0082026,0.0084089,7251773991.0
2024-09-22 00:00:00,0.0084088,0.0084774,0.0081576,0.0082306,13128935337.0
2024-09-22 04:00:00,0.0082305,0.0082799,0.0081738,0.0082233,6550603586.0
2024-09-22 08:00:00,0.0082234,0.0082561,0.0080357,0.0081004,11332305225.0
2024-09-22 12:00:00,0.0081004,0.0081276,0.0078801,0.0079212,14506981934.0
2024-09-22 16:00:00,0.0079211,0.0080388,0.0078543,0.0079968,12166304258.0
2024-09-22 20:00:00,0.0079972,0.0080724,0.0077214,0.0080046,17031837436.0
2024-09-23 00:00:00,0.0080046,0.0083351,0.0078217,0.0082639,19623898385.0
2024-09-23 04:00:00,0.0082641,0.0082992,0.00804,0.0080636,12724516800.0
2024-09-23 08:00:00,0.0080635,0.0081316,0.0079888,0.0080533,9846383133.0
2024-09-23 12:00:00,0.0080533,0.0081966,0.0079848,0.0081617,16438210126.0
2024-09-23 16:00:00,0.0081607,0.0082162,0.008047,0.0080594,10438967339.0
2024-09-23 20:00:00,0.0080603,0.0081331,0.0079931,0.0081273,7434460581.0
2024-09-24 00:00:00,0.0081274,0.0081429,0.0079209,0.0080418,11607157533.0
2024-09-24 04:00:00,0.0080418,0.0080886,0.007951,0.0080831,7079132036.0
2024-09-24 08:00:00,0.0080831,0.0083255,0.0080763,0.0082978,20608489177.0
2024-09-24 12:00:00,0.0082979,0.0087,0.0082874,0.008367,42926390826.0
2024-09-24 16:00:00,0.0083666,0.0086145,0.008315,0.0085787,15841571563.0
2024-09-24 20:00:00,0.0085787,0.008764,0.008458,0.0085892,17532088305.0
2024-09-25 00:00:00,0.0085898,0.0087918,0.008484,0.0087396,19248605349.0
2024-09-25 04:00:00,0.0087397,0.00875,0.0083921,0.0084294,16297945284.0
2024-09-25 08:00:00,0.0084294,0.0085075,0.0083784,0.0084935,12729563524.0
2024-09-25 12:00:00,0.0084935,0.0086142,0.0083983,0.0084616,16288824159.0
2024-09-25 16:00:00,0.0084616,0.008627,0.0083575,0.0085035,16372716907.0
2024-09-25 20:00:00,0.0085031,0.0086568,0.008385,0.0084426,13766250747.0
2024-09-26 00:00:00,0.0084426,0.0084954,0.0082147,0.0084413,15043624416.0
2024-09-26 04:00:00,0.0084414,0.00899,0.008397,0.008926,29638982192.0
2024-09-26 08:00:00,0.0089259,0.0091888,0.0088792,0.0091083,30488197725.0
2024-09-26 12:00:00,0.0091083,0.0092978,0.0090279,0.0092402,34263705753.0
2024-09-26 16:00:00,0.0092402,0.009725,0.0092227,0.0093666,38617896844.0
2024-09-26 20:00:00,0.0093668,0.0095721,0.0092372,0.0095147,18422063193.0
2024-09-27 00:00:00,0.0095147,0.0097169,0.0093711,0.0096614,15099831314.0
2024-09-27 04:00:00,0.0096614,0.0105,0.0096217,0.0104265,39448753571.0
2024-09-27 08:00:00,0.0104265,0.01078,0.0104047,0.010521,35716881593.0
2024-09-27 12:00:00,0.0105211,0.0109436,0.0104298,0.0107227,41766194760.0
2024-09-27 16:00:00,0.0107227,0.0108799,0.0105168,0.010584,24222976185.0
2024-09-27 20:00:00,0.0105833,0.0107575,0.0104733,0.0107021,12573209133.0
2024-09-28 00:00:00,0.0107021,0.0115587,0.0105565,0.0113561,37472935208.0
2024-09-28 04:00:00,0.0113581,0.0114988,0.0110132,0.0110826,29452824566.0
2024-09-28 08:00:00,0.0110825,0.0112422,0.0105561,0.0111152,41772576999.0
2024-09-28 12:00:00,0.0111163,0.0112848,0.0108446,0.0110005,24351367775.0
2024-09-28 16:00:00,0.0110005,0.0113,0.010884,0.0112116,19268808112.0
2024-09-28 20:00:00,0.0112116,0.0114342,0.0109556,0.0113806,17337382455.0
2024-09-29 00:00:00,0.0113805,0.01197,0.0111,0.0117033,37369433853.0
2024-09-29 04:00:00,0.011703,0.0117218,0.0110602,0.0111232,27591511898.0
2024-09-29 08:00:00,0.0111231,0.0114728,0.0110472,0.0114098,21071717866.0
2024-09-29 12:00:00,0.01141,0.0114969,0.0109679,0.0111728,30063374841.0
2024-09-29 16:00:00,0.0111728,0.0114485,0.0110377,0.0114275,18560656563.0
2024-09-29 20:00:00,0.0114277,0.0116637,0.0111966,0.0112783,24729806404.0
2024-09-30 00:00:00,0.0112784,0.0114971,0.010801,0.0113415,39200844629.0
2024-09-30 04:00:00,0.0113414,0.011498,0.01115,0.0111965,22185271949.0
2024-09-30 08:00:00,0.0111965,0.0112075,0.0106018,0.0110452,31947604683.0
2024-09-30 12:00:00,0.0110452,0.0111312,0.0106873,0.0107005,28031884231.0
2024-09-30 16:00:00,0.0107005,0.0108991,0.0106338,0.0107681,18631539185.0
2024-09-30 20:00:00,0.0107688,0.0110181,0.0103504,0.0104665,25217500483.0
2024-10-01 00:00:00,0.0104665,0.010883,0.010357,0.0108751,18872901905.0
2024-10-01 04:00:00,0.0108744,0.0113934,0.0107882,0.0112458,28453885956.0
2024-10-01 08:00:00,0.0112437,0.0113616,0.0111248,0.011208,17619618796.0
2024-10-01 12:00:00,0.011208,0.011452,0.0100665,0.0106776,72266652360.0
2024-10-01 16:00:00,0.010677,0.0109112,0.00973,0.0098915,84846625108.0
2024-10-01 20:00:00,0.0098911,0.0100248,0.0092876,0.0096949,49252401768.0
2024-10-02 00:00:00,0.0096952,0.0101677,0.0095816,0.0099662,27484360315.0
2024-10-02 04:00:00,0.0099662,0.010323,0.0098109,0.0100992,23259921958.0
2024-10-02 08:00:00,0.0100991,0.0101626,0.009477,0.0096125,30805609595.0
2024-10-02 12:00:00,0.0096128,0.0099167,0.0093338,0.0097984,38101957881.0
2024-10-02 16:00:00,0.0097985,0.0100106,0.0089225,0.0092424,51713397626.0
2024-10-02 20:00:00,0.0092436,0.0094602,0.0090831,0.0092371,21772577761.0
2024-10-03 00:00:00,0.0092371,0.0095228,0.0091224,0.0095018,18693941191.0
2024-10-03 04:00:00,0.0095018,0.0095132,0.0090692,0.0090959,17916335078.0
2024-10-03 08:00:00,0.0090959,0.0091288,0.00862,0.0088669,37268624202.0
2024-10-03 12:00:00,0.0088669,0.0090689,0.00838,0.0086514,51199055032.0
2024-10-03 16:00:00,0.0086517,0.0087358,0.00834,0.0086881,34738299960.0
2024-10-03 20:00:00,0.0086883,0.0087301,0.0084651,0.0086294,13214517966.0
2024-10-04 00:00:00,0.0086289,0.0089292,0.0084738,0.0087533,24281698477.0
2024-10-04 04:00:00,0.0087532,0.0090063,0.0087222,0.0089707,18210489623.0
2024-10-04 08:00:00,0.0089706,0.00916,0.0089323,0.0091019,21698953190.0
2024-10-04 12:00:00,0.0091019,0.0093194,0.0089383,0.0092359,43984344172.0
2024-10-04 16:00:00,0.0092351,0.0095926,0.0091679,0.0095458,26626332890.0
2024-10-04 20:00:00,0.0095458,0.0095572,0.0092512,0.0093878,12878086350.0
2024-10-05 00:00:00,0.0093879,0.0095452,0.0091679,0.0091833,17339798789.0
2024-10-05 04:00:00,0.0091834,0.009466,0.0091507,0.0093905,13870479584.0
2024-10-05 08:00:00,0.009391,0.009532,0.0093685,0.0094193,11449147646.0
2024-10-05 12:00:00,0.0094196,0.0096,0.0093884,0.0094817,16854141538.0
2024-10-05 16:00:00,0.0094816,0.0094935,0.0092637,0.009299,16326889671.0
2024-10-05 20:00:00,0.009299,0.0093666,0.0091505,0.0093487,12977593759.0
2024-10-06 00:00:00,0.0093489,0.0094874,0.0092666,0.0093283,10210550304.0
2024-10-06 04:00:00,0.0093283,0.0093903,0.0092507,0.0093193,8505936652.0
2024-10-06 08:00:00,0.0093192,0.0094003,0.0092714,0.0093678,8854204267.0
2024-10-06 12:00:00,0.0093692,0.0100277,0.0093351,0.0099798,35789502648.0
2024-10-06 16:00:00,0.0099798,0.010323,0.0099798,0.0100937,32084620466.0
2024-10-06 20:00:00,0.010094,0.0102995,0.0098744,0.010231,19211004011.0
2024-10-07 00:00:00,0.0102306,0.0107905,0.0101543,0.0105877,32479111884.0
2024-10-07 04:00:00,0.0105877,0.0106775,0.0104686,0.0105396,16209814079.0
2024-10-07 08:00:00,0.01054,0.01066,0.0100818,0.0103107,29670793790.0
2024-10-07 12:00:00,0.0103106,0.0108185,0.0101748,0.0103988,40360780545.0
2024-10-07 16:00:00,0.0103988,0.0106697,0.01015,0.01035,25811214959.0
2024-10-07 20:00:00,0.010351,0.0103746,0.0097705,0.0097996,21684420779.0
2024-10-08 00:00:00,0.0097996,0.010039,0.0097244,0.0099566,15727507939.0
2024-10-08 04:00:00,0.0099565,0.0100612,0.009394,0.0095281,25120990331.0
2024-10-08 08:00:00,0.009528,0.0096953,0.0094558,0.0096528,14102012412.0
2024-10-08 12:00:00,0.0096529,0.0098455,0.0093016,0.0094302,32329654749.0
2024-10-08 16:00:00,0.009432,0.0096617,0.0093325,0.0095345,20262930025.0
2024-10-08 20:00:00,0.0095342,0.0096885,0.0093819,0.0095008,9569298143.0
2024-10-09 00:00:00,0.0095009,0.0097637,0.0094162,0.0095496,16398217628.0
2024-10-09 04:00:00,0.0095498,0.0098549,0.0095045,0.0097037,16443269524.0
2024-10-09 08:00:00,0.0097037,0.0097701,0.0095985,0.0096909,12087599668.0
2024-10-09 12:00:00,0.0096916,0.009725,0.009176,0.0094785,34357633423.0
2024-10-09 16:00:00,0.0094776,0.0094904,0.00906,0.0091365,23367452458.0
2024-10-09 20:00:00,0.0091344,0.0091631,0.0089752,0.0091084,14378627699.0
2024-10-10 00:00:00,0.0091089,0.0092567,0.0090307,0.0091939,9023437083.0
2024-10-10 04:00:00,0.0091948,0.0094561,0.0091539,0.0093015,10497503739.0
2024-10-10 08:00:00,0.0093015,0.0094174,0.0090449,0.0093998,19188025240.0
2024-10-10 12:00:00,0.0093997,0.0094108,0.0090129,0.0091736,31426202483.0
2024-10-10 16:00:00,0.0091736,0.0092615,0.0088001,0.0091938,28976344689.0
2024-10-10 20:00:00,0.0091938,0.0093548,0.009156,0.0092899,11805239273.0
2024-10-11 00:00:00,0.0092899,0.0094238,0.0092027,0.0093335,14195051486.0
2024-10-11 04:00:00,0.0093336,0.0094476,0.009275,0.0093537,10587230827.0
2024-10-11 08:00:00,0.0093545,0.0095609,0.009338,0.0094622,12745689610.0
2024-10-11 12:00:00,0.0094613,0.0099531,0.0094447,0.0098806,31670893881.0
2024-10-11 16:00:00,0.0098805,0.009939,0.0097214,0.0098189,19416720863.0
2024-10-11 20:00:00,0.0098182,0.0099341,0.0096892,0.009744,10531005343.0
2024-10-12 00:00:00,0.0097439,0.010065,0.009675,0.0097422,17510857929.0
2024-10-12 04:00:00,0.0097422,0.0099021,0.0097381,0.0098716,9214092642.0
2024-10-12 08:00:00,0.0098717,0.0102327,0.0098232,0.0100454,18334804825.0
2024-10-12 12:00:00,0.0100453,0.0102529,0.0098793,0.0099766,25534179629.0
2024-10-12 16:00:00,0.0099766,0.0100668,0.0097831,0.0098752,14753201682.0
2024-10-12 20:00:00,0.0098751,0.0100398,0.009859,0.0098956,8414144340.0
2024-10-13 00:00:00,0.0098956,0.0099905,0.0097125,0.0097401,10994634459.0
2024-10-13 04:00:00,0.0097397,0.0098905,0.009729,0.0098294,7739349731.0
2024-10-13 08:00:00,0.009829,0.00995,0.0096085,0.0096435,15589100726.0
2024-10-13 12:00:00,0.0096435,0.0098,0.0093957,0.0094425,20329602453.0
2024-10-13 16:00:00,0.0094424,0.0096384,0.009367,0.0094924,16411737544.0
2024-10-13 20:00:00,0.0094925,0.0098198,0.0094554,0.009696,14455707374.0
2024-10-14 00:00:00,0.0096963,0.0101872,0.0095422,0.0101418,22137221575.0
2024-10-14 04:00:00,0.0101417,0.0104465,0.0100676,0.01035,31302733922.0
2024-10-14 08:00:00,0.0103488,0.0105765,0.0102699,0.0105113,20905147400.0
2024-10-14 12:00:00,0.0105113,0.0107835,0.0103237,0.0106875,32138524746.0
2024-10-14 16:00:00,0.0106866,0.0107349,0.0104749,0.0105529,19632085243.0
2024-10-14 20:00:00,0.0105542,0.011098,0.010477,0.0109079,19641813874.0
2024-10-15 00:00:00,0.0109079,0.0111807,0.010655,0.0106888,21466000311.0
2024-10-15 04:00:00,0.0106888,0.010891,0.0105059,0.0106054,20555973808.0
2024-10-15 08:00:00,0.0106058,0.0107396,0.01003,0.0101285,24655752826.0
2024-10-15 12:00:00,0.0101268,0.0110822,0.0100425,0.0103249,71994496637.0
2024-10-15 16:00:00,0.0103259,0.0106283,0.0102468,0.0103371,22921287012.0
2024-10-15 20:00:00,0.0103353,0.0103989,0.010038,0.0103876,17545620806.0
2024-10-16 00:00:00,0.0103876,0.0106551,0.0102568,0.0103589,16979550814.0
2024-10-16 04:00:00,0.0103575,0.0104367,0.0101071,0.0101857,14472276544.0
2024-10-16 08:00:00,0.0101857,0.0106666,0.0101824,0.0104869,22409714650.0
2024-10-16 12:00:00,0.0104878,0.0106599,0.010296,0.010343,29523771224.0
2024-10-16 16:00:00,0.0103429,0.0104546,0.0102032,0.0104161,14886250282.0
2024-10-16 20:00:00,0.010416,0.0106102,0.0104117,0.0104432,12532513935.0
2024-10-17 00:00:00,0.0104434,0.0105625,0.0103309,0.0104923,13729270623.0
2024-10-17 04:00:00,0.0104922,0.0105288,0.0100949,0.010229,16761435080.0
2024-10-17 08:00:00,0.0102289,0.0102723,0.0099453,0.0099754,19666824254.0
2024-10-17 12:00:00,0.0099752,0.0101814,0.0099558,0.010116,23598579683.0
2024-10-17 16:00:00,0.0101159,0.0101208,0.0096267,0.0097933,26804579196.0
2024-10-17 20:00:00,0.0097931,0.0099134,0.0097813,0.0098773,9115961743.0
2024-10-18 00:00:00,0.0098773,0.010559,0.00983,0.0102805,25211149518.0
2024-10-18 04:00:00,0.0102806,0.0105333,0.0102793,0.0104626,13226795001.0
2024-10-18 08:00:00,0.0104626,0.010491,0.010275,0.0102906,11320459291.0
2024-10-18 12:00:00,0.0102914,0.010509,0.010191,0.0104843,19862807948.0
2024-10-18 16:00:00,0.0104843,0.0107472,0.0103701,0.0105032,21567999248.0
2024-10-18 20:00:00,0.0105052,0.0105396,0.01035,0.0105059,8825429673.0
2024-10-19 00:00:00,0.0105059,0.0109489,0.0104275,0.0107449,16265059927.0
2024-10-19 04:00:00,0.0107451,0.0108173,0.010523,0.010596,12747586894.0
2024-10-19 08:00:00,0.010596,0.0107456,0.0104724,0.01048,11953493682.0
2024-10-19 12:00:00,0.0104799,0.0106284,0.0104755,0.010509,9768784967.0
2024-10-19 16:00:00,0.010509,0.0105212,0.0103505,0.0103916,10305610636.0
2024-10-19 20:00:00,0.0103915,0.0105637,0.0103054,0.0104882,8487068988.0
2024-10-20 00:00:00,0.0104889,0.0105572,0.0102086,0.0103157,10914482738.0
2024-10-20 04:00:00,0.0103152,0.0103793,0.0102418,0.0103145,7044612084.0
2024-10-20 08:00:00,0.0103146,0.0103856,0.0102565,0.0103001,6327031378.0
2024-10-20 12:00:00,0.0103001,0.01051,0.0101001,0.0104516,19005223916.0
2024-10-20 16:00:00,0.0104517,0.0106213,0.010405,0.010493,11534874170.0
2024-10-20 20:00:00,0.010493,0.0107975,0.0104535,0.0106932,14563167605.0
2024-10-21 00:00:00,0.0106932,0.0109049,0.0105608,0.0106504,15410656615.0
2024-10-21 04:00:00,0.0106501,0.010793,0.0104835,0.0105033,14072155853.0
2024-10-21 08:00:00,0.0105031,0.0105738,0.0103189,0.0103993,13227978858.0
2024-10-21 12:00:00,0.0103995,0.0104479,0.0101117,0.0102499,22756862507.0
2024-10-21 16:00:00,0.0102499,0.0103215,0.010033,0.0102898,14270052827.0
2024-10-21 20:00:00,0.0102911,0.0103242,0.0101639,0.0101726,5643830054.0
2024-10-22 00:00:00,0.0101726,0.0103436,0.0100262,0.0102437,12880048201.0
2024-10-22 04:00:00,0.0102437,0.0103558,0.010195,0.0102416,6619202443.0
2024-10-22 08:00:00,0.0102416,0.010262,0.0100078,0.0101348,13061315297.0
2024-10-22 12:00:00,0.0101347,0.0101939,0.0098567,0.0100715,19821108364.0
2024-10-22 16:00:00,0.0100714,0.0101047,0.0099118,0.0100718,9093848447.0
2024-10-22 20:00:00,0.0100713,0.0101473,0.01003,0.0100746,4694341691.0
2024-10-23 00:00:00,0.0100747,0.0101098,0.009889,0.0099573,7549829183.0
2024-10-23 04:00:00,0.0099573,0.0100069,0.0098048,0.00985,9362561345.0
2024-10-23 08:00:00,0.00985,0.0099083,0.0097608,0.0098177,11605318651.0
2024-10-23 12:00:00,0.0098177,0.0099857,0.0096531,0.0097756,17870636519.0
2024-10-23 16:00:00,0.0097756,0.0097938,0.0093671,0.0097401,25137888931.0
2024-10-23 20:00:00,0.0097401,0.0098346,0.0096913,0.009806,8004613996.0
2024-10-24 00:00:00,0.0098061,0.010078,0.0097505,0.0099428,13842164153.0
2024-10-24 04:00:00,0.0099429,0.0100272,0.009845,0.0098603,8646004721.0
2024-10-24 08:00:00,0.0098603,0.0099264,0.0096709,0.0098137,10611239123.0
2024-10-24 12:00:00,0.009814,0.0099711,0.0097731,0.009859,15907785802.0
2024-10-24 16:00:00,0.0098591,0.009995,0.009823,0.0099822,9244471222.0
2024-10-24 20:00:00,0.0099823,0.0100713,0.0098928,0.0099932,8224914014.0
2024-10-25 00:00:00,0.0099932,0.0100416,0.0097332,0.009825,9423813079.0
2024-10-25 04:00:00,0.0098247,0.0098455,0.009509,0.0095819,12470381332.0
2024-10-25 08:00:00,0.009582,0.0097579,0.0094795,0.009734,13746302371.0
2024-10-25 12:00:00,0.009734,0.0098122,0.0094022,0.0094533,18588020481.0
2024-10-25 16:00:00,0.009453,0.0094864,0.0091422,0.0092748,27433483644.0
2024-10-25 20:00:00,0.0092747,0.0093986,0.0084099,0.0087774,32591662844.0
2024-10-26 00:00:00,0.0087774,0.0090258,0.0086233,0.0089574,19600865631.0
2024-10-26 04:00:00,0.0089565,0.0090891,0.0088916,0.0090043,9320552554.0
2024-10-26 08:00:00,0.0090042,0.0091087,0.00898,0.0090626,9230890338.0
2024-10-26 12:00:00,0.0090626,0.0091005,0.0087555,0.0088687,15849693182.0
2024-10-26 16:00:00,0.0088688,0.00904,0.0088257,0.009005,9499281055.0
2024-10-26 20:00:00,0.0090051,0.0091167,0.0089958,0.0090684,7063039444.0
2024-10-27 00:00:00,0.0090685,0.0091351,0.008949,0.0091234,7061434778.0
2024-10-27 04:00:00,0.0091235,0.0091647,0.0090619,0.0090891,6422654423.0
2024-10-27 08:00:00,0.009089,0.009124,0.0089305,0.008959,8335795663.0
2024-10-27 12:00:00,0.008959,0.0091649,0.0089563,0.009127,12077347573.0
2024-10-27 16:00:00,0.0091272,0.00922,0.008923,0.0090265,11337609464.0
2024-10-27 20:00:00,0.0090264,0.0092878,0.0090074,0.0091633,10149111354.0
2024-10-28 00:00:00,0.0091632,0.0091892,0.0088241,0.0088545,10845035320.0
2024-10-28 04:00:00,0.0088545,0.0090595,0.0087644,0.0089871,12983507339.0
2024-10-28 08:00:00,0.0089874,0.0090488,0.0088893,0.0089296,11240643012.0
2024-10-28 12:00:00,0.0089295,0.009008,0.00865,0.0086933,22133512187.0
2024-10-28 16:00:00,0.0086932,0.0089675,0.00857,0.0089121,18590277668.0
2024-10-28 20:00:00,0.0089904,0.0094424,0.0089853,0.0091729,18528296967.0
2024-10-29 00:00:00,0.0091729,0.009686,0.0091312,0.009478,22791751482.0
2024-10-29 04:00:00,0.0094781,0.0095669,0.009429,0.0094866,11888683431.0
2024-10-29 08:00:00,0.0094867,0.0097363,0.00945,0.0096167,13491224518.0
2024-10-29 12:00:00,0.0096166,0.0097725,0.0094862,0.0097545,20562542282.0
2024-10-29 16:00:00,0.0097542,0.0099196,0.0095391,0.0095431,23980282186.0
2024-10-29 20:00:00,0.0095432,0.0096798,0.0093883,0.0096774,13782878410.0
2024-10-30 00:00:00,0.0096773,0.0097,0.0094705,0.0095773,10494240727.0
2024-10-30 04:00:00,0.0095772,0.0096845,0.0094332,0.0094673,9535099192.0
2024-10-30 08:00:00,0.0094673,0.0095528,0.009315,0.0093408,12841316322.0
2024-10-30 12:00:00,0.0093409,0.0101243,0.0092693,0.0096026,47124217318.0
2024-10-30 16:00:00,0.0096026,0.0099237,0.0095818,0.0096385,16079119514.0
2024-10-30 20:00:00,0.0096372,0.009825,0.0095691,0.0096384,11074822607.0
2024-10-31 00:00:00,0.0096384,0.0097059,0.0094706,0.0095544,11863890690.0
2024-10-31 04:00:00,0.0095545,0.0096816,0.0094807,0.0095577,9407754948.0
2024-10-31 08:00:00,0.0095577,0.0095671,0.0094162,0.00947,10743419566.0
2024-10-31 12:00:00,0.0094701,0.0095321,0.009226,0.0093176,20019470549.0
2024-10-31 16:00:00,0.0093175,0.009349,0.009002,0.0090291,16739160880.0
2024-10-31 20:00:00,0.0090294,0.0091834,0.0090067,0.0091156,8207418688.0
2024-11-01 00:00:00,0.0091156,0.0091827,0.0089001,0.0090172,12163806332.0
2024-11-01 04:00:00,0.0090172,0.0090845,0.0088372,0.0089234,9246861619.0
2024-11-01 08:00:00,0.008922,0.009136,0.0089042,0.0090875,9380177054.0
2024-11-01 12:00:00,0.0090881,0.009345,0.0088227,0.0089403,26549815856.0
2024-11-01 16:00:00,0.0089402,0.009102,0.0088264,0.0089171,15855234699.0
2024-11-01 20:00:00,0.0089173,0.0089903,0.0087151,0.0088826,9733448476.0
2024-11-02 00:00:00,0.0088826,0.0089926,0.0088761,0.0088977,6686621854.0
2024-11-02 04:00:00,0.0088977,0.0089584,0.0088203,0.0089436,6714365893.0
2024-11-02 08:00:00,0.0089443,0.0089787,0.0088416,0.0088596,5524010715.0
2024-11-02 12:00:00,0.0088596,0.008895,0.0085703,0.0086878,17460841606.0
2024-11-02 16:00:00,0.0086878,0.008765,0.0085404,0.0086989,9414654525.0
2024-11-02 20:00:00,0.0086989,0.0087571,0.0086343,0.0087146,4831422253.0
2024-11-03 00:00:00,0.0087147,0.0087267,0.008188,0.0083366,20589779184.0
2024-11-03 04:00:00,0.0083367,0.0084681,0.0083241,0.0084033,8294188570.0
2024-11-03 08:00:00,0.0084035,0.0084222,0.0082331,0.0082582,9529674032.0
2024-11-03 12:00:00,0.0082582,0.0083067,0.0078729,0.0080633,28945651425.0
2024-11-03 16:00:00,0.0080629,0.0081622,0.0078669,0.0081181,19398545945.0
2024-11-03 20:00:00,0.0081181,0.0082445,0.0080753,0.0081725,12391939642.0
2024-11-04 00:00:00,0.0081723,0.0083736,0.0080346,0.0082175,16316267355.0
2024-11-04 04:00:00,0.0082171,0.0082944,0.0080911,0.008127,12345763944.0
2024-11-04 08:00:00,0.008127,0.0082925,0.0080504,0.0082683,14039442124.0
2024-11-04 12:00:00,0.0082683,0.0083471,0.0080789,0.0081281,19291763072.0
2024-11-04 16:00:00,0.0081289,0.0081792,0.0079706,0.008031,15456450134.0
2024-11-04 20:00:00,0.0080309,0.0080389,0.0077111,0.007915,21642696876.0
2024-11-05 00:00:00,0.007915,0.0081146,0.0079103,0.00808,12618634734.0
2024-11-05 04:00:00,0.0080802,0.0082152,0.0080769,0.008179,10653814730.0
2024-11-05 08:00:00,0.0081791,0.0083096,0.0081366,0.0082265,11518499867.0
2024-11-05 12:00:00,0.0082264,0.0086352,0.0081686,0.0085206,25445346633.0
2024-11-05 16:00:00,0.0085205,0.0088104,0.0083644,0.008407,22244066422.0
2024-11-05 20:00:00,0.0084053,0.0085909,0.0083612,0.0085603,12617668769.0
2024-11-06 00:00:00,0.0085604,0.0096775,0.0085595,0.0094386,48843047970.0
2024-11-06 04:00:00,0.0094387,0.00967,0.0092456,0.0093734,35922954597.0
2024-11-06 08:00:00,0.0093734,0.0095344,0.00906,0.0094989,22711379503.0
2024-11-06 12:00:00,0.0094995,0.009546,0.0091835,0.0092472,19373531415.0
2024-11-06 16:00:00,0.0092472,0.0095298,0.0092058,0.0095158,13635534392.0
2024-11-06 20:00:00,0.0095154,0.0100537,0.0093784,0.009901,24076962276.0
2024-11-07 00:00:00,0.0099035,0.0109872,0.0098461,0.0105713,42237957202.0
2024-11-07 04:00:00,0.0105713,0.0106555,0.0100823,0.0102453,23386269088.0
2024-11-07 08:00:00,0.0102453,0.0104791,0.0102351,0.0103507,16971261146.0
2024-11-07 12:00:00,0.0103508,0.0105364,0.0101208,0.0105159,20947821457.0
2024-11-07 16:00:00,0.0105157,0.0106576,0.0103058,0.0106506,22810162239.0
2024-11-07 20:00:00,0.0106507,0.0110554,0.0104582,0.0110044,34181308587.0
2024-11-08 00:00:00,0.0110044,0.011499,0.0107094,0.0108505,34692910894.0
2024-11-08 04:00:00,0.0108506,0.01105,0.0106776,0.0108466,16208972515.0
2024-11-08 08:00:00,0.0108465,0.0108939,0.0106651,0.0107856,14217825150.0
2024-11-08 12:00:00,0.0107856,0.0111051,0.0106228,0.010786,23004027560.0
2024-11-08 16:00:00,0.010787,0.0108696,0.0102709,0.0107995,26903516292.0
2024-11-08 20:00:00,0.0107995,0.010912,0.0105876,0.0107748,14068098327.0
2024-11-09 00:00:00,0.0107755,0.0110393,0.0104593,0.0104819,17818494318.0
2024-11-09 04:00:00,0.0104818,0.0110999,0.0104818,0.0109377,18697730563.0
2024-11-09 08:00:00,0.0109375,0.011485,0.0109374,0.0112012,24014710714.0
2024-11-09 12:00:00,0.0112011,0.0112807,0.0106709,0.010777,19433012951.0
2024-11-09 16:00:00,0.0107781,0.0109136,0.0105274,0.0107701,16654477165.0
2024-11-09 20:00:00,0.01077,0.0113534,0.0107374,0.0112065,17809278990.0
2024-11-10 00:00:00,0.0112067,0.0117291,0.0110113,0.0113604,33244211736.0
2024-11-10 04:00:00,0.0113605,0.01165,0.0112655,0.011412,22959829159.0
2024-11-10 08:00:00,0.011412,0.0121289,0.0113772,0.0120781,28019214555.0
2024-11-10 12:00:00,0.0120776,0.0128713,0.0117808,0.0125486,52026091229.0
2024-11-10 16:00:00,0.0125486,0.0130052,0.0121521,0.0122968,45991613750.0
2024-11-10 20:00:00,0.0122967,0.0125134,0.0114205,0.0123271,41791722448.0
2024-11-11 00:00:00,0.0123258,0.0131644,0.0122073,0.0128164,33929259594.0
2024-11-11 04:00:00,0.0128164,0.0128317,0.01176,0.0120576,28403646272.0
2024-11-11 08:00:00,0.0120574,0.012577,0.0119325,0.0124599,19346070996.0
2024-11-11 12:00:00,0.0124598,0.01265,0.0118669,0.0124492,33517425243.0
2024-11-11 16:00:00,0.0124507,0.013384,0.0124285,0.0130041,47420017783.0
2024-11-11 20:00:00,0.0130042,0.0134725,0.0125653,0.0130032,34435948510.0
2024-11-12 00:00:00,0.0130032,0.0130308,0.0123558,0.0127708,28785837090.0
2024-11-12 04:00:00,0.0127712,0.0145999,0.0126873,0.0144412,56224050845.0
2024-11-12 08:00:00,0.0144413,0.014921,0.0123472,0.0131207,78549814157.0
2024-11-12 12:00:00,0.0131204,0.0132972,0.0122968,0.0127908,44948451801.0
2024-11-12 16:00:00,0.0127912,0.0137091,0.0123527,0.013616,32481082986.0
2024-11-12 20:00:00,0.0136165,0.0147364,0.013375,0.0141371,39642978288.0
2024-11-13 00:00:00,0.0141382,0.0148855,0.013088,0.013094,49814119810.0
2024-11-13 04:00:00,0.0130941,0.013448,0.0124948,0.0129745,30403162547.0
2024-11-13 08:00:00,0.0129754,0.013419,0.0126745,0.0133678,25038288005.0
2024-11-13 12:00:00,0.0133647,0.0199991,0.0130462,0.0193488,187152530485.0
2024-11-13 16:00:00,0.0193503,0.0224698,0.0179168,0.018201,165745139388.0
2024-11-13 20:00:00,0.0182014,0.0215,0.0176942,0.0208289,73857706727.0
2024-11-14 00:00:00,0.0208293,0.026,0.0204446,0.0236197,113642958808.0
2024-11-14 04:00:00,0.0236234,0.0247244,0.02213,0.0228338,41690538444.0
2024-11-14 08:00:00,0.0228339,0.0234802,0.0204069,0.021256,58224019539.0
2024-11-14 12:00:00,0.0212559,0.0225999,0.0200991,0.0207682,71298794304.0
2024-11-14 16:00:00,0.0207665,0.0234588,0.0204322,0.0225654,53906697589.0
2024-11-14 20:00:00,0.0225622,0.0225715,0.0202235,0.020676,39260139422.0
2024-11-15 00:00:00,0.0206761,0.0218,0.020345,0.0211185,35519578762.0
2024-11-15 04:00:00,0.0211184,0.0212274,0.0188153,0.0197373,41669845907.0
2024-11-15 08:00:00,0.0197374,0.0220781,0.0195012,0.0215021,36278233163.0
2024-11-15 12:00:00,0.0215021,0.0228265,0.0201,0.0203727,45102148689.0
2024-11-15 16:00:00,0.0203728,0.0225213,0.0202651,0.0220778,35496403278.0
2024-11-15 20:00:00,0.022078,0.0240352,0.021785,0.0233469,29770699498.0
2024-11-16 00:00:00,0.0233493,0.0236693,0.0224946,0.0228634,23794991323.0
2024-11-16 04:00:00,0.0228635,0.0230994,0.0218164,0.0219185,15867071136.0
2024-11-16 08:00:00,0.0219185,0.022165,0.0214755,0.0221167,16594940960.0
2024-11-16 12:00:00,0.0221163,0.0222932,0.0206985,0.0210362,25825659016.0
2024-11-16 16:00:00,0.021033,0.0214593,0.0207169,0.0212481,14030586213.0
2024-11-16 20:00:00,0.0212487,0.0215892,0.02088,0.0213071,12711768864.0
2024-11-17 00:00:00,0.0213062,0.021715,0.019405,0.0204336,27398673587.0
2024-11-17 04:00:00,0.0204336,0.0220242,0.0203322,0.0219108,20001882997.0
2024-11-17 08:00:00,0.0219089,0.0220536,0.0205178,0.0206,18832227669.0
2024-11-17 12:00:00,0.0205975,0.02189,0.0205275,0.0214983,18243446710.0
2024-11-17 16:00:00,0.0215008,0.0225883,0.0207518,0.0212975,29046889413.0
2024-11-17 20:00:00,0.0212979,0.0217999,0.020725,0.0212312,17392182756.0
2024-11-18 00:00:00,0.021231,0.0217881,0.0208623,0.0213144,12639199241.0
2024-11-18 04:00:00,0.0213143,0.0218,0.0208816,0.0214008,12548757792.0
2024-11-18 08:00:00,0.0214015,0.0228232,0.0207777,0.0208839,28564559583.0
2024-11-18 12:00:00,0.0208839,0.0215,0.0204009,0.0213242,23846216486.0
2024-11-18 16:00:00,0.0213261,0.0213692,0.0196469,0.020023,22089823228.0
2024-11-18 20:00:00,0.020023,0.0205831,0.0197529,0.0204929,13087351582.0
2024-11-19 00:00:00,0.020493,0.0207477,0.0201038,0.0205769,10286944129.0
2024-11-19 04:00:00,0.0205776,0.0206346,0.0198786,0.0203572,12063326745.0
2024-11-19 08:00:00,0.0203573,0.02048,0.019946,0.0200932,10534453895.0
2024-11-19 12:00:00,0.0200925,0.0208501,0.0197418,0.0202178,23081185456.0
2024-11-19 16:00:00,0.0202192,0.021235,0.0200326,0.020696,18155518495.0
2024-11-19 20:00:00,0.0206968,0.0208836,0.0189002,0.0196889,27987171087.0
2024-11-20 00:00:00,0.0196886,0.0198737,0.0187042,0.0197777,16239980740.0
2024-11-20 04:00:00,0.0197757,0.0205746,0.0196244,0.0203444,15214319541.0
2024-11-20 08:00:00,0.0203436,0.0206,0.0196168,0.0199646,13179080920.0
2024-11-20 12:00:00,0.0199647,0.0205812,0.0196,0.0199727,18679579091.0
2024-11-20 16:00:00,0.0199729,0.020125,0.0183593,0.0185127,26215813546.0
2024-11-20 20:00:00,0.0185126,0.0191834,0.0183001,0.018772,11390375149.0
2024-11-21 00:00:00,0.018772,0.0194374,0.0180389,0.0186942,19045639463.0
2024-11-21 04:00:00,0.0186939,0.01983,0.0184455,0.01941,21415905542.0
2024-11-21 08:00:00,0.0194077,0.0195748,0.0188544,0.0192958,11134063395.0
2024-11-21 12:00:00,0.0192957,0.021714,0.0192558,0.0202543,52059368429.0
2024-11-21 16:00:00,0.0202532,0.0212071,0.0202022,0.0205384,19987712889.0
2024-11-21 20:00:00,0.0205384,0.0212172,0.020491,0.0207068,11565320675.0
2024-11-22 00:00:00,0.020705,0.0215927,0.019962,0.0214614,20131459293.0
2024-11-22 04:00:00,0.0214636,0.0218813,0.0208417,0.0208775,15679958884.0
2024-11-22 08:00:00,0.0208776,0.021359,0.0207014,0.0211175,13301420328.0
2024-11-22 12:00:00,0.0211175,0.0211389,0.02005,0.0205474,20781404225.0
2024-11-22 16:00:00,0.0205475,0.0205575,0.0197531,0.0200333,12856160183.0
2024-11-22 20:00:00,0.0200333,0.020662,0.0199644,0.0206619,9448715434.0
2024-11-23 00:00:00,0.0206618,0.0209587,0.01888,0.0204288,21542229723.0
2024-11-23 04:00:00,0.0204285,0.0218355,0.0204069,0.021179,25977990378.0
2024-11-23 08:00:00,0.021179,0.0223437,0.021116,0.0214696,19359032369.0
2024-11-23 12:00:00,0.0214696,0.0223784,0.0214037,0.0217094,18684059420.0
2024-11-23 16:00:00,0.0217097,0.021755,0.0202095,0.020464,23473931509.0
2024-11-23 20:00:00,0.0204639,0.0208523,0.02,0.0205023,10183283393.0
2024-11-24 00:00:00,0.0205022,0.0212392,0.0203865,0.0208983,9251985795.0
2024-11-24 04:00:00,0.0208983,0.02099,0.0204706,0.0207806,7394766918.0
2024-11-24 08:00:00,0.0207807,0.0208333,0.0198233,0.0198921,13062978044.0
2024-11-24 12:00:00,0.0198921,0.0201418,0.0190511,0.0192096,20408734467.0
2024-11-24 16:00:00,0.0192097,0.0198399,0.0191006,0.0196592,10056259289.0
2024-11-24 20:00:00,0.0196581,0.0203785,0.019602,0.02022,8349673933.0
2024-11-25 00:00:00,0.0202213,0.020238,0.0195,0.0200443,9381608744.0
2024-11-25 04:00:00,0.0200457,0.0203448,0.0198701,0.0202021,7167635287.0
2024-11-25 08:00:00,0.0202012,0.0207814,0.0201015,0.0202152,12920581716.0
2024-11-25 12:00:00,0.0202178,0.0203473,0.018802,0.0195397,23569340956.0
2024-11-25 16:00:00,0.0195392,0.0198996,0.0188705,0.019283,12900774341.0
2024-11-25 20:00:00,0.0192831,0.0194799,0.0183651,0.0189944,13508230699.0
2024-11-26 00:00:00,0.0189944,0.019475,0.0188524,0.0192716,6793072183.0
2024-11-26 04:00:00,0.0192715,0.01946,0.0188233,0.018948,5534170223.0
2024-11-26 08:00:00,0.0189481,0.0189803,0.0173,0.0179566,25429663387.0
2024-11-26 12:00:00,0.0179568,0.0182565,0.0175617,0.0177518,18633799950.0
2024-11-26 16:00:00,0.0177514,0.0183854,0.0173666,0.0177463,16207619640.0
2024-11-26 20:00:00,0.0177477,0.0184757,0.0177086,0.0182877,10336105791.0
2024-11-27 00:00:00,0.0182878,0.01849,0.017888,0.018148,7813352044.0
2024-11-27 04:00:00,0.018147,0.0186245,0.0181113,0.0185659,8073140075.0
2024-11-27 08:00:00,0.0185659,0.018756,0.0181614,0.0183263,9643694368.0
2024-11-27 12:00:00,0.0183263,0.0196899,0.0179805,0.0195283,22509330144.0
2024-11-27 16:00:00,0.0195283,0.020111,0.0191386,0.0198151,18650949995.0
2024-11-27 20:00:00,0.0198153,0.0201642,0.0195909,0.0197513,12293427324.0
2024-11-28 00:00:00,0.0197512,0.0203498,0.019371,0.0195834,14534026203.0
2024-11-28 04:00:00,0.0195825,0.020018,0.019373,0.019484,8711237991.0
2024-11-28 08:00:00,0.0194876,0.0198765,0.019266,0.019716,11130669624.0
2024-11-28 12:00:00,0.0197152,0.01978,0.0189493,0.0190433,13554283261.0
2024-11-28 16:00:00,0.0190449,0.0196201,0.0190403,0.0195379,7839809037.0
2024-11-28 20:00:00,0.0195379,0.019967,0.0193836,0.0198704,5872345954.0
2024-11-29 00:00:00,0.0198705,0.0202389,0.019728,0.0201078,9149442468.0
2024-11-29 04:00:00,0.0201078,0.0204829,0.0195029,0.0195276,12825447244.0
2024-11-29 08:00:00,0.0195288,0.0202788,0.0195158,0.0201579,8308938476.0
2024-11-29 12:00:00,0.020158,0.021,0.020065,0.0206869,19683179714.0
2024-11-29 16:00:00,0.0206894,0.0208424,0.0202527,0.0206796,11272378389.0
2024-11-29 20:00:00,0.0206797,0.0213222,0.0204333,0.0204853,12153514191.0
2024-11-30 00:00:00,0.0204821,0.0205583,0.0202285,0.0205187,8250432939.0
2024-11-30 04:00:00,0.020516,0.0216714,0.0204164,0.0210545,14439447943.0
2024-11-30 08:00:00,0.0210536,0.0210983,0.0200607,0.0203444,13907737229.0
2024-11-30 12:00:00,0.0203444,0.0205522,0.0201514,0.0204386,8394313433.0
2024-11-30 16:00:00,0.0204387,0.0207464,0.0203104,0.0204056,7495506112.0
2024-11-30 20:00:00,0.020407,0.0206384,0.02018,0.020204,5553733541.0
2024-12-01 00:00:00,0.0202017,0.0211809,0.020064,0.0205457,19860835399.0
2024-12-01 04:00:00,0.0205451,0.0212765,0.0204399,0.0210877,14315367426.0
2024-12-01 08:00:00,0.0210878,0.02145,0.0209131,0.02103,12517198890.0
2024-12-01 12:00:00,0.0210301,0.0230219,0.0209933,0.0228776,29785881682.0
2024-12-01 16:00:00,0.0228761,0.0233391,0.0221017,0.0222734,24174002182.0
2024-12-01 20:00:00,0.0222732,0.0225863,0.021838,0.0222801,12952293457.0
2024-12-02 00:00:00,0.0222793,0.0228771,0.0210644,0.0210983,19650131737.0
2024-12-02 04:00:00,0.0210979,0.0213499,0.0205709,0.0207347,19258588213.0
2024-12-02 08:00:00,0.0207347,0.0207707,0.01953,0.0200326,22336280831.0
2024-12-02 12:00:00,0.0200322,0.0207719,0.0198728,0.0206406,17932809043.0
2024-12-02 16:00:00,0.0206407,0.0207377,0.0196304,0.0201967,19761091512.0
2024-12-02 20:00:00,0.0201966,0.0204681,0.020086,0.0204426,8051618509.0
2024-12-03 00:00:00,0.0204427,0.0205768,0.0200601,0.0204344,8202580614.0
2024-12-03 04:00:00,0.0204341,0.0210971,0.020251,0.0205724,13897134951.0
2024-12-03 08:00:00,0.0205724,0.0208151,0.0200222,0.0203658,8433189522.0
2024-12-03 12:00:00,0.0203657,0.0203829,0.0188356,0.0196583,24785393796.0
2024-12-03 16:00:00,0.0196596,0.0199461,0.0193589,0.0197611,9008204452.0
2024-12-03 20:00:00,0.019761,0.0207073,0.0197354,0.0202737,12310295745.0
2024-12-04 00:00:00,0.0202741,0.02105,0.0202676,0.0204429,12652926705.0
2024-12-04 04:00:00,0.0204428,0.021027,0.020427,0.02101,6238714027.0
2024-12-04 08:00:00,0.02101,0.0212879,0.0206448,0.0209245,10624288534.0
2024-12-04 12:00:00,0.0209244,0.0221189,0.02044,0.021546,25766013845.0
2024-12-04 16:00:00,0.021546,0.0218894,0.0202,0.0213914,30932661167.0
2024-12-04 20:00:00,0.0213919,0.0218277,0.0207128,0.0218187,15517293052.0
2024-12-05 00:00:00,0.0218196,0.0218414,0.0203104,0.0212076,23778477486.0
2024-12-05 04:00:00,0.0212084,0.0229375,0.0211555,0.0215557,26840705405.0
2024-12-05 08:00:00,0.0215558,0.021988,0.0213896,0.0219769,9613548437.0
2024-12-05 12:00:00,0.0219769,0.0224258,0.0217744,0.0219895,19335125047.0
2024-12-05 16:00:00,0.0219896,0.0223025,0.021109,0.0211895,15514336694.0
2024-12-05 20:00:00,0.0211894,0.0216727,0.0204,0.0212024,19726428864.0
2024-12-06 00:00:00,0.0212025,0.02182,0.0209677,0.021688,10543092215.0
2024-12-06 04:00:00,0.0216879,0.0220598,0.0215084,0.0220467,8033693481.0
2024-12-06 08:00:00,0.0220468,0.0222093,0.0209476,0.0209841,18708428208.0
2024-12-06 12:00:00,0.020984,0.0218692,0.0203502,0.0215015,22107677841.0
2024-12-06 16:00:00,0.0215034,0.0222288,0.0213437,0.0220436,11316567171.0
2024-12-06 20:00:00,0.0220436,0.0222609,0.0214747,0.0215625,9940084896.0
2024-12-07 00:00:00,0.0215626,0.0217413,0.0212522,0.0213255,6384857504.0
2024-12-07 04:00:00,0.0213256,0.0216412,0.0211161,0.021622,8636382968.0
2024-12-07 08:00:00,0.0216221,0.0229593,0.0215328,0.0224286,18938945698.0
2024-12-07 12:00:00,0.0224299,0.0228,0.0220366,0.0227018,13095305534.0
2024-12-07 16:00:00,0.0227024,0.0268754,0.0226035,0.0265183,53739715587.0
2024-12-07 20:00:00,0.0265157,0.02699,0.0249133,0.0249312,29011979589.0
2024-12-08 00:00:00,0.0249313,0.02638,0.0243261,0.0260222,24960546733.0
2024-12-08 04:00:00,0.0260222,0.0263658,0.0250368,0.0253204,19900174135.0
2024-12-08 08:00:00,0.0253205,0.0254568,0.0242096,0.0251941,21399877012.0
2024-12-08 12:00:00,0.0251941,0.0258702,0.0245563,0.0254433,21395057385.0
2024-12-08 16:00:00,0.0254436,0.0272,0.0253305,0.0265443,41864243597.0
2024-12-08 20:00:00,0.0265444,0.02696,0.0259042,0.0264459,16367007352.0
2024-12-09 00:00:00,0.0264459,0.0275567,0.02582,0.0262466,34952122091.0
2024-12-09 04:00:00,0.0262466,0.0273193,0.0254003,0.026154,28031086882.0
2024-12-09 08:00:00,0.0261544,0.0263257,0.0244822,0.0245636,27738658853.0
2024-12-09 12:00:00,0.0245641,0.027405,0.024386,0.0269583,46026339746.0
2024-12-09 16:00:00,0.0269529,0.0283795,0.0264411,0.0267392,39394968336.0
2024-12-09 20:00:00,0.0267392,0.0272983,0.0230102,0.0264932,82600114887.0
2024-12-10 00:00:00,0.0264922,0.027236,0.0223104,0.0232887,59091735999.0
2024-12-10 04:00:00,0.0232858,0.0257342,0.0222448,0.0251935,39171026263.0
2024-12-10 08:00:00,0.0251918,0.0263399,0.0246457,0.0252083,27543289494.0
2024-12-10 12:00:00,0.0252062,0.0255801,0.0226368,0.0226847,47464382249.0
2024-12-10 16:00:00,0.0226826,0.0238514,0.0220857,0.023112,49371871440.0
2024-12-10 20:00:00,0.0231111,0.0239811,0.0230224,0.0234776,15184027837.0
2024-12-11 00:00:00,0.0234766,0.0236459,0.0216004,0.022315,25602582420.0
2024-12-11 04:00:00,0.0223161,0.0230614,0.0221502,0.0224094,13599365805.0
2024-12-11 08:00:00,0.0224085,0.0239029,0.0223286,0.0235088,20878366158.0
2024-12-11 12:00:00,0.0235088,0.0253,0.0232743,0.0247351,32316284182.0
2024-12-11 16:00:00,0.0247358,0.02523,0.02432,0.025154,19615098230.0
2024-12-11 20:00:00,0.0251541,0.0254807,0.024641,0.0251263,11507138526.0
2024-12-12 00:00:00,0.0251263,0.0257198,0.0244599,0.025232,15641772947.0
2024-12-12 04:00:00,0.0252309,0.025488,0.02467,0.0248079,12896554042.0
2024-12-12 08:00:00,0.0248059,0.0251645,0.0242064,0.0244677,11742995229.0
2024-12-12 12:00:00,0.0244693,0.0251816,0.02412,0.0243154,20177400401.0
2024-12-12 16:00:00,0.0243146,0.0248654,0.0234235,0.0234304,17861571943.0
2024-12-12 20:00:00,0.02343,0.023766,0.0232005,0.0236308,11614432594.0
2024-12-13 00:00:00,0.0236309,0.0239749,0.0232324,0.023712,9081642730.0
2024-12-13 04:00:00,0.0237121,0.0237627,0.0230537,0.0235872,7831404488.0
2024-12-13 08:00:00,0.0235844,0.0238882,0.0233488,0.0236121,7959090823.0
2024-12-13 12:00:00,0.0236122,0.0247836,0.0236122,0.0239413,18182583613.0
2024-12-13 16:00:00,0.0239423,0.0246779,0.0237744,0.0246021,12016798591.0
2024-12-13 20:00:00,0.0246021,0.0249832,0.024463,0.0247535,7589531124.0
2024-12-14 00:00:00,0.0247535,0.02487,0.0241511,0.0242376,7973778807.0
2024-12-14 04:00:00,0.0242416,0.0243983,0.0240627,0.0242931,4381418728.0
2024-12-14 08:00:00,0.0242932,0.0243485,0.0237412,0.0239633,6491526395.0
2024-12-14 12:00:00,0.023963,0.0240391,0.0233001,0.0235561,10996347716.0
2024-12-14 16:00:00,0.023556,0.0236226,0.0230214,0.0233278,9391164755.0
2024-12-14 20:00:00,0.0233278,0.0234289,0.0229064,0.0233166,5643929698.0
2024-12-15 00:00:00,0.0233167,0.0235957,0.0228027,0.0231458,7779123722.0
2024-12-15 04:00:00,0.0231458,0.0235476,0.0225723,0.0228044,8292892220.0
2024-12-15 08:00:00,0.0228044,0.0234756,0.022726,0.023395,7189790923.0
2024-12-15 12:00:00,0.023395,0.0239142,0.0233015,0.0237606,8134978621.0
2024-12-15 16:00:00,0.0237605,0.023998,0.023678,0.0237513,5002699848.0
2024-12-15 20:00:00,0.0237512,0.0245704,0.0228203,0.0241625,15493137281.0
2024-12-16 00:00:00,0.0241631,0.0247197,0.0235354,0.0236259,12896534301.0
2024-12-16 04:00:00,0.0236259,0.0240218,0.0234447,0.0238014,7583689015.0
2024-12-16 08:00:00,0.0238023,0.0238499,0.02288,0.0229636,9914782999.0
2024-12-16 12:00:00,0.0229637,0.0234589,0.022902,0.0231662,10641103753.0
2024-12-16 16:00:00,0.0231662,0.0246159,0.0231661,0.0239538,20792302717.0
2024-12-16 20:00:00,0.0239533,0.0241427,0.0234128,0.0234483,7236611073.0
2024-12-17 00:00:00,0.0234484,0.0235109,0.0229889,0.0234841,9382974215.0
2024-12-17 04:00:00,0.0234841,0.0235066,0.0230909,0.0232156,5896890983.0
2024-12-17 08:00:00,0.0232155,0.0236535,0.02317,0.023352,9220154602.0
2024-12-17 12:00:00,0.0233519,0.0236268,0.0225805,0.0227764,14693543173.0
2024-12-17 16:00:00,0.0227747,0.023242,0.0225006,0.0228062,10555192638.0
2024-12-17 20:00:00,0.0228061,0.0229561,0.0220539,0.0224325,9598144560.0
2024-12-18 00:00:00,0.0224324,0.022524,0.021932,0.0220224,9021122724.0
2024-12-18 04:00:00,0.0220244,0.0220424,0.021253,0.0215164,14030277669.0
2024-12-18 08:00:00,0.0215171,0.0218409,0.0214321,0.0217538,6066923353.0
2024-12-18 12:00:00,0.0217537,0.0218066,0.0211266,0.0213067,13790011488.0
2024-12-18 16:00:00,0.021307,0.0218793,0.0208362,0.0208419,14358467483.0
2024-12-18 20:00:00,0.0208419,0.020998,0.0190371,0.0194236,43582449450.0
2024-12-19 00:00:00,0.0194237,0.019735,0.0179223,0.0193201,36265465591.0
2024-12-19 04:00:00,0.0193201,0.019531,0.0190623,0.0191454,11119108905.0
2024-12-19 08:00:00,0.0191454,0.0196488,0.0188218,0.0195086,11471147087.0
2024-12-19 12:00:00,0.0195085,0.0197055,0.0184404,0.0187513,20438890543.0
2024-12-19 16:00:00,0.0187514,0.0193473,0.0164296,0.0170389,60095128095.0
2024-12-19 20:00:00,0.0170405,0.0175868,0.0165245,0.0170456,21128726869.0
2024-12-20 00:00:00,0.0170456,0.0179264,0.0166208,0.0172266,17825331817.0
2024-12-20 04:00:00,0.0172264,0.0174113,0.016333,0.0169269,19075039053.0
2024-12-20 08:00:00,0.016925,0.0169295,0.0144062,0.0144835,57912175771.0
2024-12-20 12:00:00,0.0144842,0.0164871,0.0144548,0.0163146,37437439970.0
2024-12-20 16:00:00,0.0163162,0.0172229,0.0162098,0.016945,20433048488.0
2024-12-20 20:00:00,0.016945,0.017936,0.0167598,0.0176697,17734769861.0
2024-12-21 00:00:00,0.0176697,0.0186443,0.0174709,0.0182559,18937645240.0
2024-12-21 04:00:00,0.0182559,0.0197264,0.0180898,0.01957,17902656018.0
2024-12-21 08:00:00,0.0195701,0.0196554,0.018673,0.018824,17968497424.0
2024-12-21 12:00:00,0.0188257,0.0188428,0.0172107,0.0178926,30380174432.0
2024-12-21 16:00:00,0.0178926,0.0179655,0.0169411,0.0173271,19903417009.0
2024-12-21 20:00:00,0.0173267,0.0177108,0.0170268,0.0174111,12308854978.0
2024-12-22 00:00:00,0.0174097,0.0177182,0.0171022,0.0175243,11552915691.0
2024-12-22 04:00:00,0.0175239,0.0175684,0.0166758,0.0173205,13906473061.0
2024-12-22 08:00:00,0.0173183,0.0181741,0.0173061,0.0178985,13227164023.0
2024-12-22 12:00:00,0.0178983,0.018328,0.0172082,0.0174579,19775435365.0
2024-12-22 16:00:00,0.0174582,0.0184228,0.0172923,0.0175376,17130402928.0
2024-12-22 20:00:00,0.0175366,0.018156,0.0171844,0.0178433,14264788581.0
2024-12-23 00:00:00,0.0178434,0.0183363,0.0172265,0.0182211,15873112736.0
2024-12-23 04:00:00,0.0182206,0.0184315,0.0174376,0.0178233,12112665073.0
2024-12-23 08:00:00,0.017823,0.0182686,0.0177675,0.0179137,10543261740.0
2024-12-23 12:00:00,0.0179137,0.0181334,0.0173674,0.0174131,16029139682.0
2024-12-23 16:00:00,0.0174125,0.018184,0.017392,0.0179477,14598630632.0
2024-12-23 20:00:00,0.0179477,0.0188449,0.0178925,0.0184704,13198895392.0
2024-12-24 00:00:00,0.0184705,0.0185627,0.0178907,0.0182944,8493896271.0
2024-12-24 04:00:00,0.018294,0.0184248,0.0180275,0.0181336,6186480467.0
2024-12-24 08:00:00,0.0181337,0.0183474,0.0180014,0.0183416,7237017591.0
2024-12-24 12:00:00,0.0183415,0.0194791,0.0181904,0.019269,15742024143.0
2024-12-24 16:00:00,0.0192673,0.0195298,0.018956,0.0189592,11461819094.0
2024-12-24 20:00:00,0.0189591,0.0193499,0.0186166,0.0192463,9360412140.0
2024-12-25 00:00:00,0.0192461,0.019363,0.0188493,0.0188879,7201915713.0
2024-12-25 04:00:00,0.0188889,0.0191304,0.018705,0.018759,6391913969.0
2024-12-25 08:00:00,0.018759,0.0192898,0.018528,0.0185732,12501520440.0
2024-12-25 12:00:00,0.0185733,0.0189728,0.0184652,0.018737,7794851797.0
2024-12-25 16:00:00,0.018737,0.0187964,0.0181392,0.0185337,9371110566.0
2024-12-25 20:00:00,0.0185338,0.0186381,0.0181457,0.0185243,6554089757.0
2024-12-26 00:00:00,0.0185251,0.0187573,0.0180636,0.0182052,7588625397.0
2024-12-26 04:00:00,0.0182049,0.0182049,0.0178026,0.0178593,8243712157.0
2024-12-26 08:00:00,0.0178592,0.0179186,0.0173,0.0173905,11652378199.0
2024-12-26 12:00:00,0.0173902,0.01753,0.0171459,0.017305,10407362528.0
2024-12-26 16:00:00,0.0173053,0.017659,0.0171794,0.0174167,8389578149.0
2024-12-26 20:00:00,0.0174167,0.0174941,0.0170318,0.0173837,7271126204.0
2024-12-27 00:00:00,0.0173837,0.0176743,0.0172863,0.0176068,7124494861.0
2024-12-27 04:00:00,0.0176067,0.0178045,0.0172494,0.0174655,9481195976.0
2024-12-27 08:00:00,0.0174649,0.0182869,0.0174623,0.0181743,13700294490.0
2024-12-27 12:00:00,0.0181728,0.0182298,0.017465,0.0176901,9314608626.0
2024-12-27 16:00:00,0.0176901,0.0181594,0.0174495,0.0181481,9902606134.0
2024-12-27 20:00:00,0.0181467,0.0181903,0.0176767,0.01788,5300165660.0
2024-12-28 00:00:00,0.0178799,0.0180761,0.0177609,0.0180073,4918434112.0
2024-12-28 04:00:00,0.0180074,0.0184402,0.0179183,0.0180663,8008955235.0
2024-12-28 08:00:00,0.0180664,0.01835,0.0180621,0.0183038,4619178241.0
2024-12-28 12:00:00,0.0183038,0.0187887,0.0181269,0.018485,9595078778.0
2024-12-28 16:00:00,0.018485,0.0190291,0.0183973,0.0187146,8182895922.0
2024-12-28 20:00:00,0.0187128,0.018886,0.0186328,0.018759,4075677192.0
2024-12-29 00:00:00,0.018759,0.0187803,0.0184506,0.0185959,4443959934.0
2024-12-29 04:00:00,0.018596,0.0188793,0.018482,0.0188734,3896636118.0
2024-12-29 08:00:00,0.0188739,0.0191914,0.0187265,0.0190549,6420958892.0
2024-12-29 12:00:00,0.019055,0.019073,0.0183226,0.0183949,11774798630.0
2024-12-29 16:00:00,0.0183954,0.0184479,0.0178495,0.0180081,9282445153.0
2024-12-29 20:00:00,0.0180074,0.0180436,0.0177436,0.0178836,6578784743.0
2024-12-30 00:00:00,0.0178837,0.0183267,0.0178094,0.01807,8213030818.0
2024-12-30 04:00:00,0.01807,0.0184761,0.0178562,0.0184687,7476829662.0
2024-12-30 08:00:00,0.0184687,0.01898,0.0183689,0.0185838,10143800289.0
2024-12-30 12:00:00,0.0185837,0.0187326,0.0174443,0.0176614,16577394796.0
2024-12-30 16:00:00,0.0176638,0.0185499,0.0174814,0.0184699,12170285802.0
2024-12-30 20:00:00,0.0184699,0.0185796,0.0178509,0.0184498,8931178753.0
2024-12-31 00:00:00,0.0184497,0.018452,0.0178677,0.0179675,4674463342.0
2024-12-31 04:00:00,0.0179674,0.01938,0.01769,0.0187129,30531529676.0
2024-12-31 08:00:00,0.0187123,0.0200977,0.0186769,0.0196176,30333108095.0
2024-12-31 12:00:00,0.0196192,0.0214,0.0195569,0.0210845,38168126508.0
2024-12-31 16:00:00,0.021085,0.0218462,0.020252,0.0205916,30806224479.0
2024-12-31 20:00:00,0.020594,0.020818,0.0198502,0.0199604,11858439046.0
2025-01-01 00:00:00,0.0199604,0.0207546,0.0199436,0.0204053,11639128809.0
2025-01-01 04:00:00,0.0204053,0.02045,0.0198981,0.0200664,8171519771.0
2025-01-01 08:00:00,0.0200664,0.0200997,0.0190629,0.019314,18855741282.0
2025-01-01 12:00:00,0.019314,0.0196381,0.01905,0.0194876,18306702057.0
2025-01-01 16:00:00,0.0194876,0.0197144,0.0191814,0.0195764,9152575767.0
2025-01-01 20:00:00,0.0195764,0.0196703,0.0193195,0.0193718,8837894298.0
2025-01-02 00:00:00,0.0193718,0.0199599,0.0191806,0.0198091,12039846998.0
2025-01-02 04:00:00,0.0198098,0.02086,0.01974,0.020319,16642843003.0
2025-01-02 08:00:00,0.0203191,0.0209647,0.0201002,0.020832,15118902485.0
2025-01-02 12:00:00,0.0208328,0.02116,0.0202933,0.0204447,19051047512.0
2025-01-02 16:00:00,0.0204447,0.02075,0.0201679,0.0203443,9309402516.0
2025-01-02 20:00:00,0.0203447,0.0205722,0.0200255,0.0204763,5342290763.0
2025-01-03 00:00:00,0.0204772,0.0205627,0.0201682,0.0203212,6489611846.0
2025-01-03 04:00:00,0.0203213,0.0205055,0.020073,0.020134,5891904356.0
2025-01-03 08:00:00,0.0201341,0.0207733,0.0200579,0.0206954,8561099906.0
2025-01-03 12:00:00,0.0206924,0.0214681,0.0205718,0.0212382,15361898496.0
2025-01-03 16:00:00,0.0212388,0.0217519,0.0211222,0.0215107,13254003517.0
2025-01-03 20:00:00,0.0215123,0.0216653,0.0212243,0.0215902,6142829082.0
2025-01-04 00:00:00,0.0215903,0.021912,0.0211262,0.0212348,8514437692.0
2025-01-04 04:00:00,0.0212348,0.021378,0.0210785,0.021263,4895383484.0
2025-01-04 08:00:00,0.0212631,0.0212669,0.02085,0.021065,6446782440.0
2025-01-04 12:00:00,0.0210649,0.0213142,0.020541,0.0206665,11526768133.0
2025-01-04 16:00:00,0.0206666,0.0210264,0.0206112,0.0209825,5707363572.0
2025-01-04 20:00:00,0.0209825,0.0213211,0.0209805,0.0211314,4991617273.0
2025-01-05 00:00:00,0.0211314,0.0213959,0.0209043,0.0211839,4762151255.0
2025-01-05 04:00:00,0.0211839,0.021273,0.02094,0.0209638,3509413231.0
2025-01-05 08:00:00,0.0209639,0.0209899,0.0205199,0.0207007,7449144476.0
2025-01-05 12:00:00,0.0206999,0.0207589,0.0203424,0.0206487,7221341037.0
2025-01-05 16:00:00,0.0206488,0.0207654,0.02031,0.0205358,4844304865.0
2025-01-05 20:00:00,0.0205359,0.0208114,0.0204799,0.020704,4060005205.0
2025-01-06 00:00:00,0.020704,0.0210359,0.020257,0.0208452,8083263708.0
2025-01-06 04:00:00,0.020846,0.0211013,0.0205153,0.0206209,5873270873.0
2025-01-06 08:00:00,0.020621,0.0207585,0.0204045,0.0207411,5082118089.0
2025-01-06 12:00:00,0.0207411,0.0212673,0.0204939,0.0211539,14589127821.0
2025-01-06 16:00:00,0.0211538,0.0213942,0.0206874,0.020977,10396110329.0
2025-01-06 20:00:00,0.0209769,0.0210843,0.02058,0.0207718,6085296170.0
2025-01-07 00:00:00,0.0207719,0.020833,0.0203664,0.0205172,6441798556.0
2025-01-07 04:00:00,0.0205173,0.0206324,0.0203765,0.0204924,3598633102.0
2025-01-07 08:00:00,0.0204924,0.0207179,0.0200977,0.0202729,7404975407.0
2025-01-07 12:00:00,0.020273,0.0204229,0.0188,0.0191036,25928748189.0
2025-01-07 16:00:00,0.0191025,0.0192352,0.01853,0.0186363,15095945719.0
2025-01-07 20:00:00,0.0186359,0.0188392,0.0184298,0.0185778,8473337830.0
2025-01-08 00:00:00,0.0185778,0.0189,0.0182296,0.0185165,10302629371.0
2025-01-08 04:00:00,0.0185168,0.018582,0.017874,0.018253,11104722059.0
2025-01-08 08:00:00,0.018253,0.018625,0.01795,0.0180347,9442663491.0
2025-01-08 12:00:00,0.0180347,0.0183947,0.01787,0.0181304,11491391594.0
2025-01-08 16:00:00,0.0181304,0.0181347,0.017001,0.0176059,25575702792.0
2025-01-08 20:00:00,0.0176058,0.0179219,0.0173985,0.0178068,6695287785.0
2025-01-09 00:00:00,0.0178069,0.018079,0.0175667,0.0179337,8198348672.0
2025-01-09 04:00:00,0.0179336,0.0179749,0.0172922,0.0173345,7666899846.0
2025-01-09 08:00:00,0.0173345,0.0177829,0.0173,0.017586,8084819228.0
2025-01-09 12:00:00,0.017586,0.0179,0.016678,0.0177225,20550827714.0
2025-01-09 16:00:00,0.017722,0.017916,0.0168651,0.0169043,13363437106.0
2025-01-09 20:00:00,0.0169043,0.0171387,0.0166123,0.0169939,10829389808.0
2025-01-10 00:00:00,0.016994,0.0173173,0.0169901,0.0172804,5342249114.0
2025-01-10 04:00:00,0.0172804,0.0178617,0.0172079,0.0177241,7089569210.0
2025-01-10 08:00:00,0.0177239,0.0178731,0.0176121,0.017831,5614300918.0
2025-01-10 12:00:00,0.0178311,0.0178595,0.0169929,0.0173634,20969879636.0
2025-01-10 16:00:00,0.0173634,0.0179,0.017102,0.0176809,11369226852.0
2025-01-10 20:00:00,0.0176808,0.017759,0.017421,0.017629,4948667107.0
2025-01-11 00:00:00,0.0176291,0.0177499,0.0174715,0.0175877,4311756355.0
2025-01-11 04:00:00,0.0175878,0.0178645,0.0174667,0.0177311,4582316673.0
2025-01-11 08:00:00,0.0177303,0.018117,0.0176068,0.0180301,7417709040.0
2025-01-11 12:00:00,0.01803,0.0181796,0.0178531,0.0178848,6430794502.0
2025-01-11 16:00:00,0.017885,0.0179452,0.0177001,0.0178182,5433052241.0
2025-01-11 20:00:00,0.0178181,0.018464,0.017758,0.0179976,7954040596.0
2025-01-12 00:00:00,0.0179975,0.0180216,0.0177631,0.0178753,4209920402.0
2025-01-12 04:00:00,0.0178753,0.0179332,0.017604,0.0177793,3817939840.0
2025-01-12 08:00:00,0.0177793,0.0178114,0.0174777,0.0176355,5619310057.0
2025-01-12 12:00:00,0.0176354,0.0180399,0.0175275,0.0179391,6275782993.0
2025-01-12 16:00:00,0.0179392,0.0180387,0.0178039,0.0179249,4069507319.0
2025-01-12 20:00:00,0.017925,0.0179895,0.0175451,0.0177491,5165712815.0
2025-01-13 00:00:00,0.0177491,0.0182872,0.0171209,0.0172584,14241135293.0
2025-01-13 04:00:00,0.0172584,0.0174843,0.016834,0.0170503,8992675815.0
2025-01-13 08:00:00,0.0170507,0.0170787,0.015986,0.0160031,17819455052.0
2025-01-13 12:00:00,0.0160031,0.0166551,0.015572,0.0164501,28092415386.0
2025-01-13 16:00:00,0.0164501,0.0165854,0.0157548,0.0161561,14938859687.0
2025-01-13 20:00:00,0.0161562,0.0169848,0.0160183,0.0168513,10554689961.0
2025-01-14 00:00:00,0.0168513,0.0171513,0.0167843,0.017035,5304904411.0
2025-01-14 04:00:00,0.0170349,0.017331,0.0170349,0.0171297,4683331811.0
2025-01-14 08:00:00,0.0171297,0.0176182,0.0171212,0.0172944,10866464791.0
2025-01-14 12:00:00,0.017294,0.0174999,0.0171246,0.0173121,8095715728.0
2025-01-14 16:00:00,0.0173121,0.0175199,0.0171258,0.0173739,5705618032.0
2025-01-14 20:00:00,0.017374,0.0175857,0.0172586,0.0174627,3787234561.0
2025-01-15 00:00:00,0.0174626,0.0176154,0.0172086,0.0174019,6536810890.0
2025-01-15 04:00:00,0.0174019,0.0175518,0.0172801,0.0174027,4964721927.0
2025-01-15 08:00:00,0.0174027,0.0175192,0.0168646,0.0170403,8548400636.0
2025-01-15 12:00:00,0.0170404,0.0185252,0.0169065,0.0181533,24936649252.0
2025-01-15 16:00:00,0.0181533,0.01869,0.0180165,0.0186235,10355880058.0
2025-01-15 20:00:00,0.0186234,0.0192145,0.0185628,0.0190609,9305652684.0
2025-01-16 00:00:00,0.0190609,0.0192455,0.0183098,0.0183728,9145009716.0
2025-01-16 04:00:00,0.0183728,0.0187181,0.018364,0.0186247,4168490209.0
2025-01-16 08:00:00,0.0186247,0.0186581,0.0181093,0.0185915,10081888231.0
2025-01-16 12:00:00,0.0185916,0.0188833,0.0179532,0.0183692,17285192195.0
2025-01-16 16:00:00,0.018369,0.0185901,0.0182355,0.0184701,7253203283.0
2025-01-16 20:00:00,0.0184701,0.0185272,0.0179963,0.0181276,5091847292.0
2025-01-17 00:00:00,0.0181277,0.0188399,0.0181276,0.0185302,7766960334.0
2025-01-17 04:00:00,0.0185306,0.01885,0.01847,0.0188438,4125307231.0
2025-01-17 08:00:00,0.0188425,0.020095,0.0187617,0.0198776,20937277109.0
2025-01-17 12:00:00,0.0198779,0.020178,0.01957,0.019902,14306443875.0
2025-01-17 16:00:00,0.0199026,0.0203,0.0197876,0.0201578,9894675311.0
2025-01-17 20:00:00,0.0201578,0.020544,0.0200963,0.0202999,8933518674.0
2025-01-18 00:00:00,0.0202999,0.0210275,0.019547,0.01967,16265987427.0
2025-01-18 04:00:00,0.0196699,0.019766,0.0185142,0.0186445,22194296967.0
2025-01-18 08:00:00,0.0186446,0.0189285,0.0183268,0.0188239,13166301530.0
2025-01-18 12:00:00,0.0188255,0.0191138,0.018672,0.0187199,10162118216.0
2025-01-18 16:00:00,0.0187199,0.0189139,0.0181004,0.0183965,13382689447.0
2025-01-18 20:00:00,0.0183965,0.0185147,0.0181386,0.0184367,6534279410.0
2025-01-19 00:00:00,0.0184367,0.0189891,0.0183416,0.0185576,9492309551.0
2025-01-19 04:00:00,0.0185587,0.0185818,0.0176029,0.0176676,13613662718.0
2025-01-19 08:00:00,0.0176676,0.0176905,0.0151941,0.0156027,37026886701.0
2025-01-19 12:00:00,0.0156027,0.0178803,0.0155394,0.0173195,34550500697.0
2025-01-19 16:00:00,0.0173195,0.0179419,0.0171435,0.0178232,11404193447.0
2025-01-19 20:00:00,0.0178244,0.0180257,0.0156391,0.0160437,34906957396.0
2025-01-20 00:00:00,0.0160427,0.0160665,0.015121,0.0157672,31703201505.0
2025-01-20 04:00:00,0.0157672,0.0175824,0.0155017,0.0169643,26215023046.0
2025-01-20 08:00:00,0.0169644,0.0172644,0.0165374,0.016925,13326058586.0
2025-01-20 12:00:00,0.0169248,0.0170312,0.0160192,0.0161138,18895532302.0
2025-01-20 16:00:00,0.0161138,0.0166263,0.0152797,0.0159927,27579856580.0
2025-01-20 20:00:00,0.0159922,0.0161832,0.015381,0.015796,9229923075.0
2025-01-21 00:00:00,0.0157959,0.0158879,0.015008,0.0153735,13410610571.0
2025-01-21 04:00:00,0.0153738,0.0153997,0.014769,0.0150046,12400145021.0
2025-01-21 08:00:00,0.0150045,0.015882,0.0147229,0.0155605,16717977219.0
2025-01-21 12:00:00,0.0155605,0.01583,0.0153046,0.0156154,13682427779.0
2025-01-21 16:00:00,0.0156153,0.016358,0.0155606,0.0160763,14278542599.0
2025-01-21 20:00:00,0.0160764,0.0161453,0.0157615,0.0159112,6849863053.0
2025-01-22 00:00:00,0.0159112,0.0161885,0.0156504,0.0160005,6615222652.0
2025-01-22 04:00:00,0.0160006,0.0160928,0.0156948,0.0157225,5039194040.0
2025-01-22 08:00:00,0.0157224,0.0160201,0.0155002,0.0159423,6695532375.0
2025-01-22 12:00:00,0.0159423,0.0159887,0.0153846,0.0155111,9914563014.0
2025-01-22 16:00:00,0.0155111,0.0157153,0.0152154,0.0153894,7703423394.0
2025-01-22 20:00:00,0.0153895,0.0155552,0.01501,0.0151523,7209201938.0
2025-01-23 00:00:00,0.0151519,0.0152162,0.01471,0.0148037,7446496265.0
2025-01-23 04:00:00,0.0148035,0.0150669,0.0146147,0.0150329,7001967528.0
2025-01-23 08:00:00,0.0150329,0.0150674,0.0146667,0.0149148,5402430881.0
2025-01-23 12:00:00,0.0149159,0.0154004,0.014562,0.0151828,17287645234.0
2025-01-23 16:00:00,0.0151827,0.0155816,0.0143019,0.0144024,17405165498.0
2025-01-23 20:00:00,0.0144023,0.0154035,0.0143111,0.0153267,18953728349.0
2025-01-24 00:00:00,0.0153268,0.015415,0.0145801,0.0148193,9124144407.0
2025-01-24 04:00:00,0.0148192,0.0157196,0.014733,0.0154479,10112638968.0
2025-01-24 08:00:00,0.0154479,0.0158754,0.0153788,0.015795,8075520583.0
2025-01-24 12:00:00,0.015795,0.016175,0.0155683,0.0157286,11872725471.0
2025-01-24 16:00:00,0.0157287,0.0158988,0.0155,0.0155881,7842121348.0
2025-01-24 20:00:00,0.0155881,0.0156873,0.0148143,0.0149417,11714953370.0
2025-01-25 00:00:00,0.0149417,0.0151874,0.0145894,0.0151397,9271834201.0
2025-01-25 04:00:00,0.0151401,0.0151502,0.0148505,0.01495,4712561521.0
2025-01-25 08:00:00,0.0149519,0.0152111,0.0148353,0.0151663,4818846295.0
2025-01-25 12:00:00,0.0151663,0.0153913,0.0150402,0.015325,6588405840.0
2025-01-25 16:00:00,0.0153249,0.0153998,0.0151012,0.0152686,5350723763.0
2025-01-25 20:00:00,0.0152685,0.0153848,0.0150219,0.0150435,4088105239.0
2025-01-26 00:00:00,0.0150434,0.0151996,0.0147722,0.015039,6053646152.0
2025-01-26 04:00:00,0.0150389,0.0151914,0.0149201,0.015014,3896472745.0
2025-01-26 08:00:00,0.015014,0.0150478,0.0147727,0.0149474,5030982084.0
2025-01-26 12:00:00,0.0149474,0.014982,0.0148503,0.0148935,3334145402.0
2025-01-26 16:00:00,0.0148935,0.0150982,0.01478,0.0150812,6309781693.0
2025-01-26 20:00:00,0.0150811,0.0151016,0.0139336,0.0140076,15450604065.0
2025-01-27 00:00:00,0.0140076,0.0140077,0.0130579,0.013207,25682874587.0
2025-01-27 04:00:00,0.0132063,0.0132106,0.0121162,0.0126163,24170503108.0
2025-01-27 08:00:00,0.0126163,0.0126406,0.0121012,0.0124374,17438941879.0
2025-01-27 12:00:00,0.0124374,0.0130374,0.0122976,0.0128699,21948289522.0
2025-01-27 16:00:00,0.01287,0.012921,0.0123193,0.012477,13136941905.0
2025-01-27 20:00:00,0.0124768,0.0133583,0.0124737,0.0131021,14154222723.0
2025-01-28 00:00:00,0.0131022,0.0132862,0.0128632,0.0131601,8591062356.0
2025-01-28 04:00:00,0.01316,0.01334,0.0129706,0.0130119,6227041740.0
2025-01-28 08:00:00,0.0130129,0.0130621,0.0127375,0.0128852,6993738865.0
2025-01-28 12:00:00,0.0128852,0.0130476,0.0126126,0.0127423,10227697994.0
2025-01-28 16:00:00,0.0127424,0.0127719,0.0122082,0.0123382,11555184937.0
2025-01-28 20:00:00,0.0123391,0.0124127,0.0113308,0.0114455,23356187431.0
2025-01-29 00:00:00,0.011446,0.0123708,0.01136,0.0121685,16200934011.0
2025-01-29 04:00:00,0.0121685,0.0128144,0.012047,0.0126375,11802170213.0
2025-01-29 08:00:00,0.0126369,0.0127819,0.0124289,0.0127419,9168020192.0
2025-01-29 12:00:00,0.0127418,0.0127698,0.0121663,0.0123698,12323594027.0
2025-01-29 16:00:00,0.0123698,0.0128288,0.0119061,0.0126552,23561419466.0
2025-01-29 20:00:00,0.0126536,0.0133329,0.0123557,0.0123969,21217720216.0
2025-01-30 00:00:00,0.0123966,0.0129377,0.0122187,0.0129172,11786014944.0
2025-01-30 04:00:00,0.012917,0.0129844,0.0126746,0.012787,7258428465.0
2025-01-30 08:00:00,0.0127871,0.0131942,0.0126833,0.013082,9334881753.0
2025-01-30 12:00:00,0.013082,0.0134901,0.0128172,0.0131354,15143355167.0
2025-01-30 16:00:00,0.0131355,0.0134443,0.0130062,0.0132156,10258540743.0
2025-01-30 20:00:00,0.0132157,0.013243,0.0128863,0.0129278,7190335560.0
2025-01-31 00:00:00,0.0129279,0.0131601,0.0127367,0.0128934,7800833745.0
2025-01-31 04:00:00,0.0128938,0.013092,0.0127777,0.0128904,6154571481.0
2025-01-31 08:00:00,0.0128905,0.0135618,0.0127917,0.0135194,10597515464.0
2025-01-31 12:00:00,0.013518,0.0147616,0.0134032,0.0145641,38319228814.0
2025-01-31 16:00:00,0.0145626,0.0147679,0.0137514,0.0140707,28549976430.0
2025-01-31 20:00:00,0.0140701,0.0141111,0.0136759,0.0138633,13015634285.0
2025-02-01 00:00:00,0.013863,0.0142919,0.0137155,0.0138129,10845297034.0
2025-02-01 04:00:00,0.0138137,0.0139452,0.0134353,0.0134979,9791477811.0
2025-02-01 08:00:00,0.0134979,0.0135721,0.0130368,0.0132789,14411958220.0
2025-02-01 12:00:00,0.0132789,0.013477,0.0131446,0.0133063,12497440271.0
2025-02-01 16:00:00,0.0133053,0.0133975,0.0127516,0.0127753,13423105640.0
2025-02-01 20:00:00,0.0127753,0.0127923,0.0120576,0.0122376,19369452098.0
2025-02-02 00:00:00,0.0122375,0.0125165,0.0118587,0.0119574,14965117212.0
2025-02-02 04:00:00,0.0119581,0.01235,0.0119366,0.0121918,10563789428.0
2025-02-02 08:00:00,0.0121918,0.0123217,0.0117271,0.0118353,12307530176.0
2025-02-02 12:00:00,0.0118353,0.012222,0.0118112,0.0119873,14090094663.0
2025-02-02 16:00:00,0.0119874,0.0119987,0.0105666,0.0109268,51284504149.0
2025-02-02 20:00:00,0.0109269,0.0111609,0.009992,0.0107638,36943773353.0
2025-02-03 00:00:00,0.0107642,0.0107725,0.0079596,0.0090387,97358310857.0
2025-02-03 04:00:00,0.0090391,0.0098871,0.008635,0.009831,31307790052.0
2025-02-03 08:00:00,0.0098312,0.0099548,0.0093559,0.0096572,30552922132.0
2025-02-03 12:00:00,0.0096572,0.010378,0.00907,0.0101483,52931698207.0
2025-02-03 16:00:00,0.0101483,0.0107744,0.0100016,0.0107242,26666186186.0
2025-02-03 20:00:00,0.0107255,0.0114389,0.0103552,0.0109988,25046671569.0
2025-02-04 00:00:00,0.0109983,0.0110877,0.01048,0.0105833,13184815386.0
2025-02-04 04:00:00,0.0105833,0.0107583,0.0096845,0.0097189,28658909256.0
2025-02-04 08:00:00,0.0097192,0.0102961,0.009654,0.010156,19092128462.0
2025-02-04 12:00:00,0.0101561,0.0106244,0.0101081,0.0103281,25999849051.0
2025-02-04 16:00:00,0.0103283,0.0106855,0.0101279,0.0101279,19596811730.0
2025-02-04 20:00:00,0.0101318,0.0102486,0.0096913,0.0101507,28746722038.0
2025-02-05 00:00:00,0.0101507,0.0102738,0.0099871,0.0101543,13303658374.0
2025-02-05 04:00:00,0.0101543,0.0104126,0.0101056,0.0102076,9459452344.0
2025-02-05 08:00:00,0.0102075,0.010452,0.0100507,0.0103474,12407415186.0
2025-02-05 12:00:00,0.0103475,0.0104339,0.0100595,0.0101977,16310437968.0
2025-02-05 16:00:00,0.0101977,0.0102415,0.0098066,0.0100884,20713306887.0
2025-02-05 20:00:00,0.0100884,0.0101536,0.0097327,0.0100016,12892427364.0
2025-02-06 00:00:00,0.0100021,0.0102804,0.0099462,0.0101676,9628055278.0
2025-02-06 04:00:00,0.0101677,0.01038,0.0101585,0.0101814,8366757846.0
2025-02-06 08:00:00,0.0101814,0.0103106,0.0098148,0.0099786,12829765206.0
2025-02-06 12:00:00,0.0099784,0.010007,0.0093677,0.0094211,23149336930.0
2025-02-06 16:00:00,0.0094213,0.0095695,0.0091762,0.0092475,20666779126.0
2025-02-06 20:00:00,0.0092469,0.0094667,0.0091,0.0092097,13118560322.0
2025-02-07 00:00:00,0.0092097,0.0095207,0.009198,0.0094121,10862930509.0
2025-02-07 04:00:00,0.0094122,0.0094751,0.0089818,0.0092644,14565333412.0
2025-02-07 08:00:00,0.0092644,0.0096421,0.0092166,0.0095834,13247110155.0
2025-02-07 12:00:00,0.0095833,0.009821,0.0093736,0.009433,30774123504.0
2025-02-07 16:00:00,0.0094335,0.0095088,0.0091498,0.0093181,17072447444.0
2025-02-07 20:00:00,0.0093182,0.009333,0.008448,0.0089219,27437929536.0
2025-02-08 00:00:00,0.0089219,0.0092423,0.0088662,0.0090619,15287571435.0
2025-02-08 04:00:00,0.0090618,0.0092866,0.0089515,0.0092057,12128716272.0
2025-02-08 08:00:00,0.0092056,0.0092824,0.0090895,0.0092495,9747364292.0
2025-02-08 12:00:00,0.0092494,0.0094759,0.0091536,0.0093221,15836575817.0
2025-02-08 16:00:00,0.0093222,0.0096879,0.0092841,0.0096212,15530865783.0
2025-02-08 20:00:00,0.0096214,0.0096596,0.009419,0.00956,7596888029.0
2025-02-09 00:00:00,0.00956,0.0098493,0.0094636,0.0097679,9012855102.0
2025-02-09 04:00:00,0.0097675,0.0097735,0.009494,0.0095917,7699154820.0
2025-02-09 08:00:00,0.0095916,0.0097759,0.009576,0.0095879,10319311907.0
2025-02-09 12:00:00,0.009589,0.0096739,0.0092386,0.0095907,16668820291.0
2025-02-09 16:00:00,0.0095908,0.0097609,0.0092704,0.0093397,13569346128.0
2025-02-09 20:00:00,0.0093391,0.0095999,0.0089169,0.0095268,26105960066.0
2025-02-10 00:00:00,0.0095271,0.0097445,0.0091509,0.0094724,18779032719.0
2025-02-10 04:00:00,0.0094724,0.0097137,0.0094103,0.0095159,9319786053.0
2025-02-10 08:00:00,0.0095157,0.0098548,0.0094765,0.0095866,18996621374.0
2025-02-10 12:00:00,0.0095867,0.0099595,0.0094533,0.009645,21923110279.0
2025-02-10 16:00:00,0.0096449,0.0097909,0.0095803,0.0096465,10423551999.0
2025-02-10 20:00:00,0.0096464,0.0097407,0.0094631,0.0095922,12262750238.0
2025-02-11 00:00:00,0.0095922,0.0101671,0.0095719,0.0097473,18420403363.0
2025-02-11 04:00:00,0.0097473,0.0105027,0.0097296,0.0103068,16516685633.0
2025-02-11 08:00:00,0.0103064,0.0105952,0.0101601,0.0103136,18329848468.0
2025-02-11 12:00:00,0.0103137,0.0103298,0.0097839,0.0100048,16300118512.0
2025-02-11 16:00:00,0.0100048,0.0100743,0.0093804,0.0094521,16953545959.0
2025-02-11 20:00:00,0.009452,0.0097107,0.0094193,0.0095803,12307302923.0
2025-02-12 00:00:00,0.0095803,0.0096663,0.0092519,0.0094245,14773219034.0
2025-02-12 04:00:00,0.0094245,0.00961,0.00935,0.0095102,9300085607.0
2025-02-12 08:00:00,0.0095104,0.0096741,0.0094657,0.0095993,12494898768.0
2025-02-12 12:00:00,0.0095993,0.0099942,0.0090472,0.0093906,34079993262.0
2025-02-12 16:00:00,0.0093912,0.0098105,0.0091503,0.0097767,18444597580.0
2025-02-12 20:00:00,0.0097767,0.010261,0.0096623,0.0100845,13232550963.0
2025-02-13 00:00:00,0.0100846,0.0102414,0.0100075,0.0101426,8060413805.0
2025-02-13 04:00:00,0.0101427,0.010155,0.0097592,0.0097804,11870574229.0
2025-02-13 08:00:00,0.0097803,0.0098723,0.0096383,0.0097426,11097045806.0
2025-02-13 12:00:00,0.0097426,0.0098423,0.0095555,0.0097087,12951822791.0
2025-02-13 16:00:00,0.0097087,0.0097825,0.0094333,0.0096136,11052191238.0
2025-02-13 20:00:00,0.0096142,0.0097422,0.0095819,0.0096841,5889835728.0
2025-02-14 00:00:00,0.0096842,0.0099614,0.0096164,0.00993,7821159844.0
2025-02-14 04:00:00,0.0099308,0.0099614,0.0098003,0.0099225,5428703783.0
2025-02-14 08:00:00,0.0099225,0.0104489,0.0099224,0.0102283,17031200110.0
2025-02-14 12:00:00,0.0102282,0.0104828,0.0101,0.010405,13980939272.0
2025-02-14 16:00:00,0.010405,0.0107482,0.010241,0.0104617,16425735446.0
2025-02-14 20:00:00,0.0104617,0.010486,0.0100013,0.0102906,12753953431.0
2025-02-15 00:00:00,0.0102906,0.0103759,0.010136,0.010242,8948406948.0
2025-02-15 04:00:00,0.010242,0.0103031,0.0100486,0.0101161,6573549310.0
2025-02-15 08:00:00,0.0101161,0.0102157,0.0099554,0.0100689,6908919547.0
2025-02-15 12:00:00,0.0100691,0.0101276,0.0098605,0.0099539,7899807900.0
2025-02-15 16:00:00,0.009954,0.010057,0.0098501,0.009904,8142007194.0
2025-02-15 20:00:00,0.0099044,0.0099995,0.009808,0.0099317,5830380153.0
2025-02-16 00:00:00,0.0099316,0.0100271,0.0097835,0.0099131,6741674933.0
2025-02-16 04:00:00,0.0099132,0.0100344,0.0098234,0.009858,5313123297.0
2025-02-16 08:00:00,0.0098579,0.0100167,0.009825,0.0100097,5040599831.0
2025-02-16 12:00:00,0.0100096,0.0100196,0.0097107,0.0098617,8742103313.0
2025-02-16 16:00:00,0.0098618,0.0099253,0.0095662,0.0097181,9982113400.0
2025-02-16 20:00:00,0.0097181,0.0097867,0.0095816,0.0096975,7941855445.0
2025-02-17 00:00:00,0.0096976,0.0098811,0.0096769,0.0097883,6370007954.0
2025-02-17 04:00:00,0.0097883,0.0098177,0.0095012,0.0095542,10788088191.0
2025-02-17 08:00:00,0.0095538,0.0099465,0.0094974,0.0099096,11755975386.0
2025-02-17 12:00:00,0.0099096,0.0106715,0.0099038,0.0101279,29287564744.0
2025-02-17 16:00:00,0.0101276,0.0101936,0.0096561,0.009884,21262730070.0
2025-02-17 20:00:00,0.0098839,0.0103353,0.0098503,0.0101167,15351898043.0
2025-02-18 00:00:00,0.0101166,0.010199,0.0098111,0.009864,9506549115.0
2025-02-18 04:00:00,0.0098639,0.0098833,0.00936,0.0094684,17204007817.0
2025-02-18 08:00:00,0.0094686,0.009624,0.0093294,0.0095019,11773056111.0
2025-02-18 12:00:00,0.009502,0.0096834,0.009132,0.0091774,17048234599.0
2025-02-18 16:00:00,0.0091762,0.0093038,0.0089068,0.0090919,21988233911.0
2025-02-18 20:00:00,0.0090919,0.009311,0.0090148,0.00926,10058401470.0
2025-02-19 00:00:00,0.0092604,0.0093727,0.0091293,0.0093062,6590432585.0
2025-02-19 04:00:00,0.0093062,0.0094599,0.0091149,0.009423,9500411406.0
2025-02-19 08:00:00,0.0094229,0.0095635,0.0093627,0.0094963,9395782283.0
2025-02-19 12:00:00,0.0094964,0.0095065,0.0092178,0.0093124,11822513947.0
2025-02-19 16:00:00,0.0093124,0.0094496,0.0092389,0.0093212,12174943227.0
2025-02-19 20:00:00,0.0093199,0.0094199,0.0092206,0.0093511,8102910599.0
2025-02-20 00:00:00,0.0093512,0.009562,0.0093233,0.009538,9988456092.0
2025-02-20 04:00:00,0.0095381,0.00962,0.0094172,0.0094401,8930626228.0
2025-02-20 08:00:00,0.00944,0.0095585,0.0093834,0.0095029,8107913498.0
2025-02-20 12:00:00,0.0095029,0.009605,0.009326,0.0093382,13485486328.0
2025-02-20 16:00:00,0.0093376,0.0096593,0.0093055,0.0096325,11597591546.0
2025-02-20 20:00:00,0.0096321,0.009704,0.0095201,0.0096255,7378277823.0
2025-02-21 00:00:00,0.0096244,0.0096759,0.009508,0.0096355,6150254404.0
2025-02-21 04:00:00,0.0096354,0.0097964,0.0096309,0.009734,6887523703.0
2025-02-21 08:00:00,0.0097339,0.0100908,0.0097331,0.0098353,11406312039.0
2025-02-21 12:00:00,0.0098353,0.0101424,0.0094472,0.0095988,23703097753.0
2025-02-21 16:00:00,0.0095988,0.0097614,0.0090498,0.0091306,20931668247.0
2025-02-21 20:00:00,0.0091301,0.0092347,0.0090323,0.0091203,10934665727.0
2025-02-22 00:00:00,0.0091203,0.0092515,0.0090611,0.0091672,6577726710.0
2025-02-22 04:00:00,0.0091672,0.0092953,0.0091438,0.0092362,5411774180.0
2025-02-22 08:00:00,0.0092362,0.0095345,0.009226,0.0095211,8004879620.0
2025-02-22 12:00:00,0.0095211,0.0096947,0.0094157,0.0096507,9957087810.0
2025-02-22 16:00:00,0.0096503,0.009727,0.009569,0.0096211,9199549322.0
2025-02-22 20:00:00,0.0096211,0.00973,0.0095688,0.0096217,5003190531.0
2025-02-23 00:00:00,0.0096216,0.0096399,0.0094399,0.0094673,6918160260.0
2025-02-23 04:00:00,0.0094674,0.0098,0.0094153,0.0097316,7975986619.0
2025-02-23 08:00:00,0.0097317,0.0097437,0.0094015,0.0094126,10000267887.0
2025-02-23 12:00:00,0.0094126,0.0094389,0.0092022,0.0092178,11596243976.0
2025-02-23 16:00:00,0.0092178,0.0093852,0.0092114,0.0092902,7176197526.0
2025-02-23 20:00:00,0.0092903,0.0094066,0.0092077,0.0093434,5903603895.0
2025-02-24 00:00:00,0.0093434,0.0094217,0.0089364,0.0090062,12746840403.0
2025-02-24 04:00:00,0.0090063,0.0091201,0.0088572,0.0090447,11339824702.0
2025-02-24 08:00:00,0.0090447,0.0090476,0.0087236,0.0089323,16063894187.0
2025-02-24 12:00:00,0.0089323,0.0089833,0.0085626,0.0087042,17421900218.0
2025-02-24 16:00:00,0.0087042,0.0087968,0.0082638,0.008417,15856101657.0
2025-02-24 20:00:00,0.0084172,0.0085723,0.0076095,0.0078868,35924859120.0
2025-02-25 00:00:00,0.0078867,0.0080087,0.0076322,0.0078676,27324981133.0
2025-02-25 04:00:00,0.0078681,0.0080008,0.0073119,0.007574,31276457024.0
2025-02-25 08:00:00,0.0075741,0.0078253,0.00742,0.0077966,28882897800.0
2025-02-25 12:00:00,0.0077959,0.0080106,0.0076446,0.007932,27330056095.0
2025-02-25 16:00:00,0.0079322,0.008243,0.0078542,0.0082369,18229651079.0
2025-02-25 20:00:00,0.0082376,0.008425,0.0081562,0.008245,11397094884.0
2025-02-26 00:00:00,0.008245,0.0084983,0.0081608,0.0083684,11347927070.0
2025-02-26 04:00:00,0.0083685,0.0084197,0.0081831,0.0082679,8958966918.0
2025-02-26 08:00:00,0.0082683,0.0083699,0.0081578,0.0081979,8939465469.0
2025-02-26 12:00:00,0.008198,0.0084025,0.0079709,0.0083037,21667484765.0
2025-02-26 16:00:00,0.0083037,0.0083457,0.0078214,0.0079591,25474056561.0
2025-02-26 20:00:00,0.0079593,0.0084461,0.0078828,0.008323,15584037549.0
2025-02-27 00:00:00,0.0083232,0.0084596,0.0081698,0.008427,10575445450.0
2025-02-27 04:00:00,0.008427,0.0085965,0.0083,0.0085283,9814928768.0
2025-02-27 08:00:00,0.0085284,0.0085588,0.0084077,0.0084618,8915753030.0
2025-02-27 12:00:00,0.0084619,0.0084967,0.0082424,0.0084203,13404853193.0
2025-02-27 16:00:00,0.0084202,0.0084686,0.0082123,0.0082554,9589678285.0
2025-02-27 20:00:00,0.0082561,0.0082758,0.0080559,0.0082127,11363604148.0
2025-02-28 00:00:00,0.0082132,0.0082551,0.0074339,0.0074742,30171828631.0
2025-02-28 04:00:00,0.007474,0.0075136,0.0073105,0.0074014,20528857540.0
2025-02-28 08:00:00,0.0074015,0.0075839,0.0072598,0.0074653,16145951652.0
2025-02-28 12:00:00,0.007465,0.0079498,0.0074161,0.0079154,22403422906.0
2025-02-28 16:00:00,0.0079147,0.0080084,0.0078434,0.0079382,12381187258.0
2025-02-28 20:00:00,0.0079383,0.0079974,0.0078529,0.0079256,7758162877.0
2025-03-01 00:00:00,0.0079258,0.0080112,0.0077847,0.0079041,9972551674.0
2025-03-01 04:00:00,0.0079038,0.0079921,0.0077928,0.0078451,8718515952.0
2025-03-01 08:00:00,0.0078451,0.0078919,0.0074535,0.0075193,14133887707.0
2025-03-01 12:00:00,0.0075192,0.0075529,0.0073579,0.0074549,12135023632.0
2025-03-01 16:00:00,0.007455,0.0076079,0.0074188,0.00755,9514250541.0
2025-03-01 20:00:00,0.0075501,0.0076393,0.0074817,0.0075889,7802334611.0
2025-03-02 00:00:00,0.0075891,0.007767,0.00756,0.0077199,8683651854.0
2025-03-02 04:00:00,0.00772,0.0077987,0.0076375,0.0077131,6895115350.0
2025-03-02 08:00:00,0.0077131,0.0078552,0.007674,0.0077897,7315137754.0
2025-03-02 12:00:00,0.0077897,0.0079728,0.0075511,0.0078618,21231638128.0
2025-03-02 16:00:00,0.007862,0.008946,0.0078093,0.008796,45166927138.0
2025-03-02 20:00:00,0.008796,0.0089293,0.0086843,0.0088297,14954126435.0
2025-03-03 00:00:00,0.0088295,0.0088695,0.00837,0.0084521,15625439871.0
2025-03-03 04:00:00,0.008452,0.0086553,0.0081962,0.0083837,14178757432.0
2025-03-03 08:00:00,0.0083847,0.0084566,0.0081017,0.0082585,12619330645.0
2025-03-03 12:00:00,0.0082585,0.0084944,0.0079256,0.0079816,21696320572.0
2025-03-03 16:00:00,0.0079817,0.0080407,0.0071874,0.0072465,28127337086.0
2025-03-03 20:00:00,0.0072466,0.0073745,0.0070604,0.007218,20187021745.0
2025-03-04 00:00:00,0.0072179,0.0072777,0.0065675,0.0068316,34636647533.0
2025-03-04 04:00:00,0.0068316,0.0070822,0.006814,0.006911,12556120798.0
2025-03-04 08:00:00,0.0069114,0.0070185,0.0068484,0.0068891,11122403366.0
2025-03-04 12:00:00,0.0068893,0.0071482,0.0066044,0.0068116,31696856024.0
2025-03-04 16:00:00,0.0068116,0.0070045,0.0062666,0.0069124,33662034783.0
2025-03-04 20:00:00,0.0069124,0.0070708,0.0067513,0.0069842,13773240828.0
2025-03-05 00:00:00,0.0069842,0.0070902,0.0069168,0.00692,11823917949.0
2025-03-05 04:00:00,0.0069201,0.007052,0.0068824,0.0069834,10934923293.0
2025-03-05 08:00:00,0.0069833,0.0073522,0.0069782,0.0070925,17957384012.0
2025-03-05 12:00:00,0.0070924,0.0071857,0.0068823,0.0069472,17737800317.0
2025-03-05 16:00:00,0.0069471,0.007099,0.0068131,0.0070776,13894443541.0
2025-03-05 20:00:00,0.0070777,0.0071295,0.0070516,0.0070721,6294115158.0
2025-03-06 00:00:00,0.0070722,0.0072094,0.0069777,0.007179,11578686467.0
2025-03-06 04:00:00,0.0071786,0.007337,0.0071029,0.0071355,12473910517.0
2025-03-06 08:00:00,0.0071355,0.0072461,0.0071025,0.0071924,7910895868.0
2025-03-06 12:00:00,0.0071925,0.0072018,0.0069025,0.007077,15546637230.0
2025-03-06 16:00:00,0.007077,0.007123,0.0067612,0.006809,15652278349.0
2025-03-06 20:00:00,0.006809,0.0069764,0.0067705,0.0068323,10452769164.0
2025-03-07 00:00:00,0.0068322,0.0069561,0.0064211,0.0067066,25623311024.0
2025-03-07 04:00:00,0.0067065,0.0068712,0.0066935,0.0068683,6899942432.0
2025-03-07 08:00:00,0.0068682,0.0072644,0.0068336,0.0071416,14873774529.0
2025-03-07 12:00:00,0.0071411,0.00736,0.0070331,0.0072114,21944071121.0
2025-03-07 16:00:00,0.0072114,0.0073186,0.0070055,0.007226,17596915542.0
2025-03-07 20:00:00,0.0072259,0.007274,0.0068941,0.0069868,18376587176.0
2025-03-08 00:00:00,0.0069867,0.0070391,0.0067676,0.0069095,10254971049.0
2025-03-08 04:00:00,0.0069094,0.00698,0.0067609,0.0068009,7143191438.0
2025-03-08 08:00:00,0.0068006,0.0068587,0.0066461,0.0066956,10591574970.0
2025-03-08 12:00:00,0.0066955,0.0067603,0.0066241,0.0066826,11350456860.0
2025-03-08 16:00:00,0.0066826,0.0068341,0.0065693,0.0068015,11539695149.0
2025-03-08 20:00:00,0.0068016,0.0068076,0.0065765,0.0066689,6959647210.0
2025-03-09 00:00:00,0.0066689,0.0067319,0.0065392,0.0066041,7938433849.0
2025-03-09 04:00:00,0.0066041,0.0066187,0.006425,0.0065141,9495920210.0
2025-03-09 08:00:00,0.006514,0.0065231,0.0062388,0.00627,15451951143.0
2025-03-09 12:00:00,0.00627,0.0062746,0.0060732,0.0061211,21116163433.0
2025-03-09 16:00:00,0.0061201,0.0061749,0.0057166,0.0059231,35316221070.0
2025-03-09 20:00:00,0.0059232,0.0060041,0.0058172,0.0058665,16934013371.0
2025-03-10 00:00:00,0.0058665,0.006087,0.0057897,0.0059832,16042402396.0
2025-03-10 04:00:00,0.0059832,0.0062219,0.0059759,0.0062213,11339024453.0
2025-03-10 08:00:00,0.0062213,0.0066414,0.0061551,0.0064612,29545277722.0
2025-03-10 12:00:00,0.0064611,0.0065614,0.0060703,0.0062295,38157796274.0
2025-03-10 16:00:00,0.0062293,0.0062677,0.005628,0.0058742,42567053614.0
2025-03-10 20:00:00,0.005874,0.0059077,0.0056871,0.0056983,18323367109.0
2025-03-11 00:00:00,0.0056983,0.0058002,0.0052434,0.0057121,40143834003.0
2025-03-11 04:00:00,0.0057121,0.0059809,0.0056925,0.0058729,14605376017.0
2025-03-11 08:00:00,0.0058724,0.0060085,0.0058465,0.0059414,14624704242.0
2025-03-11 12:00:00,0.0059417,0.00605,0.0056291,0.005999,36304719965.0
2025-03-11 16:00:00,0.0059995,0.0064868,0.00598,0.0063945,24891711522.0
2025-03-11 20:00:00,0.0063944,0.0065099,0.0062966,0.0063199,13231132641.0
2025-03-12 00:00:00,0.0063198,0.0065426,0.0061894,0.0062079,18096172519.0
2025-03-12 04:00:00,0.0062073,0.00643,0.0061385,0.0063704,17599447446.0
2025-03-12 08:00:00,0.0063705,0.0065181,0.0063001,0.0065,17253148122.0
2025-03-12 12:00:00,0.0065,0.006867,0.0063045,0.0064432,39435300044.0
2025-03-12 16:00:00,0.0064432,0.0067113,0.0064319,0.0066165,18766420122.0
2025-03-12 20:00:00,0.0066165,0.0069729,0.006586,0.0069493,16090887357.0
2025-03-13 00:00:00,0.0069489,0.0073768,0.0069335,0.0072199,31936732735.0
2025-03-13 04:00:00,0.0072199,0.0073348,0.0069126,0.0071654,26565111879.0
2025-03-13 08:00:00,0.0071652,0.007451,0.0070096,0.0072464,30252080210.0
2025-03-13 12:00:00,0.0072463,0.007269,0.006811,0.0068744,33161541458.0
2025-03-13 16:00:00,0.0068744,0.0069044,0.006523,0.0065666,28705192069.0
2025-03-13 20:00:00,0.0065662,0.0067997,0.0064965,0.0066931,15832947368.0
2025-03-14 00:00:00,0.0066931,0.0068709,0.006677,0.0068594,15456708796.0
2025-03-14 04:00:00,0.0068593,0.0071747,0.0068079,0.0070604,20313302546.0
2025-03-14 08:00:00,0.0070604,0.00718,0.0069637,0.0070205,16862194780.0
2025-03-14 12:00:00,0.0070206,0.007338,0.0069291,0.0071902,27610087584.0
2025-03-14 16:00:00,0.0071908,0.0072348,0.0070482,0.0071112,16426832377.0
2025-03-14 20:00:00,0.0071107,0.0072095,0.0070288,0.0070553,10105672240.0
2025-03-15 00:00:00,0.0070551,0.0071189,0.0069583,0.0071122,10316112936.0
2025-03-15 04:00:00,0.0071121,0.0072536,0.00699,0.0070036,12195158755.0
2025-03-15 08:00:00,0.0070037,0.0071314,0.0069981,0.0070564,7771490125.0
2025-03-15 12:00:00,0.0070558,0.0072065,0.0070326,0.0071683,11403069011.0
2025-03-15 16:00:00,0.0071681,0.0072362,0.0070423,0.0071076,15089155337.0
2025-03-15 20:00:00,0.0071077,0.0073825,0.0070653,0.0071297,16676035918.0
2025-03-16 00:00:00,0.0071297,0.0071562,0.0070225,0.0071103,9068389823.0
2025-03-16 04:00:00,0.0071104,0.0071787,0.0070653,0.0071211,5665728058.0
2025-03-16 08:00:00,0.0071212,0.007142,0.0066718,0.0067052,20071524686.0
2025-03-16 12:00:00,0.0067053,0.0067842,0.0066065,0.0066902,16558517674.0
2025-03-16 16:00:00,0.0066902,0.0068357,0.0064924,0.0065604,19326192045.0
2025-03-16 20:00:00,0.0065607,0.0066103,0.0064526,0.0065839,12968217337.0
2025-03-17 00:00:00,0.0065839,0.0067766,0.0065655,0.0067697,11108615952.0
2025-03-17 04:00:00,0.0067697,0.0069021,0.0067221,0.0068909,13747426975.0
2025-03-17 08:00:00,0.0068911,0.0071497,0.00683,0.0071096,19379490634.0
2025-03-17 12:00:00,0.0071099,0.0071976,0.0069715,0.0071168,22825948423.0
2025-03-17 16:00:00,0.0071166,0.007609,0.0070436,0.0074416,31314593923.0
2025-03-17 20:00:00,0.0074422,0.007458,0.0072729,0.0073821,15652296760.0
2025-03-18 00:00:00,0.0073821,0.0074116,0.0071316,0.0072048,21231502396.0
2025-03-18 04:00:00,0.0072047,0.0072849,0.0069186,0.0070114,19783332055.0
2025-03-18 08:00:00,0.0070121,0.0070347,0.0068203,0.0068636,18660338931.0
2025-03-18 12:00:00,0.0068637,0.0069515,0.0067185,0.0067406,25312031015.0
2025-03-18 16:00:00,0.0067415,0.0069208,0.006711,0.006902,16458673225.0
2025-03-18 20:00:00,0.0069027,0.0073187,0.0068066,0.0072783,17989866931.0
2025-03-19 00:00:00,0.0072782,0.007351,0.0071603,0.0072812,17288157717.0
2025-03-19 04:00:00,0.0072813,0.0072929,0.0071708,0.0072213,11124642493.0
2025-03-19 08:00:00,0.0072213,0.0075497,0.007219,0.0074843,22311556089.0
2025-03-19 12:00:00,0.0074837,0.0075155,0.0072796,0.0074244,28388129485.0
2025-03-19 16:00:00,0.0074244,0.0074579,0.0071363,0.0073629,33708872345.0
2025-03-19 20:00:00,0.0073624,0.0075274,0.0072604,0.0074549,16015751975.0
2025-03-20 00:00:00,0.0074548,0.0076467,0.0072832,0.0074007,16730255977.0
2025-03-20 04:00:00,0.0074006,0.007705,0.0073596,0.0075591,15756218643.0
2025-03-20 08:00:00,0.0075588,0.0078636,0.0073564,0.0075661,24259362951.0
2025-03-20 12:00:00,0.0075662,0.0077861,0.007475,0.0075653,24948738676.0
2025-03-20 16:00:00,0.0075642,0.0077338,0.0073502,0.0075823,21948798375.0
2025-03-20 20:00:00,0.0075818,0.0077069,0.0075112,0.0076399,12658403761.0
2025-03-21 00:00:00,0.0076396,0.0078811,0.0075665,0.0075687,22086474278.0
2025-03-21 04:00:00,0.0075687,0.0075992,0.0073414,0.0073952,20434633918.0
2025-03-21 08:00:00,0.007395,0.0074348,0.0072119,0.0072516,17629766825.0
2025-03-21 12:00:00,0.0072517,0.0073116,0.0071486,0.0071986,16551604815.0
2025-03-21 16:00:00,0.0071986,0.0073358,0.0071682,0.0072711,14232503054.0
2025-03-21 20:00:00,0.0072707,0.0073853,0.0071631,0.0072046,11752939274.0
2025-03-22 00:00:00,0.0072042,0.0073272,0.0071906,0.0073047,7818712765.0
2025-03-22 04:00:00,0.0073047,0.0073999,0.0072639,0.0073187,10172126308.0
2025-03-22 08:00:00,0.0073187,0.0073873,0.0072816,0.0072912,7967218842.0
2025-03-22 12:00:00,0.0072905,0.0073023,0.0071231,0.0072211,12497584367.0
2025-03-22 16:00:00,0.0072211,0.0073058,0.0071941,0.007252,7707643234.0
2025-03-22 20:00:00,0.0072521,0.007268,0.0070077,0.007062,11804006057.0
2025-03-23 00:00:00,0.0070619,0.0073512,0.0070095,0.0073336,14452732253.0
2025-03-23 04:00:00,0.0073336,0.0073399,0.007226,0.007251,7174799916.0
2025-03-23 08:00:00,0.0072511,0.007378,0.0072268,0.0073125,9719995055.0
2025-03-23 12:00:00,0.0073124,0.0073512,0.0072346,0.00727,10568831036.0
2025-03-23 16:00:00,0.0072701,0.007302,0.0071438,0.0072012,8534472021.0
2025-03-23 20:00:00,0.0072012,0.007344,0.0071573,0.0073416,8183890303.0
2025-03-24 00:00:00,0.0073409,0.0074334,0.0071831,0.0074271,16782111706.0
2025-03-24 04:00:00,0.007427,0.0076673,0.007427,0.0075764,16897971349.0
2025-03-24 08:00:00,0.0075763,0.0076824,0.00757,0.0076224,11465047881.0
2025-03-24 12:00:00,0.0076223,0.0079677,0.0075706,0.0079541,24363426074.0
2025-03-24 16:00:00,0.0079543,0.0081843,0.0078481,0.0080458,18553977603.0
2025-03-24 20:00:00,0.0080454,0.0080969,0.0078828,0.0079932,13867253357.0
2025-03-25 00:00:00,0.0079933,0.0080947,0.0078326,0.0078809,15648066144.0
2025-03-25 04:00:00,0.007881,0.0080557,0.0078386,0.007933,10842050364.0
2025-03-25 08:00:00,0.0079331,0.008049,0.0079002,0.0079494,10138578706.0
2025-03-25 12:00:00,0.0079495,0.0081274,0.0078544,0.00799,18885096975.0
2025-03-25 16:00:00,0.0079901,0.008156,0.0079125,0.0081134,14875303165.0
2025-03-25 20:00:00,0.0081133,0.0082456,0.0079501,0.008009,14380204943.0
2025-03-26 00:00:00,0.0080091,0.0081446,0.0079584,0.0081027,12448681585.0
2025-03-26 04:00:00,0.0081017,0.008776,0.008084,0.0087521,27693932140.0
2025-03-26 08:00:00,0.0087521,0.0092586,0.0086653,0.0090672,38911979251.0
2025-03-26 12:00:00,0.0090677,0.0090795,0.008544,0.0086795,39519923526.0
2025-03-26 16:00:00,0.008679,0.0088041,0.0084134,0.0085535,25048805213.0
2025-03-26 20:00:00,0.0085528,0.0086677,0.008408,0.0085216,15766811665.0
2025-03-27 00:00:00,0.0085216,0.0086824,0.0084332,0.0086725,15336137538.0
2025-03-27 04:00:00,0.0086726,0.0086884,0.008468,0.0085231,12895287499.0
2025-03-27 08:00:00,0.0085232,0.0086309,0.00831,0.0083366,16866279016.0
2025-03-27 12:00:00,0.0083365,0.0086039,0.008195,0.0085062,27254662471.0
2025-03-27 16:00:00,0.0085062,0.0085778,0.0084112,0.0084946,12246540208.0
2025-03-27 20:00:00,0.0084951,0.0086196,0.0084069,0.0084385,10546073266.0
2025-03-28 00:00:00,0.0084385,0.0085162,0.0082881,0.0083205,14491950047.0
2025-03-28 04:00:00,0.0083216,0.0083385,0.0078806,0.0078979,22338626129.0
2025-03-28 08:00:00,0.0078978,0.007957,0.007675,0.0078528,17485044729.0
2025-03-28 12:00:00,0.0078522,0.0078839,0.007646,0.0077118,19345732725.0
2025-03-28 16:00:00,0.0077117,0.0077974,0.0076825,0.0077234,9857242804.0
2025-03-28 20:00:00,0.0077234,0.0078238,0.0076014,0.0077797,10718253336.0
2025-03-29 00:00:00,0.0077796,0.0078828,0.0075969,0.0077694,13904639031.0
2025-03-29 04:00:00,0.0077693,0.0078,0.0075156,0.0075551,13406220500.0
2025-03-29 08:00:00,0.0075554,0.0076374,0.0072407,0.0073573,20944577150.0
2025-03-29 12:00:00,0.0073571,0.0075189,0.0072687,0.0072916,18057200198.0
2025-03-29 16:00:00,0.0072915,0.0073285,0.0071005,0.0072178,22888887908.0
2025-03-29 20:00:00,0.0072179,0.0072347,0.0070555,0.007215,13621507895.0
2025-03-30 00:00:00,0.0072154,0.0073283,0.0070791,0.0072393,14340065312.0
2025-03-30 04:00:00,0.0072393,0.0073049,0.0071299,0.0071666,12310049716.0
2025-03-30 08:00:00,0.0071666,0.0072427,0.00701,0.0070467,14283950088.0
2025-03-30 12:00:00,0.0070467,0.0071309,0.006901,0.0070306,26250910017.0
2025-03-30 16:00:00,0.0070307,0.007135,0.0068505,0.0070806,17266477754.0
2025-03-30 20:00:00,0.0070806,0.0070958,0.0067626,0.0069407,24571289071.0
2025-03-31 00:00:00,0.0069412,0.0070981,0.0067602,0.0069273,26858712585.0
2025-03-31 04:00:00,0.0069282,0.007098,0.0068771,0.0070006,14075660716.0
2025-03-31 08:00:00,0.007,0.0070844,0.0068,0.0070262,34032642646.0
2025-03-31 12:00:00,0.0070261,0.0073208,0.006906,0.0072,26514997840.0
2025-03-31 16:00:00,0.0072,0.0073697,0.0070369,0.0071247,22650769862.0
2025-03-31 20:00:00,0.0071248,0.0072217,0.0070495,0.007203,16841951057.0
2025-04-01 00:00:00,0.0072035,0.0074352,0.007193,0.0073088,15472669151.0
2025-04-01 04:00:00,0.0073087,0.0073879,0.0072531,0.0072976,9692250944.0
2025-04-01 08:00:00,0.0072976,0.0077461,0.0072955,0.0074953,29812176893.0
2025-04-01 12:00:00,0.0074953,0.0078666,0.0073555,0.0077861,36966792300.0
2025-04-01 16:00:00,0.0077869,0.0078343,0.0076196,0.0076516,18837091639.0
2025-04-01 20:00:00,0.0076513,0.0077716,0.0075193,0.0077182,15012443254.0
2025-04-02 00:00:00,0.0077182,0.00775,0.0074402,0.007556,16497417828.0
2025-04-02 04:00:00,0.007556,0.0076,0.0072793,0.0073813,18572979311.0
2025-04-02 08:00:00,0.0073812,0.0075188,0.0073264,0.0073429,15797294692.0
2025-04-02 12:00:00,0.007343,0.0079748,0.0072569,0.0078143,40444656729.0
2025-04-02 16:00:00,0.0078156,0.0078929,0.0075186,0.007729,22585265959.0
2025-04-02 20:00:00,0.007729,0.0080897,0.006902,0.0070548,63252074601.0
2025-04-03 00:00:00,0.0070542,0.0072321,0.0069605,0.0071651,18318656346.0
2025-04-03 04:00:00,0.0071653,0.00729,0.0071584,0.0072296,11130018915.0
2025-04-03 08:00:00,0.0072295,0.0072734,0.006785,0.0068269,22248842178.0
2025-04-03 12:00:00,0.0068269,0.0068338,0.0063796,0.0065787,47625461201.0
2025-04-03 16:00:00,0.0065787,0.0066333,0.0064765,0.0065782,18695826211.0
2025-04-03 20:00:00,0.0065782,0.0067112,0.0065342,0.0067035,13597730901.0
2025-04-04 00:00:00,0.0067036,0.0068482,0.0065896,0.0067531,19094810684.0
2025-04-04 04:00:00,0.0067531,0.0070865,0.0066825,0.0070713,22450609020.0
2025-04-04 08:00:00,0.0070713,0.0071459,0.0066746,0.0068427,35543730875.0
2025-04-04 12:00:00,0.0068421,0.00722,0.0067839,0.0070696,49247075369.0
2025-04-04 16:00:00,0.0070703,0.0072347,0.0070092,0.007084,22210164906.0
2025-04-04 20:00:00,0.0070839,0.0072831,0.0070375,0.007238,14791150642.0
2025-04-05 00:00:00,0.0072381,0.0073693,0.0071989,0.0072629,13956749937.0
2025-04-05 04:00:00,0.007263,0.0072735,0.0071657,0.0072234,10248606213.0
2025-04-05 08:00:00,0.0072235,0.0072547,0.007109,0.0071205,12624009181.0
2025-04-05 12:00:00,0.0071206,0.007141,0.0069273,0.0069646,19574933391.0
2025-04-05 16:00:00,0.0069646,0.0070887,0.0069458,0.0069838,11496097211.0
2025-04-05 20:00:00,0.0069834,0.007079,0.0069455,0.0070551,7434785300.0
2025-04-06 00:00:00,0.0070551,0.0071273,0.0069609,0.0070043,8334071136.0
2025-04-06 04:00:00,0.0070043,0.0070849,0.0069634,0.0069898,8335609414.0
2025-04-06 08:00:00,0.0069899,0.0070689,0.00689,0.0070113,11880631478.0
2025-04-06 12:00:00,0.0070112,0.0070342,0.0067224,0.0068376,24733306051.0
2025-04-06 16:00:00,0.0068371,0.0068552,0.0063176,0.0063996,41620380331.0
2025-04-06 20:00:00,0.0063995,0.0064292,0.006154,0.0063289,33405800168.0
2025-04-07 00:00:00,0.006329,0.0064859,0.006004,0.0060919,27733380387.0
2025-04-07 04:00:00,0.0060919,0.0062798,0.0057046,0.0058882,46597525115.0
2025-04-07 08:00:00,0.0058878,0.0062039,0.0058447,0.0060313,33817982169.0
2025-04-07 12:00:00,0.0060316,0.0067821,0.0059919,0.0064295,81969382130.0
2025-04-07 16:00:00,0.0064295,0.0065716,0.0062922,0.0064656,27166875787.0
2025-04-07 20:00:00,0.0064656,0.0066424,0.0064113,0.0064496,15098428086.0
2025-04-08 00:00:00,0.0064497,0.0066357,0.0063619,0.0064638,15611571903.0
2025-04-08 04:00:00,0.0064638,0.0064819,0.0062565,0.006299,15073903839.0
2025-04-08 08:00:00,0.006299,0.0064038,0.006193,0.0063927,18488519606.0
2025-04-08 12:00:00,0.0063927,0.0064161,0.0061115,0.0061879,30123563937.0
2025-04-08 16:00:00,0.0061878,0.0062141,0.0059463,0.0059843,31368941009.0
2025-04-08 20:00:00,0.0059845,0.0060571,0.0059303,0.0060402,13030900596.0
2025-04-09 00:00:00,0.0060402,0.0061342,0.00578,0.0059827,29947729579.0
2025-04-09 04:00:00,0.0059826,0.006322,0.0059592,0.0063165,25736781050.0
2025-04-09 08:00:00,0.0063164,0.0064169,0.0062366,0.006306,26459906213.0
2025-04-09 12:00:00,0.0063059,0.0064658,0.0062472,0.0063889,25350850289.0
2025-04-09 16:00:00,0.0063887,0.0071352,0.006374,0.0069328,54225989524.0
2025-04-09 20:00:00,0.0069329,0.0070737,0.0069329,0.0069747,11667316185.0
2025-04-10 00:00:00,0.0069747,0.0069949,0.0066386,0.0067342,15541245931.0
2025-04-10 04:00:00,0.0067341,0.0068216,0.0066611,0.0067114,15320688125.0
2025-04-10 08:00:00,0.0067113,0.0067901,0.006662,0.0067347,11910297609.0
2025-04-10 12:00:00,0.0067342,0.0069265,0.0064723,0.0065246,32149288861.0
2025-04-10 16:00:00,0.0065246,0.0066475,0.0064932,0.006603,14287080403.0
2025-04-10 20:00:00,0.0066026,0.0067674,0.0066002,0.0067066,8552046964.0
2025-04-11 00:00:00,0.0067065,0.0068497,0.006632,0.0068049,13480975184.0
2025-04-11 04:00:00,0.0068048,0.0068396,0.0067472,0.0068189,9342782887.0
2025-04-11 08:00:00,0.006819,0.0069629,0.0067625,0.0068316,18149452233.0
2025-04-11 12:00:00,0.0068316,0.0069427,0.0068006,0.0068882,15523074023.0
2025-04-11 16:00:00,0.0068882,0.0070125,0.0068355,0.0069082,17397833014.0
2025-04-11 20:00:00,0.0069082,0.0070448,0.0068889,0.0069347,10237558819.0
2025-04-12 00:00:00,0.0069346,0.0069598,0.0068233,0.0068662,8536445499.0
2025-04-12 04:00:00,0.0068658,0.0071,0.0068371,0.0070723,12527347170.0
2025-04-12 08:00:00,0.0070724,0.007175,0.006947,0.0069585,13066154193.0
2025-04-12 12:00:00,0.0069586,0.0073168,0.0069348,0.0072599,22949264171.0
2025-04-12 16:00:00,0.0072599,0.0075713,0.0072407,0.0073964,23235385288.0
2025-04-12 20:00:00,0.0073961,0.0075313,0.0073724,0.0074368,11398933005.0
2025-04-13 00:00:00,0.0074368,0.0075845,0.0073318,0.007373,14423404435.0
2025-04-13 04:00:00,0.0073729,0.0073762,0.0072352,0.0072653,10805108162.0
2025-04-13 08:00:00,0.0072654,0.0073912,0.0072421,0.007284,10954094507.0
2025-04-13 12:00:00,0.0072841,0.0073198,0.0071156,0.0071532,14716152307.0
2025-04-13 16:00:00,0.0071532,0.0077642,0.0071462,0.0073767,30087531084.0
2025-04-13 20:00:00,0.0073766,0.0075155,0.0071232,0.0072729,17374076792.0
2025-04-14 00:00:00,0.007273,0.0077342,0.0072607,0.0075606,19665457626.0
2025-04-14 04:00:00,0.0075605,0.0076699,0.0073397,0.0074373,13154553129.0
2025-04-14 08:00:00,0.0074373,0.0077009,0.007325,0.007615,17843971251.0
2025-04-14 12:00:00,0.0076151,0.0077378,0.0073061,0.0073564,26761138622.0
2025-04-14 16:00:00,0.0073565,0.0074696,0.0072868,0.0074169,15589338214.0
2025-04-14 20:00:00,0.0074171,0.0074289,0.0072299,0.0073346,8841427186.0
2025-04-15 00:00:00,0.0073345,0.0074283,0.0072272,0.0073902,10731274363.0
2025-04-15 04:00:00,0.0073902,0.0075125,0.0072882,0.0074368,10862524103.0
2025-04-15 08:00:00,0.0074367,0.0074779,0.0072386,0.0072907,11724267145.0
2025-04-15 12:00:00,0.0072908,0.00748,0.0070415,0.0071287,28297942099.0
2025-04-15 16:00:00,0.007129,0.0072027,0.0069601,0.0070172,17257998754.0
2025-04-15 20:00:00,0.0070175,0.0070512,0.0068904,0.0069999,11483940034.0
2025-04-16 00:00:00,0.0069999,0.0072117,0.00696,0.0070896,11925992651.0
2025-04-16 04:00:00,0.0070896,0.0071144,0.0069777,0.0070421,9596942568.0
2025-04-16 08:00:00,0.0070417,0.0071733,0.0069952,0.0071153,15930220533.0
2025-04-16 12:00:00,0.0071152,0.0073,0.0070576,0.0071545,21998512369.0
2025-04-16 16:00:00,0.0071546,0.0073031,0.0069248,0.0072339,29010914554.0
2025-04-16 20:00:00,0.0072337,0.0073236,0.0071154,0.0071305,10786249740.0
2025-04-17 00:00:00,0.0071307,0.0071841,0.00703,0.0070882,8007200913.0
2025-04-17 04:00:00,0.0070882,0.0073896,0.0070647,0.0073454,12968106518.0
2025-04-17 08:00:00,0.0073454,0.0073919,0.0072202,0.0072727,11006207722.0
2025-04-17 12:00:00,0.0072728,0.007345,0.0070585,0.0071885,17584297123.0
2025-04-17 16:00:00,0.0071884,0.0074332,0.0071433,0.007231,21424250773.0
2025-04-17 20:00:00,0.0072308,0.0073413,0.0072023,0.0072316,9231587691.0
2025-04-18 00:00:00,0.0072316,0.007262,0.0070047,0.0070322,15324465416.0
2025-04-18 04:00:00,0.0070321,0.0071741,0.0070053,0.007174,10058576421.0
2025-04-18 08:00:00,0.0071735,0.0072913,0.0070932,0.0071491,14956363414.0
2025-04-18 12:00:00,0.007149,0.0072132,0.0071098,0.0071894,11842637742.0
2025-04-18 16:00:00,0.0071899,0.007284,0.0071716,0.0072582,9530009182.0
2025-04-18 20:00:00,0.0072582,0.0073388,0.007202,0.0073318,7795469508.0
2025-04-19 00:00:00,0.0073318,0.007397,0.0072708,0.0073148,9305570577.0
2025-04-19 04:00:00,0.0073144,0.0073743,0.0072418,0.0072728,7746368826.0
2025-04-19 08:00:00,0.0072729,0.0073152,0.00716,0.0071946,10145993485.0
2025-04-19 12:00:00,0.0071946,0.0073571,0.0071736,0.0073171,11546008257.0
2025-04-19 16:00:00,0.0073171,0.0073954,0.0072917,0.0073718,10170593300.0
2025-04-19 20:00:00,0.0073718,0.0076018,0.007361,0.0075078,10983415098.0
2025-04-20 00:00:00,0.0075076,0.0075732,0.0074691,0.0075238,7157039562.0
2025-04-20 04:00:00,0.0075238,0.0075544,0.0074336,0.0074874,9874814555.0
2025-04-20 08:00:00,0.0074875,0.0074875,0.007261,0.0073195,12654612268.0
2025-04-20 12:00:00,0.0073195,0.00751,0.0073093,0.0074511,13537055393.0
2025-04-20 16:00:00,0.0074506,0.0076964,0.0074003,0.007572,15823997731.0
2025-04-20 20:00:00,0.0075719,0.0076235,0.0074672,0.0075364,8410175519.0
2025-04-21 00:00:00,0.0075364,0.0078549,0.0075181,0.0077792,19251465580.0
2025-04-21 04:00:00,0.0077792,0.0079488,0.0077463,0.0078718,11490493897.0
2025-04-21 08:00:00,0.0078718,0.0079025,0.0077904,0.0078433,10842898053.0
2025-04-21 12:00:00,0.0078433,0.008049,0.0078325,0.0079075,21039911373.0
2025-04-21 16:00:00,0.0079076,0.0079278,0.0076816,0.007811,18319578396.0
2025-04-21 20:00:00,0.0078116,0.0078136,0.0076873,0.007738,6757307114.0
2025-04-22 00:00:00,0.007738,0.0081283,0.007604,0.0079917,19584634452.0
2025-04-22 04:00:00,0.0079917,0.0081043,0.0078248,0.008098,12539801947.0
2025-04-22 08:00:00,0.008098,0.0082096,0.0080404,0.0081508,15335944559.0
2025-04-22 12:00:00,0.0081507,0.0085353,0.0081353,0.0084248,31609069213.0
2025-04-22 16:00:00,0.0084253,0.0084636,0.0083262,0.0084143,13571018058.0
2025-04-22 20:00:00,0.0084139,0.0089054,0.0083841,0.0088086,20572565265.0
2025-04-23 00:00:00,0.0088086,0.0096727,0.0088067,0.009156,25943141927.0
2025-04-23 04:00:00,0.0091558,0.0091999,0.0090118,0.0090719,16904278280.0
2025-04-23 08:00:00,0.009072,0.0092992,0.009023,0.0091616,18054605824.0
2025-04-23 12:00:00,0.0091616,0.009263,0.0086409,0.0088556,34814933954.0
2025-04-23 16:00:00,0.0088556,0.0090358,0.0086846,0.0088312,17779277853.0
2025-04-23 20:00:00,0.0088306,0.0089047,0.0087713,0.0088281,6353796738.0
2025-04-24 00:00:00,0.008828,0.0088681,0.0084645,0.0084658,14233726352.0
2025-04-24 04:00:00,0.0084658,0.008631,0.0084461,0.0084951,11049687066.0
2025-04-24 08:00:00,0.008495,0.0085432,0.008329,0.0085257,13545522129.0
2025-04-24 12:00:00,0.0085257,0.0087631,0.0084768,0.0086513,18475889450.0
2025-04-24 16:00:00,0.0086512,0.0087695,0.008489,0.0086318,15707987979.0
2025-04-24 20:00:00,0.0086309,0.0087862,0.0085101,0.0087545,8937203047.0
2025-04-25 00:00:00,0.0087545,0.0089252,0.0085575,0.0086795,14149885771.0
2025-04-25 04:00:00,0.0086795,0.0088735,0.0086365,0.0088411,10919431041.0
2025-04-25 08:00:00,0.0088411,0.0090328,0.0087751,0.0089255,15801660959.0
2025-04-25 12:00:00,0.0089254,0.009037,0.008663,0.0088508,24782790733.0
2025-04-25 16:00:00,0.0088509,0.0089339,0.0086693,0.0087943,14304838929.0
2025-04-25 20:00:00,0.0087952,0.0092873,0.0087709,0.0090444,17608245110.0
2025-04-26 00:00:00,0.0090444,0.0098,0.0090444,0.0095748,26092919467.0
2025-04-26 04:00:00,0.0095747,0.0095933,0.009366,0.0094905,11411237530.0
2025-04-26 08:00:00,0.0094901,0.0095661,0.0091333,0.0091641,15846284172.0
2025-04-26 12:00:00,0.0091641,0.0092429,0.0090233,0.0091961,15156149404.0
2025-04-26 16:00:00,0.0091962,0.0092184,0.0090656,0.0091209,7360650597.0
2025-04-26 20:00:00,0.0091202,0.0092044,0.0090372,0.0091664,6871819954.0
2025-04-27 00:00:00,0.0091664,0.0092062,0.0088673,0.0091411,14705231701.0
2025-04-27 04:00:00,0.009141,0.009141,0.0088914,0.0090394,8067307153.0
2025-04-27 08:00:00,0.0090393,0.0090945,0.0089618,0.0089821,6145106655.0
2025-04-27 12:00:00,0.008982,0.0089866,0.0087257,0.0088539,13662973432.0
2025-04-27 16:00:00,0.0088539,0.0089236,0.0087416,0.0089187,8292380514.0
2025-04-27 20:00:00,0.0089187,0.008929,0.0087076,0.0087594,6800620823.0
2025-04-28 00:00:00,0.0087594,0.0088564,0.0085894,0.0088066,14520159908.0
2025-04-28 04:00:00,0.0088065,0.0090761,0.0088022,0.0090702,12889819730.0
2025-04-28 08:00:00,0.0090703,0.0091981,0.0089794,0.0091039,15319061204.0
2025-04-28 12:00:00,0.0091037,0.0091137,0.0085585,0.0086373,28302843023.0
2025-04-28 16:00:00,0.0086372,0.009,0.0085443,0.0089427,13932873831.0
2025-04-28 20:00:00,0.0089426,0.00909,0.0088904,0.0089601,7770779696.0
2025-04-29 00:00:00,0.00896,0.009021,0.0088053,0.0089197,8525616115.0
2025-04-29 04:00:00,0.0089197,0.0090695,0.008775,0.0090539,10365333670.0
2025-04-29 08:00:00,0.0090538,0.0090933,0.0089229,0.0089723,10887228952.0
2025-04-29 12:00:00,0.0089723,0.0090685,0.0088311,0.0089856,11686222023.0
2025-04-29 16:00:00,0.0089849,0.0091519,0.0089675,0.0090628,10303875866.0
2025-04-29 20:00:00,0.0090629,0.009095,0.0087105,0.0088562,12567466882.0
2025-04-30 00:00:00,0.0088563,0.0089466,0.0087542,0.0089158,7049370158.0
2025-04-30 04:00:00,0.0089157,0.0089727,0.0087761,0.0088264,6281638530.0
2025-04-30 08:00:00,0.0088265,0.0091243,0.008811,0.0090961,9659679209.0
2025-04-30 12:00:00,0.0090961,0.0091095,0.0084444,0.008704,26979408421.0
2025-04-30 16:00:00,0.0087041,0.0088909,0.0086001,0.0088336,10212044618.0
2025-04-30 20:00:00,0.0088348,0.0089712,0.0088252,0.0088881,7893958930.0
2025-05-01 00:00:00,0.0088881,0.0090241,0.00886,0.008884,6379101490.0
2025-05-01 04:00:00,0.008884,0.0089758,0.0088412,0.0088798,5875862732.0
2025-05-01 08:00:00,0.0088797,0.0090892,0.0088568,0.0090119,10046402025.0
2025-05-01 12:00:00,0.0090119,0.0090545,0.0087681,0.0088349,18669067030.0
2025-05-01 16:00:00,0.0088345,0.0089495,0.0087223,0.0087465,12632349140.0
2025-05-01 20:00:00,0.0087467,0.0088436,0.008657,0.0087265,7552435218.0
2025-05-02 00:00:00,0.0087263,0.008904,0.0086779,0.0088612,6994227976.0
2025-05-02 04:00:00,0.0088617,0.0088843,0.00866,0.0086671,7927958350.0
2025-05-02 08:00:00,0.0086672,0.0087669,0.0086102,0.0086397,8305284556.0
2025-05-02 12:00:00,0.0086398,0.0088401,0.0085228,0.0087285,15236202466.0
2025-05-02 16:00:00,0.0087285,0.0089229,0.0086051,0.0086147,11171045717.0
2025-05-02 20:00:00,0.0086151,0.0087161,0.0085465,0.0086911,7286465890.0
2025-05-03 00:00:00,0.008691,0.00872,0.0084788,0.0085452,8357802193.0
2025-05-03 04:00:00,0.0085451,0.0085824,0.0084513,0.0084828,5677158816.0
2025-05-03 08:00:00,0.0084827,0.0085214,0.0083057,0.0083424,10098794694.0
2025-05-03 12:00:00,0.0083424,0.0084681,0.0083418,0.0084197,6312098194.0
2025-05-03 16:00:00,0.0084198,0.0084202,0.0080669,0.0082712,18017537579.0
2025-05-03 20:00:00,0.0082712,0.0082968,0.0081604,0.0081707,5684520085.0
2025-05-04 00:00:00,0.0081708,0.0082648,0.0080734,0.0080957,9170191490.0
2025-05-04 04:00:00,0.0080957,0.008255,0.0080627,0.0082112,8849595014.0
2025-05-04 08:00:00,0.0082111,0.0082439,0.0080899,0.0082099,8087960538.0
2025-05-04 12:00:00,0.0082098,0.0082683,0.0081229,0.0081473,7695994770.0
2025-05-04 16:00:00,0.0081473,0.0081846,0.0079848,0.008085,11972683913.0
2025-05-04 20:00:00,0.0080851,0.0082112,0.0080241,0.0080764,8435004901.0
2025-05-05 00:00:00,0.0080769,0.0082862,0.00804,0.0082187,11378248000.0
2025-05-05 04:00:00,0.0082186,0.00835,0.0082108,0.0083396,7602205186.0
2025-05-05 08:00:00,0.0083396,0.0083515,0.0080107,0.0080199,13267244906.0
2025-05-05 12:00:00,0.0080202,0.0080323,0.0078066,0.0078645,18338380912.0
2025-05-05 16:00:00,0.0078646,0.0080497,0.0078269,0.0079425,11576796204.0
2025-05-05 20:00:00,0.007942,0.0080323,0.007775,0.0079342,11365157170.0
2025-05-06 00:00:00,0.0079342,0.0079868,0.0077352,0.0079119,10716062638.0
2025-05-06 04:00:00,0.0079119,0.0080276,0.0078781,0.0079629,8127710231.0
2025-05-06 08:00:00,0.0079629,0.0079666,0.0075806,0.0076385,19183383854.0
2025-05-06 12:00:00,0.0076385,0.00788,0.0076041,0.007826,18152911444.0
2025-05-06 16:00:00,0.007826,0.0079497,0.0077317,0.0078757,12811964784.0
2025-05-06 20:00:00,0.0078757,0.0080246,0.0076418,0.0079884,16155570000.0
2025-05-07 00:00:00,0.0079885,0.0081247,0.0079404,0.0080348,12928428613.0
2025-05-07 04:00:00,0.0080348,0.0082056,0.0079638,0.0081649,10795135746.0
2025-05-07 08:00:00,0.0081648,0.0082119,0.0080909,0.0081742,9698721420.0
2025-05-07 12:00:00,0.0081742,0.0082062,0.0080578,0.0080883,11124435837.0
2025-05-07 16:00:00,0.0080882,0.0083136,0.008015,0.0081868,20768244393.0
2025-05-07 20:00:00,0.0081867,0.008297,0.0081215,0.0082465,8696173152.0
2025-05-08 00:00:00,0.0082465,0.0087753,0.0082152,0.0087144,21258736473.0
2025-05-08 04:00:00,0.0087145,0.0089957,0.0086392,0.008937,17298198035.0
2025-05-08 08:00:00,0.0089371,0.0092986,0.0089142,0.0090959,23679666650.0
2025-05-08 12:00:00,0.0090959,0.010071,0.0090959,0.0098783,50803404598.0
2025-05-08 16:00:00,0.0098777,0.0106541,0.0098596,0.0106343,53062778377.0
2025-05-08 20:00:00,0.0106352,0.0117921,0.0105453,0.0111212,59917035746.0
2025-05-09 00:00:00,0.0111209,0.0111244,0.0106846,0.01072,21172184383.0
2025-05-09 04:00:00,0.01072,0.0121989,0.0106438,0.0119252,39866086834.0
2025-05-09 08:00:00,0.0119248,0.0139697,0.0118987,0.01264,105477978716.0
2025-05-09 12:00:00,0.0126396,0.0129757,0.0121111,0.0125315,54640535058.0
2025-05-09 16:00:00,0.0125316,0.0125414,0.011951,0.0123374,27470568572.0
2025-05-09 20:00:00,0.0123378,0.0124781,0.0121507,0.0123701,12523677850.0
2025-05-10 00:00:00,0.0123701,0.0127994,0.01216,0.0126463,25695820421.0
2025-05-10 04:00:00,0.0126445,0.0133947,0.012435,0.0132166,29172009084.0
2025-05-10 08:00:00,0.0132169,0.0135898,0.0126183,0.012718,37820080382.0
2025-05-10 12:00:00,0.012718,0.0130984,0.0127155,0.0128374,19565363655.0
2025-05-10 16:00:00,0.0128386,0.0138657,0.012793,0.0133387,32160887598.0
2025-05-10 20:00:00,0.0133387,0.014071,0.0130644,0.0136887,22752267167.0
2025-05-11 00:00:00,0.0136888,0.01379,0.0128702,0.0130363,24804782837.0
2025-05-11 04:00:00,0.0130368,0.0132283,0.0125448,0.0127724,18380493793.0
2025-05-11 08:00:00,0.0127715,0.0132569,0.0127487,0.013245,15945146657.0
2025-05-11 12:00:00,0.0132449,0.0136496,0.01306,0.0133057,28123030593.0
2025-05-11 16:00:00,0.0133058,0.0142666,0.0130328,0.0135435,38369231003.0
2025-05-11 20:00:00,0.0135435,0.0138265,0.013345,0.0136173,17211680289.0
2025-05-12 00:00:00,0.0136159,0.0148125,0.0135689,0.0144159,34681689100.0
2025-05-12 04:00:00,0.014416,0.0150127,0.0138177,0.0146533,36628111634.0
2025-05-12 08:00:00,0.0146532,0.0153987,0.014363,0.0143959,34615555039.0
2025-05-12 12:00:00,0.0143955,0.0146188,0.013551,0.0137571,34605403524.0
2025-05-12 16:00:00,0.013757,0.0140134,0.0127905,0.013307,31659555856.0
2025-05-12 20:00:00,0.0133064,0.0137566,0.01324,0.0136221,13721242306.0
2025-05-13 00:00:00,0.0136221,0.0136537,0.01274,0.0129072,23042727380.0
2025-05-13 04:00:00,0.0129073,0.0136782,0.012848,0.0134939,16042518282.0
2025-05-13 08:00:00,0.0134939,0.0142586,0.0134932,0.0140477,23052900416.0
2025-05-13 12:00:00,0.0140459,0.0143,0.0136223,0.0141908,36878009142.0
2025-05-13 16:00:00,0.0141893,0.0151,0.0141311,0.0147768,32010703102.0
2025-05-13 20:00:00,0.0147768,0.0149087,0.0143523,0.0144432,14448857272.0
2025-05-14 00:00:00,0.0144433,0.014489,0.0138334,0.0140071,16972200834.0
2025-05-14 04:00:00,0.0140074,0.0144536,0.0139124,0.0140689,15193817409.0
2025-05-14 08:00:00,0.014069,0.0143064,0.0137802,0.0142156,17337369215.0
2025-05-14 12:00:00,0.0142157,0.0143295,0.0136331,0.0139454,18442082320.0
2025-05-14 16:00:00,0.0139446,0.0139716,0.0134945,0.0139379,13733366765.0
2025-05-14 20:00:00,0.0139372,0.014,0.013725,0.0139027,6210499165.0
2025-05-15 00:00:00,0.0139032,0.0141489,0.0134533,0.0136035,13717634085.0
2025-05-15 04:00:00,0.0136028,0.0137884,0.0130214,0.0131239,19385469861.0
2025-05-15 08:00:00,0.0131235,0.0137882,0.013118,0.0136818,21207861342.0
2025-05-15 12:00:00,0.0136817,0.0139577,0.0129055,0.0136178,32887946792.0
2025-05-15 16:00:00,0.0136172,0.0141167,0.0130417,0.0132191,24588765576.0
2025-05-15 20:00:00,0.0132202,0.0133509,0.0126669,0.0130186,18983740334.0
2025-05-16 00:00:00,0.0130185,0.0135045,0.0129402,0.0134084,14602363519.0
2025-05-16 04:00:00,0.0134083,0.0136293,0.0132909,0.0134349,10603045381.0
2025-05-16 08:00:00,0.0134348,0.0136115,0.0131439,0.0134505,13153604460.0
2025-05-16 12:00:00,0.0134505,0.0137971,0.0133386,0.0136429,16709391769.0
2025-05-16 16:00:00,0.0136429,0.0137666,0.013265,0.0134341,11311737696.0
2025-05-16 20:00:00,0.0134339,0.0134398,0.012512,0.0125926,15991649046.0
2025-05-17 00:00:00,0.0125926,0.0127551,0.0122367,0.0125167,18203179335.0
2025-05-17 04:00:00,0.0125158,0.0126623,0.01233,0.0124332,10751994480.0
2025-05-17 08:00:00,0.0124347,0.0125364,0.0122629,0.01235,11162648248.0
2025-05-17 12:00:00,0.01235,0.0125437,0.012116,0.0124045,15409366874.0
2025-05-17 16:00:00,0.0124049,0.0124519,0.012017,0.0120813,14900439752.0
2025-05-17 20:00:00,0.012081,0.0123647,0.0119556,0.0121608,11499466142.0
2025-05-18 00:00:00,0.0121606,0.0124171,0.0121366,0.0123256,8548939057.0
2025-05-18 04:00:00,0.0123256,0.012924,0.0123139,0.0128901,15905624389.0
2025-05-18 08:00:00,0.0128901,0.0134295,0.012863,0.0132149,21217276206.0
2025-05-18 12:00:00,0.0132148,0.0141124,0.013142,0.0140149,26026640827.0
2025-05-18 16:00:00,0.0140153,0.0142494,0.0128384,0.0129055,38382831316.0
2025-05-18 20:00:00,0.0129054,0.0139555,0.01256,0.0138382,30906427866.0
2025-05-19 00:00:00,0.0138393,0.0141885,0.012824,0.0129519,30428247753.0
2025-05-19 04:00:00,0.0129519,0.0131415,0.012513,0.0129116,22696970316.0
2025-05-19 08:00:00,0.0129115,0.0129115,0.0125709,0.0127086,13594419622.0
2025-05-19 12:00:00,0.0127086,0.01328,0.012481,0.0131719,27753778002.0
2025-05-19 16:00:00,0.013172,0.0136488,0.0130017,0.013272,26097784454.0
2025-05-19 20:00:00,0.0132718,0.013368,0.0130853,0.013275,8949536037.0
2025-05-20 00:00:00,0.0132752,0.0136592,0.0131408,0.0133226,17537353025.0
2025-05-20 04:00:00,0.0133225,0.0135417,0.0130188,0.0130782,13451732818.0
2025-05-20 08:00:00,0.0130782,0.0131822,0.0126285,0.0127769,19029616263.0
2025-05-20 12:00:00,0.0127769,0.0128867,0.0126059,0.0128517,14550442873.0
2025-05-20 16:00:00,0.0128506,0.0132037,0.012695,0.0131103,20606237384.0
2025-05-20 20:00:00,0.0131118,0.0132665,0.0128469,0.0131586,15442934777.0
2025-05-21 00:00:00,0.0131587,0.0136097,0.0130196,0.0134828,15657613568.0
2025-05-21 04:00:00,0.0134821,0.0141409,0.0134434,0.013555,25522640344.0
2025-05-21 08:00:00,0.013556,0.0137637,0.0132748,0.0136749,18609097708.0
2025-05-21 12:00:00,0.0136745,0.014104,0.013541,0.013943,31578998345.0
2025-05-21 16:00:00,0.013942,0.0146326,0.0128029,0.0134609,74925793523.0
2025-05-21 20:00:00,0.0134607,0.0139635,0.0131535,0.0136423,19199077832.0
2025-05-22 00:00:00,0.0136428,0.0142804,0.0136211,0.0141203,22304739761.0
2025-05-22 04:00:00,0.0141204,0.0145153,0.0136568,0.014391,24667500206.0
2025-05-22 08:00:00,0.014391,0.0147965,0.0142606,0.0144972,26563398735.0
2025-05-22 12:00:00,0.0144968,0.0147067,0.0142648,0.014437,19471058308.0
2025-05-22 16:00:00,0.014437,0.014535,0.014174,0.0142736,11828046816.0
2025-05-22 20:00:00,0.0142736,0.0155761,0.01414,0.0155288,22540932579.0
2025-05-23 00:00:00,0.0155288,0.0163464,0.0152,0.0160654,39768416243.0
2025-05-23 04:00:00,0.0160655,0.0161156,0.0153232,0.0154963,24336248219.0
2025-05-23 08:00:00,0.0154963,0.0159266,0.0147623,0.0148925,28595005528.0
2025-05-23 12:00:00,0.0148928,0.0151853,0.0143,0.0147889,46386787842.0
2025-05-23 16:00:00,0.0147877,0.0152257,0.0145727,0.0148429,19323668527.0
2025-05-23 20:00:00,0.0148428,0.0148566,0.013563,0.0138,27690949696.0
2025-05-24 00:00:00,0.0137997,0.0141472,0.013563,0.0140707,21617714798.0
2025-05-24 04:00:00,0.0140707,0.0142117,0.0137758,0.0138514,16758042911.0
2025-05-24 08:00:00,0.0138514,0.0141428,0.0136613,0.0139916,16089283467.0
2025-05-24 12:00:00,0.0139908,0.0140756,0.0137557,0.013863,14368314391.0
2025-05-24 16:00:00,0.0138631,0.01408,0.0136934,0.0138439,11625108478.0
2025-05-24 20:00:00,0.0138438,0.0140094,0.013608,0.0137645,12255708902.0
2025-05-25 00:00:00,0.0137631,0.0139876,0.0132337,0.0137916,23030545502.0
2025-05-25 04:00:00,0.0137916,0.0138109,0.0134393,0.0135505,10218926710.0
2025-05-25 08:00:00,0.0135505,0.0135625,0.012855,0.0129895,25495933713.0
2025-05-25 12:00:00,0.0129894,0.013247,0.0126207,0.0129082,22980762986.0
2025-05-25 16:00:00,0.0129082,0.013176,0.0127431,0.013096,11528052709.0
2025-05-25 20:00:00,0.0130962,0.0137099,0.012876,0.0135971,18076605250.0
2025-05-26 00:00:00,0.0135964,0.0142164,0.0134824,0.0140596,22606320310.0
2025-05-26 04:00:00,0.014059,0.0144592,0.0139077,0.0144037,22641649645.0
2025-05-26 08:00:00,0.0144037,0.0144459,0.0138539,0.0139422,21227178076.0
2025-05-26 12:00:00,0.0139421,0.0140996,0.0136478,0.0139948,23977597490.0
2025-05-26 16:00:00,0.0139953,0.0141152,0.0134791,0.0136766,25521805810.0
2025-05-26 20:00:00,0.0136766,0.0139834,0.013599,0.0138432,10168047327.0
2025-05-27 00:00:00,0.013843,0.0139715,0.0133539,0.0137548,20252570851.0
2025-05-27 04:00:00,0.0137543,0.01406,0.0135841,0.0139842,14497040089.0
2025-05-27 08:00:00,0.0139844,0.0142712,0.0139484,0.0140537,18650685413.0
2025-05-27 12:00:00,0.0140538,0.0143261,0.0137495,0.0140055,28044140103.0
2025-05-27 16:00:00,0.0140055,0.0142389,0.0138268,0.0139886,20228411118.0
2025-05-27 20:00:00,0.0139887,0.0140548,0.0137431,0.0138871,9001964194.0
2025-05-28 00:00:00,0.0138884,0.0141001,0.0136225,0.0138651,16456282150.0
2025-05-28 04:00:00,0.013865,0.0139445,0.0136731,0.0137174,9971127998.0
2025-05-28 08:00:00,0.0137174,0.0138612,0.0135288,0.0138335,14071034762.0
2025-05-28 12:00:00,0.0138337,0.0141799,0.0134134,0.0135225,32245615614.0
2025-05-28 16:00:00,0.0135228,0.0138145,0.0133632,0.0133999,14935042878.0
2025-05-28 20:00:00,0.0133999,0.0140668,0.013394,0.0139916,15422840279.0
2025-05-29 00:00:00,0.0139919,0.0151175,0.0139095,0.0146926,42452550220.0
2025-05-29 04:00:00,0.0146925,0.0148063,0.0143023,0.0144377,22305996124.0
2025-05-29 08:00:00,0.0144378,0.0145518,0.014333,0.0144117,12516462307.0
2025-05-29 12:00:00,0.0144116,0.0144154,0.0136805,0.0137268,33015254142.0
2025-05-29 16:00:00,0.0137268,0.013905,0.013502,0.0136708,19061378986.0
2025-05-29 20:00:00,0.0136708,0.0138518,0.0133081,0.0134306,12635244862.0
2025-05-30 00:00:00,0.0134311,0.0135492,0.0125708,0.0130063,28565426398.0
2025-05-30 04:00:00,0.0130064,0.0131239,0.0126666,0.0128355,20074674437.0
2025-05-30 08:00:00,0.0128356,0.0130786,0.0125345,0.0130344,24687415669.0
2025-05-30 12:00:00,0.0130345,0.0131174,0.0127222,0.0128818,25662666028.0
2025-05-30 16:00:00,0.0128815,0.0129344,0.01211,0.0127885,34981915254.0
2025-05-30 20:00:00,0.0127885,0.0128565,0.0114679,0.0115965,34662109753.0
2025-05-31 00:00:00,0.0115981,0.0116719,0.0109401,0.0112104,44788596903.0
2025-05-31 04:00:00,0.0112103,0.011428,0.0110606,0.0113267,15267152547.0
2025-05-31 08:00:00,0.0113267,0.0113998,0.0111017,0.0111888,15514187054.0
2025-05-31 12:00:00,0.011189,0.0118402,0.0111581,0.0115716,28231110823.0
2025-05-31 16:00:00,0.0115715,0.0118579,0.0115079,0.0117652,13837610925.0
2025-05-31 20:00:00,0.0117648,0.01185,0.0115872,0.011637,9219083158.0
2025-06-01 00:00:00,0.0116364,0.0117268,0.0113977,0.0115579,11633572254.0
2025-06-01 04:00:00,0.0115578,0.0117738,0.0114815,0.0115778,11080682081.0
2025-06-01 08:00:00,0.0115778,0.0115928,0.0112802,0.011433,14074314049.0
2025-06-01 12:00:00,0.011433,0.0117453,0.0112895,0.0117081,18308000067.0
2025-06-01 16:00:00,0.0117081,0.0120293,0.0115542,0.0117655,26171160642.0
2025-06-01 20:00:00,0.0117654,0.0119477,0.0116923,0.0117962,9695332153.0
2025-06-02 00:00:00,0.0117961,0.0118703,0.0114624,0.0115414,13102834195.0
2025-06-02 04:00:00,0.0115414,0.0117859,0.0114349,0.0116837,13751795754.0
2025-06-02 08:00:00,0.0116833,0.0117471,0.0113969,0.0115013,15390610394.0
2025-06-02 12:00:00,0.0115013,0.0118241,0.0114104,0.01177,24784819303.0
2025-06-02 16:00:00,0.0117695,0.0119656,0.01166,0.0117759,18107450222.0
2025-06-02 20:00:00,0.0117758,0.01242,0.0117758,0.0123488,22660868151.0
2025-06-03 00:00:00,0.0123488,0.0128779,0.012267,0.0126223,27751352068.0
2025-06-03 04:00:00,0.0126222,0.0126679,0.0124686,0.0125698,10977020332.0
2025-06-03 08:00:00,0.0125705,0.0126771,0.0124075,0.0125822,12723490637.0
2025-06-03 12:00:00,0.0125822,0.012964,0.0125235,0.0127841,29675076656.0
2025-06-03 16:00:00,0.0127849,0.0128039,0.012562,0.0127322,15417753030.0
2025-06-03 20:00:00,0.012733,0.0127407,0.0121596,0.0122491,20780100229.0
2025-06-04 00:00:00,0.012249,0.0125,0.0121393,0.0123877,13263378606.0
2025-06-04 04:00:00,0.0123878,0.0124756,0.0123431,0.0124042,7462383336.0
2025-06-04 08:00:00,0.0124042,0.0125296,0.0123168,0.0123465,11134805654.0
2025-06-04 12:00:00,0.0123466,0.0126163,0.012175,0.0125684,21000851811.0
2025-06-04 16:00:00,0.0125687,0.0125906,0.012141,0.0121428,15036864387.0
2025-06-04 20:00:00,0.0121427,0.0121615,0.0117467,0.0118198,21309932892.0
2025-06-05 00:00:00,0.0118188,0.0120633,0.0117922,0.0119746,11837596374.0
2025-06-05 04:00:00,0.0119746,0.0120567,0.0116583,0.0117272,16373722953.0
2025-06-05 08:00:00,0.0117272,0.0118269,0.0115348,0.0116982,12129012169.0
2025-06-05 12:00:00,0.0116982,0.0120245,0.0113876,0.0115585,32112958982.0
2025-06-05 16:00:00,0.0115585,0.0116,0.0104387,0.0108335,38903347908.0
2025-06-05 20:00:00,0.0108348,0.0108607,0.0103219,0.010638,34110147922.0
2025-06-06 00:00:00,0.010638,0.010888,0.01055,0.0108581,14282569922.0
2025-06-06 04:00:00,0.0108581,0.0111348,0.0107699,0.0110328,15838323540.0
2025-06-06 08:00:00,0.0110328,0.0111552,0.0109922,0.0110816,12843068164.0
2025-06-06 12:00:00,0.0110817,0.0115165,0.0110439,0.0113077,28820866356.0
2025-06-06 16:00:00,0.0113073,0.0113443,0.0109707,0.0110173,18311031877.0
2025-06-06 20:00:00,0.0110173,0.0111744,0.0110107,0.0110505,7269835693.0
2025-06-07 00:00:00,0.0110506,0.011454,0.0109518,0.0114245,15003287469.0
2025-06-07 04:00:00,0.0114246,0.011618,0.0113221,0.0115091,13841049583.0
2025-06-07 08:00:00,0.01151,0.0115411,0.0113503,0.0114717,11708933999.0
2025-06-07 12:00:00,0.0114717,0.0115864,0.0114031,0.0114684,12407415060.0
2025-06-07 16:00:00,0.0114685,0.0115374,0.011322,0.0114682,10748176067.0
2025-06-07 20:00:00,0.0114682,0.0116145,0.0114606,0.0115017,6770810281.0
2025-06-08 00:00:00,0.0115017,0.0116706,0.0113816,0.0115024,11162427127.0
2025-06-08 04:00:00,0.0115024,0.0116454,0.0114218,0.0114383,10070574677.0
2025-06-08 08:00:00,0.0114384,0.011607,0.01129,0.0115392,14959929119.0
2025-06-08 12:00:00,0.0115391,0.0117766,0.0114457,0.011574,16021485705.0
2025-06-08 16:00:00,0.011574,0.0117871,0.0115575,0.0117594,12829460522.0
2025-06-08 20:00:00,0.0117594,0.01207,0.0116223,0.0116682,17230762907.0
2025-06-09 00:00:00,0.0116682,0.0116997,0.0114047,0.0115272,12926818768.0
2025-06-09 04:00:00,0.0115271,0.0115741,0.0113887,0.0115007,9352413153.0
2025-06-09 08:00:00,0.0115007,0.0120398,0.0114311,0.0119709,25408419872.0
2025-06-09 12:00:00,0.011971,0.0120438,0.0117065,0.0117919,24889368244.0
2025-06-09 16:00:00,0.0117923,0.012128,0.011791,0.0119417,19875944967.0
2025-06-09 20:00:00,0.0119417,0.0127133,0.0119396,0.012653,25773749917.0
2025-06-10 00:00:00,0.012653,0.0129302,0.0124137,0.012532,21469980685.0
2025-06-10 04:00:00,0.0125321,0.012857,0.0124405,0.0127849,17952530243.0
2025-06-10 08:00:00,0.012785,0.0136263,0.01264,0.0133333,32488948995.0
2025-06-10 12:00:00,0.0133333,0.0134679,0.012474,0.0127635,41265198397.0
2025-06-10 16:00:00,0.0127636,0.0131145,0.0125272,0.0128987,25219324730.0
2025-06-10 20:00:00,0.012899,0.0131468,0.0126615,0.0131177,17268086072.0
2025-06-11 00:00:00,0.0131177,0.0131569,0.0126758,0.0128132,12222063961.0
2025-06-11 04:00:00,0.0128134,0.0130094,0.0127107,0.0129133,10345870746.0
2025-06-11 08:00:00,0.0129134,0.0129947,0.0125724,0.0126978,15303449445.0
2025-06-11 12:00:00,0.0126978,0.0134355,0.0126162,0.0133819,38106739702.0
2025-06-11 16:00:00,0.013382,0.01345,0.012655,0.0127026,27607058144.0
2025-06-11 20:00:00,0.0127025,0.0127981,0.0121766,0.0124744,22569228120.0
2025-06-12 00:00:00,0.0124748,0.0124811,0.0122076,0.0122961,14506814410.0
2025-06-12 04:00:00,0.012296,0.0125922,0.0122313,0.0124124,14998981492.0
2025-06-12 08:00:00,0.0124122,0.0124649,0.0121456,0.0122206,16005937020.0
2025-06-12 12:00:00,0.0122207,0.0125208,0.0117754,0.011919,31913642567.0
2025-06-12 16:00:00,0.0119193,0.0123697,0.0116501,0.011754,25996922117.0
2025-06-12 20:00:00,0.0117549,0.0118358,0.0113604,0.0114989,23934251557.0
2025-06-13 00:00:00,0.011499,0.0115128,0.01043,0.0107384,65001122454.0
2025-06-13 04:00:00,0.0107377,0.0107672,0.0104958,0.0107452,23386359490.0
2025-06-13 08:00:00,0.0107452,0.0109335,0.0105802,0.0108081,28550540796.0
2025-06-13 12:00:00,0.0108082,0.0109255,0.0105555,0.0108408,31039551003.0
2025-06-13 16:00:00,0.0108408,0.0111011,0.0106819,0.0108144,29737060970.0
2025-06-13 20:00:00,0.0108133,0.0112307,0.0107911,0.0112125,16028628587.0
2025-06-14 00:00:00,0.0112128,0.011307,0.0110894,0.01116,13575690394.0
2025-06-14 04:00:00,0.0111599,0.0112384,0.0110373,0.0111563,12084951866.0
2025-06-14 08:00:00,0.0111562,0.0111696,0.011057,0.0111182,8046226712.0
2025-06-14 12:00:00,0.0111182,0.01118,0.0108615,0.0109598,14382819788.0
2025-06-14 16:00:00,0.0109598,0.0110086,0.0107564,0.010806,18814194381.0
2025-06-14 20:00:00,0.0108067,0.0110044,0.0106842,0.0109358,12292728634.0
2025-06-15 00:00:00,0.0109359,0.0111339,0.0109228,0.0110931,8585868233.0
2025-06-15 04:00:00,0.0110931,0.0113061,0.011068,0.0111427,16088362154.0
2025-06-15 08:00:00,0.0111427,0.0111699,0.011013,0.0111316,12398474241.0
2025-06-15 12:00:00,0.0111316,0.0113178,0.0111039,0.0112032,17689573627.0
2025-06-15 16:00:00,0.0112032,0.0112448,0.0109475,0.0110046,12226967919.0
2025-06-15 20:00:00,0.0110045,0.0111599,0.0108008,0.0111056,15639211472.0
2025-06-16 00:00:00,0.0111056,0.0113013,0.010893,0.0111818,18304507233.0
2025-06-16 04:00:00,0.0111819,0.0114988,0.011172,0.0114292,18701043011.0
2025-06-16 08:00:00,0.0114292,0.0114426,0.0112298,0.0113474,15545847432.0
2025-06-16 12:00:00,0.0113473,0.0115627,0.0112278,0.0112456,22650212650.0
2025-06-16 16:00:00,0.0112456,0.0114246,0.0111418,0.0113091,17827060075.0
2025-06-16 20:00:00,0.0113095,0.0113775,0.0105297,0.0105875,29077611023.0
2025-06-17 00:00:00,0.0105883,0.0107696,0.01025,0.010732,38285321149.0
2025-06-17 04:00:00,0.010732,0.0107558,0.0105302,0.0105788,16106215385.0
2025-06-17 08:00:00,0.0105787,0.0105991,0.0103306,0.0104279,19785810616.0
2025-06-17 12:00:00,0.0104279,0.0104938,0.00968,0.0098703,42739200285.0
2025-06-17 16:00:00,0.0098704,0.0102724,0.0096515,0.0101627,37180596601.0
2025-06-17 20:00:00,0.0101627,0.0102182,0.0100252,0.0101253,16398646664.0
2025-06-18 00:00:00,0.0101253,0.0103051,0.0100942,0.0101795,12762117321.0
2025-06-18 04:00:00,0.0101794,0.0102998,0.010147,0.0102408,10827538833.0
2025-06-18 08:00:00,0.0102409,0.0102928,0.0099305,0.010122,22782253845.0
2025-06-18 12:00:00,0.0101221,0.0101845,0.0097411,0.0100631,37306865083.0
2025-06-18 16:00:00,0.010063,0.0102857,0.0099527,0.0100606,28032820983.0
2025-06-18 20:00:00,0.0100609,0.010397,0.0099956,0.0103354,19897848976.0
2025-06-19 00:00:00,0.0103354,0.0104855,0.0102275,0.0103443,13662929293.0
2025-06-19 04:00:00,0.0103444,0.0104244,0.0102505,0.010339,10261527616.0
2025-06-19 08:00:00,0.0103391,0.0104729,0.0103386,0.0104029,10054732574.0
2025-06-19 12:00:00,0.0104029,0.010455,0.0102,0.0102524,17898862947.0
2025-06-19 16:00:00,0.0102523,0.0104244,0.0101321,0.0102901,17127305298.0
2025-06-19 20:00:00,0.0102901,0.0104023,0.0102166,0.0102967,9785279406.0
2025-06-20 00:00:00,0.0102968,0.0103229,0.0101092,0.0101659,9997936608.0
2025-06-20 04:00:00,0.0101658,0.0104052,0.0100545,0.0103797,14734908029.0
2025-06-20 08:00:00,0.0103798,0.0105229,0.01029,0.0103853,18498141937.0
2025-06-20 12:00:00,0.0103852,0.0104496,0.0099038,0.0099833,28928189192.0
2025-06-20 16:00:00,0.0099834,0.0099944,0.0094344,0.0097266,39132584705.0
2025-06-20 20:00:00,0.0097266,0.0099519,0.009716,0.0098401,16070490776.0
2025-06-21 00:00:00,0.0098401,0.0101121,0.0098058,0.0100497,11385514324.0
2025-06-21 04:00:00,0.0100497,0.010091,0.0099856,0.0100507,8474778294.0
2025-06-21 08:00:00,0.0100507,0.0100784,0.0099662,0.0099932,9430727580.0
2025-06-21 12:00:00,0.0099932,0.0100223,0.0095218,0.0096424,26684577743.0
2025-06-21 16:00:00,0.0096427,0.009748,0.0094202,0.0094813,27529459253.0
2025-06-21 20:00:00,0.0094812,0.0096624,0.0088766,0.009269,39318410498.0
2025-06-22 00:00:00,0.0092695,0.0094697,0.009134,0.0091814,22688107707.0
2025-06-22 04:00:00,0.0091814,0.0093531,0.0091504,0.0092073,12523207337.0
2025-06-22 08:00:00,0.0092073,0.009247,0.0089394,0.0091118,19681436231.0
2025-06-22 12:00:00,0.0091117,0.0091806,0.0084581,0.0086645,55821862414.0
2025-06-22 16:00:00,0.0086646,0.0088398,0.0085356,0.0085945,22166340000.0
2025-06-22 20:00:00,0.0085945,0.0088809,0.0083,0.0088703,31663693109.0
2025-06-23 00:00:00,0.0088703,0.0089929,0.0087951,0.0088222,13296464358.0
2025-06-23 04:00:00,0.008822,0.0089912,0.0088057,0.0089117,12743709991.0
2025-06-23 08:00:00,0.0089117,0.0089538,0.0087552,0.0088937,13140933088.0
2025-06-23 12:00:00,0.0088937,0.0092749,0.0088261,0.0089906,38661766491.0
2025-06-23 16:00:00,0.0089905,0.0093484,0.0086651,0.009294,43029114872.0
2025-06-23 20:00:00,0.0092944,0.0100098,0.0092577,0.0098993,33569241518.0
2025-06-24 00:00:00,0.009899,0.0099926,0.0098218,0.0099119,14250501711.0
2025-06-24 04:00:00,0.0099119,0.010287,0.0098549,0.0099553,25902503324.0
2025-06-24 08:00:00,0.0099552,0.0101125,0.009803,0.0098705,23216527000.0
2025-06-24 12:00:00,0.0098706,0.0100674,0.0098149,0.0099351,23585530758.0
2025-06-24 16:00:00,0.0099352,0.0102455,0.009756,0.009864,22577694561.0
2025-06-24 20:00:00,0.0098639,0.010057,0.0097966,0.0100543,9112355897.0
2025-06-25 00:00:00,0.0100542,0.01017,0.0099768,0.0100685,11501152799.0
2025-06-25 04:00:00,0.0100686,0.0101535,0.0099732,0.0100991,10007815057.0
2025-06-25 08:00:00,0.0100991,0.0101132,0.0098803,0.0100362,16420291213.0
2025-06-25 12:00:00,0.0100362,0.010168,0.009625,0.0096539,35297187931.0
2025-06-25 16:00:00,0.0096539,0.009738,0.0095375,0.0096473,18613067550.0
2025-06-25 20:00:00,0.0096474,0.0097467,0.0093682,0.0094577,14336231182.0
2025-06-26 00:00:00,0.0094578,0.0097359,0.0094403,0.0096083,19658047584.0
2025-06-26 04:00:00,0.0096082,0.0096241,0.0094446,0.0095176,11670118239.0
2025-06-26 08:00:00,0.0095176,0.0095755,0.00932,0.0093828,14840267361.0
2025-06-26 12:00:00,0.0093829,0.0094076,0.0091524,0.0092639,23088719711.0
2025-06-26 16:00:00,0.0092638,0.0093486,0.009171,0.0093161,10561811749.0
2025-06-26 20:00:00,0.0093157,0.0094469,0.0091093,0.0091549,15038806406.0
2025-06-27 00:00:00,0.0091549,0.009322,0.0090533,0.009272,11693466351.0
2025-06-27 04:00:00,0.0092719,0.0093579,0.0091634,0.0092087,10500632470.0
2025-06-27 08:00:00,0.009209,0.0093444,0.0091906,0.0092761,9809515263.0
2025-06-27 12:00:00,0.0092761,0.009319,0.0090102,0.0092204,22573290711.0
2025-06-27 16:00:00,0.0092212,0.0094098,0.0089213,0.0090332,22280957462.0
2025-06-27 20:00:00,0.0090339,0.0091888,0.0090123,0.0091707,9092354813.0
2025-06-28 00:00:00,0.0091707,0.00926,0.009135,0.0092222,6614401775.0
2025-06-28 04:00:00,0.0092221,0.0093362,0.0092099,0.0093328,6209193172.0
2025-06-28 08:00:00,0.0093328,0.0094312,0.0092652,0.0093595,10064825879.0
2025-06-28 12:00:00,0.0093594,0.0094285,0.00929,0.0094144,8222094000.0
2025-06-28 16:00:00,0.0094144,0.0095746,0.009351,0.0095224,13092705081.0
2025-06-28 20:00:00,0.0095224,0.0096125,0.0094443,0.0095489,6819063085.0
2025-06-29 00:00:00,0.0095489,0.0096088,0.009456,0.0094821,7248316814.0
2025-06-29 04:00:00,0.0094821,0.0095047,0.0094254,0.0094895,6388758173.0
2025-06-29 08:00:00,0.0094896,0.0096441,0.0094452,0.0096098,12107914521.0
2025-06-29 12:00:00,0.0096098,0.0097353,0.0095339,0.0095789,15284109367.0
2025-06-29 16:00:00,0.0095789,0.0096899,0.009562,0.0096579,9083519864.0
2025-06-29 20:00:00,0.0096578,0.0104828,0.00954,0.0103925,33016119322.0
2025-06-30 00:00:00,0.0103925,0.0104415,0.0100343,0.0100582,19120405628.0
2025-06-30 04:00:00,0.0100583,0.0100993,0.0097311,0.0098986,17528132809.0
2025-06-30 08:00:00,0.0098986,0.00993,0.0097755,0.009789,10595622803.0
2025-06-30 12:00:00,0.009789,0.0099236,0.0095746,0.0098405,27880045778.0
2025-06-30 16:00:00,0.0098404,0.0099448,0.0097325,0.0099224,17012713560.0
2025-06-30 20:00:00,0.0099226,0.0099803,0.0097155,0.009741,9967239063.0
2025-07-01 00:00:00,0.009741,0.0098247,0.0096322,0.009681,9511271282.0
2025-07-01 04:00:00,0.0096809,0.0096924,0.009463,0.0095796,15005223843.0
2025-07-01 08:00:00,0.0095795,0.0095795,0.0094045,0.00946,10016039135.0
2025-07-01 12:00:00,0.0094592,0.009537,0.0093388,0.0093844,18138641515.0
2025-07-01 16:00:00,0.0093844,0.0094264,0.0091576,0.0091961,15861647658.0
2025-07-01 20:00:00,0.0091962,0.0093172,0.0091568,0.0092524,9039700127.0
2025-07-02 00:00:00,0.0092525,0.0093663,0.0091774,0.0093255,9865692015.0
2025-07-02 04:00:00,0.0093255,0.0095261,0.0093016,0.0094731,13028350734.0
2025-07-02 08:00:00,0.0094732,0.0096163,0.0094593,0.0095157,11173949751.0
2025-07-02 12:00:00,0.0095158,0.0097746,0.00944,0.0096989,21371832705.0
2025-07-02 16:00:00,0.0096988,0.0103482,0.0096657,0.0101913,47361083919.0
2025-07-02 20:00:00,0.0101913,0.0103784,0.0100352,0.0100647,17507511681.0
2025-07-03 00:00:00,0.0100635,0.0103244,0.0100501,0.0101715,15753300495.0
2025-07-03 04:00:00,0.0101714,0.0106889,0.0101445,0.0106258,26787925433.0
2025-07-03 08:00:00,0.0106258,0.010789,0.0103811,0.0104095,24827504401.0
2025-07-03 12:00:00,0.0104094,0.0106874,0.0098874,0.0099073,48704621994.0
2025-07-03 16:00:00,0.0099075,0.0100971,0.0098988,0.0100736,16637675333.0
2025-07-03 20:00:00,0.0100737,0.0102042,0.0100465,0.0101227,8827351540.0
2025-07-04 00:00:00,0.0101226,0.0102694,0.0098135,0.0099235,19821841826.0
2025-07-04 04:00:00,0.0099234,0.009985,0.0096732,0.0097147,17709596953.0
2025-07-04 08:00:00,0.0097146,0.0098718,0.0096261,0.0097839,14835939388.0
2025-07-04 12:00:00,0.0097838,0.0098325,0.0095053,0.0095385,22978459774.0
2025-07-04 16:00:00,0.0095384,0.0096391,0.009425,0.009547,17227603646.0
2025-07-04 20:00:00,0.009547,0.0097051,0.0095155,0.0096386,10580779452.0
2025-07-05 00:00:00,0.0096387,0.0098171,0.0095473,0.0097637,11264692177.0
2025-07-05 04:00:00,0.0097637,0.0099224,0.0096821,0.0098392,12629709085.0
2025-07-05 08:00:00,0.0098393,0.00987,0.0097187,0.0097307,9590916221.0
2025-07-05 12:00:00,0.0097308,0.0097537,0.009627,0.0096709,11309150352.0
2025-07-05 16:00:00,0.0096709,0.0097343,0.0095053,0.0096261,12181484107.0
2025-07-05 20:00:00,0.0096262,0.0097412,0.0095915,0.0096863,4924468207.0
2025-07-06 00:00:00,0.0096861,0.0097071,0.0095601,0.0096069,7625677206.0
2025-07-06 04:00:00,0.009607,0.0097536,0.0095549,0.0097014,9269636762.0
2025-07-06 08:00:00,0.0097014,0.0098275,0.0096343,0.0098244,12269648078.0
2025-07-06 12:00:00,0.0098244,0.0101872,0.0097666,0.0100196,30976588425.0
2025-07-06 16:00:00,0.0100195,0.0100948,0.0098607,0.0099825,13801829528.0
2025-07-06 20:00:00,0.0099825,0.0103247,0.0099693,0.0100205,18434756786.0
2025-07-07 00:00:00,0.0100205,0.010272,0.0099721,0.0101687,12244746666.0
2025-07-07 04:00:00,0.0101686,0.0102096,0.00998,0.0101325,12132632503.0
2025-07-07 08:00:00,0.0101325,0.0101751,0.0099536,0.0099826,10528487081.0
2025-07-07 12:00:00,0.0099826,0.0100646,0.0098251,0.0099329,19520200140.0
2025-07-07 16:00:00,0.0099329,0.0101317,0.0098399,0.0099854,17199036712.0
2025-07-07 20:00:00,0.0099849,0.0099849,0.0097033,0.0099023,14419666981.0
2025-07-08 00:00:00,0.0099025,0.009996,0.009752,0.0098161,11913634583.0
2025-07-08 04:00:00,0.0098161,0.0099465,0.0097073,0.0099292,10795446035.0
2025-07-08 08:00:00,0.0099292,0.0100857,0.0098636,0.0099962,11185621588.0
2025-07-08 12:00:00,0.0099963,0.0101518,0.0099196,0.0099754,15525773971.0
2025-07-08 16:00:00,0.0099755,0.010293,0.0099094,0.0102193,18288039623.0
2025-07-08 20:00:00,0.0102193,0.010229,0.0101119,0.0101929,7728338677.0
2025-07-09 00:00:00,0.0101931,0.0102057,0.0100069,0.0100465,11706143349.0
2025-07-09 04:00:00,0.0100464,0.0102675,0.010016,0.010206,11490890624.0
2025-07-09 08:00:00,0.0102061,0.0103093,0.01017,0.010225,10351441422.0
2025-07-09 12:00:00,0.010225,0.0105342,0.0101523,0.0102493,27421108309.0
2025-07-09 16:00:00,0.0102494,0.0110095,0.0102432,0.0108711,29467846636.0
2025-07-09 20:00:00,0.0108711,0.0113477,0.0107174,0.0110531,35693432855.0
2025-07-10 00:00:00,0.0110531,0.0111387,0.0108914,0.0110653,15234441988.0
2025-07-10 04:00:00,0.0110653,0.0111872,0.0109319,0.0110459,14506593238.0
2025-07-10 08:00:00,0.0110458,0.0112242,0.0110005,0.0111406,12526252977.0
2025-07-10 12:00:00,0.0111406,0.0112186,0.0109764,0.0110233,21314704963.0
2025-07-10 16:00:00,0.0110235,0.0117499,0.0110072,0.0115754,44195300732.0
2025-07-10 20:00:00,0.0115754,0.012547,0.0115713,0.0124082,40707259845.0
2025-07-11 00:00:00,0.0124081,0.0129745,0.0120872,0.0127751,30545606382.0
2025-07-11 04:00:00,0.0127746,0.0131,0.0124741,0.0126032,32875399878.0
2025-07-11 08:00:00,0.0126032,0.0128888,0.0126005,0.0127655,20434422561.0
2025-07-11 12:00:00,0.0127656,0.0129887,0.012432,0.0125187,34677075364.0
2025-07-11 16:00:00,0.012519,0.0132875,0.0124015,0.013021,33710352713.0
2025-07-11 20:00:00,0.013021,0.0130323,0.0120274,0.0123651,28814333648.0
2025-07-12 00:00:00,0.0123651,0.0125725,0.0121107,0.0125339,15645011008.0
2025-07-12 04:00:00,0.0125338,0.01255,0.0121521,0.01247,15562134993.0
2025-07-12 08:00:00,0.0124699,0.0125457,0.0123851,0.0124276,9536420366.0
2025-07-12 12:00:00,0.0124276,0.0124649,0.0118366,0.0119658,30108309628.0
2025-07-12 16:00:00,0.0119663,0.0123087,0.0118888,0.0122806,12997381237.0
2025-07-12 20:00:00,0.0122804,0.012286,0.0120288,0.0122435,8192721081.0
2025-07-13 00:00:00,0.0122435,0.0124349,0.0121562,0.0123107,11662835876.0
2025-07-13 04:00:00,0.0123116,0.0124259,0.0122061,0.0122858,9556223923.0
2025-07-13 08:00:00,0.0122859,0.0124088,0.0120764,0.0123968,11214855264.0
2025-07-13 12:00:00,0.0123967,0.0126465,0.0122813,0.0123508,23776343761.0
2025-07-13 16:00:00,0.0123509,0.0126985,0.0121369,0.0124707,17689652494.0
2025-07-13 20:00:00,0.0124703,0.0125753,0.0120868,0.0122934,16387348154.0
2025-07-14 00:00:00,0.0122934,0.0130476,0.0122214,0.0129176,23614822350.0
2025-07-14 04:00:00,0.0129182,0.0133698,0.0126818,0.0128631,30498497699.0
2025-07-14 08:00:00,0.0128633,0.0128778,0.0124178,0.0125417,21977168949.0
2025-07-14 12:00:00,0.0125418,0.0126829,0.0121,0.0122293,24804712252.0
2025-07-14 16:00:00,0.0122293,0.0124134,0.0121226,0.0121935,15560294351.0
2025-07-14 20:00:00,0.0121938,0.0122595,0.0120107,0.0122177,13656301451.0
2025-07-15 00:00:00,0.012218,0.0122905,0.0116536,0.0118006,26997216260.0
2025-07-15 04:00:00,0.0118005,0.0122303,0.011682,0.0120285,16834740721.0
2025-07-15 08:00:00,0.0120285,0.0122204,0.0119,0.0122015,11554047739.0
2025-07-15 12:00:00,0.012202,0.012525,0.0119547,0.012354,36018967741.0
2025-07-15 16:00:00,0.0123539,0.0128964,0.0122488,0.0123044,28416796374.0
2025-07-15 20:00:00,0.0123041,0.012911,0.0122512,0.012857,13968228613.0
2025-07-16 00:00:00,0.0128568,0.0130765,0.0125879,0.0126617,17178333313.0
2025-07-16 04:00:00,0.0126618,0.01312,0.0124907,0.0130168,14964228036.0
2025-07-16 08:00:00,0.0130158,0.0130876,0.0128294,0.0129963,16265534979.0
2025-07-16 12:00:00,0.0129953,0.0135137,0.0129527,0.0132028,41140691439.0
2025-07-16 16:00:00,0.0132044,0.013896,0.0131241,0.0137921,29824275598.0
2025-07-16 20:00:00,0.0137918,0.01412,0.01339,0.0135453,28635457330.0
2025-07-17 00:00:00,0.0135469,0.0138491,0.0130514,0.0131697,25792182818.0
2025-07-17 04:00:00,0.0131695,0.013732,0.0131055,0.0135728,21709612945.0
2025-07-17 08:00:00,0.0135741,0.0138234,0.0134639,0.0136136,22780162915.0
2025-07-17 12:00:00,0.0136136,0.0138022,0.0132223,0.0135002,29586917785.0
2025-07-17 16:00:00,0.0134988,0.0135395,0.0129626,0.0130195,23601494106.0
2025-07-17 20:00:00,0.0130201,0.0136537,0.0128066,0.0133688,27949632722.0
2025-07-18 00:00:00,0.0133696,0.0139645,0.0131764,0.0137268,26649513442.0
2025-07-18 04:00:00,0.0137269,0.014337,0.0136319,0.0137856,30406529795.0
2025-07-18 08:00:00,0.0137852,0.0139473,0.01335,0.0134713,24141947992.0
2025-07-18 12:00:00,0.0134712,0.014,0.013104,0.0132951,37744648563.0
2025-07-18 16:00:00,0.0132962,0.013511,0.0130143,0.0131838,19232935650.0
2025-07-18 20:00:00,0.013183,0.0131965,0.0126666,0.0129888,23540463747.0
2025-07-19 00:00:00,0.0129888,0.013422,0.0126436,0.0133892,16462533334.0
2025-07-19 04:00:00,0.0133891,0.0135409,0.0131711,0.0132132,11831112832.0
2025-07-19 08:00:00,0.0132132,0.0132777,0.013004,0.0130298,12101631994.0
2025-07-19 12:00:00,0.0130299,0.0131415,0.0128424,0.0130471,13889118060.0
2025-07-19 16:00:00,0.0130472,0.0133574,0.0129503,0.0133257,11662990686.0
2025-07-19 20:00:00,0.0133257,0.0134996,0.0131318,0.0134296,9755856451.0
2025-07-20 00:00:00,0.0134296,0.0137693,0.0133187,0.0136464,15795484554.0
2025-07-20 04:00:00,0.0136463,0.0137879,0.0134475,0.0136904,11120627867.0
2025-07-20 08:00:00,0.0136905,0.0139869,0.0136721,0.0138694,16472364632.0
2025-07-20 12:00:00,0.0138694,0.0142245,0.0137666,0.014223,20336740749.0
2025-07-20 16:00:00,0.0142229,0.0146309,0.0140353,0.0143982,27326583994.0
2025-07-20 20:00:00,0.0143986,0.0144223,0.0137229,0.0140308,20049011484.0
2025-07-21 00:00:00,0.0140309,0.0143605,0.01371,0.0143277,19197215437.0
2025-07-21 04:00:00,0.0143279,0.0144999,0.014147,0.0143738,14005193073.0
2025-07-21 08:00:00,0.0143738,0.0145571,0.0140215,0.0141024,21906614722.0
2025-07-21 12:00:00,0.0141026,0.01445,0.0139379,0.0142111,26498384075.0
2025-07-21 16:00:00,0.0142109,0.0142286,0.0136437,0.0138153,26549268021.0
2025-07-21 20:00:00,0.0138153,0.0142635,0.0137505,0.0141033,12217378211.0
2025-07-22 00:00:00,0.0141033,0.0147612,0.0136582,0.0141338,37277282644.0
2025-07-22 04:00:00,0.0141337,0.0141999,0.0136042,0.0137293,22441148110.0
2025-07-22 08:00:00,0.0137292,0.01399,0.0134734,0.0139186,18542927381.0
2025-07-22 12:00:00,0.0139186,0.0139908,0.0135059,0.0137874,21818666284.0
2025-07-22 16:00:00,0.0137873,0.0139879,0.0135045,0.0135639,17500152287.0
2025-07-22 20:00:00,0.0135648,0.0141885,0.01351,0.0141721,12235775944.0
2025-07-23 00:00:00,0.0141721,0.0141871,0.0138344,0.0140473,12155457867.0
2025-07-23 04:00:00,0.0140473,0.0141794,0.0137599,0.0138084,11613000642.0
2025-07-23 08:00:00,0.0138086,0.0139663,0.013544,0.0136929,13404257904.0
2025-07-23 12:00:00,0.0136915,0.013737,0.0128016,0.0132447,34536468532.0
2025-07-23 16:00:00,0.0132447,0.0132447,0.0125,0.0127631,22927252914.0
2025-07-23 20:00:00,0.0127626,0.0128694,0.0121572,0.0127282,23364967418.0
2025-07-24 00:00:00,0.0127287,0.0129719,0.0126531,0.0128179,10710151085.0
2025-07-24 04:00:00,0.0128178,0.0128698,0.01185,0.0123565,29126226023.0
2025-07-24 08:00:00,0.0123564,0.0126739,0.0122552,0.0126227,16383705026.0
2025-07-24 12:00:00,0.0126225,0.0130358,0.012362,0.0128466,22153647063.0
2025-07-24 16:00:00,0.0128477,0.0128832,0.0124877,0.0126848,16932495481.0
2025-07-24 20:00:00,0.0126845,0.0128281,0.0123223,0.0123885,10878950554.0
2025-07-25 00:00:00,0.0123885,0.0123965,0.0117174,0.011912,26108716966.0
2025-07-25 04:00:00,0.0119117,0.0121697,0.0117651,0.0120259,18074955420.0
2025-07-25 08:00:00,0.0120261,0.01239,0.0119894,0.0122884,13708301152.0
2025-07-25 12:00:00,0.0122883,0.0124035,0.0117766,0.0119562,21542588125.0
2025-07-25 16:00:00,0.0119568,0.0122335,0.0118791,0.0121401,11228069229.0
2025-07-25 20:00:00,0.012142,0.0125675,0.0121318,0.012552,10787340030.0
2025-07-26 00:00:00,0.0125523,0.0126681,0.01244,0.0125661,8324248040.0
2025-07-26 04:00:00,0.012566,0.0126222,0.0125145,0.0125948,4293945653.0
2025-07-26 08:00:00,0.0125949,0.01274,0.0125584,0.0125941,7795235088.0
2025-07-26 12:00:00,0.0125941,0.0126986,0.0124692,0.0126144,8568163064.0
2025-07-26 16:00:00,0.0126138,0.0126979,0.0124666,0.0126774,7316300451.0
2025-07-26 20:00:00,0.0126775,0.0127771,0.0123301,0.0124087,9559034369.0
2025-07-27 00:00:00,0.0124086,0.0126758,0.0123736,0.0125898,7276049117.0
2025-07-27 04:00:00,0.0125898,0.0127036,0.0125357,0.0125622,5430649427.0
2025-07-27 08:00:00,0.0125622,0.0128007,0.0124176,0.0126087,10154153423.0
2025-07-27 12:00:00,0.0126087,0.0128021,0.0125233,0.0125867,9956486769.0
2025-07-27 16:00:00,0.0125868,0.0128539,0.0125847,0.012653,12570115911.0
2025-07-27 20:00:00,0.012653,0.012966,0.0125399,0.0127842,13311071365.0
2025-07-28 00:00:00,0.0127842,0.0130196,0.0125757,0.0129859,17157508752.0
2025-07-28 04:00:00,0.012986,0.013135,0.0128651,0.0129779,16424226779.0
2025-07-28 08:00:00,0.0129779,0.0130389,0.012772,0.0128843,8665071862.0
2025-07-28 12:00:00,0.0128846,0.0130112,0.0121842,0.0122902,24484975138.0
2025-07-28 16:00:00,0.0122901,0.012339,0.0119779,0.0120838,16725715043.0
2025-07-28 20:00:00,0.0120839,0.0121086,0.0118035,0.0119008,13052884607.0
2025-07-29 00:00:00,0.0119009,0.0120501,0.0116605,0.011909,16709600479.0
2025-07-29 04:00:00,0.0119089,0.0121345,0.0118,0.0120909,11886352350.0
2025-07-29 08:00:00,0.012091,0.0121206,0.01171,0.0117974,12534896675.0
2025-07-29 12:00:00,0.0117979,0.011958,0.0113868,0.0114737,26223952155.0
2025-07-29 16:00:00,0.0114735,0.0115918,0.0113019,0.0113921,14927354636.0
2025-07-29 20:00:00,0.0113919,0.0115461,0.0112411,0.0115213,13223454434.0
2025-07-30 00:00:00,0.0115213,0.0115928,0.0113206,0.011533,8627564061.0
2025-07-30 04:00:00,0.0115329,0.0116052,0.0114096,0.0114679,7688634224.0
2025-07-30 08:00:00,0.0114678,0.011573,0.0110729,0.0111597,16081670062.0
2025-07-30 12:00:00,0.0111588,0.0114913,0.0110408,0.0113864,18447421830.0
2025-07-30 16:00:00,0.0113864,0.0115523,0.0107,0.0112393,26880868321.0
2025-07-30 20:00:00,0.011239,0.0113652,0.0111164,0.0113369,9639029889.0
2025-07-31 00:00:00,0.0113369,0.0115357,0.0112894,0.0115181,7402079506.0
2025-07-31 04:00:00,0.011518,0.0116087,0.0114835,0.0115492,5665785168.0
2025-07-31 08:00:00,0.0115491,0.0116509,0.0114658,0.0115096,7038181198.0
2025-07-31 12:00:00,0.0115096,0.0115324,0.011,0.0112003,21183773697.0
2025-07-31 16:00:00,0.0112003,0.0114209,0.0109927,0.0110353,17268137907.0
2025-07-31 20:00:00,0.0110351,0.0110531,0.0106619,0.0107718,16328409274.0
2025-08-01 00:00:00,0.0107717,0.0108215,0.0104124,0.0107481,22106858289.0
2025-08-01 04:00:00,0.010748,0.010748,0.010471,0.010567,12370227141.0
2025-08-01 08:00:00,0.0105669,0.0106094,0.0103187,0.0105828,16726536307.0
2025-08-01 12:00:00,0.0105828,0.0106956,0.0102612,0.0106415,22227906755.0
2025-08-01 16:00:00,0.0106415,0.0107629,0.010368,0.0106876,20521745934.0
2025-08-01 20:00:00,0.0106864,0.0107173,0.0100381,0.010381,23831518612.0
2025-08-02 00:00:00,0.0103811,0.0105556,0.0103624,0.0105406,5669006861.0
2025-08-02 04:00:00,0.0105406,0.0106322,0.0103,0.0105968,12015182831.0
2025-08-02 08:00:00,0.0105968,0.0106094,0.0102732,0.0103852,11752230446.0
2025-08-02 12:00:00,0.0103852,0.0104346,0.010148,0.0101932,13364606738.0
2025-08-02 16:00:00,0.0101933,0.0102807,0.00986,0.0100232,22697820052.0
2025-08-02 20:00:00,0.0100236,0.0102085,0.0100183,0.0101264,10191361208.0
2025-08-03 00:00:00,0.0101265,0.0103368,0.0099903,0.0103113,8745824878.0
2025-08-03 04:00:00,0.0103114,0.0103843,0.0102775,0.010367,5753466570.0
2025-08-03 08:00:00,0.0103671,0.0105352,0.0103215,0.0104576,9869825176.0
2025-08-03 12:00:00,0.0104576,0.0105231,0.0103972,0.0104504,8757890414.0
2025-08-03 16:00:00,0.0104503,0.01055,0.0104045,0.0104672,6513392084.0
2025-08-03 20:00:00,0.0104672,0.0105311,0.0104007,0.0104508,5269057366.0
2025-08-04 00:00:00,0.0104508,0.0106862,0.0104421,0.0105208,10322086264.0
2025-08-04 04:00:00,0.0105207,0.0105601,0.0104057,0.0105138,7615578167.0
2025-08-04 08:00:00,0.0105138,0.0105798,0.0103342,0.0103915,8995095774.0
2025-08-04 12:00:00,0.0103916,0.01068,0.0103616,0.0105465,16944526896.0
2025-08-04 16:00:00,0.0105467,0.0108161,0.0104746,0.0105286,14617980392.0
2025-08-04 20:00:00,0.0105286,0.0108037,0.0105105,0.0107482,9461586901.0
2025-08-05 00:00:00,0.0107482,0.0107902,0.0104907,0.0105008,9462946004.0
2025-08-05 04:00:00,0.0105007,0.0106038,0.0102836,0.0103491,11596389367.0
2025-08-05 08:00:00,0.0103491,0.010687,0.0103147,0.0106656,10958337283.0
2025-08-05 12:00:00,0.0106656,0.0106775,0.0100348,0.0101062,26550744552.0
2025-08-05 16:00:00,0.0101062,0.0102129,0.0100245,0.0100719,9997120759.0
2025-08-05 20:00:00,0.010072,0.0102253,0.0099711,0.0101938,8561545104.0
2025-08-06 00:00:00,0.0101939,0.0101967,0.00997,0.0100086,7490375650.0
2025-08-06 04:00:00,0.0100084,0.0102855,0.0099551,0.0102697,10858499275.0
2025-08-06 08:00:00,0.0102697,0.0103614,0.0101695,0.0102774,8801321024.0
2025-08-06 12:00:00,0.0102774,0.0105869,0.0101857,0.0105491,14829108101.0
2025-08-06 16:00:00,0.0105496,0.0106039,0.010406,0.0105251,9666007675.0
2025-08-06 20:00:00,0.0105246,0.0105624,0.0104589,0.0105522,3862669794.0
2025-08-07 00:00:00,0.0105521,0.0106196,0.010462,0.0104793,6303244114.0
2025-08-07 04:00:00,0.0104793,0.0105923,0.010466,0.0105158,6282774602.0
2025-08-07 08:00:00,0.0105158,0.0109034,0.0104934,0.0108892,18822402870.0
2025-08-07 12:00:00,0.0108891,0.0109962,0.0107712,0.0108823,16895739363.0
2025-08-07 16:00:00,0.0108822,0.010965,0.01055,0.0109364,13772588439.0
2025-08-07 20:00:00,0.0109364,0.0111364,0.01091,0.0111122,9541874717.0
2025-08-08 00:00:00,0.0111122,0.0112356,0.0109763,0.0111054,16537407267.0
2025-08-08 04:00:00,0.0111054,0.0112928,0.0109542,0.0112582,9470096335.0
2025-08-08 08:00:00,0.0112582,0.0113956,0.01091,0.0111808,15385250895.0
2025-08-08 12:00:00,0.0111808,0.0114839,0.0110415,0.0112029,22542500382.0
2025-08-08 16:00:00,0.0112031,0.0119746,0.0111981,0.0119608,24141695612.0
2025-08-08 20:00:00,0.0119609,0.012018,0.0117646,0.0118189,8637228233.0
2025-08-09 00:00:00,0.0118189,0.0118411,0.0116303,0.0116542,6970200486.0
2025-08-09 04:00:00,0.0116541,0.0123768,0.0116382,0.0123019,22277155908.0
2025-08-09 08:00:00,0.0123019,0.0124581,0.01225,0.0123918,14324442352.0
2025-08-09 12:00:00,0.0123919,0.0126489,0.0121783,0.0123207,23695034248.0
2025-08-09 16:00:00,0.0123207,0.0124683,0.0122084,0.012427,10376186117.0
2025-08-09 20:00:00,0.0124269,0.0126194,0.0123387,0.0123993,9574039591.0
2025-08-10 00:00:00,0.0124001,0.012644,0.0123476,0.0126203,11469183084.0
2025-08-10 04:00:00,0.0126204,0.0126283,0.0119642,0.0120042,15711997569.0
2025-08-10 08:00:00,0.0120042,0.0121253,0.0118233,0.0119155,14137842686.0
2025-08-10 12:00:00,0.0119156,0.0120905,0.011788,0.0119686,10730881198.0
2025-08-10 16:00:00,0.0119685,0.0121748,0.0119506,0.0121217,6183356436.0
2025-08-10 20:00:00,0.0121216,0.0121499,0.011881,0.0120679,8755097454.0
2025-08-11 00:00:00,0.0120678,0.0123999,0.0119861,0.0123383,11641375740.0
2025-08-11 04:00:00,0.0123383,0.0124283,0.011953,0.0119786,9906815393.0
2025-08-11 08:00:00,0.0119785,0.0121467,0.0115437,0.0115991,18773854090.0
2025-08-11 12:00:00,0.011599,0.01176,0.0114431,0.0117218,20154524843.0
2025-08-11 16:00:00,0.0117219,0.0118685,0.0113527,0.0114241,16108625724.0
2025-08-11 20:00:00,0.011424,0.0114685,0.0111229,0.0112214,10884706920.0
2025-08-12 00:00:00,0.0112215,0.0113796,0.0111863,0.0112185,7271977369.0
2025-08-12 04:00:00,0.0112184,0.0113594,0.011107,0.01133,9000069388.0
2025-08-12 08:00:00,0.01133,0.0113713,0.0110646,0.0112412,9205869510.0
2025-08-12 12:00:00,0.0112412,0.0120274,0.0111746,0.0119584,35724079257.0
2025-08-12 16:00:00,0.0119585,0.0121936,0.01185,0.0121563,18929646599.0
2025-08-12 20:00:00,0.0121566,0.012358,0.0120539,0.0121396,12978381224.0
2025-08-13 00:00:00,0.01214,0.0124115,0.0120363,0.0123043,16717523280.0
2025-08-13 04:00:00,0.0123043,0.01246,0.01198,0.0121775,16565005413.0
2025-08-13 08:00:00,0.0121775,0.012514,0.0121657,0.012315,18905328868.0
2025-08-13 12:00:00,0.0123151,0.0124522,0.01195,0.0121298,25286010489.0
2025-08-13 16:00:00,0.0121305,0.0122798,0.0120131,0.0122302,12543396943.0
2025-08-13 20:00:00,0.0122302,0.0124388,0.0121175,0.0122554,10721570989.0
2025-08-14 00:00:00,0.0122555,0.0126983,0.0120778,0.0125419,20587688693.0
2025-08-14 04:00:00,0.0125411,0.0125553,0.0119566,0.0120999,20810757919.0
2025-08-14 08:00:00,0.0121003,0.012103,0.0117288,0.0118202,16998078207.0
2025-08-14 12:00:00,0.0118201,0.0118746,0.0109578,0.011201,48150902689.0
2025-08-14 16:00:00,0.0112024,0.0112024,0.010915,0.0110356,14964441648.0
2025-08-14 20:00:00,0.0110362,0.0110921,0.010806,0.0110419,11123068895.0
2025-08-15 00:00:00,0.0110419,0.0111863,0.0109706,0.0111475,9546748594.0
2025-08-15 04:00:00,0.0111476,0.0112725,0.011085,0.0111481,9564249429.0
2025-08-15 08:00:00,0.0111481,0.0111963,0.0110103,0.0111135,7659521401.0
2025-08-15 12:00:00,0.0111135,0.011233,0.0105786,0.0106696,27637641564.0
2025-08-15 16:00:00,0.0106697,0.0108138,0.0105139,0.0106314,17300806828.0
2025-08-15 20:00:00,0.0106318,0.0109328,0.0105955,0.0108007,8319184552.0
2025-08-16 00:00:00,0.0108006,0.0109526,0.010781,0.0108581,6245273857.0
2025-08-16 04:00:00,0.0108581,0.0109223,0.0107772,0.0108471,6065282149.0
2025-08-16 08:00:00,0.0108472,0.0109368,0.0107858,0.0108336,8716279884.0
2025-08-16 12:00:00,0.0108336,0.0110505,0.0108106,0.011007,10929874488.0
2025-08-16 16:00:00,0.011007,0.011093,0.0109552,0.0109608,4900544787.0
2025-08-16 20:00:00,0.0109609,0.011108,0.0109548,0.0110811,4983441194.0
2025-08-17 00:00:00,0.0110811,0.0111655,0.0109832,0.0111505,6810033585.0
2025-08-17 04:00:00,0.0111505,0.0112718,0.0111451,0.0112545,6205616475.0
2025-08-17 08:00:00,0.0112545,0.01134,0.0111666,0.0112341,7919858719.0
2025-08-17 12:00:00,0.011234,0.0114588,0.0111902,0.0114582,8182555328.0
2025-08-17 16:00:00,0.0114583,0.0115429,0.0110427,0.0111249,15191790411.0
2025-08-17 20:00:00,0.0111248,0.0113027,0.0111012,0.0111143,5726925225.0
2025-08-18 00:00:00,0.0111142,0.0111349,0.010604,0.0107407,17709897683.0
2025-08-18 04:00:00,0.0107407,0.0108396,0.0105875,0.0106532,9569497357.0
2025-08-18 08:00:00,0.0106527,0.0107539,0.01055,0.0107002,9571831733.0
2025-08-18 12:00:00,0.0107001,0.0108052,0.0106072,0.0107668,11625794696.0
2025-08-18 16:00:00,0.0107673,0.0108629,0.0106245,0.010749,9049609738.0
2025-08-18 20:00:00,0.0107489,0.0108708,0.0106475,0.0106815,6276487033.0
2025-08-19 00:00:00,0.0106814,0.0108484,0.0104006,0.010464,13109773179.0
2025-08-19 04:00:00,0.0104639,0.01058,0.010357,0.0105032,9233812056.0
2025-08-19 08:00:00,0.0105031,0.010789,0.01042,0.0107682,8927867984.0
2025-08-19 12:00:00,0.0107684,0.0108473,0.0103679,0.0104222,19235707855.0
2025-08-19 16:00:00,0.0104219,0.0104483,0.0101543,0.0102814,14955277843.0
2025-08-19 20:00:00,0.0102813,0.0103845,0.0101666,0.0101991,7663509361.0
2025-08-20 00:00:00,0.010199,0.0104214,0.0101252,0.010331,10302917500.0
2025-08-20 04:00:00,0.010331,0.0104265,0.0103269,0.0103395,5732640594.0
2025-08-20 08:00:00,0.0103396,0.0104429,0.0102282,0.0103554,8204007126.0
2025-08-20 12:00:00,0.0103555,0.0105268,0.0100196,0.010399,24683139707.0
2025-08-20 16:00:00,0.0103989,0.010711,0.010396,0.0107016,14063203652.0
2025-08-20 20:00:00,0.0107016,0.0107217,0.01061,0.0106659,5660230658.0
2025-08-21 00:00:00,0.0106658,0.0107591,0.0105335,0.0106289,7963739817.0
2025-08-21 04:00:00,0.0106288,0.0107,0.0104938,0.0105904,6591674000.0
2025-08-21 08:00:00,0.0105906,0.0106084,0.0103837,0.010418,7679086235.0
2025-08-21 12:00:00,0.0104179,0.0105112,0.010192,0.0102384,16515259623.0
2025-08-21 16:00:00,0.0102385,0.0104574,0.0102072,0.0103133,9601148683.0
2025-08-21 20:00:00,0.0103132,0.0104348,0.0102568,0.0103964,5458490156.0
2025-08-22 00:00:00,0.0103958,0.010526,0.0103061,0.0103427,9130980469.0
2025-08-22 04:00:00,0.0103426,0.0105036,0.0103394,0.0104342,8441866730.0
2025-08-22 08:00:00,0.0104342,0.0104643,0.0101318,0.0101378,9571282123.0
2025-08-22 12:00:00,0.010138,0.0109752,0.0098085,0.0108841,57716346996.0
2025-08-22 16:00:00,0.0108841,0.01142,0.0108829,0.0113585,29839181447.0
2025-08-22 20:00:00,0.0113585,0.011727,0.011352,0.0115868,13339073036.0
2025-08-23 00:00:00,0.0115867,0.0115965,0.0109863,0.0111074,16887939476.0
2025-08-23 04:00:00,0.0111074,0.0116286,0.0111004,0.011435,13915372648.0
2025-08-23 08:00:00,0.0114349,0.0115549,0.0112302,0.0112681,9947802905.0
2025-08-23 12:00:00,0.0112684,0.0113822,0.0111886,0.0112943,10675849630.0
2025-08-23 16:00:00,0.0112943,0.0113208,0.0112138,0.0113061,5318768843.0
2025-08-23 20:00:00,0.0113061,0.0113172,0.0112094,0.011256,3728156247.0
2025-08-24 00:00:00,0.011256,0.0113732,0.0111453,0.0112218,8905186734.0
2025-08-24 04:00:00,0.0112217,0.0112595,0.0109487,0.0109587,9046751851.0
2025-08-24 08:00:00,0.0109587,0.0110133,0.0106805,0.010748,12654486614.0
2025-08-24 12:00:00,0.010748,0.010953,0.010716,0.0107976,11553948334.0
2025-08-24 16:00:00,0.0107976,0.0114835,0.0107142,0.011007,35584337441.0
2025-08-24 20:00:00,0.0110067,0.0110191,0.0106599,0.0108303,17548703770.0
2025-08-25 00:00:00,0.0108304,0.011078,0.0105,0.0108943,15537927310.0
2025-08-25 04:00:00,0.0108944,0.0109227,0.0102567,0.0103057,19101618010.0
2025-08-25 08:00:00,0.0103057,0.0103794,0.01008,0.0102246,18160673744.0
2025-08-25 12:00:00,0.0102245,0.0102974,0.010101,0.010128,16324604256.0
2025-08-25 16:00:00,0.0101281,0.0102393,0.00987,0.0098964,17965044841.0
2025-08-25 20:00:00,0.0098964,0.009935,0.009565,0.009749,30659719833.0
2025-08-26 00:00:00,0.0097491,0.0099316,0.0096624,0.0097773,14386688832.0
2025-08-26 04:00:00,0.0097775,0.0099869,0.0097407,0.009932,9851148695.0
2025-08-26 08:00:00,0.009932,0.0100846,0.00986,0.0099726,10567201030.0
2025-08-26 12:00:00,0.0099726,0.0101207,0.0098423,0.0099473,21425576057.0
2025-08-26 16:00:00,0.0099473,0.0101599,0.0099313,0.0101431,10137794356.0
2025-08-26 20:00:00,0.0101422,0.01019,0.010071,0.0100854,9281821649.0
2025-08-27 00:00:00,0.0100853,0.0102521,0.0099681,0.0102011,10009390546.0
2025-08-27 04:00:00,0.0102012,0.0103,0.0100826,0.0101292,9327294155.0
2025-08-27 08:00:00,0.0101293,0.0102495,0.0100573,0.0101686,8790181324.0
2025-08-27 12:00:00,0.0101685,0.0102279,0.0100304,0.0101604,15551026559.0
2025-08-27 16:00:00,0.0101606,0.0101975,0.009947,0.0100604,11524652109.0
2025-08-27 20:00:00,0.0100603,0.0102076,0.0099456,0.0100251,15692898077.0
2025-08-28 00:00:00,0.0100251,0.0101599,0.0099567,0.0101219,7811125515.0
2025-08-28 04:00:00,0.0101219,0.0102234,0.0101009,0.010163,6005811869.0
2025-08-28 08:00:00,0.0101628,0.0102709,0.0100843,0.0101994,7826236148.0
2025-08-28 12:00:00,0.0101994,0.010236,0.0100594,0.0100895,11811289530.0
2025-08-28 16:00:00,0.0100895,0.010169,0.0099157,0.0099454,11838281632.0
2025-08-28 20:00:00,0.0099457,0.0102405,0.0099281,0.0102131,6784989711.0
2025-08-29 00:00:00,0.0102137,0.0102598,0.0100906,0.0101844,8569505897.0
2025-08-29 04:00:00,0.0101844,0.0102189,0.0098171,0.0098412,11586383296.0
2025-08-29 08:00:00,0.0098414,0.0098742,0.0096441,0.0098172,11430715227.0
2025-08-29 12:00:00,0.0098172,0.0100646,0.00959,0.0096591,23045113834.0
2025-08-29 16:00:00,0.0096591,0.0097069,0.0094818,0.0096594,14109267249.0
2025-08-29 20:00:00,0.0096592,0.0097897,0.0095621,0.0097737,7822647786.0
2025-08-30 00:00:00,0.0097736,0.0100524,0.0096802,0.0100301,9525352659.0
2025-08-30 04:00:00,0.01003,0.0100499,0.0099273,0.0100035,5200412121.0
2025-08-30 08:00:00,0.0100041,0.0100116,0.0098935,0.009929,4433312379.0
2025-08-30 12:00:00,0.0099291,0.0099391,0.0097723,0.0098547,7912602278.0
2025-08-30 16:00:00,0.0098548,0.0098549,0.0097875,0.0098326,4674706875.0
2025-08-30 20:00:00,0.0098326,0.0098555,0.0097594,0.0098317,3901217095.0
2025-08-31 00:00:00,0.0098316,0.0100097,0.0098278,0.009995,7299888738.0
2025-08-31 04:00:00,0.0099949,0.01,0.0099005,0.0099411,4184513334.0
2025-08-31 08:00:00,0.0099411,0.0099872,0.0098587,0.0099157,5262118581.0
2025-08-31 12:00:00,0.0099157,0.0099236,0.0097546,0.0098619,8414509100.0
2025-08-31 16:00:00,0.009862,0.009882,0.0097719,0.0097915,5044744936.0
2025-08-31 20:00:00,0.0097916,0.009869,0.0096272,0.0096434,7255184849.0
2025-09-01 00:00:00,0.0096434,0.009676,0.0093942,0.0094784,14782550732.0
2025-09-01 04:00:00,0.0094783,0.0097315,0.0093659,0.0097271,11512073544.0
2025-09-01 08:00:00,0.0097271,0.0099499,0.0096737,0.0096986,19278826648.0
2025-09-01 12:00:00,0.0096985,0.0097741,0.00952,0.009555,11308809042.0
2025-09-01 16:00:00,0.0095549,0.0095888,0.0094225,0.009583,8702452893.0
2025-09-01 20:00:00,0.0095831,0.009587,0.0091371,0.0094565,23668038004.0
2025-09-02 00:00:00,0.0094565,0.0096496,0.009339,0.0096307,11171164636.0
2025-09-02 04:00:00,0.0096307,0.0097285,0.0095881,0.0096301,8119362305.0
2025-09-02 08:00:00,0.0096301,0.0097201,0.0096051,0.0096196,6123275182.0
2025-09-02 12:00:00,0.0096195,0.0097983,0.0093816,0.0095276,23106255747.0
2025-09-02 16:00:00,0.0095265,0.0097371,0.0095254,0.0096475,10106287217.0
2025-09-02 20:00:00,0.0096474,0.0098179,0.0096213,0.0097902,6857177019.0
2025-09-03 00:00:00,0.0097901,0.0098618,0.0096834,0.0098212,7910694913.0
2025-09-03 04:00:00,0.0098212,0.0098353,0.0097053,0.0097961,5343254216.0
2025-09-03 08:00:00,0.009796,0.0098502,0.0097426,0.0097719,5634508110.0
2025-09-03 12:00:00,0.0097719,0.0099777,0.0097222,0.0099013,12206052640.0
2025-09-03 16:00:00,0.0099014,0.00994,0.009819,0.0099356,5679289919.0
2025-09-03 20:00:00,0.009936,0.0100338,0.0098648,0.0098742,6034732345.0
2025-09-04 00:00:00,0.0098742,0.0099687,0.0097237,0.0097307,7522278070.0
2025-09-04 04:00:00,0.0097307,0.009753,0.009561,0.0096031,9031365801.0
2025-09-04 08:00:00,0.0096031,0.0096428,0.0095624,0.0095856,6087793268.0
2025-09-04 12:00:00,0.0095857,0.0096474,0.0094064,0.0094627,13626443220.0
2025-09-04 16:00:00,0.0094626,0.0095015,0.0093592,0.0093872,7936506360.0
2025-09-04 20:00:00,0.0093875,0.0095707,0.0093795,0.0094432,6599513586.0
2025-09-05 00:00:00,0.0094431,0.0095389,0.009408,0.0095227,5412165406.0
2025-09-05 04:00:00,0.0095228,0.0097129,0.0094982,0.0097005,6731347841.0
2025-09-05 08:00:00,0.0097006,0.0097066,0.0095752,0.0096657,6876975196.0
2025-09-05 12:00:00,0.0096658,0.0099025,0.00949,0.0096056,29057576495.0
2025-09-05 16:00:00,0.0096055,0.0097145,0.0095841,0.0097127,7503330830.0
2025-09-05 20:00:00,0.0097127,0.0098275,0.0096545,0.0097514,7633492898.0
2025-09-06 00:00:00,0.0097514,0.0098097,0.0097052,0.0097614,3844699348.0
2025-09-06 04:00:00,0.0097614,0.0097614,0.009646,0.0096732,3380779818.0
2025-09-06 08:00:00,0.0096733,0.009698,0.00957,0.0096257,4651239473.0
2025-09-06 12:00:00,0.0096257,0.0096885,0.0095895,0.0095952,5047640462.0
2025-09-06 16:00:00,0.0095953,0.009669,0.0095379,0.009556,5596283175.0
2025-09-06 20:00:00,0.009556,0.0096838,0.0095501,0.0096361,3997993119.0
2025-09-07 00:00:00,0.0096364,0.009766,0.0096284,0.0097134,4437567265.0
2025-09-07 04:00:00,0.0097135,0.0098213,0.0097067,0.0097424,5068401972.0
2025-09-07 08:00:00,0.0097424,0.0098793,0.0097225,0.0098753,6300881362.0
2025-09-07 12:00:00,0.0098752,0.009945,0.0098332,0.0098992,6542843832.0
2025-09-07 16:00:00,0.0098993,0.0099237,0.0097567,0.0098216,5667736924.0
2025-09-07 20:00:00,0.0098217,0.0099496,0.0097839,0.0098811,5081930055.0
2025-09-08 00:00:00,0.0098811,0.0101077,0.0098153,0.0099928,8789632912.0
2025-09-08 04:00:00,0.0099928,0.010085,0.0099161,0.010026,7474457007.0
2025-09-08 08:00:00,0.010026,0.0103,0.0100213,0.0101279,11353173140.0
2025-09-08 12:00:00,0.010128,0.0103632,0.010054,0.0103159,16595587627.0
2025-09-08 16:00:00,0.0103157,0.0103585,0.010161,0.0102013,7611547171.0
2025-09-08 20:00:00,0.0102014,0.0103492,0.0101234,0.0103068,5351988588.0
2025-09-09 00:00:00,0.0103068,0.0104321,0.0101557,0.010341,9833481733.0
2025-09-09 04:00:00,0.0103411,0.010662,0.0102669,0.010594,13365199955.0
2025-09-09 08:00:00,0.0105939,0.0108367,0.010578,0.0106651,11154034871.0
2025-09-09 12:00:00,0.0106651,0.0108289,0.0101408,0.0102028,23663185780.0
2025-09-09 16:00:00,0.0102028,0.0102985,0.010165,0.0102446,7651349643.0
2025-09-09 20:00:00,0.0102448,0.0103468,0.0102179,0.0103114,4900405384.0
2025-09-10 00:00:00,0.0103114,0.0105249,0.0102132,0.0105009,9136049963.0
2025-09-10 04:00:00,0.010501,0.0105309,0.0103421,0.0104585,5864935731.0
2025-09-10 08:00:00,0.0104585,0.0105065,0.0103284,0.0103853,4962587812.0
2025-09-10 12:00:00,0.0103853,0.010678,0.0103806,0.010548,12166047467.0
2025-09-10 16:00:00,0.0105481,0.0105997,0.0103154,0.0103803,9384158102.0
2025-09-10 20:00:00,0.0103802,0.0105461,0.010365,0.0105262,4662766412.0
2025-09-11 00:00:00,0.0105261,0.0106522,0.010486,0.0106425,4751034358.0
2025-09-11 04:00:00,0.0106427,0.010664,0.0105463,0.0106259,5485019657.0
2025-09-11 08:00:00,0.010626,0.0106486,0.0105262,0.010532,4559372289.0
2025-09-11 12:00:00,0.0105319,0.0107088,0.0103456,0.0104097,14768581616.0
2025-09-11 16:00:00,0.0104097,0.0105883,0.0104036,0.0105757,5771769936.0
2025-09-11 20:00:00,0.0105759,0.010696,0.0105329,0.0106907,6092902517.0
2025-09-12 00:00:00,0.0106907,0.0108085,0.0105801,0.0106355,9488558421.0
2025-09-12 04:00:00,0.0106349,0.0107272,0.0105856,0.010653,6455369071.0
2025-09-12 08:00:00,0.010653,0.0106617,0.0104545,0.0104678,6850379548.0
2025-09-12 12:00:00,0.0104678,0.0105839,0.0103917,0.0105289,9679113258.0
2025-09-12 16:00:00,0.0105289,0.0116068,0.0104942,0.0115236,37130798776.0
2025-09-12 20:00:00,0.0115233,0.0116677,0.0112162,0.0115403,20333044671.0
2025-09-13 00:00:00,0.0115403,0.0121891,0.0114633,0.0120147,29882951406.0
2025-09-13 04:00:00,0.0120146,0.0123299,0.0119302,0.0121514,21314601326.0
2025-09-13 08:00:00,0.0121513,0.0124976,0.012133,0.0123712,25963204585.0
2025-09-13 12:00:00,0.0123712,0.0127163,0.0119454,0.0120752,34339510407.0
2025-09-13 16:00:00,0.0120752,0.0121916,0.0116697,0.011869,20386402430.0
2025-09-13 20:00:00,0.011869,0.012027,0.011856,0.0119136,7226842089.0
2025-09-14 00:00:00,0.0119137,0.0119783,0.0116454,0.0117211,13807071165.0
2025-09-14 04:00:00,0.0117211,0.0117846,0.0115636,0.0116721,9238500113.0
2025-09-14 08:00:00,0.0116721,0.0117887,0.0114341,0.0114775,11303743074.0
2025-09-14 12:00:00,0.0114775,0.0115715,0.0111322,0.0111733,16405571715.0
2025-09-14 16:00:00,0.0111733,0.0118043,0.0111467,0.0115265,18013078193.0
2025-09-14 20:00:00,0.0115264,0.0116782,0.0114703,0.0115486,7437281033.0
2025-09-15 00:00:00,0.0115486,0.0116729,0.011425,0.0115703,9626433513.0
2025-09-15 04:00:00,0.0115704,0.0116361,0.010928,0.0110094,20612931450.0
2025-09-15 08:00:00,0.0110094,0.0110119,0.0107186,0.0108282,21109576151.0
2025-09-15 12:00:00,0.0108281,0.0108495,0.0105664,0.0106641,15353184994.0
2025-09-15 16:00:00,0.0106643,0.0107175,0.0105517,0.0106753,8264932706.0
2025-09-15 20:00:00,0.010675,0.0107905,0.0106528,0.0107697,5378492149.0
2025-09-16 00:00:00,0.0107697,0.0108444,0.01071,0.0107307,5118459651.0
2025-09-16 04:00:00,0.0107306,0.0108051,0.0105871,0.0107682,7080967763.0
2025-09-16 08:00:00,0.0107685,0.0108621,0.0107211,0.0107618,6789703033.0
2025-09-16 12:00:00,0.0107621,0.0109038,0.0106417,0.010893,12693335560.0
2025-09-16 16:00:00,0.010893,0.0110188,0.0108005,0.0109702,11083353098.0
2025-09-16 20:00:00,0.0109699,0.0110888,0.0109264,0.0110719,5751884416.0
2025-09-17 00:00:00,0.011072,0.0111848,0.0110156,0.0110394,9729860436.0
2025-09-17 04:00:00,0.0110394,0.0110663,0.0108255,0.0109195,10742619256.0
2025-09-17 08:00:00,0.0109195,0.010935,0.0107301,0.0108927,8729086042.0
2025-09-17 12:00:00,0.0108928,0.0109468,0.0108056,0.0108395,7265733213.0
2025-09-17 16:00:00,0.0108394,0.0112164,0.0107123,0.0111582,22989984730.0
2025-09-17 20:00:00,0.011158,0.0114999,0.0109205,0.0114055,18216287257.0
2025-09-18 00:00:00,0.0114062,0.0116443,0.0113111,0.0116349,11502853622.0
2025-09-18 04:00:00,0.011635,0.0116484,0.0113013,0.0113728,10962367673.0
2025-09-18 08:00:00,0.0113728,0.0114658,0.0112501,0.0112845,6981772292.0
2025-09-18 12:00:00,0.0112844,0.0115579,0.011209,0.0115288,11978749393.0
2025-09-18 16:00:00,0.0115288,0.011637,0.011325,0.0114423,14024474175.0
2025-09-18 20:00:00,0.0114417,0.0115094,0.0112919,0.0114421,6558310275.0
2025-09-19 00:00:00,0.0114421,0.0114932,0.0111106,0.0111399,10540308656.0
2025-09-19 04:00:00,0.0111394,0.0111748,0.0109798,0.0110294,9552684411.0
2025-09-19 08:00:00,0.0110296,0.0111001,0.0108858,0.010931,8264914964.0
2025-09-19 12:00:00,0.010931,0.0109772,0.0107191,0.0108297,12771458515.0
2025-09-19 16:00:00,0.0108292,0.0109079,0.01071,0.0107723,6613127785.0
2025-09-19 20:00:00,0.0107723,0.0108776,0.0106597,0.0107502,7218976076.0
2025-09-20 00:00:00,0.0107503,0.010808,0.01065,0.0107349,4914106025.0
2025-09-20 04:00:00,0.0107348,0.0108439,0.0107149,0.0107906,4431332025.0
2025-09-20 08:00:00,0.0107905,0.0107912,0.0105354,0.0106275,7377447830.0
2025-09-20 12:00:00,0.0106274,0.0108284,0.0105979,0.0107893,6757127781.0
2025-09-20 16:00:00,0.0107893,0.0108234,0.0106063,0.0106523,5699330893.0
2025-09-20 20:00:00,0.0106523,0.0107552,0.0106411,0.010714,2877810813.0
2025-09-21 00:00:00,0.0107139,0.0107683,0.0106555,0.0107263,3245977752.0
2025-09-21 04:00:00,0.0107262,0.0107815,0.0106849,0.0107043,3415376886.0
2025-09-21 08:00:00,0.0107044,0.0107218,0.0104045,0.0105521,9814891638.0
2025-09-21 12:00:00,0.0105522,0.0106449,0.0105221,0.0105469,5521011339.0
2025-09-21 16:00:00,0.0105469,0.0105849,0.0104374,0.0105306,6683599405.0
2025-09-21 20:00:00,0.0105307,0.0105488,0.010382,0.0104061,5506140222.0
2025-09-22 00:00:00,0.0104061,0.0104736,0.009944,0.0100809,24771380482.0
2025-09-22 04:00:00,0.0100809,0.0101275,0.00925,0.0096727,26329175047.0
2025-09-22 08:00:00,0.0096729,0.0097953,0.0096002,0.0097125,10944449429.0
2025-09-22 12:00:00,0.0097124,0.0097796,0.0095384,0.0095992,13249938511.0
2025-09-22 16:00:00,0.0095992,0.0096459,0.0094659,0.0094917,9293809442.0
2025-09-22 20:00:00,0.0094921,0.0096765,0.0094806,0.0096583,5735185818.0
2025-09-23 00:00:00,0.0096582,0.0096938,0.0094124,0.0096014,9684690693.0
2025-09-23 04:00:00,0.0096013,0.0097258,0.0095013,0.0096569,8725002285.0
2025-09-23 08:00:00,0.0096569,0.0097586,0.0096308,0.009714,6830697719.0
2025-09-23 12:00:00,0.009714,0.0097995,0.009631,0.0096941,8515950525.0
2025-09-23 16:00:00,0.009694,0.0098369,0.0095475,0.0095868,9414281728.0
2025-09-23 20:00:00,0.0095861,0.0096869,0.0095381,0.0095674,4915374102.0
2025-09-24 00:00:00,0.0095674,0.0096955,0.0093849,0.0094652,9963155474.0
2025-09-24 04:00:00,0.009465,0.0096718,0.0093193,0.009654,10116218369.0
2025-09-24 08:00:00,0.009654,0.0097646,0.0096218,0.0096991,6073889455.0
2025-09-24 12:00:00,0.009699,0.0098463,0.0096505,0.0096948,8351699066.0
2025-09-24 16:00:00,0.0096949,0.0097338,0.0096074,0.0096644,5023562639.0
2025-09-24 20:00:00,0.0096645,0.0096832,0.0095672,0.0096343,4141535357.0
2025-09-25 00:00:00,0.0096343,0.0096626,0.0094253,0.0095382,11434272008.0
2025-09-25 04:00:00,0.009538,0.0095903,0.0093672,0.0094255,11303805128.0
2025-09-25 08:00:00,0.0094254,0.0095008,0.0093071,0.0093654,9873694927.0
2025-09-25 12:00:00,0.0093654,0.0095662,0.0091616,0.0093812,26592599828.0
2025-09-25 16:00:00,0.0093811,0.0094155,0.008857,0.0091082,37189763845.0
2025-09-25 20:00:00,0.0091083,0.0091588,0.0089541,0.0090678,9521669657.0
2025-09-26 00:00:00,0.0090677,0.0092472,0.0090558,0.0092321,8039414700.0
2025-09-26 04:00:00,0.0092321,0.00925,0.0090974,0.009179,7439678176.0
2025-09-26 08:00:00,0.009179,0.0092288,0.009038,0.0091359,7207485370.0
2025-09-26 12:00:00,0.0091359,0.0093279,0.0090301,0.0092398,12541960773.0
2025-09-26 16:00:00,0.0092397,0.009456,0.0092313,0.0093622,9437443997.0
2025-09-26 20:00:00,0.0093622,0.009409,0.0093305,0.0093737,3398973210.0
2025-09-27 00:00:00,0.0093736,0.0094386,0.0093229,0.0094027,3043661214.0
2025-09-27 04:00:00,0.0094027,0.0094264,0.0093231,0.0093303,3168452201.0
2025-09-27 08:00:00,0.0093302,0.0093321,0.0092035,0.0092998,5258841388.0
2025-09-27 12:00:00,0.0092999,0.009362,0.009218,0.0093288,4385199103.0
2025-09-27 16:00:00,0.0093289,0.0093376,0.0092126,0.0092385,3674774635.0
2025-09-27 20:00:00,0.0092385,0.0093317,0.0092064,0.0092371,3016797741.0
2025-09-28 00:00:00,0.009237,0.0092464,0.0091085,0.0091518,4982942354.0
2025-09-28 04:00:00,0.0091518,0.009186,0.0090804,0.0091697,3914880015.0
2025-09-28 08:00:00,0.0091697,0.009186,0.0090568,0.009115,3922964119.0
2025-09-28 12:00:00,0.0091149,0.0092115,0.0090287,0.0091715,5314938941.0
2025-09-28 16:00:00,0.0091716,0.0092856,0.0091662,0.0092719,4369945338.0
2025-09-28 20:00:00,0.0092719,0.0094672,0.0092672,0.0094247,5342523879.0
2025-09-29 00:00:00,0.0094247,0.0094301,0.0093,0.0094054,5181344509.0
2025-09-29 04:00:00,0.0094055,0.00941,0.0092654,0.0093181,4011011816.0
2025-09-29 08:00:00,0.009318,0.0093757,0.009142,0.0092053,6813364557.0
2025-09-29 12:00:00,0.0092052,0.0094444,0.0090744,0.0093047,12606028867.0
2025-09-29 16:00:00,0.0093049,0.0093619,0.009179,0.0093457,6888335795.0
2025-09-29 20:00:00,0.0093462,0.0095069,0.0093428,0.0093891,6477289042.0
2025-09-30 00:00:00,0.009389,0.0094291,0.0092064,0.0092592,7407252334.0
2025-09-30 04:00:00,0.0092592,0.0093395,0.0091751,0.009198,5687507855.0
2025-09-30 08:00:00,0.009198,0.009214,0.0091085,0.009188,5672800627.0
2025-09-30 12:00:00,0.0091881,0.0092277,0.0089583,0.0090516,10630049600.0
2025-09-30 16:00:00,0.0090516,0.0092645,0.009002,0.0092499,7790399128.0
2025-09-30 20:00:00,0.00925,0.0093668,0.0092301,0.0093213,7482971205.0
2025-10-01 00:00:00,0.0093213,0.009373,0.0092445,0.0092466,4680064085.0
2025-10-01 04:00:00,0.0092465,0.009359,0.0092337,0.0092765,5146377364.0
2025-10-01 08:00:00,0.0092764,0.009679,0.0092681,0.0096413,15342518051.0
2025-10-01 12:00:00,0.0096415,0.0097555,0.0095944,0.0096658,10528981196.0
2025-10-01 16:00:00,0.0096664,0.0097954,0.0096407,0.0097652,6108355763.0
2025-10-01 20:00:00,0.0097653,0.0097837,0.0096697,0.0097778,4181944339.0
2025-10-02 00:00:00,0.0097778,0.0100228,0.0097453,0.0099475,9699473847.0
2025-10-02 04:00:00,0.0099474,0.0101858,0.0099088,0.010106,9499062141.0
2025-10-02 08:00:00,0.010106,0.0101326,0.0099511,0.0099819,7118606797.0
2025-10-02 12:00:00,0.0099819,0.0100207,0.0097529,0.0099909,15207698968.0
2025-10-02 16:00:00,0.009991,0.0103087,0.009963,0.0102942,10541050666.0
2025-10-02 20:00:00,0.0102947,0.0103354,0.0101728,0.0102172,6865715385.0
2025-10-03 00:00:00,0.0102171,0.0102286,0.0099862,0.01002,9310848341.0
2025-10-03 04:00:00,0.0100199,0.0101084,0.009861,0.0099142,6479440759.0
2025-10-03 08:00:00,0.0099141,0.0099528,0.0098533,0.0099213,6069569956.0
2025-10-03 12:00:00,0.0099216,0.0102555,0.0098364,0.0102483,11848810467.0
2025-10-03 16:00:00,0.0102483,0.010395,0.00997,0.0101266,21892542386.0
2025-10-03 20:00:00,0.010127,0.0102004,0.0100755,0.0101141,5674822385.0
2025-10-04 00:00:00,0.0101142,0.0101694,0.0098618,0.009969,8354874433.0
2025-10-04 04:00:00,0.0099691,0.010227,0.0099343,0.0101213,14184077772.0
2025-10-04 08:00:00,0.0101216,0.010149,0.0098443,0.0098731,9668655579.0
2025-10-04 12:00:00,0.0098731,0.0099555,0.0096315,0.0096524,12029498441.0
2025-10-04 16:00:00,0.0096524,0.0096886,0.0095506,0.0096787,8064184649.0
2025-10-04 20:00:00,0.0096788,0.0097802,0.0096788,0.0097556,3588326494.0
2025-10-05 00:00:00,0.0097556,0.0100197,0.0096746,0.0099232,9318727102.0
2025-10-05 04:00:00,0.0099232,0.0101633,0.0098826,0.0101488,10413075470.0
2025-10-05 08:00:00,0.0101487,0.010182,0.009939,0.0100237,13594523457.0
2025-10-05 12:00:00,0.0100237,0.0100599,0.0099109,0.0100032,9722850200.0
2025-10-05 16:00:00,0.0100032,0.0100553,0.0096938,0.0097182,11652004880.0
2025-10-05 20:00:00,0.0097181,0.0098299,0.0096837,0.0097916,5339467410.0
2025-10-06 00:00:00,0.0097917,0.0099049,0.00966,0.0098178,9092361497.0
2025-10-06 04:00:00,0.0098178,0.0099263,0.0097266,0.0098196,6450210305.0
2025-10-06 08:00:00,0.0098197,0.0100384,0.0098124,0.009958,6881388554.0
2025-10-06 12:00:00,0.0099581,0.0103076,0.0099541,0.0102832,18310026127.0
2025-10-06 16:00:00,0.0102832,0.0103681,0.010212,0.0103077,9638775173.0
2025-10-06 20:00:00,0.0103077,0.0103554,0.0101691,0.0102055,8882145966.0
2025-10-07 00:00:00,0.0102054,0.0102712,0.010119,0.0101692,6604242567.0
2025-10-07 04:00:00,0.0101692,0.010268,0.0099164,0.0099672,10264486452.0
2025-10-07 08:00:00,0.0099677,0.0100592,0.0098365,0.0100459,10830272630.0
2025-10-07 12:00:00,0.0100459,0.0101332,0.00955,0.0095807,25468106594.0
2025-10-07 16:00:00,0.0095808,0.0096879,0.0095001,0.0095277,11258684150.0
2025-10-07 20:00:00,0.0095283,0.0096274,0.0094205,0.009465,7635399569.0
2025-10-08 00:00:00,0.0094648,0.00956,0.0092893,0.0093356,10537749868.0
2025-10-08 04:00:00,0.0093356,0.0094022,0.0092265,0.0093366,9715991559.0
2025-10-08 08:00:00,0.0093367,0.009396,0.0092826,0.0093293,7370056598.0
2025-10-08 12:00:00,0.0093293,0.0094741,0.0092422,0.0093226,11148027660.0
2025-10-08 16:00:00,0.0093225,0.0097446,0.009302,0.009595,16909730445.0
2025-10-08 20:00:00,0.0095951,0.0096297,0.0095172,0.0095638,4448755617.0
2025-10-09 00:00:00,0.0095637,0.0095739,0.0092502,0.0093545,10146901090.0
2025-10-09 04:00:00,0.0093544,0.0094348,0.0092629,0.0092826,6409247460.0
2025-10-09 08:00:00,0.0092825,0.0093024,0.0091088,0.0092059,11357143898.0
2025-10-09 12:00:00,0.009206,0.009311,0.0090001,0.0090861,15174319313.0
2025-10-09 16:00:00,0.0090861,0.0091845,0.0089879,0.0091616,8491782097.0
2025-10-09 20:00:00,0.0091614,0.0092731,0.0091376,0.0092519,5108313192.0
2025-10-10 00:00:00,0.0092519,0.0093892,0.0091876,0.0093143,7365455780.0
2025-10-10 04:00:00,0.0093147,0.0093796,0.0092067,0.00922,7274709044.0
2025-10-10 08:00:00,0.0092199,0.0093255,0.0091957,0.0093033,6941039508.0
2025-10-10 12:00:00,0.0093036,0.0093815,0.0086701,0.0087685,28710806660.0
2025-10-10 16:00:00,0.0087683,0.0088803,0.00827,0.0085583,47566746818.0
2025-10-10 20:00:00,0.0085584,0.0086409,0.0027752,0.0066637,148649631137.0
2025-10-11 00:00:00,0.006664,0.0070985,0.0065541,0.0068661,36499258763.0
2025-10-11 04:00:00,0.0068661,0.0070975,0.0068485,0.0069592,18812806574.0
2025-10-11 08:00:00,0.0069593,0.0073671,0.006931,0.0071897,20288962750.0
2025-10-11 12:00:00,0.0071896,0.0072175,0.0069138,0.0070893,17145431084.0
2025-10-11 16:00:00,0.0070893,0.0071333,0.0066987,0.006758,14241425985.0
2025-10-11 20:00:00,0.0067579,0.0067801,0.0064917,0.0067198,23753691241.0
2025-10-12 00:00:00,0.0067199,0.0067327,0.0065202,0.006654,14457085226.0
2025-10-12 04:00:00,0.006654,0.0068555,0.0066376,0.0068024,11520426439.0
2025-10-12 08:00:00,0.0068024,0.0068431,0.0066462,0.0067552,13292004521.0
2025-10-12 12:00:00,0.006755,0.0073189,0.0066873,0.0072697,32025736260.0
2025-10-12 16:00:00,0.0072698,0.0076538,0.0072609,0.0076381,24232929278.0
2025-10-12 20:00:00,0.0076381,0.0077238,0.007385,0.0074821,14739244218.0
2025-10-13 00:00:00,0.007482,0.0075988,0.007342,0.007506,13664151932.0
2025-10-13 04:00:00,0.0075061,0.0077663,0.0074308,0.0076023,12231049634.0
2025-10-13 08:00:00,0.0076026,0.0076839,0.007288,0.007492,20960511529.0
2025-10-13 12:00:00,0.007492,0.0078414,0.0074243,0.0077572,25940288853.0
2025-10-13 16:00:00,0.0077572,0.0079737,0.0077137,0.0078681,17810919016.0
2025-10-13 20:00:00,0.007868,0.0079652,0.0078012,0.0078384,8435822983.0
2025-10-14 00:00:00,0.0078383,0.007903,0.0076154,0.0076637,10621937832.0
2025-10-14 04:00:00,0.0076636,0.0076947,0.0071257,0.0072555,31520713911.0
2025-10-14 08:00:00,0.0072553,0.0073479,0.0070974,0.0072661,20103896832.0
2025-10-14 12:00:00,0.0072661,0.0074496,0.0070559,0.0074358,23390025962.0
2025-10-14 16:00:00,0.0074358,0.0075669,0.0072716,0.007419,20803148407.0
2025-10-14 20:00:00,0.0074191,0.007541,0.007376,0.007515,5412919919.0
2025-10-15 00:00:00,0.0075153,0.0075474,0.0073668,0.0074158,7456342529.0
2025-10-15 04:00:00,0.0074158,0.0075496,0.0073866,0.0075382,6924447974.0
2025-10-15 08:00:00,0.0075382,0.0076558,0.0074197,0.007447,11271515821.0
2025-10-15 12:00:00,0.007447,0.0074732,0.0071235,0.0071874,23730473165.0
2025-10-15 16:00:00,0.0071873,0.0072572,0.0071263,0.0071783,11090863366.0
2025-10-15 20:00:00,0.0071783,0.0072218,0.007031,0.0071769,9942468041.0
2025-10-16 00:00:00,0.0071769,0.0072537,0.0071385,0.0071787,6103114115.0
2025-10-16 04:00:00,0.0071787,0.0072582,0.0071188,0.0071711,7838635347.0
2025-10-16 08:00:00,0.0071712,0.0072718,0.0067117,0.0072486,21183335964.0
2025-10-16 12:00:00,0.0072486,0.0073098,0.006908,0.006949,18034201341.0
2025-10-16 16:00:00,0.0069494,0.0071127,0.0067663,0.0068435,20214578661.0
2025-10-16 20:00:00,0.0068436,0.0069047,0.0067407,0.0068676,7510628194.0
2025-10-17 00:00:00,0.0068676,0.0069576,0.0068249,0.0069186,6421231258.0
2025-10-17 04:00:00,0.0069186,0.0069267,0.0063815,0.0064215,24249256924.0
2025-10-17 08:00:00,0.0064219,0.0066305,0.0062924,0.006568,30360497590.0
2025-10-17 12:00:00,0.0065683,0.0066844,0.0064631,0.0066803,19258467022.0
2025-10-17 16:00:00,0.0066804,0.0067739,0.0066111,0.0066681,11520525297.0
2025-10-17 20:00:00,0.006668,0.0067688,0.0066313,0.0066478,5858815946.0
2025-10-18 00:00:00,0.0066478,0.0067675,0.0066357,0.0067156,4683859619.0
2025-10-18 04:00:00,0.0067156,0.0068455,0.0066529,0.0067363,8600761878.0
2025-10-18 08:00:00,0.0067363,0.0067933,0.0066851,0.0067843,5165843955.0
2025-10-18 12:00:00,0.0067844,0.0068176,0.0066653,0.0067342,6574429668.0
2025-10-18 16:00:00,0.0067343,0.0067888,0.0066584,0.0067761,4706903960.0
2025-10-18 20:00:00,0.006776,0.0068097,0.006731,0.0067432,4398585948.0
2025-10-19 00:00:00,0.0067432,0.0068062,0.0066867,0.0067955,4531614710.0
2025-10-19 04:00:00,0.0067955,0.0068039,0.0067022,0.0067783,5062338698.0
2025-10-19 08:00:00,0.0067784,0.00695,0.0066526,0.0068795,16701187605.0
2025-10-19 12:00:00,0.0068795,0.007109,0.006816,0.0070252,13407045043.0
2025-10-19 16:00:00,0.0070253,0.0071334,0.0069722,0.0070992,8584930479.0
2025-10-19 20:00:00,0.0070991,0.00712,0.0069848,0.0069907,4749475738.0
2025-10-20 00:00:00,0.0069906,0.0071726,0.0068367,0.0071357,8787138832.0
2025-10-20 04:00:00,0.0071358,0.0072662,0.0071259,0.0072333,8984067829.0
2025-10-20 08:00:00,0.0072334,0.0073184,0.0071812,0.0072088,10231729692.0
2025-10-20 12:00:00,0.0072089,0.0072641,0.0071484,0.007167,10893107420.0
2025-10-20 16:00:00,0.0071666,0.0071753,0.0070065,0.0071496,12316478811.0
2025-10-20 20:00:00,0.0071495,0.0072087,0.007117,0.0071512,4079254112.0
2025-10-21 00:00:00,0.0071512,0.007191,0.0069801,0.006994,7618498027.0
2025-10-21 04:00:00,0.0069939,0.0069995,0.0068303,0.0069419,11253366577.0
2025-10-21 08:00:00,0.006942,0.0069812,0.006857,0.0069105,7984848160.0
2025-10-21 12:00:00,0.0069105,0.0073406,0.0068677,0.0073033,19120000628.0
2025-10-21 16:00:00,0.0073033,0.0073754,0.0071236,0.0072234,14765631319.0
2025-10-21 20:00:00,0.0072234,0.0072346,0.0068929,0.0069132,13799566789.0
2025-10-22 00:00:00,0.0069132,0.0069563,0.0068458,0.0069074,8615506959.0
2025-10-22 04:00:00,0.0069074,0.0069641,0.0068025,0.0068697,8420061263.0
2025-10-22 08:00:00,0.0068697,0.0068697,0.0066577,0.0068025,11581010334.0
2025-10-22 12:00:00,0.0068025,0.0069341,0.0067421,0.0068397,18042103540.0
2025-10-22 16:00:00,0.0068397,0.0068787,0.0066828,0.0067479,13628973432.0
2025-10-22 20:00:00,0.0067485,0.0067704,0.0064425,0.0067142,18546455891.0
2025-10-23 00:00:00,0.0067142,0.006774,0.0066964,0.0067507,5695264679.0
2025-10-23 04:00:00,0.0067508,0.0068844,0.0067371,0.006844,7016041204.0
2025-10-23 08:00:00,0.006844,0.0069251,0.0068149,0.0068374,6402700284.0
2025-10-23 12:00:00,0.0068373,0.0069422,0.0067684,0.0069052,11163241193.0
2025-10-23 16:00:00,0.0069053,0.0070225,0.0068866,0.0069329,9392046140.0
2025-10-23 20:00:00,0.0069329,0.0069494,0.0068121,0.0069474,6388160360.0
2025-10-24 00:00:00,0.0069474,0.0070181,0.0069223,0.0069774,4548622148.0
2025-10-24 04:00:00,0.0069774,0.0071635,0.0069533,0.007144,8553019426.0
2025-10-24 08:00:00,0.0071439,0.0071968,0.0070087,0.0070774,8075312420.0
2025-10-24 12:00:00,0.0070774,0.00725,0.0069485,0.0070386,15525407874.0
2025-10-24 16:00:00,0.0070386,0.0071566,0.0069974,0.0071386,5694767811.0
2025-10-24 20:00:00,0.0071386,0.0072073,0.0071271,0.0071701,3888740665.0
2025-10-25 00:00:00,0.00717,0.0072125,0.0071298,0.0071397,3623059539.0
2025-10-25 04:00:00,0.0071397,0.0071916,0.007106,0.0071161,3834381894.0
2025-10-25 08:00:00,0.007116,0.0071627,0.0070816,0.0071561,4546642559.0
2025-10-25 12:00:00,0.0071561,0.0071873,0.0071231,0.0071572,4573672148.0
2025-10-25 16:00:00,0.0071572,0.0072096,0.007131,0.0071962,3191935148.0
2025-10-25 20:00:00,0.0071963,0.0072073,0.0071428,0.0071514,2571536223.0
2025-10-26 00:00:00,0.0071513,0.0071555,0.007018,0.0070431,5537026104.0
2025-10-26 04:00:00,0.0070431,0.0071562,0.0070311,0.0071455,3755774241.0
2025-10-26 08:00:00,0.0071456,0.0073838,0.0071447,0.0073585,9868780504.0
2025-10-26 12:00:00,0.0073585,0.0074085,0.007283,0.0073244,9860207323.0
2025-10-26 16:00:00,0.0073244,0.0073297,0.0072585,0.0072827,4363156245.0
2025-10-26 20:00:00,0.0072826,0.0074634,0.0072084,0.0073208,9980283661.0
2025-10-27 00:00:00,0.0073208,0.0074152,0.0072901,0.0073124,7853485610.0
2025-10-27 04:00:00,0.0073124,0.0074274,0.0072209,0.0072712,8626447392.0
2025-10-27 08:00:00,0.0072712,0.0072712,0.0071333,0.0072026,8556100774.0
2025-10-27 12:00:00,0.0072026,0.0072413,0.0071139,0.0072054,8287423057.0
2025-10-27 16:00:00,0.0072054,0.00735,0.0072036,0.007231,7203649261.0
2025-10-27 20:00:00,0.0072309,0.0072309,0.0070496,0.0071275,7327765521.0
2025-10-28 00:00:00,0.0071275,0.0071906,0.0070666,0.0070997,6367826895.0
2025-10-28 04:00:00,0.0070998,0.0072436,0.0070504,0.0071442,7255553462.0
2025-10-28 08:00:00,0.0071443,0.0072407,0.0071279,0.0071787,5250342893.0
2025-10-28 12:00:00,0.0071787,0.0073206,0.0070612,0.0071832,12373667373.0
2025-10-28 16:00:00,0.0071832,0.0072805,0.0070343,0.0070616,9250422384.0
2025-10-28 20:00:00,0.007061,0.0070648,0.0068232,0.0069828,15415424421.0
2025-10-29 00:00:00,0.0069828,0.0069934,0.0069033,0.0069209,5066366933.0
2025-10-29 04:00:00,0.006921,0.0069934,0.0069178,0.0069558,4244549845.0
2025-10-29 08:00:00,0.0069559,0.0070618,0.0068948,0.0070488,5503662937.0
2025-10-29 12:00:00,0.0070489,0.00712,0.0069129,0.0069509,9723235513.0
2025-10-29 16:00:00,0.006951,0.0071821,0.0067906,0.0071163,23359860220.0
2025-10-29 20:00:00,0.0071161,0.007234,0.0069772,0.0070231,9895758607.0
2025-10-30 00:00:00,0.0070232,0.0070897,0.0069613,0.0070247,7467195460.0
2025-10-30 04:00:00,0.0070244,0.0070248,0.0066906,0.0069703,18673207595.0
2025-10-30 08:00:00,0.0069704,0.0069727,0.0067483,0.0067548,8097616673.0
2025-10-30 12:00:00,0.0067548,0.0067691,0.0064199,0.0064478,21423534283.0
2025-10-30 16:00:00,0.0064478,0.0064961,0.0062579,0.0062754,17975587625.0
2025-10-30 20:00:00,0.0062748,0.0064387,0.0062561,0.0064357,10280988579.0
2025-10-31 00:00:00,0.006436,0.0065533,0.0064247,0.0065199,9835586362.0
2025-10-31 04:00:00,0.00652,0.00662,0.00652,0.0065514,7401314708.0
2025-10-31 08:00:00,0.0065515,0.0066415,0.006524,0.0066383,5238627346.0
2025-10-31 12:00:00,0.0066382,0.0066527,0.0064956,0.0065756,11327076346.0
2025-10-31 16:00:00,0.0065757,0.006644,0.0064111,0.0066258,12523266151.0
2025-10-31 20:00:00,0.0066257,0.0066337,0.0065277,0.0065611,4115316664.0
2025-11-01 00:00:00,0.0065612,0.0066277,0.0065117,0.0066161,5064177391.0
2025-11-01 04:00:00,0.006616,0.0066378,0.0065351,0.0066285,4278895818.0
2025-11-01 08:00:00,0.0066284,0.0066975,0.0066144,0.0066778,5640000464.0
2025-11-01 12:00:00,0.0066779,0.0067158,0.0066048,0.0066871,6711510890.0
2025-11-01 16:00:00,0.0066871,0.0067094,0.0066444,0.006702,5057677442.0
2025-11-01 20:00:00,0.006702,0.0067311,0.0066121,0.0066919,3995408202.0
2025-11-02 00:00:00,0.0066919,0.006711,0.006648,0.0066581,3241943961.0
2025-11-02 04:00:00,0.0066581,0.006754,0.0066508,0.006742,5555369210.0
2025-11-02 08:00:00,0.006742,0.0067486,0.0066203,0.0067242,7357203334.0
2025-11-02 12:00:00,0.0067241,0.0067255,0.0065509,0.0065608,7467211827.0
2025-11-02 16:00:00,0.0065608,0.0065957,0.0064956,0.0065405,5962566861.0
2025-11-02 20:00:00,0.0065406,0.0067188,0.0065103,0.0066978,7166178379.0
2025-11-03 00:00:00,0.0066978,0.0067085,0.0061866,0.0062161,18643374918.0
2025-11-03 04:00:00,0.0062161,0.0062897,0.0060756,0.0061789,19665036282.0
2025-11-03 08:00:00,0.0061788,0.0062317,0.0060301,0.0060996,11747440103.0
2025-11-03 12:00:00,0.0060996,0.006168,0.0054961,0.0057427,36453696255.0
2025-11-03 16:00:00,0.0057429,0.0059631,0.0056857,0.0058118,22162515829.0
2025-11-03 20:00:00,0.0058117,0.005824,0.0056314,0.0057161,14262377685.0
2025-11-04 00:00:00,0.0057162,0.0058436,0.0056422,0.0058296,12871792156.0
2025-11-04 04:00:00,0.0058297,0.0058574,0.0054738,0.0055157,24800358093.0
2025-11-04 08:00:00,0.0055157,0.005791,0.0055069,0.0057528,15357669475.0
2025-11-04 12:00:00,0.0057529,0.0058319,0.0056067,0.0056659,21538776599.0
2025-11-04 16:00:00,0.0056658,0.0057058,0.0053086,0.0054729,46698406220.0
2025-11-04 20:00:00,0.0054734,0.005659,0.005214,0.0055952,44520005046.0
2025-11-05 00:00:00,0.0055954,0.005715,0.0052951,0.0056793,20530670286.0
2025-11-05 04:00:00,0.0056793,0.005711,0.0056304,0.0056567,7055996466.0
2025-11-05 08:00:00,0.0056568,0.0056572,0.0055262,0.0056401,10470791319.0
2025-11-05 12:00:00,0.0056405,0.0057513,0.0056089,0.0057416,13102213096.0
2025-11-05 16:00:00,0.0057418,0.0058024,0.0056701,0.0057652,9072171099.0
2025-11-05 20:00:00,0.0057652,0.0058169,0.0057333,0.005757,6191004702.0
2025-11-06 00:00:00,0.0057568,0.0057678,0.0056374,0.0057538,6824118170.0
2025-11-06 04:00:00,0.0057539,0.0057712,0.0056017,0.0056237,7558074678.0
2025-11-06 08:00:00,0.0056236,0.0056669,0.0055852,0.0056235,8101996020.0
2025-11-06 12:00:00,0.0056235,0.0056466,0.0053532,0.0053942,19347989857.0
2025-11-06 16:00:00,0.0053945,0.0055691,0.0052728,0.0055249,21261204028.0
2025-11-06 20:00:00,0.0055251,0.0055658,0.0054693,0.0055398,8146740401.0
2025-11-07 00:00:00,0.0055398,0.005671,0.0055377,0.0056218,9650001349.0
2025-11-07 04:00:00,0.0056218,0.0057855,0.0055958,0.005782,8277040989.0
2025-11-07 08:00:00,0.0057823,0.0057932,0.0055753,0.0056524,13134322165.0
2025-11-07 12:00:00,0.0056522,0.0058126,0.0055101,0.0057617,20433737191.0
2025-11-07 16:00:00,0.0057617,0.0062758,0.0057427,0.0062336,29401277539.0
2025-11-07 20:00:00,0.0062336,0.0063614,0.0061708,0.0061943,10573447550.0
2025-11-08 00:00:00,0.0061943,0.0063008,0.0061088,0.006179,10164419266.0
2025-11-08 04:00:00,0.0061791,0.0062772,0.0060602,0.0061329,9181965471.0
2025-11-08 08:00:00,0.0061329,0.0062035,0.0060909,0.0061389,7880082931.0
2025-11-08 12:00:00,0.0061391,0.0061617,0.0059517,0.0059921,12513660133.0
2025-11-08 16:00:00,0.0059922,0.0060659,0.0059427,0.0060333,7846094416.0
2025-11-08 20:00:00,0.006033,0.0061075,0.0060044,0.0060864,5011816039.0
2025-11-09 00:00:00,0.0060864,0.0060894,0.0058319,0.005864,8740985875.0
2025-11-09 04:00:00,0.0058639,0.0060157,0.0058555,0.0060141,7683896730.0
2025-11-09 08:00:00,0.0060141,0.0060268,0.0058801,0.0059933,9140886238.0
2025-11-09 12:00:00,0.0059932,0.0061411,0.0059788,0.0060917,11932106874.0
2025-11-09 16:00:00,0.0060917,0.0061677,0.0060344,0.0061666,7647184972.0
2025-11-09 20:00:00,0.0061667,0.0061766,0.0060529,0.0060636,6783282651.0
2025-11-10 00:00:00,0.0060635,0.0061912,0.00601,0.0061406,9470183031.0
2025-11-10 04:00:00,0.0061406,0.006185,0.0061019,0.0061277,6878959190.0
2025-11-10 08:00:00,0.0061282,0.0062556,0.0060646,0.0061881,9425366574.0
2025-11-10 12:00:00,0.0061881,0.0062664,0.0060456,0.0061242,13207476852.0
2025-11-10 16:00:00,0.0061241,0.0062732,0.0060453,0.0062112,9102378749.0
2025-11-10 20:00:00,0.006211,0.0063229,0.0061301,0.0062182,7532036313.0
2025-11-11 00:00:00,0.0062182,0.0063505,0.0061254,0.0062808,11461462360.0
2025-11-11 04:00:00,0.0062808,0.0062898,0.0059845,0.0059999,9619989611.0
2025-11-11 08:00:00,0.0060003,0.0060665,0.0059723,0.0060139,7107842485.0
2025-11-11 12:00:00,0.0060139,0.0060522,0.0059234,0.0059535,10310379032.0
2025-11-11 16:00:00,0.0059535,0.0060058,0.0058846,0.0059041,7058788539.0
2025-11-11 20:00:00,0.0059042,0.0059237,0.0058187,0.0058364,8118393144.0
2025-11-12 00:00:00,0.0058365,0.0058827,0.0057853,0.0058615,6454995608.0
2025-11-12 04:00:00,0.0058616,0.0059257,0.0058051,0.0058181,4671266552.0
2025-11-12 08:00:00,0.0058182,0.0060211,0.0058146,0.0059932,9632954549.0
2025-11-12 12:00:00,0.0059929,0.0060979,0.0058057,0.0058293,14798118144.0
2025-11-12 16:00:00,0.0058295,0.0058442,0.0056463,0.0057061,16416212937.0
2025-11-12 20:00:00,0.0057065,0.0057882,0.0056906,0.0057132,5632092697.0
2025-11-13 00:00:00,0.005713,0.0058944,0.0056766,0.0058393,9018100040.0
2025-11-13 04:00:00,0.0058393,0.0059414,0.005793,0.005886,9244519022.0
2025-11-13 08:00:00,0.0058859,0.0059215,0.0058326,0.005897,5724491820.0
2025-11-13 12:00:00,0.005897,0.005994,0.0058011,0.0058219,13435107058.0
2025-11-13 16:00:00,0.0058214,0.0058437,0.0053146,0.0053446,25635930439.0
2025-11-13 20:00:00,0.0053442,0.0054901,0.0052811,0.005422,15252762126.0
2025-11-14 00:00:00,0.0054219,0.005459,0.0053193,0.0053451,11099489982.0
2025-11-14 04:00:00,0.0053451,0.00544,0.0051025,0.005372,31206669835.0
2025-11-14 08:00:00,0.0053721,0.0053923,0.005175,0.0052208,16278485672.0
2025-11-14 12:00:00,0.0052211,0.0052497,0.0050813,0.0052022,28663681686.0
2025-11-14 16:00:00,0.0052023,0.0052411,0.0050251,0.005163,20571697814.0
2025-11-14 20:00:00,0.005163,0.005173,0.0047867,0.0049049,20134757434.0
2025-11-15 00:00:00,0.004905,0.0050943,0.0048926,0.0050832,11807006715.0
2025-11-15 04:00:00,0.0050832,0.0051455,0.0050516,0.0050643,7426009632.0
2025-11-15 08:00:00,0.0050643,0.0050712,0.0049395,0.0049953,8753268783.0
2025-11-15 12:00:00,0.0049954,0.0050738,0.0049876,0.0050234,6631252391.0
2025-11-15 16:00:00,0.0050233,0.0051205,0.0049759,0.0050588,8798286810.0
2025-11-15 20:00:00,0.0050589,0.0050668,0.0049514,0.0049824,7316953700.0
2025-11-16 00:00:00,0.0049825,0.0050151,0.0047818,0.0049898,14893838281.0
2025-11-16 04:00:00,0.0049899,0.0050406,0.004955,0.0050212,7270086853.0
2025-11-16 08:00:00,0.0050215,0.0050521,0.0048809,0.004904,9975647655.0
2025-11-16 12:00:00,0.0049039,0.0049288,0.004754,0.0047781,14971647447.0
2025-11-16 16:00:00,0.004778,0.00485,0.0046759,0.004805,21306141842.0
2025-11-16 20:00:00,0.004805,0.0049193,0.004741,0.0048658,12579340824.0
2025-11-17 00:00:00,0.0048658,0.0049597,0.0048097,0.0049364,9090774730.0
2025-11-17 04:00:00,0.0049365,0.0049911,0.004895,0.0049629,7263935684.0
2025-11-17 08:00:00,0.0049629,0.0050287,0.0049588,0.0049961,6156257960.0
2025-11-17 12:00:00,0.0049961,0.0050703,0.0048152,0.0048402,22127754480.0
2025-11-17 16:00:00,0.0048401,0.0049407,0.0046213,0.0046648,26073892388.0
2025-11-17 20:00:00,0.0046646,0.0047388,0.0046325,0.0047167,13149915771.0
2025-11-18 00:00:00,0.0047168,0.0048378,0.0046075,0.0048168,18061046725.0
2025-11-18 04:00:00,0.0048168,0.0048798,0.0047235,0.0047718,13822616154.0
2025-11-18 08:00:00,0.0047718,0.0048642,0.0047704,0.0048087,8029529750.0
2025-11-18 12:00:00,0.0048087,0.0048982,0.0047455,0.004867,14428370366.0
2025-11-18 16:00:00,0.0048669,0.0049475,0.0048554,0.0049041,11081982386.0
2025-11-18 20:00:00,0.0049041,0.0049143,0.004826,0.004867,5557703964.0
2025-11-19 00:00:00,0.0048671,0.0048933,0.0047958,0.0048169,8326457833.0
2025-11-19 04:00:00,0.0048168,0.0048274,0.0046976,0.004813,12363526901.0
2025-11-19 08:00:00,0.0048129,0.0048308,0.0047506,0.0047708,6829530751.0
2025-11-19 12:00:00,0.0047708,0.0048325,0.004669,0.0046817,17060809115.0
2025-11-19 16:00:00,0.0046817,0.0047112,0.0044564,0.0045296,28389831102.0
2025-11-19 20:00:00,0.0045296,0.0047865,0.0045177,0.0047637,15603655143.0
2025-11-20 00:00:00,0.0047637,0.0048394,0.004745,0.0048175,7555584074.0
2025-11-20 04:00:00,0.0048175,0.0049151,0.0047959,0.004885,11419258496.0
2025-11-20 08:00:00,0.0048851,0.0048952,0.0048412,0.0048678,8219246684.0
2025-11-20 12:00:00,0.0048678,0.0049655,0.0048207,0.0048319,19910715085.0
2025-11-20 16:00:00,0.0048322,0.0048439,0.0044349,0.0045218,44894887314.0
2025-11-20 20:00:00,0.0045217,0.0046351,0.0044378,0.0044488,15614982471.0
2025-11-21 00:00:00,0.0044489,0.0045553,0.00441,0.0044626,15472680057.0
2025-11-21 04:00:00,0.0044625,0.0045241,0.004,0.0042512,31054943531.0
2025-11-21 08:00:00,0.0042513,0.0043175,0.0041166,0.0041369,31690752999.0
2025-11-21 12:00:00,0.0041369,0.0043187,0.0040072,0.0041656,46090957355.0
2025-11-21 16:00:00,0.0041657,0.0043143,0.0040882,0.0041677,30898795876.0
2025-11-21 20:00:00,0.0041676,0.0041956,0.0039555,0.0041191,27088870940.0
2025-11-22 00:00:00,0.0041192,0.0041745,0.0040674,0.0040949,13689313255.0
2025-11-22 04:00:00,0.0040948,0.0041049,0.003965,0.0040906,17380533153.0
2025-11-22 08:00:00,0.0040908,0.0041038,0.0039706,0.0040716,16058916037.0
2025-11-22 12:00:00,0.0040717,0.0040928,0.0039719,0.0040453,16146356206.0
2025-11-22 16:00:00,0.0040453,0.0041256,0.0040391,0.0040916,9807287779.0
2025-11-22 20:00:00,0.0040917,0.0041919,0.0040524,0.0041219,9069283401.0
2025-11-23 00:00:00,0.004122,0.0041932,0.0040954,0.004181,9137054635.0
2025-11-23 04:00:00,0.0041808,0.0042365,0.0041262,0.0041559,10475602796.0
2025-11-23 08:00:00,0.004156,0.0041934,0.0041239,0.0041618,6355843447.0
2025-11-23 12:00:00,0.0041618,0.0042226,0.0041415,0.0042051,10997879074.0
2025-11-23 16:00:00,0.0042051,0.0042289,0.0041449,0.0041962,8866978138.0
2025-11-23 20:00:00,0.0041963,0.0042497,0.0041462,0.0041602,7424600149.0
2025-11-24 00:00:00,0.0041602,0.004336,0.0041036,0.0043132,14275999301.0
2025-11-24 04:00:00,0.0043133,0.0043799,0.0042303,0.0042533,14409275898.0
2025-11-24 08:00:00,0.0042533,0.0042633,0.0041564,0.0042287,11771449985.0
2025-11-24 12:00:00,0.0042287,0.0043247,0.0041741,0.0042964,16981457547.0
2025-11-24 16:00:00,0.0042963,0.0045678,0.004296,0.0045566,21503458240.0
2025-11-24 20:00:00,0.0045567,0.0046594,0.0045422,0.0045606,15810755858.0
2025-11-25 00:00:00,0.0045605,0.0045754,0.0044865,0.0045317,8928119816.0
2025-11-25 04:00:00,0.0045316,0.0045504,0.0044679,0.0044747,6219117939.0
2025-11-25 08:00:00,0.0044746,0.0044858,0.0043957,0.0044436,8963928440.0
2025-11-25 12:00:00,0.0044437,0.0044834,0.0043454,0.004419,13785577885.0
2025-11-25 16:00:00,0.0044187,0.0045565,0.0044009,0.0044822,12482643420.0
2025-11-25 20:00:00,0.0044823,0.0046505,0.0044702,0.0045755,12148196992.0
2025-11-26 00:00:00,0.0045755,0.0046398,0.0045409,0.0045532,7106740905.0
2025-11-26 04:00:00,0.0045532,0.004612,0.004533,0.0046076,6084634811.0
2025-11-26 08:00:00,0.0046075,0.0046117,0.0044733,0.0044836,14715484509.0
2025-11-26 12:00:00,0.0044837,0.0045108,0.0044294,0.0044662,13978766688.0
2025-11-26 16:00:00,0.0044662,0.0047257,0.0044645,0.0046988,14381230373.0
2025-11-26 20:00:00,0.0046987,0.004757,0.0046538,0.004695,8690322736.0
2025-11-27 00:00:00,0.004695,0.0047163,0.0046323,0.0046438,7190328223.0
2025-11-27 04:00:00,0.0046437,0.004704,0.0046431,0.0046654,6985943498.0
2025-11-27 08:00:00,0.0046655,0.004683,0.0046341,0.0046432,4595672029.0
2025-11-27 12:00:00,0.0046433,0.0047102,0.004625,0.0047043,7298627627.0
2025-11-27 16:00:00,0.0047043,0.0047747,0.0046731,0.0047653,6955283789.0
2025-11-27 20:00:00,0.0047653,0.0048454,0.0046811,0.0047104,8414774365.0
2025-11-28 00:00:00,0.0047104,0.004725,0.0046074,0.0046415,7673383319.0
2025-11-28 04:00:00,0.0046416,0.0046512,0.0045874,0.0046294,7042703781.0
2025-11-28 08:00:00,0.0046293,0.0048042,0.0046274,0.0046895,13872736422.0
2025-11-28 12:00:00,0.0046895,0.004898,0.0046704,0.0047853,16870352388.0
2025-11-28 16:00:00,0.0047853,0.0047854,0.0045776,0.0046583,13569906156.0
2025-11-28 20:00:00,0.0046583,0.0046653,0.0046004,0.0046292,5148657072.0
2025-11-29 00:00:00,0.0046292,0.0046483,0.0046006,0.004614,5605526755.0
2025-11-29 04:00:00,0.0046141,0.0046382,0.0045518,0.0045581,5914439662.0
2025-11-29 08:00:00,0.0045582,0.0045832,0.0045289,0.0045763,6494878420.0
2025-11-29 12:00:00,0.0045764,0.0046043,0.004537,0.0045918,6358259596.0
2025-11-29 16:00:00,0.0045919,0.0045945,0.0045027,0.0045414,8457282641.0
2025-11-29 20:00:00,0.0045415,0.0045869,0.0045319,0.0045636,3844309948.0
2025-11-30 00:00:00,0.0045636,0.0046009,0.0045219,0.0045906,4313413872.0
2025-11-30 04:00:00,0.0045906,0.0046111,0.0045401,0.0046,4073097374.0
2025-11-30 08:00:00,0.0045999,0.0046492,0.004565,0.0045799,6753390163.0
2025-11-30 12:00:00,0.0045799,0.004682,0.0045604,0.0045955,8945135617.0
2025-11-30 16:00:00,0.0045953,0.0047008,0.0045932,0.004635,8144335066.0
2025-11-30 20:00:00,0.004635,0.0046669,0.0045227,0.004531,8226894966.0
2025-12-01 00:00:00,0.004531,0.0045498,0.0041993,0.0042093,29750805871.0
2025-12-01 04:00:00,0.0042092,0.0042169,0.0041349,0.0041518,12404922042.0
2025-12-01 08:00:00,0.0041519,0.0041801,0.0041145,0.0041279,8494596242.0
2025-12-01 12:00:00,0.0041279,0.0041444,0.0039646,0.0040154,23861576442.0
2025-12-01 16:00:00,0.0040154,0.0040308,0.0039533,0.0040038,16042014637.0
2025-12-01 20:00:00,0.0040037,0.0040822,0.0040019,0.0040508,20562814333.0
2025-12-02 00:00:00,0.0040507,0.0040984,0.0039941,0.0040422,9688982987.0
2025-12-02 04:00:00,0.0040421,0.0040614,0.0040004,0.004014,6436715285.0
2025-12-02 08:00:00,0.004014,0.0040854,0.0039859,0.0040729,8956855546.0
2025-12-02 12:00:00,0.0040729,0.0044588,0.004025,0.004454,29885128877.0
2025-12-02 16:00:00,0.004454,0.00455,0.004424,0.0045002,20287387333.0
2025-12-02 20:00:00,0.0045002,0.00464,0.0044618,0.0045651,15751332282.0
2025-12-03 00:00:00,0.0045652,0.004641,0.0045436,0.0046317,10788506724.0
2025-12-03 04:00:00,0.0046316,0.0047892,0.0046112,0.0046961,16162953340.0
2025-12-03 08:00:00,0.0046962,0.0047974,0.0046962,0.0047625,12266719776.0
2025-12-03 12:00:00,0.0047625,0.0047858,0.004606,0.0047043,24954114328.0
2025-12-03 16:00:00,0.0047044,0.0048303,0.0046698,0.0047346,13245548533.0
2025-12-03 20:00:00,0.0047345,0.0048688,0.0047231,0.0048007,10726813201.0
2025-12-04 00:00:00,0.0048008,0.0048912,0.0047657,0.0047915,9197547654.0
2025-12-04 04:00:00,0.0047916,0.0048848,0.0047796,0.0048685,9085313047.0
2025-12-04 08:00:00,0.0048685,0.0048994,0.0047929,0.0048314,8157717030.0
2025-12-04 12:00:00,0.0048314,0.0049379,0.0047807,0.0049166,13963177303.0
2025-12-04 16:00:00,0.0049165,0.0049165,0.0046861,0.0047908,19219702672.0
2025-12-04 20:00:00,0.0047908,0.0047987,0.0047321,0.0047621,6428959082.0
2025-12-05 00:00:00,0.004762,0.004827,0.0047109,0.0047251,6534589231.0
2025-12-05 04:00:00,0.004725,0.0047768,0.0046733,0.0047699,8045618944.0
2025-12-05 08:00:00,0.0047698,0.004781,0.0045935,0.0046234,10199608085.0
2025-12-05 12:00:00,0.0046234,0.0046507,0.0045005,0.0045234,16984438176.0
2025-12-05 16:00:00,0.0045234,0.0045242,0.0043079,0.0043852,23163274703.0
2025-12-05 20:00:00,0.0043851,0.0043953,0.0043488,0.0043895,5678240245.0
2025-12-06 00:00:00,0.0043895,0.0044156,0.0043631,0.0043942,4095246912.0
2025-12-06 04:00:00,0.0043941,0.0043962,0.0043445,0.0043575,4620412859.0
2025-12-06 08:00:00,0.0043576,0.0044134,0.0043304,0.0044123,6129844042.0
2025-12-06 12:00:00,0.0044124,0.0044894,0.0043944,0.0044058,10886058286.0
2025-12-06 16:00:00,0.0044058,0.0044989,0.0044031,0.0044359,5808266819.0
2025-12-06 20:00:00,0.004436,0.0045686,0.0044284,0.0045112,10976743812.0
2025-12-07 00:00:00,0.0045113,0.0045984,0.0045097,0.0045406,7101183406.0
2025-12-07 04:00:00,0.0045406,0.0045604,0.0044859,0.004506,5102520596.0
2025-12-07 08:00:00,0.0045059,0.0045061,0.0044475,0.0044817,6241833635.0
2025-12-07 12:00:00,0.0044819,0.0045198,0.0042972,0.0044294,19809032172.0
2025-12-07 16:00:00,0.004429,0.0045832,0.0043632,0.0045568,14781959123.0
2025-12-07 20:00:00,0.0045569,0.0045829,0.0043353,0.004424,14264466097.0
2025-12-08 00:00:00,0.0044241,0.0045634,0.004403,0.0045326,10341641836.0
2025-12-08 04:00:00,0.0045326,0.004671,0.0045308,0.0046452,9177102633.0
2025-12-08 08:00:00,0.0046452,0.0047552,0.004635,0.0047292,8780245433.0
2025-12-08 12:00:00,0.0047293,0.0048796,0.0047043,0.0048158,21832126231.0
2025-12-08 16:00:00,0.004816,0.0050402,0.0047337,0.0047548,30408906478.0
2025-12-08 20:00:00,0.004755,0.0048357,0.0047107,0.0047504,9303073880.0
2025-12-09 00:00:00,0.0047504,0.0047593,0.0046296,0.0046634,8478072283.0
2025-12-09 04:00:00,0.0046635,0.0046661,0.0045531,0.004604,9528357282.0
2025-12-09 08:00:00,0.004604,0.0046231,0.004564,0.0046035,7886368050.0
2025-12-09 12:00:00,0.0046035,0.0048544,0.0045908,0.0048385,21593468733.0
2025-12-09 16:00:00,0.0048384,0.0050631,0.0048378,0.0050102,28784035728.0
2025-12-09 20:00:00,0.0050102,0.0050111,0.0048423,0.0049489,16451932562.0
2025-12-10 00:00:00,0.0049488,0.004966,0.004822,0.0048345,8564134761.0
2025-12-10 04:00:00,0.0048346,0.0048721,0.0047367,0.0047652,7815650400.0
2025-12-10 08:00:00,0.0047652,0.0048458,0.0046732,0.0047113,15755751436.0
2025-12-10 12:00:00,0.0047114,0.004722,0.0046556,0.0046864,11406517711.0
2025-12-10 16:00:00,0.004686,0.0049195,0.004674,0.0048469,26905214795.0
2025-12-10 20:00:00,0.0048469,0.0049543,0.0046152,0.0046437,21980549801.0
2025-12-11 00:00:00,0.0046438,0.0046438,0.0044028,0.0044219,15679397745.0
2025-12-11 04:00:00,0.004422,0.0045012,0.0044038,0.004462,8878836900.0
2025-12-11 08:00:00,0.004462,0.0044679,0.0044235,0.0044623,6270391227.0
2025-12-11 12:00:00,0.0044624,0.004476,0.0043801,0.0044143,12411032383.0
2025-12-11 16:00:00,0.0044142,0.0045499,0.0043688,0.0045062,15039404268.0
2025-12-11 20:00:00,0.0045062,0.0046993,0.0045032,0.0045938,13182964634.0
2025-12-12 00:00:00,0.0045937,0.0046501,0.0045407,0.0046029,6950741826.0
2025-12-12 04:00:00,0.0046028,0.0046227,0.0045439,0.0045702,5701257358.0
2025-12-12 08:00:00,0.0045703,0.0046037,0.0045344,0.0045615,6222431836.0
2025-12-12 12:00:00,0.0045614,0.0045759,0.0042879,0.0043104,21490216275.0
2025-12-12 16:00:00,0.0043104,0.0043258,0.0042064,0.0042643,21306962757.0
2025-12-12 20:00:00,0.0042642,0.004348,0.0042503,0.0043264,7056418995.0
2025-12-13 00:00:00,0.0043265,0.0043936,0.0043233,0.0043707,5075797953.0
2025-12-13 04:00:00,0.0043707,0.0044341,0.0043569,0.0043995,6954871931.0
2025-12-13 08:00:00,0.0043995,0.004445,0.00438,0.0043897,5638749675.0
2025-12-13 12:00:00,0.0043896,0.0044265,0.0043677,0.0044032,5654994609.0
2025-12-13 16:00:00,0.0044031,0.0044276,0.0043631,0.0043823,4905426562.0
2025-12-13 20:00:00,0.0043822,0.0043987,0.0043451,0.0043795,3610352134.0
2025-12-14 00:00:00,0.0043796,0.0044066,0.0043573,0.0043771,3911398371.0
2025-12-14 04:00:00,0.0043771,0.0043818,0.0043143,0.0043585,5814968050.0
2025-12-14 08:00:00,0.0043585,0.0043723,0.0042361,0.0042866,8705055573.0
2025-12-14 12:00:00,0.0042866,0.004314,0.0041669,0.0041945,11788473321.0
2025-12-14 16:00:00,0.0041945,0.0042311,0.0041573,0.0041937,8105512396.0
2025-12-14 20:00:00,0.0041938,0.004211,0.0040978,0.0041704,11685181163.0
2025-12-15 00:00:00,0.0041704,0.0043729,0.0041633,0.0043099,12894999535.0
2025-12-15 04:00:00,0.0043099,0.0043372,0.0042766,0.0042943,5760387518.0
2025-12-15 08:00:00,0.0042944,0.0043366,0.0042845,0.0043109,5413026075.0
2025-12-15 12:00:00,0.0043109,0.004335,0.0040545,0.0040795,25013059000.0
2025-12-15 16:00:00,0.0040795,0.0040959,0.0039228,0.0040194,27291005189.0
2025-12-15 20:00:00,0.0040193,0.0040752,0.0039753,0.0040666,7646258995.0
2025-12-16 00:00:00,0.0040666,0.0040769,0.0039778,0.0040298,9361153193.0
2025-12-16 04:00:00,0.0040298,0.004035,0.0039416,0.0039733,8951840323.0
2025-12-16 08:00:00,0.0039741,0.0040945,0.003968,0.0040894,9522428958.0
2025-12-16 12:00:00,0.0040893,0.004125,0.0039713,0.0040875,22445618126.0
2025-12-16 16:00:00,0.0040876,0.0041504,0.0040649,0.0041181,11562686317.0
2025-12-16 20:00:00,0.004118,0.0041304,0.0040802,0.0040928,4727948251.0
2025-12-17 00:00:00,0.0040929,0.0041261,0.00405,0.0040726,7436352873.0
2025-12-17 04:00:00,0.0040726,0.0040898,0.0040302,0.0040804,6865777502.0
2025-12-17 08:00:00,0.0040804,0.0040804,0.0040087,0.0040415,6726152285.0
2025-12-17 12:00:00,0.0040414,0.0042548,0.004001,0.0040272,27595575833.0
2025-12-17 16:00:00,0.0040271,0.0040653,0.0038408,0.0039203,29253676261.0
2025-12-17 20:00:00,0.0039204,0.0039619,0.0038794,0.0039006,8109381063.0
2025-12-18 00:00:00,0.0039006,0.0039178,0.003836,0.0038623,7945561870.0
2025-12-18 04:00:00,0.0038624,0.0038877,0.0038128,0.0038874,10366639657.0
2025-12-18 08:00:00,0.0038874,0.0039073,0.0038449,0.0038542,11668571088.0
2025-12-18 12:00:00,0.0038543,0.0040063,0.0038233,0.0039777,27401837799.0
2025-12-18 16:00:00,0.0039777,0.0039834,0.0036334,0.0036437,36952130661.0
2025-12-18 20:00:00,0.0036436,0.0037731,0.0036393,0.003715,13551086507.0
2025-12-19 00:00:00,0.0037151,0.0038489,0.003661,0.0038109,16561195197.0
2025-12-19 04:00:00,0.0038108,0.0039246,0.0038043,0.003874,12182102990.0
2025-12-19 08:00:00,0.003874,0.0039113,0.0038674,0.0039026,7753788723.0
2025-12-19 12:00:00,0.0039027,0.0041068,0.0038897,0.0039998,26150579089.0
2025-12-19 16:00:00,0.0039997,0.004178,0.0039746,0.0041551,22145055254.0
2025-12-19 20:00:00,0.0041551,0.0041739,0.0041086,0.0041123,8599068236.0
2025-12-20 00:00:00,0.0041124,0.0041155,0.0040644,0.0040887,5872490474.0
2025-12-20 04:00:00,0.0040887,0.0041007,0.0040432,0.0040911,6187028481.0
2025-12-20 08:00:00,0.0040911,0.0041462,0.0040685,0.004095,7459695658.0
2025-12-20 12:00:00,0.004095,0.0041161,0.004053,0.004095,7092418361.0
2025-12-20 16:00:00,0.004095,0.0041174,0.004085,0.0040928,4209792939.0
2025-12-20 20:00:00,0.0040927,0.0041053,0.00407,0.0040751,4480360325.0
2025-12-21 00:00:00,0.0040751,0.0040809,0.0040245,0.0040748,5083384569.0
2025-12-21 04:00:00,0.0040749,0.0041167,0.0040567,0.0040866,4428681631.0
2025-12-21 08:00:00,0.0040866,0.00411,0.0040665,0.0040962,6339545533.0
2025-12-21 12:00:00,0.0040962,0.0041106,0.0039531,0.0040111,16786047677.0
2025-12-21 16:00:00,0.0040111,0.004059,0.0039901,0.0040123,6912815118.0
2025-12-21 20:00:00,0.0040123,0.0040505,0.0039426,0.004024,7314593721.0
2025-12-22 00:00:00,0.004024,0.0041448,0.003952,0.0040107,14493913887.0
2025-12-22 04:00:00,0.0040106,0.0040488,0.0039901,0.004012,5832761959.0
2025-12-22 08:00:00,0.004012,0.0040641,0.0039783,0.0039883,9230985567.0
2025-12-22 12:00:00,0.0039884,0.0040769,0.0039816,0.0040502,14514501909.0
2025-12-22 16:00:00,0.0040503,0.0040668,0.0039204,0.0039355,11427836503.0
2025-12-22 20:00:00,0.0039354,0.0040316,0.0039132,0.0040204,8128495891.0
2025-12-23 00:00:00,0.0040204,0.0040572,0.0039632,0.0039987,7492579639.0
2025-12-23 04:00:00,0.0039987,0.0040062,0.0039222,0.0039424,8133969214.0
2025-12-23 08:00:00,0.0039424,0.0040005,0.0039334,0.0039846,7520795299.0
2025-12-23 12:00:00,0.0039847,0.0039847,0.0038608,0.003924,14445841205.0
2025-12-23 16:00:00,0.0039241,0.0039914,0.0038888,0.0039868,13618205273.0
2025-12-23 20:00:00,0.0039869,0.004029,0.0039186,0.0039339,7047829781.0
2025-12-24 00:00:00,0.003934,0.0039726,0.0038618,0.003911,8385448117.0
2025-12-24 04:00:00,0.0039111,0.0039317,0.0038386,0.003871,9017703458.0
2025-12-24 08:00:00,0.0038712,0.0039276,0.003852,0.0039017,7751132808.0
2025-12-24 12:00:00,0.0039018,0.0039507,0.0038412,0.0039481,10695433456.0
2025-12-24 16:00:00,0.0039482,0.003968,0.0039134,0.003939,6919612464.0
2025-12-24 20:00:00,0.003939,0.0040059,0.003939,0.0039736,5021852278.0
2025-12-25 00:00:00,0.0039736,0.0040561,0.0039566,0.0040244,6067834040.0
2025-12-25 04:00:00,0.0040245,0.0040431,0.0040102,0.004024,3983929040.0
2025-12-25 08:00:00,0.0040239,0.0040416,0.0039552,0.0039689,6519389172.0
2025-12-25 12:00:00,0.0039688,0.0040226,0.0039527,0.0040061,7015742385.0
2025-12-25 16:00:00,0.0040061,0.0040234,0.0039728,0.0040168,5605617994.0
2025-12-25 20:00:00,0.0040168,0.0040258,0.003874,0.0038938,9419480935.0
2025-12-26 00:00:00,0.0038938,0.0040904,0.0038684,0.0040171,15790281975.0
2025-12-26 04:00:00,0.0040172,0.0040364,0.0039807,0.003993,6584262446.0
2025-12-26 08:00:00,0.0039928,0.004065,0.0039906,0.0040314,6400881423.0
2025-12-26 12:00:00,0.0040314,0.0040554,0.0039364,0.0039792,13469366615.0
2025-12-26 16:00:00,0.0039793,0.0040288,0.0039505,0.0040228,8384921094.0
2025-12-26 20:00:00,0.0040228,0.0040481,0.0040037,0.0040325,4686771422.0
2025-12-27 00:00:00,0.0040326,0.0040583,0.0040152,0.0040446,3439737665.0
2025-12-27 04:00:00,0.0040445,0.0040464,0.0040135,0.0040222,2811433831.0
2025-12-27 08:00:00,0.0040222,0.004065,0.0040145,0.0040601,4876731050.0
2025-12-27 12:00:00,0.0040601,0.0040888,0.0040429,0.0040854,5371806875.0
2025-12-27 16:00:00,0.0040854,0.0041795,0.0040851,0.0041242,13261097837.0
2025-12-27 20:00:00,0.0041242,0.0042171,0.0041004,0.0041963,8276449704.0
2025-12-28 00:00:00,0.0041963,0.004208,0.0041466,0.0041671,4785475248.0
2025-12-28 04:00:00,0.0041671,0.0041872,0.0041461,0.0041563,4154262774.0
2025-12-28 08:00:00,0.0041562,0.0041849,0.0041313,0.0041686,4521705817.0
2025-12-28 12:00:00,0.0041686,0.0042608,0.004151,0.004206,10250223094.0
2025-12-28 16:00:00,0.0042059,0.0042264,0.0041304,0.0041397,7716119965.0
2025-12-28 20:00:00,0.0041397,0.0041823,0.0041243,0.0041753,6105831412.0
2025-12-29 00:00:00,0.0041753,0.0043277,0.004163,0.004292,12647994119.0
2025-12-29 04:00:00,0.004292,0.0043019,0.0041879,0.0042186,8499725219.0
2025-12-29 08:00:00,0.0042187,0.004225,0.0041129,0.0041466,10242927648.0
2025-12-29 12:00:00,0.0041465,0.0041526,0.00405,0.0040926,14320645547.0
2025-12-29 16:00:00,0.0040925,0.0041194,0.0040649,0.0040894,6857893175.0
2025-12-29 20:00:00,0.0040894,0.0041091,0.004063,0.0040677,4292463620.0
2025-12-30 00:00:00,0.0040676,0.0040856,0.0039896,0.0040507,7306749087.0
2025-12-30 04:00:00,0.0040508,0.0040811,0.0040345,0.0040718,4598079393.0
2025-12-30 08:00:00,0.0040719,0.0041343,0.0040702,0.004092,7597904226.0
2025-12-30 12:00:00,0.0040922,0.0041766,0.004092,0.0041726,12498312600.0
2025-12-30 16:00:00,0.0041727,0.0042194,0.0041079,0.0041444,9779179928.0
2025-12-30 20:00:00,0.0041443,0.0041562,0.0041172,0.0041372,3667095577.0
2025-12-31 00:00:00,0.0041373,0.00417,0.0041112,0.0041256,4170066564.0
2025-12-31 04:00:00,0.0041256,0.0041347,0.0041035,0.0041165,3758836169.0
2025-12-31 08:00:00,0.0041165,0.0041304,0.0040828,0.0041291,6169102996.0
2025-12-31 12:00:00,0.004129,0.0041503,0.00407,0.0040975,8555247058.0
2025-12-31 16:00:00,0.0040976,0.00411,0.0039634,0.0040109,11942683898.0
2025-12-31 20:00:00,0.0040109,0.0040637,0.0039873,0.0040325,5655617251.0
2026-01-01 00:00:00,0.0040324,0.0040739,0.0040312,0.0040565,3926915894.0
2026-01-01 04:00:00,0.0040565,0.004116,0.0040343,0.0040899,5013245633.0
2026-01-01 08:00:00,0.0040899,0.0041802,0.0040891,0.0041734,7452472536.0
2026-01-01 12:00:00,0.0041734,0.0042902,0.0041441,0.00426,11772371282.0
2026-01-01 16:00:00,0.00426,0.0046917,0.0042506,0.0046814,36359513452.0
2026-01-01 20:00:00,0.0046822,0.0049744,0.0046725,0.0049218,47001753221.0
2026-01-02 00:00:00,0.0049218,0.0052037,0.0048099,0.0051101,45633639828.0
2026-01-02 04:00:00,0.00511,0.005265,0.0050354,0.0050911,41313472431.0
2026-01-02 08:00:00,0.0050911,0.0053283,0.0050674,0.0052143,44105580286.0
2026-01-02 12:00:00,0.0052143,0.0059073,0.0051922,0.0055507,107765856593.0
2026-01-02 16:00:00,0.0055507,0.0061016,0.0055266,0.0058952,64234414621.0
2026-01-02 20:00:00,0.0058946,0.006166,0.0058633,0.0060008,39847504066.0
2026-01-03 00:00:00,0.0060003,0.0062886,0.0059915,0.0061585,39841823970.0
2026-01-03 04:00:00,0.0061585,0.0061774,0.0057446,0.0058166,43249718803.0
2026-01-03 08:00:00,0.0058161,0.0062339,0.0057579,0.0059688,46968509392.0
2026-01-03 12:00:00,0.0059687,0.0061599,0.0059481,0.0061356,28990453716.0
2026-01-03 16:00:00,0.0061355,0.0063,0.0060377,0.006089,29561585571.0
2026-01-03 20:00:00,0.0060885,0.0062122,0.006027,0.0061073,15502589475.0
2026-01-04 00:00:00,0.0061074,0.0066299,0.0060859,0.0064249,58565884184.0
2026-01-04 04:00:00,0.0064249,0.006542,0.0063032,0.0065084,25704531977.0
2026-01-04 08:00:00,0.0065083,0.0071053,0.0064563,0.0070895,66210417783.0
2026-01-04 12:00:00,0.0070894,0.0071551,0.0068295,0.0069788,44481600164.0
2026-01-04 16:00:00,0.0069788,0.007176,0.00678,0.0069836,36413882847.0
2026-01-04 20:00:00,0.0069836,0.0072612,0.0069719,0.0071717,31229522333.0
2026-01-05 00:00:00,0.0071717,0.0072485,0.0068867,0.0070117,38400526768.0
2026-01-05 04:00:00,0.0070117,0.0071086,0.0068538,0.0069229,32539624310.0
2026-01-05 08:00:00,0.0069229,0.0069457,0.0065788,0.0067915,40922805262.0
2026-01-05 12:00:00,0.0067915,0.0069385,0.0066619,0.0067874,31571190672.0
2026-01-05 16:00:00,0.0067875,0.0069786,0.0067724,0.0068811,27415799822.0
2026-01-05 20:00:00,0.0068811,0.0070416,0.0068207,0.0070047,17223459837.0
2026-01-06 00:00:00,0.0070048,0.0071136,0.0068365,0.0070529,24673614554.0
2026-01-06 04:00:00,0.0070529,0.0070614,0.0067111,0.0067921,21275644716.0
2026-01-06 08:00:00,0.006792,0.0069982,0.0066927,0.0068267,22905865978.0
2026-01-06 12:00:00,0.0068267,0.0069526,0.0066061,0.0066793,30748952504.0
2026-01-06 16:00:00,0.0066792,0.0066865,0.00634,0.0065481,42958289900.0
2026-01-06 20:00:00,0.0065481,0.0067532,0.0064957,0.0067067,13661703080.0
2026-01-07 00:00:00,0.0067066,0.0067066,0.0065085,0.0066727,15424609112.0
2026-01-07 04:00:00,0.0066727,0.0068927,0.0066068,0.0068564,24954349328.0
2026-01-07 08:00:00,0.0068564,0.0071111,0.0066724,0.0066997,36946803563.0
2026-01-07 12:00:00,0.0066999,0.0067428,0.0064748,0.0065791,31294524645.0
2026-01-07 16:00:00,0.0065791,0.00685,0.0065189,0.0066127,26117055070.0
2026-01-07 20:00:00,0.0066128,0.0067089,0.0064533,0.0065616,13570522322.0
2026-01-08 00:00:00,0.0065617,0.0067,0.0064137,0.0064899,14548645396.0
2026-01-08 04:00:00,0.0064894,0.0065869,0.0063181,0.0064224,22948267313.0
2026-01-08 08:00:00,0.0064227,0.0064757,0.0061443,0.0062302,24563260498.0
2026-01-08 12:00:00,0.0062302,0.0062514,0.006,0.0062251,33188463892.0
2026-01-08 16:00:00,0.0062251,0.0062444,0.006051,0.0061083,18914041130.0
2026-01-08 20:00:00,0.0061083,0.0062118,0.0060507,0.0060843,9712491142.0
2026-01-09 00:00:00,0.0060843,0.0061595,0.0059419,0.0061487,18446449550.0
2026-01-09 04:00:00,0.0061486,0.0061853,0.0060833,0.0061531,9595995030.0
2026-01-09 08:00:00,0.006153,0.0061749,0.0060216,0.0061095,13459336688.0
2026-01-09 12:00:00,0.0061095,0.0062662,0.0060069,0.00614,34961842807.0
2026-01-09 16:00:00,0.00614,0.0064345,0.0060672,0.0061033,29726563735.0
2026-01-09 20:00:00,0.0061032,0.0061814,0.0060534,0.0061095,6710208920.0
2026-01-10 00:00:00,0.0061094,0.0061154,0.0059581,0.0060053,9864631993.0
2026-01-10 04:00:00,0.0060052,0.0060137,0.0058695,0.0059377,14021306824.0
2026-01-10 08:00:00,0.0059378,0.0060071,0.0059302,0.0059737,6543506409.0
2026-01-10 12:00:00,0.0059738,0.0059984,0.005956,0.0059959,5312691236.0
2026-01-10 16:00:00,0.0059958,0.0060249,0.0059542,0.0059926,5605680105.0
2026-01-10 20:00:00,0.0059926,0.005998,0.00588,0.0059424,5354321704.0
2026-01-11 00:00:00,0.0059423,0.0060127,0.0059215,0.0059748,4824316940.0
2026-01-11 04:00:00,0.0059749,0.0059986,0.0058821,0.005973,8442681540.0
2026-01-11 08:00:00,0.005973,0.0060127,0.0059505,0.0059791,4550472848.0
2026-01-11 12:00:00,0.0059791,0.0060651,0.0058256,0.005875,16475865734.0
2026-01-11 16:00:00,0.0058751,0.0059764,0.0058555,0.0058903,10136203918.0
2026-01-11 20:00:00,0.0058902,0.0058904,0.0056903,0.0058056,14222291367.0
2026-01-12 00:00:00,0.0058055,0.0060161,0.0057068,0.0059231,16546466262.0
2026-01-12 04:00:00,0.0059231,0.0060453,0.0058344,0.0058386,10988170273.0
2026-01-12 08:00:00,0.0058386,0.0058764,0.0057401,0.005841,11488658528.0
2026-01-12 12:00:00,0.0058411,0.005913,0.0057153,0.0059086,13369014932.0
2026-01-12 16:00:00,0.0059085,0.0059745,0.0058048,0.0058602,13686194918.0
2026-01-12 20:00:00,0.0058601,0.0059,0.0057111,0.0057297,8240674038.0
2026-01-13 00:00:00,0.0057298,0.0057775,0.0057,0.0057483,6745379100.0
2026-01-13 04:00:00,0.0057485,0.005905,0.0057428,0.0058655,9821081435.0
2026-01-13 08:00:00,0.0058655,0.005994,0.0058561,0.0059172,10637523407.0
2026-01-13 12:00:00,0.0059172,0.0060428,0.0058616,0.0060176,20291943975.0
2026-01-13 16:00:00,0.0060174,0.006188,0.0060011,0.0061528,17043572582.0
2026-01-13 20:00:00,0.0061529,0.0066135,0.0060833,0.0065715,26027564757.0
2026-01-14 00:00:00,0.0065716,0.0068833,0.0065584,0.0068618,27288512371.0
2026-01-14 04:00:00,0.0068618,0.006876,0.0066005,0.0066939,16955143429.0
2026-01-14 08:00:00,0.0066939,0.0067175,0.0064853,0.0065012,13905257339.0
2026-01-14 12:00:00,0.0065011,0.0065947,0.0063526,0.0064265,24772443688.0
2026-01-14 16:00:00,0.0064265,0.0065202,0.0061478,0.0062706,25782678005.0
2026-01-14 20:00:00,0.0062707,0.0063038,0.006186,0.0062412,6961310353.0
2026-01-15 00:00:00,0.0062411,0.0062615,0.0060203,0.0060475,12113354602.0
2026-01-15 04:00:00,0.0060473,0.006115,0.0060394,0.0060683,8297914829.0
2026-01-15 08:00:00,0.0060684,0.0061299,0.0059503,0.0059819,14231694358.0
2026-01-15 12:00:00,0.0059819,0.0060566,0.0058554,0.0059555,18372848649.0
2026-01-15 16:00:00,0.0059551,0.0059726,0.0058554,0.0058953,11455627858.0
2026-01-15 20:00:00,0.0058953,0.00594,0.0058559,0.0059097,4812654741.0
2026-01-16 00:00:00,0.0059097,0.0059373,0.00578,0.0058238,7726814951.0
2026-01-16 04:00:00,0.0058238,0.0059272,0.0057501,0.0059072,8689999296.0
2026-01-16 08:00:00,0.0059073,0.006,0.0058964,0.0059668,8219558247.0
2026-01-16 12:00:00,0.0059668,0.0059865,0.0057233,0.0057657,12655639938.0
2026-01-16 16:00:00,0.0057657,0.0058714,0.0057405,0.0058623,8147378531.0
2026-01-16 20:00:00,0.0058624,0.0059549,0.0058262,0.0059244,6353361873.0
2026-01-17 00:00:00,0.0059244,0.0059293,0.0058377,0.0058626,4803444800.0
2026-01-17 04:00:00,0.0058626,0.0058852,0.0058174,0.0058408,3624668700.0
2026-01-17 08:00:00,0.0058408,0.0058729,0.005806,0.0058502,4201657874.0
2026-01-17 12:00:00,0.0058501,0.0059612,0.0058134,0.0059436,7448174909.0
2026-01-17 16:00:00,0.0059435,0.0059448,0.0058301,0.0058816,6301816565.0
2026-01-17 20:00:00,0.0058818,0.0059051,0.005751,0.0057965,4609202479.0
2026-01-18 00:00:00,0.0057965,0.0058376,0.0057132,0.0057948,8995380373.0
2026-01-18 04:00:00,0.0057948,0.005817,0.0057513,0.0057729,3739179228.0
2026-01-18 08:00:00,0.0057727,0.0058133,0.0057586,0.0057893,3962438672.0
2026-01-18 12:00:00,0.0057894,0.005804,0.0056173,0.0056907,16141518371.0
2026-01-18 16:00:00,0.0056907,0.0057862,0.0056632,0.0057095,7228772070.0
2026-01-18 20:00:00,0.0057095,0.005744,0.00545,0.0054629,15015691278.0
2026-01-19 00:00:00,0.0054626,0.0054626,0.0048612,0.0052458,49333903345.0
2026-01-19 04:00:00,0.0052457,0.0052676,0.0051892,0.0052131,7582572421.0
2026-01-19 08:00:00,0.0052132,0.0052534,0.0051677,0.0052044,8106534809.0
2026-01-19 12:00:00,0.0052045,0.005226,0.0051406,0.0051783,9529283813.0
2026-01-19 16:00:00,0.0051783,0.0052868,0.0051754,0.0052678,11327722704.0
2026-01-19 20:00:00,0.0052678,0.0053155,0.0052082,0.0052739,9241626469.0
2026-01-20 00:00:00,0.005274,0.0052803,0.0051973,0.0052131,7226266602.0
2026-01-20 04:00:00,0.0052132,0.005256,0.0051457,0.0051483,12332759008.0
2026-01-20 08:00:00,0.0051481,0.0051551,0.0050774,0.0050908,12635052757.0
2026-01-20 12:00:00,0.0050909,0.00521,0.0050436,0.0051455,18169179328.0
2026-01-20 16:00:00,0.0051455,0.0051697,0.0049763,0.0050317,14943269085.0
2026-01-20 20:00:00,0.0050316,0.0051164,0.0049611,0.0049849,10037282621.0
2026-01-21 00:00:00,0.0049849,0.0051387,0.0049501,0.0050341,11773474498.0
2026-01-21 04:00:00,0.0050341,0.005108,0.00501,0.0050812,7876130257.0
2026-01-21 08:00:00,0.005081,0.0050894,0.0049485,0.0049693,9102441534.0
2026-01-21 12:00:00,0.0049693,0.0051739,0.0048211,0.0051474,35083031049.0
2026-01-21 16:00:00,0.0051473,0.0051866,0.0048268,0.0051744,36085495532.0
2026-01-21 20:00:00,0.0051745,0.0053483,0.0050624,0.0051403,17074377855.0
2026-01-22 00:00:00,0.0051402,0.0052455,0.0051381,0.0051835,9632618022.0
2026-01-22 04:00:00,0.0051834,0.0052231,0.0051012,0.0051245,7382323121.0
2026-01-22 08:00:00,0.0051244,0.0051634,0.005068,0.0050709,7866534430.0
2026-01-22 12:00:00,0.0050709,0.0050794,0.0048508,0.0049038,25355257914.0
2026-01-22 16:00:00,0.004904,0.0049987,0.0048684,0.0049706,11159918375.0
2026-01-22 20:00:00,0.0049706,0.00499,0.0049183,0.0049506,6166536405.0
2026-01-23 00:00:00,0.0049505,0.0050233,0.0049035,0.0050176,6911749695.0
2026-01-23 04:00:00,0.0050177,0.0050496,0.0049775,0.0049921,6500037471.0
2026-01-23 08:00:00,0.0049922,0.0050305,0.004947,0.0050067,8078823233.0
2026-01-23 12:00:00,0.0050068,0.0050416,0.0048605,0.0050344,14040098867.0
2026-01-23 16:00:00,0.0050344,0.0053082,0.004992,0.0050779,27494623258.0
2026-01-23 20:00:00,0.0050778,0.0050878,0.0049666,0.0050235,8947157291.0
2026-01-24 00:00:00,0.0050235,0.0050952,0.004989,0.0050714,5993577756.0
2026-01-24 04:00:00,0.0050714,0.0051261,0.0050178,0.0050215,5693685627.0
2026-01-24 08:00:00,0.0050216,0.0050765,0.0050163,0.0050318,4009740206.0
2026-01-24 12:00:00,0.005032,0.0050522,0.0049801,0.0049851,7125229652.0
2026-01-24 16:00:00,0.0049851,0.0050227,0.0049343,0.004995,5615957407.0
2026-01-24 20:00:00,0.0049951,0.0050395,0.0049799,0.0050006,5347343167.0
2026-01-25 00:00:00,0.0050005,0.0050508,0.004928,0.0049543,16481678937.0
2026-01-25 04:00:00,0.0049543,0.005041,0.0049363,0.0049558,9219619156.0
2026-01-25 08:00:00,0.0049559,0.0050659,0.004912,0.0050157,13823225171.0
2026-01-25 12:00:00,0.0050156,0.0050231,0.0048732,0.0048907,13069499952.0
2026-01-25 16:00:00,0.0048908,0.0048949,0.004612,0.0046352,36384249985.0
2026-01-25 20:00:00,0.0046353,0.004732,0.0046117,0.0047081,14254708331.0
2026-01-26 00:00:00,0.0047081,0.0048904,0.0047,0.0048116,12413038825.0
2026-01-26 04:00:00,0.0048115,0.0049115,0.0048112,0.0048513,8062462483.0
2026-01-26 08:00:00,0.0048514,0.0049368,0.0048406,0.0048806,8955231367.0
2026-01-26 12:00:00,0.0048806,0.0050336,0.0048701,0.0049195,15995773053.0
2026-01-26 16:00:00,0.0049196,0.0050182,0.0048824,0.0049657,11419761810.0
2026-01-26 20:00:00,0.0049658,0.005025,0.0049147,0.005006,8105011222.0
2026-01-27 00:00:00,0.005006,0.0052601,0.0049851,0.0050898,16003753495.0
2026-01-27 04:00:00,0.0050897,0.0051305,0.0049937,0.005008,9367888585.0
2026-01-27 08:00:00,0.0050081,0.0050269,0.0049429,0.0049651,6645195612.0
2026-01-27 12:00:00,0.0049651,0.005011,0.0049216,0.0049979,10883414200.0
2026-01-27 16:00:00,0.0049979,0.0051111,0.004833,0.0049807,24029067613.0
2026-01-27 20:00:00,0.0049805,0.0051141,0.0049716,0.0050233,12648180824.0
2026-01-28 00:00:00,0.0050233,0.0050568,0.0049657,0.0050005,8063495772.0
2026-01-28 04:00:00,0.0050004,0.0050924,0.0049632,0.005033,8149393291.0
2026-01-28 08:00:00,0.0050329,0.0051083,0.0049879,0.0050956,8616598263.0
2026-01-28 12:00:00,0.0050955,0.0050955,0.0049175,0.0049475,12316222170.0
2026-01-28 16:00:00,0.0049476,0.0050305,0.0049114,0.004997,11515289305.0
2026-01-28 20:00:00,0.0049971,0.0050585,0.0049307,0.0049803,8512424302.0
2026-01-29 00:00:00,0.0049804,0.0049914,0.0047732,0.0048186,14004011385.0
2026-01-29 04:00:00,0.0048185,0.0048586,0.0047841,0.0048417,6362376680.0
2026-01-29 08:00:00,0.0048418,0.0048631,0.0047943,0.0048013,6119602719.0
2026-01-29 12:00:00,0.0048012,0.0048374,0.0046247,0.0046781,22377404784.0
2026-01-29 16:00:00,0.0046781,0.0048437,0.0046005,0.004669,23827443938.0
2026-01-29 20:00:00,0.0046689,0.0047469,0.0046506,0.0047323,8518515976.0
2026-01-30 00:00:00,0.0047323,0.0047761,0.004512,0.0046059,21139098906.0
2026-01-30 04:00:00,0.0046059,0.0046739,0.0044996,0.0046099,16243197042.0
2026-01-30 08:00:00,0.0046097,0.0046555,0.0045103,0.0046429,11789176043.0
2026-01-30 12:00:00,0.0046428,0.0046572,0.00452,0.0046152,19089399590.0
2026-01-30 16:00:00,0.0046149,0.0047636,0.0045126,0.0046953,23556046848.0
2026-01-30 20:00:00,0.0046952,0.0046953,0.0045954,0.0046367,12382145023.0
2026-01-31 00:00:00,0.0046368,0.0046381,0.00456,0.00459,6430942044.0
2026-01-31 04:00:00,0.00459,0.0046048,0.00442,0.0044604,14182391966.0
2026-01-31 08:00:00,0.0044603,0.0044741,0.0043797,0.0044157,13204904318.0
2026-01-31 12:00:00,0.0044156,0.0044227,0.0041601,0.0042403,43256104891.0
2026-01-31 16:00:00,0.0042401,0.0042921,0.0038,0.0040578,58638152117.0
2026-01-31 20:00:00,0.0040579,0.0041747,0.0039913,0.0041466,18076435569.0
2026-02-01 00:00:00,0.0041466,0.0042027,0.0041084,0.0041935,11665142006.0
2026-02-01 04:00:00,0.0041934,0.0043103,0.0041848,0.0042596,11167935294.0
2026-02-01 08:00:00,0.0042595,0.0043015,0.0041982,0.0042731,13529948611.0
2026-02-01 12:00:00,0.0042732,0.0043233,0.0041182,0.0041823,21992236734.0
2026-02-01 16:00:00,0.0041822,0.0043177,0.0041147,0.0041882,20917048242.0
2026-02-01 20:00:00,0.0041881,0.0042708,0.0040691,0.0041569,20602974814.0
2026-02-02 00:00:00,0.0041568,0.0042594,0.0039843,0.00416,24420570481.0
2026-02-02 04:00:00,0.0041599,0.0042106,0.0039753,0.0040696,24287492235.0
2026-02-02 08:00:00,0.0040695,0.0042061,0.0040684,0.0041689,12618918366.0
2026-02-02 12:00:00,0.0041688,0.0043806,0.0041683,0.0043388,20297475288.0
2026-02-02 16:00:00,0.0043394,0.0043521,0.004225,0.0042343,11476502125.0
2026-02-02 20:00:00,0.0042344,0.0042857,0.0042194,0.0042478,6297133107.0
2026-02-03 00:00:00,0.0042478,0.0042698,0.0041593,0.0042485,11094737038.0
2026-02-03 04:00:00,0.0042484,0.0042907,0.0041933,0.0042345,8263179096.0
2026-02-03 08:00:00,0.0042346,0.0042423,0.0041413,0.0041901,11365764109.0
2026-02-03 12:00:00,0.0041902,0.0044121,0.0041791,0.0043702,20406994867.0
2026-02-03 16:00:00,0.0043703,0.004376,0.0039992,0.0041977,36995297645.0
2026-02-03 20:00:00,0.0041976,0.004394,0.0040973,0.0041199,22200624719.0
2026-02-04 00:00:00,0.0041199,0.0042869,0.0041026,0.0042687,10836435850.0
2026-02-04 04:00:00,0.0042686,0.0042765,0.0042139,0.0042391,7778729460.0
2026-02-04 08:00:00,0.004239,0.0042728,0.0041585,0.0041938,9374878137.0
2026-02-04 12:00:00,0.0041939,0.0042139,0.0039968,0.0040516,22392996063.0
2026-02-04 16:00:00,0.0040518,0.0043122,0.0040128,0.0043041,29607127605.0
2026-02-04 20:00:00,0.004304,0.0043177,0.0041188,0.0042032,17190552434.0
2026-02-05 00:00:00,0.0042032,0.0042098,0.004064,0.0040892,16599406080.0
2026-02-05 04:00:00,0.0040892,0.0041319,0.0039926,0.004008,19404943467.0
2026-02-05 08:00:00,0.0040081,0.0041061,0.0038392,0.0039011,22946761776.0
2026-02-05 12:00:00,0.0039012,0.0039571,0.0036147,0.0037062,45200026982.0
2026-02-05 16:00:00,0.0037062,0.0037793,0.0036064,0.0036262,34811591385.0
2026-02-05 20:00:00,0.0036263,0.00366,0.0034028,0.0034273,53249323796.0
2026-02-06 00:00:00,0.0034273,0.0035673,0.0031011,0.0034774,76098851806.0
2026-02-06 04:00:00,0.0034774,0.0037492,0.0034657,0.0035963,29671280999.0
2026-02-06 08:00:00,0.0035963,0.0037136,0.0035398,0.0036753,18978487108.0
2026-02-06 12:00:00,0.0036751,0.0038229,0.0036423,0.0037829,25522752090.0
2026-02-06 16:00:00,0.0037828,0.0039932,0.0037688,0.0038924,31163993377.0
2026-02-06 20:00:00,0.0038924,0.0039719,0.0038508,0.0039113,12037848308.0
2026-02-07 00:00:00,0.0039112,0.0039405,0.003853,0.0039051,12042286860.0
2026-02-07 04:00:00,0.0039051,0.0039342,0.0037361,0.0037785,19906832277.0
2026-02-07 08:00:00,0.0037786,0.0038176,0.0037572,0.003766,10720319406.0
2026-02-07 12:00:00,0.003766,0.0038834,0.0037435,0.0038077,16071871139.0
2026-02-07 16:00:00,0.0038077,0.0039356,0.0037918,0.0038754,26384671860.0
2026-02-07 20:00:00,0.0038753,0.0039115,0.0038328,0.0038624,6103510646.0
2026-02-08 00:00:00,0.0038624,0.0038715,0.003788,0.0037931,6495002042.0
2026-02-08 04:00:00,0.003793,0.00383,0.0037722,0.0038046,5829764813.0
2026-02-08 08:00:00,0.0038043,0.0038995,0.0037838,0.0038893,12540107691.0
2026-02-08 12:00:00,0.0038894,0.0039155,0.0038168,0.003835,10519594849.0
2026-02-08 16:00:00,0.003835,0.003852,0.0037284,0.0038007,13014640982.0
2026-02-08 20:00:00,0.0038006,0.003863,0.0037075,0.0037756,12308675804.0
2026-02-09 00:00:00,0.0037756,0.0038555,0.0037402,0.003842,10790280956.0
2026-02-09 04:00:00,0.0038419,0.0038455,0.0037431,0.0037533,9733071682.0
2026-02-09 08:00:00,0.0037533,0.003758,0.0036189,0.0036625,15686883987.0
2026-02-09 12:00:00,0.0036626,0.0037741,0.0036577,0.0037703,14134736664.0
2026-02-09 16:00:00,0.0037702,0.0038552,0.0037426,0.0038177,14904765863.0
2026-02-09 20:00:00,0.0038175,0.0038468,0.0037605,0.0038153,8502863291.0
2026-02-10 00:00:00,0.0038153,0.0038434,0.0037259,0.003754,9431505340.0
2026-02-10 04:00:00,0.003754,0.0037834,0.0036624,0.003672,10748719346.0
2026-02-10 08:00:00,0.003672,0.0037068,0.0036224,0.0036352,12668508748.0
2026-02-10 12:00:00,0.0036353,0.0036864,0.0036201,0.0036353,15656524378.0
2026-02-10 16:00:00,0.0036352,0.0037061,0.0035911,0.0036472,15105019763.0
2026-02-10 20:00:00,0.0036471,0.0036647,0.0036261,0.0036476,6261671604.0
2026-02-11 00:00:00,0.0036475,0.0037102,0.0036266,0.0036681,8243067582.0
2026-02-11 04:00:00,0.003668,0.0036765,0.0035229,0.0035433,15166281283.0
2026-02-11 08:00:00,0.0035433,0.0035549,0.0035066,0.003542,9828118855.0
2026-02-11 12:00:00,0.0035419,0.0037406,0.0034581,0.0035012,30709424881.0
2026-02-11 16:00:00,0.0035011,0.0036352,0.0034911,0.0035947,20338941901.0
2026-02-11 20:00:00,0.0035946,0.0036628,0.003519,0.0035642,12209723607.0
2026-02-12 00:00:00,0.0035643,0.0036467,0.0035629,0.0036258,7693939898.0
2026-02-12 04:00:00,0.0036258,0.0037128,0.0036065,0.0036921,10860985109.0
2026-02-12 08:00:00,0.0036921,0.0037679,0.0036645,0.0037296,11589133933.0
2026-02-12 12:00:00,0.0037295,0.0037624,0.0036801,0.0036837,15950574852.0
2026-02-12 16:00:00,0.0036838,0.0037001,0.003589,0.0036503,19111064752.0
2026-02-12 20:00:00,0.0036503,0.0037396,0.0036015,0.0037183,11523548306.0
2026-02-13 00:00:00,0.0037182,0.0037356,0.0036607,0.0036986,9891848644.0
2026-02-13 04:00:00,0.0036986,0.0037123,0.0036301,0.0036877,9638934461.0
2026-02-13 08:00:00,0.0036877,0.0037252,0.0036613,0.0036816,8113455280.0
2026-02-13 12:00:00,0.0036815,0.0038086,0.0036534,0.0037396,22890695781.0
2026-02-13 16:00:00,0.0037396,0.0038354,0.0037216,0.0038097,15875401064.0
2026-02-13 20:00:00,0.0038096,0.0038408,0.0037744,0.0037746,6981687313.0
2026-02-14 00:00:00,0.0037747,0.0038787,0.0037558,0.0038422,10408265168.0
2026-02-14 04:00:00,0.0038421,0.0038476,0.0037655,0.003793,9385137534.0
2026-02-14 08:00:00,0.003793,0.0039788,0.003792,0.0039456,15085423807.0
2026-02-14 12:00:00,0.0039455,0.0041994,0.0038694,0.0041898,25976008944.0
2026-02-14 16:00:00,0.0041897,0.0047612,0.0041671,0.0047377,56695420885.0
2026-02-14 20:00:00,0.0047376,0.0050048,0.0046048,0.004834,62197554721.0
2026-02-15 00:00:00,0.004834,0.00496,0.0047334,0.0049351,44535221238.0
2026-02-15 04:00:00,0.0049351,0.0050971,0.0048148,0.0048819,40124092666.0
2026-02-15 08:00:00,0.0048819,0.0049232,0.0046212,0.0047082,34027258272.0
2026-02-15 12:00:00,0.0047081,0.0047161,0.0045206,0.0046575,37567021174.0
2026-02-15 16:00:00,0.0046575,0.0046692,0.0043933,0.0044106,34187720909.0
2026-02-15 20:00:00,0.0044105,0.0044565,0.0043417,0.0044136,20413367257.0
2026-02-16 00:00:00,0.0044135,0.0044906,0.0044037,0.0044503,15296049615.0
2026-02-16 04:00:00,0.0044503,0.0045633,0.0044266,0.0044707,16599702414.0
2026-02-16 08:00:00,0.0044708,0.0045597,0.0044115,0.0044913,15279391779.0
2026-02-16 12:00:00,0.0044914,0.0045809,0.0043581,0.0043821,31047893001.0
2026-02-16 16:00:00,0.0043821,0.0045061,0.0043772,0.004463,13089859248.0
2026-02-16 20:00:00,0.0044629,0.0045431,0.0044436,0.0044769,9653827733.0
2026-02-17 00:00:00,0.004477,0.0044854,0.0044103,0.004429,7517448810.0
2026-02-17 04:00:00,0.004429,0.0044394,0.00435,0.0043742,10177309512.0
2026-02-17 08:00:00,0.0043743,0.0044,0.0042839,0.0043844,13952842013.0
2026-02-17 12:00:00,0.0043844,0.0044599,0.0043451,0.0044223,18067016246.0
2026-02-17 16:00:00,0.0044224,0.0045206,0.0043702,0.0044113,16723953199.0
2026-02-17 20:00:00,0.0044114,0.0044238,0.0043722,0.004396,5908078639.0
2026-02-18 00:00:00,0.0043959,0.0044128,0.0043411,0.0043969,5877171009.0
2026-02-18 04:00:00,0.0043969,0.0044179,0.0043574,0.0043854,5339805546.0
2026-02-18 08:00:00,0.0043855,0.0044316,0.0043203,0.0043539,10499852731.0
2026-02-18 12:00:00,0.004354,0.0044132,0.0042807,0.0043767,13438209962.0
2026-02-18 16:00:00,0.0043767,0.0043841,0.0042098,0.0042425,14813030491.0
2026-02-18 20:00:00,0.0042426,0.0042568,0.004178,0.004233,7912624358.0
2026-02-19 00:00:00,0.0042331,0.0042529,0.0042057,0.0042292,4876369346.0
2026-02-19 04:00:00,0.0042293,0.0042551,0.0041785,0.004219,5696832231.0
2026-02-19 08:00:00,0.004219,0.0042217,0.0041647,0.004208,7428483486.0
2026-02-19 12:00:00,0.004208,0.0042748,0.0041309,0.0041758,15777360246.0
2026-02-19 16:00:00,0.0041757,0.00423,0.0041187,0.0042075,10792631049.0
2026-02-19 20:00:00,0.0042075,0.0042398,0.0041852,0.0042272,5860842907.0
2026-02-20 00:00:00,0.0042272,0.0042871,0.0042161,0.0042222,9010144087.0
2026-02-20 04:00:00,0.0042223,0.0042368,0.0041585,0.00419,8894864039.0
2026-02-20 08:00:00,0.00419,0.0042477,0.0041703,0.0041883,8482524222.0
2026-02-20 12:00:00,0.0041884,0.0043202,0.0040564,0.0043075,26488294759.0
2026-02-20 16:00:00,0.0043076,0.0043888,0.0041772,0.0042153,25169762610.0
2026-02-20 20:00:00,0.0042153,0.0042676,0.0042022,0.0042552,6094595400.0
2026-02-21 00:00:00,0.0042553,0.00429,0.0042352,0.004276,6912767706.0
2026-02-21 04:00:00,0.004276,0.0043275,0.0042606,0.0043114,7061859387.0
2026-02-21 08:00:00,0.0043114,0.0044099,0.0042793,0.0042976,14474263794.0
2026-02-21 12:00:00,0.0042976,0.0043337,0.0041701,0.0042058,19264749590.0
2026-02-21 16:00:00,0.0042058,0.0042152,0.0041735,0.0041977,8100178436.0
2026-02-21 20:00:00,0.0041977,0.0042009,0.0041285,0.0041503,7724463508.0
2026-02-22 00:00:00,0.0041504,0.0041519,0.0040452,0.0040886,9416269779.0
2026-02-22 04:00:00,0.0040886,0.0041056,0.0040636,0.0040974,6966606520.0
2026-02-22 08:00:00,0.0040974,0.0041306,0.004076,0.0041004,6819158359.0
2026-02-22 12:00:00,0.0041004,0.0041044,0.0040187,0.0040838,14160913583.0
2026-02-22 16:00:00,0.0040838,0.0040848,0.0040328,0.0040444,5791108151.0
2026-02-22 20:00:00,0.0040444,0.0040574,0.0039835,0.0040527,7512815848.0
2026-02-23 00:00:00,0.0040528,0.0040589,0.0038427,0.0039184,25514452471.0
2026-02-23 04:00:00,0.0039184,0.0040552,0.0038891,0.0040183,12484608884.0
2026-02-23 08:00:00,0.0040182,0.0041195,0.0040089,0.0040991,11643450400.0
2026-02-23 12:00:00,0.0040991,0.0042118,0.0040226,0.0040236,20794026915.0
2026-02-23 16:00:00,0.0040237,0.0040674,0.0039661,0.0040001,14138645348.0
2026-02-23 20:00:00,0.004,0.0040143,0.0039521,0.0039664,10489401935.0
2026-02-24 00:00:00,0.0039664,0.0039947,0.0038774,0.0038974,14302550061.0
2026-02-24 04:00:00,0.0038975,0.0039309,0.0038661,0.0039216,9853311194.0
2026-02-24 08:00:00,0.0039216,0.0039376,0.0038769,0.0039016,7531937314.0
2026-02-24 12:00:00,0.0039017,0.0040035,0.003831,0.0039703,17099851253.0
2026-02-24 16:00:00,0.0039703,0.0040168,0.0038964,0.0039214,12290439327.0
2026-02-24 20:00:00,0.0039215,0.00398,0.0039065,0.0039445,8792590685.0
2026-02-25 00:00:00,0.0039445,0.004163,0.0039351,0.0040061,21095974074.0
2026-02-25 04:00:00,0.0040062,0.0040138,0.0038842,0.0039235,14130421977.0
2026-02-25 08:00:00,0.0039235,0.0040235,0.0039159,0.003993,12163415345.0
2026-02-25 12:00:00,0.0039929,0.004198,0.0039901,0.0041856,28354636421.0
2026-02-25 16:00:00,0.0041857,0.0043872,0.0041639,0.0043569,27139831594.0
2026-02-25 20:00:00,0.004357,0.0044525,0.0040723,0.0041359,22653552181.0
2026-02-26 00:00:00,0.0041359,0.0041788,0.0040307,0.0040935,13959433830.0
2026-02-26 04:00:00,0.0040934,0.0041423,0.0040154,0.0040349,12171169039.0
2026-02-26 08:00:00,0.004035,0.0040688,0.0039304,0.0039579,15358714835.0
2026-02-26 12:00:00,0.003958,0.0039931,0.0038683,0.0038946,22607693658.0
2026-02-26 16:00:00,0.0038946,0.003897,0.0037737,0.0038474,24949438269.0
2026-02-26 20:00:00,0.0038473,0.0038639,0.0037822,0.0038234,11278454000.0
2026-02-27 00:00:00,0.0038234,0.0038743,0.0038024,0.003841,13376965991.0
2026-02-27 04:00:00,0.0038411,0.0039143,0.0038392,0.0038818,14661017190.0
2026-02-27 08:00:00,0.0038818,0.0039054,0.0037,0.0037314,19532216268.0
2026-02-27 12:00:00,0.0037313,0.0037446,0.0036602,0.0036799,18977360949.0
2026-02-27 16:00:00,0.00368,0.0037069,0.003627,0.0036541,15306843627.0
2026-02-27 20:00:00,0.0036541,0.0036928,0.003589,0.0036802,11450445040.0
2026-02-28 00:00:00,0.0036802,0.0036948,0.0036362,0.0036497,9917984803.0
2026-02-28 04:00:00,0.0036497,0.0036603,0.0034262,0.0035024,32747390653.0
2026-02-28 08:00:00,0.0035023,0.0035031,0.0034164,0.0034499,17424981837.0
2026-02-28 12:00:00,0.0034499,0.0035887,0.0034486,0.0035372,22506543584.0
2026-02-28 16:00:00,0.0035371,0.0036437,0.003511,0.003606,15441840440.0
2026-02-28 20:00:00,0.0036061,0.0036965,0.0035927,0.0036532,15952869104.0
2026-03-01 00:00:00,0.0036532,0.0037934,0.003605,0.0036739,22228776416.0
2026-03-01 04:00:00,0.0036739,0.0036865,0.0035925,0.0036363,12542513209.0
2026-03-01 08:00:00,0.0036364,0.00364,0.0035355,0.0035438,13642569150.0
2026-03-01 12:00:00,0.0035438,0.0036088,0.0034916,0.0035185,21068731151.0
2026-03-01 16:00:00,0.0035183,0.0035399,0.0034168,0.0034331,23513563881.0
2026-03-01 20:00:00,0.003433,0.0034733,0.0033553,0.0034494,21411380501.0
2026-03-02 00:00:00,0.0034493,0.0035349,0.0034352,0.0034751,14798373374.0
2026-03-02 04:00:00,0.0034751,0.0034773,0.0033836,0.003404,15860913904.0
2026-03-02 08:00:00,0.0034041,0.0034893,0.0033655,0.0034713,17919760608.0
2026-03-02 12:00:00,0.0034713,0.0036816,0.0034289,0.003635,33336585679.0
2026-03-02 16:00:00,0.003635,0.0036996,0.0035449,0.0035887,29968166271.0
2026-03-02 20:00:00,0.0035887,0.0036157,0.0035022,0.0035156,14115903710.0
2026-03-03 00:00:00,0.0035155,0.0035444,0.0034611,0.0034949,16028847054.0
2026-03-03 04:00:00,0.003495,0.0035497,0.0034527,0.0034733,16755729852.0
2026-03-03 08:00:00,0.0034733,0.0034764,0.0033723,0.0034116,20127043638.0
2026-03-03 12:00:00,0.0034114,0.0034841,0.0033376,0.0034674,25534809962.0
2026-03-03 16:00:00,0.0034672,0.0035489,0.003407,0.0034394,22114993572.0
2026-03-03 20:00:00,0.0034393,0.0035016,0.0033851,0.0034586,10990854574.0
2026-03-04 00:00:00,0.0034586,0.0034996,0.0033863,0.0034245,14044442566.0
2026-03-04 04:00:00,0.0034244,0.0034978,0.0033934,0.0034763,11787975314.0
2026-03-04 08:00:00,0.0034764,0.0036043,0.0034576,0.0035462,25842951586.0
2026-03-04 12:00:00,0.0035461,0.00374,0.0035068,0.0037289,35483557254.0
2026-03-04 16:00:00,0.003729,0.003789,0.0036311,0.0037425,30253767169.0
2026-03-04 20:00:00,0.0037426,0.0037476,0.0036254,0.0036488,14756665401.0
2026-03-05 00:00:00,0.003649,0.0036557,0.0035763,0.0036054,13493870363.0
2026-03-05 04:00:00,0.0036055,0.0036399,0.0035242,0.0035388,16024568044.0
2026-03-05 08:00:00,0.0035388,0.0036242,0.0035317,0.0035428,20219843649.0
2026-03-05 12:00:00,0.0035429,0.0035655,0.0034706,0.00348,24825529359.0
2026-03-05 16:00:00,0.0034801,0.0035049,0.0034042,0.0034808,21107701003.0
2026-03-05 20:00:00,0.0034809,0.0035334,0.003466,0.0034742,9348000787.0
2026-03-06 00:00:00,0.0034741,0.0035144,0.0034578,0.0034856,8411357120.0
2026-03-06 04:00:00,0.0034856,0.0035248,0.0034626,0.0035133,9273379009.0
2026-03-06 08:00:00,0.0035133,0.0035138,0.0034224,0.0034418,12477604329.0
2026-03-06 12:00:00,0.0034418,0.0034886,0.0033211,0.0033623,27405800701.0
2026-03-06 16:00:00,0.0033621,0.0033828,0.0032889,0.0033618,16337533972.0
2026-03-06 20:00:00,0.0033619,0.0034077,0.0033528,0.0033857,6532457575.0
2026-03-07 00:00:00,0.0033857,0.0034231,0.0033699,0.0033783,7279154967.0
2026-03-07 04:00:00,0.0033784,0.0033888,0.0033367,0.0033517,6979873038.0
2026-03-07 08:00:00,0.0033518,0.0033664,0.0033306,0.0033577,5563789681.0
2026-03-07 12:00:00,0.0033578,0.003364,0.0032141,0.0032681,22594233782.0
2026-03-07 16:00:00,0.0032681,0.0032722,0.0032284,0.0032372,11297079781.0
2026-03-07 20:00:00,0.0032372,0.0032575,0.0031888,0.0032458,10121872501.0
2026-03-08 00:00:00,0.0032458,0.0032496,0.0031829,0.0031966,11408273305.0
2026-03-08 04:00:00,0.0031967,0.0032276,0.0031683,0.0032219,10713051722.0
2026-03-08 08:00:00,0.0032219,0.0032939,0.0032062,0.0032456,15422140057.0
2026-03-08 12:00:00,0.0032456,0.0032545,0.0031537,0.0031741,18549420995.0
2026-03-08 16:00:00,0.003174,0.0031979,0.0031251,0.0031849,12677697185.0
2026-03-08 20:00:00,0.003185,0.003217,0.0031182,0.0031792,17104175116.0
2026-03-09 00:00:00,0.0031792,0.0032896,0.0031779,0.0032423,18171944368.0
2026-03-09 04:00:00,0.0032424,0.0033161,0.0032189,0.0032475,17530359665.0
2026-03-09 08:00:00,0.0032475,0.0032871,0.0032298,0.0032669,13941464011.0
2026-03-09 12:00:00,0.0032669,0.0033391,0.0032668,0.0033204,22003372794.0
2026-03-09 16:00:00,0.0033204,0.0033856,0.003277,0.0033126,19451113412.0
2026-03-09 20:00:00,0.0033126,0.0033331,0.0032267,0.0032628,14916318762.0
2026-03-10 00:00:00,0.0032627,0.003343,0.0032564,0.0032956,14364787352.0
2026-03-10 04:00:00,0.0032956,0.0033247,0.0032702,0.0033192,11596793227.0
2026-03-10 08:00:00,0.0033193,0.0034032,0.0033167,0.0033851,20588556792.0
2026-03-10 12:00:00,0.0033851,0.0034959,0.0033062,0.0034695,34670102152.0
2026-03-10 16:00:00,0.0034696,0.0035267,0.0033031,0.0033312,26336060189.0
2026-03-10 20:00:00,0.0033312,0.0033484,0.0032745,0.0032974,12146553078.0
2026-03-11 00:00:00,0.0032973,0.0033112,0.0032567,0.0032869,11612378452.0
2026-03-11 04:00:00,0.003287,0.0033117,0.0032424,0.0032711,10207326988.0
2026-03-11 08:00:00,0.0032712,0.0032929,0.0032489,0.0032791,8704391782.0
2026-03-11 12:00:00,0.0032792,0.0033854,0.0032636,0.0033356,24797146178.0
2026-03-11 16:00:00,0.0033356,0.0033913,0.0033254,0.0033653,13619932703.0
2026-03-11 20:00:00,0.0033653,0.0033696,0.0033248,0.003328,8743267343.0
2026-03-12 00:00:00,0.0033279,0.0033344,0.0032705,0.0032775,9973853909.0
2026-03-12 04:00:00,0.0032774,0.0032994,0.0032597,0.0032917,8500638650.0
2026-03-12 08:00:00,0.0032917,0.0033531,0.00325,0.0033263,15623662770.0
2026-03-12 12:00:00,0.0033263,0.0033543,0.0032565,0.0032951,20394004156.0
2026-03-12 16:00:00,0.003295,0.0033614,0.0032704,0.0033511,11668991362.0
2026-03-12 20:00:00,0.0033512,0.0033938,0.0033137,0.0033495,10231119814.0
2026-03-13 00:00:00,0.0033494,0.0034671,0.0033372,0.003455,18110690371.0
2026-03-13 04:00:00,0.003455,0.0034675,0.0034137,0.0034456,10655399691.0
2026-03-13 08:00:00,0.0034455,0.003623,0.0034329,0.0036022,25238963955.0
2026-03-13 12:00:00,0.0036022,0.0036769,0.0034519,0.0034787,42929828759.0
2026-03-13 16:00:00,0.0034787,0.0034994,0.0033774,0.0033895,19351354912.0
2026-03-13 20:00:00,0.0033895,0.0034252,0.0033521,0.0033687,11524188983.0
2026-03-14 00:00:00,0.0033686,0.00342,0.0033564,0.0034035,8938630842.0
2026-03-14 04:00:00,0.0034035,0.0034289,0.003325,0.003342,11547979019.0
2026-03-14 08:00:00,0.003342,0.0033566,0.003315,0.0033395,8673755538.0
2026-03-14 12:00:00,0.0033395,0.003377,0.0033258,0.0033469,10100988595.0
2026-03-14 16:00:00,0.0033469,0.0033584,0.003315,0.003319,5259125116.0
2026-03-14 20:00:00,0.003319,0.0033628,0.0032946,0.0033531,7015728425.0
2026-03-15 00:00:00,0.0033531,0.003394,0.0033233,0.0033628,9148848800.0
2026-03-15 04:00:00,0.0033629,0.0033767,0.0033313,0.0033552,9316311190.0
2026-03-15 08:00:00,0.0033553,0.003388,0.0033547,0.0033784,7156205606.0
2026-03-15 12:00:00,0.0033785,0.003387,0.0033311,0.0033412,8808543117.0
2026-03-15 16:00:00,0.0033412,0.0033817,0.0033148,0.003356,10466939606.0
2026-03-15 20:00:00,0.003356,0.0034622,0.0033445,0.0034559,16639991321.0
2026-03-16 00:00:00,0.0034558,0.0036288,0.0034525,0.0035971,27084850073.0
2026-03-16 04:00:00,0.0035971,0.0040483,0.003597,0.004026,69620810558.0
2026-03-16 08:00:00,0.0040263,0.0040976,0.0038814,0.003971,75646094877.0
2026-03-16 12:00:00,0.003971,0.0041399,0.0038911,0.0039012,66624897981.0
2026-03-16 16:00:00,0.0039011,0.0040328,0.0038984,0.003995,28380241624.0
2026-03-16 20:00:00,0.0039949,0.0040459,0.003939,0.00401,19843820413.0
2026-03-17 00:00:00,0.0040101,0.0040234,0.0039003,0.0039195,31282757410.0
2026-03-17 04:00:00,0.0039195,0.0039303,0.003777,0.0038124,35464759826.0
2026-03-17 08:00:00,0.0038124,0.003827,0.0037067,0.0037107,24272080412.0
2026-03-17 12:00:00,0.0037108,0.0037342,0.0036238,0.0036419,43695872243.0
2026-03-17 16:00:00,0.0036419,0.0037392,0.0036312,0.0036844,20930806670.0
2026-03-17 20:00:00,0.0036843,0.0037309,0.0036554,0.003664,11525455525.0
2026-03-18 00:00:00,0.0036641,0.003799,0.003647,0.0037354,19255584146.0
2026-03-18 04:00:00,0.0037355,0.0037406,0.0036426,0.0036667,18052747443.0
2026-03-18 08:00:00,0.0036667,0.0036834,0.0035501,0.0035874,19367679275.0
2026-03-18 12:00:00,0.0035874,0.0035911,0.0034422,0.0034661,30185367392.0
2026-03-18 16:00:00,0.0034658,0.003533,0.0034254,0.0034729,18559358491.0
2026-03-18 20:00:00,0.0034728,0.0035261,0.0034554,0.003524,8830736492.0
2026-03-19 00:00:00,0.0035241,0.0035678,0.0034934,0.0035161,8281613711.0
2026-03-19 04:00:00,0.0035161,0.0035193,0.0034201,0.0034543,13248937979.0
2026-03-19 08:00:00,0.0034543,0.0034873,0.0034411,0.0034442,9223606536.0
2026-03-19 12:00:00,0.0034441,0.0034715,0.0033302,0.0034,42454400405.0
2026-03-19 16:00:00,0.0034001,0.0034191,0.0033301,0.003394,12182034582.0
2026-03-19 20:00:00,0.0033939,0.0034194,0.0033877,0.0034131,6403239423.0
2026-03-20 00:00:00,0.003413,0.003454,0.003405,0.0034235,10314948449.0
2026-03-20 04:00:00,0.0034235,0.003482,0.0034089,0.0034459,11320101019.0
2026-03-20 08:00:00,0.0034459,0.0034741,0.0034144,0.0034263,9468742931.0
2026-03-20 12:00:00,0.0034263,0.0034433,0.003382,0.0034366,13199502686.0
2026-03-20 16:00:00,0.0034367,0.0034476,0.0033627,0.0034034,11024697319.0
2026-03-20 20:00:00,0.0034034,0.0034513,0.0033782,0.0034133,7446937686.0
2026-03-21 00:00:00,0.0034133,0.0034368,0.0034083,0.0034321,4711843469.0
2026-03-21 04:00:00,0.0034322,0.0034582,0.0034194,0.0034255,5353262633.0
2026-03-21 08:00:00,0.0034255,0.0034352,0.0034027,0.0034125,4294625645.0
2026-03-21 12:00:00,0.0034125,0.0034473,0.0034031,0.0034473,7527210186.0
2026-03-21 16:00:00,0.0034473,0.0034483,0.0034001,0.0034049,5528171292.0
2026-03-21 20:00:00,0.0034048,0.0034416,0.0032767,0.0033106,15995384998.0
2026-03-22 00:00:00,0.0033108,0.0033779,0.00325,0.0033456,18586523670.0
2026-03-22 04:00:00,0.0033456,0.0033655,0.0033177,0.0033192,7812409536.0
2026-03-22 08:00:00,0.0033193,0.0033251,0.0032828,0.0032896,9778572136.0
2026-03-22 12:00:00,0.0032896,0.0033362,0.0032871,0.0033075,7423647473.0
2026-03-22 16:00:00,0.0033075,0.0033118,0.003256,0.0032686,7987781916.0
2026-03-22 20:00:00,0.0032687,0.0033058,0.0032169,0.0032753,11952239542.0
2026-03-23 00:00:00,0.0032753,0.0033475,0.0032633,0.0033162,9576356991.0
2026-03-23 04:00:00,0.0033162,0.0033565,0.003268,0.0032797,12758620761.0
2026-03-23 08:00:00,0.0032798,0.0034846,0.0032433,0.0033769,37355480547.0
2026-03-23 12:00:00,0.0033769,0.0035693,0.0033552,0.0034512,34100685710.0
2026-03-23 16:00:00,0.0034512,0.003542,0.0034029,0.0034938,18001395047.0
2026-03-23 20:00:00,0.0034939,0.0035258,0.003425,0.0034543,8264522491.0
2026-03-24 00:00:00,0.0034543,0.003466,0.0033801,0.0034276,11174461498.0
2026-03-24 04:00:00,0.0034277,0.0034923,0.0033943,0.0034821,9472392932.0
2026-03-24 08:00:00,0.0034821,0.0034893,0.0034008,0.0034197,11519181927.0
2026-03-24 12:00:00,0.0034198,0.0034408,0.0033757,0.0034137,16283666161.0
2026-03-24 16:00:00,0.0034137,0.0034389,0.003375,0.0034239,9245736298.0
2026-03-24 20:00:00,0.0034238,0.0035372,0.0034209,0.0035312,12705484445.0
2026-03-25 00:00:00,0.0035313,0.003552,0.0034852,0.0035278,9666483951.0
2026-03-25 04:00:00,0.0035277,0.003616,0.003515,0.0035722,14430099535.0
2026-03-25 08:00:00,0.0035723,0.0036,0.0035278,0.0035531,10624523269.0
2026-03-25 12:00:00,0.0035531,0.0036037,0.0034916,0.0035147,14930004980.0
2026-03-25 16:00:00,0.0035148,0.0035581,0.003504,0.0035341,8914315288.0
2026-03-25 20:00:00,0.0035341,0.0035485,0.0034989,0.0035388,7202683432.0
2026-03-26 00:00:00,0.0035388,0.0035437,0.0034716,0.0034911,8344467561.0
2026-03-26 04:00:00,0.003491,0.003491,0.0034211,0.0034447,9925604835.0
2026-03-26 08:00:00,0.0034447,0.0034478,0.0033823,0.003392,10512539315.0
2026-03-26 12:00:00,0.003392,0.0034408,0.0033702,0.0033822,12064555248.0
2026-03-26 16:00:00,0.003382,0.003396,0.0033559,0.0033717,8353293965.0
2026-03-26 20:00:00,0.0033716,0.0034476,0.0033669,0.0034029,10010970732.0
2026-03-27 00:00:00,0.0034031,0.0034376,0.003391,0.0033933,5306397920.0
2026-03-27 04:00:00,0.0033933,0.0034073,0.0033704,0.0033984,7063979532.0
2026-03-27 08:00:00,0.0033984,0.0034093,0.0032448,0.0032806,20052175865.0
2026-03-27 12:00:00,0.0032808,0.0033236,0.0032503,0.0032999,14218771975.0
2026-03-27 16:00:00,0.0033,0.0033168,0.0032603,0.0032855,9108699453.0
2026-03-27 20:00:00,0.0032856,0.0032999,0.0032524,0.0032759,5192929421.0
2026-03-28 00:00:00,0.0032759,0.0032885,0.003254,0.0032612,5464246822.0
2026-03-28 04:00:00,0.0032613,0.0033249,0.0032522,0.0033235,5910891309.0
2026-03-28 08:00:00,0.0033235,0.0033657,0.0033077,0.0033239,8562195198.0
2026-03-28 12:00:00,0.0033239,0.0034015,0.0033076,0.003368,12189727606.0
2026-03-28 16:00:00,0.0033681,0.0033772,0.0033339,0.0033443,6621955366.0
2026-03-28 20:00:00,0.0033444,0.0033552,0.0032686,0.0032813,8744114865.0
2026-03-29 00:00:00,0.0032813,0.0033235,0.0032654,0.0033129,6757423772.0
2026-03-29 04:00:00,0.003313,0.0033164,0.0032907,0.0032985,5491061196.0
2026-03-29 08:00:00,0.0032985,0.0033075,0.00327,0.0032886,5904254965.0
2026-03-29 12:00:00,0.0032886,0.0032894,0.0032318,0.0032574,11662880177.0
2026-03-29 16:00:00,0.0032575,0.0032723,0.0032421,0.0032618,4289020392.0
2026-03-29 20:00:00,0.0032619,0.0033184,0.0031627,0.0032734,19148036103.0
2026-03-30 00:00:00,0.0032735,0.0033775,0.0032725,0.0033445,15168304008.0
2026-03-30 04:00:00,0.0033445,0.0034076,0.0033445,0.0034035,12010565021.0
2026-03-30 08:00:00,0.0034031,0.0034161,0.0033375,0.0033658,10512180850.0
2026-03-30 12:00:00,0.0033659,0.0033824,0.0033312,0.0033668,11212806078.0
2026-03-30 16:00:00,0.0033667,0.003379,0.0032871,0.0033045,10637487281.0
2026-03-30 20:00:00,0.0033044,0.0033514,0.0033001,0.0033172,5570891541.0
2026-03-31 00:00:00,0.0033172,0.0033942,0.003306,0.0033653,10589934558.0
2026-03-31 04:00:00,0.0033653,0.0033858,0.0033471,0.0033636,7198582240.0
2026-03-31 08:00:00,0.0033636,0.0033659,0.0032747,0.0033274,13652335394.0
2026-03-31 12:00:00,0.0033274,0.003391,0.0033083,0.0033309,15491365914.0
2026-03-31 16:00:00,0.0033309,0.0034308,0.0033268,0.0034072,15199893976.0
2026-03-31 20:00:00,0.0034071,0.0034315,0.00336,0.0034044,8059516565.0
2026-04-01 00:00:00,0.0034044,0.0034292,0.003361,0.0034142,10310264383.0
2026-04-01 04:00:00,0.0034142,0.0035297,0.0033981,0.0034833,15013989711.0
2026-04-01 08:00:00,0.0034833,0.0034961,0.0034102,0.0034233,12247260405.0
2026-04-01 12:00:00,0.0034233,0.0034538,0.0033837,0.0034447,13301311835.0
2026-04-01 16:00:00,0.0034447,0.0035166,0.0034114,0.0034434,12093195976.0
2026-04-01 20:00:00,0.0034434,0.0034577,0.0033909,0.0034026,6681922195.0
2026-04-02 00:00:00,0.0034026,0.0034423,0.0032751,0.0032933,21068761415.0
2026-04-02 04:00:00,0.0032933,0.00334,0.0032608,0.0033278,10134698131.0
2026-04-02 08:00:00,0.0033278,0.0033278,0.003275,0.0032927,8119910823.0
2026-04-02 12:00:00,0.0032928,0.003358,0.0032557,0.0033268,14144207465.0
2026-04-02 16:00:00,0.0033268,0.0033803,0.0033138,0.0033369,10305923707.0
2026-04-02 20:00:00,0.0033369,0.0033539,0.0033223,0.0033317,4809939533.0
2026-04-03 00:00:00,0.0033318,0.0033752,0.0033031,0.00337,7651384478.0
2026-04-03 04:00:00,0.00337,0.0034872,0.0033517,0.0034552,15978596426.0
2026-04-03 08:00:00,0.0034551,0.0035095,0.003454,0.0034665,13666799612.0
2026-04-03 12:00:00,0.0034665,0.0035165,0.0034273,0.0034288,16807699156.0
2026-04-03 16:00:00,0.0034288,0.003461,0.0034003,0.0034243,7624957770.0
2026-04-03 20:00:00,0.0034243,0.0034524,0.003401,0.0034165,5460775591.0
2026-04-04 00:00:00,0.0034165,0.0034165,0.0033535,0.0033731,9724540774.0
2026-04-04 04:00:00,0.0033731,0.0033991,0.0033665,0.0033806,6524693469.0
2026-04-04 08:00:00,0.0033806,0.0033881,0.0033608,0.0033826,4661539518.0
2026-04-04 12:00:00,0.0033826,0.0033989,0.0033408,0.003375,9249649814.0
2026-04-04 16:00:00,0.003375,0.0034564,0.0033587,0.0034098,8543761776.0
2026-04-04 20:00:00,0.0034098,0.0034141,0.0033903,0.0034051,3882448229.0
2026-04-05 00:00:00,0.003405,0.0034105,0.0033653,0.0033873,4810436903.0
2026-04-05 04:00:00,0.0033873,0.0033873,0.0033125,0.0033186,10021787410.0
2026-04-05 08:00:00,0.0033185,0.0033459,0.0033107,0.0033238,5870805963.0
2026-04-05 12:00:00,0.0033238,0.0033657,0.0032888,0.0033346,11768098895.0
2026-04-05 16:00:00,0.0033346,0.0033451,0.003314,0.0033199,5281888050.0
2026-04-05 20:00:00,0.0033199,0.0034948,0.0033097,0.0034942,15862311296.0
2026-04-06 00:00:00,0.0034943,0.0036336,0.0034936,0.0035384,33028600818.0
2026-04-06 04:00:00,0.0035385,0.0035603,0.0034724,0.003486,14628437352.0
2026-04-06 08:00:00,0.0034861,0.0035495,0.0034667,0.0035168,14375313156.0
2026-04-06 12:00:00,0.0035168,0.0035419,0.0034801,0.0034873,13181654513.0
2026-04-06 16:00:00,0.0034873,0.0035088,0.0034352,0.0034505,12472853138.0
2026-04-06 20:00:00,0.0034506,0.0034588,0.0033038,0.0033193,21230054635.0
2026-04-07 00:00:00,0.0033192,0.0033699,0.0033106,0.0033476,11085401759.0
2026-04-07 04:00:00,0.0033475,0.0033691,0.0033323,0.0033547,6888433670.0
2026-04-07 08:00:00,0.0033547,0.0034141,0.0033407,0.0033437,12645065202.0
2026-04-07 12:00:00,0.0033437,0.0033611,0.0033136,0.0033552,15075246051.0
2026-04-07 16:00:00,0.0033553,0.0034787,0.0033393,0.0034763,21448358255.0
2026-04-07 20:00:00,0.0034764,0.003777,0.0034706,0.0037214,46523175926.0
2026-04-08 00:00:00,0.0037212,0.0037847,0.0036421,0.0037065,21490863451.0
2026-04-08 04:00:00,0.0037065,0.0037454,0.0036823,0.0036944,13347459210.0
2026-04-08 08:00:00,0.0036944,0.003706,0.0036123,0.0036529,16631149919.0
2026-04-08 12:00:00,0.0036529,0.0036725,0.0035654,0.0035898,25874888895.0
2026-04-08 16:00:00,0.0035898,0.0036094,0.0035268,0.0035385,11889487120.0
2026-04-08 20:00:00,0.0035384,0.0035865,0.0035214,0.0035394,14568212295.0
2026-04-09 00:00:00,0.0035396,0.0035507,0.003485,0.0034937,12813642298.0
2026-04-09 04:00:00,0.0034936,0.0034936,0.0034537,0.0034621,10030279745.0
2026-04-09 08:00:00,0.0034621,0.0034824,0.003433,0.0034606,10790155602.0
2026-04-09 12:00:00,0.0034606,0.0035363,0.0034352,0.0035149,16657828134.0
2026-04-09 16:00:00,0.003515,0.0035447,0.0034514,0.0035404,18601883494.0
2026-04-09 20:00:00,0.0035403,0.0036725,0.003496,0.0035127,23609614107.0
2026-04-10 00:00:00,0.0035128,0.0035273,0.003469,0.0034916,12260616689.0
2026-04-10 04:00:00,0.0034917,0.0035718,0.0034771,0.003482,12153051794.0
2026-04-10 08:00:00,0.003482,0.0035102,0.0034622,0.0034924,11659406567.0
2026-04-10 12:00:00,0.0034924,0.0036,0.0034877,0.0035622,22319464152.0
2026-04-10 16:00:00,0.0035624,0.003702,0.0035619,0.0036914,17679096214.0
2026-04-10 20:00:00,0.0036915,0.0036995,0.0036221,0.0036281,10831938525.0
2026-04-11 00:00:00,0.0036281,0.003639,0.0035854,0.0035939,9791103403.0
2026-04-11 04:00:00,0.0035938,0.003614,0.0035658,0.0035857,8257512482.0
2026-04-11 08:00:00,0.0035858,0.003609,0.0035666,0.0035714,7036568109.0
2026-04-11 12:00:00,0.0035714,0.0036075,0.0035263,0.0036005,12971013937.0
2026-04-11 16:00:00,0.0036005,0.0037679,0.0035933,0.0037661,19073509044.0
2026-04-11 20:00:00,0.0037664,0.00385,0.0036155,0.0036393,26239700345.0
2026-04-12 00:00:00,0.0036393,0.0036551,0.0034802,0.0034845,25379183430.0
2026-04-12 04:00:00,0.0034845,0.0035306,0.0034753,0.0035048,10702100252.0
2026-04-12 08:00:00,0.0035048,0.0035081,0.0034794,0.0034995,6844107640.0
2026-04-12 12:00:00,0.0034995,0.0035192,0.0034378,0.0034514,13849617570.0
2026-04-12 16:00:00,0.0034514,0.0035176,0.00345,0.0034724,7410252088.0
2026-04-12 20:00:00,0.0034725,0.0035146,0.0034441,0.003459,9823045064.0
2026-04-13 00:00:00,0.0034591,0.0035107,0.0034524,0.0034832,8117052487.0
2026-04-13 04:00:00,0.0034835,0.0035032,0.0034591,0.0034654,9108745550.0
2026-04-13 08:00:00,0.0034654,0.0034901,0.0034538,0.0034826,6258626723.0
2026-04-13 12:00:00,0.0034826,0.0035768,0.0034762,0.0035197,24957426571.0
2026-04-13 16:00:00,0.0035196,0.0036408,0.0034842,0.0036279,19527546039.0
2026-04-13 20:00:00,0.0036279,0.0037686,0.0035711,0.0037512,32554031384.0
2026-04-14 00:00:00,0.0037513,0.0037765,0.0036965,0.0037025,19902920109.0
2026-04-14 04:00:00,0.0037027,0.0037293,0.0036324,0.0036446,13601404920.0
2026-04-14 08:00:00,0.0036445,0.0037422,0.0036321,0.003703,16966340139.0
2026-04-14 12:00:00,0.003703,0.0037998,0.0036615,0.0036801,25458249309.0
2026-04-14 16:00:00,0.00368,0.0037084,0.0035462,0.003582,19460395300.0
2026-04-14 20:00:00,0.0035821,0.0036133,0.003561,0.0035643,9391289096.0
2026-04-15 00:00:00,0.0035644,0.0036299,0.0035633,0.0035909,9196378359.0
2026-04-15 04:00:00,0.003591,0.0036089,0.0035236,0.0035434,10056411748.0
2026-04-15 08:00:00,0.0035435,0.0036277,0.0035387,0.0036124,9835475115.0
2026-04-15 12:00:00,0.0036127,0.0036822,0.0035872,0.0036443,14710578694.0
2026-04-15 16:00:00,0.0036443,0.0037997,0.0036396,0.0037738,18917969962.0
2026-04-15 20:00:00,0.0037737,0.0037809,0.003693,0.0037223,13295844205.0
2026-04-16 00:00:00,0.0037223,0.0040229,0.0036984,0.0039718,38764337671.0
2026-04-16 04:00:00,0.0039717,0.0040373,0.0038412,0.0038614,31201195603.0
2026-04-16 08:00:00,0.0038613,0.0038657,0.0037333,0.0037735,29987603271.0
2026-04-16 12:00:00,0.0037736,0.0039017,0.0037156,0.0038622,39616797840.0
2026-04-16 16:00:00,0.0038621,0.0040486,0.0038403,0.0040336,39010891084.0
2026-04-16 20:00:00,0.0040337,0.0040636,0.0039285,0.003977,17609578943.0
2026-04-17 00:00:00,0.003977,0.0040375,0.0039073,0.0039296,20733655168.0
2026-04-17 04:00:00,0.0039296,0.0039458,0.0038238,0.0038727,18441550242.0
2026-04-17 08:00:00,0.0038727,0.003967,0.0038643,0.0039233,20116199737.0
2026-04-17 12:00:00,0.0039233,0.0041199,0.0039033,0.0040288,41636983967.0
2026-04-17 16:00:00,0.004029,0.0041166,0.0040208,0.0040346,23089076888.0
2026-04-17 20:00:00,0.0040346,0.0040527,0.0039384,0.0039526,14346783775.0
2026-04-18 00:00:00,0.0039525,0.0039791,0.0039101,0.0039205,11343501821.0
2026-04-18 04:00:00,0.0039205,0.0039687,0.0039097,0.0039571,9145549867.0
2026-04-18 08:00:00,0.0039571,0.0039586,0.0037918,0.0038231,21193160180.0
2026-04-18 12:00:00,0.0038231,0.0038508,0.0037922,0.003821,11865963842.0
2026-04-18 16:00:00,0.003821,0.0038268,0.00375,0.0037742,13058423450.0
2026-04-18 20:00:00,0.0037741,0.0038152,0.0037657,0.0037739,6521593929.0
2026-04-19 00:00:00,0.0037739,0.0037967,0.0037332,0.0037607,11588297286.0
2026-04-19 04:00:00,0.0037607,0.0038085,0.003715,0.0037524,12760370722.0
2026-04-19 08:00:00,0.0037523,0.0037603,0.0037056,0.0037445,10449812724.0
2026-04-19 12:00:00,0.0037446,0.0038397,0.0037169,0.0038029,22354576447.0
2026-04-19 16:00:00,0.003803,0.003821,0.0036779,0.0037363,18931502608.0
2026-04-19 20:00:00,0.0037362,0.0037365,0.0036164,0.0036479,12499888637.0
2026-04-20 00:00:00,0.003648,0.0037163,0.0036405,0.0037023,11018736350.0
2026-04-20 04:00:00,0.0037023,0.0037913,0.0036738,0.0037469,12928471437.0
2026-04-20 08:00:00,0.0037471,0.0037899,0.003724,0.0037548,9640585153.0
2026-04-20 12:00:00,0.0037552,0.0037978,0.0037117,0.0037842,15221151583.0
2026-04-20 16:00:00,0.0037842,0.0038453,0.0037384,0.0038041,14071925354.0
2026-04-20 20:00:00,0.0038041,0.0038256,0.003738,0.0037545,7213064484.0
2026-04-21 00:00:00,0.0037545,0.0037722,0.0037253,0.0037394,6446646770.0
2026-04-21 04:00:00,0.0037395,0.0038001,0.0037328,0.0037698,7317250126.0
2026-04-21 08:00:00,0.0037698,0.0038386,0.0037663,0.0038023,11458725300.0
2026-04-21 12:00:00,0.0038024,0.0038263,0.0037503,0.003789,13010092841.0
2026-04-21 16:00:00,0.0037891,0.003818,0.0036978,0.0037139,15152278430.0
2026-04-21 20:00:00,0.0037136,0.0038211,0.0037108,0.0038164,8135651261.0
2026-04-22 00:00:00,0.0038164,0.0039466,0.0037884,0.0038659,19051375053.0
2026-04-22 04:00:00,0.003866,0.0039322,0.0038559,0.0038854,12868720145.0
2026-04-22 08:00:00,0.0038855,0.0039857,0.0038736,0.0039435,14137911032.0
2026-04-22 12:00:00,0.0039435,0.0039617,0.0038924,0.0039314,14315819171.0
2026-04-22 16:00:00,0.0039314,0.0039501,0.00384,0.0038635,10852474237.0
2026-04-22 20:00:00,0.0038634,0.0038732,0.0037835,0.0037922,7919520822.0
2026-04-23 00:00:00,0.0037922,0.0038072,0.00371,0.0037497,14288718319.0
2026-04-23 04:00:00,0.0037496,0.0038269,0.0037415,0.0037966,8542501913.0
2026-04-23 08:00:00,0.0037965,0.0038026,0.003734,0.0037711,10256988208.0
2026-04-23 12:00:00,0.0037712,0.0038498,0.003767,0.0038372,10173988044.0
2026-04-23 16:00:00,0.0038372,0.0038451,0.0036959,0.003766,15420769414.0
2026-04-23 20:00:00,0.003766,0.0038383,0.0037658,0.0038267,6792849751.0
2026-04-24 00:00:00,0.0038269,0.003885,0.0037978,0.0038312,9979040084.0
2026-04-24 04:00:00,0.0038312,0.0038578,0.0037936,0.0038328,7579343717.0
2026-04-24 08:00:00,0.0038328,0.0038691,0.0037873,0.0038588,9137195571.0
2026-04-24 12:00:00,0.0038588,0.0038891,0.0038152,0.0038848,12019557936.0
2026-04-24 16:00:00,0.003885,0.0039065,0.0038515,0.003884,10585862126.0
2026-04-24 20:00:00,0.0038839,0.0039298,0.0038541,0.0038634,6568327292.0
2026-04-25 00:00:00,0.0038631,0.0038986,0.0038477,0.0038883,5788281743.0
2026-04-25 04:00:00,0.0038884,0.0038966,0.003855,0.003855,5229961741.0
2026-04-25 08:00:00,0.003855,0.0038923,0.0038256,0.0038367,6437562723.0
2026-04-25 12:00:00,0.0038368,0.0038563,0.003815,0.0038253,6464347985.0
2026-04-25 16:00:00,0.0038253,0.0038352,0.003781,0.0038078,5921922440.0
2026-04-25 20:00:00,0.0038079,0.0038549,0.0038024,0.0038488,4284059269.0
2026-04-26 00:00:00,0.0038489,0.0038633,0.0038127,0.0038352,6137147239.0
2026-04-26 04:00:00,0.0038352,0.0039041,0.0038235,0.003894,8831575890.0
2026-04-26 08:00:00,0.0038942,0.0039479,0.0038754,0.0039343,7178054685.0
2026-04-26 12:00:00,0.0039344,0.0039424,0.00388,0.0039226,8399558266.0
2026-04-26 16:00:00,0.0039227,0.0039331,0.0038794,0.0039084,6118304112.0
2026-04-26 20:00:00,0.0039085,0.0039398,0.0038513,0.0038939,9367419862.0
2026-04-27 00:00:00,0.003894,0.0040242,0.0038807,0.0039965,16027403518.0
2026-04-27 04:00:00,0.0039966,0.0040002,0.0038056,0.0038218,21638435345.0
2026-04-27 08:00:00,0.0038218,0.003853,0.0038135,0.0038515,8758587202.0
2026-04-27 12:00:00,0.0038516,0.0039048,0.0037633,0.0037947,17516506323.0
2026-04-27 16:00:00,0.0037947,0.0038366,0.003767,0.0038147,9542652556.0
2026-04-27 20:00:00,0.0038148,0.0039154,0.0038124,0.0039064,9769507649.0
2026-04-28 00:00:00,0.0039064,0.0039103,0.0038488,0.003867,10502656337.0
2026-04-28 04:00:00,0.003867,0.0039052,0.0038205,0.0038563,11626548741.0
2026-04-28 08:00:00,0.0038562,0.003886,0.0038142,0.0038287,9945118655.0
2026-04-28 12:00:00,0.0038287,0.0038745,0.0038078,0.0038707,14195500550.0
2026-04-28 16:00:00,0.0038706,0.0039106,0.0038353,0.0038968,9670244133.0
2026-04-28 20:00:00,0.0038968,0.0039075,0.0038619,0.0038782,5275102365.0
2026-04-29 00:00:00,0.0038783,0.0039173,0.003858,0.0039115,8246756655.0
2026-04-29 04:00:00,0.0039115,0.0039597,0.00389,0.0039448,13658691419.0
2026-04-29 08:00:00,0.0039449,0.004162,0.0039308,0.0041081,45933510797.0
2026-04-29 12:00:00,0.0041086,0.0041192,0.0038047,0.0038116,45013462937.0
2026-04-29 16:00:00,0.0038115,0.003879,0.0037336,0.0037995,24108952785.0
2026-04-29 20:00:00,0.0037995,0.0038661,0.0037895,0.0038529,7710412351.0
2026-04-30 00:00:00,0.0038529,0.0039443,0.0038111,0.003853,21080291199.0
2026-04-30 04:00:00,0.0038529,0.0039278,0.003797,0.0039095,12701278021.0
2026-04-30 08:00:00,0.0039096,0.003946,0.0038807,0.0038948,14231997623.0
2026-04-30 12:00:00,0.0038948,0.0039114,0.0038346,0.0038877,10944823304.0
2026-04-30 16:00:00,0.0038877,0.0038991,0.0038584,0.0038785,6136896817.0
2026-04-30 20:00:00,0.0038786,0.0038858,0.0038465,0.0038727,5355441129.0
2026-05-01 00:00:00,0.0038727,0.003985,0.0038707,0.0039475,13088261723.0
2026-05-01 04:00:00,0.0039476,0.0039789,0.0039058,0.0039235,9247323256.0
2026-05-01 08:00:00,0.0039236,0.0039442,0.0038919,0.0039265,6809585152.0
2026-05-01 12:00:00,0.0039265,0.0040282,0.0039237,0.003992,18929580255.0
2026-05-01 16:00:00,0.0039919,0.0040079,0.0039604,0.0039824,7390797298.0
2026-05-01 20:00:00,0.0039826,0.0039896,0.00392,0.0039365,7481761692.0
2026-05-02 00:00:00,0.0039366,0.0039494,0.0039186,0.00393,5681053335.0
2026-05-02 04:00:00,0.0039301,0.0039451,0.0038925,0.0039298,6607479062.0
2026-05-02 08:00:00,0.0039298,0.003945,0.0039065,0.0039139,5379810938.0
2026-05-02 12:00:00,0.0039139,0.0039756,0.0039103,0.0039747,8019119299.0
2026-05-02 16:00:00,0.0039748,0.004,0.0039414,0.0039757,8860250881.0
2026-05-02 20:00:00,0.0039758,0.0040086,0.0039657,0.003991,7407368571.0
2026-05-03 00:00:00,0.0039908,0.0039949,0.0039102,0.0039403,9304519770.0
2026-05-03 04:00:00,0.0039402,0.003949,0.0039165,0.0039348,5568556677.0
2026-05-03 08:00:00,0.0039349,0.0039624,0.0039212,0.0039474,6773956565.0
2026-05-03 12:00:00,0.0039474,0.003976,0.0039447,0.0039559,8395707821.0
2026-05-03 16:00:00,0.003956,0.0039691,0.003928,0.0039577,5359535182.0
2026-05-03 20:00:00,0.0039577,0.0039956,0.003925,0.0039409,9313353462.0
2026-05-04 00:00:00,0.003941,0.0040975,0.0039022,0.0040933,24632898970.0
2026-05-04 04:00:00,0.0040933,0.0041292,0.003987,0.0040283,15446786924.0
2026-05-04 08:00:00,0.0040283,0.0040648,0.0039313,0.0039825,21086097790.0
2026-05-04 12:00:00,0.0039825,0.0040788,0.0039557,0.0040002,22035408980.0
2026-05-04 16:00:00,0.0040003,0.004067,0.003974,0.0040072,11876668588.0
2026-05-04 20:00:00,0.0040073,0.0040285,0.003973,0.0039814,8135237172.0
2026-05-05 00:00:00,0.0039815,0.00405,0.0039763,0.004036,7905217156.0
2026-05-05 04:00:00,0.0040359,0.0041064,0.0040179,0.004073,11588956768.0
2026-05-05 08:00:00,0.004073,0.0040947,0.0040438,0.0040821,10187909001.0
2026-05-05 12:00:00,0.0040821,0.0041512,0.0040657,0.0040852,20459141595.0
2026-05-05 16:00:00,0.0040851,0.0041232,0.0040465,0.0041191,10289586583.0
2026-05-05 20:00:00,0.0041191,0.0042302,0.0040877,0.0041132,25424743085.0
2026-05-06 00:00:00,0.0041133,0.0042609,0.004102,0.0042325,14254517746.0
2026-05-06 04:00:00,0.0042326,0.0042539,0.0041791,0.004215,13303990672.0
2026-05-06 08:00:00,0.004215,0.0042749,0.0042069,0.0042508,16921838461.0
2026-05-06 12:00:00,0.0042509,0.0042545,0.004082,0.00415,21543213589.0
2026-05-06 16:00:00,0.00415,0.0041752,0.0041214,0.0041432,7134766901.0
2026-05-06 20:00:00,0.0041432,0.0041839,0.0041107,0.0041608,7022817724.0
2026-05-07 00:00:00,0.0041608,0.0041689,0.0040735,0.0040892,9727635055.0
2026-05-07 04:00:00,0.0040893,0.00425,0.0040809,0.0042375,12741859845.0
2026-05-07 08:00:00,0.0042375,0.0042438,0.0041497,0.0041885,10067358360.0
2026-05-07 12:00:00,0.0041884,0.0042743,0.0040864,0.0041117,23629131146.0
2026-05-07 16:00:00,0.0041118,0.004201,0.0040957,0.0041457,12191548821.0
2026-05-07 20:00:00,0.0041459,0.0041763,0.0041053,0.0041552,7166358132.0
2026-05-08 00:00:00,0.0041552,0.0041688,0.00408,0.0041285,9296988713.0
2026-05-08 04:00:00,0.0041284,0.0041521,0.004104,0.004136,5879027636.0
2026-05-08 08:00:00,0.004136,0.0042228,0.0041339,0.0041932,11071243075.0
2026-05-08 12:00:00,0.004193,0.0042855,0.0041431,0.0042805,18435465482.0
2026-05-08 16:00:00,0.0042806,0.0043694,0.0042299,0.0043335,18485545913.0
2026-05-08 20:00:00,0.0043336,0.0043499,0.0042887,0.0043167,7132147219.0
2026-05-09 00:00:00,0.0043167,0.0043668,0.0043047,0.0043356,6833302845.0
2026-05-09 04:00:00,0.0043357,0.0043627,0.0042954,0.0043057,7894353735.0
2026-05-09 08:00:00,0.0043057,0.0043268,0.0042752,0.00431,8386681324.0
2026-05-09 12:00:00,0.0043101,0.0043184,0.0042313,0.004241,9821796179.0
2026-05-09 16:00:00,0.0042411,0.0042896,0.0042266,0.0042754,7054035974.0
2026-05-09 20:00:00,0.0042754,0.004279,0.0042344,0.0042449,3940431236.0
2026-05-10 00:00:00,0.004245,0.0042547,0.0041942,0.0042259,8268269288.0
2026-05-10 04:00:00,0.0042258,0.0042528,0.0042181,0.0042324,3994109540.0
2026-05-10 08:00:00,0.0042324,0.0042842,0.0042307,0.0042564,7184382834.0
2026-05-10 12:00:00,0.0042565,0.0043206,0.0042435,0.0043155,7428699148.0
2026-05-10 16:00:00,0.0043156,0.0045896,0.0043128,0.0044873,41863652120.0
2026-05-10 20:00:00,0.0044872,0.0045178,0.0042715,0.0044091,23839722798.0
2026-05-11 00:00:00,0.0044094,0.0044247,0.0042542,0.0042922,17805797993.0
2026-05-11 04:00:00,0.0042922,0.0043524,0.0042747,0.004311,9224182334.0
2026-05-11 08:00:00,0.0043109,0.0043578,0.0042999,0.004327,7792809180.0
2026-05-11 12:00:00,0.0043271,0.0043533,0.0042638,0.0043472,14419878656.0
2026-05-11 16:00:00,0.0043473,0.004385,0.0043236,0.0043727,9455156118.0
2026-05-11 20:00:00,0.0043725,0.0043863,0.0043181,0.0043402,7620108602.0
2026-05-12 00:00:00,0.0043403,0.0043502,0.0042447,0.0042762,12164421506.0
2026-05-12 04:00:00,0.0042762,0.0043037,0.0042508,0.0042715,6453320115.0
2026-05-12 08:00:00,0.0042715,0.0042766,0.0041779,0.0042043,13425830673.0
2026-05-12 12:00:00,0.0042043,0.0042162,0.0040729,0.0040949,21069085076.0
2026-05-12 16:00:00,0.004095,0.004157,0.0040615,0.0041453,9718145467.0
2026-05-12 20:00:00,0.0041454,0.0041836,0.004134,0.0041413,6025576479.0
2026-05-13 00:00:00,0.0041412,0.0042051,0.0041308,0.0041989,7530404784.0
2026-05-13 04:00:00,0.0041989,0.0042265,0.0041654,0.0041886,7001510547.0
2026-05-13 08:00:00,0.0041887,0.004263,0.0041516,0.0041639,12456786058.0
2026-05-13 12:00:00,0.0041639,0.0041779,0.0039828,0.0039944,23328109332.0
2026-05-13 16:00:00,0.0039945,0.0041034,0.0039916,0.0040555,10280215838.0
2026-05-13 20:00:00,0.0040555,0.0040705,0.0040237,0.0040538,5135084189.0
2026-05-14 00:00:00,0.0040539,0.0040954,0.004,0.0040152,8853009799.0
2026-05-14 04:00:00,0.0040152,0.0040836,0.0040031,0.0040396,7706187525.0
2026-05-14 08:00:00,0.0040395,0.004057,0.0040003,0.0040013,6611692127.0
2026-05-14 12:00:00,0.0040012,0.0041261,0.0039937,0.0041193,14769767170.0
2026-05-14 16:00:00,0.0041194,0.0042169,0.0040957,0.0041649,19284742464.0
2026-05-14 20:00:00,0.004165,0.0041704,0.004082,0.0040915,7858124377.0
2026-05-15 00:00:00,0.0040915,0.004124,0.0040448,0.0040784,9070767147.0
2026-05-15 04:00:00,0.0040785,0.004082,0.0039656,0.0040456,14306421191.0
2026-05-15 08:00:00,0.0040457,0.0040511,0.0040104,0.0040232,6060786783.0
2026-05-15 12:00:00,0.0040232,0.0040236,0.0038248,0.0038626,24205174785.0
2026-05-15 16:00:00,0.0038627,0.0039424,0.0038612,0.003913,8860311687.0
2026-05-15 20:00:00,0.003913,0.0039158,0.0038811,0.0039052,3719833692.0
2026-05-16 00:00:00,0.0039051,0.0039182,0.0038872,0.0038944,3942583408.0
2026-05-16 04:00:00,0.0038943,0.0038959,0.0037271,0.0037847,17631859525.0
2026-05-16 08:00:00,0.0037847,0.0037946,0.0036942,0.0037401,12472493323.0
2026-05-16 12:00:00,0.0037401,0.0037779,0.0037203,0.0037661,7589959109.0
2026-05-16 16:00:00,0.003766,0.003795,0.0037631,0.0037671,5781863922.0
2026-05-16 20:00:00,0.0037672,0.003781,0.0037528,0.0037587,3398050346.0
2026-05-17 00:00:00,0.0037588,0.0037689,0.0037074,0.0037607,9225477511.0
2026-05-17 04:00:00,0.0037605,0.0038044,0.0037585,0.0037838,7380718306.0
2026-05-17 08:00:00,0.0037838,0.0038036,0.003767,0.00377,6433905193.0
2026-05-17 12:00:00,0.0037701,0.0037841,0.0037203,0.0037366,8488162609.0
2026-05-17 16:00:00,0.0037367,0.0037726,0.0036836,0.0037601,9909451045.0
2026-05-17 20:00:00,0.0037601,0.0037657,0.0035188,0.0036773,20719991826.0
2026-05-18 00:00:00,0.0036773,0.0036937,0.0036295,0.0036563,13219804091.0
2026-05-18 04:00:00,0.0036564,0.0036795,0.0036038,0.0036318,10591250614.0
2026-05-18 08:00:00,0.0036319,0.0036743,0.0036047,0.0036474,7297291634.0
2026-05-18 12:00:00,0.0036474,0.0036891,0.0035938,0.0036255,15503952601.0
2026-05-18 16:00:00,0.0036253,0.0036918,0.0035963,0.0036812,12055534117.0
2026-05-18 20:00:00,0.0036813,0.003713,0.0036612,0.0036955,8291269864.0
2026-05-19 00:00:00,0.0036955,0.003732,0.0036576,0.0036822,7805467917.0
2026-05-19 04:00:00,0.0036819,0.0037139,0.003658,0.0037056,5464020698.0
2026-05-19 08:00:00,0.0037056,0.0037072,0.0036414,0.0036472,7586577287.0
2026-05-19 12:00:00,0.0036472,0.0036969,0.0036195,0.0036452,9463292183.0
2026-05-19 16:00:00,0.0036453,0.003675,0.0036313,0.0036392,4340351032.0
2026-05-19 20:00:00,0.0036393,0.0036638,0.003621,0.0036434,3777202793.0
2026-05-20 00:00:00,0.0036434,0.0036668,0.0036204,0.0036495,4578315420.0
2026-05-20 04:00:00,0.0036496,0.003698,0.0036396,0.0036756,5749823395.0
2026-05-20 08:00:00,0.0036756,0.0036979,0.0036704,0.0036772,4613324803.0
2026-05-20 12:00:00,0.0036772,0.0037393,0.0036537,0.0037206,13696934700.0
2026-05-20 16:00:00,0.0037207,0.0037586,0.0036957,0.0037337,9707516045.0
2026-05-20 20:00:00,0.0037337,0.0037374,0.0036837,0.0037167,5403288751.0
2026-05-21 00:00:00,0.0037167,0.0037847,0.0037156,0.0037746,7835860261.0
2026-05-21 04:00:00,0.0037747,0.0037886,0.0037426,0.0037735,6754765796.0
2026-05-21 08:00:00,0.0037735,0.003804,0.0037003,0.0037212,9573145478.0
2026-05-21 12:00:00,0.0037213,0.0037763,0.0037093,0.003762,9286693945.0
2026-05-21 16:00:00,0.0037621,0.0038297,0.0037381,0.0038196,12448678574.0
2026-05-21 20:00:00,0.0038198,0.0038324,0.0037876,0.0038016,4615933333.0
2026-05-22 00:00:00,0.0038016,0.003815,0.0037658,0.003791,6161284226.0
2026-05-22 04:00:00,0.0037911,0.0038099,0.003766,0.0037973,5165136967.0
2026-05-22 08:00:00,0.0037974,0.0038137,0.0037755,0.0038035,5462328603.0
2026-05-22 12:00:00,0.0038036,0.0038284,0.0037302,0.0037658,10952256717.0
2026-05-22 16:00:00,0.0037659,0.0037892,0.0036365,0.0036648,15572392812.0
2026-05-22 20:00:00,0.0036649,0.0036932,0.003567,0.0035993,11186640073.0
2026-05-23 00:00:00,0.0035994,0.0036263,0.0035823,0.0036182,6063699709.0
2026-05-23 04:00:00,0.0036183,0.0036183,0.0034347,0.0034878,16225890686.0
2026-05-23 08:00:00,0.0034879,0.0034966,0.0034637,0.0034829,8109685991.0
2026-05-23 12:00:00,0.0034829,0.0035881,0.0034615,0.0035741,14266320754.0
2026-05-23 16:00:00,0.0035742,0.0036334,0.0035573,0.003611,8785596556.0
2026-05-23 20:00:00,0.003611,0.0037536,0.0036091,0.0036431,14473012281.0
2026-05-24 00:00:00,0.0036432,0.0036514,0.0036121,0.0036205,4814206254.0
2026-05-24 04:00:00,0.0036205,0.0036333,0.0036028,0.0036161,5200921880.0
2026-05-24 08:00:00,0.0036161,0.0036503,0.0036105,0.0036281,5039327372.0
2026-05-24 12:00:00,0.0036282,0.0036282,0.0035263,0.0035746,9590151597.0
2026-05-24 16:00:00,0.0035747,0.0035956,0.0035688,0.0035759,3581249016.0
2026-05-24 20:00:00,0.003576,0.0035879,0.0035141,0.0035769,19973220612.0
2026-05-25 00:00:00,0.003577,0.0035944,0.0035428,0.0035542,5320013916.0
2026-05-25 04:00:00,0.0035542,0.0036199,0.0035499,0.0036029,9289856801.0
2026-05-25 08:00:00,0.0036029,0.0036215,0.0035912,0.0036055,4756015257.0
2026-05-25 12:00:00,0.0036055,0.0036539,0.0035984,0.0036427,8301677509.0
2026-05-25 16:00:00,0.0036427,0.0036575,0.0036033,0.0036179,6186391677.0
2026-05-25 20:00:00,0.0036178,0.0036288,0.003559,0.0035938,6733796155.0
2026-05-26 00:00:00,0.0035938,0.0035982,0.0035182,0.0035384,8464640884.0
2026-05-26 04:00:00,0.0035384,0.0035861,0.0035336,0.0035516,5060218928.0
2026-05-26 08:00:00,0.0035518,0.0036376,0.0035508,0.0036098,7822931944.0
2026-05-26 12:00:00,0.0036099,0.0036486,0.0035441,0.0035719,12922826548.0
2026-05-26 16:00:00,0.0035718,0.003574,0.0034856,0.0035234,12090456473.0
2026-05-26 20:00:00,0.0035235,0.0035254,0.0034922,0.0035125,3825027768.0
2026-05-27 00:00:00,0.0035126,0.0035433,0.0035001,0.0035105,4971123255.0
2026-05-27 04:00:00,0.0035105,0.0035541,0.0034142,0.0035356,14732694054.0
2026-05-27 08:00:00,0.0035355,0.0035471,0.0035136,0.0035195,6002852099.0
2026-05-27 12:00:00,0.0035196,0.0036008,0.0034842,0.0035694,17062721398.0
2026-05-27 16:00:00,0.0035695,0.0035846,0.0034878,0.0035322,9199644552.0
2026-05-27 20:00:00,0.0035323,0.0035457,0.0034319,0.0034701,9351788346.0
2026-05-28 00:00:00,0.00347,0.0034785,0.0033723,0.0033809,17116878938.0
2026-05-28 04:00:00,0.0033809,0.003385,0.0032946,0.0033655,20682160669.0
2026-05-28 08:00:00,0.0033656,0.0033708,0.0033156,0.0033193,7851928827.0
2026-05-28 12:00:00,0.0033193,0.0033543,0.0032751,0.0033335,15485902338.0
2026-05-28 16:00:00,0.0033335,0.003437,0.0033204,0.0033912,11403170996.0
2026-05-28 20:00:00,0.0033911,0.0034267,0.0033689,0.0033798,7560341977.0
2026-05-29 00:00:00,0.0033799,0.0034085,0.0033704,0.0033747,5849004112.0
2026-05-29 04:00:00,0.0033747,0.0034216,0.0033509,0.0033942,6625812446.0
2026-05-29 08:00:00,0.0033943,0.0034125,0.0033459,0.0033629,5514598892.0
2026-05-29 12:00:00,0.0033629,0.0034699,0.0033065,0.0034213,21402264422.0
2026-05-29 16:00:00,0.0034213,0.003451,0.0033627,0.0033962,12024028584.0
2026-05-29 20:00:00,0.0033961,0.003409,0.0033697,0.003386,4963253023.0
2026-05-30 00:00:00,0.003386,0.0034575,0.003378,0.0034282,6379370967.0
2026-05-30 04:00:00,0.0034282,0.0034423,0.0033814,0.003423,6247580229.0
2026-05-30 08:00:00,0.0034231,0.0034252,0.0034029,0.0034171,3361315503.0
2026-05-30 12:00:00,0.0034172,0.0034494,0.0034036,0.0034342,5437540873.0
2026-05-30 16:00:00,0.0034343,0.003453,0.0034181,0.0034408,4084429895.0
2026-05-30 20:00:00,0.0034409,0.0034461,0.003395,0.0034093,4514175426.0
2026-05-31 00:00:00,0.0034092,0.0034558,0.0034009,0.0034492,6546684581.0
2026-05-31 04:00:00,0.0034492,0.0034683,0.0034135,0.0034241,4638920656.0
2026-05-31 08:00:00,0.0034241,0.0034435,0.0034085,0.0034327,3855794836.0
2026-05-31 12:00:00,0.0034327,0.0034457,0.003355,0.003378,10734188046.0
2026-05-31 16:00:00,0.0033779,0.0033833,0.0033396,0.0033662,7608241273.0
2026-05-31 20:00:00,0.0033662,0.0034465,0.0033662,0.0034221,6379167795.0
2026-06-01 00:00:00,0.0034222,0.0034513,0.0033729,0.0034341,8234401054.0
2026-06-01 04:00:00,0.0034341,0.0034436,0.0033316,0.0033414,9699462287.0
2026-06-01 08:00:00,0.0033413,0.0033781,0.0033276,0.0033538,7907013271.0
2026-06-01 12:00:00,0.0033539,0.0033708,0.0033103,0.003339,19288225605.0
2026-06-01 16:00:00,0.003339,0.0034277,0.0033204,0.0034228,12038048763.0
2026-06-01 20:00:00,0.0034227,0.0034292,0.0033623,0.0034181,8602469781.0
2026-06-02 00:00:00,0.0034181,0.0034236,0.0033324,0.0034037,9088745731.0
2026-06-02 04:00:00,0.0034038,0.0034092,0.0032957,0.003331,14096929779.0
2026-06-02 08:00:00,0.003331,0.0033477,0.003306,0.0033179,9336257234.0
2026-06-02 12:00:00,0.0033178,0.0033465,0.0031342,0.0031857,32298440527.0
2026-06-02 16:00:00,0.0031858,0.003249,0.0030865,0.0031628,23868692652.0
2026-06-02 20:00:00,0.0031626,0.0031915,0.0030408,0.0031133,22914822104.0
2026-06-03 00:00:00,0.0031134,0.0031426,0.0030437,0.0030637,13328341286.0
2026-06-03 04:00:00,0.0030638,0.003234,0.0030628,0.0032154,19333214246.0
2026-06-03 08:00:00,0.0032154,0.0032473,0.0031982,0.0032185,11906867833.0
2026-06-03 12:00:00,0.0032186,0.0032309,0.003162,0.0031651,12277666345.0
2026-06-03 16:00:00,0.0031651,0.0031931,0.0031068,0.0031293,20528112162.0
2026-06-03 20:00:00,0.0031292,0.0031979,0.003077,0.0031211,14013286833.0
2026-06-04 00:00:00,0.0031211,0.0031436,0.0028424,0.0030996,39332901017.0
2026-06-04 04:00:00,0.0030996,0.0031151,0.0029905,0.0029915,14843465005.0
2026-06-04 08:00:00,0.0029915,0.00301,0.0028985,0.0029624,21165675081.0
2026-06-04 12:00:00,0.0029623,0.00304,0.002933,0.0030121,20198683501.0
2026-06-04 16:00:00,0.0030121,0.0030351,0.0029646,0.0029983,11567598081.0
2026-06-04 20:00:00,0.0029982,0.0030007,0.0028861,0.0029521,17527042725.0
2026-06-05 00:00:00,0.0029521,0.002962,0.0028573,0.0028678,16845149844.0
2026-06-05 04:00:00,0.0028679,0.0029233,0.0026801,0.0027998,40261477958.0
2026-06-05 08:00:00,0.0027999,0.0028115,0.0027374,0.0027801,17261303831.0
2026-06-05 12:00:00,0.0027801,0.0028246,0.0026646,0.0026883,41295028096.0
2026-06-05 16:00:00,0.0026882,0.0027958,0.0025977,0.0026841,41546857355.0
2026-06-05 20:00:00,0.0026842,0.0027806,0.0026466,0.0026926,22357700384.0
2026-06-06 00:00:00,0.0026927,0.0027507,0.002642,0.0026552,12560166301.0
2026-06-06 04:00:00,0.0026552,0.0026937,0.0025072,0.0026789,33195453535.0
2026-06-06 08:00:00,0.0026789,0.002737,0.002619,0.0026685,20990968633.0
2026-06-06 12:00:00,0.0026685,0.0027208,0.0026411,0.0026681,18388889740.0
2026-06-06 16:00:00,0.002668,0.0026885,0.0026314,0.0026407,12388731183.0
2026-06-06 20:00:00,0.0026407,0.0026862,0.0026298,0.0026808,8396689722.0
2026-06-07 00:00:00,0.0026809,0.0027623,0.0026677,0.0027265,17024234030.0
2026-06-07 04:00:00,0.0027263,0.002768,0.0027081,0.0027567,11752688226.0
2026-06-07 08:00:00,0.0027567,0.0028128,0.0027426,0.0027724,12423643032.0
2026-06-07 12:00:00,0.0027724,0.0027804,0.0027133,0.002767,13397905039.0
2026-06-07 16:00:00,0.0027671,0.0027934,0.002691,0.0027039,11482054658.0
2026-06-07 20:00:00,0.0027038,0.0028881,0.0026962,0.0028159,19346651682.0
2026-06-08 00:00:00,0.0028157,0.0028411,0.002763,0.0028143,11992030483.0
2026-06-08 04:00:00,0.0028145,0.0028155,0.0027445,0.0027955,9072555969.0
2026-06-08 08:00:00,0.0027955,0.0028378,0.0027671,0.0028238,10394623587.0
2026-06-08 12:00:00,0.0028239,0.0028686,0.0027944,0.0028353,13472688221.0
2026-06-08 16:00:00,0.0028354,0.0028549,0.0028073,0.0028349,8556512535.0
2026-06-08 20:00:00,0.002835,0.0028687,0.0028031,0.0028129,8276002514.0
2026-06-09 00:00:00,0.0028128,0.0028214,0.0027489,0.0027767,11042290973.0
2026-06-09 04:00:00,0.0027767,0.0028426,0.0027694,0.0028126,9902145662.0
2026-06-09 08:00:00,0.0028126,0.0028138,0.0027755,0.0027981,7768222866.0
2026-06-09 12:00:00,0.0027981,0.0028214,0.0027228,0.0027339,15331327215.0
2026-06-09 16:00:00,0.0027339,0.0027978,0.0026911,0.002794,16612455432.0
2026-06-09 20:00:00,0.0027941,0.0028145,0.0027575,0.0027741,7477641548.0
2026-06-10 00:00:00,0.0027741,0.0027877,0.0027177,0.0027342,8272701421.0
2026-06-10 04:00:00,0.0027342,0.0027579,0.0027073,0.0027491,6910379386.0
2026-06-10 08:00:00,0.0027491,0.0027535,0.002692,0.002706,12558290682.0
2026-06-10 12:00:00,0.0027061,0.0028071,0.0026981,0.0027817,19541235732.0
2026-06-10 16:00:00,0.0027821,0.0027871,0.0026869,0.0026907,14441794260.0
2026-06-10 20:00:00,0.0026906,0.0027013,0.0026395,0.0026894,12267637680.0
2026-06-11 00:00:00,0.0026894,0.0027988,0.0026894,0.0027725,14011992438.0
2026-06-11 04:00:00,0.0027726,0.0027879,0.0027493,0.0027587,10693863865.0
2026-06-11 08:00:00,0.0027587,0.0027861,0.002746,0.0027655,8863222546.0
2026-06-11 12:00:00,0.0027655,0.0027823,0.0027222,0.0027692,13460246065.0
2026-06-11 16:00:00,0.0027693,0.0028412,0.0027345,0.0027986,18322196931.0
2026-06-11 20:00:00,0.0027987,0.002814,0.0027748,0.0027875,6804909834.0
2026-06-12 00:00:00,0.0027875,0.0028117,0.0027735,0.0028094,5679662600.0
2026-06-12 04:00:00,0.0028094,0.0028189,0.0027515,0.0027877,9220505983.0
2026-06-12 08:00:00,0.0027877,0.0028527,0.002785,0.0028241,11026448190.0
2026-06-12 12:00:00,0.0028241,0.0028739,0.0027813,0.0028012,21365415182.0
2026-06-12 16:00:00,0.0028012,0.0028443,0.0027907,0.0028185,10277099554.0
2026-06-12 20:00:00,0.0028186,0.0028282,0.0027916,0.0028052,4692686404.0
2026-06-13 00:00:00,0.0028052,0.0028418,0.0027987,0.0028151,5724615844.0
2026-06-13 04:00:00,0.0028151,0.0028688,0.0027857,0.0028339,10691380312.0
2026-06-13 08:00:00,0.0028339,0.0028565,0.0028242,0.0028559,6333739804.0
2026-06-13 12:00:00,0.002856,0.0028744,0.0028431,0.0028676,9307642542.0
2026-06-13 16:00:00,0.0028677,0.0028691,0.0028363,0.0028469,8671440667.0
2026-06-13 20:00:00,0.0028468,0.0028859,0.0028341,0.002853,7420459938.0
2026-06-14 00:00:00,0.0028531,0.0028592,0.002838,0.0028511,4185536147.0
2026-06-14 04:00:00,0.0028512,0.0028537,0.0028107,0.0028202,6799917448.0
2026-06-14 08:00:00,0.0028203,0.00284,0.0028021,0.0028192,7007872545.0
2026-06-14 12:00:00,0.0028193,0.0028224,0.0027686,0.0027841,8029873548.0
2026-06-14 16:00:00,0.002784,0.0027951,0.0027628,0.0027729,6103001356.0
2026-06-14 20:00:00,0.002773,0.002924,0.0027682,0.0029174,16957249811.0
2026-06-15 00:00:00,0.0029174,0.0029344,0.0028776,0.0029169,9308105045.0
2026-06-15 04:00:00,0.0029168,0.0029329,0.0028969,0.002899,6534559742.0
2026-06-15 08:00:00,0.002899,0.0029952,0.0028889,0.0029807,13419277972.0
2026-06-15 12:00:00,0.0029808,0.0030465,0.0029614,0.0030435,22435875987.0
2026-06-15 16:00:00,0.0030434,0.0031341,0.002971,0.0029863,20972404128.0
2026-06-15 20:00:00,0.0029862,0.0029942,0.0029181,0.0029445,10806986110.0
2026-06-16 00:00:00,0.0029446,0.0029597,0.0029002,0.0029576,8796066472.0
2026-06-16 04:00:00,0.0029576,0.0029653,0.0029174,0.0029649,6203684824.0
2026-06-16 08:00:00,0.0029649,0.0030126,0.0029516,0.0029671,8286153073.0
2026-06-16 12:00:00,0.0029671,0.0030069,0.0028907,0.0029334,14630549987.0
2026-06-16 16:00:00,0.0029334,0.0029981,0.0029212,0.0029548,7926112963.0
2026-06-16 20:00:00,0.0029547,0.0029813,0.0029457,0.0029486,4234929134.0
2026-06-17 00:00:00,0.0029486,0.0030186,0.0029486,0.0029865,6812042622.0
2026-06-17 04:00:00,0.0029865,0.0030038,0.0029515,0.0029669,5991072547.0
2026-06-17 08:00:00,0.002967,0.0029686,0.0029089,0.0029227,6957866134.0
2026-06-17 12:00:00,0.0029227,0.0030139,0.0029122,0.0030122,10652888498.0
2026-06-17 16:00:00,0.0030122,0.0030348,0.002881,0.0028993,21239679620.0
2026-06-17 20:00:00,0.0028994,0.0029527,0.0028763,0.0029458,7919016950.0
2026-06-18 00:00:00,0.0029458,0.0029669,0.0029009,0.0029025,5267491214.0
2026-06-18 04:00:00,0.0029025,0.0029059,0.0028419,0.002899,9991049551.0
2026-06-18 08:00:00,0.0028991,0.0029199,0.0028672,0.0028733,6350048626.0
2026-06-18 12:00:00,0.0028734,0.0029093,0.00277,0.0027749,16251061169.0
2026-06-18 16:00:00,0.0027748,0.0028352,0.002769,0.0028294,8380374173.0
2026-06-18 20:00:00,0.0028295,0.0028561,0.0028211,0.0028484,5476378077.0
2026-06-19 00:00:00,0.0028484,0.0028719,0.00279,0.0028175,10171252696.0
2026-06-19 04:00:00,0.0028174,0.0028258,0.0027682,0.0027829,7067956525.0
2026-06-19 08:00:00,0.0027828,0.0028005,0.0027748,0.0027875,5990968361.0
2026-06-19 12:00:00,0.0027876,0.0028423,0.0027681,0.002826,8805994269.0
2026-06-19 16:00:00,0.002826,0.0028374,0.0027948,0.0028035,7339271417.0
2026-06-19 20:00:00,0.0028036,0.0028365,0.0027955,0.0028255,6152516055.0
2026-06-20 00:00:00,0.0028254,0.0028488,0.0028079,0.002823,4335962945.0
2026-06-20 04:00:00,0.0028229,0.0028659,0.0028192,0.0028396,6088814615.0
2026-06-20 08:00:00,0.0028396,0.0028519,0.0028291,0.0028338,4728239230.0
2026-06-20 12:00:00,0.0028338,0.0028557,0.0027889,0.0028381,12644224982.0
2026-06-20 16:00:00,0.0028382,0.0028387,0.0027996,0.0028179,4408745795.0
2026-06-20 20:00:00,0.0028179,0.0028544,0.0028122,0.0028362,4504541765.0
2026-06-21 00:00:00,0.0028363,0.0028506,0.0028273,0.0028425,3512611275.0
2026-06-21 04:00:00,0.0028425,0.0028453,0.0028106,0.0028286,4412212099.0
2026-06-21 08:00:00,0.0028286,0.0028496,0.0028112,0.0028211,5857823399.0
2026-06-21 12:00:00,0.0028209,0.0028475,0.0028151,0.0028451,5192416452.0
2026-06-21 16:00:00,0.0028451,0.0028471,0.0028222,0.0028417,4538750158.0
2026-06-21 20:00:00,0.0028418,0.0028452,0.00278,0.0027876,10868527284.0
2026-06-22 00:00:00,0.0027876,0.0028767,0.0027866,0.0028162,10853873574.0
2026-06-22 04:00:00,0.0028163,0.0028516,0.0028104,0.0028439,5350991641.0
2026-06-22 08:00:00,0.0028439,0.0028816,0.0028321,0.0028743,6710979559.0
2026-06-22 12:00:00,0.0028742,0.0029117,0.0028402,0.002848,12760470296.0
2026-06-22 16:00:00,0.002848,0.0028592,0.0028106,0.002821,8503610261.0
2026-06-22 20:00:00,0.0028209,0.0028322,0.0027869,0.0028091,4953369367.0
2026-06-23 00:00:00,0.002809,0.0028251,0.0027907,0.0028143,4448746492.0
2026-06-23 04:00:00,0.0028144,0.0028165,0.0027067,0.0027293,11654835474.0
2026-06-23 08:00:00,0.0027294,0.002736,0.0026617,0.0027254,11836739003.0
2026-06-23 12:00:00,0.0027255,0.0027549,0.0026905,0.0027083,10724308806.0
2026-06-23 16:00:00,0.0027082,0.0027285,0.0026679,0.0026884,9825470615.0
2026-06-23 20:00:00,0.0026886,0.0027076,0.0026802,0.0026927,4361198006.0
2026-06-24 00:00:00,0.0026928,0.002717,0.0026717,0.0026845,5744933221.0
2026-06-24 04:00:00,0.0026846,0.0026883,0.0026382,0.0026596,10830225771.0
2026-06-24 08:00:00,0.0026596,0.0026819,0.002615,0.0026574,10829596024.0
2026-06-24 12:00:00,0.0026575,0.0026627,0.0025151,0.0025212,22948598373.0
2026-06-24 16:00:00,0.0025212,0.0025424,0.0024192,0.0024835,29256953200.0
2026-06-24 20:00:00,0.0024832,0.0025463,0.0024768,0.0025302,11372652183.0
2026-06-25 00:00:00,0.0025302,0.0025526,0.0025089,0.0025137,5755500777.0
2026-06-25 04:00:00,0.0025137,0.0025643,0.0025092,0.0025388,7069867918.0
2026-06-25 08:00:00,0.0025388,0.002544,0.0024829,0.0024887,8236943114.0
2026-06-25 12:00:00,0.0024887,0.0025039,0.0023023,0.0023705,44132696253.0
2026-06-25 16:00:00,0.0023706,0.0023941,0.002306,0.0023191,20453176469.0
2026-06-25 20:00:00,0.0023192,0.0023715,0.0023096,0.0023557,10814664021.0
2026-06-26 00:00:00,0.0023558,0.0023609,0.0022697,0.0023391,19788149530.0
2026-06-26 04:00:00,0.0023392,0.0023901,0.0023206,0.0023761,12015463468.0
2026-06-26 08:00:00,0.0023761,0.0023806,0.0022931,0.0023168,10818149051.0
2026-06-26 12:00:00,0.0023167,0.002383,0.0022941,0.0023686,18879176011.0
2026-06-26 16:00:00,0.0023686,0.0024145,0.0023612,0.0023866,13601324144.0
2026-06-26 20:00:00,0.0023869,0.0024148,0.0023643,0.0023859,6182871754.0
2026-06-27 00:00:00,0.002386,0.002431,0.0023753,0.0024135,7362831225.0
2026-06-27 04:00:00,0.0024134,0.0024375,0.0024066,0.0024261,6190513160.0
2026-06-27 08:00:00,0.0024261,0.002428,0.0023922,0.0024034,5889512772.0
2026-06-27 12:00:00,0.0024033,0.0024562,0.0023962,0.002445,8863014891.0
2026-06-27 16:00:00,0.0024451,0.0024547,0.0023755,0.0023895,11938553788.0
2026-06-27 20:00:00,0.0023896,0.0023952,0.0023554,0.0023724,6510262100.0
2026-06-28 00:00:00,0.0023724,0.0023862,0.0023654,0.0023826,3537079289.0
2026-06-28 04:00:00,0.0023825,0.0023861,0.0023512,0.0023841,5855000027.0
2026-06-28 08:00:00,0.0023841,0.0024085,0.0023714,0.0024025,7436797026.0
2026-06-28 12:00:00,0.0024024,0.0024108,0.0023716,0.0023901,8795594504.0
2026-06-28 16:00:00,0.0023901,0.0023943,0.0023444,0.0023594,9053887515.0
2026-06-28 20:00:00,0.0023594,0.0023839,0.0023154,0.0023526,10171773804.0
2026-06-29 00:00:00,0.0023528,0.0023931,0.0023191,0.0023764,9622669583.0
2026-06-29 04:00:00,0.0023765,0.0023842,0.0023318,0.0023515,8378154521.0
2026-06-29 08:00:00,0.0023515,0.00237,0.0023262,0.0023452,9159583975.0
2026-06-29 12:00:00,0.0023452,0.0023894,0.0023054,0.0023546,19494950073.0
2026-06-29 16:00:00,0.0023546,0.002416,0.0023279,0.0023962,14461781964.0
2026-06-29 20:00:00,0.0023962,0.0023974,0.0023414,0.0023531,8085416362.0
2026-06-30 00:00:00,0.0023528,0.002361,0.0023215,0.0023381,8650770146.0
2026-06-30 04:00:00,0.0023381,0.002354,0.002328,0.0023336,5711631095.0
2026-06-30 08:00:00,0.0023336,0.0023485,0.002316,0.0023295,7574732164.0
2026-06-30 12:00:00,0.0023294,0.0023526,0.0022903,0.0023137,19350243256.0
2026-06-30 16:00:00,0.0023137,0.0023629,0.0023118,0.002335,11266172050.0
2026-06-30 20:00:00,0.0023349,0.0023399,0.0023143,0.0023275,4625353961.0
2026-07-01 00:00:00,0.0023276,0.0023413,0.0022553,0.0023371,17837300349.0
2026-07-01 04:00:00,0.0023374,0.0023468,0.0022358,0.0022716,19127723778.0
2026-07-01 08:00:00,0.0022717,0.0022865,0.0022564,0.0022616,11311703121.0
2026-07-01 12:00:00,0.0022617,0.0023666,0.0022274,0.0023615,24253519148.0
2026-07-01 16:00:00,0.0023615,0.0023697,0.0023107,0.0023146,11032723322.0
2026-07-01 20:00:00,0.0023147,0.0023976,0.0023032,0.0023231,12521137602.0
2026-07-02 00:00:00,0.0023232,0.0023922,0.0022984,0.0023915,11687932439.0
2026-07-02 04:00:00,0.0023915,0.0023954,0.0023521,0.0023746,8366704803.0
2026-07-02 08:00:00,0.0023746,0.0024458,0.0023722,0.0024358,12251656046.0
2026-07-02 12:00:00,0.0024359,0.0024943,0.0024231,0.002437,17621513544.0
2026-07-02 16:00:00,0.002437,0.0024488,0.002416,0.0024257,7043020248.0
2026-07-02 20:00:00,0.0024258,0.0024545,0.0024214,0.0024432,6275122443.0
2026-07-03 00:00:00,0.0024431,0.0024793,0.0024301,0.0024662,7555575131.0
2026-07-03 04:00:00,0.0024663,0.0024871,0.0024502,0.0024738,4606261358.0
2026-07-03 08:00:00,0.002474,0.0025807,0.0024711,0.0025529,13755178711.0
2026-07-03 12:00:00,0.0025527,0.0026022,0.0025273,0.0025563,15177028518.0
2026-07-03 16:00:00,0.0025562,0.0026149,0.002539,0.0026036,8184558599.0
2026-07-03 20:00:00,0.0026036,0.0028367,0.0026017,0.002771,28951638214.0
2026-07-04 00:00:00,0.0027709,0.0028425,0.0027396,0.0028254,19707552748.0
2026-07-04 04:00:00,0.0028255,0.0028727,0.0027183,0.002735,19967613281.0
2026-07-04 08:00:00,0.0027351,0.0027368,0.0026767,0.002705,12284981367.0
2026-07-04 12:00:00,0.0027051,0.0027693,0.0026923,0.0027634,12554309306.0
2026-07-04 16:00:00,0.0027635,0.0027982,0.0027357,0.0027414,11160718788.0
2026-07-04 20:00:00,0.0027414,0.0027521,0.0027128,0.0027337,7543078153.0
2026-07-05 00:00:00,0.0027337,0.0027385,0.0026922,0.0027001,6667089560.0
2026-07-05 04:00:00,0.0027001,0.00272,0.0026366,0.0026765,10235000552.0
2026-07-05 08:00:00,0.0026765,0.0026832,0.0026351,0.002655,7015554738.0
2026-07-05 12:00:00,0.0026551,0.0027366,0.0026468,0.0026932,9402125875.0
2026-07-05 16:00:00,0.0026932,0.0027186,0.0026877,0.0027062,4526983387.0
2026-07-05 20:00:00,0.0027063,0.0028061,0.0026853,0.0027548,10514593655.0
2026-07-06 00:00:00,0.0027548,0.0027822,0.0027211,0.0027347,9963970295.0
2026-07-06 04:00:00,0.0027347,0.0027368,0.0026609,0.0027007,9272124373.0
2026-07-06 08:00:00,0.0027008,0.0027171,0.0026747,0.0026755,6295163609.0
2026-07-06 12:00:00,0.0026755,0.0027399,0.0026086,0.0027353,22157055935.0
2026-07-06 16:00:00,0.0027352,0.0027624,0.0027158,0.0027348,11383757513.0
2026-07-06 20:00:00,0.002735,0.0028,0.0027219,0.0027349,6898603558.0
2026-07-07 00:00:00,0.0027347,0.002747,0.0026681,0.0026752,7514419504.0
2026-07-07 04:00:00,0.0026752,0.002718,0.0026556,0.0026826,7043248776.0
2026-07-07 08:00:00,0.0026826,0.002721,0.0026751,0.0027011,6759325378.0
2026-07-07 12:00:00,0.002701,0.0027294,0.0026422,0.0027149,13027036861.0
2026-07-07 16:00:00,0.0027151,0.00276,0.0026701,0.0026941,11652731857.0
2026-07-07 20:00:00,0.0026941,0.0027023,0.002642,0.0026641,6208347764.0
2026-07-08 00:00:00,0.0026641,0.0026798,0.0025818,0.0026063,10369788614.0
2026-07-08 04:00:00,0.0026064,0.0026268,0.0025885,0.0026242,5859555827.0
2026-07-08 08:00:00,0.0026243,0.0026318,0.0025533,0.0025853,15912600292.0
2026-07-08 12:00:00,0.0025854,0.002612,0.0025532,0.0025742,10969457164.0
2026-07-08 16:00:00,0.0025742,0.0026114,0.0025737,0.0025973,5706357984.0
2026-07-08 20:00:00,0.0025974,0.0026062,0.0025664,0.0026029,4846859237.0
2026-07-09 00:00:00,0.0026028,0.0026223,0.0025615,0.0025843,6543852527.0
2026-07-09 04:00:00,0.0025843,0.0026479,0.0025775,0.0026216,7449692450.0
2026-07-09 08:00:00,0.0026215,0.0026313,0.0026057,0.0026162,4386931640.0
2026-07-09 12:00:00,0.0026163,0.0026343,0.0025881,0.0025962,8642010075.0
2026-07-09 16:00:00,0.0025962,0.0026331,0.0025754,0.0026135,5999522390.0
2026-07-09 20:00:00,0.0026134,0.0026303,0.0026003,0.0026039,3499225840.0
2026-07-10 00:00:00,0.0026041,0.0026788,0.0025921,0.0026654,8082512386.0
2026-07-10 04:00:00,0.0026654,0.0026765,0.0026394,0.0026478,4226583752.0
2026-07-10 08:00:00,0.0026478,0.0027172,0.0026442,0.0026975,8822585874.0
2026-07-10 12:00:00,0.0026975,0.0027589,0.0026927,0.0027544,14629369106.0
2026-07-10 16:00:00,0.0027545,0.0028812,0.0027388,0.002816,27808293166.0
2026-07-10 20:00:00,0.002816,0.0028428,0.002786,0.0027973,7897361609.0
2026-07-11 00:00:00,0.0027974,0.0028029,0.0027551,0.0027752,7431976020.0
2026-07-11 04:00:00,0.0027752,0.0027828,0.0027464,0.0027532,5048438930.0
2026-07-11 08:00:00,0.0027532,0.0028184,0.0027527,0.0027851,7974587634.0
2026-07-11 12:00:00,0.0027852,0.0028369,0.002772,0.002784,9801670076.0
2026-07-11 16:00:00,0.0027841,0.0028217,0.0027751,0.0027994,6582146345.0
2026-07-11 20:00:00,0.0027994,0.0028167,0.0027051,0.0027071,9976072363.0
2026-07-12 00:00:00,0.002707,0.0027406,0.0026754,0.0027348,9169739061.0
2026-07-12 04:00:00,0.0027349,0.0027398,0.002687,0.0026998,6052556756.0
2026-07-12 08:00:00,0.0026998,0.002747,0.0026976,0.0027448,4902079720.0
2026-07-12 12:00:00,0.0027448,0.0028124,0.0027347,0.002784,10089147911.0
2026-07-12 16:00:00,0.002784,0.0028293,0.0027638,0.0028026,7711896866.0
2026-07-12 20:00:00,0.0028026,0.0028068,0.0027402,0.0027662,5164850983.0
2026-07-13 00:00:00,0.0027662,0.0028171,0.0027031,0.002727,9834430821.0
2026-07-13 04:00:00,0.002727,0.0027488,0.0027112,0.0027242,6513215288.0
2026-07-13 08:00:00,0.0027242,0.002771,0.0027156,0.0027452,5744330859.0
2026-07-13 12:00:00,0.0027451,0.0027774,0.0027201,0.0027342,11636086290.0
2026-07-13 16:00:00,0.0027342,0.0027391,0.0026606,0.0027035,12158221592.0
2026-07-13 20:00:00,0.0027038,0.0027282,0.0026424,0.0027269,6688407136.0
2026-07-14 00:00:00,0.002727,0.0027578,0.0027041,0.0027258,7741614169.0
2026-07-14 04:00:00,0.0027257,0.0027507,0.0027256,0.0027401,4566156765.0
2026-07-14 08:00:00,0.0027401,0.0027529,0.0027154,0.0027272,5266132276.0
2026-07-14 12:00:00,0.0027273,0.0029067,0.0027217,0.0028472,26718419027.0
2026-07-14 16:00:00,0.0028472,0.0028586,0.0027891,0.0028191,9509727429.0
2026-07-14 20:00:00,0.0028191,0.0028333,0.0027983,0.0028138,5427498189.0
2026-07-15 00:00:00,0.0028138,0.0028151,0.002777,0.0028006,7060833958.0
2026-07-15 04:00:00,0.0028006,0.0028118,0.0027523,0.002764,8560440374.0
2026-07-15 08:00:00,0.0027641,0.0027945,0.0027565,0.0027736,6380887049.0
2026-07-15 12:00:00,0.0027737,0.0029497,0.0027573,0.0028609,42329551515.0
2026-07-15 16:00:00,0.002861,0.0028629,0.0027501,0.0027821,21101052188.0
2026-07-15 20:00:00,0.0027821,0.0028042,0.0027785,0.0027851,3993855570.0
2026-07-16 00:00:00,0.002785,0.0027999,0.0027597,0.0027711,5904987954.0
2026-07-16 04:00:00,0.0027712,0.0027918,0.0027035,0.0027226,10615329964.0
2026-07-16 08:00:00,0.0027227,0.0027392,0.0026843,0.0027274,9969022160.0
2026-07-16 12:00:00,0.0027274,0.0027636,0.0027136,0.0027555,9600514680.0
2026-07-16 16:00:00,0.0027555,0.0027561,0.0027119,0.0027436,5883089961.0
2026-07-16 20:00:00,0.0027435,0.0027636,0.002705,0.0027227,5871498508.0
2026-07-17 00:00:00,0.0027226,0.0027614,0.0027093,0.0027506,7474424427.0
2026-07-17 04:00:00,0.0027506,0.0027761,0.0026921,0.002714,11798480047.0
2026-07-17 08:00:00,0.002714,0.0027715,0.0027054,0.0027247,10354234235.0
2026-07-17 12:00:00,0.0027247,0.0027313,0.0026603,0.0027156,12965136092.0
2026-07-17 16:00:00,0.0027156,0.0027596,0.0027064,0.0027481,7602558391.0
2026-07-17 20:00:00,0.0027482,0.0027521,0.0027233,0.0027422,3334830826.0
2026-07-18 00:00:00,0.0027422,0.0027564,0.0027355,0.0027491,3739754318.0
2026-07-18 04:00:00,0.0027491,0.0027496,0.0027151,0.0027239,3722728965.0
2026-07-18 08:00:00,0.0027238,0.0027335,0.002706,0.0027262,3521086118.0
2026-07-18 12:00:00,0.0027263,0.002755,0.0027127,0.002731,5940545692.0
2026-07-18 16:00:00,0.002731,0.0027744,0.0027247,0.0027598,10228314338.0
2026-07-18 20:00:00,0.0027599,0.0027812,0.0027518,0.0027569,4459174448.0
2026-07-19 00:00:00,0.002757,0.0027682,0.0027401,0.0027476,4011781222.0
2026-07-19 04:00:00,0.0027477,0.0028332,0.0027424,0.0028035,7642783000.0
2026-07-19 08:00:00,0.0028034,0.0028552,0.0028034,0.0028325,11184211517.0
2026-07-19 12:00:00,0.0028324,0.0028739,0.0028256,0.0028553,9074467256.0
2026-07-19 16:00:00,0.0028553,0.0028603,0.002804,0.0028478,6631645221.0
2026-07-19 20:00:00,0.0028477,0.0028508,0.002806,0.0028348,5313484087.0
2026-07-20 00:00:00,0.0028348,0.002942,0.0028252,0.0028841,16669410817.0
2026-07-20 04:00:00,0.0028841,0.0028922,0.0027815,0.0028206,13416869882.0
2026-07-20 08:00:00,0.0028206,0.0029366,0.0028114,0.002921,10284809198.0
2026-07-20 12:00:00,0.002921,0.0029356,0.0028327,0.0029256,14607099028.0
2026-07-20 16:00:00,0.0029255,0.0029303,0.0028692,0.0028779,8165892769.0
2026-07-20 20:00:00,0.002878,0.0029538,0.0028718,0.00292,9109200371.0
2026-07-21 00:00:00,0.00292,0.0029513,0.0029063,0.0029402,6876701845.0
2026-07-21 04:00:00,0.0029402,0.0029487,0.0029058,0.0029208,7798011221.0
2026-07-21 08:00:00,0.0029208,0.0029781,0.0029042,0.0029263,10012021730.0
2026-07-21 12:00:00,0.0029264,0.002936,0.0028816,0.0029047,10321424281.0
2026-07-21 16:00:00,0.0029046,0.0029078,0.0028616,0.002892,6470335112.0
2026-07-21 20:00:00,0.0028921,0.0028997,0.0028559,0.002877,4186402697.0
2026-07-22 00:00:00,0.0028771,0.0029032,0.0028582,0.002862,5766089912.0
2026-07-22 04:00:00,0.002862,0.002878,0.002834,0.0028485,5341829648.0
2026-07-22 08:00:00,0.0028485,0.002861,0.0028303,0.0028443,5900652200.0
2026-07-22 12:00:00,0.0028443,0.0028873,0.002825,0.0028749,7684291618.0
2026-07-22 16:00:00,0.0028748,0.0029299,0.0028526,0.0028618,9285994946.0
2026-07-22 20:00:00,0.0028618,0.0029089,0.002853,0.0028876,4831170172.0
2026-07-23 00:00:00,0.0028878,0.0029016,0.00284,0.0028461,5202976919.0
2026-07-23 04:00:00,0.0028461,0.0028628,0.002828,0.0028458,4117462362.0
2026-07-23 08:00:00,0.0028458,0.002867,0.0028416,0.0028441,3306547605.0
2026-07-23 12:00:00,0.0028441,0.0028594,0.0027651,0.0027909,14682140859.0
2026-07-23 16:00:00,0.0027909,0.0027917,0.0027563,0.0027707,5971310776.0
2026-07-23 20:00:00,0.0027707,0.0027943,0.0027696,0.0027813,3177878165.0
2026-07-24 00:00:00,0.0027813,0.0027981,0.0027599,0.0027854,4034719281.0
2026-07-24 04:00:00,0.0027854,0.002817,0.0027694,0.0027954,5018908915.0
2026-07-24 08:00:00,0.0027954,0.0027989,0.0027582,0.0027715,4396252553.0
2026-07-24 12:00:00,0.0027715,0.0027802,0.0026875,0.0027103,12637900597.0
2026-07-24 16:00:00,0.0027103,0.0027213,0.0026844,0.0027129,4641624793.0
2026-07-24 20:00:00,0.0027129,0.0027226,0.0027022,0.0027172,2473414718.0
2026-07-25 00:00:00,0.0027172,0.0027214,0.002704,0.0027083,2490468566.0
2026-07-25 04:00:00,0.0027082,0.0027134,0.0026559,0.002673,5007012707.0
2026-07-25 08:00:00,0.0026729,0.0026909,0.0026639,0.0026846,4101348210.0
2026-07-25 12:00:00,0.0026846,0.0027326,0.0026834,0.0027228,5722931972.0
2026-07-25 16:00:00,0.0027228,0.0028161,0.002717,0.0027895,19312296207.0
2026-07-25 20:00:00,0.0027894,0.0027968,0.0027316,0.0027411,5310294445.0
2026-07-26 00:00:00,0.0027409,0.0029264,0.002735,0.0029232,17043979284.0
2026-07-26 04:00:00,0.0029235,0.0030513,0.0028824,0.0029868,31609684158.0
2026-07-26 08:00:00,0.0029868,0.0030151,0.0029353,0.0030091,15904321682.0
2026-07-26 12:00:00,0.0030092,0.0030465,0.0028906,0.0029319,26022807950.0
2026-07-26 16:00:00,0.0029319,0.0029612,0.002898,0.002913,8285377896.0
2026-07-26 20:00:00,0.002913,0.0029957,0.0029001,0.0029793,11425194046.0
2026-07-27 00:00:00,0.0029793,0.0029888,0.0029251,0.0029381,8968538438.0
2026-07-27 04:00:00,0.0029382,0.0031038,0.0029354,0.0030125,20080291008.0
2026-07-27 08:00:00,0.0030124,0.0030146,0.0029211,0.0029591,14122125009.0
2026-07-27 12:00:00,0.0029591,0.003029,0.0029126,0.0029439,19909541124.0
2026-07-27 16:00:00,0.0029439,0.0029718,0.0028808,0.0029136,10537532313.0
2026-07-27 20:00:00,0.0029136,0.0029265,0.0028096,0.002824,12651626260.0
2026-07-28 00:00:00,0.002824,0.0028276,0.0027633,0.0028042,10381767178.0
2026-07-28 04:00:00,0.0028041,0.0028366,0.0027966,0.0028069,6050992396.0
2026-07-28 08:00:00,0.0028069,0.0028283,0.0028024,0.0028094,5338214309.0
2026-07-28 12:00:00,0.0028093,0.0028442,0.0027544,0.0028301,14120310874.0
2026-07-28 16:00:00,0.0028301,0.0028391,0.0027718,0.0028066,10427039315.0
2026-07-28 20:00:00,0.0028062,0.0028249,0.0027813,0.0028069,5491248121.0
2026-07-29 00:00:00,0.0028067,0.0028217,0.0027263,0.0027358,9381109829.0
2026-07-29 04:00:00,0.0027359,0.0027766,0.0027138,0.0027664,7394508621.0
2026-07-29 08:00:00,0.0027663,0.0027686,0.0027319,0.0027489,5393664445.0
2026-07-29 12:00:00,0.0027488,0.0027549,0.0027013,0.0027123,9211380279.0
2026-07-29 16:00:00,0.0027123,0.002785,0.0026947,0.0027076,12879370492.0
2026-07-29 20:00:00,0.0027075,0.0027368,0.002663,0.0027259,9295847684.0
2026-07-30 00:00:00,0.0027258,0.0027658,0.0027024,0.0027516,5922741753.0
2026-07-30 04:00:00,0.0027515,0.002756,0.0027281,0.0027326,3602412034.0
2026-07-30 08:00:00,0.0027326,0.0027679,0.0027278,0.0027606,4453898196.0
2026-07-30 12:00:00,0.0027605,0.0027875,0.0027445,0.0027674,8592871782.0
2026-07-30 16:00:00,0.0027674,0.0027872,0.0027584,0.0027781,5005883282.0
2026-07-30 20:00:00,0.0027782,0.0027896,0.0027589,0.0027618,4132735007.0
2026-07-31 00:00:00,0.0027619,0.0028091,0.0027131,0.0027436,7891058319.0
2026-07-31 04:00:00,0.0027436,0.0027563,0.0027175,0.0027373,3955240123.0
2026-07-31 08:00:00,0.0027374,0.0027456,0.0027136,0.0027357,4173357418.0
2026-07-31 12:00:00,0.0027358,0.0027806,0.0027155,0.0027195,13197289086.0
2026-07-31 16:00:00,0.0027195,0.0028249,0.0027154,0.0027522,10424305890.0
2026-07-31 20:00:00,0.0027522,0.0027714,0.0027362,0.0027544,3922957202.0
2026-08-01 00:00:00,0.0027544,0.0027936,0.0027544,0.0027842,5201754521.0
2026-08-01 04:00:00,0.0027843,0.0028048,0.0027781,0.0027784,4771875919.0
2026-08-01 08:00:00,0.0027784,0.0027873,0.0027406,0.0027553,5686202633.0
2026-08-01 12:00:00,0.0027553,0.0028069,0.0027494,0.0027995,5079914651.0
2026-08-01 16:00:00,0.0027996,0.0028129,0.0027232,0.0027619,13532348482.0
2026-08-01 20:00:00,0.002762,0.0027857,0.0027448,0.0027749,3511139397.0
2026-08-02 00:00:00,0.0027749,0.0028958,0.0027738,0.0028752,12951831791.0
2026-08-02 04:00:00,0.0028752,0.0029585,0.0028656,0.002948,10435772802.0
2026-08-02 08:00:00,0.002948,0.002955,0.0028888,0.0028963,7377042269.0
2026-08-02 12:00:00,0.0028964,0.0029639,0.0028856,0.0028996,7771573223.0
2026-08-02 16:00:00,0.0028997,0.0029256,0.0028863,0.0029184,5527446474.0
2026-08-02 20:00:00,0.0029184,0.0029381,0.0028885,0.0029073,4304448239.0
2026-08-03 00:00:00,0.0029073,0.0029123,0.0028452,0.0028546,5721901443.0
2026-08-03 04:00:00,0.0028546,0.0028724,0.002821,0.0028326,4637764286.0
2026-08-03 08:00:00,0.0028327,0.002864,0.0028224,0.0028597,4381047873.0
2026-08-03 12:00:00,0.0028597,0.002928,0.0028511,0.0029178,9972967312.0
2026-08-03 16:00:00,0.0029178,0.0029616,0.0029066,0.0029303,7562302892.0
2026-08-03 20:00:00,0.0029303,0.0029624,0.0028946,0.002907,5662355582.0
2026-08-04 00:00:00,0.002907,0.0029619,0.0028903,0.0029374,6613171745.0
2026-08-04 04:00:00,0.0029375,0.002993,0.0029022,0.0029237,6834263990.0
2026-08-04 08:00:00,0.0029237,0.0029295,0.0028911,0.0029072,5457369658.0
2026-08-04 12:00:00,0.0029071,0.0029176,0.0028662,0.0029034,8811935069.0
2026-08-04 16:00:00,0.0029034,0.002936,0.0028976,0.0029238,4534540241.0
2026-08-04 20:00:00,0.0029238,0.0029316,0.0028867,0.0028876,3903002848.0
2026-08-05 00:00:00,0.0028876,0.0029,0.002837,0.0028523,8296554275.0
2026-08-05 04:00:00,0.0028522,0.0028727,0.0028446,0.0028584,4738693728.0
2026-08-05 08:00:00,0.0028585,0.0028877,0.0028517,0.0028654,4061578806.0
2026-08-05 12:00:00,0.0028654,0.0028978,0.0028355,0.0028476,10147825867.0
2026-08-05 16:00:00,0.0028476,0.0028954,0.0028454,0.0028722,5580639577.0
2026-08-05 20:00:00,0.0028721,0.002903,0.0028607,0.0028744,3955095936.0
2026-08-06 00:00:00,0.0028745,0.0028971,0.0028371,0.0028426,5453668389.0
2026-08-06 04:00:00,0.0028427,0.0028648,0.0028152,0.0028419,5694219904.0
2026-08-06 08:00:00,0.0028419,0.0028444,0.0027665,0.0028018,10440877538.0
2026-08-06 12:00:00,0.0028018,0.0028231,0.002785,0.0028048,7334498224.0
2026-08-06 16:00:00,0.0028049,0.0028231,0.0027908,0.0027923,4842754184.0
2026-08-06 20:00:00,0.0027923,0.0028214,0.0027922,0.0028098,3447925905.0
2026-08-07 00:00:00,0.0028098,0.00282,0.0027909,0.0027959,4272438134.0
2026-08-07 04:00:00,0.0027959,0.0028148,0.0027803,0.0028049,3957475313.0
2026-08-07 08:00:00,0.002805,0.0028361,0.0028045,0.0028308,4599430556.0
2026-08-07 12:00:00,0.0028308,0.002873,0.0028037,0.0028243,8009563994.0
2026-08-07 16:00:00,0.0028243,0.0028386,0.0027917,0.0028353,5558687980.0
2026-08-07 20:00:00,0.0028353,0.0028384,0.0028047,0.0028099,3452046920.0
2026-08-08 00:00:00,0.00281,0.002869,0.0028031,0.0028651,4883973008.0
2026-08-08 04:00:00,0.0028652,0.002881,0.0028531,0.0028589,5096715699.0
2026-08-08 08:00:00,0.0028589,0.0028798,0.002856,0.0028667,3193413516.0
2026-08-08 12:00:00,0.0028667,0.002892,0.0028501,0.0028861,5329485051.0
2026-08-08 16:00:00,0.0028861,0.0028962,0.0028609,0.0028655,2636452453.0
2026-08-08 20:00:00,0.0028655,0.00287,0.0028422,0.0028525,2279435496.0
2026-08-09 00:00:00,0.0028525,0.0028638,0.0028378,0.002844,2834779878.0
2026-08-09 04:00:00,0.002844,0.00288,0.0028433,0.0028741,3440679822.0
2026-08-09 08:00:00,0.0028741,0.002887,0.0028584,0.0028699,2994762052.0
2026-08-09 12:00:00,0.0028699,0.0028948,0.0028645,0.0028893,4205490822.0
2026-08-09 16:00:00,0.0028893,0.0029418,0.0028893,0.002925,7885644269.0
2026-08-09 20:00:00,0.002925,0.0029641,0.0028717,0.0028824,9521784196.0
2026-08-10 00:00:00,0.0028823,0.0029404,0.0028736,0.0028874,7006014734.0
2026-08-10 04:00:00,0.0028875,0.0029081,0.0028748,0.0028922,3680745968.0
2026-08-10 08:00:00,0.0028923,0.0029049,0.0028655,0.0028934,4107441333.0
2026-08-10 12:00:00,0.0028933,0.0029048,0.0028442,0.0028702,7953286584.0
2026-08-10 16:00:00,0.0028701,0.0028812,0.002851,0.0028703,5915699939.0
2026-08-10 20:00:00,0.0028701,0.0028843,0.0028513,0.0028757,3660923122.0
2026-08-11 00:00:00,0.0028758,0.002897,0.0028636,0.0028657,3474369615.0
2026-08-11 04:00:00,0.0028657,0.0028829,0.0028473,0.0028491,4898885983.0
2026-08-11 08:00:00,0.0028491,0.0028726,0.0028476,0.0028669,4500316626.0
2026-08-11 12:00:00,0.0028669,0.0028685,0.002767,0.0027844,13123328675.0
2026-08-11 16:00:00,0.0027844,0.0028078,0.002778,0.0028061,4283951484.0
2026-08-11 20:00:00,0.0028061,0.0028528,0.0028025,0.0028397,6830857226.0
2026-08-12 00:00:00,0.0028397,0.0028641,0.0028338,0.0028472,3998511771.0
2026-08-12 04:00:00,0.0028471,0.002862,0.0028244,0.002836,3312292761.0
2026-08-12 08:00:00,0.0028359,0.0028533,0.0028113,0.0028424,4209164922.0
2026-08-12 12:00:00,0.0028422,0.00286,0.0027762,0.0027913,10463448980.0
2026-08-12 16:00:00,0.0027912,0.0028011,0.0027705,0.0027811,4295549348.0
2026-08-12 20:00:00,0.0027811,0.0027934,0.0026239,0.0026737,15126347634.0
2026-08-13 00:00:00,0.0026738,0.002733,0.0026643,0.0027172,8779436776.0
2026-08-13 04:00:00,0.0027173,0.002733,0.0026984,0.0027063,5702829276.0
2026-08-13 08:00:00,0.0027062,0.0027156,0.0026856,0.0026894,7829100739.0
2026-08-13 12:00:00,0.0026894,0.0027072,0.0026587,0.0026647,7825016867.0
2026-08-13 16:00:00,0.0026646,0.0026773,0.0026304,0.0026749,8914354879.0
2026-08-13 20:00:00,0.0026749,0.0026931,0.0026674,0.0026866,2913877917.0
2026-08-14 00:00:00,0.0026866,0.0027099,0.0026791,0.0026837,5430859629.0
2026-08-14 04:00:00,0.0026836,0.0026965,0.0026475,0.0026514,4855634891.0
2026-08-14 08:00:00,0.0026514,0.002672,0.0026331,0.0026357,6099997096.0
2026-08-14 12:00:00,0.0026357,0.0026535,0.0026112,0.002648,8296506912.0
2026-08-14 16:00:00,0.002648,0.0026799,0.0026454,0.0026483,5304982156.0
2026-08-14 20:00:00,0.0026483,0.0026695,0.0026293,0.0026621,3527868258.0
2026-08-15 00:00:00,0.0026622,0.0026738,0.002652,0.0026598,3519135372.0
2026-08-15 04:00:00,0.0026598,0.0026709,0.0026372,0.0026391,3138497010.0
2026-08-15 08:00:00,0.0026392,0.0026471,0.0026359,0.0026411,2578160351.0
2026-08-15 12:00:00,0.0026411,0.0026543,0.002638,0.0026525,2379004606.0
2026-08-15 16:00:00,0.0026526,0.0026614,0.0026412,0.0026462,2583756710.0
2026-08-15 20:00:00,0.0026462,0.0026536,0.0026134,0.0026225,3466657348.0
2026-08-16 00:00:00,0.0026226,0.0026298,0.002586,0.0026151,5408709102.0
2026-08-16 04:00:00,0.002615,0.0026208,0.0025884,0.0026053,4421390102.0
2026-08-16 08:00:00,0.0026054,0.0026105,0.0025986,0.0026069,2817496529.0
2026-08-16 12:00:00,0.0026069,0.0026254,0.0025989,0.0026224,2804596220.0
2026-08-16 16:00:00,0.0026224,0.0026261,0.002577,0.0025919,5495555238.0
2026-08-16 20:00:00,0.0025919,0.0025965,0.0025283,0.0025705,8609897795.0
2026-08-17 00:00:00,0.0025705,0.0026246,0.0025511,0.002616,7575237402.0
2026-08-17 04:00:00,0.002616,0.0026228,0.0026019,0.0026133,5334087732.0
2026-08-17 08:00:00,0.0026134,0.0026138,0.0025768,0.0025899,6653162388.0
2026-08-17 12:00:00,0.0025898,0.0026014,0.0025634,0.002596,7177650143.0
2026-08-17 16:00:00,0.002596,0.0026005,0.0025773,0.0025828,5023259880.0
2026-08-17 20:00:00,0.0025827,0.0026155,0.0025712,0.0025885,5198201564.0
2026-08-18 00:00:00,0.0025884,0.0025888,0.002541,0.0025564,6640345141.0
2026-08-18 04:00:00,0.0025565,0.0025715,0.0025444,0.0025571,5054899795.0
2026-08-18 08:00:00,0.0025572,0.0025891,0.002537,0.0025785,5364586498.0
2026-08-18 12:00:00,0.0025784,0.0026101,0.0025507,0.002609,9326899046.0
2026-08-18 16:00:00,0.0026091,0.0026197,0.0025961,0.0026034,5614513366.0
2026-08-18 20:00:00,0.0026034,0.0026043,0.0025748,0.0025862,3301629239.0
2026-08-19 00:00:00,0.0025862,0.0026026,0.002567,0.0025952,3375918816.0
2026-08-19 04:00:00,0.0025952,0.0026069,0.0025806,0.002588,6371342675.0
2026-08-19 08:00:00,0.0025881,0.0026024,0.002575,0.0026017,5152097685.0
2026-08-19 12:00:00,0.0026017,0.0027613,0.0025909,0.0026916,24272765404.0
2026-08-19 16:00:00,0.0026917,0.0027269,0.0026777,0.002717,13579869096.0
2026-08-19 20:00:00,0.002717,0.0029312,0.0027117,0.0028766,29709764254.0
2026-08-20 00:00:00,0.0028765,0.0029492,0.0028731,0.0029132,18027692096.0
2026-08-20 04:00:00,0.0029131,0.0029849,0.0028861,0.0029716,16507282011.0
2026-08-20 08:00:00,0.0029715,0.003214,0.00296,0.0031518,53547875899.0
2026-08-20 12:00:00,0.0031517,0.0032356,0.0030882,0.00321,29929646248.0
2026-08-20 16:00:00,0.0032101,0.003232,0.0030904,0.0031299,19370129530.0
2026-08-20 20:00:00,0.0031297,0.0032681,0.003127,0.0032074,14613555205.0
2026-08-21 00:00:00,0.0032075,0.0032756,0.0031739,0.0032346,18263524692.0
2026-08-21 04:00:00,0.0032346,0.0035117,0.0032246,0.0034503,30554647207.0
2026-08-21 08:00:00,0.0034504,0.0037327,0.0034248,0.003532,51284575856.0
2026-08-21 12:00:00,0.0035318,0.0037656,0.00351,0.0036996,29123126480.0
2026-08-21 16:00:00,0.0036996,0.0040974,0.003672,0.0038011,59787654753.0
2026-08-21 20:00:00,0.0038013,0.0042398,0.0037785,0.0041212,41023631140.0
2026-08-22 00:00:00,0.0041215,0.0043622,0.0040396,0.004232,38406243150.0
2026-08-22 04:00:00,0.0042321,0.0045632,0.0036226,0.0041589,78275016772.0
2026-08-22 08:00:00,0.0041592,0.00419,0.0039004,0.0040059,30801991984.0
2026-08-22 12:00:00,0.004006,0.004099,0.0039507,0.0040067,20646946425.0
2026-08-22 16:00:00,0.0040066,0.0042095,0.004,0.0041404,24134296644.0
2026-08-22 20:00:00,0.0041406,0.0041857,0.003988,0.0040722,18568709732.0
2026-08-23 00:00:00,0.0040722,0.0041667,0.0039729,0.0040131,15787100421.0
2026-08-23 04:00:00,0.0040131,0.004076,0.0038368,0.0039087,26186117902.0
2026-08-23 08:00:00,0.0039088,0.0040913,0.0038955,0.0040743,14588050987.0
2026-08-23 12:00:00,0.0040744,0.0041545,0.0039812,0.0041069,17320417282.0
2026-08-23 16:00:00,0.004107,0.0041429,0.0040585,0.0040836,8207554914.0
2026-08-23 20:00:00,0.0040836,0.0042715,0.0040681,0.0040985,14809706623.0
2026-08-24 00:00:00,0.0040986,0.0041061,0.003957,0.0039929,11422153940.0
2026-08-24 04:00:00,0.0039928,0.0040836,0.0039824,0.0040209,8991389736.0
2026-08-24 08:00:00,0.004021,0.0041336,0.0039728,0.0040892,12903716510.0
2026-08-24 12:00:00,0.0040892,0.0042076,0.0040135,0.0040858,29629286205.0
2026-08-24 16:00:00,0.0040858,0.0041967,0.0039427,0.0040037,19445925176.0
2026-08-24 20:00:00,0.0040038,0.0040493,0.0039837,0.0040447,5460991337.0
2026-08-25 00:00:00,0.0040447,0.004315,0.0040149,0.0042032,21060687158.0
2026-08-25 04:00:00,0.0042033,0.0042763,0.0040373,0.0040616,18156060015.0
2026-08-25 08:00:00,0.0040617,0.0041021,0.0040117,0.0040287,11681177637.0
2026-08-25 12:00:00,0.0040286,0.0040311,0.0038827,0.0039925,18360187663.0
2026-08-25 16:00:00,0.0039924,0.0039983,0.00391,0.0039345,9520875447.0
2026-08-25 20:00:00,0.0039344,0.00394,0.0037455,0.0038204,17986408164.0
2026-08-26 00:00:00,0.0038204,0.0038824,0.0038052,0.0038544,6765270735.0
2026-08-26 04:00:00,0.0038544,0.0038711,0.0038075,0.0038124,6509346621.0
2026-08-26 08:00:00,0.0038125,0.0038304,0.0037573,0.0037851,9518263995.0
2026-08-26 12:00:00,0.0037852,0.0038233,0.0036476,0.0036964,18557759077.0
2026-08-26 16:00:00,0.0036964,0.0037392,0.0036555,0.0037122,7915311532.0
2026-08-26 20:00:00,0.0037118,0.003877,0.0036808,0.0038583,10247609904.0
2026-08-27 00:00:00,0.0038583,0.0038595,0.0037901,0.0038034,6772070949.0
2026-08-27 04:00:00,0.0038033,0.0038312,0.0037578,0.003825,6473954221.0
2026-08-27 08:00:00,0.0038249,0.0039946,0.0038207,0.0039165,23210041457.0
2026-08-27 12:00:00,0.0039165,0.0040166,0.0038812,0.0039186,16567685453.0
2026-08-27 16:00:00,0.0039186,0.0039618,0.0038451,0.0039118,12832435224.0
2026-08-27 20:00:00,0.0039119,0.0039299,0.0038672,0.0038919,5099918077.0
2026-08-28 00:00:00,0.0038919,0.0039697,0.0037867,0.0038166,14529269799.0
2026-08-28 04:00:00,0.0038166,0.003838,0.0037558,0.0037916,7267130932.0
2026-08-28 08:00:00,0.0037916,0.0038248,0.0037553,0.0038001,7053090871.0
2026-08-28 12:00:00,0.0038001,0.00385,0.003717,0.0037283,16382962409.0
2026-08-28 16:00:00,0.0037282,0.0037355,0.003612,0.0036721,17912581065.0
2026-08-28 20:00:00,0.0036721,0.0036986,0.0036413,0.0036918,4230318205.0
2026-08-29 00:00:00,0.0036921,0.003706,0.003624,0.0036329,4552594322.0
2026-08-29 04:00:00,0.0036329,0.0036642,0.0036128,0.0036177,4055278556.0
2026-08-29 08:00:00,0.0036178,0.0036376,0.0035906,0.003621,3775486235.0
2026-08-29 12:00:00,0.0036211,0.0036769,0.0036067,0.0036441,5479656039.0
2026-08-29 16:00:00,0.0036441,0.00367,0.0036201,0.0036511,4449251626.0
2026-08-29 20:00:00,0.0036512,0.0036651,0.0036401,0.0036579,2802438228.0
2026-08-30 00:00:00,0.003658,0.0036674,0.003627,0.0036324,3105734596.0
2026-08-30 04:00:00,0.0036324,0.0036606,0.0036217,0.0036334,2168886197.0
2026-08-30 08:00:00,0.0036335,0.0036469,0.0036138,0.0036417,2967881087.0
2026-08-30 12:00:00,0.0036418,0.0036989,0.0036316,0.003679,8055913784.0
2026-08-30 16:00:00,0.0036791,0.0038064,0.0036704,0.003706,14652022901.0
2026-08-30 20:00:00,0.003706,0.0037206,0.0033601,0.0034011,23202846953.0
2026-08-31 00:00:00,0.0034012,0.0034683,0.0033876,0.0034441,11239895634.0
2026-08-31 04:00:00,0.0034442,0.0035181,0.0034167,0.0035129,7687729510.0
2026-08-31 08:00:00,0.0035129,0.00361,0.0035077,0.0035846,10685237520.0
2026-08-31 12:00:00,0.0035847,0.0036228,0.0035108,0.0035467,18004296389.0
2026-08-31 16:00:00,0.0035466,0.0036084,0.0035322,0.003562,8241722900.0
2026-08-31 20:00:00,0.003562,0.0035979,0.0035408,0.0035558,5522721051.0
2026-09-01 00:00:00,0.0035557,0.0035914,0.0035321,0.0035579,6168420825.0
2026-09-01 04:00:00,0.003558,0.0035683,0.0035115,0.0035309,6114033171.0
2026-09-01 08:00:00,0.003531,0.0035354,0.0034604,0.0035082,9093402019.0
2026-09-01 12:00:00,0.0035082,0.00355,0.003464,0.0035141,12786801568.0
2026-09-01 16:00:00,0.0035142,0.0035181,0.0034313,0.0034852,12220409510.0
2026-09-01 20:00:00,0.0034847,0.0034978,0.0034442,0.0034752,5304971042.0
2026-09-02 00:00:00,0.0034754,0.0035046,0.0034265,0.0034799,6413479304.0
2026-09-02 04:00:00,0.00348,0.003482,0.0034451,0.0034501,4587896328.0
2026-09-02 08:00:00,0.0034501,0.0034593,0.0033725,0.0034142,7618517384.0
2026-09-02 12:00:00,0.0034142,0.003437,0.003365,0.003413,10331527386.0
2026-09-02 16:00:00,0.0034131,0.0034212,0.0033653,0.003403,4635055325.0
2026-09-02 20:00:00,0.0034029,0.0034332,0.0033847,0.0034306,5650009184.0
2026-09-03 00:00:00,0.0034306,0.0034825,0.0033928,0.0034542,6075518022.0
2026-09-03 04:00:00,0.0034543,0.0034887,0.003406,0.0034638,6237119567.0
2026-09-03 08:00:00,0.0034639,0.0035019,0.0034385,0.003483,5001751632.0
2026-09-03 12:00:00,0.003483,0.0038671,0.0034722,0.0038591,29665899367.0
2026-09-03 16:00:00,0.0038592,0.0038824,0.0037685,0.0038095,21063939203.0
2026-09-03 20:00:00,0.0038093,0.0038098,0.0036506,0.0037128,13599836434.0
2026-09-04 00:00:00,0.0037129,0.0037182,0.0036415,0.003663,8645664276.0
2026-09-04 04:00:00,0.0036631,0.0036956,0.0036152,0.0036312,6942770085.0
2026-09-04 08:00:00,0.0036314,0.0037035,0.0036256,0.0036851,9971789112.0
2026-09-04 12:00:00,0.0036852,0.0037134,0.0034717,0.0035176,24899925784.0
2026-09-04 16:00:00,0.0035176,0.0035909,0.0035079,0.0035831,6583436721.0
2026-09-04 20:00:00,0.0035831,0.0036026,0.0034882,0.0035217,6310177494.0
2026-09-05 00:00:00,0.0035217,0.0035258,0.0034435,0.0034621,8761847618.0
2026-09-05 04:00:00,0.0034622,0.0035241,0.0034504,0.0035185,6637956715.0
2026-09-05 08:00:00,0.0035184,0.0035428,0.0035018,0.0035263,5213812352.0
2026-09-05 12:00:00,0.0035262,0.0035918,0.00352,0.0035685,10104983430.0
2026-09-05 16:00:00,0.0035684,0.003712,0.0035583,0.0036081,15883544423.0
2026-09-05 20:00:00,0.0036081,0.0036579,0.0036,0.0036134,7079326923.0
2026-09-06 00:00:00,0.0036134,0.003691,0.0036078,0.0036674,7623646905.0
2026-09-06 04:00:00,0.0036674,0.0036721,0.0036026,0.0036322,8046143351.0
2026-09-06 08:00:00,0.0036323,0.0036532,0.0036075,0.0036365,5594613146.0
2026-09-06 12:00:00,0.0036366,0.0036444,0.0035301,0.0035789,13454308684.0
2026-09-06 16:00:00,0.0035789,0.0036084,0.0035709,0.003596,3439142433.0
2026-09-06 20:00:00,0.0035959,0.0036612,0.003592,0.0036559,6716704735.0
2026-09-07 00:00:00,0.0036559,0.0036743,0.003567,0.0035746,11109752201.0
2026-09-07 04:00:00,0.0035746,0.0036358,0.0035319,0.003562,7547223116.0
2026-09-07 08:00:00,0.0035621,0.0036157,0.0035575,0.0035983,4923497423.0
2026-09-07 12:00:00,0.0035983,0.0037115,0.00355,0.003565,16252094101.0
2026-09-07 16:00:00,0.0035651,0.0036383,0.0035639,0.0036296,5652308920.0
2026-09-07 20:00:00,0.0036297,0.0036441,0.0035623,0.0036232,6617811554.0
2026-09-08 00:00:00,0.003623,0.0036826,0.0035811,0.0036051,8195845102.0
2026-09-08 04:00:00,0.0036053,0.0036415,0.003563,0.0036092,7501392853.0
2026-09-08 08:00:00,0.0036092,0.0036569,0.0035876,0.0036093,9581834876.0
2026-09-08 12:00:00,0.0036092,0.0036827,0.0035478,0.0036729,14841575358.0
2026-09-08 16:00:00,0.0036729,0.0036962,0.003604,0.0036365,9960703015.0
2026-09-08 20:00:00,0.0036366,0.0036828,0.0036342,0.0036571,4584721537.0
2026-09-09 00:00:00,0.003657,0.0037666,0.0036205,0.0036431,13841608968.0
2026-09-09 04:00:00,0.0036431,0.003741,0.003643,0.0037129,9386779361.0
2026-09-09 08:00:00,0.0037129,0.0037382,0.0036491,0.0037176,10326966213.0
2026-09-09 12:00:00,0.0037175,0.0037326,0.0035443,0.0035875,20480153766.0
2026-09-09 16:00:00,0.0035875,0.0036334,0.0035137,0.003531,10252620058.0
2026-09-09 20:00:00,0.0035309,0.0035399,0.0033957,0.0034751,14500374104.0
2026-09-10 00:00:00,0.0034751,0.0034899,0.0034259,0.0034665,8007678960.0
2026-09-10 04:00:00,0.0034665,0.0034782,0.0034215,0.003438,5518304702.0
2026-09-10 08:00:00,0.003438,0.0034511,0.0033925,0.0034122,7943059447.0
2026-09-10 12:00:00,0.0034121,0.003426,0.0032582,0.0032782,29635468793.0
2026-09-10 16:00:00,0.0032782,0.0033248,0.0032179,0.0033067,16588678217.0
2026-09-10 20:00:00,0.0033068,0.0033321,0.0032257,0.0032335,9059570417.0
2026-09-11 00:00:00,0.0032335,0.0032949,0.003233,0.003293,5986046146.0
2026-09-11 04:00:00,0.003293,0.0033324,0.0032917,0.0033114,6866592668.0
2026-09-11 08:00:00,0.0033114,0.0033333,0.0032283,0.003257,8725510865.0
2026-09-11 12:00:00,0.0032569,0.0035719,0.0032,0.0033582,48123006024.0
2026-09-11 16:00:00,0.0033583,0.0033915,0.003245,0.0032921,19029805951.0
2026-09-11 20:00:00,0.0032922,0.0033177,0.0032573,0.003306,7475806633.0
2026-09-12 00:00:00,0.0033059,0.0033396,0.0032939,0.0033396,4760648907.0
2026-09-12 04:00:00,0.0033397,0.0033548,0.0033096,0.0033507,5169993824.0
2026-09-12 08:00:00,0.0033508,0.0034241,0.003342,0.0033965,8787084035.0
2026-09-12 12:00:00,0.0033965,0.0034184,0.0033767,0.003396,6020401506.0
2026-09-12 16:00:00,0.003396,0.0034278,0.0033859,0.0034132,7135651138.0
2026-09-12 20:00:00,0.0034133,0.0034393,0.0034032,0.0034238,5383034620.0
2026-09-13 00:00:00,0.0034238,0.0034704,0.0034167,0.003451,6702384510.0
2026-09-13 04:00:00,0.0034511,0.0034866,0.0034234,0.003438,6359995312.0
2026-09-13 08:00:00,0.0034381,0.0034479,0.0033723,0.0034143,10413553644.0
2026-09-13 12:00:00,0.0034144,0.0034462,0.003378,0.0033965,7657025877.0
2026-09-13 16:00:00,0.0033966,0.0034297,0.0033943,0.0034079,4111093429.0
2026-09-13 20:00:00,0.0034079,0.0034476,0.0033342,0.0033613,10026811475.0
2026-09-14 00:00:00,0.0033613,0.0034606,0.0033374,0.0034395,10409592729.0
2026-09-14 04:00:00,0.0034396,0.0034697,0.0034308,0.0034498,4294095488.0
2026-09-14 08:00:00,0.0034499,0.0034812,0.0034101,0.0034471,7240047627.0
2026-09-14 12:00:00,0.0034472,0.0034821,0.0034022,0.0034772,12348609025.0
2026-09-14 16:00:00,0.0034771,0.003576,0.003464,0.0035177,12428679111.0
2026-09-14 20:00:00,0.0035178,0.0035927,0.0034503,0.0034548,10219994365.0
2026-09-15 00:00:00,0.0034545,0.0034816,0.003441,0.0034551,4539081239.0
2026-09-15 04:00:00,0.003455,0.0034654,0.0033857,0.0034161,7887703764.0
2026-09-15 08:00:00,0.0034161,0.003457,0.0034053,0.0034351,4636868429.0
2026-09-15 12:00:00,0.0034351,0.0034995,0.0033287,0.0033834,18726359823.0
2026-09-15 16:00:00,0.0033834,0.0034587,0.0032667,0.0033698,22278552280.0
2026-09-15 20:00:00,0.0033699,0.0034214,0.0033064,0.003389,10301402205.0
2026-09-16 00:00:00,0.0033889,0.0034011,0.0033266,0.0033852,6544366296.0
2026-09-16 04:00:00,0.0033852,0.0034227,0.0033497,0.003353,6847621604.0
2026-09-16 08:00:00,0.003353,0.0033751,0.0033287,0.0033561,7838529432.0
2026-09-16 12:00:00,0.0033561,0.003381,0.0033075,0.0033199,8268675104.0
2026-09-16 16:00:00,0.0033199,0.0034056,0.0032858,0.003383,17695591615.0
2026-09-16 20:00:00,0.0033833,0.0034185,0.003347,0.0034056,6188119775.0
2026-09-17 00:00:00,0.0034056,0.003473,0.003386,0.0034604,8394139708.0
2026-09-17 04:00:00,0.0034604,0.003512,0.0034378,0.0034872,6132884226.0
2026-09-17 08:00:00,0.0034872,0.0034979,0.0034481,0.003475,5721062899.0
2026-09-17 12:00:00,0.003475,0.0036937,0.0034711,0.003644,19428284836.0
2026-09-17 16:00:00,0.003644,0.0036638,0.0036048,0.0036277,9251820266.0
2026-09-17 20:00:00,0.0036278,0.0036592,0.0035906,0.0036109,6045468912.0
2026-09-18 00:00:00,0.0036109,0.0036947,0.0035974,0.0036747,8939812615.0
2026-09-18 04:00:00,0.0036748,0.0037114,0.0036445,0.0037073,8854140681.0
2026-09-18 08:00:00,0.0037073,0.0037688,0.0036719,0.0037003,13237801559.0
2026-09-18 12:00:00,0.0037004,0.003857,0.0036741,0.0038201,17936895614.0
2026-09-18 16:00:00,0.0038201,0.00387,0.0037801,0.0038378,11828608581.0
2026-09-18 20:00:00,0.0038379,0.0038919,0.0038089,0.0038207,7808530532.0
2026-09-19 00:00:00,0.0038207,0.0038483,0.0037146,0.0037739,12478638798.0
2026-09-19 04:00:00,0.0037739,0.003824,0.0037431,0.003749,7470562875.0
2026-09-19 08:00:00,0.0037491,0.0038332,0.0037381,0.0038125,7302013694.0
2026-09-19 12:00:00,0.0038126,0.003861,0.003797,0.0038467,10562263014.0
2026-09-19 16:00:00,0.0038468,0.0043257,0.0038368,0.0042276,51355630948.0
2026-09-19 20:00:00,0.0042275,0.0042729,0.0040069,0.0041222,21870514002.0
2026-09-20 00:00:00,0.0041222,0.0041442,0.0039142,0.0040326,19698392051.0
2026-09-20 04:00:00,0.0040328,0.0040384,0.0039812,0.0039913,7472711834.0
2026-09-20 08:00:00,0.0039914,0.0040209,0.0039212,0.0039555,9390926168.0
2026-09-20 12:00:00,0.0039555,0.0039858,0.0038645,0.0039551,14164392453.0
2026-09-20 16:00:00,0.0039551,0.0040323,0.0039423,0.004014,14908920796.0
2026-09-20 20:00:00,0.004014,0.0040271,0.0039106,0.0039947,12481552876.0
2026-09-21 00:00:00,0.0039946,0.0040989,0.0039778,0.0040104,19022437417.0
2026-09-21 04:00:00,0.0040105,0.0040517,0.0039849,0.004025,8480677037.0
2026-09-21 08:00:00,0.0040249,0.0042646,0.0040221,0.0042182,30728100699.0
2026-09-21 12:00:00,0.0042183,0.0051061,0.0042058,0.0050904,85526750272.0
2026-09-21 16:00:00,0.0050903,0.0051644,0.0048222,0.0049753,53700899792.0
2026-09-21 20:00:00,0.0049757,0.005041,0.0047099,0.0047693,34964494340.0
2026-09-22 00:00:00,0.0047693,0.0053154,0.0047604,0.0052653,57026519056.0
2026-09-22 04:00:00,0.0052653,0.0053656,0.0048729,0.0051373,48946355634.0
2026-09-22 08:00:00,0.0051376,0.005163,0.0048562,0.004932,32134084707.0
2026-09-22 12:00:00,0.004932,0.0049799,0.0048035,0.0048675,25008492513.0
2026-09-22 16:00:00,0.0048674,0.0049326,0.0047789,0.0048905,13778365326.0
2026-09-22 20:00:00,0.0048905,0.0050214,0.0048394,0.0049853,14034066305.0
2026-09-23 00:00:00,0.0049852,0.0050096,0.0048448,0.0049621,14438337043.0
2026-09-23 04:00:00,0.0049622,0.0050647,0.0048927,0.0049088,19721119544.0
2026-09-23 08:00:00,0.0049089,0.0049495,0.0046489,0.0047348,23643691040.0
2026-09-23 12:00:00,0.0047347,0.0047917,0.004375,0.004393,43373893436.0
2026-09-23 16:00:00,0.0043931,0.0044602,0.0043263,0.0043657,19274578052.0
2026-09-23 20:00:00,0.0043661,0.0044113,0.004306,0.0043318,9696860438.0
2026-09-24 00:00:00,0.0043317,0.0044074,0.0042818,0.0043599,11015763971.0
2026-09-24 04:00:00,0.00436,0.0044582,0.0043412,0.0044111,10562244002.0
2026-09-24 08:00:00,0.0044111,0.0044148,0.0042089,0.0042774,17095495229.0
2026-09-24 12:00:00,0.0042774,0.0045312,0.0042631,0.004451,26058315695.0
2026-09-24 16:00:00,0.0044511,0.0045193,0.0043747,0.0044585,17380262772.0
2026-09-24 20:00:00,0.0044585,0.0044921,0.0043942,0.0044214,7257749340.0
2026-09-25 00:00:00,0.0044213,0.0044784,0.0043736,0.0044007,9205247002.0
2026-09-25 04:00:00,0.0044007,0.0044551,0.0043637,0.0044204,7537484573.0
2026-09-25 08:00:00,0.0044204,0.0046148,0.0044024,0.004557,16740746177.0
2026-09-25 12:00:00,0.0045571,0.0046054,0.0043825,0.0044411,25115554095.0
2026-09-25 16:00:00,0.0044412,0.0044869,0.0043957,0.0044728,9560591716.0
2026-09-25 20:00:00,0.0044728,0.0045417,0.0044208,0.0044875,7499113988.0
2026-09-26 00:00:00,0.0044875,0.004525,0.0044384,0.0044528,6656934446.0
2026-09-26 04:00:00,0.0044528,0.00449,0.0044452,0.0044577,4179283608.0
2026-09-26 08:00:00,0.0044578,0.0044669,0.0043842,0.0044081,8520904383.0
2026-09-26 12:00:00,0.004408,0.0044711,0.0043504,0.004462,9447836774.0
2026-09-26 16:00:00,0.0044621,0.0044643,0.0043534,0.0043625,6627034242.0
2026-09-26 20:00:00,0.0043626,0.0043742,0.004255,0.0043626,11253489231.0
2026-09-27 00:00:00,0.0043626,0.0044,0.0043168,0.0043336,5242238103.0
2026-09-27 04:00:00,0.0043336,0.0044473,0.0043001,0.0044458,7132149813.0
2026-09-27 08:00:00,0.0044459,0.00446,0.0043602,0.0044066,7998423950.0
2026-09-27 12:00:00,0.0044067,0.0044683,0.004325,0.0043697,12800994520.0
2026-09-27 16:00:00,0.0043698,0.0044249,0.004348,0.0043941,5804655035.0
2026-09-27 20:00:00,0.0043941,0.0044102,0.0042933,0.004367,7310875281.0
2026-09-28 00:00:00,0.0043671,0.0044173,0.0041526,0.0041821,16518850994.0
2026-09-28 04:00:00,0.0041821,0.0042262,0.0041155,0.0041437,10838555627.0
2026-09-28 08:00:00,0.0041434,0.0042241,0.0041304,0.0042185,6873952336.0
2026-09-28 12:00:00,0.0042185,0.0043035,0.0041162,0.0041903,15760664396.0
2026-09-28 16:00:00,0.0041902,0.00428,0.0041272,0.0041521,9648190045.0
2026-09-28 20:00:00,0.0041522,0.0042149,0.0041013,0.004211,5696378050.0
2026-09-29 00:00:00,0.004211,0.0042214,0.0040551,0.0041661,10006434143.0
2026-09-29 04:00:00,0.0041661,0.0043063,0.0041269,0.0042661,8815847635.0
2026-09-29 08:00:00,0.0042661,0.0043194,0.0042392,0.0043028,7873499885.0
2026-09-29 12:00:00,0.0043028,0.0043929,0.0042143,0.0042373,18810036808.0
2026-09-29 16:00:00,0.0042372,0.0042667,0.004164,0.0042257,9038967461.0
2026-09-29 20:00:00,0.0042257,0.0043021,0.0042123,0.0042531,4906961782.0
2026-09-30 00:00:00,0.0042532,0.0043261,0.0042327,0.0042508,5667415348.0
2026-09-30 04:00:00,0.0042508,0.0043559,0.0042448,0.0042965,7570805585.0
2026-09-30 08:00:00,0.0042964,0.0043737,0.0042764,0.0043569,9284912480.0
2026-09-30 12:00:00,0.0043566,0.004511,0.004279,0.0043378,28629043418.0
2026-09-30 16:00:00,0.0043378,0.0043818,0.0042328,0.0042656,10049111095.0
2026-09-30 20:00:00,0.0042658,0.0043162,0.0042405,0.0042766,4401398787.0
2026-10-01 00:00:00,0.0042767,0.0043797,0.0042577,0.0043735,5556212003.0
2026-10-01 04:00:00,0.0043735,0.0044053,0.0042918,0.0043119,8319040863.0
2026-10-01 08:00:00,0.0043119,0.0043888,0.0042552,0.0043824,10461734214.0
2026-10-01 12:00:00,0.0043824,0.0044474,0.004313,0.0044355,17673678364.0
2026-10-01 16:00:00,0.0044354,0.0044722,0.0043547,0.0044528,12038716207.0
2026-10-01 20:00:00,0.0044524,0.004469,0.0043884,0.0044332,4286177001.0
2026-10-02 00:00:00,0.004433,0.0044978,0.0043755,0.0044761,7333091500.0
2026-10-02 04:00:00,0.0044761,0.0047531,0.0044635,0.0045428,19966867537.0
2026-10-02 08:00:00,0.0045429,0.0046239,0.0044076,0.0044275,12757203482.0
2026-10-02 12:00:00,0.0044275,0.0045331,0.0043623,0.0044042,19655942768.0
2026-10-02 16:00:00,0.0044043,0.0044254,0.0040623,0.0041725,21853264329.0
2026-10-02 20:00:00,0.0041725,0.0042544,0.0041382,0.0042525,6284591674.0
2026-10-03 00:00:00,0.0042525,0.0042866,0.004243,0.0042606,5097071245.0
2026-10-03 04:00:00,0.0042607,0.0042636,0.0042216,0.0042288,3134613441.0
2026-10-03 08:00:00,0.0042288,0.004292,0.0042176,0.004282,4211157042.0
2026-10-03 12:00:00,0.004282,0.0042969,0.0042446,0.004274,4507877822.0
2026-10-03 16:00:00,0.0042741,0.0043333,0.0042643,0.0043062,5028012251.0
2026-10-03 20:00:00,0.0043063,0.0043293,0.0042932,0.0043078,2563619286.0
2026-10-04 00:00:00,0.0043078,0.0043169,0.0042765,0.004282,2032846711.0
