t,o,h,l,c,v
2024-09-14 04:00:00,6.345,6.356,6.236,6.249,1065448.4
2024-09-14 08:00:00,6.249,6.258,6.101,6.134,1390458.9
2024-09-14 12:00:00,6.135,6.167,6.102,6.12,1562557.2
2024-09-14 16:00:00,6.12,6.137,5.983,6.019,2799406.0
2024-09-14 20:00:00,6.019,6.065,6.006,6.06,1071952.3
2024-09-15 00:00:00,6.059,6.166,6.041,6.11,1661080.7
2024-09-15 04:00:00,6.11,6.128,6.08,6.124,772136.9
2024-09-15 08:00:00,6.125,6.137,6.088,6.116,1171732.0
2024-09-15 12:00:00,6.116,6.158,6.074,6.13,1261979.7
2024-09-15 16:00:00,6.129,6.144,6.021,6.068,1807193.6
2024-09-15 20:00:00,6.069,6.09,5.819,5.87,3538101.5
2024-09-16 00:00:00,5.871,5.883,5.745,5.765,2913486.8
2024-09-16 04:00:00,5.765,5.846,5.727,5.83,2058735.3
2024-09-16 08:00:00,5.83,5.873,5.752,5.778,2155210.6
2024-09-16 12:00:00,5.777,5.785,5.654,5.716,3168401.4
2024-09-16 16:00:00,5.717,5.805,5.689,5.739,1797794.8
2024-09-16 20:00:00,5.739,5.755,5.669,5.739,932763.3
2024-09-17 00:00:00,5.74,5.767,5.685,5.752,730627.8
2024-09-17 04:00:00,5.752,5.879,5.75,5.852,1205613.0
2024-09-17 08:00:00,5.852,5.911,5.839,5.865,2746668.3
2024-09-17 12:00:00,5.865,6.009,5.83,5.985,3929402.0
2024-09-17 16:00:00,5.985,5.999,5.85,5.918,2817992.3
2024-09-17 20:00:00,5.919,5.959,5.9,5.938,884618.0
2024-09-18 00:00:00,5.938,5.986,5.867,5.955,1146797.5
2024-09-18 04:00:00,5.954,5.964,5.897,5.936,628889.8
2024-09-18 08:00:00,5.936,5.94,5.735,5.799,2406687.9
2024-09-18 12:00:00,5.799,5.846,5.705,5.725,1731961.1
2024-09-18 16:00:00,5.724,6.033,5.7,5.937,4813421.8
2024-09-18 20:00:00,5.937,6.227,5.9,6.225,3048912.7
2024-09-19 00:00:00,6.225,6.409,6.225,6.372,3356301.4
2024-09-19 04:00:00,6.371,6.396,6.3,6.359,1773066.6
2024-09-19 08:00:00,6.36,6.511,6.284,6.507,3548580.6
2024-09-19 12:00:00,6.508,6.721,6.486,6.699,4995683.9
2024-09-19 16:00:00,6.699,6.962,6.694,6.849,6497047.7
2024-09-19 20:00:00,6.85,6.879,6.784,6.808,2124980.9
2024-09-20 00:00:00,6.808,6.825,6.704,6.799,2200517.2
2024-09-20 04:00:00,6.798,7.284,6.766,7.128,6193915.1
2024-09-20 08:00:00,7.1277,7.272,7.0473,7.1271,3465744.5
2024-09-20 12:00:00,7.127,7.4521,7.0964,7.1933,6070215.4
2024-09-20 16:00:00,7.1932,7.327,7.13,7.2579,3215760.4
2024-09-20 20:00:00,7.2579,7.4086,7.23,7.3067,2124891.3
2024-09-21 00:00:00,7.3067,7.5565,7.227,7.314,3761859.2
2024-09-21 04:00:00,7.3133,7.394,7.1908,7.3773,2131809.9
2024-09-21 08:00:00,7.3774,7.8409,7.3549,7.6986,8517579.8
2024-09-21 12:00:00,7.7,8.382,7.6978,8.0813,13761873.8
2024-09-21 16:00:00,8.0816,8.3101,8.0255,8.1621,6230157.3
2024-09-21 20:00:00,8.1623,8.2869,8.0586,8.246,3445008.7
2024-09-22 00:00:00,8.2464,8.2522,7.877,7.909,4729256.9
2024-09-22 04:00:00,7.9095,7.9464,7.807,7.8348,2608120.7
2024-09-22 08:00:00,7.8349,7.9837,7.8121,7.9549,3953664.2
2024-09-22 12:00:00,7.9548,8.079,7.8459,7.878,4841108.2
2024-09-22 16:00:00,7.8779,8.0697,7.8341,8.0077,2613051.2
2024-09-22 20:00:00,8.0077,8.0182,7.733,7.9634,3247903.2
2024-09-23 00:00:00,7.9634,8.1197,7.667,7.979,4941818.0
2024-09-23 04:00:00,7.9784,8.1153,7.733,7.7984,3264761.0
2024-09-23 08:00:00,7.7984,7.844,7.652,7.8099,3555305.5
2024-09-23 12:00:00,7.81,7.9392,7.7531,7.884,3138020.4
2024-09-23 16:00:00,7.883,7.9498,7.8288,7.9123,1716706.4
2024-09-23 20:00:00,7.9137,7.97,7.7587,7.954,1767320.7
2024-09-24 00:00:00,7.9536,7.957,7.713,7.917,2945353.1
2024-09-24 04:00:00,7.916,7.9449,7.7845,7.8452,2297917.3
2024-09-24 08:00:00,7.8452,8.0599,7.8,7.9896,5032129.1
2024-09-24 12:00:00,7.9896,8.0976,7.68,7.8048,6256370.8
2024-09-24 16:00:00,7.805,8.2774,7.8049,8.1912,5685489.3
2024-09-24 20:00:00,8.1898,8.39,8.1141,8.1555,3721333.9
2024-09-25 00:00:00,8.1557,8.5097,8.0603,8.2408,4174445.5
2024-09-25 04:00:00,8.2419,8.2836,8.0156,8.1853,3727788.6
2024-09-25 08:00:00,8.1862,8.307,8.1596,8.2368,3019755.4
2024-09-25 12:00:00,8.2368,8.2566,7.9583,8.0071,3885606.7
2024-09-25 16:00:00,8.0068,8.1076,7.93,8.0127,2366724.6
2024-09-25 20:00:00,8.0121,8.089,7.935,8.0149,1482777.2
2024-09-26 00:00:00,8.0148,8.1987,7.8569,8.1847,3380366.9
2024-09-26 04:00:00,8.1847,8.6393,8.1664,8.4038,7055784.1
2024-09-26 08:00:00,8.4043,8.4278,8.2429,8.2809,4124849.3
2024-09-26 12:00:00,8.28,8.3984,8.179,8.2966,4890166.4
2024-09-26 16:00:00,8.2977,8.3679,8.0348,8.1505,4874009.2
2024-09-26 20:00:00,8.1511,8.179,7.9988,8.0624,2311083.8
2024-09-27 00:00:00,8.0632,8.2811,8.0292,8.2643,2144260.7
2024-09-27 04:00:00,8.2657,8.4741,8.2123,8.2482,3473989.0
2024-09-27 08:00:00,8.2482,8.2858,8.0699,8.162,3144225.4
2024-09-27 12:00:00,8.1613,8.3003,8.0604,8.2941,4205026.7
2024-09-27 16:00:00,8.2942,8.3715,8.1857,8.319,3030482.5
2024-09-27 20:00:00,8.32,8.5882,8.3087,8.5022,2848476.4
2024-09-28 00:00:00,8.5029,8.55,8.2803,8.3175,2435383.0
2024-09-28 04:00:00,8.3174,8.3473,8.1269,8.15,2060850.1
2024-09-28 08:00:00,8.15,8.1919,7.9619,8.1387,3124876.5
2024-09-28 12:00:00,8.1388,8.1404,8.0,8.0946,2324855.4
2024-09-28 16:00:00,8.0946,8.141,8.041,8.0545,1200119.2
2024-09-28 20:00:00,8.0545,8.0854,7.9182,8.0627,1740786.2
2024-09-29 00:00:00,8.063,8.0986,7.9695,8.048,1528033.7
2024-09-29 04:00:00,8.0483,8.0511,7.819,7.8424,2117399.7
2024-09-29 08:00:00,7.8424,7.9389,7.7513,7.9389,1839513.4
2024-09-29 12:00:00,7.9388,8.108,7.8014,8.0281,2759604.7
2024-09-29 16:00:00,8.0281,8.2962,7.9987,8.2305,2817337.0
2024-09-29 20:00:00,8.2305,8.2499,8.03,8.0784,1756174.8
2024-09-30 00:00:00,8.0784,8.1218,7.8485,7.9388,3191689.8
2024-09-30 04:00:00,7.9389,8.0857,7.865,8.0628,1990177.6
2024-09-30 08:00:00,8.0628,8.0784,7.7552,7.9076,3266534.0
2024-09-30 12:00:00,7.9076,7.9869,7.8213,7.8401,2745416.0
2024-09-30 16:00:00,7.84,7.9529,7.8012,7.8832,2427233.0
2024-09-30 20:00:00,7.8828,7.9544,7.5668,7.6694,2761481.8
2024-10-01 00:00:00,7.6692,7.9891,7.61,7.9574,2590600.2
2024-10-01 04:00:00,7.9564,8.2918,7.9424,8.1884,4329415.8
2024-10-01 08:00:00,8.1888,8.3759,8.1588,8.2559,3207347.2
2024-10-01 12:00:00,8.2559,8.325,7.5569,7.9812,10126857.0
2024-10-01 16:00:00,7.9808,8.0675,7.2216,7.5782,11624568.6
2024-10-01 20:00:00,7.5792,7.7267,7.4046,7.5491,4353411.5
2024-10-02 00:00:00,7.548,7.7053,7.4694,7.6177,2756044.5
2024-10-02 04:00:00,7.6176,7.98,7.5237,7.8048,4264205.8
2024-10-02 08:00:00,7.8065,7.8782,7.4856,7.6038,4264151.9
2024-10-02 12:00:00,7.6042,7.9091,7.4864,7.772,6902539.5
2024-10-02 16:00:00,7.7719,7.8942,7.4705,7.6132,6840426.4
2024-10-02 20:00:00,7.6136,7.8772,7.5532,7.7864,3950401.0
2024-10-03 00:00:00,7.7856,8.232,7.6216,8.1929,6749672.3
2024-10-03 04:00:00,8.1929,8.36,8.0517,8.1429,7830640.8
2024-10-03 08:00:00,8.1421,8.5403,7.8815,8.3628,15879562.1
2024-10-03 12:00:00,8.3611,8.742,8.13,8.3645,29666318.8
2024-10-03 16:00:00,8.3652,8.3822,8.0764,8.3734,14167592.5
2024-10-03 20:00:00,8.3732,8.5888,8.2834,8.5555,9050537.4
2024-10-04 00:00:00,8.5545,8.6256,8.188,8.2585,7927126.1
2024-10-04 04:00:00,8.2586,8.6666,8.25,8.6178,9635380.3
2024-10-04 08:00:00,8.6177,9.052,8.5883,8.8898,14604140.3
2024-10-04 12:00:00,8.8896,9.2998,8.72,9.26,14796288.7
2024-10-04 16:00:00,9.259,9.2874,9.0777,9.1497,6822334.6
2024-10-04 20:00:00,9.1497,9.1607,9.0428,9.0907,3132860.3
2024-10-05 00:00:00,9.0905,9.1184,8.88,8.9952,4427929.5
2024-10-05 04:00:00,8.9952,9.222,8.892,9.0384,6545462.3
2024-10-05 08:00:00,9.0385,9.0924,8.8671,8.9117,3945999.0
2024-10-05 12:00:00,8.9117,9.1393,8.9116,8.9335,4405827.2
2024-10-05 16:00:00,8.9334,8.9487,8.7317,8.753,4410193.0
2024-10-05 20:00:00,8.753,8.753,8.5789,8.6035,3986298.7
2024-10-06 00:00:00,8.6037,8.8419,8.5898,8.7114,3556712.2
2024-10-06 04:00:00,8.7117,8.8191,8.641,8.7348,2492712.4
2024-10-06 08:00:00,8.7348,8.8579,8.556,8.5864,3343022.3
2024-10-06 12:00:00,8.5864,8.9985,8.55,8.7394,6031100.0
2024-10-06 16:00:00,8.7393,8.8208,8.489,8.5065,4607047.4
2024-10-06 20:00:00,8.5065,8.7118,8.4829,8.6991,2776240.2
2024-10-07 00:00:00,8.6993,9.12,8.6601,8.7972,7013639.3
2024-10-07 04:00:00,8.7971,8.9015,8.7121,8.7408,3105250.4
2024-10-07 08:00:00,8.7409,8.988,8.501,8.6196,7840619.2
2024-10-07 12:00:00,8.6196,8.8292,8.4244,8.6043,9729948.0
2024-10-07 16:00:00,8.6039,9.3314,8.5536,9.0164,14270531.5
2024-10-07 20:00:00,9.0182,9.0543,8.64,8.6733,4694993.0
2024-10-08 00:00:00,8.6734,9.1495,8.6733,9.05,5223566.4
2024-10-08 04:00:00,9.0497,9.1251,8.8213,8.9444,6008200.7
2024-10-08 08:00:00,8.9447,9.2568,8.8834,9.2056,6433065.2
2024-10-08 12:00:00,9.2055,9.2346,8.7816,9.1134,11753919.0
2024-10-08 16:00:00,9.1141,9.4914,9.0045,9.3627,12340833.7
2024-10-08 20:00:00,9.3625,9.5554,9.27,9.3263,5287926.9
2024-10-09 00:00:00,9.3264,9.4557,9.1364,9.2505,4701883.4
2024-10-09 04:00:00,9.2497,9.3997,9.1505,9.2,4350855.0
2024-10-09 08:00:00,9.2005,9.2406,9.049,9.1242,4022646.8
2024-10-09 12:00:00,9.1241,9.2921,9.0467,9.171,7176415.1
2024-10-09 16:00:00,9.1708,9.1952,8.8364,8.8443,5279340.6
2024-10-09 20:00:00,8.8442,8.8491,8.5,8.5542,6270472.5
2024-10-10 00:00:00,8.5543,8.5564,8.365,8.4505,4006519.1
2024-10-10 04:00:00,8.4505,8.51,8.2823,8.2975,3669911.0
2024-10-10 08:00:00,8.2972,8.3556,8.11,8.317,6750295.5
2024-10-10 12:00:00,8.317,8.357,8.0087,8.0651,7583766.3
2024-10-10 16:00:00,8.0651,8.1325,7.8614,8.0951,7309590.5
2024-10-10 20:00:00,8.0951,8.1844,8.0648,8.1028,2476091.5
2024-10-11 00:00:00,8.1028,8.1411,8.0164,8.027,2268472.7
2024-10-11 04:00:00,8.0278,8.115,7.9346,8.0793,2771602.4
2024-10-11 08:00:00,8.0759,8.3298,8.0693,8.2769,4502777.1
2024-10-11 12:00:00,8.2768,8.4896,8.2228,8.4813,6319521.3
2024-10-11 16:00:00,8.4812,8.5,8.3,8.3889,4089588.1
2024-10-11 20:00:00,8.389,8.5989,8.3712,8.5105,3237306.2
2024-10-12 00:00:00,8.5112,8.5572,8.3999,8.4856,2374860.1
2024-10-12 04:00:00,8.4853,8.577,8.4273,8.481,1892690.3
2024-10-12 08:00:00,8.4811,8.6876,8.4571,8.6273,3333043.1
2024-10-12 12:00:00,8.6274,9.2799,8.5542,9.161,10017805.8
2024-10-12 16:00:00,9.161,9.7052,9.1609,9.592,13769872.0
2024-10-12 20:00:00,9.592,9.9639,9.5625,9.937,6597797.0
2024-10-13 00:00:00,9.936,10.2199,9.8069,10.0686,12533595.6
2024-10-13 04:00:00,10.068,10.4236,10.0515,10.1115,15082305.4
2024-10-13 08:00:00,10.1116,10.1642,9.8755,9.9792,11963860.5
2024-10-13 12:00:00,9.9792,10.1493,9.7342,9.8198,11694479.5
2024-10-13 16:00:00,9.8207,9.991,9.6757,9.8784,10489719.2
2024-10-13 20:00:00,9.8784,10.35,9.8493,10.1895,7474541.7
2024-10-14 00:00:00,10.1894,10.455,9.8734,10.1434,11751965.0
2024-10-14 04:00:00,10.1425,10.2266,9.976,10.0172,6237664.1
2024-10-14 08:00:00,10.0171,10.3055,9.9325,10.1849,6863081.6
2024-10-14 12:00:00,10.1852,10.3013,9.9761,10.0205,7285134.4
2024-10-14 16:00:00,10.0213,10.1738,9.9506,10.0829,3939317.8
2024-10-14 20:00:00,10.0816,10.286,10.0412,10.1776,3989528.0
2024-10-15 00:00:00,10.1776,10.5737,9.9546,10.2755,8625693.6
2024-10-15 04:00:00,10.2756,10.4387,10.0581,10.2543,6834497.1
2024-10-15 08:00:00,10.2543,10.6863,10.0,10.0955,12035359.4
2024-10-15 12:00:00,10.096,10.6091,10.0415,10.2989,18304978.6
2024-10-15 16:00:00,10.2997,10.7451,10.2955,10.4699,9052371.7
2024-10-15 20:00:00,10.4689,10.5725,10.1763,10.4614,5319012.4
2024-10-16 00:00:00,10.4623,10.4774,10.2065,10.2595,4663966.5
2024-10-16 04:00:00,10.2595,10.394,10.1155,10.2065,6274961.3
2024-10-16 08:00:00,10.2064,10.39,10.0,10.0,6834123.5
2024-10-16 12:00:00,10.003,10.079,9.7545,9.7931,8397292.5
2024-10-16 16:00:00,9.7931,9.9322,9.6931,9.8241,3590615.9
2024-10-16 20:00:00,9.824,10.2292,9.8176,10.0359,6432587.3
2024-10-17 00:00:00,10.0359,10.1597,9.9546,10.0497,2895600.1
2024-10-17 04:00:00,10.0495,10.2888,9.97,10.1123,5913709.7
2024-10-17 08:00:00,10.1123,10.1469,9.8492,9.8709,4885058.6
2024-10-17 12:00:00,9.871,10.1971,9.871,10.0641,6401375.7
2024-10-17 16:00:00,10.0636,10.123,9.7301,9.9047,5326452.5
2024-10-17 20:00:00,9.9045,9.9848,9.8711,9.9389,1743109.1
2024-10-18 00:00:00,9.939,10.0333,9.8027,9.8096,4073880.0
2024-10-18 04:00:00,9.8097,10.02,9.762,10.0057,3405581.5
2024-10-18 08:00:00,10.0057,10.03,9.796,9.8378,5136224.5
2024-10-18 12:00:00,9.8391,10.0,9.8202,9.928,4100298.4
2024-10-18 16:00:00,9.9266,10.19,9.85,9.9758,4596211.1
2024-10-18 20:00:00,9.976,10.0661,9.9408,10.0203,1801723.1
2024-10-19 00:00:00,10.0204,10.0223,9.8431,9.9197,2561545.3
2024-10-19 04:00:00,9.9196,9.9377,9.79,9.8247,3111187.3
2024-10-19 08:00:00,9.8249,9.8585,9.71,9.7488,2735314.1
2024-10-19 12:00:00,9.7488,9.8091,9.605,9.75,3882137.3
2024-10-19 16:00:00,9.7504,9.7782,9.6546,9.7299,1638607.4
2024-10-19 20:00:00,9.7298,9.7868,9.681,9.7179,1176661.7
2024-10-20 00:00:00,9.7178,9.7921,9.6946,9.7515,1752489.3
2024-10-20 04:00:00,9.7513,9.8548,9.6886,9.777,2261819.9
2024-10-20 08:00:00,9.7768,9.9932,9.7009,9.9695,3315250.1
2024-10-20 12:00:00,9.9696,10.199,9.8507,10.1434,6478125.5
2024-10-20 16:00:00,10.1434,10.1736,9.823,9.8287,3506189.9
2024-10-20 20:00:00,9.8286,10.0999,9.8269,9.9956,3328084.9
2024-10-21 00:00:00,9.9952,10.0402,9.86,9.9804,2992161.1
2024-10-21 04:00:00,9.9803,10.2994,9.9475,10.1498,4166375.0
2024-10-21 08:00:00,10.1498,10.2963,9.9295,9.9799,5096386.6
2024-10-21 12:00:00,9.98,10.1285,9.8058,10.1225,6996076.6
2024-10-21 16:00:00,10.1222,10.2408,9.9604,10.0498,4739940.6
2024-10-21 20:00:00,10.0498,10.3168,10.0346,10.1039,3132265.5
2024-10-22 00:00:00,10.1038,11.239,10.0125,11.1472,17068085.4
2024-10-22 04:00:00,11.1465,11.1906,10.7619,11.0403,14690258.3
2024-10-22 08:00:00,11.0403,11.1444,10.7728,10.9045,13041895.9
2024-10-22 12:00:00,10.9044,11.091,10.4204,10.456,15183919.2
2024-10-22 16:00:00,10.4558,10.4644,10.1367,10.2821,7459345.6
2024-10-22 20:00:00,10.2821,10.4232,10.251,10.3967,2640934.7
2024-10-23 00:00:00,10.3969,10.6376,10.2265,10.5157,4956734.3
2024-10-23 04:00:00,10.5154,10.6246,10.3814,10.4507,5234133.9
2024-10-23 08:00:00,10.4507,10.4586,9.8706,9.9178,8319557.6
2024-10-23 12:00:00,9.9179,10.0098,9.7839,9.912,7043011.9
2024-10-23 16:00:00,9.912,10.0253,9.6393,9.8251,7155168.5
2024-10-23 20:00:00,9.8252,10.0607,9.8084,9.9254,2934407.7
2024-10-24 00:00:00,9.9246,10.1058,9.8056,10.0781,5475856.0
2024-10-24 04:00:00,10.0795,10.29,9.9836,10.1095,5281354.3
2024-10-24 08:00:00,10.1094,10.2127,9.8946,9.9279,4615789.3
2024-10-24 12:00:00,9.928,10.4085,9.9048,10.2395,8924184.3
2024-10-24 16:00:00,10.2393,10.3246,10.16,10.2617,2712288.7
2024-10-24 20:00:00,10.2616,10.4376,10.1669,10.1848,2634846.6
2024-10-25 00:00:00,10.1856,10.2412,10.0016,10.0189,4505572.3
2024-10-25 04:00:00,10.0189,10.0603,9.768,9.9688,5476725.6
2024-10-25 08:00:00,9.9697,10.0344,9.851,9.9825,3380467.7
2024-10-25 12:00:00,9.9825,10.0474,9.7715,9.824,3888611.5
2024-10-25 16:00:00,9.8227,9.8776,9.3016,9.432,9608275.7
2024-10-25 20:00:00,9.432,9.5,8.434,8.94,10489148.1
2024-10-26 00:00:00,8.9407,8.9419,8.7049,8.8879,6768916.5
2024-10-26 04:00:00,8.8879,9.1641,8.8068,9.1122,4244084.2
2024-10-26 08:00:00,9.1121,9.32,9.1029,9.2485,3469445.4
2024-10-26 12:00:00,9.2486,9.2697,8.9102,9.0209,4586603.3
2024-10-26 16:00:00,9.0209,9.3073,8.9604,9.2514,3026084.6
2024-10-26 20:00:00,9.2514,9.3191,9.2134,9.3022,1659258.2
2024-10-27 00:00:00,9.3025,9.38,9.2171,9.3531,2399155.4
2024-10-27 04:00:00,9.353,9.3585,9.0974,9.173,2695002.2
2024-10-27 08:00:00,9.1729,9.2476,9.1016,9.188,2742958.3
2024-10-27 12:00:00,9.1879,9.309,9.1534,9.22,3192457.2
2024-10-27 16:00:00,9.2199,9.2602,9.0664,9.0983,2255098.6
2024-10-27 20:00:00,9.0984,9.2689,9.0795,9.1996,2032675.4
2024-10-28 00:00:00,9.1994,9.2037,8.7042,8.7239,4715707.6
2024-10-28 04:00:00,8.7235,9.1758,8.7038,9.1008,5116545.3
2024-10-28 08:00:00,9.1013,9.2674,8.9653,9.0019,5738248.8
2024-10-28 12:00:00,9.0019,9.0953,8.8132,8.8584,4862646.8
2024-10-28 16:00:00,8.8579,9.1147,8.7318,8.9953,3889277.1
2024-10-28 20:00:00,9.1468,9.3031,9.1163,9.2084,2396569.1
2024-10-29 00:00:00,9.2087,9.821,9.1927,9.7739,6572537.3
2024-10-29 04:00:00,9.7747,9.8424,9.5023,9.6315,4648118.5
2024-10-29 08:00:00,9.6311,9.7953,9.5365,9.7872,5430715.6
2024-10-29 12:00:00,9.7869,10.1943,9.7805,9.9579,8597440.0
2024-10-29 16:00:00,9.9579,10.1111,9.8335,9.8665,5454007.7
2024-10-29 20:00:00,9.867,10.1148,9.7323,10.0478,3611005.6
2024-10-30 00:00:00,10.0477,10.2229,10.0,10.1085,4824418.0
2024-10-30 04:00:00,10.1086,10.1497,9.9449,9.9532,2681066.7
2024-10-30 08:00:00,9.9531,9.999,9.756,9.7859,2489149.3
2024-10-30 12:00:00,9.7859,9.971,9.6599,9.7387,5039885.7
2024-10-30 16:00:00,9.739,9.8373,9.7145,9.7367,1605281.6
2024-10-30 20:00:00,9.736,9.9026,9.68,9.7942,2221591.3
2024-10-31 00:00:00,9.7948,9.8093,9.6297,9.6688,1839860.9
2024-10-31 04:00:00,9.669,9.7362,9.5852,9.6315,1939117.5
2024-10-31 08:00:00,9.6316,9.6343,9.391,9.4252,4650081.9
2024-10-31 12:00:00,9.4254,9.4743,9.203,9.4685,5553017.2
2024-10-31 16:00:00,9.4677,9.4773,9.1302,9.1499,3115190.3
2024-10-31 20:00:00,9.149,9.2431,9.0832,9.0924,2504361.6
2024-11-01 00:00:00,9.0927,9.1868,8.9352,9.0409,2864709.9
2024-11-01 04:00:00,9.0408,9.0767,8.796,8.8411,2738225.4
2024-11-01 08:00:00,8.8411,9.0489,8.8183,8.9956,2743678.8
2024-11-01 12:00:00,8.9956,9.2977,8.6751,8.7335,7348457.6
2024-11-01 16:00:00,8.7335,9.0068,8.712,8.9294,4413469.5
2024-11-01 20:00:00,8.9294,8.9564,8.7321,8.9327,1862406.6
2024-11-02 00:00:00,8.9327,8.9632,8.8281,8.8438,1463852.4
2024-11-02 04:00:00,8.8437,8.8691,8.7616,8.8179,1411024.9
2024-11-02 08:00:00,8.8177,8.8219,8.6806,8.6943,2290651.1
2024-11-02 12:00:00,8.6943,8.7194,8.5639,8.6418,3418418.9
2024-11-02 16:00:00,8.6416,8.713,8.532,8.5763,1877882.1
2024-11-02 20:00:00,8.5763,8.6524,8.555,8.6301,1170643.4
2024-11-03 00:00:00,8.6301,8.6574,8.0876,8.2109,5854392.0
2024-11-03 04:00:00,8.2109,8.3369,8.1579,8.2652,2539915.5
2024-11-03 08:00:00,8.2653,8.2686,8.0511,8.0589,2796293.2
2024-11-03 12:00:00,8.0589,8.1156,7.8433,7.9674,5987305.4
2024-11-03 16:00:00,7.9675,8.0952,7.8768,8.0842,3902828.9
2024-11-03 20:00:00,8.0842,8.2594,8.0526,8.1919,2774710.0
2024-11-04 00:00:00,8.1922,8.3495,8.091,8.2332,3983398.7
2024-11-04 04:00:00,8.2335,8.3399,8.1194,8.1336,3240755.3
2024-11-04 08:00:00,8.1336,8.3211,8.0553,8.2624,3464141.4
2024-11-04 12:00:00,8.2619,8.3372,8.0698,8.1214,3901463.9
2024-11-04 16:00:00,8.1214,8.1477,7.9782,8.0873,2976027.9
2024-11-04 20:00:00,8.0874,8.0899,7.7326,8.0588,4531924.0
2024-11-05 00:00:00,8.0588,8.1883,8.0404,8.1748,2414249.6
2024-11-05 04:00:00,8.1747,8.2361,8.1403,8.2148,2549452.3
2024-11-05 08:00:00,8.213,8.2771,8.1571,8.2517,3096959.8
2024-11-05 12:00:00,8.2518,8.6313,8.2251,8.5165,6089070.1
2024-11-05 16:00:00,8.5159,8.638,8.3041,8.3434,4787652.7
2024-11-05 20:00:00,8.3441,8.5389,8.3116,8.4599,2854451.8
2024-11-06 00:00:00,8.4597,9.2332,8.447,9.1888,6294167.6
2024-11-06 04:00:00,9.1898,9.4723,9.0815,9.235,8178748.0
2024-11-06 08:00:00,9.235,9.45,9.0221,9.3464,4724711.4
2024-11-06 12:00:00,9.3492,9.3807,9.1639,9.2482,3426989.3
2024-11-06 16:00:00,9.2484,9.3654,9.1664,9.3384,2250580.1
2024-11-06 20:00:00,9.3384,9.7305,9.3055,9.5647,2980668.0
2024-11-07 00:00:00,9.5636,9.8498,9.4685,9.7156,4455819.3
2024-11-07 04:00:00,9.7156,9.8022,9.4379,9.5507,4145165.6
2024-11-07 08:00:00,9.5507,9.8985,9.5386,9.7877,4052551.8
2024-11-07 12:00:00,9.7877,9.9657,9.5013,9.8309,5898629.2
2024-11-07 16:00:00,9.8298,9.8704,9.6144,9.8007,3640457.4
2024-11-07 20:00:00,9.8008,9.9079,9.6585,9.8277,2691130.7
2024-11-08 00:00:00,9.8276,10.1187,9.4669,9.5536,5712791.4
2024-11-08 04:00:00,9.5532,9.789,9.5384,9.7187,3292333.3
2024-11-08 08:00:00,9.7187,9.7534,9.5558,9.6891,2309499.1
2024-11-08 12:00:00,9.6891,9.8256,9.5939,9.663,3431336.5
2024-11-08 16:00:00,9.662,9.7744,9.4241,9.6893,4513556.5
2024-11-08 20:00:00,9.6896,9.8046,9.5262,9.7257,2343514.1
2024-11-09 00:00:00,9.7265,9.81,9.552,9.5748,2019295.9
2024-11-09 04:00:00,9.5748,9.993,9.5748,9.8685,4991696.5
2024-11-09 08:00:00,9.8705,10.0527,9.8638,9.9218,3155163.9
2024-11-09 12:00:00,9.9216,9.9581,9.6416,9.7507,3106338.2
2024-11-09 16:00:00,9.7491,9.9207,9.6118,9.8629,2730295.9
2024-11-09 20:00:00,9.8611,10.5998,9.8194,10.4428,6437571.5
2024-11-10 00:00:00,10.4427,10.7339,10.2015,10.7296,4516220.8
2024-11-10 04:00:00,10.7299,11.382,10.6678,11.0613,9987619.5
2024-11-10 08:00:00,11.0609,11.5239,11.0285,11.3095,7874730.0
2024-11-10 12:00:00,11.3078,11.3472,10.7291,10.9214,8190402.2
2024-11-10 16:00:00,10.9211,11.1867,10.7983,10.9717,6391422.1
2024-11-10 20:00:00,10.9705,11.0656,10.2415,10.9135,7657392.8
2024-11-11 00:00:00,10.9135,11.4588,10.855,11.4093,5216954.1
2024-11-11 04:00:00,11.4104,11.4282,10.5663,10.829,7994485.2
2024-11-11 08:00:00,10.829,11.4,10.6771,11.3963,5554889.8
2024-11-11 12:00:00,11.3963,12.102,11.112,11.8891,15381389.5
2024-11-11 16:00:00,11.8893,12.6518,11.8386,12.232,10783171.3
2024-11-11 20:00:00,12.232,14.131,12.1141,13.7338,18798319.3
2024-11-12 00:00:00,13.7337,13.7742,12.381,12.8409,16662766.3
2024-11-12 04:00:00,12.8413,13.2327,12.6449,12.8041,10175988.2
2024-11-12 08:00:00,12.8057,13.2282,11.5398,12.2515,19356534.4
2024-11-12 12:00:00,12.2512,12.6217,11.9945,12.4797,11864258.5
2024-11-12 16:00:00,12.4827,12.5411,12.1369,12.3633,6410735.3
2024-11-12 20:00:00,12.3635,12.5636,12.0835,12.37,4831360.2
2024-11-13 00:00:00,12.3707,12.4856,11.5301,11.5463,6561580.6
2024-11-13 04:00:00,11.5459,11.9394,11.2201,11.8858,10487793.7
2024-11-13 08:00:00,11.8852,12.38,11.7065,12.2153,6608211.0
2024-11-13 12:00:00,12.2152,13.0258,11.5953,12.6108,21430699.6
2024-11-13 16:00:00,12.6108,12.651,11.6824,11.7522,8960662.3
2024-11-13 20:00:00,11.751,11.8568,11.3902,11.7286,6121177.5
2024-11-14 00:00:00,11.73,11.7515,11.34,11.7042,4839267.1
2024-11-14 04:00:00,11.702,12.3516,11.6027,12.0227,7584925.5
2024-11-14 08:00:00,12.019,12.0854,11.4941,11.7094,5033938.9
2024-11-14 12:00:00,11.7089,11.8028,11.084,11.5283,9133877.4
2024-11-14 16:00:00,11.5283,11.6656,11.3667,11.544,4580592.8
2024-11-14 20:00:00,11.5435,11.5632,11.011,11.2437,5799701.3
2024-11-15 00:00:00,11.2448,11.5107,11.022,11.4762,4027543.1
2024-11-15 04:00:00,11.476,11.8239,11.1484,11.6885,6638254.4
2024-11-15 08:00:00,11.6891,12.136,11.5625,12.015,4665050.1
2024-11-15 12:00:00,12.0157,12.2237,11.3458,11.5039,7344195.3
2024-11-15 16:00:00,11.504,11.7702,11.4479,11.6115,4359348.2
2024-11-15 20:00:00,11.6118,11.9916,11.5793,11.8759,3220963.7
2024-11-16 00:00:00,11.876,12.529,11.7344,12.517,4627780.0
2024-11-16 04:00:00,12.5168,12.5295,12.1002,12.1577,4153973.6
2024-11-16 08:00:00,12.1567,12.7586,12.074,12.482,5062646.1
2024-11-16 12:00:00,12.4824,12.5481,11.8271,11.9476,5841003.6
2024-11-16 16:00:00,11.9461,12.5378,11.8508,12.3817,4600434.7
2024-11-16 20:00:00,12.3816,12.4793,12.1667,12.3148,2996447.7
2024-11-17 00:00:00,12.3148,12.4725,11.56,11.914,5156959.2
2024-11-17 04:00:00,11.914,12.663,11.7148,12.5119,5228330.4
2024-11-17 08:00:00,12.514,12.721,12.276,12.2825,4981599.0
2024-11-17 12:00:00,12.2855,12.6553,12.0871,12.1554,4420413.3
2024-11-17 16:00:00,12.1588,12.2086,11.6865,11.801,3203122.5
2024-11-17 20:00:00,11.801,11.9046,11.5158,11.7882,3196273.6
2024-11-18 00:00:00,11.7901,12.1673,11.707,12.1355,3206606.4
2024-11-18 04:00:00,12.136,12.2498,11.8452,12.0988,3586976.9
2024-11-18 08:00:00,12.0988,12.1332,11.6357,11.775,3366694.3
2024-11-18 12:00:00,11.7755,12.1146,11.6184,12.0452,4349301.8
2024-11-18 16:00:00,12.0429,12.2821,11.5432,11.7422,5238426.9
2024-11-18 20:00:00,11.742,12.1331,11.6751,12.0556,3837283.0
2024-11-19 00:00:00,12.0557,12.346,11.864,11.8825,3297903.0
2024-11-19 04:00:00,11.8825,11.9127,11.69,11.7161,2590787.9
2024-11-19 08:00:00,11.715,11.8185,11.6,11.8014,2335191.2
2024-11-19 12:00:00,11.8026,12.0106,11.5055,11.7866,4423544.3
2024-11-19 16:00:00,11.788,12.0453,11.7054,11.8446,3273032.5
2024-11-19 20:00:00,11.8446,11.9025,11.4235,11.8121,3297534.7
2024-11-20 00:00:00,11.8123,11.8298,11.1131,11.2764,3757979.7
2024-11-20 04:00:00,11.2757,11.8589,11.1869,11.7961,4223734.3
2024-11-20 08:00:00,11.7961,13.4521,11.7897,12.7265,34436887.9
2024-11-20 12:00:00,12.7266,12.7928,11.9693,12.1785,15603879.9
2024-11-20 16:00:00,12.1777,12.2792,11.46,11.5457,9067006.7
2024-11-20 20:00:00,11.5457,12.1929,11.5073,11.7889,5287312.4
2024-11-21 00:00:00,11.787,11.9319,11.2219,11.4232,5577253.7
2024-11-21 04:00:00,11.4219,11.8388,11.3119,11.6126,6217137.1
2024-11-21 08:00:00,11.6125,11.7772,11.362,11.6167,5111146.9
2024-11-21 12:00:00,11.6167,12.3616,11.6053,11.9781,13282902.6
2024-11-21 16:00:00,11.9781,12.2567,11.9214,12.0112,5166357.9
2024-11-21 20:00:00,12.011,12.1214,11.8805,12.0767,2537058.3
2024-11-22 00:00:00,12.0791,12.2808,11.7816,12.0735,4946806.1
2024-11-22 04:00:00,12.0735,12.2406,11.858,11.8729,3125223.6
2024-11-22 08:00:00,11.8729,12.0708,11.6079,12.028,6215046.4
2024-11-22 12:00:00,12.0297,12.1581,11.6353,12.0186,7952514.0
2024-11-22 16:00:00,12.0201,12.145,11.7973,12.0091,5412727.1
2024-11-22 20:00:00,12.0093,12.5167,11.9361,12.4884,3701493.9
2024-11-23 00:00:00,12.4884,12.7754,12.3029,12.5823,5923033.0
2024-11-23 04:00:00,12.5834,12.9187,12.5056,12.8352,6390814.0
2024-11-23 08:00:00,12.8356,12.8995,12.4515,12.6059,3981940.8
2024-11-23 12:00:00,12.605,13.2355,12.5602,13.0594,6227690.9
2024-11-23 16:00:00,13.0604,13.1784,12.2861,12.7998,10359300.0
2024-11-23 20:00:00,12.801,13.0729,12.3012,12.7506,5091690.9
2024-11-24 00:00:00,12.7535,13.3658,12.6552,13.3208,5022194.0
2024-11-24 04:00:00,13.322,13.3835,12.7777,12.9437,4975757.2
2024-11-24 08:00:00,12.9423,13.0001,11.9811,12.0061,8363405.7
2024-11-24 12:00:00,12.0064,12.136,11.5423,11.6816,11177723.3
2024-11-24 16:00:00,11.6816,12.1231,11.601,11.9837,5312207.2
2024-11-24 20:00:00,11.9836,12.5562,11.9362,12.5247,4465312.6
2024-11-25 00:00:00,12.5269,12.5551,11.8769,12.2836,5159804.3
2024-11-25 04:00:00,12.2837,12.5483,12.2549,12.4825,4528694.8
2024-11-25 08:00:00,12.4824,12.8574,12.4029,12.64,4819211.6
2024-11-25 12:00:00,12.64,12.8261,11.9257,12.6244,12045331.3
2024-11-25 16:00:00,12.6244,12.7913,11.9233,12.1115,6885097.9
2024-11-25 20:00:00,12.1119,12.2872,11.6687,11.8316,4833656.8
2024-11-26 00:00:00,11.8302,12.1286,11.7195,11.9898,2854948.0
2024-11-26 04:00:00,11.9899,12.0732,11.7004,11.765,2834407.5
2024-11-26 08:00:00,11.7644,11.7718,10.9256,11.2691,10207757.0
2024-11-26 12:00:00,11.2676,11.718,11.15,11.4158,7180543.1
2024-11-26 16:00:00,11.4181,11.8207,11.3413,11.6502,4872086.4
2024-11-26 20:00:00,11.6495,12.03,11.6028,12.003,3687720.6
2024-11-27 00:00:00,12.0024,12.0918,11.7427,11.9286,4535878.5
2024-11-27 04:00:00,11.9289,12.1018,11.7794,12.0492,3153159.1
2024-11-27 08:00:00,12.0493,12.3063,11.9574,12.21,4441390.7
2024-11-27 12:00:00,12.2106,12.4123,12.0209,12.3538,4056493.2
2024-11-27 16:00:00,12.3544,12.5132,12.2337,12.4721,3100222.1
2024-11-27 20:00:00,12.4721,12.7392,12.4415,12.6678,2566710.5
2024-11-28 00:00:00,12.6677,13.0197,12.557,12.9538,4866257.1
2024-11-28 04:00:00,12.9558,13.073,12.5599,12.6141,3567394.1
2024-11-28 08:00:00,12.614,12.7861,12.3467,12.5366,5201367.0
2024-11-28 12:00:00,12.5366,12.648,12.2357,12.2625,4055420.2
2024-11-28 16:00:00,12.2626,12.7842,12.2569,12.6885,2833449.2
2024-11-28 20:00:00,12.6885,12.9799,12.5085,12.7837,3007979.0
2024-11-29 00:00:00,12.7831,12.9277,12.6466,12.7661,2683415.0
2024-11-29 04:00:00,12.7659,12.8693,12.5615,12.6301,3934412.0
2024-11-29 08:00:00,12.6279,13.2506,12.6273,13.1918,4344087.2
2024-11-29 12:00:00,13.1918,13.2775,12.93,13.0152,4202052.8
2024-11-29 16:00:00,13.0153,13.1857,12.9096,13.142,2771531.6
2024-11-29 20:00:00,13.1441,13.366,13.0821,13.2958,2152662.0
2024-11-30 00:00:00,13.2959,13.4862,13.1042,13.2072,3512696.4
2024-11-30 04:00:00,13.2072,13.2587,12.9796,13.1364,3288389.5
2024-11-30 08:00:00,13.1358,13.2272,12.85,12.9478,4508544.4
2024-11-30 12:00:00,12.9477,13.3,12.9435,13.2619,2465182.7
2024-11-30 16:00:00,13.2619,13.6751,13.2601,13.469,4269912.7
2024-11-30 20:00:00,13.4687,13.5484,13.3043,13.3971,1796282.8
2024-12-01 00:00:00,13.3973,13.5471,12.9039,13.058,5169818.8
2024-12-01 04:00:00,13.0572,13.4302,13.0238,13.374,3031684.4
2024-12-01 08:00:00,13.374,13.5089,13.268,13.4674,2041461.1
2024-12-01 12:00:00,13.4675,13.9298,13.403,13.7867,4299678.1
2024-12-01 16:00:00,13.7863,13.828,13.4339,13.5102,2524847.1
2024-12-01 20:00:00,13.509,13.556,13.2592,13.4666,2488212.9
2024-12-02 00:00:00,13.4661,13.6419,12.7874,12.8587,6159353.3
2024-12-02 04:00:00,12.8584,13.1997,12.6576,13.0138,6405398.3
2024-12-02 08:00:00,13.0142,13.0447,12.2697,12.4871,6886616.0
2024-12-02 12:00:00,12.4866,13.1744,12.4208,13.0961,4669848.3
2024-12-02 16:00:00,13.0961,13.1469,12.4787,12.83,3889876.5
2024-12-02 20:00:00,12.8304,13.8191,12.8018,13.7365,4746266.3
2024-12-03 00:00:00,13.7376,14.382,13.6829,13.976,7810452.2
2024-12-03 04:00:00,13.9749,14.4258,13.7574,14.1932,6147488.7
2024-12-03 08:00:00,14.193,14.5,13.9417,14.2717,7346589.2
2024-12-03 12:00:00,14.2716,14.6742,12.984,13.9486,16154748.0
2024-12-03 16:00:00,13.9485,14.1283,13.531,13.9778,5103072.6
2024-12-03 20:00:00,13.9777,14.7774,13.939,14.525,4857762.1
2024-12-04 00:00:00,14.5267,14.6497,14.0568,14.3807,4396879.2
2024-12-04 04:00:00,14.3806,14.6057,14.1165,14.5252,5998727.0
2024-12-04 08:00:00,14.5249,14.8849,14.4108,14.7738,3361361.2
2024-12-04 12:00:00,14.7738,14.8109,14.2444,14.5096,6145160.9
2024-12-04 16:00:00,14.51,14.6115,13.666,14.5194,7326137.4
2024-12-04 20:00:00,14.5197,14.75,13.8583,14.146,4966621.0
2024-12-05 00:00:00,14.1446,14.1917,13.0588,13.5079,10111759.4
2024-12-05 04:00:00,13.5078,14.18,13.4514,14.0683,5431656.8
2024-12-05 08:00:00,14.0678,14.1922,13.869,14.1153,3568076.1
2024-12-05 12:00:00,14.1153,14.454,14.0,14.2474,6590835.0
2024-12-05 16:00:00,14.2475,14.3592,13.7747,13.8239,3943743.7
2024-12-05 20:00:00,13.8239,13.9533,13.2121,13.6412,5623709.8
2024-12-06 00:00:00,13.6416,14.2299,13.4648,14.1288,3765543.9
2024-12-06 04:00:00,14.1293,14.3977,14.041,14.3856,2741007.5
2024-12-06 08:00:00,14.386,14.4765,13.8067,14.3589,4526447.6
2024-12-06 12:00:00,14.359,14.5979,13.75,14.5182,6317528.1
2024-12-06 16:00:00,14.5182,14.6575,14.414,14.5841,2425589.7
2024-12-06 20:00:00,14.5834,14.7902,14.4347,14.686,2062303.2
2024-12-07 00:00:00,14.6856,15.3283,14.4103,15.1301,4720139.2
2024-12-07 04:00:00,15.1295,15.2418,14.855,14.9916,2653598.3
2024-12-07 08:00:00,14.9916,15.1159,14.8344,14.9671,2379692.4
2024-12-07 12:00:00,14.9671,15.0341,14.682,14.7719,2859337.1
2024-12-07 16:00:00,14.7718,14.7798,14.4704,14.5337,2083307.5
2024-12-07 20:00:00,14.5338,14.7184,14.5258,14.5856,1423850.1
2024-12-08 00:00:00,14.5855,14.65,14.4088,14.5344,1787527.9
2024-12-08 04:00:00,14.5344,14.5893,14.2236,14.4931,2193690.6
2024-12-08 08:00:00,14.4932,14.5072,14.02,14.2862,2823249.8
2024-12-08 12:00:00,14.2862,14.5644,14.1505,14.5207,2246259.1
2024-12-08 16:00:00,14.5202,14.5621,14.2,14.287,1782755.6
2024-12-08 20:00:00,14.2854,14.5666,14.1666,14.5176,1660299.0
2024-12-09 00:00:00,14.518,14.5232,13.8,13.9491,3135430.4
2024-12-09 04:00:00,13.949,14.1128,13.6422,13.8475,2651477.5
2024-12-09 08:00:00,13.8475,13.8506,13.1509,13.1891,5959823.5
2024-12-09 12:00:00,13.189,13.67,13.0862,13.2867,5109090.4
2024-12-09 16:00:00,13.2863,13.41,13.133,13.1708,2497536.2
2024-12-09 20:00:00,13.1691,13.1954,10.2291,11.9346,21467005.2
2024-12-10 00:00:00,11.9361,12.2025,11.0585,11.4901,7353673.9
2024-12-10 04:00:00,11.4902,11.8734,11.2441,11.7898,5258473.1
2024-12-10 08:00:00,11.7886,11.992,11.602,11.7481,3435951.9
2024-12-10 12:00:00,11.7486,11.777,10.99,11.0038,8881511.0
2024-12-10 16:00:00,11.0039,11.3291,10.64,11.3148,10785558.2
2024-12-10 20:00:00,11.3146,11.6918,11.2501,11.6204,3102664.6
2024-12-11 00:00:00,11.6203,11.6747,11.1619,11.5759,3813836.1
2024-12-11 04:00:00,11.576,11.684,11.4645,11.4781,1779456.1
2024-12-11 08:00:00,11.4784,11.9519,11.4688,11.8421,2689390.5
2024-12-11 12:00:00,11.8418,12.6474,11.8345,12.6034,5715187.4
2024-12-11 16:00:00,12.6031,12.9428,12.5656,12.8564,4603930.6
2024-12-11 20:00:00,12.8563,12.9577,12.7541,12.8777,1744277.3
2024-12-12 00:00:00,12.8777,14.1374,12.8473,13.9174,7806020.0
2024-12-12 04:00:00,13.9173,13.9677,13.666,13.9381,3523342.5
2024-12-12 08:00:00,13.9373,14.11,13.5736,13.7115,4082253.2
2024-12-12 12:00:00,13.712,13.8189,13.4323,13.6837,4345419.3
2024-12-12 16:00:00,13.6835,13.9779,13.4097,13.4872,4290755.2
2024-12-12 20:00:00,13.4874,13.7586,13.4249,13.6781,2793874.0
2024-12-13 00:00:00,13.6781,13.9839,13.4916,13.9135,3069842.6
2024-12-13 04:00:00,13.914,13.9365,13.41,13.7366,2899138.1
2024-12-13 08:00:00,13.7366,14.4989,13.6513,14.4278,4395705.1
2024-12-13 12:00:00,14.4284,14.557,14.0,14.2401,5673533.4
2024-12-13 16:00:00,14.2385,14.3465,13.951,14.0731,3510349.9
2024-12-13 20:00:00,14.0735,14.3007,14.0135,14.2219,2540778.0
2024-12-14 00:00:00,14.2212,14.7174,14.1773,14.2688,3443194.4
2024-12-14 04:00:00,14.2687,14.2849,14.0126,14.1255,1823825.8
2024-12-14 08:00:00,14.1258,14.1996,13.9128,13.9439,1703121.3
2024-12-14 12:00:00,13.9439,13.9729,13.47,13.6294,4409354.2
2024-12-14 16:00:00,13.6293,13.6548,13.1488,13.29,3551641.2
2024-12-14 20:00:00,13.2897,13.4658,13.1446,13.4152,1532044.7
2024-12-15 00:00:00,13.4157,13.5011,13.1974,13.2459,1622687.5
2024-12-15 04:00:00,13.2469,13.4757,13.0393,13.138,2136427.9
2024-12-15 08:00:00,13.1381,13.4248,13.1092,13.3009,1466656.7
2024-12-15 12:00:00,13.3008,13.7638,13.246,13.5853,2242040.2
2024-12-15 16:00:00,13.5853,13.6649,13.3801,13.5073,2088517.9
2024-12-15 20:00:00,13.5073,13.7598,13.1697,13.664,2940821.9
2024-12-16 00:00:00,13.6644,14.2415,13.5643,13.654,4203446.0
2024-12-16 04:00:00,13.6542,13.905,13.5591,13.8419,1890395.8
2024-12-16 08:00:00,13.8419,13.8761,13.2156,13.2479,2612242.3
2024-12-16 12:00:00,13.2479,13.8123,13.2364,13.6883,4061767.9
2024-12-16 16:00:00,13.688,14.1479,13.584,14.0498,3976457.0
2024-12-16 20:00:00,14.0498,14.201,13.8621,13.924,2252755.6
2024-12-17 00:00:00,13.924,14.2172,13.497,14.17,3123342.9
2024-12-17 04:00:00,14.1699,14.3864,13.9336,14.1016,5113468.4
2024-12-17 08:00:00,14.1017,14.1872,13.8415,13.9093,2661763.3
2024-12-17 12:00:00,13.9082,13.9455,13.1837,13.2565,4424267.4
2024-12-17 16:00:00,13.2565,13.4602,13.0133,13.1902,4164580.9
2024-12-17 20:00:00,13.1901,13.4102,12.7269,12.9321,4816213.9
2024-12-18 00:00:00,12.9322,12.9926,12.6909,12.8373,2826557.5
2024-12-18 04:00:00,12.8367,12.8469,12.4585,12.5745,4111599.0
2024-12-18 08:00:00,12.5744,12.9654,12.503,12.9305,2290217.2
2024-12-18 12:00:00,12.9301,12.9515,12.6008,12.8207,2912244.3
2024-12-18 16:00:00,12.8208,12.9756,12.4293,12.4338,3043750.1
2024-12-18 20:00:00,12.4324,12.528,11.33,11.8282,10837772.7
2024-12-19 00:00:00,11.8285,12.0795,11.26,12.0554,6564911.1
2024-12-19 04:00:00,12.0551,12.1052,11.861,11.9666,1939284.2
2024-12-19 08:00:00,11.9665,12.5894,11.8468,12.5387,3356359.7
2024-12-19 12:00:00,12.5388,12.75,12.1124,12.3347,5688341.4
2024-12-19 16:00:00,12.3347,12.4788,11.2898,11.6597,11751769.1
2024-12-19 20:00:00,11.66,11.8696,11.208,11.3699,10886634.9
2024-12-20 00:00:00,11.3699,11.9122,11.1472,11.7295,5289122.4
2024-12-20 04:00:00,11.7296,11.7957,11.1977,11.3943,4308019.9
2024-12-20 08:00:00,11.3943,11.4001,9.9492,9.9672,17262632.6
2024-12-20 12:00:00,9.968,10.7944,9.9584,10.634,9948539.0
2024-12-20 16:00:00,10.6339,10.9,10.498,10.8005,6415873.4
2024-12-20 20:00:00,10.8002,10.9406,10.4548,10.8655,4474406.5
2024-12-21 00:00:00,10.8655,10.8668,10.0239,10.2447,9211299.9
2024-12-21 04:00:00,10.2447,11.2375,10.2197,11.0788,10133134.3
2024-12-21 08:00:00,11.0788,11.1099,10.4565,10.6119,9356549.9
2024-12-21 12:00:00,10.6119,10.6128,9.717,9.9051,16196156.7
2024-12-21 16:00:00,9.9052,9.9126,9.2579,9.4957,11891988.6
2024-12-21 20:00:00,9.4957,9.614,9.263,9.5233,6279860.4
2024-12-22 00:00:00,9.5234,9.5852,9.1761,9.3641,5888421.4
2024-12-22 04:00:00,9.3639,9.4586,9.0357,9.4348,7090541.0
2024-12-22 08:00:00,9.4347,9.6724,9.3889,9.5024,5677168.8
2024-12-22 12:00:00,9.5024,9.5607,9.1581,9.2326,7369744.3
2024-12-22 16:00:00,9.233,9.4509,9.0746,9.1102,5016202.4
2024-12-22 20:00:00,9.1103,9.3847,8.9674,9.2215,5482752.3
2024-12-23 00:00:00,9.2212,9.4444,8.87,9.4074,8004134.1
2024-12-23 04:00:00,9.4074,9.4591,9.0059,9.0889,4399975.7
2024-12-23 08:00:00,9.0883,9.3786,9.0428,9.1774,4828747.9
2024-12-23 12:00:00,9.1775,9.2881,8.9783,8.9987,6551717.3
2024-12-23 16:00:00,8.9987,9.4801,8.9841,9.3698,5666521.2
2024-12-23 20:00:00,9.3698,9.83,9.3629,9.6968,7028059.0
2024-12-24 00:00:00,9.6967,9.6968,9.2818,9.4701,4327669.5
2024-12-24 04:00:00,9.4705,9.6056,9.3612,9.4078,3498442.6
2024-12-24 08:00:00,9.4079,9.4634,9.2594,9.4343,4955815.6
2024-12-24 12:00:00,9.4334,9.9444,9.3523,9.8382,6574445.0
2024-12-24 16:00:00,9.8383,9.9019,9.6208,9.6283,4335403.8
2024-12-24 20:00:00,9.6283,9.8415,9.5009,9.8099,3327368.0
2024-12-25 00:00:00,9.8088,9.9074,9.7112,9.7351,3377380.3
2024-12-25 04:00:00,9.7356,9.8828,9.6123,9.6258,2884139.0
2024-12-25 08:00:00,9.6261,9.8627,9.5001,9.5318,3609545.3
2024-12-25 12:00:00,9.5318,9.7869,9.467,9.6279,3458010.9
2024-12-25 16:00:00,9.6279,9.6902,9.4723,9.6553,2576489.0
2024-12-25 20:00:00,9.6554,9.6951,9.47,9.5513,2449276.0
2024-12-26 00:00:00,9.5516,9.6601,9.3169,9.3391,3488828.6
2024-12-26 04:00:00,9.339,9.34,9.1745,9.2129,2995306.5
2024-12-26 08:00:00,9.2122,9.234,8.9228,8.9636,5175955.9
2024-12-26 12:00:00,8.9636,9.0246,8.8515,8.9311,4530006.3
2024-12-26 16:00:00,8.9304,9.0917,8.8739,8.9521,3404874.3
2024-12-26 20:00:00,8.9521,8.962,8.75,8.8154,3280746.5
2024-12-27 00:00:00,8.8155,9.0494,8.7253,8.9828,3253574.3
2024-12-27 04:00:00,8.9828,9.1001,8.8207,8.9115,3728857.4
2024-12-27 08:00:00,8.9119,9.3067,8.9119,9.154,4758760.4
2024-12-27 12:00:00,9.1541,9.1703,8.7022,8.7493,4960182.9
2024-12-27 16:00:00,8.7492,8.9691,8.6566,8.8227,4145971.6
2024-12-27 20:00:00,8.8227,8.8323,8.6502,8.738,2717976.0
2024-12-28 00:00:00,8.7372,8.7702,8.6072,8.737,2431132.3
2024-12-28 04:00:00,8.737,8.7958,8.666,8.6717,1801636.7
2024-12-28 08:00:00,8.6717,9.0275,8.668,8.9967,3236624.9
2024-12-28 12:00:00,8.9966,9.1498,8.9112,9.022,3413340.2
2024-12-28 16:00:00,9.022,9.1862,9.0051,9.1161,2117870.9
2024-12-28 20:00:00,9.116,9.2745,9.0793,9.1875,1596218.1
2024-12-29 00:00:00,9.1894,9.1946,9.0854,9.1715,1614891.5
2024-12-29 04:00:00,9.1718,9.2269,9.0783,9.2202,1296926.4
2024-12-29 08:00:00,9.2199,9.234,9.0655,9.0688,1382258.0
2024-12-29 12:00:00,9.0689,9.1676,8.9902,9.0969,2730969.9
2024-12-29 16:00:00,9.0969,9.1025,8.924,8.941,2184542.5
2024-12-29 20:00:00,8.941,8.9998,8.7902,8.8736,2340922.2
2024-12-30 00:00:00,8.8736,9.236,8.8297,9.122,3133209.7
2024-12-30 04:00:00,9.1217,9.3209,9.0416,9.1564,2409915.3
2024-12-30 08:00:00,9.1565,9.246,8.907,9.013,2825468.2
2024-12-30 12:00:00,9.0127,9.1238,8.71,8.7639,4435271.2
2024-12-30 16:00:00,8.7637,9.1065,8.6701,9.087,3688181.8
2024-12-30 20:00:00,9.0872,9.1412,8.7539,8.8755,2670030.1
2024-12-31 00:00:00,8.8755,8.8847,8.6818,8.7291,2211044.3
2024-12-31 04:00:00,8.729,8.8054,8.6499,8.7102,2004630.7
2024-12-31 08:00:00,8.7103,8.9876,8.7089,8.8399,2578055.8
2024-12-31 12:00:00,8.8401,9.0498,8.7916,8.9239,3584626.1
2024-12-31 16:00:00,8.9239,8.9589,8.6562,8.7788,2942264.5
2024-12-31 20:00:00,8.7778,8.8177,8.6754,8.7121,1560174.0
2025-01-01 00:00:00,8.712,8.8049,8.6678,8.7106,1837345.0
2025-01-01 04:00:00,8.7106,8.7332,8.67,8.6798,1232942.3
2025-01-01 08:00:00,8.6799,8.6993,8.4136,8.5312,5069994.8
2025-01-01 12:00:00,8.5312,8.8193,8.53,8.8107,3139196.3
2025-01-01 16:00:00,8.8108,8.9547,8.7111,8.9076,2709634.3
2025-01-01 20:00:00,8.9077,9.0363,8.9077,9.0248,2199076.0
2025-01-02 00:00:00,9.0248,9.1937,9.0099,9.162,2892400.8
2025-01-02 04:00:00,9.162,9.2879,9.1165,9.224,2670753.7
2025-01-02 08:00:00,9.2239,9.419,9.1674,9.3579,3278143.3
2025-01-02 12:00:00,9.3579,9.4431,9.2087,9.2712,3143586.6
2025-01-02 16:00:00,9.2716,9.3669,9.2062,9.2566,1851302.4
2025-01-02 20:00:00,9.2566,9.3277,9.1623,9.2907,1605301.2
2025-01-03 00:00:00,9.2908,9.3542,9.168,9.3241,1870685.4
2025-01-03 04:00:00,9.3241,9.3246,9.1508,9.1813,1592203.7
2025-01-03 08:00:00,9.1813,9.4906,9.1809,9.4892,2229835.0
2025-01-03 12:00:00,9.4893,9.7797,9.451,9.7556,3388949.7
2025-01-03 16:00:00,9.7557,9.8841,9.7095,9.8728,3200292.0
2025-01-03 20:00:00,9.8721,9.8778,9.7034,9.8104,2003378.3
2025-01-04 00:00:00,9.8104,9.8245,9.64,9.7541,1807906.5
2025-01-04 04:00:00,9.754,9.968,9.6863,9.8211,2895625.1
2025-01-04 08:00:00,9.8208,9.8211,9.6401,9.8013,2172018.5
2025-01-04 12:00:00,9.8014,9.9924,9.6839,9.7196,3445994.6
2025-01-04 16:00:00,9.7196,9.8846,9.6825,9.8817,1692227.9
2025-01-04 20:00:00,9.8816,10.0741,9.8583,9.9917,2138296.4
2025-01-05 00:00:00,9.9918,10.034,9.8195,9.8811,1864244.9
2025-01-05 04:00:00,9.8812,9.9877,9.8394,9.8904,1251828.9
2025-01-05 08:00:00,9.8903,9.9109,9.7046,9.843,2084696.4
2025-01-05 12:00:00,9.8421,9.9234,9.72,9.8742,2163825.8
2025-01-05 16:00:00,9.8744,9.998,9.8215,9.9961,1934029.6
2025-01-05 20:00:00,9.9961,10.1695,9.9385,10.0898,1746141.9
2025-01-06 00:00:00,10.0899,10.1345,9.8477,10.1184,2396292.4
2025-01-06 04:00:00,10.1184,10.1476,9.9032,9.9478,1904445.1
2025-01-06 08:00:00,9.9479,9.9844,9.8091,9.9571,1805357.8
2025-01-06 12:00:00,9.9571,10.2,9.8382,10.1761,3550529.7
2025-01-06 16:00:00,10.1761,10.33,9.9726,10.106,3439736.9
2025-01-06 20:00:00,10.106,10.1709,10.0001,10.169,1598974.9
2025-01-07 00:00:00,10.17,10.34,10.113,10.2571,2531305.6
2025-01-07 04:00:00,10.257,10.483,10.1328,10.3035,2791614.3
2025-01-07 08:00:00,10.3031,10.48,10.2252,10.4309,3764449.3
2025-01-07 12:00:00,10.4309,10.6498,9.849,9.9774,14825579.8
2025-01-07 16:00:00,9.9765,10.0633,9.6211,9.6919,6827745.7
2025-01-07 20:00:00,9.6919,9.7744,9.506,9.6466,3490204.4
2025-01-08 00:00:00,9.6465,9.7105,9.3436,9.4288,3587501.3
2025-01-08 04:00:00,9.4288,9.4877,9.0084,9.1964,4902251.0
2025-01-08 08:00:00,9.1952,9.415,9.1166,9.1908,3664713.7
2025-01-08 12:00:00,9.1914,9.2751,9.0162,9.0954,4114302.5
2025-01-08 16:00:00,9.0954,9.1177,8.6338,8.9244,7838575.4
2025-01-08 20:00:00,8.9244,9.0764,8.8198,9.0054,1943708.3
2025-01-09 00:00:00,9.0053,9.1288,8.9038,8.9166,2860425.7
2025-01-09 04:00:00,8.9166,8.964,8.6375,8.6655,2749788.4
2025-01-09 08:00:00,8.667,8.8846,8.6456,8.7954,2271695.1
2025-01-09 12:00:00,8.7953,8.9288,8.5063,8.8554,5595869.9
2025-01-09 16:00:00,8.8554,8.9227,8.5355,8.5562,2946954.4
2025-01-09 20:00:00,8.5563,8.6845,8.4444,8.6411,2707736.4
2025-01-10 00:00:00,8.6411,8.798,8.6404,8.7226,2236834.3
2025-01-10 04:00:00,8.7225,9.0165,8.688,8.9874,2261412.4
2025-01-10 08:00:00,8.988,9.2071,8.96,9.0884,3081216.2
2025-01-10 12:00:00,9.0886,9.1706,8.8039,9.0191,6691547.4
2025-01-10 16:00:00,9.0191,9.2361,8.8213,9.2106,3115924.1
2025-01-10 20:00:00,9.2106,9.2435,9.0757,9.1329,1713864.5
2025-01-11 00:00:00,9.1329,9.23,8.8938,8.9291,2268119.2
2025-01-11 04:00:00,8.9292,8.9914,8.8604,8.91,1326371.1
2025-01-11 08:00:00,8.9094,9.0195,8.8365,9.0048,1567670.1
2025-01-11 12:00:00,9.0043,9.0685,8.871,9.0055,2133079.0
2025-01-11 16:00:00,9.0056,9.1158,8.9581,8.9981,1596841.2
2025-01-11 20:00:00,8.9981,9.2616,8.9823,9.1208,1896117.5
2025-01-12 00:00:00,9.1208,9.1566,8.9526,9.0033,2023755.8
2025-01-12 04:00:00,9.0033,9.0481,8.8922,8.9561,1024831.5
2025-01-12 08:00:00,8.956,8.9708,8.8317,8.9378,2218005.5
2025-01-12 12:00:00,8.9383,9.1184,8.8861,9.0693,1512705.6
2025-01-12 16:00:00,9.0694,9.0976,8.9838,9.0188,1029015.3
2025-01-12 20:00:00,9.0198,9.0517,8.7158,8.8262,2555535.1
2025-01-13 00:00:00,8.8261,9.0816,8.5106,8.542,5101572.0
2025-01-13 04:00:00,8.5419,8.7051,8.3702,8.4648,3728349.2
2025-01-13 08:00:00,8.4647,8.4736,8.1264,8.1343,5579519.3
2025-01-13 12:00:00,8.1333,8.3751,7.81,8.2544,7816013.5
2025-01-13 16:00:00,8.2545,8.2865,7.9778,8.102,4060702.6
2025-01-13 20:00:00,8.102,8.5048,8.0189,8.4721,3284120.5
2025-01-14 00:00:00,8.4725,8.5632,8.4039,8.5102,1475207.3
2025-01-14 04:00:00,8.5101,8.6468,8.5101,8.5463,1427600.0
2025-01-14 08:00:00,8.5467,8.9389,8.5467,8.8125,3246451.0
2025-01-14 12:00:00,8.8124,8.8408,8.6683,8.7176,3335924.4
2025-01-14 16:00:00,8.7176,8.8988,8.6176,8.8362,2849522.0
2025-01-14 20:00:00,8.8361,9.1125,8.7758,9.017,1870123.1
2025-01-15 00:00:00,9.017,9.083,8.9007,9.0458,2592569.2
2025-01-15 04:00:00,9.0459,9.0838,8.9356,9.0434,1298786.7
2025-01-15 08:00:00,9.0433,9.0952,8.7365,8.8098,2511052.6
2025-01-15 12:00:00,8.8093,9.4056,8.7535,9.3046,6542707.9
2025-01-15 16:00:00,9.3044,9.3745,9.1185,9.3159,3016001.4
2025-01-15 20:00:00,9.3159,9.5166,9.2676,9.4666,2481885.5
2025-01-16 00:00:00,9.4666,9.4952,9.2225,9.35,3099811.7
2025-01-16 04:00:00,9.3501,9.3977,9.2864,9.3071,996369.3
2025-01-16 08:00:00,9.307,9.3377,9.1134,9.3251,3200427.4
2025-01-16 12:00:00,9.3255,9.51,9.0178,9.275,5959138.0
2025-01-16 16:00:00,9.2749,9.4477,9.2699,9.4319,2268092.3
2025-01-16 20:00:00,9.4319,9.4795,9.1514,9.2336,1897228.3
2025-01-17 00:00:00,9.2339,9.6169,9.2328,9.5508,2414708.8
2025-01-17 04:00:00,9.5508,9.6593,9.4528,9.4718,2177432.6
2025-01-17 08:00:00,9.4713,9.739,9.4456,9.6707,2861930.8
2025-01-17 12:00:00,9.6707,9.7305,9.5308,9.692,3068735.2
2025-01-17 16:00:00,9.6927,9.7651,9.5565,9.655,2413689.9
2025-01-17 20:00:00,9.6551,9.8348,9.6141,9.7524,1825441.5
2025-01-18 00:00:00,9.7528,9.8738,9.4511,9.4902,2204090.8
2025-01-18 04:00:00,9.4902,9.542,9.1387,9.1838,3935579.8
2025-01-18 08:00:00,9.1837,9.2945,9.05,9.2716,3194241.7
2025-01-18 12:00:00,9.2717,9.3845,9.1301,9.2828,2702614.5
2025-01-18 16:00:00,9.283,9.3638,9.0877,9.2757,3119931.7
2025-01-18 20:00:00,9.2758,9.3427,9.116,9.3181,1514423.1
2025-01-19 00:00:00,9.3188,9.5085,9.2985,9.3471,1751923.7
2025-01-19 04:00:00,9.347,9.5376,9.2191,9.2809,3234806.2
2025-01-19 08:00:00,9.2808,9.2835,8.6689,8.7416,7057000.2
2025-01-19 12:00:00,8.7419,9.4861,8.7229,9.3454,6046270.3
2025-01-19 16:00:00,9.3447,9.561,9.2761,9.4747,2570452.7
2025-01-19 20:00:00,9.4753,9.5125,8.3923,8.501,10217271.0
2025-01-20 00:00:00,8.5011,8.5842,8.2056,8.4087,8694802.7
2025-01-20 04:00:00,8.4086,9.3121,8.3282,9.0436,7320860.8
2025-01-20 08:00:00,9.0438,9.1324,8.7957,8.9067,2447249.6
2025-01-20 12:00:00,8.9067,8.9127,8.5248,8.7622,6353392.2
2025-01-20 16:00:00,8.7625,8.8582,8.2854,8.6226,6815466.2
2025-01-20 20:00:00,8.6232,8.6647,8.373,8.5483,2086752.1
2025-01-21 00:00:00,8.5483,8.5842,8.2853,8.3586,3346915.7
2025-01-21 04:00:00,8.3592,8.3592,8.1477,8.2488,4725726.7
2025-01-21 08:00:00,8.2488,8.4781,8.119,8.4605,3440979.9
2025-01-21 12:00:00,8.4605,8.561,8.349,8.4763,2530020.2
2025-01-21 16:00:00,8.4762,8.8799,8.453,8.7835,3059133.8
2025-01-21 20:00:00,8.7833,8.848,8.6771,8.7425,2785223.9
2025-01-22 00:00:00,8.7426,8.9719,8.7163,8.8692,1990669.3
2025-01-22 04:00:00,8.8692,8.9102,8.6317,8.6392,1921008.2
2025-01-22 08:00:00,8.6391,8.7484,8.5542,8.7265,1756666.4
2025-01-22 12:00:00,8.7266,8.755,8.5,8.5614,2126335.7
2025-01-22 16:00:00,8.5615,8.6718,8.4942,8.563,3533638.5
2025-01-22 20:00:00,8.5631,8.6348,8.4444,8.4997,1846174.6
2025-01-23 00:00:00,8.4993,8.5064,8.2801,8.3672,2276545.7
2025-01-23 04:00:00,8.3673,8.3903,8.2504,8.3795,1379183.7
2025-01-23 08:00:00,8.3795,8.3896,8.206,8.2931,1363175.7
2025-01-23 12:00:00,8.2931,8.5289,8.1857,8.4529,3763533.6
2025-01-23 16:00:00,8.4529,8.5848,8.1768,8.1953,3200397.0
2025-01-23 20:00:00,8.1949,8.4271,8.0787,8.3336,4637165.1
2025-01-24 00:00:00,8.3336,8.3707,7.9805,8.0932,2683918.2
2025-01-24 04:00:00,8.0926,8.4663,8.0501,8.3354,2707243.0
2025-01-24 08:00:00,8.3353,8.5438,8.3006,8.5048,3477198.9
2025-01-24 12:00:00,8.5046,8.5767,8.4144,8.5087,2658248.2
2025-01-24 16:00:00,8.5088,8.5742,8.3829,8.4052,1635576.1
2025-01-24 20:00:00,8.405,8.4463,8.1442,8.2076,1959206.4
2025-01-25 00:00:00,8.207,8.2219,8.0437,8.1745,3121317.7
2025-01-25 04:00:00,8.1745,8.178,8.037,8.0968,2377171.2
2025-01-25 08:00:00,8.0968,8.1723,8.0471,8.1483,1933891.6
2025-01-25 12:00:00,8.1484,8.2237,8.0522,8.1799,1680135.5
2025-01-25 16:00:00,8.18,8.2587,8.1156,8.2002,1244642.0
2025-01-25 20:00:00,8.2002,8.261,8.0832,8.094,1677892.1
2025-01-26 00:00:00,8.0941,8.2738,8.072,8.2308,1403090.5
2025-01-26 04:00:00,8.2309,8.436,8.2206,8.3093,2564560.0
2025-01-26 08:00:00,8.3094,8.3493,8.1216,8.2078,3026336.9
2025-01-26 12:00:00,8.2078,8.2281,8.1567,8.1869,1350366.1
2025-01-26 16:00:00,8.1868,8.2736,8.15,8.2314,1114552.2
2025-01-26 20:00:00,8.2315,8.2446,7.8025,7.8139,2862993.8
2025-01-27 00:00:00,7.8139,7.8169,7.3162,7.4075,7705111.4
2025-01-27 04:00:00,7.4073,7.4183,6.8487,7.0876,7177898.1
2025-01-27 08:00:00,7.0876,7.1717,6.9052,7.0859,4671034.3
2025-01-27 12:00:00,7.086,7.4887,7.0634,7.4487,5646866.2
2025-01-27 16:00:00,7.4487,7.4723,7.2,7.3179,3593574.6
2025-01-27 20:00:00,7.3178,7.7635,7.3178,7.624,4061163.9
2025-01-28 00:00:00,7.624,7.7121,7.5025,7.6458,1570793.0
2025-01-28 04:00:00,7.6458,7.7581,7.6417,7.6601,1452178.5
2025-01-28 08:00:00,7.6602,7.6786,7.584,7.6255,1308207.7
2025-01-28 12:00:00,7.6258,7.6987,7.4876,7.5903,2505729.0
2025-01-28 16:00:00,7.5908,7.5994,7.3911,7.4472,1751956.2
2025-01-28 20:00:00,7.4472,7.4685,7.1207,7.2091,3183031.5
2025-01-29 00:00:00,7.2082,7.3992,7.1528,7.357,1833789.0
2025-01-29 04:00:00,7.3565,7.5312,7.3341,7.4984,1305229.5
2025-01-29 08:00:00,7.4984,7.5291,7.3667,7.4379,1398518.7
2025-01-29 12:00:00,7.4383,7.5105,7.2302,7.2953,2752573.2
2025-01-29 16:00:00,7.2953,7.5474,7.1747,7.454,4060896.4
2025-01-29 20:00:00,7.453,7.6767,7.3592,7.4255,3538839.4
2025-01-30 00:00:00,7.4256,7.6366,7.3548,7.6118,2117479.7
2025-01-30 04:00:00,7.6118,7.6392,7.5122,7.579,1360957.5
2025-01-30 08:00:00,7.579,7.693,7.5145,7.6875,1754547.8
2025-01-30 12:00:00,7.6875,7.9056,7.6291,7.8456,3603453.0
2025-01-30 16:00:00,7.8457,8.0136,7.8244,7.8935,3469596.9
2025-01-30 20:00:00,7.8936,7.9614,7.816,7.8344,1779690.6
2025-01-31 00:00:00,7.8346,7.9206,7.6822,7.741,1772360.4
2025-01-31 04:00:00,7.741,8.0881,7.6663,7.9769,3208340.5
2025-01-31 08:00:00,7.9769,8.2216,7.8382,8.1183,3371382.3
2025-01-31 12:00:00,8.1183,8.4051,8.0723,8.3867,3053606.5
2025-01-31 16:00:00,8.386,8.389,7.896,7.9238,3743040.0
2025-01-31 20:00:00,7.9237,7.9376,7.7769,7.8108,2169766.3
2025-02-01 00:00:00,7.8109,7.8581,7.6948,7.7218,1748520.3
2025-02-01 04:00:00,7.7218,7.7409,7.6104,7.6169,1564915.9
2025-02-01 08:00:00,7.6169,7.6396,7.3442,7.4143,3931858.7
2025-02-01 12:00:00,7.4146,7.4973,7.3303,7.4211,3306973.2
2025-02-01 16:00:00,7.4211,7.4468,7.205,7.2308,2540571.6
2025-02-01 20:00:00,7.2309,7.2795,7.0073,7.0491,3186052.0
2025-02-02 00:00:00,7.0488,7.1885,6.8537,6.8765,3477493.5
2025-02-02 04:00:00,6.8765,7.0991,6.8631,6.9701,3389430.4
2025-02-02 08:00:00,6.9699,7.1193,6.875,6.9073,2645229.6
2025-02-02 12:00:00,6.9072,7.0459,6.8368,6.9187,3637717.5
2025-02-02 16:00:00,6.9187,6.9226,6.226,6.427,11834028.1
2025-02-02 20:00:00,6.4273,6.4637,5.8,6.1531,8745220.3
2025-02-03 00:00:00,6.1532,6.1582,4.4991,5.165,25705423.6
2025-02-03 04:00:00,5.1651,5.8326,5.0706,5.7769,11918711.9
2025-02-03 08:00:00,5.7765,5.9304,5.5488,5.7447,7395178.1
2025-02-03 12:00:00,5.7447,6.203,5.5687,6.1261,12377679.7
2025-02-03 16:00:00,6.1274,6.3412,6.0484,6.332,5643177.8
2025-02-03 20:00:00,6.3318,6.5078,6.1797,6.4975,4225083.5
2025-02-04 00:00:00,6.4975,6.5734,6.25,6.2607,3298493.1
2025-02-04 04:00:00,6.2609,6.2977,5.8413,5.8627,6858815.0
2025-02-04 08:00:00,5.8625,6.1662,5.8294,6.0768,4592429.2
2025-02-04 12:00:00,6.0769,6.3316,6.0769,6.1713,5008677.9
2025-02-04 16:00:00,6.1714,6.3716,6.0917,6.0934,4136868.5
2025-02-04 20:00:00,6.0934,6.1595,5.8221,6.0787,7317720.7
2025-02-05 00:00:00,6.0789,6.1733,6.0068,6.1272,2764940.2
2025-02-05 04:00:00,6.1275,6.2344,6.0554,6.1098,2342221.8
2025-02-05 08:00:00,6.1094,6.2626,6.0778,6.2393,2577471.5
2025-02-05 12:00:00,6.2392,6.2671,6.083,6.1395,3142537.6
2025-02-05 16:00:00,6.1392,6.1561,5.8748,6.0524,5238284.9
2025-02-05 20:00:00,6.0524,6.0852,5.8716,5.9652,2912001.6
2025-02-06 00:00:00,5.9651,6.0483,5.89,6.0115,2455079.9
2025-02-06 04:00:00,6.0114,6.1507,5.993,6.0476,3313194.4
2025-02-06 08:00:00,6.0474,6.1296,5.9641,6.0124,3505742.6
2025-02-06 12:00:00,6.0123,6.0325,5.704,5.7607,6943884.9
2025-02-06 16:00:00,5.7605,5.8469,5.6687,5.7202,5437378.5
2025-02-06 20:00:00,5.7203,5.8327,5.674,5.7246,3012146.9
2025-02-07 00:00:00,5.724,6.0206,5.7182,5.9174,3988773.9
2025-02-07 04:00:00,5.9175,5.9402,5.7047,5.7077,3812259.0
2025-02-07 08:00:00,5.7077,5.9224,5.6795,5.8893,4375679.2
2025-02-07 12:00:00,5.8891,6.2434,5.8255,6.0144,8875751.7
2025-02-07 16:00:00,6.0145,6.0356,5.7851,5.7891,4346194.5
2025-02-07 20:00:00,5.7896,5.7973,5.5246,5.7071,5756381.4
2025-02-08 00:00:00,5.707,5.7723,5.6321,5.6437,2338206.7
2025-02-08 04:00:00,5.6438,5.6531,5.5052,5.592,2789665.8
2025-02-08 08:00:00,5.5919,5.66,5.5313,5.5911,4806326.9
2025-02-08 12:00:00,5.591,5.7564,5.536,5.6705,3119175.1
2025-02-08 16:00:00,5.6704,5.8532,5.6177,5.8313,2903605.7
2025-02-08 20:00:00,5.8313,5.8886,5.7846,5.8411,1902833.3
2025-02-09 00:00:00,5.841,5.9793,5.771,5.97,3724641.9
2025-02-09 04:00:00,5.9698,5.9698,5.8463,5.896,1737125.5
2025-02-09 08:00:00,5.8961,5.9483,5.8773,5.8787,1985674.7
2025-02-09 12:00:00,5.879,5.9154,5.7412,5.9029,2780114.8
2025-02-09 16:00:00,5.9028,5.9597,5.8065,5.8288,2228090.9
2025-02-09 20:00:00,5.8287,5.9225,5.5925,5.8994,4751565.6
2025-02-10 00:00:00,5.8995,6.1013,5.6644,5.9186,6005534.4
2025-02-10 04:00:00,5.9185,6.1357,5.8987,6.0671,6099399.3
2025-02-10 08:00:00,6.067,6.3625,6.057,6.2109,5218142.6
2025-02-10 12:00:00,6.2108,6.3914,6.0809,6.2101,6503937.5
2025-02-10 16:00:00,6.2102,6.2948,6.1667,6.1929,2581134.9
2025-02-10 20:00:00,6.1928,6.2422,6.1217,6.188,1480701.5
2025-02-11 00:00:00,6.1879,6.38,6.1784,6.2909,2360712.9
2025-02-11 04:00:00,6.2907,6.3971,6.1466,6.3235,4236770.5
2025-02-11 08:00:00,6.3235,6.3609,6.1029,6.1441,4044307.3
2025-02-11 12:00:00,6.144,6.1545,5.8305,5.9576,5596367.9
2025-02-11 16:00:00,5.9577,6.0245,5.8022,5.8166,3343379.4
2025-02-11 20:00:00,5.8168,5.9402,5.8028,5.883,1990542.9
2025-02-12 00:00:00,5.8829,5.9835,5.8298,5.8821,3040167.9
2025-02-12 04:00:00,5.8817,5.9423,5.8283,5.9016,1645766.1
2025-02-12 08:00:00,5.9017,6.045,5.8856,6.0054,1956116.2
2025-02-12 12:00:00,6.0054,6.1298,5.7344,5.9086,7037790.0
2025-02-12 16:00:00,5.909,6.1375,5.8318,6.0086,5452859.6
2025-02-12 20:00:00,6.0089,6.2438,5.9781,6.1492,2943768.9
2025-02-13 00:00:00,6.1498,6.2972,6.0995,6.2599,2436623.4
2025-02-13 04:00:00,6.26,6.2728,6.0659,6.0804,3612653.3
2025-02-13 08:00:00,6.0803,6.2159,6.068,6.1685,2403687.7
2025-02-13 12:00:00,6.1687,6.192,5.9409,6.0597,4688960.2
2025-02-13 16:00:00,6.0595,6.1458,5.9661,6.0619,2486906.2
2025-02-13 20:00:00,6.0619,6.2,6.0583,6.1339,1706991.0
2025-02-14 00:00:00,6.1339,6.2613,6.0746,6.2445,1666779.9
2025-02-14 04:00:00,6.2447,6.2483,6.1424,6.1897,1423385.6
2025-02-14 08:00:00,6.1899,6.3168,6.1165,6.1542,3844124.5
2025-02-14 12:00:00,6.1543,6.2718,6.0587,6.1498,4636968.2
2025-02-14 16:00:00,6.1498,6.2777,6.041,6.1717,3529347.4
2025-02-14 20:00:00,6.1719,6.2,6.0172,6.1002,2450556.3
2025-02-15 00:00:00,6.101,6.1796,6.013,6.1699,1914901.0
2025-02-15 04:00:00,6.1698,6.2577,6.1149,6.1392,2512738.8
2025-02-15 08:00:00,6.1393,6.1641,6.0305,6.0619,1778288.7
2025-02-15 12:00:00,6.062,6.1426,5.9572,5.9846,2424673.5
2025-02-15 16:00:00,5.9846,6.1937,5.9602,6.0081,4311107.8
2025-02-15 20:00:00,6.0081,6.0564,5.9755,6.002,1244964.6
2025-02-16 00:00:00,6.0019,6.0437,5.9164,5.9726,1679696.5
2025-02-16 04:00:00,5.9727,6.0172,5.8687,5.8849,1991143.8
2025-02-16 08:00:00,5.8849,5.996,5.8601,5.992,2272270.4
2025-02-16 12:00:00,5.9919,6.0066,5.8381,5.8921,2154684.5
2025-02-16 16:00:00,5.8922,5.9149,5.7609,5.833,3683523.3
2025-02-16 20:00:00,5.8331,5.8595,5.763,5.8114,1574892.5
2025-02-17 00:00:00,5.8112,5.9174,5.8023,5.9016,2456521.3
2025-02-17 04:00:00,5.9016,5.92,5.7549,5.8337,2177228.7
2025-02-17 08:00:00,5.8336,6.1173,5.8088,6.0284,3068645.7
2025-02-17 12:00:00,6.0285,6.1545,5.9857,5.9984,2519684.1
2025-02-17 16:00:00,5.9979,6.0495,5.7963,5.9168,3037280.1
2025-02-17 20:00:00,5.9168,6.059,5.87,5.932,2750667.7
2025-02-18 00:00:00,5.932,5.9502,5.8285,5.885,2036196.5
2025-02-18 04:00:00,5.8854,5.928,5.4,5.5459,7873408.3
2025-02-18 08:00:00,5.5459,5.6317,5.4762,5.5883,3466722.7
2025-02-18 12:00:00,5.5883,5.6769,5.4056,5.4395,4481426.3
2025-02-18 16:00:00,5.4396,5.5427,5.3356,5.5112,4262151.5
2025-02-18 20:00:00,5.5112,5.6391,5.4815,5.6287,2257572.0
2025-02-19 00:00:00,5.6287,5.8587,5.5816,5.8082,2876495.0
2025-02-19 04:00:00,5.8079,6.2579,5.746,6.1791,7739615.9
2025-02-19 08:00:00,6.1791,6.5,6.165,6.4652,12242784.7
2025-02-19 12:00:00,6.4653,6.618,6.367,6.4296,17654544.1
2025-02-19 16:00:00,6.4296,6.5733,6.3883,6.4239,9387605.3
2025-02-19 20:00:00,6.4235,6.4944,6.2287,6.3205,7722838.7
2025-02-20 00:00:00,6.3207,6.7535,6.2704,6.7179,10241004.8
2025-02-20 04:00:00,6.7179,7.05,6.533,6.5508,14742285.5
2025-02-20 08:00:00,6.5507,6.6936,6.4517,6.5735,7935928.3
2025-02-20 12:00:00,6.5735,6.5842,6.1694,6.1794,9755518.8
2025-02-20 16:00:00,6.1794,6.3898,6.1337,6.2953,7694132.6
2025-02-20 20:00:00,6.2952,6.3675,6.2154,6.3181,4102217.5
2025-02-21 00:00:00,6.318,6.4343,6.2109,6.3527,6611840.8
2025-02-21 04:00:00,6.3527,6.4468,6.3206,6.3461,4490607.8
2025-02-21 08:00:00,6.3461,6.4982,6.3208,6.352,4439884.5
2025-02-21 12:00:00,6.3514,6.4328,6.0325,6.1616,10576600.8
2025-02-21 16:00:00,6.161,6.3099,5.897,5.9182,10694954.5
2025-02-21 20:00:00,5.9175,6.0614,5.9086,5.9816,3569405.6
2025-02-22 00:00:00,5.9817,6.0422,5.9215,5.9612,3108317.0
2025-02-22 04:00:00,5.9612,6.1087,5.9498,6.0498,3027178.8
2025-02-22 08:00:00,6.0498,6.0783,5.9129,6.0538,4301002.0
2025-02-22 12:00:00,6.0538,6.1061,5.9931,6.0832,3074384.9
2025-02-22 16:00:00,6.0837,6.1599,6.0533,6.0608,3054428.1
2025-02-22 20:00:00,6.0609,6.0871,6.0192,6.0221,1490902.4
2025-02-23 00:00:00,6.0222,6.1615,5.9967,6.0038,3001098.1
2025-02-23 04:00:00,6.0037,6.2278,5.956,6.2061,3615166.8
2025-02-23 08:00:00,6.2061,6.2358,6.1236,6.1456,2739503.7
2025-02-23 12:00:00,6.1456,6.2079,6.0547,6.0717,2691294.3
2025-02-23 16:00:00,6.0717,6.18,6.0622,6.1016,1870342.0
2025-02-23 20:00:00,6.1017,6.1609,6.0446,6.1134,1861464.4
2025-02-24 00:00:00,6.1134,6.1525,5.7715,5.7913,5391681.7
2025-02-24 04:00:00,5.7913,5.857,5.7333,5.8136,2767236.7
2025-02-24 08:00:00,5.8137,5.8274,5.7024,5.7876,3785706.8
2025-02-24 12:00:00,5.7876,5.8535,5.6267,5.707,5083317.4
2025-02-24 16:00:00,5.7071,5.7532,5.5385,5.6046,3724846.9
2025-02-24 20:00:00,5.6048,5.7191,5.26,5.4029,7136776.1
2025-02-25 00:00:00,5.403,5.4852,5.2611,5.3275,5184519.3
2025-02-25 04:00:00,5.3278,5.433,5.0209,5.2429,10226255.7
2025-02-25 08:00:00,5.242,5.4582,5.1687,5.4258,6795001.5
2025-02-25 12:00:00,5.4257,5.549,5.2699,5.4838,6872921.6
2025-02-25 16:00:00,5.484,5.7051,5.4538,5.7008,4014791.9
2025-02-25 20:00:00,5.7004,5.7903,5.6277,5.6321,3228224.4
2025-02-26 00:00:00,5.6316,5.6454,5.5151,5.5813,4404554.2
2025-02-26 04:00:00,5.5812,5.6868,5.5777,5.6403,2539097.2
2025-02-26 08:00:00,5.6403,5.7478,5.5777,5.6454,3164641.3
2025-02-26 12:00:00,5.6455,5.7939,5.5215,5.7719,4905104.7
2025-02-26 16:00:00,5.7716,5.86,5.5655,5.6812,6437700.4
2025-02-26 20:00:00,5.6815,5.9522,5.6674,5.903,4728146.4
2025-02-27 00:00:00,5.9031,6.5129,5.9022,6.26,9256443.4
2025-02-27 04:00:00,6.26,6.49,6.05,6.1327,8694612.0
2025-02-27 08:00:00,6.1327,6.2083,6.0875,6.106,3879409.3
2025-02-27 12:00:00,6.1061,6.3008,6.09,6.2306,6359327.3
2025-02-27 16:00:00,6.2302,6.2538,6.072,6.096,3667903.8
2025-02-27 20:00:00,6.0957,6.1525,6.0174,6.1497,3292804.9
2025-02-28 00:00:00,6.1497,6.1726,5.7625,5.7769,9248838.2
2025-02-28 04:00:00,5.778,5.8324,5.6307,5.709,5780103.6
2025-02-28 08:00:00,5.7089,5.9631,5.6268,5.9102,5304264.3
2025-02-28 12:00:00,5.91,6.2814,5.8448,6.1939,5584765.2
2025-02-28 16:00:00,6.1939,6.4747,6.167,6.3836,4622870.2
2025-02-28 20:00:00,6.3836,6.482,6.3143,6.4553,3146731.5
2025-03-01 00:00:00,6.4553,6.4989,6.3552,6.4154,2735600.8
2025-03-01 04:00:00,6.415,6.4774,6.3601,6.4211,2523532.8
2025-03-01 08:00:00,6.4211,6.6137,6.4083,6.5184,6279073.6
2025-03-01 12:00:00,6.5185,6.5503,6.3045,6.3939,4982022.2
2025-03-01 16:00:00,6.394,6.4557,6.3336,6.3708,2150794.2
2025-03-01 20:00:00,6.3709,6.4438,6.2224,6.3038,3039870.4
2025-03-02 00:00:00,6.3038,6.3046,6.2025,6.2235,1989184.0
2025-03-02 04:00:00,6.2236,6.2797,6.2036,6.2114,1711009.3
2025-03-02 08:00:00,6.2114,6.2952,6.1813,6.2247,1955974.6
2025-03-02 12:00:00,6.2248,6.464,6.1538,6.3015,5625677.4
2025-03-02 16:00:00,6.3018,6.8071,6.2816,6.6512,8951877.2
2025-03-02 20:00:00,6.6512,6.7553,6.5735,6.7548,2630316.9
2025-03-03 00:00:00,6.7548,6.7823,6.3511,6.4044,3645933.0
2025-03-03 04:00:00,6.4045,6.4436,6.1706,6.3959,5195956.2
2025-03-03 08:00:00,6.3958,6.4082,6.2689,6.3313,3069514.8
2025-03-03 12:00:00,6.3313,6.4359,6.18,6.2148,4353949.0
2025-03-03 16:00:00,6.2149,6.2534,5.7608,5.7897,6052411.7
2025-03-03 20:00:00,5.7897,5.8475,5.6144,5.7317,4644904.0
2025-03-04 00:00:00,5.7313,5.7715,5.3258,5.5115,7252107.9
2025-03-04 04:00:00,5.5117,5.5444,5.421,5.4522,4972990.6
2025-03-04 08:00:00,5.4523,5.5087,5.3726,5.4078,2817498.7
2025-03-04 12:00:00,5.4077,5.5506,5.2294,5.3538,7528359.3
2025-03-04 16:00:00,5.3539,5.5305,5.0325,5.513,7695934.9
2025-03-04 20:00:00,5.513,5.5952,5.3847,5.4505,3283484.9
2025-03-05 00:00:00,5.451,5.6267,5.3944,5.435,3663815.5
2025-03-05 04:00:00,5.4353,5.5167,5.4177,5.4952,2183370.1
2025-03-05 08:00:00,5.4953,5.993,5.49,5.8315,8384292.4
2025-03-05 12:00:00,5.8318,5.9566,5.7517,5.8991,5428064.5
2025-03-05 16:00:00,5.8991,6.4553,5.8126,6.3514,15108880.5
2025-03-05 20:00:00,6.3514,6.5496,6.121,6.2052,16770146.8
2025-03-06 00:00:00,6.2054,6.3028,6.1092,6.2451,4422414.7
2025-03-06 04:00:00,6.2451,6.2863,6.1492,6.1725,3994288.2
2025-03-06 08:00:00,6.1725,6.2594,6.136,6.2323,3157066.5
2025-03-06 12:00:00,6.2324,6.2473,6.0204,6.1311,6369818.2
2025-03-06 16:00:00,6.1311,6.1492,5.9057,5.9583,4528664.7
2025-03-06 20:00:00,5.9584,6.0795,5.9377,5.9951,2801357.8
2025-03-07 00:00:00,5.9951,6.2046,5.8089,6.0363,7531263.4
2025-03-07 04:00:00,6.0369,6.255,6.0222,6.0998,2891833.0
2025-03-07 08:00:00,6.0995,6.2241,6.057,6.2022,2693510.4
2025-03-07 12:00:00,6.2021,6.3342,6.1384,6.1885,4181990.3
2025-03-07 16:00:00,6.1886,6.3751,6.0594,6.2477,4127456.4
2025-03-07 20:00:00,6.2473,6.3781,6.1498,6.162,4577323.5
2025-03-08 00:00:00,6.1621,6.2128,6.0281,6.0732,3804328.1
2025-03-08 04:00:00,6.0727,6.134,5.9857,5.9988,1716741.6
2025-03-08 08:00:00,5.9985,6.0099,5.85,5.8621,2724396.8
2025-03-08 12:00:00,5.8621,5.9781,5.8223,5.8323,2601926.4
2025-03-08 16:00:00,5.8324,5.989,5.7675,5.9794,2420055.2
2025-03-08 20:00:00,5.9794,5.9816,5.864,5.9503,1359609.2
2025-03-09 00:00:00,5.9498,5.9938,5.9125,5.9182,1264411.8
2025-03-09 04:00:00,5.9181,6.1433,5.9083,6.0514,3197928.1
2025-03-09 08:00:00,6.0515,6.0702,5.9243,5.9616,3268982.1
2025-03-09 12:00:00,5.9615,6.0896,5.872,5.9348,6131962.6
2025-03-09 16:00:00,5.9348,6.0269,5.6229,5.7955,8715133.4
2025-03-09 20:00:00,5.7955,5.8353,5.5733,5.6107,4340098.0
2025-03-10 00:00:00,5.6108,5.7459,5.4991,5.5955,6195610.7
2025-03-10 04:00:00,5.5956,5.6841,5.5085,5.5346,3011860.7
2025-03-10 08:00:00,5.5349,5.7541,5.364,5.6231,6893999.8
2025-03-10 12:00:00,5.6233,5.6671,5.286,5.3519,6194242.5
2025-03-10 16:00:00,5.3519,5.3666,5.005,5.1957,8447354.0
2025-03-10 20:00:00,5.1959,5.2506,5.0642,5.1938,5932026.1
2025-03-11 00:00:00,5.1942,5.3155,5.0109,5.2195,9222581.0
2025-03-11 04:00:00,5.2194,5.4574,5.2044,5.4398,3352273.9
2025-03-11 08:00:00,5.4397,5.6571,5.4137,5.5214,5926789.3
2025-03-11 12:00:00,5.5221,5.6506,5.3313,5.4907,8386914.5
2025-03-11 16:00:00,5.4907,5.6154,5.3899,5.573,4028925.9
2025-03-11 20:00:00,5.5726,5.5823,5.2618,5.3065,5079149.7
2025-03-12 00:00:00,5.3066,5.3636,5.0901,5.1041,4902938.2
2025-03-12 04:00:00,5.104,5.1864,5.0582,5.1802,4011389.8
2025-03-12 08:00:00,5.1802,5.2689,5.11,5.1835,4576320.8
2025-03-12 12:00:00,5.1835,5.3002,5.01,5.1038,9141290.0
2025-03-12 16:00:00,5.1035,5.1557,5.051,5.1135,3815381.8
2025-03-12 20:00:00,5.1135,5.212,5.1,5.201,2573026.0
2025-03-13 00:00:00,5.2009,5.221,5.1025,5.1204,2833730.9
2025-03-13 04:00:00,5.1199,5.1436,5.0219,5.124,2942782.3
2025-03-13 08:00:00,5.124,5.2074,5.0555,5.1751,4362482.7
2025-03-13 12:00:00,5.175,5.2084,5.0271,5.1027,5371704.2
2025-03-13 16:00:00,5.1027,5.1336,4.9034,4.9915,8461240.4
2025-03-13 20:00:00,4.9916,5.1787,4.9646,5.1476,2893984.6
2025-03-14 00:00:00,5.1478,5.2099,5.12,5.15,2303654.6
2025-03-14 04:00:00,5.15,5.1684,5.1107,5.1371,1658715.6
2025-03-14 08:00:00,5.1372,5.2474,5.128,5.215,2491152.1
2025-03-14 12:00:00,5.2151,5.3238,5.1309,5.2516,5158475.1
2025-03-14 16:00:00,5.2517,5.33,5.202,5.2265,2985229.3
2025-03-14 20:00:00,5.2263,5.2511,5.1603,5.206,1982443.1
2025-03-15 00:00:00,5.2056,5.3075,5.1792,5.2897,1629501.0
2025-03-15 04:00:00,5.2898,5.3554,5.2656,5.2801,2269183.4
2025-03-15 08:00:00,5.2802,5.382,5.2687,5.3037,3024394.1
2025-03-15 12:00:00,5.3037,5.3572,5.2902,5.3171,2087596.3
2025-03-15 16:00:00,5.3172,5.3726,5.3042,5.3513,1886359.5
2025-03-15 20:00:00,5.3513,5.4416,5.3352,5.3445,1851560.0
2025-03-16 00:00:00,5.3446,5.383,5.2851,5.3469,1729687.8
2025-03-16 04:00:00,5.3469,5.3873,5.3102,5.3254,1058996.5
2025-03-16 08:00:00,5.3253,5.3323,5.1548,5.1677,2822540.9
2025-03-16 12:00:00,5.1682,5.2437,5.1275,5.1693,2268169.0
2025-03-16 16:00:00,5.1694,5.2742,5.092,5.134,2609817.8
2025-03-16 20:00:00,5.134,5.1885,5.1025,5.1397,1385828.0
2025-03-17 00:00:00,5.1399,5.393,5.1396,5.3533,2608541.1
2025-03-17 04:00:00,5.3533,5.3878,5.2508,5.3463,2924590.2
2025-03-17 08:00:00,5.3457,5.4162,5.3129,5.3692,2425955.6
2025-03-17 12:00:00,5.3692,5.45,5.3374,5.3839,2773933.1
2025-03-17 16:00:00,5.3838,5.4448,5.3413,5.3815,1985126.9
2025-03-17 20:00:00,5.3814,5.4302,5.3333,5.3437,1340551.1
2025-03-18 00:00:00,5.3433,5.3452,5.2213,5.2355,1625352.4
2025-03-18 04:00:00,5.235,5.333,5.2158,5.3263,2146543.8
2025-03-18 08:00:00,5.3263,5.47,5.3219,5.3691,3529159.7
2025-03-18 12:00:00,5.369,5.4622,5.3,5.3845,3173912.8
2025-03-18 16:00:00,5.3844,5.4009,5.2043,5.289,2779589.1
2025-03-18 20:00:00,5.2889,5.4572,5.2601,5.4267,2093461.5
2025-03-19 00:00:00,5.4269,5.5489,5.3565,5.5387,2337781.1
2025-03-19 04:00:00,5.5387,5.5662,5.4315,5.4989,2033731.4
2025-03-19 08:00:00,5.499,5.64,5.4665,5.6029,4322450.7
2025-03-19 12:00:00,5.6037,5.6313,5.5005,5.5963,3636769.3
2025-03-19 16:00:00,5.5961,5.6111,5.4824,5.568,3193058.5
2025-03-19 20:00:00,5.5679,5.6165,5.5225,5.6006,1409058.4
2025-03-20 00:00:00,5.6006,5.6271,5.4759,5.4999,1680322.8
2025-03-20 04:00:00,5.4999,5.5231,5.47,5.4791,1160460.5
2025-03-20 08:00:00,5.4791,5.525,5.4022,5.4198,2101404.5
2025-03-20 12:00:00,5.42,5.535,5.404,5.4607,2255258.4
2025-03-20 16:00:00,5.4605,5.5468,5.4531,5.5446,2105990.6
2025-03-20 20:00:00,5.5444,5.638,5.5398,5.6266,2057682.7
2025-03-21 00:00:00,5.6265,5.6862,5.5442,5.5589,2086780.0
2025-03-21 04:00:00,5.5589,5.6256,5.4654,5.4864,2194704.3
2025-03-21 08:00:00,5.4858,5.5134,5.4004,5.4885,2129906.2
2025-03-21 12:00:00,5.4887,5.5555,5.444,5.4921,2498416.8
2025-03-21 16:00:00,5.4913,5.6364,5.4636,5.6327,1947255.6
2025-03-21 20:00:00,5.6325,5.7415,5.6042,5.6142,2167153.7
2025-03-22 00:00:00,5.614,5.6724,5.585,5.6578,1223165.4
2025-03-22 04:00:00,5.6578,5.7234,5.6508,5.6831,1301356.1
2025-03-22 08:00:00,5.6832,5.7999,5.6787,5.7648,1892116.1
2025-03-22 12:00:00,5.7647,5.8141,5.7054,5.7692,2248540.0
2025-03-22 16:00:00,5.7692,5.8139,5.7396,5.7482,1417528.9
2025-03-22 20:00:00,5.7482,5.7539,5.6578,5.6738,1812682.8
2025-03-23 00:00:00,5.6735,5.6735,5.6202,5.6444,1481610.4
2025-03-23 04:00:00,5.6444,5.6571,5.5836,5.6414,1753135.2
2025-03-23 08:00:00,5.6415,5.6615,5.6042,5.6173,1628915.4
2025-03-23 12:00:00,5.6174,5.6659,5.6049,5.6519,1373454.6
2025-03-23 16:00:00,5.652,5.6971,5.6112,5.6765,1229015.3
2025-03-23 20:00:00,5.6765,5.7171,5.6285,5.7099,1243797.4
2025-03-24 00:00:00,5.71,5.7928,5.6082,5.7133,3043367.3
2025-03-24 04:00:00,5.7134,5.931,5.7127,5.784,3917459.1
2025-03-24 08:00:00,5.7838,5.8683,5.7778,5.8333,1748937.7
2025-03-24 12:00:00,5.8333,5.9185,5.7912,5.854,1952636.3
2025-03-24 16:00:00,5.8541,5.9276,5.797,5.9153,1524753.9
2025-03-24 20:00:00,5.9153,6.0515,5.9046,6.0294,2305804.2
2025-03-25 00:00:00,6.0293,6.1,5.8994,5.9257,1991874.6
2025-03-25 04:00:00,5.9257,5.9949,5.9152,5.9669,1312672.5
2025-03-25 08:00:00,5.9669,5.9881,5.9178,5.961,1809506.0
2025-03-25 12:00:00,5.961,5.9941,5.8147,5.847,2768154.5
2025-03-25 16:00:00,5.8471,5.9077,5.8266,5.8781,1833455.5
2025-03-25 20:00:00,5.8782,5.948,5.8608,5.9119,1115795.0
2025-03-26 00:00:00,5.9125,5.9487,5.85,5.864,1254871.5
2025-03-26 04:00:00,5.864,5.9848,5.8572,5.9795,1124168.9
2025-03-26 08:00:00,5.9795,6.0523,5.95,6.0311,1754129.2
2025-03-26 12:00:00,6.0311,6.0358,5.8198,5.8934,2620535.5
2025-03-26 16:00:00,5.8934,5.9153,5.7801,5.8705,1663772.3
2025-03-26 20:00:00,5.8693,5.9469,5.8257,5.9423,1388067.8
2025-03-27 00:00:00,5.9431,6.0396,5.9101,6.0296,1621042.4
2025-03-27 04:00:00,6.0297,6.0786,5.9774,5.9935,1733835.5
2025-03-27 08:00:00,5.9935,6.0396,5.8566,5.8727,1564374.9
2025-03-27 12:00:00,5.8731,5.9792,5.8214,5.9419,2193886.3
2025-03-27 16:00:00,5.9418,5.9693,5.8979,5.9077,949207.2
2025-03-27 20:00:00,5.9082,6.0264,5.8983,5.9597,2346939.7
2025-03-28 00:00:00,5.9592,5.9609,5.8429,5.8681,1249164.4
2025-03-28 04:00:00,5.8682,5.878,5.5422,5.5795,4022144.4
2025-03-28 08:00:00,5.5803,5.6444,5.4584,5.5047,2868759.7
2025-03-28 12:00:00,5.5043,5.5613,5.409,5.5336,2706507.0
2025-03-28 16:00:00,5.5339,5.5746,5.501,5.5067,1651081.1
2025-03-28 20:00:00,5.5067,5.5809,5.4776,5.5445,1242632.6
2025-03-29 00:00:00,5.5446,5.5922,5.45,5.5456,1482113.6
2025-03-29 04:00:00,5.5456,5.5479,5.4219,5.4562,1288242.8
2025-03-29 08:00:00,5.4565,5.5044,5.3,5.3369,3478772.0
2025-03-29 12:00:00,5.3369,5.3894,5.2913,5.3019,1653439.9
2025-03-29 16:00:00,5.302,5.3126,5.1556,5.2152,3150265.2
2025-03-29 20:00:00,5.2153,5.2304,5.1459,5.2254,1336122.3
2025-03-30 00:00:00,5.2253,5.3142,5.1618,5.2714,1678678.2
2025-03-30 04:00:00,5.2714,5.317,5.2566,5.2925,1133541.1
2025-03-30 08:00:00,5.2925,5.3514,5.28,5.3132,1459073.5
2025-03-30 12:00:00,5.3134,5.3239,5.2245,5.2913,1486200.8
2025-03-30 16:00:00,5.2907,5.4052,5.2498,5.3522,2063140.2
2025-03-30 20:00:00,5.3522,5.3666,5.2198,5.2951,1608080.8
2025-03-31 00:00:00,5.2953,5.3499,5.2025,5.2287,1835169.2
2025-03-31 04:00:00,5.2287,5.2815,5.0915,5.1334,2178611.6
2025-03-31 08:00:00,5.1333,5.2202,5.0665,5.1931,2009800.5
2025-03-31 12:00:00,5.193,5.4251,5.1635,5.3401,3799524.5
2025-03-31 16:00:00,5.3401,5.3665,5.2554,5.2591,1822579.8
2025-03-31 20:00:00,5.2591,5.2922,5.2243,5.2612,939983.2
2025-04-01 00:00:00,5.2619,5.3411,5.2464,5.2956,1254283.5
2025-04-01 04:00:00,5.2957,5.3301,5.2694,5.292,1154030.8
2025-04-01 08:00:00,5.2915,5.4125,5.2821,5.3422,2486523.2
2025-04-01 12:00:00,5.3423,5.4555,5.266,5.4223,2408395.3
2025-04-01 16:00:00,5.4224,5.443,5.3372,5.3749,2122045.8
2025-04-01 20:00:00,5.3749,5.4443,5.3311,5.3991,959011.6
2025-04-02 00:00:00,5.399,5.3991,5.2012,5.2793,1760295.4
2025-04-02 04:00:00,5.2793,5.3035,5.1845,5.2646,3374725.6
2025-04-02 08:00:00,5.2646,5.3418,5.247,5.301,1307347.5
2025-04-02 12:00:00,5.3011,5.4474,5.2268,5.4139,2503428.6
2025-04-02 16:00:00,5.4144,5.4521,5.3323,5.4119,1913473.1
2025-04-02 20:00:00,5.4119,5.5094,5.0151,5.0951,5676748.2
2025-04-03 00:00:00,5.0951,5.2761,5.0776,5.259,1894913.6
2025-04-03 04:00:00,5.2594,5.3277,5.1738,5.2169,1644026.0
2025-04-03 08:00:00,5.2171,5.2814,5.1187,5.1386,2468166.4
2025-04-03 12:00:00,5.1385,5.1655,4.9561,5.0,4707818.8
2025-04-03 16:00:00,5.0,5.0583,4.9402,5.0038,2378853.2
2025-04-03 20:00:00,5.0042,5.0924,4.9801,5.0561,1735585.5
2025-04-04 00:00:00,5.0567,5.0718,4.9526,4.9841,1816300.3
2025-04-04 04:00:00,4.9841,5.0799,4.9213,5.0733,2156443.6
2025-04-04 08:00:00,5.0732,5.0974,4.7341,4.7802,5645077.1
2025-04-04 12:00:00,4.7799,4.9462,4.7351,4.8267,5658751.2
2025-04-04 16:00:00,4.8267,4.899,4.7574,4.8872,5349444.0
2025-04-04 20:00:00,4.887,4.9452,4.8709,4.9034,1679850.5
2025-04-05 00:00:00,4.9035,4.9418,4.8287,4.8318,1311432.6
2025-04-05 04:00:00,4.8318,4.9023,4.824,4.8903,1210791.0
2025-04-05 08:00:00,4.8903,4.9334,4.8789,4.8924,1198217.3
2025-04-05 12:00:00,4.8923,4.8986,4.7788,4.8009,1942949.4
2025-04-05 16:00:00,4.8006,4.8326,4.787,4.8123,1247001.8
2025-04-05 20:00:00,4.8123,4.8935,4.7971,4.8839,1509970.6
2025-04-06 00:00:00,4.8838,4.9139,4.8321,4.8588,1215360.3
2025-04-06 04:00:00,4.8589,4.8611,4.7133,4.7489,1910062.7
2025-04-06 08:00:00,4.7491,4.806,4.7265,4.7631,1607908.9
2025-04-06 12:00:00,4.763,4.7766,4.61,4.6421,4347041.6
2025-04-06 16:00:00,4.6415,4.6494,4.35,4.4007,7334334.6
2025-04-06 20:00:00,4.4004,4.4317,4.2378,4.3452,5090653.0
2025-04-07 00:00:00,4.3458,4.4343,4.1269,4.2231,4385519.7
2025-04-07 04:00:00,4.2237,4.2804,3.8858,4.0118,8008032.6
2025-04-07 08:00:00,4.0115,4.2845,3.9861,4.1919,5089521.9
2025-04-07 12:00:00,4.1918,4.5754,4.1259,4.3332,11531154.2
2025-04-07 16:00:00,4.3331,4.4831,4.3139,4.3958,4051716.2
2025-04-07 20:00:00,4.3967,4.4988,4.3962,4.4098,1816438.8
2025-04-08 00:00:00,4.4098,4.5681,4.3606,4.4814,2227674.4
2025-04-08 04:00:00,4.4814,4.5173,4.3707,4.4021,1800279.7
2025-04-08 08:00:00,4.4022,4.683,4.3854,4.675,3757016.5
2025-04-08 12:00:00,4.6757,4.7148,4.5545,4.5583,4485609.6
2025-04-08 16:00:00,4.5582,4.5638,4.314,4.3433,4763104.4
2025-04-08 20:00:00,4.3434,4.4071,4.3054,4.3543,2632209.5
2025-04-09 00:00:00,4.3544,4.4087,4.1743,4.3082,4448711.1
2025-04-09 04:00:00,4.3076,4.4241,4.2954,4.3857,4905505.3
2025-04-09 08:00:00,4.3858,4.4145,4.2322,4.2471,3531416.0
2025-04-09 12:00:00,4.2469,4.4014,4.2208,4.3581,3113079.5
2025-04-09 16:00:00,4.3582,4.7913,4.3477,4.7792,7189663.3
2025-04-09 20:00:00,4.7793,4.8274,4.7141,4.7299,2503772.3
2025-04-10 00:00:00,4.7304,4.7339,4.5836,4.6263,2026143.2
2025-04-10 04:00:00,4.6263,4.659,4.5672,4.5875,1476346.1
2025-04-10 08:00:00,4.5875,4.6164,4.5228,4.5575,2338874.1
2025-04-10 12:00:00,4.5575,4.6366,4.4346,4.4624,3451577.8
2025-04-10 16:00:00,4.4624,4.5929,4.4425,4.566,1977117.6
2025-04-10 20:00:00,4.5658,4.631,4.5649,4.61,1142738.6
2025-04-11 00:00:00,4.6099,4.7646,4.6084,4.7305,2461793.1
2025-04-11 04:00:00,4.7306,4.7515,4.704,4.7216,1141375.4
2025-04-11 08:00:00,4.7216,4.7878,4.6852,4.7447,2021206.4
2025-04-11 12:00:00,4.7447,4.8322,4.7147,4.8034,2312900.8
2025-04-11 16:00:00,4.8034,4.8657,4.7648,4.8156,2132642.7
2025-04-11 20:00:00,4.815,4.8348,4.7805,4.785,1046945.7
2025-04-12 00:00:00,4.7848,4.7936,4.7447,4.7898,1152341.5
2025-04-12 04:00:00,4.7897,4.8546,4.7606,4.8388,2094030.7
2025-04-12 08:00:00,4.8386,4.8877,4.8345,4.8558,1507113.9
2025-04-12 12:00:00,4.8557,4.9899,4.8254,4.9551,2294168.4
2025-04-12 16:00:00,4.9557,4.9809,4.9096,4.919,1573300.2
2025-04-12 20:00:00,4.919,4.9895,4.91,4.9615,1151553.4
2025-04-13 00:00:00,4.9619,5.0071,4.9133,4.9568,1602747.8
2025-04-13 04:00:00,4.9567,4.9653,4.8983,4.909,956112.3
2025-04-13 08:00:00,4.9091,5.2,4.886,5.0038,6586201.8
2025-04-13 12:00:00,5.0037,5.0409,4.9033,4.9344,2383431.6
2025-04-13 16:00:00,4.9344,5.0539,4.8163,4.882,3318340.6
2025-04-13 20:00:00,4.8822,4.9145,4.7279,4.8208,2340531.6
2025-04-14 00:00:00,4.8212,4.9894,4.8038,4.9065,2117960.0
2025-04-14 04:00:00,4.9066,4.9792,4.8054,4.8516,2740630.5
2025-04-14 08:00:00,4.8518,4.9974,4.8263,4.959,1799785.7
2025-04-14 12:00:00,4.9594,4.9974,4.803,4.8188,2339187.4
2025-04-14 16:00:00,4.8188,4.8924,4.7621,4.8704,1927493.9
2025-04-14 20:00:00,4.8712,4.8986,4.7796,4.8092,1330324.9
2025-04-15 00:00:00,4.8094,4.827,4.7289,4.8023,1651849.8
2025-04-15 04:00:00,4.8022,4.81,4.6352,4.7326,4273788.7
2025-04-15 08:00:00,4.7326,4.7717,4.6814,4.701,1743565.3
2025-04-15 12:00:00,4.7011,4.7762,4.616,4.6835,2467424.4
2025-04-15 16:00:00,4.6835,4.7062,4.6074,4.6627,1322738.6
2025-04-15 20:00:00,4.6631,4.6936,4.6081,4.6196,1115121.7
2025-04-16 00:00:00,4.6192,4.7004,4.5828,4.683,1271315.3
2025-04-16 04:00:00,4.683,4.7317,4.6416,4.7009,3801266.4
2025-04-16 08:00:00,4.7009,4.7045,4.5562,4.6243,2737358.1
2025-04-16 12:00:00,4.6243,4.718,4.5398,4.6437,2058873.2
2025-04-16 16:00:00,4.6439,4.7012,4.482,4.6612,3148652.5
2025-04-16 20:00:00,4.6611,4.6997,4.5952,4.6194,1214451.6
2025-04-17 00:00:00,4.6196,4.6693,4.6053,4.6312,1068057.8
2025-04-17 04:00:00,4.6312,4.7279,4.6176,4.6964,1086547.8
2025-04-17 08:00:00,4.6964,4.6977,4.6028,4.6038,1508820.7
2025-04-17 12:00:00,4.6036,4.6311,4.5119,4.58,5183715.9
2025-04-17 16:00:00,4.5801,4.6863,4.5593,4.6109,2262136.1
2025-04-17 20:00:00,4.611,4.6575,4.5767,4.5883,1006854.9
2025-04-18 00:00:00,4.5888,4.617,4.5451,4.5741,989192.9
2025-04-18 04:00:00,4.5742,4.6294,4.5624,4.6245,1040214.9
2025-04-18 08:00:00,4.6246,4.7091,4.6112,4.7067,2420206.0
2025-04-18 12:00:00,4.7067,4.8007,4.6657,4.7166,4459559.2
2025-04-18 16:00:00,4.7166,4.7655,4.7106,4.7425,1058372.1
2025-04-18 20:00:00,4.7424,4.7485,4.6663,4.6955,994776.0
2025-04-19 00:00:00,4.6954,4.7577,4.6812,4.7341,951921.1
2025-04-19 04:00:00,4.7341,4.7607,4.633,4.7537,3979199.5
2025-04-19 08:00:00,4.7537,4.8247,4.7529,4.8111,2031728.4
2025-04-19 12:00:00,4.8111,4.8563,4.791,4.8457,1492464.3
2025-04-19 16:00:00,4.8457,4.9376,4.8248,4.8976,1408464.0
2025-04-19 20:00:00,4.8979,4.957,4.8958,4.9144,1045345.8
2025-04-20 00:00:00,4.9143,4.9375,4.8914,4.914,911999.3
2025-04-20 04:00:00,4.9139,4.9473,4.8528,4.8933,1427412.3
2025-04-20 08:00:00,4.893,4.9444,4.8702,4.9277,1791837.1
2025-04-20 12:00:00,4.9272,5.0229,4.9046,4.9658,2690807.9
2025-04-20 16:00:00,4.965,5.0789,4.9566,5.0448,1948291.9
2025-04-20 20:00:00,5.0447,5.0787,5.0168,5.0672,955992.6
2025-04-21 00:00:00,5.0672,5.1779,5.0607,5.1245,2081392.8
2025-04-21 04:00:00,5.1244,5.1928,5.0951,5.1853,1811615.6
2025-04-21 08:00:00,5.1854,5.2412,5.1266,5.156,1769783.7
2025-04-21 12:00:00,5.156,5.2026,4.9838,5.0592,4064869.1
2025-04-21 16:00:00,5.059,5.0815,4.9519,5.01,2308272.8
2025-04-21 20:00:00,5.0102,5.0171,4.9012,4.9143,1542493.7
2025-04-22 00:00:00,4.9143,4.9622,4.8406,4.8667,2681586.5
2025-04-22 04:00:00,4.8668,4.8853,4.7603,4.8662,3092788.5
2025-04-22 08:00:00,4.8663,4.9591,4.8256,4.9384,3060740.0
2025-04-22 12:00:00,4.9388,5.1907,4.93,5.1105,6376480.1
2025-04-22 16:00:00,5.1097,5.1355,5.0614,5.1228,2081046.9
2025-04-22 20:00:00,5.1234,5.3,5.0941,5.264,2480537.1
2025-04-23 00:00:00,5.2639,5.3412,5.2188,5.2825,2265161.3
2025-04-23 04:00:00,5.2826,5.3537,5.2433,5.3194,2433869.6
2025-04-23 08:00:00,5.3193,5.3896,5.3006,5.3558,1965225.1
2025-04-23 12:00:00,5.3558,5.3963,5.207,5.324,4119182.6
2025-04-23 16:00:00,5.324,5.3856,5.2766,5.3304,2418510.5
2025-04-23 20:00:00,5.3303,5.3999,5.3156,5.3511,1249518.8
2025-04-24 00:00:00,5.3507,5.4895,5.2632,5.2721,5283978.0
2025-04-24 04:00:00,5.2717,5.3334,5.2256,5.2526,1837529.6
2025-04-24 08:00:00,5.2527,5.2934,5.1652,5.2858,2118908.2
2025-04-24 12:00:00,5.2858,5.6082,5.2586,5.4956,3951249.4
2025-04-24 16:00:00,5.4971,5.5464,5.3818,5.4579,2587691.9
2025-04-24 20:00:00,5.4579,5.5139,5.4163,5.4954,979754.5
2025-04-25 00:00:00,5.4958,5.5592,5.3338,5.4565,4005685.1
2025-04-25 04:00:00,5.4564,5.6385,5.4172,5.5709,2273165.0
2025-04-25 08:00:00,5.5705,5.6142,5.5211,5.5782,2371556.9
2025-04-25 12:00:00,5.578,5.6093,5.4738,5.5085,3886222.5
2025-04-25 16:00:00,5.5086,5.5753,5.462,5.5224,1814175.0
2025-04-25 20:00:00,5.522,5.578,5.5021,5.543,994421.1
2025-04-26 00:00:00,5.5434,5.6438,5.5419,5.5624,1718140.5
2025-04-26 04:00:00,5.5624,5.6545,5.5067,5.5737,1724968.6
2025-04-26 08:00:00,5.5738,5.6847,5.4893,5.5661,5252802.5
2025-04-26 12:00:00,5.567,5.6142,5.495,5.5926,2000036.8
2025-04-26 16:00:00,5.5926,5.6411,5.5366,5.6142,1411308.2
2025-04-26 20:00:00,5.6142,5.6474,5.5829,5.6183,826901.3
2025-04-27 00:00:00,5.6185,5.66,5.472,5.5369,2002202.1
2025-04-27 04:00:00,5.5369,5.5519,5.4291,5.51,1404343.3
2025-04-27 08:00:00,5.5099,5.5665,5.4922,5.5546,1469245.0
2025-04-27 12:00:00,5.5546,5.5613,5.366,5.3946,3395716.1
2025-04-27 16:00:00,5.3946,5.449,5.3103,5.4483,3005175.0
2025-04-27 20:00:00,5.4484,5.4649,5.3561,5.3679,1074170.3
2025-04-28 00:00:00,5.3676,5.4623,5.2378,5.4413,2250669.1
2025-04-28 04:00:00,5.4412,5.6199,5.436,5.58,2094883.2
2025-04-28 08:00:00,5.58,5.6608,5.5209,5.6084,2791343.6
2025-04-28 12:00:00,5.6088,5.6443,5.44,5.4891,2989528.5
2025-04-28 16:00:00,5.4894,5.6012,5.3959,5.5889,2509930.6
2025-04-28 20:00:00,5.5887,5.5905,5.5143,5.5254,1012836.4
2025-04-29 00:00:00,5.5252,5.674,5.5135,5.5704,2772257.9
2025-04-29 04:00:00,5.5704,5.6157,5.4705,5.593,1382316.9
2025-04-29 08:00:00,5.593,5.6774,5.5259,5.5681,1814084.3
2025-04-29 12:00:00,5.5681,5.612,5.5044,5.545,1704198.8
2025-04-29 16:00:00,5.545,5.6248,5.5186,5.54,1110418.6
2025-04-29 20:00:00,5.5401,5.55,5.377,5.425,1830859.1
2025-04-30 00:00:00,5.4262,5.457,5.34,5.4141,1426673.2
2025-04-30 04:00:00,5.4139,5.4327,5.3507,5.3751,1079181.3
2025-04-30 08:00:00,5.375,5.4427,5.3515,5.4275,931149.2
2025-04-30 12:00:00,5.4273,5.4324,5.1521,5.2703,3552562.8
2025-04-30 16:00:00,5.2703,5.3908,5.2329,5.3609,1396213.4
2025-04-30 20:00:00,5.3618,5.4111,5.3227,5.3436,1034778.0
2025-05-01 00:00:00,5.3436,5.4461,5.3428,5.382,1370731.1
2025-05-01 04:00:00,5.3821,5.4267,5.345,5.3798,988288.9
2025-05-01 08:00:00,5.3797,5.554,5.3769,5.5525,2295182.6
2025-05-01 12:00:00,5.5526,5.5698,5.4684,5.4959,2011615.2
2025-05-01 16:00:00,5.4959,5.5875,5.491,5.5416,1773664.1
2025-05-01 20:00:00,5.541,5.5523,5.484,5.5026,802749.6
2025-05-02 00:00:00,5.5025,5.58,5.4892,5.5217,1157474.3
2025-05-02 04:00:00,5.5218,5.5352,5.4401,5.4428,1531026.5
2025-05-02 08:00:00,5.443,5.546,5.4181,5.4181,1643917.0
2025-05-02 12:00:00,5.4181,5.4971,5.3937,5.4535,1857307.6
2025-05-02 16:00:00,5.4535,5.5228,5.3765,5.402,1315193.5
2025-05-02 20:00:00,5.402,5.4457,5.379,5.4418,883774.8
2025-05-03 00:00:00,5.4419,5.4573,5.3801,5.4109,884817.9
2025-05-03 04:00:00,5.4108,5.4154,5.3384,5.3635,841815.8
2025-05-03 08:00:00,5.3634,5.3745,5.2132,5.2183,1886625.7
2025-05-03 12:00:00,5.2184,5.2575,5.2042,5.2196,1354672.6
2025-05-03 16:00:00,5.2196,5.2534,5.1334,5.2418,2800950.0
2025-05-03 20:00:00,5.2418,5.2495,5.1783,5.18,983185.6
2025-05-04 00:00:00,5.18,5.2119,5.1238,5.1519,1366446.9
2025-05-04 04:00:00,5.1521,5.1964,5.1304,5.149,1090943.1
2025-05-04 08:00:00,5.149,5.1819,5.097,5.1575,1564218.1
2025-05-04 12:00:00,5.1574,5.175,5.0832,5.1105,1259461.0
2025-05-04 16:00:00,5.1097,5.1299,5.0702,5.1223,1556386.0
2025-05-04 20:00:00,5.1224,5.1621,5.0688,5.0979,1200034.3
2025-05-05 00:00:00,5.0982,5.1773,5.0424,5.1549,1370315.3
2025-05-05 04:00:00,5.1549,5.2054,5.1318,5.1551,1125850.5
2025-05-05 08:00:00,5.1552,5.1745,5.0562,5.0768,1575224.0
2025-05-05 12:00:00,5.0766,5.1038,5.0101,5.042,1646294.3
2025-05-05 16:00:00,5.0418,5.1071,5.0336,5.0394,1320245.4
2025-05-05 20:00:00,5.039,5.0554,4.9642,4.9686,1619491.7
2025-05-06 00:00:00,4.9687,4.9706,4.8355,4.9323,2472199.1
2025-05-06 04:00:00,4.9325,4.9327,4.8686,4.8804,1251669.0
2025-05-06 08:00:00,4.8803,4.8869,4.7025,4.7374,3175218.7
2025-05-06 12:00:00,4.7374,4.7945,4.6686,4.6885,2924597.5
2025-05-06 16:00:00,4.6886,4.7726,4.656,4.6981,1978189.6
2025-05-06 20:00:00,4.6982,4.7774,4.5837,4.7578,2821214.9
2025-05-07 00:00:00,4.7581,4.812,4.7096,4.761,2005880.0
2025-05-07 04:00:00,4.761,4.8005,4.7034,4.7656,1746728.7
2025-05-07 08:00:00,4.7655,4.822,4.7385,4.7663,1951056.0
2025-05-07 12:00:00,4.7658,4.79,4.6922,4.7114,2476325.2
2025-05-07 16:00:00,4.7114,4.7797,4.641,4.7283,2401012.4
2025-05-07 20:00:00,4.7284,4.8122,4.705,4.7909,1107283.8
2025-05-08 00:00:00,4.7908,4.9786,4.7829,4.9748,2302932.6
2025-05-08 04:00:00,4.9747,5.0655,4.9747,5.0351,2967694.1
2025-05-08 08:00:00,5.0351,5.1286,5.033,5.0792,2149913.2
2025-05-08 12:00:00,5.0791,5.2488,5.0572,5.179,2770621.6
2025-05-08 16:00:00,5.1788,5.32,5.1633,5.3127,2812190.7
2025-05-08 20:00:00,5.3132,5.4997,5.2766,5.486,3144419.9
2025-05-09 00:00:00,5.4858,5.6343,5.4768,5.5521,2902479.5
2025-05-09 04:00:00,5.552,5.7332,5.5065,5.6867,3332406.1
2025-05-09 08:00:00,5.6867,5.8588,5.5938,5.6924,5977290.9
2025-05-09 12:00:00,5.692,5.7199,5.5045,5.5452,4010268.6
2025-05-09 16:00:00,5.5458,5.5795,5.4453,5.5024,3230696.5
2025-05-09 20:00:00,5.5024,5.5885,5.4614,5.5831,2301165.2
2025-05-10 00:00:00,5.583,5.7,5.4992,5.6516,3126748.6
2025-05-10 04:00:00,5.6517,5.7993,5.5804,5.7797,3002524.2
2025-05-10 08:00:00,5.7801,5.8543,5.6394,5.6705,3935000.1
2025-05-10 12:00:00,5.671,5.8115,5.6697,5.7145,2774327.0
2025-05-10 16:00:00,5.715,5.881,5.7052,5.778,3015743.1
2025-05-10 20:00:00,5.778,6.0822,5.7349,6.0741,3291451.6
2025-05-11 00:00:00,6.0741,6.2805,5.9061,6.1728,6028298.0
2025-05-11 04:00:00,6.1728,6.2277,5.807,5.8493,4793133.3
2025-05-11 08:00:00,5.849,6.031,5.8353,6.0132,3446990.8
2025-05-11 12:00:00,6.0131,6.0231,5.7884,5.8449,3269320.3
2025-05-11 16:00:00,5.8448,5.9312,5.7753,5.8702,2901147.1
2025-05-11 20:00:00,5.8704,5.9629,5.8381,5.8875,1892635.3
2025-05-12 00:00:00,5.8875,5.9906,5.8035,5.9658,2715085.2
2025-05-12 04:00:00,5.9657,6.1625,5.9027,6.034,4846796.2
2025-05-12 08:00:00,6.0345,6.085,5.9417,5.9813,3830016.4
2025-05-12 12:00:00,5.9807,6.1168,5.8027,5.8572,6925615.0
2025-05-12 16:00:00,5.8575,5.9904,5.6005,5.8183,5885901.7
2025-05-12 20:00:00,5.8187,5.8996,5.7679,5.8462,2184679.9
2025-05-13 00:00:00,5.8457,5.853,5.5083,5.5231,4351476.5
2025-05-13 04:00:00,5.523,5.691,5.503,5.6689,2425130.6
2025-05-13 08:00:00,5.669,5.7992,5.6361,5.7538,2263957.2
2025-05-13 12:00:00,5.7539,5.8416,5.696,5.8379,3308547.2
2025-05-13 16:00:00,5.8379,6.2544,5.8294,6.1819,6991763.1
2025-05-13 20:00:00,6.1816,6.2349,6.1205,6.1382,3235283.6
2025-05-14 00:00:00,6.1381,6.1899,5.9888,6.0224,3071200.1
2025-05-14 04:00:00,6.0228,6.1311,5.9823,6.0139,2677638.1
2025-05-14 08:00:00,6.0138,6.0357,5.8881,5.9572,3288610.5
2025-05-14 12:00:00,5.9573,5.9698,5.7706,5.8073,4414673.5
2025-05-14 16:00:00,5.8074,5.8383,5.7226,5.7895,2102575.9
2025-05-14 20:00:00,5.7898,5.8042,5.6815,5.7354,1732673.3
2025-05-15 00:00:00,5.7354,5.8237,5.6894,5.7324,2101875.3
2025-05-15 04:00:00,5.7323,5.7951,5.4756,5.482,4115168.2
2025-05-15 08:00:00,5.4816,5.6068,5.4311,5.5095,3347258.8
2025-05-15 12:00:00,5.5086,5.5642,5.3506,5.5527,5259948.7
2025-05-15 16:00:00,5.5526,5.649,5.3198,5.3683,6428325.0
2025-05-15 20:00:00,5.3684,5.3988,5.1902,5.311,4230369.3
2025-05-16 00:00:00,5.3112,5.4234,5.2718,5.4091,2867467.4
2025-05-16 04:00:00,5.4091,5.4271,5.3348,5.388,1785677.0
2025-05-16 08:00:00,5.3881,5.4459,5.2787,5.4024,2547883.1
2025-05-16 12:00:00,5.4024,5.4243,5.3251,5.3761,2897969.9
2025-05-16 16:00:00,5.3764,5.4041,5.2922,5.3518,1936125.2
2025-05-16 20:00:00,5.3517,5.3579,5.21,5.2525,2645789.4
2025-05-17 00:00:00,5.2526,5.276,5.0427,5.1713,4583121.8
2025-05-17 04:00:00,5.1712,5.208,5.0856,5.1198,2011006.4
2025-05-17 08:00:00,5.1198,5.1609,5.039,5.1147,2795292.4
2025-05-17 12:00:00,5.1145,5.1621,5.0383,5.1188,2019955.8
2025-05-17 16:00:00,5.1188,5.1329,5.0297,5.0606,2365244.0
2025-05-17 20:00:00,5.0604,5.141,5.015,5.0763,2141958.4
2025-05-18 00:00:00,5.076,5.0935,5.028,5.0597,1586072.4
2025-05-18 04:00:00,5.0598,5.2072,5.058,5.2008,1973919.1
2025-05-18 08:00:00,5.2008,5.2587,5.1658,5.168,1891252.7
2025-05-18 12:00:00,5.1681,5.3219,5.1331,5.3019,3646436.0
2025-05-18 16:00:00,5.302,5.3132,5.004,5.0117,5213418.9
2025-05-18 20:00:00,5.0118,5.2099,4.857,5.1864,4697112.5
2025-05-19 00:00:00,5.1864,5.2249,4.9351,4.9396,2885799.3
2025-05-19 04:00:00,4.9396,4.9723,4.8253,4.9471,4333051.2
2025-05-19 08:00:00,4.9471,5.0156,4.9173,4.9762,3486840.1
2025-05-19 12:00:00,4.9763,5.1214,4.9419,5.0986,3311576.3
2025-05-19 16:00:00,5.0987,5.1965,5.0746,5.1676,2694439.6
2025-05-19 20:00:00,5.1674,5.2152,5.1136,5.2136,1594126.5
2025-05-20 00:00:00,5.2137,5.2985,5.1822,5.2524,2709572.3
2025-05-20 04:00:00,5.2525,5.2557,5.1428,5.1479,2510197.2
2025-05-20 08:00:00,5.1478,5.1608,5.0596,5.0895,2591650.6
2025-05-20 12:00:00,5.0895,5.0964,5.0343,5.0883,2316766.1
2025-05-20 16:00:00,5.0884,5.1263,4.9874,5.1086,2649159.2
2025-05-20 20:00:00,5.1091,5.1791,5.0906,5.1472,2385480.0
2025-05-21 00:00:00,5.1475,5.1906,5.0724,5.1726,1718094.4
2025-05-21 04:00:00,5.1726,5.2518,5.1286,5.1355,3421123.8
2025-05-21 08:00:00,5.1356,5.2043,5.1025,5.1904,2030874.3
2025-05-21 12:00:00,5.1902,5.2695,5.1434,5.2594,3143272.4
2025-05-21 16:00:00,5.2595,5.3927,5.107,5.2081,7491096.7
2025-05-21 20:00:00,5.2076,5.3359,5.166,5.2712,2372841.6
2025-05-22 00:00:00,5.2715,5.38,5.2627,5.3647,2438486.0
2025-05-22 04:00:00,5.3648,5.4054,5.3218,5.3921,2612430.4
2025-05-22 08:00:00,5.3922,5.4961,5.3848,5.4452,3404360.4
2025-05-22 12:00:00,5.4454,5.7257,5.3602,5.661,6818886.1
2025-05-22 16:00:00,5.6609,5.7359,5.6394,5.7077,2489419.7
2025-05-22 20:00:00,5.708,5.7776,5.6525,5.714,2348846.4
2025-05-23 00:00:00,5.7141,5.9917,5.7133,5.987,4161986.8
2025-05-23 04:00:00,5.987,5.9927,5.7525,5.7688,4159664.1
2025-05-23 08:00:00,5.7688,5.9081,5.587,5.6259,6083190.7
2025-05-23 12:00:00,5.6263,5.7418,5.4456,5.5728,8198882.0
2025-05-23 16:00:00,5.5725,5.6308,5.4981,5.5327,2861677.8
2025-05-23 20:00:00,5.532,5.5353,5.3118,5.3378,2797293.8
2025-05-24 00:00:00,5.3377,5.3959,5.3058,5.3671,2043755.5
2025-05-24 04:00:00,5.3671,5.445,5.3521,5.4024,2097181.9
2025-05-24 08:00:00,5.4025,5.4428,5.3378,5.4113,2512582.8
2025-05-24 12:00:00,5.4113,5.4419,5.3448,5.394,2055347.1
2025-05-24 16:00:00,5.394,5.4131,5.3484,5.3879,1283201.4
2025-05-24 20:00:00,5.388,5.4111,5.281,5.3104,1602323.9
2025-05-25 00:00:00,5.3104,5.342,5.175,5.2442,2410641.6
2025-05-25 04:00:00,5.2442,5.2529,5.155,5.178,1768400.5
2025-05-25 08:00:00,5.1781,5.1781,5.1009,5.1283,2393034.6
2025-05-25 12:00:00,5.1284,5.1458,5.0027,5.0538,3831073.7
2025-05-25 16:00:00,5.0538,5.1582,5.0081,5.1372,2204014.9
2025-05-25 20:00:00,5.1375,5.2785,5.1016,5.2636,2457265.0
2025-05-26 00:00:00,5.2633,5.377,5.2444,5.3387,2177275.0
2025-05-26 04:00:00,5.3388,5.4803,5.3323,5.4344,2590816.8
2025-05-26 08:00:00,5.4345,5.4575,5.345,5.3832,2368897.3
2025-05-26 12:00:00,5.3825,5.4357,5.3153,5.3803,2758158.6
2025-05-26 16:00:00,5.3804,5.4014,5.2325,5.2856,2228202.4
2025-05-26 20:00:00,5.2856,5.3525,5.2505,5.2913,1287904.4
2025-05-27 00:00:00,5.2916,5.3307,5.1809,5.2695,1847429.0
2025-05-27 04:00:00,5.2694,5.4208,5.2353,5.3986,2642582.8
2025-05-27 08:00:00,5.3993,5.4792,5.3992,5.4379,2682846.7
2025-05-27 12:00:00,5.4379,5.5197,5.3375,5.4203,3484337.1
2025-05-27 16:00:00,5.4203,5.4685,5.3898,5.4191,2075753.6
2025-05-27 20:00:00,5.4192,5.4498,5.3521,5.3667,1637208.8
2025-05-28 00:00:00,5.3667,5.4313,5.3318,5.3955,1675204.2
2025-05-28 04:00:00,5.3954,5.4077,5.312,5.348,1754863.6
2025-05-28 08:00:00,5.3481,5.4159,5.2616,5.4134,2507361.7
2025-05-28 12:00:00,5.4136,5.4787,5.226,5.2462,3678216.4
2025-05-28 16:00:00,5.2462,5.3611,5.2345,5.2413,3073192.7
2025-05-28 20:00:00,5.2413,5.4162,5.2306,5.391,2170252.9
2025-05-29 00:00:00,5.391,5.578,5.3603,5.4936,3339838.6
2025-05-29 04:00:00,5.4936,5.5092,5.3537,5.3721,2458574.7
2025-05-29 08:00:00,5.3722,5.4217,5.3326,5.4181,1785629.9
2025-05-29 12:00:00,5.4181,5.423,5.2466,5.2983,2894458.1
2025-05-29 16:00:00,5.2984,5.3287,5.1591,5.1835,3104820.4
2025-05-29 20:00:00,5.1835,5.2588,5.12,5.1574,1947215.1
2025-05-30 00:00:00,5.1573,5.1833,4.8212,4.9737,6373935.0
2025-05-30 04:00:00,4.9738,5.0155,4.8576,4.9519,5605606.3
2025-05-30 08:00:00,4.9519,5.1095,4.9203,5.0782,5308061.6
2025-05-30 12:00:00,5.0781,5.1662,4.9738,4.9763,4224274.7
2025-05-30 16:00:00,4.9764,5.0093,4.8522,4.9696,4477740.0
2025-05-30 20:00:00,4.9693,4.9909,4.6572,4.7366,4675936.8
2025-05-31 00:00:00,4.7368,4.7414,4.5171,4.6271,5865568.1
2025-05-31 04:00:00,4.6272,4.7074,4.5808,4.6428,2545283.5
2025-05-31 08:00:00,4.6426,4.6838,4.5846,4.6041,2454657.6
2025-05-31 12:00:00,4.6041,4.7557,4.5894,4.6917,3606731.1
2025-05-31 16:00:00,4.6917,4.7775,4.6741,4.7689,1871495.1
2025-05-31 20:00:00,4.769,4.8171,4.7212,4.7253,1630423.4
2025-06-01 00:00:00,4.7257,4.7675,4.6858,4.7205,1858925.5
2025-06-01 04:00:00,4.7205,4.7742,4.7075,4.741,1076829.0
2025-06-01 08:00:00,4.7406,4.7443,4.6224,4.6884,1874263.2
2025-06-01 12:00:00,4.6884,4.7716,4.6416,4.7684,1941622.1
2025-06-01 16:00:00,4.7684,4.8222,4.6868,4.7662,2101799.1
2025-06-01 20:00:00,4.7662,4.8266,4.7422,4.8079,1406700.1
2025-06-02 00:00:00,4.8079,4.8241,4.7024,4.7194,1588776.6
2025-06-02 04:00:00,4.7193,4.7928,4.6859,4.7614,1549580.6
2025-06-02 08:00:00,4.7614,4.7895,4.6552,4.688,2068106.8
2025-06-02 12:00:00,4.688,4.7657,4.6754,4.7501,2195480.8
2025-06-02 16:00:00,4.7502,4.816,4.7121,4.7344,2095756.1
2025-06-02 20:00:00,4.7344,4.9093,4.7334,4.8866,2265882.2
2025-06-03 00:00:00,4.8865,4.973,4.8761,4.8828,2087461.6
2025-06-03 04:00:00,4.8828,4.9582,4.8557,4.9086,1854401.3
2025-06-03 08:00:00,4.9086,4.9476,4.8756,4.9291,1339987.4
2025-06-03 12:00:00,4.9291,5.0268,4.9144,4.992,2847032.0
2025-06-03 16:00:00,4.9921,5.0414,4.9739,5.0198,1510931.6
2025-06-03 20:00:00,5.0198,5.0213,4.9047,4.9371,1947131.2
2025-06-04 00:00:00,4.9371,5.013,4.909,4.9899,1412053.8
2025-06-04 04:00:00,4.9899,5.0004,4.9242,4.944,1369968.3
2025-06-04 08:00:00,4.9441,4.9942,4.9076,4.9135,1571642.5
2025-06-04 12:00:00,4.9136,4.9332,4.8241,4.9278,2869985.9
2025-06-04 16:00:00,4.9278,4.9426,4.8375,4.8388,2007653.9
2025-06-04 20:00:00,4.8389,4.8447,4.75,4.7916,3146706.7
2025-06-05 00:00:00,4.7916,4.8366,4.7636,4.8109,1594842.3
2025-06-05 04:00:00,4.811,4.8326,4.7445,4.7776,2050095.7
2025-06-05 08:00:00,4.7779,4.8261,4.7416,4.7845,2000238.4
2025-06-05 12:00:00,4.7845,4.8662,4.7213,4.8049,4077788.8
2025-06-05 16:00:00,4.8049,4.8096,4.5686,4.6191,4754465.3
2025-06-05 20:00:00,4.6191,4.6322,4.44,4.4822,5576326.0
2025-06-06 00:00:00,4.4822,4.5789,4.455,4.5747,1956119.5
2025-06-06 04:00:00,4.5746,4.6219,4.5563,4.595,1588251.4
2025-06-06 08:00:00,4.5951,4.6346,4.5738,4.5975,1523788.8
2025-06-06 12:00:00,4.5974,4.7232,4.5974,4.6764,2688498.5
2025-06-06 16:00:00,4.6763,4.6871,4.5852,4.5983,1733995.4
2025-06-06 20:00:00,4.5987,4.6438,4.5898,4.6112,1011289.4
2025-06-07 00:00:00,4.6113,4.7376,4.6013,4.7267,1434188.1
2025-06-07 04:00:00,4.7267,4.7696,4.7073,4.7567,1046770.1
2025-06-07 08:00:00,4.7567,4.7652,4.71,4.7163,1361366.8
2025-06-07 12:00:00,4.7163,4.7563,4.7123,4.733,1277066.0
2025-06-07 16:00:00,4.7329,4.7649,4.6776,4.7221,2203659.8
2025-06-07 20:00:00,4.7221,4.7709,4.7221,4.7503,1239283.7
2025-06-08 00:00:00,4.7503,4.755,4.7117,4.7144,814549.2
2025-06-08 04:00:00,4.7138,4.7253,4.6786,4.6853,944320.6
2025-06-08 08:00:00,4.6856,4.7491,4.5864,4.7112,4369832.5
2025-06-08 12:00:00,4.7113,4.7529,4.6775,4.734,1609322.4
2025-06-08 16:00:00,4.7339,4.7824,4.721,4.7441,1181445.1
2025-06-08 20:00:00,4.7441,4.7648,4.695,4.7093,1041195.7
2025-06-09 00:00:00,4.7093,4.726,4.6651,4.6902,997723.9
2025-06-09 04:00:00,4.6901,4.7064,4.6369,4.6663,1098386.7
2025-06-09 08:00:00,4.6662,4.7833,4.6446,4.7648,1927368.9
2025-06-09 12:00:00,4.7646,4.7859,4.7143,4.7663,1742206.8
2025-06-09 16:00:00,4.7663,4.8505,4.7658,4.8418,2165387.9
2025-06-09 20:00:00,4.8418,4.9621,4.828,4.9525,2396634.4
2025-06-10 00:00:00,4.9525,4.989,4.9348,4.9382,1569380.5
2025-06-10 04:00:00,4.9383,4.9468,4.8737,4.9044,1563131.3
2025-06-10 08:00:00,4.9045,5.0786,4.885,5.07,2574637.0
2025-06-10 12:00:00,5.0698,5.1378,4.9558,5.0399,3934380.5
2025-06-10 16:00:00,5.0399,5.1016,5.0004,5.0593,1711517.1
2025-06-10 20:00:00,5.0592,5.1415,5.0256,5.1402,1603327.6
2025-06-11 00:00:00,5.1403,5.1553,5.0475,5.103,1333176.9
2025-06-11 04:00:00,5.1031,5.1406,5.059,5.1165,1294145.5
2025-06-11 08:00:00,5.1166,5.204,5.006,5.0241,5231638.3
2025-06-11 12:00:00,5.0242,5.2495,5.0051,5.2208,5869625.8
2025-06-11 16:00:00,5.2209,5.2287,5.0722,5.0819,2385644.1
2025-06-11 20:00:00,5.0814,5.1218,4.9411,5.0179,2827956.7
2025-06-12 00:00:00,5.018,5.0704,4.9652,4.9674,1742353.8
2025-06-12 04:00:00,4.9677,4.9812,4.8914,4.903,1767003.4
2025-06-12 08:00:00,4.9029,4.9387,4.837,4.8573,2538405.7
2025-06-12 12:00:00,4.8573,4.942,4.8268,4.8393,2588884.3
2025-06-12 16:00:00,4.8394,4.9229,4.7368,4.7579,2652231.7
2025-06-12 20:00:00,4.7574,4.7753,4.6734,4.6928,2661967.0
2025-06-13 00:00:00,4.6929,4.699,4.3403,4.4499,9163378.0
2025-06-13 04:00:00,4.4499,4.455,4.3815,4.4461,2767891.6
2025-06-13 08:00:00,4.4457,4.5566,4.3872,4.4398,6066200.2
2025-06-13 12:00:00,4.44,4.4572,4.3521,4.4319,3299793.2
2025-06-13 16:00:00,4.4318,4.4826,4.3879,4.4231,2741442.6
2025-06-13 20:00:00,4.4237,4.5042,4.4142,4.4941,2005211.0
2025-06-14 00:00:00,4.4942,4.519,4.4654,4.4998,1506625.0
2025-06-14 04:00:00,4.4997,4.5423,4.475,4.5096,1536838.4
2025-06-14 08:00:00,4.5095,4.5439,4.4884,4.5319,1132096.4
2025-06-14 12:00:00,4.532,4.5432,4.4553,4.4785,1547240.6
2025-06-14 16:00:00,4.4785,4.4916,4.3074,4.4141,5555578.2
2025-06-14 20:00:00,4.4144,4.4774,4.3841,4.457,1541857.8
2025-06-15 00:00:00,4.4572,4.5099,4.4523,4.5012,1085955.0
2025-06-15 04:00:00,4.5012,4.5417,4.4617,4.4803,1437900.4
2025-06-15 08:00:00,4.4804,4.5025,4.4282,4.4928,2211008.1
2025-06-15 12:00:00,4.4927,4.5525,4.4756,4.5246,1540106.4
2025-06-15 16:00:00,4.5242,4.533,4.4765,4.4921,1232323.3
2025-06-15 20:00:00,4.4922,4.5436,4.4345,4.5358,1516659.0
2025-06-16 00:00:00,4.5358,4.5922,4.4929,4.5587,1502778.5
2025-06-16 04:00:00,4.5587,4.6665,4.554,4.6591,1611779.9
2025-06-16 08:00:00,4.6593,4.6818,4.6216,4.669,1449458.7
2025-06-16 12:00:00,4.669,4.7177,4.6469,4.6957,1957696.5
2025-06-16 16:00:00,4.6958,4.8321,4.6922,4.8088,2928231.6
2025-06-16 20:00:00,4.809,4.9005,4.67,4.6815,3971550.2
2025-06-17 00:00:00,4.6816,4.7578,4.5822,4.7096,3611630.4
2025-06-17 04:00:00,4.7097,4.7106,4.6186,4.6319,1362991.1
2025-06-17 08:00:00,4.6316,4.6397,4.537,4.5602,1908394.8
2025-06-17 12:00:00,4.5602,4.5885,4.4433,4.4692,2763611.6
2025-06-17 16:00:00,4.4692,4.5429,4.3793,4.5094,3615023.6
2025-06-17 20:00:00,4.509,4.53,4.3953,4.4417,1846343.5
2025-06-18 00:00:00,4.4417,4.4895,4.424,4.4841,1454177.7
2025-06-18 04:00:00,4.4842,4.5348,4.449,4.4657,1289453.8
2025-06-18 08:00:00,4.4657,4.4823,4.3262,4.3824,3024369.7
2025-06-18 12:00:00,4.3825,4.3902,4.2655,4.3587,3357554.4
2025-06-18 16:00:00,4.3587,4.4062,4.3157,4.3521,2015550.7
2025-06-18 20:00:00,4.3521,4.4822,4.3408,4.4557,2094510.4
2025-06-19 00:00:00,4.4557,4.5057,4.4154,4.457,1508639.8
2025-06-19 04:00:00,4.4571,4.4873,4.4214,4.4304,1361557.8
2025-06-19 08:00:00,4.4305,4.4626,4.4113,4.4342,1223171.8
2025-06-19 12:00:00,4.4343,4.4578,4.3811,4.3854,1831791.8
2025-06-19 16:00:00,4.3854,4.4188,4.3074,4.3551,2788719.1
2025-06-19 20:00:00,4.3552,4.4158,4.3521,4.3852,1277722.6
2025-06-20 00:00:00,4.3853,4.4058,4.3456,4.3642,1004858.9
2025-06-20 04:00:00,4.3642,4.4411,4.3138,4.433,1216944.8
2025-06-20 08:00:00,4.433,4.4651,4.4104,4.443,1335257.8
2025-06-20 12:00:00,4.4429,4.4734,4.3313,4.3576,2861781.4
2025-06-20 16:00:00,4.3577,4.3627,4.168,4.3031,4389311.4
2025-06-20 20:00:00,4.303,4.3423,4.2218,4.2703,1831150.9
2025-06-21 00:00:00,4.2702,4.4407,4.2648,4.425,2139749.4
2025-06-21 04:00:00,4.4249,4.5876,4.4207,4.5358,7614781.9
2025-06-21 08:00:00,4.536,4.6882,4.5259,4.5396,7398502.1
2025-06-21 12:00:00,4.5395,4.5697,4.3418,4.384,6653250.3
2025-06-21 16:00:00,4.3841,4.3979,4.2677,4.2733,3855649.6
2025-06-21 20:00:00,4.2732,4.3176,4.0489,4.1602,6951663.5
2025-06-22 00:00:00,4.1606,4.2194,4.0111,4.0357,5669138.1
2025-06-22 04:00:00,4.0356,4.0908,4.0173,4.0258,3244037.6
2025-06-22 08:00:00,4.0258,4.0424,3.9503,4.0245,5203226.6
2025-06-22 12:00:00,4.0247,4.0436,3.804,3.8588,12087818.6
2025-06-22 16:00:00,3.859,3.8899,3.8109,3.8365,4210925.4
2025-06-22 20:00:00,3.8365,3.9428,3.744,3.9263,5475520.4
2025-06-23 00:00:00,3.9262,3.9784,3.9,3.9215,2438961.7
2025-06-23 04:00:00,3.9216,4.0169,3.9166,3.9868,2713472.5
2025-06-23 08:00:00,3.9868,4.0281,3.9655,4.024,2148176.5
2025-06-23 12:00:00,4.024,4.0915,3.9714,3.9815,4364021.9
2025-06-23 16:00:00,3.9816,4.1258,3.868,4.1064,7288371.1
2025-06-23 20:00:00,4.1071,4.3547,4.1067,4.3133,5168411.6
2025-06-24 00:00:00,4.3132,4.3671,4.2912,4.3147,2587133.8
2025-06-24 04:00:00,4.3147,4.4391,4.2755,4.335,4836210.6
2025-06-24 08:00:00,4.3351,4.3587,4.2456,4.2727,3228317.5
2025-06-24 12:00:00,4.2727,4.8811,4.2557,4.6762,19500994.6
2025-06-24 16:00:00,4.6761,5.1412,4.6718,4.8855,22775702.9
2025-06-24 20:00:00,4.8853,4.965,4.8033,4.9556,6812270.7
2025-06-25 00:00:00,4.9557,4.9775,4.8382,4.8699,12013758.2
2025-06-25 04:00:00,4.8708,5.0825,4.7614,4.8022,13210631.2
2025-06-25 08:00:00,4.8025,4.8069,4.7232,4.772,7394279.0
2025-06-25 12:00:00,4.772,4.8099,4.6323,4.6543,10058071.6
2025-06-25 16:00:00,4.6542,4.9406,4.6505,4.8929,11308177.7
2025-06-25 20:00:00,4.8929,4.9365,4.81,4.8889,4212898.0
2025-06-26 00:00:00,4.889,4.9897,4.7892,4.8273,9115210.6
2025-06-26 04:00:00,4.8274,4.8916,4.7466,4.8771,3953882.2
2025-06-26 08:00:00,4.8771,4.888,4.742,4.7676,3653449.9
2025-06-26 12:00:00,4.7677,4.777,4.6402,4.7289,5823908.6
2025-06-26 16:00:00,4.7288,4.964,4.7007,4.9426,6796509.7
2025-06-26 20:00:00,4.9424,5.0291,4.8472,4.872,6471115.0
2025-06-27 00:00:00,4.8719,5.0487,4.8011,5.0444,7532235.4
2025-06-27 04:00:00,5.0444,5.2251,5.0382,5.1333,16690048.6
2025-06-27 08:00:00,5.1336,5.2956,4.9841,5.039,16455847.8
2025-06-27 12:00:00,5.0385,5.051,4.8098,4.8458,13324677.5
2025-06-27 16:00:00,4.8464,4.9237,4.8104,4.8369,7334023.7
2025-06-27 20:00:00,4.8371,4.8992,4.8159,4.8354,3590222.8
2025-06-28 00:00:00,4.8357,4.952,4.8001,4.8219,6520359.2
2025-06-28 04:00:00,4.8217,4.8262,4.7231,4.7868,5262166.8
2025-06-28 08:00:00,4.7868,4.8269,4.734,4.7373,3535762.0
2025-06-28 12:00:00,4.7373,4.7923,4.731,4.79,2796791.0
2025-06-28 16:00:00,4.7901,4.8335,4.7753,4.8115,3124063.4
2025-06-28 20:00:00,4.8116,4.8646,4.7945,4.8463,2268607.8
2025-06-29 00:00:00,4.8463,4.8497,4.7055,4.7598,4967929.5
2025-06-29 04:00:00,4.7599,4.8142,4.744,4.7957,2103904.6
2025-06-29 08:00:00,4.7957,4.884,4.7681,4.8648,3846271.1
2025-06-29 12:00:00,4.8648,4.8848,4.7458,4.7521,4698976.5
2025-06-29 16:00:00,4.7521,4.8477,4.7519,4.8415,2752886.2
2025-06-29 20:00:00,4.8414,5.0118,4.8019,4.9514,6283729.1
2025-06-30 00:00:00,4.9514,4.958,4.8705,4.895,4469095.3
2025-06-30 04:00:00,4.895,4.9519,4.8244,4.9309,4242358.2
2025-06-30 08:00:00,4.931,4.9363,4.798,4.809,4752820.6
2025-06-30 12:00:00,4.8097,4.8465,4.7622,4.8065,6632614.9
2025-06-30 16:00:00,4.8065,4.9026,4.7978,4.8975,4013837.9
2025-06-30 20:00:00,4.8978,4.9383,4.8618,4.8897,3265749.4
2025-07-01 00:00:00,4.8896,4.9546,4.8262,4.8287,4185479.1
2025-07-01 04:00:00,4.8288,4.8289,4.6754,4.7181,5660394.2
2025-07-01 08:00:00,4.7178,4.7192,4.6306,4.6455,3656038.9
2025-07-01 12:00:00,4.6456,4.7012,4.6001,4.6358,6023948.6
2025-07-01 16:00:00,4.6358,4.6474,4.5258,4.5319,4258239.6
2025-07-01 20:00:00,4.5327,4.5819,4.482,4.489,3102411.4
2025-07-02 00:00:00,4.4891,4.4929,4.4141,4.4342,4438361.7
2025-07-02 04:00:00,4.4341,4.5517,4.4131,4.5395,4543666.4
2025-07-02 08:00:00,4.5395,4.6042,4.5236,4.5504,3718582.6
2025-07-02 12:00:00,4.5504,4.6795,4.5143,4.6715,5582413.9
2025-07-02 16:00:00,4.6715,4.8182,4.66,4.8069,6553670.9
2025-07-02 20:00:00,4.8064,4.8525,4.7353,4.7385,3581279.0
2025-07-03 00:00:00,4.7385,4.7698,4.7087,4.7108,2647643.0
2025-07-03 04:00:00,4.7107,4.8392,4.7038,4.8312,4159834.1
2025-07-03 08:00:00,4.8312,4.8556,4.7653,4.786,4472759.7
2025-07-03 12:00:00,4.7857,4.8485,4.6394,4.6649,8513476.9
2025-07-03 16:00:00,4.6649,4.7494,4.6626,4.7469,2631590.7
2025-07-03 20:00:00,4.747,4.7883,4.7203,4.737,2227252.9
2025-07-04 00:00:00,4.7371,4.7692,4.664,4.6852,2759093.9
2025-07-04 04:00:00,4.6853,4.7227,4.52,4.5272,6589728.0
2025-07-04 08:00:00,4.5273,4.5655,4.4982,4.5241,4010758.5
2025-07-04 12:00:00,4.5241,4.5362,4.3372,4.343,7007057.1
2025-07-04 16:00:00,4.3429,4.3967,4.3155,4.3628,3834193.0
2025-07-04 20:00:00,4.3628,4.425,4.3568,4.4007,1946493.6
2025-07-05 00:00:00,4.4008,4.4356,4.3735,4.4012,1856299.0
2025-07-05 04:00:00,4.4013,4.4311,4.3716,4.4079,1752452.2
2025-07-05 08:00:00,4.4079,4.4555,4.3806,4.4509,1435920.3
2025-07-05 12:00:00,4.4509,4.4514,4.3913,4.3982,1748598.2
2025-07-05 16:00:00,4.3983,4.4329,4.3447,4.4043,2259437.9
2025-07-05 20:00:00,4.4043,4.4369,4.3842,4.4184,1095579.2
2025-07-06 00:00:00,4.4186,4.4316,4.3868,4.3922,956696.4
2025-07-06 04:00:00,4.3923,4.4199,4.3681,4.3996,1401241.6
2025-07-06 08:00:00,4.3996,4.4345,4.3774,4.4328,2177175.0
2025-07-06 12:00:00,4.433,4.4899,4.4156,4.4839,3622080.7
2025-07-06 16:00:00,4.4839,4.5001,4.4343,4.4527,1787262.9
2025-07-06 20:00:00,4.4527,4.5328,4.4427,4.464,2381486.3
2025-07-07 00:00:00,4.4636,4.5108,4.4394,4.4714,1525478.7
2025-07-07 04:00:00,4.4715,4.4945,4.4315,4.4733,1476136.0
2025-07-07 08:00:00,4.4726,4.4976,4.438,4.4617,1663236.6
2025-07-07 12:00:00,4.4617,4.4902,4.4103,4.4443,2542722.5
2025-07-07 16:00:00,4.4443,4.4941,4.4063,4.4638,3277905.4
2025-07-07 20:00:00,4.4634,4.4634,4.3947,4.45,1810245.3
2025-07-08 00:00:00,4.4502,4.4607,4.3611,4.372,2093868.5
2025-07-08 04:00:00,4.3719,4.4014,4.35,4.3973,1498800.9
2025-07-08 08:00:00,4.3972,4.4449,4.3627,4.4287,2171515.1
2025-07-08 12:00:00,4.4287,4.4499,4.3603,4.3729,3060644.4
2025-07-08 16:00:00,4.373,4.4772,4.3602,4.4458,3585657.4
2025-07-08 20:00:00,4.4458,4.4763,4.4353,4.4714,1685812.0
2025-07-09 00:00:00,4.4715,4.4735,4.3994,4.4185,2431548.9
2025-07-09 04:00:00,4.4185,4.5185,4.4166,4.5082,2837113.0
2025-07-09 08:00:00,4.5081,4.5489,4.487,4.5383,2556290.3
2025-07-09 12:00:00,4.5384,4.574,4.4939,4.5336,4677923.1
2025-07-09 16:00:00,4.5337,4.647,4.5107,4.6322,4332651.9
2025-07-09 20:00:00,4.6317,4.6857,4.5846,4.638,4029455.1
2025-07-10 00:00:00,4.6381,4.6522,4.582,4.5957,2698721.2
2025-07-10 04:00:00,4.5958,4.6376,4.5593,4.606,3814881.3
2025-07-10 08:00:00,4.6062,4.6275,4.5842,4.6041,3454321.4
2025-07-10 12:00:00,4.604,4.624,4.5626,4.5809,4792602.7
2025-07-10 16:00:00,4.581,4.7345,4.5725,4.6891,6518808.3
2025-07-10 20:00:00,4.6887,4.9083,4.6882,4.8807,8280978.6
2025-07-11 00:00:00,4.8807,4.9435,4.7756,4.9239,6209549.6
2025-07-11 04:00:00,4.924,5.0327,4.8937,4.9116,8167672.9
2025-07-11 08:00:00,4.9116,5.0117,4.9116,4.9407,4489713.9
2025-07-11 12:00:00,4.9411,5.0583,4.925,4.9503,6891721.3
2025-07-11 16:00:00,4.9505,5.0819,4.9106,5.0761,7111141.0
2025-07-11 20:00:00,5.0764,5.0911,4.8,4.8842,6683549.5
2025-07-12 00:00:00,4.8841,4.9312,4.7619,4.9086,3839941.1
2025-07-12 04:00:00,4.9086,4.9177,4.7862,4.8786,3714231.0
2025-07-12 08:00:00,4.8785,4.9483,4.8437,4.8982,2966334.1
2025-07-12 12:00:00,4.8981,4.9151,4.6705,4.7211,7604734.3
2025-07-12 16:00:00,4.7212,4.8025,4.7019,4.7909,2944974.9
2025-07-12 20:00:00,4.791,4.8105,4.7239,4.8018,1757706.5
2025-07-13 00:00:00,4.8028,4.9,4.7845,4.8984,2542176.3
2025-07-13 04:00:00,4.8984,4.983,4.8674,4.9807,4003716.0
2025-07-13 08:00:00,4.9808,5.03,4.894,4.9492,4932624.0
2025-07-13 12:00:00,4.9491,5.0572,4.92,5.0023,5208666.9
2025-07-13 16:00:00,5.0023,5.0473,4.9665,4.9981,3779204.2
2025-07-13 20:00:00,4.9986,5.0283,4.9029,4.939,3054414.9
2025-07-14 00:00:00,4.9391,5.1806,4.9213,5.1459,6099872.9
2025-07-14 04:00:00,5.1463,5.2095,5.05,5.1539,5968344.0
2025-07-14 08:00:00,5.1545,5.207,5.0792,5.1238,5271568.8
2025-07-14 12:00:00,5.1237,5.1455,4.9653,5.0046,6758775.8
2025-07-14 16:00:00,5.0043,5.0498,4.9393,4.959,4433510.5
2025-07-14 20:00:00,4.9589,4.9979,4.8912,4.9704,3669565.4
2025-07-15 00:00:00,4.9706,4.9935,4.8014,4.8417,5856040.1
2025-07-15 04:00:00,4.8417,4.905,4.807,4.8471,2851130.8
2025-07-15 08:00:00,4.8471,4.8688,4.796,4.8405,3876175.4
2025-07-15 12:00:00,4.8405,4.9507,4.7771,4.8981,8604790.1
2025-07-15 16:00:00,4.8981,5.0826,4.8931,4.9323,6939770.6
2025-07-15 20:00:00,4.9319,5.1171,4.911,5.0973,3404902.1
2025-07-16 00:00:00,5.0974,5.1783,5.0274,5.0884,4385089.8
2025-07-16 04:00:00,5.0884,5.2354,5.0505,5.229,4993687.7
2025-07-16 08:00:00,5.2287,5.2459,5.1405,5.18,4809503.2
2025-07-16 12:00:00,5.18,5.2305,5.1,5.1784,7819934.2
2025-07-16 16:00:00,5.1779,5.314,5.1531,5.2673,6671667.7
2025-07-16 20:00:00,5.2672,5.3775,5.1631,5.2013,6125197.5
2025-07-17 00:00:00,5.2014,5.2689,5.0258,5.0946,5797369.6
2025-07-17 04:00:00,5.0943,5.2271,5.0767,5.1954,4193679.8
2025-07-17 08:00:00,5.1958,5.2936,5.1694,5.1775,5946708.7
2025-07-17 12:00:00,5.1774,5.279,5.104,5.2332,7475061.0
2025-07-17 16:00:00,5.2329,5.2655,5.1258,5.1665,5855333.7
2025-07-17 20:00:00,5.1663,5.3658,5.0845,5.2915,7753977.6
2025-07-18 00:00:00,5.2915,5.4483,5.2603,5.4192,5938316.3
2025-07-18 04:00:00,5.4193,5.5809,5.4039,5.4439,6865438.5
2025-07-18 08:00:00,5.4437,5.5477,5.3882,5.5057,8341546.0
2025-07-18 12:00:00,5.5058,5.5874,5.2708,5.3193,11913834.3
2025-07-18 16:00:00,5.3194,5.4087,5.2429,5.3329,5958995.1
2025-07-18 20:00:00,5.3328,5.397,5.2002,5.3218,7079140.4
2025-07-19 00:00:00,5.3219,5.3968,5.15,5.3847,4089894.2
2025-07-19 04:00:00,5.3848,5.4375,5.292,5.2935,2890285.3
2025-07-19 08:00:00,5.2934,5.3051,5.2042,5.2148,3397035.1
2025-07-19 12:00:00,5.2148,5.2464,5.1518,5.1848,4481521.6
2025-07-19 16:00:00,5.1851,5.3282,5.1622,5.3146,3809380.9
2025-07-19 20:00:00,5.3146,5.3635,5.2478,5.3222,4053882.9
2025-07-20 00:00:00,5.3223,5.365,5.2506,5.3149,3307527.6
2025-07-20 04:00:00,5.3144,5.3667,5.2554,5.3371,3129677.6
2025-07-20 08:00:00,5.3372,5.4831,5.3362,5.4424,5217104.5
2025-07-20 12:00:00,5.4425,5.4829,5.3815,5.4398,5656632.6
2025-07-20 16:00:00,5.4399,5.5186,5.3548,5.3936,7384148.2
2025-07-20 20:00:00,5.3939,5.3988,5.2039,5.3121,6087449.5
2025-07-21 00:00:00,5.3122,5.4643,5.2242,5.4616,5316747.5
2025-07-21 04:00:00,5.4615,5.5446,5.379,5.5287,6750734.0
2025-07-21 08:00:00,5.5282,5.5567,5.4251,5.4896,8216267.6
2025-07-21 12:00:00,5.49,5.545,5.4145,5.4908,10454645.4
2025-07-21 16:00:00,5.4908,5.5153,5.316,5.3449,10143417.2
2025-07-21 20:00:00,5.3443,5.4544,5.316,5.4074,3501497.0
2025-07-22 00:00:00,5.4074,5.4842,5.2364,5.3402,9315077.9
2025-07-22 04:00:00,5.3402,5.3515,5.1541,5.2559,9456394.8
2025-07-22 08:00:00,5.2553,5.3275,5.1539,5.3044,7508626.1
2025-07-22 12:00:00,5.3045,5.3381,5.1516,5.2935,7888789.2
2025-07-22 16:00:00,5.2934,5.4538,5.2755,5.3127,9116648.7
2025-07-22 20:00:00,5.312,5.4848,5.3007,5.4761,3715924.0
2025-07-23 00:00:00,5.4762,5.4924,5.3737,5.4037,4419836.9
2025-07-23 04:00:00,5.4037,5.5637,5.3923,5.5113,6629803.3
2025-07-23 08:00:00,5.5112,5.6586,5.318,5.3546,13337083.0
2025-07-23 12:00:00,5.3546,5.3546,4.9913,5.1086,20204365.4
2025-07-23 16:00:00,5.1081,5.1081,4.83,4.8706,12281557.5
2025-07-23 20:00:00,4.8706,4.8961,4.6862,4.8085,12301131.4
2025-07-24 00:00:00,4.8086,4.8655,4.7679,4.7724,5302951.6
2025-07-24 04:00:00,4.7722,4.7841,4.4494,4.6232,17924492.8
2025-07-24 08:00:00,4.6232,4.697,4.5702,4.6765,9053946.2
2025-07-24 12:00:00,4.6761,4.7846,4.579,4.7457,9809959.5
2025-07-24 16:00:00,4.7458,4.752,4.627,4.696,6125618.2
2025-07-24 20:00:00,4.6959,4.758,4.6043,4.6244,3991787.9
2025-07-25 00:00:00,4.6248,4.6906,4.503,4.5886,7634906.2
2025-07-25 04:00:00,4.5885,4.688,4.5487,4.6479,6158512.1
2025-07-25 08:00:00,4.648,4.745,4.6373,4.7293,6387325.9
2025-07-25 12:00:00,4.7292,4.7586,4.575,4.6298,5757407.4
2025-07-25 16:00:00,4.6299,4.6815,4.6033,4.6513,3065662.5
2025-07-25 20:00:00,4.6513,4.7592,4.6463,4.7499,3783575.2
2025-07-26 00:00:00,4.7501,4.7942,4.722,4.7797,2982121.3
2025-07-26 04:00:00,4.7797,4.7893,4.75,4.7593,1884149.8
2025-07-26 08:00:00,4.7593,4.8044,4.7582,4.7751,2541050.5
2025-07-26 12:00:00,4.7752,4.8319,4.7551,4.8318,3241480.6
2025-07-26 16:00:00,4.8318,4.8463,4.7771,4.8443,3125922.7
2025-07-26 20:00:00,4.8443,4.86,4.7916,4.8021,2414418.9
2025-07-27 00:00:00,4.8022,4.8685,4.7871,4.8358,2372219.3
2025-07-27 04:00:00,4.836,4.8675,4.8055,4.8225,2199305.2
2025-07-27 08:00:00,4.8226,4.8448,4.7507,4.8119,3852934.5
2025-07-27 12:00:00,4.812,4.8506,4.7762,4.8193,3466051.4
2025-07-27 16:00:00,4.8197,4.8816,4.8161,4.8582,3621048.4
2025-07-27 20:00:00,4.8582,4.9184,4.824,4.9012,2880272.6
2025-07-28 00:00:00,4.9011,4.9384,4.8438,4.8996,3260440.7
2025-07-28 04:00:00,4.8997,4.9797,4.8636,4.9474,4249025.4
2025-07-28 08:00:00,4.9474,4.9849,4.8776,4.9048,3784707.6
2025-07-28 12:00:00,4.905,4.9292,4.705,4.7329,8371355.6
2025-07-28 16:00:00,4.7328,4.7674,4.6582,4.7019,5645738.7
2025-07-28 20:00:00,4.7019,4.7115,4.6043,4.6509,4219969.5
2025-07-29 00:00:00,4.651,4.6849,4.5628,4.6487,4643871.7
2025-07-29 04:00:00,4.6485,4.7725,4.6203,4.7618,3742500.3
2025-07-29 08:00:00,4.7619,4.772,4.6375,4.6801,3843838.0
2025-07-29 12:00:00,4.6801,4.7407,4.5633,4.5794,7151864.4
2025-07-29 16:00:00,4.5794,4.5875,4.4665,4.4918,7374861.1
2025-07-29 20:00:00,4.4918,4.5888,4.4451,4.582,5033434.6
2025-07-30 00:00:00,4.5821,4.5906,4.5028,4.5528,2657560.5
2025-07-30 04:00:00,4.5528,4.5827,4.5066,4.5322,2482203.4
2025-07-30 08:00:00,4.5321,4.5687,4.3996,4.4203,4497976.4
2025-07-30 12:00:00,4.4205,4.5194,4.394,4.4794,5110790.7
2025-07-30 16:00:00,4.4795,4.5383,4.2346,4.4577,9479764.4
2025-07-30 20:00:00,4.4576,4.5037,4.4084,4.4879,2977912.0
2025-07-31 00:00:00,4.488,4.5975,4.4696,4.5805,2740278.9
2025-07-31 04:00:00,4.5805,4.6187,4.546,4.5888,2930945.5
2025-07-31 08:00:00,4.5887,4.6213,4.5546,4.5778,2733829.2
2025-07-31 12:00:00,4.5778,4.5855,4.3861,4.4559,7482316.3
2025-07-31 16:00:00,4.4558,4.5354,4.38,4.3994,5787146.1
2025-07-31 20:00:00,4.3994,4.4349,4.2936,4.3163,5703066.6
2025-08-01 00:00:00,4.3164,4.3814,4.2123,4.3689,6618516.2
2025-08-01 04:00:00,4.3688,4.3688,4.2525,4.2859,4385699.1
2025-08-01 08:00:00,4.2858,4.2938,4.1904,4.2928,5512585.4
2025-08-01 12:00:00,4.2927,4.3436,4.1675,4.2867,7982615.9
2025-08-01 16:00:00,4.2867,4.32,4.1836,4.2906,5101822.6
2025-08-01 20:00:00,4.2905,4.3039,4.0999,4.2276,7373126.1
2025-08-02 00:00:00,4.2277,4.2695,4.2207,4.2525,2369857.2
2025-08-02 04:00:00,4.2524,4.2806,4.1481,4.2425,4566881.2
2025-08-02 08:00:00,4.2432,4.2447,4.1422,4.1904,3552747.7
2025-08-02 12:00:00,4.1904,4.2004,4.1049,4.1187,4071274.4
2025-08-02 16:00:00,4.1187,4.1681,4.043,4.1059,7532579.3
2025-08-02 20:00:00,4.1059,4.1633,4.0814,4.1186,2667350.9
2025-08-03 00:00:00,4.1188,4.1735,4.0566,4.1631,2707813.8
2025-08-03 04:00:00,4.1631,4.1968,4.143,4.1896,1763509.8
2025-08-03 08:00:00,4.1897,4.2432,4.1801,4.2126,1975547.4
2025-08-03 12:00:00,4.2126,4.2218,4.1774,4.2201,2055138.0
2025-08-03 16:00:00,4.2201,4.2439,4.1977,4.2201,2011679.6
2025-08-03 20:00:00,4.2202,4.2499,4.2097,4.2233,1554228.2
2025-08-04 00:00:00,4.2232,4.2951,4.2192,4.2618,2853419.2
2025-08-04 04:00:00,4.2619,4.2792,4.221,4.269,2310329.8
2025-08-04 08:00:00,4.2691,4.2806,4.2323,4.2444,2252832.0
2025-08-04 12:00:00,4.2445,4.326,4.238,4.2908,4773545.7
2025-08-04 16:00:00,4.2908,4.3498,4.2793,4.289,2657366.8
2025-08-04 20:00:00,4.2891,4.3678,4.2844,4.3656,2532091.5
2025-08-05 00:00:00,4.3656,4.3773,4.2986,4.2999,2781044.8
2025-08-05 04:00:00,4.2998,4.3213,4.2034,4.2131,3704460.9
2025-08-05 08:00:00,4.2131,4.3371,4.2049,4.3322,2729976.9
2025-08-05 12:00:00,4.3322,4.3369,4.1928,4.2113,7901856.1
2025-08-05 16:00:00,4.2113,4.315,4.2043,4.2361,4865139.8
2025-08-05 20:00:00,4.2362,4.2925,4.1714,4.2858,3674502.5
2025-08-06 00:00:00,4.2859,4.2881,4.172,4.1887,3301970.4
2025-08-06 04:00:00,4.1887,4.3029,4.1632,4.2865,3921564.8
2025-08-06 08:00:00,4.2866,4.2872,4.2271,4.2374,2596021.6
2025-08-06 12:00:00,4.2374,4.2823,4.1692,4.2784,7249269.2
2025-08-06 16:00:00,4.2784,4.2875,4.224,4.2496,3730109.6
2025-08-06 20:00:00,4.2497,4.2567,4.2268,4.2449,1483999.1
2025-08-07 00:00:00,4.2448,4.2744,4.212,4.2169,2110109.0
2025-08-07 04:00:00,4.217,4.2811,4.215,4.2473,2300514.4
2025-08-07 08:00:00,4.247,4.3354,4.2345,4.3205,6432925.1
2025-08-07 12:00:00,4.3206,4.3548,4.3074,4.3351,5219979.6
2025-08-07 16:00:00,4.3351,4.3807,4.2542,4.3801,4419199.2
2025-08-07 20:00:00,4.3799,4.4269,4.3691,4.4148,4776477.8
2025-08-08 00:00:00,4.4148,4.58,4.3481,4.5182,14684099.3
2025-08-08 04:00:00,4.5181,4.6959,4.4809,4.6501,7763575.8
2025-08-08 08:00:00,4.6501,4.7162,4.6212,4.6797,6503970.1
2025-08-08 12:00:00,4.6798,4.6864,4.5722,4.6013,6438889.4
2025-08-08 16:00:00,4.6013,4.7007,4.5844,4.6709,4289002.4
2025-08-08 20:00:00,4.671,4.694,4.6401,4.6409,2384291.4
2025-08-09 00:00:00,4.6409,4.7581,4.6193,4.7444,5078615.4
2025-08-09 04:00:00,4.7445,4.84,4.7241,4.8381,5787159.4
2025-08-09 08:00:00,4.8381,4.8699,4.8074,4.8215,4842153.3
2025-08-09 12:00:00,4.8216,4.8461,4.75,4.8034,5445030.3
2025-08-09 16:00:00,4.8033,4.8341,4.7791,4.8013,3081563.1
2025-08-09 20:00:00,4.8012,4.8531,4.771,4.7817,3248410.9
2025-08-10 00:00:00,4.7818,4.852,4.7694,4.8195,3733854.5
2025-08-10 04:00:00,4.8195,4.8502,4.6819,4.6847,4776484.7
2025-08-10 08:00:00,4.6847,4.7271,4.6071,4.6103,5600642.1
2025-08-10 12:00:00,4.6101,4.7236,4.5838,4.7052,5111367.0
2025-08-10 16:00:00,4.7052,4.7329,4.6801,4.7075,2689102.6
2025-08-10 20:00:00,4.7075,4.7118,4.6371,4.6966,2921803.8
2025-08-11 00:00:00,4.6971,4.8169,4.6673,4.7901,5001377.3
2025-08-11 04:00:00,4.7902,4.8367,4.7108,4.721,4568757.5
2025-08-11 08:00:00,4.721,4.757,4.5941,4.6084,6198993.0
2025-08-11 12:00:00,4.6083,4.7029,4.55,4.6931,8178568.0
2025-08-11 16:00:00,4.6931,4.7631,4.5708,4.6063,6562914.6
2025-08-11 20:00:00,4.6062,4.627,4.501,4.522,4677399.4
2025-08-12 00:00:00,4.522,4.6164,4.5132,4.5616,2826300.0
2025-08-12 04:00:00,4.5615,4.6039,4.5151,4.6032,2913266.2
2025-08-12 08:00:00,4.6032,4.6084,4.4814,4.549,4142497.6
2025-08-12 12:00:00,4.549,4.7602,4.5222,4.7544,8047725.8
2025-08-12 16:00:00,4.7545,4.8461,4.7351,4.8422,5859445.0
2025-08-12 20:00:00,4.8422,4.9021,4.7941,4.8202,6531914.8
2025-08-13 00:00:00,4.82,4.8479,4.7219,4.8363,5498385.6
2025-08-13 04:00:00,4.8363,4.8629,4.7313,4.8237,4154427.1
2025-08-13 08:00:00,4.8236,5.0043,4.8171,4.9627,9816141.5
2025-08-13 12:00:00,4.9627,5.0173,4.8603,4.9415,10245760.9
2025-08-13 16:00:00,4.9416,5.0685,4.9062,4.9859,7632530.4
2025-08-13 20:00:00,4.9859,5.092,4.9548,5.0476,5536127.0
2025-08-14 00:00:00,5.0478,5.1398,4.9948,5.1382,5565306.1
2025-08-14 04:00:00,5.1381,5.1507,4.9561,4.987,7087485.0
2025-08-14 08:00:00,4.9872,5.0308,4.8807,4.9367,8043934.9
2025-08-14 12:00:00,4.9368,4.9826,4.6313,4.767,18458627.3
2025-08-14 16:00:00,4.7672,4.815,4.6811,4.7577,6622297.9
2025-08-14 20:00:00,4.7577,4.759,4.6452,4.7195,4084259.9
2025-08-15 00:00:00,4.7195,4.8348,4.7028,4.8161,3261455.5
2025-08-15 04:00:00,4.8162,4.846,4.738,4.8115,4225148.3
2025-08-15 08:00:00,4.8115,4.8435,4.7356,4.7438,4176647.0
2025-08-15 12:00:00,4.7439,4.8085,4.5496,4.5806,10119344.1
2025-08-15 16:00:00,4.5802,4.6407,4.53,4.5754,5681147.8
2025-08-15 20:00:00,4.5756,4.7178,4.5625,4.6595,3276501.7
2025-08-16 00:00:00,4.6596,4.7208,4.6513,4.6649,2214143.3
2025-08-16 04:00:00,4.665,4.6945,4.6401,4.6818,1859931.5
2025-08-16 08:00:00,4.682,4.7048,4.6221,4.6256,3133073.2
2025-08-16 12:00:00,4.6256,4.7364,4.6102,4.7063,3419860.3
2025-08-16 16:00:00,4.7062,4.7244,4.6702,4.7004,1917216.6
2025-08-16 20:00:00,4.7004,4.7555,4.6956,4.74,1532662.4
2025-08-17 00:00:00,4.7402,4.7578,4.7005,4.7467,2172263.1
2025-08-17 04:00:00,4.7467,4.829,4.7444,4.7783,3300538.2
2025-08-17 08:00:00,4.7782,4.8638,4.7724,4.8589,3386264.4
2025-08-17 12:00:00,4.859,4.9305,4.7969,4.9286,4971986.8
2025-08-17 16:00:00,4.9286,4.9474,4.786,4.8183,5041688.8
2025-08-17 20:00:00,4.8184,4.8574,4.7817,4.7846,3304594.7
2025-08-18 00:00:00,4.7848,4.7928,4.5705,4.623,9250337.0
2025-08-18 04:00:00,4.6228,4.6583,4.5616,4.5902,4611032.5
2025-08-18 08:00:00,4.5896,4.6133,4.5446,4.5878,3664990.6
2025-08-18 12:00:00,4.5874,4.659,4.5513,4.603,4580691.5
2025-08-18 16:00:00,4.6033,4.6417,4.5522,4.614,3859860.9
2025-08-18 20:00:00,4.6138,4.6704,4.5596,4.5692,2680779.3
2025-08-19 00:00:00,4.5692,4.6255,4.4213,4.4561,6449624.4
2025-08-19 04:00:00,4.456,4.4786,4.3966,4.4295,4770086.3
2025-08-19 08:00:00,4.4294,4.5096,4.3963,4.4965,4037374.6
2025-08-19 12:00:00,4.4966,4.4969,4.339,4.3509,8271960.3
2025-08-19 16:00:00,4.351,4.3656,4.3005,4.3366,5699917.7
2025-08-19 20:00:00,4.3368,4.362,4.2806,4.2965,3232568.9
2025-08-20 00:00:00,4.2962,4.3434,4.2692,4.3102,4887995.7
2025-08-20 04:00:00,4.3102,4.3606,4.3089,4.3342,2268857.8
2025-08-20 08:00:00,4.3343,4.3924,4.304,4.3577,3594353.4
2025-08-20 12:00:00,4.3576,4.4477,4.27,4.4077,7169762.6
2025-08-20 16:00:00,4.4076,4.504,4.4064,4.5006,5384894.2
2025-08-20 20:00:00,4.5006,4.5116,4.4594,4.4913,2308844.8
2025-08-21 00:00:00,4.4913,4.5041,4.4252,4.445,2868146.7
2025-08-21 04:00:00,4.445,4.4659,4.4092,4.4482,1931841.0
2025-08-21 08:00:00,4.4482,4.4615,4.4176,4.4486,3079050.7
2025-08-21 12:00:00,4.4486,4.456,4.3468,4.3548,6782122.1
2025-08-21 16:00:00,4.3549,4.4345,4.3377,4.3964,3673599.5
2025-08-21 20:00:00,4.3962,4.4486,4.3788,4.4139,1853363.7
2025-08-22 00:00:00,4.4139,4.4711,4.375,4.3965,2721901.2
2025-08-22 04:00:00,4.3966,4.4378,4.378,4.4213,2303040.4
2025-08-22 08:00:00,4.4213,4.4476,4.3388,4.3404,2670424.7
2025-08-22 12:00:00,4.3405,4.5907,4.2734,4.5487,18129121.3
2025-08-22 16:00:00,4.5487,4.7438,4.5477,4.7292,9249957.6
2025-08-22 20:00:00,4.7292,4.8172,4.7228,4.7998,4245495.4
2025-08-23 00:00:00,4.7998,4.8093,4.6039,4.6165,5874163.7
2025-08-23 04:00:00,4.6164,4.7521,4.6154,4.6655,4437004.8
2025-08-23 08:00:00,4.6656,4.7071,4.6428,4.6909,3339206.8
2025-08-23 12:00:00,4.6912,4.7706,4.6787,4.7252,4475435.8
2025-08-23 16:00:00,4.7256,4.7744,4.7079,4.7652,2344993.3
2025-08-23 20:00:00,4.7652,4.7719,4.7225,4.7596,1907954.2
2025-08-24 00:00:00,4.7593,4.7782,4.684,4.7008,2282458.3
2025-08-24 04:00:00,4.7008,4.7064,4.6117,4.6208,3518970.8
2025-08-24 08:00:00,4.6208,4.6437,4.5463,4.5672,3791734.5
2025-08-24 12:00:00,4.5672,4.6402,4.5574,4.6023,3112117.0
2025-08-24 16:00:00,4.6024,4.8056,4.566,4.652,11765463.3
2025-08-24 20:00:00,4.6516,4.6679,4.5528,4.622,6838612.1
2025-08-25 00:00:00,4.622,4.6602,4.5252,4.6009,4698163.3
2025-08-25 04:00:00,4.6009,4.6131,4.4188,4.4314,5431827.1
2025-08-25 08:00:00,4.4314,4.4561,4.3652,4.4105,5543164.0
2025-08-25 12:00:00,4.4105,4.4633,4.3781,4.405,5164515.8
2025-08-25 16:00:00,4.4051,4.4416,4.2885,4.3021,5674773.3
2025-08-25 20:00:00,4.3027,4.3231,4.1947,4.2512,8603902.9
2025-08-26 00:00:00,4.2516,4.3194,4.2233,4.2973,3453658.3
2025-08-26 04:00:00,4.2973,4.3415,4.2817,4.3208,3479292.9
2025-08-26 08:00:00,4.3209,4.3541,4.2962,4.3171,2453960.1
2025-08-26 12:00:00,4.3172,4.3938,4.2742,4.3169,6115114.0
2025-08-26 16:00:00,4.3172,4.4236,4.309,4.4172,3291754.6
2025-08-26 20:00:00,4.4168,4.4279,4.3473,4.372,3869206.5
2025-08-27 00:00:00,4.372,4.4264,4.34,4.3986,2206468.6
2025-08-27 04:00:00,4.3986,4.4384,4.3647,4.3753,2472310.8
2025-08-27 08:00:00,4.3754,4.4079,4.3422,4.3752,2282213.2
2025-08-27 12:00:00,4.3752,4.4207,4.3326,4.408,2985453.2
2025-08-27 16:00:00,4.408,4.4292,4.3568,4.3822,2288609.1
2025-08-27 20:00:00,4.3824,4.4295,4.3403,4.3653,5069367.1
2025-08-28 00:00:00,4.3651,4.3955,4.3265,4.3935,1934794.1
2025-08-28 04:00:00,4.3934,4.4264,4.3813,4.4127,1823137.7
2025-08-28 08:00:00,4.4127,4.441,4.3939,4.4257,1816420.0
2025-08-28 12:00:00,4.4257,4.4832,4.4069,4.421,3720271.9
2025-08-28 16:00:00,4.421,4.4465,4.3665,4.3715,2389084.7
2025-08-28 20:00:00,4.3728,4.4745,4.3671,4.467,1725063.0
2025-08-29 00:00:00,4.467,4.4696,4.3618,4.4178,2926817.3
2025-08-29 04:00:00,4.4177,4.4378,4.3032,4.3137,3431427.6
2025-08-29 08:00:00,4.3138,4.3256,4.2466,4.2758,3669324.1
2025-08-29 12:00:00,4.2759,4.3728,4.2159,4.2395,7703905.0
2025-08-29 16:00:00,4.2395,4.267,4.1801,4.2375,3675809.9
2025-08-29 20:00:00,4.2376,4.2766,4.2,4.2612,1911175.3
2025-08-30 00:00:00,4.2612,4.3,4.1826,4.2817,3035085.9
2025-08-30 04:00:00,4.2818,4.3276,4.2726,4.3218,1640909.8
2025-08-30 08:00:00,4.3218,4.324,4.2841,4.3013,1444610.6
2025-08-30 12:00:00,4.3011,4.3081,4.2412,4.3005,2023198.1
2025-08-30 16:00:00,4.3,4.3028,4.2673,4.2992,1190879.8
2025-08-30 20:00:00,4.2993,4.3394,4.2861,4.3265,1667897.4
2025-08-31 00:00:00,4.3265,4.369,4.3231,4.3677,1750676.7
2025-08-31 04:00:00,4.3677,4.3684,4.3202,4.3235,1318607.1
2025-08-31 08:00:00,4.3234,4.3564,4.306,4.3299,1727534.8
2025-08-31 12:00:00,4.3299,4.3312,4.2792,4.3199,1965492.2
2025-08-31 16:00:00,4.3199,4.3203,4.2833,4.2871,1463680.0
2025-08-31 20:00:00,4.2872,4.3176,4.248,4.2517,1634616.8
2025-09-01 00:00:00,4.2517,4.2536,4.16,4.1868,3615982.1
2025-09-01 04:00:00,4.1868,4.315,4.1395,4.3146,4721084.3
2025-09-01 08:00:00,4.3146,4.4636,4.2652,4.2699,9948500.5
2025-09-01 12:00:00,4.2699,4.2931,4.2129,4.2205,3461043.1
2025-09-01 16:00:00,4.2203,4.2343,4.1815,4.2333,2977897.6
2025-09-01 20:00:00,4.2334,4.234,4.1043,4.2103,6341290.2
2025-09-02 00:00:00,4.2106,4.2899,4.1784,4.2847,2721740.3
2025-09-02 04:00:00,4.2846,4.3105,4.2563,4.2615,2518623.9
2025-09-02 08:00:00,4.2619,4.3197,4.2592,4.3091,1993272.3
2025-09-02 12:00:00,4.3091,4.355,4.2242,4.2513,9882085.6
2025-09-02 16:00:00,4.2512,4.3191,4.2423,4.2871,3298815.9
2025-09-02 20:00:00,4.2871,4.3488,4.2822,4.3353,1903443.6
2025-09-03 00:00:00,4.3352,4.342,4.2939,4.3234,2283964.3
2025-09-03 04:00:00,4.3234,4.3292,4.2581,4.2848,2295957.4
2025-09-03 08:00:00,4.2848,4.3268,4.2759,4.3155,2098000.0
2025-09-03 12:00:00,4.3155,4.3794,4.3039,4.3649,3570658.7
2025-09-03 16:00:00,4.3651,4.3864,4.3484,4.3849,2311901.5
2025-09-03 20:00:00,4.385,4.4136,4.3663,4.3695,1991326.4
2025-09-04 00:00:00,4.3696,4.3834,4.3187,4.3227,1514758.3
2025-09-04 04:00:00,4.3227,4.3375,4.2636,4.2842,2157913.9
2025-09-04 08:00:00,4.2842,4.3056,4.2729,4.2733,1470566.4
2025-09-04 12:00:00,4.2734,4.2915,4.2134,4.2228,3511033.8
2025-09-04 16:00:00,4.2227,4.2382,4.1983,4.205,2166115.1
2025-09-04 20:00:00,4.205,4.2789,4.2013,4.2402,1593248.8
2025-09-05 00:00:00,4.2401,4.2846,4.2353,4.2786,1194812.5
2025-09-05 04:00:00,4.2787,4.3353,4.2684,4.3324,1537304.1
2025-09-05 08:00:00,4.3324,4.3337,4.2967,4.3113,1643880.7
2025-09-05 12:00:00,4.3114,4.3587,4.23,4.2565,6651214.0
2025-09-05 16:00:00,4.2565,4.2682,4.2284,4.26,1702676.8
2025-09-05 20:00:00,4.2601,4.28,4.2356,4.2472,1816192.7
2025-09-06 00:00:00,4.2471,4.2608,4.2319,4.2396,1144045.5
2025-09-06 04:00:00,4.2396,4.2396,4.213,4.2225,1903090.2
2025-09-06 08:00:00,4.2225,4.2238,4.2005,4.2192,1677677.5
2025-09-06 12:00:00,4.2193,4.227,4.1757,4.1965,2705442.3
2025-09-06 16:00:00,4.1965,4.2213,4.1761,4.1806,1888855.2
2025-09-06 20:00:00,4.1807,4.2134,4.1795,4.2011,1119566.4
2025-09-07 00:00:00,4.2013,4.2399,4.1994,4.2365,1135770.1
2025-09-07 04:00:00,4.2366,4.2589,4.2246,4.2312,1278915.2
2025-09-07 08:00:00,4.2311,4.2577,4.2213,4.2575,1140792.1
2025-09-07 12:00:00,4.2576,4.2767,4.2445,4.2649,1966254.0
2025-09-07 16:00:00,4.2649,4.271,4.2307,4.2509,1921964.0
2025-09-07 20:00:00,4.2509,4.289,4.2465,4.2726,1280175.4
2025-09-08 00:00:00,4.2727,4.3542,4.2546,4.3431,2458120.7
2025-09-08 04:00:00,4.343,4.3543,4.302,4.316,2527916.6
2025-09-08 08:00:00,4.3161,4.3837,4.3149,4.3454,3349981.7
2025-09-08 12:00:00,4.3455,4.44,4.3424,4.4389,5060593.2
2025-09-08 16:00:00,4.4389,4.4436,4.3631,4.3777,2540271.1
2025-09-08 20:00:00,4.3778,4.4175,4.3613,4.4058,1793790.9
2025-09-09 00:00:00,4.4058,4.445,4.3644,4.4322,3033826.7
2025-09-09 04:00:00,4.4322,4.5148,4.4126,4.4904,5163769.5
2025-09-09 08:00:00,4.4905,4.5344,4.4904,4.5046,3156780.2
2025-09-09 12:00:00,4.5045,4.5309,4.3533,4.3705,7350957.1
2025-09-09 16:00:00,4.3706,4.3993,4.3503,4.385,2467929.8
2025-09-09 20:00:00,4.3854,4.402,4.3637,4.3905,1472887.5
2025-09-10 00:00:00,4.3905,4.43,4.3609,4.423,2565776.5
2025-09-10 04:00:00,4.423,4.4292,4.3771,4.4149,2122497.1
2025-09-10 08:00:00,4.4149,4.4238,4.3719,4.3885,4229490.3
2025-09-10 12:00:00,4.3886,4.4949,4.3885,4.4616,5829363.7
2025-09-10 16:00:00,4.4617,4.4857,4.4116,4.4354,2610888.8
2025-09-10 20:00:00,4.4356,4.4892,4.4331,4.4823,1502612.1
2025-09-11 00:00:00,4.4823,4.545,4.4711,4.5412,2216716.9
2025-09-11 04:00:00,4.5413,4.5479,4.4981,4.5289,2559751.8
2025-09-11 08:00:00,4.529,4.5453,4.4858,4.4909,2831787.6
2025-09-11 12:00:00,4.4908,4.5491,4.4053,4.4524,5787709.6
2025-09-11 16:00:00,4.4525,4.4951,4.447,4.4843,1820657.5
2025-09-11 20:00:00,4.4843,4.527,4.4734,4.5253,1698614.1
2025-09-12 00:00:00,4.5253,4.5608,4.5118,4.5556,2895245.4
2025-09-12 04:00:00,4.5556,4.5942,4.5243,4.5481,4410643.9
2025-09-12 08:00:00,4.5482,4.5494,4.481,4.4827,2507826.4
2025-09-12 12:00:00,4.4827,4.5433,4.4676,4.5098,2597006.7
2025-09-12 16:00:00,4.5092,4.6079,4.5018,4.6027,3282965.2
2025-09-12 20:00:00,4.602,4.6294,4.5823,4.6228,2577283.1
2025-09-13 00:00:00,4.6228,4.6632,4.5943,4.6378,3060189.7
2025-09-13 04:00:00,4.6379,4.6763,4.6157,4.6516,2550493.1
2025-09-13 08:00:00,4.6516,4.7361,4.6489,4.7339,3981759.6
2025-09-13 12:00:00,4.7337,4.7472,4.6093,4.6667,5328649.5
2025-09-13 16:00:00,4.6668,4.6845,4.5633,4.6141,4022239.2
2025-09-13 20:00:00,4.6142,4.6682,4.6104,4.6664,2019517.0
2025-09-14 00:00:00,4.6663,4.6703,4.5669,4.5737,2730155.4
2025-09-14 04:00:00,4.5737,4.6404,4.5433,4.5976,3387866.2
2025-09-14 08:00:00,4.5975,4.6174,4.5301,4.5384,2991372.2
2025-09-14 12:00:00,4.5384,4.5573,4.452,4.4853,4497480.6
2025-09-14 16:00:00,4.4851,4.5528,4.4762,4.5247,2052558.8
2025-09-14 20:00:00,4.5247,4.5747,4.51,4.5238,1652220.8
2025-09-15 00:00:00,4.5238,4.5869,4.4801,4.5736,2043292.7
2025-09-15 04:00:00,4.5735,4.6067,4.4642,4.4748,4170385.4
2025-09-15 08:00:00,4.4747,4.4754,4.36,4.4055,6215982.4
2025-09-15 12:00:00,4.4054,4.4074,4.3168,4.3439,3894214.0
2025-09-15 16:00:00,4.3439,4.3769,4.3122,4.3669,2924047.0
2025-09-15 20:00:00,4.367,4.3913,4.3589,4.3762,1115926.5
2025-09-16 00:00:00,4.3762,4.3847,4.3485,4.3567,1379555.1
2025-09-16 04:00:00,4.3567,4.4175,4.3211,4.4053,2203246.6
2025-09-16 08:00:00,4.4053,4.4305,4.384,4.4022,2535649.2
2025-09-16 12:00:00,4.4022,4.4277,4.3439,4.4154,3847173.5
2025-09-16 16:00:00,4.4154,4.4478,4.3874,4.4386,2259114.8
2025-09-16 20:00:00,4.4386,4.4771,4.4341,4.4436,2001537.4
2025-09-17 00:00:00,4.4435,4.4654,4.4136,4.4159,1725967.2
2025-09-17 04:00:00,4.4163,4.4572,4.382,4.4474,2654026.0
2025-09-17 08:00:00,4.4474,4.4486,4.385,4.4161,1926933.3
2025-09-17 12:00:00,4.4162,4.4295,4.3724,4.3782,2125432.8
2025-09-17 16:00:00,4.3781,4.4668,4.3517,4.46,6786331.4
2025-09-17 20:00:00,4.4597,4.6104,4.43,4.5748,6132695.2
2025-09-18 00:00:00,4.5748,4.638,4.5562,4.6356,2727531.3
2025-09-18 04:00:00,4.6354,4.6438,4.5522,4.5865,2556706.8
2025-09-18 08:00:00,4.5865,4.6535,4.5789,4.6077,2930434.4
2025-09-18 12:00:00,4.6075,4.6772,4.595,4.6696,3874303.3
2025-09-18 16:00:00,4.6697,4.74,4.6692,4.6911,5877624.0
2025-09-18 20:00:00,4.6911,4.7352,4.6639,4.6861,3561636.8
2025-09-19 00:00:00,4.6866,4.7764,4.6753,4.6792,5123402.2
2025-09-19 04:00:00,4.6791,4.7236,4.6129,4.6439,4403046.7
2025-09-19 08:00:00,4.6437,4.6909,4.5749,4.5965,4711306.8
2025-09-19 12:00:00,4.5965,4.6493,4.56,4.5944,4147330.6
2025-09-19 16:00:00,4.5944,4.619,4.54,4.5515,2733430.5
2025-09-19 20:00:00,4.5514,4.578,4.5155,4.547,2183720.8
2025-09-20 00:00:00,4.547,4.588,4.5327,4.5574,2082283.5
2025-09-20 04:00:00,4.5573,4.6953,4.5469,4.6947,3293058.4
2025-09-20 08:00:00,4.6946,4.7268,4.5744,4.6305,6160612.4
2025-09-20 12:00:00,4.6305,4.6878,4.5957,4.6576,3021656.5
2025-09-20 16:00:00,4.6576,4.7174,4.5894,4.602,3814234.7
2025-09-20 20:00:00,4.602,4.6513,4.5944,4.6156,1372258.8
2025-09-21 00:00:00,4.6156,4.6444,4.5814,4.6332,2490939.3
2025-09-21 04:00:00,4.6332,4.6942,4.6086,4.6835,2657118.1
2025-09-21 08:00:00,4.6836,4.6977,4.5653,4.6059,5008969.2
2025-09-21 12:00:00,4.606,4.656,4.5984,4.6081,2631436.8
2025-09-21 16:00:00,4.6081,4.6598,4.5668,4.6578,2973091.3
2025-09-21 20:00:00,4.6577,4.6592,4.6045,4.608,1891749.6
2025-09-22 00:00:00,4.6076,4.6329,4.3927,4.461,11875638.2
2025-09-22 04:00:00,4.4609,4.4733,4.123,4.2735,14054022.7
2025-09-22 08:00:00,4.2735,4.3038,4.2251,4.2752,5527431.9
2025-09-22 12:00:00,4.2752,4.2971,4.2178,4.2268,4310212.7
2025-09-22 16:00:00,4.2266,4.2471,4.19,4.197,3392536.7
2025-09-22 20:00:00,4.197,4.3022,4.1937,4.3022,2006901.0
2025-09-23 00:00:00,4.3023,4.3193,4.2049,4.285,3297792.0
2025-09-23 04:00:00,4.285,4.3683,4.248,4.3341,3598928.0
2025-09-23 08:00:00,4.3341,4.3664,4.314,4.3318,2830216.1
2025-09-23 12:00:00,4.3317,4.3392,4.2864,4.3098,3056634.5
2025-09-23 16:00:00,4.3098,4.3536,4.2448,4.2532,3218302.5
2025-09-23 20:00:00,4.2531,4.318,4.2521,4.2942,2602894.3
2025-09-24 00:00:00,4.2941,4.333,4.2441,4.2469,4014707.4
2025-09-24 04:00:00,4.2468,4.3173,4.1971,4.3074,4027089.0
2025-09-24 08:00:00,4.3074,4.3471,4.289,4.334,2798376.2
2025-09-24 12:00:00,4.3341,4.3436,4.2756,4.2898,3373228.9
2025-09-24 16:00:00,4.2899,4.3204,4.254,4.2691,2230813.3
2025-09-24 20:00:00,4.2692,4.2825,4.2222,4.2335,1867027.9
2025-09-25 00:00:00,4.2334,4.239,4.1521,4.1856,4276372.2
2025-09-25 04:00:00,4.1856,4.195,4.1076,4.1276,4190348.1
2025-09-25 08:00:00,4.1275,4.1612,4.0935,4.1077,3283644.2
2025-09-25 12:00:00,4.1077,4.1375,4.0043,4.0936,7796179.8
2025-09-25 16:00:00,4.0935,4.0941,3.91,3.988,10419063.3
2025-09-25 20:00:00,3.9882,3.9915,3.8918,3.9299,3507777.7
2025-09-26 00:00:00,3.9299,3.989,3.9166,3.9841,3779378.6
2025-09-26 04:00:00,3.9841,3.9978,3.9316,3.9613,2237676.3
2025-09-26 08:00:00,3.9614,3.986,3.8944,3.9365,3513780.9
2025-09-26 12:00:00,3.9364,4.0149,3.9009,4.0127,5984330.0
2025-09-26 16:00:00,4.0128,4.1116,4.0057,4.0749,4891854.0
2025-09-26 20:00:00,4.0751,4.1189,4.0631,4.1038,2016645.4
2025-09-27 00:00:00,4.1033,4.1143,4.0718,4.0797,1475219.6
2025-09-27 04:00:00,4.0796,4.1205,4.0756,4.1061,961504.4
2025-09-27 08:00:00,4.106,4.1192,4.053,4.0905,2627947.7
2025-09-27 12:00:00,4.0905,4.127,4.0709,4.1225,2343544.4
2025-09-27 16:00:00,4.1228,4.1895,4.0973,4.1845,3592992.4
2025-09-27 20:00:00,4.1846,4.2667,4.1794,4.218,5280054.8
2025-09-28 00:00:00,4.218,4.2237,4.1382,4.1718,2507915.2
2025-09-28 04:00:00,4.1718,4.1723,4.0923,4.1056,2757880.4
2025-09-28 08:00:00,4.1057,4.1117,4.0555,4.0814,3294517.0
2025-09-28 12:00:00,4.0814,4.153,4.057,4.1407,2735666.5
2025-09-28 16:00:00,4.1408,4.1722,4.1374,4.1528,1964836.0
2025-09-28 20:00:00,4.1529,4.253,4.1473,4.2264,3080179.0
2025-09-29 00:00:00,4.2263,4.2509,4.2159,4.2411,2222837.2
2025-09-29 04:00:00,4.2412,4.2674,4.2241,4.2531,2294291.2
2025-09-29 08:00:00,4.2531,4.304,4.208,4.2493,3534006.6
2025-09-29 12:00:00,4.2493,4.3118,4.1874,4.2773,5362225.6
2025-09-29 16:00:00,4.2773,4.2997,4.2304,4.2946,2652483.5
2025-09-29 20:00:00,4.295,4.33,4.2769,4.2785,2169059.8
2025-09-30 00:00:00,4.2784,4.2887,4.218,4.2463,2913621.5
2025-09-30 04:00:00,4.2464,4.2674,4.2302,4.2315,1761899.1
2025-09-30 08:00:00,4.2315,4.2885,4.1926,4.2826,2917506.6
2025-09-30 12:00:00,4.2827,4.2984,4.2007,4.245,5503256.8
2025-09-30 16:00:00,4.245,4.338,4.2066,4.3287,4642613.2
2025-09-30 20:00:00,4.3287,4.404,4.325,4.3994,4813775.1
2025-10-01 00:00:00,4.3992,4.4966,4.3932,4.4152,6099936.4
2025-10-01 04:00:00,4.4153,4.4537,4.3695,4.4364,4337806.0
2025-10-01 08:00:00,4.4363,4.62,4.4294,4.605,7000726.9
2025-10-01 12:00:00,4.6051,4.6485,4.5523,4.6465,4845194.0
2025-10-01 16:00:00,4.6466,4.7981,4.62,4.7743,7169117.3
2025-10-01 20:00:00,4.7743,4.8751,4.76,4.8737,4698652.5
2025-10-02 00:00:00,4.8738,4.9106,4.8119,4.9077,5782415.5
2025-10-02 04:00:00,4.9077,4.9942,4.8412,4.8553,5751609.3
2025-10-02 08:00:00,4.8554,5.1374,4.8554,5.1097,8992809.5
2025-10-02 12:00:00,5.1099,5.1475,4.914,5.0196,11787308.3
2025-10-02 16:00:00,5.0196,5.1975,4.9977,5.1917,9176801.0
2025-10-02 20:00:00,5.1917,5.2329,5.1408,5.2246,4618366.3
2025-10-03 00:00:00,5.2248,5.2375,5.093,5.121,6298267.4
2025-10-03 04:00:00,5.1212,5.1858,5.0715,5.1369,4606115.6
2025-10-03 08:00:00,5.1368,5.1846,5.0935,5.1802,3886366.8
2025-10-03 12:00:00,5.1802,5.4028,5.1595,5.3807,13942762.0
2025-10-03 16:00:00,5.3807,5.4529,5.2179,5.4161,12161034.3
2025-10-03 20:00:00,5.416,5.4353,5.3607,5.3686,4366129.0
2025-10-04 00:00:00,5.3687,5.4619,5.3424,5.4372,5492285.4
2025-10-04 04:00:00,5.4372,5.5379,5.4136,5.5297,6132794.4
2025-10-04 08:00:00,5.5296,5.5517,5.1042,5.1492,21139888.2
2025-10-04 12:00:00,5.1493,5.2182,5.11,5.1371,8171927.9
2025-10-04 16:00:00,5.1372,5.239,5.1233,5.2379,4088280.0
2025-10-04 20:00:00,5.238,5.2473,5.1806,5.1963,3093172.9
2025-10-05 00:00:00,5.1963,5.3106,5.1963,5.2659,6170902.1
2025-10-05 04:00:00,5.266,5.6,5.2638,5.5853,9918743.7
2025-10-05 08:00:00,5.5852,5.6551,5.4401,5.5322,11641234.1
2025-10-05 12:00:00,5.5319,5.5407,5.3712,5.4958,8003625.6
2025-10-05 16:00:00,5.4959,5.5548,5.3949,5.4026,7362283.2
2025-10-05 20:00:00,5.4027,5.5195,5.385,5.4552,4016442.4
2025-10-06 00:00:00,5.4552,5.4853,5.3248,5.4348,7734660.5
2025-10-06 04:00:00,5.4349,5.4405,5.3079,5.3556,6422688.6
2025-10-06 08:00:00,5.3555,5.36,5.25,5.2931,6858052.8
2025-10-06 12:00:00,5.2932,5.4047,5.2898,5.3859,8323900.7
2025-10-06 16:00:00,5.3858,5.4944,5.3087,5.4178,8561371.3
2025-10-06 20:00:00,5.4181,5.4292,5.265,5.2754,5215805.7
2025-10-07 00:00:00,5.2753,5.3494,5.2203,5.258,4907095.7
2025-10-07 04:00:00,5.2579,5.4081,5.2106,5.3411,7152162.1
2025-10-07 08:00:00,5.3411,5.4525,5.2904,5.4227,7941824.9
2025-10-07 12:00:00,5.4222,5.4745,5.2,5.2514,14628854.2
2025-10-07 16:00:00,5.2506,5.355,5.1852,5.293,8547707.7
2025-10-07 20:00:00,5.2932,5.365,5.2681,5.3123,3666962.9
2025-10-08 00:00:00,5.3114,5.3731,5.2112,5.218,5033701.3
2025-10-08 04:00:00,5.2179,5.3691,5.1753,5.2852,6103695.2
2025-10-08 08:00:00,5.2851,5.294,5.1662,5.1893,5075094.0
2025-10-08 12:00:00,5.1894,5.2782,5.1326,5.2073,5058981.1
2025-10-08 16:00:00,5.2074,5.3113,5.1719,5.2108,5711545.3
2025-10-08 20:00:00,5.2109,5.2284,5.1574,5.1684,2469192.9
2025-10-09 00:00:00,5.1685,5.1696,4.9782,5.0555,7294908.3
2025-10-09 04:00:00,5.0554,5.0866,5.0206,5.0386,4250418.3
2025-10-09 08:00:00,5.0387,5.0419,4.9378,4.9415,6192544.2
2025-10-09 12:00:00,4.9416,4.9654,4.8006,4.9103,11728878.4
2025-10-09 16:00:00,4.9104,5.0134,4.8616,5.0097,5915635.5
2025-10-09 20:00:00,5.0099,5.0522,4.9848,5.0019,2786695.1
2025-10-10 00:00:00,5.002,5.114,5.0008,5.0826,5675901.9
2025-10-10 04:00:00,5.0825,5.1024,4.9467,4.9614,4216023.8
2025-10-10 08:00:00,4.9616,4.9776,4.923,4.9502,3144511.1
2025-10-10 12:00:00,4.9503,5.063,4.7628,4.8777,14174412.2
2025-10-10 16:00:00,4.8776,4.9179,4.7451,4.7691,8278100.5
2025-10-10 20:00:00,4.7698,4.8089,1.7416,3.6441,74231521.1
2025-10-11 00:00:00,3.6456,3.9372,3.5,3.8699,24545976.5
2025-10-11 04:00:00,3.8696,4.0518,3.8491,3.9676,16217534.4
2025-10-11 08:00:00,3.9675,4.1013,3.8304,3.8753,11375104.3
2025-10-11 12:00:00,3.8753,3.8753,3.6694,3.8339,12086316.7
2025-10-11 16:00:00,3.8339,3.87,3.6272,3.6551,7464528.2
2025-10-11 20:00:00,3.6549,3.6846,3.5349,3.6382,8614657.0
2025-10-12 00:00:00,3.6382,3.6447,3.4978,3.5447,7517171.5
2025-10-12 04:00:00,3.5447,3.6524,3.5299,3.6176,6547754.7
2025-10-12 08:00:00,3.6176,3.6278,3.5203,3.5749,6354936.8
2025-10-12 12:00:00,3.5749,3.9045,3.5102,3.8859,18323254.9
2025-10-12 16:00:00,3.8857,3.9774,3.8206,3.9664,12159466.0
2025-10-12 20:00:00,3.9664,4.0239,3.834,3.9016,8712773.6
2025-10-13 00:00:00,3.9016,3.9208,3.792,3.8312,7603261.7
2025-10-13 04:00:00,3.8312,3.8967,3.7957,3.8214,8684202.0
2025-10-13 08:00:00,3.8216,3.862,3.6372,3.7153,13661111.1
2025-10-13 12:00:00,3.7154,3.8399,3.6828,3.7994,11918235.0
2025-10-13 16:00:00,3.7994,3.9253,3.7644,3.911,7013599.9
2025-10-13 20:00:00,3.911,3.9636,3.88,3.9228,4855510.2
2025-10-14 00:00:00,3.9228,3.944,3.7658,3.7955,5519998.9
2025-10-14 04:00:00,3.7955,3.807,3.57,3.6125,11613923.6
2025-10-14 08:00:00,3.6131,3.6614,3.5559,3.6253,7615779.4
2025-10-14 12:00:00,3.6254,3.6664,3.5252,3.6591,9558712.5
2025-10-14 16:00:00,3.6595,3.7135,3.5982,3.6463,10192869.5
2025-10-14 20:00:00,3.6464,3.6972,3.6223,3.6813,2930889.9
2025-10-15 00:00:00,3.681,3.6998,3.6102,3.6619,5132872.8
2025-10-15 04:00:00,3.6619,3.7018,3.6256,3.6991,3911849.0
2025-10-15 08:00:00,3.6991,3.7558,3.5996,3.6247,7091741.2
2025-10-15 12:00:00,3.6247,3.6297,3.4703,3.4877,12535891.6
2025-10-15 16:00:00,3.4878,3.5323,3.4705,3.4874,6070783.0
2025-10-15 20:00:00,3.487,3.5232,3.4115,3.5186,7067456.0
2025-10-16 00:00:00,3.5186,3.5807,3.4494,3.4684,5097824.8
2025-10-16 04:00:00,3.4679,3.5161,3.4576,3.4876,3948947.6
2025-10-16 08:00:00,3.4879,3.5366,3.2785,3.5325,10974972.1
2025-10-16 12:00:00,3.5325,3.5639,3.3423,3.3591,10702386.6
2025-10-16 16:00:00,3.3587,3.4185,3.267,3.2989,11389967.1
2025-10-16 20:00:00,3.299,3.3254,3.2367,3.2932,6048480.2
2025-10-17 00:00:00,3.2933,3.3395,3.2471,3.267,3952470.6
2025-10-17 04:00:00,3.267,3.2692,3.0087,3.0261,15885624.4
2025-10-17 08:00:00,3.0263,3.1311,2.9524,3.117,18134013.4
2025-10-17 12:00:00,3.1171,3.1759,3.0704,3.1735,12142369.9
2025-10-17 16:00:00,3.1736,3.2229,3.139,3.1558,8624739.3
2025-10-17 20:00:00,3.1559,3.2096,3.1473,3.1879,3113403.0
2025-10-18 00:00:00,3.1878,3.2284,3.1713,3.1905,2851440.7
2025-10-18 04:00:00,3.1905,3.1991,3.1099,3.1224,5297891.4
2025-10-18 08:00:00,3.1224,3.1919,3.1199,3.1811,4330851.9
2025-10-18 12:00:00,3.1812,3.1906,3.1135,3.1556,4502677.5
2025-10-18 16:00:00,3.1557,3.2121,3.1291,3.1971,3652190.3
2025-10-18 20:00:00,3.1971,3.2184,3.1768,3.203,1992816.9
2025-10-19 00:00:00,3.2029,3.205,3.1505,3.1698,2890885.5
2025-10-19 04:00:00,3.1698,3.1926,3.1569,3.1701,2960322.2
2025-10-19 08:00:00,3.1701,3.2333,3.1225,3.1899,8057500.7
2025-10-19 12:00:00,3.19,3.2585,3.156,3.2344,6140524.1
2025-10-19 16:00:00,3.2344,3.2505,3.1734,3.2007,5742416.1
2025-10-19 20:00:00,3.2006,3.2264,3.1788,3.191,3336824.0
2025-10-20 00:00:00,3.191,3.2598,3.1232,3.2511,5184426.9
2025-10-20 04:00:00,3.2509,3.3284,3.2318,3.2731,6365604.9
2025-10-20 08:00:00,3.2732,3.3328,3.2511,3.3215,4569105.1
2025-10-20 12:00:00,3.3216,3.3567,3.281,3.2833,5168595.5
2025-10-20 16:00:00,3.2832,3.2838,3.2062,3.2645,6988561.5
2025-10-20 20:00:00,3.2649,3.2823,3.2466,3.257,2059933.8
2025-10-21 00:00:00,3.2569,3.2623,3.1581,3.1716,4051628.5
2025-10-21 04:00:00,3.1715,3.1763,3.11,3.1523,5297625.0
2025-10-21 08:00:00,3.1524,3.1724,3.1149,3.1597,3991200.1
2025-10-21 12:00:00,3.1597,3.3641,3.1493,3.3512,9718999.6
2025-10-21 16:00:00,3.3511,3.3794,3.286,3.3127,7383885.7
2025-10-21 20:00:00,3.3127,3.3185,3.2005,3.2171,6693488.1
2025-10-22 00:00:00,3.2171,3.3055,3.2019,3.2238,8156287.3
2025-10-22 04:00:00,3.2237,3.2517,3.1739,3.2314,8472359.7
2025-10-22 08:00:00,3.2314,3.3688,3.1964,3.317,11702992.3
2025-10-22 12:00:00,3.3171,3.384,3.2669,3.3033,13266466.7
2025-10-22 16:00:00,3.3032,3.3207,3.1909,3.2161,9607260.2
2025-10-22 20:00:00,3.2162,3.225,3.0812,3.1865,9509361.8
2025-10-23 00:00:00,3.1866,3.2128,3.1568,3.1909,5352831.4
2025-10-23 04:00:00,3.1908,3.2562,3.1777,3.2217,6173711.1
2025-10-23 08:00:00,3.222,3.2616,3.2056,3.2096,4450369.3
2025-10-23 12:00:00,3.2095,3.2974,3.1774,3.2761,6588278.5
2025-10-23 16:00:00,3.2762,3.321,3.2643,3.283,4358227.7
2025-10-23 20:00:00,3.2829,3.2836,3.21,3.2397,4650562.9
2025-10-24 00:00:00,3.2397,3.2558,3.1637,3.179,5704439.3
2025-10-24 04:00:00,3.179,3.2614,3.16,3.2292,5910540.9
2025-10-24 08:00:00,3.2291,3.2639,3.2005,3.2328,4175874.9
2025-10-24 12:00:00,3.2329,3.3038,3.1874,3.2372,8676344.4
2025-10-24 16:00:00,3.2373,3.2892,3.2082,3.2766,4115271.0
2025-10-24 20:00:00,3.2765,3.3151,3.2732,3.3003,2699352.1
2025-10-25 00:00:00,3.3002,3.3256,3.2707,3.2735,2838991.0
2025-10-25 04:00:00,3.2735,3.3025,3.2401,3.2669,3412779.1
2025-10-25 08:00:00,3.2668,3.3063,3.2548,3.3,2723291.5
2025-10-25 12:00:00,3.3,3.3232,3.2844,3.2894,3067410.1
2025-10-25 16:00:00,3.2895,3.3162,3.2786,3.313,2368814.0
2025-10-25 20:00:00,3.3132,3.3146,3.297,3.3101,1569851.8
2025-10-26 00:00:00,3.3101,3.3188,3.2739,3.2853,2275301.0
2025-10-26 04:00:00,3.2853,3.3351,3.2846,3.3242,2446059.4
2025-10-26 08:00:00,3.3242,3.4433,3.323,3.4364,6395361.5
2025-10-26 12:00:00,3.4365,3.5887,3.4363,3.5817,7270899.8
2025-10-26 16:00:00,3.5816,3.6218,3.5036,3.5582,8154113.2
2025-10-26 20:00:00,3.5582,3.6073,3.5171,3.5825,4794077.5
2025-10-27 00:00:00,3.5825,3.619,3.5585,3.5861,4439458.2
2025-10-27 04:00:00,3.5862,3.6474,3.4917,3.532,6048561.0
2025-10-27 08:00:00,3.5319,3.5456,3.4597,3.5003,5533887.2
2025-10-27 12:00:00,3.5003,3.5081,3.4144,3.4702,6315830.5
2025-10-27 16:00:00,3.4703,3.539,3.4703,3.4826,4104286.2
2025-10-27 20:00:00,3.4825,3.4838,3.425,3.4553,3568187.4
2025-10-28 00:00:00,3.4554,3.4681,3.4066,3.4245,2996922.2
2025-10-28 04:00:00,3.4246,3.506,3.4043,3.4558,4665170.8
2025-10-28 08:00:00,3.4559,3.5011,3.4381,3.4491,4200051.9
2025-10-28 12:00:00,3.4491,3.5095,3.3773,3.4477,6579848.7
2025-10-28 16:00:00,3.4477,3.487,3.4054,3.4195,4219698.4
2025-10-28 20:00:00,3.4191,3.4191,3.2995,3.3544,6721731.0
2025-10-29 00:00:00,3.3544,3.37,3.3252,3.3264,2420041.1
2025-10-29 04:00:00,3.3265,3.3645,3.3238,3.3565,2280083.8
2025-10-29 08:00:00,3.3566,3.4263,3.3252,3.417,3801141.0
2025-10-29 12:00:00,3.4171,3.4399,3.3419,3.3576,5365761.3
2025-10-29 16:00:00,3.3577,3.485,3.299,3.4488,12240570.8
2025-10-29 20:00:00,3.4489,3.5067,3.3833,3.4012,4124703.8
2025-10-30 00:00:00,3.4014,3.4478,3.3756,3.4058,4482955.0
2025-10-30 04:00:00,3.4057,3.4645,3.2712,3.4526,9714432.7
2025-10-30 08:00:00,3.4526,3.4618,3.3451,3.3487,6774157.5
2025-10-30 12:00:00,3.3488,3.3576,3.1731,3.1904,11204422.1
2025-10-30 16:00:00,3.1903,3.2055,3.0661,3.0742,8789541.9
2025-10-30 20:00:00,3.0746,3.2048,3.0624,3.2001,5038242.7
2025-10-31 00:00:00,3.2001,3.2631,3.182,3.2193,4236372.8
2025-10-31 04:00:00,3.2192,3.2754,3.2192,3.2312,3224430.5
2025-10-31 08:00:00,3.2311,3.285,3.2014,3.2791,4245999.2
2025-10-31 12:00:00,3.2791,3.3063,3.2464,3.2859,4183014.6
2025-10-31 16:00:00,3.2861,3.2959,3.1893,3.2866,5432132.0
2025-10-31 20:00:00,3.2863,3.2964,3.2413,3.2566,1985003.5
2025-11-01 00:00:00,3.2565,3.2986,3.2367,3.286,2265399.9
2025-11-01 04:00:00,3.286,3.2936,3.2287,3.2834,2605798.9
2025-11-01 08:00:00,3.2834,3.3035,3.2644,3.2864,2635906.5
2025-11-01 12:00:00,3.2864,3.3366,3.2714,3.3106,4985554.0
2025-11-01 16:00:00,3.3105,3.3329,3.2972,3.3102,2923152.3
2025-11-01 20:00:00,3.3102,3.3335,3.2748,3.3291,1771918.7
2025-11-02 00:00:00,3.329,3.3349,3.288,3.2925,1819478.9
2025-11-02 04:00:00,3.2925,3.3996,3.2873,3.3863,3007732.6
2025-11-02 08:00:00,3.3864,3.4239,3.341,3.3895,4504107.4
2025-11-02 12:00:00,3.3895,3.4157,3.276,3.2845,5221173.7
2025-11-02 16:00:00,3.2844,3.317,3.2431,3.2832,3215369.7
2025-11-02 20:00:00,3.2832,3.3825,3.2758,3.3723,2693616.9
2025-11-03 00:00:00,3.3722,3.382,3.1335,3.1445,6809877.0
2025-11-03 04:00:00,3.1444,3.1822,3.0683,3.1289,7243472.2
2025-11-03 08:00:00,3.1291,3.1633,3.0635,3.1016,7369135.5
2025-11-03 12:00:00,3.1016,3.1303,2.7545,2.8415,19526981.6
2025-11-03 16:00:00,2.8415,2.9477,2.81,2.8155,11929939.5
2025-11-03 20:00:00,2.8154,2.82,2.7202,2.7738,10011948.0
2025-11-04 00:00:00,2.7739,2.841,2.7419,2.7836,7801508.7
2025-11-04 04:00:00,2.7837,2.8142,2.6265,2.6432,14680578.6
2025-11-04 08:00:00,2.6431,2.7786,2.6262,2.7365,12397634.7
2025-11-04 12:00:00,2.7366,2.756,2.6312,2.6763,13999274.0
2025-11-04 16:00:00,2.6764,2.6921,2.5027,2.5496,18100338.2
2025-11-04 20:00:00,2.5497,2.5893,2.3856,2.5576,20741517.0
2025-11-05 00:00:00,2.5577,2.6236,2.4153,2.6167,11682795.6
2025-11-05 04:00:00,2.6167,2.6346,2.5753,2.607,5660432.0
2025-11-05 08:00:00,2.6069,2.6316,2.5538,2.6225,7006229.8
2025-11-05 12:00:00,2.6226,2.656,2.5979,2.6536,7555554.1
2025-11-05 16:00:00,2.6536,2.677,2.6164,2.6603,6721499.5
2025-11-05 20:00:00,2.6602,2.7033,2.6526,2.6758,5680855.3
2025-11-06 00:00:00,2.6758,2.6893,2.6132,2.6719,4908195.0
2025-11-06 04:00:00,2.672,2.6873,2.6,2.6199,4474118.6
2025-11-06 08:00:00,2.6199,2.6574,2.6043,2.6364,4621373.5
2025-11-06 12:00:00,2.6364,2.7018,2.6023,2.6856,11622657.8
2025-11-06 16:00:00,2.6856,2.739,2.6345,2.7101,15182089.9
2025-11-06 20:00:00,2.7102,2.7643,2.6772,2.7344,6566884.1
2025-11-07 00:00:00,2.7342,3.0382,2.7203,2.9878,22878411.2
2025-11-07 04:00:00,2.9878,3.1711,2.9878,3.1699,27004794.1
2025-11-07 08:00:00,3.1699,3.17,2.9009,2.9207,21655034.7
2025-11-07 12:00:00,2.9208,3.1415,2.8286,3.1255,24107087.6
2025-11-07 16:00:00,3.1255,3.2379,3.0426,3.1774,22975694.6
2025-11-07 20:00:00,3.1774,3.2778,3.1464,3.163,7682283.8
2025-11-08 00:00:00,3.163,3.2383,3.106,3.1292,8337860.5
2025-11-08 04:00:00,3.1293,3.1672,3.0529,3.1095,6457545.3
2025-11-08 08:00:00,3.1094,3.1677,3.0764,3.1401,5479564.7
2025-11-08 12:00:00,3.1402,3.1649,3.007,3.0229,6919013.2
2025-11-08 16:00:00,3.0229,3.0831,2.9714,3.0565,5974872.3
2025-11-08 20:00:00,3.0565,3.0985,3.0375,3.0798,2428845.1
2025-11-09 00:00:00,3.0798,3.081,2.9478,2.97,4721324.3
2025-11-09 04:00:00,2.9699,3.032,2.9665,3.0275,2949354.0
2025-11-09 08:00:00,3.0274,3.0477,2.932,3.0264,5514263.7
2025-11-09 12:00:00,3.0264,3.133,3.0209,3.1155,7320877.6
2025-11-09 16:00:00,3.1156,3.2494,3.0941,3.2482,8683088.0
2025-11-09 20:00:00,3.2481,3.2567,3.1873,3.2333,4444931.4
2025-11-10 00:00:00,3.2332,3.2628,3.1911,3.249,4901209.4
2025-11-10 04:00:00,3.249,3.2744,3.2063,3.2276,4106522.4
2025-11-10 08:00:00,3.2277,3.327,3.2017,3.2711,7297635.4
2025-11-10 12:00:00,3.2712,3.2853,3.176,3.2288,7257223.3
2025-11-10 16:00:00,3.2286,3.2928,3.1776,3.2578,5086100.2
2025-11-10 20:00:00,3.2577,3.3496,3.2283,3.2956,4516404.3
2025-11-11 00:00:00,3.2956,3.3769,3.2561,3.3273,5380036.2
2025-11-11 04:00:00,3.3273,3.3359,3.1599,3.1632,5317998.2
2025-11-11 08:00:00,3.1632,3.2312,3.1426,3.1931,4491829.3
2025-11-11 12:00:00,3.1932,3.2658,3.1578,3.2017,6034010.5
2025-11-11 16:00:00,3.2016,3.2312,3.1144,3.1235,4419017.1
2025-11-11 20:00:00,3.1236,3.1322,3.0675,3.0893,4756899.5
2025-11-12 00:00:00,3.0894,3.1411,3.0514,3.1345,4328097.2
2025-11-12 04:00:00,3.1345,3.1408,3.0937,3.0984,2487168.5
2025-11-12 08:00:00,3.0985,3.1982,3.0956,3.1399,4931843.2
2025-11-12 12:00:00,3.1399,3.1633,3.0352,3.0715,8069700.3
2025-11-12 16:00:00,3.0715,3.0918,2.9829,3.0152,7572994.3
2025-11-12 20:00:00,3.0153,3.0767,3.0018,3.0335,2852718.5
2025-11-13 00:00:00,3.0334,3.0858,2.975,3.0583,5202314.4
2025-11-13 04:00:00,3.0584,3.1327,3.0351,3.089,4222412.4
2025-11-13 08:00:00,3.0889,3.1095,3.051,3.0823,3443166.1
2025-11-13 12:00:00,3.0822,3.1631,3.0383,3.0689,8896474.3
2025-11-13 16:00:00,3.0688,3.0784,2.8629,2.8788,10275618.6
2025-11-13 20:00:00,2.8788,2.9982,2.8636,2.9774,5639447.6
2025-11-14 00:00:00,2.9774,2.9995,2.907,2.926,5028467.0
2025-11-14 04:00:00,2.926,2.9676,2.8052,2.9428,8729512.4
2025-11-14 08:00:00,2.9428,2.9453,2.8735,2.8825,4581150.0
2025-11-14 12:00:00,2.8825,3.1099,2.8308,3.0983,10805238.3
2025-11-14 16:00:00,3.0984,3.1344,3.0243,3.0389,7933017.3
2025-11-14 20:00:00,3.0389,3.0424,2.8647,2.9182,6752176.9
2025-11-15 00:00:00,2.9183,2.98,2.9123,2.9552,4509177.8
2025-11-15 04:00:00,2.9551,3.0249,2.9536,2.9614,4061162.3
2025-11-15 08:00:00,2.9614,2.9651,2.8888,2.8984,4413844.5
2025-11-15 12:00:00,2.8984,2.9555,2.888,2.9305,3368461.8
2025-11-15 16:00:00,2.9303,2.9693,2.9041,2.9438,2949538.9
2025-11-15 20:00:00,2.9438,2.9476,2.8939,2.9241,2203567.5
2025-11-16 00:00:00,2.924,2.9422,2.8554,2.94,3038036.0
2025-11-16 04:00:00,2.9399,2.9732,2.9086,2.9507,2325321.5
2025-11-16 08:00:00,2.9507,2.96,2.8767,2.8851,3263943.5
2025-11-16 12:00:00,2.8849,2.9053,2.8288,2.8353,3830785.4
2025-11-16 16:00:00,2.8351,2.858,2.7415,2.8063,7574122.5
2025-11-16 20:00:00,2.8064,2.8431,2.7623,2.8291,4552569.4
2025-11-17 00:00:00,2.8291,2.8974,2.8072,2.8929,3487222.5
2025-11-17 04:00:00,2.893,2.9129,2.8563,2.9081,2561892.6
2025-11-17 08:00:00,2.9082,2.9249,2.8845,2.9153,2468643.0
2025-11-17 12:00:00,2.9152,2.9529,2.8119,2.8513,8305009.0
2025-11-17 16:00:00,2.8514,2.8826,2.6968,2.7153,7743409.2
2025-11-17 20:00:00,2.7152,2.7518,2.68,2.7507,5441632.7
2025-11-18 00:00:00,2.7507,2.821,2.7092,2.8049,6141913.8
2025-11-18 04:00:00,2.805,2.8527,2.7707,2.8113,3954916.8
2025-11-18 08:00:00,2.8115,2.9092,2.811,2.8776,4710628.0
2025-11-18 12:00:00,2.8776,2.9671,2.829,2.9379,6217060.3
2025-11-18 16:00:00,2.9378,2.9603,2.9016,2.9334,4162020.7
2025-11-18 20:00:00,2.9333,2.9471,2.8883,2.9118,2309224.8
2025-11-19 00:00:00,2.9117,2.9295,2.864,2.8707,3093810.9
2025-11-19 04:00:00,2.8705,2.8797,2.8043,2.8744,3556192.2
2025-11-19 08:00:00,2.8743,2.9087,2.8504,2.8985,4103860.2
2025-11-19 12:00:00,2.8986,2.9038,2.8042,2.8094,4834747.4
2025-11-19 16:00:00,2.8093,2.8294,2.71,2.7337,5988277.4
2025-11-19 20:00:00,2.7338,2.885,2.7249,2.8834,4034184.9
2025-11-20 00:00:00,2.8833,2.9763,2.8715,2.9628,4082745.7
2025-11-20 04:00:00,2.9627,2.9984,2.9343,2.9659,3721573.2
2025-11-20 08:00:00,2.966,3.0352,2.9483,3.0245,4601960.9
2025-11-20 12:00:00,3.0245,3.0579,2.9504,2.955,7088704.3
2025-11-20 16:00:00,2.9549,2.957,2.7411,2.7771,12195946.5
2025-11-20 20:00:00,2.777,2.8522,2.7292,2.7414,5631790.0
2025-11-21 00:00:00,2.7416,2.8244,2.7124,2.7145,7140147.3
2025-11-21 04:00:00,2.7145,2.7271,2.383,2.5418,13248634.2
2025-11-21 08:00:00,2.5417,2.5824,2.4486,2.462,10661845.6
2025-11-21 12:00:00,2.462,2.5396,2.4088,2.4641,13142259.8
2025-11-21 16:00:00,2.4641,2.5463,2.4317,2.4449,8684597.2
2025-11-21 20:00:00,2.4448,2.4461,2.329,2.3916,10329877.4
2025-11-22 00:00:00,2.3916,2.4062,2.3538,2.3726,5852682.7
2025-11-22 04:00:00,2.3726,2.3763,2.2793,2.3407,7576628.6
2025-11-22 08:00:00,2.3407,2.3451,2.2929,2.3306,6486016.6
2025-11-22 12:00:00,2.3307,2.3495,2.2824,2.318,7465664.6
2025-11-22 16:00:00,2.3179,2.3427,2.2941,2.3135,4213047.9
2025-11-22 20:00:00,2.3136,2.3671,2.3041,2.3256,3106577.4
2025-11-23 00:00:00,2.3255,2.3587,2.3061,2.3452,3212024.7
2025-11-23 04:00:00,2.3452,2.3714,2.3215,2.3404,3008514.9
2025-11-23 08:00:00,2.3404,2.3628,2.3297,2.347,2981236.7
2025-11-23 12:00:00,2.3471,2.369,2.3163,2.3502,3972474.6
2025-11-23 16:00:00,2.3502,2.3658,2.3101,2.3492,3621991.6
2025-11-23 20:00:00,2.3491,2.3762,2.3253,2.3377,2686907.1
2025-11-24 00:00:00,2.3378,2.3853,2.3059,2.3647,4283665.8
2025-11-24 04:00:00,2.3647,2.3741,2.3019,2.3067,4888974.7
2025-11-24 08:00:00,2.3067,2.3074,2.2322,2.2654,6941526.6
2025-11-24 12:00:00,2.2654,2.291,2.23,2.2645,7384223.3
2025-11-24 16:00:00,2.2644,2.37,2.2613,2.3504,7261760.6
2025-11-24 20:00:00,2.3504,2.3888,2.3399,2.3414,4243715.3
2025-11-25 00:00:00,2.3412,2.3617,2.2961,2.3058,3221442.2
2025-11-25 04:00:00,2.3057,2.3231,2.2583,2.2612,5073863.8
2025-11-25 08:00:00,2.2609,2.2771,2.24,2.2547,5526867.1
2025-11-25 12:00:00,2.2548,2.2756,2.19,2.2232,9438158.3
2025-11-25 16:00:00,2.2231,2.2972,2.1977,2.231,7280551.5
2025-11-25 20:00:00,2.2311,2.312,2.2259,2.2916,6686570.0
2025-11-26 00:00:00,2.2916,2.2988,2.2465,2.2613,5130907.8
2025-11-26 04:00:00,2.2613,2.2875,2.2564,2.2833,2818021.6
2025-11-26 08:00:00,2.2832,2.2836,2.2225,2.2299,5225169.3
2025-11-26 12:00:00,2.2299,2.2321,2.1462,2.1644,8796010.9
2025-11-26 16:00:00,2.1643,2.2919,2.1637,2.2731,8905298.7
2025-11-26 20:00:00,2.2731,2.2914,2.2516,2.2696,3336067.8
2025-11-27 00:00:00,2.2697,2.298,2.2376,2.2394,4564473.7
2025-11-27 04:00:00,2.2395,2.2695,2.2241,2.2627,2920627.0
2025-11-27 08:00:00,2.2627,2.2847,2.2464,2.2541,2794126.6
2025-11-27 12:00:00,2.2541,2.3173,2.2427,2.3041,5783325.1
2025-11-27 16:00:00,2.3042,2.3486,2.3029,2.3159,4904166.5
2025-11-27 20:00:00,2.316,2.3169,2.2607,2.2632,2739029.3
2025-11-28 00:00:00,2.2631,2.2705,2.2043,2.2189,5505049.7
2025-11-28 04:00:00,2.2188,2.2213,2.1728,2.1918,5693557.3
2025-11-28 08:00:00,2.1919,2.2448,2.1573,2.1736,6845573.0
2025-11-28 12:00:00,2.1736,2.2266,2.1544,2.1967,10459043.7
2025-11-28 16:00:00,2.1966,2.1966,2.1047,2.127,12739331.7
2025-11-28 20:00:00,2.127,2.1581,2.1048,2.1558,5303706.8
2025-11-29 00:00:00,2.1559,2.16,2.1194,2.1287,4358079.1
2025-11-29 04:00:00,2.1287,2.1427,2.1001,2.1136,3974346.9
2025-11-29 08:00:00,2.1136,2.1167,2.0611,2.0757,8200995.9
2025-11-29 12:00:00,2.0758,2.0758,2.0141,2.0338,11827192.3
2025-11-29 16:00:00,2.0337,2.0341,1.968,2.0203,13652340.3
2025-11-29 20:00:00,2.0204,2.0455,2.0102,2.0366,5711384.5
2025-11-30 00:00:00,2.0366,2.0375,2.0047,2.0329,4162966.6
2025-11-30 04:00:00,2.0329,2.0517,2.0087,2.0333,4805410.5
2025-11-30 08:00:00,2.0332,2.0353,2.0032,2.0082,3768487.2
2025-11-30 12:00:00,2.0082,2.0422,1.9957,2.0251,5633663.6
2025-11-30 16:00:00,2.0252,2.0541,2.0203,2.028,5996689.9
2025-11-30 20:00:00,2.0279,2.0344,1.976,1.9828,6688975.4
2025-12-01 00:00:00,1.9827,1.9843,1.8337,1.851,26574503.9
2025-12-01 04:00:00,1.851,1.8631,1.8139,1.8316,9057190.6
2025-12-01 08:00:00,1.8316,1.8557,1.8201,1.8404,7387070.5
2025-12-01 12:00:00,1.8405,1.8799,1.8096,1.8407,13537561.9
2025-12-01 16:00:00,1.8408,1.8549,1.8103,1.837,7694303.0
2025-12-01 20:00:00,1.837,1.876,1.8367,1.8675,5580328.7
2025-12-02 00:00:00,1.8676,1.876,1.8383,1.8651,5772406.0
2025-12-02 04:00:00,1.865,1.9545,1.8542,1.9407,9350786.4
2025-12-02 08:00:00,1.9407,1.9444,1.8729,1.8893,9019922.0
2025-12-02 12:00:00,1.8893,2.0064,1.889,2.0033,13184261.9
2025-12-02 16:00:00,2.0033,2.0077,1.9665,1.9761,8191618.8
2025-12-02 20:00:00,1.9761,1.9815,1.9454,1.9682,6188937.5
2025-12-03 00:00:00,1.9682,2.0053,1.9658,1.9867,4618416.0
2025-12-03 04:00:00,1.9867,2.0194,1.9812,2.0092,6049151.2
2025-12-03 08:00:00,2.0093,2.0311,1.9862,1.9975,6708782.8
2025-12-03 12:00:00,1.9975,2.0196,1.9501,1.9896,9325040.3
2025-12-03 16:00:00,1.9896,2.0118,1.9748,2.0055,3919352.9
2025-12-03 20:00:00,2.0055,2.0414,1.9938,2.0194,5029662.4
2025-12-04 00:00:00,2.0194,2.0369,2.0029,2.0109,4393504.2
2025-12-04 04:00:00,2.0109,2.0162,1.9825,1.9908,4931415.5
2025-12-04 08:00:00,1.9908,2.0146,1.9824,1.9908,4198604.7
2025-12-04 12:00:00,1.9907,2.0102,1.961,1.9935,6054417.5
2025-12-04 16:00:00,1.9935,2.0067,1.9139,1.95,10657903.6
2025-12-04 20:00:00,1.95,1.9584,1.9279,1.9352,2993935.6
2025-12-05 00:00:00,1.935,1.954,1.9208,1.9247,4292626.1
2025-12-05 04:00:00,1.9247,1.9306,1.8899,1.9061,5422625.1
2025-12-05 08:00:00,1.906,1.9068,1.8359,1.8471,8055473.0
2025-12-05 12:00:00,1.8471,1.8583,1.8035,1.815,14787137.7
2025-12-05 16:00:00,1.815,1.8156,1.7107,1.7374,24862596.7
2025-12-05 20:00:00,1.7374,1.7555,1.7152,1.7473,8908276.8
2025-12-06 00:00:00,1.7472,1.7481,1.7004,1.7379,10225855.8
2025-12-06 04:00:00,1.7379,1.738,1.7046,1.7279,5824030.5
2025-12-06 08:00:00,1.728,1.7303,1.6873,1.7147,10395918.9
2025-12-06 12:00:00,1.7147,1.7712,1.7055,1.7557,10307326.6
2025-12-06 16:00:00,1.7556,1.8151,1.7542,1.7631,11764075.3
2025-12-06 20:00:00,1.7632,1.7759,1.7434,1.7556,6207969.4
2025-12-07 00:00:00,1.7557,1.7594,1.7377,1.7469,4115210.8
2025-12-07 04:00:00,1.7469,1.7495,1.7214,1.7273,5384132.4
2025-12-07 08:00:00,1.7273,1.7355,1.7033,1.7099,7128387.5
2025-12-07 12:00:00,1.71,1.7426,1.6523,1.7239,19501937.9
2025-12-07 16:00:00,1.7239,1.7741,1.704,1.7598,9511728.3
2025-12-07 20:00:00,1.7598,1.7619,1.6697,1.7071,9394247.7
2025-12-08 00:00:00,1.7072,1.7468,1.6805,1.7394,8553376.3
2025-12-08 04:00:00,1.7394,1.7733,1.7394,1.7637,6140478.8
2025-12-08 08:00:00,1.7637,1.7871,1.7565,1.7614,6188405.5
2025-12-08 12:00:00,1.7614,1.8008,1.7526,1.7681,8885363.2
2025-12-08 16:00:00,1.768,1.8017,1.7545,1.7785,9007396.3
2025-12-08 20:00:00,1.7785,1.8108,1.7785,1.7905,5012136.3
2025-12-09 00:00:00,1.7905,1.7962,1.7502,1.7764,5215562.2
2025-12-09 04:00:00,1.7764,1.7913,1.7304,1.7888,6507809.2
2025-12-09 08:00:00,1.7888,1.7937,1.7268,1.7496,7086853.0
2025-12-09 12:00:00,1.7496,1.8331,1.7441,1.8306,8306095.0
2025-12-09 16:00:00,1.8305,1.9216,1.8301,1.8961,13239181.2
2025-12-09 20:00:00,1.896,1.9114,1.8549,1.885,7838219.3
2025-12-10 00:00:00,1.885,1.89,1.8359,1.8407,4370119.8
2025-12-10 04:00:00,1.8408,1.8471,1.814,1.8251,4222961.5
2025-12-10 08:00:00,1.825,1.8266,1.7753,1.7858,8239301.8
2025-12-10 12:00:00,1.7857,1.8077,1.7676,1.7932,7095637.5
2025-12-10 16:00:00,1.7932,1.8612,1.7874,1.8568,12228535.2
2025-12-10 20:00:00,1.8568,1.9124,1.7672,1.7767,13528081.7
2025-12-11 00:00:00,1.7767,1.7794,1.6905,1.6936,11330860.7
2025-12-11 04:00:00,1.6936,1.7404,1.6855,1.7084,5899515.6
2025-12-11 08:00:00,1.7083,1.7111,1.6947,1.7048,4319267.8
2025-12-11 12:00:00,1.7049,1.7166,1.6814,1.6963,7777263.1
2025-12-11 16:00:00,1.6963,1.7369,1.6796,1.7121,8145959.6
2025-12-11 20:00:00,1.7121,1.7587,1.7066,1.7245,8921892.3
2025-12-12 00:00:00,1.7246,1.7358,1.6975,1.7182,5222143.6
2025-12-12 04:00:00,1.7181,1.7334,1.7032,1.7085,4448113.6
2025-12-12 08:00:00,1.7085,1.7281,1.6902,1.7091,5938734.0
2025-12-12 12:00:00,1.7091,1.7169,1.6119,1.6226,14493401.6
2025-12-12 16:00:00,1.6226,1.6488,1.5968,1.623,12874597.1
2025-12-12 20:00:00,1.6231,1.6399,1.6208,1.6315,3972046.0
2025-12-13 00:00:00,1.6315,1.6666,1.6241,1.6649,4055538.0
2025-12-13 04:00:00,1.6648,1.6722,1.6419,1.6603,4854428.1
2025-12-13 08:00:00,1.6603,1.6874,1.6514,1.6815,5846291.4
2025-12-13 12:00:00,1.6815,1.6881,1.6524,1.6878,12088144.0
2025-12-13 16:00:00,1.6878,1.709,1.6831,1.6966,5262095.8
2025-12-13 20:00:00,1.6965,1.7052,1.6746,1.6978,3777869.3
2025-12-14 00:00:00,1.6979,1.7013,1.6802,1.6875,2532514.3
2025-12-14 04:00:00,1.6876,1.6888,1.6638,1.677,3404225.2
2025-12-14 08:00:00,1.677,1.6939,1.6502,1.6685,5942202.2
2025-12-14 12:00:00,1.6686,1.678,1.6356,1.6384,5345989.9
2025-12-14 16:00:00,1.6383,1.6502,1.6212,1.6278,5737096.2
2025-12-14 20:00:00,1.6277,1.6366,1.5947,1.6142,5296730.2
2025-12-15 00:00:00,1.6141,1.6704,1.6124,1.6506,5399704.2
2025-12-15 04:00:00,1.6505,1.6704,1.6396,1.6443,3436278.8
2025-12-15 08:00:00,1.6443,1.6618,1.6354,1.6396,3669695.5
2025-12-15 12:00:00,1.6397,1.6616,1.5422,1.5534,16209160.2
2025-12-15 16:00:00,1.5532,1.5739,1.5215,1.5553,11944317.3
2025-12-15 20:00:00,1.5553,1.5741,1.534,1.5712,5420239.8
2025-12-16 00:00:00,1.5712,1.5885,1.5517,1.5675,5603253.4
2025-12-16 04:00:00,1.5676,1.5699,1.5368,1.5522,4213331.3
2025-12-16 08:00:00,1.5523,1.5977,1.5506,1.5954,4713527.3
2025-12-16 12:00:00,1.5954,1.6049,1.5513,1.601,8435824.5
2025-12-16 16:00:00,1.6008,1.6059,1.58,1.5985,4657362.1
2025-12-16 20:00:00,1.5985,1.6036,1.5834,1.5909,2631656.9
2025-12-17 00:00:00,1.5908,1.5998,1.5764,1.5816,2861437.2
2025-12-17 04:00:00,1.5816,1.5848,1.5553,1.5725,3998916.5
2025-12-17 08:00:00,1.5725,1.5725,1.5433,1.5595,3841571.6
2025-12-17 12:00:00,1.5595,1.6417,1.5456,1.5615,13762751.7
2025-12-17 16:00:00,1.5614,1.5721,1.4889,1.5138,14657421.7
2025-12-17 20:00:00,1.5138,1.5297,1.4766,1.5003,5813157.5
2025-12-18 00:00:00,1.5004,1.5028,1.4706,1.4781,5558248.9
2025-12-18 04:00:00,1.4781,1.4876,1.4583,1.4864,6354337.4
2025-12-18 08:00:00,1.4864,1.5035,1.4822,1.493,4367860.1
2025-12-18 12:00:00,1.493,1.5669,1.4895,1.5444,10968790.3
2025-12-18 16:00:00,1.5443,1.5507,1.413,1.4196,15645967.3
2025-12-18 20:00:00,1.4195,1.4714,1.4193,1.4495,8533552.4
2025-12-19 00:00:00,1.4496,1.502,1.4217,1.4905,8158803.4
2025-12-19 04:00:00,1.4904,1.526,1.4723,1.5158,6901144.0
2025-12-19 08:00:00,1.5157,1.5253,1.5097,1.5179,3691685.5
2025-12-19 12:00:00,1.5179,1.5831,1.5129,1.5685,9130448.7
2025-12-19 16:00:00,1.5685,1.6611,1.567,1.6311,19229219.2
2025-12-19 20:00:00,1.6311,1.6623,1.6219,1.6375,7583950.5
2025-12-20 00:00:00,1.6374,1.6488,1.6214,1.6357,4278113.2
2025-12-20 04:00:00,1.6356,1.6596,1.6201,1.6563,4321856.9
2025-12-20 08:00:00,1.6563,1.6981,1.6286,1.638,13595385.7
2025-12-20 12:00:00,1.638,1.6404,1.597,1.5986,6550461.6
2025-12-20 16:00:00,1.5985,1.6117,1.5909,1.5996,3425332.3
2025-12-20 20:00:00,1.5996,1.6322,1.5991,1.6108,3701651.1
2025-12-21 00:00:00,1.6109,1.6158,1.594,1.6095,2842574.4
2025-12-21 04:00:00,1.6095,1.6363,1.6053,1.6244,3859913.8
2025-12-21 08:00:00,1.6244,1.6564,1.6127,1.6173,5984312.5
2025-12-21 12:00:00,1.6174,1.6236,1.5529,1.5646,10107094.4
2025-12-21 16:00:00,1.5645,1.5862,1.5559,1.5746,4841010.0
2025-12-21 20:00:00,1.5747,1.592,1.5473,1.5729,3785871.8
2025-12-22 00:00:00,1.5728,1.6121,1.5543,1.5866,4563529.5
2025-12-22 04:00:00,1.5865,1.6363,1.5806,1.6356,4893329.7
2025-12-22 08:00:00,1.6356,1.649,1.6104,1.6437,9476589.1
2025-12-22 12:00:00,1.6438,1.6521,1.6209,1.6476,6499063.3
2025-12-22 16:00:00,1.6477,1.6662,1.6039,1.6081,8329137.2
2025-12-22 20:00:00,1.6081,1.6297,1.5984,1.6203,3964790.1
2025-12-23 00:00:00,1.6203,1.6335,1.5903,1.5969,3832989.9
2025-12-23 04:00:00,1.5968,1.6414,1.5823,1.5941,8875506.7
2025-12-23 08:00:00,1.5941,1.6089,1.5652,1.6028,5940572.1
2025-12-23 12:00:00,1.6028,1.6028,1.556,1.5808,7691021.6
2025-12-23 16:00:00,1.5809,1.6261,1.5781,1.6122,5957739.3
2025-12-23 20:00:00,1.6121,1.6297,1.5988,1.612,3044261.4
2025-12-24 00:00:00,1.612,1.6225,1.5687,1.5922,3999475.0
2025-12-24 04:00:00,1.5922,1.6021,1.5664,1.58,3009714.9
2025-12-24 08:00:00,1.58,1.5876,1.563,1.5657,3417370.4
2025-12-24 12:00:00,1.5657,1.6111,1.5534,1.5916,6608847.3
2025-12-24 16:00:00,1.5916,1.6186,1.5802,1.6169,4954967.9
2025-12-24 20:00:00,1.6168,1.645,1.6108,1.641,4324589.4
2025-12-25 00:00:00,1.641,1.6599,1.6174,1.6485,4597558.3
2025-12-25 04:00:00,1.6485,1.6879,1.641,1.6713,8571427.2
2025-12-25 08:00:00,1.6714,1.679,1.6311,1.6434,4735371.5
2025-12-25 12:00:00,1.6434,1.6628,1.6347,1.6571,3374244.8
2025-12-25 16:00:00,1.6571,1.6591,1.6288,1.6495,3004064.9
2025-12-25 20:00:00,1.6495,1.6542,1.588,1.5913,4573985.6
2025-12-26 00:00:00,1.5912,1.6973,1.5884,1.6743,9406462.2
2025-12-26 04:00:00,1.6743,1.7206,1.6595,1.6672,6772152.4
2025-12-26 08:00:00,1.6671,1.6933,1.6636,1.6898,2874099.8
2025-12-26 12:00:00,1.6898,1.7104,1.6567,1.6693,7080268.1
2025-12-26 16:00:00,1.6694,1.6943,1.6434,1.6872,4677632.8
2025-12-26 20:00:00,1.6872,1.703,1.6695,1.68,2998097.0
2025-12-27 00:00:00,1.68,1.7171,1.6737,1.7169,3505078.7
2025-12-27 04:00:00,1.7169,1.7175,1.693,1.6964,2387677.5
2025-12-27 08:00:00,1.6963,1.7368,1.6895,1.7315,4689616.1
2025-12-27 12:00:00,1.7315,1.7533,1.7104,1.7376,8703862.5
2025-12-27 16:00:00,1.7376,1.7406,1.7154,1.7222,2327048.8
2025-12-27 20:00:00,1.7222,1.7648,1.7121,1.7545,4910248.1
2025-12-28 00:00:00,1.7545,1.7572,1.7301,1.7436,2389488.3
2025-12-28 04:00:00,1.7436,1.7524,1.7382,1.7465,3233663.8
2025-12-28 08:00:00,1.7466,1.7572,1.7243,1.7315,2983939.8
2025-12-28 12:00:00,1.7316,1.741,1.7148,1.7285,2979699.9
2025-12-28 16:00:00,1.7285,1.7404,1.7003,1.7023,3558079.7
2025-12-28 20:00:00,1.7022,1.7256,1.6949,1.7256,2273518.7
2025-12-29 00:00:00,1.7256,1.7762,1.7139,1.7661,7359007.0
2025-12-29 04:00:00,1.766,1.8046,1.7475,1.7558,8826686.9
2025-12-29 08:00:00,1.7558,1.7608,1.7152,1.7208,4411564.3
2025-12-29 12:00:00,1.7208,1.7227,1.6848,1.7053,7376070.6
2025-12-29 16:00:00,1.7052,1.715,1.6781,1.6836,4527687.7
2025-12-29 20:00:00,1.6835,1.6895,1.6729,1.6763,2492349.6
2025-12-30 00:00:00,1.6763,1.7216,1.6666,1.6826,5694064.6
2025-12-30 04:00:00,1.6825,1.694,1.6671,1.6848,3439265.4
2025-12-30 08:00:00,1.6848,1.7333,1.6848,1.7293,4126766.2
2025-12-30 12:00:00,1.7293,1.7542,1.7025,1.7507,8567248.1
2025-12-30 16:00:00,1.7508,1.7532,1.7034,1.7209,4334246.5
2025-12-30 20:00:00,1.7209,1.7209,1.6981,1.7159,2214991.3
2025-12-31 00:00:00,1.716,1.735,1.7013,1.7253,6099824.5
2025-12-31 04:00:00,1.7253,1.74,1.6881,1.7019,7027038.8
2025-12-31 08:00:00,1.7018,1.7038,1.6832,1.7003,2837805.5
2025-12-31 12:00:00,1.7003,1.7062,1.684,1.7035,5358021.5
2025-12-31 16:00:00,1.7035,1.7085,1.6436,1.6548,5408068.6
2025-12-31 20:00:00,1.6548,1.6747,1.6418,1.6587,2610707.0
2026-01-01 00:00:00,1.6587,1.6687,1.6515,1.6616,3380978.1
2026-01-01 04:00:00,1.6617,1.6863,1.653,1.6764,2323905.5
2026-01-01 08:00:00,1.6764,1.707,1.6647,1.7063,2589548.4
2026-01-01 12:00:00,1.7064,1.777,1.6987,1.7763,8224335.2
2026-01-01 16:00:00,1.7763,1.8594,1.7744,1.8494,14650136.3
2026-01-01 20:00:00,1.8496,1.872,1.8249,1.8636,7588720.7
2026-01-02 00:00:00,1.8637,1.8763,1.8319,1.8731,4616941.2
2026-01-02 04:00:00,1.8731,1.8848,1.8397,1.8474,4300510.0
2026-01-02 08:00:00,1.8474,1.873,1.8404,1.8446,4913370.1
2026-01-02 12:00:00,1.8446,1.859,1.808,1.8446,7215282.5
2026-01-02 16:00:00,1.8445,1.8941,1.8327,1.885,8090270.3
2026-01-02 20:00:00,1.885,1.9094,1.8721,1.9039,5056320.7
2026-01-03 00:00:00,1.9039,1.9325,1.8851,1.9282,4074667.7
2026-01-03 04:00:00,1.9282,1.9282,1.8538,1.8604,3336524.8
2026-01-03 08:00:00,1.8603,1.8675,1.8467,1.8647,2165304.7
2026-01-03 12:00:00,1.8648,1.8976,1.8587,1.8879,2685297.7
2026-01-03 16:00:00,1.8879,1.9175,1.8839,1.9031,2627917.5
2026-01-03 20:00:00,1.9032,1.919,1.8912,1.8995,1893260.0
2026-01-04 00:00:00,1.8995,1.9214,1.8945,1.9175,2483052.5
2026-01-04 04:00:00,1.9174,1.9279,1.8952,1.9177,2832191.9
2026-01-04 08:00:00,1.9177,1.9182,1.8971,1.9138,3085159.3
2026-01-04 12:00:00,1.9137,1.9269,1.9067,1.9242,2743694.2
2026-01-04 16:00:00,1.9242,1.9572,1.9032,1.9193,5197799.7
2026-01-04 20:00:00,1.9192,1.9524,1.9147,1.9397,3639287.3
2026-01-05 00:00:00,1.9396,1.9778,1.9333,1.9418,3754839.3
2026-01-05 04:00:00,1.9418,1.9464,1.8972,1.9174,3302124.0
2026-01-05 08:00:00,1.9173,1.9256,1.8961,1.9175,2845456.9
2026-01-05 12:00:00,1.9176,1.9612,1.9004,1.9554,4781339.7
2026-01-05 16:00:00,1.9553,1.9869,1.9153,1.9613,7155293.4
2026-01-05 20:00:00,1.9613,1.9806,1.9416,1.9635,3324365.2
2026-01-06 00:00:00,1.9636,1.9769,1.9299,1.965,3247724.3
2026-01-06 04:00:00,1.9649,1.9816,1.9261,1.9324,3341125.0
2026-01-06 08:00:00,1.9324,1.9611,1.9232,1.9607,2887900.8
2026-01-06 12:00:00,1.9607,2.011,1.9124,1.9321,10157579.8
2026-01-06 16:00:00,1.9321,1.9354,1.8625,1.9048,8643531.3
2026-01-06 20:00:00,1.9049,1.9793,1.9049,1.9587,5253852.1
2026-01-07 00:00:00,1.9589,1.9601,1.9028,1.9187,5284327.2
2026-01-07 04:00:00,1.9187,1.9535,1.8895,1.9516,6366963.8
2026-01-07 08:00:00,1.9517,1.96,1.9088,1.934,4119228.1
2026-01-07 12:00:00,1.9341,1.9387,1.8633,1.8773,6767626.5
2026-01-07 16:00:00,1.8772,1.8968,1.8674,1.8864,3782161.1
2026-01-07 20:00:00,1.8864,1.8944,1.8609,1.8852,2587031.5
2026-01-08 00:00:00,1.8852,1.896,1.8519,1.86,3082970.4
2026-01-08 04:00:00,1.8599,1.8756,1.8087,1.8457,6302934.9
2026-01-08 08:00:00,1.8456,1.857,1.797,1.8112,5046811.7
2026-01-08 12:00:00,1.8112,1.8199,1.7678,1.819,6364572.5
2026-01-08 16:00:00,1.8189,1.8375,1.8012,1.8098,4235939.9
2026-01-08 20:00:00,1.8099,1.8398,1.7938,1.8169,2509312.8
2026-01-09 00:00:00,1.817,1.8322,1.793,1.8304,3678448.0
2026-01-09 04:00:00,1.8304,1.8381,1.8016,1.8134,3166556.5
2026-01-09 08:00:00,1.8134,1.8178,1.7756,1.7886,3528106.9
2026-01-09 12:00:00,1.7886,1.8335,1.7707,1.8174,6331905.6
2026-01-09 16:00:00,1.8173,1.8416,1.7948,1.7986,4775445.4
2026-01-09 20:00:00,1.7985,1.8352,1.7964,1.8242,2182837.7
2026-01-10 00:00:00,1.8243,1.8247,1.8044,1.8069,1605750.9
2026-01-10 04:00:00,1.8069,1.829,1.7971,1.8256,1970792.3
2026-01-10 08:00:00,1.8256,1.8374,1.8151,1.8285,2073967.7
2026-01-10 12:00:00,1.8286,1.8388,1.8167,1.819,1805916.5
2026-01-10 16:00:00,1.8189,1.8304,1.8047,1.8287,2314008.6
2026-01-10 20:00:00,1.8287,1.8331,1.8029,1.813,1526039.2
2026-01-11 00:00:00,1.8131,1.8243,1.8062,1.8139,1378184.0
2026-01-11 04:00:00,1.814,1.8226,1.78,1.8028,4838661.3
2026-01-11 08:00:00,1.8028,1.8087,1.7923,1.8032,2162687.2
2026-01-11 12:00:00,1.8032,1.8179,1.7821,1.7897,2772194.0
2026-01-11 16:00:00,1.7893,1.8132,1.7832,1.7856,2594472.3
2026-01-11 20:00:00,1.7856,1.7858,1.7428,1.7687,4594506.6
2026-01-12 00:00:00,1.7688,1.8216,1.745,1.7878,5840747.7
2026-01-12 04:00:00,1.7878,1.8031,1.7577,1.7612,3622150.8
2026-01-12 08:00:00,1.7612,1.7723,1.7376,1.7642,4334181.8
2026-01-12 12:00:00,1.7643,1.7779,1.7261,1.7739,5236972.5
2026-01-12 16:00:00,1.7738,1.8091,1.756,1.7695,5939900.7
2026-01-12 20:00:00,1.7696,1.7845,1.7442,1.765,3244572.4
2026-01-13 00:00:00,1.7649,1.7891,1.7613,1.7832,2408806.2
2026-01-13 04:00:00,1.7832,1.812,1.7801,1.7928,4045301.8
2026-01-13 08:00:00,1.7928,1.8133,1.7873,1.8053,3318805.7
2026-01-13 12:00:00,1.8054,1.9126,1.8011,1.9114,11382613.9
2026-01-13 16:00:00,1.9113,2.0022,1.9039,1.9154,15440967.1
2026-01-13 20:00:00,1.9154,1.998,1.8908,1.9736,8271212.6
2026-01-14 00:00:00,1.9736,1.9887,1.9482,1.9648,3961928.1
2026-01-14 04:00:00,1.9648,1.9684,1.9255,1.9393,3517139.0
2026-01-14 08:00:00,1.9394,1.9594,1.9267,1.9302,2806608.3
2026-01-14 12:00:00,1.9301,1.9581,1.9032,1.9483,5293550.5
2026-01-14 16:00:00,1.9485,1.9706,1.8966,1.9404,7051665.1
2026-01-14 20:00:00,1.9404,1.9493,1.9191,1.9337,2502052.9
2026-01-15 00:00:00,1.9337,1.9485,1.8739,1.8846,3897661.3
2026-01-15 04:00:00,1.8845,1.9289,1.8815,1.9164,2582226.8
2026-01-15 08:00:00,1.9163,1.9238,1.9028,1.9095,2678558.7
2026-01-15 12:00:00,1.9094,1.929,1.8308,1.8599,5829681.0
2026-01-15 16:00:00,1.8598,1.8647,1.7601,1.783,8259916.8
2026-01-15 20:00:00,1.7831,1.8109,1.7763,1.8012,3661435.9
2026-01-16 00:00:00,1.8013,1.8099,1.7839,1.7948,3031219.3
2026-01-16 04:00:00,1.7948,1.8103,1.7794,1.8009,2604998.5
2026-01-16 08:00:00,1.801,1.8092,1.785,1.793,2470419.9
2026-01-16 12:00:00,1.793,1.7953,1.7475,1.7547,4224525.4
2026-01-16 16:00:00,1.7547,1.7732,1.7451,1.7702,3829274.0
2026-01-16 20:00:00,1.7702,1.8003,1.7637,1.7883,2881132.1
2026-01-17 00:00:00,1.7884,1.8084,1.7846,1.807,2324701.7
2026-01-17 04:00:00,1.8069,1.8646,1.7987,1.8512,4644951.3
2026-01-17 08:00:00,1.8511,1.8888,1.8352,1.8404,5015930.6
2026-01-17 12:00:00,1.8403,1.9078,1.8395,1.8969,4600914.3
2026-01-17 16:00:00,1.897,1.9074,1.8783,1.897,3718651.1
2026-01-17 20:00:00,1.897,1.9009,1.86,1.8646,2099616.1
2026-01-18 00:00:00,1.8645,1.8816,1.8277,1.8313,3981409.9
2026-01-18 04:00:00,1.8314,1.8316,1.8134,1.8243,3409865.1
2026-01-18 08:00:00,1.8243,1.826,1.8097,1.8178,2540211.9
2026-01-18 12:00:00,1.8178,1.8312,1.7866,1.8221,5598445.1
2026-01-18 16:00:00,1.8221,1.8517,1.8135,1.8296,2694127.7
2026-01-18 20:00:00,1.8295,1.8456,1.7196,1.7223,6645957.8
2026-01-19 00:00:00,1.7222,1.7222,1.4989,1.647,24081387.7
2026-01-19 04:00:00,1.647,1.647,1.6041,1.6064,5929517.2
2026-01-19 08:00:00,1.6065,1.6252,1.5919,1.5991,6345870.2
2026-01-19 12:00:00,1.5991,1.6006,1.5733,1.584,6335146.2
2026-01-19 16:00:00,1.584,1.6289,1.5816,1.6152,6768301.2
2026-01-19 20:00:00,1.6152,1.6273,1.5901,1.6114,5446629.4
2026-01-20 00:00:00,1.6114,1.6178,1.5965,1.6025,4239956.5
2026-01-20 04:00:00,1.6024,1.6138,1.5771,1.5835,5942238.0
2026-01-20 08:00:00,1.5834,1.6293,1.5618,1.5832,8018848.0
2026-01-20 12:00:00,1.5832,1.6015,1.5623,1.575,6535041.0
2026-01-20 16:00:00,1.575,1.5828,1.5372,1.5462,6909242.9
2026-01-20 20:00:00,1.5461,1.567,1.5143,1.5324,5667185.3
2026-01-21 00:00:00,1.5324,1.5925,1.5305,1.5762,4369822.6
2026-01-21 04:00:00,1.5762,1.5923,1.5722,1.5811,2953761.3
2026-01-21 08:00:00,1.581,1.5905,1.5568,1.5601,3410059.5
2026-01-21 12:00:00,1.5601,1.6026,1.5353,1.5765,8643679.4
2026-01-21 16:00:00,1.5764,1.5945,1.5051,1.5934,11736005.1
2026-01-21 20:00:00,1.5933,1.5977,1.5479,1.5568,5529957.3
2026-01-22 00:00:00,1.5568,1.5839,1.5562,1.5666,4316831.4
2026-01-22 04:00:00,1.5665,1.5813,1.5503,1.5587,2550193.9
2026-01-22 08:00:00,1.5587,1.5833,1.5527,1.5598,3764425.8
2026-01-22 12:00:00,1.5598,1.5771,1.5147,1.5341,6951481.5
2026-01-22 16:00:00,1.534,1.5681,1.5287,1.5602,5572305.3
2026-01-22 20:00:00,1.5602,1.5603,1.5318,1.5481,3406223.8
2026-01-23 00:00:00,1.5481,1.5979,1.5423,1.5979,4414011.5
2026-01-23 04:00:00,1.5979,1.6161,1.5725,1.5855,6554997.7
2026-01-23 08:00:00,1.5856,1.5864,1.5628,1.5756,2410667.6
2026-01-23 12:00:00,1.5756,1.583,1.5407,1.5767,4838511.0
2026-01-23 16:00:00,1.5766,1.6106,1.5507,1.5579,5875488.7
2026-01-23 20:00:00,1.5579,1.5616,1.5314,1.5518,3330857.9
2026-01-24 00:00:00,1.5517,1.5655,1.542,1.5597,2382694.5
2026-01-24 04:00:00,1.5598,1.5635,1.5462,1.5486,1770010.6
2026-01-24 08:00:00,1.5487,1.5593,1.5465,1.5531,1721214.6
2026-01-24 12:00:00,1.5531,1.5637,1.5401,1.5422,2156419.3
2026-01-24 16:00:00,1.5422,1.5555,1.5329,1.5442,2610774.8
2026-01-24 20:00:00,1.5443,1.5582,1.5434,1.5444,1964098.8
2026-01-25 00:00:00,1.5445,1.565,1.5347,1.54,5061837.9
2026-01-25 04:00:00,1.54,1.5612,1.5351,1.5491,2254794.8
2026-01-25 08:00:00,1.549,1.5848,1.536,1.565,4001232.5
2026-01-25 12:00:00,1.5649,1.5799,1.5198,1.5324,7681491.0
2026-01-25 16:00:00,1.5324,1.5325,1.4451,1.4571,11332323.8
2026-01-25 20:00:00,1.4571,1.4907,1.4491,1.4873,5433801.3
2026-01-26 00:00:00,1.4873,1.534,1.4802,1.5139,5209854.8
2026-01-26 04:00:00,1.5138,1.5423,1.5132,1.5338,3617003.6
2026-01-26 08:00:00,1.5338,1.5517,1.5264,1.5351,4153766.4
2026-01-26 12:00:00,1.535,1.5906,1.5315,1.5628,7495592.9
2026-01-26 16:00:00,1.5629,1.5699,1.5255,1.5425,6785501.7
2026-01-26 20:00:00,1.5424,1.5579,1.5343,1.5487,2689487.7
2026-01-27 00:00:00,1.5486,1.5644,1.545,1.5512,2296056.6
2026-01-27 04:00:00,1.5511,1.584,1.5389,1.5492,7764868.2
2026-01-27 08:00:00,1.5492,1.5548,1.5277,1.5308,4059753.2
2026-01-27 12:00:00,1.5308,1.5512,1.5223,1.5502,4389578.3
2026-01-27 16:00:00,1.5502,1.5747,1.5291,1.5629,7288943.1
2026-01-27 20:00:00,1.5627,1.5989,1.5615,1.5919,4095783.5
2026-01-28 00:00:00,1.5919,1.6084,1.5792,1.6037,4539278.8
2026-01-28 04:00:00,1.6036,1.626,1.5901,1.5959,7715854.3
2026-01-28 08:00:00,1.5958,1.6025,1.5808,1.5958,3677489.1
2026-01-28 12:00:00,1.5958,1.599,1.5708,1.585,4054288.1
2026-01-28 16:00:00,1.5851,1.6122,1.5795,1.6067,3967986.8
2026-01-28 20:00:00,1.6066,1.6288,1.5931,1.6112,4195010.9
2026-01-29 00:00:00,1.6113,1.6157,1.5485,1.5563,5161234.7
2026-01-29 04:00:00,1.5562,1.5634,1.5432,1.558,2411366.8
2026-01-29 08:00:00,1.5579,1.5636,1.5465,1.5504,2796729.5
2026-01-29 12:00:00,1.5504,1.5622,1.4587,1.4871,9549149.0
2026-01-29 16:00:00,1.487,1.5117,1.4401,1.4645,9354637.3
2026-01-29 20:00:00,1.4646,1.4944,1.4616,1.4925,3065126.1
2026-01-30 00:00:00,1.4924,1.5063,1.4231,1.4545,8155166.3
2026-01-30 04:00:00,1.4545,1.483,1.4215,1.4465,4728058.1
2026-01-30 08:00:00,1.4465,1.4743,1.4434,1.4681,3354178.6
2026-01-30 12:00:00,1.4681,1.4848,1.4438,1.454,6477360.8
2026-01-30 16:00:00,1.4539,1.4823,1.4122,1.4686,8389511.3
2026-01-30 20:00:00,1.4685,1.4685,1.4379,1.4513,4266974.7
2026-01-31 00:00:00,1.4513,1.4535,1.4286,1.433,2342712.5
2026-01-31 04:00:00,1.433,1.4375,1.4003,1.413,3057943.8
2026-01-31 08:00:00,1.413,1.4158,1.3623,1.3639,8962792.7
2026-01-31 12:00:00,1.3639,1.37,1.2728,1.2908,14113695.9
2026-01-31 16:00:00,1.291,1.3162,1.1378,1.2233,29468975.3
2026-01-31 20:00:00,1.2234,1.2802,1.2114,1.2737,10403260.5
2026-02-01 00:00:00,1.2736,1.2859,1.2533,1.2753,4421102.8
2026-02-01 04:00:00,1.2753,1.2984,1.2638,1.2933,4364607.6
2026-02-01 08:00:00,1.2933,1.2935,1.2631,1.2765,5190652.7
2026-02-01 12:00:00,1.2765,1.2856,1.2234,1.2437,6597230.1
2026-02-01 16:00:00,1.2436,1.268,1.2281,1.2413,5519594.4
2026-02-01 20:00:00,1.2412,1.2592,1.2043,1.2348,7506773.6
2026-02-02 00:00:00,1.2348,1.273,1.1953,1.2481,8246411.8
2026-02-02 04:00:00,1.248,1.265,1.2091,1.2392,8478673.8
2026-02-02 08:00:00,1.2392,1.2704,1.237,1.2612,5588471.1
2026-02-02 12:00:00,1.2613,1.2968,1.2599,1.2855,6105580.2
2026-02-02 16:00:00,1.2856,1.2918,1.2727,1.2745,5146855.3
2026-02-02 20:00:00,1.2742,1.2864,1.2654,1.2782,2982383.6
2026-02-03 00:00:00,1.2782,1.2805,1.247,1.2723,4035501.5
2026-02-03 04:00:00,1.2723,1.2841,1.2593,1.2726,3297110.9
2026-02-03 08:00:00,1.2727,1.2896,1.2519,1.2682,4110545.2
2026-02-03 12:00:00,1.2683,1.2875,1.2456,1.2849,5965349.7
2026-02-03 16:00:00,1.285,1.2853,1.1942,1.2515,11860342.5
2026-02-03 20:00:00,1.2514,1.3019,1.2384,1.2472,7587836.1
2026-02-04 00:00:00,1.2471,1.277,1.2371,1.2699,4085958.9
2026-02-04 04:00:00,1.2699,1.2808,1.2559,1.2748,3044175.2
2026-02-04 08:00:00,1.2749,1.278,1.2505,1.2617,3322570.2
2026-02-04 12:00:00,1.2618,1.2645,1.2012,1.2201,9056965.4
2026-02-04 16:00:00,1.2202,1.2487,1.2,1.2464,10517623.3
2026-02-04 20:00:00,1.2464,1.2481,1.1944,1.2191,5818252.4
2026-02-05 00:00:00,1.219,1.2366,1.2022,1.2045,6418586.0
2026-02-05 04:00:00,1.2045,1.2207,1.1892,1.1953,8365848.8
2026-02-05 08:00:00,1.1955,1.2099,1.1406,1.1574,9746232.9
2026-02-05 12:00:00,1.1576,1.185,1.0784,1.1074,19443043.6
2026-02-05 16:00:00,1.1075,1.1409,1.0701,1.0778,18909944.4
2026-02-05 20:00:00,1.0778,1.0859,1.0121,1.0302,23085533.7
2026-02-06 00:00:00,1.0303,1.0542,0.895,1.023,44381246.5
2026-02-06 04:00:00,1.023,1.0705,1.0168,1.0294,22987733.9
2026-02-06 08:00:00,1.0294,1.0729,1.0219,1.0692,19598459.1
2026-02-06 12:00:00,1.0691,1.1109,1.0605,1.1088,21198253.2
2026-02-06 16:00:00,1.1087,1.1638,1.1028,1.137,10242657.1
2026-02-06 20:00:00,1.137,1.1528,1.1201,1.1377,3783145.9
2026-02-07 00:00:00,1.1376,1.1423,1.1186,1.1375,3995345.4
2026-02-07 04:00:00,1.1375,1.1472,1.0861,1.0978,6447069.3
2026-02-07 08:00:00,1.0977,1.1049,1.0795,1.0861,4248704.6
2026-02-07 12:00:00,1.086,1.1239,1.0849,1.1108,6035931.7
2026-02-07 16:00:00,1.1109,1.1481,1.108,1.1212,13205980.5
2026-02-07 20:00:00,1.1211,1.1298,1.1074,1.1117,2198301.2
2026-02-08 00:00:00,1.1118,1.1119,1.0897,1.0904,2759052.0
2026-02-08 04:00:00,1.0904,1.097,1.0833,1.089,2479846.5
2026-02-08 08:00:00,1.089,1.1062,1.0789,1.0929,5161457.3
2026-02-08 12:00:00,1.093,1.0954,1.0667,1.0716,5634007.2
2026-02-08 16:00:00,1.0716,1.0825,1.0483,1.0752,4018549.3
2026-02-08 20:00:00,1.0752,1.09,1.0531,1.0675,4400076.4
2026-02-09 00:00:00,1.0676,1.0792,1.057,1.074,3933018.7
2026-02-09 04:00:00,1.074,1.0749,1.0561,1.0586,3166325.0
2026-02-09 08:00:00,1.0587,1.061,1.0161,1.0275,5334464.1
2026-02-09 12:00:00,1.0275,1.051,1.007,1.028,7523388.6
2026-02-09 16:00:00,1.028,1.0697,1.0204,1.0557,5330216.9
2026-02-09 20:00:00,1.0556,1.0581,1.0378,1.0414,2945307.7
2026-02-10 00:00:00,1.0415,1.047,1.0116,1.0195,4639203.9
2026-02-10 04:00:00,1.0194,1.0311,0.9965,1.0009,5878227.8
2026-02-10 08:00:00,1.0008,1.0075,0.989,0.9909,6117493.2
2026-02-10 12:00:00,0.991,1.0127,0.9793,0.9872,8809944.8
2026-02-10 16:00:00,0.9872,0.993,0.9701,0.9837,7932180.2
2026-02-10 20:00:00,0.9836,0.9935,0.9783,0.9879,3270916.1
2026-02-11 00:00:00,0.9879,1.0102,0.9856,0.9971,5062371.7
2026-02-11 04:00:00,0.9971,1.0029,0.9597,0.9617,9805921.8
2026-02-11 08:00:00,0.9617,0.9665,0.9469,0.9612,10655704.6
2026-02-11 12:00:00,0.9611,0.9942,0.9203,0.9299,14917114.8
2026-02-11 16:00:00,0.9299,0.9458,0.9223,0.9261,8146177.8
2026-02-11 20:00:00,0.9262,0.9479,0.9142,0.9224,7282213.8
2026-02-12 00:00:00,0.9225,0.9607,0.9225,0.9537,8953870.3
2026-02-12 04:00:00,0.9537,0.9611,0.9427,0.9597,5476891.8
2026-02-12 08:00:00,0.9598,0.9618,0.9401,0.9493,7012553.9
2026-02-12 12:00:00,0.9493,0.9497,0.9131,0.9136,10484466.3
2026-02-12 16:00:00,0.9136,0.9227,0.8908,0.9066,12924161.5
2026-02-12 20:00:00,0.9066,0.9271,0.8922,0.9237,4779629.8
2026-02-13 00:00:00,0.9238,0.9251,0.911,0.9159,4516919.0
2026-02-13 04:00:00,0.9158,0.9207,0.8955,0.915,4387121.1
2026-02-13 08:00:00,0.915,0.9268,0.9059,0.9107,5455417.7
2026-02-13 12:00:00,0.9108,0.9478,0.9069,0.9348,9867679.0
2026-02-13 16:00:00,0.935,0.957,0.9341,0.949,8812945.0
2026-02-13 20:00:00,0.9491,0.9554,0.9363,0.9394,4117457.0
2026-02-14 00:00:00,0.9395,0.9554,0.935,0.9469,5165423.2
2026-02-14 04:00:00,0.9467,0.9587,0.9417,0.9556,4455263.1
2026-02-14 08:00:00,0.9557,0.9668,0.9548,0.9641,5374552.3
2026-02-14 12:00:00,0.964,0.9758,0.9491,0.9749,7602608.4
2026-02-14 16:00:00,0.975,1.0074,0.9617,1.0042,8675888.0
2026-02-14 20:00:00,1.0042,1.006,0.9824,0.9872,7643206.5
2026-02-15 00:00:00,0.9872,0.9879,0.9571,0.9746,7957125.0
2026-02-15 04:00:00,0.9746,0.9868,0.9685,0.9846,5851069.3
2026-02-15 08:00:00,0.9846,0.9875,0.9534,0.9627,6899761.5
2026-02-15 12:00:00,0.9626,0.9638,0.9208,0.9272,11367728.5
2026-02-15 16:00:00,0.927,0.9288,0.9017,0.915,9967948.4
2026-02-15 20:00:00,0.9149,0.9341,0.9111,0.9332,4612395.7
2026-02-16 00:00:00,0.9332,0.9388,0.9221,0.9262,5818739.9
2026-02-16 04:00:00,0.9263,0.9352,0.9124,0.9159,5367588.6
2026-02-16 08:00:00,0.9159,0.9244,0.9014,0.9108,6619346.2
2026-02-16 12:00:00,0.9109,0.9356,0.8943,0.9004,14861341.0
2026-02-16 16:00:00,0.9004,0.919,0.8979,0.9154,7070592.2
2026-02-16 20:00:00,0.9156,0.9379,0.9121,0.9288,5381768.5
2026-02-17 00:00:00,0.9289,0.9374,0.9202,0.9288,5885272.5
2026-02-17 04:00:00,0.9288,0.9344,0.9168,0.93,4147018.7
2026-02-17 08:00:00,0.9299,0.9371,0.9157,0.9361,6533512.7
2026-02-17 12:00:00,0.9362,0.9475,0.9081,0.9254,14591898.8
2026-02-17 16:00:00,0.9254,0.9399,0.9067,0.9218,12423184.2
2026-02-17 20:00:00,0.9217,0.9226,0.9128,0.9164,3940424.3
2026-02-18 00:00:00,0.9164,0.924,0.9055,0.9228,5316558.9
2026-02-18 04:00:00,0.9228,0.9275,0.9157,0.9232,3758319.7
2026-02-18 08:00:00,0.9231,0.9289,0.8987,0.9052,6070605.3
2026-02-18 12:00:00,0.9051,0.9114,0.8812,0.9007,17877093.5
2026-02-18 16:00:00,0.9006,0.9059,0.8678,0.8748,12011873.1
2026-02-18 20:00:00,0.8749,0.8828,0.8672,0.8778,7340554.9
2026-02-19 00:00:00,0.8777,0.8886,0.8704,0.886,5356443.7
2026-02-19 04:00:00,0.886,0.8917,0.8811,0.885,4678897.5
2026-02-19 08:00:00,0.885,0.8853,0.8542,0.8624,9607576.7
2026-02-19 12:00:00,0.8623,0.8691,0.8405,0.8468,12155273.9
2026-02-19 16:00:00,0.8468,0.8628,0.8377,0.8596,7778888.2
2026-02-19 20:00:00,0.8597,0.8661,0.8531,0.8661,3673022.6
2026-02-20 00:00:00,0.8661,0.874,0.8641,0.8665,4134542.0
2026-02-20 04:00:00,0.8665,0.8708,0.8566,0.8597,4422572.7
2026-02-20 08:00:00,0.8598,0.8743,0.8595,0.8623,5987685.7
2026-02-20 12:00:00,0.8623,0.8862,0.8436,0.8817,13271882.4
2026-02-20 16:00:00,0.8818,0.8875,0.8579,0.874,11077060.1
2026-02-20 20:00:00,0.874,0.8853,0.8706,0.8825,3764412.7
2026-02-21 00:00:00,0.8825,0.8857,0.8743,0.8808,3917490.5
2026-02-21 04:00:00,0.8807,0.894,0.8787,0.8846,4706589.7
2026-02-21 08:00:00,0.8847,0.9086,0.8844,0.9021,6075649.8
2026-02-21 12:00:00,0.9021,0.9057,0.8926,0.8981,5026687.5
2026-02-21 16:00:00,0.8981,0.8984,0.8888,0.8934,4253365.2
2026-02-21 20:00:00,0.8933,0.8933,0.8837,0.8851,3320111.6
2026-02-22 00:00:00,0.8851,0.8851,0.8544,0.8604,6777163.2
2026-02-22 04:00:00,0.8603,0.8621,0.8515,0.8578,3840089.6
2026-02-22 08:00:00,0.8577,0.8604,0.8455,0.8533,8574558.9
2026-02-22 12:00:00,0.8532,0.8532,0.8204,0.8333,13736561.1
2026-02-22 16:00:00,0.8334,0.8361,0.8242,0.8311,4604305.0
2026-02-22 20:00:00,0.8312,0.842,0.8243,0.8404,4466601.5
2026-02-23 00:00:00,0.8403,0.8423,0.7885,0.8054,25354178.9
2026-02-23 04:00:00,0.8055,0.8471,0.8012,0.839,13297958.9
2026-02-23 08:00:00,0.8389,0.8648,0.8373,0.8587,13893104.2
2026-02-23 12:00:00,0.8587,0.8666,0.8184,0.8217,15259590.8
2026-02-23 16:00:00,0.8216,0.827,0.8016,0.8093,12446960.6
2026-02-23 20:00:00,0.8094,0.8192,0.8071,0.8096,6208039.7
2026-02-24 00:00:00,0.8095,0.8212,0.797,0.8103,14794547.8
2026-02-24 04:00:00,0.8104,0.8141,0.7969,0.8027,8301272.6
2026-02-24 08:00:00,0.8028,0.8127,0.7988,0.8117,4914283.2
2026-02-24 12:00:00,0.8117,0.827,0.799,0.8267,8648702.5
2026-02-24 16:00:00,0.8266,0.8372,0.821,0.8264,6486216.6
2026-02-24 20:00:00,0.8265,0.8286,0.8178,0.8232,3405861.4
2026-02-25 00:00:00,0.8231,0.8686,0.8207,0.8451,9374921.2
2026-02-25 04:00:00,0.8452,0.8509,0.8323,0.8473,4586506.6
2026-02-25 08:00:00,0.8473,0.8729,0.8443,0.871,5638635.6
2026-02-25 12:00:00,0.871,0.959,0.8709,0.954,18478654.3
2026-02-25 16:00:00,0.954,1.0563,0.954,1.0561,33450900.5
2026-02-25 20:00:00,1.0561,1.1113,0.9912,1.0041,60639373.2
2026-02-26 00:00:00,1.0043,1.0101,0.9657,0.9787,23580871.8
2026-02-26 04:00:00,0.9787,0.9836,0.9513,0.961,13874649.1
2026-02-26 08:00:00,0.9611,0.9716,0.9505,0.9548,9350940.7
2026-02-26 12:00:00,0.955,0.993,0.9525,0.9718,13081847.8
2026-02-26 16:00:00,0.9718,0.9734,0.9268,0.9672,22486709.6
2026-02-26 20:00:00,0.9672,0.9723,0.952,0.9649,4752602.1
2026-02-27 00:00:00,0.9649,0.9854,0.9619,0.9839,6249048.2
2026-02-27 04:00:00,0.9839,1.0155,0.9833,1.0119,7676633.5
2026-02-27 08:00:00,1.0119,1.0253,0.9621,0.9717,17107067.5
2026-02-27 12:00:00,0.9715,0.9731,0.9404,0.9547,13559906.1
2026-02-27 16:00:00,0.9547,0.9554,0.9273,0.9321,9185005.4
2026-02-27 20:00:00,0.9322,0.9425,0.918,0.9349,4735048.0
2026-02-28 00:00:00,0.9349,0.9426,0.9234,0.9251,13117985.2
2026-02-28 04:00:00,0.9251,0.9261,0.8778,0.8942,12521791.8
2026-02-28 08:00:00,0.8941,0.8943,0.8637,0.865,10035344.9
2026-02-28 12:00:00,0.8651,0.902,0.865,0.8914,9975072.9
2026-02-28 16:00:00,0.8913,0.9527,0.8841,0.9418,14387155.6
2026-02-28 20:00:00,0.9419,0.9729,0.9377,0.9616,9147322.6
2026-03-01 00:00:00,0.9615,0.9793,0.9378,0.9605,10308108.0
2026-03-01 04:00:00,0.9605,0.9679,0.9496,0.9654,5749044.5
2026-03-01 08:00:00,0.9654,0.9663,0.9374,0.9424,8183019.9
2026-03-01 12:00:00,0.9424,0.9542,0.9263,0.9384,10021020.7
2026-03-01 16:00:00,0.9385,0.9467,0.9169,0.9193,10166828.3
2026-03-01 20:00:00,0.9192,0.9373,0.9044,0.9276,7587951.2
2026-03-02 00:00:00,0.9277,0.9598,0.9277,0.9537,7037379.4
2026-03-02 04:00:00,0.9537,0.9596,0.923,0.9263,5880784.1
2026-03-02 08:00:00,0.9264,0.9429,0.9138,0.9308,9144450.9
2026-03-02 12:00:00,0.9307,0.9878,0.9168,0.9749,14422295.2
2026-03-02 16:00:00,0.9749,0.9855,0.9459,0.9739,14415368.4
2026-03-02 20:00:00,0.9739,0.9896,0.9621,0.9694,9296663.4
2026-03-03 00:00:00,0.9694,0.9877,0.9524,0.9711,8395215.5
2026-03-03 04:00:00,0.9711,0.9917,0.9641,0.9898,9190789.2
2026-03-03 08:00:00,0.9898,1.0053,0.9519,0.9579,15338089.8
2026-03-03 12:00:00,0.9579,0.9783,0.9466,0.9645,10323228.8
2026-03-03 16:00:00,0.9644,1.0358,0.9581,1.0037,20408559.4
2026-03-03 20:00:00,1.0038,1.0191,0.9815,1.0118,9681547.8
2026-03-04 00:00:00,1.0117,1.0266,0.9942,1.011,9364760.0
2026-03-04 04:00:00,1.011,1.0148,0.9857,0.9972,10564905.4
2026-03-04 08:00:00,0.9973,1.0294,0.9889,0.9985,13422282.6
2026-03-04 12:00:00,0.9985,1.0248,0.9842,1.0246,12026907.7
2026-03-04 16:00:00,1.0247,1.0269,0.995,1.0189,10258180.3
2026-03-04 20:00:00,1.0189,1.0251,0.991,1.0076,7234963.8
2026-03-05 00:00:00,1.0075,1.0187,1.0003,1.0037,6588161.1
2026-03-05 04:00:00,1.0037,1.0123,0.9881,0.9963,8108797.6
2026-03-05 08:00:00,0.9964,1.0196,0.995,0.9997,10571707.0
2026-03-05 12:00:00,0.9996,1.019,0.9901,0.997,12858016.8
2026-03-05 16:00:00,0.997,0.9997,0.9632,0.9872,14681218.8
2026-03-05 20:00:00,0.9872,1.0087,0.9851,0.9958,5615641.4
2026-03-06 00:00:00,0.9957,1.0136,0.9868,1.0076,6264851.2
2026-03-06 04:00:00,1.0076,1.0242,0.9938,1.0214,4909807.8
2026-03-06 08:00:00,1.0214,1.0222,0.9891,0.9931,7304150.0
2026-03-06 12:00:00,0.993,1.004,0.9479,0.953,15144831.7
2026-03-06 16:00:00,0.953,0.9624,0.9381,0.9537,8398177.9
2026-03-06 20:00:00,0.9536,0.9626,0.9477,0.9563,3449322.3
2026-03-07 00:00:00,0.9564,0.9641,0.9506,0.956,4755017.7
2026-03-07 04:00:00,0.9561,0.9612,0.9467,0.9524,3778319.0
2026-03-07 08:00:00,0.9524,0.958,0.945,0.9514,2482390.5
2026-03-07 12:00:00,0.9513,0.9525,0.9357,0.94,3392793.9
2026-03-07 16:00:00,0.9399,0.9509,0.9305,0.9356,4404880.8
2026-03-07 20:00:00,0.9356,0.9421,0.9304,0.9383,2700275.0
2026-03-08 00:00:00,0.9383,0.9392,0.9217,0.9283,3887222.7
2026-03-08 04:00:00,0.9284,0.9359,0.9193,0.9332,3184782.7
2026-03-08 08:00:00,0.9331,0.9527,0.9249,0.9497,5570025.2
2026-03-08 12:00:00,0.9496,0.9611,0.9273,0.9308,7892133.2
2026-03-08 16:00:00,0.9308,0.9454,0.9237,0.9411,3818382.3
2026-03-08 20:00:00,0.9411,0.9465,0.9093,0.9278,8859439.6
2026-03-09 00:00:00,0.9279,0.9575,0.9267,0.9422,6348880.9
2026-03-09 04:00:00,0.9422,0.9653,0.9384,0.9452,8252309.5
2026-03-09 08:00:00,0.9453,0.9543,0.9365,0.9444,4593799.8
2026-03-09 12:00:00,0.9445,0.97,0.9445,0.966,7507922.5
2026-03-09 16:00:00,0.9661,0.9849,0.9566,0.9696,5491338.6
2026-03-09 20:00:00,0.9698,0.9728,0.9511,0.9554,4759188.9
2026-03-10 00:00:00,0.9554,0.9783,0.9539,0.9581,5220143.9
2026-03-10 04:00:00,0.9581,0.9744,0.9565,0.9711,6240536.4
2026-03-10 08:00:00,0.9712,0.9842,0.9646,0.9779,5673899.7
2026-03-10 12:00:00,0.9779,0.9994,0.9633,0.9902,7718831.9
2026-03-10 16:00:00,0.9903,0.9973,0.9555,0.9589,6934534.2
2026-03-10 20:00:00,0.9589,0.9624,0.9419,0.9524,5637974.8
2026-03-11 00:00:00,0.9524,0.9542,0.9413,0.946,4487329.0
2026-03-11 04:00:00,0.946,0.949,0.9342,0.9403,4580125.1
2026-03-11 08:00:00,0.9404,0.9468,0.9383,0.9427,3650818.6
2026-03-11 12:00:00,0.9428,0.9752,0.9333,0.9404,8970870.7
2026-03-11 16:00:00,0.9404,0.9525,0.9315,0.942,6389881.5
2026-03-11 20:00:00,0.942,0.9499,0.9352,0.944,2815151.0
2026-03-12 00:00:00,0.944,0.9458,0.9252,0.9275,4291905.7
2026-03-12 04:00:00,0.9274,0.932,0.9182,0.9261,3874915.1
2026-03-12 08:00:00,0.9261,0.9345,0.9193,0.9216,5493900.6
2026-03-12 12:00:00,0.9215,0.9257,0.9017,0.9107,9270048.0
2026-03-12 16:00:00,0.9108,0.9189,0.9026,0.9107,6289817.2
2026-03-12 20:00:00,0.9108,0.9202,0.9026,0.9161,4607497.6
2026-03-13 00:00:00,0.9161,0.9494,0.9088,0.9479,11669706.9
2026-03-13 04:00:00,0.9479,0.9504,0.9243,0.9255,6963393.1
2026-03-13 08:00:00,0.9256,0.9361,0.9148,0.9338,8583625.9
2026-03-13 12:00:00,0.9338,0.975,0.9332,0.9626,15798198.9
2026-03-13 16:00:00,0.9626,0.9714,0.9316,0.9385,10399138.8
2026-03-13 20:00:00,0.9386,0.9481,0.9194,0.9334,7142781.0
2026-03-14 00:00:00,0.9333,0.9337,0.9206,0.9279,4082223.7
2026-03-14 04:00:00,0.928,0.9336,0.9064,0.9106,6813650.7
2026-03-14 08:00:00,0.9106,0.9158,0.9068,0.9149,3347907.4
2026-03-14 12:00:00,0.9149,0.9177,0.9054,0.9093,3898520.8
2026-03-14 16:00:00,0.9093,0.9167,0.9078,0.9114,2518792.8
2026-03-14 20:00:00,0.9114,0.9216,0.909,0.9198,2854334.7
2026-03-15 00:00:00,0.9198,0.9365,0.9094,0.9267,5158082.2
2026-03-15 04:00:00,0.9268,0.9309,0.9156,0.9258,3200695.4
2026-03-15 08:00:00,0.9259,0.9304,0.9205,0.9276,2913996.0
2026-03-15 12:00:00,0.9276,0.934,0.9157,0.9189,4155036.8
2026-03-15 16:00:00,0.9189,0.9304,0.9175,0.9249,3866045.1
2026-03-15 20:00:00,0.9249,0.939,0.9213,0.9343,5713647.0
2026-03-16 00:00:00,0.9345,0.9617,0.9276,0.9513,7140417.9
2026-03-16 04:00:00,0.9514,1.0071,0.9514,0.9907,13954739.8
2026-03-16 08:00:00,0.9908,1.0019,0.9737,0.9808,9225999.0
2026-03-16 12:00:00,0.9808,1.0174,0.9796,0.989,20663038.0
2026-03-16 16:00:00,0.9889,1.0142,0.9848,1.0053,7576638.7
2026-03-16 20:00:00,1.0054,1.0289,1.0028,1.019,8605153.7
2026-03-17 00:00:00,1.0191,1.0219,0.988,0.9958,8508851.0
2026-03-17 04:00:00,0.9957,1.0005,0.9802,0.9982,6457105.9
2026-03-17 08:00:00,0.9982,1.0043,0.9919,0.9928,4442537.2
2026-03-17 12:00:00,0.9928,0.999,0.9822,0.9908,5680091.5
2026-03-17 16:00:00,0.9908,1.0008,0.9907,0.9922,3623591.5
2026-03-17 20:00:00,0.9921,1.0131,0.9911,1.0045,4834743.6
2026-03-18 00:00:00,1.0045,1.0169,0.9962,1.0105,5164295.2
2026-03-18 04:00:00,1.0106,1.017,0.9988,1.0036,3065758.9
2026-03-18 08:00:00,1.0037,1.0151,0.9808,0.9831,7053645.0
2026-03-18 12:00:00,0.983,0.9832,0.9372,0.9502,13331384.2
2026-03-18 16:00:00,0.9502,0.9652,0.9425,0.9523,7488817.4
2026-03-18 20:00:00,0.9523,0.991,0.9439,0.9895,8921314.7
2026-03-19 00:00:00,0.9896,0.994,0.972,0.9792,5465328.9
2026-03-19 04:00:00,0.9793,0.987,0.9568,0.9651,5919274.7
2026-03-19 08:00:00,0.965,0.973,0.9594,0.9648,4456853.0
2026-03-19 12:00:00,0.9648,0.9659,0.922,0.9377,13155496.4
2026-03-19 16:00:00,0.9378,0.946,0.9319,0.9446,6422912.9
2026-03-19 20:00:00,0.9446,0.9498,0.9362,0.9481,4053980.1
2026-03-20 00:00:00,0.9482,0.9674,0.9456,0.9607,4650015.7
2026-03-20 04:00:00,0.9607,1.0255,0.9584,0.9871,14893536.2
2026-03-20 08:00:00,0.9872,1.0125,0.9811,0.9936,11046289.0
2026-03-20 12:00:00,0.9937,1.0219,0.9764,1.005,15072584.1
2026-03-20 16:00:00,1.0051,1.0105,0.985,0.9978,7065917.1
2026-03-20 20:00:00,0.9978,1.0045,0.9851,0.9902,4467333.2
2026-03-21 00:00:00,0.9902,0.9965,0.9836,0.9846,3776861.0
2026-03-21 04:00:00,0.9846,1.0138,0.9808,1.0063,6693202.3
2026-03-21 08:00:00,1.0063,1.0254,0.9923,0.9968,9816966.0
2026-03-21 12:00:00,0.9968,1.0108,0.9951,1.0096,5013155.4
2026-03-21 16:00:00,1.0097,1.017,0.9946,0.9999,4089538.6
2026-03-21 20:00:00,0.9999,1.0018,0.9645,0.9717,6137331.2
2026-03-22 00:00:00,0.9718,0.9835,0.9553,0.9746,8980615.8
2026-03-22 04:00:00,0.9746,0.9861,0.9612,0.962,4065491.3
2026-03-22 08:00:00,0.962,0.9623,0.9316,0.9338,7741774.6
2026-03-22 12:00:00,0.9338,0.9399,0.9245,0.9296,7108906.5
2026-03-22 16:00:00,0.9297,0.933,0.9113,0.9157,6766809.1
2026-03-22 20:00:00,0.9157,0.9324,0.9145,0.9278,7428968.9
2026-03-23 00:00:00,0.9278,0.9542,0.9262,0.9488,8624391.7
2026-03-23 04:00:00,0.9488,0.9502,0.9072,0.9152,7285192.7
2026-03-23 08:00:00,0.9153,0.969,0.9046,0.9414,15659440.3
2026-03-23 12:00:00,0.9413,0.9823,0.9352,0.9748,11896603.1
2026-03-23 16:00:00,0.9748,1.0178,0.9726,1.0043,18784150.7
2026-03-23 20:00:00,1.0043,1.0779,1.0031,1.0684,37779819.0
2026-03-24 00:00:00,1.0685,1.0736,1.0365,1.0561,15187839.9
2026-03-24 04:00:00,1.056,1.0865,1.0375,1.056,24052062.2
2026-03-24 08:00:00,1.0561,1.0804,1.0489,1.055,18375797.3
2026-03-24 12:00:00,1.055,1.0582,1.0228,1.0321,17240729.9
2026-03-24 16:00:00,1.0323,1.062,1.0285,1.053,11730075.7
2026-03-24 20:00:00,1.0529,1.1248,1.049,1.1145,17677739.8
2026-03-25 00:00:00,1.1146,1.1177,1.0573,1.0618,10672038.5
2026-03-25 04:00:00,1.0617,1.0764,1.0492,1.0639,8860991.5
2026-03-25 08:00:00,1.064,1.0855,1.0609,1.0788,8149094.5
2026-03-25 12:00:00,1.0789,1.0844,1.0634,1.0674,9385904.2
2026-03-25 16:00:00,1.0674,1.0867,1.0656,1.0762,6355912.0
2026-03-25 20:00:00,1.0761,1.0763,1.0529,1.0574,6095848.9
2026-03-26 00:00:00,1.0573,1.0668,1.0354,1.0386,8047360.5
2026-03-26 04:00:00,1.0387,1.0435,1.0251,1.0308,4815369.9
2026-03-26 08:00:00,1.0308,1.0355,1.0242,1.0294,6507121.2
2026-03-26 12:00:00,1.0293,1.0576,1.0247,1.0344,8790886.4
2026-03-26 16:00:00,1.0344,1.0389,1.0261,1.0295,5249160.8
2026-03-26 20:00:00,1.0296,1.0428,1.0144,1.033,7213687.6
2026-03-27 00:00:00,1.0331,1.038,1.0155,1.0206,4829992.1
2026-03-27 04:00:00,1.0205,1.0239,1.0087,1.0236,4880458.0
2026-03-27 08:00:00,1.0236,1.0241,0.9799,0.9872,10116196.1
2026-03-27 12:00:00,0.9873,1.0031,0.9773,0.9931,6680692.6
2026-03-27 16:00:00,0.9931,0.9945,0.97,0.9752,4402071.2
2026-03-27 20:00:00,0.9752,0.9861,0.9726,0.975,3398539.4
2026-03-28 00:00:00,0.9749,0.9787,0.9433,0.9459,6412499.5
2026-03-28 04:00:00,0.9458,0.9536,0.9439,0.9532,3777517.4
2026-03-28 08:00:00,0.9532,0.9551,0.9451,0.9502,3773731.1
2026-03-28 12:00:00,0.9504,0.9665,0.9452,0.9524,6770557.3
2026-03-28 16:00:00,0.9525,0.9549,0.9377,0.9422,4766907.3
2026-03-28 20:00:00,0.9421,0.9466,0.9227,0.9301,4865371.1
2026-03-29 00:00:00,0.93,0.9433,0.9233,0.9382,3945133.3
2026-03-29 04:00:00,0.9382,0.9384,0.9275,0.9293,2559965.1
2026-03-29 08:00:00,0.9293,0.9313,0.921,0.9252,3839496.6
2026-03-29 12:00:00,0.9252,0.9266,0.9143,0.9182,4890662.5
2026-03-29 16:00:00,0.9182,0.9218,0.9093,0.9144,2774153.2
2026-03-29 20:00:00,0.9146,0.9281,0.8921,0.9217,8000354.0
2026-03-30 00:00:00,0.9218,0.9476,0.9154,0.9434,7333893.7
2026-03-30 04:00:00,0.9433,0.9492,0.9303,0.9447,5453340.6
2026-03-30 08:00:00,0.9448,0.9502,0.9316,0.9348,4713191.5
2026-03-30 12:00:00,0.9349,0.9367,0.9118,0.9135,6226627.6
2026-03-30 16:00:00,0.9137,0.9161,0.8874,0.8935,11551601.0
2026-03-30 20:00:00,0.8934,0.9039,0.8789,0.89,6074455.9
2026-03-31 00:00:00,0.89,0.9074,0.884,0.9007,6293477.3
2026-03-31 04:00:00,0.9009,0.9122,0.8991,0.9067,6412652.2
2026-03-31 08:00:00,0.9067,0.9149,0.8894,0.8993,6181913.1
2026-03-31 12:00:00,0.8994,0.9051,0.8713,0.8819,9629448.1
2026-03-31 16:00:00,0.8818,0.9037,0.8805,0.8972,7211705.2
2026-03-31 20:00:00,0.897,0.9009,0.8861,0.8921,3193041.0
2026-04-01 00:00:00,0.892,0.8998,0.8865,0.8971,4376384.3
2026-04-01 04:00:00,0.8972,0.9162,0.8944,0.9084,5765433.0
2026-04-01 08:00:00,0.9084,0.911,0.8955,0.8991,5209554.4
2026-04-01 12:00:00,0.8992,0.9115,0.8914,0.9066,7480587.4
2026-04-01 16:00:00,0.9066,0.9169,0.8983,0.8997,5838595.7
2026-04-01 20:00:00,0.8996,0.9018,0.8856,0.89,4377546.0
2026-04-02 00:00:00,0.89,0.8963,0.8604,0.8635,9295285.1
2026-04-02 04:00:00,0.8634,0.8693,0.8567,0.8674,5292838.3
2026-04-02 08:00:00,0.8674,0.8677,0.854,0.8627,4862666.3
2026-04-02 12:00:00,0.8628,0.8693,0.8472,0.8488,8836536.4
2026-04-02 16:00:00,0.8489,0.8576,0.8436,0.8522,5028990.8
2026-04-02 20:00:00,0.8523,0.8596,0.8488,0.8587,3431651.6
2026-04-03 00:00:00,0.8587,0.8669,0.8547,0.8647,3444567.6
2026-04-03 04:00:00,0.8649,0.8725,0.8587,0.8633,3430381.0
2026-04-03 08:00:00,0.8634,0.8719,0.8621,0.8668,2730322.6
2026-04-03 12:00:00,0.867,0.8719,0.8483,0.849,5606615.7
2026-04-03 16:00:00,0.8489,0.8528,0.841,0.8493,6663668.2
2026-04-03 20:00:00,0.8493,0.8525,0.8453,0.8478,2451893.3
2026-04-04 00:00:00,0.8478,0.8486,0.8367,0.8437,5122450.2
2026-04-04 04:00:00,0.8437,0.8458,0.8402,0.8425,2895585.9
2026-04-04 08:00:00,0.8426,0.8451,0.8381,0.8444,2591640.6
2026-04-04 12:00:00,0.8445,0.8529,0.8407,0.8466,4071755.2
2026-04-04 16:00:00,0.8466,0.8527,0.8416,0.8466,3843965.3
2026-04-04 20:00:00,0.8466,0.8502,0.8461,0.8493,1693517.1
2026-04-05 00:00:00,0.8493,0.8494,0.8436,0.8445,2121527.9
2026-04-05 04:00:00,0.8446,0.8451,0.828,0.833,5208875.3
2026-04-05 08:00:00,0.8329,0.8371,0.8301,0.8335,2500879.1
2026-04-05 12:00:00,0.8335,0.8428,0.8245,0.8359,5341287.2
2026-04-05 16:00:00,0.8359,0.8399,0.8304,0.8338,3049321.7
2026-04-05 20:00:00,0.8339,0.8498,0.8287,0.8498,4951268.8
2026-04-06 00:00:00,0.8498,0.8578,0.8426,0.8526,5440478.7
2026-04-06 04:00:00,0.8527,0.8584,0.8488,0.857,3444377.3
2026-04-06 08:00:00,0.8571,0.8801,0.8569,0.8741,6061600.4
2026-04-06 12:00:00,0.8741,0.8796,0.8567,0.864,5852994.7
2026-04-06 16:00:00,0.864,0.8642,0.8538,0.8552,2883646.4
2026-04-06 20:00:00,0.8553,0.8584,0.8303,0.8374,5163982.0
2026-04-07 00:00:00,0.8374,0.8407,0.8273,0.8339,3432953.2
2026-04-07 04:00:00,0.8339,0.8371,0.8255,0.8335,3543326.5
2026-04-07 08:00:00,0.8335,0.839,0.8271,0.8289,4418512.3
2026-04-07 12:00:00,0.8289,0.8343,0.8189,0.8207,6657439.4
2026-04-07 16:00:00,0.8207,0.8363,0.8161,0.8358,5092569.1
2026-04-07 20:00:00,0.836,0.88,0.8316,0.8713,13432478.6
2026-04-08 00:00:00,0.8714,0.8744,0.8596,0.867,6527104.5
2026-04-08 04:00:00,0.867,0.8836,0.867,0.8768,5084037.3
2026-04-08 08:00:00,0.8769,0.8772,0.8584,0.8623,5879765.8
2026-04-08 12:00:00,0.8624,0.8647,0.8377,0.8437,8746388.8
2026-04-08 16:00:00,0.8437,0.8492,0.8347,0.8399,6020073.4
2026-04-08 20:00:00,0.8398,0.8443,0.8265,0.8309,5658645.5
2026-04-09 00:00:00,0.831,0.8322,0.8104,0.8199,8630014.5
2026-04-09 04:00:00,0.8198,0.83,0.8185,0.8252,4137380.5
2026-04-09 08:00:00,0.8251,0.8294,0.8191,0.8239,3904025.7
2026-04-09 12:00:00,0.8238,0.8509,0.8214,0.8472,6430639.5
2026-04-09 16:00:00,0.8473,0.854,0.8399,0.8468,7724781.8
2026-04-09 20:00:00,0.8468,0.87,0.8422,0.8458,7064398.3
2026-04-10 00:00:00,0.8459,0.8504,0.8326,0.8346,5648117.9
2026-04-10 04:00:00,0.8346,0.8477,0.833,0.8345,5308516.5
2026-04-10 08:00:00,0.8346,0.8395,0.8312,0.8345,4928741.5
2026-04-10 12:00:00,0.8345,0.8658,0.8326,0.8586,9468658.2
2026-04-10 16:00:00,0.8586,0.8744,0.8566,0.8727,10937618.8
2026-04-10 20:00:00,0.8727,0.8774,0.862,0.8677,4786196.0
2026-04-11 00:00:00,0.8676,0.8681,0.8545,0.8561,4072533.7
2026-04-11 04:00:00,0.856,0.8575,0.8457,0.8514,3385273.3
2026-04-11 08:00:00,0.8515,0.858,0.8427,0.854,5839931.8
2026-04-11 12:00:00,0.8541,0.8572,0.8443,0.8561,4013142.6
2026-04-11 16:00:00,0.8562,0.8801,0.8562,0.8795,6225384.6
2026-04-11 20:00:00,0.8795,0.8799,0.8588,0.8627,5494022.3
2026-04-12 00:00:00,0.8628,0.8629,0.8256,0.8298,11067285.1
2026-04-12 04:00:00,0.8297,0.8308,0.8241,0.8272,4308574.0
2026-04-12 08:00:00,0.8272,0.8272,0.8145,0.8226,5727053.1
2026-04-12 12:00:00,0.8226,0.828,0.8151,0.8198,4991533.5
2026-04-12 16:00:00,0.8198,0.8284,0.8158,0.8207,3298710.3
2026-04-12 20:00:00,0.8208,0.8264,0.8054,0.8102,5820860.2
2026-04-13 00:00:00,0.8102,0.8216,0.8096,0.8195,4055304.2
2026-04-13 04:00:00,0.8194,0.8244,0.8107,0.8166,4114569.4
2026-04-13 08:00:00,0.8167,0.8248,0.8141,0.8238,2609485.7
2026-04-13 12:00:00,0.8237,0.8503,0.8208,0.8487,11101890.7
2026-04-13 16:00:00,0.8487,0.8643,0.8463,0.8573,11531950.2
2026-04-13 20:00:00,0.8573,0.8763,0.8421,0.873,11836097.6
2026-04-14 00:00:00,0.873,0.8762,0.8655,0.8704,5690877.3
2026-04-14 04:00:00,0.8704,0.8748,0.8619,0.8638,5258663.7
2026-04-14 08:00:00,0.8639,0.8699,0.857,0.8586,5222431.9
2026-04-14 12:00:00,0.8586,0.8758,0.856,0.8738,10599429.4
2026-04-14 16:00:00,0.8736,0.8817,0.8473,0.8556,6717436.6
2026-04-14 20:00:00,0.8554,0.8615,0.8524,0.8591,3990621.8
2026-04-15 00:00:00,0.8592,0.8667,0.8585,0.8657,2982788.6
2026-04-15 04:00:00,0.8657,0.8724,0.8517,0.8541,3166916.5
2026-04-15 08:00:00,0.8541,0.8814,0.8537,0.8764,3739913.3
2026-04-15 12:00:00,0.8764,0.903,0.8748,0.9026,9286970.9
2026-04-15 16:00:00,0.9027,0.9344,0.8932,0.8991,15418987.0
2026-04-15 20:00:00,0.8992,0.903,0.8888,0.895,5192233.7
2026-04-16 00:00:00,0.8951,0.9098,0.875,0.9076,11764362.7
2026-04-16 04:00:00,0.9075,0.9318,0.9031,0.9253,12836594.7
2026-04-16 08:00:00,0.9253,0.9348,0.9168,0.927,8100308.2
2026-04-16 12:00:00,0.9271,0.9882,0.912,0.9869,22637997.3
2026-04-16 16:00:00,0.987,1.0075,0.9592,0.9898,20029832.1
2026-04-16 20:00:00,0.9897,1.0051,0.9777,1.0004,7758965.2
2026-04-17 00:00:00,1.0005,1.0036,0.9713,0.98,7392966.1
2026-04-17 04:00:00,0.98,1.0026,0.9622,1.0013,7358221.9
2026-04-17 08:00:00,1.0014,1.0157,0.9684,0.9709,16618432.0
2026-04-17 12:00:00,0.9709,1.012,0.9703,0.9959,10950524.4
2026-04-17 16:00:00,0.996,1.0133,0.9932,1.0054,7787791.7
2026-04-17 20:00:00,1.0055,1.0169,0.991,0.9968,6399836.6
2026-04-18 00:00:00,0.9967,1.0019,0.9771,0.9818,6432355.6
2026-04-18 04:00:00,0.9818,0.9899,0.9767,0.981,4210796.0
2026-04-18 08:00:00,0.9811,0.9844,0.9484,0.9507,6811298.4
2026-04-18 12:00:00,0.9506,0.9539,0.9353,0.9435,8477406.6
2026-04-18 16:00:00,0.9435,0.9502,0.9325,0.9369,7303114.9
2026-04-18 20:00:00,0.9368,0.9461,0.9341,0.9352,3256345.3
2026-04-19 00:00:00,0.9352,0.9378,0.9201,0.9257,6886970.5
2026-04-19 04:00:00,0.9257,0.9358,0.9203,0.9307,4768810.0
2026-04-19 08:00:00,0.9307,0.9451,0.9268,0.9413,4859490.3
2026-04-19 12:00:00,0.9412,0.9611,0.9266,0.9368,7843394.2
2026-04-19 16:00:00,0.9369,0.9385,0.9188,0.9274,5735231.9
2026-04-19 20:00:00,0.9273,0.9326,0.9082,0.9102,4438553.9
2026-04-20 00:00:00,0.9102,0.9271,0.909,0.923,4143759.8
2026-04-20 04:00:00,0.923,0.9351,0.9116,0.9259,6112775.8
2026-04-20 08:00:00,0.926,0.9415,0.9236,0.928,4584400.9
2026-04-20 12:00:00,0.928,0.9449,0.9238,0.9427,5282691.7
2026-04-20 16:00:00,0.9428,0.9487,0.9351,0.9414,4710986.4
2026-04-20 20:00:00,0.9413,0.9504,0.9331,0.935,3833875.0
2026-04-21 00:00:00,0.9351,0.9394,0.9238,0.9269,3658230.3
2026-04-21 04:00:00,0.9268,0.9384,0.925,0.9339,2786524.6
2026-04-21 08:00:00,0.9339,0.9487,0.9322,0.9437,3395571.7
2026-04-21 12:00:00,0.9437,0.9445,0.9291,0.941,5113023.5
2026-04-21 16:00:00,0.9411,0.9443,0.9165,0.9203,5851325.1
2026-04-21 20:00:00,0.9204,0.9393,0.9198,0.9388,3126082.0
2026-04-22 00:00:00,0.9389,0.9449,0.9304,0.9421,4182670.8
2026-04-22 04:00:00,0.9422,0.9627,0.9373,0.9532,8232368.8
2026-04-22 08:00:00,0.9532,1.0052,0.9525,0.9848,17495714.2
2026-04-22 12:00:00,0.9849,0.986,0.9645,0.9718,8395052.3
2026-04-22 16:00:00,0.9719,0.9762,0.9491,0.9548,7169794.6
2026-04-22 20:00:00,0.9547,0.961,0.9437,0.9446,2955938.6
2026-04-23 00:00:00,0.9446,0.949,0.9316,0.9379,5640006.4
2026-04-23 04:00:00,0.9378,0.9581,0.9362,0.9478,4475724.7
2026-04-23 08:00:00,0.9478,0.9513,0.9378,0.9455,3227672.6
2026-04-23 12:00:00,0.9456,0.9612,0.9433,0.9569,4432225.9
2026-04-23 16:00:00,0.957,0.9577,0.924,0.9329,7768187.0
2026-04-23 20:00:00,0.9328,0.9547,0.9323,0.9514,4167360.2
2026-04-24 00:00:00,0.9514,0.9581,0.9401,0.9451,3901316.7
2026-04-24 04:00:00,0.9451,0.9494,0.9402,0.9454,2466250.2
2026-04-24 08:00:00,0.9454,0.9644,0.9429,0.9623,4130580.6
2026-04-24 12:00:00,0.9624,0.9669,0.9515,0.9646,4173290.6
2026-04-24 16:00:00,0.9647,0.9696,0.9559,0.9695,3136869.5
2026-04-24 20:00:00,0.9696,0.9877,0.9662,0.9869,4940876.5
2026-04-25 00:00:00,0.9868,0.9964,0.9801,0.9919,4324749.3
2026-04-25 04:00:00,0.992,0.9968,0.9679,0.9709,8237105.2
2026-04-25 08:00:00,0.9709,0.9805,0.9673,0.9697,2867012.0
2026-04-25 12:00:00,0.9698,0.9698,0.9581,0.9601,2407872.7
2026-04-25 16:00:00,0.96,0.9643,0.955,0.9602,2871743.9
2026-04-25 20:00:00,0.9602,0.9682,0.9581,0.9668,1634737.9
2026-04-26 00:00:00,0.9668,0.9674,0.9571,0.9621,1997828.9
2026-04-26 04:00:00,0.962,0.9814,0.9605,0.9795,3005916.0
2026-04-26 08:00:00,0.9797,1.0018,0.9766,0.9901,5910837.5
2026-04-26 12:00:00,0.9901,0.9924,0.9756,0.992,5154188.9
2026-04-26 16:00:00,0.9919,0.9938,0.9827,0.9862,4568692.6
2026-04-26 20:00:00,0.9863,0.9933,0.9779,0.9825,2450189.0
2026-04-27 00:00:00,0.9826,0.9944,0.9773,0.9869,4511593.8
2026-04-27 04:00:00,0.9869,0.9869,0.9478,0.952,8967668.1
2026-04-27 08:00:00,0.952,0.9588,0.9474,0.9577,3177461.2
2026-04-27 12:00:00,0.9579,0.9683,0.9384,0.9457,6983127.6
2026-04-27 16:00:00,0.9458,0.9555,0.9428,0.9493,4152749.2
2026-04-27 20:00:00,0.9494,0.9678,0.9493,0.9659,3863888.0
2026-04-28 00:00:00,0.966,0.9764,0.9591,0.9753,4579731.0
2026-04-28 04:00:00,0.9753,0.9947,0.9545,0.9584,9524051.2
2026-04-28 08:00:00,0.9585,0.9716,0.9556,0.9595,4041099.4
2026-04-28 12:00:00,0.9595,0.9733,0.9549,0.9639,4834498.1
2026-04-28 16:00:00,0.964,0.9724,0.9591,0.9701,3121180.7
2026-04-28 20:00:00,0.9701,0.9731,0.9597,0.9656,2070031.0
2026-04-29 00:00:00,0.9655,0.9918,0.9624,0.9912,4403123.9
2026-04-29 04:00:00,0.9913,1.0099,0.9889,1.0005,10757797.1
2026-04-29 08:00:00,1.0006,1.0086,0.9739,0.9925,15222487.6
2026-04-29 12:00:00,0.9926,0.9934,0.9652,0.9681,9244220.5
2026-04-29 16:00:00,0.968,0.9837,0.9456,0.9706,9572147.8
2026-04-29 20:00:00,0.9707,0.9987,0.9681,0.9896,7031131.0
2026-04-30 00:00:00,0.9897,1.0374,0.9868,1.0361,13271630.7
2026-04-30 04:00:00,1.0361,1.0361,0.9894,1.0089,11802460.2
2026-04-30 08:00:00,1.0089,1.0133,0.9916,0.9995,6338283.6
2026-04-30 12:00:00,0.9996,1.014,0.9789,0.9957,13569180.3
2026-04-30 16:00:00,0.9958,1.0047,0.984,0.988,8838662.8
2026-04-30 20:00:00,0.9879,0.9986,0.9865,0.9931,3763349.3
2026-05-01 00:00:00,0.993,1.0337,0.9922,1.0281,8413622.7
2026-05-01 04:00:00,1.0282,1.0478,1.0204,1.029,7479634.0
2026-05-01 08:00:00,1.0291,1.0311,1.0024,1.0099,5872564.9
2026-05-01 12:00:00,1.0099,1.022,1.0029,1.009,9040492.3
2026-05-01 16:00:00,1.009,1.0123,0.9966,0.9985,5772314.7
2026-05-01 20:00:00,0.9986,0.9991,0.9856,0.9891,5227038.6
2026-05-02 00:00:00,0.9891,1.0189,0.9878,1.0009,12067919.2
2026-05-02 04:00:00,1.001,1.0039,0.9879,0.9934,3223455.8
2026-05-02 08:00:00,0.9935,1.0063,0.9883,0.9928,4140998.0
2026-05-02 12:00:00,0.9928,1.0042,0.9902,1.0038,2653877.2
2026-05-02 16:00:00,1.0038,1.0062,0.9916,1.0035,4342516.2
2026-05-02 20:00:00,1.0035,1.0143,1.0008,1.0019,3092546.6
2026-05-03 00:00:00,1.002,1.0027,0.973,0.9796,8797927.8
2026-05-03 04:00:00,0.9796,0.9865,0.9754,0.984,2530628.3
2026-05-03 08:00:00,0.984,0.9926,0.976,0.9871,3859592.6
2026-05-03 12:00:00,0.9872,0.9967,0.9857,0.9937,4288953.7
2026-05-03 16:00:00,0.9938,0.9988,0.9887,0.9937,2565080.0
2026-05-03 20:00:00,0.9936,1.0026,0.9837,0.9853,3864707.6
2026-05-04 00:00:00,0.9854,1.0179,0.9743,1.0115,9986988.0
2026-05-04 04:00:00,1.0116,1.0203,0.9909,0.9918,5980105.5
2026-05-04 08:00:00,0.9918,0.9983,0.9593,0.9723,9661515.1
2026-05-04 12:00:00,0.9722,0.9971,0.965,0.9726,8249854.0
2026-05-04 16:00:00,0.9727,0.9835,0.9639,0.9753,5883150.3
2026-05-04 20:00:00,0.9754,0.9799,0.9605,0.9655,3920669.4
2026-05-05 00:00:00,0.9656,0.9747,0.9576,0.9713,4487210.0
2026-05-05 04:00:00,0.9713,0.9803,0.968,0.9741,4057854.0
2026-05-05 08:00:00,0.9741,0.993,0.9715,0.9927,5458888.4
2026-05-05 12:00:00,0.9926,0.998,0.9693,0.9701,12233230.1
2026-05-05 16:00:00,0.9702,0.9791,0.9595,0.9726,15520482.5
2026-05-05 20:00:00,0.9725,0.9999,0.9723,0.9906,9757913.5
2026-05-06 00:00:00,0.9905,1.0289,0.9819,1.0171,10998096.1
2026-05-06 04:00:00,1.0172,1.0249,1.0043,1.0185,9330061.0
2026-05-06 08:00:00,1.0185,1.0655,1.0176,1.0432,18810044.1
2026-05-06 12:00:00,1.0433,1.0472,1.0011,1.0202,14919369.4
2026-05-06 16:00:00,1.0201,1.0245,1.0081,1.017,5466565.9
2026-05-06 20:00:00,1.017,1.0328,1.009,1.022,4255378.7
2026-05-07 00:00:00,1.0221,1.0255,0.9942,0.9992,7518679.8
2026-05-07 04:00:00,0.9991,1.0347,0.9984,1.0282,7794790.0
2026-05-07 08:00:00,1.0283,1.03,1.0115,1.0229,5868966.4
2026-05-07 12:00:00,1.0228,1.0379,0.999,1.0054,11639872.2
2026-05-07 16:00:00,1.0054,1.0313,1.0009,1.0275,6321254.5
2026-05-07 20:00:00,1.0275,1.0342,1.0115,1.0267,4417495.3
2026-05-08 00:00:00,1.0268,1.0497,1.0188,1.0414,8053190.1
2026-05-08 04:00:00,1.0414,1.0558,1.0268,1.0406,7788144.2
2026-05-08 08:00:00,1.0405,1.0661,1.0352,1.0607,8162252.4
2026-05-08 12:00:00,1.0606,1.0782,1.0407,1.0758,12221273.7
2026-05-08 16:00:00,1.0759,1.1253,1.0622,1.1195,13353255.8
2026-05-08 20:00:00,1.1195,1.1452,1.1112,1.1294,11186240.5
2026-05-09 00:00:00,1.1295,1.1447,1.1189,1.131,7659537.8
2026-05-09 04:00:00,1.1311,1.1376,1.1123,1.1182,6160540.6
2026-05-09 08:00:00,1.1182,1.1279,1.0944,1.1013,6279595.9
2026-05-09 12:00:00,1.1014,1.1083,1.0953,1.0998,4590436.4
2026-05-09 16:00:00,1.0998,1.1179,1.0917,1.1114,5642217.3
2026-05-09 20:00:00,1.1115,1.118,1.0994,1.1029,2759891.6
2026-05-10 00:00:00,1.1029,1.1053,1.0809,1.0959,6751054.9
2026-05-10 04:00:00,1.0958,1.104,1.0945,1.0962,3126640.4
2026-05-10 08:00:00,1.0961,1.1222,1.0947,1.1077,7059704.5
2026-05-10 12:00:00,1.1078,1.124,1.0992,1.1238,7063426.3
2026-05-10 16:00:00,1.1239,1.239,1.1234,1.2176,33947408.5
2026-05-10 20:00:00,1.2174,1.2349,1.1206,1.1531,45327871.5
2026-05-11 00:00:00,1.1531,1.1562,1.0974,1.1141,13759705.1
2026-05-11 04:00:00,1.114,1.1405,1.1061,1.1288,10693041.4
2026-05-11 08:00:00,1.1289,1.1427,1.112,1.1235,8316139.3
2026-05-11 12:00:00,1.1236,1.1333,1.1021,1.1269,11099896.6
2026-05-11 16:00:00,1.1272,1.1416,1.1172,1.1394,6507758.8
2026-05-11 20:00:00,1.1395,1.143,1.1237,1.1283,4409720.9
2026-05-12 00:00:00,1.1283,1.1326,1.0919,1.103,7967477.9
2026-05-12 04:00:00,1.1029,1.1248,1.0993,1.1112,5431561.9
2026-05-12 08:00:00,1.1112,1.1121,1.0831,1.0903,7052310.8
2026-05-12 12:00:00,1.0903,1.093,1.0602,1.0665,11651898.8
2026-05-12 16:00:00,1.0665,1.0878,1.0563,1.083,5496270.6
2026-05-12 20:00:00,1.083,1.0907,1.079,1.0811,2328233.0
2026-05-13 00:00:00,1.081,1.1065,1.0765,1.1053,4984813.5
2026-05-13 04:00:00,1.1052,1.1122,1.0979,1.1071,4200519.8
2026-05-13 08:00:00,1.1071,1.1274,1.0926,1.0957,7421944.8
2026-05-13 12:00:00,1.0956,1.0983,1.0312,1.0341,13504429.2
2026-05-13 16:00:00,1.0342,1.056,1.0339,1.0444,5685331.1
2026-05-13 20:00:00,1.0444,1.0516,1.0336,1.0444,2901924.6
2026-05-14 00:00:00,1.0444,1.0505,1.0208,1.0233,4977347.1
2026-05-14 04:00:00,1.0233,1.04,1.0204,1.0319,4440280.2
2026-05-14 08:00:00,1.0318,1.0379,1.0249,1.0275,3568725.0
2026-05-14 12:00:00,1.0275,1.0646,1.0269,1.0635,7127349.5
2026-05-14 16:00:00,1.0635,1.0779,1.0508,1.0664,6814887.5
2026-05-14 20:00:00,1.0665,1.068,1.0492,1.0519,2843270.8
2026-05-15 00:00:00,1.0518,1.0598,1.0365,1.0431,5190550.0
2026-05-15 04:00:00,1.043,1.0432,1.0078,1.0214,8960063.9
2026-05-15 08:00:00,1.0215,1.0237,1.0098,1.0162,5353590.5
2026-05-15 12:00:00,1.0164,1.0192,0.9686,0.983,14033690.3
2026-05-15 16:00:00,0.983,1.0021,0.9803,0.9945,5109818.6
2026-05-15 20:00:00,0.9945,0.9951,0.9853,0.9875,2058803.6
2026-05-16 00:00:00,0.9875,0.9918,0.9842,0.9851,1895204.2
2026-05-16 04:00:00,0.9851,0.9858,0.9422,0.9582,8173499.1
2026-05-16 08:00:00,0.9582,0.9626,0.9397,0.9476,4929355.2
2026-05-16 12:00:00,0.9476,0.9598,0.9451,0.9571,2777485.5
2026-05-16 16:00:00,0.9571,0.962,0.9492,0.9506,2654587.4
2026-05-16 20:00:00,0.9506,0.9522,0.9442,0.9446,1790536.1
2026-05-17 00:00:00,0.9448,0.9468,0.933,0.9421,3568501.0
2026-05-17 04:00:00,0.9421,0.9617,0.9411,0.9562,4441949.3
2026-05-17 08:00:00,0.9562,0.9689,0.9511,0.9651,6297570.6
2026-05-17 12:00:00,0.9651,0.9687,0.9344,0.9401,10090151.8
2026-05-17 16:00:00,0.9402,0.9473,0.9294,0.9457,5179095.4
2026-05-17 20:00:00,0.9456,0.9545,0.8877,0.9292,11462920.5
2026-05-18 00:00:00,0.9291,0.9388,0.9208,0.9305,6167366.5
2026-05-18 04:00:00,0.9305,0.9377,0.9158,0.9219,5930552.1
2026-05-18 08:00:00,0.9219,0.9347,0.915,0.9293,3764792.4
2026-05-18 12:00:00,0.9294,0.9419,0.9159,0.9215,10701784.3
2026-05-18 16:00:00,0.9214,0.9406,0.9139,0.9382,10375506.2
2026-05-18 20:00:00,0.9384,0.9489,0.9316,0.9475,3585486.4
2026-05-19 00:00:00,0.9475,0.9551,0.9378,0.9436,3277935.2
2026-05-19 04:00:00,0.9435,0.9531,0.9384,0.9506,2359269.4
2026-05-19 08:00:00,0.9508,0.9521,0.9323,0.9342,4203351.6
2026-05-19 12:00:00,0.9342,0.9475,0.9265,0.9356,5412663.7
2026-05-19 16:00:00,0.9357,0.944,0.9308,0.9331,2593395.7
2026-05-19 20:00:00,0.9332,0.938,0.9266,0.9294,1420844.5
2026-05-20 00:00:00,0.9293,0.9347,0.9246,0.9315,2509360.3
2026-05-20 04:00:00,0.9316,0.9462,0.9306,0.9419,3018169.1
2026-05-20 08:00:00,0.9419,0.9469,0.9335,0.936,2604167.1
2026-05-20 12:00:00,0.936,0.9572,0.9283,0.955,5982772.1
2026-05-20 16:00:00,0.955,0.9599,0.9468,0.956,5662409.8
2026-05-20 20:00:00,0.9559,0.9586,0.9433,0.9503,2870434.8
2026-05-21 00:00:00,0.9503,0.9681,0.9485,0.9663,3564332.8
2026-05-21 04:00:00,0.9664,0.9689,0.9517,0.9617,4247917.0
2026-05-21 08:00:00,0.9618,0.9705,0.9452,0.9482,4320136.5
2026-05-21 12:00:00,0.9482,0.9606,0.9432,0.9577,4329299.6
2026-05-21 16:00:00,0.9577,0.9814,0.9538,0.9775,8427129.2
2026-05-21 20:00:00,0.9775,0.9832,0.9685,0.9732,3422350.7
2026-05-22 00:00:00,0.9732,0.9824,0.9625,0.9802,3471480.0
2026-05-22 04:00:00,0.9802,0.9901,0.9683,0.9792,4147569.2
2026-05-22 08:00:00,0.9791,0.9924,0.9766,0.9909,5662965.5
2026-05-22 12:00:00,0.9911,1.0019,0.97,0.9794,10207627.5
2026-05-22 16:00:00,0.9793,0.9879,0.9359,0.9449,11228463.4
2026-05-22 20:00:00,0.945,0.9582,0.9317,0.9393,6749793.2
2026-05-23 00:00:00,0.9392,0.9489,0.9302,0.9458,3740180.4
2026-05-23 04:00:00,0.9457,0.9457,0.8983,0.9117,6671553.1
2026-05-23 08:00:00,0.9116,0.9157,0.9049,0.9089,4778006.1
2026-05-23 12:00:00,0.9089,0.9451,0.9072,0.9428,4735725.8
2026-05-23 16:00:00,0.9427,0.9745,0.9401,0.9637,6645541.0
2026-05-23 20:00:00,0.9637,1.0009,0.9608,0.9698,10271935.8
2026-05-24 00:00:00,0.9699,0.972,0.9578,0.9604,2983644.6
2026-05-24 04:00:00,0.9604,0.9668,0.9517,0.9604,2996086.1
2026-05-24 08:00:00,0.9605,0.9686,0.9572,0.9603,3006016.9
2026-05-24 12:00:00,0.9604,0.9605,0.9333,0.949,3823307.3
2026-05-24 16:00:00,0.9491,0.9533,0.9444,0.9478,1960736.0
2026-05-24 20:00:00,0.9479,0.9484,0.9253,0.9447,3969848.4
2026-05-25 00:00:00,0.9448,0.9503,0.9381,0.9404,3446341.9
2026-05-25 04:00:00,0.9404,0.9642,0.9382,0.9609,3070049.8
2026-05-25 08:00:00,0.9609,0.9679,0.9578,0.9593,2892525.8
2026-05-25 12:00:00,0.9593,0.9793,0.9566,0.9791,4229144.6
2026-05-25 16:00:00,0.9791,0.9888,0.9728,0.9784,4399931.2
2026-05-25 20:00:00,0.9783,0.9831,0.9606,0.9671,4010559.5
2026-05-26 00:00:00,0.9672,0.9691,0.9496,0.957,4329652.8
2026-05-26 04:00:00,0.9571,0.9876,0.9547,0.9741,6264994.9
2026-05-26 08:00:00,0.9742,1.0027,0.9737,0.9945,9382123.9
2026-05-26 12:00:00,0.9946,1.0098,0.9785,0.9888,11198153.7
2026-05-26 16:00:00,0.9888,0.9891,0.9611,0.9724,6138610.0
2026-05-26 20:00:00,0.9725,0.9773,0.9651,0.9717,3016271.3
2026-05-27 00:00:00,0.9718,0.9815,0.9627,0.9673,3648570.5
2026-05-27 04:00:00,0.9672,0.9815,0.9526,0.9772,5288988.3
2026-05-27 08:00:00,0.977,0.9858,0.9626,0.9669,5386086.4
2026-05-27 12:00:00,0.9669,1.0051,0.9471,0.9963,11866689.0
2026-05-27 16:00:00,0.9964,1.001,0.9581,0.9739,7824594.1
2026-05-27 20:00:00,0.9739,0.9784,0.9401,0.9497,6095436.5
2026-05-28 00:00:00,0.9495,0.9545,0.9132,0.9157,9309014.9
2026-05-28 04:00:00,0.9157,0.9216,0.8997,0.9177,10141781.5
2026-05-28 08:00:00,0.9177,0.9325,0.9094,0.9257,8056781.7
2026-05-28 12:00:00,0.9256,0.9411,0.9024,0.92,8193085.9
2026-05-28 16:00:00,0.9201,0.9506,0.9124,0.9394,4946243.4
2026-05-28 20:00:00,0.9394,0.9519,0.9282,0.9397,3130041.3
2026-05-29 00:00:00,0.9397,0.9534,0.9236,0.9251,4680818.7
2026-05-29 04:00:00,0.9251,0.9413,0.9161,0.9245,7144621.0
2026-05-29 08:00:00,0.9244,0.9303,0.9082,0.914,4298434.8
2026-05-29 12:00:00,0.914,0.9473,0.8866,0.942,15540742.0
2026-05-29 16:00:00,0.9421,0.9531,0.9201,0.9345,9583261.8
2026-05-29 20:00:00,0.9345,0.9397,0.9236,0.9371,3285518.3
2026-05-30 00:00:00,0.9371,0.9743,0.9328,0.9593,6474785.4
2026-05-30 04:00:00,0.9595,0.9632,0.9314,0.945,5437921.8
2026-05-30 08:00:00,0.945,0.9479,0.9332,0.9387,3947668.3
2026-05-30 12:00:00,0.9387,0.9494,0.9343,0.9398,4517584.3
2026-05-30 16:00:00,0.9399,0.9484,0.938,0.9444,2378894.4
2026-05-30 20:00:00,0.9444,0.9502,0.9337,0.9403,2899644.5
2026-05-31 00:00:00,0.9404,0.9515,0.9362,0.9499,3622459.1
2026-05-31 04:00:00,0.9498,0.9549,0.9341,0.9384,2786760.7
2026-05-31 08:00:00,0.9384,0.9461,0.9279,0.94,3581441.8
2026-05-31 12:00:00,0.94,0.9433,0.9174,0.9213,5769724.8
2026-05-31 16:00:00,0.9212,0.9241,0.9138,0.9193,3546808.6
2026-05-31 20:00:00,0.9194,0.9556,0.9194,0.9461,4857630.3
2026-06-01 00:00:00,0.9461,0.9601,0.9297,0.9535,6481755.3
2026-06-01 04:00:00,0.9534,0.9576,0.9166,0.9182,6168942.2
2026-06-01 08:00:00,0.9182,0.9302,0.9127,0.9221,4177915.9
2026-06-01 12:00:00,0.9221,0.9269,0.8992,0.9115,9072824.4
2026-06-01 16:00:00,0.9114,0.9504,0.9041,0.9479,7887477.7
2026-06-01 20:00:00,0.948,0.9494,0.9243,0.9423,4691147.3
2026-06-02 00:00:00,0.9424,0.9435,0.9035,0.9358,6471088.6
2026-06-02 04:00:00,0.9359,0.9381,0.8967,0.9056,6927245.3
2026-06-02 08:00:00,0.9057,0.9144,0.898,0.9043,5376124.6
2026-06-02 12:00:00,0.9043,0.9173,0.8392,0.8528,22904483.0
2026-06-02 16:00:00,0.8527,0.8729,0.8237,0.8449,14032715.4
2026-06-02 20:00:00,0.845,0.8525,0.8052,0.8244,11580483.1
2026-06-03 00:00:00,0.8244,0.8371,0.809,0.8139,8447145.3
2026-06-03 04:00:00,0.8139,0.8589,0.8137,0.8564,9039490.0
2026-06-03 08:00:00,0.8563,0.871,0.8437,0.8573,7203675.8
2026-06-03 12:00:00,0.8573,0.8607,0.8411,0.843,6701914.8
2026-06-03 16:00:00,0.843,0.8443,0.8166,0.8191,8754171.8
2026-06-03 20:00:00,0.8189,0.8363,0.8024,0.8109,14531644.3
2026-06-04 00:00:00,0.8109,0.8177,0.7285,0.789,26590603.5
2026-06-04 04:00:00,0.7889,0.7944,0.7623,0.7635,10468151.6
2026-06-04 08:00:00,0.7635,0.7685,0.7309,0.7461,14766196.2
2026-06-04 12:00:00,0.7461,0.7847,0.7381,0.7733,14263474.2
2026-06-04 16:00:00,0.7732,0.7794,0.7566,0.7689,8112454.6
2026-06-04 20:00:00,0.7688,0.7695,0.7367,0.7537,8392992.7
2026-06-05 00:00:00,0.7536,0.7565,0.7168,0.7214,9359963.7
2026-06-05 04:00:00,0.7215,0.744,0.6743,0.7082,23145416.1
2026-06-05 08:00:00,0.7082,0.7107,0.691,0.694,8464185.5
2026-06-05 12:00:00,0.694,0.7032,0.6596,0.6655,17683280.7
2026-06-05 16:00:00,0.6654,0.6865,0.631,0.6555,22072311.5
2026-06-05 20:00:00,0.6554,0.6834,0.6482,0.6659,10521751.3
2026-06-06 00:00:00,0.6659,0.6774,0.6479,0.6498,10008970.2
2026-06-06 04:00:00,0.6498,0.6609,0.6145,0.6549,15896616.8
2026-06-06 08:00:00,0.6549,0.668,0.639,0.6523,7871559.8
2026-06-06 12:00:00,0.6523,0.6771,0.6443,0.6541,17119942.0
2026-06-06 16:00:00,0.6542,0.656,0.6436,0.6464,7056050.6
2026-06-06 20:00:00,0.6464,0.6579,0.6437,0.6555,4429361.6
2026-06-07 00:00:00,0.6556,0.6781,0.6551,0.6738,5366586.7
2026-06-07 04:00:00,0.6738,0.6834,0.6694,0.6796,5804928.6
2026-06-07 08:00:00,0.6797,0.6872,0.6701,0.6729,6719646.5
2026-06-07 12:00:00,0.6728,0.679,0.6547,0.6715,8238625.0
2026-06-07 16:00:00,0.6714,0.6737,0.6468,0.6496,6825077.1
2026-06-07 20:00:00,0.6495,0.6933,0.6474,0.671,9535190.2
2026-06-08 00:00:00,0.6711,0.6771,0.6566,0.6671,6596642.4
2026-06-08 04:00:00,0.6671,0.6688,0.6536,0.6669,4288417.6
2026-06-08 08:00:00,0.6667,0.6842,0.6577,0.6805,7382137.0
2026-06-08 12:00:00,0.6806,0.6864,0.6724,0.6817,9547791.5
2026-06-08 16:00:00,0.6817,0.6923,0.6759,0.6812,6440148.6
2026-06-08 20:00:00,0.6813,0.6864,0.6681,0.6719,5449297.9
2026-06-09 00:00:00,0.6719,0.6725,0.6381,0.6447,13794388.3
2026-06-09 04:00:00,0.6447,0.6728,0.6433,0.6696,7609313.9
2026-06-09 08:00:00,0.6697,0.6719,0.6606,0.6677,5125440.0
2026-06-09 12:00:00,0.6677,0.6759,0.6476,0.6519,14530596.5
2026-06-09 16:00:00,0.6518,0.6648,0.6391,0.6626,9455262.3
2026-06-09 20:00:00,0.6626,0.6705,0.6603,0.6643,3496524.0
2026-06-10 00:00:00,0.6644,0.6713,0.6548,0.6581,3874858.2
2026-06-10 04:00:00,0.6581,0.661,0.648,0.6563,4069506.2
2026-06-10 08:00:00,0.6563,0.6567,0.632,0.637,8144922.7
2026-06-10 12:00:00,0.6371,0.6629,0.6341,0.6533,9596144.7
2026-06-10 16:00:00,0.6534,0.6547,0.6283,0.6309,7435886.1
2026-06-10 20:00:00,0.6308,0.6324,0.6071,0.6203,10255551.0
2026-06-11 00:00:00,0.6204,0.642,0.6204,0.6397,7125183.7
2026-06-11 04:00:00,0.6398,0.6432,0.6289,0.635,4732754.3
2026-06-11 08:00:00,0.635,0.6392,0.6276,0.6326,5150164.5
2026-06-11 12:00:00,0.6326,0.6403,0.6227,0.6309,8574718.6
2026-06-11 16:00:00,0.6309,0.6556,0.6181,0.6511,12633003.2
2026-06-11 20:00:00,0.6511,0.6579,0.6427,0.6459,4790803.6
2026-06-12 00:00:00,0.6459,0.6526,0.6407,0.6525,3381088.1
2026-06-12 04:00:00,0.6525,0.6552,0.6323,0.6358,5044991.1
2026-06-12 08:00:00,0.6358,0.6694,0.6355,0.658,17670785.0
2026-06-12 12:00:00,0.6581,0.6693,0.6409,0.6426,12005480.2
2026-06-12 16:00:00,0.6426,0.6576,0.6387,0.6446,6896294.6
2026-06-12 20:00:00,0.6447,0.6483,0.6354,0.6421,4818083.6
2026-06-13 00:00:00,0.6421,0.6574,0.6397,0.6546,4829231.0
2026-06-13 04:00:00,0.6546,0.676,0.6487,0.6681,8123619.6
2026-06-13 08:00:00,0.6681,0.675,0.662,0.6719,5226003.5
2026-06-13 12:00:00,0.6719,0.6846,0.6702,0.6791,5935540.3
2026-06-13 16:00:00,0.6791,0.6798,0.6684,0.6698,4856646.7
2026-06-13 20:00:00,0.6698,0.678,0.6669,0.6708,2733371.0
2026-06-14 00:00:00,0.6708,0.6731,0.6641,0.667,4335662.4
2026-06-14 04:00:00,0.6671,0.6691,0.6573,0.6624,5885738.6
2026-06-14 08:00:00,0.6625,0.6688,0.6606,0.6624,3974947.6
2026-06-14 12:00:00,0.6625,0.6641,0.6442,0.6503,5793614.9
2026-06-14 16:00:00,0.6503,0.6546,0.6449,0.6481,3434372.9
2026-06-14 20:00:00,0.6481,0.6849,0.6473,0.6804,8518741.5
2026-06-15 00:00:00,0.6804,0.6859,0.6735,0.683,4344442.1
2026-06-15 04:00:00,0.683,0.6894,0.6776,0.6821,5035835.0
2026-06-15 08:00:00,0.6821,0.6974,0.6764,0.6924,7411697.2
2026-06-15 12:00:00,0.6924,0.7156,0.69,0.714,12702998.5
2026-06-15 16:00:00,0.714,0.7143,0.6794,0.6827,10298323.6
2026-06-15 20:00:00,0.6827,0.6952,0.6688,0.6783,10449481.3
2026-06-16 00:00:00,0.6784,0.682,0.6608,0.6751,6833989.1
2026-06-16 04:00:00,0.6751,0.6842,0.6664,0.6835,5726261.9
2026-06-16 08:00:00,0.6834,0.6961,0.6776,0.6816,6870550.3
2026-06-16 12:00:00,0.6817,0.6869,0.6527,0.666,11341370.0
2026-06-16 16:00:00,0.666,0.6814,0.6606,0.667,6897220.3
2026-06-16 20:00:00,0.6668,0.6767,0.6639,0.6686,3799353.6
2026-06-17 00:00:00,0.6686,0.6904,0.6655,0.6765,7164800.8
2026-06-17 04:00:00,0.6765,0.6784,0.6602,0.6651,6609519.2
2026-06-17 08:00:00,0.6653,0.6661,0.6534,0.6593,7864565.6
2026-06-17 12:00:00,0.6593,0.6931,0.6574,0.6914,11441872.7
2026-06-17 16:00:00,0.6914,0.6958,0.6539,0.6573,17156954.7
2026-06-17 20:00:00,0.6573,0.6756,0.6533,0.6717,7562898.4
2026-06-18 00:00:00,0.6717,0.6788,0.6551,0.6572,7488177.6
2026-06-18 04:00:00,0.6572,0.6581,0.6364,0.6515,12649355.4
2026-06-18 08:00:00,0.6516,0.6601,0.6446,0.6467,8375230.0
2026-06-18 12:00:00,0.6468,0.6553,0.6184,0.6206,17793048.8
2026-06-18 16:00:00,0.6206,0.6358,0.619,0.6345,8984357.2
2026-06-18 20:00:00,0.6345,0.6443,0.6327,0.6422,5618512.8
2026-06-19 00:00:00,0.6422,0.6493,0.6285,0.6334,6902057.5
2026-06-19 04:00:00,0.6333,0.6334,0.6128,0.6173,12916441.1
2026-06-19 08:00:00,0.6174,0.6256,0.6171,0.6233,5241309.3
2026-06-19 12:00:00,0.6234,0.6419,0.6188,0.6394,6921869.5
2026-06-19 16:00:00,0.6394,0.643,0.6242,0.6267,5601267.0
2026-06-19 20:00:00,0.6268,0.6351,0.6249,0.6336,3532544.9
2026-06-20 00:00:00,0.6336,0.6379,0.6221,0.625,5180420.4
2026-06-20 04:00:00,0.625,0.6397,0.6236,0.6346,5432437.0
2026-06-20 08:00:00,0.6345,0.6428,0.6318,0.6375,5378958.3
2026-06-20 12:00:00,0.6375,0.6438,0.6259,0.6384,9581029.7
2026-06-20 16:00:00,0.6385,0.6387,0.6263,0.6334,4393600.3
2026-06-20 20:00:00,0.6335,0.6496,0.6323,0.6455,4749831.3
2026-06-21 00:00:00,0.6456,0.6585,0.6436,0.6539,4879719.9
2026-06-21 04:00:00,0.654,0.657,0.6452,0.6529,4690487.7
2026-06-21 08:00:00,0.6529,0.6666,0.6488,0.6525,7954987.0
2026-06-21 12:00:00,0.6525,0.6588,0.6494,0.6572,3627865.0
2026-06-21 16:00:00,0.6572,0.6612,0.6512,0.6596,4845321.5
2026-06-21 20:00:00,0.6597,0.6643,0.6431,0.6474,6990445.4
2026-06-22 00:00:00,0.6474,0.6782,0.6466,0.6576,8839133.3
2026-06-22 04:00:00,0.6576,0.677,0.6562,0.6725,5567758.6
2026-06-22 08:00:00,0.6724,0.6813,0.6639,0.6811,6304178.2
2026-06-22 12:00:00,0.6812,0.6859,0.6659,0.6678,9885497.5
2026-06-22 16:00:00,0.6679,0.6745,0.6558,0.6617,7259513.2
2026-06-22 20:00:00,0.6616,0.665,0.6507,0.6613,3647721.9
2026-06-23 00:00:00,0.6613,0.6616,0.6507,0.6579,3678337.3
2026-06-23 04:00:00,0.658,0.659,0.6299,0.6362,6202292.2
2026-06-23 08:00:00,0.6362,0.6385,0.6146,0.6317,8740440.5
2026-06-23 12:00:00,0.6317,0.6428,0.6272,0.6324,5755588.0
2026-06-23 16:00:00,0.6324,0.639,0.6293,0.6374,3365237.3
2026-06-23 20:00:00,0.6375,0.6527,0.6375,0.6455,3554248.8
2026-06-24 00:00:00,0.6456,0.6555,0.6385,0.6412,3562163.4
2026-06-24 04:00:00,0.6412,0.6496,0.6345,0.6454,3467724.2
2026-06-24 08:00:00,0.6454,0.6486,0.6314,0.6412,4232537.5
2026-06-24 12:00:00,0.6412,0.642,0.6127,0.6146,12709461.0
2026-06-24 16:00:00,0.6146,0.6231,0.587,0.6076,18668629.1
2026-06-24 20:00:00,0.6077,0.6395,0.6063,0.6309,7470976.2
2026-06-25 00:00:00,0.631,0.6329,0.6222,0.6238,2750241.7
2026-06-25 04:00:00,0.6238,0.6377,0.6193,0.6377,3480008.4
2026-06-25 08:00:00,0.6377,0.6385,0.6214,0.6232,3877850.1
2026-06-25 12:00:00,0.6232,0.6313,0.5701,0.5883,32209250.5
2026-06-25 16:00:00,0.5884,0.6073,0.5846,0.594,15749350.0
2026-06-25 20:00:00,0.594,0.605,0.5916,0.594,4754434.2
2026-06-26 00:00:00,0.594,0.5972,0.5675,0.5912,9926546.8
2026-06-26 04:00:00,0.5912,0.606,0.5839,0.6045,5932894.5
2026-06-26 08:00:00,0.6044,0.6059,0.5812,0.5839,5562115.1
2026-06-26 12:00:00,0.5839,0.6039,0.574,0.6004,9284165.7
2026-06-26 16:00:00,0.6005,0.614,0.5979,0.6008,7461978.1
2026-06-26 20:00:00,0.601,0.608,0.5937,0.5979,3423788.4
2026-06-27 00:00:00,0.598,0.6061,0.5947,0.6015,2760320.0
2026-06-27 04:00:00,0.6015,0.6068,0.6,0.6047,2728901.7
2026-06-27 08:00:00,0.6048,0.6048,0.5935,0.5974,3055606.4
2026-06-27 12:00:00,0.5974,0.6084,0.5954,0.6059,3595685.5
2026-06-27 16:00:00,0.6059,0.606,0.5803,0.584,7123784.6
2026-06-27 20:00:00,0.5839,0.5871,0.5767,0.5807,4125138.6
2026-06-28 00:00:00,0.5806,0.5836,0.5789,0.5827,2969314.2
2026-06-28 04:00:00,0.5827,0.5845,0.5767,0.5833,4297569.0
2026-06-28 08:00:00,0.5833,0.5906,0.5796,0.5872,4627653.2
2026-06-28 12:00:00,0.5871,0.59,0.5806,0.5833,3405097.6
2026-06-28 16:00:00,0.5833,0.5835,0.5687,0.5728,5907329.0
2026-06-28 20:00:00,0.5728,0.5802,0.563,0.5741,6531582.7
2026-06-29 00:00:00,0.5741,0.586,0.565,0.5831,6370005.1
2026-06-29 04:00:00,0.5832,0.5865,0.5692,0.5798,4580463.0
2026-06-29 08:00:00,0.5798,0.5855,0.5752,0.5786,5301221.4
2026-06-29 12:00:00,0.5787,0.5898,0.5705,0.5827,10014793.6
2026-06-29 16:00:00,0.5828,0.5964,0.5772,0.5885,6586391.8
2026-06-29 20:00:00,0.5885,0.5891,0.5787,0.5807,2758101.5
2026-06-30 00:00:00,0.5806,0.5806,0.5689,0.5727,4956215.0
2026-06-30 04:00:00,0.5727,0.5777,0.5705,0.5734,2931624.0
2026-06-30 08:00:00,0.5734,0.5743,0.5636,0.5669,6780376.5
2026-06-30 12:00:00,0.567,0.5733,0.5537,0.5658,15425271.6
2026-06-30 16:00:00,0.5659,0.5749,0.5627,0.571,5589734.7
2026-06-30 20:00:00,0.5709,0.5734,0.5662,0.5714,2715938.8
2026-07-01 00:00:00,0.5714,0.5858,0.5579,0.5844,6854114.6
2026-07-01 04:00:00,0.5844,0.5875,0.5729,0.5793,5539351.9
2026-07-01 08:00:00,0.5793,0.5896,0.5753,0.5863,5906156.3
2026-07-01 12:00:00,0.5864,0.6035,0.5776,0.5982,9539937.5
2026-07-01 16:00:00,0.5983,0.6003,0.5856,0.5869,6552463.8
2026-07-01 20:00:00,0.587,0.6031,0.5842,0.5861,6053142.5
2026-07-02 00:00:00,0.5861,0.6036,0.583,0.6027,6504842.9
2026-07-02 04:00:00,0.6027,0.6077,0.5971,0.6064,5130352.5
2026-07-02 08:00:00,0.6064,0.6186,0.6056,0.6158,7004059.6
2026-07-02 12:00:00,0.6158,0.6256,0.6087,0.6099,11461553.6
2026-07-02 16:00:00,0.6098,0.6137,0.6056,0.6081,5986335.6
2026-07-02 20:00:00,0.6081,0.6106,0.606,0.6089,2326581.6
2026-07-03 00:00:00,0.6089,0.6195,0.6072,0.6168,3948804.0
2026-07-03 04:00:00,0.6169,0.6194,0.6127,0.6182,3153956.0
2026-07-03 08:00:00,0.6182,0.6249,0.6176,0.6236,4070210.8
2026-07-03 12:00:00,0.6237,0.626,0.611,0.616,8694571.0
2026-07-03 16:00:00,0.616,0.6255,0.6136,0.6229,4003828.2
2026-07-03 20:00:00,0.6229,0.6448,0.6226,0.6373,8134107.5
2026-07-04 00:00:00,0.6372,0.6463,0.6296,0.6367,4326786.3
2026-07-04 04:00:00,0.6367,0.638,0.6242,0.6267,2435312.3
2026-07-04 08:00:00,0.6269,0.6277,0.6213,0.6238,2459833.5
2026-07-04 12:00:00,0.6238,0.6417,0.6238,0.6373,3172165.9
2026-07-04 16:00:00,0.6373,0.6442,0.6324,0.637,3508829.4
2026-07-04 20:00:00,0.6369,0.6388,0.6255,0.6274,3141449.9
2026-07-05 00:00:00,0.6274,0.628,0.6116,0.616,5732392.2
2026-07-05 04:00:00,0.616,0.6227,0.6113,0.6214,3451764.9
2026-07-05 08:00:00,0.6215,0.6235,0.6128,0.6165,3498258.1
2026-07-05 12:00:00,0.6165,0.6279,0.6138,0.6259,5175123.5
2026-07-05 16:00:00,0.626,0.6323,0.6242,0.6288,3333577.1
2026-07-05 20:00:00,0.6287,0.641,0.6259,0.6331,3395165.1
2026-07-06 00:00:00,0.6332,0.6351,0.6205,0.6266,6169449.1
2026-07-06 04:00:00,0.6265,0.6273,0.6135,0.6226,4744722.9
2026-07-06 08:00:00,0.6226,0.6255,0.6157,0.6161,3359915.7
2026-07-06 12:00:00,0.6159,0.6296,0.6014,0.628,10094572.4
2026-07-06 16:00:00,0.6281,0.634,0.6262,0.6317,5044422.2
2026-07-06 20:00:00,0.6316,0.6452,0.6282,0.6313,4360521.4
2026-07-07 00:00:00,0.6314,0.6372,0.6189,0.6205,5031892.3
2026-07-07 04:00:00,0.6205,0.6383,0.6183,0.6343,6942115.9
2026-07-07 08:00:00,0.6343,0.647,0.6328,0.646,8336738.7
2026-07-07 12:00:00,0.6461,0.6489,0.6236,0.6476,14065229.7
2026-07-07 16:00:00,0.6477,0.6514,0.6276,0.6443,10930853.5
2026-07-07 20:00:00,0.6444,0.6457,0.6241,0.6282,12110855.6
2026-07-08 00:00:00,0.6282,0.6351,0.6095,0.6148,8963342.3
2026-07-08 04:00:00,0.6148,0.6341,0.6118,0.633,8058528.7
2026-07-08 08:00:00,0.633,0.6339,0.6106,0.6178,16673625.6
2026-07-08 12:00:00,0.6179,0.6183,0.5936,0.6001,13145705.3
2026-07-08 16:00:00,0.6002,0.6266,0.5997,0.6199,7431479.3
2026-07-08 20:00:00,0.62,0.6216,0.6091,0.6158,4259723.1
2026-07-09 00:00:00,0.6158,0.6279,0.6129,0.6204,5509224.9
2026-07-09 04:00:00,0.6204,0.6374,0.6187,0.6314,5713489.8
2026-07-09 08:00:00,0.6313,0.6326,0.6245,0.6299,4094767.6
2026-07-09 12:00:00,0.63,0.632,0.6225,0.6283,4772921.5
2026-07-09 16:00:00,0.6284,0.6323,0.6239,0.6255,3150437.3
2026-07-09 20:00:00,0.6255,0.628,0.6219,0.6248,2606705.3
2026-07-10 00:00:00,0.6248,0.637,0.6188,0.6323,4260423.7
2026-07-10 04:00:00,0.6324,0.6355,0.6274,0.6279,3214921.3
2026-07-10 08:00:00,0.628,0.6361,0.6263,0.6322,4407552.0
2026-07-10 12:00:00,0.6323,0.6367,0.6176,0.6268,7241488.1
2026-07-10 16:00:00,0.6268,0.6326,0.6226,0.6273,2364121.2
2026-07-10 20:00:00,0.6273,0.6308,0.6241,0.6296,1874497.6
2026-07-11 00:00:00,0.6296,0.6344,0.6254,0.6268,2744773.5
2026-07-11 04:00:00,0.6268,0.6309,0.6234,0.6288,2207854.4
2026-07-11 08:00:00,0.6288,0.6353,0.6273,0.635,2497671.5
2026-07-11 12:00:00,0.635,0.647,0.6341,0.6384,6247064.8
2026-07-11 16:00:00,0.6385,0.6469,0.6363,0.6455,3568090.5
2026-07-11 20:00:00,0.6455,0.6457,0.6224,0.624,4703938.7
2026-07-12 00:00:00,0.6239,0.6295,0.6182,0.6278,5171661.5
2026-07-12 04:00:00,0.6279,0.63,0.6176,0.6211,2913061.8
2026-07-12 08:00:00,0.6212,0.625,0.6149,0.62,4480855.4
2026-07-12 12:00:00,0.62,0.6248,0.6185,0.6222,2974942.2
2026-07-12 16:00:00,0.6223,0.6224,0.6151,0.6206,2305267.1
2026-07-12 20:00:00,0.6206,0.623,0.6043,0.6103,6112855.7
2026-07-13 00:00:00,0.6102,0.6198,0.5906,0.5958,8505750.0
2026-07-13 04:00:00,0.5958,0.6104,0.5936,0.5996,12115091.9
2026-07-13 08:00:00,0.5997,0.6027,0.5986,0.6,2781098.8
2026-07-13 12:00:00,0.6,0.6055,0.5928,0.5986,5030043.0
2026-07-13 16:00:00,0.5987,0.6005,0.5854,0.5918,5808016.1
2026-07-13 20:00:00,0.5918,0.5928,0.5763,0.5917,4428388.0
2026-07-14 00:00:00,0.5918,0.5966,0.5892,0.5966,3170322.4
2026-07-14 04:00:00,0.5967,0.6035,0.5945,0.5987,3715155.0
2026-07-14 08:00:00,0.5987,0.6066,0.5975,0.6018,3923967.1
2026-07-14 12:00:00,0.6019,0.6284,0.5997,0.6241,11592992.6
2026-07-14 16:00:00,0.6241,0.6277,0.6128,0.6158,4144649.6
2026-07-14 20:00:00,0.6159,0.6205,0.6107,0.6197,3040806.4
2026-07-15 00:00:00,0.6198,0.6274,0.6182,0.6228,3889068.6
2026-07-15 04:00:00,0.6227,0.6244,0.6107,0.6134,3675919.3
2026-07-15 08:00:00,0.6135,0.6237,0.6119,0.6204,3331979.8
2026-07-15 12:00:00,0.6204,0.6323,0.6193,0.6269,6144701.3
2026-07-15 16:00:00,0.627,0.6295,0.6172,0.6239,5176138.9
2026-07-15 20:00:00,0.6238,0.6285,0.622,0.6234,2088821.9
2026-07-16 00:00:00,0.6235,0.6254,0.6181,0.6204,3153744.2
2026-07-16 04:00:00,0.6204,0.6217,0.6105,0.6135,4270515.1
2026-07-16 08:00:00,0.6136,0.6163,0.6012,0.6096,8952175.3
2026-07-16 12:00:00,0.6096,0.6216,0.6036,0.6176,7782502.2
2026-07-16 16:00:00,0.6177,0.6179,0.6088,0.6129,2774506.4
2026-07-16 20:00:00,0.6129,0.6207,0.6062,0.6098,2849075.9
2026-07-17 00:00:00,0.6097,0.617,0.6008,0.6122,5555249.0
2026-07-17 04:00:00,0.6123,0.6125,0.5967,0.5969,5296920.2
2026-07-17 08:00:00,0.597,0.6063,0.594,0.6044,3488447.0
2026-07-17 12:00:00,0.6044,0.6051,0.5912,0.6039,6576887.4
2026-07-17 16:00:00,0.604,0.6161,0.6031,0.6149,4799864.8
2026-07-17 20:00:00,0.615,0.6217,0.6134,0.6216,2650923.2
2026-07-18 00:00:00,0.6217,0.6277,0.6185,0.623,4596193.5
2026-07-18 04:00:00,0.6229,0.6244,0.6129,0.614,2323935.7
2026-07-18 08:00:00,0.614,0.6143,0.6065,0.6083,4438423.9
2026-07-18 12:00:00,0.6083,0.6089,0.6017,0.605,4312452.5
2026-07-18 16:00:00,0.6049,0.6103,0.6037,0.6063,2433067.7
2026-07-18 20:00:00,0.6065,0.6104,0.605,0.6084,2500922.1
2026-07-19 00:00:00,0.6083,0.6106,0.6041,0.6056,2678212.0
2026-07-19 04:00:00,0.6057,0.6071,0.604,0.6045,1773642.2
2026-07-19 08:00:00,0.6045,0.6062,0.598,0.5991,3144458.4
2026-07-19 12:00:00,0.5991,0.6036,0.5966,0.599,3201652.0
2026-07-19 16:00:00,0.599,0.6006,0.5887,0.5933,3872120.8
2026-07-19 20:00:00,0.5934,0.5984,0.5898,0.5955,2795607.1
2026-07-20 00:00:00,0.5955,0.601,0.5888,0.5911,5218128.6
2026-07-20 04:00:00,0.5911,0.5913,0.5792,0.589,6154349.1
2026-07-20 08:00:00,0.5889,0.5961,0.5824,0.5944,5901163.0
2026-07-20 12:00:00,0.5943,0.6011,0.5801,0.5985,9409516.5
2026-07-20 16:00:00,0.5985,0.6075,0.5943,0.5955,9437674.9
2026-07-20 20:00:00,0.5956,0.6062,0.5947,0.6052,3036236.6
2026-07-21 00:00:00,0.6051,0.6075,0.596,0.606,3388588.7
2026-07-21 04:00:00,0.606,0.6198,0.6045,0.6187,5602572.0
2026-07-21 08:00:00,0.6187,0.6205,0.6128,0.6141,3937438.8
2026-07-21 12:00:00,0.6141,0.616,0.6081,0.6134,4576804.6
2026-07-21 16:00:00,0.6133,0.6164,0.6036,0.6131,5115742.7
2026-07-21 20:00:00,0.6131,0.6161,0.6069,0.6098,2851505.3
2026-07-22 00:00:00,0.6097,0.6126,0.6051,0.6057,2483391.0
2026-07-22 04:00:00,0.6057,0.6116,0.6001,0.6033,4248113.2
2026-07-22 08:00:00,0.6034,0.61,0.6021,0.6039,3564187.3
2026-07-22 12:00:00,0.6039,0.6172,0.6021,0.6146,5297767.4
2026-07-22 16:00:00,0.6146,0.6298,0.6141,0.6232,7533366.2
2026-07-22 20:00:00,0.6232,0.6288,0.6174,0.6229,4851552.0
2026-07-23 00:00:00,0.6229,0.6314,0.6184,0.6225,4379709.4
2026-07-23 04:00:00,0.6225,0.6333,0.6129,0.6202,7830040.0
2026-07-23 08:00:00,0.6203,0.6247,0.6167,0.6196,3522630.6
2026-07-23 12:00:00,0.6196,0.6272,0.6104,0.6163,7967712.3
2026-07-23 16:00:00,0.6164,0.6167,0.6052,0.6094,3962554.8
2026-07-23 20:00:00,0.6094,0.6197,0.6092,0.6176,3247884.4
2026-07-24 00:00:00,0.6175,0.6234,0.611,0.6176,5450740.0
2026-07-24 04:00:00,0.6176,0.6283,0.616,0.6231,4623019.6
2026-07-24 08:00:00,0.6231,0.6257,0.6051,0.6098,6621133.5
2026-07-24 12:00:00,0.6098,0.6117,0.598,0.6091,7548007.8
2026-07-24 16:00:00,0.609,0.6154,0.602,0.6023,4667296.7
2026-07-24 20:00:00,0.6024,0.6034,0.597,0.601,3633251.7
2026-07-25 00:00:00,0.601,0.6035,0.5978,0.6012,2389988.5
2026-07-25 04:00:00,0.6012,0.6038,0.5942,0.5951,3285279.7
2026-07-25 08:00:00,0.5952,0.6024,0.5927,0.6014,2469895.9
2026-07-25 12:00:00,0.6014,0.6155,0.6008,0.61,4543655.4
2026-07-25 16:00:00,0.61,0.6147,0.6086,0.6105,2760949.2
2026-07-25 20:00:00,0.6105,0.6168,0.6091,0.611,1979928.0
2026-07-26 00:00:00,0.611,0.6124,0.6053,0.611,2352383.4
2026-07-26 04:00:00,0.6109,0.6177,0.6086,0.6162,3457271.6
2026-07-26 08:00:00,0.6161,0.6344,0.6152,0.6275,7679448.1
2026-07-26 12:00:00,0.6276,0.6379,0.6254,0.6334,6419466.9
2026-07-26 16:00:00,0.6333,0.6372,0.6213,0.6222,5715565.4
2026-07-26 20:00:00,0.6221,0.6306,0.6218,0.6283,4251078.1
2026-07-27 00:00:00,0.6282,0.633,0.6259,0.6282,4889156.3
2026-07-27 04:00:00,0.6282,0.6313,0.6225,0.6252,3459874.9
2026-07-27 08:00:00,0.6252,0.6301,0.6219,0.6238,3447000.6
2026-07-27 12:00:00,0.6238,0.6273,0.6042,0.6063,9724717.8
2026-07-27 16:00:00,0.6063,0.6126,0.6033,0.6089,4660783.6
2026-07-27 20:00:00,0.6089,0.6098,0.5888,0.5921,6423919.6
2026-07-28 00:00:00,0.5922,0.5929,0.5838,0.5903,5721712.9
2026-07-28 04:00:00,0.5902,0.5909,0.5812,0.5851,4520444.4
2026-07-28 08:00:00,0.5851,0.587,0.5795,0.5814,5155355.7
2026-07-28 12:00:00,0.5815,0.5911,0.5735,0.5883,7892067.0
2026-07-28 16:00:00,0.5884,0.589,0.5812,0.5844,3254566.3
2026-07-28 20:00:00,0.5844,0.5883,0.5826,0.5867,3003867.2
2026-07-29 00:00:00,0.5867,0.5901,0.5684,0.5694,7240620.5
2026-07-29 04:00:00,0.5695,0.5779,0.5648,0.5778,6689757.4
2026-07-29 08:00:00,0.5777,0.5779,0.5671,0.5704,7712430.1
2026-07-29 12:00:00,0.5704,0.5704,0.5566,0.5597,13380916.1
2026-07-29 16:00:00,0.5597,0.5736,0.553,0.5605,10506898.7
2026-07-29 20:00:00,0.5605,0.5653,0.55,0.564,8761461.8
2026-07-30 00:00:00,0.5639,0.5713,0.5617,0.5662,4132195.2
2026-07-30 04:00:00,0.5662,0.5683,0.5602,0.5657,3130473.5
2026-07-30 08:00:00,0.5657,0.5716,0.5653,0.5697,2548830.4
2026-07-30 12:00:00,0.5697,0.5757,0.5656,0.5728,4493623.5
2026-07-30 16:00:00,0.5728,0.5837,0.5718,0.5794,4211079.2
2026-07-30 20:00:00,0.5794,0.581,0.5675,0.5687,3268197.4
2026-07-31 00:00:00,0.5687,0.5764,0.5647,0.5696,3913306.5
2026-07-31 04:00:00,0.5697,0.57,0.5611,0.5655,2873928.0
2026-07-31 08:00:00,0.5656,0.5662,0.5577,0.561,3533626.9
2026-07-31 12:00:00,0.5609,0.5657,0.5512,0.5608,7750372.6
2026-07-31 16:00:00,0.5607,0.5689,0.56,0.561,3487067.1
2026-07-31 20:00:00,0.5611,0.5615,0.5553,0.5563,3121449.4
2026-08-01 00:00:00,0.5564,0.5612,0.556,0.5586,3120200.4
2026-08-01 04:00:00,0.5586,0.5605,0.554,0.5585,3297304.5
2026-08-01 08:00:00,0.5585,0.5595,0.5546,0.5588,2313711.5
2026-08-01 12:00:00,0.5588,0.561,0.5567,0.5571,3094651.5
2026-08-01 16:00:00,0.5571,0.5584,0.5436,0.5504,10007453.6
2026-08-01 20:00:00,0.5504,0.5548,0.5451,0.5525,4786763.5
2026-08-02 00:00:00,0.5525,0.5649,0.5524,0.5613,4295367.9
2026-08-02 04:00:00,0.5613,0.5681,0.5606,0.5669,3951384.6
2026-08-02 08:00:00,0.5669,0.5688,0.5623,0.5636,2868520.1
2026-08-02 12:00:00,0.5636,0.5665,0.5605,0.5663,2227728.5
2026-08-02 16:00:00,0.5663,0.5714,0.5577,0.5636,4347392.4
2026-08-02 20:00:00,0.5636,0.5685,0.5606,0.5628,2945400.2
2026-08-03 00:00:00,0.5627,0.5634,0.555,0.5576,4384951.8
2026-08-03 04:00:00,0.5575,0.5618,0.5537,0.5569,3562169.4
2026-08-03 08:00:00,0.5569,0.5636,0.5543,0.5611,3780270.2
2026-08-03 12:00:00,0.5611,0.5707,0.5582,0.5684,6189029.4
2026-08-03 16:00:00,0.5684,0.5758,0.5678,0.5751,3628097.0
2026-08-03 20:00:00,0.5751,0.579,0.5724,0.5755,2337133.5
2026-08-04 00:00:00,0.5754,0.5792,0.5691,0.5777,3842489.4
2026-08-04 04:00:00,0.5778,0.581,0.5744,0.5801,3145207.7
2026-08-04 08:00:00,0.5802,0.5811,0.5735,0.5755,3655835.0
2026-08-04 12:00:00,0.5756,0.5772,0.5701,0.5755,4954256.3
2026-08-04 16:00:00,0.5755,0.5804,0.5753,0.5788,3262593.8
2026-08-04 20:00:00,0.5788,0.5836,0.5772,0.5773,2991260.5
2026-08-05 00:00:00,0.5774,0.5841,0.576,0.577,4077695.9
2026-08-05 04:00:00,0.5771,0.5825,0.5758,0.5808,2626708.7
2026-08-05 08:00:00,0.5808,0.5872,0.5795,0.5862,4418022.5
2026-08-05 12:00:00,0.5863,0.5943,0.5802,0.5873,8487694.7
2026-08-05 16:00:00,0.5873,0.5968,0.5862,0.5918,4419764.0
2026-08-05 20:00:00,0.5919,0.5957,0.5901,0.5921,2664672.6
2026-08-06 00:00:00,0.5921,0.599,0.5887,0.5958,4436580.7
2026-08-06 04:00:00,0.5959,0.6056,0.5953,0.5969,4776877.4
2026-08-06 08:00:00,0.597,0.5988,0.5871,0.5907,4175187.5
2026-08-06 12:00:00,0.5908,0.595,0.5878,0.5879,4603588.5
2026-08-06 16:00:00,0.588,0.5934,0.5853,0.5883,3459872.3
2026-08-06 20:00:00,0.5884,0.595,0.5876,0.5909,2328932.5
2026-08-07 00:00:00,0.591,0.5952,0.5887,0.5893,3655572.7
2026-08-07 04:00:00,0.5893,0.5904,0.5838,0.5876,3198238.1
2026-08-07 08:00:00,0.5877,0.5956,0.5874,0.592,3205589.4
2026-08-07 12:00:00,0.5921,0.5963,0.5842,0.5885,3754433.3
2026-08-07 16:00:00,0.5885,0.5899,0.5794,0.584,3090699.0
2026-08-07 20:00:00,0.584,0.5846,0.5783,0.5796,2002258.5
2026-08-08 00:00:00,0.5796,0.589,0.5743,0.5889,3449627.2
2026-08-08 04:00:00,0.589,0.5957,0.5871,0.5952,2804108.5
2026-08-08 08:00:00,0.5952,0.6042,0.5938,0.603,3854194.4
2026-08-08 12:00:00,0.603,0.612,0.5986,0.6108,3928295.5
2026-08-08 16:00:00,0.6108,0.612,0.6052,0.607,2853164.1
2026-08-08 20:00:00,0.6069,0.6077,0.6014,0.6035,1689971.9
2026-08-09 00:00:00,0.6035,0.6161,0.6002,0.6021,8562841.5
2026-08-09 04:00:00,0.602,0.6046,0.5965,0.5998,4440524.4
2026-08-09 08:00:00,0.5999,0.6011,0.5946,0.5975,2786215.1
2026-08-09 12:00:00,0.5975,0.6009,0.5961,0.6002,2106564.5
2026-08-09 16:00:00,0.6002,0.6012,0.5973,0.5991,1655440.7
2026-08-09 20:00:00,0.599,0.6034,0.5874,0.5889,3277857.9
2026-08-10 00:00:00,0.5888,0.5969,0.5871,0.5936,2721442.4
2026-08-10 04:00:00,0.5935,0.5998,0.5922,0.5974,2757669.1
2026-08-10 08:00:00,0.5974,0.599,0.5891,0.5958,2830244.3
2026-08-10 12:00:00,0.5958,0.5978,0.5865,0.5899,4329463.5
2026-08-10 16:00:00,0.5898,0.5951,0.5846,0.5899,3571744.7
2026-08-10 20:00:00,0.5899,0.5918,0.5842,0.5879,1473502.8
2026-08-11 00:00:00,0.5879,0.5903,0.5863,0.5868,1870505.9
2026-08-11 04:00:00,0.5869,0.5869,0.5813,0.5849,2518162.1
2026-08-11 08:00:00,0.585,0.5864,0.5793,0.5836,2960108.8
2026-08-11 12:00:00,0.5837,0.5848,0.5701,0.5716,4853352.7
2026-08-11 16:00:00,0.5717,0.5784,0.5703,0.5781,2580253.1
2026-08-11 20:00:00,0.5782,0.584,0.5779,0.579,2787337.1
2026-08-12 00:00:00,0.579,0.579,0.5721,0.5757,3067488.7
2026-08-12 04:00:00,0.5757,0.5766,0.5688,0.5706,4025070.7
2026-08-12 08:00:00,0.5706,0.5709,0.5649,0.57,3963453.6
2026-08-12 12:00:00,0.5701,0.5744,0.5642,0.5678,4972889.0
2026-08-12 16:00:00,0.5678,0.5678,0.5632,0.5645,2392529.2
2026-08-12 20:00:00,0.5645,0.5654,0.5529,0.5593,4864610.9
2026-08-13 00:00:00,0.5593,0.5671,0.5587,0.5663,2846017.1
2026-08-13 04:00:00,0.5663,0.5684,0.5648,0.566,1614557.6
2026-08-13 08:00:00,0.566,0.5662,0.5614,0.5621,1879287.2
2026-08-13 12:00:00,0.562,0.5681,0.5571,0.5574,4659402.9
2026-08-13 16:00:00,0.5575,0.5631,0.5541,0.5591,4316973.2
2026-08-13 20:00:00,0.5591,0.5616,0.5579,0.5599,1981495.9
2026-08-14 00:00:00,0.5599,0.5604,0.5472,0.5477,5533821.9
2026-08-14 04:00:00,0.5476,0.5515,0.5375,0.5394,6529183.7
2026-08-14 08:00:00,0.5395,0.5429,0.5373,0.5412,5146838.5
2026-08-14 12:00:00,0.5413,0.5416,0.5321,0.5396,7623018.1
2026-08-14 16:00:00,0.5397,0.5434,0.5372,0.5417,8296891.6
2026-08-14 20:00:00,0.5417,0.5423,0.5325,0.5423,3824482.4
2026-08-15 00:00:00,0.5422,0.5464,0.5406,0.5431,3585868.9
2026-08-15 04:00:00,0.5431,0.5448,0.5402,0.541,2340776.0
2026-08-15 08:00:00,0.541,0.543,0.5381,0.5395,3283945.1
2026-08-15 12:00:00,0.5394,0.545,0.538,0.5434,4807052.9
2026-08-15 16:00:00,0.5434,0.5436,0.5346,0.5377,3370035.9
2026-08-15 20:00:00,0.5377,0.5423,0.5359,0.537,4277488.8
2026-08-16 00:00:00,0.537,0.5395,0.527,0.5321,6713723.7
2026-08-16 04:00:00,0.532,0.533,0.5258,0.5315,4569598.1
2026-08-16 08:00:00,0.5315,0.5349,0.5301,0.5347,4010542.0
2026-08-16 12:00:00,0.5347,0.5356,0.5313,0.5354,3659898.6
2026-08-16 16:00:00,0.5354,0.5364,0.5289,0.5308,3201454.7
2026-08-16 20:00:00,0.5308,0.531,0.5139,0.518,11244974.0
2026-08-17 00:00:00,0.518,0.5303,0.5168,0.5243,6699261.5
2026-08-17 04:00:00,0.5242,0.5267,0.5202,0.5218,4125983.3
2026-08-17 08:00:00,0.5218,0.5245,0.518,0.5207,5162989.8
2026-08-17 12:00:00,0.5207,0.5228,0.5153,0.5225,7319120.2
2026-08-17 16:00:00,0.5225,0.5315,0.518,0.5303,7543676.5
2026-08-17 20:00:00,0.5303,0.5341,0.5287,0.5311,4278049.9
2026-08-18 00:00:00,0.531,0.5336,0.5174,0.5214,6095246.0
2026-08-18 04:00:00,0.5214,0.5258,0.5165,0.5215,4438154.8
2026-08-18 08:00:00,0.5214,0.5289,0.5202,0.5263,3784305.2
2026-08-18 12:00:00,0.5262,0.5298,0.5211,0.5274,4403882.2
2026-08-18 16:00:00,0.5273,0.5322,0.5251,0.5264,3928110.6
2026-08-18 20:00:00,0.5263,0.5293,0.5257,0.5278,2116713.7
2026-08-19 00:00:00,0.5278,0.5334,0.5237,0.5325,4736061.8
2026-08-19 04:00:00,0.5325,0.5364,0.53,0.5337,6007875.4
2026-08-19 08:00:00,0.5338,0.5338,0.5293,0.5323,3531915.9
2026-08-19 12:00:00,0.5323,0.5567,0.5293,0.5424,13829794.4
2026-08-19 16:00:00,0.5425,0.5502,0.5389,0.5501,7178763.2
2026-08-19 20:00:00,0.5501,0.5688,0.548,0.5621,10695581.3
2026-08-20 00:00:00,0.5621,0.5668,0.555,0.5587,5300576.1
2026-08-20 04:00:00,0.5587,0.5615,0.5553,0.5574,3938536.1
2026-08-20 08:00:00,0.5575,0.5717,0.5571,0.5662,11165146.7
2026-08-20 12:00:00,0.5663,0.5744,0.5571,0.5732,9823356.7
2026-08-20 16:00:00,0.5731,0.5838,0.5668,0.5673,8354971.6
2026-08-20 20:00:00,0.5673,0.579,0.567,0.5757,4266292.0
2026-08-21 00:00:00,0.5757,0.5834,0.5718,0.5807,8062006.1
2026-08-21 04:00:00,0.5807,0.6015,0.5773,0.5988,9438949.6
2026-08-21 08:00:00,0.5988,0.6366,0.5986,0.6344,27166339.1
2026-08-21 12:00:00,0.6344,0.651,0.6222,0.6413,21526058.8
2026-08-21 16:00:00,0.6413,0.6452,0.6114,0.6208,11808642.2
2026-08-21 20:00:00,0.6208,0.6568,0.6188,0.6483,15267894.4
2026-08-22 00:00:00,0.6483,0.6876,0.6413,0.6827,14327381.1
2026-08-22 04:00:00,0.6828,0.715,0.6,0.6485,38584196.4
2026-08-22 08:00:00,0.6486,0.6556,0.6242,0.6398,15609618.4
2026-08-22 12:00:00,0.6397,0.6469,0.6241,0.631,8970635.4
2026-08-22 16:00:00,0.6309,0.6523,0.6281,0.6457,7713230.6
2026-08-22 20:00:00,0.6457,0.6483,0.6192,0.632,10959660.4
2026-08-23 00:00:00,0.632,0.6415,0.6038,0.6062,10942753.5
2026-08-23 04:00:00,0.6061,0.6122,0.5952,0.6085,9682108.4
2026-08-23 08:00:00,0.6084,0.6421,0.6071,0.637,9378759.9
2026-08-23 12:00:00,0.6371,0.6647,0.6308,0.6517,16634163.7
2026-08-23 16:00:00,0.6518,0.6536,0.6352,0.6389,8450389.9
2026-08-23 20:00:00,0.6388,0.653,0.6361,0.6387,6177347.5
2026-08-24 00:00:00,0.6387,0.6391,0.6094,0.6158,14449304.3
2026-08-24 04:00:00,0.6157,0.6302,0.6145,0.6165,7192085.8
2026-08-24 08:00:00,0.6166,0.6234,0.6051,0.6223,14955022.2
2026-08-24 12:00:00,0.6225,0.6255,0.6012,0.6123,18834585.4
2026-08-24 16:00:00,0.6122,0.6196,0.6009,0.6042,10003436.4
2026-08-24 20:00:00,0.6041,0.6098,0.599,0.6078,5934122.0
2026-08-25 00:00:00,0.6077,0.6233,0.6004,0.6131,10327071.2
2026-08-25 04:00:00,0.613,0.6214,0.6001,0.6037,10899916.0
2026-08-25 08:00:00,0.6037,0.6099,0.5928,0.5956,9611330.8
2026-08-25 12:00:00,0.5955,0.6009,0.5866,0.595,13677509.2
2026-08-25 16:00:00,0.5951,0.5973,0.5814,0.5834,9585216.4
2026-08-25 20:00:00,0.5834,0.584,0.5535,0.5617,19900120.1
2026-08-26 00:00:00,0.5617,0.5732,0.5598,0.5692,6905185.4
2026-08-26 04:00:00,0.5692,0.571,0.5623,0.5656,7010007.9
2026-08-26 08:00:00,0.5657,0.5681,0.5564,0.5618,9429646.3
2026-08-26 12:00:00,0.5617,0.5703,0.55,0.5562,15655414.7
2026-08-26 16:00:00,0.5561,0.562,0.5491,0.5585,6443364.7
2026-08-26 20:00:00,0.5586,0.573,0.5547,0.5711,6583440.3
2026-08-27 00:00:00,0.5712,0.5721,0.5609,0.5663,6430838.6
2026-08-27 04:00:00,0.5663,0.5705,0.5587,0.5696,4806158.2
2026-08-27 08:00:00,0.5696,0.5874,0.5663,0.57,14406316.5
2026-08-27 12:00:00,0.5701,0.5808,0.5645,0.5761,9622003.3
2026-08-27 16:00:00,0.5761,0.5828,0.5691,0.5719,7107321.9
2026-08-27 20:00:00,0.5719,0.5779,0.5681,0.5732,3564941.0
2026-08-28 00:00:00,0.5732,0.5844,0.5595,0.5629,9099311.1
2026-08-28 04:00:00,0.5629,0.5677,0.5567,0.5616,7290448.7
2026-08-28 08:00:00,0.5617,0.5639,0.5524,0.56,5854888.0
2026-08-28 12:00:00,0.56,0.5632,0.5435,0.5468,15274001.7
2026-08-28 16:00:00,0.5467,0.5475,0.5288,0.5372,17712148.3
2026-08-28 20:00:00,0.5372,0.5399,0.5317,0.5382,3956896.4
2026-08-29 00:00:00,0.5383,0.5432,0.5334,0.5338,5032420.4
2026-08-29 04:00:00,0.5338,0.5399,0.5331,0.5368,3844854.4
2026-08-29 08:00:00,0.5368,0.5372,0.5316,0.5324,4054297.2
2026-08-29 12:00:00,0.5324,0.5458,0.5303,0.5417,5682298.3
2026-08-29 16:00:00,0.5418,0.547,0.5401,0.5437,4216496.3
2026-08-29 20:00:00,0.5438,0.5441,0.5401,0.5427,3110593.2
2026-08-30 00:00:00,0.5427,0.5435,0.5357,0.5365,3803709.4
2026-08-30 04:00:00,0.5364,0.5451,0.5324,0.54,4429286.4
2026-08-30 08:00:00,0.5401,0.5462,0.538,0.5453,4461810.8
2026-08-30 12:00:00,0.5453,0.5478,0.5406,0.5414,5774391.2
2026-08-30 16:00:00,0.5415,0.5498,0.5403,0.5447,6343157.6
2026-08-30 20:00:00,0.5447,0.5474,0.5056,0.5175,20896899.3
2026-08-31 00:00:00,0.5176,0.5232,0.5146,0.5204,9330696.9
2026-08-31 04:00:00,0.5204,0.5255,0.5176,0.5237,5883114.4
2026-08-31 08:00:00,0.5237,0.5249,0.5183,0.5197,6322060.5
2026-08-31 12:00:00,0.5197,0.5254,0.5151,0.5188,11151044.5
2026-08-31 16:00:00,0.5188,0.5252,0.5167,0.5205,8153575.5
2026-08-31 20:00:00,0.5204,0.5376,0.52,0.5358,9763136.3
2026-09-01 00:00:00,0.5358,0.5415,0.5317,0.5404,6929759.8
2026-09-01 04:00:00,0.5404,0.5449,0.5367,0.541,7205609.6
2026-09-01 08:00:00,0.5411,0.5517,0.5275,0.5501,12737022.3
2026-09-01 12:00:00,0.5502,0.5641,0.5385,0.5588,21543659.2
2026-09-01 16:00:00,0.5587,0.5683,0.544,0.5568,23065104.3
2026-09-01 20:00:00,0.5568,0.5579,0.5401,0.546,8515765.4
2026-09-02 00:00:00,0.5459,0.5591,0.534,0.5572,10524991.5
2026-09-02 04:00:00,0.5573,0.5617,0.5521,0.5584,8332039.2
2026-09-02 08:00:00,0.5585,0.5612,0.5428,0.5605,12163724.2
2026-09-02 12:00:00,0.5605,0.5645,0.5506,0.5603,10395893.8
2026-09-02 16:00:00,0.5604,0.5811,0.5504,0.5779,16614808.7
2026-09-02 20:00:00,0.5781,0.5889,0.5716,0.5856,17350286.7
2026-09-03 00:00:00,0.5856,0.5968,0.5735,0.5931,11219416.4
2026-09-03 04:00:00,0.5932,0.629,0.5875,0.6173,27904132.0
2026-09-03 08:00:00,0.6174,0.62,0.5966,0.6051,34133507.9
2026-09-03 12:00:00,0.6052,0.6138,0.6015,0.6086,14830748.3
2026-09-03 16:00:00,0.6087,0.6195,0.5943,0.6116,14610350.1
2026-09-03 20:00:00,0.6116,0.6136,0.5998,0.6027,7747252.9
2026-09-04 00:00:00,0.6026,0.6061,0.5937,0.597,7402203.0
2026-09-04 04:00:00,0.597,0.6007,0.5881,0.591,7263923.9
2026-09-04 08:00:00,0.591,0.5994,0.591,0.5931,8723387.8
2026-09-04 12:00:00,0.5931,0.5941,0.5686,0.5763,19997980.3
2026-09-04 16:00:00,0.5763,0.5884,0.5755,0.5835,6420612.0
2026-09-04 20:00:00,0.5835,0.5842,0.5746,0.58,4811818.7
2026-09-05 00:00:00,0.58,0.5935,0.5776,0.5878,8188942.3
2026-09-05 04:00:00,0.588,0.6116,0.5846,0.6014,13868242.3
2026-09-05 08:00:00,0.6014,0.604,0.5973,0.6006,5493088.0
2026-09-05 12:00:00,0.6006,0.6078,0.5962,0.598,7212950.5
2026-09-05 16:00:00,0.5981,0.6054,0.5956,0.6036,6852355.1
2026-09-05 20:00:00,0.6037,0.6262,0.6028,0.6138,11009279.6
2026-09-06 00:00:00,0.6138,0.6321,0.6135,0.6201,15367197.1
2026-09-06 04:00:00,0.6201,0.6323,0.6096,0.6295,10341898.2
2026-09-06 08:00:00,0.6296,0.6331,0.6183,0.6237,9065293.4
2026-09-06 12:00:00,0.6237,0.624,0.6033,0.6173,14176331.3
2026-09-06 16:00:00,0.6174,0.6225,0.6133,0.6169,6098204.5
2026-09-06 20:00:00,0.6168,0.6283,0.6152,0.6245,7673215.6
2026-09-07 00:00:00,0.6246,0.6321,0.6111,0.613,10264644.6
2026-09-07 04:00:00,0.613,0.6288,0.6126,0.6201,9621609.2
2026-09-07 08:00:00,0.6201,0.639,0.6191,0.6271,12694722.2
2026-09-07 12:00:00,0.6272,0.6474,0.6254,0.6326,17331139.5
2026-09-07 16:00:00,0.6327,0.6494,0.6288,0.6421,10428541.2
2026-09-07 20:00:00,0.642,0.649,0.6335,0.64,7358700.5
2026-09-08 00:00:00,0.64,0.6506,0.6264,0.6344,10492656.6
2026-09-08 04:00:00,0.6344,0.6384,0.6234,0.6342,11639745.4
2026-09-08 08:00:00,0.6342,0.6728,0.6283,0.6477,21162352.9
2026-09-08 12:00:00,0.6477,0.6658,0.6312,0.6634,20149519.9
2026-09-08 16:00:00,0.6634,0.6639,0.647,0.6538,10753268.0
2026-09-08 20:00:00,0.6538,0.6625,0.6463,0.6474,6003913.4
2026-09-09 00:00:00,0.6473,0.6579,0.6401,0.6422,8467626.1
2026-09-09 04:00:00,0.6422,0.6602,0.6419,0.6523,7370882.0
2026-09-09 08:00:00,0.6524,0.6558,0.6378,0.6493,11484592.9
2026-09-09 12:00:00,0.6494,0.6842,0.6411,0.6494,38478883.3
2026-09-09 16:00:00,0.6496,0.6742,0.6423,0.6437,21116250.2
2026-09-09 20:00:00,0.6437,0.6533,0.6174,0.6272,18387547.9
2026-09-10 00:00:00,0.6272,0.6298,0.6157,0.6249,10581281.1
2026-09-10 04:00:00,0.6249,0.6381,0.6203,0.6244,12661415.5
2026-09-10 08:00:00,0.6245,0.6283,0.6143,0.6209,12131592.7
2026-09-10 12:00:00,0.6209,0.6402,0.6031,0.6314,23040030.2
2026-09-10 16:00:00,0.6313,0.6404,0.6112,0.6271,12385214.8
2026-09-10 20:00:00,0.6272,0.655,0.6272,0.6416,15397401.3
2026-09-11 00:00:00,0.6416,0.6608,0.6407,0.6495,14414566.5
2026-09-11 04:00:00,0.6495,0.6566,0.6307,0.632,11198897.4
2026-09-11 08:00:00,0.6322,0.6326,0.5934,0.6005,17677356.5
2026-09-11 12:00:00,0.6005,0.6349,0.5861,0.6068,29273995.7
2026-09-11 16:00:00,0.6068,0.6143,0.5937,0.6036,14048906.1
2026-09-11 20:00:00,0.6035,0.6077,0.5893,0.5962,7863528.2
2026-09-12 00:00:00,0.5962,0.6194,0.5952,0.6187,9072784.1
2026-09-12 04:00:00,0.6187,0.622,0.6074,0.6099,6994007.5
2026-09-12 08:00:00,0.6099,0.6228,0.6092,0.6192,5608204.1
2026-09-12 12:00:00,0.6192,0.6195,0.6088,0.614,5242456.3
2026-09-12 16:00:00,0.6139,0.614,0.598,0.6005,6209688.9
2026-09-12 20:00:00,0.6004,0.6032,0.5973,0.6006,4299863.9
2026-09-13 00:00:00,0.6005,0.6075,0.5906,0.5925,9551483.7
2026-09-13 04:00:00,0.5925,0.597,0.5895,0.5898,4775339.6
2026-09-13 08:00:00,0.5898,0.5921,0.581,0.5897,10967139.3
2026-09-13 12:00:00,0.5896,0.6061,0.5879,0.5971,10391175.1
2026-09-13 16:00:00,0.597,0.612,0.5961,0.6034,8432112.7
2026-09-13 20:00:00,0.6034,0.6053,0.5846,0.5876,9143947.5
2026-09-14 00:00:00,0.5877,0.6062,0.5807,0.5963,9206992.0
2026-09-14 04:00:00,0.5962,0.5989,0.5892,0.5929,6393525.1
2026-09-14 08:00:00,0.593,0.5973,0.5868,0.5887,7671225.3
2026-09-14 12:00:00,0.5887,0.595,0.5833,0.5884,10603148.6
2026-09-14 16:00:00,0.5884,0.6026,0.5871,0.5971,9210853.9
2026-09-14 20:00:00,0.5972,0.608,0.5871,0.589,7433874.3
2026-09-15 00:00:00,0.5891,0.5906,0.5824,0.5854,7709936.3
2026-09-15 04:00:00,0.5854,0.5882,0.5767,0.5792,9092641.5
2026-09-15 08:00:00,0.5793,0.5856,0.5639,0.5709,10242725.0
2026-09-15 12:00:00,0.5709,0.5772,0.5601,0.5712,13115980.6
2026-09-15 16:00:00,0.5712,0.5775,0.5405,0.5586,19603410.0
2026-09-15 20:00:00,0.5586,0.5593,0.5413,0.5472,10783935.2
2026-09-16 00:00:00,0.5473,0.5507,0.5386,0.5467,10444013.1
2026-09-16 04:00:00,0.5468,0.5511,0.532,0.5334,10245590.8
2026-09-16 08:00:00,0.5333,0.5345,0.5279,0.5328,12283687.5
2026-09-16 12:00:00,0.5328,0.5369,0.5231,0.5257,13825743.6
2026-09-16 16:00:00,0.5258,0.5425,0.5234,0.5383,19621813.3
2026-09-16 20:00:00,0.5382,0.5568,0.5361,0.5543,10872125.8
2026-09-17 00:00:00,0.5543,0.5622,0.5515,0.561,8293890.8
2026-09-17 04:00:00,0.5611,0.5734,0.5569,0.5687,10622279.9
2026-09-17 08:00:00,0.5688,0.5817,0.5687,0.5741,9341918.1
2026-09-17 12:00:00,0.5742,0.5863,0.5704,0.5807,10127961.9
2026-09-17 16:00:00,0.5806,0.5863,0.5765,0.5808,5997471.1
2026-09-17 20:00:00,0.5809,0.5992,0.5796,0.5979,7912288.2
2026-09-18 00:00:00,0.5979,0.7103,0.5946,0.6776,58881967.4
2026-09-18 04:00:00,0.6776,0.6852,0.6542,0.6652,40870811.4
2026-09-18 08:00:00,0.6653,0.6833,0.6601,0.6831,23747981.2
2026-09-18 12:00:00,0.6831,0.6993,0.6685,0.6796,30686007.2
2026-09-18 16:00:00,0.6796,0.7122,0.6768,0.7028,21590453.9
2026-09-18 20:00:00,0.7028,0.7468,0.7003,0.7311,33231618.8
2026-09-19 00:00:00,0.7311,0.776,0.7311,0.7684,50897778.1
2026-09-19 04:00:00,0.7686,0.784,0.6941,0.6972,57385155.4
2026-09-19 08:00:00,0.6972,0.7517,0.6966,0.7494,28736930.4
2026-09-19 12:00:00,0.7495,0.751,0.7277,0.7382,25165601.8
2026-09-19 16:00:00,0.7381,0.7467,0.7287,0.7378,13003685.3
2026-09-19 20:00:00,0.7377,0.741,0.7112,0.7252,14801223.2
2026-09-20 00:00:00,0.7252,0.739,0.7065,0.7209,17800072.8
2026-09-20 04:00:00,0.721,0.7291,0.7144,0.7219,8572585.8
2026-09-20 08:00:00,0.7219,0.744,0.7156,0.7312,15648082.0
2026-09-20 12:00:00,0.7313,0.7388,0.7108,0.7232,12946271.4
2026-09-20 16:00:00,0.7232,0.7654,0.7218,0.75,24070280.3
2026-09-20 20:00:00,0.75,0.7509,0.7312,0.7394,8685935.7
2026-09-21 00:00:00,0.7394,0.7592,0.7262,0.7473,15533761.8
2026-09-21 04:00:00,0.7473,0.7852,0.7349,0.7699,29610336.2
2026-09-21 08:00:00,0.77,0.7907,0.755,0.7729,26627147.6
2026-09-21 12:00:00,0.7729,0.7912,0.7597,0.7715,27386653.0
2026-09-21 16:00:00,0.7714,0.7839,0.7454,0.7682,17661262.9
2026-09-21 20:00:00,0.7682,0.808,0.7635,0.7943,16435229.4
2026-09-22 00:00:00,0.7942,0.7972,0.7613,0.7697,20821798.2
2026-09-22 04:00:00,0.7696,0.7735,0.7529,0.7722,13678695.9
2026-09-22 08:00:00,0.7722,0.7793,0.7462,0.7559,15301523.4
2026-09-22 12:00:00,0.7561,0.7757,0.7526,0.773,17531061.5
2026-09-22 16:00:00,0.773,0.7905,0.7582,0.7875,15598097.9
2026-09-22 20:00:00,0.7875,0.8403,0.7855,0.8298,19598321.4
2026-09-23 00:00:00,0.8297,0.8451,0.8064,0.836,18783860.0
2026-09-23 04:00:00,0.836,0.8587,0.8241,0.8307,19899989.0
2026-09-23 08:00:00,0.8307,0.8421,0.8142,0.834,17012881.8
2026-09-23 12:00:00,0.8338,0.8463,0.7247,0.7592,41633712.5
2026-09-23 16:00:00,0.7591,0.7764,0.7475,0.759,14416212.4
2026-09-23 20:00:00,0.759,0.764,0.7489,0.7538,7276665.7
2026-09-24 00:00:00,0.7538,0.7776,0.7453,0.7621,10393687.0
2026-09-24 04:00:00,0.7622,0.7824,0.7612,0.7701,9524175.7
2026-09-24 08:00:00,0.77,0.7737,0.7412,0.7621,13943078.7
2026-09-24 12:00:00,0.7621,0.85,0.7578,0.8246,32772351.4
2026-09-24 16:00:00,0.8246,0.8377,0.8029,0.8113,15073623.3
2026-09-24 20:00:00,0.8113,0.8192,0.8004,0.8089,7380102.9
2026-09-25 00:00:00,0.8088,0.8165,0.7861,0.7957,8622535.0
2026-09-25 04:00:00,0.7958,0.8115,0.7914,0.8069,7355299.6
2026-09-25 08:00:00,0.8069,0.8479,0.8066,0.8409,14235813.0
2026-09-25 12:00:00,0.841,0.8571,0.8172,0.8337,20797604.4
2026-09-25 16:00:00,0.8337,0.8686,0.8269,0.8611,13213134.7
2026-09-25 20:00:00,0.8615,0.8871,0.845,0.872,13309377.4
2026-09-26 00:00:00,0.8719,0.876,0.8458,0.8485,9570358.9
2026-09-26 04:00:00,0.8486,0.8636,0.8404,0.8452,8965709.1
2026-09-26 08:00:00,0.8452,0.8585,0.838,0.8523,7945959.2
2026-09-26 12:00:00,0.8523,0.889,0.8456,0.8781,12083483.6
2026-09-26 16:00:00,0.8782,0.8824,0.8484,0.8507,8962611.5
2026-09-26 20:00:00,0.8506,0.8525,0.8194,0.8511,16316026.4
2026-09-27 00:00:00,0.851,0.8529,0.8393,0.8398,4771778.7
2026-09-27 04:00:00,0.8398,0.8742,0.8349,0.8729,9187814.4
2026-09-27 08:00:00,0.873,0.8744,0.85,0.8534,7717968.7
2026-09-27 12:00:00,0.8533,0.8573,0.8289,0.8374,11108556.8
2026-09-27 16:00:00,0.8374,0.866,0.8359,0.8534,9461902.9
2026-09-27 20:00:00,0.8535,0.8688,0.8459,0.8641,9453876.2
2026-09-28 00:00:00,0.8642,0.8749,0.8342,0.844,13246919.4
2026-09-28 04:00:00,0.844,0.861,0.8135,0.8165,14637024.8
2026-09-28 08:00:00,0.8164,0.8321,0.8072,0.8237,11653215.7
2026-09-28 12:00:00,0.8237,0.843,0.7943,0.8074,15355015.4
2026-09-28 16:00:00,0.8074,0.8325,0.8009,0.8101,12500902.6
2026-09-28 20:00:00,0.81,0.8344,0.8016,0.8294,7436501.0
2026-09-29 00:00:00,0.8294,0.8378,0.7967,0.8178,10745446.7
2026-09-29 04:00:00,0.8178,0.8388,0.8067,0.8367,8609673.5
2026-09-29 08:00:00,0.8366,0.8524,0.8249,0.8484,9003045.3
2026-09-29 12:00:00,0.8485,0.8545,0.8044,0.8096,16786692.0
2026-09-29 16:00:00,0.8095,0.8161,0.7746,0.7924,21879396.5
2026-09-29 20:00:00,0.7923,0.8039,0.7867,0.7898,6074115.9
2026-09-30 00:00:00,0.7899,0.801,0.7829,0.7881,5577717.7
2026-09-30 04:00:00,0.788,0.8039,0.7783,0.7861,7647372.5
2026-09-30 08:00:00,0.786,0.8086,0.781,0.8043,10895082.8
2026-09-30 12:00:00,0.8043,0.8228,0.7784,0.7935,21270703.8
2026-09-30 16:00:00,0.7935,0.7992,0.7669,0.7706,12404732.7
2026-09-30 20:00:00,0.7707,0.7755,0.7561,0.77,9075500.6
2026-10-01 00:00:00,0.77,0.7906,0.7674,0.7874,12180408.2
2026-10-01 04:00:00,0.7875,0.7907,0.767,0.7738,10216976.6
2026-10-01 08:00:00,0.7737,0.7835,0.7611,0.7725,8404346.4
2026-10-01 12:00:00,0.7725,0.774,0.75,0.7691,17072001.7
2026-10-01 16:00:00,0.7691,0.7822,0.7603,0.773,14891638.5
2026-10-01 20:00:00,0.7729,0.7804,0.7651,0.7753,3751796.0
2026-10-02 00:00:00,0.7754,0.8055,0.7735,0.7983,9769399.9
2026-10-02 04:00:00,0.7984,0.8433,0.7935,0.8291,21600935.5
2026-10-02 08:00:00,0.8291,0.8407,0.8154,0.8229,11643754.5
2026-10-02 12:00:00,0.8229,0.8489,0.8176,0.8249,17963697.1
2026-10-02 16:00:00,0.8248,0.8421,0.7694,0.7799,22566410.9
2026-10-02 20:00:00,0.78,0.7951,0.7693,0.793,9247334.9
2026-10-03 00:00:00,0.7931,0.8058,0.7882,0.7959,12735045.0
2026-10-03 04:00:00,0.796,0.8007,0.7859,0.7882,5801559.4
2026-10-03 08:00:00,0.7881,0.813,0.7765,0.8066,10525061.7
2026-10-03 12:00:00,0.8065,0.8218,0.7931,0.8112,7259235.2
2026-10-03 16:00:00,0.8112,0.8128,0.7967,0.8021,5405791.1
2026-10-03 20:00:00,0.802,0.8075,0.799,0.8031,3734483.0
2026-10-04 00:00:00,0.8032,0.8033,0.7928,0.7955,2881007.0
