t,o,h,l,c,v
2024-09-14 04:00:00,18.776,18.776,18.616,18.635,196451.3
2024-09-14 08:00:00,18.635,18.673,18.532,18.593,194688.37
2024-09-14 12:00:00,18.593,18.716,18.567,18.716,233596.21
2024-09-14 16:00:00,18.716,18.716,18.436,18.55,311527.3
2024-09-14 20:00:00,18.551,18.637,18.506,18.592,131822.89
2024-09-15 00:00:00,18.593,18.636,18.54,18.577,172701.85
2024-09-15 04:00:00,18.576,18.58,18.488,18.524,197631.89
2024-09-15 08:00:00,18.524,18.524,18.333,18.387,346546.18
2024-09-15 12:00:00,18.387,18.459,18.285,18.328,347923.87
2024-09-15 16:00:00,18.328,18.344,18.076,18.103,582650.31
2024-09-15 20:00:00,18.103,18.105,17.652,17.773,816589.16
2024-09-16 00:00:00,17.773,17.822,17.522,17.728,554784.05
2024-09-16 04:00:00,17.728,17.846,17.706,17.821,280079.89
2024-09-16 08:00:00,17.821,17.878,17.627,17.744,450638.63
2024-09-16 12:00:00,17.744,17.752,17.475,17.615,512191.24
2024-09-16 16:00:00,17.618,17.774,17.577,17.668,316929.79
2024-09-16 20:00:00,17.667,17.773,17.588,17.728,208003.97
2024-09-17 00:00:00,17.729,17.83,17.611,17.785,276431.97
2024-09-17 04:00:00,17.785,17.943,17.784,17.914,169442.01
2024-09-17 08:00:00,17.913,17.956,17.78,17.785,299465.0
2024-09-17 12:00:00,17.785,18.212,17.72,18.135,808716.04
2024-09-17 16:00:00,18.134,18.204,17.845,17.984,445338.93
2024-09-17 20:00:00,17.983,18.078,17.92,17.973,359166.16
2024-09-18 00:00:00,17.975,17.992,17.784,17.893,461782.78
2024-09-18 04:00:00,17.892,17.906,17.766,17.812,212461.99
2024-09-18 08:00:00,17.812,17.812,17.469,17.618,533799.8
2024-09-18 12:00:00,17.618,17.688,17.484,17.565,411466.94
2024-09-18 16:00:00,17.564,18.07,17.495,17.904,1036932.55
2024-09-18 20:00:00,17.9,18.327,17.797,18.315,639593.21
2024-09-19 00:00:00,18.316,18.601,18.316,18.477,609424.2
2024-09-19 04:00:00,18.477,18.598,18.432,18.564,272883.12
2024-09-19 08:00:00,18.565,18.628,18.488,18.614,445021.64
2024-09-19 12:00:00,18.613,18.756,18.523,18.697,482288.34
2024-09-19 16:00:00,18.697,19.159,18.666,18.901,881940.88
2024-09-19 20:00:00,18.901,18.977,18.689,18.787,414230.68
2024-09-20 00:00:00,18.788,19.064,18.548,19.058,501075.38
2024-09-20 04:00:00,19.057,19.281,19.02,19.196,725983.2
2024-09-20 08:00:00,19.198,19.26,18.969,18.988,430295.84
2024-09-20 12:00:00,18.988,19.03,18.706,18.881,701419.24
2024-09-20 16:00:00,18.882,19.007,18.719,18.925,614145.4
2024-09-20 20:00:00,18.926,19.099,18.883,18.989,641908.08
2024-09-21 00:00:00,18.99,19.189,18.836,19.049,572713.85
2024-09-21 04:00:00,19.048,19.179,18.941,19.155,304151.71
2024-09-21 08:00:00,19.155,19.205,19.053,19.147,202815.14
2024-09-21 12:00:00,19.146,19.399,19.126,19.301,400416.51
2024-09-21 16:00:00,19.3,19.364,19.194,19.217,241074.5
2024-09-21 20:00:00,19.217,19.455,19.121,19.354,270257.9
2024-09-22 00:00:00,19.355,19.508,19.116,19.208,470640.46
2024-09-22 04:00:00,19.209,19.225,18.931,19.044,328914.52
2024-09-22 08:00:00,19.044,19.079,18.772,18.892,329857.4
2024-09-22 12:00:00,18.891,18.964,18.674,18.778,493700.84
2024-09-22 16:00:00,18.778,18.931,18.641,18.847,333056.66
2024-09-22 20:00:00,18.847,18.966,18.421,18.888,588130.9
2024-09-23 00:00:00,18.888,19.42,18.51,19.341,861902.82
2024-09-23 04:00:00,19.339,19.384,19.053,19.083,369160.48
2024-09-23 08:00:00,19.083,19.127,18.916,19.022,351766.54
2024-09-23 12:00:00,19.023,19.283,18.92,19.224,480443.22
2024-09-23 16:00:00,19.223,19.378,19.15,19.185,341467.65
2024-09-23 20:00:00,19.188,19.227,19.018,19.095,228701.4
2024-09-24 00:00:00,19.095,19.203,18.832,19.014,448225.03
2024-09-24 04:00:00,19.015,19.108,18.856,19.093,325552.3
2024-09-24 08:00:00,19.094,19.232,19.007,19.092,442544.27
2024-09-24 12:00:00,19.092,19.211,18.801,18.855,636495.03
2024-09-24 16:00:00,18.856,19.328,18.852,19.305,473762.63
2024-09-24 20:00:00,19.302,19.537,19.248,19.409,523444.12
2024-09-25 00:00:00,19.409,19.811,19.332,19.653,679460.01
2024-09-25 04:00:00,19.653,19.664,19.234,19.323,523856.6
2024-09-25 08:00:00,19.322,19.447,19.252,19.43,383992.11
2024-09-25 12:00:00,19.429,19.713,19.363,19.522,673416.74
2024-09-25 16:00:00,19.521,19.714,19.39,19.453,474051.91
2024-09-25 20:00:00,19.453,19.588,19.234,19.292,362651.89
2024-09-26 00:00:00,19.293,19.438,19.025,19.403,508572.62
2024-09-26 04:00:00,19.403,19.878,19.29,19.869,700508.87
2024-09-26 08:00:00,19.868,20.241,19.84,20.036,918999.95
2024-09-26 12:00:00,20.036,20.305,19.981,20.213,818732.52
2024-09-26 16:00:00,20.214,20.359,20.107,20.191,493825.54
2024-09-26 20:00:00,20.191,20.356,19.994,20.309,408010.7
2024-09-27 00:00:00,20.308,20.626,20.225,20.612,645387.87
2024-09-27 04:00:00,20.612,20.811,20.449,20.644,832155.1
2024-09-27 08:00:00,20.644,20.782,20.522,20.67,506006.59
2024-09-27 12:00:00,20.669,20.906,20.545,20.751,669671.0
2024-09-27 16:00:00,20.751,21.056,20.674,20.718,635969.72
2024-09-27 20:00:00,20.715,20.959,20.67,20.834,228543.71
2024-09-28 00:00:00,20.834,20.967,20.755,20.826,329315.56
2024-09-28 04:00:00,20.825,20.833,20.39,20.4,462734.75
2024-09-28 08:00:00,20.399,20.48,20.148,20.459,668011.59
2024-09-28 12:00:00,20.459,20.491,20.259,20.422,337826.02
2024-09-28 16:00:00,20.422,20.737,20.357,20.585,448696.0
2024-09-28 20:00:00,20.585,20.787,20.416,20.547,649932.44
2024-09-29 00:00:00,20.548,20.72,20.447,20.647,363857.68
2024-09-29 04:00:00,20.647,20.653,20.157,20.189,662137.28
2024-09-29 08:00:00,20.189,20.378,20.153,20.353,298599.03
2024-09-29 12:00:00,20.353,20.562,20.133,20.555,460341.99
2024-09-29 16:00:00,20.554,20.66,20.404,20.656,453378.41
2024-09-29 20:00:00,20.656,20.678,20.361,20.413,457191.55
2024-09-30 00:00:00,20.414,20.48,19.832,20.033,993037.38
2024-09-30 04:00:00,20.033,20.156,19.878,20.08,597394.66
2024-09-30 08:00:00,20.083,20.115,19.581,19.893,765651.24
2024-09-30 12:00:00,19.893,19.978,19.503,19.534,456111.49
2024-09-30 16:00:00,19.533,19.73,19.481,19.682,417934.09
2024-09-30 20:00:00,19.683,19.81,19.287,19.455,503185.22
2024-10-01 00:00:00,19.455,19.759,19.354,19.719,486446.78
2024-10-01 04:00:00,19.72,19.823,19.604,19.774,384525.35
2024-10-01 08:00:00,19.774,19.824,19.719,19.737,216298.67
2024-10-01 12:00:00,19.737,19.743,18.424,18.881,1641420.24
2024-10-01 16:00:00,18.878,18.948,17.984,18.394,1457089.59
2024-10-01 20:00:00,18.394,18.459,18.067,18.395,793021.11
2024-10-02 00:00:00,18.396,18.64,18.312,18.593,432211.28
2024-10-02 04:00:00,18.594,18.723,18.495,18.635,329273.17
2024-10-02 08:00:00,18.634,18.649,18.223,18.363,636901.86
2024-10-02 12:00:00,18.364,18.37,18.04,18.242,1063015.93
2024-10-02 16:00:00,18.24,18.383,17.722,17.938,1023232.44
2024-10-02 20:00:00,17.937,18.162,17.826,17.929,504837.28
2024-10-03 00:00:00,17.929,18.18,17.757,18.174,496694.2
2024-10-03 04:00:00,18.175,18.203,18.015,18.074,351652.57
2024-10-03 08:00:00,18.075,18.634,17.985,18.374,1688617.91
2024-10-03 12:00:00,18.375,18.428,17.973,18.42,1429099.22
2024-10-03 16:00:00,18.42,18.579,18.206,18.537,1003963.15
2024-10-03 20:00:00,18.538,18.556,18.34,18.512,392988.41
2024-10-04 00:00:00,18.511,18.634,18.351,18.498,643197.02
2024-10-04 04:00:00,18.498,18.67,18.399,18.531,556586.16
2024-10-04 08:00:00,18.531,18.623,18.435,18.536,382889.75
2024-10-04 12:00:00,18.536,18.674,18.318,18.667,739205.03
2024-10-04 16:00:00,18.667,18.906,18.643,18.858,717148.63
2024-10-04 20:00:00,18.858,18.872,18.692,18.754,212163.4
2024-10-05 00:00:00,18.754,18.854,18.524,18.561,374368.66
2024-10-05 04:00:00,18.562,18.746,18.56,18.623,234777.49
2024-10-05 08:00:00,18.622,18.732,18.61,18.623,157120.28
2024-10-05 12:00:00,18.624,18.704,18.58,18.674,197688.42
2024-10-05 16:00:00,18.674,18.685,18.431,18.44,326174.96
2024-10-05 20:00:00,18.44,18.554,18.332,18.537,314312.27
2024-10-06 00:00:00,18.537,18.61,18.44,18.444,203181.52
2024-10-06 04:00:00,18.441,18.882,18.427,18.789,488338.26
2024-10-06 08:00:00,18.79,18.815,18.564,18.679,402905.52
2024-10-06 12:00:00,18.682,18.85,18.621,18.832,347791.79
2024-10-06 16:00:00,18.831,18.883,18.726,18.752,237306.15
2024-10-06 20:00:00,18.752,18.788,18.617,18.743,182517.4
2024-10-07 00:00:00,18.743,19.135,18.683,18.96,662501.12
2024-10-07 04:00:00,18.961,19.04,18.903,18.986,267827.56
2024-10-07 08:00:00,18.987,19.031,18.511,18.784,619071.26
2024-10-07 12:00:00,18.782,19.122,18.681,18.81,714716.56
2024-10-07 16:00:00,18.807,18.94,18.566,18.78,487299.62
2024-10-07 20:00:00,18.782,18.904,18.522,18.549,483503.7
2024-10-08 00:00:00,18.548,18.843,18.548,18.785,333820.78
2024-10-08 04:00:00,18.785,18.842,18.403,18.462,639274.18
2024-10-08 08:00:00,18.464,18.55,18.377,18.516,429021.95
2024-10-08 12:00:00,18.516,18.629,18.164,18.293,689864.09
2024-10-08 16:00:00,18.294,18.449,18.178,18.327,377142.33
2024-10-08 20:00:00,18.327,18.42,18.242,18.33,199246.71
2024-10-09 00:00:00,18.329,18.522,18.292,18.378,336437.68
2024-10-09 04:00:00,18.377,18.483,18.33,18.386,185402.56
2024-10-09 08:00:00,18.387,18.436,18.33,18.404,189488.14
2024-10-09 12:00:00,18.405,18.417,18.164,18.324,555259.39
2024-10-09 16:00:00,18.324,18.375,18.133,18.238,464813.47
2024-10-09 20:00:00,18.237,18.264,17.908,18.104,416022.06
2024-10-10 00:00:00,18.104,18.302,18.023,18.259,288961.08
2024-10-10 04:00:00,18.259,18.357,18.236,18.24,198006.39
2024-10-10 08:00:00,18.241,18.267,18.0,18.208,359772.87
2024-10-10 12:00:00,18.208,18.248,18.005,18.241,547345.8
2024-10-10 16:00:00,18.242,18.315,17.867,18.105,560521.53
2024-10-10 20:00:00,18.105,18.196,18.061,18.191,240128.28
2024-10-11 00:00:00,18.191,18.324,18.149,18.279,265370.65
2024-10-11 04:00:00,18.278,18.32,18.211,18.263,187319.48
2024-10-11 08:00:00,18.262,18.373,18.23,18.316,219777.25
2024-10-11 12:00:00,18.316,18.61,18.276,18.561,577576.08
2024-10-11 16:00:00,18.563,18.708,18.48,18.667,414233.33
2024-10-11 20:00:00,18.667,18.732,18.528,18.577,533053.43
2024-10-12 00:00:00,18.577,18.685,18.463,18.521,339869.48
2024-10-12 04:00:00,18.523,18.768,18.522,18.742,273242.14
2024-10-12 08:00:00,18.742,18.88,18.701,18.78,255026.39
2024-10-12 12:00:00,18.779,18.92,18.757,18.805,293100.37
2024-10-12 16:00:00,18.804,18.856,18.68,18.766,274438.22
2024-10-12 20:00:00,18.767,18.835,18.743,18.768,102370.58
2024-10-13 00:00:00,18.768,18.835,18.594,18.646,334109.05
2024-10-13 04:00:00,18.643,18.759,18.64,18.713,138661.33
2024-10-13 08:00:00,18.714,18.724,18.511,18.521,216950.35
2024-10-13 12:00:00,18.522,18.616,18.251,18.35,511706.83
2024-10-13 16:00:00,18.35,18.51,18.314,18.5,253502.15
2024-10-13 20:00:00,18.501,18.59,18.463,18.544,198255.79
2024-10-14 00:00:00,18.544,18.922,18.369,18.886,504092.73
2024-10-14 04:00:00,18.886,18.965,18.668,18.939,598716.88
2024-10-14 08:00:00,18.938,19.068,18.852,18.935,380662.76
2024-10-14 12:00:00,18.936,19.479,18.891,19.448,924544.78
2024-10-14 16:00:00,19.448,19.563,19.313,19.46,435376.17
2024-10-14 20:00:00,19.459,19.631,19.388,19.487,302243.56
2024-10-15 00:00:00,19.487,19.689,19.26,19.27,598500.52
2024-10-15 04:00:00,19.27,19.354,19.118,19.257,414736.66
2024-10-15 08:00:00,19.257,19.332,18.876,18.954,535582.14
2024-10-15 12:00:00,18.956,19.772,18.676,19.037,1672093.5
2024-10-15 16:00:00,19.035,19.436,19.031,19.224,568792.87
2024-10-15 20:00:00,19.223,19.368,18.973,19.346,325933.64
2024-10-16 00:00:00,19.346,19.644,19.307,19.472,727583.57
2024-10-16 04:00:00,19.472,19.521,19.16,19.258,487629.99
2024-10-16 08:00:00,19.259,19.804,19.248,19.578,879712.1
2024-10-16 12:00:00,19.579,19.642,19.284,19.35,624967.21
2024-10-16 16:00:00,19.349,19.4,19.167,19.355,307377.13
2024-10-16 20:00:00,19.354,19.514,19.326,19.363,176043.18
2024-10-17 00:00:00,19.363,19.607,19.363,19.511,316298.76
2024-10-17 04:00:00,19.511,19.537,19.076,19.186,414674.85
2024-10-17 08:00:00,19.187,19.189,18.844,18.871,429737.32
2024-10-17 12:00:00,18.871,19.055,18.729,19.027,806357.8
2024-10-17 16:00:00,19.029,19.06,18.752,18.924,450158.66
2024-10-17 20:00:00,18.931,19.106,18.904,19.039,233443.27
2024-10-18 00:00:00,19.038,19.329,18.976,19.079,389260.39
2024-10-18 04:00:00,19.079,19.26,19.067,19.187,266368.07
2024-10-18 08:00:00,19.186,19.235,19.06,19.073,226765.47
2024-10-18 12:00:00,19.073,19.303,19.008,19.261,453291.14
2024-10-18 16:00:00,19.261,19.41,19.162,19.241,397235.29
2024-10-18 20:00:00,19.241,19.36,19.188,19.352,140158.27
2024-10-19 00:00:00,19.351,19.622,19.347,19.478,348395.06
2024-10-19 04:00:00,19.478,19.525,19.336,19.36,199453.31
2024-10-19 08:00:00,19.359,19.392,19.203,19.208,172941.0
2024-10-19 12:00:00,19.209,19.443,19.206,19.415,176657.25
2024-10-19 16:00:00,19.413,19.866,19.313,19.596,839487.57
2024-10-19 20:00:00,19.595,19.906,19.576,19.882,422041.22
2024-10-20 00:00:00,19.884,19.907,19.61,19.688,408239.75
2024-10-20 04:00:00,19.688,19.776,19.616,19.643,348197.34
2024-10-20 08:00:00,19.643,19.714,19.58,19.662,280608.78
2024-10-20 12:00:00,19.661,20.348,19.534,20.115,1272252.53
2024-10-20 16:00:00,20.115,20.13,19.761,19.792,492083.97
2024-10-20 20:00:00,19.791,20.251,19.791,20.19,483421.06
2024-10-21 00:00:00,20.194,20.296,19.803,19.944,588634.71
2024-10-21 04:00:00,19.944,20.15,19.876,19.912,482976.08
2024-10-21 08:00:00,19.912,19.992,19.756,19.8,426438.92
2024-10-21 12:00:00,19.801,19.877,19.354,19.493,799741.16
2024-10-21 16:00:00,19.493,19.619,19.33,19.589,333141.82
2024-10-21 20:00:00,19.589,19.59,19.4,19.407,212726.12
2024-10-22 00:00:00,19.405,19.527,19.1,19.439,541141.12
2024-10-22 04:00:00,19.44,19.496,19.261,19.284,258124.04
2024-10-22 08:00:00,19.283,19.306,19.033,19.181,464771.25
2024-10-22 12:00:00,19.183,19.251,18.858,18.975,770634.0
2024-10-22 16:00:00,18.973,19.077,18.872,19.012,388308.59
2024-10-22 20:00:00,19.011,19.115,18.946,19.06,208707.52
2024-10-23 00:00:00,19.06,19.08,18.808,18.93,297410.9
2024-10-23 04:00:00,18.93,18.961,18.778,18.807,257253.93
2024-10-23 08:00:00,18.806,18.84,18.613,18.703,492592.18
2024-10-23 12:00:00,18.703,18.818,18.559,18.668,461377.24
2024-10-23 16:00:00,18.668,18.684,18.163,18.536,867541.43
2024-10-23 20:00:00,18.535,18.651,18.501,18.634,246492.07
2024-10-24 00:00:00,18.635,18.858,18.575,18.77,372171.18
2024-10-24 04:00:00,18.769,18.854,18.613,18.625,249018.23
2024-10-24 08:00:00,18.626,18.699,18.413,18.651,392026.19
2024-10-24 12:00:00,18.65,18.834,18.633,18.733,367879.66
2024-10-24 16:00:00,18.733,18.914,18.66,18.905,218054.38
2024-10-24 20:00:00,18.905,19.008,18.809,18.873,235159.36
2024-10-25 00:00:00,18.872,18.888,18.678,18.735,283168.77
2024-10-25 04:00:00,18.735,18.874,18.5,18.7,517539.01
2024-10-25 08:00:00,18.7,19.271,18.651,19.196,842941.86
2024-10-25 12:00:00,19.196,19.395,19.088,19.244,879680.43
2024-10-25 16:00:00,19.243,19.495,18.715,18.904,1290771.86
2024-10-25 20:00:00,18.902,19.259,17.53,18.235,1667410.47
2024-10-26 00:00:00,18.235,18.502,18.047,18.405,759654.07
2024-10-26 04:00:00,18.409,18.495,18.339,18.342,292542.94
2024-10-26 08:00:00,18.343,18.42,18.283,18.349,284541.02
2024-10-26 12:00:00,18.348,18.363,17.945,18.065,473434.87
2024-10-26 16:00:00,18.064,18.231,18.041,18.223,232545.25
2024-10-26 20:00:00,18.223,18.309,18.162,18.212,182344.33
2024-10-27 00:00:00,18.211,18.228,18.09,18.179,195518.17
2024-10-27 04:00:00,18.182,18.188,18.087,18.174,169749.04
2024-10-27 08:00:00,18.173,18.186,18.052,18.116,198843.05
2024-10-27 12:00:00,18.115,18.51,18.115,18.507,379025.73
2024-10-27 16:00:00,18.507,18.547,18.235,18.294,374522.93
2024-10-27 20:00:00,18.294,18.487,18.271,18.409,274714.21
2024-10-28 00:00:00,18.408,18.43,18.195,18.226,220303.37
2024-10-28 04:00:00,18.226,18.434,18.115,18.316,350874.41
2024-10-28 08:00:00,18.315,18.486,18.289,18.459,275327.28
2024-10-28 12:00:00,18.459,18.7,18.352,18.444,793291.19
2024-10-28 16:00:00,18.443,18.872,18.393,18.746,599406.68
2024-10-28 20:00:00,18.729,19.123,18.693,18.988,434279.88
2024-10-29 00:00:00,18.988,19.352,18.957,19.166,620529.75
2024-10-29 04:00:00,19.166,19.265,19.062,19.128,273026.95
2024-10-29 08:00:00,19.128,19.279,19.122,19.257,254567.9
2024-10-29 12:00:00,19.257,19.341,19.116,19.331,430809.77
2024-10-29 16:00:00,19.33,19.532,19.239,19.297,564690.76
2024-10-29 20:00:00,19.299,19.473,19.122,19.434,276600.12
2024-10-30 00:00:00,19.435,19.44,19.113,19.378,383096.92
2024-10-30 04:00:00,19.378,19.69,19.285,19.568,552543.54
2024-10-30 08:00:00,19.568,19.686,19.344,19.484,795380.3
2024-10-30 12:00:00,19.485,19.83,19.305,19.668,922304.96
2024-10-30 16:00:00,19.668,19.736,19.451,19.476,324229.62
2024-10-30 20:00:00,19.473,19.668,19.388,19.454,355727.35
2024-10-31 00:00:00,19.453,19.53,19.225,19.415,386191.76
2024-10-31 04:00:00,19.414,19.434,19.2,19.281,299760.76
2024-10-31 08:00:00,19.28,19.282,19.044,19.163,370539.97
2024-10-31 12:00:00,19.161,19.352,18.711,18.773,1234562.95
2024-10-31 16:00:00,18.773,18.816,18.415,18.464,597896.1
2024-10-31 20:00:00,18.46,18.663,18.383,18.594,301878.77
2024-11-01 00:00:00,18.595,18.699,18.268,18.557,505617.94
2024-11-01 04:00:00,18.556,18.621,18.171,18.325,357520.36
2024-11-01 08:00:00,18.325,18.513,18.283,18.444,399016.81
2024-11-01 12:00:00,18.443,19.038,18.344,18.492,1553526.96
2024-11-01 16:00:00,18.493,18.752,18.41,18.509,692966.45
2024-11-01 20:00:00,18.512,18.613,18.26,18.453,295521.57
2024-11-02 00:00:00,18.453,18.622,18.439,18.482,167285.37
2024-11-02 04:00:00,18.481,18.517,18.396,18.502,141542.03
2024-11-02 08:00:00,18.501,18.526,18.285,18.304,208310.81
2024-11-02 12:00:00,18.304,18.335,17.956,18.095,764097.57
2024-11-02 16:00:00,18.096,18.185,17.989,18.101,240800.59
2024-11-02 20:00:00,18.101,18.187,18.021,18.118,137698.62
2024-11-03 00:00:00,18.117,18.167,17.6,17.87,717093.54
2024-11-03 04:00:00,17.87,17.99,17.817,17.877,334588.11
2024-11-03 08:00:00,17.877,17.927,17.781,17.805,298725.03
2024-11-03 12:00:00,17.805,17.858,17.359,17.616,748513.64
2024-11-03 16:00:00,17.616,17.824,17.479,17.789,479698.51
2024-11-03 20:00:00,17.787,17.953,17.622,17.782,539527.04
2024-11-04 00:00:00,17.783,17.994,17.615,17.815,377090.72
2024-11-04 04:00:00,17.815,17.898,17.68,17.686,192311.58
2024-11-04 08:00:00,17.685,17.926,17.635,17.854,279073.17
2024-11-04 12:00:00,17.854,17.974,17.691,17.748,277814.75
2024-11-04 16:00:00,17.748,17.899,17.6,17.803,369920.7
2024-11-04 20:00:00,17.806,17.835,17.256,17.593,679036.08
2024-11-05 00:00:00,17.593,17.855,17.516,17.85,369959.66
2024-11-05 04:00:00,17.85,17.999,17.835,17.967,285782.21
2024-11-05 08:00:00,17.97,18.039,17.906,18.009,235347.72
2024-11-05 12:00:00,18.009,18.289,17.936,18.079,531182.96
2024-11-05 16:00:00,18.08,18.32,17.919,17.981,471521.73
2024-11-05 20:00:00,17.981,18.294,17.928,18.217,315947.5
2024-11-06 00:00:00,18.217,19.396,18.216,19.152,1309170.52
2024-11-06 04:00:00,19.151,19.408,19.011,19.134,1048699.34
2024-11-06 08:00:00,19.135,19.235,18.8,19.194,722605.49
2024-11-06 12:00:00,19.194,19.269,18.9,19.058,588217.77
2024-11-06 16:00:00,19.056,19.237,18.994,19.216,469673.3
2024-11-06 20:00:00,19.215,19.77,19.161,19.683,710008.52
2024-11-07 00:00:00,19.683,20.708,19.505,20.37,1928922.63
2024-11-07 04:00:00,20.37,20.427,19.877,20.075,1055603.37
2024-11-07 08:00:00,20.075,20.22,19.84,19.88,479762.11
2024-11-07 12:00:00,19.879,20.049,19.611,20.007,733214.29
2024-11-07 16:00:00,20.006,20.149,19.874,20.102,742805.88
2024-11-07 20:00:00,20.102,20.32,20.02,20.264,592822.22
2024-11-08 00:00:00,20.266,20.559,19.921,20.01,926433.1
2024-11-08 04:00:00,20.01,20.299,19.987,20.213,432568.12
2024-11-08 08:00:00,20.212,20.332,20.05,20.224,445899.39
2024-11-08 12:00:00,20.224,20.459,20.024,20.165,885892.94
2024-11-08 16:00:00,20.164,20.334,19.784,20.237,669359.56
2024-11-08 20:00:00,20.236,20.465,20.028,20.454,369334.32
2024-11-09 00:00:00,20.454,20.53,20.124,20.154,500235.29
2024-11-09 04:00:00,20.153,21.534,20.153,20.787,1465451.1
2024-11-09 08:00:00,20.787,21.06,20.629,20.932,710948.96
2024-11-09 12:00:00,20.931,20.964,20.44,20.569,603074.25
2024-11-09 16:00:00,20.568,20.817,20.316,20.712,451954.99
2024-11-09 20:00:00,20.713,22.214,20.669,21.792,1537193.08
2024-11-10 00:00:00,21.792,22.469,21.263,22.194,2049988.03
2024-11-10 04:00:00,22.194,23.121,22.174,22.945,1743661.49
2024-11-10 08:00:00,22.945,23.392,22.84,23.292,1019544.18
2024-11-10 12:00:00,23.294,23.589,22.705,23.265,1745000.21
2024-11-10 16:00:00,23.265,24.194,23.047,23.367,1568141.07
2024-11-10 20:00:00,23.367,23.483,22.006,23.039,1774878.45
2024-11-11 00:00:00,23.04,23.572,22.865,23.416,1379115.63
2024-11-11 04:00:00,23.414,23.434,22.244,22.571,1208189.66
2024-11-11 08:00:00,22.572,22.983,22.511,22.944,843339.61
2024-11-11 12:00:00,22.944,23.435,22.368,23.161,1504359.57
2024-11-11 16:00:00,23.164,23.545,23.069,23.322,1075775.8
2024-11-11 20:00:00,23.322,24.488,23.112,24.403,1697709.17
2024-11-12 00:00:00,24.404,24.457,23.255,23.448,1798384.03
2024-11-12 04:00:00,23.447,23.602,22.64,23.544,2081318.13
2024-11-12 08:00:00,23.546,24.631,21.93,22.672,3855978.64
2024-11-12 12:00:00,22.672,22.936,21.855,22.32,1828174.66
2024-11-12 16:00:00,22.321,22.824,21.926,22.691,863597.58
2024-11-12 20:00:00,22.692,23.338,22.435,22.764,1048241.06
2024-11-13 00:00:00,22.765,23.175,22.046,22.054,1561889.72
2024-11-13 04:00:00,22.054,22.371,21.168,21.817,1800225.82
2024-11-13 08:00:00,21.818,21.965,21.503,21.882,907085.81
2024-11-13 12:00:00,21.878,23.018,21.671,22.817,2185646.28
2024-11-13 16:00:00,22.816,22.999,21.674,21.737,1434041.13
2024-11-13 20:00:00,21.738,22.121,21.331,22.092,1282515.89
2024-11-14 00:00:00,22.091,22.636,21.968,22.602,1105113.95
2024-11-14 04:00:00,22.603,22.775,22.155,22.634,892946.59
2024-11-14 08:00:00,22.634,22.735,22.057,22.33,881992.42
2024-11-14 12:00:00,22.328,22.485,21.355,21.495,1209473.96
2024-11-14 16:00:00,21.5,22.419,21.361,22.348,765509.82
2024-11-14 20:00:00,22.344,22.711,21.497,21.815,1277444.45
2024-11-15 00:00:00,21.815,22.382,21.625,22.177,1050430.85
2024-11-15 04:00:00,22.177,22.364,21.55,21.961,1062803.89
2024-11-15 08:00:00,21.965,22.51,21.682,22.486,830605.8
2024-11-15 12:00:00,22.485,23.546,22.11,22.265,2563693.48
2024-11-15 16:00:00,22.266,22.905,22.173,22.796,903561.73
2024-11-15 20:00:00,22.796,23.12,22.775,23.009,628790.77
2024-11-16 00:00:00,23.01,23.536,22.84,23.528,878721.49
2024-11-16 04:00:00,23.528,23.906,23.382,23.677,1179041.24
2024-11-16 08:00:00,23.677,25.912,23.509,25.447,3765576.95
2024-11-16 12:00:00,25.444,27.758,24.903,26.63,8138060.39
2024-11-16 16:00:00,26.626,28.707,26.561,28.192,5541522.04
2024-11-16 20:00:00,28.198,28.494,26.506,26.756,2524495.64
2024-11-17 00:00:00,26.755,30.162,26.739,27.752,10251920.44
2024-11-17 04:00:00,27.752,27.986,26.863,27.296,3243034.82
2024-11-17 08:00:00,27.296,27.509,25.923,25.947,3291726.34
2024-11-17 12:00:00,25.948,26.593,25.601,25.715,2119875.43
2024-11-17 16:00:00,25.716,26.049,25.341,25.57,1235942.64
2024-11-17 20:00:00,25.57,25.856,25.112,25.826,1420626.65
2024-11-18 00:00:00,25.829,27.314,25.568,26.436,3919188.87
2024-11-18 04:00:00,26.436,27.149,26.371,26.978,1740561.28
2024-11-18 08:00:00,26.978,26.99,26.08,26.21,1183857.21
2024-11-18 12:00:00,26.214,26.815,25.692,26.665,1509819.46
2024-11-18 16:00:00,26.666,26.863,25.55,25.941,1778237.9
2024-11-18 20:00:00,25.94,27.42,25.88,27.053,1547964.48
2024-11-19 00:00:00,27.053,27.665,26.46,26.481,1663580.37
2024-11-19 04:00:00,26.481,26.604,26.095,26.31,704852.86
2024-11-19 08:00:00,26.309,26.364,26.0,26.316,614395.46
2024-11-19 12:00:00,26.317,26.794,25.889,26.232,1545474.11
2024-11-19 16:00:00,26.234,26.592,26.088,26.373,694778.64
2024-11-19 20:00:00,26.371,26.435,25.524,26.186,919041.29
2024-11-20 00:00:00,26.187,26.191,25.004,25.415,1369063.2
2024-11-20 04:00:00,25.415,25.948,25.249,25.687,674938.93
2024-11-20 08:00:00,25.685,26.174,25.615,25.939,802822.67
2024-11-20 12:00:00,25.941,26.718,25.565,26.105,1581785.98
2024-11-20 16:00:00,26.105,26.182,24.701,25.052,1639666.8
2024-11-20 20:00:00,25.052,25.671,24.883,25.38,691907.86
2024-11-21 00:00:00,25.382,25.714,24.622,25.429,1368302.89
2024-11-21 04:00:00,25.432,27.426,25.339,26.657,3760694.16
2024-11-21 08:00:00,26.657,26.884,26.335,26.705,1300363.94
2024-11-21 12:00:00,26.704,28.841,26.679,27.129,6475975.42
2024-11-21 16:00:00,27.13,27.534,26.951,27.253,1406985.69
2024-11-21 20:00:00,27.251,27.582,27.063,27.369,793155.27
2024-11-22 00:00:00,27.371,27.999,26.822,27.822,2358478.74
2024-11-22 04:00:00,27.822,28.496,27.709,27.872,1422935.72
2024-11-22 08:00:00,27.873,28.575,27.501,28.514,1445304.87
2024-11-22 12:00:00,28.513,28.742,27.117,27.951,2765889.72
2024-11-22 16:00:00,27.949,28.177,27.56,28.066,1066893.8
2024-11-22 20:00:00,28.066,28.546,27.92,28.539,829034.4
2024-11-23 00:00:00,28.545,30.425,28.366,29.29,4275115.94
2024-11-23 04:00:00,29.291,29.627,28.715,29.422,1605652.23
2024-11-23 08:00:00,29.423,30.471,29.285,29.657,1733581.23
2024-11-23 12:00:00,29.656,31.4,29.473,30.567,3910682.8
2024-11-23 16:00:00,30.567,30.827,29.243,29.981,2667738.04
2024-11-23 20:00:00,29.977,30.006,29.078,29.661,1326867.52
2024-11-24 00:00:00,29.659,30.485,29.507,30.428,1423146.82
2024-11-24 04:00:00,30.428,30.676,29.687,30.271,1374150.46
2024-11-24 08:00:00,30.266,30.333,28.37,28.448,2303160.23
2024-11-24 12:00:00,28.445,28.77,27.165,27.35,3619958.5
2024-11-24 16:00:00,27.335,28.128,27.199,27.858,1346315.61
2024-11-24 20:00:00,27.858,29.127,27.766,28.867,1239135.79
2024-11-25 00:00:00,28.866,28.882,27.685,28.565,1252037.85
2024-11-25 04:00:00,28.569,29.571,28.534,29.161,1355147.85
2024-11-25 08:00:00,29.158,31.834,29.138,30.939,4601360.79
2024-11-25 12:00:00,30.947,31.997,29.686,31.616,5773709.55
2024-11-25 16:00:00,31.617,31.987,30.567,30.858,2843753.98
2024-11-25 20:00:00,30.857,31.321,29.2,29.805,2223148.37
2024-11-26 00:00:00,29.802,30.45,29.419,29.84,1768432.91
2024-11-26 04:00:00,29.841,30.07,29.0,29.18,1610954.45
2024-11-26 08:00:00,29.18,29.188,27.444,28.097,3064916.7
2024-11-26 12:00:00,28.092,28.56,27.629,27.968,2060166.68
2024-11-26 16:00:00,27.968,28.575,27.383,27.729,1486116.82
2024-11-26 20:00:00,27.725,28.447,27.636,28.352,973596.46
2024-11-27 00:00:00,28.353,28.694,27.823,28.508,1235231.85
2024-11-27 04:00:00,28.509,30.5,28.469,29.829,3107517.01
2024-11-27 08:00:00,29.829,29.994,28.679,29.621,2257553.51
2024-11-27 12:00:00,29.621,30.489,29.121,30.205,2198613.24
2024-11-27 16:00:00,30.205,30.589,29.923,30.456,1220839.64
2024-11-27 20:00:00,30.461,33.333,30.436,32.935,3992412.21
2024-11-28 00:00:00,32.929,33.37,31.365,31.94,4215377.94
2024-11-28 04:00:00,31.944,32.311,31.632,31.832,1347633.7
2024-11-28 08:00:00,31.834,32.707,31.469,32.255,2558337.34
2024-11-28 12:00:00,32.258,33.553,31.344,31.438,4425691.61
2024-11-28 16:00:00,31.438,31.946,31.396,31.929,1083309.22
2024-11-28 20:00:00,31.929,32.46,31.572,31.934,1096276.7
2024-11-29 00:00:00,31.929,32.1,31.347,31.682,1194895.87
2024-11-29 04:00:00,31.682,31.821,31.051,31.075,903644.5
2024-11-29 08:00:00,31.076,31.734,31.075,31.683,804985.81
2024-11-29 12:00:00,31.685,32.412,31.457,31.954,1680996.13
2024-11-29 16:00:00,31.959,32.087,31.55,31.993,860765.91
2024-11-29 20:00:00,31.993,32.2,31.761,31.969,577232.38
2024-11-30 00:00:00,31.969,33.619,31.677,33.483,3359393.26
2024-11-30 04:00:00,33.484,34.052,32.928,33.233,2434804.47
2024-11-30 08:00:00,33.233,33.516,32.433,32.858,1920041.26
2024-11-30 12:00:00,32.859,33.26,32.227,32.556,1314998.78
2024-11-30 16:00:00,32.556,32.883,32.309,32.805,555582.33
2024-11-30 20:00:00,32.806,33.179,32.675,32.724,790047.6
2024-12-01 00:00:00,32.724,33.157,31.65,32.255,2249977.3
2024-12-01 04:00:00,32.254,32.412,31.944,32.268,588135.63
2024-12-01 08:00:00,32.267,32.476,32.001,32.253,580689.61
2024-12-01 12:00:00,32.252,33.721,32.01,32.895,1747027.59
2024-12-01 16:00:00,32.903,32.964,32.379,32.776,1094413.7
2024-12-01 20:00:00,32.771,33.486,32.357,33.359,1375717.16
2024-12-02 00:00:00,33.359,34.64,32.937,33.011,4247021.55
2024-12-02 04:00:00,33.011,33.709,32.601,32.99,2170118.32
2024-12-02 08:00:00,32.994,33.245,31.13,31.47,3296393.81
2024-12-02 12:00:00,31.471,33.8,31.347,33.256,3624524.86
2024-12-02 16:00:00,33.256,33.427,31.912,33.133,1930150.87
2024-12-02 20:00:00,33.13,34.183,33.076,33.902,2024542.9
2024-12-03 00:00:00,33.898,34.495,33.306,34.059,1763587.29
2024-12-03 04:00:00,34.057,34.571,33.09,33.44,2142665.8
2024-12-03 08:00:00,33.438,34.366,33.259,34.174,1743443.3
2024-12-03 12:00:00,34.174,34.758,30.904,32.129,7075461.89
2024-12-03 16:00:00,32.129,32.698,31.528,32.355,2129920.6
2024-12-03 20:00:00,32.354,35.413,32.271,34.778,3188812.86
2024-12-04 00:00:00,34.779,37.401,34.56,35.4,5043651.29
2024-12-04 04:00:00,35.399,36.706,35.381,36.679,1723468.49
2024-12-04 08:00:00,36.68,37.216,36.156,36.349,2053515.65
2024-12-04 12:00:00,36.349,38.966,35.539,37.786,5518334.07
2024-12-04 16:00:00,37.79,37.958,35.909,37.789,4039484.03
2024-12-04 20:00:00,37.789,38.729,37.193,37.743,2858749.25
2024-12-05 00:00:00,37.74,38.064,35.378,36.156,3754683.98
2024-12-05 04:00:00,36.156,37.038,35.6,36.62,2065202.72
2024-12-05 08:00:00,36.621,38.095,36.46,37.849,1682328.23
2024-12-05 12:00:00,37.85,37.871,36.387,36.754,2405615.26
2024-12-05 16:00:00,36.756,37.367,36.101,36.218,1427108.53
2024-12-05 20:00:00,36.223,36.649,34.476,35.641,2677879.76
2024-12-06 00:00:00,35.642,36.891,35.345,36.793,1753668.14
2024-12-06 04:00:00,36.789,36.926,36.282,36.419,917054.96
2024-12-06 08:00:00,36.42,36.581,34.795,35.137,2163685.98
2024-12-06 12:00:00,35.137,37.567,34.241,36.61,4051671.39
2024-12-06 16:00:00,36.613,39.981,36.5,39.617,4969952.8
2024-12-06 20:00:00,39.616,40.04,38.232,38.33,2474869.07
2024-12-07 00:00:00,38.33,38.745,37.44,37.493,1836381.62
2024-12-07 04:00:00,37.494,37.863,37.014,37.339,1249991.96
2024-12-07 08:00:00,37.338,37.62,36.87,37.448,1350706.37
2024-12-07 12:00:00,37.448,38.005,37.212,37.486,1428890.93
2024-12-07 16:00:00,37.487,37.582,36.809,37.388,1150124.72
2024-12-07 20:00:00,37.388,37.54,37.161,37.25,620872.04
2024-12-08 00:00:00,37.251,37.644,37.024,37.16,921834.39
2024-12-08 04:00:00,37.16,37.295,36.421,36.847,1196520.82
2024-12-08 08:00:00,36.847,36.86,35.806,36.644,1109673.49
2024-12-08 12:00:00,36.641,37.078,36.332,36.886,925982.76
2024-12-08 16:00:00,36.884,36.956,36.447,36.8,530517.94
2024-12-08 20:00:00,36.801,37.225,36.52,37.106,522021.84
2024-12-09 00:00:00,37.109,37.128,35.2,35.633,1658942.97
2024-12-09 04:00:00,35.631,36.117,34.938,35.468,1343699.55
2024-12-09 08:00:00,35.466,35.467,33.991,34.134,2304527.68
2024-12-09 12:00:00,34.133,35.49,33.91,34.435,2011178.28
2024-12-09 16:00:00,34.436,34.774,33.921,34.112,1051438.23
2024-12-09 20:00:00,34.114,34.22,27.689,31.35,7524847.38
2024-12-10 00:00:00,31.348,32.274,29.341,30.494,3803990.83
2024-12-10 04:00:00,30.498,31.754,29.732,31.26,2183587.63
2024-12-10 08:00:00,31.26,31.816,30.818,31.157,1592797.57
2024-12-10 12:00:00,31.158,31.253,28.656,28.711,3897598.89
2024-12-10 16:00:00,28.713,29.535,27.937,29.492,3318458.58
2024-12-10 20:00:00,29.492,30.501,29.215,30.171,1438924.4
2024-12-11 00:00:00,30.173,30.398,28.841,30.039,2082299.33
2024-12-11 04:00:00,30.038,30.261,29.57,29.61,855946.0
2024-12-11 08:00:00,29.612,31.066,29.58,31.064,1189932.25
2024-12-11 12:00:00,31.062,33.825,31.02,33.236,5506373.74
2024-12-11 16:00:00,33.237,33.968,33.099,33.705,1570797.2
2024-12-11 20:00:00,33.706,34.087,33.486,33.502,898682.57
2024-12-12 00:00:00,33.502,35.16,33.296,34.988,2465557.45
2024-12-12 04:00:00,34.987,35.219,34.196,34.508,1808141.93
2024-12-12 08:00:00,34.508,34.804,33.698,33.856,1770138.75
2024-12-12 12:00:00,33.856,35.247,33.845,34.777,2930429.44
2024-12-12 16:00:00,34.777,35.141,33.565,33.671,1608927.65
2024-12-12 20:00:00,33.67,34.265,33.267,33.827,1248720.93
2024-12-13 00:00:00,33.828,34.637,33.1,34.433,1641412.56
2024-12-13 04:00:00,34.434,34.835,33.332,33.985,1691619.41
2024-12-13 08:00:00,33.982,34.412,33.435,33.905,1171692.72
2024-12-13 12:00:00,33.905,34.688,33.577,33.64,1612248.33
2024-12-13 16:00:00,33.638,34.25,33.556,33.983,1101147.41
2024-12-13 20:00:00,33.983,34.444,33.415,34.015,773189.47
2024-12-14 00:00:00,34.016,34.29,33.633,33.811,846317.71
2024-12-14 04:00:00,33.81,33.942,33.561,33.632,466175.8
2024-12-14 08:00:00,33.633,33.914,33.217,33.262,736166.64
2024-12-14 12:00:00,33.256,33.348,31.976,32.606,2107887.54
2024-12-14 16:00:00,32.605,32.782,31.957,32.302,955375.9
2024-12-14 20:00:00,32.302,32.714,31.814,32.548,594258.66
2024-12-15 00:00:00,32.549,33.441,32.335,32.825,945883.55
2024-12-15 04:00:00,32.824,33.378,32.213,32.487,864235.3
2024-12-15 08:00:00,32.487,32.972,32.433,32.624,901332.47
2024-12-15 12:00:00,32.624,33.322,32.464,33.034,897623.32
2024-12-15 16:00:00,33.033,33.266,32.71,32.937,479512.37
2024-12-15 20:00:00,32.936,33.927,32.153,33.776,1291259.79
2024-12-16 00:00:00,33.777,35.154,33.389,33.787,2314500.73
2024-12-16 04:00:00,33.787,33.966,33.335,33.636,946390.87
2024-12-16 08:00:00,33.636,33.665,32.246,32.358,1580294.89
2024-12-16 12:00:00,32.359,33.176,32.075,32.938,1602905.51
2024-12-16 16:00:00,32.938,34.598,32.918,33.867,2208654.36
2024-12-16 20:00:00,33.869,34.191,33.137,33.204,788362.86
2024-12-17 00:00:00,33.205,33.373,32.574,33.312,1049057.29
2024-12-17 04:00:00,33.312,33.698,32.996,33.141,952553.72
2024-12-17 08:00:00,33.139,34.02,33.126,33.76,1009760.11
2024-12-17 12:00:00,33.76,33.896,32.35,32.573,1734545.13
2024-12-17 16:00:00,32.572,33.766,32.303,33.122,1315390.07
2024-12-17 20:00:00,33.124,33.276,32.01,32.488,1311613.84
2024-12-18 00:00:00,32.49,32.648,31.9,31.96,1192943.65
2024-12-18 04:00:00,31.959,31.988,31.193,31.655,1207263.87
2024-12-18 08:00:00,31.654,32.154,31.5,32.04,620363.04
2024-12-18 12:00:00,32.038,32.115,31.093,31.504,1104706.58
2024-12-18 16:00:00,31.505,32.121,30.712,30.735,1244404.01
2024-12-18 20:00:00,30.735,30.958,29.0,29.384,3604430.32
2024-12-19 00:00:00,29.383,29.714,27.724,29.502,3073403.78
2024-12-19 04:00:00,29.502,29.599,29.121,29.442,778377.67
2024-12-19 08:00:00,29.442,29.935,29.194,29.656,1095664.69
2024-12-19 12:00:00,29.657,29.709,28.179,28.639,1709934.6
2024-12-19 16:00:00,28.638,28.966,26.222,26.72,4208912.17
2024-12-19 20:00:00,26.721,27.364,25.918,26.711,2059162.62
2024-12-20 00:00:00,26.711,27.587,26.32,27.198,1579634.31
2024-12-20 04:00:00,27.2,27.448,26.559,27.007,1355051.92
2024-12-20 08:00:00,27.007,27.039,23.475,23.544,6223639.62
2024-12-20 12:00:00,23.545,26.488,23.523,26.292,2758811.0
2024-12-20 16:00:00,26.292,27.107,26.133,26.889,1254333.13
2024-12-20 20:00:00,26.889,27.594,26.388,27.432,909402.23
2024-12-21 00:00:00,27.43,27.667,27.187,27.376,812157.43
2024-12-21 04:00:00,27.377,28.545,27.324,28.217,857389.72
2024-12-21 08:00:00,28.222,28.347,27.166,27.371,954422.17
2024-12-21 12:00:00,27.371,27.392,25.76,26.434,2132693.03
2024-12-21 16:00:00,26.434,26.538,25.699,26.077,1229729.01
2024-12-21 20:00:00,26.076,26.351,25.656,26.028,845024.1
2024-12-22 00:00:00,26.029,26.351,25.674,26.074,970945.06
2024-12-22 04:00:00,26.072,26.132,25.346,25.919,883079.37
2024-12-22 08:00:00,25.92,26.718,25.9,26.378,911252.49
2024-12-22 12:00:00,26.377,26.638,25.636,25.935,1189761.66
2024-12-22 16:00:00,25.936,26.41,25.443,25.523,812636.45
2024-12-22 20:00:00,25.523,26.273,25.248,25.967,934692.52
2024-12-23 00:00:00,25.969,26.83,25.393,26.763,1269789.63
2024-12-23 04:00:00,26.76,26.884,25.873,26.139,855412.39
2024-12-23 08:00:00,26.141,26.762,26.089,26.418,717421.04
2024-12-23 12:00:00,26.417,26.7,25.819,25.93,1271637.05
2024-12-23 16:00:00,25.93,26.711,25.88,26.506,1116376.0
2024-12-23 20:00:00,26.506,27.955,26.49,27.548,1272493.32
2024-12-24 00:00:00,27.548,27.604,26.714,27.198,737510.52
2024-12-24 04:00:00,27.198,27.426,26.865,27.066,494661.68
2024-12-24 08:00:00,27.067,27.415,26.974,27.343,664488.62
2024-12-24 12:00:00,27.343,28.355,27.099,28.207,1188360.67
2024-12-24 16:00:00,28.207,28.43,27.872,27.882,750095.98
2024-12-24 20:00:00,27.883,28.13,27.603,27.934,606861.86
2024-12-25 00:00:00,27.931,27.941,27.422,27.553,566209.49
2024-12-25 04:00:00,27.553,27.8,27.363,27.463,485056.1
2024-12-25 08:00:00,27.463,28.27,27.388,27.438,722180.04
2024-12-25 12:00:00,27.439,27.702,27.2,27.236,587957.19
2024-12-25 16:00:00,27.236,27.389,26.903,27.315,592465.55
2024-12-25 20:00:00,27.318,27.398,26.896,27.302,442196.71
2024-12-26 00:00:00,27.302,27.492,26.75,26.803,661139.05
2024-12-26 04:00:00,26.803,26.803,26.5,26.579,607505.89
2024-12-26 08:00:00,26.58,26.628,25.755,26.147,1018533.39
2024-12-26 12:00:00,26.148,26.221,25.791,25.867,674700.79
2024-12-26 16:00:00,25.867,26.134,25.521,25.847,614180.79
2024-12-26 20:00:00,25.847,26.028,25.487,25.852,539956.06
2024-12-27 00:00:00,25.853,26.486,25.732,26.203,804909.25
2024-12-27 04:00:00,26.203,26.525,25.882,26.139,637183.62
2024-12-27 08:00:00,26.14,27.194,26.139,26.864,1050053.09
2024-12-27 12:00:00,26.865,26.898,25.83,26.004,834493.28
2024-12-27 16:00:00,26.004,26.472,25.865,26.299,583527.86
2024-12-27 20:00:00,26.3,26.32,25.76,25.984,413147.63
2024-12-28 00:00:00,25.984,26.082,25.73,26.02,336411.3
2024-12-28 04:00:00,26.017,26.138,25.815,25.846,294144.84
2024-12-28 08:00:00,25.848,26.193,25.844,26.147,307156.92
2024-12-28 12:00:00,26.148,26.548,25.985,26.247,516755.04
2024-12-28 16:00:00,26.247,26.688,26.212,26.387,354261.6
2024-12-28 20:00:00,26.386,26.75,26.331,26.555,187717.26
2024-12-29 00:00:00,26.554,26.602,26.305,26.531,241948.73
2024-12-29 04:00:00,26.532,26.691,26.379,26.691,233095.24
2024-12-29 08:00:00,26.691,26.711,26.327,26.35,237976.68
2024-12-29 12:00:00,26.35,26.429,25.928,26.07,539303.96
2024-12-29 16:00:00,26.07,26.078,25.764,25.814,307398.28
2024-12-29 20:00:00,25.814,25.833,25.251,25.524,572312.48
2024-12-30 00:00:00,25.523,26.332,25.381,25.839,640863.68
2024-12-30 04:00:00,25.838,26.12,25.613,25.977,397624.89
2024-12-30 08:00:00,25.977,26.155,25.569,25.834,389047.56
2024-12-30 12:00:00,25.834,26.11,24.791,25.035,1281546.17
2024-12-30 16:00:00,25.033,25.872,24.901,25.848,759451.32
2024-12-30 20:00:00,25.847,26.076,25.059,25.42,591361.78
2024-12-31 00:00:00,25.42,25.424,24.891,24.921,417098.64
2024-12-31 04:00:00,24.92,25.105,24.767,24.968,389323.44
2024-12-31 08:00:00,24.968,25.635,24.955,25.509,528429.01
2024-12-31 12:00:00,25.51,26.024,25.441,25.761,626458.74
2024-12-31 16:00:00,25.758,25.821,25.026,25.29,541336.91
2024-12-31 20:00:00,25.289,25.536,24.955,25.037,561057.08
2025-01-01 00:00:00,25.036,25.436,24.995,25.174,372933.57
2025-01-01 04:00:00,25.174,25.182,24.985,25.025,316403.64
2025-01-01 08:00:00,25.025,25.073,24.617,24.908,556514.17
2025-01-01 12:00:00,24.908,25.347,24.888,25.32,506032.78
2025-01-01 16:00:00,25.319,25.725,24.885,25.626,1030204.89
2025-01-01 20:00:00,25.626,25.986,25.626,25.802,854637.65
2025-01-02 00:00:00,25.803,26.388,25.801,26.187,752558.33
2025-01-02 04:00:00,26.187,26.52,26.154,26.443,527007.26
2025-01-02 08:00:00,26.443,27.06,26.347,26.96,636477.66
2025-01-02 12:00:00,26.96,27.08,26.575,26.732,932775.97
2025-01-02 16:00:00,26.732,26.95,26.496,26.778,463385.27
2025-01-02 20:00:00,26.778,26.941,26.628,26.905,308984.28
2025-01-03 00:00:00,26.905,27.191,26.654,27.012,471062.65
2025-01-03 04:00:00,27.015,27.023,26.6,26.666,387372.42
2025-01-03 08:00:00,26.667,27.485,26.635,27.461,610360.68
2025-01-03 12:00:00,27.461,28.155,27.401,28.085,1019697.84
2025-01-03 16:00:00,28.086,28.497,28.084,28.266,615428.74
2025-01-03 20:00:00,28.263,28.496,28.066,28.447,478946.4
2025-01-04 00:00:00,28.447,28.637,28.117,28.458,488197.0
2025-01-04 04:00:00,28.459,28.499,28.173,28.404,372929.57
2025-01-04 08:00:00,28.403,28.451,27.929,28.208,458075.14
2025-01-04 12:00:00,28.208,28.834,27.835,28.009,1119959.93
2025-01-04 16:00:00,28.009,28.35,27.984,28.166,317998.06
2025-01-04 20:00:00,28.166,28.479,28.149,28.354,330408.25
2025-01-05 00:00:00,28.356,28.6,28.031,28.195,393250.52
2025-01-05 04:00:00,28.194,28.382,28.082,28.126,201080.49
2025-01-05 08:00:00,28.127,28.161,27.652,27.768,492612.8
2025-01-05 12:00:00,27.767,27.967,27.401,27.815,572598.44
2025-01-05 16:00:00,27.815,28.112,27.685,28.012,290614.21
2025-01-05 20:00:00,28.012,28.249,27.938,28.13,255141.84
2025-01-06 00:00:00,28.131,28.7,27.705,28.419,716851.39
2025-01-06 04:00:00,28.42,28.59,27.898,28.021,428284.45
2025-01-06 08:00:00,28.021,28.388,27.888,28.317,409955.48
2025-01-06 12:00:00,28.328,28.86,27.89,28.86,862854.56
2025-01-06 16:00:00,28.86,29.244,28.452,28.684,681275.85
2025-01-06 20:00:00,28.683,28.818,28.4,28.669,288528.58
2025-01-07 00:00:00,28.669,28.809,28.34,28.523,347689.91
2025-01-07 04:00:00,28.523,28.638,28.278,28.476,296768.74
2025-01-07 08:00:00,28.476,28.693,27.956,28.266,578648.45
2025-01-07 12:00:00,28.267,28.495,26.462,26.853,2371375.65
2025-01-07 16:00:00,26.847,27.085,26.039,26.18,1414084.6
2025-01-07 20:00:00,26.177,26.328,25.73,25.887,829918.35
2025-01-08 00:00:00,25.887,26.287,25.571,25.764,853364.1
2025-01-08 04:00:00,25.764,25.826,25.065,25.436,895329.66
2025-01-08 08:00:00,25.436,25.691,25.03,25.292,749861.8
2025-01-08 12:00:00,25.294,25.766,25.192,25.497,860005.73
2025-01-08 16:00:00,25.497,25.566,24.228,24.967,1634636.57
2025-01-08 20:00:00,24.964,25.321,24.723,25.247,476253.44
2025-01-09 00:00:00,25.246,25.579,25.087,25.193,646151.14
2025-01-09 04:00:00,25.193,25.383,24.73,24.779,472232.29
2025-01-09 08:00:00,24.779,25.265,24.661,25.095,631042.35
2025-01-09 12:00:00,25.095,25.521,24.33,25.476,1280104.02
2025-01-09 16:00:00,25.476,25.584,24.592,24.617,755491.94
2025-01-09 20:00:00,24.616,25.048,24.287,24.857,630331.46
2025-01-10 00:00:00,24.857,25.197,24.797,25.14,409434.81
2025-01-10 04:00:00,25.14,25.7,25.058,25.538,477755.77
2025-01-10 08:00:00,25.537,25.606,25.344,25.508,379018.36
2025-01-10 12:00:00,25.507,25.898,24.877,25.318,1871975.83
2025-01-10 16:00:00,25.32,25.888,25.07,25.85,771406.73
2025-01-10 20:00:00,25.85,25.908,25.585,25.663,278606.73
2025-01-11 00:00:00,25.664,25.723,25.307,25.368,324703.8
2025-01-11 04:00:00,25.368,25.515,25.2,25.286,233097.65
2025-01-11 08:00:00,25.287,25.589,25.139,25.48,350420.85
2025-01-11 12:00:00,25.479,25.527,25.185,25.243,302059.87
2025-01-11 16:00:00,25.244,25.433,25.167,25.396,267978.96
2025-01-11 20:00:00,25.398,25.934,25.37,25.541,401418.47
2025-01-12 00:00:00,25.542,25.766,25.464,25.672,236840.44
2025-01-12 04:00:00,25.672,25.713,25.281,25.441,229408.61
2025-01-12 08:00:00,25.442,25.502,25.142,25.329,266018.97
2025-01-12 12:00:00,25.328,25.57,25.22,25.487,345744.4
2025-01-12 16:00:00,25.487,25.703,25.357,25.493,303086.95
2025-01-12 20:00:00,25.493,25.581,24.96,25.246,356620.49
2025-01-13 00:00:00,25.246,25.826,24.628,24.763,1253629.76
2025-01-13 04:00:00,24.762,25.099,24.293,24.435,833930.2
2025-01-13 08:00:00,24.435,24.461,23.146,23.178,1958387.37
2025-01-13 12:00:00,23.175,24.145,22.815,23.952,2116720.35
2025-01-13 16:00:00,23.952,24.035,23.389,23.792,792395.04
2025-01-13 20:00:00,23.791,24.733,23.673,24.564,687651.93
2025-01-14 00:00:00,24.565,24.876,24.431,24.771,519785.05
2025-01-14 04:00:00,24.771,24.938,24.666,24.674,375675.95
2025-01-14 08:00:00,24.674,25.376,24.673,25.099,621648.77
2025-01-14 12:00:00,25.098,25.364,24.903,25.123,683993.5
2025-01-14 16:00:00,25.119,25.453,24.939,25.292,471557.93
2025-01-14 20:00:00,25.291,25.497,25.128,25.389,287274.22
2025-01-15 00:00:00,25.388,25.588,25.202,25.415,515360.83
2025-01-15 04:00:00,25.416,25.6,25.217,25.452,300092.79
2025-01-15 08:00:00,25.453,25.599,24.881,25.056,580984.27
2025-01-15 12:00:00,25.056,26.432,24.912,26.229,1506792.07
2025-01-15 16:00:00,26.228,26.613,25.873,26.576,811373.46
2025-01-15 20:00:00,26.576,27.163,26.423,27.117,674472.53
2025-01-16 00:00:00,27.115,27.342,26.443,26.588,756241.15
2025-01-16 04:00:00,26.587,26.78,26.481,26.677,335661.06
2025-01-16 08:00:00,26.677,26.711,26.041,26.668,809235.6
2025-01-16 12:00:00,26.669,27.275,26.161,26.91,1614228.11
2025-01-16 16:00:00,26.911,27.362,26.888,27.123,814633.6
2025-01-16 20:00:00,27.123,27.145,26.4,26.693,593329.14
2025-01-17 00:00:00,26.694,27.692,26.69,27.657,831113.49
2025-01-17 04:00:00,27.657,28.195,27.63,27.731,954957.41
2025-01-17 08:00:00,27.732,28.035,27.577,27.864,623946.21
2025-01-17 12:00:00,27.865,28.03,27.529,27.782,679606.7
2025-01-17 16:00:00,27.782,28.058,27.727,28.047,499741.53
2025-01-17 20:00:00,28.047,28.658,27.994,28.256,732682.51
2025-01-18 00:00:00,28.256,28.481,27.314,27.423,797767.57
2025-01-18 04:00:00,27.422,27.55,26.391,26.736,1398030.08
2025-01-18 08:00:00,26.737,27.208,26.387,27.151,997045.74
2025-01-18 12:00:00,27.152,27.292,26.76,26.86,754620.86
2025-01-18 16:00:00,26.86,26.96,26.416,26.749,758968.42
2025-01-18 20:00:00,26.75,26.987,26.352,26.917,357891.24
2025-01-19 00:00:00,26.917,27.404,26.802,26.873,592499.88
2025-01-19 04:00:00,26.872,26.933,26.106,26.209,720214.68
2025-01-19 08:00:00,26.21,26.21,24.936,25.103,2329308.84
2025-01-19 12:00:00,25.104,27.859,25.061,27.378,2479534.15
2025-01-19 16:00:00,27.378,28.018,27.184,27.903,981342.34
2025-01-19 20:00:00,27.904,28.098,24.965,25.41,3019092.46
2025-01-20 00:00:00,25.411,26.128,24.713,26.012,2645776.65
2025-01-20 04:00:00,26.012,28.206,25.73,27.109,2642214.15
2025-01-20 08:00:00,27.107,27.508,26.656,27.066,973491.41
2025-01-20 12:00:00,27.068,27.11,26.121,26.34,1532956.06
2025-01-20 16:00:00,26.342,26.728,25.158,26.2,2495888.58
2025-01-20 20:00:00,26.199,26.222,25.455,25.779,694323.92
2025-01-21 00:00:00,25.78,25.881,25.08,25.446,1080924.78
2025-01-21 04:00:00,25.448,25.613,24.937,25.457,770281.53
2025-01-21 08:00:00,25.457,26.192,25.319,26.146,972936.33
2025-01-21 12:00:00,26.147,26.756,25.951,26.571,1137236.49
2025-01-21 16:00:00,26.572,27.868,26.532,27.348,1230049.67
2025-01-21 20:00:00,27.349,27.484,26.906,27.124,612143.95
2025-01-22 00:00:00,27.123,27.721,27.003,27.071,780233.55
2025-01-22 04:00:00,27.07,27.167,26.61,26.656,505481.36
2025-01-22 08:00:00,26.655,27.039,26.415,27.006,573532.55
2025-01-22 12:00:00,27.007,27.065,26.561,26.759,777223.05
2025-01-22 16:00:00,26.76,27.011,26.599,26.803,554732.98
2025-01-22 20:00:00,26.802,26.953,26.666,26.822,449196.56
2025-01-23 00:00:00,26.822,27.678,26.622,27.304,1261944.28
2025-01-23 04:00:00,27.305,27.385,26.681,26.995,937350.28
2025-01-23 08:00:00,26.996,27.29,26.662,27.111,709328.68
2025-01-23 12:00:00,27.11,28.527,26.839,28.22,3454334.46
2025-01-23 16:00:00,28.218,28.98,28.001,28.089,3176370.54
2025-01-23 20:00:00,28.088,29.216,27.746,29.018,3063193.46
2025-01-24 00:00:00,29.018,29.249,27.558,28.002,2360394.98
2025-01-24 04:00:00,28.002,29.157,27.741,28.468,1606596.49
2025-01-24 08:00:00,28.469,28.862,28.295,28.405,1065172.92
2025-01-24 12:00:00,28.406,28.606,27.805,28.104,1142043.14
2025-01-24 16:00:00,28.103,28.22,27.7,27.79,651848.01
2025-01-24 20:00:00,27.79,27.858,27.278,27.367,941669.57
2025-01-25 00:00:00,27.366,27.531,26.83,27.239,1121507.79
2025-01-25 04:00:00,27.241,27.247,26.745,26.833,563119.19
2025-01-25 08:00:00,26.832,27.064,26.609,27.004,656855.65
2025-01-25 12:00:00,27.005,27.221,26.754,27.059,620748.5
2025-01-25 16:00:00,27.06,27.314,26.993,27.231,574839.62
2025-01-25 20:00:00,27.232,27.346,26.999,27.039,328382.4
2025-01-26 00:00:00,27.037,27.058,26.73,26.96,425550.63
2025-01-26 04:00:00,26.961,27.14,26.875,26.996,302561.75
2025-01-26 08:00:00,26.996,27.052,26.685,26.836,358629.27
2025-01-26 12:00:00,26.835,26.922,26.737,26.824,333634.37
2025-01-26 16:00:00,26.823,27.044,26.712,26.894,322801.01
2025-01-26 20:00:00,26.893,26.902,26.042,26.162,940489.73
2025-01-27 00:00:00,26.162,26.656,25.666,26.213,2181459.1
2025-01-27 04:00:00,26.213,26.213,24.7,25.261,2044852.64
2025-01-27 08:00:00,25.261,25.396,24.6,25.009,1350323.75
2025-01-27 12:00:00,25.008,25.815,24.845,25.498,1394135.85
2025-01-27 16:00:00,25.498,25.569,24.951,25.171,877575.57
2025-01-27 20:00:00,25.17,26.205,25.168,25.986,671395.22
2025-01-28 00:00:00,25.988,26.2,25.555,25.915,505705.73
2025-01-28 04:00:00,25.915,26.259,25.861,25.912,386940.36
2025-01-28 08:00:00,25.912,25.976,25.634,25.81,347446.17
2025-01-28 12:00:00,25.813,26.097,25.411,25.85,695267.36
2025-01-28 16:00:00,25.851,25.863,25.345,25.506,479600.56
2025-01-28 20:00:00,25.507,25.559,24.605,24.957,816135.16
2025-01-29 00:00:00,24.956,25.576,24.935,25.381,1037047.03
2025-01-29 04:00:00,25.381,25.843,25.304,25.711,357083.93
2025-01-29 08:00:00,25.712,25.778,25.317,25.481,348540.79
2025-01-29 12:00:00,25.481,25.55,25.051,25.238,510278.58
2025-01-29 16:00:00,25.239,25.726,24.795,25.534,1037913.55
2025-01-29 20:00:00,25.532,26.016,25.263,25.518,761524.83
2025-01-30 00:00:00,25.519,26.255,25.329,26.22,452140.39
2025-01-30 04:00:00,26.22,26.309,26.005,26.115,460522.07
2025-01-30 08:00:00,26.116,26.403,25.991,26.311,284650.3
2025-01-30 12:00:00,26.311,26.665,26.129,26.473,594851.12
2025-01-30 16:00:00,26.475,26.633,26.346,26.471,382888.09
2025-01-30 20:00:00,26.471,26.495,26.245,26.272,330240.71
2025-01-31 00:00:00,26.272,26.428,25.958,26.038,417103.85
2025-01-31 04:00:00,26.039,26.45,25.929,26.176,411133.56
2025-01-31 08:00:00,26.177,26.89,25.976,26.786,597156.64
2025-01-31 12:00:00,26.786,27.519,26.727,27.503,1135302.43
2025-01-31 16:00:00,27.502,27.745,26.937,27.069,1302290.14
2025-01-31 20:00:00,27.068,27.07,26.655,26.833,610497.2
2025-02-01 00:00:00,26.833,27.356,26.698,27.027,500437.25
2025-02-01 04:00:00,27.028,27.243,26.804,26.833,397078.09
2025-02-01 08:00:00,26.833,26.909,26.0,26.361,858480.53
2025-02-01 12:00:00,26.361,26.446,25.703,25.962,621609.5
2025-02-01 16:00:00,25.962,26.064,25.31,25.365,595553.79
2025-02-01 20:00:00,25.365,25.365,24.777,24.945,835505.4
2025-02-02 00:00:00,24.946,25.34,24.275,24.313,1020939.58
2025-02-02 04:00:00,24.314,24.856,24.283,24.535,546156.17
2025-02-02 08:00:00,24.536,24.837,24.15,24.201,611114.83
2025-02-02 12:00:00,24.198,24.52,23.982,24.23,652510.6
2025-02-02 16:00:00,24.23,24.636,22.469,23.153,4742862.92
2025-02-02 20:00:00,23.156,23.385,21.411,22.495,2450579.62
2025-02-03 00:00:00,22.494,22.502,16.914,19.04,10293686.39
2025-02-03 04:00:00,19.041,20.17,18.365,20.113,2376253.22
2025-02-03 08:00:00,20.111,20.111,19.401,19.684,1707647.55
2025-02-03 12:00:00,19.686,20.845,19.068,20.667,3252959.59
2025-02-03 16:00:00,20.666,21.476,20.484,21.458,1641083.51
2025-02-03 20:00:00,21.457,22.384,20.977,22.027,1516418.03
2025-02-04 00:00:00,22.027,22.263,21.384,21.488,929465.66
2025-02-04 04:00:00,21.487,21.569,20.169,20.266,2161308.31
2025-02-04 08:00:00,20.266,20.958,20.155,20.685,1198362.62
2025-02-04 12:00:00,20.686,21.384,20.666,21.015,1518123.33
2025-02-04 16:00:00,21.015,21.641,20.908,20.969,962958.01
2025-02-04 20:00:00,20.968,21.158,20.051,20.645,1816847.77
2025-02-05 00:00:00,20.646,20.876,20.419,20.7,755516.35
2025-02-05 04:00:00,20.7,21.061,20.529,20.984,689128.56
2025-02-05 08:00:00,20.983,21.457,20.786,21.284,724752.36
2025-02-05 12:00:00,21.284,21.369,20.871,21.069,823638.38
2025-02-05 16:00:00,21.069,21.149,20.43,20.9,901590.71
2025-02-05 20:00:00,20.9,20.976,20.363,20.679,590681.42
2025-02-06 00:00:00,20.678,20.854,20.376,20.784,551028.33
2025-02-06 04:00:00,20.784,21.258,20.768,21.022,572048.45
2025-02-06 08:00:00,21.022,21.119,20.662,20.755,623523.73
2025-02-06 12:00:00,20.754,20.794,19.658,19.775,1411411.7
2025-02-06 16:00:00,19.774,20.038,19.542,19.688,1198427.45
2025-02-06 20:00:00,19.689,20.03,19.525,19.671,566151.5
2025-02-07 00:00:00,19.671,20.158,19.625,19.997,577447.13
2025-02-07 04:00:00,19.996,20.133,19.534,19.884,573145.33
2025-02-07 08:00:00,19.885,20.335,19.807,20.328,471276.16
2025-02-07 12:00:00,20.328,20.852,20.115,20.374,1298268.77
2025-02-07 16:00:00,20.377,20.488,19.96,20.033,786249.23
2025-02-07 20:00:00,20.036,20.049,19.254,19.79,973021.45
2025-02-08 00:00:00,19.789,20.048,19.72,19.8,428353.66
2025-02-08 04:00:00,19.8,19.948,19.578,19.865,320526.65
2025-02-08 08:00:00,19.864,19.911,19.669,19.799,317760.83
2025-02-08 12:00:00,19.799,20.027,19.54,19.848,839827.53
2025-02-08 16:00:00,19.847,20.239,19.708,20.139,547166.09
2025-02-08 20:00:00,20.138,20.224,20.003,20.101,306988.63
2025-02-09 00:00:00,20.099,20.523,20.016,20.426,401900.9
2025-02-09 04:00:00,20.426,20.426,20.158,20.345,320642.67
2025-02-09 08:00:00,20.346,20.468,20.244,20.256,363420.49
2025-02-09 12:00:00,20.255,20.343,19.887,20.245,792780.63
2025-02-09 16:00:00,20.245,20.399,20.0,20.051,371585.46
2025-02-09 20:00:00,20.051,20.255,19.328,20.136,1011862.92
2025-02-10 00:00:00,20.136,20.474,19.624,20.205,1021277.76
2025-02-10 04:00:00,20.204,20.49,20.126,20.411,527363.51
2025-02-10 08:00:00,20.41,20.62,20.385,20.483,560419.59
2025-02-10 12:00:00,20.481,20.836,20.29,20.498,665823.98
2025-02-10 16:00:00,20.498,20.752,20.434,20.558,414856.4
2025-02-10 20:00:00,20.557,20.706,20.506,20.678,307776.27
2025-02-11 00:00:00,20.678,20.94,20.6,20.696,434822.32
2025-02-11 04:00:00,20.696,21.35,20.684,21.123,599309.11
2025-02-11 08:00:00,21.123,21.303,21.059,21.224,355484.73
2025-02-11 12:00:00,21.225,21.249,20.658,20.759,825395.27
2025-02-11 16:00:00,20.76,20.821,19.838,19.927,1111015.06
2025-02-11 20:00:00,19.926,20.345,19.884,20.206,627827.26
2025-02-12 00:00:00,20.206,20.457,20.046,20.219,631798.36
2025-02-12 04:00:00,20.219,20.413,20.055,20.366,413334.38
2025-02-12 08:00:00,20.367,20.641,20.339,20.518,468066.93
2025-02-12 12:00:00,20.519,20.74,19.8,20.385,1470514.71
2025-02-12 16:00:00,20.386,21.21,20.23,21.136,864314.03
2025-02-12 20:00:00,21.137,21.707,21.054,21.371,630874.78
2025-02-13 00:00:00,21.372,21.571,21.269,21.499,398337.52
2025-02-13 04:00:00,21.5,21.512,21.012,21.036,525319.29
2025-02-13 08:00:00,21.036,21.156,20.832,21.006,491619.09
2025-02-13 12:00:00,21.006,21.259,20.778,21.094,766744.37
2025-02-13 16:00:00,21.093,21.271,20.82,21.029,467158.44
2025-02-13 20:00:00,21.029,21.235,20.944,21.129,366730.44
2025-02-14 00:00:00,21.129,21.44,21.0,21.398,358608.13
2025-02-14 04:00:00,21.398,21.417,21.061,21.143,274877.61
2025-02-14 08:00:00,21.142,21.499,21.112,21.313,456188.85
2025-02-14 12:00:00,21.314,21.632,21.181,21.528,482268.42
2025-02-14 16:00:00,21.53,21.93,21.326,21.558,793169.14
2025-02-14 20:00:00,21.559,21.634,21.122,21.379,356016.75
2025-02-15 00:00:00,21.378,21.499,21.189,21.375,272604.24
2025-02-15 04:00:00,21.375,21.441,21.016,21.123,283589.18
2025-02-15 08:00:00,21.122,21.258,20.986,21.111,268321.89
2025-02-15 12:00:00,21.112,21.174,20.8,20.905,377259.74
2025-02-15 16:00:00,20.905,20.977,20.737,20.794,285740.62
2025-02-15 20:00:00,20.794,20.848,20.618,20.788,235294.34
2025-02-16 00:00:00,20.788,20.892,20.531,20.672,299988.62
2025-02-16 04:00:00,20.672,20.792,20.492,20.531,226611.78
2025-02-16 08:00:00,20.531,20.749,20.456,20.741,283270.94
2025-02-16 12:00:00,20.74,20.76,20.335,20.537,340926.31
2025-02-16 16:00:00,20.536,20.621,20.249,20.459,257944.78
2025-02-16 20:00:00,20.457,20.575,20.332,20.425,270475.82
2025-02-17 00:00:00,20.426,20.688,20.363,20.466,293984.69
2025-02-17 04:00:00,20.466,20.588,20.079,20.41,438381.71
2025-02-17 08:00:00,20.409,21.155,20.329,20.961,763298.34
2025-02-17 12:00:00,20.961,21.594,20.96,21.073,864855.04
2025-02-17 16:00:00,21.074,21.193,20.383,20.799,936456.17
2025-02-17 20:00:00,20.8,21.439,20.762,20.896,740830.8
2025-02-18 00:00:00,20.893,20.945,20.629,20.695,348138.51
2025-02-18 04:00:00,20.694,20.758,19.792,20.01,927745.35
2025-02-18 08:00:00,20.01,20.301,19.762,20.123,601073.45
2025-02-18 12:00:00,20.122,20.455,19.689,19.814,788954.27
2025-02-18 16:00:00,19.814,20.017,19.535,19.797,835950.43
2025-02-18 20:00:00,19.798,20.206,19.636,20.16,347474.24
2025-02-19 00:00:00,20.159,20.362,19.97,20.313,329669.89
2025-02-19 04:00:00,20.313,20.61,19.954,20.521,462756.91
2025-02-19 08:00:00,20.521,21.05,20.513,21.007,674817.05
2025-02-19 12:00:00,21.008,21.046,20.633,20.828,687692.94
2025-02-19 16:00:00,20.827,21.139,20.824,21.06,389198.54
2025-02-19 20:00:00,21.059,21.298,20.87,21.163,484945.82
2025-02-20 00:00:00,21.162,21.575,21.108,21.439,607386.76
2025-02-20 04:00:00,21.439,21.613,21.12,21.121,431494.47
2025-02-20 08:00:00,21.12,21.187,20.811,21.042,802048.78
2025-02-20 12:00:00,21.04,21.253,20.662,20.73,771490.04
2025-02-20 16:00:00,20.73,21.021,20.694,20.885,546201.74
2025-02-20 20:00:00,20.885,21.024,20.797,20.918,479413.8
2025-02-21 00:00:00,20.918,21.034,20.731,20.803,509888.61
2025-02-21 04:00:00,20.803,21.08,20.803,20.904,380889.23
2025-02-21 08:00:00,20.903,21.482,20.837,21.221,720938.07
2025-02-21 12:00:00,21.22,21.612,20.486,20.876,1363328.98
2025-02-21 16:00:00,20.874,21.191,19.9,20.001,1663362.28
2025-02-21 20:00:00,20.001,20.242,19.858,20.197,632808.43
2025-02-22 00:00:00,20.197,20.356,20.04,20.126,399899.15
2025-02-22 04:00:00,20.126,20.466,20.106,20.381,425785.48
2025-02-22 08:00:00,20.382,20.517,20.216,20.326,491574.8
2025-02-22 12:00:00,20.328,20.552,20.23,20.498,689518.64
2025-02-22 16:00:00,20.496,20.769,20.489,20.6,544071.76
2025-02-22 20:00:00,20.601,20.611,20.421,20.451,259689.36
2025-02-23 00:00:00,20.451,20.648,20.424,20.575,296758.06
2025-02-23 04:00:00,20.574,20.963,20.51,20.929,336900.93
2025-02-23 08:00:00,20.93,21.044,20.7,20.746,429549.12
2025-02-23 12:00:00,20.746,20.819,20.442,20.479,521666.75
2025-02-23 16:00:00,20.478,20.721,20.454,20.654,301301.38
2025-02-23 20:00:00,20.654,20.892,20.443,20.738,378801.56
2025-02-24 00:00:00,20.738,20.873,19.812,19.903,836613.16
2025-02-24 04:00:00,19.903,20.128,19.712,20.028,626285.04
2025-02-24 08:00:00,20.027,20.027,19.516,19.862,756028.52
2025-02-24 12:00:00,19.862,19.983,19.297,19.481,1014840.76
2025-02-24 16:00:00,19.482,19.712,19.135,19.336,751877.83
2025-02-24 20:00:00,19.336,19.643,18.238,18.616,1931707.9
2025-02-25 00:00:00,18.615,18.824,18.133,18.414,1404097.64
2025-02-25 04:00:00,18.415,18.663,17.327,17.747,2681849.78
2025-02-25 08:00:00,17.748,18.504,17.667,18.447,1931563.23
2025-02-25 12:00:00,18.449,18.594,17.985,18.332,1395600.52
2025-02-25 16:00:00,18.333,18.787,18.185,18.772,875899.6
2025-02-25 20:00:00,18.773,19.101,18.658,18.879,870765.69
2025-02-26 00:00:00,18.879,19.185,18.716,19.049,556075.68
2025-02-26 04:00:00,19.049,19.124,18.795,18.847,534876.66
2025-02-26 08:00:00,18.847,19.044,18.712,18.901,492357.45
2025-02-26 12:00:00,18.903,19.129,18.491,18.91,1128245.43
2025-02-26 16:00:00,18.91,18.96,18.064,18.243,1460894.36
2025-02-26 20:00:00,18.245,19.076,18.069,18.751,990199.66
2025-02-27 00:00:00,18.752,19.02,18.61,18.919,539543.71
2025-02-27 04:00:00,18.919,19.134,18.751,19.018,670026.23
2025-02-27 08:00:00,19.017,19.166,18.913,19.043,515958.06
2025-02-27 12:00:00,19.044,19.118,18.563,18.85,854305.16
2025-02-27 16:00:00,18.851,18.917,18.497,18.554,564182.83
2025-02-27 20:00:00,18.554,18.75,18.235,18.709,613407.6
2025-02-28 00:00:00,18.71,18.735,17.695,17.823,2120713.98
2025-02-28 04:00:00,17.823,18.219,17.598,17.982,1714167.01
2025-02-28 08:00:00,17.982,18.474,17.801,18.274,850930.09
2025-02-28 12:00:00,18.273,19.184,18.152,19.151,1354082.47
2025-02-28 16:00:00,19.149,19.626,19.066,19.464,946974.28
2025-02-28 20:00:00,19.463,19.612,19.353,19.553,539935.38
2025-03-01 00:00:00,19.553,19.782,19.354,19.579,689212.58
2025-03-01 04:00:00,19.578,19.691,19.404,19.477,538251.14
2025-03-01 08:00:00,19.478,19.558,19.072,19.139,965069.05
2025-03-01 12:00:00,19.139,19.16,18.801,19.028,542580.4
2025-03-01 16:00:00,19.027,19.128,18.809,19.033,448025.12
2025-03-01 20:00:00,19.033,19.259,18.885,19.04,373287.22
2025-03-02 00:00:00,19.04,19.3,18.916,19.166,676456.94
2025-03-02 04:00:00,19.166,19.303,19.125,19.197,301561.17
2025-03-02 08:00:00,19.198,19.501,19.14,19.288,491904.09
2025-03-02 12:00:00,19.289,19.912,18.849,19.511,1551702.05
2025-03-02 16:00:00,19.512,21.286,19.469,20.971,2812314.71
2025-03-02 20:00:00,20.969,21.1,20.784,20.994,540602.12
2025-03-03 00:00:00,20.994,21.031,20.192,20.349,936410.8
2025-03-03 04:00:00,20.348,20.5,19.792,20.136,1265088.05
2025-03-03 08:00:00,20.138,20.183,19.624,20.035,885291.74
2025-03-03 12:00:00,20.035,20.272,19.506,19.868,1259275.57
2025-03-03 16:00:00,19.868,20.019,18.675,18.755,1452630.62
2025-03-03 20:00:00,18.756,18.964,18.423,18.695,1064758.62
2025-03-04 00:00:00,18.696,18.815,17.654,18.196,1836518.48
2025-03-04 04:00:00,18.197,18.709,18.147,18.36,746077.94
2025-03-04 08:00:00,18.361,18.554,18.206,18.313,555772.52
2025-03-04 12:00:00,18.312,18.929,17.815,18.473,1753363.79
2025-03-04 16:00:00,18.473,19.126,17.785,19.061,1102538.44
2025-03-04 20:00:00,19.061,19.198,18.757,18.939,517093.88
2025-03-05 00:00:00,18.94,19.149,18.811,18.881,477804.78
2025-03-05 04:00:00,18.88,19.254,18.873,19.218,449059.87
2025-03-05 08:00:00,19.218,19.867,19.168,19.553,857992.84
2025-03-05 12:00:00,19.556,20.171,19.536,20.037,1276455.04
2025-03-05 16:00:00,20.037,20.727,19.977,20.592,1632915.27
2025-03-05 20:00:00,20.596,20.872,20.481,20.483,615745.36
2025-03-06 00:00:00,20.484,21.394,20.455,20.785,1891596.57
2025-03-06 04:00:00,20.784,21.062,20.579,20.628,950896.5
2025-03-06 08:00:00,20.627,20.707,20.476,20.62,553895.3
2025-03-06 12:00:00,20.622,20.662,20.11,20.378,963449.96
2025-03-06 16:00:00,20.374,20.434,19.827,19.932,640197.29
2025-03-06 20:00:00,19.933,20.258,19.897,19.949,414457.26
2025-03-07 00:00:00,19.949,20.399,19.156,20.151,1910511.78
2025-03-07 04:00:00,20.151,20.937,20.121,20.874,1046828.52
2025-03-07 08:00:00,20.874,21.018,20.692,20.89,870401.92
2025-03-07 12:00:00,20.891,21.231,20.612,20.981,1690343.49
2025-03-07 16:00:00,20.98,21.18,20.37,20.889,1206116.86
2025-03-07 20:00:00,20.89,20.939,20.132,20.391,943624.01
2025-03-08 00:00:00,20.39,20.514,19.935,20.085,659025.51
2025-03-08 04:00:00,20.085,20.261,19.737,19.767,417831.71
2025-03-08 08:00:00,19.766,19.793,19.468,19.622,632596.15
2025-03-08 12:00:00,19.623,20.099,19.563,19.672,988082.89
2025-03-08 16:00:00,19.671,20.608,19.536,20.442,919753.59
2025-03-08 20:00:00,20.442,20.518,20.09,20.219,459265.64
2025-03-09 00:00:00,20.22,20.487,19.873,19.894,530842.22
2025-03-09 04:00:00,19.894,19.96,19.765,19.851,304846.52
2025-03-09 08:00:00,19.851,19.854,19.088,19.161,897892.81
2025-03-09 12:00:00,19.162,19.167,18.604,18.744,964391.87
2025-03-09 16:00:00,18.743,18.872,17.711,18.048,2485783.44
2025-03-09 20:00:00,18.048,18.179,17.629,17.921,932038.31
2025-03-10 00:00:00,17.922,18.225,17.657,18.003,1098618.07
2025-03-10 04:00:00,18.004,18.17,17.886,18.148,744628.16
2025-03-10 08:00:00,18.149,18.77,17.921,18.638,1246760.01
2025-03-10 12:00:00,18.638,18.733,17.539,17.876,1947052.66
2025-03-10 16:00:00,17.876,17.915,16.694,17.161,2029032.99
2025-03-10 20:00:00,17.161,17.184,16.773,16.861,777663.1
2025-03-11 00:00:00,16.865,17.077,15.849,16.872,2880321.18
2025-03-11 04:00:00,16.871,17.351,16.839,17.309,836172.64
2025-03-11 08:00:00,17.308,17.46,17.249,17.379,597493.98
2025-03-11 12:00:00,17.38,17.704,17.132,17.645,2020684.15
2025-03-11 16:00:00,17.646,18.163,17.5,18.108,1255063.32
2025-03-11 20:00:00,18.108,18.158,17.799,17.857,447956.25
2025-03-12 00:00:00,17.857,17.991,17.343,17.375,732350.99
2025-03-12 04:00:00,17.375,17.707,17.265,17.656,708718.18
2025-03-12 08:00:00,17.655,17.965,17.517,17.713,730154.21
2025-03-12 12:00:00,17.713,18.013,17.27,17.651,1318816.89
2025-03-12 16:00:00,17.651,18.006,17.612,17.946,616498.16
2025-03-12 20:00:00,17.946,18.351,17.91,17.974,618409.71
2025-03-13 00:00:00,17.973,18.029,17.761,17.793,452481.09
2025-03-13 04:00:00,17.792,17.872,17.626,17.669,368439.43
2025-03-13 08:00:00,17.668,17.927,17.526,17.908,559603.82
2025-03-13 12:00:00,17.908,18.165,17.647,17.928,770141.08
2025-03-13 16:00:00,17.928,17.94,17.381,17.66,736591.67
2025-03-13 20:00:00,17.66,17.991,17.508,17.885,402554.54
2025-03-14 00:00:00,17.885,18.071,17.815,17.969,353243.29
2025-03-14 04:00:00,17.969,18.313,17.836,18.273,586408.0
2025-03-14 08:00:00,18.271,18.49,18.135,18.213,507315.63
2025-03-14 12:00:00,18.212,18.425,17.992,18.256,843436.51
2025-03-14 16:00:00,18.257,18.313,18.0,18.021,364478.67
2025-03-14 20:00:00,18.02,18.096,17.935,18.012,379037.45
2025-03-15 00:00:00,18.012,18.132,17.923,18.118,601112.12
2025-03-15 04:00:00,18.117,18.231,17.846,17.898,439417.29
2025-03-15 08:00:00,17.898,17.982,17.857,17.951,378614.08
2025-03-15 12:00:00,17.952,18.093,17.872,17.993,478996.85
2025-03-15 16:00:00,17.993,18.121,17.823,17.927,432975.52
2025-03-15 20:00:00,17.926,18.109,17.919,17.93,328990.79
2025-03-16 00:00:00,17.93,18.012,17.726,17.893,485791.89
2025-03-16 04:00:00,17.893,18.067,17.883,17.93,375964.7
2025-03-16 08:00:00,17.929,17.95,17.223,17.27,1196455.64
2025-03-16 12:00:00,17.271,17.45,17.157,17.418,649019.86
2025-03-16 16:00:00,17.417,17.744,17.3,17.433,662005.65
2025-03-16 20:00:00,17.432,17.565,17.332,17.452,360303.06
2025-03-17 00:00:00,17.452,17.853,17.443,17.73,538132.8
2025-03-17 04:00:00,17.73,17.809,17.557,17.787,356587.75
2025-03-17 08:00:00,17.788,17.926,17.711,17.806,356363.44
2025-03-17 12:00:00,17.806,17.999,17.716,17.896,748091.35
2025-03-17 16:00:00,17.896,18.079,17.819,18.013,420436.48
2025-03-17 20:00:00,18.012,18.156,17.821,17.824,426139.45
2025-03-18 00:00:00,17.823,17.84,17.49,17.577,482372.43
2025-03-18 04:00:00,17.577,17.668,17.375,17.583,454448.17
2025-03-18 08:00:00,17.583,17.639,17.387,17.421,367037.97
2025-03-18 12:00:00,17.42,17.467,17.23,17.284,623389.39
2025-03-18 16:00:00,17.283,17.493,17.237,17.474,347957.72
2025-03-18 20:00:00,17.474,17.7,17.404,17.682,451677.85
2025-03-19 00:00:00,17.681,18.146,17.68,17.973,888527.84
2025-03-19 04:00:00,17.973,18.036,17.786,17.804,419490.09
2025-03-19 08:00:00,17.803,18.591,17.795,18.517,1313041.09
2025-03-19 12:00:00,18.516,18.6,18.045,18.254,1159117.49
2025-03-19 16:00:00,18.253,18.595,18.158,18.487,1141287.45
2025-03-19 20:00:00,18.486,18.599,18.38,18.534,366288.41
2025-03-20 00:00:00,18.535,18.629,18.279,18.296,481827.34
2025-03-20 04:00:00,18.295,18.344,18.076,18.103,473420.3
2025-03-20 08:00:00,18.103,18.232,17.823,17.932,735281.37
2025-03-20 12:00:00,17.931,18.057,17.718,17.778,638455.15
2025-03-20 16:00:00,17.777,17.912,17.57,17.905,597984.76
2025-03-20 20:00:00,17.905,17.973,17.724,17.883,313954.96
2025-03-21 00:00:00,17.884,17.985,17.756,17.781,319212.53
2025-03-21 04:00:00,17.781,17.933,17.627,17.756,372873.46
2025-03-21 08:00:00,17.755,17.786,17.524,17.682,517512.37
2025-03-21 12:00:00,17.682,17.769,17.496,17.623,529481.75
2025-03-21 16:00:00,17.624,17.82,17.568,17.719,334786.5
2025-03-21 20:00:00,17.719,17.792,17.608,17.684,301397.36
2025-03-22 00:00:00,17.683,17.883,17.668,17.814,346077.81
2025-03-22 04:00:00,17.814,17.892,17.778,17.854,264090.38
2025-03-22 08:00:00,17.854,17.988,17.786,17.822,341430.53
2025-03-22 12:00:00,17.821,17.93,17.744,17.893,444574.52
2025-03-22 16:00:00,17.893,17.979,17.858,17.877,317565.64
2025-03-22 20:00:00,17.876,17.906,17.601,17.655,408513.13
2025-03-23 00:00:00,17.655,17.791,17.621,17.788,298850.09
2025-03-23 04:00:00,17.788,17.791,17.594,17.75,357420.96
2025-03-23 08:00:00,17.749,17.824,17.659,17.705,319809.75
2025-03-23 12:00:00,17.706,17.771,17.611,17.687,442526.79
2025-03-23 16:00:00,17.686,17.698,17.496,17.646,328316.97
2025-03-23 20:00:00,17.646,17.806,17.638,17.794,262681.14
2025-03-24 00:00:00,17.795,17.932,17.633,17.926,559487.53
2025-03-24 04:00:00,17.926,18.316,17.896,18.193,1002662.89
2025-03-24 08:00:00,18.192,18.414,18.192,18.232,523913.5
2025-03-24 12:00:00,18.231,18.428,18.097,18.279,644267.55
2025-03-24 16:00:00,18.28,18.375,18.189,18.277,414853.28
2025-03-24 20:00:00,18.276,18.399,18.215,18.301,286174.52
2025-03-25 00:00:00,18.301,18.428,18.018,18.082,499755.15
2025-03-25 04:00:00,18.081,18.305,18.024,18.259,366163.25
2025-03-25 08:00:00,18.259,18.435,18.254,18.351,341077.7
2025-03-25 12:00:00,18.351,18.489,18.213,18.336,578439.89
2025-03-25 16:00:00,18.335,18.675,18.306,18.45,591118.72
2025-03-25 20:00:00,18.449,18.537,18.325,18.418,331843.3
2025-03-26 00:00:00,18.418,18.539,18.205,18.26,406943.43
2025-03-26 04:00:00,18.263,18.635,18.246,18.606,439951.11
2025-03-26 08:00:00,18.605,18.67,18.495,18.613,338015.84
2025-03-26 12:00:00,18.614,18.652,18.03,18.157,803423.93
2025-03-26 16:00:00,18.156,18.259,17.774,17.992,638559.4
2025-03-26 20:00:00,17.991,18.124,17.883,18.002,356218.89
2025-03-27 00:00:00,18.002,18.318,17.966,18.264,351674.94
2025-03-27 04:00:00,18.265,18.284,18.14,18.163,262366.11
2025-03-27 08:00:00,18.163,18.253,18.02,18.046,507712.31
2025-03-27 12:00:00,18.045,18.139,17.689,17.919,734882.3
2025-03-27 16:00:00,17.918,17.94,17.698,17.832,411615.47
2025-03-27 20:00:00,17.834,17.958,17.74,17.793,358854.61
2025-03-28 00:00:00,17.794,17.94,17.659,17.724,370953.0
2025-03-28 04:00:00,17.725,17.763,17.161,17.178,1013634.91
2025-03-28 08:00:00,17.178,17.322,17.0,17.192,752602.46
2025-03-28 12:00:00,17.192,17.282,16.931,16.955,701511.94
2025-03-28 16:00:00,16.955,17.069,16.878,16.933,556601.8
2025-03-28 20:00:00,16.932,17.157,16.84,17.129,341440.57
2025-03-29 00:00:00,17.128,17.244,16.849,17.129,439499.97
2025-03-29 04:00:00,17.129,17.16,16.8,16.853,433634.91
2025-03-29 08:00:00,16.855,16.982,16.559,16.669,700175.66
2025-03-29 12:00:00,16.67,16.875,16.623,16.636,350824.52
2025-03-29 16:00:00,16.637,16.709,16.327,16.61,647582.12
2025-03-29 20:00:00,16.61,16.61,16.362,16.594,287533.19
2025-03-30 00:00:00,16.596,16.852,16.474,16.736,392768.74
2025-03-30 04:00:00,16.734,16.834,16.701,16.767,214106.55
2025-03-30 08:00:00,16.767,16.843,16.646,16.692,399928.07
2025-03-30 12:00:00,16.693,16.786,16.532,16.613,426964.4
2025-03-30 16:00:00,16.614,16.726,16.411,16.613,796901.08
2025-03-30 20:00:00,16.613,16.63,16.201,16.493,510186.99
2025-03-31 00:00:00,16.494,16.615,16.221,16.407,512942.36
2025-03-31 04:00:00,16.408,16.662,16.204,16.321,563075.98
2025-03-31 08:00:00,16.319,16.718,16.207,16.656,718853.54
2025-03-31 12:00:00,16.656,16.9,16.432,16.841,731852.65
2025-03-31 16:00:00,16.842,16.957,16.662,16.818,438261.78
2025-03-31 20:00:00,16.818,16.925,16.664,16.76,331202.62
2025-04-01 00:00:00,16.761,16.87,16.661,16.676,380617.28
2025-04-01 04:00:00,16.676,16.968,16.676,16.879,391973.91
2025-04-01 08:00:00,16.878,17.138,16.842,16.895,592497.95
2025-04-01 12:00:00,16.895,17.274,16.692,17.181,781411.26
2025-04-01 16:00:00,17.181,17.233,16.905,16.934,410907.25
2025-04-01 20:00:00,16.933,16.994,16.791,16.897,287896.52
2025-04-02 00:00:00,16.896,16.896,16.493,16.713,776194.77
2025-04-02 04:00:00,16.712,17.147,16.414,16.431,1181738.89
2025-04-02 08:00:00,16.431,16.647,16.267,16.463,717075.11
2025-04-02 12:00:00,16.461,16.893,16.15,16.775,1293082.99
2025-04-02 16:00:00,16.773,16.985,16.672,16.939,671522.44
2025-04-02 20:00:00,16.939,17.319,15.789,16.073,2059684.65
2025-04-03 00:00:00,16.074,16.709,16.006,16.666,750178.83
2025-04-03 04:00:00,16.667,16.905,16.291,16.402,687254.53
2025-04-03 08:00:00,16.403,16.478,15.758,15.922,935162.06
2025-04-03 12:00:00,15.922,15.949,15.548,15.765,1056238.94
2025-04-03 16:00:00,15.765,16.035,15.675,15.988,824654.4
2025-04-03 20:00:00,15.989,16.276,15.937,16.225,357618.54
2025-04-04 00:00:00,16.226,16.274,15.991,16.147,392869.08
2025-04-04 04:00:00,16.148,16.417,16.088,16.38,444815.93
2025-04-04 08:00:00,16.381,16.479,15.738,15.911,857718.31
2025-04-04 12:00:00,15.909,16.332,15.841,16.103,801865.39
2025-04-04 16:00:00,16.104,16.337,16.021,16.176,635530.21
2025-04-04 20:00:00,16.175,16.333,16.14,16.238,217078.26
2025-04-05 00:00:00,16.237,16.307,16.132,16.137,277157.94
2025-04-05 04:00:00,16.136,16.213,16.107,16.205,187524.18
2025-04-05 08:00:00,16.207,16.382,16.194,16.266,322722.96
2025-04-05 12:00:00,16.265,16.27,15.874,15.919,537127.31
2025-04-05 16:00:00,15.919,15.939,15.74,15.757,347980.99
2025-04-05 20:00:00,15.758,15.892,15.665,15.872,314156.14
2025-04-06 00:00:00,15.871,15.932,15.738,15.793,224412.34
2025-04-06 04:00:00,15.793,16.008,15.742,15.792,414368.32
2025-04-06 08:00:00,15.792,15.846,15.63,15.718,364347.63
2025-04-06 12:00:00,15.718,15.758,15.265,15.543,930641.95
2025-04-06 16:00:00,15.543,15.564,14.214,14.399,2877299.83
2025-04-06 20:00:00,14.397,14.448,13.82,14.151,2052619.03
2025-04-07 00:00:00,14.151,14.392,13.5,13.681,1619405.24
2025-04-07 04:00:00,13.681,13.883,12.685,13.501,3192790.61
2025-04-07 08:00:00,13.5,14.137,13.482,14.033,1641406.6
2025-04-07 12:00:00,14.033,14.872,13.977,14.476,3022747.77
2025-04-07 16:00:00,14.475,14.738,14.292,14.502,879694.07
2025-04-07 20:00:00,14.504,14.745,14.475,14.493,473754.11
2025-04-08 00:00:00,14.49,14.951,14.401,14.631,766766.0
2025-04-08 04:00:00,14.631,14.73,14.281,14.345,613385.65
2025-04-08 08:00:00,14.344,14.7,14.262,14.684,494374.0
2025-04-08 12:00:00,14.685,14.728,14.24,14.368,1253129.95
2025-04-08 16:00:00,14.367,14.372,13.981,14.054,1249032.23
2025-04-08 20:00:00,14.055,14.203,13.991,14.067,537631.18
2025-04-09 00:00:00,14.067,14.166,13.555,13.75,1545479.15
2025-04-09 04:00:00,13.75,14.156,13.732,14.107,744879.03
2025-04-09 08:00:00,14.108,14.212,13.837,13.929,708544.56
2025-04-09 12:00:00,13.927,14.294,13.825,14.216,824735.1
2025-04-09 16:00:00,14.217,15.374,14.199,15.211,2022008.18
2025-04-09 20:00:00,15.212,15.553,15.212,15.299,591543.36
2025-04-10 00:00:00,15.299,15.306,14.875,14.972,621651.95
2025-04-10 04:00:00,14.971,15.092,14.841,14.945,436792.15
2025-04-10 08:00:00,14.945,14.96,14.638,14.694,577596.31
2025-04-10 12:00:00,14.693,14.974,14.214,14.274,1086150.26
2025-04-10 16:00:00,14.273,14.665,14.191,14.597,773429.71
2025-04-10 20:00:00,14.595,14.839,14.587,14.784,356929.75
2025-04-11 00:00:00,14.785,15.049,14.742,15.038,406204.88
2025-04-11 04:00:00,15.037,15.056,14.933,14.972,263331.8
2025-04-11 08:00:00,14.972,15.12,14.903,14.972,475256.38
2025-04-11 12:00:00,14.972,15.082,14.871,15.063,520459.91
2025-04-11 16:00:00,15.063,15.24,15.005,15.182,422110.43
2025-04-11 20:00:00,15.183,15.24,15.082,15.154,387018.24
2025-04-12 00:00:00,15.153,15.196,15.08,15.118,272782.27
2025-04-12 04:00:00,15.118,15.265,15.054,15.215,266270.44
2025-04-12 08:00:00,15.215,15.308,15.121,15.178,321088.14
2025-04-12 12:00:00,15.177,15.793,15.15,15.676,948479.99
2025-04-12 16:00:00,15.677,15.764,15.465,15.576,446692.44
2025-04-12 20:00:00,15.576,15.672,15.463,15.526,409737.91
2025-04-13 00:00:00,15.526,15.587,15.302,15.325,381692.85
2025-04-13 04:00:00,15.325,15.331,15.093,15.202,521599.94
2025-04-13 08:00:00,15.203,15.427,15.151,15.254,481265.95
2025-04-13 12:00:00,15.255,15.319,15.008,15.225,508610.7
2025-04-13 16:00:00,15.225,15.724,15.048,15.295,976561.33
2025-04-13 20:00:00,15.294,15.432,15.07,15.209,511587.84
2025-04-14 00:00:00,15.209,15.792,15.209,15.551,737051.93
2025-04-14 04:00:00,15.551,15.66,15.185,15.352,605248.54
2025-04-14 08:00:00,15.352,15.819,15.273,15.624,781292.98
2025-04-14 12:00:00,15.624,15.747,15.336,15.404,690241.47
2025-04-14 16:00:00,15.402,15.575,15.32,15.381,566157.88
2025-04-14 20:00:00,15.381,15.384,15.163,15.226,385186.01
2025-04-15 00:00:00,15.224,15.378,15.122,15.32,374788.44
2025-04-15 04:00:00,15.319,15.338,15.07,15.308,524728.59
2025-04-15 08:00:00,15.307,15.372,15.165,15.262,347920.31
2025-04-15 12:00:00,15.263,15.38,14.731,15.064,871493.83
2025-04-15 16:00:00,15.063,15.11,14.861,14.953,405744.54
2025-04-15 20:00:00,14.952,15.038,14.8,14.849,317094.69
2025-04-16 00:00:00,14.849,15.021,14.786,14.903,343640.2
2025-04-16 04:00:00,14.903,14.942,14.715,14.771,329277.63
2025-04-16 08:00:00,14.77,15.01,14.735,14.82,484882.92
2025-04-16 12:00:00,14.819,15.025,14.621,14.856,597621.2
2025-04-16 16:00:00,14.857,15.083,14.535,15.018,919458.18
2025-04-16 20:00:00,15.016,15.089,14.805,14.839,300453.88
2025-04-17 00:00:00,14.84,14.935,14.708,14.785,275788.37
2025-04-17 04:00:00,14.784,15.101,14.747,15.02,407220.38
2025-04-17 08:00:00,15.02,15.051,14.878,14.946,297727.67
2025-04-17 12:00:00,14.947,15.035,14.705,14.977,473394.43
2025-04-17 16:00:00,14.977,15.199,14.92,15.004,495319.23
2025-04-17 20:00:00,15.004,15.114,14.97,15.071,194164.08
2025-04-18 00:00:00,15.071,15.148,14.981,15.125,247555.36
2025-04-18 04:00:00,15.125,15.285,15.109,15.226,371701.7
2025-04-18 08:00:00,15.227,15.478,15.227,15.376,511010.68
2025-04-18 12:00:00,15.376,15.53,15.333,15.476,436684.26
2025-04-18 16:00:00,15.475,15.576,15.422,15.446,373997.47
2025-04-18 20:00:00,15.445,15.518,15.36,15.43,264622.79
2025-04-19 00:00:00,15.431,16.058,15.431,15.817,774614.26
2025-04-19 04:00:00,15.817,15.905,15.735,15.813,379354.2
2025-04-19 08:00:00,15.813,15.875,15.676,15.721,330958.54
2025-04-19 12:00:00,15.72,15.851,15.675,15.805,233488.65
2025-04-19 16:00:00,15.804,16.048,15.803,16.024,483873.74
2025-04-19 20:00:00,16.023,16.044,15.936,15.949,206645.77
2025-04-20 00:00:00,15.949,15.962,15.784,15.82,320964.85
2025-04-20 04:00:00,15.82,15.9,15.73,15.876,264979.88
2025-04-20 08:00:00,15.876,16.022,15.766,15.795,568241.9
2025-04-20 12:00:00,15.795,16.094,15.793,15.872,459204.44
2025-04-20 16:00:00,15.871,16.04,15.846,15.936,365886.82
2025-04-20 20:00:00,15.936,16.11,15.857,16.051,372126.62
2025-04-21 00:00:00,16.052,16.311,16.01,16.239,699257.23
2025-04-21 04:00:00,16.24,16.333,16.138,16.243,527130.13
2025-04-21 08:00:00,16.243,16.273,16.049,16.116,478792.82
2025-04-21 12:00:00,16.115,16.179,15.984,16.036,501905.82
2025-04-21 16:00:00,16.038,16.069,15.647,15.723,663238.55
2025-04-21 20:00:00,15.724,15.781,15.504,15.601,489213.63
2025-04-22 00:00:00,15.602,15.712,15.372,15.532,589554.13
2025-04-22 04:00:00,15.531,15.683,15.316,15.658,599065.78
2025-04-22 08:00:00,15.656,15.726,15.506,15.689,449522.71
2025-04-22 12:00:00,15.69,16.399,15.603,16.214,1227707.15
2025-04-22 16:00:00,16.211,16.304,16.105,16.248,558922.06
2025-04-22 20:00:00,16.247,16.774,16.24,16.657,790583.32
2025-04-23 00:00:00,16.658,16.979,16.579,16.923,920162.0
2025-04-23 04:00:00,16.922,17.054,16.801,16.905,722556.81
2025-04-23 08:00:00,16.906,17.024,16.785,16.927,512791.64
2025-04-23 12:00:00,16.926,17.038,16.529,16.757,1085074.1
2025-04-23 16:00:00,16.753,16.984,16.623,16.713,644760.97
2025-04-23 20:00:00,16.712,16.845,16.696,16.769,279837.56
2025-04-24 00:00:00,16.768,16.829,16.385,16.391,569096.05
2025-04-24 04:00:00,16.391,16.568,16.34,16.374,399605.56
2025-04-24 08:00:00,16.375,16.439,16.137,16.268,679764.05
2025-04-24 12:00:00,16.267,16.76,16.232,16.551,697157.49
2025-04-24 16:00:00,16.55,16.745,16.462,16.66,517710.71
2025-04-24 20:00:00,16.66,16.771,16.542,16.748,287058.32
2025-04-25 00:00:00,16.749,17.006,16.55,16.801,706161.57
2025-04-25 04:00:00,16.8,17.202,16.743,17.069,993705.13
2025-04-25 08:00:00,17.07,17.219,17.008,17.176,518223.12
2025-04-25 12:00:00,17.176,17.308,16.929,17.211,1184058.77
2025-04-25 16:00:00,17.211,17.336,17.052,17.134,482840.34
2025-04-25 20:00:00,17.133,17.406,17.087,17.232,445391.97
2025-04-26 00:00:00,17.231,17.529,17.174,17.207,599829.48
2025-04-26 04:00:00,17.207,17.399,17.14,17.262,352693.14
2025-04-26 08:00:00,17.261,17.397,16.872,16.945,780717.76
2025-04-26 12:00:00,16.946,17.154,16.824,17.104,433013.88
2025-04-26 16:00:00,17.104,17.169,16.992,17.083,198938.23
2025-04-26 20:00:00,17.083,17.123,16.951,17.023,207351.07
2025-04-27 00:00:00,17.024,17.659,16.986,17.105,1914833.19
2025-04-27 04:00:00,17.105,17.18,16.75,16.944,671022.0
2025-04-27 08:00:00,16.944,17.064,16.893,16.922,480606.35
2025-04-27 12:00:00,16.922,16.975,16.617,16.673,881722.73
2025-04-27 16:00:00,16.673,16.835,16.552,16.803,406219.48
2025-04-27 20:00:00,16.804,16.813,16.534,16.549,329511.82
2025-04-28 00:00:00,16.548,16.608,16.23,16.523,707583.17
2025-04-28 04:00:00,16.523,16.899,16.523,16.855,470073.24
2025-04-28 08:00:00,16.856,16.981,16.692,16.894,592894.92
2025-04-28 12:00:00,16.894,16.918,16.472,16.523,784875.13
2025-04-28 16:00:00,16.524,17.09,16.496,17.07,645173.15
2025-04-28 20:00:00,17.069,17.081,16.884,16.987,336037.19
2025-04-29 00:00:00,16.988,17.117,16.926,17.017,437997.87
2025-04-29 04:00:00,17.018,17.189,16.896,17.101,388242.01
2025-04-29 08:00:00,17.101,17.555,17.101,17.215,1455929.31
2025-04-29 12:00:00,17.215,17.219,16.95,17.077,576093.57
2025-04-29 16:00:00,17.077,17.185,16.926,16.998,523835.77
2025-04-29 20:00:00,16.999,17.025,16.614,16.714,679897.34
2025-04-30 00:00:00,16.713,16.828,16.622,16.787,364630.6
2025-04-30 04:00:00,16.788,16.83,16.589,16.621,306957.45
2025-04-30 08:00:00,16.621,16.875,16.597,16.83,258146.37
2025-04-30 12:00:00,16.831,16.832,16.146,16.527,1068890.17
2025-04-30 16:00:00,16.527,16.627,16.351,16.516,464045.93
2025-04-30 20:00:00,16.518,16.74,16.482,16.508,332355.46
2025-05-01 00:00:00,16.507,16.76,16.506,16.623,293035.24
2025-05-01 04:00:00,16.624,16.699,16.449,16.577,450397.64
2025-05-01 08:00:00,16.577,16.989,16.575,16.896,663724.24
2025-05-01 12:00:00,16.898,17.089,16.767,16.921,591522.88
2025-05-01 16:00:00,16.921,17.014,16.84,16.895,366568.81
2025-05-01 20:00:00,16.893,17.016,16.831,16.876,236863.51
2025-05-02 00:00:00,16.876,17.21,16.86,17.157,595143.76
2025-05-02 04:00:00,17.157,17.205,16.92,16.991,401885.9
2025-05-02 08:00:00,16.991,17.187,16.971,17.076,400085.6
2025-05-02 12:00:00,17.076,17.254,17.004,17.142,619903.75
2025-05-02 16:00:00,17.143,17.336,16.963,17.016,373640.05
2025-05-02 20:00:00,17.016,17.227,16.986,17.224,231557.47
2025-05-03 00:00:00,17.225,17.247,16.991,17.012,304158.31
2025-05-03 04:00:00,17.012,17.047,16.77,16.785,310330.74
2025-05-03 08:00:00,16.785,16.995,16.627,16.718,660782.47
2025-05-03 12:00:00,16.717,16.865,16.702,16.738,387243.66
2025-05-03 16:00:00,16.737,16.827,16.39,16.823,683606.71
2025-05-03 20:00:00,16.824,16.859,16.579,16.592,307872.0
2025-05-04 00:00:00,16.591,16.772,16.425,16.507,852845.28
2025-05-04 04:00:00,16.507,16.641,16.412,16.467,413613.08
2025-05-04 08:00:00,16.468,16.468,16.215,16.29,540230.18
2025-05-04 12:00:00,16.29,16.35,16.121,16.231,457596.03
2025-05-04 16:00:00,16.231,16.233,15.915,16.006,566915.09
2025-05-04 20:00:00,16.008,16.129,15.879,15.993,387184.5
2025-05-05 00:00:00,15.993,16.2,15.83,16.056,591018.91
2025-05-05 04:00:00,16.056,16.243,16.054,16.145,329017.9
2025-05-05 08:00:00,16.145,16.165,15.867,15.947,398584.58
2025-05-05 12:00:00,15.947,16.019,15.75,15.816,616112.34
2025-05-05 16:00:00,15.817,16.148,15.774,15.995,519599.04
2025-05-05 20:00:00,15.994,16.12,15.837,15.997,328582.6
2025-05-06 00:00:00,15.997,16.056,15.783,16.024,461985.95
2025-05-06 04:00:00,16.026,16.106,15.885,15.928,584604.44
2025-05-06 08:00:00,15.929,15.941,15.561,15.661,677609.24
2025-05-06 12:00:00,15.661,15.898,15.573,15.768,760482.98
2025-05-06 16:00:00,15.769,15.974,15.625,15.854,578027.61
2025-05-06 20:00:00,15.854,16.289,15.573,16.227,699144.47
2025-05-07 00:00:00,16.226,16.364,16.125,16.223,842321.57
2025-05-07 04:00:00,16.222,16.336,16.169,16.334,483877.36
2025-05-07 08:00:00,16.334,16.462,16.179,16.19,471734.72
2025-05-07 12:00:00,16.191,16.225,15.961,15.993,525253.22
2025-05-07 16:00:00,15.994,16.053,15.793,15.921,804285.07
2025-05-07 20:00:00,15.922,16.29,15.872,16.183,456536.25
2025-05-08 00:00:00,16.182,16.967,16.172,16.955,1262769.75
2025-05-08 04:00:00,16.956,17.322,16.956,17.178,874031.05
2025-05-08 08:00:00,17.178,17.435,17.177,17.28,644660.8
2025-05-08 12:00:00,17.28,17.839,17.201,17.683,1334519.57
2025-05-08 16:00:00,17.684,18.127,17.584,18.05,986786.62
2025-05-08 20:00:00,18.051,18.694,17.943,18.627,1220079.06
2025-05-09 00:00:00,18.628,18.767,18.392,18.453,763953.48
2025-05-09 04:00:00,18.454,19.29,18.375,19.231,1231312.36
2025-05-09 08:00:00,19.23,19.812,18.855,19.155,2198235.98
2025-05-09 12:00:00,19.156,19.387,18.759,19.067,982015.22
2025-05-09 16:00:00,19.069,19.291,18.912,19.081,604390.23
2025-05-09 20:00:00,19.081,19.258,19.041,19.218,318522.57
2025-05-10 00:00:00,19.218,19.465,18.92,19.297,768566.02
2025-05-10 04:00:00,19.298,19.656,19.096,19.564,788803.83
2025-05-10 08:00:00,19.567,19.73,19.25,19.314,963527.95
2025-05-10 12:00:00,19.314,19.749,19.311,19.615,769654.19
2025-05-10 16:00:00,19.617,20.03,19.574,19.896,938413.1
2025-05-10 20:00:00,19.895,20.796,19.757,20.696,1231941.19
2025-05-11 00:00:00,20.694,20.81,20.069,20.292,1052562.38
2025-05-11 04:00:00,20.291,20.371,19.489,19.712,1000142.35
2025-05-11 08:00:00,19.712,20.024,19.593,19.978,581893.18
2025-05-11 12:00:00,19.977,20.016,19.489,19.692,734116.98
2025-05-11 16:00:00,19.692,20.006,19.495,19.874,511348.46
2025-05-11 20:00:00,19.874,20.05,19.74,19.963,336139.82
2025-05-12 00:00:00,19.965,20.243,19.753,20.182,715801.39
2025-05-12 04:00:00,20.181,20.854,19.871,20.371,1208834.46
2025-05-12 08:00:00,20.374,20.538,20.1,20.155,839897.1
2025-05-12 12:00:00,20.153,20.67,19.627,19.796,1918319.64
2025-05-12 16:00:00,19.795,19.994,19.162,19.698,1433647.26
2025-05-12 20:00:00,19.701,19.876,19.52,19.78,495150.09
2025-05-13 00:00:00,19.782,19.805,18.933,18.99,909460.03
2025-05-13 04:00:00,18.99,19.511,18.945,19.354,506501.58
2025-05-13 08:00:00,19.354,19.702,19.278,19.622,484888.22
2025-05-13 12:00:00,19.622,19.975,19.499,19.955,927631.54
2025-05-13 16:00:00,19.953,20.97,19.905,20.715,1317603.75
2025-05-13 20:00:00,20.714,21.0,20.562,20.671,1053916.56
2025-05-14 00:00:00,20.67,20.98,20.383,20.6,1006181.0
2025-05-14 04:00:00,20.6,20.739,20.292,20.353,631081.37
2025-05-14 08:00:00,20.353,20.398,19.92,20.189,1085826.8
2025-05-14 12:00:00,20.19,20.243,19.739,19.916,892996.64
2025-05-14 16:00:00,19.916,19.94,19.654,19.852,475733.55
2025-05-14 20:00:00,19.852,19.936,19.695,19.865,420089.12
2025-05-15 00:00:00,19.865,20.075,19.569,19.63,646704.37
2025-05-15 04:00:00,19.629,19.763,18.941,19.022,1010738.4
2025-05-15 08:00:00,19.022,19.319,18.86,19.065,824316.4
2025-05-15 12:00:00,19.062,19.199,18.486,19.111,1385460.45
2025-05-15 16:00:00,19.11,19.502,18.684,18.887,860004.85
2025-05-15 20:00:00,18.888,19.023,18.533,18.943,653886.42
2025-05-16 00:00:00,18.942,19.297,18.853,19.258,702689.87
2025-05-16 04:00:00,19.259,19.341,19.063,19.208,587868.22
2025-05-16 08:00:00,19.21,19.41,18.911,19.254,649373.12
2025-05-16 12:00:00,19.255,19.318,18.795,19.056,1122511.16
2025-05-16 16:00:00,19.056,19.127,18.809,18.99,506015.94
2025-05-16 20:00:00,18.987,19.046,18.523,18.686,571053.54
2025-05-17 00:00:00,18.686,18.746,18.118,18.405,981131.53
2025-05-17 04:00:00,18.406,18.492,18.183,18.273,434342.49
2025-05-17 08:00:00,18.273,18.397,18.099,18.274,513524.47
2025-05-17 12:00:00,18.274,18.475,18.024,18.286,741787.06
2025-05-17 16:00:00,18.285,18.351,18.0,18.036,710948.87
2025-05-17 20:00:00,18.033,18.293,17.876,18.114,483565.37
2025-05-18 00:00:00,18.114,18.217,18.012,18.099,372088.3
2025-05-18 04:00:00,18.1,18.446,18.1,18.428,415921.3
2025-05-18 08:00:00,18.428,18.585,18.338,18.347,524619.56
2025-05-18 12:00:00,18.347,19.107,18.276,19.044,913091.86
2025-05-18 16:00:00,19.045,19.106,18.0,18.027,1271099.53
2025-05-18 20:00:00,18.027,18.777,17.542,18.71,1302267.23
2025-05-19 00:00:00,18.71,18.776,17.76,17.765,1049147.08
2025-05-19 04:00:00,17.768,17.85,17.348,17.759,1158029.41
2025-05-19 08:00:00,17.76,17.826,17.572,17.783,607882.3
2025-05-19 12:00:00,17.783,18.179,17.59,18.143,757046.16
2025-05-19 16:00:00,18.144,18.57,18.027,18.434,746887.06
2025-05-19 20:00:00,18.433,18.544,18.325,18.517,605041.84
2025-05-20 00:00:00,18.518,18.822,18.351,18.627,939281.96
2025-05-20 04:00:00,18.627,18.748,18.33,18.395,557387.29
2025-05-20 08:00:00,18.395,18.454,18.023,18.174,675940.53
2025-05-20 12:00:00,18.174,18.178,17.967,18.082,663828.36
2025-05-20 16:00:00,18.082,18.353,17.852,18.284,550729.6
2025-05-20 20:00:00,18.284,18.513,18.231,18.405,497527.05
2025-05-21 00:00:00,18.405,18.631,18.186,18.549,543347.71
2025-05-21 04:00:00,18.55,18.78,18.412,18.485,918501.75
2025-05-21 08:00:00,18.485,18.648,18.334,18.543,530749.14
2025-05-21 12:00:00,18.543,18.97,18.409,18.934,1323919.28
2025-05-21 16:00:00,18.935,19.294,18.385,18.893,2303259.1
2025-05-21 20:00:00,18.891,19.168,18.685,18.984,702918.46
2025-05-22 00:00:00,18.985,19.583,18.967,19.487,998850.68
2025-05-22 04:00:00,19.487,19.58,19.285,19.458,609485.5
2025-05-22 08:00:00,19.457,19.896,19.431,19.558,838796.83
2025-05-22 12:00:00,19.56,19.788,19.348,19.678,811907.62
2025-05-22 16:00:00,19.679,19.794,19.602,19.666,505521.17
2025-05-22 20:00:00,19.667,19.788,19.509,19.69,485389.89
2025-05-23 00:00:00,19.691,20.16,19.561,20.019,838481.61
2025-05-23 04:00:00,20.019,20.08,19.401,19.433,1002279.22
2025-05-23 08:00:00,19.433,19.739,18.8,18.91,1620380.52
2025-05-23 12:00:00,18.91,19.268,18.477,19.046,2401360.21
2025-05-23 16:00:00,19.046,19.206,18.886,19.036,618464.57
2025-05-23 20:00:00,19.037,19.043,18.379,18.478,717175.98
2025-05-24 00:00:00,18.478,18.677,18.368,18.646,588706.46
2025-05-24 04:00:00,18.646,18.723,18.527,18.604,486924.73
2025-05-24 08:00:00,18.604,18.816,18.519,18.651,709114.47
2025-05-24 12:00:00,18.651,18.672,18.529,18.61,387797.51
2025-05-24 16:00:00,18.61,18.689,18.509,18.568,332756.86
2025-05-24 20:00:00,18.568,18.581,18.243,18.388,406498.44
2025-05-25 00:00:00,18.388,18.453,18.048,18.293,625033.19
2025-05-25 04:00:00,18.293,18.34,18.09,18.128,330315.78
2025-05-25 08:00:00,18.128,18.13,17.871,18.092,599395.89
2025-05-25 12:00:00,18.091,18.174,17.821,18.015,443212.66
2025-05-25 16:00:00,18.015,18.133,17.843,18.07,327317.25
2025-05-25 20:00:00,18.07,18.353,17.914,18.332,486996.58
2025-05-26 00:00:00,18.332,18.523,18.234,18.47,465906.2
2025-05-26 04:00:00,18.47,18.719,18.446,18.654,467950.03
2025-05-26 08:00:00,18.654,18.69,18.506,18.571,347763.75
2025-05-26 12:00:00,18.572,18.65,18.264,18.436,640061.44
2025-05-26 16:00:00,18.436,18.501,18.074,18.162,504283.19
2025-05-26 20:00:00,18.162,18.344,18.105,18.228,367646.82
2025-05-27 00:00:00,18.228,18.323,17.906,18.207,606548.59
2025-05-27 04:00:00,18.207,18.559,18.162,18.497,554661.22
2025-05-27 08:00:00,18.498,18.817,18.498,18.736,696780.13
2025-05-27 12:00:00,18.736,18.99,18.532,18.743,844703.87
2025-05-27 16:00:00,18.745,18.967,18.691,18.781,427871.62
2025-05-27 20:00:00,18.782,18.857,18.565,18.608,374730.59
2025-05-28 00:00:00,18.608,18.729,18.444,18.608,461325.48
2025-05-28 04:00:00,18.606,18.722,18.51,18.534,437861.69
2025-05-28 08:00:00,18.535,18.779,18.376,18.771,512253.8
2025-05-28 12:00:00,18.771,18.851,18.135,18.153,1067914.3
2025-05-28 16:00:00,18.154,18.368,17.969,18.005,573201.8
2025-05-28 20:00:00,18.006,18.472,17.987,18.461,401454.39
2025-05-29 00:00:00,18.46,19.179,18.39,18.989,1190319.58
2025-05-29 04:00:00,18.989,19.056,18.616,18.767,695238.82
2025-05-29 08:00:00,18.768,18.842,18.663,18.73,471682.19
2025-05-29 12:00:00,18.727,18.727,18.181,18.358,913184.24
2025-05-29 16:00:00,18.358,18.472,18.121,18.172,549136.24
2025-05-29 20:00:00,18.171,18.325,18.026,18.108,403088.53
2025-05-30 00:00:00,18.107,18.219,17.246,17.761,1429065.99
2025-05-30 04:00:00,17.761,17.804,17.485,17.515,646593.7
2025-05-30 08:00:00,17.515,17.668,17.348,17.621,706584.34
2025-05-30 12:00:00,17.622,17.655,17.335,17.418,776986.24
2025-05-30 16:00:00,17.42,17.502,16.9,17.452,1033144.55
2025-05-30 20:00:00,17.452,17.526,16.836,16.929,867851.76
2025-05-31 00:00:00,16.927,16.988,16.381,16.591,1822035.22
2025-05-31 04:00:00,16.592,16.785,16.409,16.686,683331.58
2025-05-31 08:00:00,16.686,16.892,16.628,16.753,498281.63
2025-05-31 12:00:00,16.753,17.093,16.739,16.925,833794.16
2025-05-31 16:00:00,16.925,17.098,16.872,17.017,318714.81
2025-05-31 20:00:00,17.018,17.108,16.913,16.924,283679.59
2025-06-01 00:00:00,16.924,16.958,16.696,16.832,452251.15
2025-06-01 04:00:00,16.831,17.0,16.796,16.846,292800.35
2025-06-01 08:00:00,16.846,16.85,16.572,16.777,419259.89
2025-06-01 12:00:00,16.777,16.982,16.658,16.942,388919.4
2025-06-01 16:00:00,16.942,17.097,16.754,16.994,494460.38
2025-06-01 20:00:00,16.993,17.168,16.96,17.086,264595.03
2025-06-02 00:00:00,17.085,17.12,16.823,16.868,323000.16
2025-06-02 04:00:00,16.869,17.061,16.828,16.999,273613.49
2025-06-02 08:00:00,16.999,17.09,16.75,16.808,657181.45
2025-06-02 12:00:00,16.807,17.181,16.771,17.138,715896.4
2025-06-02 16:00:00,17.138,17.212,16.945,17.017,529269.64
2025-06-02 20:00:00,17.016,17.58,17.016,17.551,670340.59
2025-06-03 00:00:00,17.552,17.735,17.453,17.476,800754.13
2025-06-03 04:00:00,17.477,17.626,17.383,17.524,324434.54
2025-06-03 08:00:00,17.525,17.609,17.392,17.479,370669.29
2025-06-03 12:00:00,17.48,17.746,17.452,17.64,628908.3
2025-06-03 16:00:00,17.64,17.806,17.588,17.751,387532.46
2025-06-03 20:00:00,17.75,17.764,17.379,17.559,452901.9
2025-06-04 00:00:00,17.56,17.786,17.494,17.73,399059.85
2025-06-04 04:00:00,17.731,17.811,17.627,17.668,284735.11
2025-06-04 08:00:00,17.669,17.91,17.534,17.542,1029636.08
2025-06-04 12:00:00,17.543,17.697,17.24,17.673,805246.19
2025-06-04 16:00:00,17.673,17.677,17.319,17.322,426840.94
2025-06-04 20:00:00,17.321,17.36,17.126,17.246,484588.1
2025-06-05 00:00:00,17.244,17.358,17.149,17.313,280352.68
2025-06-05 04:00:00,17.314,17.366,17.142,17.229,349993.6
2025-06-05 08:00:00,17.23,17.314,17.043,17.187,365038.5
2025-06-05 12:00:00,17.186,17.467,16.9,17.153,942546.09
2025-06-05 16:00:00,17.153,17.16,16.406,16.68,1087225.03
2025-06-05 20:00:00,16.679,16.735,16.127,16.271,1738498.03
2025-06-06 00:00:00,16.271,16.566,16.209,16.564,666215.56
2025-06-06 04:00:00,16.565,16.631,16.462,16.539,387394.65
2025-06-06 08:00:00,16.539,16.652,16.349,16.544,919234.26
2025-06-06 12:00:00,16.544,17.005,16.533,16.877,777338.85
2025-06-06 16:00:00,16.876,16.983,16.711,16.741,487873.93
2025-06-06 20:00:00,16.741,16.851,16.653,16.693,282123.44
2025-06-07 00:00:00,16.694,17.12,16.65,17.046,580865.69
2025-06-07 04:00:00,17.045,17.183,17.012,17.176,352779.16
2025-06-07 08:00:00,17.177,17.193,17.086,17.143,297014.45
2025-06-07 12:00:00,17.143,17.383,17.135,17.281,696907.82
2025-06-07 16:00:00,17.281,17.316,17.111,17.179,283774.47
2025-06-07 20:00:00,17.179,17.307,17.179,17.212,215898.89
2025-06-08 00:00:00,17.211,17.217,17.096,17.105,287406.06
2025-06-08 04:00:00,17.105,17.144,16.918,16.931,536924.89
2025-06-08 08:00:00,16.931,17.008,16.823,16.991,397610.04
2025-06-08 12:00:00,16.989,17.11,16.915,16.991,311647.12
2025-06-08 16:00:00,16.992,17.154,16.991,17.114,251140.34
2025-06-08 20:00:00,17.115,17.148,16.909,16.93,276458.74
2025-06-09 00:00:00,16.931,16.955,16.686,16.802,484716.43
2025-06-09 04:00:00,16.8,16.825,16.599,16.693,327560.68
2025-06-09 08:00:00,16.693,17.1,16.634,17.056,736231.16
2025-06-09 12:00:00,17.057,17.096,16.836,17.005,627525.05
2025-06-09 16:00:00,17.005,17.34,17.005,17.239,684894.26
2025-06-09 20:00:00,17.239,17.93,17.228,17.855,971492.41
2025-06-10 00:00:00,17.855,18.178,17.842,17.88,919356.47
2025-06-10 04:00:00,17.88,17.909,17.591,17.718,600832.36
2025-06-10 08:00:00,17.719,18.396,17.632,18.379,1056071.91
2025-06-10 12:00:00,18.374,18.42,17.871,18.118,1283521.21
2025-06-10 16:00:00,18.118,18.404,18.042,18.289,638155.48
2025-06-10 20:00:00,18.289,18.608,18.15,18.552,870579.84
2025-06-11 00:00:00,18.552,18.696,18.23,18.378,823750.37
2025-06-11 04:00:00,18.378,18.648,18.28,18.348,1141564.17
2025-06-11 08:00:00,18.349,18.436,18.135,18.361,560383.48
2025-06-11 12:00:00,18.361,18.724,18.226,18.656,1183506.83
2025-06-11 16:00:00,18.656,18.691,18.171,18.188,834838.43
2025-06-11 20:00:00,18.186,18.306,17.926,18.081,785222.21
2025-06-12 00:00:00,18.082,18.13,17.82,17.845,665963.84
2025-06-12 04:00:00,17.845,17.951,17.683,17.724,602614.15
2025-06-12 08:00:00,17.723,17.827,17.458,17.506,1738777.53
2025-06-12 12:00:00,17.507,17.748,17.428,17.497,935740.64
2025-06-12 16:00:00,17.497,17.702,17.222,17.277,838167.72
2025-06-12 20:00:00,17.277,17.31,16.998,17.104,1028562.78
2025-06-13 00:00:00,17.105,17.111,15.95,16.326,3702316.12
2025-06-13 04:00:00,16.326,16.404,16.108,16.324,1154137.57
2025-06-13 08:00:00,16.324,16.487,16.238,16.468,1379649.9
2025-06-13 12:00:00,16.467,16.66,16.195,16.584,1068047.59
2025-06-13 16:00:00,16.584,16.756,16.489,16.665,845867.07
2025-06-13 20:00:00,16.666,16.942,16.623,16.898,484149.56
2025-06-14 00:00:00,16.898,16.9,16.725,16.756,463544.71
2025-06-14 04:00:00,16.755,16.789,16.625,16.732,461616.53
2025-06-14 08:00:00,16.731,16.792,16.599,16.756,929063.05
2025-06-14 12:00:00,16.754,16.828,16.587,16.655,358309.51
2025-06-14 16:00:00,16.654,16.691,16.452,16.573,557106.13
2025-06-14 20:00:00,16.574,16.709,16.474,16.617,388090.34
2025-06-15 00:00:00,16.618,16.705,16.602,16.673,304204.61
2025-06-15 04:00:00,16.672,16.764,16.57,16.595,423665.11
2025-06-15 08:00:00,16.595,16.623,16.483,16.57,341254.38
2025-06-15 12:00:00,16.57,16.8,16.542,16.671,456633.67
2025-06-15 16:00:00,16.672,16.692,16.492,16.532,358619.88
2025-06-15 20:00:00,16.533,16.687,16.339,16.669,591130.1
2025-06-16 00:00:00,16.669,16.858,16.464,16.761,640363.52
2025-06-16 04:00:00,16.761,17.159,16.746,17.123,669756.74
2025-06-16 08:00:00,17.124,17.138,16.946,17.07,444573.44
2025-06-16 12:00:00,17.07,17.3,17.018,17.215,705134.0
2025-06-16 16:00:00,17.215,17.446,17.214,17.428,519858.72
2025-06-16 20:00:00,17.428,17.527,16.875,16.923,1261389.13
2025-06-17 00:00:00,16.924,17.174,16.626,17.118,1148740.83
2025-06-17 04:00:00,17.121,17.129,16.936,16.978,432837.37
2025-06-17 08:00:00,16.978,16.995,16.645,16.701,611086.29
2025-06-17 12:00:00,16.701,16.781,16.401,16.488,1037315.73
2025-06-17 16:00:00,16.487,16.783,16.17,16.692,1222855.56
2025-06-17 20:00:00,16.691,16.752,16.344,16.47,518156.31
2025-06-18 00:00:00,16.47,16.627,16.421,16.559,457133.31
2025-06-18 04:00:00,16.559,16.698,16.491,16.568,350161.22
2025-06-18 08:00:00,16.569,16.619,16.164,16.354,668799.98
2025-06-18 12:00:00,16.353,16.418,16.016,16.268,1200241.7
2025-06-18 16:00:00,16.267,16.422,16.12,16.254,1004667.9
2025-06-18 20:00:00,16.254,16.589,16.205,16.526,562790.06
2025-06-19 00:00:00,16.526,16.643,16.371,16.559,469715.09
2025-06-19 04:00:00,16.559,16.666,16.451,16.469,358157.36
2025-06-19 08:00:00,16.468,16.737,16.465,16.487,681988.76
2025-06-19 12:00:00,16.488,16.556,16.421,16.464,557549.95
2025-06-19 16:00:00,16.465,16.679,16.38,16.656,543149.89
2025-06-19 20:00:00,16.657,16.777,16.608,16.703,502815.31
2025-06-20 00:00:00,16.702,16.762,16.573,16.586,399280.16
2025-06-20 04:00:00,16.584,16.828,16.392,16.817,696493.33
2025-06-20 08:00:00,16.818,16.915,16.726,16.786,712282.49
2025-06-20 12:00:00,16.787,16.83,16.389,16.482,848484.01
2025-06-20 16:00:00,16.483,16.491,15.814,16.137,1516162.75
2025-06-20 20:00:00,16.136,16.307,15.965,16.106,487507.59
2025-06-21 00:00:00,16.107,16.227,16.063,16.2,438353.38
2025-06-21 04:00:00,16.2,16.257,16.119,16.252,409346.35
2025-06-21 08:00:00,16.251,16.272,16.08,16.149,510038.72
2025-06-21 12:00:00,16.148,16.177,15.858,15.953,640639.77
2025-06-21 16:00:00,15.952,16.015,15.569,15.619,1067693.53
2025-06-21 20:00:00,15.619,15.813,15.149,15.565,1360013.14
2025-06-22 00:00:00,15.567,15.762,15.373,15.471,1020430.81
2025-06-22 04:00:00,15.472,15.626,15.095,15.405,1689667.42
2025-06-22 08:00:00,15.406,15.459,15.135,15.382,1116540.91
2025-06-22 12:00:00,15.381,15.478,14.756,14.803,2908039.14
2025-06-22 16:00:00,14.802,15.089,14.762,14.835,1026520.16
2025-06-22 20:00:00,14.836,15.204,14.45,15.182,1502821.37
2025-06-23 00:00:00,15.185,15.323,15.125,15.179,705331.29
2025-06-23 04:00:00,15.181,15.414,15.165,15.318,565302.82
2025-06-23 08:00:00,15.318,15.38,15.273,15.358,472847.66
2025-06-23 12:00:00,15.358,15.688,15.293,15.444,1428875.48
2025-06-23 16:00:00,15.442,15.996,15.085,15.915,1993930.82
2025-06-23 20:00:00,15.915,16.51,15.901,16.378,1447237.66
2025-06-24 00:00:00,16.378,16.5,16.306,16.359,617323.25
2025-06-24 04:00:00,16.359,16.494,16.285,16.293,662244.42
2025-06-24 08:00:00,16.293,16.436,16.19,16.318,591424.24
2025-06-24 12:00:00,16.318,16.387,16.206,16.315,676080.86
2025-06-24 16:00:00,16.316,16.571,16.262,16.352,817403.88
2025-06-24 20:00:00,16.351,16.439,16.314,16.427,337116.43
2025-06-25 00:00:00,16.428,16.553,16.34,16.449,492797.96
2025-06-25 04:00:00,16.448,16.455,16.311,16.362,341626.71
2025-06-25 08:00:00,16.363,16.422,16.169,16.412,650260.69
2025-06-25 12:00:00,16.413,16.493,16.204,16.232,678708.78
2025-06-25 16:00:00,16.232,16.479,16.202,16.368,482473.18
2025-06-25 20:00:00,16.372,16.488,16.128,16.212,431784.37
2025-06-26 00:00:00,16.213,16.604,16.176,16.49,733713.67
2025-06-26 04:00:00,16.49,16.577,16.385,16.512,516677.09
2025-06-26 08:00:00,16.511,16.577,16.281,16.291,452669.58
2025-06-26 12:00:00,16.291,16.316,16.004,16.213,1026024.3
2025-06-26 16:00:00,16.212,16.338,16.079,16.287,428978.96
2025-06-26 20:00:00,16.287,16.479,16.087,16.102,618080.31
2025-06-27 00:00:00,16.102,16.26,15.95,16.219,581259.22
2025-06-27 04:00:00,16.218,16.288,16.074,16.094,331052.65
2025-06-27 08:00:00,16.094,16.319,16.027,16.061,574871.14
2025-06-27 12:00:00,16.06,16.156,15.921,16.135,689486.76
2025-06-27 16:00:00,16.136,16.263,15.865,16.018,583263.23
2025-06-27 20:00:00,16.017,16.189,16.002,16.178,315239.46
2025-06-28 00:00:00,16.177,16.206,16.048,16.124,318657.87
2025-06-28 04:00:00,16.124,16.194,16.072,16.171,211361.01
2025-06-28 08:00:00,16.173,16.181,16.07,16.124,202445.22
2025-06-28 12:00:00,16.125,16.206,16.081,16.191,198953.78
2025-06-28 16:00:00,16.192,16.27,16.123,16.215,337396.65
2025-06-28 20:00:00,16.216,16.322,16.162,16.266,235124.74
2025-06-29 00:00:00,16.266,16.295,16.155,16.202,245915.98
2025-06-29 04:00:00,16.203,16.429,16.199,16.429,301973.57
2025-06-29 08:00:00,16.428,16.582,16.395,16.522,513718.96
2025-06-29 12:00:00,16.522,16.554,16.372,16.397,335433.14
2025-06-29 16:00:00,16.397,16.541,16.385,16.529,309144.13
2025-06-29 20:00:00,16.529,17.159,16.433,16.951,1009422.48
2025-06-30 00:00:00,16.951,17.008,16.723,16.777,579593.4
2025-06-30 04:00:00,16.778,16.807,16.523,16.74,481383.54
2025-06-30 08:00:00,16.742,16.794,16.518,16.568,434029.17
2025-06-30 12:00:00,16.567,16.65,16.392,16.561,924181.28
2025-06-30 16:00:00,16.562,16.772,16.504,16.759,476584.22
2025-06-30 20:00:00,16.759,16.792,16.55,16.577,359494.45
2025-07-01 00:00:00,16.577,16.638,16.469,16.537,339945.24
2025-07-01 04:00:00,16.539,16.54,16.182,16.335,594528.48
2025-07-01 08:00:00,16.335,16.34,16.11,16.154,480702.89
2025-07-01 12:00:00,16.154,16.234,16.03,16.112,606419.38
2025-07-01 16:00:00,16.113,16.142,15.919,15.926,503443.01
2025-07-01 20:00:00,15.925,16.049,15.831,15.929,486163.74
2025-07-02 00:00:00,15.929,16.091,15.816,16.022,525051.5
2025-07-02 04:00:00,16.022,16.262,15.99,16.204,482922.44
2025-07-02 08:00:00,16.204,16.338,16.184,16.251,392758.57
2025-07-02 12:00:00,16.25,16.599,16.194,16.569,669648.96
2025-07-02 16:00:00,16.569,17.126,16.569,17.093,1693298.23
2025-07-02 20:00:00,17.094,17.222,16.944,16.964,737083.58
2025-07-03 00:00:00,16.964,17.068,16.893,16.917,527377.36
2025-07-03 04:00:00,16.917,17.254,16.914,17.207,631627.92
2025-07-03 08:00:00,17.208,17.244,17.05,17.147,645855.06
2025-07-03 12:00:00,17.146,17.366,16.93,16.954,1220741.75
2025-07-03 16:00:00,16.954,17.086,16.944,16.985,430674.41
2025-07-03 20:00:00,16.986,17.073,16.956,16.984,300217.34
2025-07-04 00:00:00,16.984,17.029,16.794,16.829,541552.87
2025-07-04 04:00:00,16.83,16.86,16.513,16.519,619205.49
2025-07-04 08:00:00,16.52,16.669,16.461,16.626,496678.2
2025-07-04 12:00:00,16.626,16.684,16.232,16.251,928169.91
2025-07-04 16:00:00,16.251,16.267,16.065,16.145,794565.7
2025-07-04 20:00:00,16.145,16.325,16.12,16.277,393776.97
2025-07-05 00:00:00,16.277,16.401,16.208,16.337,397303.17
2025-07-05 04:00:00,16.337,16.427,16.247,16.36,331158.09
2025-07-05 08:00:00,16.361,16.395,16.259,16.304,239586.81
2025-07-05 12:00:00,16.304,16.316,16.193,16.216,286424.62
2025-07-05 16:00:00,16.216,16.277,16.086,16.185,390926.99
2025-07-05 20:00:00,16.185,16.38,16.164,16.353,310642.16
2025-07-06 00:00:00,16.354,16.392,16.254,16.291,247175.27
2025-07-06 04:00:00,16.29,16.348,16.262,16.288,208170.82
2025-07-06 08:00:00,16.289,16.394,16.232,16.385,220287.81
2025-07-06 12:00:00,16.385,16.702,16.333,16.612,684420.63
2025-07-06 16:00:00,16.612,16.674,16.502,16.614,313264.85
2025-07-06 20:00:00,16.613,16.869,16.595,16.628,531053.26
2025-07-07 00:00:00,16.629,16.785,16.586,16.695,389484.91
2025-07-07 04:00:00,16.695,16.75,16.548,16.678,355650.26
2025-07-07 08:00:00,16.677,16.716,16.533,16.578,342864.55
2025-07-07 12:00:00,16.578,16.73,16.456,16.547,672549.08
2025-07-07 16:00:00,16.546,16.602,16.374,16.513,676849.52
2025-07-07 20:00:00,16.514,16.668,16.355,16.664,551654.29
2025-07-08 00:00:00,16.665,16.724,16.332,16.409,1655067.14
2025-07-08 04:00:00,16.41,16.558,16.374,16.468,471241.84
2025-07-08 08:00:00,16.469,16.696,16.384,16.622,578528.7
2025-07-08 12:00:00,16.622,16.803,16.529,16.588,720083.78
2025-07-08 16:00:00,16.589,17.348,16.573,16.919,2370049.73
2025-07-08 20:00:00,16.918,16.976,16.853,16.927,399300.94
2025-07-09 00:00:00,16.926,16.975,16.78,16.82,516511.96
2025-07-09 04:00:00,16.82,17.096,16.801,17.013,597464.59
2025-07-09 08:00:00,17.014,17.226,16.992,17.183,550668.3
2025-07-09 12:00:00,17.183,17.329,17.035,17.144,956014.55
2025-07-09 16:00:00,17.144,17.65,17.144,17.604,1076188.98
2025-07-09 20:00:00,17.603,17.782,17.514,17.644,1088983.37
2025-07-10 00:00:00,17.644,17.72,17.508,17.632,659292.85
2025-07-10 04:00:00,17.632,17.78,17.572,17.686,551674.9
2025-07-10 08:00:00,17.685,17.746,17.538,17.641,569749.35
2025-07-10 12:00:00,17.641,17.688,17.459,17.499,759426.47
2025-07-10 16:00:00,17.5,17.95,17.48,17.851,1133670.48
2025-07-10 20:00:00,17.851,18.558,17.847,18.488,1718834.83
2025-07-11 00:00:00,18.489,18.605,18.189,18.54,1076712.14
2025-07-11 04:00:00,18.539,18.809,18.38,18.436,1230893.03
2025-07-11 08:00:00,18.436,18.724,18.433,18.556,754259.89
2025-07-11 12:00:00,18.556,18.921,18.466,18.544,1441880.14
2025-07-11 16:00:00,18.546,18.872,18.418,18.775,822522.84
2025-07-11 20:00:00,18.774,18.774,17.992,18.261,1139314.64
2025-07-12 00:00:00,18.261,18.505,18.032,18.443,682432.36
2025-07-12 04:00:00,18.444,18.495,18.12,18.448,634288.3
2025-07-12 08:00:00,18.448,18.537,18.351,18.438,522732.89
2025-07-12 12:00:00,18.439,18.487,17.738,17.831,1187982.9
2025-07-12 16:00:00,17.83,18.163,17.733,18.14,529708.63
2025-07-12 20:00:00,18.14,18.175,17.892,18.137,349793.99
2025-07-13 00:00:00,18.137,18.239,18.054,18.155,465213.85
2025-07-13 04:00:00,18.154,18.331,18.091,18.297,430652.47
2025-07-13 08:00:00,18.297,18.327,18.148,18.294,436598.96
2025-07-13 12:00:00,18.294,18.648,18.254,18.469,1154625.04
2025-07-13 16:00:00,18.469,18.677,18.332,18.56,651343.32
2025-07-13 20:00:00,18.559,18.622,18.206,18.447,609039.56
2025-07-14 00:00:00,18.447,19.034,18.386,18.966,952549.09
2025-07-14 04:00:00,18.968,19.198,18.763,19.087,1064349.8
2025-07-14 08:00:00,19.088,19.162,18.808,18.955,989715.07
2025-07-14 12:00:00,18.954,19.061,18.632,18.737,1181722.76
2025-07-14 16:00:00,18.737,18.914,18.438,18.492,803933.37
2025-07-14 20:00:00,18.491,18.598,18.284,18.553,674148.26
2025-07-15 00:00:00,18.553,18.641,17.804,17.982,1559761.55
2025-07-15 04:00:00,17.982,18.147,17.839,18.006,668322.0
2025-07-15 08:00:00,18.008,18.103,17.851,18.019,616891.41
2025-07-15 12:00:00,18.019,18.377,17.856,18.244,1712038.12
2025-07-15 16:00:00,18.243,18.848,18.224,18.318,1358383.82
2025-07-15 20:00:00,18.316,19.086,18.25,19.06,901930.28
2025-07-16 00:00:00,19.061,19.74,18.911,19.135,2489941.76
2025-07-16 04:00:00,19.136,19.631,19.045,19.584,1111701.73
2025-07-16 08:00:00,19.584,19.67,19.423,19.499,927507.93
2025-07-16 12:00:00,19.502,19.889,19.419,19.624,1685131.29
2025-07-16 16:00:00,19.623,20.087,19.572,20.055,1360440.77
2025-07-16 20:00:00,20.055,20.348,19.804,19.872,1632768.72
2025-07-17 00:00:00,19.872,20.072,19.308,19.452,1321808.24
2025-07-17 04:00:00,19.451,20.066,19.4,19.988,1443438.93
2025-07-17 08:00:00,19.988,20.239,19.857,19.897,1271647.23
2025-07-17 12:00:00,19.897,20.041,19.562,19.912,1263293.92
2025-07-17 16:00:00,19.908,20.071,19.483,19.812,1235138.42
2025-07-17 20:00:00,19.808,20.454,19.54,20.272,1642759.18
2025-07-18 00:00:00,20.271,21.509,20.117,21.495,2470890.34
2025-07-18 04:00:00,21.493,23.438,21.36,22.893,5697436.13
2025-07-18 08:00:00,22.891,24.858,22.89,24.392,7891586.89
2025-07-18 12:00:00,24.397,24.994,22.897,23.186,5556231.02
2025-07-18 16:00:00,23.186,24.272,23.186,23.498,3739544.87
2025-07-18 20:00:00,23.502,23.55,22.707,23.19,2673034.87
2025-07-19 00:00:00,23.19,24.489,22.441,24.452,4543867.79
2025-07-19 04:00:00,24.451,25.939,24.336,24.697,7568704.96
2025-07-19 08:00:00,24.698,24.854,23.692,23.761,2993619.69
2025-07-19 12:00:00,23.761,24.024,22.972,23.269,3287186.66
2025-07-19 16:00:00,23.271,23.734,23.167,23.711,1417495.42
2025-07-19 20:00:00,23.711,24.476,23.3,24.343,2050800.64
2025-07-20 00:00:00,24.342,25.12,23.942,24.806,4837752.91
2025-07-20 04:00:00,24.807,25.05,24.58,24.826,2130530.16
2025-07-20 08:00:00,24.827,25.287,24.594,25.286,2636116.47
2025-07-20 12:00:00,25.285,25.3,24.77,25.212,2211527.63
2025-07-20 16:00:00,25.213,25.609,24.753,24.802,2992705.79
2025-07-20 20:00:00,24.802,24.974,24.187,24.699,1829256.42
2025-07-21 00:00:00,24.699,24.713,24.105,24.623,1817598.64
2025-07-21 04:00:00,24.624,24.833,24.344,24.788,1635583.41
2025-07-21 08:00:00,24.787,24.851,24.307,24.518,1464229.14
2025-07-21 12:00:00,24.517,24.969,24.151,24.471,2953697.96
2025-07-21 16:00:00,24.471,24.563,23.653,23.727,2081501.56
2025-07-21 20:00:00,23.726,24.144,23.617,24.021,720105.08
2025-07-22 00:00:00,24.021,24.078,23.257,23.478,2099630.91
2025-07-22 04:00:00,23.478,23.766,22.936,23.562,1761995.92
2025-07-22 08:00:00,23.562,23.601,23.129,23.454,1675079.6
2025-07-22 12:00:00,23.455,24.893,23.19,24.135,4001461.34
2025-07-22 16:00:00,24.135,24.314,23.551,23.642,1548094.51
2025-07-22 20:00:00,23.641,24.325,23.602,24.258,925878.79
2025-07-23 00:00:00,24.258,24.516,24.057,24.115,1809464.88
2025-07-23 04:00:00,24.115,24.234,23.705,23.796,939572.84
2025-07-23 08:00:00,23.795,23.877,23.169,23.45,1320884.38
2025-07-23 12:00:00,23.452,23.459,21.918,22.756,3295654.76
2025-07-23 16:00:00,22.755,22.832,22.055,22.433,1625768.9
2025-07-23 20:00:00,22.433,22.609,21.874,22.545,1496888.38
2025-07-24 00:00:00,22.545,23.361,22.362,22.719,2021843.11
2025-07-24 04:00:00,22.719,22.812,21.253,22.135,2893619.18
2025-07-24 08:00:00,22.134,23.009,22.043,22.889,1666742.73
2025-07-24 12:00:00,22.889,23.199,22.19,22.681,2011288.16
2025-07-24 16:00:00,22.682,22.946,22.254,22.707,1068937.54
2025-07-24 20:00:00,22.706,22.909,22.191,22.27,900279.72
2025-07-25 00:00:00,22.272,22.333,21.505,21.717,1460921.05
2025-07-25 04:00:00,21.716,22.079,21.502,21.876,1281780.53
2025-07-25 08:00:00,21.875,22.716,21.851,22.646,1608642.81
2025-07-25 12:00:00,22.647,22.785,21.571,21.827,1914398.93
2025-07-25 16:00:00,21.83,22.276,21.777,22.081,763693.16
2025-07-25 20:00:00,22.081,22.735,22.077,22.702,662049.73
2025-07-26 00:00:00,22.702,23.272,22.495,23.158,1198457.98
2025-07-26 04:00:00,23.156,23.358,22.919,22.945,1128156.76
2025-07-26 08:00:00,22.944,23.158,22.831,22.836,939364.43
2025-07-26 12:00:00,22.837,22.945,22.684,22.812,748696.92
2025-07-26 16:00:00,22.811,22.965,22.67,22.916,602710.23
2025-07-26 20:00:00,22.916,23.093,22.787,22.813,504782.99
2025-07-27 00:00:00,22.812,23.187,22.75,23.132,528864.39
2025-07-27 04:00:00,23.132,23.25,22.825,22.859,686780.71
2025-07-27 08:00:00,22.861,23.036,22.465,22.807,1312176.85
2025-07-27 12:00:00,22.805,23.121,22.717,22.934,843703.87
2025-07-27 16:00:00,22.931,23.225,22.858,23.039,908984.59
2025-07-27 20:00:00,23.038,23.433,22.95,23.296,656165.69
2025-07-28 00:00:00,23.296,23.521,22.954,23.358,1050827.77
2025-07-28 04:00:00,23.354,23.777,23.208,23.379,1534590.4
2025-07-28 08:00:00,23.378,23.455,22.849,23.006,1193539.13
2025-07-28 12:00:00,23.007,23.026,22.032,22.178,2447378.93
2025-07-28 16:00:00,22.178,22.247,21.772,21.97,1233842.35
2025-07-28 20:00:00,21.972,22.052,21.731,21.9,841149.66
2025-07-29 00:00:00,21.902,22.054,21.579,21.928,933901.89
2025-07-29 04:00:00,21.927,22.421,21.801,22.355,860852.57
2025-07-29 08:00:00,22.354,22.392,21.988,22.173,723731.91
2025-07-29 12:00:00,22.172,22.41,21.66,21.855,1334025.77
2025-07-29 16:00:00,21.853,22.078,21.519,21.653,841982.37
2025-07-29 20:00:00,21.653,21.94,21.439,21.748,713917.07
2025-07-30 00:00:00,21.749,21.938,21.402,21.767,684243.65
2025-07-30 04:00:00,21.768,21.841,21.421,21.491,664558.6
2025-07-30 08:00:00,21.491,21.657,20.957,21.084,1321548.65
2025-07-30 12:00:00,21.085,21.587,20.916,21.353,1357257.25
2025-07-30 16:00:00,21.354,21.551,20.355,21.224,1750562.91
2025-07-30 20:00:00,21.222,21.472,21.032,21.383,651492.77
2025-07-31 00:00:00,21.382,21.777,21.304,21.752,559302.35
2025-07-31 04:00:00,21.752,21.843,21.642,21.759,415041.95
2025-07-31 08:00:00,21.759,21.854,21.608,21.672,402766.52
2025-07-31 12:00:00,21.671,21.689,21.088,21.352,1160497.33
2025-07-31 16:00:00,21.351,21.665,21.071,21.142,874986.08
2025-07-31 20:00:00,21.14,21.209,20.52,20.545,1047615.47
2025-08-01 00:00:00,20.546,20.631,19.95,20.535,1830227.55
2025-08-01 04:00:00,20.534,20.535,20.011,20.172,999318.61
2025-08-01 08:00:00,20.171,20.228,19.763,20.127,1282440.41
2025-08-01 12:00:00,20.127,20.358,19.651,20.133,1796486.48
2025-08-01 16:00:00,20.133,20.301,19.711,20.138,1181477.74
2025-08-01 20:00:00,20.138,20.19,19.28,19.77,1470328.09
2025-08-02 00:00:00,19.77,20.047,19.715,19.965,562196.79
2025-08-02 04:00:00,19.966,20.067,19.483,19.898,693469.54
2025-08-02 08:00:00,19.899,19.961,19.563,19.772,630157.18
2025-08-02 12:00:00,19.77,19.872,19.471,19.546,697127.66
2025-08-02 16:00:00,19.546,19.67,18.996,19.222,1445723.13
2025-08-02 20:00:00,19.223,19.502,19.029,19.176,600994.25
2025-08-03 00:00:00,19.176,19.517,18.904,19.453,762734.9
2025-08-03 04:00:00,19.454,19.835,19.288,19.354,1640334.7
2025-08-03 08:00:00,19.354,19.925,19.345,19.86,2453692.15
2025-08-03 12:00:00,19.857,20.077,19.509,19.737,1508221.55
2025-08-03 16:00:00,19.738,19.878,19.675,19.772,325968.49
2025-08-03 20:00:00,19.773,19.995,19.713,19.849,440315.2
2025-08-04 00:00:00,19.85,20.224,19.841,20.003,842678.54
2025-08-04 04:00:00,20.003,20.159,19.914,20.081,554538.07
2025-08-04 08:00:00,20.082,20.174,19.997,20.087,446785.68
2025-08-04 12:00:00,20.086,20.654,20.064,20.528,1102941.69
2025-08-04 16:00:00,20.527,20.931,20.524,20.638,759774.76
2025-08-04 20:00:00,20.637,21.044,20.621,20.965,528625.19
2025-08-05 00:00:00,20.966,21.086,20.594,20.597,725793.43
2025-08-05 04:00:00,20.597,20.694,20.24,20.286,670679.91
2025-08-05 08:00:00,20.285,20.867,20.253,20.763,714779.62
2025-08-05 12:00:00,20.764,20.788,19.915,20.006,1335081.04
2025-08-05 16:00:00,20.006,20.191,19.918,19.975,606140.28
2025-08-05 20:00:00,19.974,20.225,19.735,20.168,602783.49
2025-08-06 00:00:00,20.168,20.173,19.714,19.79,624498.95
2025-08-06 04:00:00,19.79,20.274,19.722,20.193,645772.9
2025-08-06 08:00:00,20.193,20.229,19.866,19.904,523668.31
2025-08-06 12:00:00,19.904,20.332,19.725,20.293,1031014.36
2025-08-06 16:00:00,20.294,20.432,20.094,20.338,577420.36
2025-08-06 20:00:00,20.338,20.363,20.225,20.277,361598.87
2025-08-07 00:00:00,20.277,20.426,20.092,20.107,438722.32
2025-08-07 04:00:00,20.106,20.413,20.093,20.292,412058.97
2025-08-07 08:00:00,20.293,21.032,20.25,21.002,1141359.15
2025-08-07 12:00:00,21.003,21.192,20.82,20.943,1042653.08
2025-08-07 16:00:00,20.943,21.095,20.536,21.092,718423.93
2025-08-07 20:00:00,21.093,21.553,21.05,21.531,799330.37
2025-08-08 00:00:00,21.529,21.904,21.156,21.615,2737384.32
2025-08-08 04:00:00,21.615,21.837,21.313,21.692,1016672.14
2025-08-08 08:00:00,21.693,21.837,21.59,21.68,868897.01
2025-08-08 12:00:00,21.678,22.566,21.484,21.824,3280947.61
2025-08-08 16:00:00,21.823,22.7,21.791,22.638,1584032.33
2025-08-08 20:00:00,22.638,22.679,22.367,22.378,638863.74
2025-08-09 00:00:00,22.377,22.954,22.353,22.736,1326403.81
2025-08-09 04:00:00,22.736,23.639,22.633,23.235,2037881.75
2025-08-09 08:00:00,23.234,23.663,23.215,23.436,1254189.8
2025-08-09 12:00:00,23.439,23.576,22.929,23.132,1197741.86
2025-08-09 16:00:00,23.133,23.54,23.092,23.459,659639.39
2025-08-09 20:00:00,23.458,23.894,23.44,23.603,1233314.74
2025-08-10 00:00:00,23.604,24.376,23.291,23.58,2581217.06
2025-08-10 04:00:00,23.581,23.796,22.762,22.794,1542305.45
2025-08-10 08:00:00,22.793,23.168,22.556,22.813,1210375.15
2025-08-10 12:00:00,22.811,23.369,22.683,23.192,1238455.0
2025-08-10 16:00:00,23.192,23.36,23.084,23.281,529507.75
2025-08-10 20:00:00,23.28,23.291,22.911,23.162,776305.92
2025-08-11 00:00:00,23.162,23.673,23.03,23.522,1300391.42
2025-08-11 04:00:00,23.522,23.698,22.92,22.953,949910.98
2025-08-11 08:00:00,22.951,23.216,22.324,22.417,1469548.28
2025-08-11 12:00:00,22.417,22.874,22.186,22.873,1764419.81
2025-08-11 16:00:00,22.873,23.268,22.469,22.607,1490883.67
2025-08-11 20:00:00,22.607,22.637,22.053,22.193,897833.8
2025-08-12 00:00:00,22.193,22.677,22.159,22.391,839714.91
2025-08-12 04:00:00,22.391,22.564,22.091,22.473,697405.82
2025-08-12 08:00:00,22.473,22.535,21.885,22.178,939543.84
2025-08-12 12:00:00,22.178,23.511,22.057,23.456,2974035.77
2025-08-12 16:00:00,23.456,23.686,23.312,23.589,1504085.81
2025-08-12 20:00:00,23.593,23.946,23.532,23.678,1326402.64
2025-08-13 00:00:00,23.678,23.999,23.325,23.88,1173718.6
2025-08-13 04:00:00,23.88,24.071,23.53,23.93,1503914.43
2025-08-13 08:00:00,23.928,24.287,23.813,24.053,1362780.74
2025-08-13 12:00:00,24.052,24.304,23.554,23.923,2092575.13
2025-08-13 16:00:00,23.926,24.252,23.858,24.077,1012057.57
2025-08-13 20:00:00,24.076,24.474,23.873,24.265,980863.8
2025-08-14 00:00:00,24.264,24.459,23.915,24.325,1265880.67
2025-08-14 04:00:00,24.325,24.378,23.508,23.636,1519259.56
2025-08-14 08:00:00,23.637,23.642,23.208,23.372,1834608.68
2025-08-14 12:00:00,23.372,23.463,21.795,22.506,4807533.78
2025-08-14 16:00:00,22.506,22.512,21.932,22.228,1203610.73
2025-08-14 20:00:00,22.227,22.286,21.779,22.173,910679.82
2025-08-15 00:00:00,22.175,22.644,22.065,22.594,943436.25
2025-08-15 04:00:00,22.593,22.68,22.359,22.452,655569.45
2025-08-15 08:00:00,22.453,22.564,22.226,22.325,591034.77
2025-08-15 12:00:00,22.325,22.559,21.562,21.734,1937622.82
2025-08-15 16:00:00,21.734,22.021,21.536,21.844,896847.92
2025-08-15 20:00:00,21.844,22.39,21.751,22.212,730827.12
2025-08-16 00:00:00,22.211,22.444,22.19,22.252,584046.86
2025-08-16 04:00:00,22.252,22.358,22.101,22.271,408112.06
2025-08-16 08:00:00,22.272,22.364,22.031,22.046,681272.38
2025-08-16 12:00:00,22.047,22.342,21.961,22.27,837801.56
2025-08-16 16:00:00,22.27,22.355,22.121,22.258,390775.39
2025-08-16 20:00:00,22.258,22.443,22.228,22.366,335031.54
2025-08-17 00:00:00,22.366,22.474,22.205,22.437,449724.09
2025-08-17 04:00:00,22.438,22.662,22.391,22.488,702827.08
2025-08-17 08:00:00,22.488,22.718,22.439,22.694,741105.81
2025-08-17 12:00:00,22.694,22.844,22.505,22.842,686508.49
2025-08-17 16:00:00,22.844,22.969,22.184,22.312,1200524.36
2025-08-17 20:00:00,22.312,22.507,22.202,22.228,411662.18
2025-08-18 00:00:00,22.229,22.3,21.276,21.475,1759503.49
2025-08-18 04:00:00,21.475,21.651,21.119,21.272,958485.83
2025-08-18 08:00:00,21.272,21.509,21.191,21.359,844760.57
2025-08-18 12:00:00,21.358,21.644,21.295,21.541,1048988.59
2025-08-18 16:00:00,21.542,21.713,21.321,21.595,759177.36
2025-08-18 20:00:00,21.595,21.818,21.464,21.517,554736.5
2025-08-19 00:00:00,21.516,21.733,21.036,21.103,897160.48
2025-08-19 04:00:00,21.102,21.426,20.933,21.221,1476460.41
2025-08-19 08:00:00,21.222,21.492,21.079,21.464,658880.71
2025-08-19 12:00:00,21.464,21.536,20.915,21.021,1483970.19
2025-08-19 16:00:00,21.018,21.047,20.562,20.749,1369260.12
2025-08-19 20:00:00,20.751,20.922,20.464,20.514,806998.6
2025-08-20 00:00:00,20.513,20.836,20.401,20.701,812170.88
2025-08-20 04:00:00,20.702,20.902,20.702,20.746,526472.29
2025-08-20 08:00:00,20.747,21.009,20.644,20.869,611992.73
2025-08-20 12:00:00,20.87,21.274,20.46,21.116,1568024.15
2025-08-20 16:00:00,21.116,21.607,21.109,21.59,892063.38
2025-08-20 20:00:00,21.591,21.662,21.478,21.55,550866.51
2025-08-21 00:00:00,21.55,21.706,21.391,21.447,595525.05
2025-08-21 04:00:00,21.447,21.58,21.294,21.472,426424.5
2025-08-21 08:00:00,21.472,21.508,21.132,21.214,729438.76
2025-08-21 12:00:00,21.214,21.413,20.919,20.969,1158973.7
2025-08-21 16:00:00,20.97,21.227,20.858,21.011,482028.3
2025-08-21 20:00:00,21.01,21.235,20.905,21.007,375602.64
2025-08-22 00:00:00,21.006,21.304,20.834,20.88,644765.78
2025-08-22 04:00:00,20.88,21.271,20.875,21.223,701107.43
2025-08-22 08:00:00,21.224,21.397,20.868,20.873,952790.95
2025-08-22 12:00:00,20.873,23.182,20.515,23.13,5897760.69
2025-08-22 16:00:00,23.131,25.508,23.131,24.793,7822765.42
2025-08-22 20:00:00,24.792,25.074,24.347,24.499,1820624.4
2025-08-23 00:00:00,24.498,24.867,23.84,24.041,2628609.73
2025-08-23 04:00:00,24.042,24.38,23.932,23.995,1291115.19
2025-08-23 08:00:00,23.995,24.06,23.784,23.836,829465.89
2025-08-23 12:00:00,23.836,24.2,23.75,24.11,1372074.38
2025-08-23 16:00:00,24.112,24.15,23.911,24.133,610661.76
2025-08-23 20:00:00,24.133,24.281,23.917,24.21,489627.79
2025-08-24 00:00:00,24.211,24.323,23.514,23.676,1427576.54
2025-08-24 04:00:00,23.676,23.744,23.375,23.418,971143.79
2025-08-24 08:00:00,23.418,23.585,23.024,23.135,1356448.29
2025-08-24 12:00:00,23.135,23.561,23.1,23.34,991435.38
2025-08-24 16:00:00,23.341,24.416,23.234,23.661,3872417.37
2025-08-24 20:00:00,23.662,23.676,22.91,23.225,2556326.87
2025-08-25 00:00:00,23.226,23.331,22.578,22.992,1936183.51
2025-08-25 04:00:00,22.992,23.02,21.959,22.072,1550065.75
2025-08-25 08:00:00,22.071,22.204,21.78,22.008,1270422.98
2025-08-25 12:00:00,22.007,22.048,21.73,21.77,1363820.51
2025-08-25 16:00:00,21.771,21.936,21.317,21.383,1301476.17
2025-08-25 20:00:00,21.384,21.446,20.88,21.067,2000567.18
2025-08-26 00:00:00,21.067,21.55,20.942,21.173,1372693.46
2025-08-26 04:00:00,21.175,21.39,21.04,21.177,1051441.53
2025-08-26 08:00:00,21.177,21.234,21.006,21.111,731991.11
2025-08-26 12:00:00,21.111,21.595,21.025,21.373,1543176.22
2025-08-26 16:00:00,21.372,21.77,21.283,21.722,807520.91
2025-08-26 20:00:00,21.722,21.818,21.576,21.661,681080.46
2025-08-27 00:00:00,21.661,21.906,21.434,21.81,808009.57
2025-08-27 04:00:00,21.81,21.999,21.489,21.568,871110.02
2025-08-27 08:00:00,21.568,21.702,21.458,21.654,575038.89
2025-08-27 12:00:00,21.654,21.962,21.544,21.937,1105945.14
2025-08-27 16:00:00,21.937,21.995,21.655,21.768,832932.9
2025-08-27 20:00:00,21.769,21.98,21.349,21.5,1935179.36
2025-08-28 00:00:00,21.5,21.704,21.311,21.649,638454.55
2025-08-28 04:00:00,21.65,21.883,21.589,21.803,572143.62
2025-08-28 08:00:00,21.803,21.966,21.665,21.76,495132.15
2025-08-28 12:00:00,21.76,21.93,21.527,21.583,1179024.67
2025-08-28 16:00:00,21.583,21.777,21.354,21.396,618864.38
2025-08-28 20:00:00,21.396,21.825,21.361,21.676,506747.04
2025-08-29 00:00:00,21.677,21.758,21.281,21.535,796979.65
2025-08-29 04:00:00,21.536,21.596,20.891,20.947,1019873.83
2025-08-29 08:00:00,20.946,21.02,20.594,20.921,907219.86
2025-08-29 12:00:00,20.922,21.395,20.564,20.713,1868760.68
2025-08-29 16:00:00,20.712,20.82,20.52,20.747,809040.6
2025-08-29 20:00:00,20.748,20.972,20.625,20.912,452622.31
2025-08-30 00:00:00,20.912,21.117,20.546,20.985,714517.93
2025-08-30 04:00:00,20.984,21.097,20.921,21.058,432907.2
2025-08-30 08:00:00,21.059,21.07,20.957,21.027,309377.05
2025-08-30 12:00:00,21.027,21.036,20.721,20.927,517461.18
2025-08-30 16:00:00,20.927,20.927,20.742,20.852,347590.93
2025-08-30 20:00:00,20.853,20.948,20.773,20.931,275933.88
2025-08-31 00:00:00,20.932,21.223,20.928,21.204,678177.75
2025-08-31 04:00:00,21.204,21.212,21.004,21.06,337026.29
2025-08-31 08:00:00,21.061,21.198,20.912,21.066,463962.25
2025-08-31 12:00:00,21.066,21.144,20.9,21.086,512436.16
2025-08-31 16:00:00,21.087,21.094,20.929,20.965,352358.58
2025-08-31 20:00:00,20.966,21.041,20.662,20.681,492908.59
2025-09-01 00:00:00,20.681,20.765,20.357,20.51,1014981.31
2025-09-01 04:00:00,20.51,21.03,20.279,21.029,827547.07
2025-09-01 08:00:00,21.028,21.337,20.766,20.812,1217371.36
2025-09-01 12:00:00,20.813,20.916,20.509,20.537,905035.83
2025-09-01 16:00:00,20.54,20.593,20.34,20.581,639848.78
2025-09-01 20:00:00,20.581,20.602,20.043,20.491,1293068.1
2025-09-02 00:00:00,20.49,20.874,20.395,20.813,696653.81
2025-09-02 04:00:00,20.814,20.923,20.678,20.705,488101.93
2025-09-02 08:00:00,20.705,20.8,20.61,20.629,391265.65
2025-09-02 12:00:00,20.629,20.92,20.258,20.485,1361477.05
2025-09-02 16:00:00,20.486,20.731,20.462,20.561,549129.56
2025-09-02 20:00:00,20.561,20.842,20.518,20.796,446342.29
2025-09-03 00:00:00,20.797,20.916,20.652,20.759,567347.53
2025-09-03 04:00:00,20.758,20.794,20.589,20.674,466686.36
2025-09-03 08:00:00,20.673,20.855,20.604,20.793,506516.53
2025-09-03 12:00:00,20.793,21.163,20.744,21.03,1150833.65
2025-09-03 16:00:00,21.03,21.058,20.872,20.978,457890.81
2025-09-03 20:00:00,20.978,20.994,20.804,20.831,328607.68
2025-09-04 00:00:00,20.83,20.918,20.503,20.519,659439.23
2025-09-04 04:00:00,20.519,20.577,20.275,20.344,796565.06
2025-09-04 08:00:00,20.344,20.565,20.325,20.427,490969.58
2025-09-04 12:00:00,20.426,20.489,20.117,20.119,835826.92
2025-09-04 16:00:00,20.119,20.227,19.985,20.059,617752.1
2025-09-04 20:00:00,20.059,20.37,20.043,20.175,547098.23
2025-09-05 00:00:00,20.174,20.36,20.168,20.273,461371.27
2025-09-05 04:00:00,20.274,20.875,20.23,20.858,976424.08
2025-09-05 08:00:00,20.856,20.92,20.52,20.648,1238326.66
2025-09-05 12:00:00,20.647,20.946,20.253,20.344,1987365.42
2025-09-05 16:00:00,20.344,20.43,20.22,20.422,474958.98
2025-09-05 20:00:00,20.423,20.511,20.298,20.348,506502.06
2025-09-06 00:00:00,20.348,20.435,20.296,20.395,329903.58
2025-09-06 04:00:00,20.395,20.397,20.259,20.383,342199.39
2025-09-06 08:00:00,20.382,20.395,20.179,20.216,345170.56
2025-09-06 12:00:00,20.216,20.256,20.109,20.118,458986.95
2025-09-06 16:00:00,20.118,20.246,20.03,20.067,436565.03
2025-09-06 20:00:00,20.067,20.238,20.052,20.198,328417.2
2025-09-07 00:00:00,20.199,20.397,20.18,20.358,457731.41
2025-09-07 04:00:00,20.358,20.458,20.335,20.388,352573.46
2025-09-07 08:00:00,20.387,20.455,20.297,20.409,339051.26
2025-09-07 12:00:00,20.409,20.518,20.365,20.422,601112.48
2025-09-07 16:00:00,20.422,20.433,20.223,20.315,416445.4
2025-09-07 20:00:00,20.315,20.553,20.27,20.471,377579.77
2025-09-08 00:00:00,20.471,20.709,20.351,20.628,672951.81
2025-09-08 04:00:00,20.628,20.64,20.456,20.505,549225.47
2025-09-08 08:00:00,20.506,20.838,20.497,20.688,833079.9
2025-09-08 12:00:00,20.688,21.081,20.675,20.926,1255082.21
2025-09-08 16:00:00,20.925,20.994,20.672,20.717,639811.74
2025-09-08 20:00:00,20.718,20.879,20.642,20.745,406008.66
2025-09-09 00:00:00,20.744,20.873,20.471,20.666,678344.31
2025-09-09 04:00:00,20.667,21.05,20.587,20.962,1179975.67
2025-09-09 08:00:00,20.961,21.069,20.909,20.919,604351.67
2025-09-09 12:00:00,20.918,21.157,20.386,20.48,1798657.12
2025-09-09 16:00:00,20.48,20.538,20.342,20.396,608201.1
2025-09-09 20:00:00,20.396,20.51,20.314,20.466,478910.85
2025-09-10 00:00:00,20.466,20.645,20.359,20.584,574749.48
2025-09-10 04:00:00,20.584,20.737,20.478,20.667,437909.28
2025-09-10 08:00:00,20.667,20.724,20.573,20.614,407769.17
2025-09-10 12:00:00,20.614,21.134,20.608,21.003,1694838.29
2025-09-10 16:00:00,21.003,21.139,20.657,20.718,625734.08
2025-09-10 20:00:00,20.72,20.965,20.707,20.942,383487.15
2025-09-11 00:00:00,20.943,21.227,20.871,21.212,612895.33
2025-09-11 04:00:00,21.212,21.52,21.18,21.5,1161001.19
2025-09-11 08:00:00,21.501,21.554,21.196,21.237,714193.48
2025-09-11 12:00:00,21.237,21.531,21.027,21.098,1342967.8
2025-09-11 16:00:00,21.098,21.278,21.085,21.224,488420.01
2025-09-11 20:00:00,21.225,21.471,21.185,21.423,482454.16
2025-09-12 00:00:00,21.423,21.686,21.363,21.44,753254.6
2025-09-12 04:00:00,21.439,21.719,21.351,21.488,694575.59
2025-09-12 08:00:00,21.488,21.523,21.312,21.327,587367.27
2025-09-12 12:00:00,21.327,21.51,21.236,21.383,781201.4
2025-09-12 16:00:00,21.382,21.753,21.365,21.739,935644.96
2025-09-12 20:00:00,21.739,22.031,21.659,21.972,972623.38
2025-09-13 00:00:00,21.973,22.194,21.868,22.122,828003.46
2025-09-13 04:00:00,22.122,22.156,21.955,22.008,506920.09
2025-09-13 08:00:00,22.008,22.325,22.006,22.307,840624.51
2025-09-13 12:00:00,22.307,22.511,21.897,22.09,1700299.23
2025-09-13 16:00:00,22.089,22.199,21.762,21.896,953978.67
2025-09-13 20:00:00,21.895,22.083,21.875,22.063,409819.71
2025-09-14 00:00:00,22.063,22.102,21.594,21.625,938801.24
2025-09-14 04:00:00,21.626,21.77,21.472,21.583,765455.66
2025-09-14 08:00:00,21.583,21.728,21.35,21.385,626394.96
2025-09-14 12:00:00,21.385,21.475,20.89,20.967,1540559.42
2025-09-14 16:00:00,20.968,21.181,20.92,21.101,634135.39
2025-09-14 20:00:00,21.101,21.368,21.061,21.114,439955.76
2025-09-15 00:00:00,21.113,21.304,20.927,21.226,747329.47
2025-09-15 04:00:00,21.226,21.418,20.784,20.85,1415062.48
2025-09-15 08:00:00,20.849,20.855,20.362,20.528,1852895.59
2025-09-15 12:00:00,20.528,20.574,20.146,20.29,1402178.72
2025-09-15 16:00:00,20.29,20.376,20.147,20.279,970272.49
2025-09-15 20:00:00,20.279,20.399,20.251,20.342,485018.72
2025-09-16 00:00:00,20.341,20.46,20.228,20.256,614794.42
2025-09-16 04:00:00,20.256,20.515,20.095,20.48,807455.64
2025-09-16 08:00:00,20.48,20.59,20.334,20.386,699458.64
2025-09-16 12:00:00,20.386,20.465,20.074,20.409,1207108.14
2025-09-16 16:00:00,20.409,20.554,20.293,20.496,705494.74
2025-09-16 20:00:00,20.496,20.589,20.471,20.508,373742.89
2025-09-17 00:00:00,20.508,20.614,20.392,20.403,579262.2
2025-09-17 04:00:00,20.403,20.546,20.241,20.487,626119.77
2025-09-17 08:00:00,20.487,20.491,20.261,20.316,457859.86
2025-09-17 12:00:00,20.316,20.423,20.2,20.211,475099.57
2025-09-17 16:00:00,20.211,20.528,20.085,20.499,1912055.54
2025-09-17 20:00:00,20.499,21.029,20.3,20.891,1662623.83
2025-09-18 00:00:00,20.891,21.07,20.81,21.027,1016258.26
2025-09-18 04:00:00,21.028,21.047,20.691,20.833,734872.14
2025-09-18 08:00:00,20.833,20.975,20.771,20.826,556468.36
2025-09-18 12:00:00,20.827,21.032,20.76,20.963,798775.3
2025-09-18 16:00:00,20.962,21.191,20.947,21.121,848847.2
2025-09-18 20:00:00,21.122,21.186,20.892,20.984,614687.44
2025-09-19 00:00:00,20.984,21.196,20.718,20.757,967656.72
2025-09-19 04:00:00,20.755,20.803,20.57,20.68,756604.1
2025-09-19 08:00:00,20.68,20.747,20.342,20.426,898227.73
2025-09-19 12:00:00,20.426,20.551,20.18,20.294,1078704.37
2025-09-19 16:00:00,20.294,20.4,20.124,20.172,636210.12
2025-09-19 20:00:00,20.171,20.269,20.02,20.183,573268.71
2025-09-20 00:00:00,20.183,20.258,20.081,20.216,519150.45
2025-09-20 04:00:00,20.216,20.369,20.189,20.368,379074.6
2025-09-20 08:00:00,20.369,20.369,20.151,20.234,545077.38
2025-09-20 12:00:00,20.234,20.453,20.15,20.36,580600.8
2025-09-20 16:00:00,20.36,20.393,20.175,20.202,449552.68
2025-09-20 20:00:00,20.202,20.316,20.138,20.174,305267.37
2025-09-21 00:00:00,20.173,20.276,20.13,20.228,454694.49
2025-09-21 04:00:00,20.227,20.298,20.15,20.181,367947.35
2025-09-21 08:00:00,20.181,20.208,19.805,19.862,1121391.64
2025-09-21 12:00:00,19.863,20.008,19.857,19.931,483777.42
2025-09-21 16:00:00,19.93,20.043,19.768,19.98,681389.77
2025-09-21 20:00:00,19.979,20.042,19.862,19.869,349659.71
2025-09-22 00:00:00,19.869,19.944,19.083,19.324,3084845.57
2025-09-22 04:00:00,19.324,19.367,17.623,18.493,4361859.54
2025-09-22 08:00:00,18.493,18.683,18.408,18.483,1172036.25
2025-09-22 12:00:00,18.483,18.771,18.43,18.512,1039752.39
2025-09-22 16:00:00,18.512,18.591,18.305,18.384,815926.06
2025-09-22 20:00:00,18.386,18.703,18.361,18.698,541864.43
2025-09-23 00:00:00,18.698,18.773,18.403,18.727,834564.67
2025-09-23 04:00:00,18.727,18.948,18.531,18.844,840861.34
2025-09-23 08:00:00,18.844,18.936,18.764,18.908,462024.59
2025-09-23 12:00:00,18.907,19.095,18.862,18.996,758030.5
2025-09-23 16:00:00,18.997,19.045,18.758,18.847,737900.27
2025-09-23 20:00:00,18.845,18.988,18.751,18.794,445195.55
2025-09-24 00:00:00,18.794,18.98,18.597,18.628,782283.67
2025-09-24 04:00:00,18.627,19.085,18.411,18.967,2987026.6
2025-09-24 08:00:00,18.968,19.037,18.902,18.966,541368.0
2025-09-24 12:00:00,18.966,19.039,18.811,18.83,901913.31
2025-09-24 16:00:00,18.83,18.939,18.743,18.787,539375.95
2025-09-24 20:00:00,18.788,18.814,18.514,18.585,1009725.5
2025-09-25 00:00:00,18.586,18.725,18.384,18.529,1339854.66
2025-09-25 04:00:00,18.529,18.584,18.182,18.277,1018450.39
2025-09-25 08:00:00,18.277,18.443,18.142,18.198,825879.25
2025-09-25 12:00:00,18.197,18.464,17.849,18.306,1563543.55
2025-09-25 16:00:00,18.306,18.322,17.557,18.045,2333790.78
2025-09-25 20:00:00,18.046,18.115,17.745,17.894,840562.92
2025-09-26 00:00:00,17.894,18.195,17.874,18.132,717393.37
2025-09-26 04:00:00,18.132,18.154,17.877,18.0,713071.38
2025-09-26 08:00:00,18.001,18.062,17.711,17.889,745239.0
2025-09-26 12:00:00,17.888,18.212,17.728,18.192,1480556.4
2025-09-26 16:00:00,18.191,18.534,18.182,18.416,877848.58
2025-09-26 20:00:00,18.416,18.443,18.327,18.388,397807.97
2025-09-27 00:00:00,18.388,18.388,18.224,18.242,435456.55
2025-09-27 04:00:00,18.241,18.264,18.158,18.178,379205.72
2025-09-27 08:00:00,18.178,18.223,18.03,18.219,499984.73
2025-09-27 12:00:00,18.22,18.328,18.092,18.22,496778.99
2025-09-27 16:00:00,18.22,18.229,18.082,18.192,352793.49
2025-09-27 20:00:00,18.193,18.337,18.18,18.239,291586.98
2025-09-28 00:00:00,18.239,18.254,18.026,18.078,410618.06
2025-09-28 04:00:00,18.077,18.088,17.93,18.003,397077.01
2025-09-28 08:00:00,18.002,18.04,17.883,17.963,364347.92
2025-09-28 12:00:00,17.963,18.213,17.843,18.143,581531.45
2025-09-28 16:00:00,18.143,18.304,18.135,18.301,408561.81
2025-09-28 20:00:00,18.301,18.569,18.279,18.526,552445.46
2025-09-29 00:00:00,18.526,18.543,18.352,18.46,480072.43
2025-09-29 04:00:00,18.461,18.466,18.319,18.395,347800.9
2025-09-29 08:00:00,18.395,18.466,18.207,18.264,462202.77
2025-09-29 12:00:00,18.263,18.678,18.12,18.447,1113978.33
2025-09-29 16:00:00,18.447,18.558,18.279,18.528,601574.76
2025-09-29 20:00:00,18.528,18.727,18.528,18.611,660544.0
2025-09-30 00:00:00,18.611,18.712,18.422,18.442,776046.57
2025-09-30 04:00:00,18.442,18.526,18.283,18.319,504988.51
2025-09-30 08:00:00,18.318,18.342,18.22,18.332,612933.37
2025-09-30 12:00:00,18.333,18.479,18.06,18.186,1029235.03
2025-09-30 16:00:00,18.186,18.389,18.028,18.378,915272.77
2025-09-30 20:00:00,18.378,18.597,18.324,18.432,762530.5
2025-10-01 00:00:00,18.432,18.488,18.213,18.214,572031.73
2025-10-01 04:00:00,18.215,18.442,18.188,18.257,583358.79
2025-10-01 08:00:00,18.257,19.111,18.246,18.959,1961966.77
2025-10-01 12:00:00,18.959,19.13,18.887,19.082,1066150.32
2025-10-01 16:00:00,19.083,19.485,19.037,19.395,1217801.64
2025-10-01 20:00:00,19.396,19.691,19.226,19.563,1068757.55
2025-10-02 00:00:00,19.563,19.819,19.477,19.66,1195105.79
2025-10-02 04:00:00,19.661,19.964,19.539,19.904,1027512.31
2025-10-02 08:00:00,19.905,20.014,19.765,19.784,923271.75
2025-10-02 12:00:00,19.784,19.829,19.377,19.697,1345721.19
2025-10-02 16:00:00,19.696,20.091,19.662,20.019,1093493.99
2025-10-02 20:00:00,20.019,20.073,19.887,20.069,596688.36
2025-10-03 00:00:00,20.069,20.1,19.727,19.796,889382.94
2025-10-03 04:00:00,19.796,19.972,19.615,19.695,645389.85
2025-10-03 08:00:00,19.695,19.71,19.512,19.578,667235.9
2025-10-03 12:00:00,19.579,19.981,19.442,19.96,1126333.52
2025-10-03 16:00:00,19.961,20.211,19.643,19.993,1703818.54
2025-10-03 20:00:00,19.993,20.024,19.88,19.94,340575.06
2025-10-04 00:00:00,19.941,20.0,19.644,19.721,593135.65
2025-10-04 04:00:00,19.721,19.767,19.601,19.629,445753.62
2025-10-04 08:00:00,19.629,19.641,19.32,19.366,730425.25
2025-10-04 12:00:00,19.365,19.537,19.228,19.284,895588.98
2025-10-04 16:00:00,19.284,19.433,19.266,19.43,392687.63
2025-10-04 20:00:00,19.43,19.517,19.406,19.441,288052.82
2025-10-05 00:00:00,19.44,19.85,19.35,19.727,749952.46
2025-10-05 04:00:00,19.727,20.182,19.69,20.174,1051776.54
2025-10-05 08:00:00,20.173,20.332,19.795,19.875,1081014.66
2025-10-05 12:00:00,19.874,19.877,19.658,19.752,531721.06
2025-10-05 16:00:00,19.753,19.803,19.327,19.351,846651.57
2025-10-05 20:00:00,19.351,19.486,19.282,19.402,483756.46
2025-10-06 00:00:00,19.402,19.682,19.292,19.519,796027.32
2025-10-06 04:00:00,19.519,19.78,19.389,19.583,651611.47
2025-10-06 08:00:00,19.584,19.81,19.584,19.701,498139.27
2025-10-06 12:00:00,19.701,20.172,19.698,20.072,1176494.22
2025-10-06 16:00:00,20.072,20.208,19.95,20.134,777108.21
2025-10-06 20:00:00,20.133,20.212,19.979,19.979,508252.97
2025-10-07 00:00:00,19.979,20.087,19.92,20.044,460848.77
2025-10-07 04:00:00,20.043,20.143,19.676,19.751,777996.02
2025-10-07 08:00:00,19.751,19.866,19.515,19.827,898448.85
2025-10-07 12:00:00,19.826,19.985,18.966,19.084,2480494.72
2025-10-07 16:00:00,19.083,19.291,18.939,19.073,1094000.17
2025-10-07 20:00:00,19.074,19.23,18.979,19.018,503136.56
2025-10-08 00:00:00,19.018,19.236,18.85,18.997,749760.04
2025-10-08 04:00:00,18.997,19.145,18.896,19.129,1015532.88
2025-10-08 08:00:00,19.129,19.246,19.067,19.114,502979.34
2025-10-08 12:00:00,19.114,19.409,19.068,19.112,771935.43
2025-10-08 16:00:00,19.112,19.833,19.071,19.674,1190962.12
2025-10-08 20:00:00,19.675,19.764,19.608,19.636,391995.34
2025-10-09 00:00:00,19.637,19.66,19.052,19.298,984681.56
2025-10-09 04:00:00,19.298,19.376,19.044,19.094,547840.54
2025-10-09 08:00:00,19.093,19.1,18.773,18.956,1083306.46
2025-10-09 12:00:00,18.955,19.17,18.731,18.824,1169191.25
2025-10-09 16:00:00,18.823,19.005,18.635,18.993,820915.03
2025-10-09 20:00:00,18.994,19.365,18.962,19.17,582256.39
2025-10-10 00:00:00,19.17,20.605,19.147,20.324,3270869.14
2025-10-10 04:00:00,20.324,20.481,19.785,19.923,2316262.76
2025-10-10 08:00:00,19.923,20.105,19.775,19.965,1406124.77
2025-10-10 12:00:00,19.965,20.175,18.854,18.984,3503059.22
2025-10-10 16:00:00,18.984,19.091,18.1,18.304,2725659.04
2025-10-10 20:00:00,18.305,18.39,7.637,14.307,21355577.64
2025-10-11 00:00:00,14.307,15.125,13.813,14.806,5859069.59
2025-10-11 04:00:00,14.808,15.037,14.43,14.964,3010082.55
2025-10-11 08:00:00,14.964,15.608,14.936,15.166,2805237.24
2025-10-11 12:00:00,15.165,15.374,14.819,15.316,1989481.6
2025-10-11 16:00:00,15.316,15.436,14.626,14.79,1831322.4
2025-10-11 20:00:00,14.79,15.088,14.357,15.026,2394473.71
2025-10-12 00:00:00,15.027,15.088,14.678,15.004,1682560.11
2025-10-12 04:00:00,15.004,15.38,14.993,15.297,1130399.51
2025-10-12 08:00:00,15.297,15.479,15.178,15.381,1469142.88
2025-10-12 12:00:00,15.381,16.435,15.335,16.33,3364041.69
2025-10-12 16:00:00,16.33,16.957,16.33,16.898,2666185.96
2025-10-12 20:00:00,16.898,17.0,16.492,16.693,1199071.34
2025-10-13 00:00:00,16.692,16.941,16.491,16.744,1304262.09
2025-10-13 04:00:00,16.744,17.063,16.627,16.887,1082946.83
2025-10-13 08:00:00,16.886,17.235,16.556,16.821,1832392.87
2025-10-13 12:00:00,16.82,17.257,16.695,17.011,1804803.9
2025-10-13 16:00:00,17.011,17.671,16.9,17.595,1560467.49
2025-10-13 20:00:00,17.595,17.812,17.444,17.471,914766.97
2025-10-14 00:00:00,17.471,17.595,17.223,17.262,992504.29
2025-10-14 04:00:00,17.261,17.304,16.0,16.328,2574948.65
2025-10-14 08:00:00,16.326,16.525,16.048,16.302,1809616.93
2025-10-14 12:00:00,16.302,16.946,15.929,16.94,2522246.0
2025-10-14 16:00:00,16.943,17.115,16.512,16.742,1821066.64
2025-10-14 20:00:00,16.741,17.007,16.662,16.872,691868.31
2025-10-15 00:00:00,16.871,16.971,16.635,16.725,909855.75
2025-10-15 04:00:00,16.725,16.953,16.682,16.911,757424.77
2025-10-15 08:00:00,16.911,17.201,16.599,16.707,1304346.97
2025-10-15 12:00:00,16.705,16.755,16.235,16.329,1583742.22
2025-10-15 16:00:00,16.329,16.519,16.19,16.313,859540.64
2025-10-15 20:00:00,16.313,16.408,16.091,16.277,732993.71
2025-10-16 00:00:00,16.276,16.449,16.187,16.247,637290.85
2025-10-16 04:00:00,16.247,16.496,16.195,16.39,584121.58
2025-10-16 08:00:00,16.39,16.572,15.782,16.525,1501323.01
2025-10-16 12:00:00,16.525,16.622,15.85,15.927,1790256.35
2025-10-16 16:00:00,15.926,16.34,15.681,15.85,1961738.27
2025-10-16 20:00:00,15.851,15.929,15.626,15.813,794572.34
2025-10-17 00:00:00,15.812,15.984,15.664,15.887,805277.82
2025-10-17 04:00:00,15.888,15.894,14.869,14.927,1856052.31
2025-10-17 08:00:00,14.929,15.451,14.645,15.306,2398134.56
2025-10-17 12:00:00,15.305,15.459,15.024,15.394,1428788.78
2025-10-17 16:00:00,15.394,15.576,15.266,15.362,1037042.41
2025-10-17 20:00:00,15.362,15.587,15.331,15.35,484106.99
2025-10-18 00:00:00,15.35,15.602,15.316,15.532,564406.19
2025-10-18 04:00:00,15.531,15.689,15.38,15.493,611750.39
2025-10-18 08:00:00,15.494,15.647,15.433,15.555,576531.23
2025-10-18 12:00:00,15.555,15.594,15.289,15.382,751055.23
2025-10-18 16:00:00,15.382,15.489,15.267,15.415,475590.72
2025-10-18 20:00:00,15.414,15.493,15.364,15.463,310891.03
2025-10-19 00:00:00,15.463,15.489,15.292,15.467,443227.49
2025-10-19 04:00:00,15.467,15.48,15.218,15.312,453404.51
2025-10-19 08:00:00,15.313,15.727,15.126,15.556,1520398.18
2025-10-19 12:00:00,15.557,15.879,15.471,15.763,1189526.48
2025-10-19 16:00:00,15.764,15.945,15.692,15.862,850833.33
2025-10-19 20:00:00,15.863,15.949,15.727,15.75,590696.89
2025-10-20 00:00:00,15.75,16.069,15.438,16.016,1150172.71
2025-10-20 04:00:00,16.017,16.215,15.951,16.112,841539.78
2025-10-20 08:00:00,16.112,16.16,15.956,16.087,892079.3
2025-10-20 12:00:00,16.087,16.222,15.955,15.963,852461.9
2025-10-20 16:00:00,15.962,16.132,15.682,16.074,1047038.26
2025-10-20 20:00:00,16.074,16.195,15.973,15.98,533010.55
2025-10-21 00:00:00,15.98,16.029,15.695,15.734,755125.09
2025-10-21 04:00:00,15.735,15.745,15.467,15.645,1166631.79
2025-10-21 08:00:00,15.645,15.905,15.5,15.864,878171.94
2025-10-21 12:00:00,15.864,16.602,15.756,16.474,2083120.18
2025-10-21 16:00:00,16.474,16.619,16.172,16.246,1540072.38
2025-10-21 20:00:00,16.246,16.269,15.63,15.69,1252484.78
2025-10-22 00:00:00,15.69,15.788,15.576,15.656,838830.55
2025-10-22 04:00:00,15.656,15.739,15.439,15.601,913089.34
2025-10-22 08:00:00,15.601,15.601,15.234,15.428,1169423.23
2025-10-22 12:00:00,15.429,15.731,15.392,15.555,1619456.95
2025-10-22 16:00:00,15.555,15.609,15.352,15.492,1036393.0
2025-10-22 20:00:00,15.492,15.518,14.982,15.42,1289121.58
2025-10-23 00:00:00,15.42,15.518,15.381,15.465,553838.01
2025-10-23 04:00:00,15.466,15.7,15.419,15.655,587986.18
2025-10-23 08:00:00,15.656,15.851,15.603,15.622,727933.88
2025-10-23 12:00:00,15.621,15.77,15.506,15.692,872516.09
2025-10-23 16:00:00,15.693,15.986,15.674,15.791,739952.8
2025-10-23 20:00:00,15.791,15.796,15.589,15.669,470966.8
2025-10-24 00:00:00,15.67,15.735,15.607,15.645,473607.41
2025-10-24 04:00:00,15.645,15.921,15.61,15.802,611823.09
2025-10-24 08:00:00,15.803,15.905,15.724,15.86,424133.31
2025-10-24 12:00:00,15.861,16.151,15.676,15.718,1133147.18
2025-10-24 16:00:00,15.717,15.909,15.643,15.879,418808.34
2025-10-24 20:00:00,15.88,16.038,15.873,15.986,350887.24
2025-10-25 00:00:00,15.985,16.046,15.85,15.871,406724.63
2025-10-25 04:00:00,15.871,15.94,15.82,15.866,346442.9
2025-10-25 08:00:00,15.866,15.94,15.802,15.894,355244.6
2025-10-25 12:00:00,15.894,15.968,15.873,15.899,366975.3
2025-10-25 16:00:00,15.899,16.042,15.868,16.034,284757.88
2025-10-25 20:00:00,16.035,16.051,15.957,15.97,208087.13
2025-10-26 00:00:00,15.971,15.996,15.811,15.839,381206.17
2025-10-26 04:00:00,15.84,15.988,15.828,15.984,211950.45
2025-10-26 08:00:00,15.983,16.329,15.982,16.31,749836.38
2025-10-26 12:00:00,16.31,16.7,16.3,16.452,1448208.09
2025-10-26 16:00:00,16.452,16.478,16.385,16.423,329720.32
2025-10-26 20:00:00,16.423,16.783,16.32,16.634,786743.84
2025-10-27 00:00:00,16.634,16.868,16.601,16.745,626504.44
2025-10-27 04:00:00,16.745,16.912,16.644,16.753,581825.46
2025-10-27 08:00:00,16.752,16.81,16.358,16.526,766356.32
2025-10-27 12:00:00,16.523,16.608,16.302,16.58,806770.85
2025-10-27 16:00:00,16.58,16.85,16.571,16.681,581780.5
2025-10-27 20:00:00,16.681,16.683,16.39,16.51,498669.43
2025-10-28 00:00:00,16.51,16.567,16.245,16.339,575869.46
2025-10-28 04:00:00,16.339,16.651,16.204,16.43,643446.86
2025-10-28 08:00:00,16.431,16.554,16.361,16.386,341679.94
2025-10-28 12:00:00,16.385,16.608,16.1,16.323,980605.93
2025-10-28 16:00:00,16.322,16.435,15.978,16.085,661833.31
2025-10-28 20:00:00,16.081,16.085,15.622,15.884,1115331.77
2025-10-29 00:00:00,15.884,15.996,15.834,15.883,377056.23
2025-10-29 04:00:00,15.883,16.091,15.876,16.026,463408.89
2025-10-29 08:00:00,16.026,16.174,15.922,16.144,397488.16
2025-10-29 12:00:00,16.144,16.309,15.986,16.086,649482.69
2025-10-29 16:00:00,16.085,16.538,15.791,16.291,1928958.07
2025-10-29 20:00:00,16.292,16.461,15.884,15.956,680463.11
2025-10-30 00:00:00,15.955,16.143,15.865,16.0,627542.66
2025-10-30 04:00:00,16.001,16.054,15.466,15.984,1454905.0
2025-10-30 08:00:00,15.984,15.987,15.692,15.701,550683.37
2025-10-30 12:00:00,15.702,15.718,15.179,15.274,1828225.15
2025-10-30 16:00:00,15.275,15.333,14.823,14.876,1355973.8
2025-10-30 20:00:00,14.876,15.407,14.821,15.399,1173527.01
2025-10-31 00:00:00,15.4,15.586,15.321,15.545,769679.95
2025-10-31 04:00:00,15.545,15.673,15.518,15.665,505121.02
2025-10-31 08:00:00,15.665,15.746,15.571,15.734,455605.28
2025-10-31 12:00:00,15.733,16.182,15.669,16.05,1261294.27
2025-10-31 16:00:00,16.05,16.09,15.554,15.977,1195438.87
2025-10-31 20:00:00,15.975,15.995,15.804,15.849,330479.32
2025-11-01 00:00:00,15.849,16.036,15.8,15.984,378279.73
2025-11-01 04:00:00,15.984,16.238,15.912,16.198,582577.08
2025-11-01 08:00:00,16.197,16.318,16.146,16.245,548820.96
2025-11-01 12:00:00,16.245,16.358,16.147,16.334,683643.99
2025-11-01 16:00:00,16.334,16.492,16.228,16.288,490394.71
2025-11-01 20:00:00,16.288,16.359,16.189,16.328,234392.77
2025-11-02 00:00:00,16.329,16.334,16.163,16.179,261839.58
2025-11-02 04:00:00,16.179,16.542,16.164,16.503,444747.31
2025-11-02 08:00:00,16.504,16.679,16.253,16.39,639840.69
2025-11-02 12:00:00,16.389,16.419,15.964,15.989,715109.83
2025-11-02 16:00:00,15.989,16.094,15.861,16.008,421058.99
2025-11-02 20:00:00,16.008,16.39,15.948,16.359,337741.26
2025-11-03 00:00:00,16.359,16.37,15.502,15.546,970281.85
2025-11-03 04:00:00,15.546,15.648,15.19,15.377,1187283.45
2025-11-03 08:00:00,15.377,15.479,15.114,15.328,835879.29
2025-11-03 12:00:00,15.327,15.491,14.22,14.724,2523638.64
2025-11-03 16:00:00,14.725,15.263,14.605,14.833,1620946.22
2025-11-03 20:00:00,14.833,15.01,14.601,14.998,971608.27
2025-11-04 00:00:00,14.998,15.225,14.885,15.207,857393.29
2025-11-04 04:00:00,15.208,15.339,14.512,14.592,1786116.85
2025-11-04 08:00:00,14.593,15.018,14.478,14.951,1071871.83
2025-11-04 12:00:00,14.952,15.296,14.554,14.854,1617998.73
2025-11-04 16:00:00,14.853,14.967,13.907,13.944,2759080.62
2025-11-04 20:00:00,13.944,14.532,13.51,14.258,3196872.4
2025-11-05 00:00:00,14.258,14.628,13.574,14.562,1945103.94
2025-11-05 04:00:00,14.56,14.62,14.303,14.355,765633.34
2025-11-05 08:00:00,14.355,14.421,14.112,14.389,961486.68
2025-11-05 12:00:00,14.389,14.59,14.322,14.575,1147737.48
2025-11-05 16:00:00,14.575,14.741,14.438,14.604,911294.64
2025-11-05 20:00:00,14.605,14.715,14.51,14.614,589285.81
2025-11-06 00:00:00,14.614,14.68,14.386,14.587,660207.01
2025-11-06 04:00:00,14.588,14.657,14.291,14.344,786034.04
2025-11-06 08:00:00,14.343,14.419,14.251,14.305,622265.83
2025-11-06 12:00:00,14.305,14.476,14.064,14.127,1362015.51
2025-11-06 16:00:00,14.127,14.635,13.937,14.61,1182238.93
2025-11-06 20:00:00,14.611,14.698,14.407,14.555,740388.01
2025-11-07 00:00:00,14.554,15.659,14.546,15.136,4176637.29
2025-11-07 04:00:00,15.137,16.036,14.931,15.945,2426373.65
2025-11-07 08:00:00,15.946,16.504,15.431,16.177,3895297.21
2025-11-07 12:00:00,16.177,17.402,15.773,17.305,5343679.75
2025-11-07 16:00:00,17.305,18.9,17.273,17.738,7568612.35
2025-11-07 20:00:00,17.737,18.051,17.552,17.908,1829970.37
2025-11-08 00:00:00,17.908,18.456,17.059,17.147,4194809.55
2025-11-08 04:00:00,17.146,17.363,16.63,16.856,1993453.66
2025-11-08 08:00:00,16.856,16.999,16.642,16.75,1196333.15
2025-11-08 12:00:00,16.75,16.871,16.208,16.279,1850623.02
2025-11-08 16:00:00,16.28,16.305,16.056,16.147,1090961.75
2025-11-08 20:00:00,16.147,16.456,16.096,16.374,685409.1
2025-11-09 00:00:00,16.374,16.462,15.763,15.903,1624284.5
2025-11-09 04:00:00,15.904,16.12,15.826,16.082,886978.68
2025-11-09 08:00:00,16.082,16.168,15.843,16.088,681058.94
2025-11-09 12:00:00,16.088,16.341,15.924,16.134,1339788.31
2025-11-09 16:00:00,16.134,16.178,15.871,16.168,1011711.74
2025-11-09 20:00:00,16.169,16.311,16.064,16.152,707166.14
2025-11-10 00:00:00,16.152,16.361,16.003,16.283,1166078.89
2025-11-10 04:00:00,16.282,16.371,16.134,16.265,741495.19
2025-11-10 08:00:00,16.266,16.38,16.081,16.273,854806.01
2025-11-10 12:00:00,16.272,16.739,15.922,16.201,2095146.97
2025-11-10 16:00:00,16.201,16.407,16.04,16.289,768245.67
2025-11-10 20:00:00,16.288,16.61,16.18,16.487,836391.44
2025-11-11 00:00:00,16.488,16.759,16.28,16.452,984909.14
2025-11-11 04:00:00,16.452,16.464,15.811,15.841,1197394.42
2025-11-11 08:00:00,15.842,16.1,15.839,16.037,665086.79
2025-11-11 12:00:00,16.038,16.114,15.7,15.921,974788.19
2025-11-11 16:00:00,15.92,16.06,15.714,15.785,602475.02
2025-11-11 20:00:00,15.785,15.818,15.545,15.612,747990.72
2025-11-12 00:00:00,15.612,15.919,15.538,15.783,622917.19
2025-11-12 04:00:00,15.783,15.853,15.634,15.67,354576.58
2025-11-12 08:00:00,15.671,16.063,15.663,16.009,507721.34
2025-11-12 12:00:00,16.009,16.05,15.41,15.472,1063613.49
2025-11-12 16:00:00,15.473,15.489,15.076,15.188,1143830.71
2025-11-12 20:00:00,15.187,15.396,15.16,15.288,370173.18
2025-11-13 00:00:00,15.287,15.684,15.253,15.574,722928.75
2025-11-13 04:00:00,15.575,15.79,15.492,15.673,609693.5
2025-11-13 08:00:00,15.674,15.812,15.604,15.68,449517.03
2025-11-13 12:00:00,15.68,15.727,15.301,15.376,985635.61
2025-11-13 16:00:00,15.375,15.428,14.729,14.785,1568023.33
2025-11-13 20:00:00,14.784,15.15,14.671,15.049,825396.91
2025-11-14 00:00:00,15.048,15.153,14.922,15.004,593043.82
2025-11-14 04:00:00,15.002,15.159,14.476,15.057,1397605.7
2025-11-14 08:00:00,15.057,15.072,14.695,14.758,838023.96
2025-11-14 12:00:00,14.759,15.013,14.441,14.876,1735712.13
2025-11-14 16:00:00,14.877,15.082,14.791,15.002,695026.44
2025-11-14 20:00:00,15.003,15.011,14.466,14.706,689669.66
2025-11-15 00:00:00,14.707,15.283,14.699,15.25,702368.18
2025-11-15 04:00:00,15.251,15.619,15.108,15.499,1035097.35
2025-11-15 08:00:00,15.5,15.507,15.186,15.299,686631.78
2025-11-15 12:00:00,15.299,15.798,15.241,15.255,1050985.85
2025-11-15 16:00:00,15.254,15.495,15.15,15.491,625429.9
2025-11-15 20:00:00,15.491,15.519,15.262,15.286,398175.26
2025-11-16 00:00:00,15.287,15.341,15.001,15.271,649749.08
2025-11-16 04:00:00,15.271,15.335,15.14,15.307,336775.28
2025-11-16 08:00:00,15.308,15.35,15.017,15.065,583117.4
2025-11-16 12:00:00,15.066,15.176,14.702,14.733,860142.58
2025-11-16 16:00:00,14.733,14.818,14.25,14.616,1569218.99
2025-11-16 20:00:00,14.615,14.865,14.5,14.78,766940.82
2025-11-17 00:00:00,14.78,14.981,14.669,14.902,688886.13
2025-11-17 04:00:00,14.903,15.13,14.877,15.015,436831.35
2025-11-17 08:00:00,15.015,15.131,14.928,15.037,514105.02
2025-11-17 12:00:00,15.038,15.12,14.626,14.707,1221895.05
2025-11-17 16:00:00,14.706,14.83,14.146,14.192,1123768.06
2025-11-17 20:00:00,14.193,14.346,14.057,14.266,775163.78
2025-11-18 00:00:00,14.265,14.558,14.035,14.432,1108374.71
2025-11-18 04:00:00,14.432,14.55,14.257,14.407,718010.37
2025-11-18 08:00:00,14.408,14.578,14.385,14.483,494503.27
2025-11-18 12:00:00,14.483,14.704,14.336,14.654,853209.58
2025-11-18 16:00:00,14.655,14.867,14.633,14.684,551537.59
2025-11-18 20:00:00,14.685,14.717,14.534,14.64,275082.32
2025-11-19 00:00:00,14.64,14.649,14.367,14.387,459318.6
2025-11-19 04:00:00,14.386,14.509,14.113,14.475,674818.64
2025-11-19 08:00:00,14.475,14.478,14.303,14.357,392911.53
2025-11-19 12:00:00,14.357,14.525,14.153,14.166,704015.68
2025-11-19 16:00:00,14.165,14.236,13.591,13.789,1593734.46
2025-11-19 20:00:00,13.79,14.268,13.74,14.202,736984.21
2025-11-20 00:00:00,14.202,14.347,14.088,14.262,578524.27
2025-11-20 04:00:00,14.263,14.369,14.209,14.365,407483.14
2025-11-20 08:00:00,14.365,14.378,14.212,14.302,364165.5
2025-11-20 12:00:00,14.302,14.492,14.091,14.108,1039565.27
2025-11-20 16:00:00,14.107,14.124,13.341,13.593,2329895.89
2025-11-20 20:00:00,13.593,13.854,13.46,13.488,846398.05
2025-11-21 00:00:00,13.489,13.689,13.367,13.548,929272.24
2025-11-21 04:00:00,13.547,13.619,12.447,13.049,2193173.22
2025-11-21 08:00:00,13.048,13.277,12.855,13.035,1547355.18
2025-11-21 12:00:00,13.035,13.519,12.727,13.218,1905135.71
2025-11-21 16:00:00,13.218,13.657,13.093,13.581,1446537.03
2025-11-21 20:00:00,13.581,13.65,13.216,13.528,890499.54
2025-11-22 00:00:00,13.528,13.791,13.443,13.641,863471.47
2025-11-22 04:00:00,13.641,13.658,13.259,13.458,773245.39
2025-11-22 08:00:00,13.459,13.675,13.2,13.608,821183.68
2025-11-22 12:00:00,13.609,13.62,13.265,13.416,738813.45
2025-11-22 16:00:00,13.416,13.528,13.374,13.435,375143.41
2025-11-22 20:00:00,13.436,13.621,13.362,13.492,298751.41
2025-11-23 00:00:00,13.492,13.665,13.444,13.625,467818.23
2025-11-23 04:00:00,13.624,13.746,13.587,13.695,570811.96
2025-11-23 08:00:00,13.696,13.779,13.608,13.644,454473.83
2025-11-23 12:00:00,13.645,13.775,13.618,13.745,457290.47
2025-11-23 16:00:00,13.746,13.787,13.554,13.68,496515.49
2025-11-23 20:00:00,13.68,13.757,13.525,13.549,332384.08
2025-11-24 00:00:00,13.549,13.888,13.466,13.806,679001.97
2025-11-24 04:00:00,13.805,13.981,13.635,13.687,562216.82
2025-11-24 08:00:00,13.686,13.746,13.505,13.64,497839.22
2025-11-24 12:00:00,13.64,13.778,13.421,13.714,991290.92
2025-11-24 16:00:00,13.714,14.343,13.714,14.186,1347789.06
2025-11-24 20:00:00,14.186,14.301,14.099,14.167,377952.51
2025-11-25 00:00:00,14.167,14.215,14.006,14.063,352534.62
2025-11-25 04:00:00,14.063,14.126,13.872,13.898,427348.46
2025-11-25 08:00:00,13.898,13.965,13.806,13.861,479711.47
2025-11-25 12:00:00,13.861,13.986,13.681,13.865,759042.06
2025-11-25 16:00:00,13.865,14.105,13.836,14.011,438915.09
2025-11-25 20:00:00,14.013,14.243,13.948,14.159,463513.62
2025-11-26 00:00:00,14.159,14.177,13.985,14.015,293023.23
2025-11-26 04:00:00,14.015,14.092,13.902,14.061,255729.59
2025-11-26 08:00:00,14.06,14.066,13.825,13.846,397561.79
2025-11-26 12:00:00,13.846,13.939,13.751,13.841,511860.66
2025-11-26 16:00:00,13.841,14.131,13.611,14.064,1226908.19
2025-11-26 20:00:00,14.065,14.173,14.003,14.118,424779.03
2025-11-27 00:00:00,14.118,14.188,14.008,14.017,454920.29
2025-11-27 04:00:00,14.017,14.076,13.924,13.995,292631.12
2025-11-27 08:00:00,13.995,14.056,13.892,13.899,318143.54
2025-11-27 12:00:00,13.899,13.992,13.818,13.985,348680.98
2025-11-27 16:00:00,13.984,14.038,13.925,13.961,361241.04
2025-11-27 20:00:00,13.961,14.008,13.809,13.865,278287.39
2025-11-28 00:00:00,13.865,13.887,13.664,13.744,523477.16
2025-11-28 04:00:00,13.744,13.815,13.674,13.781,336082.19
2025-11-28 08:00:00,13.781,14.09,13.777,13.9,671197.49
2025-11-28 12:00:00,13.9,14.031,13.815,13.955,527596.64
2025-11-28 16:00:00,13.956,13.964,13.587,13.761,718097.94
2025-11-28 20:00:00,13.761,13.813,13.693,13.796,237324.62
2025-11-29 00:00:00,13.796,13.895,13.752,13.797,311911.27
2025-11-29 04:00:00,13.796,13.868,13.664,13.667,320639.86
2025-11-29 08:00:00,13.668,13.724,13.607,13.704,280966.13
2025-11-29 12:00:00,13.705,13.756,13.626,13.736,268482.65
2025-11-29 16:00:00,13.737,13.767,13.532,13.622,438505.71
2025-11-29 20:00:00,13.623,13.773,13.576,13.711,290857.85
2025-11-30 00:00:00,13.71,13.774,13.612,13.735,290570.25
2025-11-30 04:00:00,13.735,13.827,13.661,13.811,257353.13
2025-11-30 08:00:00,13.811,13.895,13.743,13.79,296929.28
2025-11-30 12:00:00,13.791,13.99,13.72,13.91,404937.15
2025-11-30 16:00:00,13.912,14.034,13.893,13.927,305898.34
2025-11-30 20:00:00,13.928,13.977,13.689,13.716,336242.06
2025-12-01 00:00:00,13.714,13.733,12.88,12.929,2136858.36
2025-12-01 04:00:00,12.929,12.984,12.801,12.898,789642.46
2025-12-01 08:00:00,12.898,12.95,12.826,12.881,518166.11
2025-12-01 12:00:00,12.884,13.076,12.632,12.821,1160138.5
2025-12-01 16:00:00,12.821,12.915,12.693,12.764,629848.84
2025-12-01 20:00:00,12.763,13.041,12.763,12.958,496595.99
2025-12-02 00:00:00,12.958,13.104,12.868,12.978,355231.22
2025-12-02 04:00:00,12.977,13.009,12.864,12.964,279135.17
2025-12-02 08:00:00,12.963,13.05,12.83,13.015,360998.45
2025-12-02 12:00:00,13.015,13.87,13.001,13.82,1291726.1
2025-12-02 16:00:00,13.82,13.926,13.6,13.608,752513.93
2025-12-02 20:00:00,13.607,13.651,13.504,13.58,430486.61
2025-12-03 00:00:00,13.579,13.711,13.535,13.649,451183.33
2025-12-03 04:00:00,13.648,13.92,13.614,13.823,670499.9
2025-12-03 08:00:00,13.823,13.917,13.797,13.899,382012.92
2025-12-03 12:00:00,13.899,14.013,13.653,13.951,931332.1
2025-12-03 16:00:00,13.951,14.163,13.884,14.049,572394.63
2025-12-03 20:00:00,14.049,14.353,14.017,14.179,537310.85
2025-12-04 00:00:00,14.18,14.303,14.111,14.158,420911.91
2025-12-04 04:00:00,14.158,14.167,13.991,14.09,422038.87
2025-12-04 08:00:00,14.091,14.093,13.968,13.985,331319.48
2025-12-04 12:00:00,13.984,14.004,13.795,13.907,568212.74
2025-12-04 16:00:00,13.908,13.944,13.553,13.754,585025.82
2025-12-04 20:00:00,13.754,13.837,13.713,13.728,253521.71
2025-12-05 00:00:00,13.729,13.882,13.701,13.78,337224.06
2025-12-05 04:00:00,13.78,13.837,13.669,13.828,377698.95
2025-12-05 08:00:00,13.829,13.83,13.433,13.514,709425.36
2025-12-05 12:00:00,13.513,13.617,13.328,13.419,942426.08
2025-12-05 16:00:00,13.418,13.42,12.929,13.098,1506011.98
2025-12-05 20:00:00,13.097,13.149,12.999,13.131,410695.16
2025-12-06 00:00:00,13.131,13.253,13.073,13.23,308748.96
2025-12-06 04:00:00,13.23,13.238,13.132,13.18,173643.85
2025-12-06 08:00:00,13.181,13.247,13.092,13.234,207038.6
2025-12-06 12:00:00,13.234,13.369,13.223,13.245,339199.48
2025-12-06 16:00:00,13.244,13.469,13.243,13.323,321373.61
2025-12-06 20:00:00,13.323,13.415,13.256,13.314,230723.38
2025-12-07 00:00:00,13.314,13.387,13.296,13.354,181555.35
2025-12-07 04:00:00,13.354,13.354,13.217,13.248,161478.08
2025-12-07 08:00:00,13.247,13.277,13.1,13.111,356343.9
2025-12-07 12:00:00,13.111,13.171,12.795,13.076,807110.87
2025-12-07 16:00:00,13.075,13.461,12.979,13.385,689978.96
2025-12-07 20:00:00,13.384,13.421,12.901,13.111,587919.83
2025-12-08 00:00:00,13.111,13.353,13.051,13.285,434824.66
2025-12-08 04:00:00,13.285,13.475,13.277,13.438,325829.93
2025-12-08 08:00:00,13.438,13.624,13.407,13.45,575679.28
2025-12-08 12:00:00,13.451,13.557,13.294,13.378,669278.13
2025-12-08 16:00:00,13.377,13.533,13.303,13.384,513686.87
2025-12-08 20:00:00,13.385,13.539,13.385,13.43,307594.53
2025-12-09 00:00:00,13.429,13.523,13.249,13.389,473187.25
2025-12-09 04:00:00,13.39,13.396,13.217,13.376,318032.41
2025-12-09 08:00:00,13.376,13.388,13.254,13.335,252794.46
2025-12-09 12:00:00,13.334,13.894,13.316,13.87,1004509.84
2025-12-09 16:00:00,13.868,14.237,13.868,14.02,1355774.69
2025-12-09 20:00:00,14.019,14.058,13.74,13.859,616367.22
2025-12-10 00:00:00,13.859,13.906,13.687,13.701,483749.36
2025-12-10 04:00:00,13.702,13.767,13.613,13.675,392619.38
2025-12-10 08:00:00,13.676,13.756,13.539,13.586,627441.79
2025-12-10 12:00:00,13.586,13.693,13.556,13.649,458266.79
2025-12-10 16:00:00,13.648,14.031,13.617,13.963,1191132.75
2025-12-10 20:00:00,13.963,14.278,13.626,13.662,1245099.94
2025-12-11 00:00:00,13.662,13.685,12.99,13.062,1286072.83
2025-12-11 04:00:00,13.062,13.192,13.016,13.066,569956.98
2025-12-11 08:00:00,13.066,13.086,12.984,13.055,484347.43
2025-12-11 12:00:00,13.055,13.187,12.936,13.071,833883.54
2025-12-11 16:00:00,13.07,13.234,12.939,13.106,687605.42
2025-12-11 20:00:00,13.106,13.381,13.104,13.242,707011.25
2025-12-12 00:00:00,13.242,13.271,13.063,13.174,422582.46
2025-12-12 04:00:00,13.173,13.33,13.13,13.243,249874.83
2025-12-12 08:00:00,13.243,13.278,13.129,13.178,275365.56
2025-12-12 12:00:00,13.177,13.249,12.684,12.758,941550.91
2025-12-12 16:00:00,12.754,12.985,12.64,12.882,1109469.79
2025-12-12 20:00:00,12.881,12.971,12.845,12.925,324365.7
2025-12-13 00:00:00,12.926,13.093,12.921,13.066,236544.68
2025-12-13 04:00:00,13.066,13.168,13.044,13.153,323057.53
2025-12-13 08:00:00,13.153,13.247,13.146,13.186,280445.33
2025-12-13 12:00:00,13.186,13.214,13.086,13.178,240906.07
2025-12-13 16:00:00,13.177,13.212,13.123,13.165,216983.56
2025-12-13 20:00:00,13.166,13.195,13.077,13.175,163928.99
2025-12-14 00:00:00,13.174,13.217,13.147,13.18,217935.11
2025-12-14 04:00:00,13.181,13.181,13.05,13.092,193992.98
2025-12-14 08:00:00,13.092,13.119,12.818,12.936,456295.72
2025-12-14 12:00:00,12.937,12.992,12.803,12.843,392480.57
2025-12-14 16:00:00,12.843,12.899,12.72,12.779,442658.7
2025-12-14 20:00:00,12.778,12.851,12.638,12.777,487655.37
2025-12-15 00:00:00,12.777,13.163,12.777,13.036,689415.79
2025-12-15 04:00:00,13.037,13.188,13.026,13.063,309908.62
2025-12-15 08:00:00,13.063,13.201,13.013,13.115,369080.63
2025-12-15 12:00:00,13.115,13.235,12.411,12.476,1904428.34
2025-12-15 16:00:00,12.475,12.534,12.071,12.293,1953331.15
2025-12-15 20:00:00,12.293,12.382,12.146,12.335,597311.29
2025-12-16 00:00:00,12.336,12.351,12.134,12.211,599775.82
2025-12-16 04:00:00,12.211,12.262,12.022,12.128,599996.41
2025-12-16 08:00:00,12.128,12.539,12.125,12.485,758696.11
2025-12-16 12:00:00,12.486,12.633,12.225,12.592,1434971.91
2025-12-16 16:00:00,12.591,12.926,12.519,12.805,1248882.74
2025-12-16 20:00:00,12.804,12.843,12.618,12.672,366824.73
2025-12-17 00:00:00,12.672,12.757,12.618,12.66,370313.89
2025-12-17 04:00:00,12.661,12.669,12.404,12.441,584791.47
2025-12-17 08:00:00,12.441,12.447,12.323,12.411,390849.64
2025-12-17 12:00:00,12.412,12.78,12.135,12.277,1943165.33
2025-12-17 16:00:00,12.276,12.363,11.925,12.112,1532019.25
2025-12-17 20:00:00,12.113,12.231,11.903,12.066,600266.92
2025-12-18 00:00:00,12.065,12.137,11.962,11.999,457958.1
2025-12-18 04:00:00,11.999,12.048,11.861,11.983,496465.06
2025-12-18 08:00:00,11.984,12.076,11.959,11.996,415547.32
2025-12-18 12:00:00,11.997,12.426,11.962,12.232,1202027.29
2025-12-18 16:00:00,12.232,12.241,11.457,11.488,1787298.13
2025-12-18 20:00:00,11.487,11.727,11.456,11.624,747375.82
2025-12-19 00:00:00,11.624,11.989,11.522,11.895,835789.81
2025-12-19 04:00:00,11.895,12.131,11.802,12.039,591747.13
2025-12-19 08:00:00,12.038,12.139,12.036,12.078,429935.76
2025-12-19 12:00:00,12.079,12.427,12.053,12.251,768565.68
2025-12-19 16:00:00,12.251,12.472,12.159,12.426,739607.93
2025-12-19 20:00:00,12.426,12.52,12.332,12.345,373238.71
2025-12-20 00:00:00,12.345,12.39,12.301,12.362,295001.1
2025-12-20 04:00:00,12.362,12.491,12.288,12.487,245360.08
2025-12-20 08:00:00,12.487,12.595,12.398,12.459,314448.65
2025-12-20 12:00:00,12.459,12.459,12.312,12.373,276238.71
2025-12-20 16:00:00,12.374,12.403,12.331,12.373,176837.15
2025-12-20 20:00:00,12.373,12.406,12.335,12.362,205019.86
2025-12-21 00:00:00,12.363,12.367,12.208,12.269,350823.72
2025-12-21 04:00:00,12.27,12.313,12.239,12.276,196625.07
2025-12-21 08:00:00,12.277,12.412,12.25,12.282,338286.95
2025-12-21 12:00:00,12.282,12.338,12.001,12.088,654022.22
2025-12-21 16:00:00,12.088,12.155,11.992,12.145,409621.2
2025-12-21 20:00:00,12.145,12.251,12.023,12.204,253100.51
2025-12-22 00:00:00,12.205,12.446,12.051,12.267,637843.06
2025-12-22 04:00:00,12.267,12.404,12.237,12.366,303142.78
2025-12-22 08:00:00,12.366,12.45,12.291,12.341,470381.22
2025-12-22 12:00:00,12.341,12.466,12.29,12.422,678649.9
2025-12-22 16:00:00,12.423,12.496,12.173,12.19,570302.84
2025-12-22 20:00:00,12.189,12.278,12.093,12.263,447553.02
2025-12-23 00:00:00,12.263,12.332,12.108,12.167,343683.54
2025-12-23 04:00:00,12.166,12.195,12.038,12.096,455164.68
2025-12-23 08:00:00,12.095,12.167,12.045,12.133,243218.8
2025-12-23 12:00:00,12.133,12.133,11.87,12.031,911635.73
2025-12-23 16:00:00,12.031,12.183,11.974,12.059,552990.0
2025-12-23 20:00:00,12.059,12.207,12.011,12.067,298725.43
2025-12-24 00:00:00,12.066,12.108,11.847,11.968,524422.46
2025-12-24 04:00:00,11.967,12.015,11.815,11.836,365192.77
2025-12-24 08:00:00,11.836,11.945,11.787,11.92,380990.52
2025-12-24 12:00:00,11.919,11.989,11.806,11.97,487149.44
2025-12-24 16:00:00,11.969,12.038,11.916,11.978,361887.36
2025-12-24 20:00:00,11.978,12.089,11.97,12.012,218246.83
2025-12-25 00:00:00,12.013,12.136,11.988,12.053,316173.49
2025-12-25 04:00:00,12.053,12.096,12.019,12.055,185592.37
2025-12-25 08:00:00,12.054,12.131,11.875,11.917,437781.69
2025-12-25 12:00:00,11.917,12.055,11.841,12.003,452110.06
2025-12-25 16:00:00,12.003,12.064,11.881,11.932,345162.56
2025-12-25 20:00:00,11.932,11.948,11.628,11.648,516688.96
2025-12-26 00:00:00,11.647,12.022,11.603,11.885,848271.98
2025-12-26 04:00:00,11.885,11.929,11.75,11.773,417879.97
2025-12-26 08:00:00,11.773,11.863,11.72,11.82,343471.45
2025-12-26 12:00:00,11.82,11.931,11.57,11.644,830704.97
2025-12-26 16:00:00,11.645,11.743,11.544,11.735,384582.26
2025-12-26 20:00:00,11.734,11.814,11.677,11.717,254325.85
2025-12-27 00:00:00,11.716,11.767,11.645,11.759,211297.19
2025-12-27 04:00:00,11.759,11.769,11.671,11.692,226715.05
2025-12-27 08:00:00,11.692,11.866,11.636,11.862,421560.18
2025-12-27 12:00:00,11.863,11.881,11.757,11.829,352623.5
2025-12-27 16:00:00,11.83,11.962,11.811,11.875,565240.99
2025-12-27 20:00:00,11.876,12.289,11.872,12.221,663948.27
2025-12-28 00:00:00,12.221,12.321,12.046,12.155,480086.7
2025-12-28 04:00:00,12.156,12.264,12.135,12.258,347447.83
2025-12-28 08:00:00,12.259,12.291,12.16,12.194,403599.81
2025-12-28 12:00:00,12.194,12.291,12.132,12.266,305451.21
2025-12-28 16:00:00,12.266,12.289,12.023,12.053,415274.45
2025-12-28 20:00:00,12.052,12.2,12.005,12.198,313432.1
2025-12-29 00:00:00,12.199,12.45,12.161,12.434,652698.47
2025-12-29 04:00:00,12.433,12.494,12.251,12.334,423689.09
2025-12-29 08:00:00,12.334,12.358,12.028,12.132,577482.9
2025-12-29 12:00:00,12.132,12.139,11.872,12.022,891436.7
2025-12-29 16:00:00,12.022,12.051,11.869,11.903,376925.07
2025-12-29 20:00:00,11.904,11.98,11.861,11.919,252159.93
2025-12-30 00:00:00,11.918,11.968,11.842,11.948,312828.4
2025-12-30 04:00:00,11.947,12.0,11.826,11.892,360914.92
2025-12-30 08:00:00,11.892,12.061,11.888,11.99,294898.42
2025-12-30 12:00:00,11.989,12.03,11.852,11.995,425363.96
2025-12-30 16:00:00,11.997,12.049,11.853,11.934,333583.4
2025-12-30 20:00:00,11.933,11.934,11.81,11.868,298465.6
2025-12-31 00:00:00,11.868,11.943,11.807,11.841,263008.55
2025-12-31 04:00:00,11.841,11.855,11.805,11.847,156291.94
2025-12-31 08:00:00,11.846,11.894,11.763,11.883,319492.82
2025-12-31 12:00:00,11.883,11.887,11.668,11.711,532284.32
2025-12-31 16:00:00,11.712,11.749,11.296,11.375,1159484.02
2025-12-31 20:00:00,11.375,11.531,11.317,11.467,394911.69
2026-01-01 00:00:00,11.468,11.571,11.467,11.482,345319.95
2026-01-01 04:00:00,11.482,11.596,11.449,11.548,395446.26
2026-01-01 08:00:00,11.549,11.65,11.525,11.641,245160.36
2026-01-01 12:00:00,11.641,11.922,11.58,11.888,618535.35
2026-01-01 16:00:00,11.888,12.072,11.88,12.07,696360.32
2026-01-01 20:00:00,12.07,12.156,11.992,12.059,493930.92
2026-01-02 00:00:00,12.059,12.198,11.905,12.193,553580.77
2026-01-02 04:00:00,12.194,12.218,11.988,12.006,395900.06
2026-01-02 08:00:00,12.007,12.344,12.007,12.132,537714.65
2026-01-02 12:00:00,12.132,12.324,12.044,12.236,808027.95
2026-01-02 16:00:00,12.234,12.513,12.209,12.416,927769.58
2026-01-02 20:00:00,12.417,12.605,12.376,12.524,482509.18
2026-01-03 00:00:00,12.524,12.689,12.499,12.676,424405.23
2026-01-03 04:00:00,12.677,12.678,12.243,12.325,582641.54
2026-01-03 08:00:00,12.324,12.461,12.297,12.399,358941.79
2026-01-03 12:00:00,12.399,12.488,12.368,12.408,294917.49
2026-01-03 16:00:00,12.407,12.636,12.402,12.479,394068.11
2026-01-03 20:00:00,12.48,12.619,12.432,12.556,194806.84
2026-01-04 00:00:00,12.555,12.829,12.542,12.691,689412.83
2026-01-04 04:00:00,12.691,12.808,12.634,12.762,433743.49
2026-01-04 08:00:00,12.762,12.897,12.674,12.79,584172.82
2026-01-04 12:00:00,12.79,12.909,12.726,12.843,372127.28
2026-01-04 16:00:00,12.842,12.923,12.69,12.784,446493.74
2026-01-04 20:00:00,12.783,12.886,12.723,12.805,243311.61
2026-01-05 00:00:00,12.804,13.163,12.795,12.97,802088.0
2026-01-05 04:00:00,12.97,13.044,12.829,13.006,463276.54
2026-01-05 08:00:00,13.005,13.072,12.777,12.916,630453.75
2026-01-05 12:00:00,12.916,13.164,12.837,13.127,636024.35
2026-01-05 16:00:00,13.126,13.208,12.923,13.109,759255.91
2026-01-05 20:00:00,13.11,13.416,13.102,13.295,638955.81
2026-01-06 00:00:00,13.294,13.413,13.14,13.337,483040.0
2026-01-06 04:00:00,13.338,13.377,13.051,13.081,461030.92
2026-01-06 08:00:00,13.082,13.208,13.017,13.198,334570.95
2026-01-06 12:00:00,13.198,13.545,13.183,13.276,917642.87
2026-01-06 16:00:00,13.275,13.298,12.765,12.955,1016259.35
2026-01-06 20:00:00,12.955,13.401,12.955,13.359,500628.8
2026-01-07 00:00:00,13.358,13.359,12.969,13.069,444534.35
2026-01-07 04:00:00,13.07,13.201,13.008,13.192,281006.65
2026-01-07 08:00:00,13.193,13.297,12.937,13.056,558180.32
2026-01-07 12:00:00,13.055,13.067,12.679,12.746,813537.67
2026-01-07 16:00:00,12.745,12.878,12.696,12.826,425550.23
2026-01-07 20:00:00,12.826,12.924,12.739,12.869,304955.33
2026-01-08 00:00:00,12.869,12.955,12.748,12.776,351991.5
2026-01-08 04:00:00,12.776,12.934,12.46,12.689,666727.51
2026-01-08 08:00:00,12.688,12.742,12.437,12.529,607097.99
2026-01-08 12:00:00,12.529,12.653,12.321,12.644,856946.89
2026-01-08 16:00:00,12.644,12.673,12.478,12.54,430726.06
2026-01-08 20:00:00,12.54,12.72,12.449,12.597,320035.81
2026-01-09 00:00:00,12.598,12.74,12.524,12.717,412336.45
2026-01-09 04:00:00,12.718,12.749,12.633,12.698,224893.15
2026-01-09 08:00:00,12.699,12.713,12.466,12.588,332602.65
2026-01-09 12:00:00,12.589,12.874,12.483,12.749,709103.39
2026-01-09 16:00:00,12.75,12.948,12.494,12.514,528805.48
2026-01-09 20:00:00,12.513,12.649,12.502,12.603,232045.62
2026-01-10 00:00:00,12.602,12.613,12.492,12.555,175045.59
2026-01-10 04:00:00,12.556,12.595,12.454,12.579,217253.55
2026-01-10 08:00:00,12.58,12.655,12.552,12.648,207972.41
2026-01-10 12:00:00,12.648,12.715,12.608,12.629,188831.39
2026-01-10 16:00:00,12.629,12.673,12.518,12.672,202877.41
2026-01-10 20:00:00,12.673,12.682,12.485,12.539,199706.43
2026-01-11 00:00:00,12.54,12.579,12.502,12.558,185411.95
2026-01-11 04:00:00,12.559,12.564,12.486,12.539,207729.17
2026-01-11 08:00:00,12.54,12.565,12.5,12.547,207500.26
2026-01-11 12:00:00,12.548,12.619,12.385,12.44,409667.55
2026-01-11 16:00:00,12.44,12.578,12.409,12.458,313615.26
2026-01-11 20:00:00,12.457,12.458,12.19,12.368,555461.07
2026-01-12 00:00:00,12.369,12.707,12.25,12.539,802219.28
2026-01-12 04:00:00,12.54,12.631,12.324,12.343,415309.49
2026-01-12 08:00:00,12.343,12.41,12.206,12.313,531542.47
2026-01-12 12:00:00,12.314,12.388,12.091,12.377,742203.39
2026-01-12 16:00:00,12.376,12.48,12.243,12.34,473309.13
2026-01-12 20:00:00,12.341,12.388,12.157,12.251,278428.01
2026-01-13 00:00:00,12.251,12.349,12.23,12.332,324105.72
2026-01-13 04:00:00,12.332,12.532,12.323,12.425,383296.14
2026-01-13 08:00:00,12.426,12.616,12.415,12.581,399158.66
2026-01-13 12:00:00,12.581,13.079,12.556,13.071,1359452.96
2026-01-13 16:00:00,13.07,13.202,12.908,13.029,990848.0
2026-01-13 20:00:00,13.03,13.499,12.929,13.289,976008.68
2026-01-14 00:00:00,13.29,13.414,13.224,13.337,596118.56
2026-01-14 04:00:00,13.337,13.37,13.139,13.233,521070.66
2026-01-14 08:00:00,13.233,13.314,13.09,13.115,453409.14
2026-01-14 12:00:00,13.115,13.413,13.082,13.36,726393.3
2026-01-14 16:00:00,13.361,13.504,13.053,13.254,773822.56
2026-01-14 20:00:00,13.254,13.351,13.088,13.2,390260.34
2026-01-15 00:00:00,13.2,13.201,12.795,12.849,728852.84
2026-01-15 04:00:00,12.849,13.059,12.835,13.029,300370.13
2026-01-15 08:00:00,13.029,13.067,12.899,12.968,487864.21
2026-01-15 12:00:00,12.967,13.078,12.631,12.832,833654.84
2026-01-15 16:00:00,12.831,12.856,12.459,12.531,793325.22
2026-01-15 20:00:00,12.528,12.65,12.417,12.634,353478.83
2026-01-16 00:00:00,12.634,12.704,12.558,12.631,316408.66
2026-01-16 04:00:00,12.631,12.664,12.519,12.589,253724.55
2026-01-16 08:00:00,12.589,12.615,12.51,12.557,278678.81
2026-01-16 12:00:00,12.558,12.593,12.228,12.312,564094.95
2026-01-16 16:00:00,12.312,12.483,12.284,12.445,389397.29
2026-01-16 20:00:00,12.445,12.869,12.405,12.755,496184.49
2026-01-17 00:00:00,12.755,12.868,12.685,12.729,355455.92
2026-01-17 04:00:00,12.729,12.936,12.692,12.934,259920.46
2026-01-17 08:00:00,12.934,13.02,12.827,12.835,321803.36
2026-01-17 12:00:00,12.834,13.184,12.827,13.079,477926.59
2026-01-17 16:00:00,13.079,13.083,12.927,13.0,423877.91
2026-01-17 20:00:00,13.0,13.029,12.794,12.844,242270.17
2026-01-18 00:00:00,12.844,12.924,12.735,12.789,337978.57
2026-01-18 04:00:00,12.789,12.791,12.66,12.731,230429.79
2026-01-18 08:00:00,12.731,12.78,12.704,12.725,259961.11
2026-01-18 12:00:00,12.726,12.773,12.583,12.732,383924.91
2026-01-18 16:00:00,12.731,12.808,12.655,12.733,251177.3
2026-01-18 20:00:00,12.732,12.811,12.212,12.228,875267.22
2026-01-19 00:00:00,12.228,12.23,11.0,11.927,3167192.37
2026-01-19 04:00:00,11.927,11.927,11.822,11.866,569326.14
2026-01-19 08:00:00,11.866,11.991,11.824,11.954,608049.35
2026-01-19 12:00:00,11.955,11.977,11.858,11.91,334494.98
2026-01-19 16:00:00,11.91,12.112,11.891,12.059,500987.26
2026-01-19 20:00:00,12.059,12.078,11.923,12.019,369373.41
2026-01-20 00:00:00,12.02,12.069,11.938,11.978,484929.88
2026-01-20 04:00:00,11.977,12.008,11.792,11.804,587353.32
2026-01-20 08:00:00,11.804,11.879,11.692,11.757,546778.97
2026-01-20 12:00:00,11.758,11.855,11.613,11.657,662049.44
2026-01-20 16:00:00,11.657,11.712,11.416,11.509,708924.26
2026-01-20 20:00:00,11.509,11.58,11.322,11.527,457780.24
2026-01-21 00:00:00,11.526,11.838,11.503,11.739,510175.32
2026-01-21 04:00:00,11.739,11.835,11.712,11.785,265767.16
2026-01-21 08:00:00,11.785,11.807,11.544,11.568,461782.71
2026-01-21 12:00:00,11.568,11.776,11.464,11.752,855321.68
2026-01-21 16:00:00,11.751,11.89,11.304,11.878,1095311.72
2026-01-21 20:00:00,11.877,11.905,11.618,11.653,460849.55
2026-01-22 00:00:00,11.654,11.813,11.648,11.709,458020.66
2026-01-22 04:00:00,11.709,11.756,11.63,11.637,287521.14
2026-01-22 08:00:00,11.638,11.741,11.559,11.562,651031.72
2026-01-22 12:00:00,11.562,11.632,11.407,11.517,697658.84
2026-01-22 16:00:00,11.518,11.608,11.489,11.558,348210.65
2026-01-22 20:00:00,11.558,11.582,11.473,11.569,236424.5
2026-01-23 00:00:00,11.569,11.737,11.562,11.695,389716.45
2026-01-23 04:00:00,11.696,11.781,11.655,11.717,329391.01
2026-01-23 08:00:00,11.716,11.742,11.6,11.738,389181.85
2026-01-23 12:00:00,11.739,11.742,11.45,11.67,560424.91
2026-01-23 16:00:00,11.671,11.836,11.561,11.633,642462.8
2026-01-23 20:00:00,11.633,11.67,11.536,11.651,272455.04
2026-01-24 00:00:00,11.651,11.731,11.61,11.672,320185.61
2026-01-24 04:00:00,11.673,11.706,11.635,11.662,153836.61
2026-01-24 08:00:00,11.663,11.708,11.64,11.696,153699.69
2026-01-24 12:00:00,11.696,11.719,11.574,11.59,188641.4
2026-01-24 16:00:00,11.59,11.622,11.528,11.583,171736.68
2026-01-24 20:00:00,11.583,11.627,11.569,11.578,116508.83
2026-01-25 00:00:00,11.578,11.606,11.443,11.464,385393.68
2026-01-25 04:00:00,11.464,11.518,11.45,11.486,214903.98
2026-01-25 08:00:00,11.487,11.604,11.406,11.508,373939.5
2026-01-25 12:00:00,11.507,11.509,11.383,11.416,317536.55
2026-01-25 16:00:00,11.415,11.415,10.987,11.063,1336428.43
2026-01-25 20:00:00,11.062,11.189,10.99,11.132,518815.72
2026-01-26 00:00:00,11.132,11.377,11.106,11.277,527624.6
2026-01-26 04:00:00,11.276,11.429,11.274,11.364,366055.18
2026-01-26 08:00:00,11.365,11.459,11.284,11.316,512442.85
2026-01-26 12:00:00,11.316,11.523,11.296,11.362,611450.44
2026-01-26 16:00:00,11.363,11.431,11.257,11.347,427027.46
2026-01-26 20:00:00,11.347,11.451,11.288,11.381,308540.85
2026-01-27 00:00:00,11.38,11.439,11.354,11.364,285459.61
2026-01-27 04:00:00,11.364,11.415,11.295,11.313,352625.85
2026-01-27 08:00:00,11.312,11.334,11.236,11.259,346145.4
2026-01-27 12:00:00,11.259,11.313,11.198,11.302,349999.22
2026-01-27 16:00:00,11.304,11.494,11.227,11.473,585857.82
2026-01-27 20:00:00,11.474,11.621,11.47,11.579,411240.84
2026-01-28 00:00:00,11.58,11.606,11.494,11.517,287259.4
2026-01-28 04:00:00,11.516,11.601,11.474,11.54,256743.34
2026-01-28 08:00:00,11.541,11.614,11.471,11.607,390122.1
2026-01-28 12:00:00,11.606,11.608,11.421,11.459,358978.14
2026-01-28 16:00:00,11.459,11.541,11.387,11.507,431374.73
2026-01-28 20:00:00,11.507,11.611,11.43,11.541,478467.56
2026-01-29 00:00:00,11.541,11.576,11.257,11.289,564878.77
2026-01-29 04:00:00,11.289,11.312,11.222,11.258,326615.15
2026-01-29 08:00:00,11.257,11.294,11.138,11.187,485447.83
2026-01-29 12:00:00,11.186,11.21,10.627,10.76,1411420.27
2026-01-29 16:00:00,10.759,10.943,10.576,10.685,1166183.88
2026-01-29 20:00:00,10.686,10.852,10.657,10.792,419393.93
2026-01-30 00:00:00,10.793,10.87,10.391,10.582,1227195.01
2026-01-30 04:00:00,10.582,10.715,10.435,10.596,560983.23
2026-01-30 08:00:00,10.596,10.778,10.502,10.736,765916.39
2026-01-30 12:00:00,10.736,10.768,10.571,10.694,721318.13
2026-01-30 16:00:00,10.693,10.798,10.383,10.74,1066889.45
2026-01-30 20:00:00,10.74,10.742,10.526,10.595,546777.43
2026-01-31 00:00:00,10.595,10.635,10.516,10.532,290291.62
2026-01-31 04:00:00,10.532,10.571,10.303,10.378,443821.11
2026-01-31 08:00:00,10.377,10.404,10.161,10.258,687786.52
2026-01-31 12:00:00,10.258,10.275,9.735,9.997,1679183.34
2026-01-31 16:00:00,9.998,10.107,9.005,9.548,3368764.31
2026-01-31 20:00:00,9.548,9.819,9.389,9.757,1273041.63
2026-02-01 00:00:00,9.758,9.832,9.673,9.791,536760.55
2026-02-01 04:00:00,9.792,9.915,9.784,9.857,443196.5
2026-02-01 08:00:00,9.858,9.921,9.72,9.777,540691.53
2026-02-01 12:00:00,9.777,9.812,9.445,9.567,894042.15
2026-02-01 16:00:00,9.567,9.718,9.445,9.551,857012.92
2026-02-01 20:00:00,9.55,9.646,9.277,9.503,934792.73
2026-02-02 00:00:00,9.504,9.749,9.234,9.536,1282490.54
2026-02-02 04:00:00,9.537,9.668,9.195,9.461,1291710.31
2026-02-02 08:00:00,9.46,9.63,9.411,9.579,752319.68
2026-02-02 12:00:00,9.579,9.932,9.574,9.866,978788.52
2026-02-02 16:00:00,9.866,9.897,9.776,9.795,484122.47
2026-02-02 20:00:00,9.796,9.869,9.737,9.809,320070.85
2026-02-03 00:00:00,9.808,9.825,9.577,9.745,483606.0
2026-02-03 04:00:00,9.745,9.811,9.663,9.749,356583.61
2026-02-03 08:00:00,9.75,9.795,9.623,9.671,511084.57
2026-02-03 12:00:00,9.672,9.818,9.538,9.799,877954.6
2026-02-03 16:00:00,9.802,9.804,9.184,9.586,1705896.64
2026-02-03 20:00:00,9.585,9.947,9.488,9.565,952083.03
2026-02-04 00:00:00,9.566,9.754,9.522,9.716,495249.38
2026-02-04 04:00:00,9.716,9.78,9.636,9.712,458467.42
2026-02-04 08:00:00,9.713,9.777,9.564,9.639,690142.23
2026-02-04 12:00:00,9.639,9.658,9.227,9.32,907559.46
2026-02-04 16:00:00,9.321,9.517,9.15,9.494,1484686.12
2026-02-04 20:00:00,9.495,9.512,9.16,9.333,626038.11
2026-02-05 00:00:00,9.333,9.434,9.234,9.246,834793.73
2026-02-05 04:00:00,9.248,9.335,9.099,9.117,944393.03
2026-02-05 08:00:00,9.118,9.268,8.849,8.96,1338878.85
2026-02-05 12:00:00,8.961,9.105,8.339,8.53,2820117.81
2026-02-05 16:00:00,8.53,8.776,8.3,8.347,2700999.42
2026-02-05 20:00:00,8.348,8.404,7.908,8.046,3435517.95
2026-02-06 00:00:00,8.046,8.234,7.132,8.007,6458016.76
2026-02-06 04:00:00,8.008,8.377,7.977,8.162,2537346.85
2026-02-06 08:00:00,8.161,8.45,8.081,8.412,2368779.37
2026-02-06 12:00:00,8.411,8.69,8.332,8.649,2344463.25
2026-02-06 16:00:00,8.648,8.995,8.619,8.846,1831775.57
2026-02-06 20:00:00,8.848,8.964,8.735,8.823,631175.22
2026-02-07 00:00:00,8.824,8.833,8.651,8.815,816126.17
2026-02-07 04:00:00,8.814,8.899,8.442,8.525,861677.62
2026-02-07 08:00:00,8.525,8.613,8.479,8.555,518276.25
2026-02-07 12:00:00,8.554,8.797,8.535,8.678,656774.94
2026-02-07 16:00:00,8.679,8.903,8.665,8.78,1390855.62
2026-02-07 20:00:00,8.78,8.858,8.725,8.77,290727.6
2026-02-08 00:00:00,8.77,8.775,8.668,8.682,373923.61
2026-02-08 04:00:00,8.683,8.719,8.608,8.648,311114.77
2026-02-08 08:00:00,8.648,8.788,8.597,8.731,547319.45
2026-02-08 12:00:00,8.732,8.752,8.624,8.655,340690.94
2026-02-08 16:00:00,8.655,8.685,8.472,8.667,483826.01
2026-02-08 20:00:00,8.668,8.74,8.497,8.563,474122.15
2026-02-09 00:00:00,8.562,8.678,8.518,8.667,448655.38
2026-02-09 04:00:00,8.667,8.668,8.49,8.503,308572.02
2026-02-09 08:00:00,8.504,8.504,8.209,8.293,766799.87
2026-02-09 12:00:00,8.293,8.527,8.287,8.512,698539.78
2026-02-09 16:00:00,8.511,8.709,8.469,8.651,682659.28
2026-02-09 20:00:00,8.651,8.686,8.544,8.591,333172.48
2026-02-10 00:00:00,8.591,8.627,8.423,8.473,446173.51
2026-02-10 04:00:00,8.472,8.534,8.335,8.375,441759.02
2026-02-10 08:00:00,8.377,8.429,8.319,8.327,327523.43
2026-02-10 12:00:00,8.327,8.43,8.293,8.377,659598.29
2026-02-10 16:00:00,8.377,8.423,8.236,8.296,521365.13
2026-02-10 20:00:00,8.296,8.351,8.254,8.329,287384.01
2026-02-11 00:00:00,8.329,8.371,8.244,8.298,361018.66
2026-02-11 04:00:00,8.297,8.308,8.049,8.064,740131.13
2026-02-11 08:00:00,8.064,8.079,8.001,8.07,469081.7
2026-02-11 12:00:00,8.07,8.441,7.941,8.049,1551057.71
2026-02-11 16:00:00,8.049,8.212,7.994,8.155,762475.57
2026-02-11 20:00:00,8.155,8.284,8.098,8.134,488597.85
2026-02-12 00:00:00,8.135,8.277,8.132,8.27,535699.56
2026-02-12 04:00:00,8.271,8.353,8.21,8.345,461905.28
2026-02-12 08:00:00,8.346,8.411,8.265,8.355,607063.04
2026-02-12 12:00:00,8.355,8.371,8.139,8.164,845379.5
2026-02-12 16:00:00,8.165,8.225,7.97,8.123,833663.85
2026-02-12 20:00:00,8.124,8.262,8.054,8.238,325117.89
2026-02-13 00:00:00,8.237,8.272,8.158,8.19,403648.91
2026-02-13 04:00:00,8.19,8.207,8.096,8.179,311714.89
2026-02-13 08:00:00,8.179,8.306,8.167,8.301,358118.01
2026-02-13 12:00:00,8.301,8.505,8.235,8.405,926930.52
2026-02-13 16:00:00,8.404,8.506,8.358,8.458,570429.16
2026-02-13 20:00:00,8.459,8.616,8.432,8.517,518275.77
2026-02-14 00:00:00,8.516,8.694,8.515,8.651,744122.28
2026-02-14 04:00:00,8.651,8.681,8.582,8.634,326694.01
2026-02-14 08:00:00,8.634,8.815,8.634,8.809,560668.28
2026-02-14 12:00:00,8.808,8.914,8.71,8.913,538501.22
2026-02-14 16:00:00,8.914,9.022,8.84,8.995,611671.42
2026-02-14 20:00:00,8.995,9.06,8.927,8.993,443606.97
2026-02-15 00:00:00,8.992,9.031,8.836,9.026,775181.79
2026-02-15 04:00:00,9.027,9.152,9.022,9.13,589088.05
2026-02-15 08:00:00,9.129,9.148,8.954,8.998,466909.35
2026-02-15 12:00:00,8.998,9.001,8.685,8.789,994494.56
2026-02-15 16:00:00,8.789,8.819,8.586,8.638,791664.45
2026-02-15 20:00:00,8.637,8.737,8.6,8.732,320595.36
2026-02-16 00:00:00,8.732,8.784,8.669,8.707,326050.62
2026-02-16 04:00:00,8.707,8.803,8.641,8.702,480498.26
2026-02-16 08:00:00,8.703,8.792,8.607,8.698,374373.19
2026-02-16 12:00:00,8.699,8.896,8.594,8.653,1004189.11
2026-02-16 16:00:00,8.653,8.772,8.641,8.75,377377.51
2026-02-16 20:00:00,8.75,8.886,8.726,8.831,327761.46
2026-02-17 00:00:00,8.831,8.857,8.744,8.793,314506.26
2026-02-17 04:00:00,8.793,8.834,8.697,8.756,357083.62
2026-02-17 08:00:00,8.756,8.779,8.639,8.676,361402.49
2026-02-17 12:00:00,8.676,8.758,8.569,8.686,667037.02
2026-02-17 16:00:00,8.687,8.83,8.621,8.705,732357.4
2026-02-17 20:00:00,8.706,8.718,8.648,8.676,267442.95
2026-02-18 00:00:00,8.677,8.727,8.61,8.71,363628.4
2026-02-18 04:00:00,8.711,8.763,8.686,8.738,197491.8
2026-02-18 08:00:00,8.739,8.788,8.599,8.654,313777.56
2026-02-18 12:00:00,8.654,8.759,8.531,8.682,527436.27
2026-02-18 16:00:00,8.682,8.689,8.402,8.444,624578.0
2026-02-18 20:00:00,8.444,8.49,8.371,8.427,310526.15
2026-02-19 00:00:00,8.428,8.483,8.373,8.456,338262.9
2026-02-19 04:00:00,8.457,8.475,8.361,8.442,313068.05
2026-02-19 08:00:00,8.441,8.441,8.314,8.327,457712.39
2026-02-19 12:00:00,8.326,8.343,8.174,8.214,749075.14
2026-02-19 16:00:00,8.213,8.282,8.143,8.256,654635.2
2026-02-19 20:00:00,8.255,8.279,8.204,8.268,356039.89
2026-02-20 00:00:00,8.268,8.335,8.259,8.282,379625.8
2026-02-20 04:00:00,8.281,8.329,8.205,8.3,397830.78
2026-02-20 08:00:00,8.299,8.363,8.281,8.301,431050.79
2026-02-20 12:00:00,8.302,8.608,8.181,8.607,1666439.91
2026-02-20 16:00:00,8.608,8.704,8.427,8.658,1253649.11
2026-02-20 20:00:00,8.657,8.768,8.599,8.745,411940.29
2026-02-21 00:00:00,8.745,8.873,8.687,8.82,699701.38
2026-02-21 04:00:00,8.82,9.05,8.778,9.005,994046.07
2026-02-21 08:00:00,9.006,9.783,9.006,9.633,6774835.78
2026-02-21 12:00:00,9.633,9.695,9.224,9.324,3932248.68
2026-02-21 16:00:00,9.324,9.329,9.159,9.229,1424299.5
2026-02-21 20:00:00,9.228,9.236,9.02,9.032,801763.58
2026-02-22 00:00:00,9.032,9.032,8.737,8.788,1552858.78
2026-02-22 04:00:00,8.788,8.865,8.741,8.825,669526.39
2026-02-22 08:00:00,8.825,8.836,8.721,8.769,774879.83
2026-02-22 12:00:00,8.769,8.769,8.64,8.67,1013197.45
2026-02-22 16:00:00,8.67,8.685,8.542,8.557,600483.35
2026-02-22 20:00:00,8.556,8.568,8.443,8.51,630962.94
2026-02-23 00:00:00,8.509,8.529,8.087,8.177,2021168.05
2026-02-23 04:00:00,8.178,8.323,8.121,8.276,849124.17
2026-02-23 08:00:00,8.276,8.535,8.251,8.487,801541.1
2026-02-23 12:00:00,8.487,8.531,8.369,8.416,628711.75
2026-02-23 16:00:00,8.417,8.462,8.301,8.324,823645.14
2026-02-23 20:00:00,8.324,8.382,8.265,8.355,462876.91
2026-02-24 00:00:00,8.354,8.389,8.174,8.198,826312.67
2026-02-24 04:00:00,8.199,8.246,8.117,8.204,575078.49
2026-02-24 08:00:00,8.204,8.237,8.127,8.155,459861.83
2026-02-24 12:00:00,8.156,8.361,8.075,8.33,987330.81
2026-02-24 16:00:00,8.329,8.44,8.323,8.415,515344.99
2026-02-24 20:00:00,8.415,8.433,8.278,8.284,290200.33
2026-02-25 00:00:00,8.286,8.624,8.255,8.385,1080270.69
2026-02-25 04:00:00,8.385,8.455,8.265,8.361,748252.38
2026-02-25 08:00:00,8.361,8.579,8.337,8.566,607199.25
2026-02-25 12:00:00,8.566,9.356,8.555,9.222,1704413.47
2026-02-25 16:00:00,9.222,9.474,9.222,9.461,1251258.51
2026-02-25 20:00:00,9.462,9.637,9.056,9.154,1019316.1
2026-02-26 00:00:00,9.155,9.246,9.079,9.127,777387.19
2026-02-26 04:00:00,9.128,9.17,8.929,8.967,662311.31
2026-02-26 08:00:00,8.966,9.082,8.91,8.935,838266.28
2026-02-26 12:00:00,8.934,9.016,8.813,8.861,921892.98
2026-02-26 16:00:00,8.862,8.869,8.647,8.849,1046890.81
2026-02-26 20:00:00,8.849,8.881,8.783,8.855,294460.71
2026-02-27 00:00:00,8.856,8.918,8.795,8.9,451989.31
2026-02-27 04:00:00,8.9,9.033,8.891,9.019,655403.64
2026-02-27 08:00:00,9.019,9.07,8.737,8.748,794474.16
2026-02-27 12:00:00,8.748,8.796,8.653,8.67,724434.94
2026-02-27 16:00:00,8.67,8.716,8.547,8.586,628693.38
2026-02-27 20:00:00,8.587,8.645,8.462,8.636,390286.92
2026-02-28 00:00:00,8.636,8.696,8.613,8.63,296221.5
2026-02-28 04:00:00,8.629,8.64,8.128,8.29,1496636.05
2026-02-28 08:00:00,8.29,8.296,8.111,8.149,784069.19
2026-02-28 12:00:00,8.149,8.431,8.136,8.3,921538.11
2026-02-28 16:00:00,8.299,8.595,8.187,8.541,838394.88
2026-02-28 20:00:00,8.541,8.742,8.517,8.67,830885.35
2026-03-01 00:00:00,8.671,8.913,8.524,8.767,792633.65
2026-03-01 04:00:00,8.767,8.793,8.661,8.759,561110.52
2026-03-01 08:00:00,8.759,8.777,8.566,8.588,578178.46
2026-03-01 12:00:00,8.587,8.763,8.49,8.623,865630.62
2026-03-01 16:00:00,8.624,8.672,8.42,8.436,881346.27
2026-03-01 20:00:00,8.436,8.553,8.3,8.471,720195.05
2026-03-02 00:00:00,8.472,8.686,8.466,8.657,769568.5
2026-03-02 04:00:00,8.658,8.696,8.455,8.507,558194.2
2026-03-02 08:00:00,8.507,8.597,8.43,8.52,514724.5
2026-03-02 12:00:00,8.521,8.945,8.456,8.866,1401604.86
2026-03-02 16:00:00,8.866,8.968,8.719,8.81,950177.49
2026-03-02 20:00:00,8.81,8.868,8.673,8.717,518046.82
2026-03-03 00:00:00,8.717,8.738,8.563,8.62,551620.3
2026-03-03 04:00:00,8.621,8.64,8.441,8.477,670931.59
2026-03-03 08:00:00,8.478,8.505,8.33,8.391,856762.83
2026-03-03 12:00:00,8.392,8.501,8.312,8.448,781678.22
2026-03-03 16:00:00,8.448,8.619,8.417,8.543,757584.71
2026-03-03 20:00:00,8.544,8.549,8.364,8.487,425346.92
2026-03-04 00:00:00,8.487,8.544,8.364,8.434,594185.81
2026-03-04 04:00:00,8.434,8.494,8.351,8.477,458095.03
2026-03-04 08:00:00,8.478,8.807,8.445,8.578,1115122.51
2026-03-04 12:00:00,8.577,8.866,8.471,8.862,1074256.38
2026-03-04 16:00:00,8.862,9.022,8.715,8.96,890254.52
2026-03-04 20:00:00,8.96,8.969,8.758,8.84,584997.46
2026-03-05 00:00:00,8.84,8.918,8.69,8.732,608022.28
2026-03-05 04:00:00,8.732,8.831,8.671,8.73,861946.77
2026-03-05 08:00:00,8.73,8.941,8.713,8.813,590611.0
2026-03-05 12:00:00,8.812,8.843,8.657,8.684,753772.08
2026-03-05 16:00:00,8.682,8.707,8.509,8.646,776619.38
2026-03-05 20:00:00,8.646,8.754,8.627,8.647,359120.72
2026-03-06 00:00:00,8.647,8.721,8.603,8.701,356735.05
2026-03-06 04:00:00,8.7,8.724,8.578,8.693,441168.25
2026-03-06 08:00:00,8.694,8.695,8.492,8.503,540278.39
2026-03-06 12:00:00,8.503,8.566,8.174,8.208,1584500.24
2026-03-06 16:00:00,8.207,8.246,8.118,8.192,795518.2
2026-03-06 20:00:00,8.191,8.26,8.17,8.244,303882.66
2026-03-07 00:00:00,8.244,8.263,8.192,8.192,456484.35
2026-03-07 04:00:00,8.192,8.211,8.132,8.175,311418.92
2026-03-07 08:00:00,8.175,8.277,8.158,8.218,397464.38
2026-03-07 12:00:00,8.217,8.227,8.101,8.141,410331.18
2026-03-07 16:00:00,8.141,8.181,8.036,8.099,424522.18
2026-03-07 20:00:00,8.099,8.133,8.035,8.118,309271.37
2026-03-08 00:00:00,8.119,8.128,8.001,8.047,487038.23
2026-03-08 04:00:00,8.047,8.11,7.969,8.088,557358.19
2026-03-08 08:00:00,8.087,8.186,8.039,8.123,483813.31
2026-03-08 12:00:00,8.122,8.172,7.991,8.016,611531.68
2026-03-08 16:00:00,8.016,8.116,7.952,8.083,553432.65
2026-03-08 20:00:00,8.083,8.118,7.848,7.98,751978.16
2026-03-09 00:00:00,7.98,8.186,7.967,8.095,698899.42
2026-03-09 04:00:00,8.096,8.245,8.05,8.104,739282.38
2026-03-09 08:00:00,8.104,8.202,8.071,8.128,451915.19
2026-03-09 12:00:00,8.128,8.278,8.113,8.199,794975.41
2026-03-09 16:00:00,8.199,8.356,8.161,8.245,572240.77
2026-03-09 20:00:00,8.245,8.259,8.131,8.153,424858.95
2026-03-10 00:00:00,8.152,8.346,8.141,8.205,831389.33
2026-03-10 04:00:00,8.205,8.289,8.197,8.271,464395.34
2026-03-10 08:00:00,8.271,8.409,8.271,8.333,661427.75
2026-03-10 12:00:00,8.333,8.536,8.26,8.492,1110612.54
2026-03-10 16:00:00,8.492,8.532,8.225,8.264,676178.49
2026-03-10 20:00:00,8.263,8.294,8.178,8.235,393250.92
2026-03-11 00:00:00,8.235,8.254,8.159,8.199,455563.19
2026-03-11 04:00:00,8.198,8.24,8.124,8.211,629535.11
2026-03-11 08:00:00,8.211,8.255,8.176,8.221,347822.45
2026-03-11 12:00:00,8.22,8.428,8.209,8.29,807943.81
2026-03-11 16:00:00,8.29,8.363,8.251,8.321,457823.93
2026-03-11 20:00:00,8.321,8.354,8.263,8.28,227958.39
2026-03-12 00:00:00,8.279,8.315,8.174,8.191,439313.71
2026-03-12 04:00:00,8.19,8.235,8.148,8.225,286352.3
2026-03-12 08:00:00,8.224,8.274,8.184,8.207,456416.05
2026-03-12 12:00:00,8.206,8.26,8.094,8.178,921801.16
2026-03-12 16:00:00,8.177,8.261,8.135,8.247,523424.39
2026-03-12 20:00:00,8.247,8.314,8.203,8.263,342063.24
2026-03-13 00:00:00,8.263,8.459,8.242,8.445,849685.79
2026-03-13 04:00:00,8.445,8.453,8.33,8.378,453053.96
2026-03-13 08:00:00,8.377,8.575,8.346,8.561,644706.17
2026-03-13 12:00:00,8.56,8.844,8.537,8.568,1659938.93
2026-03-13 16:00:00,8.568,8.629,8.472,8.509,677821.74
2026-03-13 20:00:00,8.509,8.583,8.407,8.476,343427.2
2026-03-14 00:00:00,8.475,8.514,8.393,8.476,479402.75
2026-03-14 04:00:00,8.477,8.511,8.256,8.282,754658.91
2026-03-14 08:00:00,8.281,8.293,8.207,8.249,566053.11
2026-03-14 12:00:00,8.249,8.258,8.194,8.22,376691.5
2026-03-14 16:00:00,8.219,8.245,8.196,8.204,216618.8
2026-03-14 20:00:00,8.205,8.27,8.182,8.249,344854.35
2026-03-15 00:00:00,8.25,8.313,8.185,8.256,525333.71
2026-03-15 04:00:00,8.257,8.283,8.216,8.271,435926.43
2026-03-15 08:00:00,8.27,8.424,8.258,8.402,517475.72
2026-03-15 12:00:00,8.403,8.404,8.27,8.278,499729.6
2026-03-15 16:00:00,8.278,8.349,8.248,8.315,380502.7
2026-03-15 20:00:00,8.315,8.517,8.289,8.473,758059.48
2026-03-16 00:00:00,8.473,8.735,8.439,8.652,830424.76
2026-03-16 04:00:00,8.653,9.079,8.653,9.046,1919885.51
2026-03-16 08:00:00,9.047,9.226,8.759,8.855,1759817.12
2026-03-16 12:00:00,8.855,8.99,8.798,8.818,1169023.98
2026-03-16 16:00:00,8.818,9.066,8.816,8.997,630359.57
2026-03-16 20:00:00,8.997,9.108,8.976,9.023,522767.46
2026-03-17 00:00:00,9.022,9.084,8.853,8.916,852649.61
2026-03-17 04:00:00,8.915,8.936,8.785,8.874,498082.1
2026-03-17 08:00:00,8.875,8.914,8.827,8.84,499523.27
2026-03-17 12:00:00,8.841,8.911,8.761,8.845,703351.74
2026-03-17 16:00:00,8.844,8.908,8.838,8.847,283372.88
2026-03-17 20:00:00,8.847,8.942,8.843,8.856,236118.36
2026-03-18 00:00:00,8.856,8.956,8.782,8.919,410563.56
2026-03-18 04:00:00,8.919,8.945,8.8,8.837,359018.96
2026-03-18 08:00:00,8.836,8.896,8.631,8.664,743876.52
2026-03-18 12:00:00,8.663,8.663,8.289,8.36,1843698.43
2026-03-18 16:00:00,8.36,8.494,8.304,8.429,693007.57
2026-03-18 20:00:00,8.429,8.506,8.372,8.503,357607.66
2026-03-19 00:00:00,8.504,8.644,8.444,8.559,514649.87
2026-03-19 04:00:00,8.558,8.568,8.317,8.371,552884.31
2026-03-19 08:00:00,8.37,8.448,8.355,8.381,334904.27
2026-03-19 12:00:00,8.382,8.382,8.232,8.292,806770.55
2026-03-19 16:00:00,8.292,8.364,8.231,8.337,452900.38
2026-03-19 20:00:00,8.335,8.369,8.291,8.341,237671.94
2026-03-20 00:00:00,8.342,8.461,8.334,8.418,306166.25
2026-03-20 04:00:00,8.417,8.511,8.364,8.396,425201.27
2026-03-20 08:00:00,8.395,8.452,8.323,8.374,380807.79
2026-03-20 12:00:00,8.374,8.41,8.293,8.394,476276.37
2026-03-20 16:00:00,8.394,8.459,8.318,8.395,409331.71
2026-03-20 20:00:00,8.394,8.48,8.33,8.398,248149.59
2026-03-21 00:00:00,8.398,8.426,8.373,8.404,192640.58
2026-03-21 04:00:00,8.404,8.454,8.394,8.408,187995.52
2026-03-21 08:00:00,8.407,8.455,8.387,8.422,243885.1
2026-03-21 12:00:00,8.421,8.446,8.361,8.444,260035.2
2026-03-21 16:00:00,8.444,8.452,8.366,8.375,181542.95
2026-03-21 20:00:00,8.374,8.405,8.1,8.162,749642.05
2026-03-22 00:00:00,8.161,8.274,8.017,8.22,1076473.47
2026-03-22 04:00:00,8.22,8.25,8.155,8.156,316685.78
2026-03-22 08:00:00,8.157,8.168,8.084,8.103,516928.82
2026-03-22 12:00:00,8.103,8.167,8.084,8.125,357401.85
2026-03-22 16:00:00,8.125,8.135,8.023,8.064,343258.84
2026-03-22 20:00:00,8.064,8.105,7.938,8.028,648885.76
2026-03-23 00:00:00,8.028,8.219,8.028,8.176,574829.41
2026-03-23 04:00:00,8.175,8.197,8.007,8.035,426137.37
2026-03-23 08:00:00,8.036,8.447,7.971,8.318,1601981.06
2026-03-23 12:00:00,8.319,8.617,8.296,8.399,1356576.91
2026-03-23 16:00:00,8.4,8.52,8.353,8.483,550375.01
2026-03-23 20:00:00,8.484,8.726,8.471,8.578,816711.68
2026-03-24 00:00:00,8.578,8.614,8.396,8.442,588688.5
2026-03-24 04:00:00,8.442,8.529,8.378,8.519,460849.63
2026-03-24 08:00:00,8.519,8.567,8.409,8.424,451416.62
2026-03-24 12:00:00,8.425,8.508,8.333,8.485,650869.51
2026-03-24 16:00:00,8.484,8.547,8.382,8.5,373936.65
2026-03-24 20:00:00,8.499,8.725,8.498,8.657,693746.59
2026-03-25 00:00:00,8.657,8.818,8.621,8.655,559338.31
2026-03-25 04:00:00,8.654,8.699,8.614,8.679,273726.09
2026-03-25 08:00:00,8.679,8.779,8.672,8.73,398957.92
2026-03-25 12:00:00,8.73,8.785,8.637,8.665,540026.76
2026-03-25 16:00:00,8.665,8.778,8.642,8.674,253176.14
2026-03-25 20:00:00,8.674,8.712,8.606,8.665,234870.7
2026-03-26 00:00:00,8.665,8.698,8.54,8.566,395896.1
2026-03-26 04:00:00,8.565,8.565,8.418,8.463,361797.35
2026-03-26 08:00:00,8.463,8.464,8.286,8.3,668014.26
2026-03-26 12:00:00,8.299,8.36,8.235,8.266,548892.83
2026-03-26 16:00:00,8.267,8.276,8.138,8.16,546278.6
2026-03-26 20:00:00,8.16,8.281,8.129,8.204,516644.96
2026-03-27 00:00:00,8.205,8.235,8.173,8.18,272585.29
2026-03-27 04:00:00,8.18,8.214,8.133,8.208,236125.9
2026-03-27 08:00:00,8.207,8.218,7.958,8.048,990981.69
2026-03-27 12:00:00,8.048,8.15,8.009,8.077,693934.04
2026-03-27 16:00:00,8.076,8.113,8.026,8.085,271414.06
2026-03-27 20:00:00,8.085,8.1,8.043,8.088,160006.68
2026-03-28 00:00:00,8.088,8.115,8.024,8.075,265349.17
2026-03-28 04:00:00,8.075,8.183,8.058,8.183,218206.76
2026-03-28 08:00:00,8.183,8.199,8.112,8.147,190864.91
2026-03-28 12:00:00,8.148,8.245,8.118,8.193,627184.71
2026-03-28 16:00:00,8.194,8.201,8.141,8.156,135662.77
2026-03-28 20:00:00,8.156,8.186,8.01,8.025,298031.78
2026-03-29 00:00:00,8.025,8.085,7.988,8.065,283083.53
2026-03-29 04:00:00,8.065,8.073,8.007,8.02,197565.56
2026-03-29 08:00:00,8.019,8.028,7.973,8.007,243229.57
2026-03-29 12:00:00,8.007,8.01,7.916,7.954,427757.92
2026-03-29 16:00:00,7.954,7.968,7.881,7.942,287993.88
2026-03-29 20:00:00,7.941,8.021,7.748,7.934,730363.09
2026-03-30 00:00:00,7.935,8.215,7.916,8.167,766251.35
2026-03-30 04:00:00,8.167,8.322,8.167,8.317,602993.77
2026-03-30 08:00:00,8.317,8.394,8.18,8.282,666310.55
2026-03-30 12:00:00,8.282,8.304,8.166,8.2,536864.18
2026-03-30 16:00:00,8.2,8.226,8.028,8.075,422976.31
2026-03-30 20:00:00,8.076,8.145,8.038,8.069,364476.62
2026-03-31 00:00:00,8.07,8.229,8.052,8.149,454188.48
2026-03-31 04:00:00,8.148,8.174,8.105,8.132,320126.97
2026-03-31 08:00:00,8.132,8.172,7.988,8.075,616248.02
2026-03-31 12:00:00,8.075,8.178,8.03,8.065,511135.59
2026-03-31 16:00:00,8.066,8.243,8.063,8.192,584919.49
2026-03-31 20:00:00,8.192,8.21,8.128,8.183,211533.57
2026-04-01 00:00:00,8.182,8.211,8.117,8.158,380761.61
2026-04-01 04:00:00,8.158,8.366,8.145,8.308,626348.91
2026-04-01 08:00:00,8.309,8.329,8.2,8.287,511143.93
2026-04-01 12:00:00,8.287,8.361,8.197,8.264,514672.66
2026-04-01 16:00:00,8.264,8.343,8.211,8.235,331520.2
2026-04-01 20:00:00,8.233,8.293,8.175,8.187,253996.54
2026-04-02 00:00:00,8.188,8.26,7.901,7.94,1010003.17
2026-04-02 04:00:00,7.939,7.989,7.885,7.983,527884.32
2026-04-02 08:00:00,7.983,7.983,7.851,7.884,490863.54
2026-04-02 12:00:00,7.885,7.941,7.792,7.874,885745.21
2026-04-02 16:00:00,7.874,7.918,7.812,7.864,398386.86
2026-04-02 20:00:00,7.864,7.891,7.818,7.864,259872.83
2026-04-03 00:00:00,7.864,7.902,7.824,7.898,392060.71
2026-04-03 04:00:00,7.897,8.057,7.892,7.997,607437.98
2026-04-03 08:00:00,7.998,8.047,7.97,8.019,352120.79
2026-04-03 12:00:00,8.019,8.118,7.991,8.048,536165.78
2026-04-03 16:00:00,8.048,8.131,8.038,8.116,504382.92
2026-04-03 20:00:00,8.116,8.187,8.061,8.08,386304.95
2026-04-04 00:00:00,8.08,8.179,8.061,8.178,550801.29
2026-04-04 04:00:00,8.178,8.25,8.137,8.238,660378.72
2026-04-04 08:00:00,8.239,8.449,8.239,8.4,1102708.57
2026-04-04 12:00:00,8.4,8.542,8.304,8.438,1340961.63
2026-04-04 16:00:00,8.438,9.002,8.429,8.882,3034399.76
2026-04-04 20:00:00,8.883,8.908,8.595,8.621,1149385.28
2026-04-05 00:00:00,8.619,8.643,8.462,8.481,1105683.92
2026-04-05 04:00:00,8.482,8.496,8.407,8.448,798130.37
2026-04-05 08:00:00,8.448,8.537,8.433,8.493,737607.62
2026-04-05 12:00:00,8.493,8.649,8.391,8.53,756261.58
2026-04-05 16:00:00,8.53,8.61,8.473,8.593,429005.61
2026-04-05 20:00:00,8.594,8.822,8.584,8.726,732052.05
2026-04-06 00:00:00,8.727,8.813,8.661,8.732,898141.96
2026-04-06 04:00:00,8.732,8.738,8.661,8.691,427600.67
2026-04-06 08:00:00,8.692,8.768,8.674,8.69,473985.6
2026-04-06 12:00:00,8.691,8.707,8.532,8.595,690024.34
2026-04-06 16:00:00,8.595,8.649,8.572,8.587,332167.79
2026-04-06 20:00:00,8.588,8.59,8.37,8.423,561302.28
2026-04-07 00:00:00,8.423,8.445,8.308,8.387,489095.16
2026-04-07 04:00:00,8.387,8.387,8.117,8.187,1412835.24
2026-04-07 08:00:00,8.188,8.202,8.087,8.173,914931.85
2026-04-07 12:00:00,8.172,8.311,8.126,8.307,856493.11
2026-04-07 16:00:00,8.306,8.471,8.3,8.424,937817.64
2026-04-07 20:00:00,8.424,8.949,8.375,8.851,1673197.54
2026-04-08 00:00:00,8.851,8.884,8.67,8.68,868078.62
2026-04-08 04:00:00,8.679,8.783,8.679,8.779,327755.12
2026-04-08 08:00:00,8.779,8.779,8.637,8.667,391701.19
2026-04-08 12:00:00,8.668,8.707,8.48,8.509,785826.22
2026-04-08 16:00:00,8.51,8.587,8.457,8.501,454629.37
2026-04-08 20:00:00,8.501,8.502,8.368,8.412,460327.65
2026-04-09 00:00:00,8.411,8.412,8.317,8.391,494590.58
2026-04-09 04:00:00,8.39,8.47,8.364,8.404,267209.61
2026-04-09 08:00:00,8.404,8.416,8.344,8.354,352921.78
2026-04-09 12:00:00,8.354,8.425,8.305,8.381,585086.35
2026-04-09 16:00:00,8.382,8.441,8.353,8.403,419707.47
2026-04-09 20:00:00,8.403,8.608,8.391,8.433,528487.61
2026-04-10 00:00:00,8.433,8.479,8.368,8.428,357073.91
2026-04-10 04:00:00,8.427,8.575,8.42,8.465,351859.98
2026-04-10 08:00:00,8.464,8.53,8.435,8.451,326179.88
2026-04-10 12:00:00,8.451,8.638,8.424,8.458,797563.23
2026-04-10 16:00:00,8.458,8.556,8.431,8.552,389562.77
2026-04-10 20:00:00,8.552,8.563,8.466,8.489,183218.87
2026-04-11 00:00:00,8.488,8.494,8.423,8.451,256192.95
2026-04-11 04:00:00,8.451,8.455,8.318,8.357,497787.23
2026-04-11 08:00:00,8.358,8.376,8.334,8.352,227422.12
2026-04-11 12:00:00,8.351,8.357,8.254,8.325,575620.94
2026-04-11 16:00:00,8.326,8.564,8.31,8.542,618954.14
2026-04-11 20:00:00,8.542,8.563,8.38,8.43,412753.61
2026-04-12 00:00:00,8.431,8.452,8.148,8.231,950984.46
2026-04-12 04:00:00,8.23,8.245,8.192,8.206,246161.11
2026-04-12 08:00:00,8.206,8.206,8.153,8.185,280263.57
2026-04-12 12:00:00,8.185,8.215,8.094,8.115,614436.41
2026-04-12 16:00:00,8.115,8.21,8.109,8.14,214869.9
2026-04-12 20:00:00,8.139,8.181,8.094,8.123,470096.87
2026-04-13 00:00:00,8.124,8.281,8.107,8.228,528685.56
2026-04-13 04:00:00,8.227,8.252,8.176,8.19,232094.94
2026-04-13 08:00:00,8.189,8.211,8.128,8.158,327832.27
2026-04-13 12:00:00,8.157,8.274,8.141,8.157,520154.26
2026-04-13 16:00:00,8.157,8.369,8.106,8.351,582313.39
2026-04-13 20:00:00,8.351,8.618,8.269,8.605,768054.83
2026-04-14 00:00:00,8.605,8.625,8.483,8.501,451681.22
2026-04-14 04:00:00,8.502,8.56,8.409,8.438,388713.27
2026-04-14 08:00:00,8.437,8.523,8.43,8.446,262582.78
2026-04-14 12:00:00,8.445,8.567,8.351,8.372,981433.65
2026-04-14 16:00:00,8.37,8.445,8.247,8.298,624066.02
2026-04-14 20:00:00,8.298,8.336,8.264,8.306,198363.54
2026-04-15 00:00:00,8.307,8.378,8.281,8.303,337818.68
2026-04-15 04:00:00,8.304,8.362,8.25,8.275,354605.07
2026-04-15 08:00:00,8.275,8.41,8.266,8.398,248593.65
2026-04-15 12:00:00,8.398,8.452,8.352,8.394,294792.41
2026-04-15 16:00:00,8.395,8.542,8.387,8.514,341696.09
2026-04-15 20:00:00,8.515,8.528,8.413,8.447,258634.47
2026-04-16 00:00:00,8.448,8.554,8.381,8.533,384408.48
2026-04-16 04:00:00,8.533,8.584,8.509,8.549,292297.79
2026-04-16 08:00:00,8.548,8.561,8.434,8.49,408114.05
2026-04-16 12:00:00,8.49,8.684,8.353,8.606,1102945.98
2026-04-16 16:00:00,8.607,8.844,8.48,8.822,918405.52
2026-04-16 20:00:00,8.823,8.899,8.612,8.745,488124.38
2026-04-17 00:00:00,8.746,8.766,8.581,8.611,421666.91
2026-04-17 04:00:00,8.612,8.678,8.509,8.677,362569.7
2026-04-17 08:00:00,8.677,8.746,8.561,8.654,668346.77
2026-04-17 12:00:00,8.656,8.91,8.624,8.771,827183.72
2026-04-17 16:00:00,8.771,8.931,8.749,8.822,555059.83
2026-04-17 20:00:00,8.822,8.864,8.724,8.768,240529.21
2026-04-18 00:00:00,8.767,8.828,8.637,8.668,453145.0
2026-04-18 04:00:00,8.669,8.737,8.602,8.726,302423.03
2026-04-18 08:00:00,8.727,8.737,8.5,8.553,545472.4
2026-04-18 12:00:00,8.553,8.594,8.514,8.556,199527.04
2026-04-18 16:00:00,8.556,8.582,8.422,8.455,384093.14
2026-04-18 20:00:00,8.455,8.539,8.438,8.497,204747.11
2026-04-19 00:00:00,8.496,8.498,8.335,8.383,498789.27
2026-04-19 04:00:00,8.382,8.427,8.294,8.348,308354.81
2026-04-19 08:00:00,8.348,8.411,8.302,8.397,284299.64
2026-04-19 12:00:00,8.398,8.532,8.383,8.461,355749.77
2026-04-19 16:00:00,8.462,8.478,8.283,8.364,384367.23
2026-04-19 20:00:00,8.364,8.364,8.176,8.228,549256.89
2026-04-20 00:00:00,8.228,8.368,8.214,8.358,335136.93
2026-04-20 04:00:00,8.359,8.468,8.296,8.395,342881.37
2026-04-20 08:00:00,8.396,8.45,8.355,8.413,228722.15
2026-04-20 12:00:00,8.412,8.476,8.303,8.383,451487.38
2026-04-20 16:00:00,8.383,8.472,8.353,8.429,239126.11
2026-04-20 20:00:00,8.429,8.488,8.366,8.388,192252.02
2026-04-21 00:00:00,8.388,8.432,8.337,8.372,179331.69
2026-04-21 04:00:00,8.372,8.447,8.371,8.432,171139.79
2026-04-21 08:00:00,8.432,8.539,8.424,8.489,427839.85
2026-04-21 12:00:00,8.488,8.506,8.398,8.467,370298.51
2026-04-21 16:00:00,8.467,8.496,8.272,8.285,492147.0
2026-04-21 20:00:00,8.285,8.439,8.28,8.432,261785.54
2026-04-22 00:00:00,8.432,8.586,8.411,8.532,521462.95
2026-04-22 04:00:00,8.533,8.661,8.526,8.649,473018.49
2026-04-22 08:00:00,8.649,8.751,8.639,8.714,461700.44
2026-04-22 12:00:00,8.715,8.733,8.619,8.658,493158.69
2026-04-22 16:00:00,8.658,8.68,8.517,8.551,331306.89
2026-04-22 20:00:00,8.551,8.574,8.437,8.438,275182.72
2026-04-23 00:00:00,8.438,8.462,8.334,8.372,467614.7
2026-04-23 04:00:00,8.372,8.48,8.358,8.443,275018.3
2026-04-23 08:00:00,8.442,8.495,8.36,8.475,394562.17
2026-04-23 12:00:00,8.476,8.556,8.431,8.53,391764.63
2026-04-23 16:00:00,8.53,8.535,8.339,8.423,461397.37
2026-04-23 20:00:00,8.424,8.54,8.424,8.509,247835.92
2026-04-24 00:00:00,8.51,8.543,8.412,8.45,318341.22
2026-04-24 04:00:00,8.451,8.488,8.423,8.461,243508.13
2026-04-24 08:00:00,8.462,8.587,8.451,8.548,341881.8
2026-04-24 12:00:00,8.549,8.608,8.48,8.597,326274.79
2026-04-24 16:00:00,8.596,8.604,8.541,8.574,234039.17
2026-04-24 20:00:00,8.575,8.602,8.489,8.524,254763.58
2026-04-25 00:00:00,8.524,8.56,8.474,8.545,324328.32
2026-04-25 04:00:00,8.546,8.579,8.505,8.525,227574.91
2026-04-25 08:00:00,8.524,8.571,8.478,8.505,220621.1
2026-04-25 12:00:00,8.504,8.524,8.443,8.46,260251.34
2026-04-25 16:00:00,8.459,8.475,8.391,8.41,264809.98
2026-04-25 20:00:00,8.41,8.45,8.392,8.439,124140.45
2026-04-26 00:00:00,8.438,8.44,8.378,8.402,197969.5
2026-04-26 04:00:00,8.401,8.487,8.39,8.46,308128.98
2026-04-26 08:00:00,8.46,8.514,8.42,8.493,235356.01
2026-04-26 12:00:00,8.493,8.501,8.404,8.465,202598.09
2026-04-26 16:00:00,8.467,8.542,8.424,8.506,268264.8
2026-04-26 20:00:00,8.507,8.541,8.457,8.522,282946.42
2026-04-27 00:00:00,8.523,8.628,8.482,8.598,394550.65
2026-04-27 04:00:00,8.599,8.599,8.312,8.351,757820.28
2026-04-27 08:00:00,8.35,8.397,8.33,8.381,288024.17
2026-04-27 12:00:00,8.381,8.43,8.246,8.285,515393.1
2026-04-27 16:00:00,8.286,8.32,8.229,8.302,361380.33
2026-04-27 20:00:00,8.304,8.397,8.299,8.387,220802.97
2026-04-28 00:00:00,8.386,8.407,8.346,8.387,247447.17
2026-04-28 04:00:00,8.388,8.485,8.353,8.396,458224.86
2026-04-28 08:00:00,8.396,8.436,8.336,8.358,264099.81
2026-04-28 12:00:00,8.357,8.414,8.314,8.385,501270.75
2026-04-28 16:00:00,8.386,8.419,8.341,8.417,240971.59
2026-04-28 20:00:00,8.418,8.431,8.363,8.394,176596.22
2026-04-29 00:00:00,8.395,8.468,8.388,8.46,272922.79
2026-04-29 04:00:00,8.46,8.511,8.439,8.476,333398.0
2026-04-29 08:00:00,8.477,8.602,8.456,8.522,554904.76
2026-04-29 12:00:00,8.522,8.525,8.283,8.293,708056.19
2026-04-29 16:00:00,8.294,8.347,8.118,8.236,896950.09
2026-04-29 20:00:00,8.236,8.348,8.232,8.336,368147.72
2026-04-30 00:00:00,8.336,8.408,8.292,8.342,417490.56
2026-04-30 04:00:00,8.342,8.351,8.257,8.347,359851.64
2026-04-30 08:00:00,8.347,8.424,8.33,8.382,455814.48
2026-04-30 12:00:00,8.382,8.468,8.351,8.413,492592.5
2026-04-30 16:00:00,8.414,8.418,8.339,8.351,197088.09
2026-04-30 20:00:00,8.351,8.363,8.302,8.34,149631.86
2026-05-01 00:00:00,8.339,8.457,8.33,8.403,442849.35
2026-05-01 04:00:00,8.403,8.426,8.353,8.376,248885.78
2026-05-01 08:00:00,8.376,8.442,8.324,8.436,374130.83
2026-05-01 12:00:00,8.436,8.518,8.398,8.484,522034.74
2026-05-01 16:00:00,8.483,8.503,8.442,8.449,199936.79
2026-05-01 20:00:00,8.45,8.459,8.37,8.406,292753.81
2026-05-02 00:00:00,8.406,8.467,8.4,8.444,297915.93
2026-05-02 04:00:00,8.443,8.449,8.387,8.433,192580.56
2026-05-02 08:00:00,8.432,8.533,8.425,8.467,360910.49
2026-05-02 12:00:00,8.468,8.515,8.456,8.512,268426.75
2026-05-02 16:00:00,8.512,8.563,8.49,8.559,269918.0
2026-05-02 20:00:00,8.559,8.584,8.515,8.525,238895.18
2026-05-03 00:00:00,8.526,8.528,8.408,8.438,400849.3
2026-05-03 04:00:00,8.438,8.47,8.424,8.45,166361.79
2026-05-03 08:00:00,8.451,8.489,8.42,8.476,349257.82
2026-05-03 12:00:00,8.476,8.497,8.436,8.471,303315.14
2026-05-03 16:00:00,8.471,8.524,8.453,8.495,198004.5
2026-05-03 20:00:00,8.495,8.549,8.454,8.48,292091.42
2026-05-04 00:00:00,8.48,8.698,8.421,8.698,898448.17
2026-05-04 04:00:00,8.697,8.728,8.614,8.658,507015.07
2026-05-04 08:00:00,8.658,8.72,8.463,8.627,856777.9
2026-05-04 12:00:00,8.627,8.866,8.592,8.67,1472654.0
2026-05-04 16:00:00,8.671,8.768,8.605,8.712,478237.89
2026-05-04 20:00:00,8.713,8.754,8.657,8.684,216041.43
2026-05-05 00:00:00,8.684,8.86,8.677,8.841,609518.72
2026-05-05 04:00:00,8.841,8.862,8.746,8.817,511186.61
2026-05-05 08:00:00,8.818,9.037,8.815,8.95,1018824.97
2026-05-05 12:00:00,8.95,8.977,8.831,8.905,815841.08
2026-05-05 16:00:00,8.905,8.951,8.862,8.924,245989.48
2026-05-05 20:00:00,8.923,9.082,8.922,9.01,683564.27
2026-05-06 00:00:00,9.01,9.346,8.993,9.262,823376.87
2026-05-06 04:00:00,9.263,9.366,9.194,9.249,852729.18
2026-05-06 08:00:00,9.249,9.409,9.245,9.321,828122.64
2026-05-06 12:00:00,9.321,9.481,9.155,9.441,1338531.95
2026-05-06 16:00:00,9.441,9.507,9.221,9.263,677794.19
2026-05-06 20:00:00,9.263,9.395,9.236,9.389,304643.18
2026-05-07 00:00:00,9.39,9.398,9.125,9.135,665222.09
2026-05-07 04:00:00,9.134,9.369,9.117,9.3,516586.84
2026-05-07 08:00:00,9.299,9.352,9.204,9.262,375429.22
2026-05-07 12:00:00,9.262,9.344,9.06,9.2,757920.75
2026-05-07 16:00:00,9.201,9.349,9.181,9.199,734541.79
2026-05-07 20:00:00,9.2,9.258,9.158,9.223,300859.86
2026-05-08 00:00:00,9.223,9.298,9.197,9.262,483472.27
2026-05-08 04:00:00,9.261,9.384,9.259,9.36,394291.39
2026-05-08 08:00:00,9.361,9.544,9.343,9.433,752924.43
2026-05-08 12:00:00,9.434,9.644,9.304,9.622,808739.22
2026-05-08 16:00:00,9.622,9.877,9.601,9.827,1482102.52
2026-05-08 20:00:00,9.827,9.862,9.737,9.774,362528.04
2026-05-09 00:00:00,9.773,9.833,9.704,9.747,534052.56
2026-05-09 04:00:00,9.747,9.922,9.701,9.726,691565.37
2026-05-09 08:00:00,9.727,9.75,9.553,9.587,449159.67
2026-05-09 12:00:00,9.588,9.605,9.446,9.477,503069.64
2026-05-09 16:00:00,9.477,9.561,9.401,9.553,395547.16
2026-05-09 20:00:00,9.554,9.629,9.526,9.582,274423.32
2026-05-10 00:00:00,9.581,9.688,9.537,9.624,571751.99
2026-05-10 04:00:00,9.623,9.713,9.594,9.667,425339.52
2026-05-10 08:00:00,9.667,9.718,9.552,9.572,336562.16
2026-05-10 12:00:00,9.572,9.706,9.553,9.701,404531.8
2026-05-10 16:00:00,9.702,9.971,9.67,9.908,816094.07
2026-05-10 20:00:00,9.909,10.046,9.629,9.97,1327032.6
2026-05-11 00:00:00,9.968,10.071,9.665,9.788,1001763.71
2026-05-11 04:00:00,9.789,9.853,9.707,9.74,345381.94
2026-05-11 08:00:00,9.741,9.798,9.672,9.716,473946.24
2026-05-11 12:00:00,9.717,9.76,9.615,9.739,519271.01
2026-05-11 16:00:00,9.739,9.87,9.671,9.854,489350.15
2026-05-11 20:00:00,9.855,9.87,9.748,9.769,217522.08
2026-05-12 00:00:00,9.768,9.791,9.562,9.605,594432.34
2026-05-12 04:00:00,9.605,9.662,9.511,9.57,462816.98
2026-05-12 08:00:00,9.571,9.587,9.413,9.458,637484.08
2026-05-12 12:00:00,9.459,9.487,9.245,9.268,993012.8
2026-05-12 16:00:00,9.269,9.43,9.198,9.394,537930.89
2026-05-12 20:00:00,9.395,9.454,9.376,9.388,303576.23
2026-05-13 00:00:00,9.388,9.511,9.372,9.503,276999.98
2026-05-13 04:00:00,9.504,9.554,9.417,9.438,345095.54
2026-05-13 08:00:00,9.438,9.591,9.429,9.453,622618.94
2026-05-13 12:00:00,9.451,9.471,9.119,9.136,994651.58
2026-05-13 16:00:00,9.136,9.299,9.134,9.219,321570.3
2026-05-13 20:00:00,9.22,9.262,9.162,9.246,139649.22
2026-05-14 00:00:00,9.247,9.283,9.124,9.141,366938.61
2026-05-14 04:00:00,9.142,9.309,9.127,9.234,317257.15
2026-05-14 08:00:00,9.236,9.27,9.186,9.207,265676.54
2026-05-14 12:00:00,9.206,9.462,9.201,9.453,548964.84
2026-05-14 16:00:00,9.453,9.681,9.412,9.518,928052.74
2026-05-14 20:00:00,9.518,9.573,9.452,9.467,410519.33
2026-05-15 00:00:00,9.467,9.532,9.359,9.458,429697.54
2026-05-15 04:00:00,9.457,9.467,9.252,9.399,484376.51
2026-05-15 08:00:00,9.4,9.404,9.287,9.297,262937.87
2026-05-15 12:00:00,9.296,9.3,8.881,9.02,1368159.46
2026-05-15 16:00:00,9.021,9.273,9.011,9.226,649031.82
2026-05-15 20:00:00,9.225,9.272,9.197,9.239,300591.64
2026-05-16 00:00:00,9.239,9.306,9.155,9.209,379302.6
2026-05-16 04:00:00,9.208,9.218,8.814,8.922,923556.24
2026-05-16 08:00:00,8.921,8.965,8.768,8.869,731241.37
2026-05-16 12:00:00,8.87,9.02,8.845,8.997,325869.34
2026-05-16 16:00:00,8.997,9.116,8.994,9.071,395561.28
2026-05-16 20:00:00,9.072,9.083,9.004,9.034,140564.06
2026-05-17 00:00:00,9.035,9.057,8.924,9.039,315193.55
2026-05-17 04:00:00,9.039,9.143,9.033,9.093,228063.91
2026-05-17 08:00:00,9.093,9.144,9.06,9.089,228837.64
2026-05-17 12:00:00,9.09,9.18,8.976,9.012,330044.77
2026-05-17 16:00:00,9.012,9.031,8.942,8.999,184014.53
2026-05-17 20:00:00,8.998,9.036,8.622,8.857,675027.81
2026-05-18 00:00:00,8.858,8.946,8.788,8.861,477612.47
2026-05-18 04:00:00,8.86,8.886,8.769,8.8,444807.14
2026-05-18 08:00:00,8.8,8.841,8.686,8.76,533068.73
2026-05-18 12:00:00,8.761,8.855,8.62,8.68,731406.14
2026-05-18 16:00:00,8.681,8.949,8.643,8.93,474201.5
2026-05-18 20:00:00,8.931,9.026,8.89,8.93,466140.0
2026-05-19 00:00:00,8.932,9.0,8.869,8.896,228692.29
2026-05-19 04:00:00,8.897,8.988,8.871,8.97,218408.4
2026-05-19 08:00:00,8.971,9.0,8.816,8.817,395952.5
2026-05-19 12:00:00,8.816,8.911,8.78,8.838,410867.69
2026-05-19 16:00:00,8.838,9.145,8.836,9.013,923565.44
2026-05-19 20:00:00,9.013,9.043,8.9,8.963,272751.01
2026-05-20 00:00:00,8.963,8.97,8.836,8.907,307370.18
2026-05-20 04:00:00,8.907,9.041,8.869,9.021,293124.4
2026-05-20 08:00:00,9.021,9.084,8.942,8.954,344842.03
2026-05-20 12:00:00,8.955,9.115,8.893,9.076,655231.58
2026-05-20 16:00:00,9.076,9.115,8.96,9.035,480650.15
2026-05-20 20:00:00,9.034,9.071,8.927,8.996,283410.72
2026-05-21 00:00:00,8.997,9.077,8.977,9.064,244651.63
2026-05-21 04:00:00,9.063,9.079,8.947,9.034,310591.66
2026-05-21 08:00:00,9.035,9.058,8.846,8.853,536699.49
2026-05-21 12:00:00,8.852,8.959,8.834,8.912,476004.56
2026-05-21 16:00:00,8.912,9.042,8.859,9.02,521505.59
2026-05-21 20:00:00,9.02,9.042,8.945,8.968,302831.26
2026-05-22 00:00:00,8.968,9.143,8.947,9.143,375288.1
2026-05-22 04:00:00,9.144,9.19,9.047,9.143,511047.3
2026-05-22 08:00:00,9.143,9.356,9.131,9.312,953277.38
2026-05-22 12:00:00,9.312,9.496,9.103,9.126,1374198.91
2026-05-22 16:00:00,9.128,9.18,8.739,8.821,978850.11
2026-05-22 20:00:00,8.821,8.911,8.692,8.775,434857.85
2026-05-23 00:00:00,8.776,8.937,8.712,8.896,504753.4
2026-05-23 04:00:00,8.896,8.896,8.582,8.673,545508.32
2026-05-23 08:00:00,8.672,8.7,8.596,8.655,454672.16
2026-05-23 12:00:00,8.656,8.893,8.637,8.858,417034.22
2026-05-23 16:00:00,8.858,8.988,8.842,8.937,434548.42
2026-05-23 20:00:00,8.937,9.196,8.912,8.995,620559.53
2026-05-24 00:00:00,8.996,9.051,8.957,8.976,302717.46
2026-05-24 04:00:00,8.977,9.038,8.931,8.989,201402.05
2026-05-24 08:00:00,8.989,9.154,8.965,9.083,564187.43
2026-05-24 12:00:00,9.084,9.088,8.826,8.936,503248.72
2026-05-24 16:00:00,8.936,8.982,8.9,8.923,193283.78
2026-05-24 20:00:00,8.923,8.929,8.771,8.903,329912.87
2026-05-25 00:00:00,8.903,8.942,8.848,8.879,207035.77
2026-05-25 04:00:00,8.88,9.038,8.858,9.014,283644.13
2026-05-25 08:00:00,9.014,9.068,8.99,9.03,260747.04
2026-05-25 12:00:00,9.031,9.103,8.998,9.033,431541.69
2026-05-25 16:00:00,9.035,9.134,8.996,9.029,270876.39
2026-05-25 20:00:00,9.028,9.044,8.891,8.933,282504.23
2026-05-26 00:00:00,8.935,8.945,8.771,8.826,525036.35
2026-05-26 04:00:00,8.827,8.905,8.81,8.841,310352.21
2026-05-26 08:00:00,8.842,9.003,8.819,8.91,494871.77
2026-05-26 12:00:00,8.911,9.006,8.732,8.795,1063034.9
2026-05-26 16:00:00,8.795,8.801,8.57,8.636,791988.24
2026-05-26 20:00:00,8.637,8.676,8.602,8.627,250819.66
2026-05-27 00:00:00,8.628,8.71,8.594,8.631,321406.23
2026-05-27 04:00:00,8.631,8.664,8.5,8.648,396606.93
2026-05-27 08:00:00,8.648,8.683,8.553,8.557,272760.05
2026-05-27 12:00:00,8.557,8.716,8.5,8.669,569930.78
2026-05-27 16:00:00,8.67,8.69,8.501,8.592,337833.22
2026-05-27 20:00:00,8.592,8.618,8.391,8.445,480031.57
2026-05-28 00:00:00,8.446,8.466,8.2,8.226,749579.13
2026-05-28 04:00:00,8.226,8.243,8.111,8.21,618507.82
2026-05-28 08:00:00,8.211,8.218,8.122,8.135,433910.17
2026-05-28 12:00:00,8.135,8.187,8.052,8.141,661922.29
2026-05-28 16:00:00,8.14,8.378,8.109,8.273,709288.91
2026-05-28 20:00:00,8.273,8.338,8.216,8.244,231895.24
2026-05-29 00:00:00,8.243,8.284,8.157,8.162,277585.94
2026-05-29 04:00:00,8.162,8.269,8.13,8.217,241582.02
2026-05-29 08:00:00,8.216,8.243,8.123,8.154,305452.56
2026-05-29 12:00:00,8.153,8.302,8.006,8.236,932267.08
2026-05-29 16:00:00,8.236,8.298,8.119,8.163,490224.41
2026-05-29 20:00:00,8.163,8.242,8.15,8.198,230095.2
2026-05-30 00:00:00,8.199,8.383,8.185,8.306,632234.64
2026-05-30 04:00:00,8.306,8.321,8.2,8.257,260720.05
2026-05-30 08:00:00,8.257,8.267,8.228,8.24,192744.1
2026-05-30 12:00:00,8.24,8.278,8.215,8.236,201174.59
2026-05-30 16:00:00,8.236,8.276,8.21,8.246,172270.69
2026-05-30 20:00:00,8.246,8.268,8.175,8.209,199486.02
2026-05-31 00:00:00,8.209,8.277,8.192,8.246,238894.62
2026-05-31 04:00:00,8.246,8.274,8.188,8.201,181550.83
2026-05-31 08:00:00,8.202,8.238,8.164,8.209,175364.44
2026-05-31 12:00:00,8.209,8.22,8.074,8.099,391706.38
2026-05-31 16:00:00,8.099,8.117,8.044,8.115,264690.85
2026-05-31 20:00:00,8.116,8.225,8.115,8.181,268683.5
2026-06-01 00:00:00,8.18,8.231,8.045,8.178,504893.54
2026-06-01 04:00:00,8.178,8.195,8.001,8.025,469665.77
2026-06-01 08:00:00,8.026,8.08,7.981,8.058,405798.57
2026-06-01 12:00:00,8.059,8.091,7.939,7.991,784563.07
2026-06-01 16:00:00,7.991,8.144,7.95,8.113,374346.1
2026-06-01 20:00:00,8.114,8.123,7.994,8.086,320895.63
2026-06-02 00:00:00,8.087,8.096,7.911,8.066,506371.67
2026-06-02 04:00:00,8.067,8.084,7.928,7.99,384535.06
2026-06-02 08:00:00,7.991,8.009,7.919,7.946,335057.09
2026-06-02 12:00:00,7.946,7.99,7.6,7.714,1538354.83
2026-06-02 16:00:00,7.714,7.818,7.609,7.715,693510.93
2026-06-02 20:00:00,7.716,7.828,7.427,7.6,1056854.67
2026-06-03 00:00:00,7.601,7.801,7.595,7.631,961417.79
2026-06-03 04:00:00,7.631,7.964,7.618,7.889,919066.14
2026-06-03 08:00:00,7.888,7.913,7.807,7.863,498917.25
2026-06-03 12:00:00,7.864,7.915,7.794,7.82,603707.17
2026-06-03 16:00:00,7.82,7.84,7.695,7.729,662778.88
2026-06-03 20:00:00,7.73,7.859,7.603,7.711,712420.05
2026-06-04 00:00:00,7.71,7.781,7.196,7.628,1869216.71
2026-06-04 04:00:00,7.629,7.647,7.376,7.377,737703.3
2026-06-04 08:00:00,7.377,7.436,7.187,7.319,1191046.75
2026-06-04 12:00:00,7.32,7.537,7.286,7.453,817482.2
2026-06-04 16:00:00,7.452,7.491,7.343,7.427,384094.73
2026-06-04 20:00:00,7.428,7.432,7.209,7.268,729601.95
2026-06-05 00:00:00,7.268,7.302,6.992,7.032,1133142.61
2026-06-05 04:00:00,7.034,7.184,6.692,6.991,2270590.6
2026-06-05 08:00:00,6.992,7.041,6.854,6.94,712555.98
2026-06-05 12:00:00,6.94,7.019,6.654,6.724,1527808.25
2026-06-05 16:00:00,6.723,6.889,6.501,6.719,1467341.39
2026-06-05 20:00:00,6.719,6.915,6.648,6.799,624607.1
2026-06-06 00:00:00,6.799,6.87,6.697,6.72,405444.01
2026-06-06 04:00:00,6.72,6.801,6.416,6.775,1454761.55
2026-06-06 08:00:00,6.776,6.849,6.656,6.756,733272.23
2026-06-06 12:00:00,6.757,6.85,6.721,6.779,515188.96
2026-06-06 16:00:00,6.779,6.81,6.703,6.711,317278.51
2026-06-06 20:00:00,6.711,6.796,6.688,6.788,266079.33
2026-06-07 00:00:00,6.787,6.946,6.775,6.923,444429.18
2026-06-07 04:00:00,6.922,7.079,6.899,7.048,768015.98
2026-06-07 08:00:00,7.049,7.165,7.004,7.045,502640.57
2026-06-07 12:00:00,7.046,7.051,6.903,7.015,580802.16
2026-06-07 16:00:00,7.016,7.051,6.865,6.902,343545.61
2026-06-07 20:00:00,6.901,7.235,6.883,7.107,616083.31
2026-06-08 00:00:00,7.107,7.141,6.991,7.063,447557.38
2026-06-08 04:00:00,7.064,7.077,6.949,7.065,376858.41
2026-06-08 08:00:00,7.065,7.21,7.016,7.163,453519.86
2026-06-08 12:00:00,7.163,7.222,7.116,7.154,507733.67
2026-06-08 16:00:00,7.155,7.205,7.109,7.14,263496.93
2026-06-08 20:00:00,7.141,7.18,7.085,7.106,326217.09
2026-06-09 00:00:00,7.105,7.107,6.881,6.969,738348.07
2026-06-09 04:00:00,6.968,7.102,6.944,7.056,379504.44
2026-06-09 08:00:00,7.056,7.058,6.977,7.024,272378.24
2026-06-09 12:00:00,7.023,7.068,6.897,6.908,543639.58
2026-06-09 16:00:00,6.907,7.046,6.827,7.034,663214.92
2026-06-09 20:00:00,7.035,7.069,6.977,6.998,272324.28
2026-06-10 00:00:00,6.998,7.037,6.906,6.941,341709.75
2026-06-10 04:00:00,6.941,6.973,6.888,6.955,224616.86
2026-06-10 08:00:00,6.956,6.959,6.861,6.891,416991.6
2026-06-10 12:00:00,6.891,7.079,6.864,7.047,708098.05
2026-06-10 16:00:00,7.048,7.07,6.878,6.892,623386.76
2026-06-10 20:00:00,6.891,6.969,6.794,6.952,582118.5
2026-06-11 00:00:00,6.953,7.109,6.951,7.089,419807.68
2026-06-11 04:00:00,7.089,7.16,7.046,7.081,412509.84
2026-06-11 08:00:00,7.082,7.154,7.081,7.133,345091.31
2026-06-11 12:00:00,7.134,7.176,7.055,7.126,456730.98
2026-06-11 16:00:00,7.127,7.376,7.111,7.267,936778.83
2026-06-11 20:00:00,7.268,7.302,7.23,7.243,308835.95
2026-06-12 00:00:00,7.243,7.308,7.214,7.307,312366.31
2026-06-12 04:00:00,7.308,7.329,7.174,7.213,310017.68
2026-06-12 08:00:00,7.214,7.322,7.211,7.244,319043.24
2026-06-12 12:00:00,7.244,7.325,7.176,7.21,443211.92
2026-06-12 16:00:00,7.209,7.268,7.138,7.141,341196.9
2026-06-12 20:00:00,7.141,7.168,7.103,7.143,165261.21
2026-06-13 00:00:00,7.144,7.199,7.124,7.145,181116.83
2026-06-13 04:00:00,7.144,7.19,7.095,7.182,255531.41
2026-06-13 08:00:00,7.182,7.203,7.161,7.197,163917.96
2026-06-13 12:00:00,7.197,7.232,7.157,7.218,307885.97
2026-06-13 16:00:00,7.219,7.221,7.16,7.189,211676.62
2026-06-13 20:00:00,7.188,7.233,7.164,7.182,175429.79
2026-06-14 00:00:00,7.182,7.191,7.134,7.159,323954.98
2026-06-14 04:00:00,7.158,7.161,7.087,7.099,300337.59
2026-06-14 08:00:00,7.1,7.153,7.088,7.104,222286.17
2026-06-14 12:00:00,7.104,7.109,6.972,7.001,423003.42
2026-06-14 16:00:00,7.001,7.013,6.93,6.945,341236.16
2026-06-14 20:00:00,6.946,7.22,6.937,7.212,602660.95
2026-06-15 00:00:00,7.212,7.31,7.141,7.278,496644.07
2026-06-15 04:00:00,7.278,7.296,7.225,7.254,304519.97
2026-06-15 08:00:00,7.255,7.423,7.223,7.412,502709.33
2026-06-15 12:00:00,7.413,7.536,7.375,7.529,782850.6
2026-06-15 16:00:00,7.53,7.678,7.386,7.425,898954.61
2026-06-15 20:00:00,7.424,7.497,7.363,7.413,389468.6
2026-06-16 00:00:00,7.413,7.441,7.253,7.397,532975.51
2026-06-16 04:00:00,7.398,7.414,7.323,7.389,350367.72
2026-06-16 08:00:00,7.389,7.483,7.345,7.374,376157.84
2026-06-16 12:00:00,7.375,7.46,7.232,7.313,589587.08
2026-06-16 16:00:00,7.313,7.429,7.28,7.38,335817.33
2026-06-16 20:00:00,7.378,7.451,7.356,7.374,251508.31
2026-06-17 00:00:00,7.375,7.534,7.375,7.445,491703.63
2026-06-17 04:00:00,7.446,7.487,7.346,7.383,383561.15
2026-06-17 08:00:00,7.384,7.391,7.267,7.289,513521.51
2026-06-17 12:00:00,7.29,7.447,7.264,7.446,415481.46
2026-06-17 16:00:00,7.447,7.479,7.223,7.252,737331.47
2026-06-17 20:00:00,7.251,7.328,7.192,7.314,286860.41
2026-06-18 00:00:00,7.315,7.394,7.246,7.257,382083.07
2026-06-18 04:00:00,7.257,7.264,7.121,7.182,559825.33
2026-06-18 08:00:00,7.182,7.199,7.126,7.145,417058.06
2026-06-18 12:00:00,7.146,7.226,6.918,6.983,955764.79
2026-06-18 16:00:00,6.983,7.166,6.971,7.151,629494.06
2026-06-18 20:00:00,7.152,7.212,7.152,7.21,263218.18
2026-06-19 00:00:00,7.208,7.293,7.158,7.188,371083.68
2026-06-19 04:00:00,7.188,7.204,7.075,7.099,383774.91
2026-06-19 08:00:00,7.1,7.252,7.09,7.227,405772.96
2026-06-19 12:00:00,7.227,7.452,7.227,7.39,1120745.33
2026-06-19 16:00:00,7.39,7.763,7.388,7.471,1946503.06
2026-06-19 20:00:00,7.472,7.705,7.468,7.603,914160.13
2026-06-20 00:00:00,7.603,7.672,7.521,7.627,629490.91
2026-06-20 04:00:00,7.627,7.663,7.504,7.518,516042.52
2026-06-20 08:00:00,7.517,7.696,7.481,7.674,566792.66
2026-06-20 12:00:00,7.675,7.68,7.471,7.568,714555.35
2026-06-20 16:00:00,7.569,7.571,7.391,7.401,412853.84
2026-06-20 20:00:00,7.401,7.494,7.354,7.452,392403.87
2026-06-21 00:00:00,7.451,7.455,7.391,7.423,253803.58
2026-06-21 04:00:00,7.423,7.443,7.381,7.401,203151.69
2026-06-21 08:00:00,7.4,7.437,7.309,7.363,381620.02
2026-06-21 12:00:00,7.361,7.385,7.318,7.382,251439.29
2026-06-21 16:00:00,7.382,7.419,7.322,7.391,211178.74
2026-06-21 20:00:00,7.392,7.393,7.217,7.292,388430.27
2026-06-22 00:00:00,7.293,7.429,7.262,7.304,478610.23
2026-06-22 04:00:00,7.304,7.329,7.266,7.318,242354.13
2026-06-22 08:00:00,7.318,7.358,7.269,7.35,260126.84
2026-06-22 12:00:00,7.352,7.444,7.28,7.295,502462.16
2026-06-22 16:00:00,7.295,7.344,7.205,7.231,408292.03
2026-06-22 20:00:00,7.233,7.257,7.105,7.171,428636.98
2026-06-23 00:00:00,7.172,7.21,7.115,7.164,371258.92
2026-06-23 04:00:00,7.164,7.166,6.965,7.004,611951.08
2026-06-23 08:00:00,7.003,7.041,6.904,6.999,592308.81
2026-06-23 12:00:00,6.999,7.009,6.863,6.911,637989.88
2026-06-23 16:00:00,6.91,6.969,6.838,6.952,392938.14
2026-06-23 20:00:00,6.954,7.076,6.954,7.063,285030.81
2026-06-24 00:00:00,7.064,7.16,7.057,7.073,466500.16
2026-06-24 04:00:00,7.073,7.176,7.04,7.07,421132.46
2026-06-24 08:00:00,7.07,7.078,6.978,7.023,351142.37
2026-06-24 12:00:00,7.023,7.039,6.781,6.812,821105.38
2026-06-24 16:00:00,6.811,6.875,6.593,6.845,1103467.5
2026-06-24 20:00:00,6.845,7.015,6.832,6.988,527968.02
2026-06-25 00:00:00,6.988,7.134,6.988,7.045,754326.88
2026-06-25 04:00:00,7.044,7.174,7.024,7.138,492681.55
2026-06-25 08:00:00,7.138,7.149,7.049,7.065,333164.26
2026-06-25 12:00:00,7.066,7.105,6.688,6.925,1666308.97
2026-06-25 16:00:00,6.926,7.168,6.923,7.115,1105466.46
2026-06-25 20:00:00,7.116,7.162,7.014,7.026,368257.71
2026-06-26 00:00:00,7.027,7.054,6.812,6.966,709999.09
2026-06-26 04:00:00,6.967,7.085,6.904,7.023,511788.54
2026-06-26 08:00:00,7.022,7.078,6.93,6.949,515383.67
2026-06-26 12:00:00,6.948,7.153,6.861,7.125,775297.47
2026-06-26 16:00:00,7.125,7.348,7.077,7.309,679155.21
2026-06-26 20:00:00,7.31,7.39,7.221,7.248,478027.31
2026-06-27 00:00:00,7.249,7.299,7.205,7.237,323500.07
2026-06-27 04:00:00,7.236,7.328,7.234,7.295,313113.12
2026-06-27 08:00:00,7.295,7.335,7.222,7.261,317029.82
2026-06-27 12:00:00,7.262,7.271,7.211,7.267,197637.81
2026-06-27 16:00:00,7.267,7.29,7.122,7.146,365586.07
2026-06-27 20:00:00,7.145,7.191,7.08,7.11,339463.19
2026-06-28 00:00:00,7.11,7.161,7.049,7.122,330562.66
2026-06-28 04:00:00,7.123,7.132,7.062,7.108,160686.63
2026-06-28 08:00:00,7.108,7.138,7.025,7.057,315195.09
2026-06-28 12:00:00,7.057,7.079,7.003,7.028,247435.41
2026-06-28 16:00:00,7.029,7.086,6.986,7.014,288041.91
2026-06-28 20:00:00,7.013,7.071,6.96,7.049,257219.3
2026-06-29 00:00:00,7.049,7.075,6.96,7.053,351923.94
2026-06-29 04:00:00,7.053,7.105,7.002,7.046,336058.93
2026-06-29 08:00:00,7.046,7.063,7.0,7.026,320074.72
2026-06-29 12:00:00,7.025,7.122,6.923,7.034,785968.31
2026-06-29 16:00:00,7.035,7.151,7.004,7.141,338315.56
2026-06-29 20:00:00,7.141,7.15,7.092,7.138,163291.36
2026-06-30 00:00:00,7.137,7.15,7.022,7.062,261355.33
2026-06-30 04:00:00,7.062,7.082,7.002,7.017,278080.05
2026-06-30 08:00:00,7.016,7.024,6.945,6.978,339474.26
2026-06-30 12:00:00,6.977,7.027,6.892,6.969,459187.23
2026-06-30 16:00:00,6.967,7.003,6.926,6.942,200739.87
2026-06-30 20:00:00,6.941,6.946,6.863,6.885,353337.17
2026-07-01 00:00:00,6.886,6.968,6.752,6.949,528889.25
2026-07-01 04:00:00,6.949,6.972,6.827,6.859,308100.15
2026-07-01 08:00:00,6.858,6.9,6.814,6.84,384481.97
2026-07-01 12:00:00,6.841,7.052,6.779,7.014,644425.67
2026-07-01 16:00:00,7.014,7.024,6.941,6.95,296466.08
2026-07-01 20:00:00,6.95,7.11,6.934,7.005,395694.07
2026-07-02 00:00:00,7.005,7.102,6.966,7.089,318048.71
2026-07-02 04:00:00,7.09,7.091,6.982,7.026,213385.95
2026-07-02 08:00:00,7.026,7.153,7.013,7.127,384107.39
2026-07-02 12:00:00,7.126,7.236,7.09,7.115,533161.64
2026-07-02 16:00:00,7.115,7.126,7.064,7.082,196306.93
2026-07-02 20:00:00,7.083,7.092,7.051,7.069,137759.59
2026-07-03 00:00:00,7.069,7.119,7.031,7.066,273274.28
2026-07-03 04:00:00,7.066,7.146,7.049,7.107,217327.34
2026-07-03 08:00:00,7.108,7.287,7.096,7.278,443079.51
2026-07-03 12:00:00,7.278,7.305,7.146,7.181,485477.62
2026-07-03 16:00:00,7.183,7.256,7.179,7.214,232873.77
2026-07-03 20:00:00,7.213,7.312,7.197,7.225,368454.02
2026-07-04 00:00:00,7.224,7.25,7.116,7.162,341435.45
2026-07-04 04:00:00,7.163,7.215,7.116,7.148,284692.08
2026-07-04 08:00:00,7.149,7.357,7.136,7.331,806925.22
2026-07-04 12:00:00,7.332,7.372,7.259,7.349,543084.04
2026-07-04 16:00:00,7.35,7.389,7.295,7.304,410579.98
2026-07-04 20:00:00,7.303,7.331,7.218,7.261,234610.25
2026-07-05 00:00:00,7.261,7.269,7.137,7.142,453783.45
2026-07-05 04:00:00,7.142,7.168,7.036,7.103,530869.85
2026-07-05 08:00:00,7.102,7.109,7.017,7.097,376323.91
2026-07-05 12:00:00,7.096,7.169,7.076,7.168,318361.36
2026-07-05 16:00:00,7.167,7.168,7.105,7.133,308903.71
2026-07-05 20:00:00,7.134,7.27,7.105,7.236,350875.6
2026-07-06 00:00:00,7.237,7.242,7.068,7.109,645001.19
2026-07-06 04:00:00,7.108,7.12,7.02,7.1,430162.03
2026-07-06 08:00:00,7.1,7.149,7.074,7.082,265163.56
2026-07-06 12:00:00,7.081,7.17,6.957,7.162,728323.41
2026-07-06 16:00:00,7.162,7.197,7.099,7.131,318956.56
2026-07-06 20:00:00,7.132,7.196,7.086,7.11,257550.47
2026-07-07 00:00:00,7.11,7.161,7.008,7.03,397394.36
2026-07-07 04:00:00,7.029,7.046,6.982,7.024,376979.27
2026-07-07 08:00:00,7.023,7.04,6.976,6.995,292553.35
2026-07-07 12:00:00,6.994,7.053,6.894,7.044,541842.43
2026-07-07 16:00:00,7.045,7.076,6.941,6.975,377414.59
2026-07-07 20:00:00,6.974,6.99,6.862,6.961,390902.34
2026-07-08 00:00:00,6.961,6.992,6.823,6.868,493793.32
2026-07-08 04:00:00,6.869,6.948,6.854,6.918,258739.72
2026-07-08 08:00:00,6.917,6.968,6.8,6.93,633964.62
2026-07-08 12:00:00,6.93,6.95,6.839,6.848,473876.93
2026-07-08 16:00:00,6.848,6.939,6.845,6.861,294943.39
2026-07-08 20:00:00,6.861,6.902,6.859,6.899,208186.62
2026-07-09 00:00:00,6.898,6.99,6.868,6.945,424439.05
2026-07-09 04:00:00,6.945,7.036,6.94,7.011,366163.91
2026-07-09 08:00:00,7.012,7.034,6.979,6.997,313113.83
2026-07-09 12:00:00,6.997,7.041,6.957,7.004,418678.02
2026-07-09 16:00:00,7.004,7.044,6.969,7.03,252811.86
2026-07-09 20:00:00,7.03,7.051,7.003,7.031,203912.43
2026-07-10 00:00:00,7.031,7.109,7.003,7.045,485801.75
2026-07-10 04:00:00,7.046,7.085,7.041,7.041,217710.67
2026-07-10 08:00:00,7.042,7.132,7.039,7.082,393915.85
2026-07-10 12:00:00,7.082,7.118,7.011,7.08,435904.13
2026-07-10 16:00:00,7.081,7.124,7.05,7.078,252487.71
2026-07-10 20:00:00,7.079,7.091,7.053,7.053,137753.0
2026-07-11 00:00:00,7.054,7.109,7.044,7.104,272961.76
2026-07-11 04:00:00,7.105,7.13,7.084,7.09,202895.01
2026-07-11 08:00:00,7.09,7.119,7.062,7.07,198798.86
2026-07-11 12:00:00,7.071,7.122,7.062,7.099,300904.41
2026-07-11 16:00:00,7.098,7.119,7.076,7.082,189207.03
2026-07-11 20:00:00,7.082,7.091,6.944,6.95,412479.28
2026-07-12 00:00:00,6.949,6.951,6.805,6.914,846657.18
2026-07-12 04:00:00,6.914,6.916,6.819,6.857,443430.86
2026-07-12 08:00:00,6.856,6.891,6.84,6.891,260698.79
2026-07-12 12:00:00,6.89,6.968,6.883,6.934,411547.26
2026-07-12 16:00:00,6.934,6.942,6.895,6.908,251135.74
2026-07-12 20:00:00,6.908,6.922,6.817,6.842,388115.66
2026-07-13 00:00:00,6.843,6.945,6.814,6.882,634371.4
2026-07-13 04:00:00,6.882,6.992,6.836,6.963,528791.6
2026-07-13 08:00:00,6.962,7.07,6.931,6.951,755887.38
2026-07-13 12:00:00,6.95,6.964,6.881,6.926,459061.58
2026-07-13 16:00:00,6.925,6.97,6.842,6.904,486894.34
2026-07-13 20:00:00,6.903,6.91,6.8,6.879,346652.36
2026-07-14 00:00:00,6.88,6.921,6.824,6.858,405242.67
2026-07-14 04:00:00,6.857,6.999,6.84,6.904,986139.16
2026-07-14 08:00:00,6.905,6.919,6.854,6.856,313749.79
2026-07-14 12:00:00,6.857,7.119,6.854,7.061,990246.02
2026-07-14 16:00:00,7.06,7.089,7.009,7.068,292265.19
2026-07-14 20:00:00,7.069,7.109,7.053,7.092,287661.55
2026-07-15 00:00:00,7.093,7.108,7.015,7.032,347670.34
2026-07-15 04:00:00,7.032,7.066,6.986,7.002,350139.82
2026-07-15 08:00:00,7.002,7.07,6.99,7.04,349918.41
2026-07-15 12:00:00,7.04,7.22,7.04,7.127,885655.53
2026-07-15 16:00:00,7.128,7.135,7.041,7.075,420370.27
2026-07-15 20:00:00,7.075,7.101,7.064,7.081,209408.1
2026-07-16 00:00:00,7.081,7.092,7.013,7.068,280292.71
2026-07-16 04:00:00,7.068,7.1,7.01,7.038,263659.47
2026-07-16 08:00:00,7.038,7.043,6.945,6.957,554778.17
2026-07-16 12:00:00,6.957,7.063,6.937,7.028,482563.62
2026-07-16 16:00:00,7.028,7.064,6.981,6.996,395750.74
2026-07-16 20:00:00,6.996,7.015,6.911,6.935,242477.4
2026-07-17 00:00:00,6.936,6.994,6.871,6.952,511506.55
2026-07-17 04:00:00,6.952,6.953,6.849,6.888,422361.23
2026-07-17 08:00:00,6.888,6.959,6.868,6.942,338615.89
2026-07-17 12:00:00,6.943,7.035,6.858,7.035,664340.69
2026-07-17 16:00:00,7.033,7.098,6.994,7.017,546753.23
2026-07-17 20:00:00,7.017,7.044,7.007,7.037,178622.05
2026-07-18 00:00:00,7.037,7.071,7.009,7.066,308294.52
2026-07-18 04:00:00,7.067,7.084,7.023,7.057,267338.5
2026-07-18 08:00:00,7.057,7.072,7.002,7.005,309896.42
2026-07-18 12:00:00,7.004,7.068,6.987,6.991,361797.13
2026-07-18 16:00:00,6.991,7.024,6.958,6.971,322507.24
2026-07-18 20:00:00,6.97,7.01,6.96,7.01,191896.74
2026-07-19 00:00:00,7.011,7.043,6.996,7.013,233665.88
2026-07-19 04:00:00,7.014,7.015,6.941,6.964,317346.35
2026-07-19 08:00:00,6.965,6.984,6.908,6.914,346817.27
2026-07-19 12:00:00,6.914,6.939,6.894,6.908,372671.16
2026-07-19 16:00:00,6.908,6.96,6.8,6.959,753563.87
2026-07-19 20:00:00,6.959,7.02,6.918,6.953,441105.47
2026-07-20 00:00:00,6.953,6.981,6.853,6.918,717150.15
2026-07-20 04:00:00,6.916,6.919,6.738,6.794,921045.53
2026-07-20 08:00:00,6.794,6.861,6.72,6.832,817630.49
2026-07-20 12:00:00,6.832,6.937,6.769,6.937,770409.66
2026-07-20 16:00:00,6.938,7.04,6.878,6.954,604022.64
2026-07-20 20:00:00,6.955,6.979,6.889,6.924,270281.11
2026-07-21 00:00:00,6.924,6.975,6.876,6.972,405532.63
2026-07-21 04:00:00,6.971,7.029,6.942,7.026,372313.31
2026-07-21 08:00:00,7.026,7.095,7.009,7.055,650549.56
2026-07-21 12:00:00,7.055,7.071,6.981,6.989,479922.47
2026-07-21 16:00:00,6.988,7.029,6.951,7.008,304320.77
2026-07-21 20:00:00,7.006,7.014,6.97,6.994,166276.51
2026-07-22 00:00:00,6.993,7.031,6.971,6.978,383935.62
2026-07-22 04:00:00,6.978,7.005,6.913,6.93,357853.9
2026-07-22 08:00:00,6.931,6.975,6.929,6.94,326601.4
2026-07-22 12:00:00,6.939,7.019,6.915,7.012,375601.24
2026-07-22 16:00:00,7.012,7.044,6.931,6.932,387066.59
2026-07-22 20:00:00,6.932,6.951,6.892,6.939,364839.7
2026-07-23 00:00:00,6.939,6.96,6.893,6.914,382107.51
2026-07-23 04:00:00,6.913,6.942,6.903,6.906,237093.92
2026-07-23 08:00:00,6.905,6.994,6.901,6.97,445177.93
2026-07-23 12:00:00,6.97,6.995,6.779,6.847,890877.53
2026-07-23 16:00:00,6.847,6.866,6.796,6.824,350117.15
2026-07-23 20:00:00,6.823,6.873,6.811,6.824,212149.42
2026-07-24 00:00:00,6.825,6.846,6.654,6.751,914694.87
2026-07-24 04:00:00,6.75,6.778,6.722,6.762,324519.01
2026-07-24 08:00:00,6.763,6.776,6.69,6.704,384597.19
2026-07-24 12:00:00,6.704,6.724,6.59,6.658,800404.84
2026-07-24 16:00:00,6.658,6.659,6.6,6.615,368277.23
2026-07-24 20:00:00,6.615,6.622,6.5,6.558,639596.04
2026-07-25 00:00:00,6.558,6.602,6.531,6.598,345231.28
2026-07-25 04:00:00,6.597,6.624,6.573,6.595,404362.74
2026-07-25 08:00:00,6.596,6.618,6.565,6.576,321354.58
2026-07-25 12:00:00,6.576,6.628,6.565,6.622,242720.98
2026-07-25 16:00:00,6.623,6.727,6.622,6.688,429386.68
2026-07-25 20:00:00,6.689,6.718,6.68,6.7,166969.15
2026-07-26 00:00:00,6.7,6.907,6.698,6.901,864448.85
2026-07-26 04:00:00,6.901,7.033,6.836,7.029,968563.59
2026-07-26 08:00:00,7.029,7.079,6.931,6.993,686800.57
2026-07-26 12:00:00,6.994,7.009,6.886,6.965,522714.62
2026-07-26 16:00:00,6.966,7.198,6.966,7.07,1819424.75
2026-07-26 20:00:00,7.071,7.133,7.044,7.102,452114.42
2026-07-27 00:00:00,7.102,7.115,7.004,7.018,530493.01
2026-07-27 04:00:00,7.017,7.061,6.986,6.993,352343.77
2026-07-27 08:00:00,6.993,7.031,6.973,7.01,272633.15
2026-07-27 12:00:00,7.011,7.044,6.866,6.899,763688.62
2026-07-27 16:00:00,6.899,6.969,6.885,6.929,276446.94
2026-07-27 20:00:00,6.929,6.954,6.736,6.784,730104.14
2026-07-28 00:00:00,6.784,6.802,6.676,6.782,537929.81
2026-07-28 04:00:00,6.781,6.792,6.702,6.727,271402.57
2026-07-28 08:00:00,6.728,6.741,6.7,6.706,355693.15
2026-07-28 12:00:00,6.706,6.78,6.631,6.773,613120.06
2026-07-28 16:00:00,6.773,6.794,6.701,6.737,317775.65
2026-07-28 20:00:00,6.737,6.774,6.708,6.75,241141.32
2026-07-29 00:00:00,6.75,6.773,6.653,6.656,462882.23
2026-07-29 04:00:00,6.656,6.725,6.615,6.712,359548.52
2026-07-29 08:00:00,6.711,6.723,6.667,6.692,245346.75
2026-07-29 12:00:00,6.692,6.71,6.636,6.65,283674.33
2026-07-29 16:00:00,6.649,6.754,6.631,6.65,432097.86
2026-07-29 20:00:00,6.652,6.688,6.577,6.682,332810.5
2026-07-30 00:00:00,6.681,6.768,6.669,6.743,406380.3
2026-07-30 04:00:00,6.744,6.771,6.716,6.74,207974.49
2026-07-30 08:00:00,6.741,6.809,6.741,6.797,338539.81
2026-07-30 12:00:00,6.798,6.819,6.748,6.776,346950.89
2026-07-30 16:00:00,6.775,6.811,6.762,6.795,244209.57
2026-07-30 20:00:00,6.795,6.806,6.761,6.765,193537.22
2026-07-31 00:00:00,6.766,6.804,6.637,6.662,574823.98
2026-07-31 04:00:00,6.663,6.691,6.624,6.669,334145.91
2026-07-31 08:00:00,6.668,6.674,6.617,6.649,280225.44
2026-07-31 12:00:00,6.65,6.664,6.553,6.616,571025.88
2026-07-31 16:00:00,6.616,6.646,6.601,6.612,239437.83
2026-07-31 20:00:00,6.611,6.62,6.585,6.606,186338.83
2026-08-01 00:00:00,6.606,6.723,6.598,6.688,358245.45
2026-08-01 04:00:00,6.688,6.729,6.641,6.657,277398.77
2026-08-01 08:00:00,6.657,6.67,6.607,6.614,269586.29
2026-08-01 12:00:00,6.614,6.624,6.57,6.575,302221.89
2026-08-01 16:00:00,6.573,6.609,6.405,6.474,775463.5
2026-08-01 20:00:00,6.475,6.524,6.449,6.514,234276.12
2026-08-02 00:00:00,6.514,6.651,6.506,6.593,580511.45
2026-08-02 04:00:00,6.592,6.672,6.579,6.665,502159.41
2026-08-02 08:00:00,6.666,6.668,6.61,6.635,281797.75
2026-08-02 12:00:00,6.634,6.669,6.612,6.618,251943.1
2026-08-02 16:00:00,6.619,6.641,6.593,6.617,205786.38
2026-08-02 20:00:00,6.617,6.67,6.6,6.621,192535.8
2026-08-03 00:00:00,6.622,6.628,6.533,6.554,524695.13
2026-08-03 04:00:00,6.554,6.593,6.545,6.545,205548.79
2026-08-03 08:00:00,6.545,6.592,6.483,6.557,458269.45
2026-08-03 12:00:00,6.557,6.656,6.547,6.621,437980.19
2026-08-03 16:00:00,6.621,6.646,6.602,6.616,232993.59
2026-08-03 20:00:00,6.615,6.638,6.571,6.592,217242.7
2026-08-04 00:00:00,6.593,6.619,6.556,6.6,259180.65
2026-08-04 04:00:00,6.599,6.63,6.555,6.603,193196.67
2026-08-04 08:00:00,6.604,6.611,6.571,6.602,184093.1
2026-08-04 12:00:00,6.602,6.627,6.554,6.577,451723.44
2026-08-04 16:00:00,6.577,6.636,6.558,6.617,266258.47
2026-08-04 20:00:00,6.616,6.633,6.576,6.576,159758.3
2026-08-05 00:00:00,6.577,6.582,6.509,6.522,381173.05
2026-08-05 04:00:00,6.521,6.55,6.452,6.491,571126.29
2026-08-05 08:00:00,6.491,6.504,6.463,6.486,313043.22
2026-08-05 12:00:00,6.486,6.531,6.413,6.436,604807.25
2026-08-05 16:00:00,6.436,6.525,6.417,6.511,395750.85
2026-08-05 20:00:00,6.511,6.562,6.493,6.515,236230.61
2026-08-06 00:00:00,6.515,6.567,6.478,6.497,376135.42
2026-08-06 04:00:00,6.497,6.562,6.489,6.51,343837.11
2026-08-06 08:00:00,6.509,6.527,6.301,6.386,1327935.22
2026-08-06 12:00:00,6.386,6.423,6.346,6.405,409620.34
2026-08-06 16:00:00,6.404,6.492,6.399,6.487,437746.52
2026-08-06 20:00:00,6.488,6.592,6.468,6.499,514099.69
2026-08-07 00:00:00,6.5,6.52,6.461,6.482,324217.34
2026-08-07 04:00:00,6.481,6.548,6.469,6.526,372736.06
2026-08-07 08:00:00,6.526,6.536,6.488,6.506,248951.07
2026-08-07 12:00:00,6.505,6.538,6.476,6.494,520112.62
2026-08-07 16:00:00,6.493,6.515,6.439,6.492,284729.68
2026-08-07 20:00:00,6.492,6.499,6.451,6.482,169883.74
2026-08-08 00:00:00,6.482,6.531,6.452,6.518,190894.98
2026-08-08 04:00:00,6.518,6.525,6.5,6.511,110214.19
2026-08-08 08:00:00,6.511,6.564,6.5,6.503,299458.0
2026-08-08 12:00:00,6.503,6.548,6.496,6.546,211914.14
2026-08-08 16:00:00,6.546,6.594,6.511,6.52,318030.55
2026-08-08 20:00:00,6.519,6.543,6.505,6.507,147547.86
2026-08-09 00:00:00,6.507,6.522,6.468,6.493,253633.75
2026-08-09 04:00:00,6.492,6.509,6.471,6.491,200024.36
2026-08-09 08:00:00,6.491,6.51,6.472,6.487,138995.71
2026-08-09 12:00:00,6.487,6.53,6.48,6.521,179208.77
2026-08-09 16:00:00,6.522,6.529,6.473,6.489,197027.41
2026-08-09 20:00:00,6.489,6.527,6.405,6.415,362392.53
2026-08-10 00:00:00,6.415,6.524,6.4,6.499,531552.28
2026-08-10 04:00:00,6.499,6.541,6.488,6.526,378812.96
2026-08-10 08:00:00,6.527,6.533,6.481,6.512,226871.43
2026-08-10 12:00:00,6.513,6.523,6.45,6.462,333009.44
2026-08-10 16:00:00,6.462,6.462,6.363,6.398,506259.34
2026-08-10 20:00:00,6.398,6.411,6.37,6.393,229110.78
2026-08-11 00:00:00,6.393,6.435,6.375,6.386,324633.91
2026-08-11 04:00:00,6.386,6.416,6.374,6.395,205113.34
2026-08-11 08:00:00,6.396,6.407,6.373,6.397,267412.87
2026-08-11 12:00:00,6.397,6.446,6.268,6.307,854508.55
2026-08-11 16:00:00,6.306,6.346,6.275,6.34,473254.41
2026-08-11 20:00:00,6.341,6.4,6.34,6.375,209581.79
2026-08-12 00:00:00,6.375,6.408,6.358,6.363,286111.13
2026-08-12 04:00:00,6.362,6.382,6.303,6.331,333341.25
2026-08-12 08:00:00,6.33,6.48,6.308,6.464,559138.16
2026-08-12 12:00:00,6.463,6.494,6.321,6.341,770034.5
2026-08-12 16:00:00,6.341,6.357,6.3,6.308,399331.82
2026-08-12 20:00:00,6.307,6.335,6.121,6.241,1222469.75
2026-08-13 00:00:00,6.241,6.305,6.195,6.303,541618.77
2026-08-13 04:00:00,6.303,6.312,6.267,6.28,244908.75
2026-08-13 08:00:00,6.281,6.292,6.25,6.252,188625.63
2026-08-13 12:00:00,6.253,6.298,6.225,6.226,298635.76
2026-08-13 16:00:00,6.227,6.243,6.179,6.235,396374.0
2026-08-13 20:00:00,6.236,6.27,6.221,6.235,208830.69
2026-08-14 00:00:00,6.236,6.249,6.15,6.155,348201.78
2026-08-14 04:00:00,6.156,6.192,6.103,6.139,532066.68
2026-08-14 08:00:00,6.138,6.151,6.105,6.126,262695.12
2026-08-14 12:00:00,6.126,6.167,6.105,6.16,289421.83
2026-08-14 16:00:00,6.161,6.193,6.131,6.156,256698.96
2026-08-14 20:00:00,6.157,6.214,6.134,6.211,172905.8
2026-08-15 00:00:00,6.212,6.251,6.199,6.242,340821.74
2026-08-15 04:00:00,6.243,6.253,6.223,6.23,296584.55
2026-08-15 08:00:00,6.229,6.291,6.227,6.266,251617.53
2026-08-15 12:00:00,6.266,6.282,6.256,6.262,128937.24
2026-08-15 16:00:00,6.262,6.27,6.232,6.258,203762.67
2026-08-15 20:00:00,6.258,6.269,6.207,6.21,155593.9
2026-08-16 00:00:00,6.211,6.224,6.16,6.167,249205.73
2026-08-16 04:00:00,6.166,6.178,6.152,6.173,195368.71
2026-08-16 08:00:00,6.172,6.184,6.163,6.179,144827.66
2026-08-16 12:00:00,6.18,6.204,6.17,6.2,157834.8
2026-08-16 16:00:00,6.2,6.206,6.159,6.172,145772.7
2026-08-16 20:00:00,6.172,6.173,6.029,6.103,721201.25
2026-08-17 00:00:00,6.104,6.239,6.099,6.207,770888.18
2026-08-17 04:00:00,6.208,6.228,6.192,6.195,168689.69
2026-08-17 08:00:00,6.196,6.207,6.182,6.193,187634.83
2026-08-17 12:00:00,6.193,6.198,6.164,6.192,293152.69
2026-08-17 16:00:00,6.192,6.2,6.163,6.179,230166.19
2026-08-17 20:00:00,6.18,6.196,6.168,6.19,153219.92
2026-08-18 00:00:00,6.19,6.194,6.03,6.048,876819.85
2026-08-18 04:00:00,6.047,6.083,6.013,6.036,533342.15
2026-08-18 08:00:00,6.037,6.084,6.021,6.069,523977.83
2026-08-18 12:00:00,6.069,6.104,6.026,6.08,561018.85
2026-08-18 16:00:00,6.079,6.101,6.028,6.074,380454.31
2026-08-18 20:00:00,6.074,6.079,6.05,6.076,169225.83
2026-08-19 00:00:00,6.077,6.11,6.043,6.106,307779.27
2026-08-19 04:00:00,6.107,6.134,6.068,6.111,303291.33
2026-08-19 08:00:00,6.111,6.119,6.073,6.098,277359.35
2026-08-19 12:00:00,6.098,6.377,6.078,6.257,1775287.12
2026-08-19 16:00:00,6.257,6.355,6.236,6.353,765584.0
2026-08-19 20:00:00,6.354,6.692,6.346,6.531,1659944.57
2026-08-20 00:00:00,6.532,6.657,6.486,6.51,1081553.22
2026-08-20 04:00:00,6.51,6.613,6.506,6.59,394323.39
2026-08-20 08:00:00,6.591,6.768,6.589,6.739,1159493.54
2026-08-20 12:00:00,6.74,6.858,6.676,6.85,906647.21
2026-08-20 16:00:00,6.85,6.961,6.782,6.808,976020.69
2026-08-20 20:00:00,6.808,6.976,6.808,6.948,502216.76
2026-08-21 00:00:00,6.948,7.097,6.929,7.034,994830.08
2026-08-21 04:00:00,7.035,7.309,7.026,7.275,1107115.85
2026-08-21 08:00:00,7.276,7.52,7.243,7.305,2142066.63
2026-08-21 12:00:00,7.305,7.5,7.282,7.48,1080309.63
2026-08-21 16:00:00,7.48,7.663,7.416,7.564,1558689.42
2026-08-21 20:00:00,7.564,8.366,7.53,8.352,2444600.05
2026-08-22 00:00:00,8.352,9.107,8.326,8.861,6468941.93
2026-08-22 04:00:00,8.861,8.944,6.847,8.229,4458242.06
2026-08-22 08:00:00,8.23,8.275,7.775,7.937,1976328.14
2026-08-22 12:00:00,7.937,8.029,7.756,7.808,1305550.87
2026-08-22 16:00:00,7.807,8.029,7.799,7.941,593999.38
2026-08-22 20:00:00,7.941,7.991,7.762,7.893,544667.09
2026-08-23 00:00:00,7.894,8.031,7.669,7.71,1206107.57
2026-08-23 04:00:00,7.708,7.806,7.614,7.755,1115948.91
2026-08-23 08:00:00,7.755,7.914,7.745,7.885,698510.13
2026-08-23 12:00:00,7.886,7.998,7.722,7.921,1589986.15
2026-08-23 16:00:00,7.922,7.943,7.813,7.892,387421.77
2026-08-23 20:00:00,7.893,8.052,7.852,7.944,623870.9
2026-08-24 00:00:00,7.944,7.966,7.632,7.696,1101976.09
2026-08-24 04:00:00,7.697,7.798,7.653,7.716,477548.39
2026-08-24 08:00:00,7.717,7.886,7.639,7.84,598250.81
2026-08-24 12:00:00,7.839,7.932,7.663,7.756,1267560.55
2026-08-24 16:00:00,7.756,7.9,7.665,7.737,1009408.98
2026-08-24 20:00:00,7.737,7.829,7.69,7.757,360055.64
2026-08-25 00:00:00,7.756,8.059,7.702,7.959,1108244.47
2026-08-25 04:00:00,7.96,8.099,7.776,7.86,1101370.17
2026-08-25 08:00:00,7.861,7.963,7.817,7.923,506816.25
2026-08-25 12:00:00,7.923,8.073,7.727,7.92,1075333.54
2026-08-25 16:00:00,7.92,8.033,7.743,7.761,537968.13
2026-08-25 20:00:00,7.761,7.776,7.492,7.669,712075.27
2026-08-26 00:00:00,7.669,7.911,7.637,7.773,787799.62
2026-08-26 04:00:00,7.773,7.837,7.709,7.733,366601.49
2026-08-26 08:00:00,7.733,7.78,7.639,7.704,466929.16
2026-08-26 12:00:00,7.705,7.755,7.467,7.546,911751.41
2026-08-26 16:00:00,7.545,7.708,7.529,7.659,324082.12
2026-08-26 20:00:00,7.659,7.895,7.583,7.884,417462.93
2026-08-27 00:00:00,7.884,7.885,7.784,7.818,388993.16
2026-08-27 04:00:00,7.819,7.917,7.786,7.862,352967.24
2026-08-27 08:00:00,7.862,7.984,7.767,7.821,766264.83
2026-08-27 12:00:00,7.82,7.89,7.747,7.872,394070.02
2026-08-27 16:00:00,7.872,7.94,7.758,7.795,512873.36
2026-08-27 20:00:00,7.796,7.882,7.774,7.837,219461.38
2026-08-28 00:00:00,7.837,7.922,7.642,7.693,643500.49
2026-08-28 04:00:00,7.693,7.783,7.663,7.719,301383.23
2026-08-28 08:00:00,7.72,7.758,7.663,7.702,261719.53
2026-08-28 12:00:00,7.701,7.733,7.517,7.55,652369.4
2026-08-28 16:00:00,7.549,7.559,7.33,7.486,834703.49
2026-08-28 20:00:00,7.486,7.53,7.434,7.506,206265.14
2026-08-29 00:00:00,7.507,7.56,7.458,7.49,311016.26
2026-08-29 04:00:00,7.49,7.55,7.473,7.492,187955.41
2026-08-29 08:00:00,7.491,7.491,7.434,7.454,197628.37
2026-08-29 12:00:00,7.455,7.574,7.448,7.539,249419.69
2026-08-29 16:00:00,7.54,7.582,7.482,7.517,252072.98
2026-08-29 20:00:00,7.518,7.537,7.5,7.52,88641.23
2026-08-30 00:00:00,7.52,7.523,7.445,7.449,246531.91
2026-08-30 04:00:00,7.449,7.464,7.384,7.398,235946.09
2026-08-30 08:00:00,7.398,7.423,7.369,7.408,240927.27
2026-08-30 12:00:00,7.409,7.475,7.402,7.428,430988.89
2026-08-30 16:00:00,7.429,7.517,7.411,7.433,442496.05
2026-08-30 20:00:00,7.434,7.457,7.058,7.175,1051804.57
2026-08-31 00:00:00,7.174,7.257,7.09,7.185,495307.33
2026-08-31 04:00:00,7.186,7.252,7.144,7.226,261161.97
2026-08-31 08:00:00,7.226,7.285,7.185,7.243,260422.42
2026-08-31 12:00:00,7.244,7.299,7.185,7.265,381811.35
2026-08-31 16:00:00,7.265,7.37,7.249,7.29,348381.22
2026-08-31 20:00:00,7.291,7.327,7.269,7.283,163173.5
2026-09-01 00:00:00,7.282,7.341,7.253,7.303,240335.43
2026-09-01 04:00:00,7.303,7.393,7.294,7.346,236282.93
2026-09-01 08:00:00,7.346,7.349,7.221,7.319,338026.45
2026-09-01 12:00:00,7.32,7.33,7.193,7.29,384041.17
2026-09-01 16:00:00,7.289,7.329,7.184,7.29,410538.04
2026-09-01 20:00:00,7.29,7.302,7.185,7.235,264026.52
2026-09-02 00:00:00,7.238,7.292,7.117,7.253,434451.38
2026-09-02 04:00:00,7.253,7.323,7.228,7.28,244600.05
2026-09-02 08:00:00,7.281,7.289,7.139,7.221,370955.96
2026-09-02 12:00:00,7.221,7.282,7.169,7.241,322598.51
2026-09-02 16:00:00,7.241,7.261,7.178,7.209,282889.6
2026-09-02 20:00:00,7.209,7.284,7.207,7.278,225214.98
2026-09-03 00:00:00,7.277,7.395,7.229,7.35,522300.25
2026-09-03 04:00:00,7.351,7.397,7.277,7.35,432993.26
2026-09-03 08:00:00,7.351,7.414,7.345,7.406,267480.09
2026-09-03 12:00:00,7.405,7.692,7.374,7.683,924623.21
2026-09-03 16:00:00,7.684,7.692,7.595,7.634,437673.2
2026-09-03 20:00:00,7.634,7.682,7.531,7.587,330589.31
2026-09-04 00:00:00,7.587,7.616,7.51,7.525,299696.77
2026-09-04 04:00:00,7.525,7.637,7.52,7.576,352860.6
2026-09-04 08:00:00,7.577,7.698,7.556,7.647,440992.37
2026-09-04 12:00:00,7.648,7.655,7.195,7.362,1249862.26
2026-09-04 16:00:00,7.361,7.418,7.331,7.378,281024.38
2026-09-04 20:00:00,7.378,7.451,7.346,7.447,374517.53
2026-09-05 00:00:00,7.446,7.602,7.419,7.582,357724.87
2026-09-05 04:00:00,7.582,7.8,7.517,7.698,639450.21
2026-09-05 08:00:00,7.698,7.72,7.638,7.65,346377.11
2026-09-05 12:00:00,7.651,7.792,7.646,7.704,601751.01
2026-09-05 16:00:00,7.705,7.837,7.671,7.778,617567.28
2026-09-05 20:00:00,7.778,7.846,7.715,7.728,385204.13
2026-09-06 00:00:00,7.728,7.857,7.711,7.787,610904.03
2026-09-06 04:00:00,7.788,7.856,7.682,7.719,441968.32
2026-09-06 08:00:00,7.718,7.751,7.7,7.738,266087.06
2026-09-06 12:00:00,7.738,7.758,7.582,7.717,601122.12
2026-09-06 16:00:00,7.718,7.747,7.682,7.695,230383.27
2026-09-06 20:00:00,7.695,7.869,7.684,7.857,382554.14
2026-09-07 00:00:00,7.856,7.939,7.731,7.776,707253.86
2026-09-07 04:00:00,7.776,7.897,7.631,7.715,535633.58
2026-09-07 08:00:00,7.713,7.828,7.71,7.747,365996.74
2026-09-07 12:00:00,7.747,8.066,7.746,7.781,1480472.98
2026-09-07 16:00:00,7.782,7.954,7.781,7.844,499199.3
2026-09-07 20:00:00,7.844,7.992,7.772,7.896,608238.96
2026-09-08 00:00:00,7.895,8.189,7.88,8.072,984336.65
2026-09-08 04:00:00,8.07,8.149,7.917,8.093,895206.5
2026-09-08 08:00:00,8.092,8.292,8.037,8.049,1403277.33
2026-09-08 12:00:00,8.048,8.785,8.023,8.747,2760470.28
2026-09-08 16:00:00,8.749,8.877,8.384,8.47,2493160.61
2026-09-08 20:00:00,8.47,8.703,8.449,8.612,1247053.39
2026-09-09 00:00:00,8.613,9.03,8.532,8.674,3308261.31
2026-09-09 04:00:00,8.674,8.79,8.344,8.4,1451864.78
2026-09-09 08:00:00,8.401,8.513,8.228,8.358,1658088.21
2026-09-09 12:00:00,8.358,8.389,8.089,8.177,1245387.61
2026-09-09 16:00:00,8.177,8.243,8.008,8.052,748604.66
2026-09-09 20:00:00,8.052,8.104,7.88,8.011,944471.6
2026-09-10 00:00:00,8.012,8.037,7.839,7.919,821958.26
2026-09-10 04:00:00,7.918,7.974,7.816,7.85,391063.42
2026-09-10 08:00:00,7.85,7.912,7.767,7.863,543378.28
2026-09-10 12:00:00,7.862,7.883,7.544,7.703,1411235.3
2026-09-10 16:00:00,7.703,7.775,7.592,7.693,556601.85
2026-09-10 20:00:00,7.695,7.763,7.548,7.568,810909.44
2026-09-11 00:00:00,7.568,7.652,7.512,7.556,512498.14
2026-09-11 04:00:00,7.556,7.79,7.554,7.645,496690.29
2026-09-11 08:00:00,7.645,7.704,7.428,7.512,766820.67
2026-09-11 12:00:00,7.511,8.061,7.356,7.729,2490626.51
2026-09-11 16:00:00,7.728,7.847,7.556,7.67,1025843.16
2026-09-11 20:00:00,7.669,7.705,7.544,7.625,348048.45
2026-09-12 00:00:00,7.623,7.66,7.597,7.645,340301.52
2026-09-12 04:00:00,7.645,7.77,7.624,7.744,400683.53
2026-09-12 08:00:00,7.744,7.773,7.678,7.769,309214.76
2026-09-12 12:00:00,7.769,7.787,7.719,7.761,361584.34
2026-09-12 16:00:00,7.76,7.76,7.619,7.636,297439.31
2026-09-12 20:00:00,7.636,7.65,7.572,7.609,239947.89
2026-09-13 00:00:00,7.61,7.648,7.549,7.572,340954.4
2026-09-13 04:00:00,7.572,7.651,7.563,7.581,221582.34
2026-09-13 08:00:00,7.58,7.597,7.464,7.54,548618.23
2026-09-13 12:00:00,7.54,7.649,7.499,7.612,362606.31
2026-09-13 16:00:00,7.612,7.704,7.568,7.576,311186.18
2026-09-13 20:00:00,7.575,7.61,7.358,7.423,577582.72
2026-09-14 00:00:00,7.422,7.673,7.397,7.608,525974.24
2026-09-14 04:00:00,7.609,7.665,7.578,7.624,334955.55
2026-09-14 08:00:00,7.624,7.689,7.595,7.632,338912.16
2026-09-14 12:00:00,7.633,7.655,7.531,7.597,595206.74
2026-09-14 16:00:00,7.595,7.702,7.571,7.648,496357.29
2026-09-14 20:00:00,7.649,7.763,7.545,7.563,529313.51
2026-09-15 00:00:00,7.563,7.577,7.448,7.463,495139.44
2026-09-15 04:00:00,7.463,7.479,7.375,7.387,426953.48
2026-09-15 08:00:00,7.386,7.432,7.351,7.386,454042.68
2026-09-15 12:00:00,7.386,7.459,7.22,7.344,868948.32
2026-09-15 16:00:00,7.344,7.452,7.066,7.264,1140119.12
2026-09-15 20:00:00,7.264,7.284,7.127,7.188,824471.27
2026-09-16 00:00:00,7.188,7.228,7.107,7.213,569189.85
2026-09-16 04:00:00,7.214,7.27,7.156,7.161,390801.0
2026-09-16 08:00:00,7.16,7.249,7.12,7.208,407131.16
2026-09-16 12:00:00,7.208,7.225,7.097,7.121,470007.5
2026-09-16 16:00:00,7.122,7.289,7.08,7.232,957748.83
2026-09-16 20:00:00,7.233,7.39,7.221,7.372,602084.02
2026-09-17 00:00:00,7.373,7.435,7.328,7.415,571429.62
2026-09-17 04:00:00,7.416,7.472,7.34,7.411,687834.97
2026-09-17 08:00:00,7.413,7.436,7.313,7.35,641192.67
2026-09-17 12:00:00,7.351,7.472,7.306,7.443,743350.69
2026-09-17 16:00:00,7.443,7.464,7.375,7.417,395200.22
2026-09-17 20:00:00,7.417,7.534,7.392,7.506,575750.41
2026-09-18 00:00:00,7.508,7.902,7.453,7.867,978346.94
2026-09-18 04:00:00,7.866,7.875,7.753,7.821,651794.61
2026-09-18 08:00:00,7.819,7.96,7.788,7.89,806823.24
2026-09-18 12:00:00,7.891,8.13,7.856,8.083,1440232.54
2026-09-18 16:00:00,8.083,8.239,8.083,8.223,621321.79
2026-09-18 20:00:00,8.224,8.244,8.111,8.16,443876.19
2026-09-19 00:00:00,8.16,8.351,8.144,8.309,741374.48
2026-09-19 04:00:00,8.309,8.345,8.113,8.18,549077.59
2026-09-19 08:00:00,8.181,8.624,8.165,8.516,1242440.65
2026-09-19 12:00:00,8.515,8.541,8.35,8.402,829268.51
2026-09-19 16:00:00,8.402,8.607,8.385,8.551,796246.04
2026-09-19 20:00:00,8.55,8.592,8.402,8.579,571536.51
2026-09-20 00:00:00,8.578,8.796,8.201,8.31,1717597.35
2026-09-20 04:00:00,8.311,8.361,8.25,8.283,809228.72
2026-09-20 08:00:00,8.283,8.398,8.24,8.336,1063352.07
2026-09-20 12:00:00,8.337,8.455,8.218,8.436,658144.31
2026-09-20 16:00:00,8.437,8.645,8.412,8.51,789542.03
2026-09-20 20:00:00,8.51,8.573,8.354,8.522,862973.09
2026-09-21 00:00:00,8.522,8.695,8.394,8.54,1042833.0
2026-09-21 04:00:00,8.539,8.625,8.46,8.551,511091.4
2026-09-21 08:00:00,8.551,8.825,8.533,8.746,2245161.72
2026-09-21 12:00:00,8.746,8.869,8.645,8.801,1471633.67
2026-09-21 16:00:00,8.799,9.009,8.713,8.816,1593210.53
2026-09-21 20:00:00,8.816,8.977,8.76,8.894,1046989.71
2026-09-22 00:00:00,8.894,8.985,8.716,8.847,1014407.09
2026-09-22 04:00:00,8.847,8.935,8.615,8.74,769344.15
2026-09-22 08:00:00,8.74,8.852,8.507,8.703,1300122.34
2026-09-22 12:00:00,8.703,9.354,8.65,9.324,4241923.5
2026-09-22 16:00:00,9.326,9.397,9.067,9.244,1515105.98
2026-09-22 20:00:00,9.244,9.509,9.204,9.437,1123624.65
2026-09-23 00:00:00,9.438,9.693,9.33,9.528,2136443.14
2026-09-23 04:00:00,9.527,9.605,9.349,9.448,1324691.79
2026-09-23 08:00:00,9.449,9.617,9.258,9.33,1674316.07
2026-09-23 12:00:00,9.329,9.509,8.73,8.754,3292304.3
2026-09-23 16:00:00,8.754,8.895,8.58,8.782,1342243.77
2026-09-23 20:00:00,8.782,8.797,8.661,8.73,478036.44
2026-09-24 00:00:00,8.73,9.195,8.646,9.095,2008456.7
2026-09-24 04:00:00,9.097,9.536,9.015,9.534,1988732.73
2026-09-24 08:00:00,9.535,9.744,9.213,9.546,4531563.29
2026-09-24 12:00:00,9.546,10.42,9.256,9.983,8614260.5
2026-09-24 16:00:00,9.985,10.19,9.703,9.761,3228396.44
2026-09-24 20:00:00,9.758,9.803,9.114,9.381,2503317.82
2026-09-25 00:00:00,9.381,9.485,9.31,9.424,1385779.16
2026-09-25 04:00:00,9.424,9.578,9.351,9.443,1288832.09
2026-09-25 08:00:00,9.444,9.686,9.437,9.613,1271889.39
2026-09-25 12:00:00,9.612,9.681,9.247,9.34,2427572.23
2026-09-25 16:00:00,9.34,9.479,9.279,9.45,948382.27
2026-09-25 20:00:00,9.449,9.543,9.333,9.497,634313.23
2026-09-26 00:00:00,9.495,9.569,9.404,9.422,784521.56
2026-09-26 04:00:00,9.422,9.477,9.341,9.415,834399.13
2026-09-26 08:00:00,9.415,9.656,9.351,9.553,1230186.83
2026-09-26 12:00:00,9.554,9.614,9.368,9.602,1071986.53
2026-09-26 16:00:00,9.602,9.61,9.409,9.418,482467.42
2026-09-26 20:00:00,9.419,9.438,9.259,9.425,548978.49
2026-09-27 00:00:00,9.424,9.482,9.362,9.4,423232.4
2026-09-27 04:00:00,9.4,9.567,9.301,9.566,621348.32
2026-09-27 08:00:00,9.567,9.599,9.447,9.502,809717.79
2026-09-27 12:00:00,9.504,9.555,9.358,9.45,742573.09
2026-09-27 16:00:00,9.451,9.583,9.437,9.562,634463.46
2026-09-27 20:00:00,9.563,9.637,9.448,9.592,580864.82
2026-09-28 00:00:00,9.591,9.645,9.2,9.288,1468329.44
2026-09-28 04:00:00,9.289,9.374,9.044,9.072,1113178.87
2026-09-28 08:00:00,9.072,9.177,8.946,9.152,1006463.39
2026-09-28 12:00:00,9.153,9.33,8.915,9.115,1388317.32
2026-09-28 16:00:00,9.114,9.305,9.062,9.164,801958.18
2026-09-28 20:00:00,9.164,9.312,9.119,9.274,405706.53
2026-09-29 00:00:00,9.274,9.3,8.75,8.949,1536504.21
2026-09-29 04:00:00,8.948,9.251,8.895,9.235,630953.52
2026-09-29 08:00:00,9.235,9.336,9.163,9.313,640758.5
2026-09-29 12:00:00,9.313,9.351,9.056,9.084,935206.96
2026-09-29 16:00:00,9.084,9.187,8.956,9.106,731073.52
2026-09-29 20:00:00,9.107,9.196,9.044,9.083,347814.77
2026-09-30 00:00:00,9.083,9.155,8.992,9.053,604743.01
2026-09-30 04:00:00,9.053,9.145,8.986,9.087,603217.28
2026-09-30 08:00:00,9.086,9.191,9.019,9.16,537900.39
2026-09-30 12:00:00,9.161,9.302,8.922,9.021,1538085.23
2026-09-30 16:00:00,9.021,9.086,8.764,8.804,767635.64
2026-09-30 20:00:00,8.805,8.908,8.776,8.888,481142.19
2026-10-01 00:00:00,8.889,9.024,8.846,9.004,540172.37
2026-10-01 04:00:00,9.005,9.075,8.858,8.904,614985.31
2026-10-01 08:00:00,8.904,8.943,8.789,8.917,541898.96
2026-10-01 12:00:00,8.917,8.927,8.752,8.837,692740.38
2026-10-01 16:00:00,8.837,8.934,8.754,8.854,526513.49
2026-10-01 20:00:00,8.855,8.882,8.777,8.865,277442.91
2026-10-02 00:00:00,8.865,8.927,8.776,8.881,489845.14
2026-10-02 04:00:00,8.882,9.147,8.87,9.142,793306.33
2026-10-02 08:00:00,9.143,9.199,9.086,9.102,570652.5
2026-10-02 12:00:00,9.102,9.182,8.897,8.992,1062189.7
2026-10-02 16:00:00,8.992,9.052,8.451,8.627,1447918.28
2026-10-02 20:00:00,8.627,8.839,8.615,8.827,554256.59
2026-10-03 00:00:00,8.828,8.884,8.774,8.866,610030.56
2026-10-03 04:00:00,8.866,8.868,8.762,8.786,268804.85
2026-10-03 08:00:00,8.786,8.881,8.768,8.861,302807.97
2026-10-03 12:00:00,8.86,8.9,8.801,8.85,324768.49
2026-10-03 16:00:00,8.85,8.865,8.77,8.812,360127.46
2026-10-03 20:00:00,8.811,8.858,8.806,8.844,180366.02
2026-10-04 00:00:00,8.845,8.862,8.783,8.804,203858.02
