t,o,h,l,c,v
2024-09-14 04:00:00,3.718,3.718,3.671,3.686,2371725.1
2024-09-14 08:00:00,3.687,3.694,3.634,3.655,3132027.5
2024-09-14 12:00:00,3.655,3.694,3.643,3.667,3098745.4
2024-09-14 16:00:00,3.668,3.684,3.639,3.645,3780246.3
2024-09-14 20:00:00,3.645,3.674,3.638,3.66,2076944.6
2024-09-15 00:00:00,3.659,3.684,3.652,3.658,1730150.4
2024-09-15 04:00:00,3.657,3.669,3.639,3.655,1665600.1
2024-09-15 08:00:00,3.655,3.66,3.551,3.575,6844790.2
2024-09-15 12:00:00,3.574,3.601,3.534,3.564,6027445.4
2024-09-15 16:00:00,3.563,3.574,3.506,3.525,4702343.9
2024-09-15 20:00:00,3.525,3.533,3.407,3.445,7243425.5
2024-09-16 00:00:00,3.445,3.464,3.401,3.453,5044037.1
2024-09-16 04:00:00,3.453,3.47,3.431,3.462,3175877.8
2024-09-16 08:00:00,3.462,3.477,3.406,3.431,4266459.5
2024-09-16 12:00:00,3.432,3.44,3.357,3.394,7673274.8
2024-09-16 16:00:00,3.394,3.428,3.379,3.415,4436632.1
2024-09-16 20:00:00,3.415,3.424,3.382,3.412,2199791.4
2024-09-17 00:00:00,3.411,3.442,3.383,3.441,2263537.6
2024-09-17 04:00:00,3.441,3.476,3.43,3.466,2407911.2
2024-09-17 08:00:00,3.465,3.478,3.427,3.438,3292143.6
2024-09-17 12:00:00,3.437,3.531,3.409,3.514,6739562.8
2024-09-17 16:00:00,3.514,3.521,3.42,3.45,5421242.0
2024-09-17 20:00:00,3.449,3.471,3.443,3.462,2196635.1
2024-09-18 00:00:00,3.462,3.501,3.422,3.494,2926832.6
2024-09-18 04:00:00,3.493,3.499,3.464,3.484,2003997.4
2024-09-18 08:00:00,3.483,3.484,3.374,3.412,4790146.1
2024-09-18 12:00:00,3.412,3.44,3.365,3.375,4095444.4
2024-09-18 16:00:00,3.375,3.528,3.36,3.488,11364599.6
2024-09-18 20:00:00,3.488,3.618,3.446,3.614,5268355.9
2024-09-19 00:00:00,3.614,3.724,3.613,3.659,8339040.6
2024-09-19 04:00:00,3.66,3.679,3.635,3.673,2966373.2
2024-09-19 08:00:00,3.674,3.692,3.639,3.68,3394544.3
2024-09-19 12:00:00,3.681,3.709,3.657,3.694,4638002.1
2024-09-19 16:00:00,3.693,3.754,3.691,3.704,5189058.5
2024-09-19 20:00:00,3.704,3.732,3.677,3.685,2797542.5
2024-09-20 00:00:00,3.686,3.763,3.651,3.762,4282347.4
2024-09-20 04:00:00,3.761,3.839,3.758,3.832,6892055.4
2024-09-20 08:00:00,3.832,3.836,3.756,3.773,4487464.9
2024-09-20 12:00:00,3.772,3.793,3.717,3.765,6915396.4
2024-09-20 16:00:00,3.766,3.777,3.691,3.728,4558551.2
2024-09-20 20:00:00,3.729,3.797,3.725,3.775,2205558.5
2024-09-21 00:00:00,3.776,3.791,3.724,3.724,3072494.9
2024-09-21 04:00:00,3.725,3.766,3.695,3.76,2659836.9
2024-09-21 08:00:00,3.761,3.821,3.752,3.773,3152319.1
2024-09-21 12:00:00,3.774,3.869,3.761,3.827,5561805.9
2024-09-21 16:00:00,3.827,3.843,3.804,3.812,2104971.3
2024-09-21 20:00:00,3.811,3.882,3.807,3.863,2165671.0
2024-09-22 00:00:00,3.863,3.873,3.775,3.802,4036290.9
2024-09-22 04:00:00,3.802,3.811,3.742,3.758,3037636.8
2024-09-22 08:00:00,3.758,3.77,3.696,3.715,4822988.8
2024-09-22 12:00:00,3.715,3.725,3.647,3.676,5860139.6
2024-09-22 16:00:00,3.676,3.71,3.645,3.697,5235216.9
2024-09-22 20:00:00,3.696,3.733,3.601,3.72,6161327.4
2024-09-23 00:00:00,3.72,3.809,3.653,3.787,7436723.0
2024-09-23 04:00:00,3.788,3.799,3.719,3.732,4667997.2
2024-09-23 08:00:00,3.731,3.754,3.693,3.724,4890336.4
2024-09-23 12:00:00,3.724,3.793,3.696,3.767,7033666.9
2024-09-23 16:00:00,3.766,3.791,3.722,3.744,3564898.3
2024-09-23 20:00:00,3.744,3.771,3.717,3.757,3073964.4
2024-09-24 00:00:00,3.757,3.776,3.693,3.762,5654883.6
2024-09-24 04:00:00,3.763,3.782,3.712,3.779,3368427.9
2024-09-24 08:00:00,3.779,3.812,3.754,3.79,5394236.1
2024-09-24 12:00:00,3.791,3.822,3.695,3.738,7391255.3
2024-09-24 16:00:00,3.738,3.841,3.735,3.835,4953369.8
2024-09-24 20:00:00,3.835,3.88,3.81,3.854,4638670.4
2024-09-25 00:00:00,3.854,3.96,3.85,3.955,6815075.3
2024-09-25 04:00:00,3.955,3.978,3.883,3.915,5421574.2
2024-09-25 08:00:00,3.915,3.949,3.894,3.937,4780821.3
2024-09-25 12:00:00,3.937,4.0,3.886,3.924,6974545.8
2024-09-25 16:00:00,3.923,4.004,3.913,3.956,5652708.8
2024-09-25 20:00:00,3.956,4.044,3.909,3.939,6502680.6
2024-09-26 00:00:00,3.94,3.989,3.877,3.97,6722780.5
2024-09-26 04:00:00,3.969,4.118,3.962,4.086,7977735.8
2024-09-26 08:00:00,4.086,4.133,4.071,4.124,6067537.2
2024-09-26 12:00:00,4.125,4.146,4.044,4.114,8852093.9
2024-09-26 16:00:00,4.115,4.145,4.067,4.094,5311248.5
2024-09-26 20:00:00,4.093,4.105,4.046,4.1,3652911.8
2024-09-27 00:00:00,4.101,4.188,4.093,4.181,5332132.9
2024-09-27 04:00:00,4.18,4.238,4.163,4.188,4494246.9
2024-09-27 08:00:00,4.187,4.212,4.107,4.128,5128536.3
2024-09-27 12:00:00,4.128,4.291,4.113,4.191,9787855.1
2024-09-27 16:00:00,4.19,4.229,4.153,4.196,5628299.5
2024-09-27 20:00:00,4.195,4.216,4.163,4.195,1832800.4
2024-09-28 00:00:00,4.195,4.223,4.172,4.179,2327403.8
2024-09-28 04:00:00,4.179,4.187,4.085,4.1,4731839.4
2024-09-28 08:00:00,4.1,4.107,4.017,4.101,5742965.1
2024-09-28 12:00:00,4.101,4.126,4.053,4.118,4388890.6
2024-09-28 16:00:00,4.118,4.178,4.106,4.152,3716764.1
2024-09-28 20:00:00,4.152,4.161,4.072,4.124,2307608.0
2024-09-29 00:00:00,4.125,4.156,4.087,4.122,2349129.7
2024-09-29 04:00:00,4.122,4.123,4.036,4.045,2689962.7
2024-09-29 08:00:00,4.046,4.076,4.025,4.056,2883320.8
2024-09-29 12:00:00,4.056,4.089,4.01,4.081,5051048.1
2024-09-29 16:00:00,4.08,4.137,4.05,4.132,2864711.7
2024-09-29 20:00:00,4.133,4.151,4.057,4.081,2894915.6
2024-09-30 00:00:00,4.081,4.098,3.932,3.997,8935383.5
2024-09-30 04:00:00,3.998,4.036,3.953,4.028,3497019.3
2024-09-30 08:00:00,4.029,4.033,3.902,3.948,7214427.8
2024-09-30 12:00:00,3.947,3.963,3.857,3.861,6905049.4
2024-09-30 16:00:00,3.861,3.927,3.857,3.89,5689390.9
2024-09-30 20:00:00,3.89,3.922,3.776,3.809,6165093.2
2024-10-01 00:00:00,3.809,3.913,3.803,3.91,4613940.0
2024-10-01 04:00:00,3.911,3.934,3.889,3.917,2621574.6
2024-10-01 08:00:00,3.916,3.94,3.895,3.918,2896897.8
2024-10-01 12:00:00,3.919,3.928,3.6,3.712,17980721.1
2024-10-01 16:00:00,3.712,3.721,3.428,3.559,19752498.7
2024-10-01 20:00:00,3.56,3.592,3.494,3.553,8659205.3
2024-10-02 00:00:00,3.554,3.655,3.528,3.642,4241159.3
2024-10-02 04:00:00,3.643,3.684,3.622,3.661,3623145.2
2024-10-02 08:00:00,3.661,3.666,3.541,3.583,7209284.5
2024-10-02 12:00:00,3.583,3.627,3.539,3.615,7145943.9
2024-10-02 16:00:00,3.616,3.65,3.441,3.508,8598597.0
2024-10-02 20:00:00,3.508,3.564,3.491,3.534,3481999.4
2024-10-03 00:00:00,3.534,3.646,3.511,3.64,4690531.2
2024-10-03 04:00:00,3.641,3.653,3.555,3.571,5049487.6
2024-10-03 08:00:00,3.572,3.58,3.447,3.482,10987936.7
2024-10-03 12:00:00,3.482,3.561,3.42,3.516,11316307.8
2024-10-03 16:00:00,3.517,3.573,3.474,3.563,6731620.7
2024-10-03 20:00:00,3.563,3.585,3.516,3.572,2625868.1
2024-10-04 00:00:00,3.572,3.611,3.543,3.585,3169231.3
2024-10-04 04:00:00,3.585,3.621,3.576,3.598,2263922.0
2024-10-04 08:00:00,3.597,3.633,3.585,3.611,2838882.7
2024-10-04 12:00:00,3.611,3.643,3.564,3.637,6446382.6
2024-10-04 16:00:00,3.638,3.654,3.615,3.641,3960753.3
2024-10-04 20:00:00,3.641,3.649,3.622,3.644,1535807.8
2024-10-05 00:00:00,3.645,3.677,3.603,3.621,2799372.5
2024-10-05 04:00:00,3.621,3.665,3.611,3.64,1778118.3
2024-10-05 08:00:00,3.639,3.673,3.639,3.657,1925483.8
2024-10-05 12:00:00,3.657,3.671,3.63,3.658,2101805.4
2024-10-05 16:00:00,3.658,3.663,3.585,3.592,3938470.2
2024-10-05 20:00:00,3.593,3.622,3.553,3.613,2661542.7
2024-10-06 00:00:00,3.614,3.651,3.603,3.622,2267613.1
2024-10-06 04:00:00,3.622,3.645,3.607,3.64,2112852.4
2024-10-06 08:00:00,3.64,3.657,3.625,3.648,1512190.7
2024-10-06 12:00:00,3.649,3.713,3.644,3.69,3679443.6
2024-10-06 16:00:00,3.691,3.709,3.657,3.663,3129113.4
2024-10-06 20:00:00,3.663,3.702,3.642,3.698,1887910.3
2024-10-07 00:00:00,3.698,3.808,3.681,3.793,6200343.7
2024-10-07 04:00:00,3.792,3.813,3.759,3.769,3348277.5
2024-10-07 08:00:00,3.768,3.793,3.682,3.74,4584110.6
2024-10-07 12:00:00,3.741,3.805,3.712,3.767,6292793.2
2024-10-07 16:00:00,3.768,3.805,3.711,3.765,4911506.7
2024-10-07 20:00:00,3.766,3.784,3.692,3.71,3198843.6
2024-10-08 00:00:00,3.71,3.775,3.709,3.76,2704067.8
2024-10-08 04:00:00,3.761,3.776,3.646,3.684,5214061.5
2024-10-08 08:00:00,3.683,3.73,3.667,3.726,2839532.4
2024-10-08 12:00:00,3.726,3.743,3.61,3.644,8997064.3
2024-10-08 16:00:00,3.644,3.677,3.586,3.624,4363405.5
2024-10-08 20:00:00,3.625,3.669,3.605,3.626,1866308.0
2024-10-09 00:00:00,3.626,3.667,3.604,3.643,2354914.3
2024-10-09 04:00:00,3.642,3.676,3.627,3.644,2209186.4
2024-10-09 08:00:00,3.645,3.654,3.6,3.619,2504116.4
2024-10-09 12:00:00,3.619,3.62,3.537,3.601,7993177.8
2024-10-09 16:00:00,3.6,3.606,3.508,3.528,4808704.2
2024-10-09 20:00:00,3.527,3.527,3.454,3.499,4717131.5
2024-10-10 00:00:00,3.498,3.529,3.481,3.517,2027597.2
2024-10-10 04:00:00,3.517,3.531,3.505,3.508,2294404.3
2024-10-10 08:00:00,3.508,3.536,3.454,3.527,3685988.4
2024-10-10 12:00:00,3.527,3.535,3.454,3.498,5974578.2
2024-10-10 16:00:00,3.498,3.514,3.431,3.511,7215306.7
2024-10-10 20:00:00,3.51,3.539,3.501,3.535,2353893.4
2024-10-11 00:00:00,3.536,3.568,3.519,3.549,2009499.6
2024-10-11 04:00:00,3.548,3.557,3.502,3.517,2894992.4
2024-10-11 08:00:00,3.516,3.545,3.507,3.527,2394567.1
2024-10-11 12:00:00,3.526,3.588,3.52,3.581,5456807.1
2024-10-11 16:00:00,3.582,3.6,3.56,3.591,4298728.8
2024-10-11 20:00:00,3.59,3.615,3.572,3.585,2816901.9
2024-10-12 00:00:00,3.585,3.62,3.571,3.582,2582019.4
2024-10-12 04:00:00,3.582,3.616,3.578,3.613,1732742.3
2024-10-12 08:00:00,3.613,3.654,3.611,3.628,4390432.1
2024-10-12 12:00:00,3.627,3.652,3.615,3.629,2369619.9
2024-10-12 16:00:00,3.629,3.655,3.584,3.595,3220859.6
2024-10-12 20:00:00,3.596,3.628,3.59,3.611,1572819.2
2024-10-13 00:00:00,3.611,3.626,3.565,3.573,3299840.5
2024-10-13 04:00:00,3.574,3.604,3.563,3.581,1814321.7
2024-10-13 08:00:00,3.58,3.59,3.544,3.546,2698925.1
2024-10-13 12:00:00,3.546,3.582,3.482,3.503,5513281.8
2024-10-13 16:00:00,3.503,3.541,3.475,3.515,4448175.6
2024-10-13 20:00:00,3.516,3.576,3.507,3.566,2521243.1
2024-10-14 00:00:00,3.567,3.641,3.528,3.634,4804760.3
2024-10-14 04:00:00,3.634,3.661,3.613,3.644,5052500.3
2024-10-14 08:00:00,3.646,3.675,3.622,3.668,3138962.0
2024-10-14 12:00:00,3.668,3.778,3.657,3.773,8061349.5
2024-10-14 16:00:00,3.773,3.857,3.757,3.837,7446195.9
2024-10-14 20:00:00,3.837,3.9,3.832,3.856,3679639.6
2024-10-15 00:00:00,3.857,3.898,3.825,3.828,4193618.1
2024-10-15 04:00:00,3.829,3.861,3.807,3.825,5785598.3
2024-10-15 08:00:00,3.824,3.882,3.724,3.747,7388190.8
2024-10-15 12:00:00,3.746,3.933,3.686,3.759,17486433.1
2024-10-15 16:00:00,3.759,3.822,3.736,3.76,4947403.5
2024-10-15 20:00:00,3.76,3.805,3.687,3.802,4101063.9
2024-10-16 00:00:00,3.802,3.828,3.761,3.784,2964601.2
2024-10-16 04:00:00,3.784,3.804,3.707,3.722,3776499.4
2024-10-16 08:00:00,3.722,3.781,3.708,3.758,4082484.7
2024-10-16 12:00:00,3.759,3.779,3.694,3.712,4821291.0
2024-10-16 16:00:00,3.712,3.763,3.701,3.754,3112901.0
2024-10-16 20:00:00,3.755,3.789,3.743,3.75,1824646.2
2024-10-17 00:00:00,3.75,3.77,3.707,3.728,2932606.7
2024-10-17 04:00:00,3.728,3.73,3.672,3.708,4242158.9
2024-10-17 08:00:00,3.709,3.719,3.63,3.639,6148143.1
2024-10-17 12:00:00,3.638,3.708,3.625,3.699,5294897.3
2024-10-17 16:00:00,3.698,3.701,3.6,3.646,5652365.9
2024-10-17 20:00:00,3.646,3.676,3.629,3.64,2137733.9
2024-10-18 00:00:00,3.64,3.704,3.622,3.664,3107912.0
2024-10-18 04:00:00,3.664,3.717,3.661,3.707,2031231.5
2024-10-18 08:00:00,3.708,3.716,3.666,3.669,2072160.0
2024-10-18 12:00:00,3.669,3.741,3.645,3.729,5454630.5
2024-10-18 16:00:00,3.728,3.757,3.697,3.733,4368166.5
2024-10-18 20:00:00,3.733,3.781,3.722,3.775,1825181.5
2024-10-19 00:00:00,3.776,3.822,3.766,3.794,3530478.1
2024-10-19 04:00:00,3.794,3.807,3.76,3.765,1985317.3
2024-10-19 08:00:00,3.765,3.774,3.72,3.722,2626882.1
2024-10-19 12:00:00,3.721,3.757,3.718,3.733,2263841.5
2024-10-19 16:00:00,3.733,3.74,3.7,3.708,2289294.6
2024-10-19 20:00:00,3.708,3.779,3.707,3.766,1677387.8
2024-10-20 00:00:00,3.766,3.787,3.708,3.731,2532922.3
2024-10-20 04:00:00,3.73,3.819,3.723,3.8,3926807.7
2024-10-20 08:00:00,3.8,3.848,3.786,3.819,3882152.6
2024-10-20 12:00:00,3.82,3.978,3.795,3.919,7887834.7
2024-10-20 16:00:00,3.919,4.017,3.918,3.927,5376783.1
2024-10-20 20:00:00,3.926,3.99,3.926,3.983,2715181.3
2024-10-21 00:00:00,3.983,4.021,3.948,3.975,4489044.8
2024-10-21 04:00:00,3.975,3.995,3.922,3.933,3218316.3
2024-10-21 08:00:00,3.933,3.949,3.871,3.88,5160290.8
2024-10-21 12:00:00,3.879,3.903,3.805,3.834,7157154.2
2024-10-21 16:00:00,3.835,3.865,3.779,3.862,4060720.3
2024-10-21 20:00:00,3.861,3.891,3.845,3.85,2296134.7
2024-10-22 00:00:00,3.85,3.911,3.8,3.883,4817431.6
2024-10-22 04:00:00,3.883,3.905,3.858,3.864,2385581.2
2024-10-22 08:00:00,3.864,3.868,3.785,3.833,5737390.1
2024-10-22 12:00:00,3.832,3.835,3.735,3.777,6295909.1
2024-10-22 16:00:00,3.777,3.804,3.726,3.797,2942994.9
2024-10-22 20:00:00,3.797,3.833,3.785,3.804,2034746.1
2024-10-23 00:00:00,3.803,3.813,3.745,3.774,2003230.9
2024-10-23 04:00:00,3.773,3.788,3.72,3.73,2590496.5
2024-10-23 08:00:00,3.729,3.748,3.692,3.702,3527435.7
2024-10-23 12:00:00,3.701,3.735,3.66,3.684,4884808.5
2024-10-23 16:00:00,3.685,3.7,3.602,3.668,6787832.2
2024-10-23 20:00:00,3.667,3.699,3.655,3.692,1945587.2
2024-10-24 00:00:00,3.692,3.75,3.678,3.713,2554276.6
2024-10-24 04:00:00,3.713,3.741,3.687,3.688,2020988.9
2024-10-24 08:00:00,3.688,3.708,3.647,3.698,3051271.5
2024-10-24 12:00:00,3.698,3.736,3.68,3.724,3270507.2
2024-10-24 16:00:00,3.725,3.75,3.704,3.744,2019530.5
2024-10-24 20:00:00,3.745,3.77,3.716,3.739,1899263.8
2024-10-25 00:00:00,3.738,3.75,3.693,3.714,1754544.4
2024-10-25 04:00:00,3.714,3.718,3.642,3.673,3080967.4
2024-10-25 08:00:00,3.673,3.73,3.645,3.727,2309179.4
2024-10-25 12:00:00,3.728,3.75,3.661,3.677,4257908.7
2024-10-25 16:00:00,3.677,3.703,3.55,3.6,8987221.5
2024-10-25 20:00:00,3.599,3.632,3.268,3.439,15734739.8
2024-10-26 00:00:00,3.439,3.488,3.386,3.473,6435924.6
2024-10-26 04:00:00,3.473,3.483,3.451,3.452,2271372.5
2024-10-26 08:00:00,3.452,3.474,3.443,3.462,2011376.7
2024-10-26 12:00:00,3.461,3.468,3.371,3.405,4885071.2
2024-10-26 16:00:00,3.405,3.448,3.391,3.445,2013442.8
2024-10-26 20:00:00,3.445,3.474,3.439,3.467,1675093.2
2024-10-27 00:00:00,3.467,3.493,3.452,3.491,1952888.1
2024-10-27 04:00:00,3.492,3.504,3.47,3.486,1561237.1
2024-10-27 08:00:00,3.486,3.495,3.458,3.473,1813863.8
2024-10-27 12:00:00,3.473,3.532,3.472,3.523,2451484.0
2024-10-27 16:00:00,3.523,3.533,3.502,3.515,1795758.2
2024-10-27 20:00:00,3.516,3.603,3.51,3.563,3506312.6
2024-10-28 00:00:00,3.563,3.575,3.508,3.515,2662284.9
2024-10-28 04:00:00,3.515,3.57,3.483,3.556,3488950.9
2024-10-28 08:00:00,3.556,3.587,3.55,3.566,2574318.6
2024-10-28 12:00:00,3.566,3.635,3.526,3.529,8134091.5
2024-10-28 16:00:00,3.528,3.588,3.486,3.572,4877725.6
2024-10-28 20:00:00,3.591,3.67,3.582,3.624,2792280.1
2024-10-29 00:00:00,3.623,3.694,3.61,3.666,3561828.7
2024-10-29 04:00:00,3.667,3.676,3.603,3.635,3697931.3
2024-10-29 08:00:00,3.635,3.656,3.624,3.647,2082869.1
2024-10-29 12:00:00,3.646,3.682,3.623,3.682,3313783.4
2024-10-29 16:00:00,3.681,3.743,3.67,3.687,6307043.8
2024-10-29 20:00:00,3.686,3.725,3.655,3.708,2571926.4
2024-10-30 00:00:00,3.708,3.734,3.663,3.725,2623908.5
2024-10-30 04:00:00,3.726,3.779,3.712,3.75,4053541.7
2024-10-30 08:00:00,3.75,3.768,3.697,3.699,3586896.8
2024-10-30 12:00:00,3.699,3.791,3.679,3.733,6792399.8
2024-10-30 16:00:00,3.734,3.75,3.703,3.718,1841540.4
2024-10-30 20:00:00,3.719,3.777,3.702,3.723,2843011.1
2024-10-31 00:00:00,3.723,3.741,3.673,3.691,2299842.7
2024-10-31 04:00:00,3.69,3.695,3.635,3.664,3255290.9
2024-10-31 08:00:00,3.664,3.666,3.611,3.624,4088734.5
2024-10-31 12:00:00,3.624,3.655,3.551,3.579,6188796.0
2024-10-31 16:00:00,3.579,3.579,3.487,3.508,5207789.4
2024-10-31 20:00:00,3.508,3.555,3.494,3.533,2805744.2
2024-11-01 00:00:00,3.533,3.567,3.468,3.537,4317670.8
2024-11-01 04:00:00,3.538,3.559,3.453,3.485,2778191.0
2024-11-01 08:00:00,3.484,3.512,3.478,3.496,2884128.4
2024-11-01 12:00:00,3.496,3.587,3.421,3.458,7632289.1
2024-11-01 16:00:00,3.458,3.512,3.45,3.47,4659439.5
2024-11-01 20:00:00,3.471,3.488,3.422,3.469,2195344.5
2024-11-02 00:00:00,3.469,3.508,3.464,3.469,1615453.4
2024-11-02 04:00:00,3.468,3.487,3.446,3.482,1441467.5
2024-11-02 08:00:00,3.482,3.491,3.463,3.473,1517517.6
2024-11-02 12:00:00,3.474,3.48,3.402,3.424,4546097.5
2024-11-02 16:00:00,3.425,3.449,3.388,3.423,2957913.6
2024-11-02 20:00:00,3.423,3.438,3.406,3.43,1073931.3
2024-11-03 00:00:00,3.429,3.438,3.283,3.34,7349226.8
2024-11-03 04:00:00,3.34,3.393,3.338,3.372,2089946.0
2024-11-03 08:00:00,3.373,3.386,3.327,3.332,2575537.8
2024-11-03 12:00:00,3.332,3.35,3.236,3.29,8131977.2
2024-11-03 16:00:00,3.29,3.329,3.261,3.327,3999545.9
2024-11-03 20:00:00,3.327,3.371,3.317,3.339,2546968.3
2024-11-04 00:00:00,3.338,3.388,3.3,3.351,3208171.8
2024-11-04 04:00:00,3.351,3.373,3.328,3.339,1978210.1
2024-11-04 08:00:00,3.34,3.403,3.31,3.39,3897895.8
2024-11-04 12:00:00,3.39,3.406,3.339,3.354,3370270.5
2024-11-04 16:00:00,3.354,3.357,3.307,3.319,2969295.2
2024-11-04 20:00:00,3.32,3.324,3.197,3.273,7418387.9
2024-11-05 00:00:00,3.272,3.317,3.267,3.316,2681272.2
2024-11-05 04:00:00,3.315,3.354,3.312,3.346,2311558.0
2024-11-05 08:00:00,3.346,3.363,3.319,3.327,2456010.5
2024-11-05 12:00:00,3.328,3.432,3.317,3.391,6474464.2
2024-11-05 16:00:00,3.391,3.431,3.33,3.344,4935796.8
2024-11-05 20:00:00,3.344,3.409,3.334,3.389,3111906.2
2024-11-06 00:00:00,3.39,3.616,3.389,3.583,11069372.8
2024-11-06 04:00:00,3.582,3.663,3.577,3.61,9545102.1
2024-11-06 08:00:00,3.61,3.636,3.538,3.618,6304097.6
2024-11-06 12:00:00,3.618,3.633,3.562,3.6,3962025.6
2024-11-06 16:00:00,3.599,3.655,3.585,3.654,3088553.1
2024-11-06 20:00:00,3.654,3.754,3.639,3.711,4785773.2
2024-11-07 00:00:00,3.711,3.829,3.692,3.782,6571319.5
2024-11-07 04:00:00,3.783,3.792,3.694,3.722,4194578.1
2024-11-07 08:00:00,3.722,3.754,3.683,3.698,3311787.6
2024-11-07 12:00:00,3.698,3.772,3.671,3.77,4216620.1
2024-11-07 16:00:00,3.771,3.783,3.721,3.762,3585988.8
2024-11-07 20:00:00,3.762,3.799,3.742,3.771,3148740.6
2024-11-08 00:00:00,3.771,3.823,3.68,3.714,5195456.1
2024-11-08 04:00:00,3.713,3.741,3.701,3.714,2981541.2
2024-11-08 08:00:00,3.713,3.733,3.689,3.719,3424425.1
2024-11-08 12:00:00,3.719,3.968,3.718,3.887,17555871.1
2024-11-08 16:00:00,3.887,3.925,3.766,3.91,10509070.7
2024-11-08 20:00:00,3.91,3.931,3.834,3.915,4729352.8
2024-11-09 00:00:00,3.916,3.916,3.787,3.799,4061368.9
2024-11-09 04:00:00,3.799,3.916,3.798,3.896,4851906.2
2024-11-09 08:00:00,3.897,3.983,3.877,3.958,6250294.2
2024-11-09 12:00:00,3.958,3.962,3.841,3.877,4864418.0
2024-11-09 16:00:00,3.876,3.895,3.812,3.878,5651171.4
2024-11-09 20:00:00,3.877,4.08,3.869,4.054,6865372.0
2024-11-10 00:00:00,4.054,4.098,3.997,4.071,7510340.3
2024-11-10 04:00:00,4.071,4.16,4.057,4.104,8583745.9
2024-11-10 08:00:00,4.103,4.222,4.103,4.189,7015925.6
2024-11-10 12:00:00,4.191,4.289,4.124,4.236,12266517.1
2024-11-10 16:00:00,4.235,4.427,4.199,4.295,13720166.9
2024-11-10 20:00:00,4.295,4.318,4.04,4.27,13373745.9
2024-11-11 00:00:00,4.27,4.372,4.262,4.333,7087521.8
2024-11-11 04:00:00,4.334,4.345,4.118,4.175,9550106.0
2024-11-11 08:00:00,4.176,4.268,4.149,4.251,8975923.4
2024-11-11 12:00:00,4.251,4.282,4.121,4.236,10536508.3
2024-11-11 16:00:00,4.235,4.309,4.205,4.244,8181228.6
2024-11-11 20:00:00,4.244,4.419,4.227,4.415,9842512.4
2024-11-12 00:00:00,4.415,4.526,4.289,4.499,12948921.6
2024-11-12 04:00:00,4.499,4.57,4.394,4.509,12061225.9
2024-11-12 08:00:00,4.509,4.66,4.115,4.276,25372882.1
2024-11-12 12:00:00,4.276,4.34,4.142,4.197,13959544.6
2024-11-12 16:00:00,4.196,4.283,4.097,4.242,8282666.0
2024-11-12 20:00:00,4.242,4.333,4.18,4.225,5356171.8
2024-11-13 00:00:00,4.225,4.299,4.012,4.017,10817734.0
2024-11-13 04:00:00,4.017,4.077,3.854,3.967,15172444.3
2024-11-13 08:00:00,3.967,4.006,3.911,3.967,6934346.0
2024-11-13 12:00:00,3.967,4.24,3.916,4.196,16602948.8
2024-11-13 16:00:00,4.196,4.27,4.032,4.046,15506709.0
2024-11-13 20:00:00,4.046,4.101,3.925,4.079,11255369.7
2024-11-14 00:00:00,4.08,4.103,3.995,4.092,6101020.7
2024-11-14 04:00:00,4.092,4.216,4.047,4.12,7929867.5
2024-11-14 08:00:00,4.121,4.14,3.965,4.032,6990498.8
2024-11-14 12:00:00,4.032,4.053,3.847,3.885,12256693.8
2024-11-14 16:00:00,3.885,3.969,3.855,3.955,6983616.2
2024-11-14 20:00:00,3.955,3.983,3.801,3.859,7346525.3
2024-11-15 00:00:00,3.859,3.927,3.815,3.892,5094310.4
2024-11-15 04:00:00,3.891,3.934,3.782,3.89,5581223.9
2024-11-15 08:00:00,3.891,3.995,3.848,3.992,4505708.0
2024-11-15 12:00:00,3.993,4.149,3.949,3.997,14683242.0
2024-11-15 16:00:00,3.997,4.249,3.972,4.214,15996829.5
2024-11-15 20:00:00,4.213,4.26,4.184,4.204,6364196.0
2024-11-16 00:00:00,4.203,4.217,4.152,4.194,4265712.7
2024-11-16 04:00:00,4.194,4.24,4.158,4.199,4525380.0
2024-11-16 08:00:00,4.2,4.509,4.198,4.489,11803501.8
2024-11-16 12:00:00,4.49,4.569,4.363,4.521,17113073.0
2024-11-16 16:00:00,4.52,4.805,4.481,4.669,16719203.1
2024-11-16 20:00:00,4.669,4.828,4.618,4.75,11620151.5
2024-11-17 00:00:00,4.75,4.883,4.487,4.603,19549138.9
2024-11-17 04:00:00,4.603,4.632,4.471,4.578,9956974.3
2024-11-17 08:00:00,4.578,4.665,4.436,4.441,12317935.9
2024-11-17 12:00:00,4.442,4.502,4.371,4.402,9408177.8
2024-11-17 16:00:00,4.402,4.471,4.338,4.364,6275221.2
2024-11-17 20:00:00,4.364,4.388,4.253,4.347,7786474.0
2024-11-18 00:00:00,4.348,4.583,4.321,4.565,9737353.9
2024-11-18 04:00:00,4.566,4.656,4.541,4.612,9078624.4
2024-11-18 08:00:00,4.613,4.626,4.411,4.434,10320851.1
2024-11-18 12:00:00,4.435,4.509,4.329,4.489,12853164.5
2024-11-18 16:00:00,4.489,4.574,4.347,4.426,10989833.7
2024-11-18 20:00:00,4.426,4.56,4.388,4.538,6700604.3
2024-11-19 00:00:00,4.539,4.591,4.491,4.532,5216844.6
2024-11-19 04:00:00,4.533,4.545,4.428,4.466,4555399.6
2024-11-19 08:00:00,4.466,4.471,4.376,4.463,4534969.3
2024-11-19 12:00:00,4.464,4.54,4.359,4.45,8818775.3
2024-11-19 16:00:00,4.45,4.539,4.395,4.463,6273114.3
2024-11-19 20:00:00,4.462,4.491,4.286,4.436,7648177.0
2024-11-20 00:00:00,4.435,4.438,4.231,4.317,5560341.0
2024-11-20 04:00:00,4.317,4.388,4.269,4.349,3750842.0
2024-11-20 08:00:00,4.349,4.485,4.34,4.364,6786287.4
2024-11-20 12:00:00,4.364,4.535,4.302,4.438,11318453.2
2024-11-20 16:00:00,4.439,4.45,4.118,4.171,14078742.6
2024-11-20 20:00:00,4.17,4.291,4.139,4.246,5242566.0
2024-11-21 00:00:00,4.247,4.326,4.078,4.218,9114210.4
2024-11-21 04:00:00,4.219,4.526,4.218,4.488,13218747.5
2024-11-21 08:00:00,4.489,4.595,4.405,4.554,9032679.3
2024-11-21 12:00:00,4.555,4.671,4.428,4.477,17467728.9
2024-11-21 16:00:00,4.477,4.556,4.463,4.5,6488437.2
2024-11-21 20:00:00,4.501,4.564,4.447,4.535,4216547.6
2024-11-22 00:00:00,4.535,4.684,4.457,4.652,9353377.2
2024-11-22 04:00:00,4.653,4.751,4.611,4.62,7312268.9
2024-11-22 08:00:00,4.62,4.72,4.563,4.703,6140628.0
2024-11-22 12:00:00,4.703,4.746,4.505,4.703,16366412.8
2024-11-22 16:00:00,4.703,4.787,4.653,4.731,10751396.1
2024-11-22 20:00:00,4.731,4.973,4.713,4.938,12099363.6
2024-11-23 00:00:00,4.939,5.133,4.839,4.954,19319285.3
2024-11-23 04:00:00,4.954,5.199,4.859,5.187,12961305.9
2024-11-23 08:00:00,5.186,5.226,5.102,5.217,11777015.6
2024-11-23 12:00:00,5.215,5.454,5.164,5.401,19952120.7
2024-11-23 16:00:00,5.401,5.674,5.194,5.529,34084653.7
2024-11-23 20:00:00,5.528,5.617,5.341,5.374,15035731.8
2024-11-24 00:00:00,5.374,6.141,5.345,6.004,28353959.0
2024-11-24 04:00:00,6.005,6.115,5.78,5.918,19366649.0
2024-11-24 08:00:00,5.918,6.004,5.507,5.511,25835387.9
2024-11-24 12:00:00,5.512,5.597,5.183,5.246,29515871.5
2024-11-24 16:00:00,5.246,5.531,5.215,5.447,11987907.7
2024-11-24 20:00:00,5.446,5.783,5.427,5.726,11790565.8
2024-11-25 00:00:00,5.727,5.749,5.403,5.599,15217121.8
2024-11-25 04:00:00,5.6,5.683,5.514,5.63,8859480.7
2024-11-25 08:00:00,5.628,5.865,5.622,5.722,14355957.6
2024-11-25 12:00:00,5.722,5.808,5.37,5.602,20543801.7
2024-11-25 16:00:00,5.603,5.761,5.481,5.724,13235804.1
2024-11-25 20:00:00,5.723,5.765,5.353,5.459,11777176.7
2024-11-26 00:00:00,5.458,5.676,5.42,5.581,7605150.3
2024-11-26 04:00:00,5.581,5.772,5.509,5.629,9969232.5
2024-11-26 08:00:00,5.63,5.66,5.2,5.305,22561381.4
2024-11-26 12:00:00,5.305,5.414,5.203,5.256,13566192.8
2024-11-26 16:00:00,5.257,5.45,5.161,5.27,11423758.3
2024-11-26 20:00:00,5.269,5.454,5.258,5.437,7168623.8
2024-11-27 00:00:00,5.437,5.517,5.293,5.366,9291753.0
2024-11-27 04:00:00,5.366,5.553,5.363,5.538,8037106.3
2024-11-27 08:00:00,5.539,5.635,5.406,5.512,9326865.1
2024-11-27 12:00:00,5.512,5.67,5.353,5.636,13068844.9
2024-11-27 16:00:00,5.637,5.696,5.57,5.665,7365533.9
2024-11-27 20:00:00,5.664,5.852,5.662,5.815,8051580.5
2024-11-28 00:00:00,5.815,5.904,5.642,5.702,11244182.3
2024-11-28 04:00:00,5.703,5.797,5.645,5.664,5382140.1
2024-11-28 08:00:00,5.665,5.727,5.534,5.653,8316994.7
2024-11-28 12:00:00,5.653,5.735,5.513,5.539,9884018.2
2024-11-28 16:00:00,5.54,5.771,5.534,5.753,7891517.8
2024-11-28 20:00:00,5.754,5.844,5.704,5.814,5602631.5
2024-11-29 00:00:00,5.814,5.859,5.73,5.739,5638980.0
2024-11-29 04:00:00,5.739,5.748,5.626,5.638,5997233.3
2024-11-29 08:00:00,5.638,5.883,5.638,5.841,7575273.0
2024-11-29 12:00:00,5.842,6.131,5.841,6.0,14015942.2
2024-11-29 16:00:00,5.999,6.057,5.929,6.041,8109880.3
2024-11-29 20:00:00,6.043,6.175,6.007,6.146,6920983.4
2024-11-30 00:00:00,6.147,6.285,6.068,6.147,10023787.9
2024-11-30 04:00:00,6.147,6.201,6.085,6.18,5771546.8
2024-11-30 08:00:00,6.179,6.317,6.101,6.273,10824208.0
2024-11-30 12:00:00,6.272,6.657,6.247,6.634,18601949.8
2024-11-30 16:00:00,6.634,7.067,6.503,6.973,23395545.8
2024-11-30 20:00:00,6.972,7.33,6.948,7.081,24205041.9
2024-12-01 00:00:00,7.08,7.1,6.654,6.807,18453512.8
2024-12-01 04:00:00,6.807,6.963,6.758,6.775,9591966.5
2024-12-01 08:00:00,6.774,6.92,6.742,6.843,9444731.2
2024-12-01 12:00:00,6.843,6.929,6.763,6.886,7882442.8
2024-12-01 16:00:00,6.886,6.893,6.704,6.815,9800097.2
2024-12-01 20:00:00,6.814,6.956,6.704,6.87,9012499.1
2024-12-02 00:00:00,6.869,7.499,6.848,7.113,28381434.3
2024-12-02 04:00:00,7.109,7.277,6.964,7.065,19490066.5
2024-12-02 08:00:00,7.066,7.152,6.624,6.792,25304451.8
2024-12-02 12:00:00,6.791,7.259,6.765,7.161,22680513.4
2024-12-02 16:00:00,7.161,7.358,6.918,7.34,18942042.9
2024-12-02 20:00:00,7.339,7.493,7.197,7.288,15542077.2
2024-12-03 00:00:00,7.288,7.465,7.128,7.42,13942346.6
2024-12-03 04:00:00,7.421,7.65,7.207,7.276,19353282.7
2024-12-03 08:00:00,7.277,7.437,7.174,7.394,14524884.6
2024-12-03 12:00:00,7.394,7.463,6.685,7.007,39614825.6
2024-12-03 16:00:00,7.007,7.17,6.854,6.981,17255809.2
2024-12-03 20:00:00,6.98,7.425,6.966,7.313,12640048.4
2024-12-04 00:00:00,7.314,7.846,7.301,7.748,20889371.0
2024-12-04 04:00:00,7.748,8.107,7.65,7.92,17294138.9
2024-12-04 08:00:00,7.921,8.025,7.786,7.943,12066592.2
2024-12-04 12:00:00,7.942,8.36,7.857,8.156,38051636.9
2024-12-04 16:00:00,8.157,8.399,7.774,8.17,26197806.1
2024-12-04 20:00:00,8.171,8.436,7.942,8.091,16322611.0
2024-12-05 00:00:00,8.092,8.202,7.64,7.903,23960182.3
2024-12-05 04:00:00,7.904,8.289,7.843,8.12,15067737.0
2024-12-05 08:00:00,8.12,8.153,7.904,8.003,13425022.9
2024-12-05 12:00:00,8.003,8.023,7.812,7.996,16407116.6
2024-12-05 16:00:00,7.996,8.097,7.78,7.835,11386258.9
2024-12-05 20:00:00,7.834,7.964,7.447,7.699,15578773.4
2024-12-06 00:00:00,7.699,7.999,7.653,7.927,9067074.7
2024-12-06 04:00:00,7.927,8.03,7.891,7.925,5431359.0
2024-12-06 08:00:00,7.925,8.053,7.674,7.792,12444660.3
2024-12-06 12:00:00,7.792,8.161,7.589,8.003,17762801.6
2024-12-06 16:00:00,8.004,8.275,7.966,8.264,9796147.1
2024-12-06 20:00:00,8.263,8.308,8.034,8.082,11298800.3
2024-12-07 00:00:00,8.082,8.094,7.912,8.033,9620198.8
2024-12-07 04:00:00,8.032,8.087,7.912,7.971,6859390.9
2024-12-07 08:00:00,7.971,8.005,7.82,7.901,7376880.2
2024-12-07 12:00:00,7.901,8.007,7.883,7.952,5037243.2
2024-12-07 16:00:00,7.951,7.986,7.708,7.801,8818613.2
2024-12-07 20:00:00,7.802,7.881,7.785,7.83,3407491.8
2024-12-08 00:00:00,7.829,7.96,7.787,7.839,4786141.3
2024-12-08 04:00:00,7.839,7.856,7.662,7.777,6260760.4
2024-12-08 08:00:00,7.777,7.782,7.581,7.739,7750697.4
2024-12-08 12:00:00,7.738,7.869,7.666,7.76,7043268.5
2024-12-08 16:00:00,7.76,7.797,7.655,7.773,4880030.9
2024-12-08 20:00:00,7.772,7.906,7.695,7.878,4054383.1
2024-12-09 00:00:00,7.878,7.879,7.429,7.523,10261123.2
2024-12-09 04:00:00,7.523,7.607,7.247,7.367,11273930.0
2024-12-09 08:00:00,7.368,7.368,7.011,7.029,15225292.7
2024-12-09 12:00:00,7.028,7.311,6.969,7.065,14038588.2
2024-12-09 16:00:00,7.065,7.158,7.006,7.022,6282266.4
2024-12-09 20:00:00,7.022,7.038,5.444,6.267,56735852.1
2024-12-10 00:00:00,6.267,6.449,5.949,6.209,21476939.7
2024-12-10 04:00:00,6.21,6.393,6.063,6.331,10916301.0
2024-12-10 08:00:00,6.33,6.475,6.267,6.344,8254737.4
2024-12-10 12:00:00,6.345,6.358,5.859,5.868,22163595.2
2024-12-10 16:00:00,5.869,6.086,5.679,6.072,24444989.2
2024-12-10 20:00:00,6.072,6.276,6.03,6.2,6701502.9
2024-12-11 00:00:00,6.2,6.232,5.943,6.182,9384733.9
2024-12-11 04:00:00,6.183,6.222,6.109,6.116,5385150.3
2024-12-11 08:00:00,6.117,6.355,6.112,6.309,7115460.6
2024-12-11 12:00:00,6.309,6.726,6.306,6.674,13679371.8
2024-12-11 16:00:00,6.673,6.713,6.504,6.626,7955076.4
2024-12-11 20:00:00,6.626,6.787,6.612,6.68,5454623.0
2024-12-12 00:00:00,6.681,7.021,6.626,6.991,9633119.9
2024-12-12 04:00:00,6.99,7.152,6.921,6.936,10091605.7
2024-12-12 08:00:00,6.935,7.037,6.735,6.792,8294051.3
2024-12-12 12:00:00,6.793,6.973,6.771,6.875,12638191.5
2024-12-12 16:00:00,6.876,6.967,6.647,6.668,9243539.0
2024-12-12 20:00:00,6.667,6.824,6.61,6.732,6478368.6
2024-12-13 00:00:00,6.733,6.828,6.567,6.734,6515276.0
2024-12-13 04:00:00,6.734,6.751,6.514,6.599,6056761.5
2024-12-13 08:00:00,6.599,6.784,6.574,6.694,5349473.0
2024-12-13 12:00:00,6.695,6.854,6.593,6.601,9009030.6
2024-12-13 16:00:00,6.6,6.781,6.591,6.72,8079740.4
2024-12-13 20:00:00,6.72,6.823,6.589,6.75,4713345.6
2024-12-14 00:00:00,6.75,6.852,6.678,6.708,4962938.8
2024-12-14 04:00:00,6.708,6.815,6.662,6.742,3849118.1
2024-12-14 08:00:00,6.742,6.799,6.635,6.645,4036967.8
2024-12-14 12:00:00,6.644,6.663,6.414,6.502,9952250.9
2024-12-14 16:00:00,6.502,6.511,6.282,6.351,9590511.5
2024-12-14 20:00:00,6.351,6.455,6.26,6.432,4964256.6
2024-12-15 00:00:00,6.433,6.522,6.348,6.414,4543133.2
2024-12-15 04:00:00,6.413,6.538,6.313,6.369,5101202.9
2024-12-15 08:00:00,6.369,6.544,6.362,6.501,5146498.8
2024-12-15 12:00:00,6.501,6.786,6.475,6.678,8213167.0
2024-12-15 16:00:00,6.679,6.704,6.593,6.624,4181122.7
2024-12-15 20:00:00,6.625,6.765,6.4,6.737,8598940.2
2024-12-16 00:00:00,6.736,6.944,6.62,6.666,8797902.1
2024-12-16 04:00:00,6.666,6.758,6.637,6.689,4655123.4
2024-12-16 08:00:00,6.689,6.697,6.466,6.489,6053476.0
2024-12-16 12:00:00,6.489,6.582,6.445,6.553,8016649.6
2024-12-16 16:00:00,6.553,6.832,6.553,6.676,11872494.6
2024-12-16 20:00:00,6.677,6.721,6.527,6.532,5276449.6
2024-12-17 00:00:00,6.532,6.547,6.391,6.51,6750706.1
2024-12-17 04:00:00,6.51,6.511,6.391,6.418,3867593.0
2024-12-17 08:00:00,6.418,6.659,6.413,6.595,5586000.4
2024-12-17 12:00:00,6.594,6.646,6.315,6.354,11524274.5
2024-12-17 16:00:00,6.353,6.604,6.289,6.426,8488384.9
2024-12-17 20:00:00,6.426,6.474,6.216,6.288,7905329.6
2024-12-18 00:00:00,6.289,6.341,6.164,6.178,7903589.9
2024-12-18 04:00:00,6.177,6.187,6.015,6.088,8206226.9
2024-12-18 08:00:00,6.087,6.203,6.038,6.192,3990724.9
2024-12-18 12:00:00,6.191,6.194,5.989,6.062,9136765.7
2024-12-18 16:00:00,6.063,6.201,5.915,5.917,10805768.9
2024-12-18 20:00:00,5.917,5.967,5.518,5.646,31098185.8
2024-12-19 00:00:00,5.646,5.709,5.309,5.628,25241113.1
2024-12-19 04:00:00,5.627,5.681,5.578,5.665,5887161.0
2024-12-19 08:00:00,5.665,5.736,5.583,5.692,5512223.0
2024-12-19 12:00:00,5.691,5.703,5.398,5.483,13452516.1
2024-12-19 16:00:00,5.482,5.542,4.969,5.08,33727838.6
2024-12-19 20:00:00,5.081,5.225,4.92,5.083,15105037.6
2024-12-20 00:00:00,5.084,5.32,5.01,5.236,9682510.3
2024-12-20 04:00:00,5.235,5.271,5.009,5.102,8385408.4
2024-12-20 08:00:00,5.102,5.11,4.378,4.402,43970100.8
2024-12-20 12:00:00,4.402,4.894,4.387,4.854,23263702.6
2024-12-20 16:00:00,4.854,5.161,4.82,5.117,10736444.8
2024-12-20 20:00:00,5.117,5.274,5.012,5.208,8287086.3
2024-12-21 00:00:00,5.207,5.255,5.129,5.173,6285847.5
2024-12-21 04:00:00,5.173,5.479,5.153,5.41,8651509.7
2024-12-21 08:00:00,5.41,5.431,5.184,5.243,9420449.8
2024-12-21 12:00:00,5.243,5.244,4.881,5.055,21317148.0
2024-12-21 16:00:00,5.055,5.081,4.858,4.947,13336110.9
2024-12-21 20:00:00,4.947,5.014,4.843,4.917,7868983.2
2024-12-22 00:00:00,4.918,4.968,4.82,4.925,8395491.4
2024-12-22 04:00:00,4.924,4.937,4.76,4.887,7543804.9
2024-12-22 08:00:00,4.887,5.058,4.884,4.979,6537654.1
2024-12-22 12:00:00,4.978,5.024,4.788,4.85,10355480.1
2024-12-22 16:00:00,4.85,4.96,4.737,4.756,7224527.5
2024-12-22 20:00:00,4.757,4.913,4.689,4.83,9339073.7
2024-12-23 00:00:00,4.83,5.011,4.718,4.99,9683279.1
2024-12-23 04:00:00,4.99,5.049,4.804,4.893,7972855.8
2024-12-23 08:00:00,4.893,5.008,4.866,4.925,5267911.3
2024-12-23 12:00:00,4.924,4.997,4.824,4.845,10081122.2
2024-12-23 16:00:00,4.844,5.006,4.839,4.965,8682038.5
2024-12-23 20:00:00,4.964,5.26,4.961,5.195,9458935.9
2024-12-24 00:00:00,5.194,5.215,5.037,5.171,5744122.7
2024-12-24 04:00:00,5.171,5.209,5.099,5.158,4809105.5
2024-12-24 08:00:00,5.158,5.272,5.138,5.209,6710070.0
2024-12-24 12:00:00,5.208,5.492,5.158,5.462,9110806.7
2024-12-24 16:00:00,5.462,5.57,5.426,5.429,7430403.6
2024-12-24 20:00:00,5.428,5.48,5.363,5.46,5144226.7
2024-12-25 00:00:00,5.46,5.476,5.374,5.404,4518253.2
2024-12-25 04:00:00,5.404,5.428,5.316,5.329,4290036.6
2024-12-25 08:00:00,5.329,5.499,5.301,5.315,6456856.8
2024-12-25 12:00:00,5.314,5.4,5.275,5.304,5771456.4
2024-12-25 16:00:00,5.305,5.332,5.227,5.319,4315823.2
2024-12-25 20:00:00,5.319,5.341,5.238,5.292,3045767.1
2024-12-26 00:00:00,5.292,5.362,5.195,5.206,5310913.4
2024-12-26 04:00:00,5.206,5.206,5.096,5.113,6118054.9
2024-12-26 08:00:00,5.114,5.129,4.949,5.034,9653758.1
2024-12-26 12:00:00,5.033,5.07,4.968,4.987,7040160.3
2024-12-26 16:00:00,4.988,5.048,4.901,4.998,6235524.3
2024-12-26 20:00:00,4.997,5.021,4.922,4.976,4195480.7
2024-12-27 00:00:00,4.975,5.062,4.94,5.033,4658602.5
2024-12-27 04:00:00,5.033,5.101,4.927,4.97,5257443.4
2024-12-27 08:00:00,4.971,5.201,4.97,5.148,8501042.4
2024-12-27 12:00:00,5.148,5.158,4.909,4.925,7729043.6
2024-12-27 16:00:00,4.925,5.057,4.888,5.013,6122218.5
2024-12-27 20:00:00,5.012,5.02,4.913,4.95,3714722.3
2024-12-28 00:00:00,4.95,5.023,4.902,5.015,3938841.9
2024-12-28 04:00:00,5.015,5.073,4.955,4.967,3997635.7
2024-12-28 08:00:00,4.968,5.016,4.962,5.001,2652281.2
2024-12-28 12:00:00,5.002,5.113,4.96,5.047,5761589.4
2024-12-28 16:00:00,5.047,5.258,5.041,5.158,5717324.6
2024-12-28 20:00:00,5.158,5.283,5.134,5.21,4090120.1
2024-12-29 00:00:00,5.21,5.239,5.156,5.196,3440817.4
2024-12-29 04:00:00,5.195,5.206,5.131,5.199,2829523.4
2024-12-29 08:00:00,5.199,5.203,5.113,5.124,2794286.9
2024-12-29 12:00:00,5.124,5.172,5.055,5.087,5101619.3
2024-12-29 16:00:00,5.087,5.089,4.977,4.993,6002520.4
2024-12-29 20:00:00,4.994,4.999,4.912,4.954,4683253.1
2024-12-30 00:00:00,4.954,5.184,4.936,5.027,6751299.9
2024-12-30 04:00:00,5.027,5.111,4.983,5.044,4358933.6
2024-12-30 08:00:00,5.045,5.086,4.959,5.006,4144606.0
2024-12-30 12:00:00,5.006,5.069,4.775,4.811,13564772.2
2024-12-30 16:00:00,4.809,5.046,4.749,5.023,8822383.3
2024-12-30 20:00:00,5.024,5.09,4.859,4.925,6829462.9
2024-12-31 00:00:00,4.926,4.927,4.821,4.83,4284495.2
2024-12-31 04:00:00,4.83,4.882,4.805,4.852,3109086.9
2024-12-31 08:00:00,4.851,4.992,4.85,4.97,4783927.0
2024-12-31 12:00:00,4.97,5.137,4.961,5.063,6064333.0
2024-12-31 16:00:00,5.063,5.098,4.907,4.989,5986974.3
2024-12-31 20:00:00,4.988,5.005,4.911,4.952,2752811.7
2025-01-01 00:00:00,4.952,5.039,4.942,4.959,2879043.1
2025-01-01 04:00:00,4.959,4.981,4.923,4.944,2721666.6
2025-01-01 08:00:00,4.943,4.966,4.846,4.937,4599452.9
2025-01-01 12:00:00,4.936,5.068,4.913,5.057,6112673.7
2025-01-01 16:00:00,5.056,5.194,4.992,5.164,8475587.1
2025-01-01 20:00:00,5.164,5.196,5.099,5.121,4705651.5
2025-01-02 00:00:00,5.121,5.255,5.12,5.19,5250731.5
2025-01-02 04:00:00,5.19,5.255,5.146,5.207,4312859.1
2025-01-02 08:00:00,5.207,5.31,5.181,5.263,5879558.6
2025-01-02 12:00:00,5.264,5.368,5.215,5.244,8197360.7
2025-01-02 16:00:00,5.244,5.306,5.194,5.259,4734678.3
2025-01-02 20:00:00,5.259,5.332,5.238,5.305,3148422.0
2025-01-03 00:00:00,5.306,5.436,5.254,5.422,5193205.5
2025-01-03 04:00:00,5.422,5.423,5.239,5.254,4786422.0
2025-01-03 08:00:00,5.253,5.443,5.239,5.423,5806850.8
2025-01-03 12:00:00,5.422,5.655,5.421,5.634,10677114.1
2025-01-03 16:00:00,5.634,5.754,5.623,5.646,7182689.2
2025-01-03 20:00:00,5.645,5.673,5.615,5.664,2926371.2
2025-01-04 00:00:00,5.664,5.681,5.569,5.661,4971703.6
2025-01-04 04:00:00,5.662,5.682,5.612,5.655,3034748.1
2025-01-04 08:00:00,5.655,5.657,5.581,5.618,2933707.4
2025-01-04 12:00:00,5.618,5.733,5.561,5.581,7047001.2
2025-01-04 16:00:00,5.581,5.637,5.568,5.618,2879864.6
2025-01-04 20:00:00,5.617,5.663,5.606,5.639,2026666.3
2025-01-05 00:00:00,5.639,5.671,5.57,5.608,2834932.5
2025-01-05 04:00:00,5.608,5.685,5.603,5.655,2708699.2
2025-01-05 08:00:00,5.655,5.661,5.563,5.598,3914218.6
2025-01-05 12:00:00,5.598,5.644,5.5,5.624,5372048.8
2025-01-05 16:00:00,5.623,5.848,5.58,5.821,6202196.5
2025-01-05 20:00:00,5.822,5.972,5.726,5.911,9208425.6
2025-01-06 00:00:00,5.911,6.295,5.783,6.256,24712601.7
2025-01-06 04:00:00,6.257,6.269,6.101,6.108,11516453.3
2025-01-06 08:00:00,6.109,6.132,5.991,6.085,10143138.1
2025-01-06 12:00:00,6.085,6.142,5.943,6.092,12833391.4
2025-01-06 16:00:00,6.092,6.155,5.965,6.008,7664665.7
2025-01-06 20:00:00,6.007,6.029,5.906,5.983,4249819.5
2025-01-07 00:00:00,5.984,5.989,5.9,5.956,4451382.6
2025-01-07 04:00:00,5.956,6.102,5.917,6.033,5569430.3
2025-01-07 08:00:00,6.033,6.105,5.931,5.983,5458226.7
2025-01-07 12:00:00,5.984,6.041,5.477,5.58,22594649.1
2025-01-07 16:00:00,5.58,5.65,5.398,5.428,12663683.0
2025-01-07 20:00:00,5.429,5.457,5.328,5.349,8009556.0
2025-01-08 00:00:00,5.35,5.486,5.305,5.343,7736026.6
2025-01-08 04:00:00,5.343,5.375,5.144,5.243,11248000.3
2025-01-08 08:00:00,5.243,5.336,5.163,5.21,6866489.9
2025-01-08 12:00:00,5.21,5.263,5.123,5.183,9751932.3
2025-01-08 16:00:00,5.183,5.186,4.885,5.041,19789359.3
2025-01-08 20:00:00,5.04,5.145,4.997,5.107,3971305.0
2025-01-09 00:00:00,5.106,5.188,5.055,5.099,6687855.0
2025-01-09 04:00:00,5.098,5.142,4.983,5.0,5409451.5
2025-01-09 08:00:00,5.0,5.123,4.977,5.097,6160554.2
2025-01-09 12:00:00,5.096,5.186,4.907,5.157,11583556.1
2025-01-09 16:00:00,5.157,5.186,4.987,5.006,8042253.8
2025-01-09 20:00:00,5.006,5.094,4.917,5.05,6856367.0
2025-01-10 00:00:00,5.05,5.101,5.023,5.076,3666185.4
2025-01-10 04:00:00,5.077,5.228,5.04,5.174,5331286.7
2025-01-10 08:00:00,5.174,5.21,5.124,5.167,4559933.0
2025-01-10 12:00:00,5.168,5.223,5.009,5.128,13763404.8
2025-01-10 16:00:00,5.128,5.262,5.055,5.2,6999494.8
2025-01-10 20:00:00,5.2,5.244,5.14,5.208,2733460.0
2025-01-11 00:00:00,5.207,5.219,5.119,5.142,2820433.9
2025-01-11 04:00:00,5.142,5.185,5.119,5.14,2339209.7
2025-01-11 08:00:00,5.139,5.2,5.1,5.189,2871878.9
2025-01-11 12:00:00,5.189,5.194,5.124,5.145,2251333.2
2025-01-11 16:00:00,5.145,5.171,5.113,5.139,2697169.7
2025-01-11 20:00:00,5.14,5.314,5.131,5.201,4539704.9
2025-01-12 00:00:00,5.201,5.235,5.173,5.206,2496865.3
2025-01-12 04:00:00,5.207,5.213,5.135,5.173,2575755.5
2025-01-12 08:00:00,5.174,5.182,5.087,5.136,3230601.9
2025-01-12 12:00:00,5.135,5.196,5.11,5.164,3111768.8
2025-01-12 16:00:00,5.164,5.187,5.114,5.131,3037829.4
2025-01-12 20:00:00,5.131,5.146,5.014,5.086,3688525.0
2025-01-13 00:00:00,5.086,5.229,4.957,4.995,9435995.1
2025-01-13 04:00:00,4.995,5.082,4.894,4.951,6510260.7
2025-01-13 08:00:00,4.951,4.958,4.651,4.661,13197681.4
2025-01-13 12:00:00,4.66,4.907,4.6,4.856,18219885.8
2025-01-13 16:00:00,4.856,4.875,4.72,4.795,6599782.4
2025-01-13 20:00:00,4.795,4.986,4.761,4.918,6210321.5
2025-01-14 00:00:00,4.918,4.991,4.902,4.974,3273262.7
2025-01-14 04:00:00,4.975,5.051,4.975,4.995,4247500.1
2025-01-14 08:00:00,4.995,5.136,4.995,5.099,4829010.4
2025-01-14 12:00:00,5.098,5.225,5.056,5.179,8650190.7
2025-01-14 16:00:00,5.18,5.239,5.13,5.212,4432883.6
2025-01-14 20:00:00,5.212,5.247,5.17,5.21,3066916.6
2025-01-15 00:00:00,5.21,5.253,5.161,5.224,4688382.1
2025-01-15 04:00:00,5.224,5.277,5.164,5.263,3190976.2
2025-01-15 08:00:00,5.263,5.323,5.116,5.144,8094321.5
2025-01-15 12:00:00,5.145,5.549,5.11,5.498,15022335.1
2025-01-15 16:00:00,5.498,5.598,5.433,5.523,6479746.7
2025-01-15 20:00:00,5.524,5.676,5.495,5.653,5695637.4
2025-01-16 00:00:00,5.653,5.685,5.514,5.547,5319361.9
2025-01-16 04:00:00,5.548,5.565,5.494,5.518,2768072.7
2025-01-16 08:00:00,5.517,5.538,5.386,5.488,7782548.1
2025-01-16 12:00:00,5.488,5.692,5.389,5.601,16852502.5
2025-01-16 16:00:00,5.601,5.789,5.595,5.753,9530930.2
2025-01-16 20:00:00,5.753,5.771,5.548,5.615,5384888.1
2025-01-17 00:00:00,5.616,5.818,5.615,5.787,5541666.7
2025-01-17 04:00:00,5.788,5.953,5.767,5.844,6442744.8
2025-01-17 08:00:00,5.846,5.882,5.791,5.803,5705418.4
2025-01-17 12:00:00,5.803,5.839,5.734,5.774,7712853.1
2025-01-17 16:00:00,5.774,5.849,5.735,5.8,4445013.1
2025-01-17 20:00:00,5.8,5.934,5.795,5.83,4189352.4
2025-01-18 00:00:00,5.83,5.87,5.581,5.615,7000480.8
2025-01-18 04:00:00,5.615,5.647,5.35,5.407,11619397.7
2025-01-18 08:00:00,5.407,5.505,5.32,5.475,9923639.9
2025-01-18 12:00:00,5.476,5.566,5.406,5.456,7127583.7
2025-01-18 16:00:00,5.456,5.471,5.326,5.413,8362668.1
2025-01-18 20:00:00,5.414,5.468,5.331,5.444,3178872.4
2025-01-19 00:00:00,5.443,5.617,5.427,5.493,5647689.5
2025-01-19 04:00:00,5.493,5.502,5.328,5.344,5608901.6
2025-01-19 08:00:00,5.344,5.344,5.017,5.062,16638416.7
2025-01-19 12:00:00,5.063,5.491,5.053,5.409,13256593.6
2025-01-19 16:00:00,5.408,5.457,5.338,5.452,5001973.5
2025-01-19 20:00:00,5.452,5.483,4.83,4.978,25301594.7
2025-01-20 00:00:00,4.977,5.098,4.825,5.027,20016691.5
2025-01-20 04:00:00,5.026,5.495,4.965,5.347,17133146.8
2025-01-20 08:00:00,5.347,5.419,5.22,5.305,7526864.1
2025-01-20 12:00:00,5.305,5.307,5.09,5.17,11370838.5
2025-01-20 16:00:00,5.172,5.298,4.865,5.151,20505702.4
2025-01-20 20:00:00,5.151,5.172,4.995,5.104,4919675.3
2025-01-21 00:00:00,5.104,5.127,4.922,4.997,8677022.4
2025-01-21 04:00:00,4.998,5.025,4.882,4.991,6093467.0
2025-01-21 08:00:00,4.99,5.157,4.937,5.141,6262787.2
2025-01-21 12:00:00,5.142,5.204,5.067,5.134,6538520.4
2025-01-21 16:00:00,5.134,5.349,5.117,5.291,6282184.0
2025-01-21 20:00:00,5.291,5.33,5.225,5.255,3386175.1
2025-01-22 00:00:00,5.255,5.306,5.192,5.224,3154331.5
2025-01-22 04:00:00,5.224,5.249,5.126,5.137,3448023.7
2025-01-22 08:00:00,5.136,5.174,5.082,5.166,4227510.4
2025-01-22 12:00:00,5.167,5.194,5.044,5.078,5340164.1
2025-01-22 16:00:00,5.077,5.135,5.016,5.054,4317293.0
2025-01-22 20:00:00,5.055,5.086,4.96,5.0,3710380.2
2025-01-23 00:00:00,4.999,5.023,4.906,4.973,3971110.0
2025-01-23 04:00:00,4.973,4.978,4.898,4.971,3117556.7
2025-01-23 08:00:00,4.971,4.987,4.868,4.924,4161481.7
2025-01-23 12:00:00,4.924,5.071,4.858,5.04,8533919.7
2025-01-23 16:00:00,5.04,5.146,4.916,4.943,7091822.2
2025-01-23 20:00:00,4.942,5.106,4.919,5.061,7420321.2
2025-01-24 00:00:00,5.062,5.079,4.894,4.965,3980222.6
2025-01-24 04:00:00,4.965,5.155,4.94,5.097,4592368.3
2025-01-24 08:00:00,5.097,5.171,5.077,5.152,4035598.3
2025-01-24 12:00:00,5.152,5.201,5.088,5.126,5191420.5
2025-01-24 16:00:00,5.126,5.164,5.073,5.103,3882431.3
2025-01-24 20:00:00,5.102,5.119,4.981,5.013,5066606.3
2025-01-25 00:00:00,5.013,5.078,4.923,5.07,4317842.6
2025-01-25 04:00:00,5.071,5.075,4.983,5.002,2316110.7
2025-01-25 08:00:00,5.003,5.032,4.96,5.017,3059994.7
2025-01-25 12:00:00,5.016,5.076,4.981,5.049,2991550.5
2025-01-25 16:00:00,5.05,5.068,4.998,5.03,2812487.3
2025-01-25 20:00:00,5.029,5.063,4.972,4.981,2053571.1
2025-01-26 00:00:00,4.981,5.028,4.952,5.006,2644829.3
2025-01-26 04:00:00,5.005,5.054,4.993,5.02,2158398.6
2025-01-26 08:00:00,5.02,5.042,4.945,5.013,3613913.1
2025-01-26 12:00:00,5.014,5.051,4.982,5.038,2378502.8
2025-01-26 16:00:00,5.038,5.188,5.013,5.125,3997870.1
2025-01-26 20:00:00,5.125,5.138,4.849,4.858,7122672.2
2025-01-27 00:00:00,4.858,4.863,4.631,4.721,13642666.7
2025-01-27 04:00:00,4.722,4.722,4.337,4.489,18708141.6
2025-01-27 08:00:00,4.49,4.525,4.375,4.42,11205839.7
2025-01-27 12:00:00,4.42,4.654,4.416,4.606,11036284.1
2025-01-27 16:00:00,4.606,4.626,4.439,4.489,7283448.6
2025-01-27 20:00:00,4.488,4.727,4.487,4.657,5658698.4
2025-01-28 00:00:00,4.657,4.709,4.584,4.667,3823940.4
2025-01-28 04:00:00,4.667,4.724,4.638,4.652,3444661.2
2025-01-28 08:00:00,4.652,4.661,4.598,4.622,3189596.5
2025-01-28 12:00:00,4.622,4.663,4.555,4.62,6404245.5
2025-01-28 16:00:00,4.621,4.625,4.486,4.523,6295834.8
2025-01-28 20:00:00,4.523,4.535,4.322,4.384,8437779.9
2025-01-29 00:00:00,4.384,4.509,4.37,4.492,3800288.4
2025-01-29 04:00:00,4.493,4.567,4.473,4.559,2772880.7
2025-01-29 08:00:00,4.559,4.575,4.476,4.523,3045503.5
2025-01-29 12:00:00,4.523,4.535,4.407,4.451,5047197.3
2025-01-29 16:00:00,4.451,4.564,4.363,4.525,8453773.4
2025-01-29 20:00:00,4.524,4.647,4.469,4.511,6574637.5
2025-01-30 00:00:00,4.511,4.655,4.472,4.649,3962851.3
2025-01-30 04:00:00,4.65,4.688,4.624,4.66,2930093.8
2025-01-30 08:00:00,4.66,4.722,4.634,4.707,3009268.6
2025-01-30 12:00:00,4.708,4.856,4.666,4.824,6635264.1
2025-01-30 16:00:00,4.825,4.845,4.759,4.827,3697496.8
2025-01-30 20:00:00,4.827,4.897,4.789,4.807,3175520.1
2025-01-31 00:00:00,4.806,4.826,4.696,4.721,4731257.6
2025-01-31 04:00:00,4.721,4.838,4.679,4.804,3553106.7
2025-01-31 08:00:00,4.803,4.884,4.726,4.877,4103150.5
2025-01-31 12:00:00,4.877,4.952,4.842,4.916,6716910.6
2025-01-31 16:00:00,4.916,4.961,4.774,4.81,6542222.5
2025-01-31 20:00:00,4.809,4.841,4.737,4.811,3665208.2
2025-02-01 00:00:00,4.811,4.874,4.784,4.814,2781960.6
2025-02-01 04:00:00,4.814,4.86,4.767,4.773,2470848.6
2025-02-01 08:00:00,4.773,4.782,4.65,4.726,4188546.6
2025-02-01 12:00:00,4.725,4.748,4.59,4.644,3690811.6
2025-02-01 16:00:00,4.644,4.669,4.495,4.512,5089806.1
2025-02-01 20:00:00,4.511,4.513,4.325,4.37,8541052.1
2025-02-02 00:00:00,4.37,4.463,4.21,4.222,9541119.9
2025-02-02 04:00:00,4.221,4.35,4.202,4.289,5087991.3
2025-02-02 08:00:00,4.288,4.351,4.173,4.192,6034957.1
2025-02-02 12:00:00,4.192,4.254,4.122,4.178,8003929.4
2025-02-02 16:00:00,4.179,4.18,3.636,3.788,36426141.5
2025-02-02 20:00:00,3.789,3.844,3.3,3.6,28533553.2
2025-02-03 00:00:00,3.601,3.602,2.58,2.93,72978248.0
2025-02-03 04:00:00,2.929,3.219,2.853,3.216,21876962.7
2025-02-03 08:00:00,3.216,3.237,3.065,3.189,16703621.4
2025-02-03 12:00:00,3.19,3.375,3.025,3.35,27031211.9
2025-02-03 16:00:00,3.35,3.501,3.316,3.495,15329351.5
2025-02-03 20:00:00,3.495,3.574,3.389,3.505,10703292.6
2025-02-04 00:00:00,3.505,3.522,3.369,3.395,8803020.8
2025-02-04 04:00:00,3.396,3.418,3.116,3.137,18998468.2
2025-02-04 08:00:00,3.137,3.291,3.117,3.251,10106570.4
2025-02-04 12:00:00,3.251,3.38,3.248,3.313,13111432.4
2025-02-04 16:00:00,3.314,3.432,3.285,3.312,8816036.2
2025-02-04 20:00:00,3.312,3.353,3.197,3.333,16997095.0
2025-02-05 00:00:00,3.333,3.364,3.284,3.341,6928922.0
2025-02-05 04:00:00,3.34,3.376,3.292,3.334,4890583.1
2025-02-05 08:00:00,3.333,3.372,3.3,3.364,4950930.7
2025-02-05 12:00:00,3.364,3.382,3.28,3.327,6733039.6
2025-02-05 16:00:00,3.327,3.339,3.21,3.294,8745196.6
2025-02-05 20:00:00,3.294,3.305,3.188,3.24,5230172.2
2025-02-06 00:00:00,3.239,3.304,3.207,3.29,4757357.7
2025-02-06 04:00:00,3.29,3.352,3.282,3.32,4232796.2
2025-02-06 08:00:00,3.319,3.355,3.274,3.306,6325786.0
2025-02-06 12:00:00,3.307,3.314,3.119,3.147,14180274.9
2025-02-06 16:00:00,3.146,3.185,3.081,3.109,13120372.9
2025-02-06 20:00:00,3.109,3.178,3.082,3.118,7016837.5
2025-02-07 00:00:00,3.118,3.231,3.11,3.218,6634188.8
2025-02-07 04:00:00,3.218,3.251,3.136,3.187,6128088.3
2025-02-07 08:00:00,3.188,3.278,3.174,3.271,5630387.2
2025-02-07 12:00:00,3.27,3.381,3.229,3.303,12423205.0
2025-02-07 16:00:00,3.305,3.314,3.215,3.23,7870249.1
2025-02-07 20:00:00,3.229,3.231,3.071,3.185,9787837.2
2025-02-08 00:00:00,3.184,3.23,3.169,3.187,5022044.4
2025-02-08 04:00:00,3.187,3.218,3.144,3.197,4467915.2
2025-02-08 08:00:00,3.198,3.208,3.165,3.186,3501295.0
2025-02-08 12:00:00,3.185,3.246,3.162,3.211,5253254.8
2025-02-08 16:00:00,3.211,3.31,3.192,3.296,4643970.4
2025-02-08 20:00:00,3.296,3.325,3.284,3.302,2327388.3
2025-02-09 00:00:00,3.302,3.386,3.286,3.374,4205852.6
2025-02-09 04:00:00,3.374,3.374,3.313,3.356,3084955.9
2025-02-09 08:00:00,3.356,3.38,3.333,3.344,3988870.5
2025-02-09 12:00:00,3.343,3.359,3.275,3.341,5508437.8
2025-02-09 16:00:00,3.342,3.365,3.281,3.289,3644014.8
2025-02-09 20:00:00,3.288,3.329,3.154,3.308,8742046.1
2025-02-10 00:00:00,3.309,3.371,3.187,3.304,10064241.8
2025-02-10 04:00:00,3.305,3.377,3.286,3.351,5181944.1
2025-02-10 08:00:00,3.35,3.445,3.343,3.429,6138993.6
2025-02-10 12:00:00,3.428,3.468,3.364,3.386,8372854.9
2025-02-10 16:00:00,3.386,3.422,3.377,3.396,3836244.4
2025-02-10 20:00:00,3.396,3.431,3.386,3.427,2719288.1
2025-02-11 00:00:00,3.427,3.473,3.413,3.443,4444141.0
2025-02-11 04:00:00,3.443,3.535,3.429,3.505,5414554.0
2025-02-11 08:00:00,3.505,3.528,3.461,3.487,4014314.8
2025-02-11 12:00:00,3.488,3.492,3.361,3.407,7806691.1
2025-02-11 16:00:00,3.407,3.419,3.264,3.284,7804239.2
2025-02-11 20:00:00,3.283,3.368,3.279,3.336,5014412.4
2025-02-12 00:00:00,3.337,3.358,3.28,3.31,5069248.0
2025-02-12 04:00:00,3.309,3.322,3.279,3.29,4004653.1
2025-02-12 08:00:00,3.289,3.329,3.261,3.304,5353567.6
2025-02-12 12:00:00,3.303,3.35,3.171,3.283,18049554.8
2025-02-12 16:00:00,3.283,3.438,3.251,3.425,8008292.2
2025-02-12 20:00:00,3.426,3.53,3.412,3.477,4737473.2
2025-02-13 00:00:00,3.477,3.51,3.449,3.474,3734797.4
2025-02-13 04:00:00,3.475,3.476,3.368,3.382,5203950.8
2025-02-13 08:00:00,3.382,3.398,3.346,3.387,4847249.4
2025-02-13 12:00:00,3.386,3.43,3.341,3.383,7722196.9
2025-02-13 16:00:00,3.384,3.424,3.342,3.392,4937160.0
2025-02-13 20:00:00,3.393,3.432,3.381,3.401,3004821.7
2025-02-14 00:00:00,3.402,3.46,3.384,3.452,3184534.8
2025-02-14 04:00:00,3.452,3.454,3.399,3.422,2825198.1
2025-02-14 08:00:00,3.421,3.516,3.421,3.472,4800896.4
2025-02-14 12:00:00,3.472,3.554,3.447,3.512,7071790.1
2025-02-14 16:00:00,3.512,3.628,3.472,3.573,6519807.6
2025-02-14 20:00:00,3.572,3.585,3.479,3.526,4944681.5
2025-02-15 00:00:00,3.526,3.568,3.492,3.541,3075700.9
2025-02-15 04:00:00,3.541,3.558,3.486,3.504,2608936.1
2025-02-15 08:00:00,3.504,3.532,3.457,3.476,3087897.8
2025-02-15 12:00:00,3.476,3.501,3.415,3.441,4655354.9
2025-02-15 16:00:00,3.442,3.453,3.404,3.406,3769880.7
2025-02-15 20:00:00,3.406,3.423,3.377,3.414,2826980.8
2025-02-16 00:00:00,3.413,3.43,3.357,3.385,3333810.7
2025-02-16 04:00:00,3.385,3.407,3.358,3.365,2699681.4
2025-02-16 08:00:00,3.366,3.458,3.357,3.457,4051786.8
2025-02-16 12:00:00,3.457,3.487,3.368,3.439,6830389.9
2025-02-16 16:00:00,3.439,3.452,3.356,3.395,3688809.0
2025-02-16 20:00:00,3.395,3.435,3.371,3.396,3209634.9
2025-02-17 00:00:00,3.396,3.474,3.394,3.411,3716996.3
2025-02-17 04:00:00,3.412,3.413,3.32,3.373,7329668.0
2025-02-17 08:00:00,3.372,3.464,3.356,3.411,5536512.0
2025-02-17 12:00:00,3.41,3.512,3.387,3.396,7198632.2
2025-02-17 16:00:00,3.396,3.415,3.309,3.369,7357928.7
2025-02-17 20:00:00,3.368,3.461,3.363,3.434,3908957.5
2025-02-18 00:00:00,3.434,3.437,3.375,3.394,3325593.3
2025-02-18 04:00:00,3.394,3.407,3.22,3.251,10945773.7
2025-02-18 08:00:00,3.251,3.287,3.197,3.241,12029004.9
2025-02-18 12:00:00,3.242,3.329,3.172,3.192,8953666.4
2025-02-18 16:00:00,3.191,3.229,3.129,3.179,11123498.0
2025-02-18 20:00:00,3.18,3.236,3.149,3.228,5253515.7
2025-02-19 00:00:00,3.228,3.267,3.189,3.245,4466149.1
2025-02-19 04:00:00,3.245,3.306,3.191,3.288,5075196.3
2025-02-19 08:00:00,3.288,3.31,3.259,3.305,4492439.2
2025-02-19 12:00:00,3.306,3.332,3.248,3.272,7213427.1
2025-02-19 16:00:00,3.272,3.323,3.268,3.298,4420084.8
2025-02-19 20:00:00,3.297,3.343,3.271,3.323,3004116.3
2025-02-20 00:00:00,3.324,3.455,3.313,3.447,7054687.7
2025-02-20 04:00:00,3.446,3.503,3.431,3.431,7315292.1
2025-02-20 08:00:00,3.431,3.477,3.421,3.458,4943382.8
2025-02-20 12:00:00,3.458,3.503,3.426,3.432,6693927.1
2025-02-20 16:00:00,3.432,3.52,3.427,3.49,4867066.3
2025-02-20 20:00:00,3.489,3.527,3.471,3.492,3459693.0
2025-02-21 00:00:00,3.493,3.519,3.464,3.475,3559214.6
2025-02-21 04:00:00,3.476,3.539,3.475,3.526,3576100.2
2025-02-21 08:00:00,3.526,3.606,3.51,3.515,6562988.1
2025-02-21 12:00:00,3.515,3.58,3.404,3.474,13881480.5
2025-02-21 16:00:00,3.473,3.513,3.251,3.269,15747117.8
2025-02-21 20:00:00,3.269,3.329,3.251,3.319,8477710.1
2025-02-22 00:00:00,3.318,3.358,3.299,3.319,4805696.9
2025-02-22 04:00:00,3.319,3.347,3.312,3.328,3139043.4
2025-02-22 08:00:00,3.328,3.377,3.323,3.37,3764760.2
2025-02-22 12:00:00,3.37,3.393,3.346,3.376,4159797.1
2025-02-22 16:00:00,3.376,3.454,3.373,3.438,5777586.0
2025-02-22 20:00:00,3.438,3.449,3.405,3.431,3044541.4
2025-02-23 00:00:00,3.432,3.465,3.417,3.439,3352128.1
2025-02-23 04:00:00,3.44,3.506,3.424,3.497,2807507.0
2025-02-23 08:00:00,3.497,3.502,3.432,3.442,4365097.6
2025-02-23 12:00:00,3.441,3.46,3.372,3.38,6668619.4
2025-02-23 16:00:00,3.38,3.435,3.377,3.404,2796420.6
2025-02-23 20:00:00,3.404,3.43,3.373,3.411,3500220.9
2025-02-24 00:00:00,3.411,3.436,3.281,3.296,7890274.5
2025-02-24 04:00:00,3.297,3.321,3.254,3.305,9397404.4
2025-02-24 08:00:00,3.304,3.305,3.221,3.266,7721277.7
2025-02-24 12:00:00,3.266,3.281,3.165,3.204,11996695.0
2025-02-24 16:00:00,3.204,3.24,3.132,3.171,7463872.4
2025-02-24 20:00:00,3.171,3.211,2.934,3.014,18704572.4
2025-02-25 00:00:00,3.014,3.055,2.919,3.006,15143001.6
2025-02-25 04:00:00,3.005,3.034,2.798,2.9,30606962.7
2025-02-25 08:00:00,2.899,3.011,2.86,3.002,18374766.1
2025-02-25 12:00:00,3.003,3.051,2.931,3.001,17504651.7
2025-02-25 16:00:00,3.002,3.096,2.975,3.096,9944721.3
2025-02-25 20:00:00,3.095,3.179,3.077,3.14,8125728.5
2025-02-26 00:00:00,3.141,3.217,3.119,3.2,6076835.7
2025-02-26 04:00:00,3.201,3.22,3.161,3.18,5011146.6
2025-02-26 08:00:00,3.181,3.221,3.151,3.18,6341307.0
2025-02-26 12:00:00,3.181,3.214,3.072,3.176,12598834.2
2025-02-26 16:00:00,3.175,3.19,3.005,3.053,14988311.9
2025-02-26 20:00:00,3.053,3.209,3.015,3.147,10110364.4
2025-02-27 00:00:00,3.147,3.212,3.126,3.191,5400267.8
2025-02-27 04:00:00,3.192,3.29,3.168,3.263,5500595.9
2025-02-27 08:00:00,3.264,3.344,3.257,3.302,8079382.8
2025-02-27 12:00:00,3.302,3.305,3.231,3.285,9375263.1
2025-02-27 16:00:00,3.286,3.31,3.2,3.21,5981734.3
2025-02-27 20:00:00,3.21,3.269,3.146,3.261,7434432.9
2025-02-28 00:00:00,3.26,3.266,3.035,3.04,22227232.7
2025-02-28 04:00:00,3.041,3.086,2.992,3.04,13390075.8
2025-02-28 08:00:00,3.039,3.155,3.0,3.094,10566345.0
2025-02-28 12:00:00,3.094,3.277,3.08,3.259,13064724.7
2025-02-28 16:00:00,3.258,3.329,3.23,3.278,9191815.6
2025-02-28 20:00:00,3.279,3.284,3.216,3.249,4568513.8
2025-03-01 00:00:00,3.249,3.288,3.208,3.265,5255640.9
2025-03-01 04:00:00,3.265,3.297,3.229,3.237,4210703.5
2025-03-01 08:00:00,3.238,3.26,3.17,3.184,5065491.5
2025-03-01 12:00:00,3.184,3.197,3.134,3.171,5613036.7
2025-03-01 16:00:00,3.171,3.208,3.157,3.201,3773264.8
2025-03-01 20:00:00,3.201,3.297,3.188,3.241,4239377.4
2025-03-02 00:00:00,3.241,3.274,3.208,3.254,3871540.1
2025-03-02 04:00:00,3.255,3.268,3.222,3.225,2511853.0
2025-03-02 08:00:00,3.225,3.262,3.206,3.23,3117436.3
2025-03-02 12:00:00,3.231,3.381,3.18,3.301,15629551.5
2025-03-02 16:00:00,3.301,3.589,3.295,3.57,23698078.4
2025-03-02 20:00:00,3.57,3.596,3.542,3.564,5306287.7
2025-03-03 00:00:00,3.563,3.584,3.425,3.454,9354541.3
2025-03-03 04:00:00,3.455,3.486,3.302,3.385,8660174.5
2025-03-03 08:00:00,3.385,3.387,3.281,3.335,7511963.2
2025-03-03 12:00:00,3.334,3.376,3.231,3.288,15575829.4
2025-03-03 16:00:00,3.288,3.309,3.003,3.023,21975715.4
2025-03-03 20:00:00,3.022,3.101,2.996,3.068,12674054.4
2025-03-04 00:00:00,3.068,3.084,2.851,2.937,24970189.7
2025-03-04 04:00:00,2.938,3.021,2.934,2.982,8218899.7
2025-03-04 08:00:00,2.981,3.015,2.952,2.98,6821145.1
2025-03-04 12:00:00,2.98,3.05,2.881,2.963,24381188.7
2025-03-04 16:00:00,2.963,3.039,2.764,3.028,22054804.1
2025-03-04 20:00:00,3.027,3.074,2.97,3.014,6429453.9
2025-03-05 00:00:00,3.014,3.048,2.974,2.977,6017357.2
2025-03-05 04:00:00,2.977,3.015,2.973,3.009,3994254.5
2025-03-05 08:00:00,3.008,3.108,3.001,3.062,7268295.0
2025-03-05 12:00:00,3.063,3.1,3.01,3.038,8343078.4
2025-03-05 16:00:00,3.038,3.131,3.006,3.121,7194139.2
2025-03-05 20:00:00,3.121,3.18,3.12,3.134,4594245.6
2025-03-06 00:00:00,3.134,3.173,3.103,3.153,5207983.0
2025-03-06 04:00:00,3.153,3.201,3.123,3.129,5057750.3
2025-03-06 08:00:00,3.128,3.176,3.124,3.162,3630169.6
2025-03-06 12:00:00,3.162,3.17,3.068,3.135,7798456.8
2025-03-06 16:00:00,3.135,3.149,3.041,3.06,6254416.3
2025-03-06 20:00:00,3.06,3.132,3.054,3.085,5333538.2
2025-03-07 00:00:00,3.085,3.113,2.905,3.03,18394929.1
2025-03-07 04:00:00,3.029,3.105,3.025,3.1,4074125.6
2025-03-07 08:00:00,3.101,3.186,3.087,3.162,6852910.6
2025-03-07 12:00:00,3.162,3.218,3.128,3.163,10253451.7
2025-03-07 16:00:00,3.163,3.224,3.082,3.186,9182433.6
2025-03-07 20:00:00,3.186,3.201,3.081,3.114,7547942.5
2025-03-08 00:00:00,3.115,3.144,3.06,3.133,5318341.5
2025-03-08 04:00:00,3.132,3.163,3.071,3.076,3934344.5
2025-03-08 08:00:00,3.075,3.083,3.031,3.055,4847207.6
2025-03-08 12:00:00,3.056,3.093,3.034,3.067,4546623.3
2025-03-08 16:00:00,3.066,3.145,3.032,3.134,5169505.5
2025-03-08 20:00:00,3.135,3.147,3.094,3.101,2514298.8
2025-03-09 00:00:00,3.102,3.123,3.058,3.074,2649763.6
2025-03-09 04:00:00,3.073,3.086,3.042,3.059,2547225.3
2025-03-09 08:00:00,3.058,3.059,2.931,2.964,7892379.4
2025-03-09 12:00:00,2.964,2.982,2.885,2.913,9621834.5
2025-03-09 16:00:00,2.913,2.928,2.745,2.808,20182443.5
2025-03-09 20:00:00,2.808,2.837,2.736,2.785,8330492.8
2025-03-10 00:00:00,2.786,2.886,2.754,2.87,7892541.8
2025-03-10 04:00:00,2.869,2.903,2.858,2.884,4082190.8
2025-03-10 08:00:00,2.885,2.974,2.836,2.936,9886451.2
2025-03-10 12:00:00,2.937,2.95,2.775,2.823,13655819.3
2025-03-10 16:00:00,2.823,2.834,2.589,2.688,22212522.0
2025-03-10 20:00:00,2.688,2.691,2.631,2.642,8447657.5
2025-03-11 00:00:00,2.642,2.679,2.436,2.619,26800801.9
2025-03-11 04:00:00,2.619,2.72,2.611,2.689,7125690.6
2025-03-11 08:00:00,2.689,2.739,2.677,2.688,6351188.2
2025-03-11 12:00:00,2.687,2.725,2.571,2.686,19147554.3
2025-03-11 16:00:00,2.686,2.806,2.656,2.797,10856571.4
2025-03-11 20:00:00,2.797,2.801,2.73,2.741,4421089.0
2025-03-12 00:00:00,2.741,2.8,2.704,2.707,6911005.5
2025-03-12 04:00:00,2.707,2.773,2.67,2.763,6476671.5
2025-03-12 08:00:00,2.763,2.81,2.744,2.791,7617845.8
2025-03-12 12:00:00,2.792,2.868,2.69,2.757,12092353.5
2025-03-12 16:00:00,2.758,2.812,2.748,2.775,7515557.7
2025-03-12 20:00:00,2.774,2.804,2.768,2.787,3321729.0
2025-03-13 00:00:00,2.786,2.808,2.759,2.772,4165828.8
2025-03-13 04:00:00,2.772,2.784,2.718,2.754,5779017.7
2025-03-13 08:00:00,2.755,2.805,2.72,2.794,6117050.0
2025-03-13 12:00:00,2.794,2.838,2.729,2.761,9053040.3
2025-03-13 16:00:00,2.76,2.762,2.663,2.69,8035246.5
2025-03-13 20:00:00,2.69,2.775,2.675,2.747,4541824.6
2025-03-14 00:00:00,2.747,2.793,2.737,2.79,3636001.4
2025-03-14 04:00:00,2.79,2.81,2.765,2.794,3431166.0
2025-03-14 08:00:00,2.794,2.847,2.794,2.832,4877260.9
2025-03-14 12:00:00,2.833,2.908,2.825,2.873,8835208.2
2025-03-14 16:00:00,2.874,2.908,2.861,2.89,4291384.5
2025-03-14 20:00:00,2.89,2.916,2.865,2.883,3106548.5
2025-03-15 00:00:00,2.883,2.903,2.856,2.896,3705246.5
2025-03-15 04:00:00,2.896,2.912,2.86,2.872,2870786.3
2025-03-15 08:00:00,2.872,2.921,2.87,2.914,2701373.0
2025-03-15 12:00:00,2.914,2.946,2.909,2.943,3698885.4
2025-03-15 16:00:00,2.943,2.979,2.924,2.933,3487186.6
2025-03-15 20:00:00,2.933,2.967,2.931,2.947,3068280.8
2025-03-16 00:00:00,2.947,2.953,2.906,2.925,3079540.4
2025-03-16 04:00:00,2.925,2.954,2.923,2.932,2044627.7
2025-03-16 08:00:00,2.931,2.935,2.826,2.835,7065224.3
2025-03-16 12:00:00,2.836,2.867,2.822,2.85,4716010.5
2025-03-16 16:00:00,2.851,2.916,2.812,2.826,7810205.4
2025-03-16 20:00:00,2.826,2.859,2.814,2.833,6213995.8
2025-03-17 00:00:00,2.832,2.927,2.831,2.91,4063226.2
2025-03-17 04:00:00,2.91,2.925,2.873,2.908,3416779.3
2025-03-17 08:00:00,2.908,2.942,2.893,2.914,3582598.8
2025-03-17 12:00:00,2.913,2.965,2.898,2.961,8184515.8
2025-03-17 16:00:00,2.962,3.031,2.942,3.01,6409210.2
2025-03-17 20:00:00,3.009,3.081,3.009,3.021,7549496.6
2025-03-18 00:00:00,3.021,3.03,2.935,2.94,7367503.7
2025-03-18 04:00:00,2.939,2.972,2.913,2.95,4586644.6
2025-03-18 08:00:00,2.951,2.96,2.843,2.857,20520617.5
2025-03-18 12:00:00,2.857,2.877,2.826,2.832,9752317.6
2025-03-18 16:00:00,2.832,2.887,2.817,2.883,5875587.3
2025-03-18 20:00:00,2.883,2.936,2.854,2.923,4642653.9
2025-03-19 00:00:00,2.923,2.959,2.918,2.95,4429319.4
2025-03-19 04:00:00,2.95,2.958,2.922,2.931,2554271.7
2025-03-19 08:00:00,2.93,3.01,2.915,2.996,7123832.2
2025-03-19 12:00:00,2.996,3.034,2.965,3.01,9656338.9
2025-03-19 16:00:00,3.01,3.054,2.952,3.034,9249080.9
2025-03-19 20:00:00,3.034,3.095,3.024,3.086,4136897.2
2025-03-20 00:00:00,3.086,3.105,3.026,3.032,4519293.1
2025-03-20 04:00:00,3.031,3.053,2.994,3.047,6377721.6
2025-03-20 08:00:00,3.047,3.086,2.998,3.027,5843286.6
2025-03-20 12:00:00,3.026,3.08,3.011,3.023,5427763.8
2025-03-20 16:00:00,3.023,3.045,2.972,3.038,6064265.1
2025-03-20 20:00:00,3.038,3.072,3.033,3.047,4107327.8
2025-03-21 00:00:00,3.048,3.069,3.018,3.025,3399782.9
2025-03-21 04:00:00,3.024,3.042,2.966,2.987,4597257.4
2025-03-21 08:00:00,2.986,2.999,2.916,2.927,6744597.2
2025-03-21 12:00:00,2.926,2.939,2.867,2.906,7514550.9
2025-03-21 16:00:00,2.906,2.96,2.896,2.926,4224109.6
2025-03-21 20:00:00,2.926,2.947,2.903,2.916,3022483.2
2025-03-22 00:00:00,2.916,2.963,2.911,2.96,2992659.7
2025-03-22 04:00:00,2.96,3.029,2.956,3.015,4251443.7
2025-03-22 08:00:00,3.015,3.049,3.006,3.007,4479923.2
2025-03-22 12:00:00,3.007,3.018,2.967,2.992,3853111.6
2025-03-22 16:00:00,2.991,3.057,2.98,3.021,4148081.4
2025-03-22 20:00:00,3.021,3.029,2.972,2.989,3998576.2
2025-03-23 00:00:00,2.988,3.025,2.974,3.021,2566895.3
2025-03-23 04:00:00,3.021,3.021,2.983,3.003,2252285.6
2025-03-23 08:00:00,3.004,3.03,3.002,3.005,2538915.9
2025-03-23 12:00:00,3.005,3.028,2.986,3.001,3544944.0
2025-03-23 16:00:00,3.001,3.002,2.963,2.989,3313479.3
2025-03-23 20:00:00,2.989,3.026,2.98,3.025,2620873.6
2025-03-24 00:00:00,3.024,3.072,2.994,3.053,6302645.2
2025-03-24 04:00:00,3.054,3.2,3.053,3.148,10341013.3
2025-03-24 08:00:00,3.148,3.21,3.111,3.133,8704094.4
2025-03-24 12:00:00,3.133,3.166,3.1,3.132,5621390.7
2025-03-24 16:00:00,3.132,3.158,3.109,3.139,3116255.1
2025-03-24 20:00:00,3.139,3.145,3.102,3.127,2463715.4
2025-03-25 00:00:00,3.127,3.15,3.09,3.101,3978849.1
2025-03-25 04:00:00,3.1,3.139,3.086,3.102,3374680.2
2025-03-25 08:00:00,3.103,3.139,3.102,3.128,2714329.6
2025-03-25 12:00:00,3.128,3.142,3.1,3.109,4872010.7
2025-03-25 16:00:00,3.109,3.145,3.095,3.133,3886533.7
2025-03-25 20:00:00,3.133,3.156,3.112,3.13,2882181.1
2025-03-26 00:00:00,3.13,3.179,3.103,3.113,5183221.2
2025-03-26 04:00:00,3.113,3.204,3.103,3.19,4843514.8
2025-03-26 08:00:00,3.19,3.209,3.164,3.191,4037346.0
2025-03-26 12:00:00,3.191,3.192,3.057,3.093,9148439.3
2025-03-26 16:00:00,3.092,3.121,3.02,3.056,6562582.0
2025-03-26 20:00:00,3.055,3.08,3.001,3.025,5509559.3
2025-03-27 00:00:00,3.026,3.109,3.015,3.101,4458187.8
2025-03-27 04:00:00,3.102,3.103,3.05,3.057,3395119.5
2025-03-27 08:00:00,3.056,3.063,2.999,3.006,4762751.5
2025-03-27 12:00:00,3.005,3.037,2.956,3.016,8402511.7
2025-03-27 16:00:00,3.017,3.034,2.985,3.012,5087395.3
2025-03-27 20:00:00,3.012,3.049,3.003,3.02,2696612.6
2025-03-28 00:00:00,3.02,3.047,2.99,3.018,3992956.6
2025-03-28 04:00:00,3.018,3.024,2.876,2.881,10751170.1
2025-03-28 08:00:00,2.88,2.896,2.802,2.88,8411242.2
2025-03-28 12:00:00,2.88,2.886,2.81,2.826,7824313.0
2025-03-28 16:00:00,2.825,2.841,2.798,2.808,4834385.5
2025-03-28 20:00:00,2.808,2.84,2.777,2.827,4154633.9
2025-03-29 00:00:00,2.826,2.851,2.774,2.829,4785254.8
2025-03-29 04:00:00,2.829,2.838,2.764,2.777,4044101.8
2025-03-29 08:00:00,2.776,2.809,2.744,2.773,7810199.7
2025-03-29 12:00:00,2.773,2.817,2.763,2.766,5496101.8
2025-03-29 16:00:00,2.767,2.776,2.695,2.736,7393265.8
2025-03-29 20:00:00,2.735,2.75,2.703,2.743,3626804.5
2025-03-30 00:00:00,2.744,2.781,2.701,2.754,5123576.1
2025-03-30 04:00:00,2.755,2.783,2.746,2.772,2767219.5
2025-03-30 08:00:00,2.772,2.796,2.753,2.771,3547506.8
2025-03-30 12:00:00,2.771,2.785,2.736,2.753,4225349.1
2025-03-30 16:00:00,2.752,2.796,2.713,2.768,4093758.1
2025-03-30 20:00:00,2.768,2.78,2.704,2.753,4668245.5
2025-03-31 00:00:00,2.754,2.789,2.723,2.744,5614319.1
2025-03-31 04:00:00,2.745,2.787,2.715,2.736,4970202.6
2025-03-31 08:00:00,2.736,2.765,2.696,2.751,6736602.0
2025-03-31 12:00:00,2.751,2.811,2.722,2.786,7722141.6
2025-03-31 16:00:00,2.786,2.799,2.748,2.769,3563494.5
2025-03-31 20:00:00,2.769,2.788,2.752,2.776,2421543.6
2025-04-01 00:00:00,2.777,2.823,2.773,2.823,3373690.2
2025-04-01 04:00:00,2.822,2.942,2.817,2.885,11524491.7
2025-04-01 08:00:00,2.886,2.932,2.851,2.869,7729124.8
2025-04-01 12:00:00,2.87,2.928,2.825,2.898,8178408.8
2025-04-01 16:00:00,2.898,2.908,2.83,2.844,3592210.8
2025-04-01 20:00:00,2.844,2.86,2.818,2.836,3184012.8
2025-04-02 00:00:00,2.836,2.839,2.781,2.828,6928306.1
2025-04-02 04:00:00,2.828,2.833,2.762,2.79,6291988.3
2025-04-02 08:00:00,2.79,2.82,2.773,2.784,4515982.6
2025-04-02 12:00:00,2.784,2.879,2.768,2.865,10199289.9
2025-04-02 16:00:00,2.866,2.884,2.816,2.849,4862765.0
2025-04-02 20:00:00,2.849,2.906,2.644,2.699,20258690.3
2025-04-03 00:00:00,2.699,2.783,2.689,2.759,6835389.2
2025-04-03 04:00:00,2.76,2.769,2.715,2.736,5293312.0
2025-04-03 08:00:00,2.736,2.752,2.65,2.685,6190567.9
2025-04-03 12:00:00,2.684,2.694,2.603,2.671,13303599.8
2025-04-03 16:00:00,2.67,2.702,2.648,2.693,4074577.8
2025-04-03 20:00:00,2.694,2.753,2.691,2.73,3942812.6
2025-04-04 00:00:00,2.731,2.743,2.688,2.711,4400889.8
2025-04-04 04:00:00,2.711,3.463,2.682,2.888,77390618.2
2025-04-04 08:00:00,2.887,2.912,2.719,2.763,37225438.2
2025-04-04 12:00:00,2.762,2.792,2.725,2.755,19057132.1
2025-04-04 16:00:00,2.755,2.812,2.74,2.777,10319147.4
2025-04-04 20:00:00,2.777,2.799,2.753,2.765,6399661.6
2025-04-05 00:00:00,2.764,2.776,2.742,2.757,7222149.2
2025-04-05 04:00:00,2.756,2.756,2.731,2.75,4395674.3
2025-04-05 08:00:00,2.749,2.757,2.735,2.738,5083991.7
2025-04-05 12:00:00,2.738,2.74,2.652,2.663,11844398.6
2025-04-05 16:00:00,2.664,2.705,2.659,2.683,4106137.3
2025-04-05 20:00:00,2.683,2.702,2.671,2.695,3673630.2
2025-04-06 00:00:00,2.696,2.708,2.657,2.67,4769839.5
2025-04-06 04:00:00,2.67,2.685,2.643,2.654,5446236.2
2025-04-06 08:00:00,2.653,2.66,2.623,2.636,6227278.7
2025-04-06 12:00:00,2.636,2.643,2.554,2.596,15351777.3
2025-04-06 16:00:00,2.596,2.602,2.389,2.425,33939374.5
2025-04-06 20:00:00,2.426,2.438,2.323,2.374,25542186.2
2025-04-07 00:00:00,2.374,2.447,2.289,2.324,19449098.4
2025-04-07 04:00:00,2.324,2.369,2.111,2.197,51298050.6
2025-04-07 08:00:00,2.196,2.324,2.192,2.275,22147030.8
2025-04-07 12:00:00,2.275,2.467,2.268,2.374,49681670.4
2025-04-07 16:00:00,2.375,2.403,2.326,2.361,12089930.7
2025-04-07 20:00:00,2.361,2.409,2.361,2.368,5837083.1
2025-04-08 00:00:00,2.368,2.42,2.341,2.376,9186206.0
2025-04-08 04:00:00,2.376,2.39,2.314,2.327,7831415.4
2025-04-08 08:00:00,2.327,2.376,2.305,2.374,8682687.1
2025-04-08 12:00:00,2.375,2.389,2.31,2.339,12836369.8
2025-04-08 16:00:00,2.34,2.348,2.242,2.261,17413028.0
2025-04-08 20:00:00,2.26,2.292,2.242,2.263,6999110.9
2025-04-09 00:00:00,2.264,2.289,2.173,2.257,18431018.2
2025-04-09 04:00:00,2.256,2.329,2.253,2.323,13185112.5
2025-04-09 08:00:00,2.324,2.358,2.278,2.301,12175006.0
2025-04-09 12:00:00,2.301,2.355,2.276,2.328,11345880.3
2025-04-09 16:00:00,2.328,2.535,2.325,2.497,28477489.0
2025-04-09 20:00:00,2.498,2.521,2.468,2.473,6755523.5
2025-04-10 00:00:00,2.472,2.481,2.385,2.411,8152256.8
2025-04-10 04:00:00,2.412,2.432,2.386,2.412,6725273.8
2025-04-10 08:00:00,2.412,2.416,2.37,2.381,7321938.0
2025-04-10 12:00:00,2.381,2.424,2.301,2.314,15244379.9
2025-04-10 16:00:00,2.314,2.357,2.302,2.336,10669108.3
2025-04-10 20:00:00,2.335,2.358,2.335,2.346,3524834.6
2025-04-11 00:00:00,2.346,2.396,2.33,2.383,5677554.5
2025-04-11 04:00:00,2.384,2.427,2.379,2.406,5590227.0
2025-04-11 08:00:00,2.407,2.446,2.393,2.408,7468148.6
2025-04-11 12:00:00,2.408,2.436,2.395,2.432,8146125.6
2025-04-11 16:00:00,2.432,2.47,2.421,2.438,6189128.6
2025-04-11 20:00:00,2.437,2.471,2.433,2.452,3525973.2
2025-04-12 00:00:00,2.453,2.462,2.416,2.433,3856621.9
2025-04-12 04:00:00,2.433,2.479,2.421,2.468,4507455.2
2025-04-12 08:00:00,2.468,2.495,2.448,2.462,5040905.0
2025-04-12 12:00:00,2.462,2.561,2.456,2.543,11046694.4
2025-04-12 16:00:00,2.542,2.562,2.524,2.547,5316167.0
2025-04-12 20:00:00,2.546,2.586,2.541,2.56,5154678.4
2025-04-13 00:00:00,2.559,2.567,2.518,2.533,5335625.2
2025-04-13 04:00:00,2.533,2.535,2.494,2.499,4394050.2
2025-04-13 08:00:00,2.498,2.541,2.489,2.51,5374115.4
2025-04-13 12:00:00,2.511,2.521,2.463,2.487,7006559.7
2025-04-13 16:00:00,2.487,2.574,2.457,2.499,10449369.8
2025-04-13 20:00:00,2.498,2.524,2.438,2.492,8964105.0
2025-04-14 00:00:00,2.492,2.573,2.487,2.52,9092217.9
2025-04-14 04:00:00,2.521,2.565,2.485,2.513,7643581.3
2025-04-14 08:00:00,2.513,2.568,2.496,2.554,7741508.3
2025-04-14 12:00:00,2.554,2.6,2.513,2.532,14356887.4
2025-04-14 16:00:00,2.532,2.583,2.511,2.546,9270078.7
2025-04-14 20:00:00,2.547,2.556,2.513,2.53,4415846.8
2025-04-15 00:00:00,2.529,2.538,2.492,2.525,5517070.0
2025-04-15 04:00:00,2.526,2.53,2.489,2.528,5066477.6
2025-04-15 08:00:00,2.529,2.536,2.482,2.498,5135488.9
2025-04-15 12:00:00,2.499,2.526,2.447,2.467,12283753.3
2025-04-15 16:00:00,2.467,2.476,2.4,2.415,9445936.7
2025-04-15 20:00:00,2.414,2.437,2.402,2.414,3817748.0
2025-04-16 00:00:00,2.415,2.442,2.393,2.43,5462545.7
2025-04-16 04:00:00,2.431,2.443,2.389,2.397,6946877.9
2025-04-16 08:00:00,2.397,2.424,2.368,2.404,8680432.3
2025-04-16 12:00:00,2.404,2.442,2.372,2.412,10278799.1
2025-04-16 16:00:00,2.413,2.44,2.346,2.42,17885290.1
2025-04-16 20:00:00,2.42,2.441,2.369,2.386,6425331.3
2025-04-17 00:00:00,2.386,2.413,2.371,2.383,4541822.7
2025-04-17 04:00:00,2.384,2.422,2.373,2.406,4561622.6
2025-04-17 08:00:00,2.405,2.41,2.364,2.383,5401278.5
2025-04-17 12:00:00,2.384,2.397,2.322,2.364,9392489.7
2025-04-17 16:00:00,2.364,2.416,2.363,2.385,9147694.1
2025-04-17 20:00:00,2.386,2.403,2.367,2.381,2889491.7
2025-04-18 00:00:00,2.382,2.396,2.364,2.393,4085272.2
2025-04-18 04:00:00,2.393,2.422,2.387,2.414,4321624.9
2025-04-18 08:00:00,2.415,2.465,2.414,2.453,6426978.0
2025-04-18 12:00:00,2.453,2.489,2.453,2.462,6699478.8
2025-04-18 16:00:00,2.463,2.492,2.461,2.471,5087576.3
2025-04-18 20:00:00,2.47,2.476,2.438,2.453,3210982.4
2025-04-19 00:00:00,2.453,2.493,2.45,2.482,3351933.0
2025-04-19 04:00:00,2.483,2.519,2.479,2.509,4205548.8
2025-04-19 08:00:00,2.51,2.517,2.481,2.487,3757291.7
2025-04-19 12:00:00,2.486,2.514,2.476,2.508,3460676.1
2025-04-19 16:00:00,2.507,2.599,2.498,2.596,8260281.0
2025-04-19 20:00:00,2.597,2.659,2.576,2.636,9697287.1
2025-04-20 00:00:00,2.636,2.656,2.609,2.62,6130017.0
2025-04-20 04:00:00,2.62,2.652,2.612,2.632,5311370.7
2025-04-20 08:00:00,2.631,2.632,2.567,2.586,6965735.6
2025-04-20 12:00:00,2.585,2.64,2.577,2.634,6458472.5
2025-04-20 16:00:00,2.633,2.686,2.631,2.666,7792566.0
2025-04-20 20:00:00,2.666,2.672,2.64,2.647,3238179.9
2025-04-21 00:00:00,2.647,2.693,2.644,2.664,6519637.5
2025-04-21 04:00:00,2.664,2.678,2.65,2.672,3798310.7
2025-04-21 08:00:00,2.672,2.684,2.642,2.66,5239510.0
2025-04-21 12:00:00,2.661,2.716,2.66,2.678,6795630.0
2025-04-21 16:00:00,2.679,2.686,2.607,2.636,7822038.4
2025-04-21 20:00:00,2.637,2.639,2.58,2.608,5079680.1
2025-04-22 00:00:00,2.609,2.622,2.553,2.586,9364788.7
2025-04-22 04:00:00,2.585,2.588,2.48,2.525,14530206.6
2025-04-22 08:00:00,2.525,2.544,2.489,2.524,11256958.9
2025-04-22 12:00:00,2.525,2.645,2.505,2.597,17057003.6
2025-04-22 16:00:00,2.597,2.644,2.572,2.639,8560709.6
2025-04-22 20:00:00,2.639,2.724,2.623,2.711,10488537.8
2025-04-23 00:00:00,2.712,2.77,2.697,2.733,10921125.8
2025-04-23 04:00:00,2.733,2.762,2.709,2.727,10524001.7
2025-04-23 08:00:00,2.727,2.754,2.708,2.747,8516426.8
2025-04-23 12:00:00,2.748,2.784,2.672,2.739,17188092.7
2025-04-23 16:00:00,2.739,2.817,2.715,2.765,11440576.2
2025-04-23 20:00:00,2.765,2.802,2.761,2.789,4716679.2
2025-04-24 00:00:00,2.789,2.798,2.686,2.69,8572907.9
2025-04-24 04:00:00,2.689,2.745,2.677,2.706,8756251.4
2025-04-24 08:00:00,2.706,2.72,2.659,2.717,9392213.1
2025-04-24 12:00:00,2.718,2.852,2.703,2.808,13415810.3
2025-04-24 16:00:00,2.808,2.85,2.788,2.829,10376087.6
2025-04-24 20:00:00,2.829,2.861,2.82,2.858,4904984.4
2025-04-25 00:00:00,2.858,2.909,2.814,2.834,8968153.1
2025-04-25 04:00:00,2.834,2.9,2.824,2.874,6888746.3
2025-04-25 08:00:00,2.874,2.891,2.832,2.865,9763705.3
2025-04-25 12:00:00,2.865,2.884,2.796,2.845,14074240.4
2025-04-25 16:00:00,2.845,2.855,2.801,2.835,7532887.5
2025-04-25 20:00:00,2.834,2.867,2.823,2.857,4043734.1
2025-04-26 00:00:00,2.857,2.928,2.857,2.9,7353273.7
2025-04-26 04:00:00,2.9,2.923,2.867,2.893,6699273.4
2025-04-26 08:00:00,2.892,2.924,2.828,2.842,7931569.0
2025-04-26 12:00:00,2.841,2.87,2.813,2.866,6364783.0
2025-04-26 16:00:00,2.866,2.876,2.838,2.875,3738639.9
2025-04-26 20:00:00,2.876,2.883,2.844,2.86,2940661.4
2025-04-27 00:00:00,2.86,2.886,2.745,2.773,12928130.1
2025-04-27 04:00:00,2.773,2.779,2.709,2.733,9795487.8
2025-04-27 08:00:00,2.732,2.751,2.714,2.725,5654640.9
2025-04-27 12:00:00,2.724,2.733,2.671,2.703,14526064.6
2025-04-27 16:00:00,2.702,2.727,2.667,2.725,6690812.7
2025-04-27 20:00:00,2.726,2.733,2.695,2.704,4881160.9
2025-04-28 00:00:00,2.704,2.744,2.644,2.733,12365649.3
2025-04-28 04:00:00,2.733,2.776,2.721,2.776,6794698.4
2025-04-28 08:00:00,2.775,2.807,2.747,2.778,10823728.8
2025-04-28 12:00:00,2.778,2.78,2.665,2.69,11914479.8
2025-04-28 16:00:00,2.69,2.778,2.673,2.762,7777147.0
2025-04-28 20:00:00,2.763,2.781,2.752,2.765,4231139.9
2025-04-29 00:00:00,2.766,2.838,2.76,2.785,7454007.8
2025-04-29 04:00:00,2.786,2.813,2.753,2.805,5812637.8
2025-04-29 08:00:00,2.806,2.821,2.763,2.779,5385165.8
2025-04-29 12:00:00,2.78,2.814,2.753,2.786,5677928.5
2025-04-29 16:00:00,2.787,2.809,2.761,2.778,5436556.1
2025-04-29 20:00:00,2.779,2.784,2.702,2.739,7540460.8
2025-04-30 00:00:00,2.739,2.76,2.723,2.753,3558841.4
2025-04-30 04:00:00,2.752,2.757,2.706,2.719,3289389.8
2025-04-30 08:00:00,2.718,2.794,2.709,2.786,5284332.7
2025-04-30 12:00:00,2.786,2.79,2.667,2.748,12703502.6
2025-04-30 16:00:00,2.749,2.787,2.724,2.775,5171709.4
2025-04-30 20:00:00,2.775,2.809,2.763,2.767,4373056.5
2025-05-01 00:00:00,2.767,2.812,2.753,2.757,4692101.0
2025-05-01 04:00:00,2.757,2.785,2.745,2.772,3732175.6
2025-05-01 08:00:00,2.772,2.825,2.77,2.808,5798321.0
2025-05-01 12:00:00,2.809,2.83,2.782,2.8,8263861.0
2025-05-01 16:00:00,2.8,2.857,2.798,2.823,5439910.1
2025-05-01 20:00:00,2.823,2.863,2.82,2.839,4112483.0
2025-05-02 00:00:00,2.839,2.877,2.821,2.862,4989492.7
2025-05-02 04:00:00,2.862,2.871,2.823,2.839,4338016.1
2025-05-02 08:00:00,2.839,2.899,2.823,2.832,7795497.8
2025-05-02 12:00:00,2.833,2.848,2.806,2.816,5933633.8
2025-05-02 16:00:00,2.816,2.84,2.755,2.766,5636170.1
2025-05-02 20:00:00,2.766,2.802,2.759,2.802,3010886.5
2025-05-03 00:00:00,2.801,2.806,2.764,2.789,3513166.3
2025-05-03 04:00:00,2.788,2.79,2.744,2.756,4269136.1
2025-05-03 08:00:00,2.755,2.755,2.702,2.704,7560907.0
2025-05-03 12:00:00,2.705,2.726,2.702,2.707,7612220.6
2025-05-03 16:00:00,2.707,2.712,2.608,2.651,15115784.3
2025-05-03 20:00:00,2.65,2.675,2.638,2.648,4959917.2
2025-05-04 00:00:00,2.647,2.682,2.631,2.655,5188786.0
2025-05-04 04:00:00,2.655,2.669,2.634,2.649,2912738.1
2025-05-04 08:00:00,2.649,2.654,2.611,2.645,6012002.4
2025-05-04 12:00:00,2.644,2.654,2.612,2.635,4407648.5
2025-05-04 16:00:00,2.635,2.64,2.604,2.623,3743565.1
2025-05-04 20:00:00,2.623,2.648,2.606,2.628,3790054.5
2025-05-05 00:00:00,2.629,2.688,2.614,2.66,6701455.8
2025-05-05 04:00:00,2.66,2.678,2.641,2.653,3230823.9
2025-05-05 08:00:00,2.653,2.664,2.606,2.625,4998585.0
2025-05-05 12:00:00,2.625,2.632,2.566,2.588,8570879.9
2025-05-05 16:00:00,2.588,2.651,2.583,2.619,4738747.3
2025-05-05 20:00:00,2.618,2.633,2.581,2.61,4204342.8
2025-05-06 00:00:00,2.61,2.627,2.578,2.62,4562428.5
2025-05-06 04:00:00,2.62,2.627,2.599,2.608,2538923.9
2025-05-06 08:00:00,2.609,2.609,2.551,2.57,6129111.2
2025-05-06 12:00:00,2.57,2.594,2.538,2.552,7146962.0
2025-05-06 16:00:00,2.552,2.581,2.526,2.556,7696723.7
2025-05-06 20:00:00,2.556,2.596,2.48,2.586,10518892.6
2025-05-07 00:00:00,2.586,2.616,2.554,2.573,7051422.7
2025-05-07 04:00:00,2.573,2.582,2.552,2.582,3824868.6
2025-05-07 08:00:00,2.581,2.6,2.569,2.586,4947454.6
2025-05-07 12:00:00,2.586,2.596,2.546,2.56,5804208.9
2025-05-07 16:00:00,2.559,2.573,2.517,2.543,8932779.2
2025-05-07 20:00:00,2.543,2.604,2.526,2.584,4490682.2
2025-05-08 00:00:00,2.585,2.701,2.58,2.698,8790457.3
2025-05-08 04:00:00,2.699,2.746,2.699,2.722,7902936.0
2025-05-08 08:00:00,2.723,2.77,2.723,2.751,6849431.9
2025-05-08 12:00:00,2.752,2.843,2.735,2.814,10309340.1
2025-05-08 16:00:00,2.813,2.863,2.812,2.86,7772351.7
2025-05-08 20:00:00,2.86,2.955,2.848,2.929,9579010.6
2025-05-09 00:00:00,2.929,2.972,2.923,2.928,8661057.5
2025-05-09 04:00:00,2.928,3.033,2.926,3.007,9559162.6
2025-05-09 08:00:00,3.007,3.091,2.954,3.026,18739604.8
2025-05-09 12:00:00,3.026,3.058,2.978,3.021,10349182.4
2025-05-09 16:00:00,3.021,3.053,2.982,2.995,7503008.6
2025-05-09 20:00:00,2.995,3.026,2.987,3.022,3101791.9
2025-05-10 00:00:00,3.022,3.075,3.001,3.025,6874492.1
2025-05-10 04:00:00,3.025,3.074,2.997,3.064,7021206.5
2025-05-10 08:00:00,3.065,3.093,2.993,3.014,11795945.6
2025-05-10 12:00:00,3.014,3.078,3.013,3.038,6604602.4
2025-05-10 16:00:00,3.038,3.136,3.03,3.119,9402050.1
2025-05-10 20:00:00,3.119,3.26,3.098,3.243,11682926.4
2025-05-11 00:00:00,3.243,3.307,3.148,3.254,18191321.3
2025-05-11 04:00:00,3.253,3.278,3.11,3.138,11241712.5
2025-05-11 08:00:00,3.138,3.177,3.105,3.171,7258311.2
2025-05-11 12:00:00,3.171,3.182,3.087,3.117,7898144.6
2025-05-11 16:00:00,3.117,3.179,3.077,3.159,7764347.5
2025-05-11 20:00:00,3.16,3.17,3.12,3.14,4000193.7
2025-05-12 00:00:00,3.14,3.215,3.105,3.2,8310924.8
2025-05-12 04:00:00,3.201,3.299,3.146,3.232,12118767.4
2025-05-12 08:00:00,3.232,3.274,3.171,3.183,9285949.5
2025-05-12 12:00:00,3.183,3.277,3.103,3.136,18524596.7
2025-05-12 16:00:00,3.136,3.189,2.988,3.1,17681516.8
2025-05-12 20:00:00,3.099,3.161,3.075,3.138,5730873.7
2025-05-13 00:00:00,3.138,3.143,2.947,2.956,15127850.4
2025-05-13 04:00:00,2.955,3.046,2.941,3.015,8044936.3
2025-05-13 08:00:00,3.015,3.073,3.001,3.054,6495518.1
2025-05-13 12:00:00,3.054,3.098,3.021,3.084,9034830.8
2025-05-13 16:00:00,3.085,3.238,3.08,3.222,11701923.6
2025-05-13 20:00:00,3.221,3.262,3.195,3.218,6950141.8
2025-05-14 00:00:00,3.217,3.289,3.205,3.222,8377474.6
2025-05-14 04:00:00,3.221,3.247,3.173,3.18,5758730.0
2025-05-14 08:00:00,3.18,3.193,3.097,3.155,10371943.8
2025-05-14 12:00:00,3.156,3.168,3.054,3.086,11456761.1
2025-05-14 16:00:00,3.086,3.104,3.038,3.071,8117790.8
2025-05-14 20:00:00,3.072,3.082,3.021,3.049,4279472.4
2025-05-15 00:00:00,3.049,3.081,3.001,3.014,6685985.3
2025-05-15 04:00:00,3.013,3.033,2.903,2.912,11808698.4
2025-05-15 08:00:00,2.911,2.971,2.896,2.95,11047544.9
2025-05-15 12:00:00,2.949,2.98,2.878,2.972,16943154.7
2025-05-15 16:00:00,2.972,3.03,2.906,2.941,12157977.5
2025-05-15 20:00:00,2.942,2.962,2.876,2.935,9468402.5
2025-05-16 00:00:00,2.935,2.99,2.926,2.982,6870599.2
2025-05-16 04:00:00,2.982,3.004,2.954,2.984,5343589.8
2025-05-16 08:00:00,2.984,3.022,2.933,3.007,6832924.8
2025-05-16 12:00:00,3.006,3.016,2.95,2.98,7738706.2
2025-05-16 16:00:00,2.98,2.994,2.918,2.934,6895784.9
2025-05-16 20:00:00,2.933,2.939,2.844,2.876,9717890.9
2025-05-17 00:00:00,2.876,2.888,2.765,2.827,15125785.9
2025-05-17 04:00:00,2.827,2.852,2.803,2.818,6944036.2
2025-05-17 08:00:00,2.818,2.831,2.773,2.796,8468498.4
2025-05-17 12:00:00,2.796,2.812,2.749,2.786,9795862.0
2025-05-17 16:00:00,2.787,2.804,2.737,2.763,7929648.5
2025-05-17 20:00:00,2.762,2.81,2.738,2.783,6287824.9
2025-05-18 00:00:00,2.783,2.807,2.766,2.792,4781073.7
2025-05-18 04:00:00,2.791,2.88,2.791,2.877,6620164.1
2025-05-18 08:00:00,2.877,2.919,2.854,2.857,9424994.1
2025-05-18 12:00:00,2.857,2.97,2.838,2.964,11520619.1
2025-05-18 16:00:00,2.965,2.985,2.778,2.78,17641082.8
2025-05-18 20:00:00,2.78,2.922,2.722,2.911,13991309.1
2025-05-19 00:00:00,2.91,2.932,2.767,2.778,11773139.0
2025-05-19 04:00:00,2.778,2.803,2.727,2.785,12188505.7
2025-05-19 08:00:00,2.784,2.806,2.751,2.768,7181368.3
2025-05-19 12:00:00,2.768,2.847,2.732,2.836,9758986.8
2025-05-19 16:00:00,2.837,2.91,2.815,2.882,10979223.8
2025-05-19 20:00:00,2.881,2.888,2.836,2.859,4748762.5
2025-05-20 00:00:00,2.859,2.924,2.843,2.876,6744549.5
2025-05-20 04:00:00,2.876,2.896,2.834,2.845,5289861.6
2025-05-20 08:00:00,2.845,2.851,2.791,2.813,6997765.7
2025-05-20 12:00:00,2.813,2.827,2.775,2.817,7939508.6
2025-05-20 16:00:00,2.818,2.842,2.759,2.829,8160911.3
2025-05-20 20:00:00,2.828,2.878,2.82,2.863,7455773.9
2025-05-21 00:00:00,2.863,2.893,2.812,2.88,6304054.0
2025-05-21 04:00:00,2.88,2.916,2.85,2.858,9680145.4
2025-05-21 08:00:00,2.859,2.895,2.835,2.879,5097790.1
2025-05-21 12:00:00,2.88,2.932,2.855,2.913,9596372.2
2025-05-21 16:00:00,2.914,3.001,2.822,2.912,20750492.2
2025-05-21 20:00:00,2.912,2.983,2.892,2.942,6711415.8
2025-05-22 00:00:00,2.943,3.028,2.94,3.013,8560837.4
2025-05-22 04:00:00,3.014,3.036,2.988,3.018,6628435.0
2025-05-22 08:00:00,3.018,3.077,3.014,3.037,7379600.9
2025-05-22 12:00:00,3.037,3.096,3.004,3.067,9188288.5
2025-05-22 16:00:00,3.068,3.086,3.043,3.055,5427277.8
2025-05-22 20:00:00,3.056,3.093,3.037,3.085,4321180.7
2025-05-23 00:00:00,3.084,3.157,3.065,3.131,8266608.6
2025-05-23 04:00:00,3.132,3.139,3.03,3.042,8034476.9
2025-05-23 08:00:00,3.042,3.104,2.93,2.95,12741990.7
2025-05-23 12:00:00,2.951,3.015,2.865,2.954,17430884.4
2025-05-23 16:00:00,2.954,2.982,2.928,2.934,5722399.8
2025-05-23 20:00:00,2.935,2.935,2.825,2.844,9171638.0
2025-05-24 00:00:00,2.844,2.886,2.825,2.873,6389085.5
2025-05-24 04:00:00,2.872,2.887,2.842,2.852,5277691.5
2025-05-24 08:00:00,2.852,2.883,2.836,2.866,5563547.8
2025-05-24 12:00:00,2.867,2.879,2.848,2.86,3901062.6
2025-05-24 16:00:00,2.861,2.877,2.839,2.851,3425139.1
2025-05-24 20:00:00,2.851,2.86,2.8,2.823,4908385.1
2025-05-25 00:00:00,2.822,2.833,2.758,2.814,8560739.4
2025-05-25 04:00:00,2.813,2.823,2.783,2.794,3386141.0
2025-05-25 08:00:00,2.793,2.794,2.751,2.775,6445733.5
2025-05-25 12:00:00,2.775,2.796,2.717,2.758,10104008.6
2025-05-25 16:00:00,2.758,2.787,2.728,2.776,5481159.5
2025-05-25 20:00:00,2.776,2.824,2.741,2.813,6021595.7
2025-05-26 00:00:00,2.813,2.847,2.795,2.806,6175477.5
2025-05-26 04:00:00,2.806,2.861,2.802,2.849,5815181.8
2025-05-26 08:00:00,2.85,2.858,2.816,2.829,4514134.5
2025-05-26 12:00:00,2.83,2.842,2.782,2.819,7562384.8
2025-05-26 16:00:00,2.819,2.828,2.754,2.78,6816278.3
2025-05-26 20:00:00,2.781,2.806,2.77,2.788,3810248.2
2025-05-27 00:00:00,2.788,2.813,2.73,2.797,6418782.9
2025-05-27 04:00:00,2.797,2.875,2.787,2.849,7367904.1
2025-05-27 08:00:00,2.849,2.892,2.849,2.881,5682365.2
2025-05-27 12:00:00,2.881,2.921,2.855,2.888,9859252.3
2025-05-27 16:00:00,2.889,2.918,2.879,2.889,6776469.2
2025-05-27 20:00:00,2.889,2.916,2.867,2.882,4378210.7
2025-05-28 00:00:00,2.883,2.902,2.857,2.873,5755275.0
2025-05-28 04:00:00,2.873,2.894,2.833,2.856,5583099.6
2025-05-28 08:00:00,2.857,2.886,2.819,2.881,7711588.0
2025-05-28 12:00:00,2.881,2.909,2.802,2.819,13493396.8
2025-05-28 16:00:00,2.819,2.85,2.758,2.762,7422176.8
2025-05-28 20:00:00,2.761,2.868,2.755,2.86,6623715.4
2025-05-29 00:00:00,2.861,2.949,2.855,2.91,9894988.3
2025-05-29 04:00:00,2.911,2.919,2.851,2.864,7139147.5
2025-05-29 08:00:00,2.865,2.872,2.844,2.867,4808221.8
2025-05-29 12:00:00,2.868,2.868,2.78,2.814,11829532.0
2025-05-29 16:00:00,2.814,2.826,2.746,2.76,10970933.1
2025-05-29 20:00:00,2.76,2.797,2.748,2.763,5556942.3
2025-05-30 00:00:00,2.762,2.78,2.567,2.673,27717639.3
2025-05-30 04:00:00,2.672,2.682,2.623,2.649,8379272.4
2025-05-30 08:00:00,2.649,2.676,2.627,2.667,7635941.8
2025-05-30 12:00:00,2.667,2.673,2.627,2.64,10676666.4
2025-05-30 16:00:00,2.64,2.654,2.537,2.587,17922318.3
2025-05-30 20:00:00,2.587,2.593,2.487,2.51,12925159.8
2025-05-31 00:00:00,2.509,2.523,2.433,2.477,19936630.0
2025-05-31 04:00:00,2.478,2.511,2.46,2.498,6931908.1
2025-05-31 08:00:00,2.498,2.525,2.486,2.501,6330856.4
2025-05-31 12:00:00,2.501,2.567,2.496,2.551,7620904.7
2025-05-31 16:00:00,2.551,2.585,2.547,2.575,4705737.6
2025-05-31 20:00:00,2.575,2.62,2.571,2.594,8408783.0
2025-06-01 00:00:00,2.595,2.596,2.546,2.56,4533023.5
2025-06-01 04:00:00,2.559,2.582,2.549,2.554,3460939.3
2025-06-01 08:00:00,2.555,2.557,2.504,2.537,7006024.1
2025-06-01 12:00:00,2.538,2.56,2.51,2.557,4820825.4
2025-06-01 16:00:00,2.556,2.587,2.518,2.555,5334874.7
2025-06-01 20:00:00,2.554,2.586,2.545,2.568,3164668.5
2025-06-02 00:00:00,2.568,2.578,2.519,2.531,4486945.0
2025-06-02 04:00:00,2.531,2.561,2.517,2.551,4897947.7
2025-06-02 08:00:00,2.552,2.568,2.507,2.526,6937860.7
2025-06-02 12:00:00,2.525,2.566,2.514,2.555,7956369.7
2025-06-02 16:00:00,2.555,2.575,2.527,2.543,5416756.8
2025-06-02 20:00:00,2.542,2.648,2.542,2.641,10724082.3
2025-06-03 00:00:00,2.641,2.686,2.625,2.632,9697331.8
2025-06-03 04:00:00,2.632,2.648,2.614,2.622,4541393.5
2025-06-03 08:00:00,2.622,2.628,2.589,2.618,7432685.1
2025-06-03 12:00:00,2.618,2.649,2.609,2.629,8475151.2
2025-06-03 16:00:00,2.63,2.656,2.623,2.653,5676351.0
2025-06-03 20:00:00,2.653,2.657,2.59,2.626,6958342.6
2025-06-04 00:00:00,2.625,2.674,2.622,2.645,5240119.5
2025-06-04 04:00:00,2.644,2.647,2.617,2.62,3778856.3
2025-06-04 08:00:00,2.62,2.642,2.606,2.611,3969049.3
2025-06-04 12:00:00,2.61,2.632,2.567,2.626,9779657.1
2025-06-04 16:00:00,2.626,2.629,2.589,2.589,5856561.3
2025-06-04 20:00:00,2.59,2.591,2.538,2.561,10169333.4
2025-06-05 00:00:00,2.561,2.601,2.553,2.587,4732059.7
2025-06-05 04:00:00,2.588,2.591,2.545,2.557,5463033.4
2025-06-05 08:00:00,2.556,2.561,2.502,2.518,8064552.4
2025-06-05 12:00:00,2.518,2.56,2.461,2.519,14449660.0
2025-06-05 16:00:00,2.518,2.522,2.351,2.405,17962910.2
2025-06-05 20:00:00,2.404,2.417,2.317,2.364,21721867.6
2025-06-06 00:00:00,2.364,2.416,2.359,2.412,7770666.7
2025-06-06 04:00:00,2.412,2.425,2.398,2.408,5911774.9
2025-06-06 08:00:00,2.408,2.419,2.394,2.401,4952283.3
2025-06-06 12:00:00,2.402,2.465,2.402,2.441,9961972.8
2025-06-06 16:00:00,2.441,2.454,2.403,2.416,5580874.5
2025-06-06 20:00:00,2.415,2.435,2.403,2.409,3769078.8
2025-06-07 00:00:00,2.408,2.474,2.396,2.466,5194296.3
2025-06-07 04:00:00,2.467,2.51,2.459,2.502,5047386.4
2025-06-07 08:00:00,2.503,2.514,2.48,2.504,3980169.1
2025-06-07 12:00:00,2.504,2.523,2.5,2.51,3722437.0
2025-06-07 16:00:00,2.51,2.52,2.483,2.497,4612699.8
2025-06-07 20:00:00,2.497,2.525,2.496,2.506,2515598.0
2025-06-08 00:00:00,2.507,2.511,2.493,2.499,2609672.0
2025-06-08 04:00:00,2.499,2.514,2.485,2.489,3066893.3
2025-06-08 08:00:00,2.49,2.512,2.469,2.509,6045220.4
2025-06-08 12:00:00,2.509,2.531,2.492,2.52,6088986.4
2025-06-08 16:00:00,2.52,2.543,2.498,2.507,6859616.0
2025-06-08 20:00:00,2.507,2.513,2.476,2.486,4668409.6
2025-06-09 00:00:00,2.487,2.502,2.474,2.486,5269919.1
2025-06-09 04:00:00,2.486,2.49,2.455,2.463,4372431.1
2025-06-09 08:00:00,2.464,2.528,2.453,2.516,8497758.3
2025-06-09 12:00:00,2.517,2.526,2.475,2.5,7796901.5
2025-06-09 16:00:00,2.5,2.532,2.499,2.521,5695043.6
2025-06-09 20:00:00,2.52,2.614,2.514,2.601,8451920.8
2025-06-10 00:00:00,2.601,2.637,2.592,2.597,7450338.3
2025-06-10 04:00:00,2.597,2.605,2.566,2.591,5212203.7
2025-06-10 08:00:00,2.592,2.7,2.585,2.692,9132856.0
2025-06-10 12:00:00,2.692,2.723,2.635,2.672,14253632.1
2025-06-10 16:00:00,2.672,2.729,2.671,2.704,9159083.8
2025-06-10 20:00:00,2.704,2.748,2.692,2.73,9350298.7
2025-06-11 00:00:00,2.73,2.738,2.687,2.716,7498348.8
2025-06-11 04:00:00,2.717,2.736,2.708,2.722,4125136.4
2025-06-11 08:00:00,2.722,2.73,2.678,2.696,6170200.7
2025-06-11 12:00:00,2.696,2.771,2.675,2.759,13648545.2
2025-06-11 16:00:00,2.76,2.767,2.689,2.695,7602091.9
2025-06-11 20:00:00,2.694,2.725,2.662,2.689,7535456.5
2025-06-12 00:00:00,2.69,2.702,2.637,2.651,7939682.4
2025-06-12 04:00:00,2.65,2.656,2.613,2.625,6960475.7
2025-06-12 08:00:00,2.624,2.636,2.576,2.587,7789752.1
2025-06-12 12:00:00,2.586,2.646,2.576,2.589,7802895.5
2025-06-12 16:00:00,2.59,2.638,2.536,2.542,8255682.5
2025-06-12 20:00:00,2.541,2.545,2.48,2.503,13846915.5
2025-06-13 00:00:00,2.503,2.505,2.333,2.4,41249751.4
2025-06-13 04:00:00,2.399,2.4,2.356,2.378,11469820.1
2025-06-13 08:00:00,2.378,2.403,2.361,2.39,10188018.6
2025-06-13 12:00:00,2.39,2.421,2.353,2.407,12901365.8
2025-06-13 16:00:00,2.407,2.442,2.383,2.396,11338816.9
2025-06-13 20:00:00,2.397,2.466,2.391,2.458,7599571.9
2025-06-14 00:00:00,2.459,2.459,2.42,2.429,5316622.3
2025-06-14 04:00:00,2.429,2.45,2.417,2.436,3839104.7
2025-06-14 08:00:00,2.436,2.445,2.421,2.437,3460017.9
2025-06-14 12:00:00,2.437,2.443,2.398,2.411,6307820.9
2025-06-14 16:00:00,2.411,2.43,2.378,2.4,7978254.7
2025-06-14 20:00:00,2.4,2.433,2.38,2.417,4515948.7
2025-06-15 00:00:00,2.418,2.428,2.405,2.422,3215943.4
2025-06-15 04:00:00,2.422,2.447,2.405,2.415,5108762.7
2025-06-15 08:00:00,2.416,2.419,2.392,2.4,4470971.1
2025-06-15 12:00:00,2.4,2.436,2.392,2.413,7338680.3
2025-06-15 16:00:00,2.414,2.419,2.383,2.393,5629696.4
2025-06-15 20:00:00,2.393,2.424,2.365,2.42,6985744.5
2025-06-16 00:00:00,2.42,2.457,2.395,2.441,4691873.1
2025-06-16 04:00:00,2.441,2.495,2.439,2.49,6512550.1
2025-06-16 08:00:00,2.491,2.524,2.482,2.514,7344882.4
2025-06-16 12:00:00,2.514,2.556,2.513,2.523,9416427.5
2025-06-16 16:00:00,2.524,2.551,2.517,2.542,3743780.3
2025-06-16 20:00:00,2.543,2.57,2.455,2.463,12577219.2
2025-06-17 00:00:00,2.463,2.496,2.412,2.481,14847073.1
2025-06-17 04:00:00,2.482,2.484,2.441,2.445,5897040.2
2025-06-17 08:00:00,2.445,2.447,2.4,2.409,8859102.1
2025-06-17 12:00:00,2.409,2.432,2.366,2.39,12836776.8
2025-06-17 16:00:00,2.389,2.442,2.338,2.428,15895118.4
2025-06-17 20:00:00,2.428,2.434,2.37,2.392,7300042.7
2025-06-18 00:00:00,2.391,2.414,2.378,2.397,4785573.7
2025-06-18 04:00:00,2.396,2.415,2.388,2.397,3717879.2
2025-06-18 08:00:00,2.396,2.405,2.33,2.37,10456763.2
2025-06-18 12:00:00,2.37,2.384,2.311,2.363,17097717.8
2025-06-18 16:00:00,2.363,2.374,2.327,2.338,9619897.2
2025-06-18 20:00:00,2.338,2.402,2.332,2.388,7200359.5
2025-06-19 00:00:00,2.388,2.416,2.367,2.384,4952915.5
2025-06-19 04:00:00,2.385,2.4,2.364,2.366,3698302.1
2025-06-19 08:00:00,2.366,2.382,2.352,2.359,5285134.8
2025-06-19 12:00:00,2.359,2.367,2.328,2.337,6667562.3
2025-06-19 16:00:00,2.337,2.363,2.314,2.339,8864798.9
2025-06-19 20:00:00,2.34,2.36,2.332,2.344,5069200.9
2025-06-20 00:00:00,2.345,2.361,2.34,2.352,3449242.2
2025-06-20 04:00:00,2.352,2.378,2.326,2.374,6044167.7
2025-06-20 08:00:00,2.374,2.386,2.351,2.364,6313940.9
2025-06-20 12:00:00,2.364,2.373,2.292,2.305,16476321.9
2025-06-20 16:00:00,2.306,2.309,2.18,2.253,30346974.5
2025-06-20 20:00:00,2.253,2.277,2.241,2.258,5727379.8
2025-06-21 00:00:00,2.259,2.296,2.256,2.288,4663070.3
2025-06-21 04:00:00,2.287,2.295,2.281,2.29,2989423.2
2025-06-21 08:00:00,2.289,2.301,2.281,2.287,4014537.7
2025-06-21 12:00:00,2.286,2.29,2.245,2.271,8427011.1
2025-06-21 16:00:00,2.271,2.278,2.227,2.23,9100108.7
2025-06-21 20:00:00,2.229,2.25,2.126,2.189,22672260.6
2025-06-22 00:00:00,2.189,2.22,2.142,2.16,15059045.0
2025-06-22 04:00:00,2.16,2.208,2.152,2.183,8110219.3
2025-06-22 08:00:00,2.184,2.187,2.123,2.169,12246781.9
2025-06-22 12:00:00,2.168,2.182,2.047,2.074,36406740.1
2025-06-22 16:00:00,2.074,2.086,2.03,2.044,16834736.2
2025-06-22 20:00:00,2.044,2.071,1.96,2.066,22542252.6
2025-06-23 00:00:00,2.066,2.095,2.059,2.084,10452930.4
2025-06-23 04:00:00,2.084,2.128,2.079,2.105,6966996.8
2025-06-23 08:00:00,2.106,2.114,2.072,2.095,7425883.9
2025-06-23 12:00:00,2.095,2.162,2.084,2.102,14658524.6
2025-06-23 16:00:00,2.102,2.179,2.047,2.17,21227506.2
2025-06-23 20:00:00,2.17,2.27,2.165,2.253,17172443.1
2025-06-24 00:00:00,2.253,2.261,2.225,2.242,6772289.4
2025-06-24 04:00:00,2.242,2.299,2.236,2.27,10171731.0
2025-06-24 08:00:00,2.271,2.303,2.253,2.281,8236598.8
2025-06-24 12:00:00,2.282,2.31,2.268,2.295,8281411.1
2025-06-24 16:00:00,2.295,2.356,2.278,2.299,10881305.1
2025-06-24 20:00:00,2.3,2.306,2.283,2.297,3337391.6
2025-06-25 00:00:00,2.297,2.313,2.281,2.302,4988570.8
2025-06-25 04:00:00,2.302,2.307,2.269,2.285,4805666.1
2025-06-25 08:00:00,2.285,2.292,2.247,2.279,6834891.1
2025-06-25 12:00:00,2.28,2.298,2.236,2.242,9494367.2
2025-06-25 16:00:00,2.242,2.268,2.229,2.259,5806085.9
2025-06-25 20:00:00,2.258,2.279,2.238,2.252,3859349.9
2025-06-26 00:00:00,2.253,2.301,2.241,2.271,6917815.5
2025-06-26 04:00:00,2.272,2.281,2.249,2.272,4160259.8
2025-06-26 08:00:00,2.271,2.279,2.241,2.255,5697097.0
2025-06-26 12:00:00,2.255,2.258,2.192,2.209,13620892.5
2025-06-26 16:00:00,2.208,2.214,2.174,2.206,8598025.4
2025-06-26 20:00:00,2.205,2.243,2.192,2.197,6138711.7
2025-06-27 00:00:00,2.197,2.223,2.172,2.22,6307343.8
2025-06-27 04:00:00,2.219,2.224,2.171,2.178,6067446.9
2025-06-27 08:00:00,2.179,2.206,2.163,2.171,7534081.6
2025-06-27 12:00:00,2.171,2.189,2.142,2.182,11350372.2
2025-06-27 16:00:00,2.182,2.207,2.138,2.168,10965602.8
2025-06-27 20:00:00,2.168,2.215,2.162,2.21,5446201.8
2025-06-28 00:00:00,2.21,2.216,2.191,2.193,3849702.8
2025-06-28 04:00:00,2.193,2.204,2.18,2.201,3495829.9
2025-06-28 08:00:00,2.201,2.214,2.185,2.203,3993087.0
2025-06-28 12:00:00,2.203,2.242,2.197,2.238,4882746.4
2025-06-28 16:00:00,2.239,2.259,2.226,2.249,5111343.1
2025-06-28 20:00:00,2.25,2.282,2.249,2.267,4639090.2
2025-06-29 00:00:00,2.267,2.275,2.249,2.261,4369791.2
2025-06-29 04:00:00,2.261,2.268,2.251,2.264,2624606.6
2025-06-29 08:00:00,2.264,2.284,2.259,2.272,3864692.6
2025-06-29 12:00:00,2.272,2.277,2.246,2.257,4664819.9
2025-06-29 16:00:00,2.257,2.289,2.251,2.285,4468990.7
2025-06-29 20:00:00,2.285,2.419,2.273,2.387,13969979.0
2025-06-30 00:00:00,2.387,2.398,2.335,2.336,7196498.0
2025-06-30 04:00:00,2.336,2.339,2.293,2.333,7083669.5
2025-06-30 08:00:00,2.334,2.338,2.306,2.316,5415312.6
2025-06-30 12:00:00,2.316,2.328,2.271,2.291,15488412.7
2025-06-30 16:00:00,2.292,2.338,2.28,2.336,6804451.1
2025-06-30 20:00:00,2.336,2.342,2.297,2.3,4251943.8
2025-07-01 00:00:00,2.3,2.318,2.284,2.291,6228042.9
2025-07-01 04:00:00,2.29,2.29,2.241,2.265,8591639.4
2025-07-01 08:00:00,2.264,2.265,2.222,2.23,6715397.4
2025-07-01 12:00:00,2.229,2.252,2.214,2.237,10030030.4
2025-07-01 16:00:00,2.238,2.246,2.2,2.207,5966850.1
2025-07-01 20:00:00,2.207,2.218,2.175,2.201,7439559.7
2025-07-02 00:00:00,2.201,2.216,2.178,2.203,5651673.0
2025-07-02 04:00:00,2.204,2.25,2.199,2.241,6376165.4
2025-07-02 08:00:00,2.241,2.253,2.231,2.241,5124724.7
2025-07-02 12:00:00,2.241,2.3,2.228,2.297,7671847.9
2025-07-02 16:00:00,2.298,2.429,2.297,2.42,25985456.5
2025-07-02 20:00:00,2.42,2.436,2.368,2.371,7735399.2
2025-07-03 00:00:00,2.37,2.395,2.364,2.378,5817493.5
2025-07-03 04:00:00,2.378,2.444,2.374,2.438,9031346.3
2025-07-03 08:00:00,2.437,2.44,2.394,2.402,8467977.1
2025-07-03 12:00:00,2.401,2.429,2.353,2.362,15388719.5
2025-07-03 16:00:00,2.361,2.391,2.36,2.383,5558125.8
2025-07-03 20:00:00,2.383,2.405,2.383,2.397,3805134.0
2025-07-04 00:00:00,2.396,2.407,2.371,2.378,4125950.8
2025-07-04 04:00:00,2.378,2.383,2.305,2.313,8870180.0
2025-07-04 08:00:00,2.313,2.329,2.289,2.318,7405560.6
2025-07-04 12:00:00,2.317,2.329,2.256,2.261,11621512.8
2025-07-04 16:00:00,2.26,2.263,2.226,2.237,12949148.2
2025-07-04 20:00:00,2.237,2.27,2.234,2.261,5280668.0
2025-07-05 00:00:00,2.261,2.27,2.241,2.259,4398136.5
2025-07-05 04:00:00,2.259,2.279,2.244,2.264,5010026.1
2025-07-05 08:00:00,2.264,2.268,2.243,2.257,5001500.3
2025-07-05 12:00:00,2.257,2.259,2.234,2.239,5520977.4
2025-07-05 16:00:00,2.239,2.247,2.209,2.233,8155550.8
2025-07-05 20:00:00,2.232,2.261,2.227,2.251,3109579.8
2025-07-06 00:00:00,2.252,2.258,2.236,2.239,2676093.9
2025-07-06 04:00:00,2.238,2.25,2.231,2.241,2973693.5
2025-07-06 08:00:00,2.24,2.256,2.229,2.255,4289650.1
2025-07-06 12:00:00,2.255,2.303,2.245,2.289,7255343.1
2025-07-06 16:00:00,2.289,2.299,2.262,2.277,5001047.9
2025-07-06 20:00:00,2.276,2.33,2.275,2.291,6214150.7
2025-07-07 00:00:00,2.291,2.32,2.274,2.303,4696530.1
2025-07-07 04:00:00,2.304,2.318,2.277,2.303,4508537.6
2025-07-07 08:00:00,2.304,2.308,2.27,2.275,4571565.2
2025-07-07 12:00:00,2.276,2.295,2.257,2.272,7057434.2
2025-07-07 16:00:00,2.271,2.291,2.246,2.281,8358519.8
2025-07-07 20:00:00,2.28,2.28,2.253,2.277,4866164.0
2025-07-08 00:00:00,2.278,2.284,2.241,2.25,5211870.9
2025-07-08 04:00:00,2.25,2.259,2.237,2.255,4345968.9
2025-07-08 08:00:00,2.255,2.298,2.236,2.286,6715684.8
2025-07-08 12:00:00,2.286,2.304,2.257,2.265,6924517.5
2025-07-08 16:00:00,2.266,2.332,2.258,2.318,6866451.1
2025-07-08 20:00:00,2.318,2.323,2.303,2.312,3773874.6
2025-07-09 00:00:00,2.312,2.315,2.282,2.292,4666596.9
2025-07-09 04:00:00,2.291,2.34,2.288,2.337,7577237.3
2025-07-09 08:00:00,2.337,2.357,2.324,2.352,6607087.8
2025-07-09 12:00:00,2.352,2.379,2.335,2.349,8065993.5
2025-07-09 16:00:00,2.35,2.447,2.349,2.441,9717373.3
2025-07-09 20:00:00,2.442,2.471,2.426,2.438,12216686.5
2025-07-10 00:00:00,2.439,2.449,2.42,2.435,5106945.7
2025-07-10 04:00:00,2.435,2.461,2.424,2.442,5158811.6
2025-07-10 08:00:00,2.442,2.451,2.428,2.439,4686220.3
2025-07-10 12:00:00,2.439,2.461,2.425,2.44,6456063.5
2025-07-10 16:00:00,2.44,2.521,2.437,2.511,11009788.5
2025-07-10 20:00:00,2.51,2.607,2.509,2.589,14671609.9
2025-07-11 00:00:00,2.588,2.62,2.541,2.61,9061191.4
2025-07-11 04:00:00,2.61,2.66,2.577,2.588,13359471.2
2025-07-11 08:00:00,2.589,2.64,2.588,2.613,8232392.5
2025-07-11 12:00:00,2.613,2.678,2.597,2.609,14990471.4
2025-07-11 16:00:00,2.609,2.677,2.584,2.656,9487043.7
2025-07-11 20:00:00,2.656,2.662,2.511,2.562,12733877.1
2025-07-12 00:00:00,2.562,2.605,2.524,2.587,8067223.7
2025-07-12 04:00:00,2.586,2.595,2.525,2.576,8250240.1
2025-07-12 08:00:00,2.576,2.588,2.555,2.574,3618674.5
2025-07-12 12:00:00,2.574,2.585,2.46,2.481,16482022.6
2025-07-12 16:00:00,2.481,2.542,2.471,2.539,7191259.3
2025-07-12 20:00:00,2.54,2.544,2.499,2.534,4315440.7
2025-07-13 00:00:00,2.534,2.545,2.517,2.536,4344881.4
2025-07-13 04:00:00,2.536,2.574,2.524,2.561,4936337.6
2025-07-13 08:00:00,2.562,2.572,2.536,2.57,4012309.7
2025-07-13 12:00:00,2.571,2.628,2.56,2.592,10983393.9
2025-07-13 16:00:00,2.593,2.616,2.562,2.59,5226289.5
2025-07-13 20:00:00,2.59,2.605,2.537,2.559,6699394.6
2025-07-14 00:00:00,2.559,2.667,2.551,2.639,10084146.0
2025-07-14 04:00:00,2.639,2.691,2.619,2.661,11317509.6
2025-07-14 08:00:00,2.662,2.665,2.618,2.637,8767064.7
2025-07-14 12:00:00,2.637,2.655,2.564,2.588,12786442.0
2025-07-14 16:00:00,2.587,2.608,2.548,2.561,8178530.8
2025-07-14 20:00:00,2.56,2.584,2.52,2.573,7376691.5
2025-07-15 00:00:00,2.574,2.583,2.461,2.487,18363865.3
2025-07-15 04:00:00,2.487,2.522,2.465,2.502,6439629.0
2025-07-15 08:00:00,2.501,2.517,2.48,2.508,6022568.9
2025-07-15 12:00:00,2.508,2.556,2.47,2.533,16511762.0
2025-07-15 16:00:00,2.533,2.637,2.533,2.558,16986220.8
2025-07-15 20:00:00,2.557,2.651,2.545,2.645,8018649.2
2025-07-16 00:00:00,2.646,2.672,2.6,2.609,7284982.7
2025-07-16 04:00:00,2.609,2.647,2.589,2.64,5643425.1
2025-07-16 08:00:00,2.64,2.644,2.603,2.614,4974407.4
2025-07-16 12:00:00,2.614,2.662,2.598,2.632,10517306.0
2025-07-16 16:00:00,2.633,2.702,2.621,2.676,10522907.1
2025-07-16 20:00:00,2.677,2.74,2.637,2.652,13878200.3
2025-07-17 00:00:00,2.653,2.699,2.592,2.614,12020179.9
2025-07-17 04:00:00,2.614,2.694,2.606,2.668,8024853.1
2025-07-17 08:00:00,2.668,2.723,2.661,2.674,8691192.8
2025-07-17 12:00:00,2.675,2.71,2.631,2.687,10308101.8
2025-07-17 16:00:00,2.687,2.697,2.614,2.647,13152706.4
2025-07-17 20:00:00,2.647,2.748,2.613,2.707,15283310.1
2025-07-18 00:00:00,2.708,2.818,2.7,2.817,14135161.6
2025-07-18 04:00:00,2.817,2.912,2.803,2.842,20180413.5
2025-07-18 08:00:00,2.842,2.888,2.817,2.879,13234160.2
2025-07-18 12:00:00,2.879,2.911,2.753,2.783,20425544.8
2025-07-18 16:00:00,2.783,2.839,2.745,2.769,11232295.5
2025-07-18 20:00:00,2.769,2.79,2.686,2.754,15802657.2
2025-07-19 00:00:00,2.754,2.808,2.682,2.808,8888449.5
2025-07-19 04:00:00,2.808,2.838,2.758,2.762,8206224.2
2025-07-19 08:00:00,2.761,2.77,2.708,2.71,9724819.2
2025-07-19 12:00:00,2.71,2.728,2.666,2.698,9761608.0
2025-07-19 16:00:00,2.698,2.828,2.684,2.813,11437649.3
2025-07-19 20:00:00,2.813,2.825,2.753,2.802,8074604.2
2025-07-20 00:00:00,2.802,2.824,2.771,2.789,6438192.4
2025-07-20 04:00:00,2.789,2.841,2.78,2.813,7036432.4
2025-07-20 08:00:00,2.814,2.874,2.813,2.862,9604580.3
2025-07-20 12:00:00,2.862,2.928,2.848,2.92,10676580.2
2025-07-20 16:00:00,2.92,3.026,2.903,2.931,27240240.2
2025-07-20 20:00:00,2.931,2.942,2.8,2.889,18595579.2
2025-07-21 00:00:00,2.89,2.923,2.823,2.913,14115482.0
2025-07-21 04:00:00,2.914,2.956,2.885,2.924,10346335.3
2025-07-21 08:00:00,2.925,2.963,2.888,2.935,10668005.0
2025-07-21 12:00:00,2.936,2.989,2.902,2.936,11359756.0
2025-07-21 16:00:00,2.936,2.965,2.855,2.873,17245161.1
2025-07-21 20:00:00,2.872,2.935,2.86,2.92,6440250.4
2025-07-22 00:00:00,2.921,2.935,2.806,2.858,20171301.0
2025-07-22 04:00:00,2.858,2.868,2.772,2.831,17889619.0
2025-07-22 08:00:00,2.83,2.855,2.756,2.839,15541141.5
2025-07-22 12:00:00,2.839,2.891,2.768,2.855,20149137.5
2025-07-22 16:00:00,2.855,2.898,2.814,2.83,12931290.3
2025-07-22 20:00:00,2.83,2.939,2.822,2.934,8821638.4
2025-07-23 00:00:00,2.934,2.944,2.874,2.891,8208964.5
2025-07-23 04:00:00,2.89,2.925,2.847,2.861,7153501.9
2025-07-23 08:00:00,2.861,2.881,2.797,2.816,9254911.1
2025-07-23 12:00:00,2.816,2.819,2.641,2.705,36651399.3
2025-07-23 16:00:00,2.705,2.705,2.604,2.653,21564882.8
2025-07-23 20:00:00,2.652,2.668,2.55,2.64,21732929.1
2025-07-24 00:00:00,2.641,2.68,2.621,2.643,8936228.2
2025-07-24 04:00:00,2.643,2.657,2.468,2.559,31401981.2
2025-07-24 08:00:00,2.559,2.622,2.545,2.612,13593285.4
2025-07-24 12:00:00,2.611,2.684,2.561,2.635,17241407.5
2025-07-24 16:00:00,2.635,2.659,2.579,2.625,11514274.2
2025-07-24 20:00:00,2.625,2.65,2.574,2.582,7900563.7
2025-07-25 00:00:00,2.582,2.594,2.498,2.534,16433021.3
2025-07-25 04:00:00,2.534,2.576,2.511,2.546,10857849.3
2025-07-25 08:00:00,2.547,2.622,2.544,2.609,10976927.4
2025-07-25 12:00:00,2.609,2.627,2.515,2.552,14191952.5
2025-07-25 16:00:00,2.551,2.596,2.538,2.578,9316348.6
2025-07-25 20:00:00,2.578,2.651,2.577,2.65,5628238.7
2025-07-26 00:00:00,2.65,2.659,2.623,2.648,4243028.5
2025-07-26 04:00:00,2.647,2.653,2.633,2.638,2925657.6
2025-07-26 08:00:00,2.638,2.671,2.638,2.649,5014541.6
2025-07-26 12:00:00,2.65,2.669,2.639,2.664,4710304.7
2025-07-26 16:00:00,2.664,2.696,2.643,2.691,6086798.6
2025-07-26 20:00:00,2.691,2.702,2.658,2.664,4049253.0
2025-07-27 00:00:00,2.663,2.701,2.654,2.685,4491986.0
2025-07-27 04:00:00,2.686,2.72,2.68,2.694,5060016.4
2025-07-27 08:00:00,2.695,2.712,2.667,2.691,4668848.8
2025-07-27 12:00:00,2.691,2.715,2.675,2.7,4489136.9
2025-07-27 16:00:00,2.701,2.741,2.697,2.714,5915948.4
2025-07-27 20:00:00,2.713,2.764,2.701,2.758,5334817.4
2025-07-28 00:00:00,2.758,2.795,2.733,2.764,8286222.7
2025-07-28 04:00:00,2.764,2.809,2.748,2.778,6938218.9
2025-07-28 08:00:00,2.779,2.803,2.758,2.773,5554516.8
2025-07-28 12:00:00,2.773,2.777,2.66,2.676,16112238.3
2025-07-28 16:00:00,2.676,2.692,2.6,2.627,13048150.6
2025-07-28 20:00:00,2.628,2.633,2.576,2.606,8157642.3
2025-07-29 00:00:00,2.607,2.629,2.551,2.602,10349126.3
2025-07-29 04:00:00,2.603,2.671,2.582,2.662,7654961.3
2025-07-29 08:00:00,2.663,2.665,2.586,2.613,6740244.0
2025-07-29 12:00:00,2.612,2.652,2.548,2.569,13083924.1
2025-07-29 16:00:00,2.57,2.588,2.525,2.539,9423387.4
2025-07-29 20:00:00,2.54,2.575,2.513,2.569,7231046.7
2025-07-30 00:00:00,2.569,2.586,2.527,2.563,5801097.6
2025-07-30 04:00:00,2.563,2.57,2.523,2.531,5841304.5
2025-07-30 08:00:00,2.53,2.547,2.454,2.471,12463255.3
2025-07-30 12:00:00,2.47,2.53,2.448,2.504,14915451.4
2025-07-30 16:00:00,2.505,2.533,2.312,2.475,22795692.2
2025-07-30 20:00:00,2.475,2.496,2.443,2.491,7964830.4
2025-07-31 00:00:00,2.491,2.535,2.48,2.531,4748307.2
2025-07-31 04:00:00,2.531,2.549,2.521,2.536,5368250.6
2025-07-31 08:00:00,2.535,2.547,2.512,2.518,4695820.6
2025-07-31 12:00:00,2.518,2.52,2.426,2.469,17976896.2
2025-07-31 16:00:00,2.468,2.513,2.435,2.446,10807254.1
2025-07-31 20:00:00,2.445,2.449,2.381,2.39,12529432.5
2025-08-01 00:00:00,2.39,2.397,2.311,2.384,17232512.3
2025-08-01 04:00:00,2.383,2.383,2.333,2.348,10548254.9
2025-08-01 08:00:00,2.347,2.355,2.286,2.35,13641788.7
2025-08-01 12:00:00,2.349,2.376,2.289,2.347,17965905.1
2025-08-01 16:00:00,2.347,2.366,2.286,2.341,14767268.5
2025-08-01 20:00:00,2.34,2.349,2.215,2.295,20407321.9
2025-08-02 00:00:00,2.295,2.326,2.292,2.321,4355605.3
2025-08-02 04:00:00,2.322,2.334,2.268,2.322,8050855.6
2025-08-02 08:00:00,2.322,2.329,2.281,2.306,6571303.0
2025-08-02 12:00:00,2.305,2.321,2.271,2.28,8589544.5
2025-08-02 16:00:00,2.279,2.3,2.222,2.251,17211664.4
2025-08-02 20:00:00,2.251,2.286,2.247,2.27,6650911.7
2025-08-03 00:00:00,2.271,2.306,2.234,2.297,6940634.7
2025-08-03 04:00:00,2.298,2.318,2.291,2.311,3329440.6
2025-08-03 08:00:00,2.311,2.341,2.306,2.327,4305737.2
2025-08-03 12:00:00,2.326,2.336,2.312,2.332,4089016.8
2025-08-03 16:00:00,2.332,2.343,2.322,2.331,3117539.3
2025-08-03 20:00:00,2.332,2.353,2.327,2.342,2822443.5
2025-08-04 00:00:00,2.341,2.378,2.337,2.363,4485095.1
2025-08-04 04:00:00,2.364,2.376,2.352,2.366,3167761.0
2025-08-04 08:00:00,2.367,2.377,2.348,2.355,4502876.9
2025-08-04 12:00:00,2.356,2.402,2.353,2.388,7572268.1
2025-08-04 16:00:00,2.387,2.433,2.386,2.399,6767540.2
2025-08-04 20:00:00,2.398,2.439,2.396,2.426,4126295.1
2025-08-05 00:00:00,2.426,2.432,2.381,2.382,5296487.0
2025-08-05 04:00:00,2.381,2.392,2.342,2.351,8323353.6
2025-08-05 08:00:00,2.351,2.415,2.347,2.407,6926124.4
2025-08-05 12:00:00,2.406,2.41,2.313,2.324,18076287.6
2025-08-05 16:00:00,2.325,2.343,2.301,2.309,6765120.1
2025-08-05 20:00:00,2.308,2.34,2.279,2.331,5759533.9
2025-08-06 00:00:00,2.331,2.333,2.282,2.287,5599276.2
2025-08-06 04:00:00,2.286,2.348,2.278,2.343,6932367.4
2025-08-06 08:00:00,2.343,2.348,2.318,2.332,4775537.1
2025-08-06 12:00:00,2.332,2.382,2.309,2.378,9447742.2
2025-08-06 16:00:00,2.379,2.394,2.356,2.378,5969975.8
2025-08-06 20:00:00,2.378,2.383,2.366,2.377,2388748.0
2025-08-07 00:00:00,2.376,2.401,2.367,2.373,4451803.5
2025-08-07 04:00:00,2.372,2.397,2.371,2.387,3935877.8
2025-08-07 08:00:00,2.388,2.45,2.376,2.448,9801517.4
2025-08-07 12:00:00,2.449,2.456,2.422,2.436,7600259.3
2025-08-07 16:00:00,2.436,2.448,2.386,2.448,9942584.5
2025-08-07 20:00:00,2.448,2.49,2.445,2.488,7487925.3
2025-08-08 00:00:00,2.489,2.523,2.435,2.486,29480542.5
2025-08-08 04:00:00,2.486,2.512,2.46,2.5,7015935.8
2025-08-08 08:00:00,2.501,2.515,2.484,2.495,6073688.6
2025-08-08 12:00:00,2.496,2.532,2.466,2.486,13334072.4
2025-08-08 16:00:00,2.485,2.555,2.482,2.55,8973522.2
2025-08-08 20:00:00,2.55,2.557,2.534,2.545,3902282.8
2025-08-09 00:00:00,2.545,2.571,2.536,2.552,4237731.9
2025-08-09 04:00:00,2.553,2.61,2.543,2.602,8095104.2
2025-08-09 08:00:00,2.603,2.646,2.593,2.627,8133545.6
2025-08-09 12:00:00,2.628,2.646,2.591,2.622,8271924.8
2025-08-09 16:00:00,2.622,2.653,2.618,2.643,5054646.9
2025-08-09 20:00:00,2.643,2.664,2.625,2.63,8050844.3
2025-08-10 00:00:00,2.631,2.66,2.605,2.645,9143619.1
2025-08-10 04:00:00,2.646,2.661,2.557,2.568,11075146.8
2025-08-10 08:00:00,2.567,2.601,2.537,2.567,9971372.1
2025-08-10 12:00:00,2.567,2.617,2.55,2.603,7686018.8
2025-08-10 16:00:00,2.602,2.637,2.598,2.623,4432327.0
2025-08-10 20:00:00,2.623,2.628,2.591,2.623,5315877.9
2025-08-11 00:00:00,2.623,2.682,2.608,2.663,9419418.0
2025-08-11 04:00:00,2.663,2.68,2.597,2.602,7750878.7
2025-08-11 08:00:00,2.602,2.624,2.521,2.533,11701593.9
2025-08-11 12:00:00,2.532,2.55,2.481,2.545,23578086.5
2025-08-11 16:00:00,2.545,2.579,2.494,2.515,9872361.4
2025-08-11 20:00:00,2.514,2.519,2.446,2.468,9573813.0
2025-08-12 00:00:00,2.467,2.519,2.457,2.484,7601169.6
2025-08-12 04:00:00,2.483,2.501,2.45,2.497,6357490.3
2025-08-12 08:00:00,2.496,2.498,2.443,2.477,6861653.8
2025-08-12 12:00:00,2.476,2.584,2.467,2.582,15837863.4
2025-08-12 16:00:00,2.582,2.647,2.574,2.634,12594487.8
2025-08-12 20:00:00,2.634,2.662,2.623,2.63,8226603.5
2025-08-13 00:00:00,2.631,2.666,2.6,2.654,8427672.2
2025-08-13 04:00:00,2.654,2.664,2.613,2.647,6670666.0
2025-08-13 08:00:00,2.647,2.711,2.646,2.695,10026503.3
2025-08-13 12:00:00,2.696,2.731,2.658,2.699,18026127.7
2025-08-13 16:00:00,2.699,2.733,2.685,2.719,8040223.6
2025-08-13 20:00:00,2.719,2.762,2.705,2.734,6581853.5
2025-08-14 00:00:00,2.734,2.759,2.705,2.747,7780206.8
2025-08-14 04:00:00,2.747,2.752,2.67,2.684,10593891.0
2025-08-14 08:00:00,2.685,2.686,2.633,2.66,12079217.1
2025-08-14 12:00:00,2.66,2.667,2.477,2.54,36380097.4
2025-08-14 16:00:00,2.541,2.541,2.472,2.501,10680249.3
2025-08-14 20:00:00,2.5,2.514,2.45,2.504,7789993.7
2025-08-15 00:00:00,2.505,2.542,2.488,2.534,6503683.3
2025-08-15 04:00:00,2.534,2.554,2.509,2.525,6487654.5
2025-08-15 08:00:00,2.525,2.531,2.493,2.505,6096214.4
2025-08-15 12:00:00,2.504,2.533,2.404,2.424,19745265.7
2025-08-15 16:00:00,2.424,2.457,2.401,2.425,9100816.4
2025-08-15 20:00:00,2.425,2.483,2.416,2.464,4723918.2
2025-08-16 00:00:00,2.463,2.497,2.459,2.475,4364223.4
2025-08-16 04:00:00,2.475,2.497,2.471,2.493,3132930.0
2025-08-16 08:00:00,2.492,2.504,2.464,2.466,6104724.1
2025-08-16 12:00:00,2.465,2.539,2.462,2.522,8045046.5
2025-08-16 16:00:00,2.522,2.529,2.5,2.509,3935878.7
2025-08-16 20:00:00,2.509,2.536,2.506,2.53,2375239.3
2025-08-17 00:00:00,2.531,2.539,2.511,2.53,3274283.5
2025-08-17 04:00:00,2.53,2.559,2.528,2.547,4364283.3
2025-08-17 08:00:00,2.548,2.584,2.543,2.577,5647700.8
2025-08-17 12:00:00,2.578,2.619,2.558,2.618,7579159.4
2025-08-17 16:00:00,2.619,2.629,2.536,2.556,9362579.7
2025-08-17 20:00:00,2.556,2.583,2.55,2.558,4882444.1
2025-08-18 00:00:00,2.558,2.562,2.446,2.47,15874677.6
2025-08-18 04:00:00,2.47,2.491,2.429,2.449,10092049.2
2025-08-18 08:00:00,2.449,2.461,2.416,2.446,8501732.9
2025-08-18 12:00:00,2.446,2.491,2.442,2.47,10430975.7
2025-08-18 16:00:00,2.47,2.485,2.441,2.469,6971696.7
2025-08-18 20:00:00,2.47,2.512,2.454,2.467,5311933.1
2025-08-19 00:00:00,2.467,2.498,2.401,2.407,10453267.2
2025-08-19 04:00:00,2.406,2.435,2.383,2.416,8923801.7
2025-08-19 08:00:00,2.415,2.455,2.399,2.453,6271058.1
2025-08-19 12:00:00,2.454,2.457,2.38,2.392,13346991.0
2025-08-19 16:00:00,2.392,2.399,2.348,2.369,12807128.0
2025-08-19 20:00:00,2.368,2.392,2.352,2.358,5283920.6
2025-08-20 00:00:00,2.357,2.384,2.346,2.365,10857910.1
2025-08-20 04:00:00,2.366,2.39,2.364,2.375,4575516.7
2025-08-20 08:00:00,2.376,2.408,2.361,2.392,5959282.3
2025-08-20 12:00:00,2.393,2.439,2.333,2.414,13749001.7
2025-08-20 16:00:00,2.414,2.449,2.394,2.448,9288309.4
2025-08-20 20:00:00,2.448,2.45,2.429,2.435,3928265.4
2025-08-21 00:00:00,2.435,2.463,2.421,2.437,5315055.3
2025-08-21 04:00:00,2.438,2.447,2.411,2.431,3388348.2
2025-08-21 08:00:00,2.43,2.435,2.39,2.399,5148416.1
2025-08-21 12:00:00,2.398,2.427,2.371,2.381,8877521.3
2025-08-21 16:00:00,2.381,2.417,2.372,2.394,5036658.0
2025-08-21 20:00:00,2.393,2.417,2.381,2.392,3324605.6
2025-08-22 00:00:00,2.392,2.418,2.372,2.384,4835223.1
2025-08-22 04:00:00,2.385,2.406,2.379,2.399,3803190.7
2025-08-22 08:00:00,2.398,2.411,2.353,2.355,6122408.3
2025-08-22 12:00:00,2.354,2.5,2.302,2.474,42471653.6
2025-08-22 16:00:00,2.474,2.582,2.474,2.575,22687717.8
2025-08-22 20:00:00,2.575,2.614,2.568,2.579,9966059.4
2025-08-23 00:00:00,2.579,2.586,2.484,2.517,11451594.4
2025-08-23 04:00:00,2.516,2.563,2.515,2.538,7494113.0
2025-08-23 08:00:00,2.539,2.555,2.527,2.532,6611993.3
2025-08-23 12:00:00,2.533,2.541,2.508,2.525,7534518.4
2025-08-23 16:00:00,2.526,2.539,2.51,2.537,3609034.1
2025-08-23 20:00:00,2.538,2.54,2.515,2.527,4214369.5
2025-08-24 00:00:00,2.527,2.534,2.484,2.495,8163727.1
2025-08-24 04:00:00,2.495,2.501,2.438,2.442,7665025.4
2025-08-24 08:00:00,2.441,2.453,2.389,2.404,11142345.0
2025-08-24 12:00:00,2.404,2.44,2.392,2.408,9810259.6
2025-08-24 16:00:00,2.408,2.547,2.393,2.462,32988180.1
2025-08-24 20:00:00,2.462,2.467,2.385,2.425,17238421.6
2025-08-25 00:00:00,2.425,2.447,2.37,2.413,11603295.8
2025-08-25 04:00:00,2.412,2.419,2.29,2.302,25269667.9
2025-08-25 08:00:00,2.301,2.32,2.272,2.304,13294987.9
2025-08-25 12:00:00,2.303,2.307,2.266,2.272,13912873.9
2025-08-25 16:00:00,2.273,2.289,2.214,2.219,17559123.7
2025-08-25 20:00:00,2.218,2.226,2.134,2.183,34184189.6
2025-08-26 00:00:00,2.183,2.235,2.171,2.224,10908630.8
2025-08-26 04:00:00,2.225,2.254,2.219,2.239,8165037.0
2025-08-26 08:00:00,2.24,2.307,2.231,2.269,12971417.9
2025-08-26 12:00:00,2.269,2.34,2.263,2.298,18358791.9
2025-08-26 16:00:00,2.298,2.351,2.297,2.346,9020229.5
2025-08-26 20:00:00,2.347,2.356,2.319,2.324,7185766.0
2025-08-27 00:00:00,2.324,2.339,2.301,2.327,7040908.8
2025-08-27 04:00:00,2.328,2.34,2.291,2.298,7362841.4
2025-08-27 08:00:00,2.298,2.319,2.287,2.305,6237008.2
2025-08-27 12:00:00,2.306,2.339,2.292,2.333,9434174.8
2025-08-27 16:00:00,2.333,2.349,2.306,2.33,7836275.4
2025-08-27 20:00:00,2.33,2.351,2.293,2.309,13292323.7
2025-08-28 00:00:00,2.309,2.33,2.285,2.315,5429344.0
2025-08-28 04:00:00,2.316,2.334,2.308,2.327,4939467.9
2025-08-28 08:00:00,2.328,2.352,2.323,2.334,6146179.3
2025-08-28 12:00:00,2.335,2.401,2.331,2.363,13399476.9
2025-08-28 16:00:00,2.363,2.38,2.305,2.319,11663024.4
2025-08-28 20:00:00,2.319,2.397,2.313,2.382,7424949.3
2025-08-29 00:00:00,2.382,2.399,2.347,2.365,7173968.1
2025-08-29 04:00:00,2.366,2.372,2.298,2.303,10530022.6
2025-08-29 08:00:00,2.304,2.311,2.242,2.286,13968962.8
2025-08-29 12:00:00,2.285,2.341,2.245,2.269,20172298.7
2025-08-29 16:00:00,2.268,2.277,2.226,2.254,10930535.7
2025-08-29 20:00:00,2.254,2.272,2.229,2.269,5817157.1
2025-08-30 00:00:00,2.269,2.301,2.229,2.294,7741425.9
2025-08-30 04:00:00,2.295,2.305,2.284,2.302,3559030.8
2025-08-30 08:00:00,2.303,2.304,2.284,2.298,3801327.5
2025-08-30 12:00:00,2.298,2.3,2.256,2.288,7258304.6
2025-08-30 16:00:00,2.287,2.288,2.263,2.278,3650212.3
2025-08-30 20:00:00,2.279,2.298,2.263,2.29,3502204.1
2025-08-31 00:00:00,2.289,2.342,2.288,2.339,8780997.6
2025-08-31 04:00:00,2.34,2.342,2.297,2.303,5222411.8
2025-08-31 08:00:00,2.302,2.319,2.287,2.302,5427910.4
2025-08-31 12:00:00,2.303,2.315,2.289,2.309,5401169.9
2025-08-31 16:00:00,2.309,2.312,2.293,2.296,4569758.2
2025-08-31 20:00:00,2.297,2.312,2.264,2.268,6562861.5
2025-09-01 00:00:00,2.269,2.275,2.223,2.243,12385461.4
2025-09-01 04:00:00,2.243,2.366,2.217,2.361,16892993.8
2025-09-01 08:00:00,2.362,2.515,2.326,2.385,75823166.4
2025-09-01 12:00:00,2.386,2.401,2.31,2.317,17079200.6
2025-09-01 16:00:00,2.316,2.331,2.292,2.328,10054287.7
2025-09-01 20:00:00,2.328,2.331,2.239,2.285,19642387.0
2025-09-02 00:00:00,2.284,2.303,2.249,2.287,16049922.8
2025-09-02 04:00:00,2.287,2.29,2.258,2.263,9930524.7
2025-09-02 08:00:00,2.263,2.281,2.257,2.267,8613765.7
2025-09-02 12:00:00,2.266,2.29,2.214,2.236,25628032.0
2025-09-02 16:00:00,2.236,2.265,2.223,2.234,10440587.5
2025-09-02 20:00:00,2.233,2.281,2.228,2.268,10202859.1
2025-09-03 00:00:00,2.269,2.285,2.254,2.276,6340790.9
2025-09-03 04:00:00,2.276,2.281,2.254,2.267,5796072.2
2025-09-03 08:00:00,2.266,2.283,2.255,2.275,5500770.9
2025-09-03 12:00:00,2.275,2.33,2.267,2.322,11257506.3
2025-09-03 16:00:00,2.322,2.334,2.314,2.33,6074700.6
2025-09-03 20:00:00,2.33,2.358,2.324,2.329,7358922.9
2025-09-04 00:00:00,2.329,2.336,2.288,2.292,8096450.2
2025-09-04 04:00:00,2.291,2.297,2.249,2.271,11867172.0
2025-09-04 08:00:00,2.27,2.283,2.259,2.267,6996025.6
2025-09-04 12:00:00,2.268,2.283,2.235,2.245,11128479.9
2025-09-04 16:00:00,2.244,2.257,2.229,2.236,10005558.5
2025-09-04 20:00:00,2.236,2.279,2.233,2.262,7241255.9
2025-09-05 00:00:00,2.263,2.288,2.261,2.283,6764425.3
2025-09-05 04:00:00,2.283,2.332,2.277,2.327,7430281.0
2025-09-05 08:00:00,2.327,2.329,2.308,2.323,9132752.1
2025-09-05 12:00:00,2.323,2.382,2.291,2.317,27816629.0
2025-09-05 16:00:00,2.317,2.335,2.3,2.334,5479569.9
2025-09-05 20:00:00,2.335,2.358,2.33,2.345,7112645.8
2025-09-06 00:00:00,2.345,2.355,2.315,2.327,7081081.2
2025-09-06 04:00:00,2.328,2.329,2.303,2.318,6249038.5
2025-09-06 08:00:00,2.319,2.321,2.298,2.318,5719564.0
2025-09-06 12:00:00,2.318,2.326,2.307,2.311,4887553.5
2025-09-06 16:00:00,2.312,2.34,2.308,2.314,5363451.2
2025-09-06 20:00:00,2.314,2.336,2.311,2.325,4339725.4
2025-09-07 00:00:00,2.325,2.37,2.323,2.357,7936008.2
2025-09-07 04:00:00,2.358,2.434,2.355,2.373,17346513.2
2025-09-07 08:00:00,2.373,2.384,2.362,2.376,4133651.5
2025-09-07 12:00:00,2.377,2.401,2.369,2.387,4957101.6
2025-09-07 16:00:00,2.386,2.389,2.362,2.38,4962709.7
2025-09-07 20:00:00,2.379,2.411,2.375,2.393,5311896.1
2025-09-08 00:00:00,2.394,2.428,2.379,2.418,7775871.2
2025-09-08 04:00:00,2.417,2.466,2.397,2.413,15963776.5
2025-09-08 08:00:00,2.413,2.434,2.406,2.419,8811667.5
2025-09-08 12:00:00,2.419,2.455,2.413,2.448,10225444.6
2025-09-08 16:00:00,2.447,2.459,2.42,2.429,8543958.2
2025-09-08 20:00:00,2.43,2.451,2.421,2.439,4433993.2
2025-09-09 00:00:00,2.438,2.46,2.408,2.447,8649712.1
2025-09-09 04:00:00,2.446,2.498,2.437,2.485,10584890.1
2025-09-09 08:00:00,2.486,2.504,2.478,2.485,8530809.7
2025-09-09 12:00:00,2.485,2.501,2.419,2.437,18874042.5
2025-09-09 16:00:00,2.437,2.449,2.416,2.439,6972440.7
2025-09-09 20:00:00,2.44,2.466,2.431,2.451,3692603.7
2025-09-10 00:00:00,2.452,2.471,2.431,2.468,5245729.6
2025-09-10 04:00:00,2.469,2.477,2.445,2.466,4805534.9
2025-09-10 08:00:00,2.466,2.472,2.436,2.452,5622024.4
2025-09-10 12:00:00,2.452,2.51,2.45,2.493,12449118.0
2025-09-10 16:00:00,2.493,2.506,2.45,2.46,7724584.4
2025-09-10 20:00:00,2.46,2.497,2.457,2.492,3565919.0
2025-09-11 00:00:00,2.491,2.509,2.484,2.506,4259348.3
2025-09-11 04:00:00,2.507,2.538,2.502,2.534,8661199.9
2025-09-11 08:00:00,2.533,2.534,2.496,2.499,6217293.3
2025-09-11 12:00:00,2.5,2.533,2.459,2.483,14683406.2
2025-09-11 16:00:00,2.484,2.52,2.482,2.515,4498839.3
2025-09-11 20:00:00,2.516,2.542,2.511,2.536,4638078.3
2025-09-12 00:00:00,2.537,2.562,2.516,2.528,6247552.7
2025-09-12 04:00:00,2.528,2.551,2.52,2.53,4572556.4
2025-09-12 08:00:00,2.53,2.532,2.48,2.483,9670849.7
2025-09-12 12:00:00,2.483,2.518,2.469,2.488,9108560.9
2025-09-12 16:00:00,2.487,2.559,2.485,2.555,9046874.0
2025-09-12 20:00:00,2.556,2.575,2.536,2.561,6726941.9
2025-09-13 00:00:00,2.562,2.592,2.543,2.59,5964723.8
2025-09-13 04:00:00,2.591,2.591,2.565,2.567,3809872.5
2025-09-13 08:00:00,2.567,2.633,2.563,2.631,10595793.9
2025-09-13 12:00:00,2.63,2.65,2.575,2.612,14669752.6
2025-09-13 16:00:00,2.612,2.623,2.566,2.607,10582514.2
2025-09-13 20:00:00,2.607,2.635,2.605,2.621,3857597.1
2025-09-14 00:00:00,2.621,2.625,2.573,2.584,8109398.6
2025-09-14 04:00:00,2.585,2.613,2.557,2.586,8126742.0
2025-09-14 08:00:00,2.587,2.602,2.535,2.539,7760349.3
2025-09-14 12:00:00,2.539,2.554,2.472,2.493,20568455.7
2025-09-14 16:00:00,2.493,2.531,2.487,2.512,10207837.1
2025-09-14 20:00:00,2.512,2.544,2.506,2.513,5978773.2
2025-09-15 00:00:00,2.514,2.547,2.495,2.536,8021808.7
2025-09-15 04:00:00,2.535,2.555,2.479,2.485,13875754.9
2025-09-15 08:00:00,2.486,2.486,2.403,2.423,26725251.7
2025-09-15 12:00:00,2.423,2.428,2.371,2.386,14443577.7
2025-09-15 16:00:00,2.387,2.41,2.368,2.402,8060680.1
2025-09-15 20:00:00,2.402,2.418,2.398,2.411,4304902.7
2025-09-16 00:00:00,2.411,2.421,2.393,2.394,6041778.0
2025-09-16 04:00:00,2.394,2.418,2.371,2.412,6813279.1
2025-09-16 08:00:00,2.411,2.434,2.411,2.425,5724629.5
2025-09-16 12:00:00,2.425,2.462,2.408,2.462,10475404.5
2025-09-16 16:00:00,2.462,2.602,2.445,2.594,21363536.6
2025-09-16 20:00:00,2.595,2.65,2.547,2.557,23646417.6
2025-09-17 00:00:00,2.556,2.586,2.537,2.565,10603329.5
2025-09-17 04:00:00,2.565,2.579,2.524,2.542,8277719.0
2025-09-17 08:00:00,2.542,2.544,2.475,2.493,16000904.6
2025-09-17 12:00:00,2.493,2.509,2.465,2.472,9220662.0
2025-09-17 16:00:00,2.471,2.54,2.454,2.537,21969306.2
2025-09-17 20:00:00,2.537,2.588,2.51,2.569,10569568.5
2025-09-18 00:00:00,2.57,2.588,2.552,2.581,7833944.0
2025-09-18 04:00:00,2.582,2.585,2.532,2.543,8543927.4
2025-09-18 08:00:00,2.543,2.569,2.529,2.537,8206208.3
2025-09-18 12:00:00,2.537,2.568,2.531,2.558,8802446.1
2025-09-18 16:00:00,2.558,2.588,2.553,2.575,8952988.5
2025-09-18 20:00:00,2.575,2.589,2.561,2.577,5315653.9
2025-09-19 00:00:00,2.577,2.613,2.547,2.557,11792091.6
2025-09-19 04:00:00,2.557,2.57,2.53,2.541,9298712.5
2025-09-19 08:00:00,2.54,2.571,2.493,2.508,12221968.4
2025-09-19 12:00:00,2.507,2.529,2.463,2.49,12737935.6
2025-09-19 16:00:00,2.49,2.503,2.454,2.463,7478412.5
2025-09-19 20:00:00,2.462,2.48,2.425,2.445,9461757.6
2025-09-20 00:00:00,2.446,2.464,2.43,2.453,5687199.7
2025-09-20 04:00:00,2.452,2.475,2.447,2.474,3762676.5
2025-09-20 08:00:00,2.474,2.474,2.43,2.449,5131847.4
2025-09-20 12:00:00,2.448,2.478,2.426,2.468,6508409.1
2025-09-20 16:00:00,2.468,2.473,2.437,2.446,4440533.7
2025-09-20 20:00:00,2.446,2.461,2.438,2.443,2529281.7
2025-09-21 00:00:00,2.442,2.455,2.421,2.45,5254022.4
2025-09-21 04:00:00,2.449,2.474,2.441,2.464,4724280.9
2025-09-21 08:00:00,2.464,2.467,2.408,2.425,7953666.2
2025-09-21 12:00:00,2.426,2.443,2.415,2.419,4934456.8
2025-09-21 16:00:00,2.419,2.427,2.389,2.419,8391582.5
2025-09-21 20:00:00,2.419,2.42,2.394,2.395,4107442.7
2025-09-22 00:00:00,2.395,2.41,2.301,2.342,31294897.3
2025-09-22 04:00:00,2.341,2.351,2.155,2.26,31418004.2
2025-09-22 08:00:00,2.259,2.269,2.236,2.252,10667171.6
2025-09-22 12:00:00,2.252,2.271,2.232,2.236,9782345.5
2025-09-22 16:00:00,2.237,2.252,2.219,2.227,7632874.7
2025-09-22 20:00:00,2.227,2.264,2.223,2.259,4614243.3
2025-09-23 00:00:00,2.259,2.268,2.21,2.254,8862054.9
2025-09-23 04:00:00,2.255,2.271,2.236,2.257,7073736.0
2025-09-23 08:00:00,2.258,2.283,2.257,2.27,7639746.2
2025-09-23 12:00:00,2.271,2.286,2.252,2.27,6263505.0
2025-09-23 16:00:00,2.271,2.282,2.227,2.232,8468636.4
2025-09-23 20:00:00,2.232,2.26,2.23,2.237,4582452.7
2025-09-24 00:00:00,2.237,2.272,2.224,2.233,8367669.1
2025-09-24 04:00:00,2.232,2.272,2.198,2.264,11160997.3
2025-09-24 08:00:00,2.265,2.281,2.259,2.275,4544654.9
2025-09-24 12:00:00,2.276,2.295,2.26,2.269,8543165.9
2025-09-24 16:00:00,2.27,2.277,2.244,2.252,5277605.4
2025-09-24 20:00:00,2.252,2.255,2.21,2.225,7790888.2
2025-09-25 00:00:00,2.226,2.238,2.195,2.211,11090157.8
2025-09-25 04:00:00,2.211,2.218,2.164,2.199,12952708.5
2025-09-25 08:00:00,2.199,2.213,2.177,2.188,7591856.1
2025-09-25 12:00:00,2.187,2.223,2.148,2.195,18331656.9
2025-09-25 16:00:00,2.194,2.2,2.083,2.141,32692252.3
2025-09-25 20:00:00,2.141,2.145,2.099,2.119,11694547.1
2025-09-26 00:00:00,2.119,2.153,2.112,2.146,7564033.0
2025-09-26 04:00:00,2.147,2.151,2.119,2.134,7063981.6
2025-09-26 08:00:00,2.134,2.141,2.094,2.117,12316009.2
2025-09-26 12:00:00,2.117,2.156,2.098,2.146,13079966.2
2025-09-26 16:00:00,2.147,2.202,2.145,2.184,10058613.6
2025-09-26 20:00:00,2.184,2.197,2.176,2.193,3605151.0
2025-09-27 00:00:00,2.194,2.195,2.183,2.186,3255592.8
2025-09-27 04:00:00,2.185,2.195,2.179,2.186,3462804.6
2025-09-27 08:00:00,2.186,2.197,2.163,2.189,6417547.7
2025-09-27 12:00:00,2.189,2.197,2.175,2.191,4266271.5
2025-09-27 16:00:00,2.192,2.193,2.164,2.183,4405735.6
2025-09-27 20:00:00,2.183,2.21,2.181,2.188,4283337.4
2025-09-28 00:00:00,2.188,2.192,2.157,2.164,5245348.4
2025-09-28 04:00:00,2.164,2.168,2.137,2.151,6720120.1
2025-09-28 08:00:00,2.152,2.156,2.126,2.138,6329103.4
2025-09-28 12:00:00,2.139,2.168,2.123,2.162,6397568.0
2025-09-28 16:00:00,2.162,2.18,2.156,2.179,5092764.2
2025-09-28 20:00:00,2.179,2.22,2.175,2.213,7451863.3
2025-09-29 00:00:00,2.214,2.215,2.187,2.2,4441563.4
2025-09-29 04:00:00,2.201,2.201,2.172,2.184,4895070.3
2025-09-29 08:00:00,2.185,2.195,2.158,2.174,6304490.8
2025-09-29 12:00:00,2.173,2.217,2.143,2.191,12888449.1
2025-09-29 16:00:00,2.191,2.206,2.164,2.203,4948577.1
2025-09-29 20:00:00,2.204,2.232,2.201,2.21,6281505.6
2025-09-30 00:00:00,2.209,2.211,2.172,2.189,6597830.9
2025-09-30 04:00:00,2.189,2.202,2.172,2.179,4889826.2
2025-09-30 08:00:00,2.18,2.188,2.158,2.174,6177293.7
2025-09-30 12:00:00,2.175,2.187,2.127,2.151,12139001.7
2025-09-30 16:00:00,2.151,2.187,2.14,2.185,7603736.4
2025-09-30 20:00:00,2.185,2.201,2.174,2.187,5147735.0
2025-10-01 00:00:00,2.187,2.196,2.164,2.164,4703585.6
2025-10-01 04:00:00,2.164,2.198,2.162,2.182,4945311.6
2025-10-01 08:00:00,2.181,2.273,2.18,2.254,15525611.9
2025-10-01 12:00:00,2.255,2.265,2.238,2.26,9147448.9
2025-10-01 16:00:00,2.261,2.3,2.249,2.293,8191737.4
2025-10-01 20:00:00,2.294,2.298,2.28,2.295,5304321.5
2025-10-02 00:00:00,2.296,2.332,2.289,2.319,8038051.0
2025-10-02 04:00:00,2.319,2.352,2.31,2.322,7154060.3
2025-10-02 08:00:00,2.323,2.356,2.317,2.342,6445500.9
2025-10-02 12:00:00,2.343,2.361,2.304,2.335,12216927.3
2025-10-02 16:00:00,2.334,2.392,2.329,2.381,11431534.8
2025-10-02 20:00:00,2.382,2.398,2.373,2.384,4859307.4
2025-10-03 00:00:00,2.384,2.386,2.334,2.338,8817304.2
2025-10-03 04:00:00,2.338,2.356,2.315,2.33,5502263.0
2025-10-03 08:00:00,2.331,2.335,2.312,2.321,4853887.0
2025-10-03 12:00:00,2.322,2.388,2.314,2.386,9669121.4
2025-10-03 16:00:00,2.385,2.432,2.351,2.415,20710844.7
2025-10-03 20:00:00,2.415,2.418,2.388,2.39,4106582.1
2025-10-04 00:00:00,2.391,2.405,2.352,2.364,6014058.3
2025-10-04 04:00:00,2.363,2.377,2.353,2.359,3289310.0
2025-10-04 08:00:00,2.359,2.363,2.303,2.315,11391510.4
2025-10-04 12:00:00,2.315,2.342,2.267,2.283,16530195.1
2025-10-04 16:00:00,2.283,2.299,2.274,2.299,5206611.7
2025-10-04 20:00:00,2.299,2.317,2.298,2.312,2807809.4
2025-10-05 00:00:00,2.313,2.354,2.293,2.338,9614263.8
2025-10-05 04:00:00,2.337,2.405,2.335,2.404,8893766.0
2025-10-05 08:00:00,2.404,2.417,2.356,2.367,12087684.0
2025-10-05 12:00:00,2.368,2.378,2.348,2.37,6089785.9
2025-10-05 16:00:00,2.37,2.379,2.31,2.313,10545529.2
2025-10-05 20:00:00,2.314,2.338,2.304,2.33,6128329.1
2025-10-06 00:00:00,2.33,2.36,2.308,2.34,10451135.9
2025-10-06 04:00:00,2.341,2.362,2.315,2.343,6488508.6
2025-10-06 08:00:00,2.344,2.364,2.34,2.351,5075009.4
2025-10-06 12:00:00,2.351,2.43,2.351,2.416,18722454.6
2025-10-06 16:00:00,2.416,2.43,2.401,2.419,5588553.1
2025-10-06 20:00:00,2.419,2.428,2.397,2.407,5440765.4
2025-10-07 00:00:00,2.406,2.416,2.388,2.395,3585934.1
2025-10-07 04:00:00,2.395,2.414,2.368,2.376,7861355.8
2025-10-07 08:00:00,2.376,2.403,2.35,2.401,9220312.8
2025-10-07 12:00:00,2.401,2.41,2.277,2.29,29524613.9
2025-10-07 16:00:00,2.289,2.311,2.268,2.285,13112865.3
2025-10-07 20:00:00,2.286,2.313,2.273,2.279,5578387.1
2025-10-08 00:00:00,2.279,2.307,2.246,2.267,7564895.5
2025-10-08 04:00:00,2.267,2.285,2.252,2.285,5865936.3
2025-10-08 08:00:00,2.285,2.305,2.281,2.286,4796636.9
2025-10-08 12:00:00,2.287,2.322,2.271,2.301,8695855.1
2025-10-08 16:00:00,2.3,2.42,2.296,2.377,17899963.2
2025-10-08 20:00:00,2.378,2.386,2.362,2.365,4485691.4
2025-10-09 00:00:00,2.365,2.368,2.286,2.317,12037576.5
2025-10-09 04:00:00,2.317,2.326,2.276,2.285,8814912.4
2025-10-09 08:00:00,2.285,2.287,2.247,2.271,12181942.4
2025-10-09 12:00:00,2.271,2.299,2.228,2.248,16414525.9
2025-10-09 16:00:00,2.248,2.272,2.216,2.268,12168836.2
2025-10-09 20:00:00,2.269,2.312,2.262,2.297,5260714.3
2025-10-10 00:00:00,2.297,2.364,2.287,2.337,10698863.3
2025-10-10 04:00:00,2.336,2.391,2.323,2.351,13007716.3
2025-10-10 08:00:00,2.351,2.387,2.35,2.38,8525297.1
2025-10-10 12:00:00,2.381,2.448,2.267,2.296,44578608.6
2025-10-10 16:00:00,2.296,2.316,2.186,2.212,29398853.4
2025-10-10 20:00:00,2.212,2.232,1.381,1.668,151760738.8
2025-10-11 00:00:00,1.668,1.755,1.586,1.692,54759699.4
2025-10-11 04:00:00,1.691,1.718,1.669,1.68,19205298.6
2025-10-11 08:00:00,1.679,1.73,1.643,1.667,25971574.1
2025-10-11 12:00:00,1.667,1.674,1.603,1.65,25034024.3
2025-10-11 16:00:00,1.65,1.671,1.556,1.573,23643321.9
2025-10-11 20:00:00,1.572,1.576,1.493,1.563,33904062.5
2025-10-12 00:00:00,1.562,1.566,1.492,1.536,37167944.5
2025-10-12 04:00:00,1.536,1.577,1.535,1.575,17087748.0
2025-10-12 08:00:00,1.575,1.581,1.535,1.556,17635066.6
2025-10-12 12:00:00,1.556,1.654,1.532,1.642,39590208.1
2025-10-12 16:00:00,1.642,1.689,1.641,1.688,22365918.2
2025-10-12 20:00:00,1.689,1.694,1.64,1.657,14578781.7
2025-10-13 00:00:00,1.658,1.673,1.631,1.642,13144605.9
2025-10-13 04:00:00,1.643,1.671,1.623,1.652,11949918.7
2025-10-13 08:00:00,1.652,1.685,1.593,1.629,25276734.3
2025-10-13 12:00:00,1.629,1.678,1.612,1.659,28923459.7
2025-10-13 16:00:00,1.659,1.721,1.645,1.717,18766589.5
2025-10-13 20:00:00,1.718,1.739,1.706,1.728,9880841.7
2025-10-14 00:00:00,1.728,1.738,1.682,1.691,13571497.4
2025-10-14 04:00:00,1.69,1.696,1.554,1.589,34959354.8
2025-10-14 08:00:00,1.588,1.617,1.564,1.605,20943724.8
2025-10-14 12:00:00,1.604,1.657,1.569,1.652,24498845.5
2025-10-14 16:00:00,1.652,1.685,1.639,1.666,23003426.2
2025-10-14 20:00:00,1.666,1.687,1.657,1.674,8167255.1
2025-10-15 00:00:00,1.674,1.686,1.651,1.659,10600149.7
2025-10-15 04:00:00,1.66,1.683,1.651,1.676,7917618.3
2025-10-15 08:00:00,1.676,1.712,1.646,1.659,16365696.2
2025-10-15 12:00:00,1.659,1.669,1.603,1.616,25874250.6
2025-10-15 16:00:00,1.616,1.625,1.596,1.604,13879037.6
2025-10-15 20:00:00,1.605,1.612,1.575,1.602,12848554.8
2025-10-16 00:00:00,1.603,1.616,1.591,1.592,7795249.0
2025-10-16 04:00:00,1.592,1.611,1.579,1.595,10543407.8
2025-10-16 08:00:00,1.595,1.602,1.524,1.598,29626636.7
2025-10-16 12:00:00,1.599,1.611,1.523,1.534,27347785.9
2025-10-16 16:00:00,1.535,1.561,1.482,1.495,43405026.8
2025-10-16 20:00:00,1.495,1.501,1.461,1.491,16070751.2
2025-10-17 00:00:00,1.492,1.514,1.481,1.503,9966126.9
2025-10-17 04:00:00,1.503,1.506,1.396,1.402,32877282.7
2025-10-17 08:00:00,1.402,1.456,1.375,1.442,40574383.0
2025-10-17 12:00:00,1.443,1.463,1.421,1.462,21773185.2
2025-10-17 16:00:00,1.461,1.48,1.448,1.458,15324064.0
2025-10-17 20:00:00,1.458,1.484,1.454,1.464,9241320.9
2025-10-18 00:00:00,1.463,1.504,1.461,1.492,10196005.9
2025-10-18 04:00:00,1.493,1.504,1.469,1.48,10276577.8
2025-10-18 08:00:00,1.48,1.506,1.48,1.499,7450046.5
2025-10-18 12:00:00,1.5,1.511,1.483,1.495,13359558.3
2025-10-18 16:00:00,1.494,1.499,1.475,1.492,6661200.5
2025-10-18 20:00:00,1.493,1.501,1.489,1.493,3606987.8
2025-10-19 00:00:00,1.494,1.513,1.478,1.508,5895275.6
2025-10-19 04:00:00,1.509,1.51,1.479,1.49,5460363.6
2025-10-19 08:00:00,1.491,1.532,1.467,1.514,19280514.9
2025-10-19 12:00:00,1.514,1.547,1.501,1.538,14106655.6
2025-10-19 16:00:00,1.538,1.556,1.528,1.54,9258102.1
2025-10-19 20:00:00,1.539,1.553,1.528,1.532,7027973.8
2025-10-20 00:00:00,1.532,1.572,1.499,1.564,14502792.3
2025-10-20 04:00:00,1.565,1.599,1.56,1.585,10453914.1
2025-10-20 08:00:00,1.584,1.617,1.58,1.616,10798625.0
2025-10-20 12:00:00,1.617,1.628,1.588,1.59,13146159.0
2025-10-20 16:00:00,1.59,1.599,1.56,1.593,12267731.0
2025-10-20 20:00:00,1.594,1.601,1.578,1.579,5753897.6
2025-10-21 00:00:00,1.579,1.583,1.548,1.552,9931845.5
2025-10-21 04:00:00,1.551,1.553,1.515,1.541,16319209.2
2025-10-21 08:00:00,1.541,1.578,1.524,1.558,16967778.1
2025-10-21 12:00:00,1.558,1.641,1.543,1.629,25515302.8
2025-10-21 16:00:00,1.628,1.652,1.611,1.625,23399461.7
2025-10-21 20:00:00,1.625,1.629,1.553,1.56,20640934.7
2025-10-22 00:00:00,1.56,1.575,1.54,1.559,14375913.4
2025-10-22 04:00:00,1.559,1.569,1.525,1.539,15109284.5
2025-10-22 08:00:00,1.54,1.54,1.491,1.523,16923656.3
2025-10-22 12:00:00,1.524,1.559,1.519,1.546,20133595.6
2025-10-22 16:00:00,1.545,1.554,1.509,1.526,15981420.2
2025-10-22 20:00:00,1.526,1.53,1.457,1.518,21507620.8
2025-10-23 00:00:00,1.519,1.534,1.515,1.529,6518986.4
2025-10-23 04:00:00,1.53,1.554,1.524,1.545,6895180.2
2025-10-23 08:00:00,1.546,1.554,1.536,1.545,7332413.4
2025-10-23 12:00:00,1.544,1.569,1.528,1.558,11130941.4
2025-10-23 16:00:00,1.558,1.578,1.552,1.559,9062325.9
2025-10-23 20:00:00,1.56,1.561,1.536,1.555,7296551.3
2025-10-24 00:00:00,1.555,1.562,1.547,1.551,6166781.7
2025-10-24 04:00:00,1.551,1.581,1.546,1.568,8788907.4
2025-10-24 08:00:00,1.568,1.579,1.541,1.559,7902627.8
2025-10-24 12:00:00,1.56,1.596,1.534,1.542,18886547.8
2025-10-24 16:00:00,1.542,1.566,1.53,1.563,8213237.5
2025-10-24 20:00:00,1.563,1.575,1.561,1.569,5626890.1
2025-10-25 00:00:00,1.568,1.578,1.555,1.557,6343669.3
2025-10-25 04:00:00,1.556,1.565,1.546,1.55,6643051.7
2025-10-25 08:00:00,1.55,1.56,1.54,1.552,5715219.2
2025-10-25 12:00:00,1.553,1.568,1.55,1.563,7445768.3
2025-10-25 16:00:00,1.563,1.572,1.557,1.567,5112988.9
2025-10-25 20:00:00,1.568,1.569,1.557,1.559,2933404.5
2025-10-26 00:00:00,1.56,1.566,1.543,1.547,6651370.1
2025-10-26 04:00:00,1.547,1.572,1.545,1.57,3886304.4
2025-10-26 08:00:00,1.571,1.631,1.57,1.627,13216389.9
2025-10-26 12:00:00,1.628,1.646,1.621,1.644,11615249.8
2025-10-26 16:00:00,1.644,1.65,1.628,1.646,7485960.8
2025-10-26 20:00:00,1.645,1.673,1.626,1.652,13753673.5
2025-10-27 00:00:00,1.652,1.676,1.647,1.67,6381555.0
2025-10-27 04:00:00,1.67,1.685,1.652,1.666,8196041.3
2025-10-27 08:00:00,1.666,1.667,1.619,1.637,16105815.6
2025-10-27 12:00:00,1.637,1.638,1.601,1.628,19700545.2
2025-10-27 16:00:00,1.628,1.677,1.628,1.657,15078539.0
2025-10-27 20:00:00,1.658,1.663,1.625,1.639,9494311.7
2025-10-28 00:00:00,1.639,1.642,1.602,1.615,11796323.1
2025-10-28 04:00:00,1.616,1.651,1.612,1.625,11362181.4
2025-10-28 08:00:00,1.625,1.639,1.624,1.624,5890272.2
2025-10-28 12:00:00,1.624,1.647,1.586,1.617,16347115.3
2025-10-28 16:00:00,1.617,1.636,1.583,1.594,11503411.4
2025-10-28 20:00:00,1.593,1.594,1.528,1.556,19810917.4
2025-10-29 00:00:00,1.556,1.57,1.549,1.555,8069334.7
2025-10-29 04:00:00,1.555,1.581,1.554,1.577,5922834.4
2025-10-29 08:00:00,1.578,1.631,1.563,1.624,12651071.9
2025-10-29 12:00:00,1.624,1.643,1.588,1.599,17165933.6
2025-10-29 16:00:00,1.599,1.641,1.538,1.615,33271148.7
2025-10-29 20:00:00,1.615,1.633,1.575,1.582,9399788.7
2025-10-30 00:00:00,1.583,1.609,1.573,1.585,8815118.9
2025-10-30 04:00:00,1.585,1.586,1.515,1.573,25456197.8
2025-10-30 08:00:00,1.574,1.574,1.534,1.535,11562648.9
2025-10-30 12:00:00,1.535,1.537,1.451,1.46,33631699.1
2025-10-30 16:00:00,1.461,1.471,1.396,1.407,27973355.1
2025-10-30 20:00:00,1.407,1.464,1.402,1.462,14385507.8
2025-10-31 00:00:00,1.463,1.488,1.455,1.476,11608822.8
2025-10-31 04:00:00,1.476,1.522,1.475,1.518,11883124.0
2025-10-31 08:00:00,1.517,1.52,1.491,1.515,12869774.2
2025-10-31 12:00:00,1.516,1.528,1.494,1.501,14098579.1
2025-10-31 16:00:00,1.5,1.517,1.461,1.51,18208601.9
2025-10-31 20:00:00,1.51,1.518,1.495,1.515,8351812.5
2025-11-01 00:00:00,1.515,1.543,1.506,1.537,11088629.8
2025-11-01 04:00:00,1.538,1.568,1.527,1.56,8926968.7
2025-11-01 08:00:00,1.56,1.642,1.554,1.634,20907449.1
2025-11-01 12:00:00,1.634,1.715,1.634,1.676,41189584.4
2025-11-01 16:00:00,1.676,1.714,1.663,1.688,18669049.6
2025-11-01 20:00:00,1.688,1.69,1.652,1.67,9437535.9
2025-11-02 00:00:00,1.67,1.696,1.658,1.663,15585684.9
2025-11-02 04:00:00,1.663,1.71,1.662,1.706,13822548.7
2025-11-02 08:00:00,1.706,1.794,1.667,1.676,45322026.3
2025-11-02 12:00:00,1.677,1.689,1.62,1.633,31945880.5
2025-11-02 16:00:00,1.633,1.641,1.61,1.625,11327456.7
2025-11-02 20:00:00,1.624,1.672,1.618,1.666,10438607.6
2025-11-03 00:00:00,1.665,1.667,1.564,1.571,28557564.0
2025-11-03 04:00:00,1.57,1.575,1.493,1.522,30092025.1
2025-11-03 08:00:00,1.522,1.545,1.5,1.53,19379919.9
2025-11-03 12:00:00,1.531,1.564,1.439,1.471,48476292.7
2025-11-03 16:00:00,1.472,1.519,1.424,1.428,35987465.3
2025-11-03 20:00:00,1.429,1.468,1.4,1.44,28764468.7
2025-11-04 00:00:00,1.441,1.52,1.422,1.515,20810351.5
2025-11-04 04:00:00,1.516,1.557,1.435,1.452,49698506.6
2025-11-04 08:00:00,1.451,1.494,1.439,1.469,22604983.6
2025-11-04 12:00:00,1.47,1.489,1.418,1.454,38671433.9
2025-11-04 16:00:00,1.453,1.464,1.324,1.345,62375503.6
2025-11-04 20:00:00,1.345,1.384,1.267,1.366,51158593.1
2025-11-05 00:00:00,1.366,1.406,1.295,1.4,33479330.4
2025-11-05 04:00:00,1.4,1.404,1.367,1.374,14229842.1
2025-11-05 08:00:00,1.373,1.375,1.341,1.371,21532782.5
2025-11-05 12:00:00,1.372,1.382,1.336,1.375,22628380.8
2025-11-05 16:00:00,1.375,1.415,1.354,1.402,28014498.7
2025-11-05 20:00:00,1.402,1.416,1.388,1.397,10178996.7
2025-11-06 00:00:00,1.397,1.397,1.346,1.38,18790033.1
2025-11-06 04:00:00,1.381,1.386,1.321,1.334,19692083.2
2025-11-06 08:00:00,1.334,1.357,1.322,1.347,14560813.1
2025-11-06 12:00:00,1.347,1.419,1.334,1.378,48530697.5
2025-11-06 16:00:00,1.378,1.814,1.36,1.747,150175552.7
2025-11-06 20:00:00,1.748,1.938,1.721,1.891,133952127.1
2025-11-07 00:00:00,1.892,2.254,1.862,2.125,206651191.1
2025-11-07 04:00:00,2.126,2.288,1.988,2.198,129766611.3
2025-11-07 08:00:00,2.198,2.372,2.046,2.088,150251479.0
2025-11-07 12:00:00,2.089,2.508,2.022,2.496,184790800.6
2025-11-07 16:00:00,2.496,3.974,2.449,3.295,406079859.8
2025-11-07 20:00:00,3.294,3.693,3.236,3.374,115472378.3
2025-11-08 00:00:00,3.374,3.493,2.906,3.135,144425811.7
2025-11-08 04:00:00,3.135,3.46,3.042,3.264,115116045.7
2025-11-08 08:00:00,3.265,3.617,3.11,3.278,128929587.5
2025-11-08 12:00:00,3.277,3.521,2.851,2.883,149444340.8
2025-11-08 16:00:00,2.883,2.94,2.737,2.84,101203705.6
2025-11-08 20:00:00,2.84,3.201,2.755,2.956,72251929.6
2025-11-09 00:00:00,2.956,2.998,2.521,2.558,90723008.1
2025-11-09 04:00:00,2.557,2.645,2.493,2.628,56615199.0
2025-11-09 08:00:00,2.628,2.759,2.532,2.752,74393372.4
2025-11-09 12:00:00,2.751,2.867,2.637,2.741,82076254.1
2025-11-09 16:00:00,2.741,2.916,2.651,2.903,51205776.2
2025-11-09 20:00:00,2.902,2.959,2.724,2.781,47843723.7
2025-11-10 00:00:00,2.78,2.923,2.626,2.8,55727943.4
2025-11-10 04:00:00,2.801,2.812,2.608,2.622,43923317.9
2025-11-10 08:00:00,2.623,2.66,2.554,2.619,35402947.5
2025-11-10 12:00:00,2.62,2.629,2.462,2.512,53476312.8
2025-11-10 16:00:00,2.512,2.598,2.462,2.577,36113462.7
2025-11-10 20:00:00,2.577,2.634,2.516,2.554,23748612.4
2025-11-11 00:00:00,2.554,2.681,2.488,2.575,51282688.2
2025-11-11 04:00:00,2.574,2.598,2.324,2.349,55622563.7
2025-11-11 08:00:00,2.349,2.41,2.324,2.39,25413666.7
2025-11-11 12:00:00,2.39,2.435,2.352,2.405,33788979.7
2025-11-11 16:00:00,2.406,2.437,2.27,2.283,34168991.6
2025-11-11 20:00:00,2.284,2.304,2.187,2.227,37690059.9
2025-11-12 00:00:00,2.227,2.279,2.176,2.261,25998551.4
2025-11-12 04:00:00,2.262,2.328,2.248,2.288,20233971.7
2025-11-12 08:00:00,2.287,2.36,2.273,2.302,25144277.8
2025-11-12 12:00:00,2.302,2.323,2.158,2.166,36584242.9
2025-11-12 16:00:00,2.165,2.189,2.081,2.154,43034837.5
2025-11-12 20:00:00,2.154,2.238,2.148,2.196,18883432.8
2025-11-13 00:00:00,2.195,2.235,2.15,2.193,18847513.8
2025-11-13 04:00:00,2.194,2.225,2.157,2.164,15484460.5
2025-11-13 08:00:00,2.163,2.209,2.127,2.148,17235597.6
2025-11-13 12:00:00,2.148,2.192,2.091,2.117,27282918.3
2025-11-13 16:00:00,2.116,2.132,2.002,2.03,36865006.6
2025-11-13 20:00:00,2.031,2.089,1.993,2.067,18740367.4
2025-11-14 00:00:00,2.067,2.137,2.048,2.088,25664951.6
2025-11-14 04:00:00,2.089,2.141,1.998,2.14,29862799.3
2025-11-14 08:00:00,2.141,2.17,2.046,2.061,25571656.9
2025-11-14 12:00:00,2.062,2.093,2.006,2.035,36116799.9
2025-11-14 16:00:00,2.036,2.058,1.957,2.031,30170272.8
2025-11-14 20:00:00,2.031,2.034,1.929,1.996,23022340.7
2025-11-15 00:00:00,1.997,2.062,1.973,2.04,15573325.0
2025-11-15 04:00:00,2.04,2.199,2.035,2.094,34561848.4
2025-11-15 08:00:00,2.094,2.101,2.002,2.043,25167865.5
2025-11-15 12:00:00,2.043,2.17,2.027,2.096,34976340.8
2025-11-15 16:00:00,2.095,2.154,2.05,2.095,18796754.2
2025-11-15 20:00:00,2.094,2.095,2.019,2.033,18749711.9
2025-11-16 00:00:00,2.033,2.071,1.987,2.063,22079119.1
2025-11-16 04:00:00,2.062,2.135,2.028,2.056,23774556.5
2025-11-16 08:00:00,2.056,2.069,1.968,1.979,19507418.4
2025-11-16 12:00:00,1.978,2.004,1.933,1.942,24221449.2
2025-11-16 16:00:00,1.942,1.966,1.871,1.911,29836605.0
2025-11-16 20:00:00,1.911,1.971,1.886,1.959,15216418.2
2025-11-17 00:00:00,1.958,2.0,1.93,1.984,13564834.0
2025-11-17 04:00:00,1.984,2.008,1.962,1.999,10808868.8
2025-11-17 08:00:00,1.998,2.019,1.977,1.994,11610440.1
2025-11-17 12:00:00,1.993,2.025,1.916,1.972,30338144.7
2025-11-17 16:00:00,1.972,2.168,1.934,2.139,66778686.7
2025-11-17 20:00:00,2.139,2.142,1.971,2.019,38743195.7
2025-11-18 00:00:00,2.018,2.205,1.979,2.061,70139780.0
2025-11-18 04:00:00,2.06,2.143,1.971,1.998,45595967.7
2025-11-18 08:00:00,1.999,2.022,1.928,1.94,35758758.7
2025-11-18 12:00:00,1.94,1.975,1.89,1.946,37441683.8
2025-11-18 16:00:00,1.946,2.035,1.933,1.96,31578151.0
2025-11-18 20:00:00,1.961,2.011,1.936,1.985,15170805.3
2025-11-19 00:00:00,1.985,2.023,1.917,1.922,22101071.9
2025-11-19 04:00:00,1.922,1.937,1.783,1.876,45515360.7
2025-11-19 08:00:00,1.876,1.94,1.876,1.909,19430526.1
2025-11-19 12:00:00,1.909,1.927,1.839,1.842,31261971.1
2025-11-19 16:00:00,1.841,1.856,1.758,1.793,27539968.9
2025-11-19 20:00:00,1.793,1.89,1.781,1.88,14814762.4
2025-11-20 00:00:00,1.88,1.905,1.844,1.856,14525681.1
2025-11-20 04:00:00,1.856,1.891,1.853,1.88,10807394.8
2025-11-20 08:00:00,1.88,1.882,1.848,1.87,9202080.6
2025-11-20 12:00:00,1.87,1.9,1.837,1.848,23538791.6
2025-11-20 16:00:00,1.849,1.854,1.753,1.782,33700965.3
2025-11-20 20:00:00,1.783,1.841,1.756,1.82,14960082.9
2025-11-21 00:00:00,1.82,1.867,1.773,1.795,18797155.5
2025-11-21 04:00:00,1.794,1.802,1.533,1.646,44296878.0
2025-11-21 08:00:00,1.646,1.674,1.594,1.601,29883989.3
2025-11-21 12:00:00,1.602,1.69,1.572,1.664,38934645.0
2025-11-21 16:00:00,1.664,1.713,1.637,1.674,27440026.8
2025-11-21 20:00:00,1.675,1.686,1.608,1.658,15369772.4
2025-11-22 00:00:00,1.659,1.668,1.634,1.643,9673877.3
2025-11-22 04:00:00,1.643,1.646,1.604,1.633,11685540.0
2025-11-22 08:00:00,1.632,1.634,1.591,1.621,13755131.2
2025-11-22 12:00:00,1.621,1.632,1.59,1.602,11492156.5
2025-11-22 16:00:00,1.602,1.621,1.574,1.586,15186408.6
2025-11-22 20:00:00,1.586,1.646,1.567,1.613,12282949.0
2025-11-23 00:00:00,1.613,1.669,1.601,1.661,11234076.6
2025-11-23 04:00:00,1.662,1.684,1.648,1.653,10117478.5
2025-11-23 08:00:00,1.654,1.669,1.628,1.642,8531477.9
2025-11-23 12:00:00,1.643,1.665,1.621,1.638,11304326.2
2025-11-23 16:00:00,1.638,1.651,1.612,1.636,9443691.9
2025-11-23 20:00:00,1.636,1.651,1.604,1.61,9029830.6
2025-11-24 00:00:00,1.609,1.654,1.592,1.637,12453382.9
2025-11-24 04:00:00,1.637,1.656,1.609,1.639,14772143.3
2025-11-24 08:00:00,1.638,1.649,1.593,1.611,13777593.2
2025-11-24 12:00:00,1.61,1.653,1.587,1.641,20132572.1
2025-11-24 16:00:00,1.64,1.68,1.634,1.656,15784342.1
2025-11-24 20:00:00,1.657,1.672,1.636,1.641,7700462.0
2025-11-25 00:00:00,1.641,1.654,1.613,1.621,10448257.4
2025-11-25 04:00:00,1.621,1.625,1.598,1.605,9288028.9
2025-11-25 08:00:00,1.605,1.62,1.588,1.595,12448981.8
2025-11-25 12:00:00,1.595,1.613,1.565,1.598,19679259.1
2025-11-25 16:00:00,1.598,1.738,1.597,1.651,40714733.5
2025-11-25 20:00:00,1.651,1.672,1.617,1.67,14603559.3
2025-11-26 00:00:00,1.67,1.683,1.632,1.637,11607613.1
2025-11-26 04:00:00,1.637,1.652,1.625,1.649,8281571.0
2025-11-26 08:00:00,1.649,1.65,1.601,1.611,13587267.9
2025-11-26 12:00:00,1.611,1.671,1.596,1.633,20205350.4
2025-11-26 16:00:00,1.634,1.702,1.633,1.684,19599691.2
2025-11-26 20:00:00,1.683,1.693,1.666,1.674,8667189.4
2025-11-27 00:00:00,1.674,1.7,1.661,1.667,10063759.0
2025-11-27 04:00:00,1.666,1.683,1.647,1.651,7951162.6
2025-11-27 08:00:00,1.65,1.661,1.637,1.647,10055801.0
2025-11-27 12:00:00,1.647,1.668,1.631,1.666,10201574.2
2025-11-27 16:00:00,1.667,1.674,1.647,1.65,7752615.5
2025-11-27 20:00:00,1.65,1.661,1.609,1.615,9883149.6
2025-11-28 00:00:00,1.616,1.623,1.581,1.612,13123064.6
2025-11-28 04:00:00,1.612,1.619,1.597,1.606,10356904.5
2025-11-28 08:00:00,1.606,1.644,1.604,1.618,13729258.8
2025-11-28 12:00:00,1.618,1.653,1.614,1.647,12129210.2
2025-11-28 16:00:00,1.648,1.674,1.588,1.63,21082419.8
2025-11-28 20:00:00,1.63,1.637,1.607,1.616,5708687.4
2025-11-29 00:00:00,1.616,1.636,1.609,1.619,6742698.0
2025-11-29 04:00:00,1.619,1.626,1.597,1.602,6605509.6
2025-11-29 08:00:00,1.601,1.636,1.59,1.62,11049166.7
2025-11-29 12:00:00,1.619,1.62,1.594,1.605,8306208.5
2025-11-29 16:00:00,1.605,1.608,1.572,1.588,12322548.5
2025-11-29 20:00:00,1.588,1.61,1.578,1.603,5813036.3
2025-11-30 00:00:00,1.603,1.628,1.593,1.615,8038618.8
2025-11-30 04:00:00,1.616,1.63,1.604,1.629,6395893.5
2025-11-30 08:00:00,1.63,1.642,1.606,1.613,15554029.0
2025-11-30 12:00:00,1.614,1.629,1.594,1.603,10765407.9
2025-11-30 16:00:00,1.604,1.613,1.595,1.602,7916200.1
2025-11-30 20:00:00,1.603,1.613,1.556,1.569,10541917.9
2025-12-01 00:00:00,1.568,1.573,1.455,1.461,53786864.6
2025-12-01 04:00:00,1.461,1.476,1.441,1.457,14135673.0
2025-12-01 08:00:00,1.457,1.47,1.448,1.462,9282232.2
2025-12-01 12:00:00,1.462,1.476,1.427,1.461,25115505.1
2025-12-01 16:00:00,1.461,1.465,1.443,1.462,10543916.6
2025-12-01 20:00:00,1.463,1.5,1.463,1.48,9065067.6
2025-12-02 00:00:00,1.48,1.5,1.465,1.476,9252388.8
2025-12-02 04:00:00,1.477,1.481,1.467,1.468,6641684.6
2025-12-02 08:00:00,1.469,1.484,1.452,1.481,8842648.4
2025-12-02 12:00:00,1.48,1.576,1.459,1.566,25223468.0
2025-12-02 16:00:00,1.565,1.569,1.531,1.536,15366986.7
2025-12-02 20:00:00,1.536,1.548,1.522,1.531,8246091.7
2025-12-03 00:00:00,1.53,1.563,1.523,1.547,8467993.1
2025-12-03 04:00:00,1.546,1.591,1.546,1.569,12617791.0
2025-12-03 08:00:00,1.569,1.577,1.553,1.57,7804122.0
2025-12-03 12:00:00,1.571,1.595,1.53,1.575,18375315.9
2025-12-03 16:00:00,1.575,1.593,1.555,1.587,12660470.8
2025-12-03 20:00:00,1.587,1.621,1.579,1.596,9056185.0
2025-12-04 00:00:00,1.595,1.613,1.589,1.593,7174878.5
2025-12-04 04:00:00,1.592,1.607,1.585,1.603,5888175.7
2025-12-04 08:00:00,1.603,1.614,1.589,1.598,7245726.5
2025-12-04 12:00:00,1.598,1.604,1.564,1.594,12258193.0
2025-12-04 16:00:00,1.594,1.594,1.513,1.544,20036962.1
2025-12-04 20:00:00,1.543,1.557,1.534,1.543,6038427.7
2025-12-05 00:00:00,1.544,1.576,1.542,1.549,8086006.9
2025-12-05 04:00:00,1.549,1.562,1.534,1.561,6613737.6
2025-12-05 08:00:00,1.56,1.561,1.514,1.526,10433169.0
2025-12-05 12:00:00,1.526,1.541,1.501,1.509,15128759.2
2025-12-05 16:00:00,1.508,1.509,1.438,1.46,27585321.0
2025-12-05 20:00:00,1.46,1.49,1.453,1.484,6952241.1
2025-12-06 00:00:00,1.485,1.491,1.472,1.486,4026946.2
2025-12-06 04:00:00,1.485,1.486,1.467,1.478,4385473.1
2025-12-06 08:00:00,1.479,1.483,1.466,1.479,4666708.5
2025-12-06 12:00:00,1.48,1.497,1.471,1.477,6898534.5
2025-12-06 16:00:00,1.476,1.498,1.471,1.479,6923755.3
2025-12-06 20:00:00,1.478,1.493,1.476,1.49,4572977.4
2025-12-07 00:00:00,1.49,1.507,1.487,1.498,4562131.3
2025-12-07 04:00:00,1.498,1.503,1.486,1.49,3876055.7
2025-12-07 08:00:00,1.49,1.491,1.468,1.472,7034076.5
2025-12-07 12:00:00,1.472,1.484,1.41,1.455,24184461.2
2025-12-07 16:00:00,1.456,1.501,1.441,1.494,15219598.7
2025-12-07 20:00:00,1.494,1.496,1.419,1.453,16289500.7
2025-12-08 00:00:00,1.453,1.487,1.447,1.481,9049915.2
2025-12-08 04:00:00,1.48,1.521,1.48,1.513,9901593.1
2025-12-08 08:00:00,1.513,1.529,1.496,1.503,7914777.6
2025-12-08 12:00:00,1.503,1.522,1.487,1.498,12964643.1
2025-12-08 16:00:00,1.498,1.521,1.489,1.499,10344050.6
2025-12-08 20:00:00,1.499,1.517,1.496,1.503,5182281.2
2025-12-09 00:00:00,1.502,1.513,1.474,1.495,8477602.2
2025-12-09 04:00:00,1.495,1.495,1.471,1.489,6447995.0
2025-12-09 08:00:00,1.489,1.49,1.465,1.467,6901802.5
2025-12-09 12:00:00,1.467,1.529,1.464,1.528,15047234.8
2025-12-09 16:00:00,1.528,1.595,1.528,1.557,25907431.9
2025-12-09 20:00:00,1.558,1.564,1.524,1.544,12372017.7
2025-12-10 00:00:00,1.543,1.547,1.514,1.516,8371173.1
2025-12-10 04:00:00,1.516,1.525,1.486,1.496,9830154.9
2025-12-10 08:00:00,1.497,1.505,1.474,1.485,12579999.8
2025-12-10 12:00:00,1.485,1.495,1.475,1.487,10509228.2
2025-12-10 16:00:00,1.488,1.527,1.478,1.519,23403817.2
2025-12-10 20:00:00,1.519,1.553,1.456,1.465,25130490.6
2025-12-11 00:00:00,1.466,1.468,1.367,1.379,36012215.3
2025-12-11 04:00:00,1.38,1.405,1.371,1.387,11054901.8
2025-12-11 08:00:00,1.387,1.391,1.368,1.384,11942400.9
2025-12-11 12:00:00,1.385,1.4,1.359,1.372,17163412.5
2025-12-11 16:00:00,1.372,1.377,1.348,1.356,19344718.5
2025-12-11 20:00:00,1.356,1.394,1.35,1.378,19792070.3
2025-12-12 00:00:00,1.378,1.397,1.362,1.386,11680115.7
2025-12-12 04:00:00,1.386,1.405,1.383,1.385,9472297.8
2025-12-12 08:00:00,1.386,1.414,1.383,1.391,13875964.4
2025-12-12 12:00:00,1.392,1.396,1.314,1.327,38355533.8
2025-12-12 16:00:00,1.326,1.333,1.298,1.315,26407301.0
2025-12-12 20:00:00,1.316,1.344,1.31,1.344,8213681.8
2025-12-13 00:00:00,1.344,1.351,1.328,1.346,9742908.3
2025-12-13 04:00:00,1.346,1.35,1.336,1.342,5953240.8
2025-12-13 08:00:00,1.341,1.351,1.337,1.34,6639652.2
2025-12-13 12:00:00,1.339,1.351,1.332,1.35,8442490.9
2025-12-13 16:00:00,1.35,1.352,1.338,1.346,6148749.8
2025-12-13 20:00:00,1.347,1.351,1.333,1.349,4743396.1
2025-12-14 00:00:00,1.349,1.358,1.344,1.35,4997813.0
2025-12-14 04:00:00,1.351,1.354,1.326,1.335,7948768.4
2025-12-14 08:00:00,1.335,1.341,1.307,1.32,11035172.3
2025-12-14 12:00:00,1.321,1.327,1.294,1.303,14376774.8
2025-12-14 16:00:00,1.302,1.314,1.295,1.304,11345398.5
2025-12-14 20:00:00,1.304,1.316,1.294,1.314,10303275.8
2025-12-15 00:00:00,1.313,1.348,1.311,1.333,13252215.3
2025-12-15 04:00:00,1.333,1.343,1.324,1.333,6894247.9
2025-12-15 08:00:00,1.332,1.337,1.325,1.33,7560054.6
2025-12-15 12:00:00,1.33,1.336,1.246,1.257,41501715.8
2025-12-15 16:00:00,1.257,1.261,1.222,1.242,27557191.3
2025-12-15 20:00:00,1.243,1.265,1.229,1.263,11690005.2
2025-12-16 00:00:00,1.264,1.265,1.245,1.258,10874842.5
2025-12-16 04:00:00,1.259,1.262,1.236,1.252,10586572.3
2025-12-16 08:00:00,1.251,1.287,1.25,1.278,11113226.0
2025-12-16 12:00:00,1.278,1.286,1.243,1.281,19683610.5
2025-12-16 16:00:00,1.281,1.291,1.263,1.281,10828687.1
2025-12-16 20:00:00,1.28,1.292,1.278,1.287,8046603.8
2025-12-17 00:00:00,1.287,1.32,1.28,1.315,16060631.6
2025-12-17 04:00:00,1.315,1.319,1.295,1.298,13987954.5
2025-12-17 08:00:00,1.297,1.303,1.265,1.281,14723452.9
2025-12-17 12:00:00,1.282,1.319,1.259,1.275,25985279.3
2025-12-17 16:00:00,1.275,1.285,1.208,1.221,31148453.0
2025-12-17 20:00:00,1.221,1.243,1.206,1.224,13773456.1
2025-12-18 00:00:00,1.224,1.231,1.196,1.204,13241905.7
2025-12-18 04:00:00,1.203,1.216,1.183,1.215,17388026.5
2025-12-18 08:00:00,1.215,1.226,1.208,1.224,8668591.8
2025-12-18 12:00:00,1.225,1.266,1.219,1.26,22012375.7
2025-12-18 16:00:00,1.26,1.266,1.159,1.165,35137963.1
2025-12-18 20:00:00,1.164,1.203,1.162,1.186,14064759.2
2025-12-19 00:00:00,1.187,1.243,1.177,1.231,16302935.0
2025-12-19 04:00:00,1.232,1.261,1.229,1.247,11217080.3
2025-12-19 08:00:00,1.248,1.256,1.24,1.251,6661484.5
2025-12-19 12:00:00,1.252,1.282,1.244,1.269,16389646.2
2025-12-19 16:00:00,1.268,1.34,1.263,1.32,22150604.3
2025-12-19 20:00:00,1.321,1.357,1.302,1.308,20675053.2
2025-12-20 00:00:00,1.308,1.308,1.292,1.301,6750901.6
2025-12-20 04:00:00,1.301,1.307,1.292,1.306,5276060.9
2025-12-20 08:00:00,1.307,1.316,1.303,1.315,5993589.4
2025-12-20 12:00:00,1.316,1.323,1.301,1.315,7612573.6
2025-12-20 16:00:00,1.314,1.318,1.308,1.313,4721396.0
2025-12-20 20:00:00,1.313,1.388,1.31,1.372,18861225.8
2025-12-21 00:00:00,1.373,1.377,1.316,1.333,22263231.1
2025-12-21 04:00:00,1.333,1.34,1.321,1.33,7422302.6
2025-12-21 08:00:00,1.33,1.337,1.305,1.306,11251098.6
2025-12-21 12:00:00,1.306,1.312,1.256,1.271,22042919.4
2025-12-21 16:00:00,1.271,1.282,1.255,1.264,10457957.3
2025-12-21 20:00:00,1.264,1.29,1.257,1.277,9294325.8
2025-12-22 00:00:00,1.277,1.3,1.269,1.286,14805084.2
2025-12-22 04:00:00,1.286,1.31,1.283,1.306,8030096.4
2025-12-22 08:00:00,1.307,1.325,1.305,1.316,9578222.4
2025-12-22 12:00:00,1.316,1.331,1.307,1.318,14466462.1
2025-12-22 16:00:00,1.319,1.328,1.296,1.304,12061309.7
2025-12-22 20:00:00,1.304,1.312,1.275,1.298,13977925.6
2025-12-23 00:00:00,1.298,1.307,1.275,1.286,8849647.5
2025-12-23 04:00:00,1.287,1.289,1.268,1.271,9081667.1
2025-12-23 08:00:00,1.27,1.287,1.269,1.281,5502704.2
2025-12-23 12:00:00,1.281,1.305,1.273,1.302,18791329.0
2025-12-23 16:00:00,1.303,1.346,1.3,1.322,24807883.7
2025-12-23 20:00:00,1.323,1.353,1.306,1.31,12632331.3
2025-12-24 00:00:00,1.31,1.317,1.275,1.29,13749861.5
2025-12-24 04:00:00,1.29,1.299,1.264,1.272,9552028.2
2025-12-24 08:00:00,1.273,1.282,1.262,1.277,8663969.2
2025-12-24 12:00:00,1.278,1.286,1.262,1.277,13837466.9
2025-12-24 16:00:00,1.277,1.285,1.264,1.276,11117776.3
2025-12-24 20:00:00,1.277,1.279,1.267,1.27,5670876.1
2025-12-25 00:00:00,1.271,1.289,1.266,1.282,6618844.5
2025-12-25 04:00:00,1.281,1.287,1.273,1.286,5601071.2
2025-12-25 08:00:00,1.286,1.297,1.253,1.26,15626331.6
2025-12-25 12:00:00,1.26,1.286,1.257,1.281,9559396.4
2025-12-25 16:00:00,1.282,1.296,1.261,1.276,11939748.1
2025-12-25 20:00:00,1.275,1.278,1.197,1.212,19507330.9
2025-12-26 00:00:00,1.212,1.255,1.205,1.246,15751184.4
2025-12-26 04:00:00,1.246,1.252,1.233,1.233,8779156.1
2025-12-26 08:00:00,1.234,1.258,1.229,1.244,10055515.5
2025-12-26 12:00:00,1.243,1.247,1.21,1.225,16232212.5
2025-12-26 16:00:00,1.225,1.242,1.214,1.239,8024705.9
2025-12-26 20:00:00,1.239,1.243,1.224,1.226,5271472.3
2025-12-27 00:00:00,1.226,1.268,1.225,1.25,12103464.3
2025-12-27 04:00:00,1.251,1.258,1.234,1.242,7029667.1
2025-12-27 08:00:00,1.242,1.255,1.22,1.241,14033218.5
2025-12-27 12:00:00,1.241,1.263,1.236,1.254,9001504.1
2025-12-27 16:00:00,1.254,1.258,1.242,1.247,6208047.1
2025-12-27 20:00:00,1.246,1.331,1.246,1.316,27736558.1
2025-12-28 00:00:00,1.315,1.328,1.297,1.321,15049833.4
2025-12-28 04:00:00,1.322,1.378,1.313,1.366,21761855.1
2025-12-28 08:00:00,1.365,1.376,1.334,1.349,21888731.7
2025-12-28 12:00:00,1.349,1.37,1.333,1.351,16941241.6
2025-12-28 16:00:00,1.35,1.359,1.313,1.318,18110511.6
2025-12-28 20:00:00,1.318,1.338,1.302,1.333,15113521.1
2025-12-29 00:00:00,1.334,1.354,1.323,1.352,19310201.1
2025-12-29 04:00:00,1.351,1.363,1.331,1.348,13717750.9
2025-12-29 08:00:00,1.348,1.374,1.318,1.364,21633450.2
2025-12-29 12:00:00,1.364,1.376,1.321,1.337,31581173.5
2025-12-29 16:00:00,1.337,1.365,1.334,1.341,13345212.2
2025-12-29 20:00:00,1.34,1.357,1.309,1.317,11547782.8
2025-12-30 00:00:00,1.317,1.322,1.284,1.311,20363827.5
2025-12-30 04:00:00,1.311,1.317,1.294,1.309,10225128.3
2025-12-30 08:00:00,1.308,1.337,1.307,1.334,11024901.2
2025-12-30 12:00:00,1.335,1.341,1.312,1.324,14132772.4
2025-12-30 16:00:00,1.325,1.338,1.313,1.336,11240299.2
2025-12-30 20:00:00,1.335,1.336,1.307,1.321,6267524.8
2025-12-31 00:00:00,1.321,1.353,1.313,1.327,14959910.1
2025-12-31 04:00:00,1.327,1.334,1.316,1.332,7518711.7
2025-12-31 08:00:00,1.333,1.343,1.316,1.332,9247853.1
2025-12-31 12:00:00,1.332,1.336,1.306,1.314,15824372.2
2025-12-31 16:00:00,1.314,1.316,1.257,1.28,24094430.7
2025-12-31 20:00:00,1.279,1.311,1.27,1.297,13706370.5
2026-01-01 00:00:00,1.297,1.311,1.283,1.285,9995026.4
2026-01-01 04:00:00,1.284,1.302,1.276,1.297,7928669.7
2026-01-01 08:00:00,1.297,1.32,1.292,1.317,7236849.5
2026-01-01 12:00:00,1.318,1.522,1.312,1.503,102545789.4
2026-01-01 16:00:00,1.503,1.552,1.486,1.517,76442551.1
2026-01-01 20:00:00,1.517,1.529,1.474,1.484,24258434.1
2026-01-02 00:00:00,1.484,1.505,1.45,1.489,33099241.1
2026-01-02 04:00:00,1.488,1.491,1.435,1.449,24340826.0
2026-01-02 08:00:00,1.449,1.466,1.416,1.427,31606901.4
2026-01-02 12:00:00,1.427,1.452,1.42,1.433,32806979.1
2026-01-02 16:00:00,1.433,1.469,1.431,1.468,29424970.7
2026-01-02 20:00:00,1.467,1.506,1.459,1.504,24782607.0
2026-01-03 00:00:00,1.504,1.576,1.486,1.54,34607124.8
2026-01-03 04:00:00,1.541,1.544,1.45,1.468,30249862.7
2026-01-03 08:00:00,1.467,1.479,1.459,1.462,14475718.4
2026-01-03 12:00:00,1.462,1.479,1.454,1.465,14135271.8
2026-01-03 16:00:00,1.464,1.478,1.461,1.476,8900747.5
2026-01-03 20:00:00,1.476,1.501,1.469,1.492,13131820.9
2026-01-04 00:00:00,1.492,1.509,1.476,1.493,22944231.1
2026-01-04 04:00:00,1.492,1.498,1.461,1.481,14282503.1
2026-01-04 08:00:00,1.481,1.524,1.472,1.5,28279480.8
2026-01-04 12:00:00,1.5,1.515,1.488,1.5,16764238.3
2026-01-04 16:00:00,1.501,1.513,1.474,1.49,18618117.0
2026-01-04 20:00:00,1.489,1.502,1.475,1.492,11528748.9
2026-01-05 00:00:00,1.492,1.539,1.488,1.517,25633826.3
2026-01-05 04:00:00,1.518,1.528,1.466,1.489,22661699.9
2026-01-05 08:00:00,1.489,1.493,1.458,1.48,18289313.4
2026-01-05 12:00:00,1.481,1.657,1.481,1.651,68659107.9
2026-01-05 16:00:00,1.65,1.688,1.568,1.581,57907737.1
2026-01-05 20:00:00,1.582,1.608,1.561,1.567,19042830.5
2026-01-06 00:00:00,1.568,1.6,1.545,1.59,23930355.0
2026-01-06 04:00:00,1.591,1.595,1.554,1.56,15793830.6
2026-01-06 08:00:00,1.561,1.58,1.555,1.578,12678993.5
2026-01-06 12:00:00,1.578,1.611,1.573,1.59,27590201.6
2026-01-06 16:00:00,1.591,1.602,1.517,1.535,28943622.9
2026-01-06 20:00:00,1.534,1.604,1.534,1.591,15980507.1
2026-01-07 00:00:00,1.592,1.605,1.552,1.567,20283106.3
2026-01-07 04:00:00,1.567,1.593,1.547,1.589,11044093.9
2026-01-07 08:00:00,1.589,1.599,1.55,1.565,15849778.3
2026-01-07 12:00:00,1.565,1.571,1.493,1.507,41169144.2
2026-01-07 16:00:00,1.507,1.544,1.505,1.53,18728861.8
2026-01-07 20:00:00,1.529,1.531,1.501,1.518,12364570.9
2026-01-08 00:00:00,1.518,1.527,1.491,1.498,15380145.4
2026-01-08 04:00:00,1.497,1.529,1.466,1.497,21359407.0
2026-01-08 08:00:00,1.496,1.501,1.451,1.473,21632982.7
2026-01-08 12:00:00,1.474,1.496,1.45,1.494,20301533.7
2026-01-08 16:00:00,1.495,1.504,1.475,1.481,14508429.6
2026-01-08 20:00:00,1.481,1.513,1.471,1.495,10788656.9
2026-01-09 00:00:00,1.496,1.522,1.494,1.516,12044318.6
2026-01-09 04:00:00,1.515,1.529,1.506,1.509,9473125.8
2026-01-09 08:00:00,1.509,1.512,1.471,1.486,16924909.5
2026-01-09 12:00:00,1.487,1.526,1.472,1.514,17487446.5
2026-01-09 16:00:00,1.514,1.533,1.475,1.48,13925946.3
2026-01-09 20:00:00,1.479,1.495,1.476,1.488,7867547.5
2026-01-10 00:00:00,1.488,1.489,1.463,1.473,8195894.1
2026-01-10 04:00:00,1.473,1.483,1.457,1.48,6707112.7
2026-01-10 08:00:00,1.48,1.498,1.478,1.497,5786161.7
2026-01-10 12:00:00,1.498,1.509,1.487,1.491,6667868.8
2026-01-10 16:00:00,1.49,1.509,1.477,1.506,8735674.3
2026-01-10 20:00:00,1.507,1.508,1.473,1.48,8022205.3
2026-01-11 00:00:00,1.481,1.496,1.476,1.486,4854339.4
2026-01-11 04:00:00,1.486,1.489,1.474,1.482,4784807.0
2026-01-11 08:00:00,1.482,1.507,1.479,1.506,7229273.0
2026-01-11 12:00:00,1.506,1.508,1.468,1.477,11020627.6
2026-01-11 16:00:00,1.477,1.515,1.476,1.489,12354714.2
2026-01-11 20:00:00,1.489,1.49,1.427,1.455,21033346.2
2026-01-12 00:00:00,1.455,1.51,1.441,1.489,18170363.1
2026-01-12 04:00:00,1.488,1.508,1.466,1.469,12301845.6
2026-01-12 08:00:00,1.468,1.478,1.447,1.462,10523794.4
2026-01-12 12:00:00,1.463,1.495,1.432,1.487,17224201.4
2026-01-12 16:00:00,1.487,1.498,1.434,1.468,18794647.0
2026-01-12 20:00:00,1.469,1.484,1.443,1.46,8609151.0
2026-01-13 00:00:00,1.459,1.476,1.455,1.469,7961016.0
2026-01-13 04:00:00,1.469,1.495,1.468,1.485,10225483.2
2026-01-13 08:00:00,1.485,1.5,1.476,1.491,11899346.2
2026-01-13 12:00:00,1.492,1.577,1.484,1.565,45460570.6
2026-01-13 16:00:00,1.565,1.599,1.521,1.54,30804567.7
2026-01-13 20:00:00,1.541,1.598,1.523,1.576,18056902.4
2026-01-14 00:00:00,1.576,1.59,1.563,1.583,10377298.3
2026-01-14 04:00:00,1.583,1.586,1.557,1.565,13237186.7
2026-01-14 08:00:00,1.566,1.597,1.555,1.574,17563389.9
2026-01-14 12:00:00,1.574,1.639,1.567,1.619,29636465.2
2026-01-14 16:00:00,1.62,1.648,1.552,1.571,32470646.6
2026-01-14 20:00:00,1.571,1.608,1.566,1.589,15602869.7
2026-01-15 00:00:00,1.59,1.682,1.539,1.549,51829613.7
2026-01-15 04:00:00,1.549,1.599,1.545,1.583,20122428.7
2026-01-15 08:00:00,1.583,1.584,1.55,1.564,14809741.1
2026-01-15 12:00:00,1.564,1.588,1.502,1.528,25367472.1
2026-01-15 16:00:00,1.529,1.531,1.455,1.478,27138996.0
2026-01-15 20:00:00,1.478,1.508,1.474,1.502,10815409.4
2026-01-16 00:00:00,1.502,1.567,1.495,1.536,19700981.1
2026-01-16 04:00:00,1.535,1.545,1.505,1.515,12927567.7
2026-01-16 08:00:00,1.515,1.537,1.511,1.533,13320522.0
2026-01-16 12:00:00,1.533,1.535,1.473,1.481,15951909.8
2026-01-16 16:00:00,1.481,1.508,1.478,1.493,10713023.2
2026-01-16 20:00:00,1.493,1.522,1.486,1.519,9279288.5
2026-01-17 00:00:00,1.519,1.526,1.499,1.507,9108584.5
2026-01-17 04:00:00,1.507,1.535,1.499,1.53,8311626.2
2026-01-17 08:00:00,1.53,1.57,1.526,1.536,19887587.5
2026-01-17 12:00:00,1.536,1.596,1.533,1.578,21121357.7
2026-01-17 16:00:00,1.579,1.581,1.553,1.563,12355433.7
2026-01-17 20:00:00,1.563,1.569,1.541,1.549,9921651.4
2026-01-18 00:00:00,1.55,1.571,1.524,1.531,13578132.2
2026-01-18 04:00:00,1.532,1.537,1.516,1.528,7304170.2
2026-01-18 08:00:00,1.528,1.54,1.519,1.534,6383247.7
2026-01-18 12:00:00,1.534,1.558,1.506,1.536,19421215.3
2026-01-18 16:00:00,1.536,1.559,1.519,1.538,17975446.1
2026-01-18 20:00:00,1.538,1.557,1.443,1.448,21051219.3
2026-01-19 00:00:00,1.448,1.448,1.255,1.377,57745285.7
2026-01-19 04:00:00,1.377,1.397,1.367,1.39,12285614.2
2026-01-19 08:00:00,1.391,1.402,1.365,1.369,13367073.2
2026-01-19 12:00:00,1.369,1.382,1.358,1.367,13692851.9
2026-01-19 16:00:00,1.367,1.405,1.364,1.391,10579611.6
2026-01-19 20:00:00,1.391,1.397,1.365,1.382,11273829.8
2026-01-20 00:00:00,1.383,1.388,1.363,1.373,13325515.1
2026-01-20 04:00:00,1.373,1.385,1.343,1.35,17591118.7
2026-01-20 08:00:00,1.349,1.355,1.332,1.338,14578672.8
2026-01-20 12:00:00,1.337,1.355,1.322,1.336,23162023.1
2026-01-20 16:00:00,1.335,1.342,1.298,1.307,22123631.7
2026-01-20 20:00:00,1.306,1.316,1.286,1.31,12079153.8
2026-01-21 00:00:00,1.311,1.361,1.309,1.348,15314656.1
2026-01-21 04:00:00,1.348,1.359,1.342,1.351,7615792.7
2026-01-21 08:00:00,1.351,1.358,1.332,1.335,8802285.5
2026-01-21 12:00:00,1.335,1.357,1.317,1.351,18315761.8
2026-01-21 16:00:00,1.351,1.368,1.297,1.368,26447196.0
2026-01-21 20:00:00,1.368,1.376,1.342,1.348,10491557.0
2026-01-22 00:00:00,1.348,1.36,1.343,1.349,7848625.9
2026-01-22 04:00:00,1.35,1.358,1.337,1.343,6441462.1
2026-01-22 08:00:00,1.343,1.356,1.334,1.341,9187330.8
2026-01-22 12:00:00,1.341,1.351,1.309,1.323,13755125.3
2026-01-22 16:00:00,1.323,1.333,1.305,1.316,11123553.5
2026-01-22 20:00:00,1.316,1.319,1.303,1.318,7045810.6
2026-01-23 00:00:00,1.317,1.344,1.314,1.336,8130149.7
2026-01-23 04:00:00,1.336,1.368,1.334,1.343,12140435.3
2026-01-23 08:00:00,1.344,1.346,1.309,1.317,15422082.3
2026-01-23 12:00:00,1.317,1.33,1.294,1.327,17990567.6
2026-01-23 16:00:00,1.327,1.351,1.303,1.311,17749448.8
2026-01-23 20:00:00,1.311,1.318,1.296,1.311,8605554.2
2026-01-24 00:00:00,1.311,1.324,1.302,1.318,7267189.8
2026-01-24 04:00:00,1.319,1.322,1.31,1.313,4636487.8
2026-01-24 08:00:00,1.313,1.321,1.309,1.319,4052275.1
2026-01-24 12:00:00,1.319,1.321,1.301,1.305,8023122.5
2026-01-24 16:00:00,1.304,1.306,1.295,1.298,7360872.6
2026-01-24 20:00:00,1.298,1.321,1.297,1.314,5378614.9
2026-01-25 00:00:00,1.314,1.329,1.298,1.304,10019235.0
2026-01-25 04:00:00,1.303,1.311,1.298,1.306,6870503.8
2026-01-25 08:00:00,1.306,1.308,1.287,1.295,8731804.2
2026-01-25 12:00:00,1.295,1.295,1.272,1.281,13152590.8
2026-01-25 16:00:00,1.282,1.282,1.209,1.222,34173838.1
2026-01-25 20:00:00,1.223,1.253,1.215,1.251,14172992.7
2026-01-26 00:00:00,1.251,1.276,1.244,1.262,11146300.2
2026-01-26 04:00:00,1.262,1.281,1.26,1.273,6770268.3
2026-01-26 08:00:00,1.272,1.284,1.252,1.258,7676465.5
2026-01-26 12:00:00,1.258,1.29,1.254,1.273,15725187.8
2026-01-26 16:00:00,1.273,1.284,1.258,1.268,12058236.0
2026-01-26 20:00:00,1.267,1.278,1.256,1.267,7084114.1
2026-01-27 00:00:00,1.267,1.285,1.266,1.272,8773934.8
2026-01-27 04:00:00,1.273,1.282,1.265,1.271,6572602.3
2026-01-27 08:00:00,1.271,1.277,1.257,1.259,8068406.3
2026-01-27 12:00:00,1.258,1.266,1.244,1.263,13989902.4
2026-01-27 16:00:00,1.263,1.293,1.248,1.27,21004161.9
2026-01-27 20:00:00,1.269,1.289,1.268,1.271,11283345.1
2026-01-28 00:00:00,1.272,1.275,1.262,1.267,7338910.0
2026-01-28 04:00:00,1.266,1.281,1.26,1.275,7574704.1
2026-01-28 08:00:00,1.275,1.288,1.264,1.286,7311483.3
2026-01-28 12:00:00,1.287,1.288,1.256,1.261,12017445.4
2026-01-28 16:00:00,1.261,1.278,1.253,1.274,12054130.6
2026-01-28 20:00:00,1.273,1.29,1.257,1.28,11147020.1
2026-01-29 00:00:00,1.28,1.284,1.234,1.241,18031522.1
2026-01-29 04:00:00,1.242,1.251,1.227,1.242,8781386.5
2026-01-29 08:00:00,1.242,1.245,1.223,1.226,8975434.5
2026-01-29 12:00:00,1.226,1.233,1.172,1.199,40068087.6
2026-01-29 16:00:00,1.198,1.22,1.155,1.177,30203922.7
2026-01-29 20:00:00,1.177,1.194,1.173,1.193,9835778.6
2026-01-30 00:00:00,1.193,1.197,1.127,1.153,26529510.6
2026-01-30 04:00:00,1.153,1.171,1.138,1.165,13413305.0
2026-01-30 08:00:00,1.165,1.183,1.156,1.178,10349023.2
2026-01-30 12:00:00,1.179,1.181,1.153,1.177,23019038.5
2026-01-30 16:00:00,1.177,1.199,1.146,1.185,26724286.9
2026-01-30 20:00:00,1.185,1.186,1.162,1.174,17171394.9
2026-01-31 00:00:00,1.174,1.177,1.162,1.166,6583603.7
2026-01-31 04:00:00,1.166,1.172,1.152,1.162,8977428.3
2026-01-31 08:00:00,1.163,1.164,1.134,1.139,20304939.9
2026-01-31 12:00:00,1.139,1.141,1.057,1.076,50313668.0
2026-01-31 16:00:00,1.076,1.091,0.943,1.013,91252986.1
2026-01-31 20:00:00,1.013,1.059,0.996,1.052,24233474.1
2026-02-01 00:00:00,1.052,1.061,1.043,1.054,13620962.0
2026-02-01 04:00:00,1.055,1.068,1.051,1.062,13355677.0
2026-02-01 08:00:00,1.063,1.076,1.053,1.067,13844620.4
2026-02-01 12:00:00,1.066,1.073,1.021,1.038,24455229.7
2026-02-01 16:00:00,1.039,1.065,1.027,1.044,19710762.0
2026-02-01 20:00:00,1.043,1.058,1.01,1.034,24736889.6
2026-02-02 00:00:00,1.035,1.066,1.005,1.043,30399867.6
2026-02-02 04:00:00,1.043,1.055,1.003,1.03,26456443.8
2026-02-02 08:00:00,1.03,1.055,1.025,1.048,15282925.6
2026-02-02 12:00:00,1.048,1.091,1.048,1.084,23883565.4
2026-02-02 16:00:00,1.084,1.093,1.071,1.079,13415401.2
2026-02-02 20:00:00,1.078,1.087,1.073,1.081,7541041.9
2026-02-03 00:00:00,1.082,1.086,1.056,1.081,15942020.4
2026-02-03 04:00:00,1.08,1.094,1.074,1.088,12518877.7
2026-02-03 08:00:00,1.089,1.09,1.068,1.078,12670511.1
2026-02-03 12:00:00,1.078,1.094,1.066,1.092,22421613.8
2026-02-03 16:00:00,1.092,1.092,1.014,1.068,43286174.3
2026-02-03 20:00:00,1.067,1.112,1.057,1.066,24555407.8
2026-02-04 00:00:00,1.066,1.094,1.06,1.089,13674481.5
2026-02-04 04:00:00,1.089,1.093,1.078,1.09,11067105.8
2026-02-04 08:00:00,1.089,1.1,1.08,1.089,14097127.7
2026-02-04 12:00:00,1.089,1.092,1.036,1.05,27323283.7
2026-02-04 16:00:00,1.05,1.073,1.027,1.07,34210646.0
2026-02-04 20:00:00,1.069,1.071,1.03,1.05,16214569.4
2026-02-05 00:00:00,1.05,1.062,1.036,1.041,17271132.3
2026-02-05 04:00:00,1.041,1.05,1.025,1.029,18040923.7
2026-02-05 08:00:00,1.029,1.05,0.985,1.001,28340360.4
2026-02-05 12:00:00,1.001,1.021,0.925,0.953,62252760.5
2026-02-05 16:00:00,0.954,0.968,0.92,0.93,52174303.7
2026-02-05 20:00:00,0.931,0.939,0.871,0.882,69615507.2
2026-02-06 00:00:00,0.883,0.907,0.774,0.878,97022068.4
2026-02-06 04:00:00,0.879,0.919,0.872,0.892,32234711.0
2026-02-06 08:00:00,0.892,0.925,0.882,0.912,39609853.6
2026-02-06 12:00:00,0.913,0.952,0.906,0.946,46395425.9
2026-02-06 16:00:00,0.946,0.988,0.94,0.97,39399694.4
2026-02-06 20:00:00,0.971,0.986,0.959,0.975,19990275.1
2026-02-07 00:00:00,0.975,0.992,0.962,0.989,19178525.6
2026-02-07 04:00:00,0.989,0.993,0.943,0.951,27624481.0
2026-02-07 08:00:00,0.952,0.962,0.947,0.956,16981603.6
2026-02-07 12:00:00,0.956,0.991,0.955,0.972,23978665.8
2026-02-07 16:00:00,0.973,0.999,0.968,0.986,43938652.8
2026-02-07 20:00:00,0.985,0.99,0.969,0.975,9544267.8
2026-02-08 00:00:00,0.975,0.98,0.964,0.967,10705354.7
2026-02-08 04:00:00,0.968,0.97,0.955,0.961,9640056.8
2026-02-08 08:00:00,0.961,0.977,0.948,0.962,22137529.1
2026-02-08 12:00:00,0.963,0.963,0.944,0.946,18598966.3
2026-02-08 16:00:00,0.946,0.95,0.918,0.945,23087880.5
2026-02-08 20:00:00,0.945,0.957,0.921,0.932,20399865.3
2026-02-09 00:00:00,0.933,0.947,0.922,0.946,15926330.2
2026-02-09 04:00:00,0.945,0.945,0.924,0.928,8264048.0
2026-02-09 08:00:00,0.929,0.931,0.891,0.906,27886853.0
2026-02-09 12:00:00,0.906,0.92,0.896,0.919,19599969.7
2026-02-09 16:00:00,0.919,0.94,0.91,0.939,20191994.3
2026-02-09 20:00:00,0.939,0.947,0.927,0.936,16778665.4
2026-02-10 00:00:00,0.936,0.943,0.921,0.929,16096885.4
2026-02-10 04:00:00,0.928,0.938,0.909,0.918,18494654.9
2026-02-10 08:00:00,0.918,0.923,0.912,0.912,11996618.9
2026-02-10 12:00:00,0.912,0.919,0.902,0.909,21480658.1
2026-02-10 16:00:00,0.909,0.914,0.878,0.889,25875444.9
2026-02-10 20:00:00,0.889,0.904,0.885,0.9,12596531.1
2026-02-11 00:00:00,0.901,0.904,0.882,0.886,17879384.8
2026-02-11 04:00:00,0.886,0.888,0.865,0.87,25235870.4
2026-02-11 08:00:00,0.87,0.876,0.861,0.873,12076463.0
2026-02-11 12:00:00,0.873,0.905,0.851,0.861,31643736.5
2026-02-11 16:00:00,0.861,0.892,0.857,0.883,19477073.7
2026-02-11 20:00:00,0.883,0.898,0.874,0.879,13937100.1
2026-02-12 00:00:00,0.879,0.908,0.878,0.905,12707692.6
2026-02-12 04:00:00,0.905,0.92,0.896,0.918,9836776.5
2026-02-12 08:00:00,0.918,0.933,0.908,0.923,13977815.4
2026-02-12 12:00:00,0.924,0.925,0.898,0.899,21238774.5
2026-02-12 16:00:00,0.899,0.913,0.881,0.903,25805941.7
2026-02-12 20:00:00,0.902,0.915,0.892,0.913,10685413.5
2026-02-13 00:00:00,0.913,0.916,0.895,0.899,9326214.2
2026-02-13 04:00:00,0.899,0.903,0.884,0.896,9798227.6
2026-02-13 08:00:00,0.897,0.907,0.894,0.903,7818955.4
2026-02-13 12:00:00,0.903,0.939,0.897,0.93,22197085.3
2026-02-13 16:00:00,0.93,0.958,0.927,0.949,19405211.0
2026-02-13 20:00:00,0.95,0.969,0.946,0.958,9716846.0
2026-02-14 00:00:00,0.957,0.973,0.953,0.961,10623883.9
2026-02-14 04:00:00,0.962,0.964,0.947,0.953,8133299.5
2026-02-14 08:00:00,0.953,0.976,0.952,0.972,12470309.1
2026-02-14 12:00:00,0.973,1.002,0.964,1.001,18854651.1
2026-02-14 16:00:00,1.001,1.03,0.99,1.024,23722705.1
2026-02-14 20:00:00,1.024,1.031,1.012,1.014,15854399.1
2026-02-15 00:00:00,1.014,1.024,1.001,1.018,15279955.2
2026-02-15 04:00:00,1.018,1.029,1.011,1.017,12670617.5
2026-02-15 08:00:00,1.017,1.02,0.985,0.993,19426244.8
2026-02-15 12:00:00,0.994,0.995,0.956,0.969,31730778.4
2026-02-15 16:00:00,0.969,0.971,0.943,0.95,22289860.6
2026-02-15 20:00:00,0.949,0.963,0.945,0.962,10418075.7
2026-02-16 00:00:00,0.963,0.971,0.957,0.963,12132080.1
2026-02-16 04:00:00,0.963,0.976,0.957,0.967,10758378.0
2026-02-16 08:00:00,0.967,0.974,0.952,0.967,13444648.5
2026-02-16 12:00:00,0.967,0.99,0.946,0.954,29710977.3
2026-02-16 16:00:00,0.954,0.97,0.953,0.966,12619299.0
2026-02-16 20:00:00,0.966,0.985,0.963,0.978,8537935.8
2026-02-17 00:00:00,0.977,0.981,0.967,0.97,7645652.9
2026-02-17 04:00:00,0.97,0.973,0.955,0.968,7155737.7
2026-02-17 08:00:00,0.967,0.97,0.957,0.967,7815396.6
2026-02-17 12:00:00,0.967,0.978,0.937,0.959,23285957.3
2026-02-17 16:00:00,0.959,0.982,0.954,0.964,22130759.7
2026-02-17 20:00:00,0.965,0.967,0.955,0.959,8416114.3
2026-02-18 00:00:00,0.959,0.966,0.949,0.965,9577987.9
2026-02-18 04:00:00,0.964,0.969,0.959,0.964,7385295.1
2026-02-18 08:00:00,0.965,0.97,0.952,0.958,8991629.8
2026-02-18 12:00:00,0.959,0.971,0.942,0.961,18315175.6
2026-02-18 16:00:00,0.962,0.964,0.917,0.923,26242041.3
2026-02-18 20:00:00,0.924,0.93,0.916,0.927,14271373.1
2026-02-19 00:00:00,0.927,0.935,0.92,0.934,10632265.8
2026-02-19 04:00:00,0.933,0.94,0.927,0.935,8498310.6
2026-02-19 08:00:00,0.936,0.936,0.916,0.924,13506232.8
2026-02-19 12:00:00,0.924,0.926,0.898,0.905,26111776.3
2026-02-19 16:00:00,0.904,0.916,0.893,0.911,20980460.9
2026-02-19 20:00:00,0.911,0.915,0.905,0.914,11074272.4
2026-02-20 00:00:00,0.915,0.923,0.913,0.917,10315154.6
2026-02-20 04:00:00,0.918,0.926,0.907,0.919,12610680.3
2026-02-20 08:00:00,0.92,0.931,0.91,0.912,13405029.7
2026-02-20 12:00:00,0.912,0.952,0.897,0.952,30585522.6
2026-02-20 16:00:00,0.952,0.964,0.932,0.952,31432737.8
2026-02-20 20:00:00,0.951,0.96,0.943,0.956,11065577.1
2026-02-21 00:00:00,0.956,0.96,0.947,0.956,6087011.3
2026-02-21 04:00:00,0.955,0.979,0.953,0.967,15037200.5
2026-02-21 08:00:00,0.967,1.02,0.964,1.0,25430232.5
2026-02-21 12:00:00,1.0,1.01,0.986,0.988,17683782.2
2026-02-21 16:00:00,0.988,0.988,0.968,0.977,15124107.2
2026-02-21 20:00:00,0.977,0.979,0.966,0.969,7663775.9
2026-02-22 00:00:00,0.969,0.969,0.939,0.946,16615428.1
2026-02-22 04:00:00,0.946,0.952,0.938,0.949,11810157.1
2026-02-22 08:00:00,0.95,0.95,0.941,0.944,8706929.1
2026-02-22 12:00:00,0.944,0.944,0.921,0.93,20556532.2
2026-02-22 16:00:00,0.93,0.932,0.919,0.922,9960740.7
2026-02-22 20:00:00,0.923,0.937,0.916,0.929,9276227.7
2026-02-23 00:00:00,0.929,0.93,0.872,0.884,37361674.1
2026-02-23 04:00:00,0.885,0.908,0.879,0.902,15157217.7
2026-02-23 08:00:00,0.902,0.917,0.898,0.904,13086703.1
2026-02-23 12:00:00,0.905,0.914,0.889,0.892,25571688.7
2026-02-23 16:00:00,0.892,0.9,0.874,0.883,22116733.9
2026-02-23 20:00:00,0.884,0.895,0.879,0.89,11543010.1
2026-02-24 00:00:00,0.89,0.901,0.877,0.882,20170736.0
2026-02-24 04:00:00,0.881,0.883,0.867,0.871,18388135.4
2026-02-24 08:00:00,0.871,0.877,0.868,0.874,11180615.3
2026-02-24 12:00:00,0.875,0.885,0.862,0.873,24095164.4
2026-02-24 16:00:00,0.873,0.888,0.871,0.884,18756772.4
2026-02-24 20:00:00,0.884,0.888,0.876,0.878,8769305.6
2026-02-25 00:00:00,0.879,0.917,0.876,0.893,23313557.6
2026-02-25 04:00:00,0.893,0.904,0.886,0.903,14269532.4
2026-02-25 08:00:00,0.904,0.925,0.897,0.922,23422628.1
2026-02-25 12:00:00,0.922,1.076,0.919,1.068,92012766.5
2026-02-25 16:00:00,1.068,1.108,1.059,1.103,96401180.9
2026-02-25 20:00:00,1.103,1.107,1.051,1.062,50930768.9
2026-02-26 00:00:00,1.062,1.065,1.017,1.02,42652723.5
2026-02-26 04:00:00,1.019,1.025,0.997,1.007,38177871.8
2026-02-26 08:00:00,1.006,1.026,0.994,1.009,32007505.9
2026-02-26 12:00:00,1.008,1.024,0.989,1.015,43665533.3
2026-02-26 16:00:00,1.014,1.016,0.976,1.01,41259390.3
2026-02-26 20:00:00,1.011,1.037,1.005,1.024,17726492.1
2026-02-27 00:00:00,1.025,1.037,1.011,1.021,19160639.6
2026-02-27 04:00:00,1.021,1.044,1.021,1.035,22666225.4
2026-02-27 08:00:00,1.035,1.044,0.993,0.995,32299717.7
2026-02-27 12:00:00,0.994,1.01,0.985,1.001,31166647.9
2026-02-27 16:00:00,1.002,1.003,0.978,0.983,27343801.0
2026-02-27 20:00:00,0.982,0.995,0.967,0.993,15603305.8
2026-02-28 00:00:00,0.993,0.994,0.981,0.983,11467018.1
2026-02-28 04:00:00,0.983,0.984,0.92,0.949,41310402.7
2026-02-28 08:00:00,0.949,0.949,0.923,0.924,23615427.7
2026-02-28 12:00:00,0.925,0.958,0.924,0.946,29695501.8
2026-02-28 16:00:00,0.947,0.992,0.939,0.979,26203453.0
2026-02-28 20:00:00,0.98,1.013,0.978,1.005,22369865.5
2026-03-01 00:00:00,1.004,1.033,0.985,0.998,29204679.0
2026-03-01 04:00:00,0.999,1.003,0.984,0.991,18210124.6
2026-03-01 08:00:00,0.991,0.993,0.969,0.977,19369066.1
2026-03-01 12:00:00,0.977,0.995,0.967,0.976,26470124.6
2026-03-01 16:00:00,0.977,0.987,0.956,0.958,26246621.1
2026-03-01 20:00:00,0.958,0.974,0.94,0.964,27040373.0
2026-03-02 00:00:00,0.964,0.99,0.963,0.985,21303380.0
2026-03-02 04:00:00,0.985,0.992,0.961,0.975,15013695.4
2026-03-02 08:00:00,0.974,0.984,0.962,0.973,19425698.1
2026-03-02 12:00:00,0.974,1.028,0.971,1.02,31237223.1
2026-03-02 16:00:00,1.02,1.025,0.986,0.993,31261888.3
2026-03-02 20:00:00,0.994,1.002,0.981,0.987,19959491.0
2026-03-03 00:00:00,0.987,1.003,0.977,0.996,25937033.2
2026-03-03 04:00:00,0.996,0.998,0.98,0.985,21603247.9
2026-03-03 08:00:00,0.984,0.992,0.97,0.981,26104505.6
2026-03-03 12:00:00,0.982,1.002,0.971,0.995,24540176.4
2026-03-03 16:00:00,0.996,1.012,0.986,1.002,27513525.1
2026-03-03 20:00:00,1.002,1.007,0.989,0.999,15747461.1
2026-03-04 00:00:00,0.999,1.014,0.993,1.006,19570570.2
2026-03-04 04:00:00,1.006,1.009,0.991,1.007,17785517.5
2026-03-04 08:00:00,1.006,1.033,1.004,1.015,32799467.0
2026-03-04 12:00:00,1.016,1.035,1.002,1.033,31082271.2
2026-03-04 16:00:00,1.033,1.036,1.01,1.032,35070675.4
2026-03-04 20:00:00,1.032,1.034,1.005,1.023,21529052.6
2026-03-05 00:00:00,1.024,1.026,1.01,1.023,19642439.6
2026-03-05 04:00:00,1.024,1.028,1.011,1.026,24424701.6
2026-03-05 08:00:00,1.027,1.043,1.021,1.027,26854310.9
2026-03-05 12:00:00,1.028,1.042,1.01,1.013,30142359.7
2026-03-05 16:00:00,1.013,1.027,0.992,1.013,32415869.8
2026-03-05 20:00:00,1.013,1.025,1.008,1.011,17446632.7
2026-03-06 00:00:00,1.011,1.021,1.002,1.021,14971796.1
2026-03-06 04:00:00,1.021,1.022,1.006,1.019,14219240.5
2026-03-06 08:00:00,1.02,1.021,0.998,1.006,19005195.5
2026-03-06 12:00:00,1.007,1.013,0.968,0.976,41981963.2
2026-03-06 16:00:00,0.977,0.981,0.963,0.974,18974176.5
2026-03-06 20:00:00,0.974,0.981,0.969,0.976,7225853.9
2026-03-07 00:00:00,0.976,0.982,0.97,0.972,7424928.7
2026-03-07 04:00:00,0.971,0.975,0.963,0.969,8522687.0
2026-03-07 08:00:00,0.969,0.983,0.968,0.977,8070978.2
2026-03-07 12:00:00,0.976,0.98,0.953,0.957,14548855.0
2026-03-07 16:00:00,0.957,0.968,0.943,0.948,12639602.0
2026-03-07 20:00:00,0.947,0.953,0.944,0.951,10584397.4
2026-03-08 00:00:00,0.952,0.952,0.926,0.929,15102831.7
2026-03-08 04:00:00,0.929,0.936,0.922,0.932,9450261.2
2026-03-08 08:00:00,0.932,0.951,0.926,0.948,14866103.9
2026-03-08 12:00:00,0.948,0.956,0.931,0.935,20704298.7
2026-03-08 16:00:00,0.935,0.952,0.928,0.948,16171394.4
2026-03-08 20:00:00,0.948,0.957,0.918,0.933,22905296.3
2026-03-09 00:00:00,0.933,0.957,0.93,0.94,21034755.9
2026-03-09 04:00:00,0.941,0.972,0.939,0.95,20307915.0
2026-03-09 08:00:00,0.95,0.958,0.93,0.936,17385799.9
2026-03-09 12:00:00,0.937,0.957,0.93,0.94,24867846.4
2026-03-09 16:00:00,0.94,0.98,0.936,0.953,25504954.5
2026-03-09 20:00:00,0.953,0.957,0.931,0.937,12286948.6
2026-03-10 00:00:00,0.937,0.955,0.932,0.934,16890691.4
2026-03-10 04:00:00,0.934,0.944,0.922,0.937,17425538.3
2026-03-10 08:00:00,0.937,0.944,0.928,0.93,17554386.7
2026-03-10 12:00:00,0.93,0.951,0.919,0.938,36675804.9
2026-03-10 16:00:00,0.938,0.94,0.864,0.872,60949930.4
2026-03-10 20:00:00,0.871,0.877,0.851,0.864,37606552.4
2026-03-11 00:00:00,0.864,0.869,0.853,0.862,27682868.6
2026-03-11 04:00:00,0.863,0.883,0.843,0.873,36754682.9
2026-03-11 08:00:00,0.874,0.892,0.867,0.89,27280074.7
2026-03-11 12:00:00,0.891,0.913,0.87,0.881,41879717.0
2026-03-11 16:00:00,0.88,0.893,0.874,0.886,25491306.6
2026-03-11 20:00:00,0.886,0.889,0.872,0.877,13440161.7
2026-03-12 00:00:00,0.876,0.879,0.865,0.868,17773019.6
2026-03-12 04:00:00,0.868,0.871,0.859,0.867,20262118.2
2026-03-12 08:00:00,0.866,0.873,0.86,0.863,17529086.4
2026-03-12 12:00:00,0.864,0.871,0.849,0.858,36470783.2
2026-03-12 16:00:00,0.859,0.874,0.854,0.87,26578032.6
2026-03-12 20:00:00,0.87,0.88,0.859,0.877,14302931.7
2026-03-13 00:00:00,0.877,0.899,0.873,0.894,23162498.0
2026-03-13 04:00:00,0.894,0.895,0.878,0.883,19433155.2
2026-03-13 08:00:00,0.882,0.896,0.879,0.886,17364506.9
2026-03-13 12:00:00,0.886,0.905,0.88,0.887,34582137.5
2026-03-13 16:00:00,0.887,0.898,0.871,0.872,25845788.0
2026-03-13 20:00:00,0.873,0.882,0.86,0.868,14853835.9
2026-03-14 00:00:00,0.867,0.878,0.861,0.875,9252132.3
2026-03-14 04:00:00,0.875,0.885,0.86,0.864,11743827.2
2026-03-14 08:00:00,0.864,0.872,0.862,0.868,9841978.4
2026-03-14 12:00:00,0.868,0.872,0.862,0.867,10040347.5
2026-03-14 16:00:00,0.868,0.913,0.866,0.88,38559937.5
2026-03-14 20:00:00,0.881,0.887,0.874,0.882,12082531.1
2026-03-15 00:00:00,0.881,0.886,0.865,0.879,16370061.1
2026-03-15 04:00:00,0.88,0.887,0.877,0.887,8039150.8
2026-03-15 08:00:00,0.886,0.893,0.881,0.89,11892027.1
2026-03-15 12:00:00,0.891,0.894,0.879,0.885,14994623.4
2026-03-15 16:00:00,0.884,0.891,0.88,0.889,9525183.1
2026-03-15 20:00:00,0.888,0.902,0.885,0.894,20008137.0
2026-03-16 00:00:00,0.895,0.924,0.887,0.911,23695277.6
2026-03-16 04:00:00,0.912,0.959,0.911,0.944,40909500.1
2026-03-16 08:00:00,0.945,0.962,0.929,0.935,28453102.7
2026-03-16 12:00:00,0.935,0.944,0.919,0.927,32424048.6
2026-03-16 16:00:00,0.927,0.992,0.926,0.971,58269486.8
2026-03-16 20:00:00,0.971,1.015,0.963,0.989,35087977.9
2026-03-17 00:00:00,0.989,0.992,0.964,0.97,20275175.5
2026-03-17 04:00:00,0.97,0.975,0.952,0.968,17056836.2
2026-03-17 08:00:00,0.968,0.99,0.963,0.976,20479151.4
2026-03-17 12:00:00,0.977,0.977,0.953,0.964,21833464.4
2026-03-17 16:00:00,0.963,0.972,0.96,0.962,12679089.7
2026-03-17 20:00:00,0.963,0.978,0.96,0.968,10008174.2
2026-03-18 00:00:00,0.968,0.975,0.959,0.968,11145150.6
2026-03-18 04:00:00,0.967,0.978,0.962,0.976,13472957.5
2026-03-18 08:00:00,0.977,0.987,0.939,0.946,29802402.3
2026-03-18 12:00:00,0.945,0.946,0.901,0.915,49553168.4
2026-03-18 16:00:00,0.915,0.925,0.903,0.915,25569706.7
2026-03-18 20:00:00,0.915,0.929,0.909,0.924,14375784.9
2026-03-19 00:00:00,0.923,0.938,0.915,0.928,15019511.5
2026-03-19 04:00:00,0.929,0.931,0.903,0.912,16469122.9
2026-03-19 08:00:00,0.911,0.916,0.906,0.908,12543083.7
2026-03-19 12:00:00,0.908,0.909,0.881,0.888,30562894.9
2026-03-19 16:00:00,0.888,0.895,0.875,0.887,21106732.6
2026-03-19 20:00:00,0.887,0.894,0.884,0.894,11183151.1
2026-03-20 00:00:00,0.893,0.906,0.889,0.903,12619353.6
2026-03-20 04:00:00,0.903,0.912,0.895,0.899,13636372.7
2026-03-20 08:00:00,0.898,0.908,0.89,0.899,11404932.2
2026-03-20 12:00:00,0.899,0.905,0.891,0.904,24299153.0
2026-03-20 16:00:00,0.904,0.915,0.889,0.899,20299906.6
2026-03-20 20:00:00,0.899,0.91,0.89,0.901,11223677.0
2026-03-21 00:00:00,0.9,0.906,0.897,0.901,7211202.8
2026-03-21 04:00:00,0.901,0.911,0.9,0.904,7006497.3
2026-03-21 08:00:00,0.904,0.913,0.897,0.907,10264855.7
2026-03-21 12:00:00,0.907,0.973,0.907,0.971,35899335.6
2026-03-21 16:00:00,0.97,0.974,0.928,0.931,35735216.0
2026-03-21 20:00:00,0.93,0.936,0.866,0.879,37541505.1
2026-03-22 00:00:00,0.879,0.892,0.86,0.883,32678144.5
2026-03-22 04:00:00,0.883,0.889,0.878,0.879,15791787.2
2026-03-22 08:00:00,0.88,0.882,0.869,0.87,19032244.0
2026-03-22 12:00:00,0.87,0.882,0.869,0.874,13003289.1
2026-03-22 16:00:00,0.875,0.88,0.862,0.865,15417273.6
2026-03-22 20:00:00,0.865,0.869,0.836,0.846,28954959.5
2026-03-23 00:00:00,0.847,0.866,0.841,0.857,19857587.8
2026-03-23 04:00:00,0.857,0.867,0.836,0.847,20250596.1
2026-03-23 08:00:00,0.847,0.901,0.845,0.885,42388122.8
2026-03-23 12:00:00,0.885,0.913,0.881,0.896,32524098.7
2026-03-23 16:00:00,0.896,0.933,0.892,0.921,26347804.6
2026-03-23 20:00:00,0.921,0.942,0.914,0.923,20512352.6
2026-03-24 00:00:00,0.922,0.933,0.91,0.926,22050835.8
2026-03-24 04:00:00,0.927,0.948,0.916,0.923,32964750.4
2026-03-24 08:00:00,0.924,0.929,0.904,0.912,19198351.7
2026-03-24 12:00:00,0.913,0.927,0.907,0.913,24012691.7
2026-03-24 16:00:00,0.913,0.923,0.901,0.918,17930785.5
2026-03-24 20:00:00,0.918,0.938,0.916,0.924,14827894.1
2026-03-25 00:00:00,0.923,0.928,0.914,0.918,11171215.0
2026-03-25 04:00:00,0.918,0.919,0.909,0.914,9757975.8
2026-03-25 08:00:00,0.914,0.936,0.913,0.935,18929748.3
2026-03-25 12:00:00,0.935,0.938,0.924,0.93,18575306.9
2026-03-25 16:00:00,0.93,0.938,0.926,0.93,11115167.2
2026-03-25 20:00:00,0.93,0.937,0.923,0.928,8062903.4
2026-03-26 00:00:00,0.927,0.932,0.906,0.909,17012922.3
2026-03-26 04:00:00,0.909,0.913,0.898,0.9,13482529.9
2026-03-26 08:00:00,0.901,0.905,0.883,0.885,19647502.2
2026-03-26 12:00:00,0.885,0.902,0.878,0.882,27565197.9
2026-03-26 16:00:00,0.882,0.886,0.862,0.863,17407327.7
2026-03-26 20:00:00,0.863,0.88,0.861,0.869,15743196.8
2026-03-27 00:00:00,0.868,0.877,0.866,0.869,10915195.8
2026-03-27 04:00:00,0.869,0.877,0.862,0.876,11838016.6
2026-03-27 08:00:00,0.876,0.88,0.83,0.84,36733824.0
2026-03-27 12:00:00,0.84,0.842,0.83,0.832,21367471.6
2026-03-27 16:00:00,0.832,0.843,0.83,0.837,16585256.8
2026-03-27 20:00:00,0.838,0.841,0.831,0.838,8703164.8
2026-03-28 00:00:00,0.838,0.841,0.818,0.825,14453989.6
2026-03-28 04:00:00,0.824,0.829,0.816,0.828,10834050.5
2026-03-28 08:00:00,0.829,0.83,0.817,0.822,11770903.2
2026-03-28 12:00:00,0.823,0.841,0.818,0.819,20953920.5
2026-03-28 16:00:00,0.819,0.828,0.817,0.823,7946720.0
2026-03-28 20:00:00,0.822,0.827,0.792,0.799,25372637.2
2026-03-29 00:00:00,0.799,0.817,0.796,0.812,13099017.4
2026-03-29 04:00:00,0.813,0.813,0.806,0.808,6565176.6
2026-03-29 08:00:00,0.808,0.815,0.804,0.81,8628237.7
2026-03-29 12:00:00,0.811,0.811,0.798,0.803,12268855.6
2026-03-29 16:00:00,0.802,0.806,0.796,0.805,7483117.8
2026-03-29 20:00:00,0.805,0.814,0.773,0.8,25779698.3
2026-03-30 00:00:00,0.8,0.825,0.799,0.823,20019702.2
2026-03-30 04:00:00,0.822,0.859,0.822,0.855,30319421.0
2026-03-30 08:00:00,0.856,0.863,0.837,0.845,24380563.0
2026-03-30 12:00:00,0.845,0.849,0.821,0.829,26530218.9
2026-03-30 16:00:00,0.83,0.831,0.809,0.815,15529093.8
2026-03-30 20:00:00,0.814,0.823,0.81,0.816,10213136.4
2026-03-31 00:00:00,0.815,0.835,0.811,0.828,14147075.8
2026-03-31 04:00:00,0.828,0.843,0.825,0.842,12782078.7
2026-03-31 08:00:00,0.842,0.843,0.814,0.828,26151764.0
2026-03-31 12:00:00,0.828,0.836,0.818,0.819,23406323.7
2026-03-31 16:00:00,0.818,0.841,0.818,0.833,17290037.9
2026-03-31 20:00:00,0.834,0.837,0.825,0.832,7695301.1
2026-04-01 00:00:00,0.831,0.835,0.821,0.832,11446875.5
2026-04-01 04:00:00,0.832,0.851,0.829,0.847,16147555.3
2026-04-01 08:00:00,0.847,0.851,0.835,0.841,10270546.4
2026-04-01 12:00:00,0.842,0.857,0.836,0.847,15587444.3
2026-04-01 16:00:00,0.848,0.853,0.837,0.841,10024942.1
2026-04-01 20:00:00,0.841,0.846,0.834,0.837,8445137.6
2026-04-02 00:00:00,0.837,0.845,0.804,0.811,26875559.4
2026-04-02 04:00:00,0.811,0.82,0.803,0.819,16810869.4
2026-04-02 08:00:00,0.82,0.821,0.805,0.811,14297023.1
2026-04-02 12:00:00,0.811,0.822,0.797,0.811,27295032.4
2026-04-02 16:00:00,0.812,0.824,0.807,0.817,17089765.4
2026-04-02 20:00:00,0.818,0.826,0.812,0.816,7443869.4
2026-04-03 00:00:00,0.816,0.837,0.815,0.831,10785863.8
2026-04-03 04:00:00,0.832,0.848,0.828,0.84,13488041.3
2026-04-03 08:00:00,0.84,0.853,0.838,0.849,9713764.3
2026-04-03 12:00:00,0.85,0.853,0.836,0.838,13614888.2
2026-04-03 16:00:00,0.839,0.842,0.834,0.838,8556326.3
2026-04-03 20:00:00,0.837,0.842,0.831,0.834,10405469.5
2026-04-04 00:00:00,0.834,0.84,0.832,0.839,7480636.0
2026-04-04 04:00:00,0.838,0.846,0.837,0.842,12306663.5
2026-04-04 08:00:00,0.843,0.843,0.832,0.839,7623814.6
2026-04-04 12:00:00,0.84,0.845,0.837,0.839,10566281.9
2026-04-04 16:00:00,0.839,0.855,0.838,0.844,9504425.9
2026-04-04 20:00:00,0.844,0.845,0.832,0.838,6187316.3
2026-04-05 00:00:00,0.837,0.839,0.828,0.831,8414728.5
2026-04-05 04:00:00,0.831,0.833,0.815,0.818,13328657.0
2026-04-05 08:00:00,0.817,0.822,0.813,0.821,8733274.6
2026-04-05 12:00:00,0.821,0.831,0.811,0.823,13817900.0
2026-04-05 16:00:00,0.823,0.826,0.817,0.821,7243520.9
2026-04-05 20:00:00,0.821,0.854,0.819,0.843,21470763.5
2026-04-06 00:00:00,0.843,0.859,0.839,0.85,18833245.7
2026-04-06 04:00:00,0.85,0.855,0.846,0.853,10292366.2
2026-04-06 08:00:00,0.853,0.898,0.852,0.894,33829389.5
2026-04-06 12:00:00,0.895,0.907,0.874,0.887,36222515.0
2026-04-06 16:00:00,0.887,0.888,0.871,0.877,16041006.5
2026-04-06 20:00:00,0.876,0.883,0.848,0.858,18578931.6
2026-04-07 00:00:00,0.857,0.861,0.851,0.856,11532227.3
2026-04-07 04:00:00,0.856,0.864,0.851,0.859,9886539.4
2026-04-07 08:00:00,0.859,0.875,0.857,0.863,19321795.3
2026-04-07 12:00:00,0.863,0.867,0.841,0.85,27582950.5
2026-04-07 16:00:00,0.849,0.871,0.846,0.869,19528316.8
2026-04-07 20:00:00,0.87,0.929,0.868,0.915,36376008.4
2026-04-08 00:00:00,0.916,0.922,0.895,0.899,16384303.9
2026-04-08 04:00:00,0.9,0.916,0.899,0.915,12209918.7
2026-04-08 08:00:00,0.914,0.916,0.899,0.906,11078177.4
2026-04-08 12:00:00,0.906,0.916,0.89,0.901,25627358.8
2026-04-08 16:00:00,0.901,0.912,0.888,0.893,14360580.3
2026-04-08 20:00:00,0.894,0.9,0.88,0.883,12046905.0
2026-04-09 00:00:00,0.882,0.883,0.873,0.876,13135128.1
2026-04-09 04:00:00,0.876,0.884,0.874,0.878,7269428.4
2026-04-09 08:00:00,0.878,0.886,0.875,0.875,10124183.9
2026-04-09 12:00:00,0.875,0.904,0.871,0.897,15725903.2
2026-04-09 16:00:00,0.898,0.911,0.891,0.907,15525078.5
2026-04-09 20:00:00,0.908,0.926,0.901,0.904,12818025.1
2026-04-10 00:00:00,0.904,0.907,0.893,0.898,10439667.6
2026-04-10 04:00:00,0.899,0.916,0.895,0.896,11490955.7
2026-04-10 08:00:00,0.896,0.911,0.894,0.899,12475562.2
2026-04-10 12:00:00,0.899,0.914,0.896,0.91,20552411.3
2026-04-10 16:00:00,0.911,0.917,0.903,0.916,11336245.1
2026-04-10 20:00:00,0.916,0.918,0.91,0.913,6770303.6
2026-04-11 00:00:00,0.914,0.915,0.894,0.901,9456805.1
2026-04-11 04:00:00,0.9,0.902,0.892,0.899,10034035.1
2026-04-11 08:00:00,0.898,0.901,0.892,0.895,9232695.0
2026-04-11 12:00:00,0.895,0.897,0.885,0.896,13327684.1
2026-04-11 16:00:00,0.897,0.924,0.896,0.921,19161518.9
2026-04-11 20:00:00,0.921,0.922,0.898,0.899,14104283.0
2026-04-12 00:00:00,0.899,0.9,0.858,0.865,32585150.6
2026-04-12 04:00:00,0.864,0.868,0.859,0.864,10202544.0
2026-04-12 08:00:00,0.864,0.868,0.856,0.863,9810187.8
2026-04-12 12:00:00,0.863,0.873,0.857,0.86,17231028.7
2026-04-12 16:00:00,0.86,0.88,0.858,0.873,11495260.4
2026-04-12 20:00:00,0.873,0.878,0.852,0.856,17843747.5
2026-04-13 00:00:00,0.857,0.866,0.856,0.863,8308748.8
2026-04-13 04:00:00,0.864,0.87,0.855,0.857,10975635.4
2026-04-13 08:00:00,0.858,0.864,0.855,0.862,8716577.7
2026-04-13 12:00:00,0.861,0.877,0.856,0.869,16795804.5
2026-04-13 16:00:00,0.869,0.907,0.864,0.903,21824087.7
2026-04-13 20:00:00,0.902,0.928,0.89,0.919,25937183.1
2026-04-14 00:00:00,0.918,0.92,0.899,0.902,11864448.1
2026-04-14 04:00:00,0.902,0.904,0.894,0.897,7709362.1
2026-04-14 08:00:00,0.897,0.905,0.896,0.9,7955753.2
2026-04-14 12:00:00,0.9,0.914,0.896,0.902,21185799.4
2026-04-14 16:00:00,0.901,0.908,0.876,0.886,16498481.9
2026-04-14 20:00:00,0.886,0.891,0.879,0.882,9575541.7
2026-04-15 00:00:00,0.883,0.899,0.883,0.894,12039150.0
2026-04-15 04:00:00,0.894,0.907,0.89,0.892,9802054.5
2026-04-15 08:00:00,0.891,0.912,0.89,0.907,8766587.4
2026-04-15 12:00:00,0.908,0.917,0.899,0.903,11447636.0
2026-04-15 16:00:00,0.902,0.923,0.902,0.918,10826439.6
2026-04-15 20:00:00,0.918,0.922,0.907,0.917,8412090.3
2026-04-16 00:00:00,0.917,0.95,0.908,0.943,20281563.3
2026-04-16 04:00:00,0.943,0.992,0.942,0.982,36005374.5
2026-04-16 08:00:00,0.983,0.989,0.96,0.988,22596435.6
2026-04-16 12:00:00,0.988,1.014,0.967,1.014,43622141.5
2026-04-16 16:00:00,1.014,1.021,0.986,1.004,29449417.8
2026-04-16 20:00:00,1.004,1.007,0.98,0.997,15135957.6
2026-04-17 00:00:00,0.997,1.002,0.977,0.98,18386414.4
2026-04-17 04:00:00,0.981,1.009,0.969,1.006,17755179.2
2026-04-17 08:00:00,1.006,1.009,0.98,0.998,22187103.3
2026-04-17 12:00:00,0.998,1.013,0.986,0.998,32888791.1
2026-04-17 16:00:00,0.999,1.011,0.986,1.002,20405865.2
2026-04-17 20:00:00,1.002,1.006,0.979,0.981,12666188.9
2026-04-18 00:00:00,0.981,0.986,0.973,0.978,11154593.9
2026-04-18 04:00:00,0.978,0.994,0.974,0.988,9876476.7
2026-04-18 08:00:00,0.989,0.99,0.943,0.951,26780380.5
2026-04-18 12:00:00,0.95,0.96,0.948,0.956,10739080.4
2026-04-18 16:00:00,0.956,0.96,0.941,0.945,13840215.5
2026-04-18 20:00:00,0.945,0.951,0.937,0.941,7658333.8
2026-04-19 00:00:00,0.942,0.943,0.924,0.928,13984516.9
2026-04-19 04:00:00,0.928,0.935,0.912,0.92,14315003.2
2026-04-19 08:00:00,0.919,0.928,0.915,0.925,12139603.0
2026-04-19 12:00:00,0.925,0.941,0.921,0.932,15301236.4
2026-04-19 16:00:00,0.931,0.933,0.909,0.921,16233995.5
2026-04-19 20:00:00,0.921,0.924,0.898,0.906,16201122.4
2026-04-20 00:00:00,0.906,0.925,0.905,0.923,12076873.3
2026-04-20 04:00:00,0.923,0.933,0.906,0.921,13511073.1
2026-04-20 08:00:00,0.921,0.93,0.915,0.921,11595849.8
2026-04-20 12:00:00,0.922,0.932,0.915,0.922,17782199.2
2026-04-20 16:00:00,0.922,0.935,0.917,0.927,13786602.2
2026-04-20 20:00:00,0.926,0.931,0.919,0.922,10093003.4
2026-04-21 00:00:00,0.922,0.93,0.915,0.92,10599522.1
2026-04-21 04:00:00,0.92,0.929,0.918,0.923,8315356.4
2026-04-21 08:00:00,0.924,0.937,0.92,0.931,11530702.6
2026-04-21 12:00:00,0.931,0.937,0.92,0.927,17954205.6
2026-04-21 16:00:00,0.928,0.932,0.905,0.91,22559227.6
2026-04-21 20:00:00,0.909,0.928,0.908,0.925,13373130.7
2026-04-22 00:00:00,0.926,0.945,0.923,0.941,16401416.7
2026-04-22 04:00:00,0.942,0.963,0.941,0.948,19968217.8
2026-04-22 08:00:00,0.948,0.958,0.947,0.954,11543872.8
2026-04-22 12:00:00,0.954,0.959,0.945,0.953,17514278.5
2026-04-22 16:00:00,0.954,0.955,0.936,0.944,11391741.1
2026-04-22 20:00:00,0.943,0.944,0.925,0.926,11463593.9
2026-04-23 00:00:00,0.926,0.93,0.911,0.916,18426177.4
2026-04-23 04:00:00,0.916,0.927,0.914,0.92,17212126.0
2026-04-23 08:00:00,0.921,0.924,0.911,0.922,12358695.1
2026-04-23 12:00:00,0.922,0.935,0.919,0.933,14600491.6
2026-04-23 16:00:00,0.934,0.935,0.903,0.918,22988135.5
2026-04-23 20:00:00,0.917,0.933,0.917,0.929,8615761.0
2026-04-24 00:00:00,0.929,0.936,0.92,0.924,11666239.4
2026-04-24 04:00:00,0.924,0.933,0.921,0.932,9732778.6
2026-04-24 08:00:00,0.933,0.944,0.927,0.941,14008791.3
2026-04-24 12:00:00,0.94,0.947,0.932,0.946,13031630.2
2026-04-24 16:00:00,0.945,0.949,0.94,0.945,11893109.0
2026-04-24 20:00:00,0.946,0.953,0.935,0.939,9821356.2
2026-04-25 00:00:00,0.94,0.957,0.937,0.952,9214096.3
2026-04-25 04:00:00,0.953,0.957,0.944,0.947,11711717.3
2026-04-25 08:00:00,0.947,0.955,0.939,0.943,10044714.5
2026-04-25 12:00:00,0.943,0.946,0.938,0.941,11251611.7
2026-04-25 16:00:00,0.941,0.944,0.928,0.93,12335847.4
2026-04-25 20:00:00,0.93,0.938,0.928,0.936,4927349.4
2026-04-26 00:00:00,0.936,0.938,0.93,0.936,5714412.4
2026-04-26 04:00:00,0.937,0.957,0.935,0.953,12376977.6
2026-04-26 08:00:00,0.953,0.956,0.947,0.954,7043114.0
2026-04-26 12:00:00,0.954,0.955,0.936,0.946,10399973.3
2026-04-26 16:00:00,0.946,0.949,0.937,0.945,7216935.9
2026-04-26 20:00:00,0.946,0.949,0.937,0.942,9271568.9
2026-04-27 00:00:00,0.943,0.957,0.94,0.952,11207172.4
2026-04-27 04:00:00,0.952,0.953,0.919,0.921,22074124.6
2026-04-27 08:00:00,0.92,0.927,0.918,0.924,6925725.4
2026-04-27 12:00:00,0.924,0.929,0.897,0.904,18689977.8
2026-04-27 16:00:00,0.904,0.912,0.902,0.909,8759182.1
2026-04-27 20:00:00,0.909,0.923,0.909,0.921,6624127.8
2026-04-28 00:00:00,0.922,0.922,0.914,0.919,6806057.2
2026-04-28 04:00:00,0.919,0.932,0.914,0.92,9940654.9
2026-04-28 08:00:00,0.919,0.924,0.908,0.912,10132065.6
2026-04-28 12:00:00,0.912,0.919,0.905,0.919,15717153.5
2026-04-28 16:00:00,0.919,0.923,0.911,0.921,6518196.8
2026-04-28 20:00:00,0.922,0.924,0.915,0.919,3985271.1
2026-04-29 00:00:00,0.918,0.938,0.917,0.936,8723033.7
2026-04-29 04:00:00,0.937,0.949,0.935,0.939,12641130.2
2026-04-29 08:00:00,0.939,0.991,0.937,0.974,29636863.0
2026-04-29 12:00:00,0.975,0.976,0.901,0.907,36207886.2
2026-04-29 16:00:00,0.906,0.909,0.871,0.893,40810592.8
2026-04-29 20:00:00,0.894,0.918,0.891,0.915,12069209.8
2026-04-30 00:00:00,0.915,0.938,0.913,0.924,17531175.9
2026-04-30 04:00:00,0.923,0.926,0.908,0.923,12164935.9
2026-04-30 08:00:00,0.924,0.932,0.921,0.927,11036075.6
2026-04-30 12:00:00,0.927,0.934,0.912,0.92,14798640.9
2026-04-30 16:00:00,0.919,0.927,0.917,0.922,9318367.2
2026-04-30 20:00:00,0.922,0.926,0.916,0.921,4981069.8
2026-05-01 00:00:00,0.922,0.939,0.92,0.931,7595984.8
2026-05-01 04:00:00,0.931,0.936,0.921,0.925,7129238.2
2026-05-01 08:00:00,0.925,0.928,0.911,0.918,10358158.6
2026-05-01 12:00:00,0.919,0.937,0.917,0.931,15766922.7
2026-05-01 16:00:00,0.931,0.935,0.923,0.925,12267774.8
2026-05-01 20:00:00,0.925,0.927,0.914,0.918,7376054.1
2026-05-02 00:00:00,0.917,0.923,0.916,0.918,4610329.7
2026-05-02 04:00:00,0.918,0.919,0.912,0.915,5775714.5
2026-05-02 08:00:00,0.916,0.92,0.913,0.915,4116123.2
2026-05-02 12:00:00,0.916,0.93,0.914,0.928,6936203.8
2026-05-02 16:00:00,0.928,0.935,0.925,0.934,5670246.9
2026-05-02 20:00:00,0.934,0.941,0.929,0.932,5312702.3
2026-05-03 00:00:00,0.932,0.933,0.913,0.916,9019086.7
2026-05-03 04:00:00,0.916,0.922,0.914,0.918,5491508.3
2026-05-03 08:00:00,0.918,0.928,0.915,0.923,5788946.5
2026-05-03 12:00:00,0.924,0.93,0.921,0.924,4660157.1
2026-05-03 16:00:00,0.925,0.929,0.918,0.926,4925942.9
2026-05-03 20:00:00,0.927,0.936,0.921,0.922,8393079.0
2026-05-04 00:00:00,0.922,0.975,0.913,0.97,24961975.7
2026-05-04 04:00:00,0.971,0.973,0.946,0.951,13490703.6
2026-05-04 08:00:00,0.951,0.957,0.922,0.934,26667020.8
2026-05-04 12:00:00,0.934,0.95,0.925,0.932,17333280.2
2026-05-04 16:00:00,0.933,0.947,0.925,0.938,13926470.8
2026-05-04 20:00:00,0.938,0.949,0.931,0.933,8504357.8
2026-05-05 00:00:00,0.934,0.948,0.931,0.943,8212486.2
2026-05-05 04:00:00,0.944,0.957,0.941,0.953,7582164.2
2026-05-05 08:00:00,0.954,0.959,0.948,0.955,9766265.5
2026-05-05 12:00:00,0.955,0.964,0.949,0.956,14928600.0
2026-05-05 16:00:00,0.956,0.962,0.938,0.957,14019806.3
2026-05-05 20:00:00,0.957,0.999,0.956,0.974,31963938.3
2026-05-06 00:00:00,0.974,1.124,0.97,1.117,142705203.6
2026-05-06 04:00:00,1.117,1.16,1.066,1.069,191466952.4
2026-05-06 08:00:00,1.07,1.131,1.063,1.103,85124655.4
2026-05-06 12:00:00,1.102,1.105,1.04,1.069,64607283.3
2026-05-06 16:00:00,1.068,1.082,1.056,1.066,26345859.5
2026-05-06 20:00:00,1.067,1.115,1.066,1.114,36349570.8
2026-05-07 00:00:00,1.115,1.125,1.045,1.072,70672449.5
2026-05-07 04:00:00,1.071,1.112,1.067,1.093,36769965.8
2026-05-07 08:00:00,1.093,1.113,1.082,1.097,37813094.7
2026-05-07 12:00:00,1.096,1.125,1.058,1.062,61088627.1
2026-05-07 16:00:00,1.062,1.086,1.054,1.08,31815235.2
2026-05-07 20:00:00,1.079,1.107,1.068,1.098,20585227.4
2026-05-08 00:00:00,1.098,1.113,1.083,1.094,29062315.5
2026-05-08 04:00:00,1.093,1.112,1.083,1.1,28542262.7
2026-05-08 08:00:00,1.1,1.11,1.087,1.105,22567997.8
2026-05-08 12:00:00,1.106,1.268,1.069,1.246,111681905.1
2026-05-08 16:00:00,1.245,1.251,1.174,1.205,82505112.0
2026-05-08 20:00:00,1.206,1.322,1.203,1.285,65557626.6
2026-05-09 00:00:00,1.286,1.319,1.254,1.279,57101444.6
2026-05-09 04:00:00,1.28,1.289,1.243,1.266,33472932.0
2026-05-09 08:00:00,1.266,1.275,1.211,1.226,38970949.6
2026-05-09 12:00:00,1.226,1.233,1.19,1.204,33508699.5
2026-05-09 16:00:00,1.204,1.224,1.201,1.219,15632837.5
2026-05-09 20:00:00,1.22,1.224,1.195,1.199,10031828.5
2026-05-10 00:00:00,1.199,1.207,1.181,1.2,23567054.0
2026-05-10 04:00:00,1.199,1.201,1.169,1.176,18600810.2
2026-05-10 08:00:00,1.176,1.186,1.162,1.172,19819673.4
2026-05-10 12:00:00,1.172,1.18,1.163,1.177,18687328.3
2026-05-10 16:00:00,1.177,1.193,1.174,1.186,24147496.5
2026-05-10 20:00:00,1.186,1.19,1.105,1.146,64040371.2
2026-05-11 00:00:00,1.146,1.158,1.117,1.134,31547994.0
2026-05-11 04:00:00,1.133,1.151,1.126,1.136,14647726.5
2026-05-11 08:00:00,1.136,1.139,1.119,1.132,19547979.7
2026-05-11 12:00:00,1.132,1.142,1.117,1.136,24673075.2
2026-05-11 16:00:00,1.137,1.144,1.126,1.136,18773862.5
2026-05-11 20:00:00,1.136,1.141,1.122,1.126,9536781.2
2026-05-12 00:00:00,1.126,1.131,1.088,1.106,33896843.2
2026-05-12 04:00:00,1.106,1.118,1.1,1.108,13011273.6
2026-05-12 08:00:00,1.109,1.113,1.096,1.099,15760679.7
2026-05-12 12:00:00,1.099,1.103,1.074,1.08,32421680.2
2026-05-12 16:00:00,1.079,1.102,1.067,1.097,18929249.6
2026-05-12 20:00:00,1.097,1.102,1.09,1.091,7759028.0
2026-05-13 00:00:00,1.092,1.113,1.09,1.107,12700755.3
2026-05-13 04:00:00,1.107,1.109,1.084,1.099,12785348.7
2026-05-13 08:00:00,1.099,1.11,1.086,1.089,15522084.9
2026-05-13 12:00:00,1.089,1.093,1.027,1.034,50525033.2
2026-05-13 16:00:00,1.034,1.057,1.033,1.043,16643509.4
2026-05-13 20:00:00,1.044,1.049,1.038,1.047,7742382.2
2026-05-14 00:00:00,1.047,1.053,1.022,1.031,15960662.5
2026-05-14 04:00:00,1.03,1.048,1.027,1.039,13768985.6
2026-05-14 08:00:00,1.038,1.044,1.031,1.033,14807204.8
2026-05-14 12:00:00,1.032,1.062,1.032,1.06,19746410.6
2026-05-14 16:00:00,1.061,1.068,1.049,1.059,20214880.4
2026-05-14 20:00:00,1.059,1.064,1.05,1.054,9023676.7
2026-05-15 00:00:00,1.054,1.066,1.033,1.05,16537615.3
2026-05-15 04:00:00,1.049,1.049,1.012,1.033,26885437.1
2026-05-15 08:00:00,1.033,1.035,1.024,1.032,10861483.6
2026-05-15 12:00:00,1.032,1.035,0.977,0.995,39522001.3
2026-05-15 16:00:00,0.995,1.019,0.994,1.008,16487421.7
2026-05-15 20:00:00,1.009,1.012,1.001,1.009,6479077.5
2026-05-16 00:00:00,1.01,1.021,1.008,1.012,9662335.6
2026-05-16 04:00:00,1.012,1.013,0.955,0.973,33260876.6
2026-05-16 08:00:00,0.974,0.978,0.947,0.967,21693398.9
2026-05-16 12:00:00,0.968,0.978,0.965,0.975,9143905.2
2026-05-16 16:00:00,0.976,0.979,0.972,0.975,5269351.1
2026-05-16 20:00:00,0.974,0.977,0.97,0.97,3523055.9
2026-05-17 00:00:00,0.97,0.973,0.959,0.972,7978361.5
2026-05-17 04:00:00,0.971,0.98,0.97,0.976,5049450.0
2026-05-17 08:00:00,0.977,0.981,0.972,0.973,5563659.8
2026-05-17 12:00:00,0.974,0.975,0.957,0.963,8974630.4
2026-05-17 16:00:00,0.964,0.968,0.953,0.966,6963218.9
2026-05-17 20:00:00,0.967,0.972,0.901,0.941,31625152.6
2026-05-18 00:00:00,0.941,0.953,0.933,0.947,15862650.8
2026-05-18 04:00:00,0.947,0.95,0.931,0.936,14670061.5
2026-05-18 08:00:00,0.936,0.948,0.927,0.942,11214835.6
2026-05-18 12:00:00,0.943,0.951,0.924,0.935,22423629.7
2026-05-18 16:00:00,0.935,0.958,0.933,0.954,13484932.8
2026-05-18 20:00:00,0.955,0.962,0.95,0.96,8388694.5
2026-05-19 00:00:00,0.96,0.968,0.954,0.964,8799791.9
2026-05-19 04:00:00,0.963,0.968,0.956,0.961,7376173.5
2026-05-19 08:00:00,0.962,0.962,0.943,0.948,10931915.8
2026-05-19 12:00:00,0.947,0.957,0.934,0.94,15766350.0
2026-05-19 16:00:00,0.94,0.948,0.938,0.941,6404244.8
2026-05-19 20:00:00,0.941,0.946,0.929,0.936,6786419.3
2026-05-20 00:00:00,0.936,0.948,0.933,0.943,9027247.7
2026-05-20 04:00:00,0.944,0.959,0.94,0.956,8415863.2
2026-05-20 08:00:00,0.957,0.96,0.946,0.95,6521537.5
2026-05-20 12:00:00,0.949,0.972,0.942,0.969,17700737.0
2026-05-20 16:00:00,0.969,0.974,0.959,0.967,12459807.5
2026-05-20 20:00:00,0.967,0.971,0.96,0.969,8392959.8
2026-05-21 00:00:00,0.97,0.994,0.968,0.988,14896370.4
2026-05-21 04:00:00,0.988,0.996,0.98,0.99,13309711.9
2026-05-21 08:00:00,0.99,0.998,0.965,0.975,19757200.5
2026-05-21 12:00:00,0.974,0.993,0.972,0.99,16154654.3
2026-05-21 16:00:00,0.99,1.008,0.981,1.008,17223962.1
2026-05-21 20:00:00,1.007,1.022,0.999,1.008,16449863.0
2026-05-22 00:00:00,1.007,1.017,0.994,1.016,11755565.2
2026-05-22 04:00:00,1.017,1.025,1.007,1.014,13586753.9
2026-05-22 08:00:00,1.014,1.03,1.008,1.026,12185200.6
2026-05-22 12:00:00,1.026,1.038,1.01,1.024,26853476.9
2026-05-22 16:00:00,1.024,1.031,0.96,0.977,46532057.9
2026-05-22 20:00:00,0.976,0.992,0.951,0.96,22919000.9
2026-05-23 00:00:00,0.96,0.973,0.952,0.968,12951742.1
2026-05-23 04:00:00,0.968,0.97,0.909,0.925,32935902.7
2026-05-23 08:00:00,0.924,0.939,0.918,0.932,15083449.8
2026-05-23 12:00:00,0.933,0.957,0.927,0.955,16671082.7
2026-05-23 16:00:00,0.954,0.988,0.95,0.979,23552488.4
2026-05-23 20:00:00,0.978,1.013,0.973,0.982,21370964.1
2026-05-24 00:00:00,0.982,0.983,0.969,0.972,8963119.2
2026-05-24 04:00:00,0.972,0.976,0.962,0.974,11431722.9
2026-05-24 08:00:00,0.974,0.979,0.965,0.97,9766774.0
2026-05-24 12:00:00,0.971,0.971,0.937,0.953,20349232.5
2026-05-24 16:00:00,0.953,0.962,0.95,0.952,8742473.7
2026-05-24 20:00:00,0.953,0.957,0.931,0.955,13716207.6
2026-05-25 00:00:00,0.955,0.963,0.95,0.953,7781614.7
2026-05-25 04:00:00,0.954,0.978,0.953,0.97,11098429.9
2026-05-25 08:00:00,0.97,0.982,0.966,0.971,13019730.9
2026-05-25 12:00:00,0.972,0.994,0.966,0.993,14370464.5
2026-05-25 16:00:00,0.993,1.006,0.989,0.995,17391950.9
2026-05-25 20:00:00,0.995,1.0,0.977,0.982,11859332.9
2026-05-26 00:00:00,0.982,0.984,0.966,0.974,14621591.1
2026-05-26 04:00:00,0.975,1.0,0.971,0.985,20253231.9
2026-05-26 08:00:00,0.986,1.019,0.984,1.011,20548385.4
2026-05-26 12:00:00,1.012,1.051,1.008,1.026,52094763.7
2026-05-26 16:00:00,1.025,1.028,0.987,1.008,38490068.1
2026-05-26 20:00:00,1.009,1.014,0.993,1.008,12096639.4
2026-05-27 00:00:00,1.008,1.045,1.001,1.014,46500808.3
2026-05-27 04:00:00,1.014,1.065,0.973,1.034,69971045.0
2026-05-27 08:00:00,1.035,1.068,1.026,1.043,40530802.7
2026-05-27 12:00:00,1.044,1.09,1.034,1.079,64017151.7
2026-05-27 16:00:00,1.079,1.099,1.031,1.059,39279274.0
2026-05-27 20:00:00,1.058,1.067,1.019,1.029,26475953.9
2026-05-28 00:00:00,1.029,1.059,0.977,0.985,61346038.4
2026-05-28 04:00:00,0.984,0.994,0.954,0.973,46906261.9
2026-05-28 08:00:00,0.974,0.976,0.942,0.943,24992517.1
2026-05-28 12:00:00,0.944,0.956,0.928,0.939,31037305.7
2026-05-28 16:00:00,0.939,0.982,0.934,0.961,23358659.5
2026-05-28 20:00:00,0.96,0.969,0.944,0.959,17819605.7
2026-05-29 00:00:00,0.959,0.99,0.958,0.963,25158946.2
2026-05-29 04:00:00,0.964,0.975,0.947,0.956,16826048.4
2026-05-29 08:00:00,0.956,0.968,0.937,0.944,17703892.5
2026-05-29 12:00:00,0.944,0.984,0.922,0.971,38937981.3
2026-05-29 16:00:00,0.972,0.986,0.951,0.965,20967115.3
2026-05-29 20:00:00,0.965,0.967,0.946,0.955,9344231.9
2026-05-30 00:00:00,0.956,1.016,0.954,0.999,26489002.7
2026-05-30 04:00:00,0.999,1.002,0.968,0.981,21319748.1
2026-05-30 08:00:00,0.98,0.985,0.972,0.978,7656769.2
2026-05-30 12:00:00,0.978,0.989,0.964,0.972,18418687.8
2026-05-30 16:00:00,0.972,0.99,0.968,0.98,12534936.3
2026-05-30 20:00:00,0.98,0.992,0.96,0.972,11770650.3
2026-05-31 00:00:00,0.973,0.979,0.958,0.976,11375734.0
2026-05-31 04:00:00,0.977,0.985,0.953,0.96,10635720.1
2026-05-31 08:00:00,0.96,0.967,0.953,0.959,8840679.9
2026-05-31 12:00:00,0.959,0.963,0.934,0.936,19016986.6
2026-05-31 16:00:00,0.936,0.94,0.911,0.919,20846231.2
2026-05-31 20:00:00,0.92,0.945,0.919,0.936,10675465.0
2026-06-01 00:00:00,0.937,0.959,0.925,0.953,18563046.4
2026-06-01 04:00:00,0.953,0.958,0.917,0.92,17607402.3
2026-06-01 08:00:00,0.919,0.928,0.912,0.92,12535239.0
2026-06-01 12:00:00,0.92,0.923,0.891,0.906,37124011.0
2026-06-01 16:00:00,0.906,0.973,0.9,0.972,23200627.0
2026-06-01 20:00:00,0.973,0.974,0.943,0.956,16028866.7
2026-06-02 00:00:00,0.955,0.958,0.927,0.956,21412379.2
2026-06-02 04:00:00,0.956,0.958,0.919,0.93,20177112.4
2026-06-02 08:00:00,0.93,0.939,0.925,0.932,13846639.0
2026-06-02 12:00:00,0.933,0.945,0.874,0.884,54916412.3
2026-06-02 16:00:00,0.884,0.905,0.847,0.868,37694111.3
2026-06-02 20:00:00,0.868,0.888,0.841,0.861,29860643.7
2026-06-03 00:00:00,0.862,0.883,0.848,0.856,25132221.1
2026-06-03 04:00:00,0.856,0.904,0.855,0.9,26153982.0
2026-06-03 08:00:00,0.9,0.972,0.89,0.964,48908920.6
2026-06-03 12:00:00,0.965,0.999,0.947,0.989,50541081.3
2026-06-03 16:00:00,0.99,0.992,0.924,0.93,42358776.1
2026-06-03 20:00:00,0.929,0.953,0.903,0.925,28059886.5
2026-06-04 00:00:00,0.926,0.937,0.825,0.893,63238603.1
2026-06-04 04:00:00,0.893,0.896,0.849,0.851,39235999.2
2026-06-04 08:00:00,0.85,0.864,0.827,0.847,43020048.8
2026-06-04 12:00:00,0.846,0.891,0.834,0.887,38918765.1
2026-06-04 16:00:00,0.886,0.903,0.869,0.893,33023820.2
2026-06-04 20:00:00,0.893,0.901,0.839,0.866,31771002.4
2026-06-05 00:00:00,0.865,0.875,0.819,0.829,36694746.5
2026-06-05 04:00:00,0.829,0.853,0.763,0.805,82096014.4
2026-06-05 08:00:00,0.806,0.806,0.774,0.782,37746870.1
2026-06-05 12:00:00,0.783,0.801,0.722,0.737,187187158.3
2026-06-05 16:00:00,0.736,0.746,0.697,0.729,99982845.5
2026-06-05 20:00:00,0.728,0.75,0.72,0.733,35281035.6
2026-06-06 00:00:00,0.734,0.748,0.716,0.718,19110836.7
2026-06-06 04:00:00,0.718,0.726,0.668,0.723,58091343.7
2026-06-06 08:00:00,0.723,0.739,0.707,0.723,27583520.4
2026-06-06 12:00:00,0.724,0.736,0.714,0.726,23969115.6
2026-06-06 16:00:00,0.726,0.734,0.714,0.722,17916148.1
2026-06-06 20:00:00,0.722,0.735,0.721,0.731,9732701.6
2026-06-07 00:00:00,0.73,0.752,0.727,0.748,18984536.6
2026-06-07 04:00:00,0.748,0.76,0.74,0.76,16317212.8
2026-06-07 08:00:00,0.759,0.776,0.753,0.771,18557083.8
2026-06-07 12:00:00,0.771,0.774,0.746,0.764,28054272.1
2026-06-07 16:00:00,0.764,0.766,0.738,0.742,21065176.2
2026-06-07 20:00:00,0.743,0.802,0.739,0.772,27725415.9
2026-06-08 00:00:00,0.772,0.784,0.759,0.768,18927384.3
2026-06-08 04:00:00,0.769,0.769,0.754,0.767,13464378.5
2026-06-08 08:00:00,0.768,0.786,0.76,0.779,15717019.3
2026-06-08 12:00:00,0.78,0.787,0.769,0.78,21708165.9
2026-06-08 16:00:00,0.781,0.791,0.776,0.786,13192189.3
2026-06-08 20:00:00,0.787,0.792,0.77,0.774,12835880.9
2026-06-09 00:00:00,0.774,0.777,0.754,0.762,18122709.1
2026-06-09 04:00:00,0.762,0.779,0.759,0.771,12595497.6
2026-06-09 08:00:00,0.771,0.776,0.762,0.767,16578537.4
2026-06-09 12:00:00,0.767,0.782,0.747,0.751,35023410.4
2026-06-09 16:00:00,0.75,0.775,0.739,0.772,31031970.4
2026-06-09 20:00:00,0.772,0.778,0.758,0.761,12604067.6
2026-06-10 00:00:00,0.762,0.77,0.749,0.756,16704299.3
2026-06-10 04:00:00,0.757,0.759,0.746,0.754,14862196.0
2026-06-10 08:00:00,0.754,0.756,0.734,0.739,26243925.2
2026-06-10 12:00:00,0.739,0.769,0.736,0.755,47814158.5
2026-06-10 16:00:00,0.756,0.758,0.733,0.736,40272648.3
2026-06-10 20:00:00,0.737,0.739,0.719,0.734,33975354.1
2026-06-11 00:00:00,0.733,0.768,0.733,0.759,24412417.7
2026-06-11 04:00:00,0.759,0.766,0.751,0.754,14306744.6
2026-06-11 08:00:00,0.754,0.761,0.748,0.755,17094064.2
2026-06-11 12:00:00,0.755,0.758,0.742,0.753,26636343.0
2026-06-11 16:00:00,0.753,0.775,0.742,0.764,33544418.1
2026-06-11 20:00:00,0.765,0.769,0.753,0.757,13983205.4
2026-06-12 00:00:00,0.757,0.763,0.749,0.76,13588011.8
2026-06-12 04:00:00,0.76,0.762,0.742,0.749,19462292.9
2026-06-12 08:00:00,0.749,0.761,0.748,0.754,18381651.2
2026-06-12 12:00:00,0.754,0.764,0.739,0.744,45065576.0
2026-06-12 16:00:00,0.744,0.761,0.741,0.749,26235842.6
2026-06-12 20:00:00,0.75,0.754,0.742,0.748,13264013.2
2026-06-13 00:00:00,0.748,0.765,0.747,0.759,19102592.7
2026-06-13 04:00:00,0.759,0.781,0.754,0.775,34745200.4
2026-06-13 08:00:00,0.776,0.786,0.773,0.782,24115493.5
2026-06-13 12:00:00,0.783,0.799,0.779,0.792,21825044.1
2026-06-13 16:00:00,0.792,0.794,0.779,0.788,21575544.5
2026-06-13 20:00:00,0.789,0.793,0.782,0.784,13207196.6
2026-06-14 00:00:00,0.784,0.785,0.772,0.775,14360322.0
2026-06-14 04:00:00,0.775,0.778,0.763,0.767,17751050.5
2026-06-14 08:00:00,0.768,0.778,0.766,0.771,14686686.9
2026-06-14 12:00:00,0.771,0.773,0.752,0.759,19691858.3
2026-06-14 16:00:00,0.759,0.762,0.752,0.757,11879782.3
2026-06-14 20:00:00,0.757,0.797,0.756,0.794,31411994.8
2026-06-15 00:00:00,0.794,0.807,0.784,0.802,19157229.3
2026-06-15 04:00:00,0.803,0.812,0.798,0.8,18231428.3
2026-06-15 08:00:00,0.8,0.824,0.796,0.817,24124050.8
2026-06-15 12:00:00,0.818,0.823,0.804,0.815,23566658.9
2026-06-15 16:00:00,0.814,0.819,0.796,0.802,22989472.2
2026-06-15 20:00:00,0.802,0.806,0.785,0.795,19256813.4
2026-06-16 00:00:00,0.794,0.799,0.782,0.798,14389824.0
2026-06-16 04:00:00,0.798,0.801,0.787,0.8,13974270.4
2026-06-16 08:00:00,0.8,0.811,0.795,0.8,17825049.4
2026-06-16 12:00:00,0.8,0.807,0.773,0.784,37989909.8
2026-06-16 16:00:00,0.783,0.804,0.781,0.799,27324701.3
2026-06-16 20:00:00,0.798,0.82,0.795,0.808,21700941.7
2026-06-17 00:00:00,0.807,0.831,0.805,0.817,20327495.3
2026-06-17 04:00:00,0.816,0.824,0.81,0.814,21717265.5
2026-06-17 08:00:00,0.815,0.818,0.8,0.802,25804462.8
2026-06-17 12:00:00,0.803,0.832,0.796,0.83,34614312.0
2026-06-17 16:00:00,0.831,0.832,0.78,0.785,52707769.5
2026-06-17 20:00:00,0.785,0.804,0.775,0.798,19973166.9
2026-06-18 00:00:00,0.798,0.808,0.788,0.791,12647579.8
2026-06-18 04:00:00,0.791,0.794,0.776,0.79,18860097.1
2026-06-18 08:00:00,0.79,0.801,0.784,0.786,10667794.3
2026-06-18 12:00:00,0.786,0.802,0.754,0.757,43915204.1
2026-06-18 16:00:00,0.757,0.788,0.755,0.782,24122318.5
2026-06-18 20:00:00,0.783,0.8,0.782,0.798,17860001.8
2026-06-19 00:00:00,0.799,0.804,0.772,0.783,22191817.0
2026-06-19 04:00:00,0.782,0.787,0.764,0.767,17858311.0
2026-06-19 08:00:00,0.768,0.775,0.765,0.767,12377779.0
2026-06-19 12:00:00,0.767,0.806,0.761,0.806,24026928.7
2026-06-19 16:00:00,0.806,0.808,0.778,0.782,25244425.8
2026-06-19 20:00:00,0.783,0.794,0.779,0.791,10713445.9
2026-06-20 00:00:00,0.792,0.798,0.782,0.785,8239047.3
2026-06-20 04:00:00,0.785,0.797,0.784,0.785,8781340.2
2026-06-20 08:00:00,0.785,0.792,0.78,0.782,6228293.1
2026-06-20 12:00:00,0.783,0.793,0.773,0.791,15778171.5
2026-06-20 16:00:00,0.791,0.791,0.775,0.78,8485647.4
2026-06-20 20:00:00,0.781,0.79,0.777,0.787,4998696.9
2026-06-21 00:00:00,0.787,0.796,0.784,0.794,6255233.9
2026-06-21 04:00:00,0.795,0.798,0.785,0.796,7301263.7
2026-06-21 08:00:00,0.796,0.809,0.787,0.805,15590587.4
2026-06-21 12:00:00,0.805,0.826,0.797,0.814,20323187.8
2026-06-21 16:00:00,0.814,0.815,0.799,0.801,8977752.5
2026-06-21 20:00:00,0.802,0.802,0.778,0.782,15015824.2
2026-06-22 00:00:00,0.781,0.82,0.78,0.805,18579213.6
2026-06-22 04:00:00,0.805,0.811,0.8,0.805,10382736.7
2026-06-22 08:00:00,0.806,0.814,0.797,0.81,11250176.9
2026-06-22 12:00:00,0.811,0.819,0.8,0.803,17202811.3
2026-06-22 16:00:00,0.803,0.813,0.786,0.789,13261485.5
2026-06-22 20:00:00,0.79,0.796,0.778,0.787,11031464.8
2026-06-23 00:00:00,0.788,0.803,0.782,0.802,8827335.3
2026-06-23 04:00:00,0.803,0.804,0.764,0.767,20270720.0
2026-06-23 08:00:00,0.767,0.771,0.736,0.756,27742538.4
2026-06-23 12:00:00,0.757,0.783,0.754,0.768,21042005.6
2026-06-23 16:00:00,0.768,0.78,0.762,0.777,10087810.0
2026-06-23 20:00:00,0.777,0.806,0.777,0.788,18910967.0
2026-06-24 00:00:00,0.788,0.795,0.781,0.782,9615306.0
2026-06-24 04:00:00,0.782,0.787,0.772,0.776,7806358.1
2026-06-24 08:00:00,0.776,0.782,0.764,0.774,10764814.5
2026-06-24 12:00:00,0.775,0.778,0.734,0.738,36054649.6
2026-06-24 16:00:00,0.738,0.75,0.697,0.719,45436630.0
2026-06-24 20:00:00,0.72,0.759,0.718,0.749,18655119.4
2026-06-25 00:00:00,0.75,0.751,0.739,0.746,9487793.5
2026-06-25 04:00:00,0.747,0.773,0.743,0.761,11898565.7
2026-06-25 08:00:00,0.761,0.762,0.75,0.753,8559050.5
2026-06-25 12:00:00,0.752,0.762,0.685,0.72,58102929.4
2026-06-25 16:00:00,0.72,0.734,0.71,0.722,22563966.9
2026-06-25 20:00:00,0.723,0.742,0.721,0.736,11202281.3
2026-06-26 00:00:00,0.737,0.739,0.7,0.729,26789075.2
2026-06-26 04:00:00,0.729,0.745,0.718,0.743,17026932.7
2026-06-26 08:00:00,0.743,0.745,0.716,0.718,17423653.1
2026-06-26 12:00:00,0.718,0.74,0.708,0.735,35418259.8
2026-06-26 16:00:00,0.735,0.758,0.732,0.741,26393374.6
2026-06-26 20:00:00,0.742,0.753,0.739,0.744,12966191.0
2026-06-27 00:00:00,0.743,0.754,0.738,0.746,9713264.9
2026-06-27 04:00:00,0.746,0.754,0.74,0.746,7595957.3
2026-06-27 08:00:00,0.746,0.748,0.737,0.744,6730223.5
2026-06-27 12:00:00,0.744,0.755,0.739,0.749,8252138.3
2026-06-27 16:00:00,0.749,0.752,0.728,0.732,15836995.8
2026-06-27 20:00:00,0.732,0.736,0.723,0.726,8793520.9
2026-06-28 00:00:00,0.726,0.734,0.726,0.733,6945801.0
2026-06-28 04:00:00,0.733,0.735,0.723,0.732,7102082.1
2026-06-28 08:00:00,0.732,0.739,0.723,0.729,7937642.4
2026-06-28 12:00:00,0.728,0.729,0.718,0.721,11619435.2
2026-06-28 16:00:00,0.721,0.726,0.712,0.715,13231358.5
2026-06-28 20:00:00,0.716,0.722,0.7,0.716,14175470.4
2026-06-29 00:00:00,0.716,0.728,0.705,0.727,20312828.0
2026-06-29 04:00:00,0.727,0.729,0.711,0.721,10993212.4
2026-06-29 08:00:00,0.721,0.728,0.715,0.716,12852346.0
2026-06-29 12:00:00,0.717,0.732,0.706,0.723,29347301.8
2026-06-29 16:00:00,0.722,0.747,0.72,0.737,21865512.1
2026-06-29 20:00:00,0.738,0.739,0.727,0.731,7810635.4
2026-06-30 00:00:00,0.732,0.734,0.719,0.726,9319348.6
2026-06-30 04:00:00,0.726,0.73,0.721,0.723,5494545.1
2026-06-30 08:00:00,0.723,0.743,0.719,0.722,16262345.8
2026-06-30 12:00:00,0.721,0.722,0.703,0.714,23503538.3
2026-06-30 16:00:00,0.714,0.734,0.71,0.726,13680727.5
2026-06-30 20:00:00,0.725,0.726,0.713,0.718,5876303.7
2026-07-01 00:00:00,0.718,0.736,0.7,0.732,16990859.2
2026-07-01 04:00:00,0.733,0.738,0.716,0.721,12181870.2
2026-07-01 08:00:00,0.722,0.733,0.716,0.727,10370214.5
2026-07-01 12:00:00,0.728,0.753,0.719,0.745,26020965.1
2026-07-01 16:00:00,0.745,0.747,0.733,0.735,7665011.0
2026-07-01 20:00:00,0.735,0.756,0.732,0.736,8618095.1
2026-07-02 00:00:00,0.736,0.755,0.731,0.755,16617364.4
2026-07-02 04:00:00,0.755,0.762,0.746,0.759,8816424.1
2026-07-02 08:00:00,0.759,0.784,0.757,0.783,18881878.9
2026-07-02 12:00:00,0.783,0.789,0.773,0.78,17739685.0
2026-07-02 16:00:00,0.779,0.784,0.774,0.776,7803713.1
2026-07-02 20:00:00,0.776,0.778,0.766,0.773,5345379.5
2026-07-03 00:00:00,0.773,0.787,0.77,0.779,8634324.6
2026-07-03 04:00:00,0.78,0.787,0.773,0.781,8433395.5
2026-07-03 08:00:00,0.781,0.794,0.779,0.791,10096024.0
2026-07-03 12:00:00,0.791,0.809,0.785,0.799,16510940.9
2026-07-03 16:00:00,0.798,0.807,0.794,0.802,8041743.2
2026-07-03 20:00:00,0.802,0.815,0.796,0.806,9093467.5
2026-07-04 00:00:00,0.805,0.81,0.795,0.802,8087539.5
2026-07-04 04:00:00,0.803,0.803,0.789,0.794,7077011.6
2026-07-04 08:00:00,0.794,0.805,0.791,0.797,7325699.7
2026-07-04 12:00:00,0.797,0.812,0.796,0.808,7289495.2
2026-07-04 16:00:00,0.808,0.817,0.801,0.803,7472411.0
2026-07-04 20:00:00,0.804,0.805,0.792,0.796,6048282.1
2026-07-05 00:00:00,0.797,0.798,0.781,0.783,10191398.1
2026-07-05 04:00:00,0.783,0.79,0.779,0.787,4530192.6
2026-07-05 08:00:00,0.788,0.792,0.774,0.78,8255801.6
2026-07-05 12:00:00,0.78,0.791,0.776,0.786,6056039.8
2026-07-05 16:00:00,0.785,0.794,0.782,0.79,4798003.9
2026-07-05 20:00:00,0.789,0.807,0.786,0.799,10732020.3
2026-07-06 00:00:00,0.8,0.807,0.788,0.791,10186156.8
2026-07-06 04:00:00,0.79,0.793,0.777,0.784,6190042.4
2026-07-06 08:00:00,0.784,0.787,0.773,0.774,6087811.6
2026-07-06 12:00:00,0.774,0.799,0.758,0.796,26328764.5
2026-07-06 16:00:00,0.797,0.806,0.79,0.795,10666415.4
2026-07-06 20:00:00,0.795,0.815,0.79,0.794,7408401.0
2026-07-07 00:00:00,0.795,0.798,0.776,0.779,8940657.1
2026-07-07 04:00:00,0.778,0.787,0.772,0.78,6667360.9
2026-07-07 08:00:00,0.78,0.786,0.777,0.785,4310522.0
2026-07-07 12:00:00,0.786,0.797,0.772,0.795,12781436.6
2026-07-07 16:00:00,0.795,0.802,0.776,0.784,10839462.1
2026-07-07 20:00:00,0.785,0.787,0.769,0.773,6840394.0
2026-07-08 00:00:00,0.774,0.783,0.753,0.76,15526644.5
2026-07-08 04:00:00,0.759,0.769,0.757,0.764,7298523.6
2026-07-08 08:00:00,0.7641,0.7646,0.7426,0.7514,24542981.4
2026-07-08 12:00:00,0.7514,0.761,0.7469,0.7541,16453379.3
2026-07-08 16:00:00,0.7542,0.768,0.753,0.7641,10318136.2
2026-07-08 20:00:00,0.7641,0.765,0.7526,0.7646,7953084.1
2026-07-09 00:00:00,0.7646,0.7764,0.7603,0.7698,16426039.8
2026-07-09 04:00:00,0.7698,0.7828,0.7679,0.7753,9989237.1
2026-07-09 08:00:00,0.7752,0.7785,0.7693,0.7724,6552674.6
2026-07-09 12:00:00,0.7724,0.7905,0.77,0.785,11815273.7
2026-07-09 16:00:00,0.785,0.7995,0.78,0.7812,10288493.0
2026-07-09 20:00:00,0.7812,0.7851,0.7779,0.7801,5502561.7
2026-07-10 00:00:00,0.7801,0.7979,0.774,0.7876,9936613.1
2026-07-10 04:00:00,0.7877,0.7965,0.7862,0.7932,5697487.2
2026-07-10 08:00:00,0.7931,0.8145,0.7922,0.8131,11281960.5
2026-07-10 12:00:00,0.8131,0.816,0.7863,0.7984,15821441.0
2026-07-10 16:00:00,0.7984,0.8038,0.7879,0.7887,12003997.6
2026-07-10 20:00:00,0.7887,0.7931,0.7823,0.7868,5242370.6
2026-07-11 00:00:00,0.7868,0.7921,0.7835,0.7872,4159577.7
2026-07-11 04:00:00,0.7872,0.7922,0.7838,0.7896,3203051.3
2026-07-11 08:00:00,0.7896,0.7942,0.7863,0.7908,4958422.7
2026-07-11 12:00:00,0.7909,0.798,0.7884,0.7933,5874272.2
2026-07-11 16:00:00,0.7932,0.7961,0.7894,0.7934,3306966.2
2026-07-11 20:00:00,0.7933,0.7997,0.7682,0.7706,16698033.1
2026-07-12 00:00:00,0.7706,0.7864,0.7656,0.7855,10331528.2
2026-07-12 04:00:00,0.7856,0.791,0.7797,0.7835,6431868.3
2026-07-12 08:00:00,0.7835,0.79,0.7816,0.7841,3963993.1
2026-07-12 12:00:00,0.7841,0.7867,0.77,0.7749,11778618.2
2026-07-12 16:00:00,0.775,0.7789,0.7712,0.7782,3537532.8
2026-07-12 20:00:00,0.7782,0.781,0.7651,0.7715,8562170.5
2026-07-13 00:00:00,0.7715,0.7865,0.753,0.7604,20918328.5
2026-07-13 04:00:00,0.7603,0.7715,0.7585,0.7622,8340205.6
2026-07-13 08:00:00,0.7623,0.7647,0.756,0.7597,6702002.9
2026-07-13 12:00:00,0.7598,0.7622,0.75,0.7542,13838359.7
2026-07-13 16:00:00,0.7542,0.7593,0.7474,0.7546,13408226.1
2026-07-13 20:00:00,0.7546,0.7547,0.733,0.7489,16406064.6
2026-07-14 00:00:00,0.7489,0.7587,0.7481,0.7586,9280336.0
2026-07-14 04:00:00,0.7586,0.7647,0.7558,0.7567,5667546.4
2026-07-14 08:00:00,0.7566,0.76,0.751,0.7566,7336610.8
2026-07-14 12:00:00,0.7567,0.7806,0.7546,0.7754,19286587.5
2026-07-14 16:00:00,0.7754,0.7864,0.7714,0.7818,9958389.9
2026-07-14 20:00:00,0.7818,0.7878,0.7781,0.7846,5879825.6
2026-07-15 00:00:00,0.7847,0.7922,0.7806,0.7832,6051766.8
2026-07-15 04:00:00,0.7831,0.7866,0.7767,0.7798,6114176.5
2026-07-15 08:00:00,0.7798,0.7931,0.7785,0.7906,6204801.4
2026-07-15 12:00:00,0.7906,0.8062,0.7874,0.7938,13711208.9
2026-07-15 16:00:00,0.7938,0.8026,0.7849,0.7887,9847202.3
2026-07-15 20:00:00,0.7887,0.7949,0.787,0.7887,4030165.5
2026-07-16 00:00:00,0.7886,0.7916,0.7754,0.7848,9624400.8
2026-07-16 04:00:00,0.7848,0.7876,0.7767,0.7803,4209657.5
2026-07-16 08:00:00,0.7804,0.7808,0.7694,0.7746,8617644.9
2026-07-16 12:00:00,0.7746,0.7882,0.77,0.7846,8820877.4
2026-07-16 16:00:00,0.7847,0.7849,0.7724,0.7768,5045019.4
2026-07-16 20:00:00,0.7768,0.7799,0.7629,0.7692,6472871.4
2026-07-17 00:00:00,0.7692,0.779,0.7647,0.7738,7046264.9
2026-07-17 04:00:00,0.7738,0.7745,0.7632,0.7646,5903374.0
2026-07-17 08:00:00,0.7647,0.7747,0.7574,0.7745,5835388.9
2026-07-17 12:00:00,0.7746,0.7749,0.7504,0.7642,17414642.8
2026-07-17 16:00:00,0.7643,0.7725,0.7612,0.7637,6393084.1
2026-07-17 20:00:00,0.7636,0.7653,0.7604,0.7642,2823049.8
2026-07-18 00:00:00,0.7643,0.7674,0.7629,0.7654,2029611.7
2026-07-18 04:00:00,0.7654,0.7656,0.7558,0.757,3031865.1
2026-07-18 08:00:00,0.7571,0.7595,0.7516,0.756,4201909.3
2026-07-18 12:00:00,0.756,0.7575,0.7347,0.7446,12844805.3
2026-07-18 16:00:00,0.7446,0.7524,0.7435,0.7484,4065285.8
2026-07-18 20:00:00,0.7485,0.7506,0.7471,0.749,2825331.2
2026-07-19 00:00:00,0.7491,0.7543,0.7474,0.7494,3793813.3
2026-07-19 04:00:00,0.7495,0.7497,0.7416,0.7428,3310237.1
2026-07-19 08:00:00,0.7429,0.7439,0.726,0.7289,13752509.5
2026-07-19 12:00:00,0.7289,0.7289,0.7171,0.7239,13816274.2
2026-07-19 16:00:00,0.7239,0.7253,0.7095,0.715,15052782.3
2026-07-19 20:00:00,0.715,0.72,0.7111,0.7194,8151905.6
2026-07-20 00:00:00,0.7194,0.7262,0.7145,0.7193,11506639.4
2026-07-20 04:00:00,0.7193,0.7195,0.7022,0.7098,15306679.8
2026-07-20 08:00:00,0.7097,0.7165,0.7,0.7163,11257858.9
2026-07-20 12:00:00,0.7163,0.7345,0.7108,0.7326,16826735.5
2026-07-20 16:00:00,0.7325,0.742,0.7258,0.731,17110759.5
2026-07-20 20:00:00,0.7311,0.7386,0.7306,0.7351,4676141.6
2026-07-21 00:00:00,0.735,0.7454,0.731,0.7427,6404467.2
2026-07-21 04:00:00,0.7428,0.7464,0.7376,0.7461,8159984.7
2026-07-21 08:00:00,0.7461,0.76,0.7444,0.7494,15796523.2
2026-07-21 12:00:00,0.7495,0.76,0.748,0.7578,10525150.3
2026-07-21 16:00:00,0.7578,0.7839,0.7478,0.7745,20074996.5
2026-07-21 20:00:00,0.7745,0.7816,0.7676,0.7692,8723744.9
2026-07-22 00:00:00,0.7692,0.7806,0.7676,0.7694,8129934.6
2026-07-22 04:00:00,0.7694,0.7749,0.7642,0.7701,7824116.2
2026-07-22 08:00:00,0.7702,0.7757,0.7628,0.7686,7733060.0
2026-07-22 12:00:00,0.7685,0.772,0.7573,0.7692,9675251.2
2026-07-22 16:00:00,0.7692,0.7746,0.7606,0.7629,6628900.7
2026-07-22 20:00:00,0.7629,0.7677,0.7554,0.762,6529630.8
2026-07-23 00:00:00,0.7619,0.7649,0.7381,0.7409,11749576.3
2026-07-23 04:00:00,0.7409,0.7454,0.7283,0.7333,11690883.8
2026-07-23 08:00:00,0.7333,0.7409,0.7328,0.7363,8961914.3
2026-07-23 12:00:00,0.7363,0.737,0.7231,0.7266,14235235.7
2026-07-23 16:00:00,0.7267,0.7315,0.7216,0.7275,5936424.6
2026-07-23 20:00:00,0.7275,0.7319,0.7249,0.7274,3770843.7
2026-07-24 00:00:00,0.7274,0.7294,0.7223,0.7292,6747646.9
2026-07-24 04:00:00,0.7292,0.7387,0.7247,0.7333,5630530.3
2026-07-24 08:00:00,0.7334,0.7347,0.7274,0.7308,3691673.2
2026-07-24 12:00:00,0.7309,0.732,0.7102,0.7239,15501059.8
2026-07-24 16:00:00,0.724,0.729,0.7224,0.726,4603331.6
2026-07-24 20:00:00,0.726,0.7269,0.7154,0.7189,3959673.0
2026-07-25 00:00:00,0.7188,0.7225,0.717,0.7218,3205731.8
2026-07-25 04:00:00,0.7219,0.7281,0.7168,0.7169,4030131.1
2026-07-25 08:00:00,0.7169,0.7188,0.7135,0.7184,3757619.2
2026-07-25 12:00:00,0.7184,0.7245,0.7171,0.7216,6140806.9
2026-07-25 16:00:00,0.7216,0.7325,0.7212,0.731,6681685.3
2026-07-25 20:00:00,0.731,0.7409,0.7291,0.7359,6614154.1
2026-07-26 00:00:00,0.7358,0.7401,0.7316,0.7361,6000871.9
2026-07-26 04:00:00,0.7361,0.7515,0.7354,0.7488,9058503.3
2026-07-26 08:00:00,0.7488,0.7531,0.7463,0.748,6651118.3
2026-07-26 12:00:00,0.748,0.7502,0.7415,0.7453,8330734.3
2026-07-26 16:00:00,0.7453,0.7498,0.7308,0.7379,8555926.7
2026-07-26 20:00:00,0.7379,0.7463,0.7342,0.7446,6312923.2
2026-07-27 00:00:00,0.7446,0.7559,0.7376,0.752,8864651.8
2026-07-27 04:00:00,0.7521,0.7532,0.7406,0.7413,6611073.6
2026-07-27 08:00:00,0.7413,0.7432,0.7354,0.7413,4808097.4
2026-07-27 12:00:00,0.7412,0.7516,0.7166,0.7207,17058827.9
2026-07-27 16:00:00,0.7208,0.7261,0.7114,0.7149,10714739.4
2026-07-27 20:00:00,0.7149,0.7195,0.6872,0.6938,21950500.1
2026-07-28 00:00:00,0.6937,0.7002,0.6835,0.6993,14645110.0
2026-07-28 04:00:00,0.6992,0.6996,0.6916,0.6936,6401136.7
2026-07-28 08:00:00,0.6936,0.6986,0.6921,0.6976,5560417.0
2026-07-28 12:00:00,0.6977,0.7049,0.6866,0.7037,13278083.8
2026-07-28 16:00:00,0.7038,0.7077,0.6956,0.7022,6076875.3
2026-07-28 20:00:00,0.7022,0.7075,0.6996,0.7062,5221866.0
2026-07-29 00:00:00,0.7061,0.7113,0.6844,0.6856,11848552.3
2026-07-29 04:00:00,0.6856,0.6965,0.6775,0.6958,10617080.1
2026-07-29 08:00:00,0.6958,0.6977,0.6894,0.6914,4517629.1
2026-07-29 12:00:00,0.6915,0.6943,0.6865,0.6883,7816624.4
2026-07-29 16:00:00,0.6882,0.6884,0.6629,0.6653,30381676.8
2026-07-29 20:00:00,0.6654,0.6797,0.6531,0.6782,13159572.1
2026-07-30 00:00:00,0.6782,0.688,0.6766,0.6855,7845098.9
2026-07-30 04:00:00,0.6855,0.6869,0.6746,0.6807,6667047.3
2026-07-30 08:00:00,0.6807,0.6991,0.6803,0.6929,10392627.8
2026-07-30 12:00:00,0.6929,0.7095,0.6894,0.7067,11264521.1
2026-07-30 16:00:00,0.7068,0.7295,0.7023,0.7199,17862043.0
2026-07-30 20:00:00,0.7199,0.7269,0.7119,0.7128,7597376.5
2026-07-31 00:00:00,0.7128,0.7213,0.7057,0.7119,7805229.7
2026-07-31 04:00:00,0.7119,0.7185,0.709,0.717,5525947.8
2026-07-31 08:00:00,0.7171,0.721,0.7099,0.7181,9262942.5
2026-07-31 12:00:00,0.7182,0.7242,0.7102,0.7174,16541873.4
2026-07-31 16:00:00,0.7175,0.727,0.7136,0.7161,8890564.9
2026-07-31 20:00:00,0.7161,0.7181,0.7109,0.7151,4236680.2
2026-08-01 00:00:00,0.7151,0.7212,0.7133,0.7202,5840037.1
2026-08-01 04:00:00,0.7203,0.7264,0.7179,0.7217,5825418.1
2026-08-01 08:00:00,0.7217,0.7286,0.7046,0.711,11788640.0
2026-08-01 12:00:00,0.711,0.7132,0.7062,0.7107,5028015.3
2026-08-01 16:00:00,0.7106,0.7123,0.6896,0.6975,13927189.8
2026-08-01 20:00:00,0.6974,0.7018,0.6964,0.7004,2968514.5
2026-08-02 00:00:00,0.7003,0.7161,0.6996,0.7127,8533688.8
2026-08-02 04:00:00,0.7128,0.7198,0.7126,0.7173,5060579.3
2026-08-02 08:00:00,0.7173,0.7179,0.7117,0.7144,5256893.1
2026-08-02 12:00:00,0.7144,0.7256,0.7144,0.7194,7898194.0
2026-08-02 16:00:00,0.7193,0.7238,0.7174,0.7216,4185693.2
2026-08-02 20:00:00,0.7217,0.7232,0.7161,0.7185,3431536.9
2026-08-03 00:00:00,0.7184,0.7196,0.7104,0.7147,6360650.2
2026-08-03 04:00:00,0.7147,0.7183,0.7073,0.7091,5615429.9
2026-08-03 08:00:00,0.7091,0.7168,0.7036,0.7143,6004161.0
2026-08-03 12:00:00,0.7143,0.7342,0.7133,0.724,13674474.2
2026-08-03 16:00:00,0.724,0.7283,0.7216,0.7256,4995975.9
2026-08-03 20:00:00,0.7255,0.7268,0.7158,0.7236,6663756.1
2026-08-04 00:00:00,0.7237,0.7283,0.7177,0.7192,6827090.5
2026-08-04 04:00:00,0.7191,0.7242,0.7132,0.7176,4822945.3
2026-08-04 08:00:00,0.7176,0.7188,0.7105,0.714,6300761.8
2026-08-04 12:00:00,0.7139,0.7155,0.706,0.7121,7502450.3
2026-08-04 16:00:00,0.7121,0.7178,0.7108,0.7163,5214779.7
2026-08-04 20:00:00,0.7162,0.7253,0.7134,0.7184,6247786.3
2026-08-05 00:00:00,0.7184,0.7203,0.7105,0.7117,6144413.3
2026-08-05 04:00:00,0.7117,0.7174,0.7102,0.7166,4737383.0
2026-08-05 08:00:00,0.7166,0.7179,0.7063,0.7073,7650358.3
2026-08-05 12:00:00,0.7073,0.7227,0.7036,0.7169,13424959.8
2026-08-05 16:00:00,0.7169,0.7308,0.7136,0.7195,7053314.0
2026-08-05 20:00:00,0.7196,0.7266,0.7175,0.7198,5002933.5
2026-08-06 00:00:00,0.7198,0.7223,0.7061,0.7119,7495533.0
2026-08-06 04:00:00,0.7118,0.7184,0.7106,0.713,4393082.5
2026-08-06 08:00:00,0.7129,0.7134,0.6783,0.6884,30665375.1
2026-08-06 12:00:00,0.6884,0.712,0.6834,0.7087,21079675.4
2026-08-06 16:00:00,0.7087,0.7382,0.697,0.6999,37783084.0
2026-08-06 20:00:00,0.6999,0.7062,0.6998,0.7035,4822569.3
2026-08-07 00:00:00,0.7036,0.7057,0.6854,0.6912,12002542.2
2026-08-07 04:00:00,0.6913,0.6967,0.6895,0.6953,7404178.8
2026-08-07 08:00:00,0.6952,0.6963,0.6845,0.6945,9118148.5
2026-08-07 12:00:00,0.6946,0.7007,0.6868,0.6942,10956398.2
2026-08-07 16:00:00,0.6942,0.696,0.668,0.6831,23498611.3
2026-08-07 20:00:00,0.6831,0.6859,0.6787,0.6833,5482397.0
2026-08-08 00:00:00,0.6833,0.6971,0.6815,0.6969,6505167.7
2026-08-08 04:00:00,0.6969,0.7045,0.6928,0.7036,6027481.8
2026-08-08 08:00:00,0.7035,0.7267,0.7004,0.7148,20725849.6
2026-08-08 12:00:00,0.7147,0.7192,0.7111,0.7165,8057628.6
2026-08-08 16:00:00,0.7165,0.7199,0.7157,0.7161,4538208.1
2026-08-08 20:00:00,0.716,0.7187,0.7035,0.7099,7632158.4
2026-08-09 00:00:00,0.7099,0.7154,0.7082,0.7098,5914308.6
2026-08-09 04:00:00,0.7098,0.7149,0.7085,0.7106,4371710.6
2026-08-09 08:00:00,0.7106,0.7134,0.705,0.7082,4480798.1
2026-08-09 12:00:00,0.7082,0.7127,0.7067,0.7116,3616424.9
2026-08-09 16:00:00,0.7116,0.7126,0.7071,0.712,3497452.8
2026-08-09 20:00:00,0.712,0.717,0.6967,0.6999,9794331.9
2026-08-10 00:00:00,0.6999,0.7088,0.6983,0.7011,5924641.4
2026-08-10 04:00:00,0.7011,0.7087,0.7001,0.7055,5610432.5
2026-08-10 08:00:00,0.7055,0.7068,0.6939,0.7019,9071537.5
2026-08-10 12:00:00,0.702,0.704,0.6901,0.6969,10170083.2
2026-08-10 16:00:00,0.6968,0.7074,0.6925,0.7043,5406751.9
2026-08-10 20:00:00,0.7043,0.7068,0.6982,0.7025,3791016.9
2026-08-11 00:00:00,0.7026,0.7097,0.6987,0.7077,5427160.7
2026-08-11 04:00:00,0.7077,0.7082,0.6963,0.6977,7287916.4
2026-08-11 08:00:00,0.6977,0.7063,0.6976,0.7041,4314252.3
2026-08-11 12:00:00,0.7042,0.7077,0.6862,0.6946,14775218.0
2026-08-11 16:00:00,0.6947,0.7094,0.6926,0.7091,7596872.2
2026-08-11 20:00:00,0.7091,0.7175,0.7086,0.7111,7387471.8
2026-08-12 00:00:00,0.711,0.7129,0.7056,0.7079,4085421.4
2026-08-12 04:00:00,0.7078,0.7094,0.6986,0.7018,5422596.2
2026-08-12 08:00:00,0.7018,0.7035,0.6977,0.7011,6325453.8
2026-08-12 12:00:00,0.7011,0.7074,0.6964,0.6988,10286350.0
2026-08-12 16:00:00,0.6988,0.7014,0.6866,0.6879,7868610.5
2026-08-12 20:00:00,0.6878,0.6919,0.6569,0.6691,28705878.9
2026-08-13 00:00:00,0.6691,0.6784,0.6658,0.6758,11189097.8
2026-08-13 04:00:00,0.6758,0.6822,0.6748,0.6772,7900371.1
2026-08-13 08:00:00,0.6771,0.6777,0.6682,0.6706,9561005.7
2026-08-13 12:00:00,0.6706,0.6798,0.662,0.6666,12370904.2
2026-08-13 16:00:00,0.6666,0.6749,0.6638,0.6739,8221964.3
2026-08-13 20:00:00,0.674,0.6775,0.6712,0.6771,4258662.5
2026-08-14 00:00:00,0.6771,0.6788,0.6713,0.6724,5580594.6
2026-08-14 04:00:00,0.6723,0.6737,0.6662,0.6681,5852010.0
2026-08-14 08:00:00,0.668,0.6716,0.6613,0.6655,7624510.6
2026-08-14 12:00:00,0.6655,0.6721,0.6615,0.6719,7931264.1
2026-08-14 16:00:00,0.6719,0.6811,0.6693,0.6724,7618722.9
2026-08-14 20:00:00,0.6724,0.681,0.6697,0.6806,4598264.4
2026-08-15 00:00:00,0.6806,0.7,0.6789,0.6923,18655327.4
2026-08-15 04:00:00,0.6923,0.6964,0.6853,0.6864,7849450.9
2026-08-15 08:00:00,0.6863,0.694,0.6831,0.692,5794629.7
2026-08-15 12:00:00,0.6921,0.695,0.6872,0.6926,4809571.1
2026-08-15 16:00:00,0.6926,0.6927,0.6851,0.6867,3962556.5
2026-08-15 20:00:00,0.6867,0.6886,0.6726,0.6757,9856955.9
2026-08-16 00:00:00,0.6757,0.6781,0.671,0.6773,7583885.6
2026-08-16 04:00:00,0.6773,0.6798,0.6755,0.6796,3524678.1
2026-08-16 08:00:00,0.6796,0.6832,0.6776,0.6811,3643629.2
2026-08-16 12:00:00,0.6811,0.6835,0.6782,0.6825,3844099.7
2026-08-16 16:00:00,0.6826,0.6849,0.6783,0.6797,3859770.8
2026-08-16 20:00:00,0.6797,0.6799,0.6568,0.6664,15401266.9
2026-08-17 00:00:00,0.6665,0.6739,0.6601,0.6668,14590796.2
2026-08-17 04:00:00,0.6668,0.6706,0.6661,0.669,7129696.9
2026-08-17 08:00:00,0.6691,0.6698,0.6629,0.6679,5964814.6
2026-08-17 12:00:00,0.6679,0.6728,0.6658,0.6711,7345076.6
2026-08-17 16:00:00,0.6712,0.6729,0.666,0.6696,4842834.8
2026-08-17 20:00:00,0.6697,0.6769,0.6691,0.6722,4735721.6
2026-08-18 00:00:00,0.6722,0.6728,0.6076,0.6152,62710468.7
2026-08-18 04:00:00,0.6153,0.6289,0.6138,0.627,16704040.3
2026-08-18 08:00:00,0.6271,0.6285,0.6223,0.6229,8532475.7
2026-08-18 12:00:00,0.6229,0.6306,0.6171,0.6292,17816531.1
2026-08-18 16:00:00,0.6292,0.6365,0.6215,0.6347,12251070.4
2026-08-18 20:00:00,0.6346,0.6353,0.6273,0.6316,9634317.6
2026-08-19 00:00:00,0.6315,0.6385,0.6244,0.6367,12603388.1
2026-08-19 04:00:00,0.6368,0.6392,0.6326,0.6351,7602043.2
2026-08-19 08:00:00,0.6351,0.6391,0.633,0.6383,6840608.4
2026-08-19 12:00:00,0.6384,0.6727,0.6315,0.6545,32650080.0
2026-08-19 16:00:00,0.6545,0.6667,0.6513,0.6657,14437125.4
2026-08-19 20:00:00,0.6657,0.6996,0.6622,0.6736,28622844.3
2026-08-20 00:00:00,0.6736,0.6791,0.6641,0.6676,13793018.8
2026-08-20 04:00:00,0.6677,0.6743,0.667,0.6708,9326342.6
2026-08-20 08:00:00,0.6708,0.6958,0.67,0.6909,22483026.9
2026-08-20 12:00:00,0.691,0.7277,0.6857,0.7228,32727742.6
2026-08-20 16:00:00,0.7229,0.7717,0.715,0.7297,59507126.1
2026-08-20 20:00:00,0.7297,0.7382,0.7274,0.7352,8650225.7
2026-08-21 00:00:00,0.7351,0.7604,0.7341,0.7444,27416711.0
2026-08-21 04:00:00,0.7444,0.7692,0.7415,0.7651,20950383.4
2026-08-21 08:00:00,0.7651,0.7903,0.7544,0.774,44205917.4
2026-08-21 12:00:00,0.774,0.7965,0.7674,0.7847,23268475.7
2026-08-21 16:00:00,0.7846,0.7897,0.7638,0.7796,15329484.9
2026-08-21 20:00:00,0.7797,0.8203,0.7763,0.8099,22519048.3
2026-08-22 00:00:00,0.8099,0.8592,0.8012,0.8478,41137221.0
2026-08-22 04:00:00,0.8478,0.86,0.6922,0.7869,72035951.0
2026-08-22 08:00:00,0.787,0.7912,0.7502,0.7722,28354066.5
2026-08-22 12:00:00,0.7721,0.7805,0.7614,0.7688,12251196.4
2026-08-22 16:00:00,0.7687,0.7864,0.7672,0.7737,7961936.2
2026-08-22 20:00:00,0.7737,0.7789,0.7473,0.7617,9702456.8
2026-08-23 00:00:00,0.7617,0.7728,0.74,0.7448,14637583.2
2026-08-23 04:00:00,0.7448,0.7501,0.7286,0.7416,14479076.5
2026-08-23 08:00:00,0.7416,0.771,0.7405,0.7677,10396612.2
2026-08-23 12:00:00,0.7678,0.7801,0.7508,0.7711,19087054.5
2026-08-23 16:00:00,0.7711,0.7758,0.7636,0.7695,7151103.7
2026-08-23 20:00:00,0.7695,0.7826,0.7652,0.774,7122599.2
2026-08-24 00:00:00,0.7739,0.7739,0.7439,0.7545,16190738.0
2026-08-24 04:00:00,0.7544,0.7658,0.7481,0.7487,8501562.0
2026-08-24 08:00:00,0.7488,0.7675,0.7412,0.7635,10814334.1
2026-08-24 12:00:00,0.7636,0.7718,0.7465,0.7567,20238262.9
2026-08-24 16:00:00,0.7567,0.7687,0.7479,0.753,13867920.7
2026-08-24 20:00:00,0.753,0.7586,0.7458,0.7533,6878687.6
2026-08-25 00:00:00,0.7534,0.7719,0.7477,0.7606,13531272.4
2026-08-25 04:00:00,0.7606,0.7693,0.7288,0.7409,22243311.5
2026-08-25 08:00:00,0.7409,0.7461,0.7318,0.7394,12786459.8
2026-08-25 12:00:00,0.7393,0.7424,0.7236,0.7311,25730155.4
2026-08-25 16:00:00,0.7312,0.7367,0.7212,0.7279,14403543.6
2026-08-25 20:00:00,0.7279,0.7284,0.694,0.7116,25552639.5
2026-08-26 00:00:00,0.7116,0.7247,0.7092,0.7218,7984897.4
2026-08-26 04:00:00,0.7218,0.7242,0.7115,0.7184,9028322.3
2026-08-26 08:00:00,0.7184,0.7222,0.7071,0.7114,11362168.9
2026-08-26 12:00:00,0.7114,0.7166,0.6894,0.6977,21798848.8
2026-08-26 16:00:00,0.6978,0.7018,0.6902,0.6972,9213667.6
2026-08-26 20:00:00,0.6971,0.7178,0.6856,0.7155,14882175.5
2026-08-27 00:00:00,0.7156,0.7156,0.7021,0.7065,7901173.0
2026-08-27 04:00:00,0.7065,0.7191,0.706,0.7135,8618490.4
2026-08-27 08:00:00,0.7134,0.7237,0.7045,0.7116,19477611.4
2026-08-27 12:00:00,0.7116,0.7229,0.7074,0.7215,11359794.5
2026-08-27 16:00:00,0.7215,0.7288,0.7172,0.7232,9955547.6
2026-08-27 20:00:00,0.7232,0.7249,0.7024,0.7039,10617528.5
2026-08-28 00:00:00,0.7039,0.7206,0.6953,0.6991,18337811.0
2026-08-28 04:00:00,0.6991,0.7047,0.696,0.6998,6932494.8
2026-08-28 08:00:00,0.6999,0.7039,0.6872,0.702,12510922.4
2026-08-28 12:00:00,0.702,0.7074,0.69,0.6905,21601191.3
2026-08-28 16:00:00,0.6905,0.691,0.6661,0.6769,31650671.3
2026-08-28 20:00:00,0.6768,0.6865,0.6745,0.686,6709476.5
2026-08-29 00:00:00,0.6859,0.6869,0.6811,0.6836,4522321.1
2026-08-29 04:00:00,0.6836,0.6881,0.6806,0.6831,4138954.4
2026-08-29 08:00:00,0.6831,0.6831,0.6761,0.6778,6316434.1
2026-08-29 12:00:00,0.6779,0.6867,0.677,0.6829,5884082.6
2026-08-29 16:00:00,0.6829,0.6851,0.6774,0.6804,4246205.0
2026-08-29 20:00:00,0.6804,0.6828,0.6779,0.6821,3508342.7
2026-08-30 00:00:00,0.682,0.6845,0.6751,0.6772,5668240.1
2026-08-30 04:00:00,0.6772,0.6818,0.6682,0.6798,7355280.2
2026-08-30 08:00:00,0.6797,0.6858,0.6775,0.6837,6113086.7
2026-08-30 12:00:00,0.6837,0.6879,0.6805,0.6845,7939456.4
2026-08-30 16:00:00,0.6845,0.6942,0.6828,0.6884,8220566.0
2026-08-30 20:00:00,0.6885,0.6911,0.6465,0.6595,30505985.0
2026-08-31 00:00:00,0.6595,0.6689,0.6555,0.6676,15064999.1
2026-08-31 04:00:00,0.6676,0.6779,0.6646,0.675,10526867.0
2026-08-31 08:00:00,0.675,0.6802,0.6724,0.6775,7678334.7
2026-08-31 12:00:00,0.6776,0.6801,0.6656,0.6687,16772895.4
2026-08-31 16:00:00,0.6687,0.6835,0.6651,0.6788,10655999.4
2026-08-31 20:00:00,0.6787,0.683,0.6721,0.682,6767323.6
2026-09-01 00:00:00,0.682,0.6913,0.6797,0.6907,10147765.7
2026-09-01 04:00:00,0.6907,0.7,0.6871,0.6935,18866552.6
2026-09-01 08:00:00,0.6935,0.711,0.6856,0.7028,23110169.6
2026-09-01 12:00:00,0.7029,0.7213,0.6886,0.7086,30230626.9
2026-09-01 16:00:00,0.7086,0.798371,0.7034,0.7876,143339987.3
2026-09-01 20:00:00,0.7876,0.7957,0.7521,0.7789,57624984.9
2026-09-02 00:00:00,0.7789,0.8067,0.759,0.8032,68554285.1
2026-09-02 04:00:00,0.8031,0.811,0.7843,0.8019,61279826.9
2026-09-02 08:00:00,0.802,0.8049,0.7673,0.7724,54203571.5
2026-09-02 12:00:00,0.7725,0.779,0.7581,0.7784,38786029.5
2026-09-02 16:00:00,0.7784,0.8151,0.773,0.7981,43737361.7
2026-09-02 20:00:00,0.7982,0.8113,0.7855,0.7986,19214921.4
2026-09-03 00:00:00,0.7986,0.834216,0.7909,0.8049,41824221.3
2026-09-03 04:00:00,0.8049,0.8186,0.792,0.7947,27891274.2
2026-09-03 08:00:00,0.7947,0.8019,0.779,0.7905,37980556.0
2026-09-03 12:00:00,0.7906,0.8026,0.7812,0.7988,35517685.5
2026-09-03 16:00:00,0.7987,0.8114,0.7903,0.7954,29794051.0
2026-09-03 20:00:00,0.7954,0.8038,0.7876,0.7919,12890314.4
2026-09-04 00:00:00,0.792,0.7921,0.7628,0.7773,29594068.1
2026-09-04 04:00:00,0.7773,0.7795,0.765,0.7697,13217078.4
2026-09-04 08:00:00,0.7698,0.7764,0.7683,0.7707,10882342.8
2026-09-04 12:00:00,0.7707,0.772,0.692,0.7426,43075422.7
2026-09-04 16:00:00,0.7426,0.7519,0.7411,0.7512,10215614.0
2026-09-04 20:00:00,0.7511,0.7605,0.7477,0.7592,6210686.1
2026-09-05 00:00:00,0.7591,0.7725,0.754,0.7645,11739037.6
2026-09-05 04:00:00,0.7645,0.7752,0.7616,0.7686,8689169.3
2026-09-05 08:00:00,0.7686,0.7784,0.7632,0.7752,9905089.6
2026-09-05 12:00:00,0.7752,0.796,0.7738,0.7796,20240073.2
2026-09-05 16:00:00,0.7795,0.7914,0.774,0.7879,11557419.6
2026-09-05 20:00:00,0.7879,0.7988,0.7852,0.7866,9649372.0
2026-09-06 00:00:00,0.7865,0.8399,0.7858,0.817,37053436.3
2026-09-06 04:00:00,0.8171,0.8178,0.7926,0.8034,20765304.9
2026-09-06 08:00:00,0.8034,0.804,0.7934,0.7969,9152149.9
2026-09-06 12:00:00,0.7969,0.7976,0.7676,0.7884,23532384.0
2026-09-06 16:00:00,0.7884,0.799,0.7873,0.7963,7294245.1
2026-09-06 20:00:00,0.7963,0.8102,0.7963,0.8068,8722473.8
2026-09-07 00:00:00,0.8068,0.8212,0.7957,0.8012,17391945.2
2026-09-07 04:00:00,0.8013,0.8263,0.7962,0.817,19983080.7
2026-09-07 08:00:00,0.817,0.8267,0.813,0.8216,17779041.1
2026-09-07 12:00:00,0.8216,0.8816,0.8208,0.852,71117973.8
2026-09-07 16:00:00,0.852,0.8784,0.8289,0.8371,35739890.2
2026-09-07 20:00:00,0.8371,0.8416,0.8209,0.8365,12800282.4
2026-09-08 00:00:00,0.8365,0.8573,0.8346,0.8514,22767030.3
2026-09-08 04:00:00,0.8514,0.8539,0.8343,0.8387,14655034.2
2026-09-08 08:00:00,0.8387,0.8663,0.833,0.8591,16883019.0
2026-09-08 12:00:00,0.8591,0.8767,0.8347,0.8663,27558039.8
2026-09-08 16:00:00,0.8662,0.8662,0.8365,0.8425,14720743.4
2026-09-08 20:00:00,0.8425,0.8587,0.8419,0.8444,8673994.1
2026-09-09 00:00:00,0.8445,0.855,0.8241,0.8333,15098788.4
2026-09-09 04:00:00,0.8333,0.8445,0.8304,0.8353,11064525.2
2026-09-09 08:00:00,0.8354,0.8501,0.8211,0.8477,16092883.5
2026-09-09 12:00:00,0.8478,0.8538,0.8301,0.8499,19610292.0
2026-09-09 16:00:00,0.8499,0.8536,0.8242,0.8298,16006377.8
2026-09-09 20:00:00,0.8298,0.837,0.8053,0.8196,20041091.8
2026-09-10 00:00:00,0.8196,0.8232,0.8018,0.8164,15043975.2
2026-09-10 04:00:00,0.8163,0.8209,0.796,0.8,11034232.8
2026-09-10 08:00:00,0.8,0.8102,0.7938,0.8056,10641603.4
2026-09-10 12:00:00,0.8055,0.8102,0.7823,0.8012,22161470.4
2026-09-10 16:00:00,0.8012,0.8065,0.7841,0.7955,12747504.3
2026-09-10 20:00:00,0.7956,0.8019,0.7756,0.7794,12409001.5
2026-09-11 00:00:00,0.7794,0.7899,0.7781,0.7873,8124011.4
2026-09-11 04:00:00,0.7873,0.7976,0.7857,0.7868,6948537.8
2026-09-11 08:00:00,0.7869,0.7912,0.7703,0.7813,12372424.0
2026-09-11 12:00:00,0.7813,0.8276,0.7729,0.7966,38181382.9
2026-09-11 16:00:00,0.7965,0.8084,0.7743,0.7824,14068879.6
2026-09-11 20:00:00,0.7824,0.7864,0.7736,0.7854,8559033.2
2026-09-12 00:00:00,0.7853,0.8016,0.7847,0.7966,7295523.2
2026-09-12 04:00:00,0.7967,0.815,0.7965,0.81,6181672.5
2026-09-12 08:00:00,0.8101,0.8157,0.8075,0.8132,5499540.5
2026-09-12 12:00:00,0.8133,0.8149,0.8043,0.8097,4440917.0
2026-09-12 16:00:00,0.8097,0.8118,0.7967,0.799,5407884.9
2026-09-12 20:00:00,0.7989,0.8045,0.7962,0.8007,3845023.1
2026-09-13 00:00:00,0.8007,0.8111,0.7994,0.8072,5803880.5
2026-09-13 04:00:00,0.8073,0.8219,0.8044,0.8098,6864716.3
2026-09-13 08:00:00,0.8098,0.8236,0.7982,0.8188,15768735.9
2026-09-13 12:00:00,0.8188,0.9645,0.8161,0.9467,99957954.6
2026-09-13 16:00:00,0.9467,1.0347,0.9405,0.9799,185005618.8
2026-09-13 20:00:00,0.9799,1.0012,0.9325,0.9512,70439413.1
2026-09-14 00:00:00,0.9513,1.0306,0.9495,0.9676,99403888.9
2026-09-14 04:00:00,0.9676,1.0098,0.946,1.0014,72077008.0
2026-09-14 08:00:00,1.0015,1.0385,0.9829,0.9998,86172540.9
2026-09-14 12:00:00,0.9998,1.0399,0.9422,0.9528,106893903.8
2026-09-14 16:00:00,0.9529,0.9716,0.936,0.9474,44000789.0
2026-09-14 20:00:00,0.9474,0.9629,0.9314,0.9352,25819143.5
2026-09-15 00:00:00,0.9351,0.9353,0.8902,0.8911,43334187.5
2026-09-15 04:00:00,0.8912,0.9012,0.8801,0.8866,27163521.3
2026-09-15 08:00:00,0.8867,0.8998,0.8668,0.8736,30194015.7
2026-09-15 12:00:00,0.8737,0.8862,0.8529,0.8599,42881122.3
2026-09-15 16:00:00,0.8599,0.8682,0.806,0.8124,59549411.3
2026-09-15 20:00:00,0.8123,0.8216,0.8018,0.8154,21956303.2
2026-09-16 00:00:00,0.8154,0.8197,0.7975,0.8149,17642106.2
2026-09-16 04:00:00,0.8148,0.8255,0.8013,0.8091,17368498.7
2026-09-16 08:00:00,0.8091,0.8133,0.802,0.805,15445733.3
2026-09-16 12:00:00,0.8051,0.8095,0.7541,0.7755,51053019.6
2026-09-16 16:00:00,0.7756,0.7926,0.765,0.7878,28036262.7
2026-09-16 20:00:00,0.7878,0.8094,0.7866,0.8061,20768572.8
2026-09-17 00:00:00,0.8061,0.8076,0.7955,0.7996,14417018.4
2026-09-17 04:00:00,0.7996,0.8043,0.7855,0.7982,15767482.5
2026-09-17 08:00:00,0.7982,0.8035,0.7932,0.8005,12903645.5
2026-09-17 12:00:00,0.8004,0.8326,0.7989,0.8282,33054373.3
2026-09-17 16:00:00,0.8282,0.8304,0.8079,0.8169,15101259.3
2026-09-17 20:00:00,0.8169,0.8482,0.8163,0.8403,13170153.0
2026-09-18 00:00:00,0.8404,0.8729,0.8314,0.8648,23837238.5
2026-09-18 04:00:00,0.8649,0.8784,0.8532,0.8718,21590663.8
2026-09-18 08:00:00,0.8718,0.8811,0.8505,0.8573,24340024.5
2026-09-18 12:00:00,0.8573,0.8958,0.8555,0.8924,29011246.8
2026-09-18 16:00:00,0.8924,0.9208,0.8801,0.9163,21725172.7
2026-09-18 20:00:00,0.9163,0.9451,0.9054,0.9429,19928362.6
2026-09-19 00:00:00,0.9431,0.99,0.9361,0.989,37091838.0
2026-09-19 04:00:00,0.9889,0.9993,0.9421,0.9529,44607053.9
2026-09-19 08:00:00,0.9529,0.9913,0.9512,0.9869,23233606.8
2026-09-19 12:00:00,0.9868,1.0064,0.9706,0.9965,35259335.1
2026-09-19 16:00:00,0.9966,1.1345,0.9865,1.0386,133993139.4
2026-09-19 20:00:00,1.0386,1.0429,0.9374,0.9611,65555943.9
2026-09-20 00:00:00,0.9612,0.9766,0.9339,0.956,39788150.3
2026-09-20 04:00:00,0.956,0.9606,0.9438,0.9532,13289083.8
2026-09-20 08:00:00,0.9533,0.9624,0.9405,0.9564,17786090.5
2026-09-20 12:00:00,0.9564,0.9589,0.9066,0.9286,43896206.9
2026-09-20 16:00:00,0.9287,0.9642,0.9251,0.9505,37739784.3
2026-09-20 20:00:00,0.9505,0.9569,0.9325,0.9427,18689675.8
2026-09-21 00:00:00,0.9427,0.9668,0.9326,0.9535,28583150.2
2026-09-21 04:00:00,0.9535,0.9688,0.9437,0.9647,18939986.2
2026-09-21 08:00:00,0.9647,1.0166,0.9594,0.985,54385779.5
2026-09-21 12:00:00,0.985,0.9979,0.9561,0.9717,38724164.8
2026-09-21 16:00:00,0.9716,0.9794,0.9507,0.9672,25411762.1
2026-09-21 20:00:00,0.9672,0.9961,0.9653,0.9851,18649855.0
2026-09-22 00:00:00,0.985,1.0117,0.9824,1.0012,31522387.4
2026-09-22 04:00:00,1.0012,1.0093,0.9812,0.992,17990284.7
2026-09-22 08:00:00,0.9921,1.0045,0.9721,0.9954,22729435.4
2026-09-22 12:00:00,0.9955,1.0374,0.9821,1.0098,43623294.2
2026-09-22 16:00:00,1.0098,1.0171,0.9949,1.0043,23563032.4
2026-09-22 20:00:00,1.0042,1.0559,1.0006,1.0437,20998939.9
2026-09-23 00:00:00,1.0436,1.0646,1.021,1.0557,24364364.4
2026-09-23 04:00:00,1.0557,1.058,1.0281,1.0318,23480166.0
2026-09-23 08:00:00,1.0318,1.0423,1.0132,1.0281,28322859.0
2026-09-23 12:00:00,1.0282,1.0335,0.9008,0.928,77436007.1
2026-09-23 16:00:00,0.9283,0.9426,0.9121,0.9274,30753782.5
2026-09-23 20:00:00,0.9275,0.94,0.9159,0.9354,16343493.3
2026-09-24 00:00:00,0.9355,0.9611,0.9257,0.9405,16599730.3
2026-09-24 04:00:00,0.9406,0.9964,0.9381,0.9909,27056801.1
2026-09-24 08:00:00,0.991,0.9999,0.9525,0.9579,29630951.9
2026-09-24 12:00:00,0.9579,1.0196,0.9472,0.9952,39892395.1
2026-09-24 16:00:00,0.9952,1.0154,0.9869,0.9971,19418447.3
2026-09-24 20:00:00,0.9971,1.0048,0.9883,0.9899,8109334.3
2026-09-25 00:00:00,0.9899,0.999,0.9702,0.9851,16248755.6
2026-09-25 04:00:00,0.9851,1.0024,0.9799,0.9994,11215516.8
2026-09-25 08:00:00,0.9994,1.0386,0.9969,1.0293,29585849.1
2026-09-25 12:00:00,1.0294,1.0348,0.9926,1.0274,27912545.1
2026-09-25 16:00:00,1.0274,1.0399,1.012,1.0298,14996573.6
2026-09-25 20:00:00,1.0298,1.0592,1.0293,1.0495,12778011.6
2026-09-26 00:00:00,1.0494,1.0547,1.0302,1.0347,13477994.1
2026-09-26 04:00:00,1.0346,1.0885,1.0335,1.0756,23720224.5
2026-09-26 08:00:00,1.0756,1.1033,1.0635,1.0877,24998387.6
2026-09-26 12:00:00,1.0878,1.222,1.0745,1.1989,74948514.6
2026-09-26 16:00:00,1.1988,1.231,1.137,1.1396,67282358.3
2026-09-26 20:00:00,1.1397,1.1416,1.1059,1.1325,29551397.7
2026-09-27 00:00:00,1.1326,1.1519,1.1222,1.138,25263841.6
2026-09-27 04:00:00,1.1381,1.156,1.1133,1.1522,19964585.7
2026-09-27 08:00:00,1.1521,1.1575,1.1312,1.1401,18879027.6
2026-09-27 12:00:00,1.1401,1.1448,1.1161,1.1374,23985146.3
2026-09-27 16:00:00,1.1375,1.1597,1.1336,1.1361,18102024.4
2026-09-27 20:00:00,1.1361,1.1435,1.117,1.1402,13002686.4
2026-09-28 00:00:00,1.1402,1.1524,1.0817,1.0883,33517308.7
2026-09-28 04:00:00,1.0884,1.1022,1.0585,1.0637,27973103.4
2026-09-28 08:00:00,1.0637,1.0748,1.0364,1.0473,29497878.6
2026-09-28 12:00:00,1.0473,1.0696,1.0153,1.0375,40320529.9
2026-09-28 16:00:00,1.0374,1.0676,1.0316,1.0338,18881310.8
2026-09-28 20:00:00,1.0338,1.0634,1.0284,1.0625,9443319.8
2026-09-29 00:00:00,1.0624,1.0665,1.0109,1.031,26143234.6
2026-09-29 04:00:00,1.0309,1.0608,1.0229,1.0586,15939078.1
2026-09-29 08:00:00,1.0586,1.0899,1.0518,1.0844,20387613.8
2026-09-29 12:00:00,1.0844,1.115,1.0674,1.0836,31346491.9
2026-09-29 16:00:00,1.0836,1.0871,1.0507,1.0677,21036188.2
2026-09-29 20:00:00,1.0677,1.0867,1.0509,1.0579,12836662.7
2026-09-30 00:00:00,1.058,1.0775,1.0513,1.0544,10812700.9
2026-09-30 04:00:00,1.0544,1.0742,1.0474,1.0604,12882670.3
2026-09-30 08:00:00,1.0603,1.0848,1.0545,1.0738,12777678.6
2026-09-30 12:00:00,1.0738,1.0908,1.0413,1.06,34330983.8
2026-09-30 16:00:00,1.0599,1.0698,1.022,1.0287,15965855.6
2026-09-30 20:00:00,1.0288,1.049,1.0259,1.0426,8375996.0
2026-10-01 00:00:00,1.0425,1.0639,1.0376,1.0569,12184208.6
2026-10-01 04:00:00,1.057,1.0578,1.0174,1.0225,16155726.6
2026-10-01 08:00:00,1.0225,1.0301,1.0046,1.0245,19704190.0
2026-10-01 12:00:00,1.0246,1.0252,0.9885,1.006,27761389.9
2026-10-01 16:00:00,1.0059,1.0291,1.0031,1.0183,12648883.9
2026-10-01 20:00:00,1.0181,1.0213,1.0044,1.0195,7204483.7
2026-10-02 00:00:00,1.0196,1.0273,1.0075,1.0198,8611377.2
2026-10-02 04:00:00,1.0199,1.0444,1.0163,1.0372,16058592.0
2026-10-02 08:00:00,1.0372,1.046,1.0262,1.0292,10739302.5
2026-10-02 12:00:00,1.0292,1.0597,1.025,1.0454,28018214.0
2026-10-02 16:00:00,1.0454,1.0575,0.9777,0.9989,32651544.2
2026-10-02 20:00:00,0.9988,1.0356,0.9983,1.0329,13229294.1
2026-10-03 00:00:00,1.033,1.0668,1.0319,1.0616,17756577.5
2026-10-03 04:00:00,1.0616,1.0627,1.0416,1.042,10813832.8
2026-10-03 08:00:00,1.042,1.0716,1.0397,1.067,13505461.6
2026-10-03 12:00:00,1.0669,1.0833,1.0514,1.0759,18283502.0
2026-10-03 16:00:00,1.0759,1.0806,1.0518,1.057,10339760.4
2026-10-03 20:00:00,1.057,1.0685,1.0569,1.0661,5144060.5
2026-10-04 00:00:00,1.066,1.0668,1.0558,1.0605,4264754.7
