t,o,h,l,c,v
2024-09-14 04:00:00,0.01864,0.01865,0.01826,0.01845,378793695.0
2024-09-14 08:00:00,0.01846,0.01852,0.01816,0.01822,367553825.0
2024-09-14 12:00:00,0.01822,0.01848,0.0182,0.01838,310360104.0
2024-09-14 16:00:00,0.01838,0.01845,0.01804,0.01817,400173277.0
2024-09-14 20:00:00,0.01818,0.0183,0.01816,0.01823,208745007.0
2024-09-15 00:00:00,0.01823,0.01851,0.01818,0.01838,209217965.0
2024-09-15 04:00:00,0.01838,0.01853,0.01825,0.01849,226476415.0
2024-09-15 08:00:00,0.0185,0.01854,0.0182,0.01834,328972791.0
2024-09-15 12:00:00,0.01835,0.01857,0.01823,0.01844,444386126.0
2024-09-15 16:00:00,0.01844,0.01845,0.01796,0.01801,566583188.0
2024-09-15 20:00:00,0.01801,0.01804,0.01727,0.01747,838151164.0
2024-09-16 00:00:00,0.01747,0.01751,0.01708,0.01739,506302257.0
2024-09-16 04:00:00,0.01739,0.01763,0.01732,0.01759,281353219.0
2024-09-16 08:00:00,0.01759,0.01775,0.01736,0.01748,340899728.0
2024-09-16 12:00:00,0.01747,0.01757,0.01708,0.01726,588473065.0
2024-09-16 16:00:00,0.01726,0.01739,0.01705,0.01721,533843577.0
2024-09-16 20:00:00,0.01721,0.01736,0.01695,0.01726,380743216.0
2024-09-17 00:00:00,0.01725,0.01738,0.01708,0.01733,272388610.0
2024-09-17 04:00:00,0.01732,0.01767,0.01731,0.01752,323497147.0
2024-09-17 08:00:00,0.01752,0.01774,0.01748,0.01762,327202324.0
2024-09-17 12:00:00,0.01762,0.01807,0.01746,0.01795,881083523.0
2024-09-17 16:00:00,0.01795,0.01803,0.01758,0.01773,633093099.0
2024-09-17 20:00:00,0.01772,0.0182,0.01767,0.01811,603687648.0
2024-09-18 00:00:00,0.01811,0.01894,0.01794,0.01866,813839547.0
2024-09-18 04:00:00,0.01867,0.01875,0.01841,0.01847,356475179.0
2024-09-18 08:00:00,0.01847,0.01849,0.01782,0.01797,486232017.0
2024-09-18 12:00:00,0.01796,0.01807,0.01735,0.01747,686113773.0
2024-09-18 16:00:00,0.01747,0.01884,0.01734,0.01838,1994464260.0
2024-09-18 20:00:00,0.01839,0.01891,0.01817,0.01889,556669585.0
2024-09-19 00:00:00,0.01889,0.01946,0.01888,0.0192,913474329.0
2024-09-19 04:00:00,0.01921,0.01933,0.01894,0.01916,391583114.0
2024-09-19 08:00:00,0.01917,0.01929,0.01894,0.01916,386134442.0
2024-09-19 12:00:00,0.01916,0.01941,0.01907,0.01932,576073587.0
2024-09-19 16:00:00,0.01932,0.02024,0.01932,0.01978,1076043032.0
2024-09-19 20:00:00,0.01977,0.01991,0.01946,0.01959,494898587.0
2024-09-20 00:00:00,0.0196,0.01998,0.0191,0.01997,812427730.0
2024-09-20 04:00:00,0.01997,0.02067,0.01994,0.02051,829544255.0
2024-09-20 08:00:00,0.0205,0.0205,0.02001,0.02011,635230022.0
2024-09-20 12:00:00,0.0201,0.02026,0.0198,0.02005,734863031.0
2024-09-20 16:00:00,0.02005,0.02012,0.0196,0.01978,459308612.0
2024-09-20 20:00:00,0.01977,0.02014,0.01974,0.02001,318378430.0
2024-09-21 00:00:00,0.02,0.02026,0.01969,0.01993,594016771.0
2024-09-21 04:00:00,0.01993,0.02014,0.01966,0.01999,379877127.0
2024-09-21 08:00:00,0.01999,0.02008,0.0198,0.02001,222169795.0
2024-09-21 12:00:00,0.02,0.02094,0.01994,0.02041,976637717.0
2024-09-21 16:00:00,0.02041,0.02077,0.0204,0.02052,337214896.0
2024-09-21 20:00:00,0.02051,0.02093,0.02045,0.02085,374298099.0
2024-09-22 00:00:00,0.02085,0.02087,0.02035,0.0206,465125730.0
2024-09-22 04:00:00,0.0206,0.02076,0.02035,0.02047,335382440.0
2024-09-22 08:00:00,0.02046,0.02075,0.02005,0.02027,439978870.0
2024-09-22 12:00:00,0.02026,0.02038,0.01996,0.02009,541782989.0
2024-09-22 16:00:00,0.02009,0.02029,0.01978,0.02009,492293914.0
2024-09-22 20:00:00,0.02008,0.02053,0.01953,0.02026,915979245.0
2024-09-23 00:00:00,0.02026,0.02113,0.01975,0.02093,962547926.0
2024-09-23 04:00:00,0.02094,0.02105,0.02034,0.0204,598100525.0
2024-09-23 08:00:00,0.02039,0.02047,0.02012,0.02026,624549789.0
2024-09-23 12:00:00,0.02025,0.02068,0.02011,0.02039,1011852101.0
2024-09-23 16:00:00,0.0204,0.02052,0.02016,0.02027,714119464.0
2024-09-23 20:00:00,0.02026,0.02064,0.02017,0.02043,610189370.0
2024-09-24 00:00:00,0.02043,0.02056,0.01995,0.02033,689094232.0
2024-09-24 04:00:00,0.02033,0.02085,0.02012,0.02077,612396851.0
2024-09-24 08:00:00,0.02078,0.02213,0.02066,0.02183,1549032843.0
2024-09-24 12:00:00,0.02182,0.02196,0.02106,0.02126,1041541020.0
2024-09-24 16:00:00,0.02125,0.02222,0.02125,0.02214,699699328.0
2024-09-24 20:00:00,0.02214,0.02218,0.02174,0.02193,706537965.0
2024-09-25 00:00:00,0.02192,0.02248,0.02172,0.02226,627676685.0
2024-09-25 04:00:00,0.02226,0.02232,0.02139,0.02158,624496112.0
2024-09-25 08:00:00,0.02158,0.02181,0.02148,0.02174,424181524.0
2024-09-25 12:00:00,0.02174,0.02209,0.02153,0.02172,694247877.0
2024-09-25 16:00:00,0.02172,0.02199,0.02154,0.02178,533841059.0
2024-09-25 20:00:00,0.02178,0.02217,0.02127,0.02143,762183107.0
2024-09-26 00:00:00,0.02144,0.0218,0.02111,0.02174,672267380.0
2024-09-26 04:00:00,0.02174,0.02239,0.0217,0.02232,599424292.0
2024-09-26 08:00:00,0.02233,0.02289,0.02205,0.02257,1047122074.0
2024-09-26 12:00:00,0.02256,0.02313,0.02232,0.02286,1200439582.0
2024-09-26 16:00:00,0.02287,0.02341,0.02276,0.02285,1073216683.0
2024-09-26 20:00:00,0.02286,0.02352,0.02271,0.02317,693550403.0
2024-09-27 00:00:00,0.02317,0.0238,0.02309,0.02378,907472261.0
2024-09-27 04:00:00,0.02378,0.02462,0.02374,0.02447,1180820021.0
2024-09-27 08:00:00,0.02446,0.02503,0.02403,0.02409,1040242502.0
2024-09-27 12:00:00,0.02409,0.02478,0.02393,0.02442,1066876846.0
2024-09-27 16:00:00,0.02442,0.02501,0.02431,0.0247,615943899.0
2024-09-27 20:00:00,0.0247,0.02485,0.02448,0.02458,282881792.0
2024-09-28 00:00:00,0.02459,0.02535,0.02441,0.02507,776344141.0
2024-09-28 04:00:00,0.02506,0.02533,0.02412,0.02435,683769948.0
2024-09-28 08:00:00,0.02435,0.02479,0.02369,0.02426,951337108.0
2024-09-28 12:00:00,0.02425,0.02446,0.02373,0.0242,704559699.0
2024-09-28 16:00:00,0.0242,0.02475,0.02416,0.0244,453594366.0
2024-09-28 20:00:00,0.02439,0.02453,0.02376,0.0242,527876010.0
2024-09-29 00:00:00,0.0242,0.02455,0.0238,0.02429,614223140.0
2024-09-29 04:00:00,0.0243,0.02431,0.0236,0.02365,452386675.0
2024-09-29 08:00:00,0.02365,0.02397,0.02354,0.0237,383412643.0
2024-09-29 12:00:00,0.02369,0.02458,0.02317,0.02454,999730345.0
2024-09-29 16:00:00,0.02454,0.0249,0.02421,0.02465,992040018.0
2024-09-29 20:00:00,0.02464,0.02482,0.0241,0.02435,642906275.0
2024-09-30 00:00:00,0.02436,0.02464,0.02362,0.02417,1090626902.0
2024-09-30 04:00:00,0.02417,0.02417,0.0235,0.02371,594391765.0
2024-09-30 08:00:00,0.0237,0.02375,0.02265,0.02307,1011155936.0
2024-09-30 12:00:00,0.02307,0.02328,0.02255,0.02257,838761265.0
2024-09-30 16:00:00,0.02257,0.0238,0.02253,0.02327,1167762958.0
2024-09-30 20:00:00,0.02328,0.02342,0.02219,0.02248,864440260.0
2024-10-01 00:00:00,0.02249,0.02337,0.02244,0.02334,494511918.0
2024-10-01 04:00:00,0.02334,0.02363,0.02318,0.02343,465051095.0
2024-10-01 08:00:00,0.02343,0.02382,0.02333,0.02342,356581191.0
2024-10-01 12:00:00,0.02343,0.02352,0.021,0.02173,1913851887.0
2024-10-01 16:00:00,0.02173,0.02187,0.01955,0.02013,2609130634.0
2024-10-01 20:00:00,0.02014,0.02046,0.01969,0.02023,1065170360.0
2024-10-02 00:00:00,0.02022,0.02074,0.02011,0.02061,742735273.0
2024-10-02 04:00:00,0.02061,0.02102,0.02032,0.0208,451290309.0
2024-10-02 08:00:00,0.0208,0.02094,0.01994,0.02028,675638334.0
2024-10-02 12:00:00,0.02028,0.02059,0.01997,0.02042,875822319.0
2024-10-02 16:00:00,0.02042,0.02075,0.01904,0.01951,1338152036.0
2024-10-02 20:00:00,0.01951,0.01987,0.01939,0.01963,512778846.0
2024-10-03 00:00:00,0.01963,0.02013,0.01951,0.02011,330010285.0
2024-10-03 04:00:00,0.02012,0.02013,0.01952,0.01954,309805975.0
2024-10-03 08:00:00,0.01954,0.01962,0.01874,0.01928,975947365.0
2024-10-03 12:00:00,0.01929,0.01946,0.01845,0.01897,1236822834.0
2024-10-03 16:00:00,0.01897,0.01923,0.0185,0.01919,797937117.0
2024-10-03 20:00:00,0.01919,0.01929,0.01883,0.01911,359622667.0
2024-10-04 00:00:00,0.01912,0.01957,0.01895,0.01936,383264602.0
2024-10-04 04:00:00,0.01936,0.01966,0.01934,0.01949,288276493.0
2024-10-04 08:00:00,0.01949,0.01975,0.01932,0.01951,426250111.0
2024-10-04 12:00:00,0.0195,0.01981,0.01913,0.01972,882031175.0
2024-10-04 16:00:00,0.01971,0.01996,0.01962,0.01991,464569323.0
2024-10-04 20:00:00,0.01991,0.01993,0.01969,0.0198,217100346.0
2024-10-05 00:00:00,0.0198,0.02007,0.01961,0.01965,267763244.0
2024-10-05 04:00:00,0.01964,0.02005,0.01958,0.01989,287842586.0
2024-10-05 08:00:00,0.01988,0.02016,0.01982,0.01993,318805361.0
2024-10-05 12:00:00,0.01992,0.02009,0.01967,0.01983,392533756.0
2024-10-05 16:00:00,0.01983,0.01985,0.01925,0.0193,513114237.0
2024-10-05 20:00:00,0.0193,0.01957,0.01896,0.01952,335231689.0
2024-10-06 00:00:00,0.01952,0.01976,0.01935,0.01943,263716077.0
2024-10-06 04:00:00,0.01942,0.0196,0.01932,0.01954,201822291.0
2024-10-06 08:00:00,0.01953,0.01989,0.01949,0.01983,264161525.0
2024-10-06 12:00:00,0.01983,0.02075,0.01979,0.02069,770165322.0
2024-10-06 16:00:00,0.0207,0.02088,0.02039,0.02048,684576982.0
2024-10-06 20:00:00,0.02049,0.02094,0.02034,0.02091,380025617.0
2024-10-07 00:00:00,0.0209,0.02181,0.02072,0.02152,797408896.0
2024-10-07 04:00:00,0.02151,0.02161,0.0213,0.02145,278199874.0
2024-10-07 08:00:00,0.02145,0.0216,0.02065,0.0211,634723119.0
2024-10-07 12:00:00,0.0211,0.02205,0.02092,0.02176,808105695.0
2024-10-07 16:00:00,0.02176,0.02231,0.02142,0.02172,700501110.0
2024-10-07 20:00:00,0.02171,0.0218,0.02105,0.02115,518793012.0
2024-10-08 00:00:00,0.02115,0.02175,0.02111,0.02134,671793078.0
2024-10-08 04:00:00,0.02134,0.02152,0.0205,0.02074,1015650452.0
2024-10-08 08:00:00,0.02073,0.02114,0.02062,0.02107,616306059.0
2024-10-08 12:00:00,0.02107,0.02121,0.02035,0.02062,950748447.0
2024-10-08 16:00:00,0.02061,0.02092,0.0202,0.02056,709070811.0
2024-10-08 20:00:00,0.02056,0.0208,0.02026,0.02049,385283581.0
2024-10-09 00:00:00,0.02049,0.02111,0.0204,0.02072,474780362.0
2024-10-09 04:00:00,0.02072,0.02111,0.02061,0.02077,365743040.0
2024-10-09 08:00:00,0.02077,0.02089,0.02049,0.02069,386905323.0
2024-10-09 12:00:00,0.02069,0.0207,0.01989,0.02037,1106061889.0
2024-10-09 16:00:00,0.02037,0.0204,0.01967,0.01985,831543191.0
2024-10-09 20:00:00,0.01984,0.01989,0.0194,0.01981,564810219.0
2024-10-10 00:00:00,0.01981,0.02012,0.01967,0.01999,342428499.0
2024-10-10 04:00:00,0.01999,0.02032,0.01993,0.02006,236100317.0
2024-10-10 08:00:00,0.02005,0.0202,0.01961,0.02019,413095863.0
2024-10-10 12:00:00,0.0202,0.02021,0.01956,0.01985,751973175.0
2024-10-10 16:00:00,0.01986,0.02002,0.01923,0.01965,717578987.0
2024-10-10 20:00:00,0.01964,0.01999,0.01958,0.01998,348303715.0
2024-10-11 00:00:00,0.01998,0.02021,0.01988,0.02,365527796.0
2024-10-11 04:00:00,0.02,0.02013,0.01986,0.02001,246800733.0
2024-10-11 08:00:00,0.02001,0.02064,0.02,0.02047,483132097.0
2024-10-11 12:00:00,0.02047,0.02093,0.02042,0.02082,760775023.0
2024-10-11 16:00:00,0.02082,0.02119,0.02074,0.02098,553209794.0
2024-10-11 20:00:00,0.02098,0.02118,0.0208,0.02087,337688255.0
2024-10-12 00:00:00,0.02088,0.02113,0.02072,0.02081,314339891.0
2024-10-12 04:00:00,0.02081,0.02128,0.0208,0.02127,304995700.0
2024-10-12 08:00:00,0.02126,0.02185,0.02116,0.02158,604241522.0
2024-10-12 12:00:00,0.02157,0.02206,0.02142,0.02183,464717724.0
2024-10-12 16:00:00,0.02184,0.02216,0.02151,0.02158,460790881.0
2024-10-12 20:00:00,0.02157,0.02199,0.02154,0.02171,242953891.0
2024-10-13 00:00:00,0.02172,0.02187,0.02134,0.02139,428043742.0
2024-10-13 04:00:00,0.02138,0.02196,0.02137,0.02167,350708419.0
2024-10-13 08:00:00,0.02167,0.02181,0.02136,0.02137,383825571.0
2024-10-13 12:00:00,0.02137,0.02165,0.0209,0.02109,637692312.0
2024-10-13 16:00:00,0.02109,0.02152,0.02095,0.02124,580795200.0
2024-10-13 20:00:00,0.02125,0.02212,0.02114,0.02175,676598633.0
2024-10-14 00:00:00,0.02175,0.02271,0.02147,0.02262,772476480.0
2024-10-14 04:00:00,0.02261,0.02294,0.02241,0.02269,704470646.0
2024-10-14 08:00:00,0.02269,0.0228,0.02244,0.02267,438843353.0
2024-10-14 12:00:00,0.02267,0.02298,0.02236,0.02282,827003679.0
2024-10-14 16:00:00,0.02282,0.02298,0.02256,0.02285,586284803.0
2024-10-14 20:00:00,0.02284,0.02348,0.02283,0.02326,645584313.0
2024-10-15 00:00:00,0.02327,0.02378,0.02301,0.02304,671769461.0
2024-10-15 04:00:00,0.02303,0.02333,0.0228,0.02309,507755496.0
2024-10-15 08:00:00,0.02309,0.02346,0.02236,0.02251,689731591.0
2024-10-15 12:00:00,0.02252,0.02376,0.02183,0.0224,1697548001.0
2024-10-15 16:00:00,0.02241,0.02294,0.02236,0.02246,669394945.0
2024-10-15 20:00:00,0.02246,0.02278,0.02198,0.02276,402765035.0
2024-10-16 00:00:00,0.02277,0.02297,0.02239,0.02261,430351672.0
2024-10-16 04:00:00,0.0226,0.02273,0.02204,0.02213,362072938.0
2024-10-16 08:00:00,0.02213,0.02282,0.02208,0.02261,411070649.0
2024-10-16 12:00:00,0.02262,0.02278,0.02202,0.02231,562144028.0
2024-10-16 16:00:00,0.02231,0.02241,0.02207,0.02225,334726933.0
2024-10-16 20:00:00,0.02225,0.02272,0.02223,0.02227,329894587.0
2024-10-17 00:00:00,0.02228,0.02262,0.02226,0.02251,290440116.0
2024-10-17 04:00:00,0.02251,0.02254,0.02179,0.02194,462960263.0
2024-10-17 08:00:00,0.02194,0.02195,0.02112,0.02117,528540798.0
2024-10-17 12:00:00,0.02118,0.02172,0.02104,0.02159,686650780.0
2024-10-17 16:00:00,0.02159,0.0216,0.02081,0.02111,537569628.0
2024-10-17 20:00:00,0.02111,0.0214,0.02109,0.02123,209393355.0
2024-10-18 00:00:00,0.02124,0.02221,0.0211,0.02172,653157199.0
2024-10-18 04:00:00,0.02172,0.02207,0.02162,0.0219,354337974.0
2024-10-18 08:00:00,0.0219,0.02204,0.02149,0.02151,435853082.0
2024-10-18 12:00:00,0.02151,0.02203,0.02139,0.02192,782113656.0
2024-10-18 16:00:00,0.02191,0.02262,0.02175,0.02236,538670304.0
2024-10-18 20:00:00,0.02237,0.02289,0.02217,0.0228,450499036.0
2024-10-19 00:00:00,0.02279,0.02353,0.02271,0.02337,746039815.0
2024-10-19 04:00:00,0.02336,0.02366,0.02321,0.02327,444407305.0
2024-10-19 08:00:00,0.02326,0.02334,0.02257,0.0226,552466346.0
2024-10-19 12:00:00,0.02259,0.02322,0.02258,0.02308,511170331.0
2024-10-19 16:00:00,0.02309,0.02316,0.02273,0.02284,332772546.0
2024-10-19 20:00:00,0.02283,0.02325,0.02281,0.02316,280720518.0
2024-10-20 00:00:00,0.02316,0.0233,0.02261,0.02293,309835259.0
2024-10-20 04:00:00,0.02292,0.0237,0.02285,0.02341,758049916.0
2024-10-20 08:00:00,0.02341,0.02451,0.02341,0.02413,879563976.0
2024-10-20 12:00:00,0.02412,0.02481,0.02388,0.02415,1250800910.0
2024-10-20 16:00:00,0.02416,0.02424,0.02377,0.02402,339740392.0
2024-10-20 20:00:00,0.02401,0.02426,0.0239,0.02421,409108751.0
2024-10-21 00:00:00,0.0242,0.02427,0.02382,0.02417,435933673.0
2024-10-21 04:00:00,0.02417,0.02451,0.02386,0.0239,536929920.0
2024-10-21 08:00:00,0.0239,0.02446,0.02359,0.02405,605736132.0
2024-10-21 12:00:00,0.02405,0.0247,0.02342,0.02452,1385229266.0
2024-10-21 16:00:00,0.02451,0.02451,0.02366,0.02417,698837426.0
2024-10-21 20:00:00,0.02416,0.02426,0.02348,0.0235,322818513.0
2024-10-22 00:00:00,0.0235,0.02424,0.02339,0.0237,704532448.0
2024-10-22 04:00:00,0.0237,0.02373,0.02327,0.02335,447876786.0
2024-10-22 08:00:00,0.02335,0.02341,0.02267,0.02293,728110536.0
2024-10-22 12:00:00,0.02293,0.02301,0.02226,0.02273,1066434818.0
2024-10-22 16:00:00,0.02273,0.02333,0.02243,0.02297,619538338.0
2024-10-22 20:00:00,0.02296,0.02432,0.02292,0.02421,988306064.0
2024-10-23 00:00:00,0.02421,0.02459,0.02348,0.02353,1089690456.0
2024-10-23 04:00:00,0.02353,0.02375,0.02289,0.02295,711926687.0
2024-10-23 08:00:00,0.02295,0.02366,0.02266,0.02339,1031697235.0
2024-10-23 12:00:00,0.0234,0.0234,0.02262,0.02287,855469031.0
2024-10-23 16:00:00,0.02287,0.02289,0.02184,0.02257,1408248350.0
2024-10-23 20:00:00,0.02257,0.02263,0.02213,0.02245,389036255.0
2024-10-24 00:00:00,0.02246,0.02323,0.02226,0.02251,543943133.0
2024-10-24 04:00:00,0.02252,0.02291,0.02234,0.02236,382322848.0
2024-10-24 08:00:00,0.02236,0.02245,0.02195,0.02233,562386294.0
2024-10-24 12:00:00,0.02232,0.02274,0.02229,0.0226,538165737.0
2024-10-24 16:00:00,0.0226,0.02299,0.02236,0.02299,385147873.0
2024-10-24 20:00:00,0.02299,0.02336,0.02286,0.02311,560405476.0
2024-10-25 00:00:00,0.02311,0.02325,0.02274,0.02289,386991059.0
2024-10-25 04:00:00,0.02288,0.02293,0.0222,0.02276,539696662.0
2024-10-25 08:00:00,0.02275,0.02283,0.02242,0.02275,367669569.0
2024-10-25 12:00:00,0.02274,0.02296,0.02202,0.02212,801909973.0
2024-10-25 16:00:00,0.02212,0.02238,0.02128,0.02169,1090004639.0
2024-10-25 20:00:00,0.02168,0.02204,0.01933,0.02031,1738316563.0
2024-10-26 00:00:00,0.0203,0.02048,0.01975,0.02043,1180734104.0
2024-10-26 04:00:00,0.02043,0.02068,0.02024,0.02041,364253765.0
2024-10-26 08:00:00,0.02042,0.0206,0.02031,0.02039,270309639.0
2024-10-26 12:00:00,0.02039,0.02043,0.01954,0.0198,709748103.0
2024-10-26 16:00:00,0.01981,0.02027,0.01973,0.02025,393652239.0
2024-10-26 20:00:00,0.02025,0.0205,0.02021,0.02034,279747196.0
2024-10-27 00:00:00,0.02033,0.02034,0.02005,0.02031,228180858.0
2024-10-27 04:00:00,0.02031,0.02037,0.02008,0.02015,271449597.0
2024-10-27 08:00:00,0.02015,0.02025,0.0199,0.01996,274149630.0
2024-10-27 12:00:00,0.01996,0.02047,0.01994,0.02043,370802092.0
2024-10-27 16:00:00,0.02043,0.0206,0.02023,0.02034,345120080.0
2024-10-27 20:00:00,0.02035,0.02099,0.02031,0.02071,425902770.0
2024-10-28 00:00:00,0.02071,0.02079,0.01995,0.01999,457860022.0
2024-10-28 04:00:00,0.01999,0.02062,0.01981,0.02047,671723109.0
2024-10-28 08:00:00,0.02048,0.02057,0.0201,0.02016,386740519.0
2024-10-28 12:00:00,0.02017,0.02035,0.01979,0.01988,782138948.0
2024-10-28 16:00:00,0.01987,0.02036,0.01956,0.02017,800207924.0
2024-10-28 20:00:00,0.02025,0.02099,0.02023,0.02038,553675065.0
2024-10-29 00:00:00,0.02038,0.02089,0.02029,0.02068,732141822.0
2024-10-29 04:00:00,0.02069,0.02089,0.02061,0.02068,351835193.0
2024-10-29 08:00:00,0.02069,0.02084,0.02061,0.02065,392157289.0
2024-10-29 12:00:00,0.02065,0.02083,0.02051,0.02082,627982346.0
2024-10-29 16:00:00,0.02081,0.02156,0.0208,0.02094,1114092450.0
2024-10-29 20:00:00,0.02095,0.02131,0.02065,0.02129,539211247.0
2024-10-30 00:00:00,0.02128,0.02139,0.0209,0.02117,422918005.0
2024-10-30 04:00:00,0.02117,0.02129,0.02083,0.02089,301743746.0
2024-10-30 08:00:00,0.0209,0.02105,0.02052,0.02054,405444112.0
2024-10-30 12:00:00,0.02054,0.02105,0.02034,0.02062,968981080.0
2024-10-30 16:00:00,0.02063,0.02084,0.02047,0.02064,385595809.0
2024-10-30 20:00:00,0.02064,0.02095,0.02051,0.02067,364319590.0
2024-10-31 00:00:00,0.02067,0.02091,0.02047,0.02055,399173662.0
2024-10-31 04:00:00,0.02055,0.02064,0.01992,0.02015,585036431.0
2024-10-31 08:00:00,0.02016,0.02024,0.01985,0.02006,454373252.0
2024-10-31 12:00:00,0.02007,0.02012,0.01961,0.02,806185514.0
2024-10-31 16:00:00,0.01999,0.02012,0.01942,0.01945,866550990.0
2024-10-31 20:00:00,0.01945,0.01978,0.01944,0.01961,331171189.0
2024-11-01 00:00:00,0.01961,0.01975,0.01902,0.01953,537146604.0
2024-11-01 04:00:00,0.01953,0.0197,0.0191,0.01928,389061431.0
2024-11-01 08:00:00,0.01929,0.01971,0.01926,0.01964,343313417.0
2024-11-01 12:00:00,0.01965,0.02018,0.01904,0.01928,1071791588.0
2024-11-01 16:00:00,0.01928,0.01965,0.01924,0.01934,672966112.0
2024-11-01 20:00:00,0.01935,0.01947,0.01882,0.0192,359453011.0
2024-11-02 00:00:00,0.01921,0.01956,0.01919,0.01929,217352157.0
2024-11-02 04:00:00,0.01929,0.01935,0.01913,0.01923,205148390.0
2024-11-02 08:00:00,0.01923,0.01928,0.01909,0.0192,229177764.0
2024-11-02 12:00:00,0.01919,0.01923,0.01868,0.01893,652404591.0
2024-11-02 16:00:00,0.01894,0.01913,0.01872,0.01899,379814823.0
2024-11-02 20:00:00,0.01899,0.01908,0.01884,0.01896,170557195.0
2024-11-03 00:00:00,0.01896,0.01911,0.0178,0.01815,1127751457.0
2024-11-03 04:00:00,0.01815,0.01867,0.01813,0.01845,403838900.0
2024-11-03 08:00:00,0.01846,0.01854,0.01803,0.01805,398272135.0
2024-11-03 12:00:00,0.01805,0.01829,0.01716,0.01756,1736444401.0
2024-11-03 16:00:00,0.01756,0.01783,0.01724,0.01773,765195725.0
2024-11-03 20:00:00,0.01772,0.01808,0.01766,0.01794,476821509.0
2024-11-04 00:00:00,0.01794,0.01829,0.01768,0.01799,452673719.0
2024-11-04 04:00:00,0.018,0.01813,0.01776,0.01781,426147698.0
2024-11-04 08:00:00,0.01781,0.01812,0.01766,0.01799,534872146.0
2024-11-04 12:00:00,0.01799,0.01819,0.01765,0.01778,612369375.0
2024-11-04 16:00:00,0.01778,0.01781,0.01745,0.01768,574390247.0
2024-11-04 20:00:00,0.01768,0.01771,0.01698,0.01743,782243936.0
2024-11-05 00:00:00,0.01743,0.01783,0.01741,0.01782,521955143.0
2024-11-05 04:00:00,0.01782,0.01814,0.01778,0.01808,375268179.0
2024-11-05 08:00:00,0.01809,0.0183,0.01805,0.01823,343811935.0
2024-11-05 12:00:00,0.01824,0.0191,0.01814,0.01876,1016220576.0
2024-11-05 16:00:00,0.01877,0.01924,0.01863,0.01871,702647608.0
2024-11-05 20:00:00,0.01872,0.01908,0.01864,0.01893,455547543.0
2024-11-06 00:00:00,0.01893,0.0205,0.01892,0.02042,1285434059.0
2024-11-06 04:00:00,0.02043,0.02075,0.02016,0.02042,1071151487.0
2024-11-06 08:00:00,0.02042,0.02052,0.01996,0.02047,768772088.0
2024-11-06 12:00:00,0.02047,0.02064,0.02008,0.02035,684185505.0
2024-11-06 16:00:00,0.02035,0.02078,0.02027,0.02077,543449947.0
2024-11-06 20:00:00,0.02077,0.02154,0.02072,0.02136,595088145.0
2024-11-07 00:00:00,0.02136,0.02223,0.02132,0.02188,739617958.0
2024-11-07 04:00:00,0.02188,0.02197,0.02098,0.02132,567118147.0
2024-11-07 08:00:00,0.02131,0.02148,0.02109,0.02121,273425344.0
2024-11-07 12:00:00,0.02121,0.02161,0.02095,0.0216,568552155.0
2024-11-07 16:00:00,0.0216,0.02188,0.02143,0.02176,816742773.0
2024-11-07 20:00:00,0.02176,0.02217,0.02146,0.02172,529812569.0
2024-11-08 00:00:00,0.02173,0.0221,0.02116,0.02132,473088793.0
2024-11-08 04:00:00,0.02133,0.02163,0.02124,0.02155,296646083.0
2024-11-08 08:00:00,0.02155,0.02177,0.02127,0.02167,354497559.0
2024-11-08 12:00:00,0.02167,0.02212,0.02145,0.02172,700764362.0
2024-11-08 16:00:00,0.02173,0.02197,0.02105,0.02184,667689845.0
2024-11-08 20:00:00,0.02183,0.02204,0.02146,0.02202,339911480.0
2024-11-09 00:00:00,0.02203,0.02225,0.02166,0.02174,419969311.0
2024-11-09 04:00:00,0.02174,0.02273,0.02174,0.0226,515784320.0
2024-11-09 08:00:00,0.0226,0.02336,0.02253,0.02327,703489022.0
2024-11-09 12:00:00,0.02328,0.02339,0.02266,0.02293,632269927.0
2024-11-09 16:00:00,0.02293,0.02304,0.02233,0.02268,506991968.0
2024-11-09 20:00:00,0.02268,0.02349,0.0226,0.02343,414994737.0
2024-11-10 00:00:00,0.02344,0.02397,0.02285,0.02375,657425047.0
2024-11-10 04:00:00,0.02376,0.02423,0.0236,0.02398,755549401.0
2024-11-10 08:00:00,0.02398,0.02597,0.02397,0.02567,1185703695.0
2024-11-10 12:00:00,0.02567,0.02592,0.025,0.02574,1148070413.0
2024-11-10 16:00:00,0.02575,0.02688,0.02524,0.02546,1695952789.0
2024-11-10 20:00:00,0.02547,0.02566,0.02389,0.02521,1249933565.0
2024-11-11 00:00:00,0.02521,0.02685,0.02506,0.02655,799534031.0
2024-11-11 04:00:00,0.02655,0.0267,0.02481,0.02535,1026217296.0
2024-11-11 08:00:00,0.02534,0.02593,0.02507,0.0259,608261626.0
2024-11-11 12:00:00,0.0259,0.02646,0.02527,0.02608,1333117469.0
2024-11-11 16:00:00,0.02608,0.02695,0.02589,0.02643,936020777.0
2024-11-11 20:00:00,0.02644,0.02784,0.02604,0.02764,1178113163.0
2024-11-12 00:00:00,0.02764,0.02786,0.02653,0.02786,948564535.0
2024-11-12 04:00:00,0.02785,0.02974,0.02742,0.0293,1300600797.0
2024-11-12 08:00:00,0.02929,0.03172,0.02632,0.02756,3467060102.0
2024-11-12 12:00:00,0.02755,0.02789,0.02581,0.02663,1787038937.0
2024-11-12 16:00:00,0.02663,0.02782,0.02572,0.02747,1077095085.0
2024-11-12 20:00:00,0.02747,0.02803,0.02696,0.02726,891394822.0
2024-11-13 00:00:00,0.02727,0.0277,0.02557,0.02559,954844661.0
2024-11-13 04:00:00,0.02558,0.02617,0.02446,0.02537,1206496002.0
2024-11-13 08:00:00,0.02538,0.02579,0.02498,0.02547,795900566.0
2024-11-13 12:00:00,0.02546,0.0285,0.02514,0.02823,2066086308.0
2024-11-13 16:00:00,0.02822,0.02882,0.0264,0.02654,1886563288.0
2024-11-13 20:00:00,0.02654,0.02706,0.02576,0.02684,941179140.0
2024-11-14 00:00:00,0.02684,0.02757,0.02619,0.02718,741617714.0
2024-11-14 04:00:00,0.02719,0.02777,0.02662,0.02717,692936798.0
2024-11-14 08:00:00,0.02716,0.02739,0.02595,0.0266,738520292.0
2024-11-14 12:00:00,0.0266,0.02692,0.02501,0.02542,1227259634.0
2024-11-14 16:00:00,0.02541,0.02628,0.025,0.02588,913386567.0
2024-11-14 20:00:00,0.02588,0.02623,0.02424,0.02463,1388086135.0
2024-11-15 00:00:00,0.02463,0.02512,0.02418,0.025,619028016.0
2024-11-15 04:00:00,0.025,0.02513,0.02402,0.0248,498954843.0
2024-11-15 08:00:00,0.0248,0.02591,0.02451,0.02588,434985755.0
2024-11-15 12:00:00,0.02589,0.02622,0.02459,0.02478,926828560.0
2024-11-15 16:00:00,0.02479,0.02583,0.02466,0.02563,732977239.0
2024-11-15 20:00:00,0.02564,0.02665,0.02562,0.02636,916662593.0
2024-11-16 00:00:00,0.02637,0.027,0.02618,0.02698,368932961.0
2024-11-16 04:00:00,0.02697,0.02703,0.02617,0.02647,341003948.0
2024-11-16 08:00:00,0.02648,0.02937,0.02642,0.02917,1171499714.0
2024-11-16 12:00:00,0.02917,0.02966,0.0274,0.02785,1633113695.0
2024-11-16 16:00:00,0.02784,0.02938,0.02752,0.02903,778754620.0
2024-11-16 20:00:00,0.02904,0.0313,0.02888,0.03078,1556604505.0
2024-11-17 00:00:00,0.03078,0.03102,0.02851,0.02923,1143235860.0
2024-11-17 04:00:00,0.02923,0.03004,0.02867,0.02942,594509226.0
2024-11-17 08:00:00,0.02942,0.02974,0.02835,0.02839,543530048.0
2024-11-17 12:00:00,0.02839,0.02915,0.02824,0.02883,532635066.0
2024-11-17 16:00:00,0.02884,0.02921,0.02778,0.02816,489214038.0
2024-11-17 20:00:00,0.02816,0.02838,0.02727,0.02827,544312069.0
2024-11-18 00:00:00,0.02827,0.02963,0.02812,0.02949,462789715.0
2024-11-18 04:00:00,0.02949,0.03069,0.02914,0.03031,559421320.0
2024-11-18 08:00:00,0.03032,0.03042,0.02902,0.0295,656870692.0
2024-11-18 12:00:00,0.02951,0.03039,0.02878,0.03011,1204877905.0
2024-11-18 16:00:00,0.0301,0.03144,0.02956,0.03011,1570198827.0
2024-11-18 20:00:00,0.03012,0.03244,0.0299,0.03149,1006484332.0
2024-11-19 00:00:00,0.03149,0.03165,0.03099,0.03125,435125515.0
2024-11-19 04:00:00,0.03125,0.03138,0.03037,0.03049,575900562.0
2024-11-19 08:00:00,0.0305,0.03051,0.02953,0.03022,528238068.0
2024-11-19 12:00:00,0.03022,0.03074,0.02943,0.02973,921226705.0
2024-11-19 16:00:00,0.02972,0.03005,0.02953,0.02976,577284722.0
2024-11-19 20:00:00,0.02977,0.02986,0.0285,0.02941,761074814.0
2024-11-20 00:00:00,0.02941,0.02943,0.02804,0.02856,526166694.0
2024-11-20 04:00:00,0.02855,0.02912,0.02818,0.02895,478651833.0
2024-11-20 08:00:00,0.02895,0.03004,0.02886,0.02917,812239972.0
2024-11-20 12:00:00,0.02917,0.03017,0.02837,0.02925,859610814.0
2024-11-20 16:00:00,0.02925,0.02931,0.02703,0.02743,1026075864.0
2024-11-20 20:00:00,0.02743,0.02823,0.02716,0.0279,417562169.0
2024-11-21 00:00:00,0.0279,0.02839,0.02673,0.02746,582586634.0
2024-11-21 04:00:00,0.02746,0.02877,0.02718,0.02813,543605274.0
2024-11-21 08:00:00,0.02814,0.02828,0.02719,0.02785,558151871.0
2024-11-21 12:00:00,0.02784,0.03,0.02783,0.02884,1455581273.0
2024-11-21 16:00:00,0.02885,0.0295,0.02853,0.02872,825478050.0
2024-11-21 20:00:00,0.02872,0.02924,0.02852,0.02895,302812409.0
2024-11-22 00:00:00,0.02896,0.02943,0.02821,0.02918,546898750.0
2024-11-22 04:00:00,0.02919,0.02966,0.02861,0.02865,483764891.0
2024-11-22 08:00:00,0.02865,0.02905,0.02828,0.02898,383930536.0
2024-11-22 12:00:00,0.02898,0.02945,0.02756,0.02888,1000151391.0
2024-11-22 16:00:00,0.02888,0.02918,0.02803,0.02844,759944439.0
2024-11-22 20:00:00,0.02843,0.02984,0.02834,0.02974,620107182.0
2024-11-23 00:00:00,0.02974,0.03087,0.02918,0.03052,1226542224.0
2024-11-23 04:00:00,0.03053,0.03171,0.02992,0.03151,873646519.0
2024-11-23 08:00:00,0.03151,0.03206,0.03105,0.03184,902769612.0
2024-11-23 12:00:00,0.03184,0.03568,0.03163,0.03564,2105143676.0
2024-11-23 16:00:00,0.03565,0.03569,0.03277,0.03404,2260196415.0
2024-11-23 20:00:00,0.03404,0.03535,0.03278,0.03518,1073569440.0
2024-11-24 00:00:00,0.03517,0.03859,0.03486,0.03765,2030273602.0
2024-11-24 04:00:00,0.03764,0.0412,0.0373,0.0392,3618374632.0
2024-11-24 08:00:00,0.0392,0.04129,0.03837,0.03882,3452680774.0
2024-11-24 12:00:00,0.03881,0.03964,0.03444,0.03448,3275862835.0
2024-11-24 16:00:00,0.03449,0.03632,0.03421,0.03555,1225344760.0
2024-11-24 20:00:00,0.03555,0.03999,0.03541,0.03947,1634263101.0
2024-11-25 00:00:00,0.03948,0.03951,0.03641,0.03809,2021984907.0
2024-11-25 04:00:00,0.03809,0.03872,0.03714,0.03823,1002854866.0
2024-11-25 08:00:00,0.03823,0.04076,0.03802,0.03925,1484643971.0
2024-11-25 12:00:00,0.03925,0.04009,0.03624,0.03777,1867728961.0
2024-11-25 16:00:00,0.03778,0.03794,0.03611,0.03748,1113905687.0
2024-11-25 20:00:00,0.03748,0.03852,0.0359,0.03667,1237782052.0
2024-11-26 00:00:00,0.03666,0.038,0.03608,0.03713,740102723.0
2024-11-26 04:00:00,0.03713,0.03773,0.03562,0.03592,689667087.0
2024-11-26 08:00:00,0.03592,0.03607,0.03272,0.03367,1701849060.0
2024-11-26 12:00:00,0.03366,0.03532,0.03322,0.03439,1515794319.0
2024-11-26 16:00:00,0.0344,0.03667,0.03414,0.03645,1534048775.0
2024-11-26 20:00:00,0.03646,0.03752,0.0359,0.03649,1139184941.0
2024-11-27 00:00:00,0.03649,0.03711,0.03563,0.03597,842109000.0
2024-11-27 04:00:00,0.03597,0.03745,0.03552,0.03741,672107786.0
2024-11-27 08:00:00,0.03742,0.03766,0.03605,0.03623,827039772.0
2024-11-27 12:00:00,0.03623,0.03735,0.03545,0.037,860589550.0
2024-11-27 16:00:00,0.037,0.03813,0.03667,0.03733,885902514.0
2024-11-27 20:00:00,0.03732,0.03826,0.03704,0.03727,602604849.0
2024-11-28 00:00:00,0.03726,0.03853,0.03595,0.03635,931742733.0
2024-11-28 04:00:00,0.03635,0.03735,0.03618,0.03639,443451202.0
2024-11-28 08:00:00,0.0364,0.03712,0.03571,0.03654,678040698.0
2024-11-28 12:00:00,0.03654,0.03734,0.03586,0.03607,794963841.0
2024-11-28 16:00:00,0.03609,0.0397,0.03608,0.03924,1227768877.0
2024-11-28 20:00:00,0.03923,0.04002,0.03817,0.03972,874422790.0
2024-11-29 00:00:00,0.03971,0.0406,0.03868,0.03872,932485473.0
2024-11-29 04:00:00,0.03872,0.039,0.03841,0.03849,398171655.0
2024-11-29 08:00:00,0.0385,0.03931,0.03849,0.03905,396988608.0
2024-11-29 12:00:00,0.03905,0.04007,0.03858,0.03985,918856641.0
2024-11-29 16:00:00,0.03986,0.04014,0.03872,0.03921,495470697.0
2024-11-29 20:00:00,0.03922,0.04076,0.03915,0.0399,609583593.0
2024-11-30 00:00:00,0.0399,0.03991,0.03875,0.03942,538234854.0
2024-11-30 04:00:00,0.03942,0.04073,0.03922,0.04068,458975636.0
2024-11-30 08:00:00,0.04068,0.04178,0.04001,0.04042,930857500.0
2024-11-30 12:00:00,0.04043,0.04299,0.04041,0.04256,1136550265.0
2024-11-30 16:00:00,0.04256,0.04494,0.04181,0.04489,1074975625.0
2024-11-30 20:00:00,0.0449,0.04606,0.04435,0.04488,1050382971.0
2024-12-01 00:00:00,0.04488,0.04496,0.04288,0.0437,934412594.0
2024-12-01 04:00:00,0.0437,0.04537,0.04315,0.0449,643515482.0
2024-12-01 08:00:00,0.04489,0.04504,0.04335,0.04418,759676086.0
2024-12-01 12:00:00,0.04418,0.04487,0.04363,0.04445,568831467.0
2024-12-01 16:00:00,0.04446,0.04465,0.0432,0.0434,602185375.0
2024-12-01 20:00:00,0.04339,0.0445,0.04238,0.04409,885896268.0
2024-12-02 00:00:00,0.04409,0.04625,0.04344,0.04402,1095766926.0
2024-12-02 04:00:00,0.04401,0.04714,0.04329,0.04527,1431690871.0
2024-12-02 08:00:00,0.04528,0.04567,0.04105,0.04161,1790644733.0
2024-12-02 12:00:00,0.04161,0.04411,0.04149,0.04369,1170757606.0
2024-12-02 16:00:00,0.0437,0.04381,0.04121,0.04356,957681803.0
2024-12-02 20:00:00,0.04355,0.04697,0.04333,0.04661,1019037113.0
2024-12-03 00:00:00,0.0466,0.05098,0.04609,0.04938,2034105742.0
2024-12-03 04:00:00,0.04937,0.05418,0.04899,0.05149,1842075759.0
2024-12-03 08:00:00,0.05148,0.05257,0.05017,0.05116,1257109082.0
2024-12-03 12:00:00,0.05114,0.05142,0.04657,0.05082,2016266427.0
2024-12-03 16:00:00,0.05082,0.05238,0.04949,0.05197,1288582144.0
2024-12-03 20:00:00,0.05197,0.05372,0.05106,0.05138,1163106901.0
2024-12-04 00:00:00,0.05137,0.05277,0.05052,0.05271,750001956.0
2024-12-04 04:00:00,0.0527,0.0547,0.05186,0.05459,1027159901.0
2024-12-04 08:00:00,0.05458,0.05661,0.0542,0.05485,1527517692.0
2024-12-04 12:00:00,0.05485,0.06293,0.0546,0.06293,3167220676.0
2024-12-04 16:00:00,0.06293,0.06666,0.05955,0.06438,3682389934.0
2024-12-04 20:00:00,0.0644,0.06459,0.05907,0.06021,2021644097.0
2024-12-05 00:00:00,0.06022,0.06101,0.05589,0.05668,1941214648.0
2024-12-05 04:00:00,0.05668,0.06053,0.05627,0.05949,1298212892.0
2024-12-05 08:00:00,0.0595,0.06264,0.05809,0.06206,1824696877.0
2024-12-05 12:00:00,0.06206,0.0622,0.05956,0.06033,1971727380.0
2024-12-05 16:00:00,0.06034,0.06187,0.05943,0.06086,1215839921.0
2024-12-05 20:00:00,0.06086,0.06406,0.05943,0.0604,2193738950.0
2024-12-06 00:00:00,0.06041,0.06243,0.05821,0.05869,1277711871.0
2024-12-06 04:00:00,0.0587,0.06074,0.05784,0.0584,940882948.0
2024-12-06 08:00:00,0.05841,0.05927,0.0565,0.05833,963993149.0
2024-12-06 12:00:00,0.05833,0.05996,0.05682,0.05927,1093107524.0
2024-12-06 16:00:00,0.05927,0.05986,0.05862,0.05973,640881255.0
2024-12-06 20:00:00,0.05973,0.06073,0.0592,0.05942,535468881.0
2024-12-07 00:00:00,0.05942,0.06088,0.05857,0.05922,586492958.0
2024-12-07 04:00:00,0.05921,0.06054,0.05808,0.0586,482665691.0
2024-12-07 08:00:00,0.05861,0.06003,0.05828,0.05945,523498138.0
2024-12-07 12:00:00,0.05946,0.05987,0.05873,0.05951,395420357.0
2024-12-07 16:00:00,0.05952,0.06003,0.0581,0.05882,642350737.0
2024-12-07 20:00:00,0.05883,0.062,0.05873,0.06098,910190703.0
2024-12-08 00:00:00,0.06099,0.06149,0.05931,0.06009,619930147.0
2024-12-08 04:00:00,0.0601,0.06239,0.05859,0.06179,766943039.0
2024-12-08 08:00:00,0.06179,0.06372,0.05985,0.06189,1469828361.0
2024-12-08 12:00:00,0.06189,0.06381,0.06063,0.06129,1208251082.0
2024-12-08 16:00:00,0.0613,0.0617,0.05952,0.06101,668899326.0
2024-12-08 20:00:00,0.06102,0.06138,0.06007,0.06053,470264992.0
2024-12-09 00:00:00,0.06054,0.06058,0.0567,0.0573,922511494.0
2024-12-09 04:00:00,0.0573,0.05816,0.05548,0.05662,882229699.0
2024-12-09 08:00:00,0.05663,0.05665,0.05345,0.05463,1453285639.0
2024-12-09 12:00:00,0.05463,0.0572,0.05405,0.05522,1252730140.0
2024-12-09 16:00:00,0.05523,0.05594,0.054,0.05449,727870756.0
2024-12-09 20:00:00,0.05449,0.05462,0.04015,0.04772,5113503575.0
2024-12-10 00:00:00,0.04773,0.04883,0.04358,0.04601,1587770653.0
2024-12-10 04:00:00,0.04602,0.04821,0.04475,0.04739,978848047.0
2024-12-10 08:00:00,0.04739,0.04824,0.04643,0.047,873909126.0
2024-12-10 12:00:00,0.047,0.0472,0.04269,0.04278,2095830166.0
2024-12-10 16:00:00,0.04279,0.04427,0.0411,0.04386,2267192099.0
2024-12-10 20:00:00,0.04386,0.0463,0.04351,0.04561,875843223.0
2024-12-11 00:00:00,0.04561,0.04709,0.04376,0.04665,909964972.0
2024-12-11 04:00:00,0.04666,0.047,0.04563,0.04582,627208535.0
2024-12-11 08:00:00,0.04583,0.04881,0.04577,0.04816,794722386.0
2024-12-11 12:00:00,0.04815,0.05285,0.04812,0.05172,1975476139.0
2024-12-11 16:00:00,0.05173,0.05231,0.05008,0.05108,839474536.0
2024-12-11 20:00:00,0.05108,0.05197,0.05041,0.05153,418586158.0
2024-12-12 00:00:00,0.05153,0.05464,0.05101,0.05339,1200089029.0
2024-12-12 04:00:00,0.0534,0.05476,0.05284,0.05305,644648012.0
2024-12-12 08:00:00,0.05305,0.05377,0.05087,0.05133,786565309.0
2024-12-12 12:00:00,0.05134,0.05308,0.05133,0.05203,1065837738.0
2024-12-12 16:00:00,0.05204,0.05307,0.05008,0.05035,1039421631.0
2024-12-12 20:00:00,0.05034,0.0517,0.05007,0.05083,727471619.0
2024-12-13 00:00:00,0.05083,0.05206,0.0495,0.05144,715910438.0
2024-12-13 04:00:00,0.05144,0.05162,0.04955,0.05067,493079645.0
2024-12-13 08:00:00,0.05067,0.05255,0.05041,0.05176,604142723.0
2024-12-13 12:00:00,0.05177,0.05294,0.05096,0.05105,1027324631.0
2024-12-13 16:00:00,0.05104,0.05267,0.05094,0.0517,794960817.0
2024-12-13 20:00:00,0.0517,0.05262,0.05069,0.05203,449519038.0
2024-12-14 00:00:00,0.05202,0.05256,0.05111,0.05124,394266914.0
2024-12-14 04:00:00,0.05125,0.05154,0.05054,0.05075,286964182.0
2024-12-14 08:00:00,0.05074,0.05123,0.05001,0.05027,380298880.0
2024-12-14 12:00:00,0.05027,0.05044,0.04821,0.04945,1058754616.0
2024-12-14 16:00:00,0.04944,0.04961,0.04779,0.04854,735710899.0
2024-12-14 20:00:00,0.04854,0.04968,0.04772,0.04934,493305236.0
2024-12-15 00:00:00,0.04934,0.05055,0.04867,0.04956,417887200.0
2024-12-15 04:00:00,0.04956,0.05051,0.04807,0.04857,504202948.0
2024-12-15 08:00:00,0.04857,0.05,0.04855,0.04954,572082447.0
2024-12-15 12:00:00,0.04955,0.05222,0.04925,0.05078,1021385331.0
2024-12-15 16:00:00,0.05077,0.05136,0.05007,0.05017,463395269.0
2024-12-15 20:00:00,0.05016,0.05125,0.0483,0.0509,831582280.0
2024-12-16 00:00:00,0.0509,0.05198,0.04955,0.04992,677425985.0
2024-12-16 04:00:00,0.04992,0.05035,0.04888,0.04953,417670860.0
2024-12-16 08:00:00,0.04952,0.04964,0.04754,0.04769,796977878.0
2024-12-16 12:00:00,0.0477,0.04893,0.04764,0.04858,836555642.0
2024-12-16 16:00:00,0.04859,0.05018,0.04845,0.04917,784575717.0
2024-12-16 20:00:00,0.04918,0.0499,0.04792,0.04807,610800460.0
2024-12-17 00:00:00,0.04807,0.04819,0.04471,0.04575,1495974754.0
2024-12-17 04:00:00,0.04576,0.04641,0.04527,0.04596,906603115.0
2024-12-17 08:00:00,0.04597,0.0472,0.04574,0.04658,786249238.0
2024-12-17 12:00:00,0.04659,0.04707,0.04453,0.04499,1170225091.0
2024-12-17 16:00:00,0.045,0.04614,0.04443,0.04558,861852985.0
2024-12-17 20:00:00,0.04558,0.04602,0.04362,0.04467,883802908.0
2024-12-18 00:00:00,0.04468,0.04496,0.04383,0.04397,482559830.0
2024-12-18 04:00:00,0.04396,0.04431,0.04301,0.04357,589772663.0
2024-12-18 08:00:00,0.04356,0.0447,0.04317,0.04456,555128138.0
2024-12-18 12:00:00,0.04456,0.04461,0.04321,0.04376,690959156.0
2024-12-18 16:00:00,0.04376,0.04509,0.04271,0.04272,915200905.0
2024-12-18 20:00:00,0.04271,0.04318,0.0386,0.04002,2885571407.0
2024-12-19 00:00:00,0.04003,0.04062,0.037,0.04009,1624306919.0
2024-12-19 04:00:00,0.04008,0.04013,0.03932,0.03968,365350309.0
2024-12-19 08:00:00,0.03968,0.04025,0.03902,0.03982,533809460.0
2024-12-19 12:00:00,0.03983,0.04,0.03728,0.03813,961761851.0
2024-12-19 16:00:00,0.03813,0.03855,0.0343,0.03508,2751529481.0
2024-12-19 20:00:00,0.03509,0.03643,0.03392,0.03515,1345123051.0
2024-12-20 00:00:00,0.03515,0.03726,0.03454,0.03657,823869428.0
2024-12-20 04:00:00,0.03658,0.03692,0.03454,0.03549,669249591.0
2024-12-20 08:00:00,0.0355,0.03552,0.02947,0.02964,3359382657.0
2024-12-20 12:00:00,0.02964,0.03447,0.02959,0.03406,2069707130.0
2024-12-20 16:00:00,0.03406,0.03681,0.03369,0.03659,1116001892.0
2024-12-20 20:00:00,0.0366,0.03798,0.03551,0.03743,921743463.0
2024-12-21 00:00:00,0.03742,0.03834,0.03709,0.03831,645547473.0
2024-12-21 04:00:00,0.03831,0.04093,0.03795,0.04032,773565227.0
2024-12-21 08:00:00,0.04033,0.04057,0.03818,0.03845,958176959.0
2024-12-21 12:00:00,0.03844,0.03849,0.03517,0.03635,1839204093.0
2024-12-21 16:00:00,0.03635,0.03639,0.03457,0.03521,1318307330.0
2024-12-21 20:00:00,0.0352,0.03578,0.03454,0.03505,687291698.0
2024-12-22 00:00:00,0.03505,0.03557,0.03422,0.03501,641252039.0
2024-12-22 04:00:00,0.035,0.03521,0.03373,0.03481,564543603.0
2024-12-22 08:00:00,0.03481,0.03664,0.03478,0.03577,748600202.0
2024-12-22 12:00:00,0.03578,0.03649,0.03443,0.03508,1017936636.0
2024-12-22 16:00:00,0.03508,0.03592,0.03432,0.03446,679814557.0
2024-12-22 20:00:00,0.03446,0.03551,0.03401,0.03486,696958940.0
2024-12-23 00:00:00,0.03486,0.03646,0.03392,0.03635,730633010.0
2024-12-23 04:00:00,0.03634,0.03655,0.03455,0.03507,562434176.0
2024-12-23 08:00:00,0.03506,0.03577,0.03465,0.03517,505607053.0
2024-12-23 12:00:00,0.03518,0.03589,0.03424,0.03437,833880135.0
2024-12-23 16:00:00,0.03436,0.036,0.03427,0.03574,849546045.0
2024-12-23 20:00:00,0.03573,0.03914,0.03571,0.03786,1514155928.0
2024-12-24 00:00:00,0.03786,0.03789,0.03621,0.037,566801037.0
2024-12-24 04:00:00,0.03701,0.03738,0.03621,0.03666,488586301.0
2024-12-24 08:00:00,0.03666,0.03727,0.03635,0.03702,510012119.0
2024-12-24 12:00:00,0.03701,0.04076,0.0365,0.04032,1513815832.0
2024-12-24 16:00:00,0.04032,0.04088,0.03855,0.03855,1038140663.0
2024-12-24 20:00:00,0.03855,0.03971,0.03807,0.03962,780846764.0
2024-12-25 00:00:00,0.03962,0.03983,0.03872,0.03924,501616350.0
2024-12-25 04:00:00,0.03924,0.03959,0.03879,0.03888,359916047.0
2024-12-25 08:00:00,0.03887,0.03975,0.03845,0.03857,748188004.0
2024-12-25 12:00:00,0.03858,0.03943,0.03823,0.03862,610221573.0
2024-12-25 16:00:00,0.03863,0.03888,0.0379,0.03866,488313389.0
2024-12-25 20:00:00,0.03866,0.03891,0.03784,0.03848,418081006.0
2024-12-26 00:00:00,0.03848,0.03919,0.03767,0.03776,458776600.0
2024-12-26 04:00:00,0.03776,0.03777,0.03668,0.03679,486772717.0
2024-12-26 08:00:00,0.03679,0.03694,0.03531,0.03624,895174981.0
2024-12-26 12:00:00,0.03623,0.03641,0.03557,0.03573,503662749.0
2024-12-26 16:00:00,0.03573,0.03607,0.03491,0.03558,541638943.0
2024-12-26 20:00:00,0.03557,0.03585,0.03484,0.03534,431286418.0
2024-12-27 00:00:00,0.03534,0.03622,0.03508,0.03601,436483167.0
2024-12-27 04:00:00,0.03601,0.03648,0.03512,0.03548,593881649.0
2024-12-27 08:00:00,0.03548,0.03801,0.03546,0.03738,1114425339.0
2024-12-27 12:00:00,0.03739,0.03761,0.03528,0.03558,876479954.0
2024-12-27 16:00:00,0.03559,0.03637,0.03498,0.03577,606681985.0
2024-12-27 20:00:00,0.03577,0.03585,0.03452,0.03493,489424455.0
2024-12-28 00:00:00,0.03494,0.03512,0.03428,0.03474,355494550.0
2024-12-28 04:00:00,0.03474,0.03508,0.03429,0.03433,240390285.0
2024-12-28 08:00:00,0.03434,0.03496,0.03432,0.03482,285958461.0
2024-12-28 12:00:00,0.03481,0.036,0.03441,0.0353,719014521.0
2024-12-28 16:00:00,0.03529,0.03635,0.03511,0.03596,365198952.0
2024-12-28 20:00:00,0.03596,0.03786,0.03583,0.03676,637600400.0
2024-12-29 00:00:00,0.03677,0.03731,0.03636,0.03705,395713650.0
2024-12-29 04:00:00,0.03705,0.03725,0.03617,0.03699,970606628.0
2024-12-29 08:00:00,0.03698,0.03699,0.03593,0.03596,736735575.0
2024-12-29 12:00:00,0.03595,0.03618,0.03524,0.03546,620943750.0
2024-12-29 16:00:00,0.03547,0.03549,0.03474,0.03501,486353257.0
2024-12-29 20:00:00,0.03501,0.03524,0.0344,0.03473,429761748.0
2024-12-30 00:00:00,0.03472,0.03613,0.03454,0.03544,544412824.0
2024-12-30 04:00:00,0.03544,0.03603,0.03503,0.03536,413529747.0
2024-12-30 08:00:00,0.03535,0.0358,0.03468,0.03518,482608381.0
2024-12-30 12:00:00,0.03517,0.03607,0.0334,0.03373,1537584137.0
2024-12-30 16:00:00,0.03373,0.03549,0.03314,0.03541,1067426109.0
2024-12-30 20:00:00,0.03541,0.03609,0.03401,0.03449,753468808.0
2024-12-31 00:00:00,0.03449,0.0345,0.03353,0.03378,356912639.0
2024-12-31 04:00:00,0.03377,0.03407,0.0334,0.03374,312115254.0
2024-12-31 08:00:00,0.03373,0.03508,0.03372,0.03467,542424031.0
2024-12-31 12:00:00,0.03467,0.03611,0.03463,0.03572,832874048.0
2024-12-31 16:00:00,0.03572,0.03593,0.03434,0.03473,636710213.0
2024-12-31 20:00:00,0.03472,0.03498,0.03415,0.03437,321667055.0
2025-01-01 00:00:00,0.03437,0.03527,0.03429,0.03461,297983085.0
2025-01-01 04:00:00,0.03462,0.03466,0.03424,0.03455,231867630.0
2025-01-01 08:00:00,0.03455,0.03482,0.03381,0.03451,460266346.0
2025-01-01 12:00:00,0.0345,0.03608,0.03441,0.03604,787154550.0
2025-01-01 16:00:00,0.03605,0.0376,0.03564,0.0373,1115515814.0
2025-01-01 20:00:00,0.03729,0.03765,0.03694,0.03709,573757956.0
2025-01-02 00:00:00,0.03709,0.03809,0.03706,0.03753,560978984.0
2025-01-02 04:00:00,0.03753,0.03811,0.03701,0.03748,376362592.0
2025-01-02 08:00:00,0.03748,0.03979,0.03736,0.03972,952241678.0
2025-01-02 12:00:00,0.03971,0.04005,0.03846,0.03888,1279515325.0
2025-01-02 16:00:00,0.03888,0.03976,0.03873,0.03922,696003605.0
2025-01-02 20:00:00,0.03923,0.03949,0.03834,0.0392,485142034.0
2025-01-03 00:00:00,0.03921,0.04062,0.03915,0.04033,668915852.0
2025-01-03 04:00:00,0.04032,0.04032,0.03897,0.03923,378732632.0
2025-01-03 08:00:00,0.03923,0.04247,0.03907,0.04222,1683467998.0
2025-01-03 12:00:00,0.04223,0.04411,0.04163,0.04396,1516058608.0
2025-01-03 16:00:00,0.04396,0.04448,0.04333,0.04351,759118878.0
2025-01-03 20:00:00,0.0435,0.0436,0.04285,0.04341,416577218.0
2025-01-04 00:00:00,0.04342,0.04396,0.0428,0.04304,501932849.0
2025-01-04 04:00:00,0.04303,0.04315,0.04238,0.043,358420532.0
2025-01-04 08:00:00,0.043,0.043,0.04186,0.04205,464371494.0
2025-01-04 12:00:00,0.04206,0.04393,0.04174,0.04196,1130945357.0
2025-01-04 16:00:00,0.04197,0.04284,0.04187,0.04238,686878635.0
2025-01-04 20:00:00,0.04238,0.04273,0.04217,0.04246,250988519.0
2025-01-05 00:00:00,0.04246,0.04259,0.04157,0.04209,364793107.0
2025-01-05 04:00:00,0.04209,0.04242,0.04175,0.04205,259017110.0
2025-01-05 08:00:00,0.04206,0.04216,0.04091,0.04117,685312117.0
2025-01-05 12:00:00,0.04117,0.04175,0.0406,0.0416,575252930.0
2025-01-05 16:00:00,0.04159,0.04227,0.04118,0.0421,681066474.0
2025-01-05 20:00:00,0.0421,0.0424,0.04161,0.04188,506342749.0
2025-01-06 00:00:00,0.04189,0.04331,0.04112,0.04267,858780083.0
2025-01-06 04:00:00,0.04268,0.04288,0.04174,0.04198,415193526.0
2025-01-06 08:00:00,0.042,0.04289,0.04152,0.04255,640059452.0
2025-01-06 12:00:00,0.04255,0.04394,0.0418,0.04375,1244356575.0
2025-01-06 16:00:00,0.04376,0.04454,0.04282,0.04383,1087462001.0
2025-01-06 20:00:00,0.04383,0.04409,0.04221,0.04278,796896254.0
2025-01-07 00:00:00,0.04279,0.04316,0.0419,0.04221,517433541.0
2025-01-07 04:00:00,0.04222,0.04272,0.04171,0.04249,406535209.0
2025-01-07 08:00:00,0.0425,0.04345,0.04134,0.04177,785951330.0
2025-01-07 12:00:00,0.04177,0.04269,0.03888,0.03948,2087835414.0
2025-01-07 16:00:00,0.03947,0.03992,0.03787,0.03804,1460490964.0
2025-01-07 20:00:00,0.03804,0.03833,0.03713,0.03718,729265107.0
2025-01-08 00:00:00,0.03718,0.03785,0.0365,0.03687,622319360.0
2025-01-08 04:00:00,0.03687,0.03705,0.03532,0.03619,903970797.0
2025-01-08 08:00:00,0.03619,0.03656,0.03535,0.03559,763465898.0
2025-01-08 12:00:00,0.03559,0.0364,0.03526,0.03582,1068081326.0
2025-01-08 16:00:00,0.03582,0.03587,0.03274,0.03426,2178571115.0
2025-01-08 20:00:00,0.03426,0.03509,0.03389,0.03467,728335696.0
2025-01-09 00:00:00,0.03467,0.03542,0.03443,0.0346,515870391.0
2025-01-09 04:00:00,0.03459,0.03476,0.03351,0.03363,422963658.0
2025-01-09 08:00:00,0.03364,0.0348,0.0335,0.03457,1076507730.0
2025-01-09 12:00:00,0.03457,0.03521,0.03313,0.03479,1296754040.0
2025-01-09 16:00:00,0.0348,0.035,0.03314,0.03331,796394939.0
2025-01-09 20:00:00,0.03331,0.03401,0.03272,0.03373,679142982.0
2025-01-10 00:00:00,0.03373,0.03431,0.03367,0.03415,342364784.0
2025-01-10 04:00:00,0.03415,0.03544,0.03394,0.03516,502889771.0
2025-01-10 08:00:00,0.03517,0.03562,0.03492,0.03535,542413766.0
2025-01-10 12:00:00,0.03536,0.0356,0.03334,0.0342,1581942551.0
2025-01-10 16:00:00,0.0342,0.03617,0.03372,0.03571,1313521657.0
2025-01-10 20:00:00,0.0357,0.03593,0.03517,0.03537,398005782.0
2025-01-11 00:00:00,0.03536,0.03583,0.03502,0.03521,321610477.0
2025-01-11 04:00:00,0.03521,0.0358,0.03501,0.03535,312990407.0
2025-01-11 08:00:00,0.03534,0.0363,0.03507,0.03611,881173109.0
2025-01-11 12:00:00,0.0361,0.03614,0.03507,0.03523,543841903.0
2025-01-11 16:00:00,0.03524,0.03554,0.03488,0.03524,556639157.0
2025-01-11 20:00:00,0.03525,0.03707,0.03512,0.03633,801989390.0
2025-01-12 00:00:00,0.03633,0.03653,0.03573,0.03597,312741042.0
2025-01-12 04:00:00,0.03597,0.03609,0.03528,0.03569,267704321.0
2025-01-12 08:00:00,0.03569,0.03578,0.03504,0.03556,378315233.0
2025-01-12 12:00:00,0.03556,0.03593,0.03529,0.03571,344428876.0
2025-01-12 16:00:00,0.03571,0.03585,0.03497,0.03506,616382878.0
2025-01-12 20:00:00,0.03507,0.03523,0.03411,0.03475,439269616.0
2025-01-13 00:00:00,0.03475,0.03599,0.03348,0.03355,944738855.0
2025-01-13 04:00:00,0.03355,0.03424,0.03279,0.03316,528078786.0
2025-01-13 08:00:00,0.03315,0.03326,0.03081,0.03084,1877732924.0
2025-01-13 12:00:00,0.03085,0.03287,0.03033,0.03228,2242217819.0
2025-01-13 16:00:00,0.03229,0.03255,0.03131,0.03182,814639558.0
2025-01-13 20:00:00,0.03182,0.03431,0.03161,0.03347,1428748464.0
2025-01-14 00:00:00,0.03347,0.03416,0.03341,0.03375,526053016.0
2025-01-14 04:00:00,0.03375,0.03441,0.03365,0.03368,301805669.0
2025-01-14 08:00:00,0.03368,0.03498,0.03365,0.03421,994821364.0
2025-01-14 12:00:00,0.03421,0.03527,0.03383,0.03485,724252873.0
2025-01-14 16:00:00,0.03486,0.03538,0.03441,0.03502,447914566.0
2025-01-14 20:00:00,0.03501,0.03727,0.03476,0.03645,1721145678.0
2025-01-15 00:00:00,0.03645,0.03669,0.03588,0.0364,530987674.0
2025-01-15 04:00:00,0.0364,0.03704,0.03582,0.03677,386351094.0
2025-01-15 08:00:00,0.03677,0.0374,0.03552,0.03602,1104853577.0
2025-01-15 12:00:00,0.03602,0.03896,0.03568,0.0387,2038557184.0
2025-01-15 16:00:00,0.0387,0.03953,0.03801,0.03856,847443159.0
2025-01-15 20:00:00,0.03857,0.03919,0.03806,0.0391,528069878.0
2025-01-16 00:00:00,0.03909,0.03921,0.03791,0.03849,598644042.0
2025-01-16 04:00:00,0.03849,0.03917,0.03832,0.03915,406559556.0
2025-01-16 08:00:00,0.03914,0.03947,0.03813,0.03908,937739552.0
2025-01-16 12:00:00,0.03907,0.04059,0.03776,0.03923,1921776326.0
2025-01-16 16:00:00,0.03924,0.03989,0.03901,0.03976,698233551.0
2025-01-16 20:00:00,0.03976,0.03994,0.03814,0.03851,637304829.0
2025-01-17 00:00:00,0.03852,0.04043,0.0385,0.03961,565181750.0
2025-01-17 04:00:00,0.03962,0.04166,0.0394,0.04095,1129417682.0
2025-01-17 08:00:00,0.04095,0.04133,0.04043,0.04059,542775839.0
2025-01-17 12:00:00,0.04059,0.04155,0.04003,0.04039,1539121013.0
2025-01-17 16:00:00,0.0404,0.04161,0.04022,0.04063,754461595.0
2025-01-17 20:00:00,0.04063,0.04234,0.04062,0.04117,844271202.0
2025-01-18 00:00:00,0.04116,0.04179,0.03895,0.03915,885332082.0
2025-01-18 04:00:00,0.03914,0.03939,0.03712,0.03746,1205660701.0
2025-01-18 08:00:00,0.03745,0.03752,0.03638,0.03734,955572154.0
2025-01-18 12:00:00,0.03735,0.03795,0.03678,0.03702,873269965.0
2025-01-18 16:00:00,0.03703,0.0372,0.0361,0.03688,933615438.0
2025-01-18 20:00:00,0.03688,0.03744,0.03626,0.03731,395880338.0
2025-01-19 00:00:00,0.03731,0.03873,0.03723,0.03777,602712062.0
2025-01-19 04:00:00,0.03776,0.03781,0.03659,0.0368,696731114.0
2025-01-19 08:00:00,0.0368,0.0368,0.03391,0.03425,1746372327.0
2025-01-19 12:00:00,0.03426,0.03736,0.03417,0.03696,1373814356.0
2025-01-19 16:00:00,0.03695,0.0379,0.03655,0.03755,569108763.0
2025-01-19 20:00:00,0.03755,0.03782,0.03235,0.03323,2488285277.0
2025-01-20 00:00:00,0.03323,0.03334,0.03165,0.03297,1850252909.0
2025-01-20 04:00:00,0.03297,0.03682,0.03231,0.03594,1909974607.0
2025-01-20 08:00:00,0.03595,0.03634,0.03432,0.03512,691371913.0
2025-01-20 12:00:00,0.03512,0.03517,0.03333,0.03376,1099864852.0
2025-01-20 16:00:00,0.03377,0.03457,0.03156,0.03344,2140076786.0
2025-01-20 20:00:00,0.03344,0.0338,0.03224,0.03272,613616525.0
2025-01-21 00:00:00,0.03272,0.03284,0.03138,0.03202,696988949.0
2025-01-21 04:00:00,0.03202,0.03229,0.03096,0.03208,560458195.0
2025-01-21 08:00:00,0.03208,0.03352,0.03176,0.03323,973230063.0
2025-01-21 12:00:00,0.03324,0.03378,0.03277,0.03333,833279315.0
2025-01-21 16:00:00,0.03333,0.03522,0.03323,0.03456,1060914556.0
2025-01-21 20:00:00,0.03456,0.03471,0.03362,0.03411,493963567.0
2025-01-22 00:00:00,0.03411,0.03434,0.03334,0.0341,568045566.0
2025-01-22 04:00:00,0.0341,0.03439,0.03368,0.03425,350304820.0
2025-01-22 08:00:00,0.03424,0.03494,0.03369,0.03439,660023266.0
2025-01-22 12:00:00,0.03439,0.03476,0.03317,0.03349,907543406.0
2025-01-22 16:00:00,0.0335,0.03395,0.03286,0.03327,519241373.0
2025-01-22 20:00:00,0.03328,0.03355,0.03264,0.03291,385724700.0
2025-01-23 00:00:00,0.03291,0.03301,0.03193,0.03235,467715412.0
2025-01-23 04:00:00,0.03236,0.03289,0.03184,0.03288,376235514.0
2025-01-23 08:00:00,0.03287,0.03315,0.03228,0.03253,468801634.0
2025-01-23 12:00:00,0.03253,0.03338,0.03191,0.03315,1080313761.0
2025-01-23 16:00:00,0.03315,0.0339,0.03182,0.03205,978080156.0
2025-01-23 20:00:00,0.03205,0.03335,0.03188,0.03296,998362680.0
2025-01-24 00:00:00,0.03297,0.0331,0.03144,0.03204,559735322.0
2025-01-24 04:00:00,0.03203,0.03357,0.03184,0.03313,522000920.0
2025-01-24 08:00:00,0.03312,0.03417,0.033,0.0338,617850291.0
2025-01-24 12:00:00,0.03381,0.03418,0.03314,0.03354,603074045.0
2025-01-24 16:00:00,0.03355,0.03376,0.03308,0.03332,374871645.0
2025-01-24 20:00:00,0.03333,0.03347,0.03226,0.03248,454515738.0
2025-01-25 00:00:00,0.03248,0.03282,0.03174,0.03274,399046225.0
2025-01-25 04:00:00,0.03275,0.03275,0.03207,0.03214,227922236.0
2025-01-25 08:00:00,0.03213,0.03229,0.03173,0.03221,314199843.0
2025-01-25 12:00:00,0.03221,0.03247,0.03182,0.03225,339267841.0
2025-01-25 16:00:00,0.03226,0.03261,0.03203,0.03248,310402585.0
2025-01-25 20:00:00,0.03248,0.03278,0.03215,0.03225,244004048.0
2025-01-26 00:00:00,0.03224,0.03292,0.03208,0.03274,211134260.0
2025-01-26 04:00:00,0.03274,0.03309,0.03259,0.03283,225605400.0
2025-01-26 08:00:00,0.03282,0.03299,0.0322,0.0327,274512638.0
2025-01-26 12:00:00,0.03269,0.03282,0.03249,0.03264,211321528.0
2025-01-26 16:00:00,0.03264,0.03297,0.03239,0.03282,266596405.0
2025-01-26 20:00:00,0.03282,0.03288,0.03063,0.03075,706533102.0
2025-01-27 00:00:00,0.03075,0.03084,0.02887,0.02955,1465699420.0
2025-01-27 04:00:00,0.02954,0.02954,0.0268,0.0279,1472356375.0
2025-01-27 08:00:00,0.02788,0.02817,0.02717,0.02763,1005368189.0
2025-01-27 12:00:00,0.02763,0.03005,0.02757,0.0297,1222304136.0
2025-01-27 16:00:00,0.0297,0.02996,0.02843,0.02884,1596529505.0
2025-01-27 20:00:00,0.02884,0.03104,0.02882,0.03031,1332638642.0
2025-01-28 00:00:00,0.03031,0.03081,0.02983,0.03067,454684430.0
2025-01-28 04:00:00,0.03067,0.03117,0.03025,0.03039,730529282.0
2025-01-28 08:00:00,0.03039,0.03046,0.02956,0.02974,792106865.0
2025-01-28 12:00:00,0.02974,0.02989,0.02878,0.02926,1189883582.0
2025-01-28 16:00:00,0.02928,0.02931,0.02819,0.02863,1032102660.0
2025-01-28 20:00:00,0.02864,0.0287,0.02701,0.02734,810035356.0
2025-01-29 00:00:00,0.02734,0.02873,0.02723,0.02845,740331290.0
2025-01-29 04:00:00,0.02845,0.02934,0.02824,0.02927,644611034.0
2025-01-29 08:00:00,0.02927,0.02947,0.02837,0.02904,1065031906.0
2025-01-29 12:00:00,0.02905,0.02915,0.02804,0.02842,852077864.0
2025-01-29 16:00:00,0.02842,0.02977,0.02759,0.02935,1277566163.0
2025-01-29 20:00:00,0.02934,0.03021,0.02879,0.02897,1396437935.0
2025-01-30 00:00:00,0.02898,0.03022,0.02862,0.03014,650636160.0
2025-01-30 04:00:00,0.03015,0.03037,0.02975,0.03,368998108.0
2025-01-30 08:00:00,0.03,0.03049,0.02969,0.03038,696093201.0
2025-01-30 12:00:00,0.03039,0.03195,0.03001,0.03148,952700416.0
2025-01-30 16:00:00,0.03149,0.03193,0.03124,0.03165,716020364.0
2025-01-30 20:00:00,0.03165,0.03179,0.03102,0.03102,390906593.0
2025-01-31 00:00:00,0.03103,0.03121,0.03029,0.03059,612246993.0
2025-01-31 04:00:00,0.0306,0.03144,0.03022,0.03102,565667726.0
2025-01-31 08:00:00,0.03102,0.03223,0.03062,0.03208,961912392.0
2025-01-31 12:00:00,0.03208,0.03433,0.03181,0.03401,1609678400.0
2025-01-31 16:00:00,0.03401,0.03422,0.03197,0.03202,1486975492.0
2025-01-31 20:00:00,0.03201,0.03206,0.0312,0.03188,845437208.0
2025-02-01 00:00:00,0.03189,0.03236,0.03156,0.03185,449869053.0
2025-02-01 04:00:00,0.03185,0.03257,0.03169,0.03202,361695433.0
2025-02-01 08:00:00,0.03201,0.03224,0.03077,0.03138,632591814.0
2025-02-01 12:00:00,0.03139,0.03147,0.03009,0.03049,558247272.0
2025-02-01 16:00:00,0.03049,0.03073,0.02921,0.02936,651677577.0
2025-02-01 20:00:00,0.02936,0.0294,0.02805,0.02818,762829158.0
2025-02-02 00:00:00,0.02819,0.02888,0.02728,0.02742,739751427.0
2025-02-02 04:00:00,0.02741,0.02848,0.02732,0.02805,475614786.0
2025-02-02 08:00:00,0.02805,0.02852,0.02722,0.02735,548552200.0
2025-02-02 12:00:00,0.02735,0.02805,0.0271,0.0275,618730795.0
2025-02-02 16:00:00,0.0275,0.02751,0.02373,0.02497,2928880700.0
2025-02-02 20:00:00,0.02498,0.02545,0.02222,0.0239,1788906060.0
2025-02-03 00:00:00,0.0239,0.02391,0.01702,0.01958,5952373263.0
2025-02-03 04:00:00,0.01958,0.02174,0.01875,0.02171,1700187816.0
2025-02-03 08:00:00,0.0217,0.02189,0.02063,0.02126,1326746541.0
2025-02-03 12:00:00,0.02126,0.023,0.02018,0.02264,2356929791.0
2025-02-03 16:00:00,0.02264,0.02431,0.02244,0.02428,1411224213.0
2025-02-03 20:00:00,0.02429,0.02491,0.02336,0.02443,921954999.0
2025-02-04 00:00:00,0.02443,0.02465,0.02318,0.02345,689066610.0
2025-02-04 04:00:00,0.02346,0.02372,0.02107,0.0212,1734167959.0
2025-02-04 08:00:00,0.02119,0.02243,0.02103,0.02209,1254200691.0
2025-02-04 12:00:00,0.02209,0.02333,0.02207,0.02253,1712804651.0
2025-02-04 16:00:00,0.02254,0.02366,0.02223,0.02252,1554680916.0
2025-02-04 20:00:00,0.02252,0.02278,0.02148,0.02246,2049407441.0
2025-02-05 00:00:00,0.02246,0.02328,0.02226,0.02294,775192932.0
2025-02-05 04:00:00,0.02293,0.02343,0.02267,0.02303,609411242.0
2025-02-05 08:00:00,0.02302,0.02353,0.02266,0.02336,630272087.0
2025-02-05 12:00:00,0.02336,0.02404,0.02323,0.0236,1293818940.0
2025-02-05 16:00:00,0.0236,0.02377,0.0224,0.02315,1572655984.0
2025-02-05 20:00:00,0.02315,0.02327,0.0221,0.02251,832264024.0
2025-02-06 00:00:00,0.02251,0.02324,0.02241,0.02292,580363197.0
2025-02-06 04:00:00,0.02292,0.02318,0.02266,0.0228,1700114612.0
2025-02-06 08:00:00,0.02281,0.02292,0.02212,0.02241,774009593.0
2025-02-06 12:00:00,0.02242,0.02256,0.02075,0.02095,1682996336.0
2025-02-06 16:00:00,0.02096,0.02137,0.02061,0.02078,1552517031.0
2025-02-06 20:00:00,0.02077,0.02129,0.02063,0.02084,796289801.0
2025-02-07 00:00:00,0.02084,0.02167,0.0208,0.02146,581071112.0
2025-02-07 04:00:00,0.02146,0.02169,0.02096,0.02135,975988296.0
2025-02-07 08:00:00,0.02135,0.02211,0.02123,0.02204,710131406.0
2025-02-07 12:00:00,0.02204,0.02317,0.02173,0.02256,1821915479.0
2025-02-07 16:00:00,0.02256,0.02259,0.02164,0.02182,1120183129.0
2025-02-07 20:00:00,0.02182,0.02183,0.02037,0.02117,1131989416.0
2025-02-08 00:00:00,0.02117,0.02153,0.02088,0.02097,638511894.0
2025-02-08 04:00:00,0.02097,0.0213,0.02067,0.02111,741726848.0
2025-02-08 08:00:00,0.02111,0.02117,0.02066,0.02086,504687361.0
2025-02-08 12:00:00,0.02087,0.02162,0.02073,0.02137,657410138.0
2025-02-08 16:00:00,0.02137,0.02226,0.02117,0.02211,804193557.0
2025-02-08 20:00:00,0.02212,0.0223,0.02187,0.02205,339529507.0
2025-02-09 00:00:00,0.02205,0.02263,0.02184,0.02249,1001533918.0
2025-02-09 04:00:00,0.0225,0.0225,0.02193,0.02234,752962154.0
2025-02-09 08:00:00,0.02234,0.02261,0.02216,0.02224,714722121.0
2025-02-09 12:00:00,0.02223,0.02247,0.02159,0.02201,742201267.0
2025-02-09 16:00:00,0.02202,0.02224,0.02162,0.02174,487907256.0
2025-02-09 20:00:00,0.02174,0.02205,0.02048,0.02179,1141902105.0
2025-02-10 00:00:00,0.02179,0.02238,0.02101,0.0219,997576137.0
2025-02-10 04:00:00,0.02191,0.02288,0.02175,0.02239,868429660.0
2025-02-10 08:00:00,0.02239,0.02296,0.02228,0.02277,613412443.0
2025-02-10 12:00:00,0.02277,0.02314,0.02236,0.02259,784255490.0
2025-02-10 16:00:00,0.0226,0.02307,0.02252,0.02282,543728701.0
2025-02-10 20:00:00,0.02282,0.0233,0.02279,0.02306,499608154.0
2025-02-11 00:00:00,0.02305,0.02347,0.02289,0.02328,511848967.0
2025-02-11 04:00:00,0.02328,0.02463,0.0232,0.02426,1080659173.0
2025-02-11 08:00:00,0.02425,0.02449,0.02365,0.02395,726731776.0
2025-02-11 12:00:00,0.02395,0.02402,0.02314,0.0235,909825967.0
2025-02-11 16:00:00,0.0235,0.02364,0.02214,0.02231,997191270.0
2025-02-11 20:00:00,0.02231,0.02292,0.02225,0.0227,858636437.0
2025-02-12 00:00:00,0.02271,0.02306,0.02243,0.02264,611318298.0
2025-02-12 04:00:00,0.02263,0.02275,0.02223,0.02245,574081292.0
2025-02-12 08:00:00,0.02245,0.02276,0.02235,0.02257,459270911.0
2025-02-12 12:00:00,0.02257,0.02323,0.02148,0.02259,2566952701.0
2025-02-12 16:00:00,0.0226,0.0237,0.02228,0.02352,1181729179.0
2025-02-12 20:00:00,0.02353,0.02445,0.02335,0.02412,806853082.0
2025-02-13 00:00:00,0.02412,0.02479,0.02391,0.02418,643744925.0
2025-02-13 04:00:00,0.02419,0.02422,0.02314,0.02326,655769162.0
2025-02-13 08:00:00,0.02325,0.0237,0.02282,0.02327,672148479.0
2025-02-13 12:00:00,0.02328,0.02344,0.02272,0.02314,876234837.0
2025-02-13 16:00:00,0.02314,0.02336,0.02271,0.02306,596649010.0
2025-02-13 20:00:00,0.02307,0.02335,0.02291,0.02328,365646369.0
2025-02-14 00:00:00,0.02329,0.02377,0.02295,0.02371,510655317.0
2025-02-14 04:00:00,0.0237,0.02375,0.02313,0.0233,397361895.0
2025-02-14 08:00:00,0.0233,0.02416,0.02324,0.02369,639309016.0
2025-02-14 12:00:00,0.02369,0.02441,0.02342,0.02426,763004144.0
2025-02-14 16:00:00,0.02425,0.02519,0.02393,0.02481,807326067.0
2025-02-14 20:00:00,0.02481,0.02489,0.02378,0.02434,570295839.0
2025-02-15 00:00:00,0.02434,0.02476,0.02396,0.02471,416489173.0
2025-02-15 04:00:00,0.02471,0.02489,0.02431,0.02456,463014709.0
2025-02-15 08:00:00,0.02455,0.02497,0.02402,0.02424,620290031.0
2025-02-15 12:00:00,0.02424,0.02455,0.02373,0.02389,531160884.0
2025-02-15 16:00:00,0.0239,0.02417,0.02365,0.02381,551296110.0
2025-02-15 20:00:00,0.02381,0.02394,0.02342,0.02372,319817844.0
2025-02-16 00:00:00,0.02372,0.02391,0.02302,0.02332,394744337.0
2025-02-16 04:00:00,0.02333,0.02363,0.02309,0.02314,255266506.0
2025-02-16 08:00:00,0.02314,0.02361,0.02297,0.0236,499441095.0
2025-02-16 12:00:00,0.02359,0.02367,0.0225,0.02271,836955891.0
2025-02-16 16:00:00,0.02272,0.02295,0.02219,0.02251,637614577.0
2025-02-16 20:00:00,0.02251,0.02262,0.02214,0.0224,498543788.0
2025-02-17 00:00:00,0.02241,0.02292,0.02234,0.02254,412227654.0
2025-02-17 04:00:00,0.02254,0.02258,0.0218,0.02223,584608360.0
2025-02-17 08:00:00,0.02222,0.02319,0.0221,0.02285,601762409.0
2025-02-17 12:00:00,0.02285,0.02346,0.02242,0.02249,769071150.0
2025-02-17 16:00:00,0.02249,0.02271,0.02167,0.02212,829154807.0
2025-02-17 20:00:00,0.02212,0.02272,0.02206,0.02248,470032143.0
2025-02-18 00:00:00,0.02248,0.02262,0.02218,0.02242,387850687.0
2025-02-18 04:00:00,0.02241,0.02248,0.02117,0.02157,853685616.0
2025-02-18 08:00:00,0.02157,0.02203,0.02131,0.02166,566632444.0
2025-02-18 12:00:00,0.02165,0.02239,0.02111,0.02132,1119783020.0
2025-02-18 16:00:00,0.02132,0.02155,0.02076,0.0213,1230456970.0
2025-02-18 20:00:00,0.02131,0.02197,0.02106,0.02193,789217931.0
2025-02-19 00:00:00,0.02193,0.02208,0.0216,0.02176,381269920.0
2025-02-19 04:00:00,0.02175,0.02203,0.02128,0.02194,481470597.0
2025-02-19 08:00:00,0.02194,0.02229,0.02181,0.02222,609764656.0
2025-02-19 12:00:00,0.02223,0.02232,0.0217,0.02192,727026949.0
2025-02-19 16:00:00,0.02192,0.02239,0.02188,0.0222,666302841.0
2025-02-19 20:00:00,0.0222,0.02236,0.02184,0.02217,444689745.0
2025-02-20 00:00:00,0.02217,0.02256,0.02207,0.02247,386186280.0
2025-02-20 04:00:00,0.02247,0.0227,0.02211,0.02216,364518632.0
2025-02-20 08:00:00,0.02216,0.02246,0.02198,0.02231,423851412.0
2025-02-20 12:00:00,0.02232,0.02263,0.02198,0.02202,674381681.0
2025-02-20 16:00:00,0.02203,0.02296,0.02198,0.02284,695720649.0
2025-02-20 20:00:00,0.02284,0.02301,0.02262,0.02292,460404717.0
2025-02-21 00:00:00,0.02292,0.02305,0.02273,0.0229,397543415.0
2025-02-21 04:00:00,0.0229,0.02367,0.02289,0.02351,508528173.0
2025-02-21 08:00:00,0.02351,0.02455,0.02337,0.02414,871453576.0
2025-02-21 12:00:00,0.02413,0.02459,0.02312,0.02358,1229815591.0
2025-02-21 16:00:00,0.02359,0.02405,0.02205,0.02219,1543889633.0
2025-02-21 20:00:00,0.02218,0.02252,0.02199,0.02228,698065904.0
2025-02-22 00:00:00,0.02228,0.02267,0.02208,0.02248,450532462.0
2025-02-22 04:00:00,0.02247,0.02321,0.02242,0.02315,404217119.0
2025-02-22 08:00:00,0.02315,0.02341,0.02297,0.02316,513854494.0
2025-02-22 12:00:00,0.02315,0.02324,0.02281,0.02315,475621487.0
2025-02-22 16:00:00,0.02315,0.0234,0.02301,0.02322,505639865.0
2025-02-22 20:00:00,0.02321,0.02324,0.02288,0.02309,225572995.0
2025-02-23 00:00:00,0.02309,0.02309,0.02276,0.02294,240286675.0
2025-02-23 04:00:00,0.02294,0.02333,0.02281,0.02325,232199557.0
2025-02-23 08:00:00,0.02324,0.02326,0.02276,0.02285,284916750.0
2025-02-23 12:00:00,0.02286,0.02292,0.02223,0.02226,573377018.0
2025-02-23 16:00:00,0.02226,0.02251,0.02216,0.02224,386312743.0
2025-02-23 20:00:00,0.02224,0.02245,0.022,0.02231,382591160.0
2025-02-24 00:00:00,0.02231,0.02251,0.02127,0.0213,775209677.0
2025-02-24 04:00:00,0.0213,0.0214,0.02084,0.02131,897764504.0
2025-02-24 08:00:00,0.02131,0.02134,0.02079,0.02121,690539305.0
2025-02-24 12:00:00,0.02122,0.02126,0.02026,0.02049,1280091354.0
2025-02-24 16:00:00,0.02049,0.02073,0.01973,0.01992,1123697059.0
2025-02-24 20:00:00,0.01992,0.02039,0.01814,0.01876,2595890057.0
2025-02-25 00:00:00,0.01876,0.01924,0.01801,0.01884,1338471842.0
2025-02-25 04:00:00,0.01885,0.01915,0.01773,0.01847,2322589288.0
2025-02-25 08:00:00,0.01846,0.0195,0.01826,0.0194,1995378461.0
2025-02-25 12:00:00,0.0194,0.01976,0.01867,0.01929,1665893311.0
2025-02-25 16:00:00,0.0193,0.01975,0.01906,0.01974,963515911.0
2025-02-25 20:00:00,0.01973,0.02015,0.01961,0.01978,745890868.0
2025-02-26 00:00:00,0.01978,0.02015,0.01954,0.01995,530221200.0
2025-02-26 04:00:00,0.01994,0.02014,0.01962,0.01982,452294265.0
2025-02-26 08:00:00,0.01981,0.02004,0.0195,0.0197,582307638.0
2025-02-26 12:00:00,0.01969,0.02012,0.01913,0.0199,1295303487.0
2025-02-26 16:00:00,0.01991,0.02003,0.01879,0.01912,1566324582.0
2025-02-26 20:00:00,0.01912,0.02009,0.0189,0.01973,1051900629.0
2025-02-27 00:00:00,0.01974,0.02007,0.01951,0.01998,458068941.0
2025-02-27 04:00:00,0.01999,0.02035,0.01979,0.0202,556995899.0
2025-02-27 08:00:00,0.0202,0.02043,0.02005,0.02016,572645824.0
2025-02-27 12:00:00,0.02017,0.02031,0.01974,0.02004,1051094842.0
2025-02-27 16:00:00,0.02005,0.0202,0.01963,0.01972,668216535.0
2025-02-27 20:00:00,0.01972,0.01998,0.01933,0.01991,751132891.0
2025-02-28 00:00:00,0.01992,0.01998,0.01814,0.01821,1642847629.0
2025-02-28 04:00:00,0.01821,0.01839,0.01784,0.01804,1112994424.0
2025-02-28 08:00:00,0.01805,0.01865,0.01778,0.01844,931522618.0
2025-02-28 12:00:00,0.01844,0.01972,0.01838,0.01957,1198150068.0
2025-02-28 16:00:00,0.01957,0.02011,0.0194,0.01995,802487365.0
2025-02-28 20:00:00,0.01995,0.02009,0.01978,0.01998,470544470.0
2025-03-01 00:00:00,0.01998,0.02006,0.01964,0.01992,456853659.0
2025-03-01 04:00:00,0.01991,0.02011,0.01957,0.01966,600397999.0
2025-03-01 08:00:00,0.01965,0.01983,0.01905,0.01917,596250803.0
2025-03-01 12:00:00,0.01916,0.01922,0.0188,0.01911,647861867.0
2025-03-01 16:00:00,0.01911,0.01936,0.01898,0.01924,433176471.0
2025-03-01 20:00:00,0.01925,0.01985,0.01914,0.01966,447672911.0
2025-03-02 00:00:00,0.01967,0.01982,0.0195,0.0197,312258142.0
2025-03-02 04:00:00,0.0197,0.01984,0.01952,0.01956,294563480.0
2025-03-02 08:00:00,0.01955,0.01977,0.01943,0.01962,397645116.0
2025-03-02 12:00:00,0.01962,0.02052,0.01914,0.01999,1811653035.0
2025-03-02 16:00:00,0.01999,0.02246,0.01997,0.0219,2923126951.0
2025-03-02 20:00:00,0.0219,0.02224,0.02177,0.0222,533937433.0
2025-03-03 00:00:00,0.0222,0.02233,0.02117,0.0214,823175960.0
2025-03-03 04:00:00,0.0214,0.02159,0.02038,0.02096,736304126.0
2025-03-03 08:00:00,0.02095,0.02097,0.02014,0.02066,742839703.0
2025-03-03 12:00:00,0.02066,0.02098,0.01985,0.02012,1372319794.0
2025-03-03 16:00:00,0.02013,0.02042,0.01816,0.01834,2058135235.0
2025-03-03 20:00:00,0.01834,0.01862,0.01799,0.01838,1143565640.0
2025-03-04 00:00:00,0.01838,0.01855,0.01676,0.01748,1996868754.0
2025-03-04 04:00:00,0.01748,0.01796,0.0174,0.01764,707493811.0
2025-03-04 08:00:00,0.01765,0.01785,0.01741,0.01762,609522204.0
2025-03-04 12:00:00,0.01762,0.01814,0.01693,0.01744,1988321906.0
2025-03-04 16:00:00,0.01743,0.01784,0.01601,0.01777,2111748071.0
2025-03-04 20:00:00,0.01777,0.01804,0.01725,0.0177,909377294.0
2025-03-05 00:00:00,0.01769,0.01787,0.01743,0.01745,581202028.0
2025-03-05 04:00:00,0.01746,0.01785,0.01744,0.01777,412213450.0
2025-03-05 08:00:00,0.01777,0.01868,0.01772,0.01814,876941631.0
2025-03-05 12:00:00,0.01815,0.0183,0.01767,0.01789,818669657.0
2025-03-05 16:00:00,0.01788,0.01861,0.01762,0.01852,941271498.0
2025-03-05 20:00:00,0.01851,0.01897,0.01851,0.01881,640790312.0
2025-03-06 00:00:00,0.01881,0.01921,0.01855,0.01915,581350976.0
2025-03-06 04:00:00,0.01914,0.01959,0.01887,0.01895,689239173.0
2025-03-06 08:00:00,0.01895,0.0194,0.01894,0.0192,508385047.0
2025-03-06 12:00:00,0.01921,0.01935,0.01869,0.01923,765610169.0
2025-03-06 16:00:00,0.01922,0.01935,0.01828,0.01842,929152132.0
2025-03-06 20:00:00,0.01842,0.01897,0.01839,0.01853,482410730.0
2025-03-07 00:00:00,0.01854,0.01876,0.01736,0.01829,1704449562.0
2025-03-07 04:00:00,0.01829,0.01875,0.01822,0.01871,410837952.0
2025-03-07 08:00:00,0.01872,0.0193,0.01849,0.01907,643394911.0
2025-03-07 12:00:00,0.01908,0.01949,0.01874,0.01892,917589045.0
2025-03-07 16:00:00,0.01892,0.01943,0.01842,0.01917,875264983.0
2025-03-07 20:00:00,0.01916,0.01932,0.01829,0.01849,933415052.0
2025-03-08 00:00:00,0.01849,0.01862,0.01809,0.01836,431106612.0
2025-03-08 04:00:00,0.01836,0.01858,0.01797,0.01802,321641721.0
2025-03-08 08:00:00,0.01802,0.01811,0.0175,0.01763,565953553.0
2025-03-08 12:00:00,0.01763,0.01782,0.01751,0.01755,556514730.0
2025-03-08 16:00:00,0.01755,0.01788,0.01723,0.01778,582200944.0
2025-03-08 20:00:00,0.01779,0.01795,0.01746,0.01765,354983721.0
2025-03-09 00:00:00,0.01765,0.01775,0.01732,0.01747,300261692.0
2025-03-09 04:00:00,0.01746,0.01755,0.0172,0.01752,285607869.0
2025-03-09 08:00:00,0.01751,0.01753,0.01694,0.01698,562692399.0
2025-03-09 12:00:00,0.01698,0.01715,0.01632,0.01646,1089204489.0
2025-03-09 16:00:00,0.01646,0.0166,0.01546,0.01594,1732945359.0
2025-03-09 20:00:00,0.01594,0.0162,0.01563,0.01586,779743021.0
2025-03-10 00:00:00,0.01587,0.01645,0.01565,0.01618,654659070.0
2025-03-10 04:00:00,0.01617,0.01661,0.01616,0.01646,431874542.0
2025-03-10 08:00:00,0.01647,0.0173,0.01622,0.01708,878873812.0
2025-03-10 12:00:00,0.01708,0.01723,0.01602,0.01633,1270914461.0
2025-03-10 16:00:00,0.01633,0.01641,0.01483,0.01552,1743781584.0
2025-03-10 20:00:00,0.01551,0.01563,0.01495,0.015,796503769.0
2025-03-11 00:00:00,0.01499,0.01519,0.01384,0.01479,2010881494.0
2025-03-11 04:00:00,0.01479,0.01546,0.01474,0.0152,701052583.0
2025-03-11 08:00:00,0.01521,0.01561,0.01515,0.01548,579061785.0
2025-03-11 12:00:00,0.01548,0.01574,0.01479,0.01558,1567254263.0
2025-03-11 16:00:00,0.01557,0.01636,0.01532,0.01619,1058388398.0
2025-03-11 20:00:00,0.01618,0.01624,0.01577,0.01585,467888583.0
2025-03-12 00:00:00,0.01584,0.01615,0.01545,0.01548,534347712.0
2025-03-12 04:00:00,0.01548,0.01602,0.01533,0.01594,601283502.0
2025-03-12 08:00:00,0.01594,0.01641,0.01586,0.01628,585955986.0
2025-03-12 12:00:00,0.01628,0.01688,0.01578,0.0162,1241791220.0
2025-03-12 16:00:00,0.01621,0.01671,0.01616,0.01659,713903903.0
2025-03-12 20:00:00,0.01659,0.01671,0.01646,0.01663,331311193.0
2025-03-13 00:00:00,0.01663,0.01669,0.01637,0.01647,464058617.0
2025-03-13 04:00:00,0.01648,0.01652,0.0161,0.01624,502604267.0
2025-03-13 08:00:00,0.01625,0.01668,0.01611,0.01659,547511846.0
2025-03-13 12:00:00,0.01659,0.0169,0.01615,0.01628,973579807.0
2025-03-13 16:00:00,0.01627,0.01635,0.01574,0.01597,711561107.0
2025-03-13 20:00:00,0.01598,0.01639,0.01566,0.0162,475391436.0
2025-03-14 00:00:00,0.0162,0.01653,0.01615,0.01639,390661303.0
2025-03-14 04:00:00,0.0164,0.01654,0.01631,0.01642,313549149.0
2025-03-14 08:00:00,0.01642,0.0167,0.0164,0.0166,429234515.0
2025-03-14 12:00:00,0.01661,0.01703,0.01642,0.0168,862608786.0
2025-03-14 16:00:00,0.0168,0.01692,0.01664,0.01668,455973796.0
2025-03-14 20:00:00,0.01668,0.01677,0.01652,0.01657,318670992.0
2025-03-15 00:00:00,0.01657,0.01668,0.0164,0.01667,291622850.0
2025-03-15 04:00:00,0.01667,0.01681,0.0165,0.01658,266902520.0
2025-03-15 08:00:00,0.01658,0.01682,0.01652,0.01678,256903167.0
2025-03-15 12:00:00,0.01679,0.01695,0.01672,0.01677,379342951.0
2025-03-15 16:00:00,0.01678,0.01714,0.01674,0.01711,377405888.0
2025-03-15 20:00:00,0.01711,0.01727,0.01704,0.01712,299572049.0
2025-03-16 00:00:00,0.01713,0.01726,0.01686,0.01722,341676288.0
2025-03-16 04:00:00,0.01723,0.01736,0.01714,0.01726,320351174.0
2025-03-16 08:00:00,0.01725,0.01731,0.01644,0.01651,616423611.0
2025-03-16 12:00:00,0.01651,0.0167,0.01622,0.01653,642977140.0
2025-03-16 16:00:00,0.01653,0.01705,0.0162,0.01628,892401060.0
2025-03-16 20:00:00,0.01629,0.01638,0.01603,0.01627,420659410.0
2025-03-17 00:00:00,0.01627,0.01691,0.01621,0.0168,513524275.0
2025-03-17 04:00:00,0.0168,0.01689,0.01642,0.01684,418631538.0
2025-03-17 08:00:00,0.01685,0.01712,0.01671,0.017,428669832.0
2025-03-17 12:00:00,0.017,0.01734,0.0168,0.01711,836802380.0
2025-03-17 16:00:00,0.01712,0.01746,0.01695,0.01728,553711747.0
2025-03-17 20:00:00,0.01728,0.01758,0.01721,0.01727,402259055.0
2025-03-18 00:00:00,0.01727,0.01733,0.01676,0.01682,477363842.0
2025-03-18 04:00:00,0.01681,0.01695,0.0166,0.01684,434996681.0
2025-03-18 08:00:00,0.01685,0.01713,0.01671,0.01675,436711001.0
2025-03-18 12:00:00,0.01675,0.01697,0.01649,0.01654,819024635.0
2025-03-18 16:00:00,0.01654,0.01678,0.01635,0.01674,628460744.0
2025-03-18 20:00:00,0.01675,0.01732,0.01667,0.0173,482581365.0
2025-03-19 00:00:00,0.01731,0.01738,0.01709,0.01738,485126346.0
2025-03-19 04:00:00,0.01738,0.01741,0.017,0.01704,341169446.0
2025-03-19 08:00:00,0.01703,0.01754,0.01702,0.0175,633196306.0
2025-03-19 12:00:00,0.01749,0.01775,0.01729,0.01759,1057347141.0
2025-03-19 16:00:00,0.01759,0.01782,0.0171,0.01758,1190506851.0
2025-03-19 20:00:00,0.01758,0.01782,0.01744,0.01773,462059948.0
2025-03-20 00:00:00,0.01773,0.01779,0.01745,0.01748,325758962.0
2025-03-20 04:00:00,0.01748,0.01759,0.01731,0.01751,293558084.0
2025-03-20 08:00:00,0.01752,0.01766,0.01717,0.01723,390234161.0
2025-03-20 12:00:00,0.01723,0.01752,0.01716,0.01717,473225751.0
2025-03-20 16:00:00,0.01717,0.01727,0.01685,0.01723,555617450.0
2025-03-20 20:00:00,0.01723,0.01728,0.01699,0.01708,282109700.0
2025-03-21 00:00:00,0.01707,0.01725,0.01693,0.01697,441370569.0
2025-03-21 04:00:00,0.01696,0.01711,0.01678,0.01683,381652848.0
2025-03-21 08:00:00,0.01683,0.01691,0.01644,0.01653,569803986.0
2025-03-21 12:00:00,0.01654,0.01667,0.0164,0.01653,595441888.0
2025-03-21 16:00:00,0.01653,0.01691,0.01646,0.0168,528824628.0
2025-03-21 20:00:00,0.01681,0.01697,0.0166,0.01666,285412980.0
2025-03-22 00:00:00,0.01666,0.01691,0.01663,0.01689,215848710.0
2025-03-22 04:00:00,0.01689,0.01725,0.01687,0.01718,340203412.0
2025-03-22 08:00:00,0.01718,0.0175,0.01712,0.01725,439259716.0
2025-03-22 12:00:00,0.01724,0.01726,0.01691,0.01707,431500595.0
2025-03-22 16:00:00,0.01706,0.01737,0.01705,0.0173,377355274.0
2025-03-22 20:00:00,0.0173,0.01735,0.01703,0.01712,282046168.0
2025-03-23 00:00:00,0.01712,0.01738,0.01707,0.01737,326809582.0
2025-03-23 04:00:00,0.01737,0.01744,0.01713,0.01739,305080404.0
2025-03-23 08:00:00,0.01739,0.01751,0.01733,0.01737,329521649.0
2025-03-23 12:00:00,0.01738,0.01745,0.01715,0.01716,573525628.0
2025-03-23 16:00:00,0.01717,0.01723,0.0169,0.01713,424120754.0
2025-03-23 20:00:00,0.01713,0.01724,0.01694,0.01724,269034956.0
2025-03-24 00:00:00,0.01724,0.01761,0.01707,0.01756,673790208.0
2025-03-24 04:00:00,0.01756,0.01829,0.01756,0.01796,898669383.0
2025-03-24 08:00:00,0.01796,0.01827,0.01795,0.01806,500236458.0
2025-03-24 12:00:00,0.01807,0.01864,0.018,0.01823,782554006.0
2025-03-24 16:00:00,0.01823,0.01827,0.01802,0.0182,433348480.0
2025-03-24 20:00:00,0.01821,0.01828,0.018,0.01815,275520946.0
2025-03-25 00:00:00,0.01814,0.0184,0.01791,0.01799,556369182.0
2025-03-25 04:00:00,0.01799,0.01827,0.01792,0.01811,297244822.0
2025-03-25 08:00:00,0.01811,0.01837,0.01809,0.01832,372310147.0
2025-03-25 12:00:00,0.01833,0.01855,0.01819,0.01835,653840429.0
2025-03-25 16:00:00,0.01835,0.01867,0.0183,0.01849,454078152.0
2025-03-25 20:00:00,0.01849,0.01875,0.01845,0.01857,349021913.0
2025-03-26 00:00:00,0.01857,0.01871,0.01828,0.01836,372849848.0
2025-03-26 04:00:00,0.01836,0.019,0.01828,0.01894,513716334.0
2025-03-26 08:00:00,0.01893,0.01911,0.01865,0.019,519619768.0
2025-03-26 12:00:00,0.01899,0.01903,0.01821,0.01847,821265020.0
2025-03-26 16:00:00,0.01848,0.01864,0.01807,0.01828,556468878.0
2025-03-26 20:00:00,0.01827,0.0185,0.01807,0.01832,331967817.0
2025-03-27 00:00:00,0.01833,0.01888,0.01827,0.01887,359973093.0
2025-03-27 04:00:00,0.01888,0.01893,0.01852,0.01856,453484758.0
2025-03-27 08:00:00,0.01857,0.01866,0.01821,0.01825,350319471.0
2025-03-27 12:00:00,0.01824,0.01866,0.01799,0.01847,788770646.0
2025-03-27 16:00:00,0.01847,0.01858,0.01822,0.01834,380296901.0
2025-03-27 20:00:00,0.01834,0.01852,0.01831,0.01832,223983724.0
2025-03-28 00:00:00,0.01832,0.01841,0.01792,0.01801,343073692.0
2025-03-28 04:00:00,0.01801,0.01802,0.01679,0.01688,1076313885.0
2025-03-28 08:00:00,0.01687,0.01701,0.01672,0.017,474034253.0
2025-03-28 12:00:00,0.017,0.01713,0.01664,0.01667,596692390.0
2025-03-28 16:00:00,0.01666,0.01675,0.01638,0.01646,403278919.0
2025-03-28 20:00:00,0.01646,0.01668,0.01624,0.01665,453646046.0
2025-03-29 00:00:00,0.01665,0.01676,0.01606,0.0164,492032206.0
2025-03-29 04:00:00,0.01639,0.01646,0.0157,0.0158,543742766.0
2025-03-29 08:00:00,0.0158,0.01591,0.01536,0.01549,902040202.0
2025-03-29 12:00:00,0.01549,0.0157,0.01538,0.0154,431771837.0
2025-03-29 16:00:00,0.01539,0.01545,0.01474,0.01514,1072562020.0
2025-03-29 20:00:00,0.01515,0.01545,0.01497,0.01538,713171282.0
2025-03-30 00:00:00,0.01539,0.01579,0.01521,0.01558,654150127.0
2025-03-30 04:00:00,0.01559,0.01575,0.01549,0.01566,384609728.0
2025-03-30 08:00:00,0.01565,0.01591,0.01559,0.01566,501709511.0
2025-03-30 12:00:00,0.01566,0.0157,0.01534,0.01548,620880018.0
2025-03-30 16:00:00,0.01549,0.01569,0.01523,0.0155,446505180.0
2025-03-30 20:00:00,0.0155,0.01555,0.01508,0.01537,545846142.0
2025-03-31 00:00:00,0.01537,0.0154,0.01495,0.01504,785962492.0
2025-03-31 04:00:00,0.01504,0.01534,0.01478,0.01492,650321849.0
2025-03-31 08:00:00,0.01491,0.01523,0.01476,0.01516,763600256.0
2025-03-31 12:00:00,0.01516,0.01558,0.01496,0.01538,983705812.0
2025-03-31 16:00:00,0.01537,0.01548,0.01512,0.01528,719770852.0
2025-03-31 20:00:00,0.01527,0.01536,0.01513,0.01521,351386762.0
2025-04-01 00:00:00,0.01521,0.01558,0.01518,0.01548,423685880.0
2025-04-01 04:00:00,0.01547,0.01596,0.01544,0.01581,570186342.0
2025-04-01 08:00:00,0.0158,0.01624,0.01567,0.01579,833443928.0
2025-04-01 12:00:00,0.0158,0.01627,0.0155,0.0161,989140378.0
2025-04-01 16:00:00,0.0161,0.01616,0.01571,0.0158,646241481.0
2025-04-01 20:00:00,0.01579,0.01606,0.01566,0.01585,414680743.0
2025-04-02 00:00:00,0.01584,0.01585,0.01535,0.0157,604127482.0
2025-04-02 04:00:00,0.0157,0.01577,0.01538,0.0155,581009936.0
2025-04-02 08:00:00,0.01551,0.01578,0.01545,0.01555,553708731.0
2025-04-02 12:00:00,0.01555,0.01601,0.01523,0.01588,1244254390.0
2025-04-02 16:00:00,0.01588,0.016,0.01545,0.01565,561811786.0
2025-04-02 20:00:00,0.01565,0.01613,0.01418,0.01451,1738609530.0
2025-04-03 00:00:00,0.01451,0.01538,0.01444,0.01514,641486624.0
2025-04-03 04:00:00,0.01514,0.01522,0.01474,0.01485,461311644.0
2025-04-03 08:00:00,0.01485,0.01493,0.01424,0.01444,494571850.0
2025-04-03 12:00:00,0.01444,0.01464,0.01402,0.01454,862770891.0
2025-04-03 16:00:00,0.01454,0.01485,0.01441,0.0147,538898571.0
2025-04-03 20:00:00,0.0147,0.01513,0.01469,0.01488,396805553.0
2025-04-04 00:00:00,0.01489,0.01502,0.01471,0.01485,362332065.0
2025-04-04 04:00:00,0.01485,0.01527,0.01478,0.01522,418510168.0
2025-04-04 08:00:00,0.01522,0.01535,0.0146,0.01483,612851488.0
2025-04-04 12:00:00,0.01483,0.01534,0.01465,0.01504,930317881.0
2025-04-04 16:00:00,0.01504,0.01532,0.01493,0.01502,485102927.0
2025-04-04 20:00:00,0.01502,0.01522,0.01493,0.01503,192796780.0
2025-04-05 00:00:00,0.01502,0.0152,0.01496,0.01501,165566319.0
2025-04-05 04:00:00,0.01501,0.01505,0.01488,0.015,148288211.0
2025-04-05 08:00:00,0.015,0.01508,0.01491,0.01494,144084270.0
2025-04-05 12:00:00,0.01494,0.01496,0.01457,0.01465,314907998.0
2025-04-05 16:00:00,0.01464,0.0148,0.01462,0.01471,173843517.0
2025-04-05 20:00:00,0.01471,0.0149,0.01464,0.01483,160436519.0
2025-04-06 00:00:00,0.01484,0.01489,0.01459,0.01466,180345143.0
2025-04-06 04:00:00,0.01466,0.01471,0.01444,0.01449,195362435.0
2025-04-06 08:00:00,0.01448,0.01462,0.01438,0.01444,203078177.0
2025-04-06 12:00:00,0.01444,0.01447,0.01398,0.01421,454400494.0
2025-04-06 16:00:00,0.01421,0.01422,0.0129,0.01315,1569707780.0
2025-04-06 20:00:00,0.01315,0.01318,0.01254,0.01295,1451124311.0
2025-04-07 00:00:00,0.01295,0.01344,0.01256,0.01279,785311343.0
2025-04-07 04:00:00,0.0128,0.01304,0.01173,0.0121,2145748234.0
2025-04-07 08:00:00,0.01211,0.01302,0.01203,0.01266,1115397650.0
2025-04-07 12:00:00,0.01267,0.01424,0.01264,0.01335,2512333596.0
2025-04-07 16:00:00,0.01336,0.01351,0.01307,0.01314,629883064.0
2025-04-07 20:00:00,0.01313,0.01353,0.01313,0.01326,331874663.0
2025-04-08 00:00:00,0.01327,0.01374,0.01315,0.0135,445962769.0
2025-04-08 04:00:00,0.01351,0.01366,0.01321,0.01329,398977375.0
2025-04-08 08:00:00,0.0133,0.01369,0.01315,0.01366,432405174.0
2025-04-08 12:00:00,0.01365,0.01379,0.01324,0.0134,817027010.0
2025-04-08 16:00:00,0.01339,0.01339,0.01271,0.01285,1136789147.0
2025-04-08 20:00:00,0.01284,0.01293,0.0126,0.01271,598123423.0
2025-04-09 00:00:00,0.01271,0.01282,0.01205,0.01256,1192457379.0
2025-04-09 04:00:00,0.01255,0.01309,0.01254,0.01304,821489657.0
2025-04-09 08:00:00,0.01305,0.01321,0.01273,0.01281,815422799.0
2025-04-09 12:00:00,0.01282,0.01323,0.01265,0.0131,805532674.0
2025-04-09 16:00:00,0.0131,0.0145,0.01308,0.0141,1973121962.0
2025-04-09 20:00:00,0.0141,0.01442,0.0141,0.01425,523643007.0
2025-04-10 00:00:00,0.01426,0.01427,0.01384,0.01399,401853227.0
2025-04-10 04:00:00,0.01399,0.01418,0.01386,0.01403,423439861.0
2025-04-10 08:00:00,0.01403,0.01409,0.01381,0.01394,384412909.0
2025-04-10 12:00:00,0.01393,0.01428,0.01345,0.01354,975482083.0
2025-04-10 16:00:00,0.01353,0.01383,0.01343,0.01371,756019571.0
2025-04-10 20:00:00,0.01371,0.01397,0.0137,0.01388,292903046.0
2025-04-11 00:00:00,0.01388,0.01429,0.01386,0.01419,397713943.0
2025-04-11 04:00:00,0.0142,0.01429,0.01412,0.01418,316926965.0
2025-04-11 08:00:00,0.01419,0.01445,0.01412,0.01422,524898664.0
2025-04-11 12:00:00,0.01421,0.01439,0.01412,0.01435,605225251.0
2025-04-11 16:00:00,0.01436,0.01469,0.01425,0.01453,453059473.0
2025-04-11 20:00:00,0.01453,0.01465,0.01426,0.01427,346911790.0
2025-04-12 00:00:00,0.01428,0.0144,0.01422,0.01434,278044258.0
2025-04-12 04:00:00,0.01434,0.01461,0.01427,0.01452,295208954.0
2025-04-12 08:00:00,0.01452,0.01465,0.0144,0.01451,281870908.0
2025-04-12 12:00:00,0.01451,0.01524,0.01446,0.0151,683642868.0
2025-04-12 16:00:00,0.01509,0.01515,0.0149,0.01512,395170449.0
2025-04-12 20:00:00,0.01513,0.01535,0.0151,0.01521,338445201.0
2025-04-13 00:00:00,0.01521,0.01534,0.015,0.01508,301127133.0
2025-04-13 04:00:00,0.01508,0.0151,0.01477,0.0148,312833132.0
2025-04-13 08:00:00,0.0148,0.01509,0.01473,0.0149,363256742.0
2025-04-13 12:00:00,0.0149,0.01494,0.01454,0.01466,431241423.0
2025-04-13 16:00:00,0.01466,0.01521,0.01444,0.01458,710901957.0
2025-04-13 20:00:00,0.01458,0.01474,0.0141,0.01436,721837667.0
2025-04-14 00:00:00,0.01435,0.01506,0.01428,0.01466,619839216.0
2025-04-14 04:00:00,0.01467,0.01498,0.01448,0.01468,496271790.0
2025-04-14 08:00:00,0.01468,0.01515,0.01454,0.01509,465500738.0
2025-04-14 12:00:00,0.01509,0.01527,0.01468,0.01471,833567205.0
2025-04-14 16:00:00,0.01471,0.01505,0.0146,0.01479,639862897.0
2025-04-14 20:00:00,0.01479,0.01485,0.0145,0.01465,296280428.0
2025-04-15 00:00:00,0.01465,0.01486,0.0145,0.01483,327086476.0
2025-04-15 04:00:00,0.01483,0.01489,0.01459,0.01479,307943829.0
2025-04-15 08:00:00,0.01479,0.01493,0.01451,0.01456,347636565.0
2025-04-15 12:00:00,0.01457,0.01481,0.01428,0.01443,602831423.0
2025-04-15 16:00:00,0.01444,0.01451,0.01412,0.01422,425741047.0
2025-04-15 20:00:00,0.01422,0.01428,0.01399,0.01407,333037889.0
2025-04-16 00:00:00,0.01407,0.01432,0.01395,0.0142,294992427.0
2025-04-16 04:00:00,0.0142,0.01424,0.01388,0.01394,305272312.0
2025-04-16 08:00:00,0.01394,0.01412,0.01378,0.01399,390200751.0
2025-04-16 12:00:00,0.01399,0.01429,0.01378,0.01401,480132688.0
2025-04-16 16:00:00,0.01402,0.01423,0.01355,0.01416,1013879492.0
2025-04-16 20:00:00,0.01415,0.01434,0.01365,0.01375,497383675.0
2025-04-17 00:00:00,0.01375,0.01382,0.01359,0.01365,361145873.0
2025-04-17 04:00:00,0.01365,0.01404,0.01361,0.01397,322927670.0
2025-04-17 08:00:00,0.01397,0.014,0.01379,0.01391,280007047.0
2025-04-17 12:00:00,0.01392,0.01402,0.01352,0.01383,509433202.0
2025-04-17 16:00:00,0.01384,0.01415,0.01373,0.01383,677929502.0
2025-04-17 20:00:00,0.01384,0.014,0.0137,0.01378,296530946.0
2025-04-18 00:00:00,0.01379,0.01387,0.01366,0.01383,349103178.0
2025-04-18 04:00:00,0.01383,0.01413,0.01377,0.0141,291604107.0
2025-04-18 08:00:00,0.0141,0.0143,0.01408,0.01416,370966707.0
2025-04-18 12:00:00,0.01416,0.01437,0.01411,0.01414,467955473.0
2025-04-18 16:00:00,0.01414,0.0143,0.01409,0.01424,313997785.0
2025-04-18 20:00:00,0.01424,0.01434,0.01417,0.01424,288994763.0
2025-04-19 00:00:00,0.01424,0.0147,0.0142,0.01458,401503453.0
2025-04-19 04:00:00,0.01457,0.01462,0.01444,0.01452,204957755.0
2025-04-19 08:00:00,0.01453,0.01504,0.01445,0.0147,749866216.0
2025-04-19 12:00:00,0.01471,0.01493,0.01463,0.01486,412279987.0
2025-04-19 16:00:00,0.01486,0.01529,0.01474,0.01518,573474303.0
2025-04-19 20:00:00,0.01517,0.01553,0.01509,0.01532,378608225.0
2025-04-20 00:00:00,0.01532,0.01553,0.01525,0.01541,316977418.0
2025-04-20 04:00:00,0.01541,0.01579,0.01533,0.01535,571483428.0
2025-04-20 08:00:00,0.01536,0.01544,0.01494,0.01507,590243069.0
2025-04-20 12:00:00,0.01507,0.01567,0.01505,0.01566,618144367.0
2025-04-20 16:00:00,0.01565,0.01587,0.01547,0.01559,899696334.0
2025-04-20 20:00:00,0.01558,0.01578,0.01544,0.01556,322717603.0
2025-04-21 00:00:00,0.01556,0.01599,0.01555,0.01585,490435229.0
2025-04-21 04:00:00,0.01584,0.01649,0.0157,0.01643,708231097.0
2025-04-21 08:00:00,0.01644,0.01654,0.0161,0.01621,454432093.0
2025-04-21 12:00:00,0.01621,0.01644,0.01612,0.01625,669217789.0
2025-04-21 16:00:00,0.01626,0.01631,0.01573,0.01597,669711337.0
2025-04-21 20:00:00,0.01597,0.01697,0.01525,0.01559,3516446903.0
2025-04-22 00:00:00,0.0156,0.01598,0.01531,0.01592,741141665.0
2025-04-22 04:00:00,0.01591,0.01601,0.01551,0.01595,657394422.0
2025-04-22 08:00:00,0.01595,0.01606,0.0158,0.01601,480820575.0
2025-04-22 12:00:00,0.01602,0.01651,0.01592,0.01621,1022005728.0
2025-04-22 16:00:00,0.01622,0.01643,0.01607,0.01627,488760318.0
2025-04-22 20:00:00,0.01627,0.01694,0.01618,0.01679,712255432.0
2025-04-23 00:00:00,0.01679,0.01723,0.01677,0.01721,533252016.0
2025-04-23 04:00:00,0.01721,0.01732,0.01686,0.01708,627811230.0
2025-04-23 08:00:00,0.01707,0.01728,0.01695,0.01708,524298128.0
2025-04-23 12:00:00,0.01708,0.01737,0.01655,0.01691,1137227882.0
2025-04-23 16:00:00,0.01691,0.01733,0.01669,0.01697,595240824.0
2025-04-23 20:00:00,0.01696,0.01719,0.01689,0.01707,217842378.0
2025-04-24 00:00:00,0.01706,0.01714,0.01653,0.01655,447201564.0
2025-04-24 04:00:00,0.01655,0.01692,0.01647,0.01663,419211588.0
2025-04-24 08:00:00,0.01663,0.01675,0.01604,0.01658,1137432288.0
2025-04-24 12:00:00,0.01659,0.01728,0.01651,0.01705,746596784.0
2025-04-24 16:00:00,0.01705,0.01722,0.01679,0.01721,522585811.0
2025-04-24 20:00:00,0.01721,0.01757,0.01717,0.01747,455450206.0
2025-04-25 00:00:00,0.01746,0.01793,0.01717,0.0173,1278183092.0
2025-04-25 04:00:00,0.01729,0.01782,0.01724,0.01768,407630038.0
2025-04-25 08:00:00,0.01769,0.0178,0.01737,0.01754,397323176.0
2025-04-25 12:00:00,0.01755,0.01768,0.01716,0.01745,529369488.0
2025-04-25 16:00:00,0.01746,0.01759,0.01723,0.01736,250796783.0
2025-04-25 20:00:00,0.01735,0.01754,0.01711,0.01737,230307032.0
2025-04-26 00:00:00,0.01737,0.01833,0.01737,0.01803,486301264.0
2025-04-26 04:00:00,0.01804,0.01822,0.01772,0.01805,332467901.0
2025-04-26 08:00:00,0.01805,0.01826,0.01741,0.01743,417036465.0
2025-04-26 12:00:00,0.01743,0.01774,0.01715,0.01771,865827191.0
2025-04-26 16:00:00,0.01771,0.01772,0.01745,0.01769,220456456.0
2025-04-26 20:00:00,0.01769,0.0178,0.01756,0.01769,232854626.0
2025-04-27 00:00:00,0.0177,0.01781,0.01704,0.01726,369739020.0
2025-04-27 04:00:00,0.01725,0.0173,0.01682,0.017,300357680.0
2025-04-27 08:00:00,0.017,0.01719,0.01687,0.0169,256516312.0
2025-04-27 12:00:00,0.01691,0.01693,0.01656,0.01673,340893924.0
2025-04-27 16:00:00,0.01673,0.01686,0.01652,0.01679,313530532.0
2025-04-27 20:00:00,0.0168,0.01681,0.01643,0.01646,232228041.0
2025-04-28 00:00:00,0.01647,0.01666,0.01589,0.01657,752093002.0
2025-04-28 04:00:00,0.01656,0.0172,0.01655,0.0171,465263045.0
2025-04-28 08:00:00,0.01711,0.01739,0.01688,0.0172,605126436.0
2025-04-28 12:00:00,0.01721,0.01729,0.01656,0.01672,798935848.0
2025-04-28 16:00:00,0.01671,0.01734,0.01659,0.01729,494461359.0
2025-04-28 20:00:00,0.01729,0.01739,0.01713,0.01732,288705815.0
2025-04-29 00:00:00,0.01733,0.01765,0.01729,0.01755,445808931.0
2025-04-29 04:00:00,0.01755,0.01762,0.01719,0.01756,362531460.0
2025-04-29 08:00:00,0.01757,0.01765,0.01712,0.01725,325897863.0
2025-04-29 12:00:00,0.01725,0.0174,0.01692,0.01725,415744521.0
2025-04-29 16:00:00,0.01725,0.01735,0.01705,0.01711,234532339.0
2025-04-29 20:00:00,0.01712,0.01717,0.01648,0.01673,458521082.0
2025-04-30 00:00:00,0.01673,0.01688,0.01652,0.01673,386154857.0
2025-04-30 04:00:00,0.01672,0.01705,0.01651,0.01661,306110822.0
2025-04-30 08:00:00,0.0166,0.01709,0.01656,0.01706,316097735.0
2025-04-30 12:00:00,0.01707,0.01708,0.01611,0.01657,1141264434.0
2025-04-30 16:00:00,0.01657,0.01703,0.01636,0.01689,505966709.0
2025-04-30 20:00:00,0.0169,0.01715,0.01686,0.0169,228303608.0
2025-05-01 00:00:00,0.0169,0.01721,0.01686,0.0169,296605583.0
2025-05-01 04:00:00,0.0169,0.01698,0.01681,0.01696,246456431.0
2025-05-01 08:00:00,0.01696,0.01727,0.01691,0.01715,308409924.0
2025-05-01 12:00:00,0.01716,0.01744,0.01689,0.01718,562769226.0
2025-05-01 16:00:00,0.01718,0.01734,0.01702,0.01727,399418203.0
2025-05-01 20:00:00,0.01728,0.01744,0.01705,0.01716,308186912.0
2025-05-02 00:00:00,0.01715,0.01754,0.01707,0.01738,325479670.0
2025-05-02 04:00:00,0.01738,0.01742,0.01695,0.01698,316228705.0
2025-05-02 08:00:00,0.01697,0.01724,0.01695,0.01705,320026708.0
2025-05-02 12:00:00,0.01705,0.01724,0.01691,0.01705,470028646.0
2025-05-02 16:00:00,0.01705,0.0172,0.01661,0.01669,458533813.0
2025-05-02 20:00:00,0.01668,0.01686,0.01663,0.01685,236271098.0
2025-05-03 00:00:00,0.01685,0.01686,0.01651,0.01659,309432365.0
2025-05-03 04:00:00,0.01658,0.01662,0.01642,0.01646,254531708.0
2025-05-03 08:00:00,0.01645,0.01648,0.016,0.01606,450043119.0
2025-05-03 12:00:00,0.01606,0.01621,0.01603,0.01609,330846349.0
2025-05-03 16:00:00,0.01609,0.01611,0.0154,0.01582,1131486631.0
2025-05-03 20:00:00,0.01581,0.01583,0.01556,0.01563,268226656.0
2025-05-04 00:00:00,0.01563,0.01575,0.01542,0.01548,360159018.0
2025-05-04 04:00:00,0.01548,0.01567,0.01537,0.01546,334287429.0
2025-05-04 08:00:00,0.01546,0.01546,0.01522,0.0154,415867626.0
2025-05-04 12:00:00,0.01539,0.01543,0.01515,0.01525,398961499.0
2025-05-04 16:00:00,0.01525,0.01531,0.01501,0.01513,414613522.0
2025-05-04 20:00:00,0.01513,0.01536,0.01508,0.01531,357254395.0
2025-05-05 00:00:00,0.0153,0.01566,0.01525,0.01547,513040622.0
2025-05-05 04:00:00,0.01547,0.01573,0.01541,0.01564,326782934.0
2025-05-05 08:00:00,0.01565,0.0157,0.01514,0.01521,528792894.0
2025-05-05 12:00:00,0.01521,0.01532,0.01504,0.01515,492355232.0
2025-05-05 16:00:00,0.01516,0.01554,0.01512,0.01531,421784781.0
2025-05-05 20:00:00,0.01531,0.01547,0.01502,0.01522,346162017.0
2025-05-06 00:00:00,0.01522,0.01539,0.01502,0.01534,389042440.0
2025-05-06 04:00:00,0.01534,0.01538,0.01511,0.01513,240050608.0
2025-05-06 08:00:00,0.01513,0.01514,0.01448,0.01461,854923855.0
2025-05-06 12:00:00,0.0146,0.01496,0.01452,0.01476,707923560.0
2025-05-06 16:00:00,0.01477,0.01506,0.01469,0.01487,437068367.0
2025-05-06 20:00:00,0.01488,0.01506,0.01432,0.01501,579588610.0
2025-05-07 00:00:00,0.01501,0.01539,0.01495,0.01513,552169620.0
2025-05-07 04:00:00,0.01514,0.01521,0.01495,0.01518,312610701.0
2025-05-07 08:00:00,0.01517,0.01539,0.01508,0.0152,369385498.0
2025-05-07 12:00:00,0.01521,0.01524,0.01488,0.01492,465771286.0
2025-05-07 16:00:00,0.01493,0.01518,0.01477,0.01495,677293102.0
2025-05-07 20:00:00,0.01495,0.01535,0.01488,0.01518,298183370.0
2025-05-08 00:00:00,0.01518,0.016,0.01515,0.01598,550069615.0
2025-05-08 04:00:00,0.01599,0.01627,0.01598,0.01615,512336107.0
2025-05-08 08:00:00,0.01616,0.01647,0.01615,0.01632,604182381.0
2025-05-08 12:00:00,0.01632,0.01702,0.01621,0.01684,791002566.0
2025-05-08 16:00:00,0.01684,0.01726,0.01676,0.01722,789295123.0
2025-05-08 20:00:00,0.01722,0.01811,0.01714,0.01782,962354897.0
2025-05-09 00:00:00,0.01781,0.01837,0.0178,0.01807,627379710.0
2025-05-09 04:00:00,0.01808,0.01928,0.01802,0.01892,804018125.0
2025-05-09 08:00:00,0.01892,0.01966,0.0186,0.01928,1766400050.0
2025-05-09 12:00:00,0.01929,0.01969,0.01885,0.01913,1318643248.0
2025-05-09 16:00:00,0.01914,0.01946,0.0188,0.01929,709227103.0
2025-05-09 20:00:00,0.01929,0.01962,0.01921,0.01961,354061112.0
2025-05-10 00:00:00,0.01962,0.02005,0.01933,0.0197,759439848.0
2025-05-10 04:00:00,0.01971,0.02034,0.01943,0.02023,735468550.0
2025-05-10 08:00:00,0.02023,0.02062,0.01969,0.0198,858818155.0
2025-05-10 12:00:00,0.0198,0.02027,0.01975,0.02002,539137605.0
2025-05-10 16:00:00,0.02001,0.02092,0.01995,0.02061,1004846937.0
2025-05-10 20:00:00,0.0206,0.02241,0.02042,0.02234,924014131.0
2025-05-11 00:00:00,0.02233,0.0231,0.02133,0.02268,1252364738.0
2025-05-11 04:00:00,0.02268,0.02364,0.02135,0.02165,1279637327.0
2025-05-11 08:00:00,0.02164,0.02253,0.02148,0.02249,707165315.0
2025-05-11 12:00:00,0.02249,0.02251,0.02141,0.02171,613068189.0
2025-05-11 16:00:00,0.0217,0.02231,0.02127,0.02206,583848514.0
2025-05-11 20:00:00,0.02206,0.02249,0.02182,0.02193,349902681.0
2025-05-12 00:00:00,0.02193,0.02241,0.02148,0.02236,541415976.0
2025-05-12 04:00:00,0.02235,0.02347,0.02201,0.02272,812250927.0
2025-05-12 08:00:00,0.02273,0.0233,0.02223,0.02257,746597993.0
2025-05-12 12:00:00,0.02257,0.02337,0.02182,0.02208,1184689328.0
2025-05-12 16:00:00,0.02208,0.02284,0.02104,0.02206,1091107980.0
2025-05-12 20:00:00,0.02206,0.02241,0.02184,0.02203,362196808.0
2025-05-13 00:00:00,0.02203,0.02205,0.02047,0.02047,744968315.0
2025-05-13 04:00:00,0.02048,0.02134,0.02039,0.02089,742787964.0
2025-05-13 08:00:00,0.0209,0.02146,0.02074,0.02127,550459955.0
2025-05-13 12:00:00,0.02127,0.02181,0.02102,0.02164,919728675.0
2025-05-13 16:00:00,0.02164,0.02304,0.02155,0.02279,928246449.0
2025-05-13 20:00:00,0.02279,0.02283,0.0223,0.02253,517034321.0
2025-05-14 00:00:00,0.02253,0.0235,0.02236,0.02262,829407553.0
2025-05-14 04:00:00,0.02262,0.02301,0.02233,0.0225,373243081.0
2025-05-14 08:00:00,0.02249,0.02263,0.02174,0.02232,818666410.0
2025-05-14 12:00:00,0.02231,0.02241,0.02148,0.02176,754538711.0
2025-05-14 16:00:00,0.02176,0.02185,0.02135,0.02164,553412936.0
2025-05-14 20:00:00,0.02165,0.02173,0.02125,0.02146,285751821.0
2025-05-15 00:00:00,0.02147,0.02184,0.02106,0.02117,602040319.0
2025-05-15 04:00:00,0.02116,0.02131,0.02002,0.02004,805490101.0
2025-05-15 08:00:00,0.02003,0.02065,0.01991,0.02038,843327866.0
2025-05-15 12:00:00,0.02037,0.02064,0.01958,0.0206,1440254526.0
2025-05-15 16:00:00,0.02059,0.02117,0.01997,0.02021,1066114983.0
2025-05-15 20:00:00,0.02022,0.02038,0.01928,0.01985,1067687370.0
2025-05-16 00:00:00,0.01985,0.02038,0.01969,0.02023,901885025.0
2025-05-16 04:00:00,0.02022,0.02065,0.01993,0.02048,676635140.0
2025-05-16 08:00:00,0.02048,0.02068,0.01999,0.02039,625419044.0
2025-05-16 12:00:00,0.02039,0.02051,0.01997,0.02029,664887280.0
2025-05-16 16:00:00,0.02029,0.02042,0.01987,0.02003,545465661.0
2025-05-16 20:00:00,0.02003,0.02005,0.01923,0.01943,494806843.0
2025-05-17 00:00:00,0.01943,0.01957,0.0182,0.01889,1309059316.0
2025-05-17 04:00:00,0.01889,0.01908,0.0186,0.01873,400398407.0
2025-05-17 08:00:00,0.01872,0.01889,0.01843,0.01868,430361791.0
2025-05-17 12:00:00,0.01867,0.01888,0.01824,0.01876,540579041.0
2025-05-17 16:00:00,0.01876,0.01885,0.01831,0.0184,624709001.0
2025-05-17 20:00:00,0.01839,0.01879,0.01828,0.01851,388554040.0
2025-05-18 00:00:00,0.01851,0.01874,0.01839,0.01853,324288279.0
2025-05-18 04:00:00,0.01853,0.01945,0.01851,0.01936,608664612.0
2025-05-18 08:00:00,0.01936,0.01979,0.01925,0.01928,506340457.0
2025-05-18 12:00:00,0.01929,0.02046,0.01909,0.02034,746625173.0
2025-05-18 16:00:00,0.02035,0.02055,0.01862,0.01865,1338825404.0
2025-05-18 20:00:00,0.01865,0.02011,0.01823,0.02002,1150340128.0
2025-05-19 00:00:00,0.02003,0.02025,0.01872,0.01882,783090855.0
2025-05-19 04:00:00,0.01882,0.01901,0.01816,0.01863,805101022.0
2025-05-19 08:00:00,0.01863,0.01866,0.01826,0.0185,463148516.0
2025-05-19 12:00:00,0.01851,0.01903,0.01804,0.01889,699317840.0
2025-05-19 16:00:00,0.0189,0.01961,0.0187,0.0191,834437164.0
2025-05-19 20:00:00,0.01911,0.0192,0.01874,0.01898,413877087.0
2025-05-20 00:00:00,0.01898,0.01972,0.01876,0.01916,533702556.0
2025-05-20 04:00:00,0.01916,0.01937,0.01879,0.01885,455036549.0
2025-05-20 08:00:00,0.01884,0.01894,0.01829,0.01855,562512916.0
2025-05-20 12:00:00,0.01854,0.01878,0.01823,0.01873,502540079.0
2025-05-20 16:00:00,0.01873,0.01916,0.01839,0.01906,642672421.0
2025-05-20 20:00:00,0.01907,0.01971,0.01894,0.01949,698918456.0
2025-05-21 00:00:00,0.01949,0.0198,0.01909,0.01965,466955176.0
2025-05-21 04:00:00,0.01965,0.02006,0.01937,0.01947,688262968.0
2025-05-21 08:00:00,0.01948,0.01968,0.01911,0.01953,503170077.0
2025-05-21 12:00:00,0.01953,0.02002,0.01937,0.01991,851860314.0
2025-05-21 16:00:00,0.01992,0.02075,0.01915,0.01985,2173170880.0
2025-05-21 20:00:00,0.01983,0.02032,0.01953,0.0199,516477961.0
2025-05-22 00:00:00,0.01991,0.02071,0.01989,0.02059,598023417.0
2025-05-22 04:00:00,0.0206,0.02077,0.02032,0.02065,504068631.0
2025-05-22 08:00:00,0.02065,0.0212,0.02049,0.02065,764641406.0
2025-05-22 12:00:00,0.02066,0.02112,0.02037,0.02097,726173897.0
2025-05-22 16:00:00,0.02097,0.02133,0.02074,0.02084,586924021.0
2025-05-22 20:00:00,0.02084,0.02116,0.02067,0.02107,401448822.0
2025-05-23 00:00:00,0.02108,0.0219,0.02085,0.02184,769740888.0
2025-05-23 04:00:00,0.02184,0.02186,0.02065,0.02079,631914619.0
2025-05-23 08:00:00,0.0208,0.02153,0.01981,0.01998,1037444495.0
2025-05-23 12:00:00,0.01998,0.02051,0.01921,0.01997,1465655648.0
2025-05-23 16:00:00,0.01997,0.02016,0.01969,0.01976,653789003.0
2025-05-23 20:00:00,0.01976,0.01976,0.01864,0.01878,714821335.0
2025-05-24 00:00:00,0.01878,0.01924,0.01867,0.01912,483233176.0
2025-05-24 04:00:00,0.01911,0.01922,0.01881,0.01897,325750500.0
2025-05-24 08:00:00,0.01897,0.01942,0.0188,0.01925,584321035.0
2025-05-24 12:00:00,0.01925,0.01941,0.01909,0.01923,376602191.0
2025-05-24 16:00:00,0.01923,0.01927,0.01886,0.01897,429004650.0
2025-05-24 20:00:00,0.01898,0.01908,0.01862,0.01886,456095656.0
2025-05-25 00:00:00,0.01886,0.01896,0.01831,0.01864,512526368.0
2025-05-25 04:00:00,0.01863,0.01875,0.01839,0.01851,279943966.0
2025-05-25 08:00:00,0.0185,0.01851,0.01811,0.01842,434953342.0
2025-05-25 12:00:00,0.01842,0.01859,0.0179,0.01828,530386136.0
2025-05-25 16:00:00,0.01828,0.0184,0.01795,0.0183,438810146.0
2025-05-25 20:00:00,0.01831,0.01915,0.01809,0.01909,578164410.0
2025-05-26 00:00:00,0.0191,0.01942,0.01896,0.01926,408842663.0
2025-05-26 04:00:00,0.01926,0.01981,0.01922,0.01975,497082195.0
2025-05-26 08:00:00,0.01976,0.01988,0.01932,0.01943,597334778.0
2025-05-26 12:00:00,0.01942,0.01955,0.01901,0.01943,670824974.0
2025-05-26 16:00:00,0.01942,0.01959,0.01878,0.01894,757144465.0
2025-05-26 20:00:00,0.01894,0.01933,0.01884,0.01908,385844016.0
2025-05-27 00:00:00,0.01909,0.01925,0.01841,0.01913,529959175.0
2025-05-27 04:00:00,0.01912,0.01975,0.01898,0.01953,606537359.0
2025-05-27 08:00:00,0.01954,0.01974,0.01941,0.01959,454632880.0
2025-05-27 12:00:00,0.01959,0.02,0.01913,0.01951,863117357.0
2025-05-27 16:00:00,0.01952,0.01985,0.01939,0.01951,520309035.0
2025-05-27 20:00:00,0.01951,0.01961,0.0192,0.01935,362444640.0
2025-05-28 00:00:00,0.01935,0.01966,0.01916,0.0194,471817595.0
2025-05-28 04:00:00,0.01939,0.01952,0.01906,0.01917,312356077.0
2025-05-28 08:00:00,0.01918,0.01942,0.01889,0.01929,529748987.0
2025-05-28 12:00:00,0.01928,0.01984,0.019,0.01912,1131446365.0
2025-05-28 16:00:00,0.01912,0.01961,0.01862,0.01868,610715405.0
2025-05-28 20:00:00,0.01867,0.01963,0.01856,0.01956,635901235.0
2025-05-29 00:00:00,0.01957,0.02034,0.01943,0.01996,1033739869.0
2025-05-29 04:00:00,0.01996,0.02003,0.01931,0.01949,497455875.0
2025-05-29 08:00:00,0.0195,0.01964,0.01934,0.01951,434286846.0
2025-05-29 12:00:00,0.01951,0.01953,0.0188,0.019,807890794.0
2025-05-29 16:00:00,0.01899,0.01918,0.0186,0.0187,708320151.0
2025-05-29 20:00:00,0.01869,0.01902,0.01842,0.01853,471302430.0
2025-05-30 00:00:00,0.01852,0.01868,0.01723,0.0178,1640002740.0
2025-05-30 04:00:00,0.01779,0.01789,0.01729,0.01754,712288828.0
2025-05-30 08:00:00,0.01753,0.01771,0.01728,0.01762,746333866.0
2025-05-30 12:00:00,0.01763,0.01769,0.01731,0.0174,762638141.0
2025-05-30 16:00:00,0.01741,0.0175,0.01662,0.01737,1290523458.0
2025-05-30 20:00:00,0.01737,0.01743,0.01606,0.01638,836951129.0
2025-05-31 00:00:00,0.01639,0.01649,0.01557,0.0161,1125137730.0
2025-05-31 04:00:00,0.0161,0.01632,0.01595,0.0162,422623759.0
2025-05-31 08:00:00,0.01621,0.01628,0.01601,0.01605,447026010.0
2025-05-31 12:00:00,0.01606,0.0166,0.01603,0.0164,613207111.0
2025-05-31 16:00:00,0.01641,0.01675,0.01636,0.01667,475352156.0
2025-05-31 20:00:00,0.01666,0.01684,0.01655,0.01659,322047825.0
2025-06-01 00:00:00,0.01659,0.01665,0.01629,0.01648,320581898.0
2025-06-01 04:00:00,0.01648,0.01675,0.01641,0.01655,315849627.0
2025-06-01 08:00:00,0.01656,0.01659,0.01608,0.01644,487865028.0
2025-06-01 12:00:00,0.01644,0.01675,0.01629,0.01667,444264245.0
2025-06-01 16:00:00,0.01667,0.017,0.01647,0.01671,578602310.0
2025-06-01 20:00:00,0.01671,0.01699,0.01663,0.01691,310416520.0
2025-06-02 00:00:00,0.0169,0.01701,0.01648,0.01656,364225062.0
2025-06-02 04:00:00,0.01656,0.01682,0.01636,0.01665,360983645.0
2025-06-02 08:00:00,0.01665,0.01679,0.01621,0.01635,555538352.0
2025-06-02 12:00:00,0.01635,0.01679,0.01624,0.01668,555718885.0
2025-06-02 16:00:00,0.01667,0.01682,0.01641,0.01654,358197671.0
2025-06-02 20:00:00,0.01654,0.01743,0.01654,0.01727,613425574.0
2025-06-03 00:00:00,0.01727,0.01787,0.01724,0.01747,643278367.0
2025-06-03 04:00:00,0.01748,0.01753,0.01726,0.01733,329324566.0
2025-06-03 08:00:00,0.01733,0.01746,0.01713,0.01732,309773771.0
2025-06-03 12:00:00,0.01732,0.01766,0.01725,0.01747,529841353.0
2025-06-03 16:00:00,0.01747,0.01758,0.0173,0.01746,394523515.0
2025-06-03 20:00:00,0.01747,0.01748,0.01693,0.01709,366382713.0
2025-06-04 00:00:00,0.01709,0.01743,0.01694,0.01732,278506815.0
2025-06-04 04:00:00,0.01732,0.01738,0.01706,0.01712,245341908.0
2025-06-04 08:00:00,0.01712,0.01731,0.01684,0.01685,374752309.0
2025-06-04 12:00:00,0.01686,0.01712,0.01655,0.01708,674871903.0
2025-06-04 16:00:00,0.01708,0.01709,0.01661,0.01662,379659726.0
2025-06-04 20:00:00,0.01661,0.01664,0.01624,0.01642,478277444.0
2025-06-05 00:00:00,0.01642,0.01665,0.01633,0.01652,272968533.0
2025-06-05 04:00:00,0.01651,0.01668,0.01619,0.01648,991965943.0
2025-06-05 08:00:00,0.01648,0.01659,0.01619,0.01626,407230700.0
2025-06-05 12:00:00,0.01625,0.01659,0.0159,0.01627,820757740.0
2025-06-05 16:00:00,0.01628,0.0163,0.01528,0.01558,1267603256.0
2025-06-05 20:00:00,0.01557,0.01564,0.01496,0.01523,1293318401.0
2025-06-06 00:00:00,0.01523,0.01572,0.01519,0.01569,418543273.0
2025-06-06 04:00:00,0.01568,0.01586,0.01565,0.01572,275576500.0
2025-06-06 08:00:00,0.01573,0.01588,0.01571,0.0158,292461876.0
2025-06-06 12:00:00,0.0158,0.01626,0.01575,0.01602,527820318.0
2025-06-06 16:00:00,0.01602,0.01611,0.01556,0.01565,395731487.0
2025-06-06 20:00:00,0.01565,0.01581,0.0154,0.01552,405579474.0
2025-06-07 00:00:00,0.01553,0.01617,0.01549,0.01613,585663956.0
2025-06-07 04:00:00,0.01612,0.01643,0.01606,0.01635,386932870.0
2025-06-07 08:00:00,0.01636,0.01641,0.01622,0.01632,389669410.0
2025-06-07 12:00:00,0.01632,0.0165,0.01629,0.01636,323249994.0
2025-06-07 16:00:00,0.01636,0.01641,0.01611,0.01623,361802105.0
2025-06-07 20:00:00,0.01623,0.01638,0.0162,0.01625,219054986.0
2025-06-08 00:00:00,0.01625,0.0163,0.01613,0.01614,208213956.0
2025-06-08 04:00:00,0.01614,0.01625,0.01599,0.01602,264201628.0
2025-06-08 08:00:00,0.01602,0.0163,0.01588,0.01627,407434688.0
2025-06-08 12:00:00,0.01626,0.01642,0.01616,0.01635,402087204.0
2025-06-08 16:00:00,0.01635,0.01659,0.01635,0.01655,291594275.0
2025-06-08 20:00:00,0.01656,0.01666,0.01626,0.01633,345693732.0
2025-06-09 00:00:00,0.01633,0.01642,0.01614,0.01625,345661359.0
2025-06-09 04:00:00,0.01624,0.01628,0.01595,0.01615,317032071.0
2025-06-09 08:00:00,0.01616,0.01662,0.01608,0.01652,633882420.0
2025-06-09 12:00:00,0.01652,0.01664,0.0163,0.01648,490049245.0
2025-06-09 16:00:00,0.01648,0.0168,0.01647,0.01669,383414191.0
2025-06-09 20:00:00,0.01669,0.01732,0.01667,0.01727,493488639.0
2025-06-10 00:00:00,0.01727,0.01748,0.01709,0.01715,452059407.0
2025-06-10 04:00:00,0.01715,0.01721,0.01686,0.01706,385859620.0
2025-06-10 08:00:00,0.01705,0.01773,0.01691,0.01772,706718010.0
2025-06-10 12:00:00,0.01772,0.01795,0.01713,0.0174,1045762792.0
2025-06-10 16:00:00,0.0174,0.01791,0.01733,0.01772,522105562.0
2025-06-10 20:00:00,0.01772,0.01792,0.01751,0.01788,432325049.0
2025-06-11 00:00:00,0.01788,0.01793,0.01744,0.01768,440765306.0
2025-06-11 04:00:00,0.01768,0.01783,0.01754,0.01774,360574923.0
2025-06-11 08:00:00,0.01775,0.01782,0.01725,0.01737,483242771.0
2025-06-11 12:00:00,0.01738,0.01814,0.0173,0.01807,1141364940.0
2025-06-11 16:00:00,0.01807,0.01815,0.01736,0.01741,833695261.0
2025-06-11 20:00:00,0.01741,0.01756,0.0169,0.01707,715031058.0
2025-06-12 00:00:00,0.01707,0.01709,0.01663,0.0167,518945774.0
2025-06-12 04:00:00,0.01669,0.01673,0.01636,0.01648,892392776.0
2025-06-12 08:00:00,0.01648,0.01658,0.0162,0.01623,562919574.0
2025-06-12 12:00:00,0.01623,0.01676,0.01616,0.01625,749891628.0
2025-06-12 16:00:00,0.01627,0.01657,0.01589,0.01599,937573515.0
2025-06-12 20:00:00,0.01598,0.01604,0.01562,0.01567,920292211.0
2025-06-13 00:00:00,0.01567,0.01568,0.01437,0.01495,2934123549.0
2025-06-13 04:00:00,0.01495,0.01496,0.01461,0.01477,824224656.0
2025-06-13 08:00:00,0.01477,0.01502,0.01459,0.01485,970729253.0
2025-06-13 12:00:00,0.01485,0.01513,0.01458,0.01501,1113670871.0
2025-06-13 16:00:00,0.015,0.01528,0.01473,0.01488,1106596004.0
2025-06-13 20:00:00,0.01487,0.01525,0.01482,0.0152,498629429.0
2025-06-14 00:00:00,0.0152,0.01526,0.01499,0.01508,385532740.0
2025-06-14 04:00:00,0.01509,0.01524,0.01499,0.0151,327665070.0
2025-06-14 08:00:00,0.01509,0.01519,0.01498,0.01514,369685284.0
2025-06-14 12:00:00,0.01513,0.01524,0.01488,0.01497,443552842.0
2025-06-14 16:00:00,0.01497,0.01507,0.01471,0.01487,583794255.0
2025-06-14 20:00:00,0.01487,0.01514,0.01472,0.01502,525697414.0
2025-06-15 00:00:00,0.01502,0.01518,0.01502,0.01512,244967041.0
2025-06-15 04:00:00,0.01511,0.01528,0.01495,0.01499,324615126.0
2025-06-15 08:00:00,0.015,0.01502,0.01484,0.01497,322679147.0
2025-06-15 12:00:00,0.01496,0.0152,0.01486,0.01501,576965374.0
2025-06-15 16:00:00,0.01501,0.01506,0.01479,0.01485,451389247.0
2025-06-15 20:00:00,0.01485,0.01503,0.01454,0.01499,677504420.0
2025-06-16 00:00:00,0.01499,0.01528,0.01481,0.0151,584133341.0
2025-06-16 04:00:00,0.01509,0.01557,0.01507,0.0155,639464598.0
2025-06-16 08:00:00,0.01551,0.01568,0.01538,0.01551,751285530.0
2025-06-16 12:00:00,0.01551,0.01579,0.01541,0.01551,902201472.0
2025-06-16 16:00:00,0.01551,0.01578,0.0155,0.01562,596577481.0
2025-06-16 20:00:00,0.01562,0.01571,0.01487,0.01492,938308345.0
2025-06-17 00:00:00,0.01491,0.01528,0.01454,0.01516,1252007238.0
2025-06-17 04:00:00,0.01517,0.01518,0.01485,0.01486,493230639.0
2025-06-17 08:00:00,0.01486,0.01489,0.01458,0.01467,599397718.0
2025-06-17 12:00:00,0.01467,0.01484,0.01426,0.01439,1366961814.0
2025-06-17 16:00:00,0.01439,0.01459,0.0139,0.01446,1545966176.0
2025-06-17 20:00:00,0.01447,0.01454,0.01411,0.01424,564166308.0
2025-06-18 00:00:00,0.01425,0.01448,0.01424,0.01433,438188458.0
2025-06-18 04:00:00,0.01433,0.0145,0.0143,0.01436,387854891.0
2025-06-18 08:00:00,0.01436,0.01443,0.0138,0.01404,765386028.0
2025-06-18 12:00:00,0.01404,0.0142,0.01359,0.01408,1212013603.0
2025-06-18 16:00:00,0.01407,0.01425,0.01387,0.01399,808579170.0
2025-06-18 20:00:00,0.01399,0.01455,0.01395,0.01445,628132214.0
2025-06-19 00:00:00,0.01445,0.01464,0.01435,0.01448,436262591.0
2025-06-19 04:00:00,0.01449,0.01456,0.01433,0.01435,316495256.0
2025-06-19 08:00:00,0.01435,0.01449,0.01426,0.0143,378553873.0
2025-06-19 12:00:00,0.0143,0.01438,0.01413,0.01416,383613892.0
2025-06-19 16:00:00,0.01416,0.01437,0.01401,0.01417,601445854.0
2025-06-19 20:00:00,0.01417,0.01432,0.01411,0.01418,360611320.0
2025-06-20 00:00:00,0.01419,0.0143,0.01411,0.01415,301761987.0
2025-06-20 04:00:00,0.01416,0.01449,0.01398,0.01446,478610279.0
2025-06-20 08:00:00,0.01447,0.01455,0.01435,0.01447,414930400.0
2025-06-20 12:00:00,0.01448,0.01457,0.014,0.01406,630771394.0
2025-06-20 16:00:00,0.01406,0.01407,0.0134,0.01381,1268744471.0
2025-06-20 20:00:00,0.01381,0.01401,0.0136,0.01374,435670101.0
2025-06-21 00:00:00,0.01374,0.01401,0.0137,0.01397,344526070.0
2025-06-21 04:00:00,0.01396,0.01402,0.01391,0.01395,239506362.0
2025-06-21 08:00:00,0.01395,0.01405,0.01388,0.0139,283275039.0
2025-06-21 12:00:00,0.01389,0.01395,0.01344,0.01359,581672493.0
2025-06-21 16:00:00,0.01359,0.01365,0.01314,0.01315,914015918.0
2025-06-21 20:00:00,0.01314,0.0133,0.01252,0.01305,1311346200.0
2025-06-22 00:00:00,0.01305,0.01325,0.01274,0.01285,756751536.0
2025-06-22 04:00:00,0.01284,0.01305,0.01277,0.01286,419788467.0
2025-06-22 08:00:00,0.01287,0.01289,0.01251,0.01265,770621404.0
2025-06-22 12:00:00,0.01264,0.01273,0.01198,0.01218,2450920917.0
2025-06-22 16:00:00,0.01218,0.01232,0.01179,0.01208,1790891778.0
2025-06-22 20:00:00,0.01209,0.01254,0.01176,0.01253,1178707636.0
2025-06-23 00:00:00,0.01253,0.01271,0.01243,0.01252,643965285.0
2025-06-23 04:00:00,0.01253,0.01283,0.0125,0.01272,469970726.0
2025-06-23 08:00:00,0.01272,0.01277,0.01258,0.01272,365038898.0
2025-06-23 12:00:00,0.01271,0.01325,0.01263,0.01288,1620807843.0
2025-06-23 16:00:00,0.01288,0.01335,0.01247,0.01329,1852350784.0
2025-06-23 20:00:00,0.01328,0.01401,0.01325,0.01391,1226956018.0
2025-06-24 00:00:00,0.01392,0.0141,0.01381,0.01382,787470083.0
2025-06-24 04:00:00,0.01382,0.01438,0.01377,0.01408,765182210.0
2025-06-24 08:00:00,0.01407,0.01422,0.01391,0.01404,594117685.0
2025-06-24 12:00:00,0.01405,0.01422,0.01392,0.01406,780971739.0
2025-06-24 16:00:00,0.01406,0.01446,0.01393,0.01404,723375930.0
2025-06-24 20:00:00,0.01405,0.01425,0.01399,0.01421,394987516.0
2025-06-25 00:00:00,0.0142,0.01429,0.01409,0.01414,329114060.0
2025-06-25 04:00:00,0.01415,0.01417,0.01401,0.0141,271207899.0
2025-06-25 08:00:00,0.01409,0.01413,0.01373,0.01396,613254417.0
2025-06-25 12:00:00,0.01397,0.01411,0.01356,0.01359,861654484.0
2025-06-25 16:00:00,0.01359,0.01377,0.01345,0.01371,772216890.0
2025-06-25 20:00:00,0.01371,0.01381,0.01339,0.0135,437805824.0
2025-06-26 00:00:00,0.0135,0.01392,0.01345,0.01368,622754072.0
2025-06-26 04:00:00,0.01369,0.01384,0.01351,0.01381,499869478.0
2025-06-26 08:00:00,0.0138,0.01388,0.01358,0.01367,786461448.0
2025-06-26 12:00:00,0.01366,0.01367,0.0133,0.01344,1237362058.0
2025-06-26 16:00:00,0.01343,0.01352,0.01324,0.01345,759244652.0
2025-06-26 20:00:00,0.01345,0.0137,0.01327,0.01332,987606706.0
2025-06-27 00:00:00,0.01331,0.01362,0.01311,0.01347,1508916628.0
2025-06-27 04:00:00,0.01347,0.01365,0.01329,0.01331,525874589.0
2025-06-27 08:00:00,0.01332,0.01355,0.01331,0.01335,506854179.0
2025-06-27 12:00:00,0.01335,0.01356,0.01324,0.01352,704830157.0
2025-06-27 16:00:00,0.01352,0.01371,0.01314,0.01327,789974635.0
2025-06-27 20:00:00,0.01326,0.01357,0.01324,0.01353,402098430.0
2025-06-28 00:00:00,0.01353,0.01363,0.01346,0.01349,287896902.0
2025-06-28 04:00:00,0.01348,0.01363,0.01342,0.01358,360824929.0
2025-06-28 08:00:00,0.01359,0.01369,0.01349,0.01362,348720997.0
2025-06-28 12:00:00,0.01362,0.01375,0.01355,0.01374,410159043.0
2025-06-28 16:00:00,0.01374,0.01398,0.01365,0.0139,791047745.0
2025-06-28 20:00:00,0.0139,0.01409,0.01383,0.01398,319796239.0
2025-06-29 00:00:00,0.01397,0.01406,0.01381,0.01382,327755117.0
2025-06-29 04:00:00,0.01382,0.01399,0.01381,0.01399,233908927.0
2025-06-29 08:00:00,0.01399,0.01415,0.01397,0.01403,396192958.0
2025-06-29 12:00:00,0.01402,0.0141,0.01381,0.01387,437638056.0
2025-06-29 16:00:00,0.01387,0.01413,0.01385,0.01411,384161178.0
2025-06-29 20:00:00,0.01412,0.01518,0.01397,0.01495,1756810956.0
2025-06-30 00:00:00,0.01496,0.01518,0.01464,0.01467,760732743.0
2025-06-30 04:00:00,0.01467,0.01468,0.01434,0.01463,640488710.0
2025-06-30 08:00:00,0.01463,0.01468,0.01434,0.01435,562980423.0
2025-06-30 12:00:00,0.01435,0.01449,0.014,0.01421,1180566906.0
2025-06-30 16:00:00,0.01422,0.01447,0.01412,0.01445,618918704.0
2025-06-30 20:00:00,0.01445,0.0145,0.0141,0.01419,506242095.0
2025-07-01 00:00:00,0.01419,0.01428,0.01398,0.01406,433984319.0
2025-07-01 04:00:00,0.01405,0.01405,0.01364,0.01388,808481574.0
2025-07-01 08:00:00,0.01387,0.01387,0.01366,0.01371,528005033.0
2025-07-01 12:00:00,0.01371,0.01384,0.01355,0.01369,668813926.0
2025-07-01 16:00:00,0.0137,0.0137,0.01329,0.01338,651859372.0
2025-07-01 20:00:00,0.01337,0.01351,0.01328,0.01338,440298042.0
2025-07-02 00:00:00,0.01338,0.01357,0.01322,0.01343,522708086.0
2025-07-02 04:00:00,0.01344,0.01382,0.01341,0.01377,672375452.0
2025-07-02 08:00:00,0.01377,0.0139,0.01368,0.01378,572773517.0
2025-07-02 12:00:00,0.01379,0.01425,0.01373,0.01422,746624125.0
2025-07-02 16:00:00,0.01423,0.01497,0.01422,0.01495,1920539829.0
2025-07-02 20:00:00,0.01496,0.01508,0.0147,0.01473,820150471.0
2025-07-03 00:00:00,0.01473,0.01493,0.01467,0.01475,680712908.0
2025-07-03 04:00:00,0.01476,0.01521,0.01473,0.01511,759017232.0
2025-07-03 08:00:00,0.01512,0.01517,0.01482,0.01488,664726810.0
2025-07-03 12:00:00,0.01488,0.01512,0.01456,0.0146,1131589692.0
2025-07-03 16:00:00,0.01459,0.01482,0.01449,0.01481,1111118071.0
2025-07-03 20:00:00,0.0148,0.01492,0.01477,0.01481,314671307.0
2025-07-04 00:00:00,0.01482,0.01492,0.01461,0.01465,449526185.0
2025-07-04 04:00:00,0.01465,0.01469,0.01416,0.01419,752956484.0
2025-07-04 08:00:00,0.01419,0.01437,0.01409,0.01423,604635730.0
2025-07-04 12:00:00,0.01422,0.01428,0.01385,0.01387,897082680.0
2025-07-04 16:00:00,0.01386,0.01389,0.01359,0.01371,1022001733.0
2025-07-04 20:00:00,0.01371,0.01392,0.01369,0.01386,531951140.0
2025-07-05 00:00:00,0.01386,0.01403,0.01378,0.01392,618492554.0
2025-07-05 04:00:00,0.01392,0.01408,0.01378,0.01397,465368738.0
2025-07-05 08:00:00,0.01396,0.01399,0.01382,0.01386,334207789.0
2025-07-05 12:00:00,0.01385,0.01387,0.01372,0.01375,451111035.0
2025-07-05 16:00:00,0.01376,0.01385,0.01356,0.01373,562338530.0
2025-07-05 20:00:00,0.01374,0.01396,0.01368,0.0139,413542931.0
2025-07-06 00:00:00,0.01389,0.01392,0.01379,0.01381,348143922.0
2025-07-06 04:00:00,0.01382,0.01396,0.01375,0.01386,351980420.0
2025-07-06 08:00:00,0.01385,0.01395,0.01379,0.01394,356549859.0
2025-07-06 12:00:00,0.01393,0.01431,0.01388,0.01419,652646126.0
2025-07-06 16:00:00,0.01419,0.01431,0.01405,0.01418,426118677.0
2025-07-06 20:00:00,0.01417,0.01453,0.01415,0.01425,632683507.0
2025-07-07 00:00:00,0.01425,0.01448,0.01419,0.01436,475219035.0
2025-07-07 04:00:00,0.01437,0.01444,0.01417,0.01439,406578142.0
2025-07-07 08:00:00,0.0144,0.01447,0.01417,0.01421,424481673.0
2025-07-07 12:00:00,0.01421,0.01438,0.01406,0.01415,639298365.0
2025-07-07 16:00:00,0.01414,0.01424,0.01395,0.01411,689573599.0
2025-07-07 20:00:00,0.0141,0.01413,0.01388,0.0141,475244677.0
2025-07-08 00:00:00,0.01411,0.01417,0.01384,0.01389,687843516.0
2025-07-08 04:00:00,0.0139,0.01403,0.01379,0.01398,428115719.0
2025-07-08 08:00:00,0.01398,0.01421,0.01384,0.01416,437057664.0
2025-07-08 12:00:00,0.01416,0.01431,0.01397,0.01404,596507459.0
2025-07-08 16:00:00,0.01405,0.01451,0.01399,0.01442,819468314.0
2025-07-08 20:00:00,0.01441,0.01447,0.0143,0.01434,373968997.0
2025-07-09 00:00:00,0.01434,0.0144,0.01414,0.01419,452471274.0
2025-07-09 04:00:00,0.0142,0.01464,0.01417,0.01462,681083157.0
2025-07-09 08:00:00,0.01463,0.01482,0.01454,0.01469,1031038933.0
2025-07-09 12:00:00,0.0147,0.01495,0.01457,0.01476,1043625924.0
2025-07-09 16:00:00,0.01477,0.01532,0.01472,0.01529,1212729547.0
2025-07-09 20:00:00,0.01529,0.01554,0.01512,0.01536,972911140.0
2025-07-10 00:00:00,0.01537,0.01549,0.01524,0.01542,546189806.0
2025-07-10 04:00:00,0.01542,0.01559,0.01529,0.01548,556277250.0
2025-07-10 08:00:00,0.01547,0.01555,0.01538,0.0155,582734053.0
2025-07-10 12:00:00,0.0155,0.01567,0.01535,0.01541,764377913.0
2025-07-10 16:00:00,0.01542,0.01612,0.0154,0.01598,1386796915.0
2025-07-10 20:00:00,0.01597,0.01699,0.01596,0.01693,1325516485.0
2025-07-11 00:00:00,0.01693,0.01735,0.01656,0.01728,991624892.0
2025-07-11 04:00:00,0.01728,0.01784,0.01709,0.01721,1384982561.0
2025-07-11 08:00:00,0.01722,0.01762,0.01721,0.01735,856215147.0
2025-07-11 12:00:00,0.01735,0.01786,0.01719,0.01731,1537281676.0
2025-07-11 16:00:00,0.01731,0.01792,0.01724,0.01784,1369525977.0
2025-07-11 20:00:00,0.01784,0.01785,0.01671,0.01704,1183972292.0
2025-07-12 00:00:00,0.01704,0.01742,0.01665,0.01731,799920486.0
2025-07-12 04:00:00,0.01731,0.01733,0.01674,0.01715,632997712.0
2025-07-12 08:00:00,0.01714,0.01723,0.01692,0.01712,543612492.0
2025-07-12 12:00:00,0.01712,0.01721,0.01615,0.01629,1240554625.0
2025-07-12 16:00:00,0.01628,0.01673,0.01615,0.01665,777714554.0
2025-07-12 20:00:00,0.01665,0.0167,0.01634,0.01665,523277890.0
2025-07-13 00:00:00,0.01666,0.01687,0.01656,0.01672,644144939.0
2025-07-13 04:00:00,0.01671,0.01717,0.01661,0.01707,577819985.0
2025-07-13 08:00:00,0.01708,0.01712,0.01679,0.0171,459966585.0
2025-07-13 12:00:00,0.0171,0.0177,0.017,0.01739,1298975657.0
2025-07-13 16:00:00,0.01739,0.01763,0.01717,0.01738,706163987.0
2025-07-13 20:00:00,0.01738,0.01762,0.01699,0.01724,656784705.0
2025-07-14 00:00:00,0.01724,0.0182,0.0171,0.018,1387476610.0
2025-07-14 04:00:00,0.01801,0.01842,0.01767,0.01795,1634605963.0
2025-07-14 08:00:00,0.01796,0.01798,0.01754,0.01758,880590853.0
2025-07-14 12:00:00,0.01757,0.0178,0.01703,0.01719,1224765147.0
2025-07-14 16:00:00,0.01718,0.01738,0.01679,0.0169,952614875.0
2025-07-14 20:00:00,0.0169,0.01715,0.01665,0.01706,720683652.0
2025-07-15 00:00:00,0.01706,0.01721,0.01636,0.01658,981612961.0
2025-07-15 04:00:00,0.01659,0.01684,0.01639,0.01659,513617388.0
2025-07-15 08:00:00,0.01659,0.01678,0.01643,0.0167,629496566.0
2025-07-15 12:00:00,0.0167,0.01722,0.01647,0.01711,1352255433.0
2025-07-15 16:00:00,0.0171,0.01796,0.01709,0.0172,1804742155.0
2025-07-15 20:00:00,0.0172,0.01787,0.0171,0.01783,671087704.0
2025-07-16 00:00:00,0.01783,0.01796,0.01735,0.01746,571481040.0
2025-07-16 04:00:00,0.01747,0.0179,0.01729,0.01781,431831285.0
2025-07-16 08:00:00,0.01781,0.01783,0.0175,0.01765,437234452.0
2025-07-16 12:00:00,0.01765,0.0181,0.01753,0.01782,1363909018.0
2025-07-16 16:00:00,0.01783,0.01861,0.0178,0.01834,1229333670.0
2025-07-16 20:00:00,0.01834,0.01893,0.01811,0.01816,1023444829.0
2025-07-17 00:00:00,0.01817,0.01858,0.01762,0.01777,883601722.0
2025-07-17 04:00:00,0.01776,0.01852,0.0177,0.01834,870619405.0
2025-07-17 08:00:00,0.01835,0.01878,0.01829,0.01842,840686359.0
2025-07-17 12:00:00,0.01842,0.01868,0.01808,0.01845,1138847999.0
2025-07-17 16:00:00,0.01845,0.01857,0.01785,0.01807,1137856537.0
2025-07-17 20:00:00,0.01806,0.01896,0.01778,0.01862,1284339933.0
2025-07-18 00:00:00,0.01862,0.01937,0.01849,0.01932,1162360836.0
2025-07-18 04:00:00,0.01933,0.02048,0.01919,0.02001,1679446878.0
2025-07-18 08:00:00,0.02,0.02032,0.01953,0.01988,1202982200.0
2025-07-18 12:00:00,0.01988,0.02032,0.01892,0.01911,2044590286.0
2025-07-18 16:00:00,0.01911,0.01948,0.01874,0.01893,982247006.0
2025-07-18 20:00:00,0.01892,0.01896,0.01821,0.01869,1109060547.0
2025-07-19 00:00:00,0.0187,0.01908,0.01807,0.01908,794161231.0
2025-07-19 04:00:00,0.01907,0.01934,0.01873,0.01878,848166430.0
2025-07-19 08:00:00,0.01878,0.01883,0.01834,0.0184,675050711.0
2025-07-19 12:00:00,0.0184,0.01855,0.01808,0.01833,589508469.0
2025-07-19 16:00:00,0.01833,0.01931,0.01823,0.0192,792632373.0
2025-07-19 20:00:00,0.01921,0.01944,0.01894,0.01932,801584545.0
2025-07-20 00:00:00,0.01933,0.01956,0.0191,0.01935,642213223.0
2025-07-20 04:00:00,0.01935,0.01981,0.01926,0.01963,654946596.0
2025-07-20 08:00:00,0.01964,0.02005,0.01963,0.0199,697279244.0
2025-07-20 12:00:00,0.01991,0.02034,0.01973,0.02029,760012608.0
2025-07-20 16:00:00,0.0203,0.02059,0.01999,0.02013,1167030100.0
2025-07-20 20:00:00,0.02012,0.02021,0.0193,0.01998,1134501561.0
2025-07-21 00:00:00,0.01997,0.02034,0.01948,0.02028,971161917.0
2025-07-21 04:00:00,0.02028,0.02054,0.02,0.02046,883393980.0
2025-07-21 08:00:00,0.02046,0.02073,0.02004,0.02052,893582757.0
2025-07-21 12:00:00,0.02053,0.021,0.02027,0.02049,1557495965.0
2025-07-21 16:00:00,0.02049,0.02055,0.01977,0.01988,1505474759.0
2025-07-21 20:00:00,0.01989,0.02053,0.01981,0.02032,494841030.0
2025-07-22 00:00:00,0.02033,0.02072,0.01952,0.01984,1354420404.0
2025-07-22 04:00:00,0.01985,0.01989,0.01916,0.01944,1192811017.0
2025-07-22 08:00:00,0.01944,0.01972,0.0189,0.0196,1218704219.0
2025-07-22 12:00:00,0.0196,0.02,0.01904,0.01972,1858733375.0
2025-07-22 16:00:00,0.01971,0.02015,0.01941,0.01949,1338231738.0
2025-07-22 20:00:00,0.0195,0.02021,0.01945,0.02017,685691905.0
2025-07-23 00:00:00,0.02018,0.02023,0.01965,0.01985,705285642.0
2025-07-23 04:00:00,0.01985,0.02019,0.01966,0.01981,760882358.0
2025-07-23 08:00:00,0.0198,0.02001,0.01915,0.01929,962995978.0
2025-07-23 12:00:00,0.01929,0.01938,0.01813,0.01863,3276202215.0
2025-07-23 16:00:00,0.01863,0.01863,0.01767,0.01802,1996165263.0
2025-07-23 20:00:00,0.01802,0.01815,0.0172,0.01783,2113381191.0
2025-07-24 00:00:00,0.01784,0.0182,0.01768,0.01791,655777744.0
2025-07-24 04:00:00,0.01791,0.01803,0.01645,0.01708,2309402196.0
2025-07-24 08:00:00,0.01708,0.01759,0.01689,0.01751,1018492586.0
2025-07-24 12:00:00,0.01751,0.01806,0.01707,0.01772,1684777520.0
2025-07-24 16:00:00,0.01772,0.01781,0.01721,0.01747,1051490581.0
2025-07-24 20:00:00,0.01746,0.0177,0.01716,0.01723,655486003.0
2025-07-25 00:00:00,0.01723,0.01735,0.01654,0.01686,1140452598.0
2025-07-25 04:00:00,0.01686,0.01712,0.01659,0.01691,891782316.0
2025-07-25 08:00:00,0.01691,0.01749,0.01685,0.0173,741059955.0
2025-07-25 12:00:00,0.0173,0.01746,0.01657,0.01686,1137545571.0
2025-07-25 16:00:00,0.01686,0.01719,0.01675,0.01705,603996160.0
2025-07-25 20:00:00,0.01704,0.01767,0.01703,0.0176,501248058.0
2025-07-26 00:00:00,0.0176,0.01776,0.01742,0.01762,348985275.0
2025-07-26 04:00:00,0.01763,0.01767,0.01749,0.01755,202036686.0
2025-07-26 08:00:00,0.01756,0.01775,0.01753,0.01759,313636330.0
2025-07-26 12:00:00,0.0176,0.01782,0.0175,0.0178,484448014.0
2025-07-26 16:00:00,0.0178,0.01801,0.01758,0.01797,546887899.0
2025-07-26 20:00:00,0.01798,0.01804,0.01763,0.01766,384047834.0
2025-07-27 00:00:00,0.01767,0.01801,0.01762,0.01782,288510728.0
2025-07-27 04:00:00,0.01782,0.01807,0.01779,0.01788,339309116.0
2025-07-27 08:00:00,0.01788,0.01804,0.01761,0.01783,510572887.0
2025-07-27 12:00:00,0.01784,0.01805,0.01767,0.01784,450177210.0
2025-07-27 16:00:00,0.01784,0.01825,0.01784,0.018,754661445.0
2025-07-27 20:00:00,0.018,0.01844,0.01786,0.01834,514260061.0
2025-07-28 00:00:00,0.01834,0.01857,0.01802,0.01837,796394667.0
2025-07-28 04:00:00,0.01838,0.01872,0.01827,0.0185,840559528.0
2025-07-28 08:00:00,0.0185,0.01873,0.01831,0.01844,607473171.0
2025-07-28 12:00:00,0.01845,0.01849,0.01736,0.01757,1618701297.0
2025-07-28 16:00:00,0.01756,0.01763,0.01701,0.01718,942435711.0
2025-07-28 20:00:00,0.01717,0.01721,0.01674,0.01696,855274891.0
2025-07-29 00:00:00,0.01697,0.01711,0.01656,0.01697,781801046.0
2025-07-29 04:00:00,0.01696,0.01763,0.01683,0.01757,737851392.0
2025-07-29 08:00:00,0.01757,0.01761,0.01701,0.01715,625366906.0
2025-07-29 12:00:00,0.01714,0.01744,0.01665,0.01684,1148057204.0
2025-07-29 16:00:00,0.01683,0.01695,0.01649,0.01657,791527963.0
2025-07-29 20:00:00,0.01658,0.0169,0.01634,0.01681,808434866.0
2025-07-30 00:00:00,0.01682,0.01686,0.01643,0.01667,444032064.0
2025-07-30 04:00:00,0.01667,0.01677,0.01644,0.01647,437327421.0
2025-07-30 08:00:00,0.01648,0.01664,0.01585,0.01597,1041234892.0
2025-07-30 12:00:00,0.01597,0.01649,0.01583,0.01635,1294384199.0
2025-07-30 16:00:00,0.01634,0.01661,0.0154,0.01622,2018437637.0
2025-07-30 20:00:00,0.01622,0.01644,0.016,0.01641,512941491.0
2025-07-31 00:00:00,0.01641,0.01665,0.01634,0.0166,685521342.0
2025-07-31 04:00:00,0.01661,0.01666,0.0165,0.01656,388189601.0
2025-07-31 08:00:00,0.01657,0.01668,0.01641,0.01647,432255033.0
2025-07-31 12:00:00,0.01648,0.0165,0.0158,0.01601,1219249220.0
2025-07-31 16:00:00,0.01602,0.01644,0.01583,0.01586,820473666.0
2025-07-31 20:00:00,0.01586,0.01591,0.01535,0.01544,783723775.0
2025-08-01 00:00:00,0.01544,0.01556,0.01498,0.01549,1599294280.0
2025-08-01 04:00:00,0.01549,0.01549,0.01509,0.01522,730476630.0
2025-08-01 08:00:00,0.01521,0.01527,0.01482,0.01523,1001802411.0
2025-08-01 12:00:00,0.01522,0.01544,0.01479,0.01537,1187338278.0
2025-08-01 16:00:00,0.01537,0.01549,0.01488,0.01529,892464107.0
2025-08-01 20:00:00,0.01528,0.01535,0.01443,0.01492,1430816740.0
2025-08-02 00:00:00,0.01493,0.01516,0.01488,0.01515,305637899.0
2025-08-02 04:00:00,0.01515,0.01519,0.01465,0.01508,502805187.0
2025-08-02 08:00:00,0.01508,0.01512,0.01467,0.01488,524924103.0
2025-08-02 12:00:00,0.01487,0.01495,0.01453,0.0146,616805463.0
2025-08-02 16:00:00,0.01461,0.01478,0.01427,0.0145,1363891311.0
2025-08-02 20:00:00,0.0145,0.01471,0.01445,0.01462,523146764.0
2025-08-03 00:00:00,0.01461,0.01487,0.0144,0.01482,596366544.0
2025-08-03 04:00:00,0.01483,0.01494,0.01477,0.01489,313279839.0
2025-08-03 08:00:00,0.0149,0.01511,0.01485,0.01503,449140848.0
2025-08-03 12:00:00,0.01504,0.01508,0.01492,0.01506,382767764.0
2025-08-03 16:00:00,0.01505,0.01514,0.015,0.01504,318272648.0
2025-08-03 20:00:00,0.01504,0.01524,0.01501,0.01513,311452782.0
2025-08-04 00:00:00,0.01512,0.01543,0.01509,0.01531,395556888.0
2025-08-04 04:00:00,0.0153,0.01551,0.01525,0.01545,422495827.0
2025-08-04 08:00:00,0.01545,0.0155,0.01524,0.01526,380084672.0
2025-08-04 12:00:00,0.01527,0.01568,0.01525,0.01555,694911352.0
2025-08-04 16:00:00,0.01554,0.01588,0.01551,0.01556,553790444.0
2025-08-04 20:00:00,0.01557,0.01589,0.01556,0.01584,410672975.0
2025-08-05 00:00:00,0.01583,0.01589,0.0155,0.0155,379788307.0
2025-08-05 04:00:00,0.0155,0.01562,0.01517,0.01522,728273753.0
2025-08-05 08:00:00,0.01522,0.01568,0.01516,0.01564,572198337.0
2025-08-05 12:00:00,0.01564,0.01566,0.01494,0.01501,1441139540.0
2025-08-05 16:00:00,0.01501,0.0152,0.01497,0.01504,579450851.0
2025-08-05 20:00:00,0.01505,0.01525,0.01481,0.01522,498704176.0
2025-08-06 00:00:00,0.01523,0.01523,0.01484,0.01488,461285951.0
2025-08-06 04:00:00,0.01489,0.01534,0.01481,0.0153,608115223.0
2025-08-06 08:00:00,0.0153,0.01535,0.01512,0.01516,420352612.0
2025-08-06 12:00:00,0.01517,0.01557,0.015,0.01552,835174922.0
2025-08-06 16:00:00,0.01553,0.01559,0.01532,0.01547,578285433.0
2025-08-06 20:00:00,0.01547,0.0155,0.01537,0.01542,256601437.0
2025-08-07 00:00:00,0.01542,0.01559,0.01535,0.01537,323047729.0
2025-08-07 04:00:00,0.01536,0.0156,0.01535,0.01553,441197928.0
2025-08-07 08:00:00,0.01554,0.01611,0.01546,0.01609,838172759.0
2025-08-07 12:00:00,0.0161,0.01617,0.0159,0.016,560096043.0
2025-08-07 16:00:00,0.016,0.01612,0.01566,0.0161,945485399.0
2025-08-07 20:00:00,0.01611,0.01643,0.01605,0.01641,520592062.0
2025-08-08 00:00:00,0.01642,0.01677,0.01616,0.01656,2873085094.0
2025-08-08 04:00:00,0.01655,0.01676,0.01636,0.01669,572429108.0
2025-08-08 08:00:00,0.0167,0.01682,0.01661,0.01668,555769683.0
2025-08-08 12:00:00,0.01668,0.01693,0.01638,0.01652,937400323.0
2025-08-08 16:00:00,0.01651,0.01712,0.0165,0.01704,779239943.0
2025-08-08 20:00:00,0.01704,0.0171,0.01691,0.01698,447804129.0
2025-08-09 00:00:00,0.01698,0.01707,0.01693,0.017,294199435.0
2025-08-09 04:00:00,0.01701,0.01761,0.01696,0.01748,709786230.0
2025-08-09 08:00:00,0.01748,0.01785,0.01712,0.01778,999988156.0
2025-08-09 12:00:00,0.01779,0.018,0.0176,0.01775,708210309.0
2025-08-09 16:00:00,0.01775,0.01813,0.01775,0.01805,597694403.0
2025-08-09 20:00:00,0.01805,0.01828,0.01783,0.01791,644422363.0
2025-08-10 00:00:00,0.01791,0.01826,0.0178,0.01803,668822483.0
2025-08-10 04:00:00,0.01803,0.01817,0.01729,0.01735,765355875.0
2025-08-10 08:00:00,0.01735,0.01753,0.01711,0.01722,655694019.0
2025-08-10 12:00:00,0.01723,0.01767,0.01714,0.01758,586000319.0
2025-08-10 16:00:00,0.01759,0.01803,0.01755,0.01789,459119210.0
2025-08-10 20:00:00,0.01788,0.01794,0.01748,0.01769,530704760.0
2025-08-11 00:00:00,0.01769,0.01837,0.01755,0.01815,872256014.0
2025-08-11 04:00:00,0.01816,0.0183,0.01749,0.01753,653922356.0
2025-08-11 08:00:00,0.01754,0.01782,0.01689,0.017,986797673.0
2025-08-11 12:00:00,0.01699,0.01742,0.0168,0.01726,1614717919.0
2025-08-11 16:00:00,0.01726,0.0176,0.01687,0.01703,1156928331.0
2025-08-11 20:00:00,0.01702,0.01704,0.01654,0.01669,695578225.0
2025-08-12 00:00:00,0.01669,0.01711,0.01664,0.0169,407708321.0
2025-08-12 04:00:00,0.01689,0.01704,0.01653,0.01702,514396385.0
2025-08-12 08:00:00,0.01702,0.01703,0.01645,0.0167,621766344.0
2025-08-12 12:00:00,0.01671,0.01765,0.01662,0.01761,1684784367.0
2025-08-12 16:00:00,0.01762,0.01808,0.01751,0.01798,806856407.0
2025-08-12 20:00:00,0.01799,0.01824,0.0179,0.01797,514392994.0
2025-08-13 00:00:00,0.01797,0.01829,0.01781,0.0182,620498459.0
2025-08-13 04:00:00,0.0182,0.01831,0.01781,0.01813,489049106.0
2025-08-13 08:00:00,0.01814,0.01866,0.01811,0.01849,689357189.0
2025-08-13 12:00:00,0.0185,0.01882,0.01831,0.01859,1593333846.0
2025-08-13 16:00:00,0.01859,0.01884,0.01848,0.01872,784447440.0
2025-08-13 20:00:00,0.01872,0.01916,0.01855,0.01892,770687467.0
2025-08-14 00:00:00,0.01892,0.01915,0.0186,0.01901,806461545.0
2025-08-14 04:00:00,0.01901,0.01909,0.01844,0.01855,844408133.0
2025-08-14 08:00:00,0.01855,0.01856,0.01808,0.01821,924183981.0
2025-08-14 12:00:00,0.01821,0.01828,0.01674,0.01706,3603989929.0
2025-08-14 16:00:00,0.01705,0.01705,0.01652,0.01675,1327439777.0
2025-08-14 20:00:00,0.01676,0.01677,0.01631,0.01667,790240371.0
2025-08-15 00:00:00,0.01667,0.01705,0.01661,0.01695,629577411.0
2025-08-15 04:00:00,0.01696,0.01725,0.01677,0.01702,618097431.0
2025-08-15 08:00:00,0.01703,0.01715,0.01677,0.01686,515357616.0
2025-08-15 12:00:00,0.01686,0.0171,0.01601,0.01616,2040541467.0
2025-08-15 16:00:00,0.01616,0.01644,0.01594,0.01622,1044568857.0
2025-08-15 20:00:00,0.01622,0.01671,0.01615,0.01656,429027016.0
2025-08-16 00:00:00,0.01655,0.01682,0.01651,0.01666,324846974.0
2025-08-16 04:00:00,0.01666,0.01694,0.01663,0.01691,292722098.0
2025-08-16 08:00:00,0.0169,0.01708,0.01673,0.01683,628948889.0
2025-08-16 12:00:00,0.01683,0.01755,0.01679,0.01737,933580534.0
2025-08-16 16:00:00,0.01737,0.01749,0.01714,0.01725,515274445.0
2025-08-16 20:00:00,0.01726,0.01743,0.01717,0.01723,292514203.0
2025-08-17 00:00:00,0.01722,0.01732,0.01707,0.01725,311584599.0
2025-08-17 04:00:00,0.01726,0.01759,0.01725,0.01746,398783271.0
2025-08-17 08:00:00,0.01746,0.01768,0.01743,0.01756,497157442.0
2025-08-17 12:00:00,0.01757,0.01783,0.0174,0.01783,475075540.0
2025-08-17 16:00:00,0.01783,0.01795,0.01718,0.0173,862388052.0
2025-08-17 20:00:00,0.01731,0.01751,0.01718,0.01724,406652747.0
2025-08-18 00:00:00,0.01723,0.01726,0.01633,0.01654,1160452938.0
2025-08-18 04:00:00,0.01654,0.01687,0.01636,0.0165,713864184.0
2025-08-18 08:00:00,0.0165,0.01666,0.01629,0.01653,591792579.0
2025-08-18 12:00:00,0.01652,0.01689,0.01646,0.01671,676047319.0
2025-08-18 16:00:00,0.01672,0.01691,0.01651,0.01674,465698536.0
2025-08-18 20:00:00,0.01674,0.01698,0.01657,0.0166,388770401.0
2025-08-19 00:00:00,0.01661,0.01687,0.01616,0.01622,902258994.0
2025-08-19 04:00:00,0.01621,0.01646,0.01606,0.01629,621048408.0
2025-08-19 08:00:00,0.01629,0.0167,0.01617,0.01668,445888574.0
2025-08-19 12:00:00,0.01668,0.01674,0.0161,0.01618,1098144854.0
2025-08-19 16:00:00,0.01617,0.01621,0.01573,0.01591,1095380936.0
2025-08-19 20:00:00,0.0159,0.01606,0.01568,0.01573,485019925.0
2025-08-20 00:00:00,0.01574,0.01612,0.01566,0.01599,561172650.0
2025-08-20 04:00:00,0.01599,0.01618,0.01598,0.01599,324519290.0
2025-08-20 08:00:00,0.016,0.01627,0.01593,0.01615,441718933.0
2025-08-20 12:00:00,0.01614,0.01656,0.01574,0.01638,1161593808.0
2025-08-20 16:00:00,0.01638,0.01676,0.01634,0.01675,567072184.0
2025-08-20 20:00:00,0.01675,0.01682,0.01663,0.01667,432911660.0
2025-08-21 00:00:00,0.01666,0.01685,0.01654,0.01669,483915668.0
2025-08-21 04:00:00,0.01668,0.01677,0.01643,0.01656,406577397.0
2025-08-21 08:00:00,0.01657,0.0166,0.01624,0.01632,450998369.0
2025-08-21 12:00:00,0.01633,0.01654,0.01608,0.01616,1003186688.0
2025-08-21 16:00:00,0.01615,0.01639,0.01607,0.01617,544095599.0
2025-08-21 20:00:00,0.01616,0.01639,0.01607,0.01622,388261743.0
2025-08-22 00:00:00,0.01622,0.01646,0.01606,0.01616,330975726.0
2025-08-22 04:00:00,0.01617,0.01633,0.0161,0.01629,351679153.0
2025-08-22 08:00:00,0.01629,0.01638,0.01591,0.01593,420024789.0
2025-08-22 12:00:00,0.01594,0.0173,0.01558,0.01716,3538858523.0
2025-08-22 16:00:00,0.01716,0.01826,0.01715,0.01817,1793135311.0
2025-08-22 20:00:00,0.01817,0.01894,0.01798,0.01886,1310915764.0
2025-08-23 00:00:00,0.01886,0.01893,0.01787,0.0181,993635162.0
2025-08-23 04:00:00,0.0181,0.0188,0.01809,0.01847,838144998.0
2025-08-23 08:00:00,0.01847,0.01876,0.01847,0.01863,613726606.0
2025-08-23 12:00:00,0.01863,0.0188,0.01834,0.01844,621051743.0
2025-08-23 16:00:00,0.01844,0.01864,0.01823,0.01863,392338733.0
2025-08-23 20:00:00,0.01864,0.01866,0.0184,0.01844,288144732.0
2025-08-24 00:00:00,0.01844,0.01851,0.01811,0.01823,383336279.0
2025-08-24 04:00:00,0.01823,0.01827,0.0177,0.01776,437305454.0
2025-08-24 08:00:00,0.01776,0.01789,0.01729,0.0174,600905095.0
2025-08-24 12:00:00,0.01739,0.01783,0.01734,0.01764,676209223.0
2025-08-24 16:00:00,0.01764,0.01875,0.01747,0.018,2112426458.0
2025-08-24 20:00:00,0.01799,0.01822,0.01749,0.01797,1233267627.0
2025-08-25 00:00:00,0.01797,0.01833,0.01748,0.01813,708245011.0
2025-08-25 04:00:00,0.01813,0.01822,0.01708,0.01717,937240064.0
2025-08-25 08:00:00,0.01716,0.01731,0.0167,0.01695,796999815.0
2025-08-25 12:00:00,0.01696,0.01712,0.01671,0.01676,880997352.0
2025-08-25 16:00:00,0.01677,0.01687,0.0162,0.01624,955861171.0
2025-08-25 20:00:00,0.01624,0.0163,0.01571,0.016,1624999160.0
2025-08-26 00:00:00,0.01599,0.01636,0.01585,0.01614,852251642.0
2025-08-26 04:00:00,0.01615,0.01637,0.01603,0.01627,604973300.0
2025-08-26 08:00:00,0.01627,0.01632,0.01609,0.01619,429144739.0
2025-08-26 12:00:00,0.0162,0.01668,0.01611,0.01643,1209497655.0
2025-08-26 16:00:00,0.01644,0.01691,0.0164,0.01685,539901784.0
2025-08-26 20:00:00,0.01685,0.01694,0.01671,0.01673,404009314.0
2025-08-27 00:00:00,0.01674,0.01701,0.01659,0.01691,468949418.0
2025-08-27 04:00:00,0.01692,0.01714,0.01667,0.01673,554430011.0
2025-08-27 08:00:00,0.01674,0.01687,0.0166,0.01672,387067969.0
2025-08-27 12:00:00,0.01673,0.01694,0.01649,0.01677,918227675.0
2025-08-27 16:00:00,0.01677,0.01684,0.01638,0.01652,567599545.0
2025-08-27 20:00:00,0.01651,0.01681,0.0163,0.01641,1322412982.0
2025-08-28 00:00:00,0.01642,0.01668,0.01623,0.01665,413529371.0
2025-08-28 04:00:00,0.01665,0.01683,0.01658,0.01674,405692967.0
2025-08-28 08:00:00,0.01675,0.01691,0.01658,0.01673,357690272.0
2025-08-28 12:00:00,0.01673,0.01718,0.01667,0.01678,879239341.0
2025-08-28 16:00:00,0.01678,0.01695,0.01646,0.01647,566208986.0
2025-08-28 20:00:00,0.01648,0.01735,0.01644,0.01727,675560129.0
2025-08-29 00:00:00,0.01727,0.01735,0.01691,0.01721,516931569.0
2025-08-29 04:00:00,0.01721,0.01724,0.01633,0.01638,573881556.0
2025-08-29 08:00:00,0.01637,0.01644,0.01598,0.01618,737779008.0
2025-08-29 12:00:00,0.01617,0.01673,0.0158,0.016,1617284977.0
2025-08-29 16:00:00,0.016,0.01607,0.01571,0.01597,681703469.0
2025-08-29 20:00:00,0.01597,0.01615,0.01578,0.01603,432389809.0
2025-08-30 00:00:00,0.01603,0.01632,0.01574,0.01625,358445418.0
2025-08-30 04:00:00,0.01625,0.01642,0.01616,0.0164,256207035.0
2025-08-30 08:00:00,0.0164,0.01643,0.01622,0.01633,252681413.0
2025-08-30 12:00:00,0.01634,0.01635,0.01598,0.01627,385283329.0
2025-08-30 16:00:00,0.01627,0.0163,0.01602,0.01614,277168811.0
2025-08-30 20:00:00,0.01615,0.01621,0.01604,0.01617,240809086.0
2025-08-31 00:00:00,0.01617,0.01691,0.01616,0.01679,762241413.0
2025-08-31 04:00:00,0.01679,0.01681,0.01646,0.01651,431799681.0
2025-08-31 08:00:00,0.01652,0.01671,0.01634,0.01646,411991953.0
2025-08-31 12:00:00,0.01647,0.01654,0.01624,0.01643,378572107.0
2025-08-31 16:00:00,0.01644,0.01652,0.01628,0.01635,318478846.0
2025-08-31 20:00:00,0.01635,0.01654,0.01608,0.0161,446778790.0
2025-09-01 00:00:00,0.01611,0.01612,0.01567,0.01582,816788451.0
2025-09-01 04:00:00,0.01581,0.01634,0.01554,0.01634,737374080.0
2025-09-01 08:00:00,0.01633,0.01671,0.01602,0.01605,972322213.0
2025-09-01 12:00:00,0.01605,0.01617,0.01572,0.01576,725180134.0
2025-09-01 16:00:00,0.01576,0.01586,0.0156,0.01585,525383692.0
2025-09-01 20:00:00,0.01586,0.01587,0.01509,0.01559,1229801407.0
2025-09-02 00:00:00,0.01559,0.01599,0.01547,0.01596,522269432.0
2025-09-02 04:00:00,0.01597,0.01603,0.01579,0.01582,357043499.0
2025-09-02 08:00:00,0.01582,0.01596,0.01577,0.01581,299935304.0
2025-09-02 12:00:00,0.01581,0.01616,0.01543,0.01569,1156242475.0
2025-09-02 16:00:00,0.01569,0.01602,0.01568,0.01585,416271488.0
2025-09-02 20:00:00,0.01586,0.01624,0.01582,0.01611,351785307.0
2025-09-03 00:00:00,0.01612,0.01628,0.01601,0.01617,317281308.0
2025-09-03 04:00:00,0.01617,0.01619,0.01587,0.01599,365157788.0
2025-09-03 08:00:00,0.01599,0.01615,0.01589,0.01606,353435951.0
2025-09-03 12:00:00,0.01606,0.01639,0.01594,0.0163,640846204.0
2025-09-03 16:00:00,0.01631,0.01638,0.01617,0.01634,403613614.0
2025-09-03 20:00:00,0.01634,0.01638,0.01621,0.01624,202145126.0
2025-09-04 00:00:00,0.01625,0.01631,0.01589,0.01591,321329988.0
2025-09-04 04:00:00,0.0159,0.01599,0.01564,0.01577,465057588.0
2025-09-04 08:00:00,0.01577,0.01587,0.01571,0.01574,320272746.0
2025-09-04 12:00:00,0.01574,0.01587,0.01554,0.01561,522491827.0
2025-09-04 16:00:00,0.01561,0.01568,0.01542,0.01548,389486829.0
2025-09-04 20:00:00,0.01548,0.01581,0.01545,0.0156,302991733.0
2025-09-05 00:00:00,0.0156,0.01581,0.01559,0.01579,250423016.0
2025-09-05 04:00:00,0.0158,0.01613,0.01576,0.01612,435420818.0
2025-09-05 08:00:00,0.01613,0.01623,0.01601,0.01611,491392875.0
2025-09-05 12:00:00,0.01612,0.01645,0.01583,0.01598,1879633283.0
2025-09-05 16:00:00,0.01599,0.01613,0.01583,0.01612,341125263.0
2025-09-05 20:00:00,0.01612,0.01622,0.01599,0.01614,401609631.0
2025-09-06 00:00:00,0.01614,0.0162,0.016,0.01608,184213152.0
2025-09-06 04:00:00,0.01608,0.01609,0.0159,0.01594,217671371.0
2025-09-06 08:00:00,0.01594,0.01596,0.01582,0.01591,180393400.0
2025-09-06 12:00:00,0.01592,0.01606,0.01582,0.01584,309873046.0
2025-09-06 16:00:00,0.01585,0.01599,0.01574,0.01578,341442341.0
2025-09-06 20:00:00,0.01578,0.01603,0.01577,0.01595,241054840.0
2025-09-07 00:00:00,0.01595,0.0162,0.01593,0.01614,342698285.0
2025-09-07 04:00:00,0.01615,0.01636,0.01611,0.01621,372006218.0
2025-09-07 08:00:00,0.01622,0.01636,0.01617,0.0163,287591967.0
2025-09-07 12:00:00,0.01631,0.0164,0.01623,0.01629,416042589.0
2025-09-07 16:00:00,0.01629,0.01631,0.01607,0.01615,336093329.0
2025-09-07 20:00:00,0.01615,0.01638,0.01612,0.01625,319023116.0
2025-09-08 00:00:00,0.01626,0.01663,0.01617,0.01653,474319546.0
2025-09-08 04:00:00,0.01652,0.01655,0.01635,0.01639,268821837.0
2025-09-08 08:00:00,0.0164,0.01671,0.01639,0.01656,401457495.0
2025-09-08 12:00:00,0.01657,0.01701,0.01653,0.01692,583012641.0
2025-09-08 16:00:00,0.01691,0.01712,0.01681,0.01685,621713351.0
2025-09-08 20:00:00,0.01686,0.01702,0.0167,0.01691,309448494.0
2025-09-09 00:00:00,0.0169,0.01714,0.01671,0.01703,467189522.0
2025-09-09 04:00:00,0.01703,0.01753,0.01695,0.01745,535825285.0
2025-09-09 08:00:00,0.01745,0.01756,0.01733,0.01738,494750809.0
2025-09-09 12:00:00,0.01737,0.01751,0.01673,0.01684,1205862174.0
2025-09-09 16:00:00,0.01684,0.01696,0.01664,0.0169,424176904.0
2025-09-09 20:00:00,0.0169,0.01701,0.01675,0.01693,254143181.0
2025-09-10 00:00:00,0.01693,0.01718,0.01673,0.01715,312023895.0
2025-09-10 04:00:00,0.01715,0.01722,0.01697,0.01712,275452670.0
2025-09-10 08:00:00,0.01713,0.01717,0.0169,0.01697,281207696.0
2025-09-10 12:00:00,0.01698,0.01749,0.01695,0.01728,739639865.0
2025-09-10 16:00:00,0.01727,0.01734,0.01686,0.01698,344866719.0
2025-09-10 20:00:00,0.01698,0.01731,0.01697,0.01729,213750934.0
2025-09-11 00:00:00,0.0173,0.01745,0.01724,0.01742,183529575.0
2025-09-11 04:00:00,0.01743,0.01763,0.01718,0.01747,528485341.0
2025-09-11 08:00:00,0.01747,0.01754,0.0169,0.01715,641118252.0
2025-09-11 12:00:00,0.01714,0.01742,0.01688,0.01703,777642869.0
2025-09-11 16:00:00,0.01704,0.01738,0.01702,0.01734,289319579.0
2025-09-11 20:00:00,0.01735,0.01763,0.01731,0.01757,281607896.0
2025-09-12 00:00:00,0.01757,0.01784,0.01751,0.01759,458848657.0
2025-09-12 04:00:00,0.0176,0.01803,0.01751,0.01784,770018873.0
2025-09-12 08:00:00,0.01783,0.01785,0.01742,0.01745,475604808.0
2025-09-12 12:00:00,0.01745,0.01772,0.01733,0.01761,494639488.0
2025-09-12 16:00:00,0.0176,0.01809,0.01756,0.01807,639261079.0
2025-09-12 20:00:00,0.01807,0.01811,0.01786,0.01803,382149162.0
2025-09-13 00:00:00,0.01803,0.01834,0.01795,0.01825,517769784.0
2025-09-13 04:00:00,0.01825,0.01831,0.01808,0.01819,316257989.0
2025-09-13 08:00:00,0.01819,0.01863,0.01816,0.01861,636485839.0
2025-09-13 12:00:00,0.01862,0.01876,0.01806,0.01837,949963346.0
2025-09-13 16:00:00,0.01837,0.01847,0.01792,0.01831,709226108.0
2025-09-13 20:00:00,0.0183,0.01852,0.01827,0.01839,284688549.0
2025-09-14 00:00:00,0.01839,0.01843,0.018,0.01807,330452868.0
2025-09-14 04:00:00,0.01807,0.01827,0.01787,0.01804,284206121.0
2025-09-14 08:00:00,0.01804,0.01812,0.01756,0.01759,463957457.0
2025-09-14 12:00:00,0.01759,0.0177,0.01714,0.01728,850287934.0
2025-09-14 16:00:00,0.01727,0.01761,0.01723,0.01743,367058629.0
2025-09-14 20:00:00,0.01743,0.01772,0.01736,0.01743,288726442.0
2025-09-15 00:00:00,0.01744,0.01771,0.01728,0.01767,364238841.0
2025-09-15 04:00:00,0.01767,0.01785,0.01716,0.01722,595753576.0
2025-09-15 08:00:00,0.01722,0.01723,0.01665,0.01683,1045971313.0
2025-09-15 12:00:00,0.01683,0.01688,0.01638,0.01651,867758182.0
2025-09-15 16:00:00,0.0165,0.01665,0.01631,0.01657,502811856.0
2025-09-15 20:00:00,0.01657,0.01671,0.01654,0.01666,246668648.0
2025-09-16 00:00:00,0.01666,0.01675,0.01653,0.01655,275751814.0
2025-09-16 04:00:00,0.01655,0.01684,0.01638,0.01682,356722176.0
2025-09-16 08:00:00,0.01681,0.01699,0.01669,0.01676,396832760.0
2025-09-16 12:00:00,0.01677,0.01697,0.01653,0.01697,743994993.0
2025-09-16 16:00:00,0.01697,0.01714,0.01679,0.01706,441369454.0
2025-09-16 20:00:00,0.01707,0.01716,0.01698,0.01701,254025591.0
2025-09-17 00:00:00,0.01701,0.01719,0.01689,0.01691,223692312.0
2025-09-17 04:00:00,0.01691,0.01709,0.01677,0.01704,278678638.0
2025-09-17 08:00:00,0.01705,0.01706,0.01668,0.01679,277857949.0
2025-09-17 12:00:00,0.0168,0.01691,0.0167,0.01676,254752479.0
2025-09-17 16:00:00,0.01676,0.01736,0.01663,0.01736,1305908553.0
2025-09-17 20:00:00,0.01735,0.01822,0.01712,0.01798,1153838554.0
2025-09-18 00:00:00,0.01798,0.01817,0.01778,0.01808,752727450.0
2025-09-18 04:00:00,0.01809,0.01811,0.01772,0.01782,455217634.0
2025-09-18 08:00:00,0.01782,0.01795,0.01772,0.01784,648423020.0
2025-09-18 12:00:00,0.01785,0.01825,0.01778,0.01821,599192096.0
2025-09-18 16:00:00,0.01822,0.01866,0.0182,0.01844,743571759.0
2025-09-18 20:00:00,0.01844,0.01855,0.01817,0.01832,400601211.0
2025-09-19 00:00:00,0.01832,0.01882,0.01811,0.01818,709888091.0
2025-09-19 04:00:00,0.01817,0.01837,0.01796,0.01813,489068171.0
2025-09-19 08:00:00,0.01812,0.01828,0.01759,0.0177,552948924.0
2025-09-19 12:00:00,0.01769,0.0179,0.01736,0.01753,632577744.0
2025-09-19 16:00:00,0.01753,0.01764,0.01722,0.01725,408727492.0
2025-09-19 20:00:00,0.01725,0.01741,0.01696,0.01715,355602802.0
2025-09-20 00:00:00,0.01716,0.01729,0.01698,0.01725,261076467.0
2025-09-20 04:00:00,0.01725,0.01755,0.01719,0.01753,321605461.0
2025-09-20 08:00:00,0.01753,0.01758,0.01717,0.0173,303214700.0
2025-09-20 12:00:00,0.01729,0.01781,0.01724,0.01763,399423360.0
2025-09-20 16:00:00,0.01764,0.01771,0.01741,0.01749,329499270.0
2025-09-20 20:00:00,0.0175,0.01771,0.01745,0.01751,189960175.0
2025-09-21 00:00:00,0.01752,0.01762,0.01734,0.01757,309045890.0
2025-09-21 04:00:00,0.01757,0.01788,0.01748,0.01771,316992756.0
2025-09-21 08:00:00,0.01772,0.01778,0.01727,0.01743,425878950.0
2025-09-21 12:00:00,0.01743,0.01766,0.01736,0.01739,329628229.0
2025-09-21 16:00:00,0.0174,0.01751,0.01711,0.01741,457144739.0
2025-09-21 20:00:00,0.01741,0.01742,0.01717,0.01723,274318386.0
2025-09-22 00:00:00,0.01723,0.01734,0.01633,0.01653,1414939501.0
2025-09-22 04:00:00,0.01652,0.01658,0.0145,0.0154,2150565691.0
2025-09-22 08:00:00,0.01539,0.01552,0.01525,0.01534,599838978.0
2025-09-22 12:00:00,0.01534,0.0155,0.01508,0.01511,752085763.0
2025-09-22 16:00:00,0.01512,0.01523,0.01493,0.015,705058250.0
2025-09-22 20:00:00,0.01501,0.01534,0.01497,0.01531,516664311.0
2025-09-23 00:00:00,0.0153,0.01539,0.01489,0.01526,518799499.0
2025-09-23 04:00:00,0.01526,0.0154,0.01509,0.01532,442012194.0
2025-09-23 08:00:00,0.01532,0.01552,0.01529,0.01545,360225005.0
2025-09-23 12:00:00,0.01544,0.01558,0.01526,0.01542,495211442.0
2025-09-23 16:00:00,0.01542,0.0156,0.01508,0.01514,629013826.0
2025-09-23 20:00:00,0.01514,0.01536,0.01506,0.0151,309463994.0
2025-09-24 00:00:00,0.01511,0.01544,0.01499,0.01505,538841954.0
2025-09-24 04:00:00,0.01505,0.01548,0.01476,0.01545,931277834.0
2025-09-24 08:00:00,0.01545,0.01554,0.01539,0.01549,314802435.0
2025-09-24 12:00:00,0.0155,0.01566,0.01538,0.01544,435425051.0
2025-09-24 16:00:00,0.01544,0.01556,0.01531,0.01538,279267345.0
2025-09-24 20:00:00,0.01538,0.01541,0.01514,0.01521,252420345.0
2025-09-25 00:00:00,0.01522,0.01525,0.01484,0.01498,572212439.0
2025-09-25 04:00:00,0.01498,0.01505,0.01464,0.01477,787038334.0
2025-09-25 08:00:00,0.01477,0.01498,0.01465,0.01473,509573582.0
2025-09-25 12:00:00,0.01472,0.01502,0.01435,0.01483,1119687854.0
2025-09-25 16:00:00,0.01482,0.01485,0.01393,0.01443,1683591335.0
2025-09-25 20:00:00,0.01443,0.01444,0.01401,0.01416,609954388.0
2025-09-26 00:00:00,0.01417,0.01445,0.0141,0.01441,520299520.0
2025-09-26 04:00:00,0.0144,0.01444,0.01414,0.01429,500991045.0
2025-09-26 08:00:00,0.0143,0.01439,0.014,0.01416,567254389.0
2025-09-26 12:00:00,0.01417,0.01447,0.01399,0.01436,932024626.0
2025-09-26 16:00:00,0.01436,0.01483,0.01435,0.01463,598880022.0
2025-09-26 20:00:00,0.01463,0.0147,0.01456,0.01465,268330271.0
2025-09-27 00:00:00,0.01465,0.01465,0.0145,0.01457,231352464.0
2025-09-27 04:00:00,0.01457,0.01471,0.01453,0.01454,194640601.0
2025-09-27 08:00:00,0.01455,0.01457,0.01434,0.01448,259900983.0
2025-09-27 12:00:00,0.01449,0.01458,0.01431,0.01455,287528532.0
2025-09-27 16:00:00,0.01455,0.01458,0.01428,0.01439,295811741.0
2025-09-27 20:00:00,0.0144,0.01461,0.01436,0.01442,249018293.0
2025-09-28 00:00:00,0.01443,0.01446,0.01422,0.01431,295291467.0
2025-09-28 04:00:00,0.01431,0.01432,0.01415,0.01421,252986043.0
2025-09-28 08:00:00,0.0142,0.01427,0.01405,0.01419,469885966.0
2025-09-28 12:00:00,0.01419,0.01445,0.01409,0.01438,721208572.0
2025-09-28 16:00:00,0.01439,0.01461,0.01439,0.0146,377502452.0
2025-09-28 20:00:00,0.0146,0.01497,0.01457,0.01494,459557856.0
2025-09-29 00:00:00,0.01494,0.01494,0.01474,0.0148,291849866.0
2025-09-29 04:00:00,0.01481,0.01481,0.01454,0.01463,356621409.0
2025-09-29 08:00:00,0.01463,0.01474,0.01441,0.01452,477383987.0
2025-09-29 12:00:00,0.01451,0.01477,0.01426,0.0145,785996913.0
2025-09-29 16:00:00,0.0145,0.0146,0.0143,0.01459,506054830.0
2025-09-29 20:00:00,0.01458,0.0148,0.01446,0.01447,393431951.0
2025-09-30 00:00:00,0.01448,0.01454,0.01417,0.01433,590808060.0
2025-09-30 04:00:00,0.01434,0.01446,0.01425,0.01432,333337394.0
2025-09-30 08:00:00,0.01433,0.01435,0.01414,0.01428,379521410.0
2025-09-30 12:00:00,0.01429,0.01436,0.01384,0.01402,927435077.0
2025-09-30 16:00:00,0.01401,0.01439,0.01391,0.01435,582515037.0
2025-09-30 20:00:00,0.01435,0.01451,0.01424,0.01439,361022127.0
2025-10-01 00:00:00,0.0144,0.01449,0.01427,0.01429,348760240.0
2025-10-01 04:00:00,0.01429,0.01453,0.01427,0.01443,368108437.0
2025-10-01 08:00:00,0.01443,0.01529,0.01442,0.01508,1014458477.0
2025-10-01 12:00:00,0.01508,0.0152,0.01494,0.01514,477380361.0
2025-10-01 16:00:00,0.01515,0.01544,0.01507,0.01536,460711667.0
2025-10-01 20:00:00,0.01536,0.01545,0.01526,0.01542,354618120.0
2025-10-02 00:00:00,0.01543,0.01569,0.01537,0.01563,556485928.0
2025-10-02 04:00:00,0.01564,0.0159,0.01562,0.01569,438672382.0
2025-10-02 08:00:00,0.0157,0.01583,0.01563,0.01575,337642577.0
2025-10-02 12:00:00,0.01576,0.01589,0.01545,0.01579,842386795.0
2025-10-02 16:00:00,0.01579,0.01644,0.01575,0.01636,823533669.0
2025-10-02 20:00:00,0.01636,0.01639,0.01609,0.01617,431240026.0
2025-10-03 00:00:00,0.01617,0.01621,0.01582,0.01591,536223758.0
2025-10-03 04:00:00,0.0159,0.01609,0.01577,0.01592,418606368.0
2025-10-03 08:00:00,0.01592,0.01598,0.01578,0.01582,341701263.0
2025-10-03 12:00:00,0.01583,0.01625,0.01569,0.01622,697549207.0
2025-10-03 16:00:00,0.01622,0.01646,0.01567,0.01626,1510168090.0
2025-10-03 20:00:00,0.01626,0.01646,0.01622,0.01634,434683772.0
2025-10-04 00:00:00,0.01634,0.01643,0.01594,0.01603,358194927.0
2025-10-04 04:00:00,0.01603,0.0162,0.01593,0.01604,268569103.0
2025-10-04 08:00:00,0.01605,0.01606,0.0157,0.01579,325486218.0
2025-10-04 12:00:00,0.0158,0.01601,0.0155,0.01557,592911305.0
2025-10-04 16:00:00,0.01557,0.01568,0.0154,0.01568,489765912.0
2025-10-04 20:00:00,0.01568,0.01595,0.01568,0.01586,264839455.0
2025-10-05 00:00:00,0.01587,0.01629,0.01572,0.01608,547043070.0
2025-10-05 04:00:00,0.01608,0.01644,0.01603,0.01642,607708935.0
2025-10-05 08:00:00,0.01643,0.01651,0.01596,0.01609,699191113.0
2025-10-05 12:00:00,0.0161,0.01612,0.01589,0.01605,377276983.0
2025-10-05 16:00:00,0.01604,0.01609,0.01552,0.01553,576520427.0
2025-10-05 20:00:00,0.01554,0.01578,0.01549,0.01571,333548226.0
2025-10-06 00:00:00,0.01572,0.016,0.01561,0.01593,459737013.0
2025-10-06 04:00:00,0.01594,0.01614,0.01572,0.01593,430921291.0
2025-10-06 08:00:00,0.01594,0.01616,0.01593,0.01604,349319856.0
2025-10-06 12:00:00,0.01605,0.01656,0.01604,0.01649,718679687.0
2025-10-06 16:00:00,0.01649,0.01663,0.01638,0.01656,499113739.0
2025-10-06 20:00:00,0.01655,0.01667,0.01639,0.01644,428692030.0
2025-10-07 00:00:00,0.01645,0.01657,0.01625,0.01633,358108575.0
2025-10-07 04:00:00,0.01633,0.01653,0.01604,0.01612,540850789.0
2025-10-07 08:00:00,0.01612,0.0163,0.0159,0.01626,500939342.0
2025-10-07 12:00:00,0.01627,0.01639,0.01538,0.01545,2051184979.0
2025-10-07 16:00:00,0.01546,0.01557,0.01523,0.01537,786011043.0
2025-10-07 20:00:00,0.01537,0.01559,0.01524,0.01529,376208156.0
2025-10-08 00:00:00,0.01529,0.01552,0.01505,0.0152,492439062.0
2025-10-08 04:00:00,0.0152,0.01536,0.01509,0.01535,393676238.0
2025-10-08 08:00:00,0.01535,0.01562,0.01533,0.01543,420111699.0
2025-10-08 12:00:00,0.01543,0.01581,0.01535,0.01559,651371876.0
2025-10-08 16:00:00,0.01558,0.01622,0.01554,0.01601,737814857.0
2025-10-08 20:00:00,0.01602,0.01609,0.01587,0.0159,322998513.0
2025-10-09 00:00:00,0.01591,0.01596,0.01536,0.0156,551545577.0
2025-10-09 04:00:00,0.0156,0.0157,0.01533,0.01537,364598587.0
2025-10-09 08:00:00,0.01538,0.01541,0.01501,0.01516,897558558.0
2025-10-09 12:00:00,0.01515,0.01536,0.01482,0.01489,1007250612.0
2025-10-09 16:00:00,0.01488,0.01535,0.01478,0.01526,869285236.0
2025-10-09 20:00:00,0.01526,0.01558,0.01518,0.0154,334752426.0
2025-10-10 00:00:00,0.01541,0.01584,0.01526,0.01566,489552467.0
2025-10-10 04:00:00,0.01565,0.01591,0.0155,0.01554,564612704.0
2025-10-10 08:00:00,0.01553,0.01581,0.01548,0.01574,431362400.0
2025-10-10 12:00:00,0.01575,0.016,0.01473,0.01485,2286614063.0
2025-10-10 16:00:00,0.01484,0.01499,0.01419,0.01441,1668474720.0
2025-10-10 20:00:00,0.01441,0.01454,0.00259,0.01013,11990592443.0
2025-10-11 00:00:00,0.01012,0.0112,0.01004,0.01104,2420098487.0
2025-10-11 04:00:00,0.01104,0.01135,0.01082,0.01121,1096627814.0
2025-10-11 08:00:00,0.01121,0.01177,0.01111,0.01139,1082145833.0
2025-10-11 12:00:00,0.01139,0.01147,0.01087,0.01111,1025825599.0
2025-10-11 16:00:00,0.0111,0.01117,0.0103,0.01047,1214286141.0
2025-10-11 20:00:00,0.01047,0.01066,0.01001,0.01056,1392235003.0
2025-10-12 00:00:00,0.01055,0.01086,0.01045,0.01073,951163633.0
2025-10-12 04:00:00,0.01073,0.0109,0.01069,0.01078,541662605.0
2025-10-12 08:00:00,0.01079,0.01091,0.01058,0.01078,690984972.0
2025-10-12 12:00:00,0.01078,0.01181,0.0107,0.01177,2374263885.0
2025-10-12 16:00:00,0.01177,0.01216,0.01173,0.0121,1601372348.0
2025-10-12 20:00:00,0.0121,0.01224,0.01176,0.01194,930907420.0
2025-10-13 00:00:00,0.01194,0.01206,0.01171,0.01178,877061009.0
2025-10-13 04:00:00,0.01179,0.01209,0.01169,0.01196,961596736.0
2025-10-13 08:00:00,0.01197,0.01222,0.01155,0.01185,1924011555.0
2025-10-13 12:00:00,0.01185,0.01242,0.01171,0.01219,3239312346.0
2025-10-13 16:00:00,0.01219,0.01261,0.01209,0.01255,1736378507.0
2025-10-13 20:00:00,0.01255,0.01268,0.01244,0.01249,696909831.0
2025-10-14 00:00:00,0.01249,0.01258,0.01206,0.01211,637181263.0
2025-10-14 04:00:00,0.01211,0.01216,0.01116,0.01143,2436651152.0
2025-10-14 08:00:00,0.01142,0.01165,0.01122,0.01155,1279207462.0
2025-10-14 12:00:00,0.01155,0.01195,0.01117,0.01192,1502682549.0
2025-10-14 16:00:00,0.01193,0.01219,0.01171,0.01198,1515176538.0
2025-10-14 20:00:00,0.01198,0.01214,0.01189,0.01202,503123840.0
2025-10-15 00:00:00,0.01203,0.01212,0.01182,0.01192,544225684.0
2025-10-15 04:00:00,0.01191,0.01215,0.01187,0.01209,593654773.0
2025-10-15 08:00:00,0.01209,0.01231,0.01174,0.01179,710682958.0
2025-10-15 12:00:00,0.0118,0.0119,0.01144,0.01161,1653616536.0
2025-10-15 16:00:00,0.01161,0.01173,0.01149,0.01156,806528459.0
2025-10-15 20:00:00,0.01155,0.01162,0.01125,0.01141,846193396.0
2025-10-16 00:00:00,0.01141,0.0116,0.01134,0.01147,433298579.0
2025-10-16 04:00:00,0.01147,0.01173,0.01145,0.01158,530274037.0
2025-10-16 08:00:00,0.01159,0.01179,0.01107,0.01168,1097371082.0
2025-10-16 12:00:00,0.01169,0.01183,0.01111,0.01123,1579980538.0
2025-10-16 16:00:00,0.01122,0.01161,0.01097,0.01111,1707204802.0
2025-10-16 20:00:00,0.01111,0.01116,0.01083,0.01109,712580879.0
2025-10-17 00:00:00,0.0111,0.01129,0.01098,0.01114,478632984.0
2025-10-17 04:00:00,0.01115,0.01116,0.01022,0.01028,1733329027.0
2025-10-17 08:00:00,0.01027,0.01066,0.01005,0.01053,2229137845.0
2025-10-17 12:00:00,0.01054,0.01068,0.01035,0.01068,1495582508.0
2025-10-17 16:00:00,0.01067,0.01084,0.01057,0.01066,921681035.0
2025-10-17 20:00:00,0.01066,0.01085,0.01062,0.01068,538303572.0
2025-10-18 00:00:00,0.01068,0.01085,0.01064,0.01076,457455743.0
2025-10-18 04:00:00,0.01076,0.01096,0.01061,0.01084,560598564.0
2025-10-18 08:00:00,0.01085,0.01102,0.01082,0.01097,528542105.0
2025-10-18 12:00:00,0.01097,0.01104,0.01073,0.01087,623369550.0
2025-10-18 16:00:00,0.01088,0.01096,0.01071,0.01095,635176047.0
2025-10-18 20:00:00,0.01096,0.01106,0.01091,0.01095,323452195.0
2025-10-19 00:00:00,0.01096,0.01104,0.01086,0.01101,284173458.0
2025-10-19 04:00:00,0.01102,0.01103,0.0108,0.01086,322237709.0
2025-10-19 08:00:00,0.01086,0.01122,0.01071,0.01109,1040216795.0
2025-10-19 12:00:00,0.01108,0.01127,0.01095,0.01121,699621112.0
2025-10-19 16:00:00,0.01121,0.01136,0.01113,0.01126,465682073.0
2025-10-19 20:00:00,0.01126,0.0113,0.01112,0.01115,320010215.0
2025-10-20 00:00:00,0.01116,0.01149,0.01091,0.01143,601231351.0
2025-10-20 04:00:00,0.01144,0.01168,0.01138,0.01154,892547298.0
2025-10-20 08:00:00,0.01154,0.01171,0.01147,0.01153,546845349.0
2025-10-20 12:00:00,0.01154,0.01164,0.01141,0.01142,443840134.0
2025-10-20 16:00:00,0.01142,0.01157,0.01116,0.01153,939003550.0
2025-10-20 20:00:00,0.01152,0.01154,0.01131,0.01133,309050513.0
2025-10-21 00:00:00,0.01133,0.01134,0.01104,0.0111,345324561.0
2025-10-21 04:00:00,0.01109,0.01111,0.01082,0.01095,682528608.0
2025-10-21 08:00:00,0.01095,0.01106,0.01078,0.01102,390882775.0
2025-10-21 12:00:00,0.01101,0.01177,0.01098,0.01169,1475596168.0
2025-10-21 16:00:00,0.01169,0.01178,0.0114,0.01154,1041482505.0
2025-10-21 20:00:00,0.01153,0.01156,0.01087,0.01091,958181107.0
2025-10-22 00:00:00,0.0109,0.01097,0.01079,0.01085,577993667.0
2025-10-22 04:00:00,0.01085,0.01097,0.01069,0.01085,588954984.0
2025-10-22 08:00:00,0.01084,0.01087,0.01052,0.01078,827862048.0
2025-10-22 12:00:00,0.01078,0.011,0.01068,0.01083,1117035228.0
2025-10-22 16:00:00,0.01083,0.01088,0.01049,0.01061,952034563.0
2025-10-22 20:00:00,0.0106,0.01064,0.01007,0.01046,1292063043.0
2025-10-23 00:00:00,0.01046,0.01054,0.01041,0.01048,411569530.0
2025-10-23 04:00:00,0.01049,0.01076,0.01046,0.0107,513173629.0
2025-10-23 08:00:00,0.01071,0.01086,0.01069,0.01073,513569626.0
2025-10-23 12:00:00,0.01072,0.01094,0.01059,0.01087,760433565.0
2025-10-23 16:00:00,0.01087,0.01119,0.01086,0.011,714524218.0
2025-10-23 20:00:00,0.01099,0.011,0.0108,0.0109,408684824.0
2025-10-24 00:00:00,0.01091,0.01101,0.01083,0.01088,332621732.0
2025-10-24 04:00:00,0.01087,0.01113,0.01083,0.01098,428122108.0
2025-10-24 08:00:00,0.01098,0.01106,0.01077,0.0109,375594552.0
2025-10-24 12:00:00,0.01091,0.01123,0.01073,0.01087,826701366.0
2025-10-24 16:00:00,0.01086,0.01114,0.01076,0.01109,396962712.0
2025-10-24 20:00:00,0.01109,0.01121,0.01106,0.01117,349832616.0
2025-10-25 00:00:00,0.01117,0.01119,0.01105,0.01107,357238028.0
2025-10-25 04:00:00,0.01107,0.01116,0.01099,0.01103,268841735.0
2025-10-25 08:00:00,0.01102,0.01112,0.011,0.01107,278318049.0
2025-10-25 12:00:00,0.01106,0.0112,0.01106,0.01118,356803632.0
2025-10-25 16:00:00,0.01119,0.01121,0.01109,0.01116,326676109.0
2025-10-25 20:00:00,0.01117,0.01118,0.01104,0.01106,281208186.0
2025-10-26 00:00:00,0.01107,0.01112,0.01089,0.01093,296776710.0
2025-10-26 04:00:00,0.01094,0.01113,0.01092,0.01111,261385953.0
2025-10-26 08:00:00,0.0111,0.01138,0.01106,0.01135,504155059.0
2025-10-26 12:00:00,0.01136,0.0115,0.0113,0.01148,503141144.0
2025-10-26 16:00:00,0.01148,0.01149,0.01135,0.01141,328596945.0
2025-10-26 20:00:00,0.0114,0.01169,0.01123,0.01146,551085497.0
2025-10-27 00:00:00,0.01146,0.01163,0.01143,0.01155,341855179.0
2025-10-27 04:00:00,0.01154,0.01166,0.01137,0.01146,411278443.0
2025-10-27 08:00:00,0.01147,0.0115,0.01121,0.01132,565950660.0
2025-10-27 12:00:00,0.01132,0.01133,0.01103,0.01119,596778382.0
2025-10-27 16:00:00,0.0112,0.01153,0.0112,0.01132,516874780.0
2025-10-27 20:00:00,0.01132,0.01134,0.01104,0.01119,511820481.0
2025-10-28 00:00:00,0.01119,0.01131,0.01098,0.01106,485149534.0
2025-10-28 04:00:00,0.01105,0.01129,0.01094,0.0111,646368101.0
2025-10-28 08:00:00,0.01109,0.01118,0.01107,0.01109,342734214.0
2025-10-28 12:00:00,0.0111,0.01135,0.01089,0.01109,958471267.0
2025-10-28 16:00:00,0.0111,0.01122,0.01082,0.01091,721531751.0
2025-10-28 20:00:00,0.0109,0.01091,0.01053,0.01075,999767918.0
2025-10-29 00:00:00,0.01075,0.01082,0.01068,0.01072,399212273.0
2025-10-29 04:00:00,0.01071,0.01085,0.0107,0.01079,370546975.0
2025-10-29 08:00:00,0.01079,0.01097,0.01073,0.01094,387436098.0
2025-10-29 12:00:00,0.01095,0.01103,0.01069,0.01077,638782928.0
2025-10-29 16:00:00,0.01077,0.01116,0.01053,0.01103,2015865343.0
2025-10-29 20:00:00,0.01103,0.01118,0.01071,0.01078,618465353.0
2025-10-30 00:00:00,0.01078,0.0109,0.0107,0.01083,465121520.0
2025-10-30 04:00:00,0.01083,0.01083,0.01033,0.01071,1224990949.0
2025-10-30 08:00:00,0.01071,0.01072,0.01035,0.01036,629630338.0
2025-10-30 12:00:00,0.01036,0.01039,0.00978,0.00984,1995418919.0
2025-10-30 16:00:00,0.00984,0.00994,0.00943,0.00951,1843784669.0
2025-10-30 20:00:00,0.0095,0.0099,0.00947,0.00987,870623302.0
2025-10-31 00:00:00,0.00987,0.01016,0.00985,0.01007,705546003.0
2025-10-31 04:00:00,0.01008,0.01017,0.01002,0.01006,438913261.0
2025-10-31 08:00:00,0.01006,0.01015,0.00996,0.01013,465670455.0
2025-10-31 12:00:00,0.01013,0.01023,0.00998,0.01011,838592323.0
2025-10-31 16:00:00,0.0101,0.01023,0.00974,0.01016,1069114688.0
2025-10-31 20:00:00,0.01016,0.01017,0.00999,0.01005,328526017.0
2025-11-01 00:00:00,0.01005,0.01013,0.00996,0.01008,325473169.0
2025-11-01 04:00:00,0.01008,0.0102,0.00997,0.01017,371345512.0
2025-11-01 08:00:00,0.01017,0.01038,0.01015,0.01033,619439719.0
2025-11-01 12:00:00,0.01032,0.01041,0.01019,0.01035,859398259.0
2025-11-01 16:00:00,0.01035,0.01046,0.01032,0.01042,523937581.0
2025-11-01 20:00:00,0.01043,0.01052,0.01033,0.01043,383360471.0
2025-11-02 00:00:00,0.01044,0.01045,0.0103,0.01034,252786213.0
2025-11-02 04:00:00,0.01034,0.01059,0.01031,0.01055,458032999.0
2025-11-02 08:00:00,0.01056,0.01057,0.01034,0.01048,481753083.0
2025-11-02 12:00:00,0.01049,0.0105,0.01009,0.01016,612529338.0
2025-11-02 16:00:00,0.01015,0.0102,0.01002,0.01012,553068383.0
2025-11-02 20:00:00,0.01012,0.01053,0.01008,0.01048,410798033.0
2025-11-03 00:00:00,0.01048,0.0105,0.00959,0.00964,1083736294.0
2025-11-03 04:00:00,0.00964,0.00978,0.00938,0.00953,1213576650.0
2025-11-03 08:00:00,0.00953,0.00969,0.00935,0.00949,885015643.0
2025-11-03 12:00:00,0.00949,0.00963,0.00828,0.00878,3141962502.0
2025-11-03 16:00:00,0.00878,0.0092,0.00866,0.00881,1232915897.0
2025-11-03 20:00:00,0.00882,0.00886,0.00858,0.00883,894641178.0
2025-11-04 00:00:00,0.00882,0.00912,0.00874,0.00908,865372151.0
2025-11-04 04:00:00,0.00909,0.00914,0.00851,0.0086,1764376603.0
2025-11-04 08:00:00,0.0086,0.00895,0.00856,0.00882,935091766.0
2025-11-04 12:00:00,0.00883,0.00902,0.00863,0.0088,1078760467.0
2025-11-04 16:00:00,0.0088,0.0089,0.00821,0.00839,2552514566.0
2025-11-04 20:00:00,0.00838,0.00863,0.0079,0.00851,3194553595.0
2025-11-05 00:00:00,0.00851,0.00879,0.00808,0.00875,1367823856.0
2025-11-05 04:00:00,0.00875,0.00881,0.00866,0.00879,559765255.0
2025-11-05 08:00:00,0.00878,0.00881,0.00858,0.00877,757748371.0
2025-11-05 12:00:00,0.00878,0.00896,0.00874,0.00892,960885383.0
2025-11-05 16:00:00,0.00893,0.00909,0.00883,0.00901,631304043.0
2025-11-05 20:00:00,0.009,0.00913,0.00896,0.00904,527168340.0
2025-11-06 00:00:00,0.00904,0.00904,0.00883,0.00893,554330747.0
2025-11-06 04:00:00,0.00894,0.00896,0.0087,0.00875,524672240.0
2025-11-06 08:00:00,0.00874,0.00883,0.00869,0.00877,584398726.0
2025-11-06 12:00:00,0.00878,0.0089,0.0085,0.00859,1244667092.0
2025-11-06 16:00:00,0.00859,0.00891,0.00842,0.00882,1138231127.0
2025-11-06 20:00:00,0.00882,0.00889,0.00869,0.00884,610163006.0
2025-11-07 00:00:00,0.00884,0.00916,0.00884,0.00911,880676396.0
2025-11-07 04:00:00,0.00912,0.00937,0.00902,0.00934,591848061.0
2025-11-07 08:00:00,0.00935,0.00936,0.00898,0.0091,832328056.0
2025-11-07 12:00:00,0.0091,0.00962,0.00884,0.00958,2032451845.0
2025-11-07 16:00:00,0.00958,0.01057,0.00957,0.01038,2853569336.0
2025-11-07 20:00:00,0.01038,0.0107,0.01023,0.01029,1031937219.0
2025-11-08 00:00:00,0.01028,0.01061,0.01017,0.01029,1246927998.0
2025-11-08 04:00:00,0.0103,0.01048,0.00989,0.01007,1065848023.0
2025-11-08 08:00:00,0.01008,0.01025,0.00991,0.01012,828967996.0
2025-11-08 12:00:00,0.01012,0.01018,0.00978,0.01002,1151305532.0
2025-11-08 16:00:00,0.01002,0.01012,0.00981,0.01009,1013232474.0
2025-11-08 20:00:00,0.0101,0.01035,0.01007,0.01029,742693669.0
2025-11-09 00:00:00,0.01029,0.01031,0.00966,0.00973,752670281.0
2025-11-09 04:00:00,0.00972,0.00997,0.00969,0.00993,549312727.0
2025-11-09 08:00:00,0.00992,0.00997,0.00964,0.00992,578133779.0
2025-11-09 12:00:00,0.00993,0.0103,0.0099,0.01019,872914120.0
2025-11-09 16:00:00,0.0102,0.01035,0.01007,0.01034,489485605.0
2025-11-09 20:00:00,0.01035,0.01035,0.01013,0.01018,495618005.0
2025-11-10 00:00:00,0.01019,0.01049,0.0101,0.01036,702324998.0
2025-11-10 04:00:00,0.01036,0.01064,0.01023,0.01038,1161668816.0
2025-11-10 08:00:00,0.01039,0.01062,0.01024,0.01047,620924824.0
2025-11-10 12:00:00,0.01048,0.01059,0.01024,0.01041,699801862.0
2025-11-10 16:00:00,0.01041,0.01061,0.01023,0.01051,537527094.0
2025-11-10 20:00:00,0.0105,0.01088,0.01036,0.01063,715267897.0
2025-11-11 00:00:00,0.01062,0.01084,0.01039,0.01071,622368116.0
2025-11-11 04:00:00,0.01071,0.01075,0.01007,0.01011,786189192.0
2025-11-11 08:00:00,0.01011,0.01029,0.01009,0.01021,672061524.0
2025-11-11 12:00:00,0.01021,0.01032,0.01002,0.01018,744347244.0
2025-11-11 16:00:00,0.01018,0.01036,0.01002,0.01004,647530268.0
2025-11-11 20:00:00,0.01003,0.01008,0.00983,0.00988,620397918.0
2025-11-12 00:00:00,0.00988,0.0101,0.00981,0.01005,399880703.0
2025-11-12 04:00:00,0.01006,0.01019,0.01001,0.01006,330746396.0
2025-11-12 08:00:00,0.01007,0.01055,0.01007,0.01046,564233434.0
2025-11-12 12:00:00,0.01046,0.01052,0.00988,0.00995,1033951990.0
2025-11-12 16:00:00,0.00995,0.00998,0.00935,0.00952,1538532682.0
2025-11-12 20:00:00,0.00952,0.00973,0.00948,0.00963,408813564.0
2025-11-13 00:00:00,0.00963,0.00994,0.00954,0.00986,585169118.0
2025-11-13 04:00:00,0.00986,0.01006,0.00977,0.00989,627634539.0
2025-11-13 08:00:00,0.00989,0.00996,0.00978,0.00987,544684240.0
2025-11-13 12:00:00,0.00988,0.01004,0.00968,0.00979,1036303268.0
2025-11-13 16:00:00,0.00978,0.00983,0.00906,0.00912,1543712025.0
2025-11-13 20:00:00,0.00912,0.00946,0.00901,0.00933,843897425.0
2025-11-14 00:00:00,0.00933,0.00941,0.00917,0.00922,624743630.0
2025-11-14 04:00:00,0.00922,0.00931,0.00877,0.00922,1232882002.0
2025-11-14 08:00:00,0.00922,0.00923,0.00886,0.00893,704420630.0
2025-11-14 12:00:00,0.00893,0.00931,0.00871,0.00921,1589186524.0
2025-11-14 16:00:00,0.00921,0.00934,0.00907,0.0093,917535139.0
2025-11-14 20:00:00,0.00929,0.00933,0.00874,0.00895,861538975.0
2025-11-15 00:00:00,0.00896,0.00927,0.00894,0.00923,457943284.0
2025-11-15 04:00:00,0.00923,0.00943,0.00917,0.00926,372089934.0
2025-11-15 08:00:00,0.00927,0.00929,0.00908,0.00922,445737858.0
2025-11-15 12:00:00,0.00922,0.00941,0.00917,0.00918,511535928.0
2025-11-15 16:00:00,0.00919,0.00929,0.00912,0.0092,389007336.0
2025-11-15 20:00:00,0.00919,0.00921,0.00903,0.0091,339963232.0
2025-11-16 00:00:00,0.00909,0.00925,0.00892,0.00918,487680999.0
2025-11-16 04:00:00,0.00919,0.00921,0.00909,0.00918,244267495.0
2025-11-16 08:00:00,0.00917,0.00922,0.00894,0.00896,486806150.0
2025-11-16 12:00:00,0.00897,0.00903,0.00874,0.00876,662535864.0
2025-11-16 16:00:00,0.00876,0.00957,0.00825,0.0084,7733181872.0
2025-11-16 20:00:00,0.00841,0.00865,0.00828,0.00859,919810751.0
2025-11-17 00:00:00,0.00859,0.00877,0.00845,0.00872,673073882.0
2025-11-17 04:00:00,0.00873,0.00884,0.00866,0.00878,387863717.0
2025-11-17 08:00:00,0.00878,0.00892,0.00874,0.00889,477797122.0
2025-11-17 12:00:00,0.00889,0.00902,0.00855,0.00866,1612612206.0
2025-11-17 16:00:00,0.00866,0.00882,0.00833,0.00841,1458379724.0
2025-11-17 20:00:00,0.0084,0.00847,0.00825,0.00845,865726309.0
2025-11-18 00:00:00,0.00845,0.00869,0.00826,0.00862,762419120.0
2025-11-18 04:00:00,0.00862,0.00876,0.00847,0.00857,539798478.0
2025-11-18 08:00:00,0.00858,0.00869,0.00855,0.00859,371099703.0
2025-11-18 12:00:00,0.00858,0.0088,0.00851,0.00873,701492566.0
2025-11-18 16:00:00,0.00874,0.00891,0.00871,0.0088,500525493.0
2025-11-18 20:00:00,0.0088,0.00882,0.00862,0.00869,290474764.0
2025-11-19 00:00:00,0.00869,0.00871,0.00852,0.00854,342742849.0
2025-11-19 04:00:00,0.00855,0.00855,0.00827,0.0085,525893157.0
2025-11-19 08:00:00,0.0085,0.00855,0.0084,0.00841,349463641.0
2025-11-19 12:00:00,0.00841,0.00854,0.00818,0.0082,885339381.0
2025-11-19 16:00:00,0.0082,0.00829,0.00797,0.00804,1082934806.0
2025-11-19 20:00:00,0.00804,0.00841,0.00801,0.00835,695349874.0
2025-11-20 00:00:00,0.00835,0.00846,0.00831,0.00839,446558612.0
2025-11-20 04:00:00,0.00839,0.0085,0.00835,0.00849,414714737.0
2025-11-20 08:00:00,0.0085,0.00853,0.00841,0.00849,474309615.0
2025-11-20 12:00:00,0.00849,0.00873,0.00847,0.00852,1315903664.0
2025-11-20 16:00:00,0.00851,0.00853,0.00782,0.00807,2235830637.0
2025-11-20 20:00:00,0.00807,0.0083,0.00795,0.00802,773670878.0
2025-11-21 00:00:00,0.00803,0.00826,0.00794,0.00806,841704948.0
2025-11-21 04:00:00,0.00806,0.00809,0.00689,0.0075,2212180563.0
2025-11-21 08:00:00,0.00751,0.00769,0.0073,0.00733,2106723762.0
2025-11-21 12:00:00,0.00734,0.00766,0.00718,0.00746,2501137781.0
2025-11-21 16:00:00,0.00746,0.00779,0.00734,0.00764,1604455517.0
2025-11-21 20:00:00,0.00764,0.00768,0.00727,0.00757,1264297568.0
2025-11-22 00:00:00,0.00756,0.00761,0.00747,0.00749,618907798.0
2025-11-22 04:00:00,0.00748,0.00749,0.00729,0.00747,853710197.0
2025-11-22 08:00:00,0.00747,0.00748,0.00729,0.00743,822359905.0
2025-11-22 12:00:00,0.00743,0.00749,0.00726,0.00738,947849983.0
2025-11-22 16:00:00,0.00739,0.0075,0.00736,0.0074,444029486.0
2025-11-22 20:00:00,0.00741,0.00756,0.00733,0.0074,466328241.0
2025-11-23 00:00:00,0.0074,0.00756,0.00735,0.00751,509560599.0
2025-11-23 04:00:00,0.00752,0.0076,0.00743,0.00749,423599136.0
2025-11-23 08:00:00,0.0075,0.00756,0.00744,0.00751,436689700.0
2025-11-23 12:00:00,0.00751,0.00759,0.00743,0.00753,545862926.0
2025-11-23 16:00:00,0.00754,0.00758,0.00743,0.00753,622819316.0
2025-11-23 20:00:00,0.00753,0.00757,0.00739,0.0074,462858065.0
2025-11-24 00:00:00,0.0074,0.00765,0.00733,0.00758,955320057.0
2025-11-24 04:00:00,0.00757,0.00765,0.00744,0.00745,1044764968.0
2025-11-24 08:00:00,0.00745,0.00748,0.00729,0.00737,645060453.0
2025-11-24 12:00:00,0.00737,0.00753,0.00726,0.00748,1334741552.0
2025-11-24 16:00:00,0.00749,0.00787,0.00748,0.00774,1028837245.0
2025-11-24 20:00:00,0.00773,0.00785,0.00769,0.0077,541180354.0
2025-11-25 00:00:00,0.00771,0.00775,0.00762,0.00767,366478616.0
2025-11-25 04:00:00,0.00768,0.00772,0.00759,0.00762,342614172.0
2025-11-25 08:00:00,0.00762,0.00769,0.00757,0.00764,390769648.0
2025-11-25 12:00:00,0.00764,0.00775,0.00752,0.00767,785766400.0
2025-11-25 16:00:00,0.00768,0.00788,0.00761,0.00774,661863855.0
2025-11-25 20:00:00,0.00775,0.00789,0.00767,0.0078,423532218.0
2025-11-26 00:00:00,0.00781,0.00784,0.00767,0.00769,305745714.0
2025-11-26 04:00:00,0.00769,0.00777,0.00765,0.00775,362297551.0
2025-11-26 08:00:00,0.00775,0.00776,0.00756,0.0076,582457639.0
2025-11-26 12:00:00,0.00759,0.00764,0.00747,0.00752,753614414.0
2025-11-26 16:00:00,0.00752,0.00789,0.00752,0.00784,985246533.0
2025-11-26 20:00:00,0.00783,0.0079,0.00777,0.00784,393231106.0
2025-11-27 00:00:00,0.00784,0.0079,0.00777,0.00779,393550884.0
2025-11-27 04:00:00,0.00778,0.00785,0.00775,0.00782,333725391.0
2025-11-27 08:00:00,0.00782,0.00787,0.00777,0.0078,427771666.0
2025-11-27 12:00:00,0.00781,0.00794,0.00774,0.00792,556221894.0
2025-11-27 16:00:00,0.00793,0.00814,0.0079,0.00809,750177197.0
2025-11-27 20:00:00,0.00809,0.00815,0.00789,0.00793,588149697.0
2025-11-28 00:00:00,0.00794,0.00802,0.00779,0.00784,707658615.0
2025-11-28 04:00:00,0.00785,0.00787,0.00777,0.00782,382094997.0
2025-11-28 08:00:00,0.00783,0.00807,0.00782,0.00791,809507295.0
2025-11-28 12:00:00,0.00792,0.00811,0.00784,0.00801,676012693.0
2025-11-28 16:00:00,0.00802,0.00802,0.00768,0.00786,1006818625.0
2025-11-28 20:00:00,0.00787,0.00789,0.00777,0.00783,454622918.0
2025-11-29 00:00:00,0.00783,0.00794,0.00779,0.00786,252899476.0
2025-11-29 04:00:00,0.00786,0.00791,0.00775,0.00776,319277108.0
2025-11-29 08:00:00,0.00777,0.00783,0.00771,0.00781,296021051.0
2025-11-29 12:00:00,0.00781,0.00783,0.00767,0.00774,361613032.0
2025-11-29 16:00:00,0.00774,0.00776,0.00757,0.00765,415299469.0
2025-11-29 20:00:00,0.00764,0.0077,0.0076,0.00764,306215740.0
2025-11-30 00:00:00,0.00765,0.00771,0.00754,0.00766,316224310.0
2025-11-30 04:00:00,0.00765,0.00768,0.00755,0.00765,278151472.0
2025-11-30 08:00:00,0.00765,0.00771,0.00757,0.00759,338173118.0
2025-11-30 12:00:00,0.00759,0.00778,0.00756,0.00762,442824579.0
2025-11-30 16:00:00,0.00763,0.00774,0.00762,0.00769,373240855.0
2025-11-30 20:00:00,0.00769,0.00773,0.00749,0.00751,398429642.0
2025-12-01 00:00:00,0.00751,0.00754,0.00686,0.00688,2808771674.0
2025-12-01 04:00:00,0.00688,0.00694,0.00681,0.00688,857009932.0
2025-12-01 08:00:00,0.00689,0.00697,0.00682,0.00685,467663475.0
2025-12-01 12:00:00,0.00684,0.0069,0.00656,0.0067,1998270696.0
2025-12-01 16:00:00,0.0067,0.00673,0.00657,0.00671,1087171921.0
2025-12-01 20:00:00,0.00671,0.0069,0.00671,0.00676,704054318.0
2025-12-02 00:00:00,0.00676,0.00683,0.00663,0.00674,631618403.0
2025-12-02 04:00:00,0.00674,0.00678,0.0067,0.00675,411589555.0
2025-12-02 08:00:00,0.00674,0.00682,0.00666,0.0068,483412725.0
2025-12-02 12:00:00,0.0068,0.00753,0.00676,0.00751,1377231316.0
2025-12-02 16:00:00,0.00751,0.00757,0.00737,0.00739,1092331801.0
2025-12-02 20:00:00,0.00739,0.00751,0.00728,0.00741,726382648.0
2025-12-03 00:00:00,0.00742,0.00753,0.0074,0.00746,534256475.0
2025-12-03 04:00:00,0.00747,0.00761,0.00744,0.00756,666149765.0
2025-12-03 08:00:00,0.00756,0.00768,0.00754,0.00763,585241793.0
2025-12-03 12:00:00,0.00763,0.00768,0.0074,0.0076,1417993211.0
2025-12-03 16:00:00,0.00761,0.00773,0.0075,0.00763,672639477.0
2025-12-03 20:00:00,0.00763,0.00787,0.0076,0.00775,621911203.0
2025-12-04 00:00:00,0.00775,0.00785,0.00768,0.00775,473585336.0
2025-12-04 04:00:00,0.00775,0.00782,0.0077,0.00778,378850728.0
2025-12-04 08:00:00,0.00779,0.00783,0.00769,0.00773,373994815.0
2025-12-04 12:00:00,0.00773,0.00779,0.00758,0.00777,637846046.0
2025-12-04 16:00:00,0.00776,0.0078,0.00742,0.0076,796771093.0
2025-12-04 20:00:00,0.00761,0.00764,0.00748,0.0075,413757806.0
2025-12-05 00:00:00,0.0075,0.00762,0.00748,0.00752,385416467.0
2025-12-05 04:00:00,0.00752,0.0076,0.00744,0.00756,391638725.0
2025-12-05 08:00:00,0.00756,0.00757,0.00731,0.00736,594880301.0
2025-12-05 12:00:00,0.00735,0.00748,0.00725,0.00731,1123679299.0
2025-12-05 16:00:00,0.00732,0.00732,0.00693,0.00707,1288739848.0
2025-12-05 20:00:00,0.00707,0.0072,0.00702,0.0071,410681713.0
2025-12-06 00:00:00,0.0071,0.00718,0.00705,0.00714,239902151.0
2025-12-06 04:00:00,0.00713,0.00714,0.00705,0.00712,288425764.0
2025-12-06 08:00:00,0.00712,0.00718,0.00708,0.00714,421530663.0
2025-12-06 12:00:00,0.00714,0.00726,0.00711,0.00721,445950460.0
2025-12-06 16:00:00,0.0072,0.00738,0.0072,0.00725,471059023.0
2025-12-06 20:00:00,0.00724,0.00737,0.00714,0.00716,538860790.0
2025-12-07 00:00:00,0.00717,0.00729,0.00712,0.00726,533192970.0
2025-12-07 04:00:00,0.00725,0.00728,0.00716,0.00717,231317963.0
2025-12-07 08:00:00,0.00717,0.00719,0.00707,0.00709,371948730.0
2025-12-07 12:00:00,0.00708,0.00715,0.00679,0.00709,1277349991.0
2025-12-07 16:00:00,0.00709,0.0073,0.007,0.00727,1068177649.0
2025-12-07 20:00:00,0.00726,0.00729,0.00688,0.00702,1020873725.0
2025-12-08 00:00:00,0.00703,0.00725,0.007,0.00722,511347118.0
2025-12-08 04:00:00,0.00722,0.00736,0.00721,0.00732,397010399.0
2025-12-08 08:00:00,0.00733,0.00745,0.0073,0.00736,443738343.0
2025-12-08 12:00:00,0.00736,0.00748,0.00726,0.00732,1071304036.0
2025-12-08 16:00:00,0.00733,0.00745,0.00724,0.00729,984726994.0
2025-12-08 20:00:00,0.00729,0.0074,0.00726,0.00731,569946433.0
2025-12-09 00:00:00,0.00731,0.00733,0.00716,0.00727,479173305.0
2025-12-09 04:00:00,0.00727,0.00728,0.00713,0.00722,319587203.0
2025-12-09 08:00:00,0.00722,0.00723,0.00713,0.00721,319801262.0
2025-12-09 12:00:00,0.00721,0.00761,0.00719,0.0076,1303797662.0
2025-12-09 16:00:00,0.0076,0.00796,0.0076,0.00786,1388411666.0
2025-12-09 20:00:00,0.00786,0.00788,0.0076,0.00779,726912129.0
2025-12-10 00:00:00,0.0078,0.00781,0.0076,0.00762,417510562.0
2025-12-10 04:00:00,0.00762,0.00766,0.00752,0.00758,266719622.0
2025-12-10 08:00:00,0.00758,0.00768,0.00746,0.00752,454402865.0
2025-12-10 12:00:00,0.00751,0.00759,0.00745,0.00755,519818213.0
2025-12-10 16:00:00,0.00754,0.00789,0.00752,0.00779,1614553121.0
2025-12-10 20:00:00,0.00779,0.00794,0.00744,0.0075,1191817596.0
2025-12-11 00:00:00,0.0075,0.00751,0.00711,0.00711,952453327.0
2025-12-11 04:00:00,0.00712,0.0072,0.00706,0.00713,438068325.0
2025-12-11 08:00:00,0.00714,0.00717,0.00707,0.00713,371769660.0
2025-12-11 12:00:00,0.00714,0.00724,0.00707,0.00711,823579054.0
2025-12-11 16:00:00,0.00711,0.00732,0.00705,0.00722,723337351.0
2025-12-11 20:00:00,0.00721,0.00752,0.0072,0.00738,761752617.0
2025-12-12 00:00:00,0.00739,0.00743,0.00724,0.00731,425998151.0
2025-12-12 04:00:00,0.00732,0.00745,0.00727,0.00734,312612117.0
2025-12-12 08:00:00,0.00735,0.0074,0.00726,0.00731,426829429.0
2025-12-12 12:00:00,0.00731,0.00736,0.00694,0.00699,1004653570.0
2025-12-12 16:00:00,0.00699,0.0071,0.00687,0.00699,1141804241.0
2025-12-12 20:00:00,0.00699,0.00714,0.00698,0.00711,370769309.0
2025-12-13 00:00:00,0.00712,0.00723,0.00709,0.00719,244021419.0
2025-12-13 04:00:00,0.00719,0.0072,0.00712,0.00718,238870219.0
2025-12-13 08:00:00,0.00718,0.00724,0.00713,0.00714,250129242.0
2025-12-13 12:00:00,0.00714,0.00717,0.00709,0.00715,311900488.0
2025-12-13 16:00:00,0.00715,0.00719,0.00708,0.0071,210176578.0
2025-12-13 20:00:00,0.0071,0.00715,0.00704,0.00715,253199511.0
2025-12-14 00:00:00,0.00714,0.00715,0.00708,0.00709,202283875.0
2025-12-14 04:00:00,0.00709,0.0071,0.00698,0.00701,362922447.0
2025-12-14 08:00:00,0.00702,0.00704,0.00688,0.00698,485519557.0
2025-12-14 12:00:00,0.00697,0.00702,0.00689,0.00692,590590824.0
2025-12-14 16:00:00,0.00692,0.00697,0.00684,0.00688,629141192.0
2025-12-14 20:00:00,0.00688,0.00693,0.00673,0.0068,682921676.0
2025-12-15 00:00:00,0.00681,0.00704,0.00677,0.00696,688780683.0
2025-12-15 04:00:00,0.00695,0.00704,0.00692,0.00694,336218086.0
2025-12-15 08:00:00,0.00695,0.00699,0.0069,0.00693,343246099.0
2025-12-15 12:00:00,0.00692,0.00698,0.00653,0.00658,1575749570.0
2025-12-15 16:00:00,0.00658,0.0066,0.00632,0.00647,1563979057.0
2025-12-15 20:00:00,0.00646,0.00655,0.00639,0.00651,686102693.0
2025-12-16 00:00:00,0.00651,0.00653,0.00642,0.00649,725240831.0
2025-12-16 04:00:00,0.0065,0.00652,0.00636,0.00642,540557415.0
2025-12-16 08:00:00,0.00642,0.00668,0.00641,0.00667,677878290.0
2025-12-16 12:00:00,0.00667,0.00672,0.00649,0.00668,1812975592.0
2025-12-16 16:00:00,0.00668,0.00671,0.00658,0.00666,845265653.0
2025-12-16 20:00:00,0.00665,0.00669,0.00657,0.00661,528586007.0
2025-12-17 00:00:00,0.0066,0.00665,0.00654,0.00658,304610370.0
2025-12-17 04:00:00,0.00659,0.00659,0.00648,0.00652,472945341.0
2025-12-17 08:00:00,0.00652,0.00654,0.00646,0.00653,353416866.0
2025-12-17 12:00:00,0.00653,0.00684,0.00645,0.00652,1736609297.0
2025-12-17 16:00:00,0.00652,0.00657,0.00618,0.00629,2031225859.0
2025-12-17 20:00:00,0.00628,0.00635,0.00616,0.00622,621793207.0
2025-12-18 00:00:00,0.00622,0.00625,0.00613,0.00615,490469486.0
2025-12-18 04:00:00,0.00615,0.0062,0.00605,0.00609,820088112.0
2025-12-18 08:00:00,0.00609,0.00615,0.00607,0.0061,875725324.0
2025-12-18 12:00:00,0.00611,0.0064,0.00607,0.00632,2242556053.0
2025-12-18 16:00:00,0.00632,0.00633,0.00574,0.00577,3063908878.0
2025-12-18 20:00:00,0.00576,0.006,0.00575,0.00589,848839564.0
2025-12-19 00:00:00,0.00589,0.0061,0.0058,0.00604,1013556356.0
2025-12-19 04:00:00,0.00603,0.00622,0.006,0.00615,749008438.0
2025-12-19 08:00:00,0.00616,0.00619,0.00609,0.00613,457707793.0
2025-12-19 12:00:00,0.00614,0.00636,0.0061,0.00623,990284754.0
2025-12-19 16:00:00,0.00623,0.0064,0.00614,0.00636,1132486905.0
2025-12-19 20:00:00,0.00636,0.00642,0.0063,0.00632,474408879.0
2025-12-20 00:00:00,0.00632,0.00632,0.00626,0.00629,211790874.0
2025-12-20 04:00:00,0.0063,0.00638,0.00626,0.00638,299748552.0
2025-12-20 08:00:00,0.00637,0.00643,0.00631,0.00637,325515282.0
2025-12-20 12:00:00,0.00637,0.00637,0.00627,0.00629,523672554.0
2025-12-20 16:00:00,0.00629,0.00632,0.00626,0.0063,357414421.0
2025-12-20 20:00:00,0.00629,0.00634,0.00628,0.0063,228477912.0
2025-12-21 00:00:00,0.00629,0.00631,0.00616,0.00622,460419085.0
2025-12-21 04:00:00,0.00621,0.00623,0.00618,0.00619,312517271.0
2025-12-21 08:00:00,0.0062,0.00627,0.00617,0.00617,446020843.0
2025-12-21 12:00:00,0.00617,0.0062,0.00596,0.00601,1066351326.0
2025-12-21 16:00:00,0.00601,0.00611,0.00598,0.00609,619955124.0
2025-12-21 20:00:00,0.00609,0.00619,0.00602,0.00613,392452856.0
2025-12-22 00:00:00,0.00613,0.00633,0.00605,0.00619,1075113640.0
2025-12-22 04:00:00,0.00618,0.00627,0.00617,0.00625,424918992.0
2025-12-22 08:00:00,0.00625,0.00635,0.00623,0.00629,555288567.0
2025-12-22 12:00:00,0.00629,0.00635,0.0062,0.00629,957924828.0
2025-12-22 16:00:00,0.00629,0.00634,0.0061,0.00612,597973549.0
2025-12-22 20:00:00,0.00611,0.00621,0.00607,0.0062,488121043.0
2025-12-23 00:00:00,0.0062,0.00626,0.00611,0.00614,463655599.0
2025-12-23 04:00:00,0.00614,0.00616,0.00604,0.00607,593702259.0
2025-12-23 08:00:00,0.00608,0.00611,0.00604,0.00609,324770143.0
2025-12-23 12:00:00,0.00609,0.00609,0.00592,0.00601,945275222.0
2025-12-23 16:00:00,0.00601,0.00617,0.00599,0.00611,918943614.0
2025-12-23 20:00:00,0.00611,0.0062,0.00608,0.00613,446332431.0
2025-12-24 00:00:00,0.00612,0.00617,0.00599,0.00606,399797472.0
2025-12-24 04:00:00,0.00605,0.0061,0.00594,0.00599,520237010.0
2025-12-24 08:00:00,0.00599,0.00604,0.00597,0.00601,456290884.0
2025-12-24 12:00:00,0.00601,0.00609,0.00594,0.00607,632478470.0
2025-12-24 16:00:00,0.00608,0.00613,0.00603,0.00609,442517581.0
2025-12-24 20:00:00,0.00609,0.00618,0.00608,0.00612,302119913.0
2025-12-25 00:00:00,0.00613,0.00624,0.00609,0.00622,373379822.0
2025-12-25 04:00:00,0.00622,0.00625,0.00619,0.00623,360034284.0
2025-12-25 08:00:00,0.00623,0.00629,0.00611,0.00612,619863602.0
2025-12-25 12:00:00,0.00613,0.0062,0.00608,0.00617,466809489.0
2025-12-25 16:00:00,0.00616,0.0062,0.0061,0.00619,421425749.0
2025-12-25 20:00:00,0.00618,0.00621,0.00593,0.00596,669313628.0
2025-12-26 00:00:00,0.00596,0.00626,0.00593,0.00619,960433084.0
2025-12-26 04:00:00,0.00618,0.00623,0.0061,0.00613,480308240.0
2025-12-26 08:00:00,0.00612,0.00617,0.00611,0.00614,379239428.0
2025-12-26 12:00:00,0.00613,0.00617,0.00596,0.00603,1041678114.0
2025-12-26 16:00:00,0.00603,0.00611,0.00596,0.00608,570850751.0
2025-12-26 20:00:00,0.00609,0.00612,0.00604,0.00608,369571604.0
2025-12-27 00:00:00,0.00608,0.00613,0.00604,0.00611,277792698.0
2025-12-27 04:00:00,0.00611,0.00612,0.00604,0.00605,198177587.0
2025-12-27 08:00:00,0.00604,0.0061,0.00597,0.00609,394366040.0
2025-12-27 12:00:00,0.0061,0.00612,0.00604,0.00611,354790909.0
2025-12-27 16:00:00,0.00611,0.00616,0.0061,0.00612,330206193.0
2025-12-27 20:00:00,0.00612,0.00628,0.00611,0.00627,465578813.0
2025-12-28 00:00:00,0.00626,0.0063,0.00622,0.00627,372465813.0
2025-12-28 04:00:00,0.00626,0.00634,0.00623,0.00629,325330012.0
2025-12-28 08:00:00,0.0063,0.0063,0.00623,0.00626,286304008.0
2025-12-28 12:00:00,0.00626,0.0063,0.00621,0.00625,394808187.0
2025-12-28 16:00:00,0.00625,0.00628,0.00611,0.00613,491703248.0
2025-12-28 20:00:00,0.00612,0.00621,0.00609,0.00621,408309084.0
2025-12-29 00:00:00,0.00621,0.00636,0.00617,0.00634,779481341.0
2025-12-29 04:00:00,0.00634,0.00635,0.00621,0.00628,494728750.0
2025-12-29 08:00:00,0.00628,0.0063,0.00611,0.00615,609251637.0
2025-12-29 12:00:00,0.00616,0.00617,0.00601,0.0061,1292126763.0
2025-12-29 16:00:00,0.0061,0.00611,0.006,0.00602,615026672.0
2025-12-29 20:00:00,0.00601,0.00604,0.00598,0.006,461569437.0
2025-12-30 00:00:00,0.006,0.00604,0.00595,0.00601,562785824.0
2025-12-30 04:00:00,0.00602,0.00605,0.00596,0.00601,417042895.0
2025-12-30 08:00:00,0.006,0.00611,0.006,0.00606,542191893.0
2025-12-30 12:00:00,0.00607,0.00609,0.00597,0.00607,985360513.0
2025-12-30 16:00:00,0.00607,0.00609,0.00593,0.00601,762155668.0
2025-12-30 20:00:00,0.006,0.00602,0.00594,0.00598,428820848.0
2025-12-31 00:00:00,0.00599,0.00602,0.00594,0.00596,392677305.0
2025-12-31 04:00:00,0.00596,0.00597,0.0059,0.00593,452197944.0
2025-12-31 08:00:00,0.00593,0.00594,0.00587,0.00593,473862154.0
2025-12-31 12:00:00,0.00594,0.00598,0.00587,0.0059,787843591.0
2025-12-31 16:00:00,0.00589,0.0059,0.0057,0.00581,1095068912.0
2025-12-31 20:00:00,0.00582,0.0059,0.00576,0.00584,710286320.0
2026-01-01 00:00:00,0.00584,0.0059,0.00583,0.00584,372672124.0
2026-01-01 04:00:00,0.00584,0.00592,0.00581,0.00592,308082650.0
2026-01-01 08:00:00,0.00592,0.00599,0.00589,0.00599,479012970.0
2026-01-01 12:00:00,0.00599,0.00617,0.00595,0.00612,897498430.0
2026-01-01 16:00:00,0.00613,0.00625,0.00609,0.00624,1063566256.0
2026-01-01 20:00:00,0.00625,0.00632,0.00619,0.0063,631927605.0
2026-01-02 00:00:00,0.0063,0.00637,0.00624,0.00637,730406023.0
2026-01-02 04:00:00,0.00637,0.00638,0.00625,0.00627,415902473.0
2026-01-02 08:00:00,0.00627,0.00648,0.00625,0.00632,961047016.0
2026-01-02 12:00:00,0.00633,0.00651,0.00632,0.00644,1825847177.0
2026-01-02 16:00:00,0.00644,0.00671,0.00642,0.00669,1391675898.0
2026-01-02 20:00:00,0.00668,0.00681,0.00662,0.0068,888153537.0
2026-01-03 00:00:00,0.00679,0.00696,0.00675,0.00694,673715467.0
2026-01-03 04:00:00,0.00695,0.00698,0.00669,0.00671,764660843.0
2026-01-03 08:00:00,0.0067,0.00678,0.00666,0.00668,643926362.0
2026-01-03 12:00:00,0.00669,0.00678,0.00667,0.00673,356946530.0
2026-01-03 16:00:00,0.00674,0.00686,0.00672,0.00679,503310793.0
2026-01-03 20:00:00,0.0068,0.00686,0.00674,0.00682,367744787.0
2026-01-04 00:00:00,0.00682,0.00697,0.0068,0.00693,1052794170.0
2026-01-04 04:00:00,0.00693,0.00702,0.00686,0.00693,605624169.0
2026-01-04 08:00:00,0.00694,0.00702,0.00687,0.00701,771453587.0
2026-01-04 12:00:00,0.00701,0.0073,0.00699,0.00726,1185987003.0
2026-01-04 16:00:00,0.00726,0.00759,0.00725,0.00739,1654312713.0
2026-01-04 20:00:00,0.00739,0.00754,0.0073,0.00744,789816087.0
2026-01-05 00:00:00,0.00743,0.00752,0.00732,0.00735,977897043.0
2026-01-05 04:00:00,0.00735,0.00739,0.00716,0.00728,761161642.0
2026-01-05 08:00:00,0.00728,0.0073,0.00707,0.00715,903327566.0
2026-01-05 12:00:00,0.00715,0.00738,0.00712,0.00736,921335401.0
2026-01-05 16:00:00,0.00736,0.00753,0.00724,0.00746,952725783.0
2026-01-05 20:00:00,0.00746,0.00762,0.00745,0.00753,700241524.0
2026-01-06 00:00:00,0.00753,0.00765,0.00743,0.0076,811134272.0
2026-01-06 04:00:00,0.00759,0.00764,0.00743,0.00745,686373284.0
2026-01-06 08:00:00,0.00745,0.0077,0.00745,0.00766,561532161.0
2026-01-06 12:00:00,0.00766,0.0079,0.00754,0.0076,1292849238.0
2026-01-06 16:00:00,0.0076,0.00763,0.00721,0.00737,1533200175.0
2026-01-06 20:00:00,0.00737,0.00767,0.00737,0.00759,794603679.0
2026-01-07 00:00:00,0.00759,0.00759,0.00733,0.0074,557253969.0
2026-01-07 04:00:00,0.0074,0.00755,0.00736,0.00754,416044528.0
2026-01-07 08:00:00,0.00755,0.00761,0.00736,0.00744,1366364741.0
2026-01-07 12:00:00,0.00745,0.00746,0.00719,0.00726,1286283830.0
2026-01-07 16:00:00,0.00726,0.00738,0.00722,0.00732,929639132.0
2026-01-07 20:00:00,0.00731,0.00737,0.00722,0.00734,504423728.0
2026-01-08 00:00:00,0.00734,0.00737,0.00719,0.00723,412160395.0
2026-01-08 04:00:00,0.00722,0.00733,0.00706,0.00724,779467467.0
2026-01-08 08:00:00,0.00725,0.0073,0.00704,0.00714,528470454.0
2026-01-08 12:00:00,0.00714,0.00728,0.00696,0.00727,797497667.0
2026-01-08 16:00:00,0.00728,0.0073,0.00715,0.00717,510154633.0
2026-01-08 20:00:00,0.00718,0.00729,0.00709,0.0072,382620336.0
2026-01-09 00:00:00,0.00721,0.00727,0.0071,0.00723,524486243.0
2026-01-09 04:00:00,0.00723,0.00725,0.00717,0.00718,324602009.0
2026-01-09 08:00:00,0.00719,0.0072,0.00702,0.0071,541697816.0
2026-01-09 12:00:00,0.0071,0.00738,0.00705,0.0073,1187427157.0
2026-01-09 16:00:00,0.0073,0.00743,0.00707,0.0071,906959901.0
2026-01-09 20:00:00,0.00709,0.00723,0.00708,0.00718,359965059.0
2026-01-10 00:00:00,0.00718,0.00719,0.00705,0.0071,308877202.0
2026-01-10 04:00:00,0.00711,0.00716,0.00699,0.00712,366556504.0
2026-01-10 08:00:00,0.00713,0.00722,0.00712,0.00721,315706333.0
2026-01-10 12:00:00,0.00722,0.00727,0.00715,0.00716,248494999.0
2026-01-10 16:00:00,0.00715,0.00723,0.00709,0.00722,288141452.0
2026-01-10 20:00:00,0.00722,0.00723,0.00705,0.00708,255222069.0
2026-01-11 00:00:00,0.00707,0.00713,0.00706,0.0071,247877769.0
2026-01-11 04:00:00,0.0071,0.00715,0.00707,0.00715,291014233.0
2026-01-11 08:00:00,0.00714,0.00719,0.00711,0.00718,335114320.0
2026-01-11 12:00:00,0.00718,0.00724,0.00705,0.00709,453482695.0
2026-01-11 16:00:00,0.00708,0.00721,0.00706,0.00711,554121712.0
2026-01-11 20:00:00,0.00711,0.00712,0.00685,0.00698,778302764.0
2026-01-12 00:00:00,0.00699,0.00726,0.00689,0.00712,895358638.0
2026-01-12 04:00:00,0.00711,0.00717,0.00695,0.00696,586447855.0
2026-01-12 08:00:00,0.00696,0.00702,0.00686,0.00695,766435234.0
2026-01-12 12:00:00,0.00696,0.00701,0.00677,0.00699,987809182.0
2026-01-12 16:00:00,0.00699,0.00707,0.00685,0.00693,827654592.0
2026-01-12 20:00:00,0.00694,0.00698,0.00678,0.00688,604728447.0
2026-01-13 00:00:00,0.00687,0.00697,0.00686,0.00696,452292481.0
2026-01-13 04:00:00,0.00696,0.00708,0.00695,0.00703,386806813.0
2026-01-13 08:00:00,0.00704,0.00718,0.00702,0.00713,482526678.0
2026-01-13 12:00:00,0.00713,0.00735,0.00711,0.00733,1289552015.0
2026-01-13 16:00:00,0.00734,0.00748,0.00733,0.0074,1271328608.0
2026-01-13 20:00:00,0.00741,0.00775,0.0073,0.00759,1193148015.0
2026-01-14 00:00:00,0.00759,0.00766,0.00754,0.0076,708638485.0
2026-01-14 04:00:00,0.0076,0.00763,0.00748,0.00757,619974094.0
2026-01-14 08:00:00,0.00758,0.00767,0.00754,0.00757,422683504.0
2026-01-14 12:00:00,0.00757,0.00769,0.00745,0.00762,732449152.0
2026-01-14 16:00:00,0.00762,0.00771,0.00738,0.00752,993423562.0
2026-01-14 20:00:00,0.00751,0.00758,0.00739,0.00743,430769226.0
2026-01-15 00:00:00,0.00743,0.00749,0.00718,0.0072,757528030.0
2026-01-15 04:00:00,0.0072,0.00736,0.00719,0.00734,375718774.0
2026-01-15 08:00:00,0.00733,0.00738,0.00727,0.00728,325767899.0
2026-01-15 12:00:00,0.00729,0.00736,0.007,0.00713,897076838.0
2026-01-15 16:00:00,0.00712,0.00716,0.00692,0.00699,898066359.0
2026-01-15 20:00:00,0.00699,0.00703,0.00691,0.00699,397900677.0
2026-01-16 00:00:00,0.00699,0.00707,0.00695,0.00701,503827139.0
2026-01-16 04:00:00,0.00701,0.00712,0.00693,0.00706,485655633.0
2026-01-16 08:00:00,0.00706,0.00712,0.007,0.00708,839449140.0
2026-01-16 12:00:00,0.00708,0.0071,0.00684,0.0069,1049934327.0
2026-01-16 16:00:00,0.00689,0.00703,0.00686,0.00702,789492906.0
2026-01-16 20:00:00,0.00702,0.0073,0.00697,0.00726,965905513.0
2026-01-17 00:00:00,0.00726,0.00741,0.00723,0.00734,759048658.0
2026-01-17 04:00:00,0.00734,0.00758,0.0073,0.00756,802721432.0
2026-01-17 08:00:00,0.00755,0.00774,0.0075,0.0075,1347999505.0
2026-01-17 12:00:00,0.00751,0.00826,0.00749,0.00804,3773722944.0
2026-01-17 16:00:00,0.00803,0.00817,0.00787,0.00797,2056270804.0
2026-01-17 20:00:00,0.00797,0.00807,0.00769,0.00779,1273917895.0
2026-01-18 00:00:00,0.00779,0.00796,0.00764,0.00766,1695637713.0
2026-01-18 04:00:00,0.00766,0.00777,0.00758,0.0077,1160667954.0
2026-01-18 08:00:00,0.0077,0.00775,0.00756,0.00758,911895088.0
2026-01-18 12:00:00,0.00758,0.00762,0.00748,0.00757,1021494212.0
2026-01-18 16:00:00,0.00757,0.00762,0.00748,0.00753,1031814973.0
2026-01-18 20:00:00,0.00753,0.00762,0.00713,0.00715,1344283111.0
2026-01-19 00:00:00,0.00715,0.00716,0.00631,0.00681,2962522850.0
2026-01-19 04:00:00,0.00682,0.00683,0.00662,0.00666,1300674276.0
2026-01-19 08:00:00,0.00666,0.00676,0.00662,0.00664,1032658577.0
2026-01-19 12:00:00,0.00664,0.00666,0.00656,0.0066,1109425749.0
2026-01-19 16:00:00,0.0066,0.00682,0.00658,0.00677,961904896.0
2026-01-19 20:00:00,0.00677,0.0068,0.00661,0.00668,936894807.0
2026-01-20 00:00:00,0.00667,0.00677,0.00661,0.00669,1175464987.0
2026-01-20 04:00:00,0.00669,0.00676,0.00654,0.00657,1962171299.0
2026-01-20 08:00:00,0.00657,0.00669,0.00649,0.00652,1419603358.0
2026-01-20 12:00:00,0.00652,0.0068,0.00643,0.00649,2833236865.0
2026-01-20 16:00:00,0.00648,0.00653,0.00631,0.00637,1754110677.0
2026-01-20 20:00:00,0.00638,0.00644,0.00622,0.00628,1200339578.0
2026-01-21 00:00:00,0.00629,0.00659,0.00627,0.00651,1210313732.0
2026-01-21 04:00:00,0.00651,0.00652,0.00636,0.00639,644991106.0
2026-01-21 08:00:00,0.0064,0.00648,0.00629,0.00632,934436535.0
2026-01-21 12:00:00,0.00631,0.00651,0.00618,0.0065,1861307096.0
2026-01-21 16:00:00,0.0065,0.00666,0.00618,0.00665,2389906144.0
2026-01-21 20:00:00,0.00665,0.00669,0.00646,0.00649,1013174571.0
2026-01-22 00:00:00,0.00649,0.00675,0.00648,0.00665,1318427673.0
2026-01-22 04:00:00,0.00665,0.00684,0.00652,0.00657,1390688747.0
2026-01-22 08:00:00,0.00657,0.00662,0.00648,0.0065,859026151.0
2026-01-22 12:00:00,0.0065,0.00652,0.00627,0.00636,1354113830.0
2026-01-22 16:00:00,0.00636,0.00647,0.00631,0.00633,1201094163.0
2026-01-22 20:00:00,0.00634,0.00636,0.00626,0.00634,725387338.0
2026-01-23 00:00:00,0.00635,0.00657,0.00631,0.0065,1092651601.0
2026-01-23 04:00:00,0.00651,0.00664,0.00645,0.00647,1087770918.0
2026-01-23 08:00:00,0.00647,0.00651,0.00638,0.00642,638951063.0
2026-01-23 12:00:00,0.00642,0.00646,0.00623,0.00643,1322094635.0
2026-01-23 16:00:00,0.00642,0.00658,0.00631,0.00635,1500599554.0
2026-01-23 20:00:00,0.00636,0.00639,0.00626,0.00636,813922270.0
2026-01-24 00:00:00,0.00636,0.00638,0.00628,0.00632,464937457.0
2026-01-24 04:00:00,0.00632,0.00637,0.00628,0.00633,407344300.0
2026-01-24 08:00:00,0.00633,0.00638,0.00629,0.00635,322938737.0
2026-01-24 12:00:00,0.00635,0.00638,0.00623,0.00624,444951204.0
2026-01-24 16:00:00,0.00623,0.00627,0.00619,0.0062,472094266.0
2026-01-24 20:00:00,0.0062,0.00625,0.00619,0.00621,343962388.0
2026-01-25 00:00:00,0.00622,0.00624,0.00613,0.00614,629753216.0
2026-01-25 04:00:00,0.00614,0.00619,0.0061,0.00613,401730244.0
2026-01-25 08:00:00,0.00614,0.00625,0.00608,0.00615,488665806.0
2026-01-25 12:00:00,0.00616,0.00616,0.00604,0.00607,777192008.0
2026-01-25 16:00:00,0.00607,0.00608,0.00574,0.00579,2124416423.0
2026-01-25 20:00:00,0.00578,0.00595,0.00576,0.00594,960620172.0
2026-01-26 00:00:00,0.00594,0.00609,0.0059,0.00601,638571148.0
2026-01-26 04:00:00,0.006,0.00617,0.00599,0.00612,616843601.0
2026-01-26 08:00:00,0.00611,0.00619,0.00603,0.00607,535590914.0
2026-01-26 12:00:00,0.00607,0.00618,0.00601,0.00608,851733645.0
2026-01-26 16:00:00,0.00608,0.00613,0.006,0.00606,744506569.0
2026-01-26 20:00:00,0.00606,0.00613,0.006,0.00604,419165783.0
2026-01-27 00:00:00,0.00605,0.00613,0.00602,0.00603,432685148.0
2026-01-27 04:00:00,0.00603,0.00606,0.006,0.00602,300521549.0
2026-01-27 08:00:00,0.00602,0.00604,0.00596,0.006,463422065.0
2026-01-27 12:00:00,0.006,0.00604,0.00592,0.00603,711661609.0
2026-01-27 16:00:00,0.00603,0.00615,0.00592,0.0061,946793358.0
2026-01-27 20:00:00,0.0061,0.00617,0.00606,0.00607,616791234.0
2026-01-28 00:00:00,0.00608,0.00609,0.00599,0.00601,487605762.0
2026-01-28 04:00:00,0.00601,0.00607,0.00597,0.006,425001920.0
2026-01-28 08:00:00,0.00601,0.00607,0.00597,0.00605,483287120.0
2026-01-28 12:00:00,0.00605,0.00605,0.00588,0.00591,704575162.0
2026-01-28 16:00:00,0.00592,0.00596,0.00586,0.00592,925811654.0
2026-01-28 20:00:00,0.00593,0.00603,0.00588,0.00594,845591728.0
2026-01-29 00:00:00,0.00594,0.00597,0.00573,0.00576,1142772048.0
2026-01-29 04:00:00,0.00576,0.00581,0.00571,0.00577,548714844.0
2026-01-29 08:00:00,0.00577,0.00578,0.00566,0.00568,612725885.0
2026-01-29 12:00:00,0.00568,0.00573,0.00535,0.00552,2290836585.0
2026-01-29 16:00:00,0.00552,0.00564,0.00536,0.00545,2067503679.0
2026-01-29 20:00:00,0.00546,0.00556,0.00543,0.00551,747125425.0
2026-01-30 00:00:00,0.0055,0.00554,0.00522,0.00538,1501667418.0
2026-01-30 04:00:00,0.00538,0.00546,0.00529,0.00541,834723580.0
2026-01-30 08:00:00,0.00541,0.00549,0.00535,0.00545,831092416.0
2026-01-30 12:00:00,0.00546,0.00547,0.00532,0.00538,1401460357.0
2026-01-30 16:00:00,0.00539,0.0055,0.00525,0.00543,1743984930.0
2026-01-30 20:00:00,0.00543,0.00544,0.00533,0.00537,1006433447.0
2026-01-31 00:00:00,0.00537,0.00537,0.00529,0.0053,519091067.0
2026-01-31 04:00:00,0.0053,0.00532,0.00514,0.00521,777398714.0
2026-01-31 08:00:00,0.00521,0.00523,0.0051,0.00517,1181115437.0
2026-01-31 12:00:00,0.00517,0.00517,0.00479,0.00491,2822748074.0
2026-01-31 16:00:00,0.00491,0.00502,0.00432,0.00462,7393910815.0
2026-01-31 20:00:00,0.00463,0.00484,0.00458,0.00483,2088917646.0
2026-02-01 00:00:00,0.00483,0.00489,0.0048,0.00487,1016064141.0
2026-02-01 04:00:00,0.00486,0.0049,0.00482,0.00486,891492583.0
2026-02-01 08:00:00,0.00486,0.0049,0.00477,0.00482,1004198380.0
2026-02-01 12:00:00,0.00482,0.00484,0.00461,0.00469,1631053702.0
2026-02-01 16:00:00,0.00469,0.00482,0.00464,0.00473,1563248047.0
2026-02-01 20:00:00,0.00474,0.0048,0.00458,0.0047,1466810910.0
2026-02-02 00:00:00,0.00469,0.00486,0.00453,0.00473,2131255831.0
2026-02-02 04:00:00,0.00473,0.00479,0.00454,0.00465,1845426793.0
2026-02-02 08:00:00,0.00465,0.00477,0.00465,0.00473,967329805.0
2026-02-02 12:00:00,0.00473,0.00494,0.00472,0.00489,1424314384.0
2026-02-02 16:00:00,0.00489,0.0049,0.00481,0.00481,831716130.0
2026-02-02 20:00:00,0.00481,0.00485,0.00478,0.00479,635740535.0
2026-02-03 00:00:00,0.0048,0.00481,0.00469,0.00479,801612329.0
2026-02-03 04:00:00,0.0048,0.00483,0.00473,0.00478,728301351.0
2026-02-03 08:00:00,0.00479,0.00481,0.0047,0.00477,1048983627.0
2026-02-03 12:00:00,0.00477,0.00485,0.0047,0.00483,1580789133.0
2026-02-03 16:00:00,0.00484,0.00484,0.00449,0.00475,3482030918.0
2026-02-03 20:00:00,0.00474,0.00495,0.00467,0.00472,2473418610.0
2026-02-04 00:00:00,0.00472,0.00483,0.00469,0.00481,848767261.0
2026-02-04 04:00:00,0.00481,0.00481,0.00474,0.00478,637906483.0
2026-02-04 08:00:00,0.00478,0.00481,0.00469,0.00475,897230140.0
2026-02-04 12:00:00,0.00474,0.00476,0.00455,0.00462,2404064125.0
2026-02-04 16:00:00,0.00462,0.00476,0.00455,0.00475,3209152742.0
2026-02-04 20:00:00,0.00476,0.00476,0.00457,0.00466,1070580020.0
2026-02-05 00:00:00,0.00467,0.00471,0.00455,0.00457,1104128631.0
2026-02-05 04:00:00,0.00456,0.0046,0.00448,0.0045,1142155231.0
2026-02-05 08:00:00,0.0045,0.0046,0.00435,0.00441,1453554590.0
2026-02-05 12:00:00,0.00441,0.00449,0.00409,0.00422,4037693022.0
2026-02-05 16:00:00,0.00422,0.0043,0.00404,0.00406,4199455065.0
2026-02-05 20:00:00,0.00406,0.0041,0.00384,0.00388,5731766854.0
2026-02-06 00:00:00,0.00387,0.00395,0.00339,0.00383,7541492357.0
2026-02-06 04:00:00,0.00382,0.00399,0.00379,0.00388,1955222188.0
2026-02-06 08:00:00,0.00389,0.00406,0.00385,0.00404,1980512236.0
2026-02-06 12:00:00,0.00404,0.00423,0.00402,0.0042,2306703722.0
2026-02-06 16:00:00,0.00421,0.00444,0.00418,0.00432,2244304475.0
2026-02-06 20:00:00,0.00431,0.00438,0.00426,0.00433,1171916635.0
2026-02-07 00:00:00,0.00432,0.00433,0.00423,0.00429,955363929.0
2026-02-07 04:00:00,0.00429,0.00434,0.00411,0.00415,1257224845.0
2026-02-07 08:00:00,0.00414,0.00419,0.00412,0.00414,805419082.0
2026-02-07 12:00:00,0.00414,0.0043,0.00413,0.00426,1296844222.0
2026-02-07 16:00:00,0.00426,0.00437,0.00423,0.00428,2516632610.0
2026-02-07 20:00:00,0.00428,0.00431,0.00422,0.00425,584864368.0
2026-02-08 00:00:00,0.00425,0.00425,0.00417,0.00419,435821009.0
2026-02-08 04:00:00,0.00418,0.00421,0.00414,0.00417,526265703.0
2026-02-08 08:00:00,0.00418,0.00423,0.00413,0.00421,1102186201.0
2026-02-08 12:00:00,0.00422,0.00423,0.00414,0.00416,1033926549.0
2026-02-08 16:00:00,0.00416,0.00417,0.00407,0.00415,887316945.0
2026-02-08 20:00:00,0.00415,0.00416,0.00402,0.00405,1033903882.0
2026-02-09 00:00:00,0.00406,0.00417,0.00402,0.00416,1073961858.0
2026-02-09 04:00:00,0.00417,0.00417,0.00409,0.0041,716706050.0
2026-02-09 08:00:00,0.00411,0.00412,0.00396,0.00399,1269898343.0
2026-02-09 12:00:00,0.00399,0.00408,0.00397,0.00404,1380031385.0
2026-02-09 16:00:00,0.00405,0.00414,0.00401,0.00411,1445096825.0
2026-02-09 20:00:00,0.00411,0.00413,0.00405,0.0041,879435937.0
2026-02-10 00:00:00,0.0041,0.00414,0.00402,0.00406,944506166.0
2026-02-10 04:00:00,0.00405,0.00409,0.00395,0.00399,1005918781.0
2026-02-10 08:00:00,0.00398,0.00403,0.00398,0.00398,779824257.0
2026-02-10 12:00:00,0.00398,0.00406,0.00397,0.00402,1502181127.0
2026-02-10 16:00:00,0.00402,0.00405,0.00392,0.00397,1427112723.0
2026-02-10 20:00:00,0.00397,0.00399,0.00394,0.00397,768190814.0
2026-02-11 00:00:00,0.00397,0.004,0.00392,0.00395,697925752.0
2026-02-11 04:00:00,0.00395,0.00396,0.00382,0.00383,1360022415.0
2026-02-11 08:00:00,0.00384,0.00387,0.00381,0.00387,852661035.0
2026-02-11 12:00:00,0.00387,0.00406,0.00381,0.00385,2551657286.0
2026-02-11 16:00:00,0.00386,0.00392,0.00382,0.00388,1414827320.0
2026-02-11 20:00:00,0.00388,0.00396,0.00384,0.00388,1026967038.0
2026-02-12 00:00:00,0.00388,0.00396,0.00387,0.00394,767045225.0
2026-02-12 04:00:00,0.00395,0.00402,0.00393,0.00401,534938887.0
2026-02-12 08:00:00,0.00401,0.00407,0.00398,0.00404,623498085.0
2026-02-12 12:00:00,0.00404,0.00405,0.00395,0.00397,1036946929.0
2026-02-12 16:00:00,0.00396,0.00401,0.00389,0.00396,1498393294.0
2026-02-12 20:00:00,0.00396,0.004,0.0039,0.00399,754502344.0
2026-02-13 00:00:00,0.00399,0.004,0.0039,0.00391,692054126.0
2026-02-13 04:00:00,0.0039,0.00391,0.00384,0.00389,631015490.0
2026-02-13 08:00:00,0.00388,0.00396,0.00388,0.00395,842450508.0
2026-02-13 12:00:00,0.00396,0.00411,0.00392,0.00404,1498223457.0
2026-02-13 16:00:00,0.00404,0.00411,0.00403,0.00407,1070608100.0
2026-02-13 20:00:00,0.00407,0.00411,0.00405,0.00408,553794200.0
2026-02-14 00:00:00,0.00409,0.00416,0.00408,0.00415,541185359.0
2026-02-14 04:00:00,0.00415,0.00416,0.0041,0.00413,474464878.0
2026-02-14 08:00:00,0.00414,0.00423,0.00413,0.00422,633395182.0
2026-02-14 12:00:00,0.00423,0.00428,0.00418,0.00428,1013097361.0
2026-02-14 16:00:00,0.00428,0.00435,0.00424,0.00434,1048771591.0
2026-02-14 20:00:00,0.00434,0.00437,0.00427,0.00433,752697557.0
2026-02-15 00:00:00,0.00434,0.00435,0.00423,0.00431,906708433.0
2026-02-15 04:00:00,0.0043,0.00437,0.00429,0.00435,714972928.0
2026-02-15 08:00:00,0.00436,0.00437,0.00423,0.00426,633434700.0
2026-02-15 12:00:00,0.00425,0.00426,0.00407,0.00412,1176871830.0
2026-02-15 16:00:00,0.00413,0.00413,0.004,0.00403,1214654068.0
2026-02-15 20:00:00,0.00402,0.00408,0.004,0.00408,484623186.0
2026-02-16 00:00:00,0.00407,0.0041,0.00404,0.00407,511713499.0
2026-02-16 04:00:00,0.00406,0.00411,0.00403,0.00405,508635920.0
2026-02-16 08:00:00,0.00405,0.00412,0.00403,0.00409,519056699.0
2026-02-16 12:00:00,0.0041,0.00421,0.00401,0.00403,1242921737.0
2026-02-16 16:00:00,0.00403,0.00411,0.00403,0.00409,641317784.0
2026-02-16 20:00:00,0.00409,0.00418,0.00407,0.00415,528056427.0
2026-02-17 00:00:00,0.00415,0.00415,0.00409,0.0041,349093992.0
2026-02-17 04:00:00,0.0041,0.00412,0.00403,0.00406,471883153.0
2026-02-17 08:00:00,0.00406,0.00407,0.00402,0.00406,409418567.0
2026-02-17 12:00:00,0.00407,0.00411,0.004,0.00407,970986513.0
2026-02-17 16:00:00,0.00408,0.00414,0.00402,0.00405,834804468.0
2026-02-17 20:00:00,0.00405,0.00407,0.00402,0.00404,452928577.0
2026-02-18 00:00:00,0.00404,0.00407,0.004,0.00406,344817904.0
2026-02-18 04:00:00,0.00406,0.00409,0.00403,0.00407,272455239.0
2026-02-18 08:00:00,0.00408,0.0041,0.00397,0.00399,435778183.0
2026-02-18 12:00:00,0.00399,0.00407,0.00395,0.00402,808070267.0
2026-02-18 16:00:00,0.00402,0.00403,0.00386,0.00387,1176706840.0
2026-02-18 20:00:00,0.00387,0.00391,0.00385,0.00386,474060305.0
2026-02-19 00:00:00,0.00387,0.00392,0.00385,0.0039,578522985.0
2026-02-19 04:00:00,0.00391,0.00392,0.00385,0.00388,488451451.0
2026-02-19 08:00:00,0.00389,0.00389,0.00382,0.00383,734772058.0
2026-02-19 12:00:00,0.00383,0.00385,0.00373,0.00374,1231549356.0
2026-02-19 16:00:00,0.00375,0.00379,0.0037,0.00374,1247615397.0
2026-02-19 20:00:00,0.00374,0.0038,0.00373,0.00379,492443943.0
2026-02-20 00:00:00,0.0038,0.00384,0.00378,0.00383,681317636.0
2026-02-20 04:00:00,0.00382,0.00385,0.00379,0.00382,586418464.0
2026-02-20 08:00:00,0.00383,0.00389,0.00382,0.00383,556190787.0
2026-02-20 12:00:00,0.00383,0.00392,0.00371,0.00392,2674254514.0
2026-02-20 16:00:00,0.00392,0.00396,0.00381,0.00391,3100818724.0
2026-02-20 20:00:00,0.00391,0.00393,0.00389,0.00392,670168384.0
2026-02-21 00:00:00,0.00392,0.00396,0.00389,0.00395,582416167.0
2026-02-21 04:00:00,0.00395,0.00398,0.00391,0.00394,753774358.0
2026-02-21 08:00:00,0.00395,0.00406,0.00394,0.004,984376801.0
2026-02-21 12:00:00,0.004,0.00402,0.00395,0.00397,657893169.0
2026-02-21 16:00:00,0.00397,0.00397,0.00391,0.00393,519983766.0
2026-02-21 20:00:00,0.00392,0.00394,0.00388,0.00388,370798969.0
2026-02-22 00:00:00,0.00389,0.00389,0.00377,0.0038,667148063.0
2026-02-22 04:00:00,0.0038,0.00381,0.00377,0.00379,328298373.0
2026-02-22 08:00:00,0.00379,0.00381,0.00377,0.00377,442058273.0
2026-02-22 12:00:00,0.00377,0.00378,0.00363,0.00366,1184833038.0
2026-02-22 16:00:00,0.00367,0.00367,0.00361,0.00363,548573025.0
2026-02-22 20:00:00,0.00362,0.00365,0.0036,0.00363,474437232.0
2026-02-23 00:00:00,0.00364,0.00364,0.00339,0.00347,2660720555.0
2026-02-23 04:00:00,0.00348,0.00359,0.00345,0.00357,1053597820.0
2026-02-23 08:00:00,0.00357,0.00366,0.00354,0.00365,757544355.0
2026-02-23 12:00:00,0.00365,0.00368,0.00347,0.00348,1270544348.0
2026-02-23 16:00:00,0.00349,0.0035,0.00339,0.00347,1395644663.0
2026-02-23 20:00:00,0.00346,0.00353,0.00344,0.00351,727104097.0
2026-02-24 00:00:00,0.00351,0.00355,0.00342,0.00344,1236535234.0
2026-02-24 04:00:00,0.00344,0.00346,0.00339,0.00345,1005397804.0
2026-02-24 08:00:00,0.00346,0.00347,0.00342,0.00343,515431378.0
2026-02-24 12:00:00,0.00343,0.00354,0.0034,0.00351,1668254888.0
2026-02-24 16:00:00,0.00351,0.00354,0.00347,0.00352,970173748.0
2026-02-24 20:00:00,0.00353,0.00355,0.00348,0.00349,603270632.0
2026-02-25 00:00:00,0.0035,0.00362,0.00348,0.00349,1110390922.0
2026-02-25 04:00:00,0.00349,0.00353,0.00343,0.00352,653222675.0
2026-02-25 08:00:00,0.00353,0.00357,0.00349,0.00353,711221450.0
2026-02-25 12:00:00,0.00354,0.00375,0.00352,0.00373,2019545911.0
2026-02-25 16:00:00,0.00372,0.004,0.00372,0.004,1878164419.0
2026-02-25 20:00:00,0.004,0.00416,0.00385,0.0039,3231615603.0
2026-02-26 00:00:00,0.0039,0.0039,0.0038,0.00385,1558190034.0
2026-02-26 04:00:00,0.00386,0.00388,0.00375,0.00378,1107377541.0
2026-02-26 08:00:00,0.00378,0.00384,0.00371,0.00374,1023674790.0
2026-02-26 12:00:00,0.00374,0.0038,0.00372,0.00376,1716520088.0
2026-02-26 16:00:00,0.00376,0.00377,0.00361,0.00372,1824382649.0
2026-02-26 20:00:00,0.00372,0.00374,0.00367,0.00371,515733844.0
2026-02-27 00:00:00,0.00371,0.00377,0.00368,0.00375,601274617.0
2026-02-27 04:00:00,0.00376,0.00385,0.00375,0.00384,837311433.0
2026-02-27 08:00:00,0.00383,0.00387,0.0037,0.00373,1140824509.0
2026-02-27 12:00:00,0.00373,0.00376,0.00366,0.00369,1136730897.0
2026-02-27 16:00:00,0.00369,0.00371,0.00363,0.00366,874548290.0
2026-02-27 20:00:00,0.00365,0.00368,0.00357,0.00365,704171709.0
2026-02-28 00:00:00,0.00365,0.00367,0.00361,0.00362,490834480.0
2026-02-28 04:00:00,0.00362,0.00363,0.00339,0.00349,2693406081.0
2026-02-28 08:00:00,0.00349,0.00349,0.00337,0.00337,1582779921.0
2026-02-28 12:00:00,0.00337,0.00347,0.00335,0.00339,2171897307.0
2026-02-28 16:00:00,0.0034,0.00359,0.00338,0.00355,1501815510.0
2026-02-28 20:00:00,0.00356,0.00363,0.00353,0.0036,2139191604.0
2026-03-01 00:00:00,0.0036,0.00373,0.00353,0.00364,1886644270.0
2026-03-01 04:00:00,0.00363,0.00365,0.00356,0.00361,1195770302.0
2026-03-01 08:00:00,0.00361,0.00362,0.0035,0.00352,1042060169.0
2026-03-01 12:00:00,0.00351,0.0036,0.00347,0.00357,1796950064.0
2026-03-01 16:00:00,0.00356,0.0036,0.00345,0.00347,1832019157.0
2026-03-01 20:00:00,0.00347,0.00352,0.00339,0.00349,2044450598.0
2026-03-02 00:00:00,0.00349,0.00359,0.00348,0.00356,1930650998.0
2026-03-02 04:00:00,0.00356,0.00358,0.00344,0.00347,1238562044.0
2026-03-02 08:00:00,0.00346,0.00352,0.00342,0.00347,1687454158.0
2026-03-02 12:00:00,0.00346,0.00369,0.00342,0.00363,3158574230.0
2026-03-02 16:00:00,0.00362,0.00371,0.00356,0.0036,2987434835.0
2026-03-02 20:00:00,0.0036,0.00362,0.00351,0.00353,1956715435.0
2026-03-03 00:00:00,0.00354,0.00354,0.00346,0.0035,1867584196.0
2026-03-03 04:00:00,0.00351,0.00353,0.00346,0.00349,1397246017.0
2026-03-03 08:00:00,0.00349,0.0035,0.00338,0.00343,2271947884.0
2026-03-03 12:00:00,0.00343,0.00355,0.00341,0.0035,3038537985.0
2026-03-03 16:00:00,0.00351,0.00362,0.00348,0.00353,2550928618.0
2026-03-03 20:00:00,0.00354,0.00355,0.00346,0.00351,1075207552.0
2026-03-04 00:00:00,0.00351,0.00354,0.00346,0.00352,1239231731.0
2026-03-04 04:00:00,0.00352,0.00357,0.00348,0.00354,1299664951.0
2026-03-04 08:00:00,0.00355,0.00371,0.00353,0.00358,2693982409.0
2026-03-04 12:00:00,0.00358,0.0037,0.00352,0.00369,3292498176.0
2026-03-04 16:00:00,0.0037,0.00376,0.0036,0.00372,2120411362.0
2026-03-04 20:00:00,0.00372,0.00372,0.00356,0.00362,1081760498.0
2026-03-05 00:00:00,0.00361,0.00362,0.00355,0.00359,938853472.0
2026-03-05 04:00:00,0.00358,0.00361,0.00353,0.00354,904004505.0
2026-03-05 08:00:00,0.00354,0.00366,0.00352,0.00361,1227533401.0
2026-03-05 12:00:00,0.00361,0.00365,0.00353,0.00355,2410803815.0
2026-03-05 16:00:00,0.00356,0.00357,0.00344,0.00352,1886057201.0
2026-03-05 20:00:00,0.00352,0.00359,0.00352,0.00353,938955589.0
2026-03-06 00:00:00,0.00353,0.00358,0.0035,0.00357,723220746.0
2026-03-06 04:00:00,0.00358,0.00358,0.0035,0.00357,958221500.0
2026-03-06 08:00:00,0.00357,0.00358,0.00348,0.00348,823369250.0
2026-03-06 12:00:00,0.00348,0.00352,0.00335,0.00338,3349202146.0
2026-03-06 16:00:00,0.00339,0.00346,0.00334,0.00343,2069661176.0
2026-03-06 20:00:00,0.00343,0.00345,0.00341,0.00342,412648965.0
2026-03-07 00:00:00,0.00343,0.00344,0.00337,0.00338,530128068.0
2026-03-07 04:00:00,0.00338,0.0034,0.00333,0.00336,1055421699.0
2026-03-07 08:00:00,0.00336,0.0034,0.00335,0.00338,618771151.0
2026-03-07 12:00:00,0.00338,0.00338,0.00331,0.00332,786646787.0
2026-03-07 16:00:00,0.00332,0.00336,0.00328,0.00329,1173422714.0
2026-03-07 20:00:00,0.00329,0.00331,0.00323,0.00328,1040406323.0
2026-03-08 00:00:00,0.00327,0.00328,0.0032,0.00322,920690957.0
2026-03-08 04:00:00,0.00321,0.00326,0.00317,0.00325,872395263.0
2026-03-08 08:00:00,0.00326,0.00331,0.00324,0.00327,929779527.0
2026-03-08 12:00:00,0.00327,0.00331,0.00321,0.00323,1624170622.0
2026-03-08 16:00:00,0.00323,0.00335,0.00321,0.00335,1584778696.0
2026-03-08 20:00:00,0.00335,0.00339,0.00323,0.00327,3538397977.0
2026-03-09 00:00:00,0.00328,0.00339,0.00327,0.00333,2496708488.0
2026-03-09 04:00:00,0.00333,0.00343,0.00329,0.00335,1973658279.0
2026-03-09 08:00:00,0.00335,0.00338,0.0033,0.00333,1766748433.0
2026-03-09 12:00:00,0.00334,0.00346,0.00333,0.00342,2526840489.0
2026-03-09 16:00:00,0.00341,0.00347,0.00336,0.0034,1703665969.0
2026-03-09 20:00:00,0.0034,0.00343,0.00334,0.00335,855881010.0
2026-03-10 00:00:00,0.00335,0.00344,0.00333,0.00339,1391954332.0
2026-03-10 04:00:00,0.0034,0.00343,0.00336,0.00341,879985057.0
2026-03-10 08:00:00,0.00341,0.00345,0.00338,0.00341,1096968328.0
2026-03-10 12:00:00,0.00342,0.00351,0.00337,0.00348,1992534520.0
2026-03-10 16:00:00,0.00348,0.0035,0.00334,0.00335,2310245553.0
2026-03-10 20:00:00,0.00336,0.00337,0.00332,0.00334,820858255.0
2026-03-11 00:00:00,0.00334,0.00336,0.00332,0.00334,982204619.0
2026-03-11 04:00:00,0.00334,0.00334,0.00327,0.00332,1561262397.0
2026-03-11 08:00:00,0.00332,0.00343,0.00332,0.00341,2027631440.0
2026-03-11 12:00:00,0.00341,0.00354,0.00338,0.00342,4533608592.0
2026-03-11 16:00:00,0.00342,0.00346,0.0034,0.00343,2602385607.0
2026-03-11 20:00:00,0.00342,0.00345,0.00339,0.0034,759035692.0
2026-03-12 00:00:00,0.00339,0.00341,0.00335,0.00336,1480011458.0
2026-03-12 04:00:00,0.00336,0.00338,0.00333,0.00337,1369014822.0
2026-03-12 08:00:00,0.00338,0.00343,0.00335,0.00335,1450478220.0
2026-03-12 12:00:00,0.00336,0.00337,0.00328,0.00335,3342753942.0
2026-03-12 16:00:00,0.00334,0.00339,0.00329,0.00334,2203512189.0
2026-03-12 20:00:00,0.00333,0.00337,0.0033,0.00334,1140679521.0
2026-03-13 00:00:00,0.00334,0.00349,0.00333,0.00349,3802542436.0
2026-03-13 04:00:00,0.00349,0.00352,0.00345,0.00351,2157989639.0
2026-03-13 08:00:00,0.00351,0.00361,0.00349,0.00354,3112843444.0
2026-03-13 12:00:00,0.00354,0.00361,0.00352,0.00355,3484303837.0
2026-03-13 16:00:00,0.00355,0.00357,0.00348,0.00353,1878696603.0
2026-03-13 20:00:00,0.00352,0.00364,0.00347,0.00353,2421820096.0
2026-03-14 00:00:00,0.00353,0.00354,0.00347,0.00354,1146365185.0
2026-03-14 04:00:00,0.00353,0.00359,0.00341,0.00342,1518261450.0
2026-03-14 08:00:00,0.00342,0.00343,0.00338,0.0034,959595664.0
2026-03-14 12:00:00,0.0034,0.00345,0.00336,0.0034,1101620890.0
2026-03-14 16:00:00,0.0034,0.00343,0.00337,0.00339,778432321.0
2026-03-14 20:00:00,0.00339,0.00339,0.00334,0.00338,796481704.0
2026-03-15 00:00:00,0.00338,0.00348,0.00338,0.00344,1539283535.0
2026-03-15 04:00:00,0.00345,0.00345,0.00338,0.0034,870213106.0
2026-03-15 08:00:00,0.0034,0.00349,0.00339,0.00348,990236954.0
2026-03-15 12:00:00,0.00348,0.00348,0.00341,0.00342,1280776369.0
2026-03-15 16:00:00,0.00342,0.00352,0.00342,0.0035,1370137936.0
2026-03-15 20:00:00,0.00351,0.00354,0.00346,0.00349,2074047383.0
2026-03-16 00:00:00,0.00349,0.00364,0.00348,0.00358,1814629151.0
2026-03-16 04:00:00,0.00358,0.00366,0.00357,0.00363,1915360266.0
2026-03-16 08:00:00,0.00364,0.00367,0.00358,0.0036,1616869674.0
2026-03-16 12:00:00,0.0036,0.00362,0.00354,0.00359,2300277592.0
2026-03-16 16:00:00,0.00359,0.00364,0.00358,0.00361,1626095817.0
2026-03-16 20:00:00,0.0036,0.00371,0.0036,0.00368,1062123828.0
2026-03-17 00:00:00,0.00368,0.0037,0.0036,0.00363,1787411571.0
2026-03-17 04:00:00,0.00364,0.00365,0.00359,0.00361,1024766757.0
2026-03-17 08:00:00,0.00361,0.00363,0.00357,0.00361,1076336654.0
2026-03-17 12:00:00,0.0036,0.00361,0.00353,0.00358,1552398196.0
2026-03-17 16:00:00,0.00358,0.00364,0.00357,0.00361,1076741832.0
2026-03-17 20:00:00,0.0036,0.00365,0.00359,0.0036,563158744.0
2026-03-18 00:00:00,0.0036,0.00367,0.00356,0.00364,1124239578.0
2026-03-18 04:00:00,0.00364,0.00369,0.00361,0.00368,549822284.0
2026-03-18 08:00:00,0.00368,0.0037,0.00349,0.00351,1754197304.0
2026-03-18 12:00:00,0.00351,0.00351,0.00336,0.00339,3699437363.0
2026-03-18 16:00:00,0.00339,0.00346,0.00335,0.00341,2460278402.0
2026-03-18 20:00:00,0.00341,0.00346,0.00337,0.00344,1093103490.0
2026-03-19 00:00:00,0.00345,0.00346,0.0034,0.00342,819281161.0
2026-03-19 04:00:00,0.00342,0.00343,0.00333,0.00335,1574473624.0
2026-03-19 08:00:00,0.00335,0.00339,0.00333,0.00335,1783196229.0
2026-03-19 12:00:00,0.00335,0.00336,0.00328,0.00332,3735862862.0
2026-03-19 16:00:00,0.00332,0.00336,0.00328,0.00334,2012002292.0
2026-03-19 20:00:00,0.00335,0.00336,0.00333,0.00336,837383824.0
2026-03-20 00:00:00,0.00336,0.00342,0.00334,0.0034,1358375519.0
2026-03-20 04:00:00,0.00339,0.00343,0.00337,0.00339,1249945038.0
2026-03-20 08:00:00,0.00338,0.00342,0.00335,0.00337,1628206538.0
2026-03-20 12:00:00,0.00337,0.00339,0.00332,0.00336,2205918690.0
2026-03-20 16:00:00,0.00337,0.00338,0.00331,0.00334,1614425551.0
2026-03-20 20:00:00,0.00335,0.00338,0.0033,0.00333,1056760140.0
2026-03-21 00:00:00,0.00333,0.00335,0.00332,0.00332,626342010.0
2026-03-21 04:00:00,0.00333,0.00335,0.00332,0.00333,628125758.0
2026-03-21 08:00:00,0.00333,0.00336,0.00323,0.0033,1389179861.0
2026-03-21 12:00:00,0.0033,0.00335,0.00329,0.00335,1101328063.0
2026-03-21 16:00:00,0.00335,0.00335,0.00331,0.00331,695055198.0
2026-03-21 20:00:00,0.00331,0.00334,0.00315,0.00318,1424336830.0
2026-03-22 00:00:00,0.00318,0.00323,0.00312,0.00319,3329774050.0
2026-03-22 04:00:00,0.00319,0.00322,0.00316,0.00316,1717777167.0
2026-03-22 08:00:00,0.00316,0.00317,0.00308,0.00308,2791137720.0
2026-03-22 12:00:00,0.00308,0.00312,0.00307,0.00309,1636464802.0
2026-03-22 16:00:00,0.00309,0.0031,0.00301,0.00304,2286821408.0
2026-03-22 20:00:00,0.00304,0.00308,0.00298,0.00305,3273939377.0
2026-03-23 00:00:00,0.00304,0.0031,0.00302,0.00306,3643493482.0
2026-03-23 04:00:00,0.00307,0.0031,0.00299,0.00301,2986199296.0
2026-03-23 08:00:00,0.00301,0.00321,0.00298,0.00314,4721599413.0
2026-03-23 12:00:00,0.00313,0.00322,0.00312,0.00314,2814668018.0
2026-03-23 16:00:00,0.00313,0.0032,0.00309,0.00314,1953300731.0
2026-03-23 20:00:00,0.00314,0.00321,0.00313,0.00321,1564115351.0
2026-03-24 00:00:00,0.00321,0.00325,0.00316,0.00325,2397792942.0
2026-03-24 04:00:00,0.00325,0.00326,0.0032,0.00324,1809240882.0
2026-03-24 08:00:00,0.00324,0.00327,0.00318,0.0032,2975039044.0
2026-03-24 12:00:00,0.0032,0.00322,0.00314,0.00318,2359545062.0
2026-03-24 16:00:00,0.00318,0.0032,0.00313,0.00318,1916407282.0
2026-03-24 20:00:00,0.00319,0.00327,0.00318,0.00321,1254967255.0
2026-03-25 00:00:00,0.00321,0.00323,0.00315,0.00319,980087306.0
2026-03-25 04:00:00,0.00319,0.0032,0.00313,0.00314,1332077744.0
2026-03-25 08:00:00,0.00313,0.00322,0.00313,0.00321,1254362551.0
2026-03-25 12:00:00,0.00321,0.00326,0.00318,0.00319,1981728200.0
2026-03-25 16:00:00,0.0032,0.00322,0.00316,0.00317,1184976272.0
2026-03-25 20:00:00,0.00316,0.00319,0.00313,0.00315,1093983976.0
2026-03-26 00:00:00,0.00314,0.00316,0.00308,0.0031,1162028767.0
2026-03-26 04:00:00,0.0031,0.00312,0.00306,0.00309,1262112457.0
2026-03-26 08:00:00,0.00309,0.0031,0.00303,0.00303,2075563175.0
2026-03-26 12:00:00,0.00303,0.00307,0.00301,0.00301,3011673444.0
2026-03-26 16:00:00,0.00302,0.00303,0.00299,0.003,2164159779.0
2026-03-26 20:00:00,0.00299,0.00307,0.00299,0.00304,1918406459.0
2026-03-27 00:00:00,0.00303,0.00308,0.00303,0.00306,1144533400.0
2026-03-27 04:00:00,0.00305,0.00309,0.00303,0.00307,1164136365.0
2026-03-27 08:00:00,0.00306,0.00307,0.00293,0.00295,3026806890.0
2026-03-27 12:00:00,0.00296,0.00298,0.00291,0.00293,3231848829.0
2026-03-27 16:00:00,0.00294,0.00298,0.00292,0.00297,2473952653.0
2026-03-27 20:00:00,0.00298,0.00299,0.00293,0.00295,719284440.0
2026-03-28 00:00:00,0.00294,0.00296,0.0029,0.00291,1951396546.0
2026-03-28 04:00:00,0.00292,0.00293,0.0029,0.00292,1262789522.0
2026-03-28 08:00:00,0.00292,0.00293,0.00288,0.0029,1340735508.0
2026-03-28 12:00:00,0.0029,0.00298,0.00289,0.00294,3161344354.0
2026-03-28 16:00:00,0.00294,0.00295,0.00288,0.00289,1317559698.0
2026-03-28 20:00:00,0.00289,0.00292,0.00282,0.00283,1817158439.0
2026-03-29 00:00:00,0.00283,0.00286,0.0028,0.00284,1487195691.0
2026-03-29 04:00:00,0.00284,0.00285,0.00281,0.00282,977088661.0
2026-03-29 08:00:00,0.00283,0.00284,0.00279,0.00281,1505135823.0
2026-03-29 12:00:00,0.00281,0.00282,0.00275,0.00277,2198292566.0
2026-03-29 16:00:00,0.00277,0.0028,0.00276,0.00276,900375315.0
2026-03-29 20:00:00,0.00276,0.0028,0.00267,0.00276,3276210046.0
2026-03-30 00:00:00,0.00277,0.00289,0.00276,0.00286,3172488363.0
2026-03-30 04:00:00,0.00286,0.00293,0.00285,0.00292,1539001077.0
2026-03-30 08:00:00,0.00292,0.00298,0.00289,0.00294,1844932192.0
2026-03-30 12:00:00,0.00294,0.00296,0.00287,0.00289,2255752576.0
2026-03-30 16:00:00,0.00288,0.0029,0.00282,0.00285,1993908215.0
2026-03-30 20:00:00,0.00285,0.00289,0.00284,0.00289,1226426913.0
2026-03-31 00:00:00,0.00288,0.00294,0.00286,0.00292,2750973356.0
2026-03-31 04:00:00,0.00292,0.00294,0.00289,0.00294,1687109075.0
2026-03-31 08:00:00,0.00294,0.00294,0.00284,0.0029,2120010062.0
2026-03-31 12:00:00,0.0029,0.00297,0.00287,0.00289,2340885528.0
2026-03-31 16:00:00,0.00289,0.00297,0.00288,0.00293,2327347938.0
2026-03-31 20:00:00,0.00293,0.00294,0.00288,0.00291,783228214.0
2026-04-01 00:00:00,0.00291,0.00296,0.00287,0.00295,1093204844.0
2026-04-01 04:00:00,0.00295,0.00304,0.00293,0.00297,2236626053.0
2026-04-01 08:00:00,0.00297,0.00299,0.00294,0.00299,1157166387.0
2026-04-01 12:00:00,0.00298,0.00305,0.00296,0.00301,2342130684.0
2026-04-01 16:00:00,0.00301,0.00302,0.00294,0.00296,1252179712.0
2026-04-01 20:00:00,0.00296,0.00298,0.00291,0.00294,933355563.0
2026-04-02 00:00:00,0.00294,0.00295,0.00283,0.00284,2498309919.0
2026-04-02 04:00:00,0.00284,0.00289,0.00283,0.00287,1322263863.0
2026-04-02 08:00:00,0.00287,0.00288,0.00282,0.00283,1734448494.0
2026-04-02 12:00:00,0.00283,0.00288,0.00279,0.00285,2542816790.0
2026-04-02 16:00:00,0.00286,0.0029,0.00283,0.00284,1505724944.0
2026-04-02 20:00:00,0.00285,0.00286,0.00283,0.00286,655663978.0
2026-04-03 00:00:00,0.00286,0.00289,0.00283,0.00288,1104338897.0
2026-04-03 04:00:00,0.00288,0.00294,0.00286,0.00291,1932591273.0
2026-04-03 08:00:00,0.0029,0.00297,0.0029,0.00294,1460848471.0
2026-04-03 12:00:00,0.00295,0.00298,0.0029,0.00291,1611418039.0
2026-04-03 16:00:00,0.00291,0.00294,0.00289,0.00291,915669520.0
2026-04-03 20:00:00,0.00291,0.00294,0.00288,0.00289,562139010.0
2026-04-04 00:00:00,0.00289,0.0029,0.00284,0.00286,1063855756.0
2026-04-04 04:00:00,0.00286,0.00292,0.00284,0.0029,1115597766.0
2026-04-04 08:00:00,0.0029,0.0029,0.00288,0.00289,660120550.0
2026-04-04 12:00:00,0.00289,0.00292,0.00285,0.00291,810899918.0
2026-04-04 16:00:00,0.00291,0.00294,0.00288,0.00291,1110745502.0
2026-04-04 20:00:00,0.00292,0.00297,0.00289,0.00293,1047384396.0
2026-04-05 00:00:00,0.00292,0.00293,0.00287,0.00288,773351693.0
2026-04-05 04:00:00,0.00287,0.00288,0.0028,0.00282,1236944694.0
2026-04-05 08:00:00,0.00281,0.00286,0.00281,0.00284,764494862.0
2026-04-05 12:00:00,0.00284,0.00287,0.0028,0.00283,1794667659.0
2026-04-05 16:00:00,0.00283,0.00285,0.00281,0.00283,738862737.0
2026-04-05 20:00:00,0.00283,0.00291,0.00282,0.0029,1229207965.0
2026-04-06 00:00:00,0.0029,0.00297,0.0029,0.00294,1365126166.0
2026-04-06 04:00:00,0.00294,0.00296,0.00292,0.00293,1119483600.0
2026-04-06 08:00:00,0.00294,0.003,0.00293,0.00299,1488137641.0
2026-04-06 12:00:00,0.00299,0.003,0.00293,0.00297,2309793066.0
2026-04-06 16:00:00,0.00297,0.00298,0.00293,0.00294,1070466918.0
2026-04-06 20:00:00,0.00295,0.00295,0.00283,0.00287,1564760898.0
2026-04-07 00:00:00,0.00286,0.00289,0.00284,0.00288,1526446101.0
2026-04-07 04:00:00,0.00288,0.0029,0.00285,0.00287,855600863.0
2026-04-07 08:00:00,0.00287,0.00289,0.0028,0.00281,1719417900.0
2026-04-07 12:00:00,0.0028,0.00283,0.00276,0.00281,1991851619.0
2026-04-07 16:00:00,0.00281,0.00288,0.00281,0.00288,2005572155.0
2026-04-07 20:00:00,0.00288,0.00312,0.00287,0.0031,4508193520.0
2026-04-08 00:00:00,0.0031,0.00313,0.00306,0.00311,2010327051.0
2026-04-08 04:00:00,0.00311,0.00315,0.0031,0.00312,1813723833.0
2026-04-08 08:00:00,0.00312,0.00312,0.00303,0.00307,1362103041.0
2026-04-08 12:00:00,0.00307,0.00308,0.00302,0.00306,2975707359.0
2026-04-08 16:00:00,0.00306,0.00314,0.00303,0.00307,2913488116.0
2026-04-08 20:00:00,0.00306,0.00312,0.00301,0.00303,1545128067.0
2026-04-09 00:00:00,0.00302,0.00304,0.00298,0.003,1992232155.0
2026-04-09 04:00:00,0.003,0.00311,0.00299,0.0031,1750423574.0
2026-04-09 08:00:00,0.00309,0.00311,0.00299,0.003,1428739602.0
2026-04-09 12:00:00,0.003,0.00307,0.00296,0.00305,1678467520.0
2026-04-09 16:00:00,0.00305,0.00309,0.00302,0.00306,1977530330.0
2026-04-09 20:00:00,0.00307,0.00316,0.00303,0.00306,1564460203.0
2026-04-10 00:00:00,0.00305,0.00308,0.003,0.00301,1551190073.0
2026-04-10 04:00:00,0.003,0.00309,0.003,0.00304,1395364202.0
2026-04-10 08:00:00,0.00303,0.00306,0.00301,0.00302,1978076218.0
2026-04-10 12:00:00,0.00302,0.0031,0.00301,0.00306,1970870917.0
2026-04-10 16:00:00,0.00306,0.00312,0.00302,0.00312,1344947709.0
2026-04-10 20:00:00,0.00312,0.00312,0.00307,0.00307,896330776.0
2026-04-11 00:00:00,0.00308,0.00308,0.003,0.00303,943303725.0
2026-04-11 04:00:00,0.00304,0.00306,0.00298,0.00301,851886355.0
2026-04-11 08:00:00,0.00301,0.00304,0.003,0.00301,767295755.0
2026-04-11 12:00:00,0.00301,0.00301,0.00297,0.00299,1020358657.0
2026-04-11 16:00:00,0.00299,0.0031,0.00298,0.00309,1595361490.0
2026-04-11 20:00:00,0.00308,0.00309,0.00302,0.00302,1488396879.0
2026-04-12 00:00:00,0.00303,0.00303,0.00291,0.00293,1859751097.0
2026-04-12 04:00:00,0.00293,0.00297,0.00292,0.00292,850256123.0
2026-04-12 08:00:00,0.00292,0.00295,0.00291,0.00293,990941815.0
2026-04-12 12:00:00,0.00293,0.00297,0.00291,0.00291,1007799196.0
2026-04-12 16:00:00,0.00292,0.00295,0.00289,0.00292,1208463502.0
2026-04-12 20:00:00,0.00293,0.00295,0.00287,0.00288,1354991592.0
2026-04-13 00:00:00,0.00288,0.00293,0.00287,0.0029,1233699209.0
2026-04-13 04:00:00,0.00289,0.00292,0.00287,0.00287,1240328990.0
2026-04-13 08:00:00,0.00287,0.00292,0.00286,0.00291,1176918071.0
2026-04-13 12:00:00,0.0029,0.00298,0.00289,0.0029,2499331376.0
2026-04-13 16:00:00,0.00291,0.00297,0.00289,0.00296,2097986013.0
2026-04-13 20:00:00,0.00297,0.00307,0.00291,0.00305,3713811235.0
2026-04-14 00:00:00,0.00305,0.00307,0.00299,0.00301,1657123430.0
2026-04-14 04:00:00,0.003,0.00302,0.00297,0.003,891608157.0
2026-04-14 08:00:00,0.00299,0.00303,0.00298,0.00298,635299416.0
2026-04-14 12:00:00,0.00299,0.00304,0.00296,0.00299,2118424070.0
2026-04-14 16:00:00,0.00299,0.00303,0.00289,0.00295,1892550464.0
2026-04-14 20:00:00,0.00295,0.00298,0.00292,0.00294,996680756.0
2026-04-15 00:00:00,0.00295,0.003,0.00294,0.00297,1151119072.0
2026-04-15 04:00:00,0.00296,0.00302,0.00295,0.00296,1371129362.0
2026-04-15 08:00:00,0.00295,0.00306,0.00294,0.00303,1766774601.0
2026-04-15 12:00:00,0.00303,0.00313,0.00301,0.0031,3738753485.0
2026-04-15 16:00:00,0.0031,0.00314,0.00306,0.00307,3631257986.0
2026-04-15 20:00:00,0.00307,0.00318,0.00305,0.00313,1865082149.0
2026-04-16 00:00:00,0.00313,0.00316,0.00308,0.00313,2701047816.0
2026-04-16 04:00:00,0.00314,0.00322,0.00312,0.00319,2905869813.0
2026-04-16 08:00:00,0.00319,0.00325,0.00316,0.00325,3047799974.0
2026-04-16 12:00:00,0.00325,0.00339,0.0032,0.00334,8152087176.0
2026-04-16 16:00:00,0.00334,0.00344,0.00327,0.00342,6389299326.0
2026-04-16 20:00:00,0.00341,0.00346,0.00333,0.00343,2110067792.0
2026-04-17 00:00:00,0.00343,0.00345,0.00335,0.00338,1813378660.0
2026-04-17 04:00:00,0.00337,0.00339,0.00329,0.00334,1201800255.0
2026-04-17 08:00:00,0.00335,0.0034,0.00332,0.00335,1345359449.0
2026-04-17 12:00:00,0.00335,0.00346,0.00334,0.00342,2378175048.0
2026-04-17 16:00:00,0.00342,0.00352,0.00339,0.00346,2380967593.0
2026-04-17 20:00:00,0.00346,0.00347,0.00337,0.0034,1337950408.0
2026-04-18 00:00:00,0.00339,0.00342,0.00335,0.00339,1150651872.0
2026-04-18 04:00:00,0.0034,0.00352,0.00334,0.00349,1657285805.0
2026-04-18 08:00:00,0.0035,0.00352,0.0033,0.00334,2472166014.0
2026-04-18 12:00:00,0.00334,0.00336,0.00327,0.00333,1375663328.0
2026-04-18 16:00:00,0.00332,0.00333,0.00322,0.00324,1741728244.0
2026-04-18 20:00:00,0.00323,0.00326,0.00321,0.00323,724476178.0
2026-04-19 00:00:00,0.00322,0.00323,0.00314,0.00317,1611598984.0
2026-04-19 04:00:00,0.00316,0.00321,0.00315,0.0032,1221014309.0
2026-04-19 08:00:00,0.00319,0.00324,0.00318,0.00321,1012912216.0
2026-04-19 12:00:00,0.00321,0.00331,0.0032,0.00324,1183873350.0
2026-04-19 16:00:00,0.00324,0.00325,0.00317,0.00323,1479183563.0
2026-04-19 20:00:00,0.00324,0.00326,0.00314,0.00317,1768815434.0
2026-04-20 00:00:00,0.00317,0.00324,0.00316,0.00322,1898848134.0
2026-04-20 04:00:00,0.00323,0.00323,0.00315,0.00317,1386778829.0
2026-04-20 08:00:00,0.00317,0.00322,0.00315,0.00319,1673246232.0
2026-04-20 12:00:00,0.00319,0.00325,0.00317,0.00321,1943127994.0
2026-04-20 16:00:00,0.00322,0.00329,0.0032,0.00326,1423240656.0
2026-04-20 20:00:00,0.00327,0.00328,0.0032,0.00322,782369263.0
2026-04-21 00:00:00,0.00323,0.00324,0.00318,0.0032,1626266326.0
2026-04-21 04:00:00,0.00321,0.00323,0.00319,0.0032,1701089303.0
2026-04-21 08:00:00,0.0032,0.00325,0.00319,0.00322,1940408429.0
2026-04-21 12:00:00,0.00322,0.00323,0.00316,0.00321,2797594084.0
2026-04-21 16:00:00,0.00321,0.00324,0.00311,0.00314,3344185628.0
2026-04-21 20:00:00,0.00313,0.00323,0.00312,0.00322,1833586884.0
2026-04-22 00:00:00,0.00322,0.00326,0.00319,0.00324,1070923827.0
2026-04-22 04:00:00,0.00324,0.00332,0.00323,0.00331,1634194905.0
2026-04-22 08:00:00,0.00331,0.00332,0.00325,0.00329,1266277786.0
2026-04-22 12:00:00,0.00328,0.00333,0.00325,0.00331,2182404399.0
2026-04-22 16:00:00,0.0033,0.00334,0.00324,0.00327,1395704902.0
2026-04-22 20:00:00,0.00326,0.00327,0.00318,0.0032,752679744.0
2026-04-23 00:00:00,0.00319,0.00321,0.00314,0.00317,1845561935.0
2026-04-23 04:00:00,0.00316,0.0032,0.00315,0.00317,910549788.0
2026-04-23 08:00:00,0.00317,0.00319,0.00311,0.00316,1235273949.0
2026-04-23 12:00:00,0.00316,0.00324,0.00316,0.00323,1403254304.0
2026-04-23 16:00:00,0.00323,0.00324,0.00313,0.00317,2594250931.0
2026-04-23 20:00:00,0.00317,0.00325,0.00316,0.00323,1068925097.0
2026-04-24 00:00:00,0.00323,0.00325,0.0032,0.00322,1594708515.0
2026-04-24 04:00:00,0.00321,0.00327,0.00319,0.00325,1997056033.0
2026-04-24 08:00:00,0.00324,0.00329,0.00321,0.00328,1407097760.0
2026-04-24 12:00:00,0.00328,0.00333,0.00322,0.00333,1624249244.0
2026-04-24 16:00:00,0.00332,0.00347,0.00328,0.00345,4800601699.0
2026-04-24 20:00:00,0.00345,0.00364,0.0034,0.00354,10897243054.0
2026-04-25 00:00:00,0.00353,0.00383,0.00351,0.00372,13524544341.0
2026-04-25 04:00:00,0.00372,0.00376,0.00354,0.00361,10039540224.0
2026-04-25 08:00:00,0.00361,0.0037,0.00353,0.00356,5874866622.0
2026-04-25 12:00:00,0.00356,0.00359,0.00347,0.0035,4704863234.0
2026-04-25 16:00:00,0.0035,0.00351,0.00344,0.00345,2593484815.0
2026-04-25 20:00:00,0.00346,0.00351,0.00344,0.00348,1133660581.0
2026-04-26 00:00:00,0.00348,0.00348,0.0034,0.00344,2238856192.0
2026-04-26 04:00:00,0.00344,0.00349,0.00342,0.00346,1629841767.0
2026-04-26 08:00:00,0.00346,0.00347,0.00341,0.00344,1300574782.0
2026-04-26 12:00:00,0.00344,0.00347,0.0034,0.0034,1225753257.0
2026-04-26 16:00:00,0.00341,0.00344,0.00338,0.00341,1142573789.0
2026-04-26 20:00:00,0.00341,0.00343,0.00337,0.00339,1032594023.0
2026-04-27 00:00:00,0.00339,0.00349,0.00337,0.00347,1541206069.0
2026-04-27 04:00:00,0.00347,0.00349,0.00332,0.00334,2311721345.0
2026-04-27 08:00:00,0.00334,0.00337,0.0033,0.00335,940036782.0
2026-04-27 12:00:00,0.00335,0.00338,0.00327,0.0033,1538745449.0
2026-04-27 16:00:00,0.00329,0.00332,0.00325,0.00326,743624397.0
2026-04-27 20:00:00,0.00327,0.00331,0.00326,0.0033,383038608.0
2026-04-28 00:00:00,0.00329,0.00331,0.00325,0.00329,1213308141.0
2026-04-28 04:00:00,0.00328,0.00334,0.00327,0.00332,1241768571.0
2026-04-28 08:00:00,0.00332,0.00335,0.00326,0.00328,1243666506.0
2026-04-28 12:00:00,0.00329,0.00332,0.00324,0.00331,1391496135.0
2026-04-28 16:00:00,0.0033,0.00331,0.00326,0.00329,736035865.0
2026-04-28 20:00:00,0.00329,0.00336,0.00327,0.00332,674957175.0
2026-04-29 00:00:00,0.00331,0.00339,0.00328,0.00338,1322933039.0
2026-04-29 04:00:00,0.00338,0.0034,0.00334,0.003341,798116217.0
2026-04-29 08:00:00,0.003341,0.003391,0.003334,0.003348,987993960.0
2026-04-29 12:00:00,0.003348,0.00335,0.003227,0.003235,1399356455.0
2026-04-29 16:00:00,0.003235,0.003247,0.003142,0.003181,1744653205.0
2026-04-29 20:00:00,0.003181,0.003236,0.003178,0.003208,624797366.0
2026-04-30 00:00:00,0.003208,0.003257,0.003199,0.003212,743598242.0
2026-04-30 04:00:00,0.003211,0.003256,0.003188,0.003252,493768199.0
2026-04-30 08:00:00,0.003253,0.003277,0.003233,0.003244,491257465.0
2026-04-30 12:00:00,0.003244,0.003254,0.003183,0.003219,668692840.0
2026-04-30 16:00:00,0.003218,0.003226,0.003195,0.003211,451427199.0
2026-04-30 20:00:00,0.00321,0.003215,0.003182,0.003193,411912446.0
2026-05-01 00:00:00,0.003194,0.003259,0.003193,0.003233,440393159.0
2026-05-01 04:00:00,0.003233,0.003245,0.003199,0.003205,242434440.0
2026-05-01 08:00:00,0.003205,0.003223,0.003179,0.003192,397722833.0
2026-05-01 12:00:00,0.003192,0.003269,0.003188,0.003255,507387272.0
2026-05-01 16:00:00,0.003255,0.003266,0.003237,0.003246,431306526.0
2026-05-01 20:00:00,0.003246,0.003251,0.003196,0.003215,825563719.0
2026-05-02 00:00:00,0.003215,0.003228,0.003195,0.003203,580508704.0
2026-05-02 04:00:00,0.003204,0.003204,0.003179,0.003189,338639470.0
2026-05-02 08:00:00,0.003189,0.003194,0.003159,0.003165,508843404.0
2026-05-02 12:00:00,0.003165,0.00322,0.003155,0.003206,553395817.0
2026-05-02 16:00:00,0.003206,0.003216,0.003183,0.00321,437807093.0
2026-05-02 20:00:00,0.00321,0.00322,0.00318,0.003182,410433813.0
2026-05-03 00:00:00,0.003182,0.003186,0.003105,0.003121,792317338.0
2026-05-03 04:00:00,0.003121,0.003128,0.003091,0.003098,511885265.0
2026-05-03 08:00:00,0.003098,0.003128,0.003088,0.00311,460529389.0
2026-05-03 12:00:00,0.00311,0.003129,0.003097,0.003107,463832696.0
2026-05-03 16:00:00,0.003108,0.003119,0.003085,0.003102,494208210.0
2026-05-03 20:00:00,0.003103,0.00313,0.003064,0.003084,704060647.0
2026-05-04 00:00:00,0.003084,0.003197,0.003053,0.003191,934165740.0
2026-05-04 04:00:00,0.003191,0.003213,0.003156,0.003185,560160316.0
2026-05-04 08:00:00,0.003183,0.003217,0.003098,0.003113,1080007078.0
2026-05-04 12:00:00,0.003113,0.003175,0.003093,0.003125,1077456048.0
2026-05-04 16:00:00,0.003126,0.003186,0.003107,0.003154,619476019.0
2026-05-04 20:00:00,0.003154,0.003178,0.003108,0.003121,534990870.0
2026-05-05 00:00:00,0.003121,0.00318,0.003109,0.003163,776369216.0
2026-05-05 04:00:00,0.003163,0.003226,0.003145,0.003223,783831536.0
2026-05-05 08:00:00,0.003223,0.003266,0.003205,0.003259,1227675252.0
2026-05-05 12:00:00,0.003259,0.003311,0.003252,0.003293,1430929555.0
2026-05-05 16:00:00,0.003292,0.003394,0.00327,0.00339,1062761327.0
2026-05-05 20:00:00,0.003389,0.003657,0.003387,0.003479,4779741686.0
2026-05-06 00:00:00,0.00348,0.003648,0.003445,0.003629,2108368978.0
2026-05-06 04:00:00,0.003629,0.00367,0.003542,0.003556,1828601704.0
2026-05-06 08:00:00,0.003555,0.003717,0.003552,0.003714,1691475457.0
2026-05-06 12:00:00,0.003715,0.003751,0.003571,0.003669,2303841714.0
2026-05-06 16:00:00,0.003668,0.003733,0.003606,0.003635,1229136164.0
2026-05-06 20:00:00,0.003634,0.003791,0.003621,0.003715,1347655278.0
2026-05-07 00:00:00,0.003713,0.00373,0.003616,0.003683,1595439299.0
2026-05-07 04:00:00,0.003682,0.003902,0.003681,0.003793,2997403559.0
2026-05-07 08:00:00,0.003792,0.003821,0.003732,0.003765,947173768.0
2026-05-07 12:00:00,0.003765,0.003814,0.00362,0.003633,1215300007.0
2026-05-07 16:00:00,0.003634,0.003756,0.003622,0.003734,996060712.0
2026-05-07 20:00:00,0.003734,0.003778,0.00368,0.003744,651671605.0
2026-05-08 00:00:00,0.003745,0.003812,0.00373,0.003751,821238329.0
2026-05-08 04:00:00,0.003751,0.003794,0.003678,0.003772,743025873.0
2026-05-08 08:00:00,0.003773,0.003919,0.003772,0.003903,1410475717.0
2026-05-08 12:00:00,0.003904,0.004532,0.003891,0.004087,15837039746.0
2026-05-08 16:00:00,0.004085,0.004113,0.003933,0.004113,4597209245.0
2026-05-08 20:00:00,0.004114,0.004244,0.004096,0.004163,2342103674.0
2026-05-09 00:00:00,0.004164,0.004338,0.004148,0.004271,2281229610.0
2026-05-09 04:00:00,0.004272,0.004476,0.004223,0.004237,4916824711.0
2026-05-09 08:00:00,0.004238,0.004347,0.004177,0.004223,2154756396.0
2026-05-09 12:00:00,0.004223,0.004223,0.00408,0.004122,1639993503.0
2026-05-09 16:00:00,0.004123,0.004148,0.004082,0.004132,780360233.0
2026-05-09 20:00:00,0.004133,0.004148,0.004067,0.004082,651866156.0
2026-05-10 00:00:00,0.004081,0.004105,0.004012,0.004078,1128148705.0
2026-05-10 04:00:00,0.004079,0.004089,0.004034,0.004058,570492917.0
2026-05-10 08:00:00,0.004058,0.004143,0.004049,0.004103,818674123.0
2026-05-10 12:00:00,0.004104,0.004135,0.004054,0.004076,830405385.0
2026-05-10 16:00:00,0.004077,0.00414,0.004074,0.004104,1018885531.0
2026-05-10 20:00:00,0.004104,0.00412,0.003931,0.004074,1801596626.0
2026-05-11 00:00:00,0.004073,0.004078,0.003926,0.003971,676576341.0
2026-05-11 04:00:00,0.003972,0.00401,0.003946,0.003973,505810463.0
2026-05-11 08:00:00,0.003973,0.004039,0.003959,0.003994,544729515.0
2026-05-11 12:00:00,0.003995,0.003998,0.003882,0.003917,745003257.0
2026-05-11 16:00:00,0.003918,0.003967,0.003899,0.003956,447811648.0
2026-05-11 20:00:00,0.003956,0.003974,0.003902,0.003913,266251150.0
2026-05-12 00:00:00,0.003914,0.003934,0.003829,0.003846,534460406.0
2026-05-12 04:00:00,0.003846,0.00389,0.003826,0.003855,588262525.0
2026-05-12 08:00:00,0.003854,0.003885,0.003768,0.003782,553894472.0
2026-05-12 12:00:00,0.003783,0.003805,0.003682,0.003698,920174675.0
2026-05-12 16:00:00,0.003699,0.003776,0.00368,0.003768,509265625.0
2026-05-12 20:00:00,0.003769,0.00377,0.003739,0.003751,252460190.0
2026-05-13 00:00:00,0.003751,0.003838,0.003743,0.003824,366430597.0
2026-05-13 04:00:00,0.003825,0.003851,0.003774,0.003836,478447193.0
2026-05-13 08:00:00,0.003837,0.003925,0.003815,0.003822,697240096.0
2026-05-13 12:00:00,0.003822,0.003836,0.003594,0.00361,1558632866.0
2026-05-13 16:00:00,0.003609,0.003701,0.0036,0.003643,833899293.0
2026-05-13 20:00:00,0.003644,0.003665,0.0036,0.003619,296493495.0
2026-05-14 00:00:00,0.003619,0.003638,0.003543,0.003556,472402278.0
2026-05-14 04:00:00,0.003556,0.003619,0.003546,0.00358,393183638.0
2026-05-14 08:00:00,0.003579,0.00361,0.00356,0.003588,359023770.0
2026-05-14 12:00:00,0.003587,0.003731,0.003586,0.003707,650021945.0
2026-05-14 16:00:00,0.003708,0.003778,0.003705,0.003733,601323248.0
2026-05-14 20:00:00,0.003734,0.003747,0.003684,0.003691,316289622.0
2026-05-15 00:00:00,0.003692,0.003725,0.003651,0.00369,564853786.0
2026-05-15 04:00:00,0.003689,0.003691,0.003572,0.003614,697077606.0
2026-05-15 08:00:00,0.003614,0.003639,0.003576,0.00361,343007651.0
2026-05-15 12:00:00,0.00361,0.003615,0.003445,0.003483,1253369968.0
2026-05-15 16:00:00,0.003483,0.003568,0.003479,0.003513,346197362.0
2026-05-15 20:00:00,0.003514,0.003516,0.003486,0.0035,200051799.0
2026-05-16 00:00:00,0.0035,0.003513,0.003466,0.003473,275089810.0
2026-05-16 04:00:00,0.003472,0.003477,0.003345,0.003377,688125854.0
2026-05-16 08:00:00,0.003378,0.003389,0.003322,0.003362,444630030.0
2026-05-16 12:00:00,0.003362,0.003398,0.003354,0.003386,283294851.0
2026-05-16 16:00:00,0.003386,0.003424,0.003372,0.003381,251229779.0
2026-05-16 20:00:00,0.003381,0.003408,0.003366,0.003388,215377273.0
2026-05-17 00:00:00,0.003389,0.003403,0.003345,0.003393,338882205.0
2026-05-17 04:00:00,0.003392,0.003482,0.003391,0.00346,383966648.0
2026-05-17 08:00:00,0.003461,0.003482,0.003431,0.003436,342870412.0
2026-05-17 12:00:00,0.003436,0.003454,0.003404,0.00341,538562247.0
2026-05-17 16:00:00,0.003411,0.003423,0.003373,0.003409,393937109.0
2026-05-17 20:00:00,0.003411,0.00342,0.003197,0.003303,939097067.0
2026-05-18 00:00:00,0.003303,0.003347,0.003278,0.003323,449839786.0
2026-05-18 04:00:00,0.003324,0.003346,0.003275,0.003284,348154152.0
2026-05-18 08:00:00,0.003285,0.003317,0.003256,0.003291,451258505.0
2026-05-18 12:00:00,0.003291,0.003345,0.003253,0.003282,600246696.0
2026-05-18 16:00:00,0.003281,0.003333,0.003247,0.003323,435208718.0
2026-05-18 20:00:00,0.003324,0.003398,0.003318,0.003391,398735035.0
2026-05-19 00:00:00,0.003392,0.003415,0.003351,0.00336,366521442.0
2026-05-19 04:00:00,0.00336,0.003393,0.003333,0.003383,319126116.0
2026-05-19 08:00:00,0.003383,0.003385,0.003314,0.003319,304376707.0
2026-05-19 12:00:00,0.003318,0.003366,0.003309,0.003344,478442721.0
2026-05-19 16:00:00,0.003344,0.00339,0.003329,0.003345,347076215.0
2026-05-19 20:00:00,0.003346,0.003368,0.003303,0.003324,244519220.0
2026-05-20 00:00:00,0.003325,0.00334,0.003295,0.003316,452898494.0
2026-05-20 04:00:00,0.003316,0.003376,0.003306,0.003357,325078894.0
2026-05-20 08:00:00,0.003357,0.003378,0.003339,0.003346,281448083.0
2026-05-20 12:00:00,0.003347,0.003438,0.003331,0.003434,563991393.0
2026-05-20 16:00:00,0.003434,0.003444,0.003379,0.003396,378954829.0
2026-05-20 20:00:00,0.003396,0.003418,0.003354,0.003375,281574651.0
2026-05-21 00:00:00,0.003375,0.003414,0.003358,0.003402,349649999.0
2026-05-21 04:00:00,0.003403,0.003412,0.003351,0.003392,328604956.0
2026-05-21 08:00:00,0.003393,0.003408,0.003303,0.003313,1005352604.0
2026-05-21 12:00:00,0.003314,0.003389,0.003304,0.003375,500157694.0
2026-05-21 16:00:00,0.003377,0.003456,0.003363,0.003434,614757886.0
2026-05-21 20:00:00,0.003434,0.003439,0.003393,0.003407,318032323.0
2026-05-22 00:00:00,0.003408,0.003455,0.00337,0.003446,514440631.0
2026-05-22 04:00:00,0.003447,0.003476,0.003403,0.003442,323030916.0
2026-05-22 08:00:00,0.003442,0.003464,0.003414,0.003448,307360326.0
2026-05-22 12:00:00,0.003448,0.003492,0.003373,0.003409,584838370.0
2026-05-22 16:00:00,0.00341,0.003433,0.003248,0.003278,1288827507.0
2026-05-22 20:00:00,0.003278,0.003314,0.003205,0.003238,747993261.0
2026-05-23 00:00:00,0.003238,0.003275,0.003223,0.003265,377396927.0
2026-05-23 04:00:00,0.003265,0.003265,0.003074,0.003121,952751205.0
2026-05-23 08:00:00,0.00312,0.003126,0.003081,0.003092,641732030.0
2026-05-23 12:00:00,0.003093,0.003228,0.003084,0.003226,676905817.0
2026-05-23 16:00:00,0.003225,0.003283,0.003206,0.003246,897827787.0
2026-05-23 20:00:00,0.003246,0.00337,0.003232,0.003283,1261981904.0
2026-05-24 00:00:00,0.003284,0.003292,0.003257,0.003265,298145917.0
2026-05-24 04:00:00,0.003266,0.003281,0.003243,0.003255,228064311.0
2026-05-24 08:00:00,0.003254,0.003282,0.003244,0.003262,315640960.0
2026-05-24 12:00:00,0.003262,0.003262,0.003156,0.0032,554110926.0
2026-05-24 16:00:00,0.003201,0.003214,0.003172,0.003182,1128493290.0
2026-05-24 20:00:00,0.003183,0.003184,0.00311,0.003171,511081770.0
2026-05-25 00:00:00,0.003172,0.003206,0.003168,0.003188,271800485.0
2026-05-25 04:00:00,0.003188,0.00328,0.003186,0.003254,366027791.0
2026-05-25 08:00:00,0.003254,0.003283,0.00324,0.003255,242684027.0
2026-05-25 12:00:00,0.003255,0.003326,0.003245,0.003313,388225870.0
2026-05-25 16:00:00,0.003313,0.003367,0.003307,0.003328,495652377.0
2026-05-25 20:00:00,0.003327,0.003344,0.003272,0.00329,464048104.0
2026-05-26 00:00:00,0.003291,0.003293,0.0032,0.003218,523295181.0
2026-05-26 04:00:00,0.003218,0.003318,0.003211,0.0033,588630111.0
2026-05-26 08:00:00,0.003301,0.003378,0.003295,0.003332,760449718.0
2026-05-26 12:00:00,0.003332,0.003396,0.003304,0.003334,802755981.0
2026-05-26 16:00:00,0.003334,0.003337,0.003243,0.003287,697078804.0
2026-05-26 20:00:00,0.003288,0.003296,0.003254,0.00327,299677820.0
2026-05-27 00:00:00,0.00327,0.003312,0.003226,0.003232,428350492.0
2026-05-27 04:00:00,0.003232,0.003268,0.003193,0.00325,432653341.0
2026-05-27 08:00:00,0.00325,0.003271,0.003204,0.00322,443203312.0
2026-05-27 12:00:00,0.00322,0.003277,0.003167,0.003261,887620621.0
2026-05-27 16:00:00,0.003261,0.003286,0.003173,0.00324,497988321.0
2026-05-27 20:00:00,0.003241,0.003248,0.003096,0.00314,848584177.0
2026-05-28 00:00:00,0.00314,0.003158,0.003038,0.003053,765429182.0
2026-05-28 04:00:00,0.003052,0.003053,0.002978,0.003038,798183467.0
2026-05-28 08:00:00,0.003039,0.003043,0.002982,0.003,449425666.0
2026-05-28 12:00:00,0.003,0.003021,0.002946,0.003002,687437041.0
2026-05-28 16:00:00,0.003002,0.003116,0.002988,0.003076,598164283.0
2026-05-28 20:00:00,0.003076,0.00311,0.003041,0.003055,351157076.0
2026-05-29 00:00:00,0.003054,0.003092,0.003041,0.00305,268672258.0
2026-05-29 04:00:00,0.00305,0.003133,0.003025,0.003101,375181555.0
2026-05-29 08:00:00,0.003101,0.003137,0.003039,0.00306,470590189.0
2026-05-29 12:00:00,0.00306,0.003146,0.002975,0.003115,1095127466.0
2026-05-29 16:00:00,0.003116,0.003134,0.003048,0.003082,571791226.0
2026-05-29 20:00:00,0.003082,0.003103,0.003056,0.003081,295443944.0
2026-05-30 00:00:00,0.003082,0.003174,0.003073,0.003133,390002251.0
2026-05-30 04:00:00,0.003133,0.003148,0.003082,0.003127,341494938.0
2026-05-30 08:00:00,0.003126,0.003129,0.003095,0.00311,205863297.0
2026-05-30 12:00:00,0.003111,0.003137,0.003097,0.00311,305705128.0
2026-05-30 16:00:00,0.00311,0.003141,0.003103,0.003131,247122142.0
2026-05-30 20:00:00,0.003132,0.003143,0.003085,0.003105,233167167.0
2026-05-31 00:00:00,0.003106,0.003141,0.003097,0.003112,268212459.0
2026-05-31 04:00:00,0.003112,0.003129,0.003072,0.003082,254922004.0
2026-05-31 08:00:00,0.003082,0.00311,0.003062,0.003084,243829977.0
2026-05-31 12:00:00,0.003085,0.003098,0.003015,0.00304,464812197.0
2026-05-31 16:00:00,0.003039,0.00305,0.003012,0.003043,321896541.0
2026-05-31 20:00:00,0.003044,0.003188,0.003043,0.003156,619483991.0
2026-06-01 00:00:00,0.003156,0.003185,0.003092,0.003175,558344232.0
2026-06-01 04:00:00,0.003175,0.003188,0.003072,0.00308,478365344.0
2026-06-01 08:00:00,0.00308,0.003111,0.003067,0.003092,478759523.0
2026-06-01 12:00:00,0.003092,0.0031,0.003028,0.003061,1048865155.0
2026-06-01 16:00:00,0.00306,0.003148,0.003038,0.003144,627745556.0
2026-06-01 20:00:00,0.003144,0.003148,0.003078,0.003125,339250507.0
2026-06-02 00:00:00,0.003125,0.003132,0.00302,0.003121,521900841.0
2026-06-02 04:00:00,0.003121,0.003128,0.003019,0.003049,517881627.0
2026-06-02 08:00:00,0.003049,0.003066,0.003027,0.003043,430913645.0
2026-06-02 12:00:00,0.003044,0.003062,0.002823,0.002864,2232059101.0
2026-06-02 16:00:00,0.002864,0.002953,0.002834,0.002896,1230857855.0
2026-06-02 20:00:00,0.002896,0.00294,0.002777,0.002844,1138440400.0
2026-06-03 00:00:00,0.002845,0.00291,0.002825,0.002842,705548664.0
2026-06-03 04:00:00,0.002841,0.00302,0.002841,0.002989,769115090.0
2026-06-03 08:00:00,0.002988,0.002999,0.002943,0.002967,577046660.0
2026-06-03 12:00:00,0.002967,0.002993,0.002942,0.002945,655602365.0
2026-06-03 16:00:00,0.002945,0.002955,0.00287,0.002883,785811996.0
2026-06-03 20:00:00,0.002882,0.002939,0.002822,0.002859,807151457.0
2026-06-04 00:00:00,0.00286,0.002881,0.002565,0.002783,2531744278.0
2026-06-04 04:00:00,0.002782,0.002795,0.002702,0.002704,822894262.0
2026-06-04 08:00:00,0.002704,0.00272,0.002618,0.002666,1323487392.0
2026-06-04 12:00:00,0.002667,0.002775,0.002645,0.002751,1089314157.0
2026-06-04 16:00:00,0.002751,0.002761,0.002696,0.002732,643890130.0
2026-06-04 20:00:00,0.002733,0.002735,0.002654,0.002708,651085053.0
2026-06-05 00:00:00,0.002707,0.002712,0.002591,0.002608,1030912874.0
2026-06-05 04:00:00,0.002608,0.002668,0.002429,0.002573,2671320823.0
2026-06-05 08:00:00,0.002574,0.002601,0.002527,0.002562,825399442.0
2026-06-05 12:00:00,0.002562,0.002629,0.002481,0.002509,1600069978.0
2026-06-05 16:00:00,0.002508,0.002573,0.002387,0.002477,2058975812.0
2026-06-05 20:00:00,0.002477,0.002566,0.002452,0.002502,1223324148.0
2026-06-06 00:00:00,0.002501,0.002542,0.002454,0.002465,827465330.0
2026-06-06 04:00:00,0.002465,0.002491,0.002342,0.002473,1899267180.0
2026-06-06 08:00:00,0.002473,0.002511,0.00242,0.002465,863198883.0
2026-06-06 12:00:00,0.002466,0.002499,0.002444,0.002479,731659515.0
2026-06-06 16:00:00,0.002478,0.002497,0.002446,0.002454,592360087.0
2026-06-06 20:00:00,0.002454,0.002491,0.002442,0.002485,410455968.0
2026-06-07 00:00:00,0.002486,0.002567,0.00248,0.002544,547095464.0
2026-06-07 04:00:00,0.002544,0.002595,0.002529,0.002587,734580947.0
2026-06-07 08:00:00,0.002587,0.00264,0.002571,0.0026,603387493.0
2026-06-07 12:00:00,0.0026,0.002602,0.002536,0.002577,599969608.0
2026-06-07 16:00:00,0.002576,0.002597,0.002514,0.002532,461670810.0
2026-06-07 20:00:00,0.002531,0.002691,0.002523,0.00263,915306707.0
2026-06-08 00:00:00,0.002629,0.002665,0.002599,0.002644,570800345.0
2026-06-08 04:00:00,0.002644,0.002646,0.002577,0.002625,453773321.0
2026-06-08 08:00:00,0.002624,0.002672,0.002601,0.002659,465624296.0
2026-06-08 12:00:00,0.00266,0.002694,0.002632,0.002656,626105363.0
2026-06-08 16:00:00,0.002656,0.002688,0.002649,0.002663,369293910.0
2026-06-08 20:00:00,0.002662,0.002681,0.002616,0.002627,393484536.0
2026-06-09 00:00:00,0.002626,0.002629,0.002557,0.002579,639740163.0
2026-06-09 04:00:00,0.002579,0.002641,0.002568,0.002629,442823023.0
2026-06-09 08:00:00,0.002629,0.002631,0.002577,0.002599,445752224.0
2026-06-09 12:00:00,0.002599,0.00262,0.002535,0.002544,908755688.0
2026-06-09 16:00:00,0.002543,0.002598,0.002495,0.002592,770598607.0
2026-06-09 20:00:00,0.002592,0.002611,0.002556,0.002571,370886717.0
2026-06-10 00:00:00,0.002572,0.002586,0.002538,0.002563,373832089.0
2026-06-10 04:00:00,0.002564,0.002577,0.002533,0.00257,315029669.0
2026-06-10 08:00:00,0.002571,0.002571,0.002499,0.002515,583278652.0
2026-06-10 12:00:00,0.002514,0.002638,0.002506,0.002623,889987441.0
2026-06-10 16:00:00,0.002624,0.002631,0.002533,0.002542,635627309.0
2026-06-10 20:00:00,0.002541,0.002547,0.002471,0.002529,907839601.0
2026-06-11 00:00:00,0.002529,0.002633,0.002528,0.002623,550984532.0
2026-06-11 04:00:00,0.002623,0.002839,0.002554,0.002661,5309714528.0
2026-06-11 08:00:00,0.002662,0.002713,0.002659,0.002691,867164123.0
2026-06-11 12:00:00,0.002692,0.002713,0.002645,0.002698,818850431.0
2026-06-11 16:00:00,0.002698,0.002751,0.002641,0.002715,1030378628.0
2026-06-11 20:00:00,0.002715,0.002734,0.002689,0.002714,519169468.0
2026-06-12 00:00:00,0.002714,0.002727,0.002686,0.002695,432268701.0
2026-06-12 04:00:00,0.002696,0.002702,0.002632,0.002643,558614285.0
2026-06-12 08:00:00,0.002644,0.002685,0.002643,0.002666,380091475.0
2026-06-12 12:00:00,0.002666,0.002706,0.002622,0.002645,766770620.0
2026-06-12 16:00:00,0.002645,0.002674,0.00263,0.002651,446120415.0
2026-06-12 20:00:00,0.002652,0.002672,0.002631,0.002651,232479210.0
2026-06-13 00:00:00,0.002651,0.002693,0.002641,0.002649,301537173.0
2026-06-13 04:00:00,0.00265,0.002681,0.002636,0.002671,290929557.0
2026-06-13 08:00:00,0.002671,0.002697,0.002664,0.002684,314273794.0
2026-06-13 12:00:00,0.002684,0.002703,0.002676,0.002689,308110910.0
2026-06-13 16:00:00,0.00269,0.002698,0.00266,0.002666,458922798.0
2026-06-13 20:00:00,0.002665,0.002688,0.002653,0.002664,265237301.0
2026-06-14 00:00:00,0.002664,0.002674,0.002639,0.002644,360383468.0
2026-06-14 04:00:00,0.002645,0.002653,0.002598,0.002609,585771987.0
2026-06-14 08:00:00,0.00261,0.002633,0.002593,0.00261,531141854.0
2026-06-14 12:00:00,0.002611,0.002623,0.00256,0.00258,459993917.0
2026-06-14 16:00:00,0.00258,0.002597,0.002574,0.002589,253321741.0
2026-06-14 20:00:00,0.002589,0.002743,0.002586,0.002736,867577392.0
2026-06-15 00:00:00,0.002737,0.002753,0.002707,0.002742,520285881.0
2026-06-15 04:00:00,0.002742,0.00275,0.002721,0.002734,336751253.0
2026-06-15 08:00:00,0.002734,0.002781,0.002715,0.00277,722662524.0
2026-06-15 12:00:00,0.002771,0.002807,0.002756,0.00279,837545333.0
2026-06-15 16:00:00,0.002791,0.002805,0.002723,0.002735,732173211.0
2026-06-15 20:00:00,0.002735,0.002763,0.002719,0.002743,416879122.0
2026-06-16 00:00:00,0.002743,0.002755,0.002698,0.002743,519005174.0
2026-06-16 04:00:00,0.002743,0.002761,0.002716,0.002749,358076499.0
2026-06-16 08:00:00,0.00275,0.002769,0.002731,0.002745,496706824.0
2026-06-16 12:00:00,0.002746,0.002766,0.002659,0.002693,642154334.0
2026-06-16 16:00:00,0.002693,0.002735,0.002676,0.002702,389433765.0
2026-06-16 20:00:00,0.002701,0.002727,0.002692,0.0027,255073532.0
2026-06-17 00:00:00,0.0027,0.002773,0.002697,0.002731,464170913.0
2026-06-17 04:00:00,0.002731,0.002743,0.002693,0.002705,297176202.0
2026-06-17 08:00:00,0.002706,0.002706,0.00266,0.002677,472913520.0
2026-06-17 12:00:00,0.002678,0.002744,0.002667,0.002741,511811660.0
2026-06-17 16:00:00,0.002742,0.002769,0.002642,0.00266,1177584054.0
2026-06-17 20:00:00,0.002659,0.002693,0.002633,0.002674,460791808.0
2026-06-18 00:00:00,0.002673,0.002701,0.002647,0.002653,363251812.0
2026-06-18 04:00:00,0.002653,0.002654,0.002594,0.002644,538728494.0
2026-06-18 08:00:00,0.002645,0.002655,0.002616,0.002621,373991682.0
2026-06-18 12:00:00,0.002622,0.002649,0.002515,0.00253,924950061.0
2026-06-18 16:00:00,0.002529,0.002587,0.00252,0.00258,614473990.0
2026-06-18 20:00:00,0.002581,0.002612,0.002566,0.002584,417463385.0
2026-06-19 00:00:00,0.002585,0.002603,0.002543,0.002566,398704276.0
2026-06-19 04:00:00,0.002566,0.002574,0.002526,0.00254,314575182.0
2026-06-19 08:00:00,0.00254,0.002546,0.002516,0.002533,380420942.0
2026-06-19 12:00:00,0.002534,0.002569,0.002521,0.002561,374307539.0
2026-06-19 16:00:00,0.002561,0.002574,0.002532,0.002541,344923320.0
2026-06-19 20:00:00,0.002543,0.002564,0.002534,0.002561,222575024.0
2026-06-20 00:00:00,0.002561,0.002576,0.002545,0.002564,375908743.0
2026-06-20 04:00:00,0.002563,0.002616,0.002561,0.002581,543147847.0
2026-06-20 08:00:00,0.002581,0.002675,0.002572,0.002631,1010285813.0
2026-06-20 12:00:00,0.002631,0.002728,0.002587,0.002726,1063768299.0
2026-06-20 16:00:00,0.002727,0.00275,0.002678,0.002721,1152584189.0
2026-06-20 20:00:00,0.002722,0.002748,0.002696,0.00271,542486976.0
2026-06-21 00:00:00,0.002711,0.002769,0.002699,0.002724,881557241.0
2026-06-21 04:00:00,0.002724,0.002726,0.002679,0.002697,521952582.0
2026-06-21 08:00:00,0.002698,0.002712,0.002667,0.002675,451799151.0
2026-06-21 12:00:00,0.002675,0.002679,0.002653,0.002672,380894771.0
2026-06-21 16:00:00,0.002672,0.002674,0.002628,0.002642,383640664.0
2026-06-21 20:00:00,0.002642,0.002646,0.002555,0.002565,817075511.0
2026-06-22 00:00:00,0.002565,0.002644,0.002559,0.002564,742816886.0
2026-06-22 04:00:00,0.002565,0.002602,0.002559,0.002596,337288932.0
2026-06-22 08:00:00,0.002597,0.002643,0.00259,0.002634,442907659.0
2026-06-22 12:00:00,0.002635,0.002673,0.002603,0.002617,557923975.0
2026-06-22 16:00:00,0.002617,0.00262,0.002545,0.002562,569120170.0
2026-06-22 20:00:00,0.002561,0.002575,0.002492,0.002513,636510594.0
2026-06-23 00:00:00,0.002513,0.002552,0.002491,0.002551,387132476.0
2026-06-23 04:00:00,0.002551,0.002556,0.00244,0.002466,704894733.0
2026-06-23 08:00:00,0.002466,0.002473,0.002399,0.002441,991644351.0
2026-06-23 12:00:00,0.002441,0.002486,0.002429,0.002462,618468996.0
2026-06-23 16:00:00,0.002462,0.002477,0.002404,0.002415,589601110.0
2026-06-23 20:00:00,0.002416,0.002429,0.00241,0.002426,325827556.0
2026-06-24 00:00:00,0.002426,0.002442,0.002397,0.002398,503378713.0
2026-06-24 04:00:00,0.002398,0.002415,0.002372,0.002397,508505949.0
2026-06-24 08:00:00,0.002396,0.002439,0.002392,0.002425,427016579.0
2026-06-24 12:00:00,0.002425,0.002431,0.002326,0.002339,1386950127.0
2026-06-24 16:00:00,0.002339,0.002359,0.002225,0.002295,1929508965.0
2026-06-24 20:00:00,0.002295,0.002383,0.002291,0.002347,692493561.0
2026-06-25 00:00:00,0.002348,0.002357,0.002333,0.002346,326621352.0
2026-06-25 04:00:00,0.002345,0.002435,0.002342,0.002395,786137806.0
2026-06-25 08:00:00,0.002394,0.002397,0.002355,0.002365,328935581.0
2026-06-25 12:00:00,0.002365,0.00238,0.002178,0.002281,1996669769.0
2026-06-25 16:00:00,0.002282,0.002307,0.002253,0.002263,621188784.0
2026-06-25 20:00:00,0.002264,0.002307,0.002263,0.002287,316564469.0
2026-06-26 00:00:00,0.002287,0.002292,0.002196,0.002276,793828586.0
2026-06-26 04:00:00,0.002276,0.002332,0.002267,0.00232,459032012.0
2026-06-26 08:00:00,0.002319,0.002321,0.002251,0.002259,388325825.0
2026-06-26 12:00:00,0.002259,0.002328,0.002235,0.002316,744368566.0
2026-06-26 16:00:00,0.002316,0.002361,0.00231,0.002325,648493773.0
2026-06-26 20:00:00,0.002326,0.002358,0.002326,0.002343,419151262.0
2026-06-27 00:00:00,0.002342,0.002351,0.002311,0.002322,354008038.0
2026-06-27 04:00:00,0.002322,0.002331,0.002297,0.002314,301911115.0
2026-06-27 08:00:00,0.002314,0.002315,0.002285,0.002296,246229781.0
2026-06-27 12:00:00,0.002295,0.002324,0.002291,0.002318,231115672.0
2026-06-27 16:00:00,0.002317,0.002317,0.002251,0.002269,494445582.0
2026-06-27 20:00:00,0.002269,0.002279,0.002243,0.002254,302915434.0
2026-06-28 00:00:00,0.002255,0.002263,0.002241,0.002249,226504388.0
2026-06-28 04:00:00,0.002249,0.002275,0.002226,0.002274,277756373.0
2026-06-28 08:00:00,0.002273,0.002283,0.002245,0.002267,260896773.0
2026-06-28 12:00:00,0.002267,0.002309,0.00225,0.002284,394849149.0
2026-06-28 16:00:00,0.002285,0.002286,0.002239,0.002262,334573898.0
2026-06-28 20:00:00,0.002261,0.002285,0.002223,0.002256,424182582.0
2026-06-29 00:00:00,0.002256,0.002302,0.00224,0.002291,487471378.0
2026-06-29 04:00:00,0.002291,0.00233,0.00225,0.002285,452329038.0
2026-06-29 08:00:00,0.002284,0.002295,0.002269,0.002277,357153474.0
2026-06-29 12:00:00,0.002277,0.002311,0.00224,0.002283,834688252.0
2026-06-29 16:00:00,0.002284,0.002328,0.002273,0.002291,457005183.0
2026-06-29 20:00:00,0.002291,0.002295,0.002271,0.002279,277091848.0
2026-06-30 00:00:00,0.002279,0.002315,0.002252,0.002272,749324376.0
2026-06-30 04:00:00,0.002272,0.002315,0.002267,0.002278,367561901.0
2026-06-30 08:00:00,0.002279,0.002285,0.00224,0.002247,393551309.0
2026-06-30 12:00:00,0.002247,0.00226,0.002207,0.002234,617087639.0
2026-06-30 16:00:00,0.002234,0.00227,0.00222,0.002257,357407180.0
2026-06-30 20:00:00,0.002257,0.002267,0.002211,0.002232,664880015.0
2026-07-01 00:00:00,0.002233,0.002289,0.002181,0.002283,686827874.0
2026-07-01 04:00:00,0.002284,0.002321,0.002256,0.002272,528656435.0
2026-07-01 08:00:00,0.002271,0.002311,0.002257,0.002295,365527878.0
2026-07-01 12:00:00,0.002296,0.002346,0.002263,0.002332,765684505.0
2026-07-01 16:00:00,0.002332,0.002344,0.002295,0.002303,529364621.0
2026-07-01 20:00:00,0.002303,0.002383,0.002298,0.002302,859665534.0
2026-07-02 00:00:00,0.002303,0.00234,0.002285,0.002334,443505213.0
2026-07-02 04:00:00,0.002334,0.002336,0.002291,0.002304,399296603.0
2026-07-02 08:00:00,0.002305,0.002344,0.002301,0.002329,451181769.0
2026-07-02 12:00:00,0.002328,0.002388,0.002286,0.002303,1147583548.0
2026-07-02 16:00:00,0.002303,0.002339,0.002288,0.002294,649161661.0
2026-07-02 20:00:00,0.002294,0.002338,0.002289,0.002318,474688675.0
2026-07-03 00:00:00,0.002318,0.00234,0.002284,0.002296,601337153.0
2026-07-03 04:00:00,0.002295,0.002363,0.002287,0.002354,574884027.0
2026-07-03 08:00:00,0.002355,0.002491,0.002355,0.002479,1428057589.0
2026-07-03 12:00:00,0.002478,0.002596,0.00246,0.002571,2556851331.0
2026-07-03 16:00:00,0.002572,0.002578,0.002476,0.002515,1348671631.0
2026-07-03 20:00:00,0.002515,0.002532,0.002499,0.002502,505465716.0
2026-07-04 00:00:00,0.002503,0.002513,0.002424,0.002433,726931802.0
2026-07-04 04:00:00,0.002432,0.002437,0.002313,0.002362,1692043954.0
2026-07-04 08:00:00,0.002363,0.0024,0.002356,0.002392,805544451.0
2026-07-04 12:00:00,0.002393,0.002475,0.002389,0.00247,779261851.0
2026-07-04 16:00:00,0.00247,0.0025,0.00243,0.00244,1055034716.0
2026-07-04 20:00:00,0.002439,0.002447,0.002383,0.002395,583624780.0
2026-07-05 00:00:00,0.002395,0.002396,0.002307,0.002334,1288035753.0
2026-07-05 04:00:00,0.002334,0.002359,0.002275,0.002282,923687168.0
2026-07-05 08:00:00,0.002282,0.002307,0.00227,0.002287,642853048.0
2026-07-05 12:00:00,0.002288,0.002337,0.002279,0.002313,724290966.0
2026-07-05 16:00:00,0.002313,0.002333,0.002297,0.002321,556800799.0
2026-07-05 20:00:00,0.002322,0.00236,0.002311,0.002316,915174276.0
2026-07-06 00:00:00,0.002317,0.002319,0.002275,0.002294,862088355.0
2026-07-06 04:00:00,0.002293,0.002297,0.002231,0.002255,962846725.0
2026-07-06 08:00:00,0.002255,0.002275,0.002226,0.002252,738859616.0
2026-07-06 12:00:00,0.002251,0.002279,0.002184,0.002276,1713367281.0
2026-07-06 16:00:00,0.002277,0.002309,0.002265,0.002276,840526780.0
2026-07-06 20:00:00,0.002276,0.002314,0.002246,0.002249,700211767.0
2026-07-07 00:00:00,0.00225,0.002258,0.002214,0.002237,878976628.0
2026-07-07 04:00:00,0.002236,0.002244,0.002208,0.002221,498122800.0
2026-07-07 08:00:00,0.002222,0.002236,0.002207,0.002231,500727952.0
2026-07-07 12:00:00,0.002232,0.002241,0.002186,0.002228,1110205924.0
2026-07-07 16:00:00,0.002228,0.002237,0.002184,0.002213,827380460.0
2026-07-07 20:00:00,0.002213,0.002241,0.002185,0.002218,517585852.0
2026-07-08 00:00:00,0.002219,0.002233,0.002127,0.002149,1407308423.0
2026-07-08 04:00:00,0.002148,0.002148,0.002103,0.002132,1077900518.0
2026-07-08 08:00:00,0.002131,0.00215,0.002037,0.002077,2589861497.0
2026-07-08 12:00:00,0.002078,0.002106,0.002049,0.002064,893918503.0
2026-07-08 16:00:00,0.002065,0.002099,0.002062,0.00209,830543020.0
2026-07-08 20:00:00,0.002089,0.002099,0.002066,0.002083,665855775.0
2026-07-09 00:00:00,0.002083,0.002109,0.002067,0.002092,662405965.0
2026-07-09 04:00:00,0.002092,0.002131,0.002089,0.002119,590636810.0
2026-07-09 08:00:00,0.002119,0.002134,0.002107,0.002121,491839972.0
2026-07-09 12:00:00,0.002121,0.002142,0.002099,0.002121,662560066.0
2026-07-09 16:00:00,0.002121,0.002144,0.002107,0.002119,459088570.0
2026-07-09 20:00:00,0.002119,0.002134,0.002111,0.002115,275069169.0
2026-07-10 00:00:00,0.002116,0.002166,0.002102,0.002144,705671057.0
2026-07-10 04:00:00,0.002146,0.002174,0.002138,0.002158,728890783.0
2026-07-10 08:00:00,0.002158,0.002188,0.002153,0.002176,677366145.0
2026-07-10 12:00:00,0.002176,0.002187,0.002125,0.002151,719501952.0
2026-07-10 16:00:00,0.002151,0.002171,0.002141,0.002151,444206396.0
2026-07-10 20:00:00,0.002152,0.002175,0.002143,0.002155,300738481.0
2026-07-11 00:00:00,0.002156,0.002189,0.002143,0.002167,641724672.0
2026-07-11 04:00:00,0.002167,0.002176,0.002146,0.002158,372145279.0
2026-07-11 08:00:00,0.002158,0.002159,0.002117,0.002136,420893534.0
2026-07-11 12:00:00,0.002136,0.002144,0.002104,0.00212,608804214.0
2026-07-11 16:00:00,0.00212,0.00214,0.002104,0.002133,750560927.0
2026-07-11 20:00:00,0.002133,0.00214,0.002076,0.002082,775245041.0
2026-07-12 00:00:00,0.002082,0.002121,0.002061,0.002106,573892373.0
2026-07-12 04:00:00,0.002106,0.002108,0.002075,0.002089,407613491.0
2026-07-12 08:00:00,0.002089,0.002107,0.002088,0.002095,239102415.0
2026-07-12 12:00:00,0.002095,0.002099,0.002073,0.002077,368552564.0
2026-07-12 16:00:00,0.002078,0.002083,0.002046,0.00207,601335088.0
2026-07-12 20:00:00,0.002071,0.002073,0.002025,0.00205,680482301.0
2026-07-13 00:00:00,0.00205,0.002079,0.001993,0.002024,1143997059.0
2026-07-13 04:00:00,0.002023,0.00205,0.002018,0.002038,485780327.0
2026-07-13 08:00:00,0.002039,0.00205,0.002024,0.002029,520157341.0
2026-07-13 12:00:00,0.00203,0.00205,0.002006,0.00204,776060135.0
2026-07-13 16:00:00,0.002039,0.002042,0.001983,0.002013,808078302.0
2026-07-13 20:00:00,0.002012,0.002031,0.001972,0.002028,521081597.0
2026-07-14 00:00:00,0.002029,0.002036,0.001995,0.002008,561373656.0
2026-07-14 04:00:00,0.002009,0.002041,0.002007,0.002035,335306609.0
2026-07-14 08:00:00,0.002034,0.002094,0.002032,0.00206,1212976089.0
2026-07-14 12:00:00,0.002059,0.002083,0.002021,0.002051,1631169860.0
2026-07-14 16:00:00,0.00205,0.002071,0.002027,0.002033,709015614.0
2026-07-14 20:00:00,0.002034,0.002047,0.002023,0.002037,409367219.0
2026-07-15 00:00:00,0.002037,0.00204,0.002017,0.00203,461816914.0
2026-07-15 04:00:00,0.00203,0.00204,0.002001,0.00202,947054658.0
2026-07-15 08:00:00,0.002021,0.002038,0.00201,0.002022,822493701.0
2026-07-15 12:00:00,0.002022,0.002055,0.002018,0.002027,1046455061.0
2026-07-15 16:00:00,0.002028,0.002044,0.002008,0.002016,721220910.0
2026-07-15 20:00:00,0.002016,0.002035,0.002015,0.002028,333559249.0
2026-07-16 00:00:00,0.002028,0.002045,0.002011,0.00202,632658237.0
2026-07-16 04:00:00,0.00202,0.002025,0.001987,0.001999,937560304.0
2026-07-16 08:00:00,0.001998,0.002015,0.001964,0.002013,806843855.0
2026-07-16 12:00:00,0.002013,0.002053,0.001999,0.002045,1155334872.0
2026-07-16 16:00:00,0.002045,0.002072,0.002029,0.002062,799124144.0
2026-07-16 20:00:00,0.002062,0.002118,0.002062,0.002078,1241587788.0
2026-07-17 00:00:00,0.002078,0.002104,0.002044,0.002059,1176954844.0
2026-07-17 04:00:00,0.002058,0.002066,0.002019,0.002025,684956463.0
2026-07-17 08:00:00,0.002026,0.002059,0.002005,0.002039,803363723.0
2026-07-17 12:00:00,0.00204,0.002077,0.002014,0.002063,987305816.0
2026-07-17 16:00:00,0.002062,0.002221,0.002057,0.002139,4529760331.0
2026-07-17 20:00:00,0.00214,0.002149,0.002084,0.002098,1532329986.0
2026-07-18 00:00:00,0.002098,0.002147,0.002085,0.002138,908284864.0
2026-07-18 04:00:00,0.002138,0.002196,0.002114,0.002143,2121761346.0
2026-07-18 08:00:00,0.002143,0.00215,0.002055,0.002073,1637095295.0
2026-07-18 12:00:00,0.002073,0.002075,0.002033,0.002048,1155642631.0
2026-07-18 16:00:00,0.002048,0.002068,0.002032,0.002041,695276265.0
2026-07-18 20:00:00,0.002042,0.002053,0.002036,0.002049,361528227.0
2026-07-19 00:00:00,0.002048,0.002065,0.002038,0.002058,572863134.0
2026-07-19 04:00:00,0.002059,0.002113,0.00205,0.002075,1011215470.0
2026-07-19 08:00:00,0.002076,0.002095,0.002041,0.002044,636627788.0
2026-07-19 12:00:00,0.002044,0.002062,0.002029,0.00205,601446973.0
2026-07-19 16:00:00,0.002051,0.002055,0.001995,0.002016,837855599.0
2026-07-19 20:00:00,0.002017,0.002024,0.001993,0.002011,457623241.0
2026-07-20 00:00:00,0.002011,0.002027,0.001994,0.002014,519049600.0
2026-07-20 04:00:00,0.002013,0.002016,0.001967,0.002013,830030513.0
2026-07-20 08:00:00,0.002012,0.002053,0.001994,0.002051,670372294.0
2026-07-20 12:00:00,0.002052,0.002064,0.002029,0.002056,829832566.0
2026-07-20 16:00:00,0.002055,0.00206,0.002031,0.00204,704912838.0
2026-07-20 20:00:00,0.00204,0.002049,0.002026,0.002034,353550437.0
2026-07-21 00:00:00,0.002034,0.002037,0.001978,0.002016,1241381926.0
2026-07-21 04:00:00,0.002016,0.002035,0.002006,0.002031,523394336.0
2026-07-21 08:00:00,0.002031,0.002041,0.002015,0.00203,685445368.0
2026-07-21 12:00:00,0.002031,0.002046,0.00202,0.00203,588101437.0
2026-07-21 16:00:00,0.002029,0.002054,0.002025,0.002045,466263204.0
2026-07-21 20:00:00,0.002045,0.002063,0.002036,0.00206,399702312.0
2026-07-22 00:00:00,0.00206,0.002096,0.002056,0.002067,655756835.0
2026-07-22 04:00:00,0.002067,0.002077,0.002034,0.002039,591877142.0
2026-07-22 08:00:00,0.002039,0.002062,0.002034,0.002061,450753829.0
2026-07-22 12:00:00,0.002061,0.002086,0.002045,0.00207,827616646.0
2026-07-22 16:00:00,0.00207,0.002087,0.002047,0.002054,511149705.0
2026-07-22 20:00:00,0.002053,0.002062,0.002035,0.002051,341031216.0
2026-07-23 00:00:00,0.00205,0.002063,0.002023,0.002026,463166932.0
2026-07-23 04:00:00,0.002026,0.002041,0.002015,0.002031,431037406.0
2026-07-23 08:00:00,0.002032,0.002045,0.002019,0.002023,347229890.0
2026-07-23 12:00:00,0.002023,0.002027,0.001966,0.001993,1513508658.0
2026-07-23 16:00:00,0.001993,0.002001,0.001978,0.001999,527712634.0
2026-07-23 20:00:00,0.001999,0.002007,0.001984,0.001989,335295017.0
2026-07-24 00:00:00,0.001989,0.002003,0.001977,0.001999,409979071.0
2026-07-24 04:00:00,0.002,0.002017,0.001993,0.002008,311641277.0
2026-07-24 08:00:00,0.002009,0.002016,0.001999,0.002005,320129655.0
2026-07-24 12:00:00,0.002004,0.002015,0.001942,0.001969,1281934952.0
2026-07-24 16:00:00,0.001968,0.001988,0.001954,0.00198,421780170.0
2026-07-24 20:00:00,0.00198,0.001985,0.00196,0.001979,225797269.0
2026-07-25 00:00:00,0.001979,0.001999,0.001976,0.00198,264042747.0
2026-07-25 04:00:00,0.001981,0.001982,0.001961,0.001964,251065432.0
2026-07-25 08:00:00,0.001964,0.001973,0.001958,0.00196,232796104.0
2026-07-25 12:00:00,0.001961,0.001996,0.001959,0.001989,423565036.0
2026-07-25 16:00:00,0.001989,0.002016,0.001987,0.002,629094240.0
2026-07-25 20:00:00,0.001999,0.002001,0.001986,0.001987,208646999.0
2026-07-26 00:00:00,0.001988,0.001995,0.001979,0.00199,259114512.0
2026-07-26 04:00:00,0.00199,0.002004,0.001983,0.001996,353302428.0
2026-07-26 08:00:00,0.001996,0.002002,0.001985,0.001986,247673891.0
2026-07-26 12:00:00,0.001986,0.001992,0.001975,0.001986,382714910.0
2026-07-26 16:00:00,0.001986,0.001993,0.001972,0.001981,269157377.0
2026-07-26 20:00:00,0.001981,0.002011,0.001973,0.002008,441501401.0
2026-07-27 00:00:00,0.002007,0.002009,0.00199,0.001995,418476302.0
2026-07-27 04:00:00,0.001996,0.002011,0.001984,0.001984,382196404.0
2026-07-27 08:00:00,0.001985,0.001985,0.00195,0.001953,673170020.0
2026-07-27 12:00:00,0.001953,0.001965,0.001864,0.001881,2558654724.0
2026-07-27 16:00:00,0.001881,0.001917,0.001873,0.00191,918046360.0
2026-07-27 20:00:00,0.001911,0.001917,0.001816,0.001852,1350702923.0
2026-07-28 00:00:00,0.001853,0.001864,0.001822,0.001853,692929222.0
2026-07-28 04:00:00,0.001852,0.001862,0.001841,0.001849,364885930.0
2026-07-28 08:00:00,0.001849,0.001854,0.001826,0.00183,522776411.0
2026-07-28 12:00:00,0.001831,0.001837,0.00178,0.001823,1566771864.0
2026-07-28 16:00:00,0.001823,0.001827,0.001798,0.00182,470005833.0
2026-07-28 20:00:00,0.00182,0.00184,0.001816,0.001833,552053813.0
2026-07-29 00:00:00,0.001833,0.00184,0.001773,0.001781,803273795.0
2026-07-29 04:00:00,0.00178,0.001805,0.001765,0.001803,583687750.0
2026-07-29 08:00:00,0.001803,0.001815,0.001786,0.001801,500291335.0
2026-07-29 12:00:00,0.001801,0.001804,0.001787,0.001794,532088049.0
2026-07-29 16:00:00,0.001794,0.001823,0.00177,0.001776,916411826.0
2026-07-29 20:00:00,0.001775,0.001796,0.001741,0.001796,1073531802.0
2026-07-30 00:00:00,0.001796,0.001812,0.00178,0.001785,681618429.0
2026-07-30 04:00:00,0.001784,0.001785,0.001771,0.001771,370051109.0
2026-07-30 08:00:00,0.001772,0.001785,0.001763,0.001777,397956724.0
2026-07-30 12:00:00,0.001778,0.001795,0.001774,0.001777,492756133.0
2026-07-30 16:00:00,0.001778,0.001784,0.001765,0.001783,414244276.0
2026-07-30 20:00:00,0.001783,0.00179,0.001764,0.001768,415879999.0
2026-07-31 00:00:00,0.001769,0.001787,0.001746,0.001759,624158545.0
2026-07-31 04:00:00,0.00176,0.001783,0.001755,0.001779,538911397.0
2026-07-31 08:00:00,0.00178,0.001782,0.001753,0.001764,436241039.0
2026-07-31 12:00:00,0.001764,0.00178,0.001727,0.001775,1075450813.0
2026-07-31 16:00:00,0.001775,0.001828,0.001774,0.001805,868327879.0
2026-07-31 20:00:00,0.001805,0.001827,0.001802,0.001825,543394146.0
2026-08-01 00:00:00,0.001826,0.001841,0.001814,0.001817,604014706.0
2026-08-01 04:00:00,0.001817,0.00183,0.001798,0.001799,389529236.0
2026-08-01 08:00:00,0.001799,0.00181,0.001791,0.001799,373179042.0
2026-08-01 12:00:00,0.001799,0.001809,0.001777,0.001782,562638638.0
2026-08-01 16:00:00,0.001783,0.001791,0.001743,0.001761,930308428.0
2026-08-01 20:00:00,0.00176,0.001779,0.001752,0.001753,384341001.0
2026-08-02 00:00:00,0.001753,0.001786,0.001746,0.001779,792512573.0
2026-08-02 04:00:00,0.001779,0.001787,0.001767,0.001777,453597445.0
2026-08-02 08:00:00,0.001777,0.001778,0.001753,0.001767,505350251.0
2026-08-02 12:00:00,0.001767,0.001785,0.001765,0.001781,286608365.0
2026-08-02 16:00:00,0.001781,0.001789,0.001774,0.001778,303431862.0
2026-08-02 20:00:00,0.001779,0.001811,0.001772,0.001799,533865703.0
2026-08-03 00:00:00,0.001799,0.001804,0.001752,0.001759,599010704.0
2026-08-03 04:00:00,0.001759,0.001772,0.001749,0.001758,425857326.0
2026-08-03 08:00:00,0.001758,0.001772,0.001745,0.001769,399410350.0
2026-08-03 12:00:00,0.001769,0.001808,0.001766,0.001799,752025850.0
2026-08-03 16:00:00,0.001798,0.001813,0.001788,0.001798,544950821.0
2026-08-03 20:00:00,0.001797,0.001813,0.001794,0.00181,565656623.0
2026-08-04 00:00:00,0.001809,0.001817,0.001791,0.001808,466917358.0
2026-08-04 04:00:00,0.001808,0.001826,0.001789,0.001805,688913092.0
2026-08-04 08:00:00,0.001805,0.00181,0.001773,0.001783,576508488.0
2026-08-04 12:00:00,0.001782,0.001785,0.001761,0.001779,895095138.0
2026-08-04 16:00:00,0.001778,0.001804,0.001777,0.001799,414327694.0
2026-08-04 20:00:00,0.001798,0.001815,0.001791,0.001791,545274224.0
2026-08-05 00:00:00,0.001791,0.001792,0.001768,0.001772,663713718.0
2026-08-05 04:00:00,0.001772,0.001784,0.001766,0.001769,393227151.0
2026-08-05 08:00:00,0.00177,0.001774,0.001752,0.001755,627758073.0
2026-08-05 12:00:00,0.001755,0.001777,0.001745,0.001757,941329552.0
2026-08-05 16:00:00,0.001757,0.001792,0.001756,0.001781,604968435.0
2026-08-05 20:00:00,0.001783,0.001794,0.001769,0.00178,567172050.0
2026-08-06 00:00:00,0.00178,0.0018,0.001775,0.001791,577288756.0
2026-08-06 04:00:00,0.001791,0.001806,0.001785,0.001792,508720473.0
2026-08-06 08:00:00,0.001792,0.001798,0.001761,0.001775,567773662.0
2026-08-06 12:00:00,0.001775,0.001787,0.001761,0.001785,618318781.0
2026-08-06 16:00:00,0.001785,0.00181,0.001777,0.001782,776881006.0
2026-08-06 20:00:00,0.001783,0.001826,0.001783,0.001805,664036124.0
2026-08-07 00:00:00,0.001805,0.001814,0.001792,0.001792,453231401.0
2026-08-07 04:00:00,0.001793,0.001804,0.001784,0.001796,558451607.0
2026-08-07 08:00:00,0.001795,0.001798,0.001782,0.001786,448225077.0
2026-08-07 12:00:00,0.001787,0.00179,0.001757,0.001774,772311411.0
2026-08-07 16:00:00,0.001774,0.001778,0.001747,0.001762,568137926.0
2026-08-07 20:00:00,0.001762,0.001765,0.001749,0.001755,317462614.0
2026-08-08 00:00:00,0.001754,0.001783,0.001741,0.001774,597987998.0
2026-08-08 04:00:00,0.001775,0.001782,0.001768,0.001774,279985780.0
2026-08-08 08:00:00,0.001773,0.001779,0.00177,0.001774,191195656.0
2026-08-08 12:00:00,0.001774,0.001813,0.001772,0.001813,676147084.0
2026-08-08 16:00:00,0.001813,0.001839,0.001807,0.001822,772099544.0
2026-08-08 20:00:00,0.001822,0.001825,0.001805,0.001811,326085507.0
2026-08-09 00:00:00,0.00181,0.001815,0.00179,0.0018,441403402.0
2026-08-09 04:00:00,0.001799,0.001816,0.001785,0.001799,483311307.0
2026-08-09 08:00:00,0.001799,0.001808,0.001789,0.001798,318459300.0
2026-08-09 12:00:00,0.001798,0.001815,0.001794,0.001811,373300048.0
2026-08-09 16:00:00,0.001812,0.001814,0.001799,0.001804,356237550.0
2026-08-09 20:00:00,0.001805,0.001856,0.001758,0.001761,1399527238.0
2026-08-10 00:00:00,0.001761,0.001799,0.001756,0.001783,680246701.0
2026-08-10 04:00:00,0.001783,0.001827,0.001782,0.001826,534738914.0
2026-08-10 08:00:00,0.001825,0.001839,0.001803,0.001814,599250358.0
2026-08-10 12:00:00,0.001815,0.001829,0.0018,0.001809,722834958.0
2026-08-10 16:00:00,0.001808,0.001819,0.001795,0.001803,501418067.0
2026-08-10 20:00:00,0.001802,0.001807,0.001782,0.001789,462513817.0
2026-08-11 00:00:00,0.001789,0.001808,0.001781,0.001793,367517353.0
2026-08-11 04:00:00,0.001794,0.001794,0.001745,0.001754,910369671.0
2026-08-11 08:00:00,0.001755,0.001769,0.001749,0.001757,644548465.0
2026-08-11 12:00:00,0.001758,0.001767,0.001691,0.001713,1927159634.0
2026-08-11 16:00:00,0.001713,0.001722,0.001695,0.001716,849614123.0
2026-08-11 20:00:00,0.001717,0.00173,0.001714,0.001726,308433540.0
2026-08-12 00:00:00,0.001727,0.001734,0.001717,0.001723,320405693.0
2026-08-12 04:00:00,0.001722,0.001723,0.001697,0.001703,521465487.0
2026-08-12 08:00:00,0.001702,0.001715,0.001685,0.001713,798551192.0
2026-08-12 12:00:00,0.001714,0.001728,0.001693,0.001698,873918650.0
2026-08-12 16:00:00,0.001698,0.001704,0.001666,0.001674,884120414.0
2026-08-12 20:00:00,0.001674,0.001683,0.001605,0.001644,1271709433.0
2026-08-13 00:00:00,0.001644,0.001653,0.001613,0.001637,655658209.0
2026-08-13 04:00:00,0.001636,0.001661,0.001633,0.001651,550110508.0
2026-08-13 08:00:00,0.00165,0.001674,0.001648,0.00166,496765900.0
2026-08-13 12:00:00,0.00166,0.001689,0.001653,0.001676,658742701.0
2026-08-13 16:00:00,0.001676,0.001683,0.001659,0.001673,576828616.0
2026-08-13 20:00:00,0.001673,0.00168,0.001667,0.001677,298228347.0
2026-08-14 00:00:00,0.001677,0.001683,0.001659,0.001661,384801229.0
2026-08-14 04:00:00,0.00166,0.001663,0.001625,0.00163,604140625.0
2026-08-14 08:00:00,0.00163,0.001638,0.001617,0.001625,485745960.0
2026-08-14 12:00:00,0.001625,0.001658,0.001623,0.001656,510843832.0
2026-08-14 16:00:00,0.001657,0.001703,0.001656,0.001674,908545759.0
2026-08-14 20:00:00,0.001674,0.00168,0.001655,0.001678,407605188.0
2026-08-15 00:00:00,0.001679,0.001688,0.001672,0.001675,370440214.0
2026-08-15 04:00:00,0.001675,0.001683,0.001662,0.001664,252538493.0
2026-08-15 08:00:00,0.001664,0.001673,0.00166,0.001663,274514709.0
2026-08-15 12:00:00,0.001663,0.001664,0.001651,0.001662,353570769.0
2026-08-15 16:00:00,0.001663,0.001665,0.001653,0.001662,277611349.0
2026-08-15 20:00:00,0.001662,0.001671,0.001633,0.001638,454493704.0
2026-08-16 00:00:00,0.001637,0.001654,0.001631,0.001648,343765448.0
2026-08-16 04:00:00,0.001648,0.001681,0.001644,0.001679,497596899.0
2026-08-16 08:00:00,0.00168,0.001696,0.001665,0.001671,774107995.0
2026-08-16 12:00:00,0.001671,0.001678,0.001659,0.001664,347916851.0
2026-08-16 16:00:00,0.001664,0.001669,0.001641,0.001651,322190954.0
2026-08-16 20:00:00,0.001651,0.001655,0.001616,0.001636,818146323.0
2026-08-17 00:00:00,0.001636,0.00166,0.001634,0.001652,401771357.0
2026-08-17 04:00:00,0.001652,0.001664,0.001649,0.001653,287302222.0
2026-08-17 08:00:00,0.001653,0.001654,0.001624,0.001632,659320780.0
2026-08-17 12:00:00,0.001633,0.001642,0.001625,0.001636,550486202.0
2026-08-17 16:00:00,0.001636,0.001646,0.00162,0.001628,478987283.0
2026-08-17 20:00:00,0.001628,0.001629,0.001612,0.001624,298768130.0
2026-08-18 00:00:00,0.001624,0.001628,0.001374,0.001398,8462395301.0
2026-08-18 04:00:00,0.001398,0.001434,0.001355,0.001421,5020167364.0
2026-08-18 08:00:00,0.001421,0.001427,0.001402,0.001415,1619660358.0
2026-08-18 12:00:00,0.001415,0.00143,0.001387,0.001423,2398898163.0
2026-08-18 16:00:00,0.001424,0.001424,0.001374,0.001401,2654546050.0
2026-08-18 20:00:00,0.001402,0.001419,0.001388,0.001392,1087833257.0
2026-08-19 00:00:00,0.001391,0.001393,0.001352,0.001371,2737744633.0
2026-08-19 04:00:00,0.00137,0.001383,0.001358,0.001363,1465309593.0
2026-08-19 08:00:00,0.001363,0.001372,0.001314,0.001354,3483355935.0
2026-08-19 12:00:00,0.001355,0.001426,0.001327,0.001374,4257270889.0
2026-08-19 16:00:00,0.001374,0.001398,0.001359,0.001388,2040432927.0
2026-08-19 20:00:00,0.001388,0.001455,0.001382,0.001423,3179054090.0
2026-08-20 00:00:00,0.001423,0.001446,0.001407,0.001407,1552811487.0
2026-08-20 04:00:00,0.001407,0.00142,0.001398,0.001413,983679362.0
2026-08-20 08:00:00,0.001413,0.001494,0.001412,0.00149,2998363761.0
2026-08-20 12:00:00,0.00149,0.00164,0.001476,0.001614,6104723528.0
2026-08-20 16:00:00,0.001615,0.00165,0.001541,0.001548,4676443294.0
2026-08-20 20:00:00,0.001548,0.001633,0.001545,0.001603,2375200168.0
2026-08-21 00:00:00,0.001603,0.001673,0.001603,0.001635,2821625290.0
2026-08-21 04:00:00,0.001636,0.001784,0.001624,0.001781,3924528408.0
2026-08-21 08:00:00,0.001781,0.001939,0.001727,0.001873,15997418596.0
2026-08-21 12:00:00,0.001872,0.002057,0.001845,0.002007,12240022667.0
2026-08-21 16:00:00,0.002007,0.002176,0.001989,0.002088,16293859970.0
2026-08-21 20:00:00,0.002088,0.002265,0.002052,0.002198,22282847843.0
2026-08-22 00:00:00,0.002197,0.002285,0.002079,0.002163,15121909068.0
2026-08-22 04:00:00,0.002162,0.002206,0.001795,0.00197,9184632047.0
2026-08-22 08:00:00,0.00197,0.001994,0.001872,0.001936,4384132069.0
2026-08-22 12:00:00,0.001935,0.001981,0.001903,0.001917,2918470069.0
2026-08-22 16:00:00,0.001916,0.002009,0.001914,0.001985,1731672168.0
2026-08-22 20:00:00,0.001984,0.002001,0.001867,0.00193,2103231602.0
2026-08-23 00:00:00,0.00193,0.001974,0.001873,0.001882,2099808589.0
2026-08-23 04:00:00,0.001881,0.001958,0.001839,0.001918,2840793014.0
2026-08-23 08:00:00,0.001918,0.002036,0.001912,0.002014,2081590808.0
2026-08-23 12:00:00,0.002014,0.002029,0.00192,0.001982,2429539525.0
2026-08-23 16:00:00,0.001982,0.002004,0.001963,0.001971,1167724528.0
2026-08-23 20:00:00,0.00197,0.001978,0.001936,0.00195,1323495336.0
2026-08-24 00:00:00,0.00195,0.001953,0.001897,0.001929,1483604103.0
2026-08-24 04:00:00,0.001929,0.001969,0.001896,0.001906,1409482356.0
2026-08-24 08:00:00,0.001907,0.001941,0.001887,0.001923,1406095065.0
2026-08-24 12:00:00,0.001924,0.001956,0.001867,0.001899,2692732434.0
2026-08-24 16:00:00,0.001899,0.001925,0.001867,0.001888,1392844753.0
2026-08-24 20:00:00,0.001888,0.001937,0.001879,0.001932,772468450.0
2026-08-25 00:00:00,0.001931,0.00199,0.001912,0.001976,1505972086.0
2026-08-25 04:00:00,0.001977,0.001989,0.00189,0.001906,1568431491.0
2026-08-25 08:00:00,0.001905,0.001929,0.001879,0.001889,905256018.0
2026-08-25 12:00:00,0.001889,0.001907,0.001833,0.001883,1623706799.0
2026-08-25 16:00:00,0.001883,0.001904,0.001865,0.001884,614474230.0
2026-08-25 20:00:00,0.001885,0.001901,0.001807,0.001819,1391565186.0
2026-08-26 00:00:00,0.001819,0.001862,0.001812,0.001848,838674864.0
2026-08-26 04:00:00,0.001847,0.001854,0.001814,0.001814,754037731.0
2026-08-26 08:00:00,0.001814,0.001836,0.001783,0.001809,960493498.0
2026-08-26 12:00:00,0.001809,0.001824,0.001727,0.001743,1668666341.0
2026-08-26 16:00:00,0.001742,0.001763,0.001718,0.001743,995536363.0
2026-08-26 20:00:00,0.001743,0.001808,0.001725,0.0018,918568694.0
2026-08-27 00:00:00,0.0018,0.001807,0.001771,0.001779,538825489.0
2026-08-27 04:00:00,0.001779,0.00179,0.001744,0.001784,698575720.0
2026-08-27 08:00:00,0.001784,0.001885,0.00178,0.001837,1870314168.0
2026-08-27 12:00:00,0.001837,0.001892,0.001806,0.001871,1222411849.0
2026-08-27 16:00:00,0.001872,0.001919,0.001834,0.001838,1440395185.0
2026-08-27 20:00:00,0.001838,0.001878,0.001832,0.001841,836892505.0
2026-08-28 00:00:00,0.00184,0.001908,0.001813,0.001818,1315031831.0
2026-08-28 04:00:00,0.001818,0.001858,0.001795,0.001836,937498320.0
2026-08-28 08:00:00,0.001836,0.001856,0.001804,0.001826,669216929.0
2026-08-28 12:00:00,0.001826,0.001845,0.001767,0.001779,1792680518.0
2026-08-28 16:00:00,0.001779,0.001786,0.001712,0.001742,1827304543.0
2026-08-28 20:00:00,0.001741,0.001776,0.001735,0.001774,596209088.0
2026-08-29 00:00:00,0.001773,0.001787,0.001756,0.001757,505844386.0
2026-08-29 04:00:00,0.001756,0.001774,0.001742,0.001745,322403908.0
2026-08-29 08:00:00,0.001745,0.001795,0.001731,0.001781,920802837.0
2026-08-29 12:00:00,0.001781,0.001831,0.001779,0.001792,768917288.0
2026-08-29 16:00:00,0.001793,0.001801,0.001761,0.001775,506441495.0
2026-08-29 20:00:00,0.001775,0.001786,0.001769,0.001773,271285431.0
2026-08-30 00:00:00,0.001772,0.00178,0.001754,0.001766,369599879.0
2026-08-30 04:00:00,0.001766,0.001793,0.001747,0.001773,388230183.0
2026-08-30 08:00:00,0.001773,0.001783,0.001758,0.001777,513051595.0
2026-08-30 12:00:00,0.001778,0.001796,0.001763,0.001769,532733461.0
2026-08-30 16:00:00,0.001769,0.001788,0.001744,0.001748,658782864.0
2026-08-30 20:00:00,0.001749,0.001763,0.001615,0.001641,2724663614.0
2026-08-31 00:00:00,0.001641,0.001705,0.001633,0.001702,1188701074.0
2026-08-31 04:00:00,0.001703,0.001725,0.001695,0.001713,640969001.0
2026-08-31 08:00:00,0.001713,0.00174,0.001706,0.001718,469382758.0
2026-08-31 12:00:00,0.001719,0.001733,0.001693,0.001718,800822703.0
2026-08-31 16:00:00,0.001719,0.001768,0.001714,0.001733,853444716.0
2026-08-31 20:00:00,0.001732,0.001756,0.001702,0.00171,608802526.0
2026-09-01 00:00:00,0.001711,0.00174,0.001705,0.00172,619661132.0
2026-09-01 04:00:00,0.00172,0.001771,0.001719,0.001747,640317348.0
2026-09-01 08:00:00,0.001747,0.001766,0.001705,0.001757,858594510.0
2026-09-01 12:00:00,0.001758,0.001786,0.001719,0.001767,1027897349.0
2026-09-01 16:00:00,0.001768,0.001797,0.001723,0.001784,1365024020.0
2026-09-01 20:00:00,0.001784,0.001808,0.001738,0.001772,1163952530.0
2026-09-02 00:00:00,0.001771,0.00181,0.00173,0.001808,965948943.0
2026-09-02 04:00:00,0.001808,0.00183,0.001769,0.001773,1073849607.0
2026-09-02 08:00:00,0.001774,0.001783,0.001721,0.001731,1277602828.0
2026-09-02 12:00:00,0.00173,0.001753,0.001709,0.00174,958673663.0
2026-09-02 16:00:00,0.00174,0.001756,0.001724,0.001734,765232059.0
2026-09-02 20:00:00,0.001734,0.001743,0.001712,0.001728,550547311.0
2026-09-03 00:00:00,0.001728,0.001776,0.001713,0.001763,814818170.0
2026-09-03 04:00:00,0.001763,0.001793,0.00175,0.00177,674427325.0
2026-09-03 08:00:00,0.00177,0.001787,0.00175,0.001764,512520979.0
2026-09-03 12:00:00,0.001765,0.001819,0.001744,0.001814,1111063085.0
2026-09-03 16:00:00,0.001815,0.001832,0.00179,0.00181,921376862.0
2026-09-03 20:00:00,0.001811,0.001822,0.001781,0.001789,667745568.0
2026-09-04 00:00:00,0.001789,0.001803,0.001766,0.001775,621143531.0
2026-09-04 04:00:00,0.001775,0.001781,0.001738,0.001767,612680819.0
2026-09-04 08:00:00,0.001768,0.001803,0.001765,0.001798,689118081.0
2026-09-04 12:00:00,0.001799,0.001807,0.001715,0.001748,2051978036.0
2026-09-04 16:00:00,0.001748,0.001795,0.001745,0.001775,669527039.0
2026-09-04 20:00:00,0.001774,0.001779,0.001735,0.001764,470578207.0
2026-09-05 00:00:00,0.001764,0.001838,0.001756,0.001826,1034260509.0
2026-09-05 04:00:00,0.001826,0.00194,0.001826,0.001927,1959573460.0
2026-09-05 08:00:00,0.001927,0.001937,0.001867,0.001872,1651694182.0
2026-09-05 12:00:00,0.001872,0.001894,0.001852,0.001862,829801474.0
2026-09-05 16:00:00,0.001861,0.001883,0.001856,0.001871,598607068.0
2026-09-05 20:00:00,0.001871,0.00191,0.001869,0.001883,928408817.0
2026-09-06 00:00:00,0.001883,0.001922,0.001878,0.001907,826185212.0
2026-09-06 04:00:00,0.001908,0.001909,0.001848,0.00188,865392832.0
2026-09-06 08:00:00,0.00188,0.00191,0.001869,0.001901,756029810.0
2026-09-06 12:00:00,0.001902,0.001903,0.001835,0.001869,854755086.0
2026-09-06 16:00:00,0.00187,0.001904,0.001864,0.001892,600898748.0
2026-09-06 20:00:00,0.001891,0.001934,0.001886,0.001912,906313442.0
2026-09-07 00:00:00,0.001912,0.001945,0.001867,0.00188,1123307667.0
2026-09-07 04:00:00,0.00188,0.00194,0.001855,0.001877,1239880137.0
2026-09-07 08:00:00,0.001876,0.001918,0.001876,0.001909,868857040.0
2026-09-07 12:00:00,0.001909,0.001968,0.001886,0.001903,2047509481.0
2026-09-07 16:00:00,0.001904,0.001979,0.001901,0.001938,1221540713.0
2026-09-07 20:00:00,0.001938,0.001938,0.001873,0.001911,742526161.0
2026-09-08 00:00:00,0.001912,0.00194,0.001882,0.001896,856089673.0
2026-09-08 04:00:00,0.001896,0.001925,0.001873,0.001894,728234923.0
2026-09-08 08:00:00,0.001894,0.001941,0.001873,0.001897,880953769.0
2026-09-08 12:00:00,0.001898,0.001945,0.001842,0.001921,1354973374.0
2026-09-08 16:00:00,0.00192,0.001923,0.001879,0.001888,884705650.0
2026-09-08 20:00:00,0.001888,0.001912,0.001878,0.001893,464139930.0
2026-09-09 00:00:00,0.001893,0.001921,0.001855,0.001855,752637771.0
2026-09-09 04:00:00,0.001856,0.001902,0.001854,0.001887,494297357.0
2026-09-09 08:00:00,0.001886,0.001923,0.001851,0.001885,973409384.0
2026-09-09 12:00:00,0.001885,0.001898,0.001809,0.001858,1527508847.0
2026-09-09 16:00:00,0.001857,0.00188,0.001792,0.001799,1201058249.0
2026-09-09 20:00:00,0.001799,0.001827,0.001715,0.001773,1542249829.0
2026-09-10 00:00:00,0.001773,0.001775,0.001716,0.00176,1321747934.0
2026-09-10 04:00:00,0.001759,0.001772,0.001729,0.001737,693842189.0
2026-09-10 08:00:00,0.001737,0.001751,0.001716,0.001733,711214312.0
2026-09-10 12:00:00,0.001732,0.001738,0.001656,0.001702,1767321994.0
2026-09-10 16:00:00,0.001702,0.001732,0.001675,0.001713,818825330.0
2026-09-10 20:00:00,0.001714,0.00173,0.001667,0.001675,515777818.0
2026-09-11 00:00:00,0.001674,0.001697,0.001673,0.001694,462779514.0
2026-09-11 04:00:00,0.001694,0.001709,0.001685,0.001692,402002989.0
2026-09-11 08:00:00,0.001692,0.001709,0.001636,0.001665,872032709.0
2026-09-11 12:00:00,0.001665,0.001779,0.001635,0.00171,2783541666.0
2026-09-11 16:00:00,0.00171,0.001733,0.00165,0.001676,1361113422.0
2026-09-11 20:00:00,0.001675,0.001687,0.001651,0.001677,599015671.0
2026-09-12 00:00:00,0.001677,0.001715,0.001676,0.001703,419378154.0
2026-09-12 04:00:00,0.001703,0.001708,0.001689,0.001703,369257436.0
2026-09-12 08:00:00,0.001704,0.001712,0.001692,0.001698,312490287.0
2026-09-12 12:00:00,0.001698,0.0017,0.001686,0.001697,384205945.0
2026-09-12 16:00:00,0.001697,0.001701,0.001676,0.001682,418109810.0
2026-09-12 20:00:00,0.001682,0.001694,0.001665,0.001674,351729915.0
2026-09-13 00:00:00,0.001674,0.00168,0.001659,0.001663,466605432.0
2026-09-13 04:00:00,0.001663,0.001713,0.001662,0.0017,767845490.0
2026-09-13 08:00:00,0.001699,0.001708,0.001662,0.001678,835760894.0
2026-09-13 12:00:00,0.001678,0.001725,0.001669,0.001685,916351901.0
2026-09-13 16:00:00,0.001685,0.001726,0.001681,0.0017,539922279.0
2026-09-13 20:00:00,0.001699,0.001717,0.001644,0.001662,908704281.0
2026-09-14 00:00:00,0.001662,0.001713,0.001652,0.001699,640289483.0
2026-09-14 04:00:00,0.001698,0.001726,0.001686,0.00171,547390938.0
2026-09-14 08:00:00,0.00171,0.001744,0.001695,0.001711,869228433.0
2026-09-14 12:00:00,0.001712,0.001725,0.001686,0.001716,732941416.0
2026-09-14 16:00:00,0.001716,0.001763,0.001711,0.001736,767941853.0
2026-09-14 20:00:00,0.001736,0.001762,0.001696,0.001703,720392364.0
2026-09-15 00:00:00,0.001702,0.001709,0.001681,0.001689,478696412.0
2026-09-15 04:00:00,0.001688,0.001695,0.001658,0.001664,593718109.0
2026-09-15 08:00:00,0.001664,0.001694,0.001656,0.001672,835366216.0
2026-09-15 12:00:00,0.001673,0.001695,0.001642,0.001669,1277677878.0
2026-09-15 16:00:00,0.001668,0.001691,0.001579,0.001648,1853225146.0
2026-09-15 20:00:00,0.001647,0.001651,0.001606,0.001624,733316029.0
2026-09-16 00:00:00,0.001624,0.001645,0.001611,0.001636,533322852.0
2026-09-16 04:00:00,0.001636,0.001642,0.00161,0.001613,555938449.0
2026-09-16 08:00:00,0.001613,0.001623,0.001601,0.001618,484326045.0
2026-09-16 12:00:00,0.001619,0.001622,0.001572,0.001576,1099699746.0
2026-09-16 16:00:00,0.001576,0.00161,0.00155,0.001579,1583940280.0
2026-09-16 20:00:00,0.001578,0.001639,0.001577,0.001634,839447000.0
2026-09-17 00:00:00,0.001634,0.001662,0.001633,0.001652,667326387.0
2026-09-17 04:00:00,0.001651,0.001671,0.001641,0.001665,473232984.0
2026-09-17 08:00:00,0.001665,0.001742,0.001663,0.00173,1591391693.0
2026-09-17 12:00:00,0.001729,0.00176,0.0017,0.001755,1163038666.0
2026-09-17 16:00:00,0.001756,0.00191,0.001754,0.001843,6595924504.0
2026-09-17 20:00:00,0.001843,0.001856,0.001814,0.001837,1942891660.0
2026-09-18 00:00:00,0.001837,0.001897,0.001821,0.001888,1740390927.0
2026-09-18 04:00:00,0.001889,0.001895,0.001846,0.001859,1465008644.0
2026-09-18 08:00:00,0.00186,0.001897,0.001775,0.001838,4302724904.0
2026-09-18 12:00:00,0.001838,0.001896,0.001815,0.001872,1992596544.0
2026-09-18 16:00:00,0.001873,0.001926,0.001869,0.001912,1759736483.0
2026-09-18 20:00:00,0.001912,0.001945,0.001904,0.001925,1018340112.0
2026-09-19 00:00:00,0.001925,0.00197,0.001892,0.001916,1540856292.0
2026-09-19 04:00:00,0.001916,0.001931,0.001865,0.001869,1165877816.0
2026-09-19 08:00:00,0.001869,0.001917,0.001859,0.001911,918797604.0
2026-09-19 12:00:00,0.001911,0.00193,0.001892,0.001913,982368536.0
2026-09-19 16:00:00,0.001912,0.001957,0.001901,0.001938,1122872336.0
2026-09-19 20:00:00,0.001938,0.001961,0.001892,0.001936,781025944.0
2026-09-20 00:00:00,0.001936,0.001955,0.001852,0.001877,1118111730.0
2026-09-20 04:00:00,0.001877,0.001915,0.001856,0.001861,757724790.0
2026-09-20 08:00:00,0.001862,0.001879,0.001827,0.001857,953425550.0
2026-09-20 12:00:00,0.001857,0.001883,0.001837,0.00188,662721149.0
2026-09-20 16:00:00,0.00188,0.001947,0.001879,0.001933,1188848261.0
2026-09-20 20:00:00,0.001933,0.001959,0.001897,0.001935,936800592.0
2026-09-21 00:00:00,0.001934,0.001997,0.001921,0.001986,1267409624.0
2026-09-21 04:00:00,0.001986,0.002005,0.001953,0.001962,1107844279.0
2026-09-21 08:00:00,0.001962,0.002055,0.001958,0.002036,1597064099.0
2026-09-21 12:00:00,0.002036,0.00214,0.002024,0.002127,2458985336.0
2026-09-21 16:00:00,0.002126,0.002146,0.002064,0.002093,1427903925.0
2026-09-21 20:00:00,0.002093,0.002124,0.002058,0.002082,886437289.0
2026-09-22 00:00:00,0.002082,0.00211,0.002069,0.002105,792142402.0
2026-09-22 04:00:00,0.002105,0.002112,0.002032,0.002071,1077958174.0
2026-09-22 08:00:00,0.002072,0.002098,0.002024,0.002051,662323398.0
2026-09-22 12:00:00,0.00205,0.002124,0.00204,0.002123,1501602193.0
2026-09-22 16:00:00,0.002123,0.002146,0.002093,0.002128,958640631.0
2026-09-22 20:00:00,0.002128,0.002174,0.002094,0.002155,1004652011.0
2026-09-23 00:00:00,0.002156,0.002191,0.002127,0.002164,886550989.0
2026-09-23 04:00:00,0.002163,0.002186,0.002127,0.00215,954220440.0
2026-09-23 08:00:00,0.00215,0.002178,0.002092,0.002109,1172324888.0
2026-09-23 12:00:00,0.002109,0.002113,0.001911,0.001916,3553092972.0
2026-09-23 16:00:00,0.001916,0.001942,0.001878,0.001899,1767259841.0
2026-09-23 20:00:00,0.0019,0.001926,0.001889,0.001907,899837500.0
2026-09-24 00:00:00,0.001907,0.001952,0.001883,0.001931,794800505.0
2026-09-24 04:00:00,0.001932,0.002018,0.001924,0.001994,1008055053.0
2026-09-24 08:00:00,0.001994,0.001997,0.001892,0.001907,1298532133.0
2026-09-24 12:00:00,0.001906,0.002052,0.001897,0.00202,1875725490.0
2026-09-24 16:00:00,0.00202,0.002054,0.00199,0.002029,1189135273.0
2026-09-24 20:00:00,0.002028,0.002034,0.001991,0.002002,489092551.0
2026-09-25 00:00:00,0.002001,0.002031,0.001964,0.001993,1167994383.0
2026-09-25 04:00:00,0.001993,0.00206,0.001984,0.002045,1233192178.0
2026-09-25 08:00:00,0.002046,0.002131,0.00204,0.002105,1842553051.0
2026-09-25 12:00:00,0.002105,0.002132,0.00204,0.002097,2276898460.0
2026-09-25 16:00:00,0.002097,0.002162,0.002089,0.002147,1907721900.0
2026-09-25 20:00:00,0.002147,0.002191,0.002121,0.00218,1247721336.0
2026-09-26 00:00:00,0.002179,0.002193,0.002131,0.002149,1027732805.0
2026-09-26 04:00:00,0.00215,0.002197,0.002141,0.002187,800068432.0
2026-09-26 08:00:00,0.002187,0.002265,0.002147,0.002201,2654611124.0
2026-09-26 12:00:00,0.0022,0.002271,0.002178,0.002266,1326123207.0
2026-09-26 16:00:00,0.002265,0.002397,0.002258,0.002279,3971469557.0
2026-09-26 20:00:00,0.002278,0.002284,0.002203,0.002251,1320113904.0
2026-09-27 00:00:00,0.00225,0.002294,0.002237,0.002261,1033516620.0
2026-09-27 04:00:00,0.002261,0.00235,0.002228,0.002344,1421198964.0
2026-09-27 08:00:00,0.002343,0.002348,0.002275,0.002283,1209737167.0
2026-09-27 12:00:00,0.002283,0.002295,0.00224,0.002274,1403331742.0
2026-09-27 16:00:00,0.002274,0.002323,0.00227,0.002304,954394126.0
2026-09-27 20:00:00,0.002303,0.002331,0.002252,0.002322,1149179899.0
2026-09-28 00:00:00,0.002321,0.002347,0.002188,0.002221,1606556295.0
2026-09-28 04:00:00,0.002221,0.002248,0.002127,0.002129,1681711269.0
2026-09-28 08:00:00,0.002129,0.002179,0.002116,0.002144,1140693354.0
2026-09-28 12:00:00,0.002144,0.002205,0.002086,0.002143,1944261684.0
2026-09-28 16:00:00,0.002142,0.002207,0.002091,0.002105,1248378507.0
2026-09-28 20:00:00,0.002106,0.002167,0.002087,0.002162,914172882.0
2026-09-29 00:00:00,0.002161,0.002176,0.002096,0.002131,1170503151.0
2026-09-29 04:00:00,0.002131,0.002265,0.002115,0.002253,1309701192.0
2026-09-29 08:00:00,0.002254,0.002339,0.002232,0.002325,2102711413.0
2026-09-29 12:00:00,0.002325,0.002361,0.002258,0.002268,2048852977.0
2026-09-29 16:00:00,0.002267,0.002291,0.002217,0.002221,1646513108.0
2026-09-29 20:00:00,0.002221,0.002259,0.002193,0.002207,705029642.0
2026-09-30 00:00:00,0.002207,0.002262,0.002194,0.002227,708940326.0
2026-09-30 04:00:00,0.002227,0.002292,0.002226,0.002251,1043839168.0
2026-09-30 08:00:00,0.002251,0.002339,0.002237,0.002287,1333081476.0
2026-09-30 12:00:00,0.002287,0.002329,0.002226,0.002282,1812722298.0
2026-09-30 16:00:00,0.002283,0.002337,0.002256,0.002273,1330936790.0
2026-09-30 20:00:00,0.002273,0.002356,0.002271,0.002315,1039517837.0
2026-10-01 00:00:00,0.002316,0.002372,0.002287,0.002325,939840326.0
2026-10-01 04:00:00,0.002326,0.002327,0.002256,0.00227,923447889.0
2026-10-01 08:00:00,0.00227,0.002294,0.002232,0.002267,794675540.0
2026-10-01 12:00:00,0.002268,0.002273,0.002219,0.002261,1087138172.0
2026-10-01 16:00:00,0.002261,0.002324,0.002239,0.002297,1238552786.0
2026-10-01 20:00:00,0.002298,0.002308,0.002249,0.002257,467270892.0
2026-10-02 00:00:00,0.002257,0.002319,0.002243,0.002292,726884316.0
2026-10-02 04:00:00,0.002293,0.002507,0.002281,0.002492,3556602688.0
2026-10-02 08:00:00,0.002491,0.002628,0.002438,0.002619,6763366317.0
2026-10-02 12:00:00,0.00262,0.002748,0.002554,0.00259,10963825456.0
2026-10-02 16:00:00,0.002591,0.002713,0.002416,0.002539,8214451878.0
2026-10-02 20:00:00,0.002539,0.002665,0.002476,0.002655,3669477704.0
2026-10-03 00:00:00,0.002656,0.002759,0.002571,0.002628,7522319722.0
2026-10-03 04:00:00,0.002627,0.002717,0.002525,0.00257,6502130269.0
2026-10-03 08:00:00,0.002571,0.002605,0.002495,0.002521,2773706168.0
2026-10-03 12:00:00,0.002522,0.002551,0.002493,0.002514,1716060512.0
2026-10-03 16:00:00,0.002514,0.002544,0.002499,0.002515,938878493.0
2026-10-03 20:00:00,0.002515,0.00256,0.002499,0.002511,965584711.0
2026-10-04 00:00:00,0.002511,0.002545,0.002494,0.002524,747270414.0
