t,o,h,l,c,v
2024-09-14 04:00:00,19.611,19.69,19.356,19.439,712498.3
2024-09-14 08:00:00,19.439,19.504,19.156,19.351,638877.3
2024-09-14 12:00:00,19.351,19.671,19.303,19.551,521403.8
2024-09-14 16:00:00,19.552,19.649,19.293,19.439,517665.0
2024-09-14 20:00:00,19.438,19.696,19.415,19.608,366062.1
2024-09-15 00:00:00,19.609,20.196,19.536,20.12,598158.1
2024-09-15 04:00:00,20.119,20.176,19.705,19.787,631283.2
2024-09-15 08:00:00,19.787,19.948,19.63,19.803,477054.3
2024-09-15 12:00:00,19.804,20.07,19.626,19.884,694506.7
2024-09-15 16:00:00,19.883,19.944,19.551,19.603,807889.0
2024-09-15 20:00:00,19.603,19.615,18.462,18.64,1153189.9
2024-09-16 00:00:00,18.641,18.669,17.953,18.333,1081298.2
2024-09-16 04:00:00,18.332,18.896,18.268,18.857,653471.0
2024-09-16 08:00:00,18.855,18.936,18.346,18.4,728990.0
2024-09-16 12:00:00,18.406,18.475,17.967,18.182,875778.8
2024-09-16 16:00:00,18.181,18.227,17.876,17.987,783491.1
2024-09-16 20:00:00,17.989,18.209,17.729,17.989,595962.0
2024-09-17 00:00:00,17.989,18.12,17.712,18.034,539377.6
2024-09-17 04:00:00,18.033,18.441,18.02,18.336,590126.0
2024-09-17 08:00:00,18.332,18.591,18.195,18.306,631097.0
2024-09-17 12:00:00,18.305,19.944,18.1,19.823,1932044.0
2024-09-17 16:00:00,19.822,19.963,19.073,19.226,1192356.9
2024-09-17 20:00:00,19.226,19.598,19.198,19.485,450461.8
2024-09-18 00:00:00,19.485,19.542,19.252,19.33,543012.0
2024-09-18 04:00:00,19.331,19.432,18.99,19.081,423359.6
2024-09-18 08:00:00,19.081,19.146,18.45,18.675,812891.1
2024-09-18 12:00:00,18.676,18.779,18.189,18.27,869048.6
2024-09-18 16:00:00,18.268,19.625,18.152,19.006,2289200.8
2024-09-18 20:00:00,19.002,19.831,18.756,19.807,787680.5
2024-09-19 00:00:00,19.811,20.725,19.755,20.37,1465972.4
2024-09-19 04:00:00,20.37,20.836,20.291,20.767,876436.1
2024-09-19 08:00:00,20.767,20.929,20.479,20.827,947986.2
2024-09-19 12:00:00,20.826,20.949,20.415,20.707,1111821.2
2024-09-19 16:00:00,20.707,21.042,20.535,20.556,834668.0
2024-09-19 20:00:00,20.558,20.64,20.308,20.44,558818.5
2024-09-20 00:00:00,20.439,20.958,20.082,20.948,721747.7
2024-09-20 04:00:00,20.948,21.399,20.775,21.318,1303216.1
2024-09-20 08:00:00,21.319,21.326,20.625,20.803,879060.7
2024-09-20 12:00:00,20.804,21.01,20.411,20.748,1001979.7
2024-09-20 16:00:00,20.75,20.912,20.326,20.684,715410.4
2024-09-20 20:00:00,20.684,21.196,20.684,21.053,409055.0
2024-09-21 00:00:00,21.054,21.185,20.6,20.672,535995.0
2024-09-21 04:00:00,20.672,20.969,20.466,20.962,367820.4
2024-09-21 08:00:00,20.965,21.03,20.647,20.828,356427.7
2024-09-21 12:00:00,20.829,21.684,20.764,21.108,902346.0
2024-09-21 16:00:00,21.107,21.259,20.983,21.02,367589.3
2024-09-21 20:00:00,21.019,21.299,20.801,21.16,363930.0
2024-09-22 00:00:00,21.16,21.256,20.529,21.172,745464.0
2024-09-22 04:00:00,21.172,21.385,20.978,21.224,725493.9
2024-09-22 08:00:00,21.226,21.588,20.856,21.017,1154096.2
2024-09-22 12:00:00,21.018,21.23,20.618,20.907,839939.6
2024-09-22 16:00:00,20.904,21.533,20.63,21.414,1148594.3
2024-09-22 20:00:00,21.411,21.907,20.64,21.676,1536012.1
2024-09-23 00:00:00,21.677,22.135,21.07,21.716,1717926.8
2024-09-23 04:00:00,21.717,22.292,21.474,22.189,1227357.1
2024-09-23 08:00:00,22.189,22.558,22.04,22.153,1364483.1
2024-09-23 12:00:00,22.152,22.429,21.808,22.301,1314979.5
2024-09-23 16:00:00,22.297,22.452,21.93,22.232,849999.7
2024-09-23 20:00:00,22.236,22.515,21.978,22.429,613002.2
2024-09-24 00:00:00,22.43,22.599,21.984,22.261,992895.1
2024-09-24 04:00:00,22.261,22.88,22.083,22.651,874982.5
2024-09-24 08:00:00,22.649,22.773,22.059,22.157,963185.9
2024-09-24 12:00:00,22.158,22.448,21.428,21.711,1840520.0
2024-09-24 16:00:00,21.712,22.2,21.635,22.132,930654.9
2024-09-24 20:00:00,22.129,22.294,21.822,21.843,853978.3
2024-09-25 00:00:00,21.844,22.066,21.51,21.817,1455756.0
2024-09-25 04:00:00,21.815,21.912,21.2,21.351,1022593.8
2024-09-25 08:00:00,21.351,21.696,21.201,21.608,1267512.4
2024-09-25 12:00:00,21.609,22.241,21.382,21.826,1469131.3
2024-09-25 16:00:00,21.825,22.97,21.738,22.622,2258992.8
2024-09-25 20:00:00,22.619,23.22,22.297,22.468,1470972.3
2024-09-26 00:00:00,22.47,22.895,22.063,22.759,1408773.5
2024-09-26 04:00:00,22.761,23.777,22.715,23.703,1425168.6
2024-09-26 08:00:00,23.702,23.709,23.025,23.436,1398399.5
2024-09-26 12:00:00,23.437,23.654,23.009,23.452,1969304.7
2024-09-26 16:00:00,23.451,23.594,22.789,22.821,1176547.6
2024-09-26 20:00:00,22.823,23.184,22.603,23.04,847687.4
2024-09-27 00:00:00,23.039,23.499,22.888,23.417,698328.0
2024-09-27 04:00:00,23.417,23.474,23.047,23.16,771712.7
2024-09-27 08:00:00,23.16,23.418,22.712,22.966,864235.8
2024-09-27 12:00:00,22.969,23.419,22.797,23.24,1107508.5
2024-09-27 16:00:00,23.239,23.865,23.233,23.52,942798.9
2024-09-27 20:00:00,23.525,23.777,23.386,23.603,446417.2
2024-09-28 00:00:00,23.602,23.982,23.488,23.936,486514.4
2024-09-28 04:00:00,23.937,23.99,22.996,23.069,805236.0
2024-09-28 08:00:00,23.069,23.387,22.62,23.266,828866.0
2024-09-28 12:00:00,23.266,23.278,22.825,23.025,585747.6
2024-09-28 16:00:00,23.024,23.051,22.712,22.898,386704.8
2024-09-28 20:00:00,22.898,22.95,22.461,22.836,487339.2
2024-09-29 00:00:00,22.836,22.994,22.537,22.871,522510.7
2024-09-29 04:00:00,22.871,22.892,22.256,22.352,710203.0
2024-09-29 08:00:00,22.352,22.689,22.304,22.627,501056.8
2024-09-29 12:00:00,22.629,22.761,22.203,22.734,641277.1
2024-09-29 16:00:00,22.733,23.392,22.565,23.375,759587.9
2024-09-29 20:00:00,23.377,23.743,23.057,23.227,911196.4
2024-09-30 00:00:00,23.229,23.278,22.36,22.874,1133162.9
2024-09-30 04:00:00,22.874,23.641,22.554,23.558,928947.0
2024-09-30 08:00:00,23.56,23.619,22.603,22.925,1199328.1
2024-09-30 12:00:00,22.924,23.511,22.739,22.932,1619423.3
2024-09-30 16:00:00,22.933,23.435,22.816,23.405,1073578.1
2024-09-30 20:00:00,23.404,23.9,22.75,22.863,1569021.1
2024-10-01 00:00:00,22.863,24.9,22.692,24.789,2275835.5
2024-10-01 04:00:00,24.791,24.9,24.041,24.498,1354926.5
2024-10-01 08:00:00,24.497,24.568,23.888,23.949,796623.9
2024-10-01 12:00:00,23.949,24.2,21.6,22.041,3358731.0
2024-10-01 16:00:00,22.04,22.252,20.1,20.78,3549370.0
2024-10-01 20:00:00,20.78,20.97,20.33,20.678,1437111.8
2024-10-02 00:00:00,20.678,21.246,20.393,21.069,1085212.1
2024-10-02 04:00:00,21.068,22.337,20.844,22.151,1472464.4
2024-10-02 08:00:00,22.151,22.379,21.105,21.355,1556191.3
2024-10-02 12:00:00,21.355,22.121,20.461,21.758,2611083.3
2024-10-02 16:00:00,21.76,22.082,19.789,20.094,2423468.8
2024-10-02 20:00:00,20.093,20.543,19.876,20.175,1270475.9
2024-10-03 00:00:00,20.175,20.513,19.969,20.506,1053328.1
2024-10-03 04:00:00,20.506,20.537,19.641,19.702,1044293.1
2024-10-03 08:00:00,19.701,19.752,18.961,19.377,1995963.8
2024-10-03 12:00:00,19.377,19.647,18.5,19.096,2488879.3
2024-10-03 16:00:00,19.096,19.205,18.533,19.158,1642386.4
2024-10-03 20:00:00,19.157,19.253,18.778,19.028,786851.2
2024-10-04 00:00:00,19.027,19.394,18.866,19.155,902880.7
2024-10-04 04:00:00,19.155,19.518,19.135,19.458,748707.4
2024-10-04 08:00:00,19.457,19.965,19.407,19.93,1043829.5
2024-10-04 12:00:00,19.93,20.381,19.62,20.295,1731470.6
2024-10-04 16:00:00,20.297,20.594,20.181,20.444,715300.2
2024-10-04 20:00:00,20.445,20.514,20.26,20.362,380203.5
2024-10-05 00:00:00,20.362,20.518,19.921,19.948,491185.8
2024-10-05 04:00:00,19.946,20.407,19.892,20.282,416374.1
2024-10-05 08:00:00,20.281,20.492,20.245,20.255,331751.1
2024-10-05 12:00:00,20.253,20.357,19.952,20.061,510081.6
2024-10-05 16:00:00,20.06,20.079,19.646,19.725,582419.6
2024-10-05 20:00:00,19.726,19.937,19.543,19.879,397303.5
2024-10-06 00:00:00,19.88,20.072,19.672,19.704,263259.9
2024-10-06 04:00:00,19.703,19.88,19.623,19.821,290276.8
2024-10-06 08:00:00,19.82,20.057,19.746,20.039,284786.9
2024-10-06 12:00:00,20.039,20.606,19.958,20.581,673450.8
2024-10-06 16:00:00,20.58,20.715,20.347,20.41,640644.0
2024-10-06 20:00:00,20.409,20.855,20.3,20.753,500130.9
2024-10-07 00:00:00,20.752,21.508,20.667,21.142,900310.4
2024-10-07 04:00:00,21.143,21.313,21.058,21.12,454409.4
2024-10-07 08:00:00,21.119,21.257,20.35,20.938,923870.9
2024-10-07 12:00:00,20.932,21.495,20.667,21.305,1295298.1
2024-10-07 16:00:00,21.304,21.738,20.927,21.265,1065622.1
2024-10-07 20:00:00,21.269,21.312,20.475,20.533,773618.8
2024-10-08 00:00:00,20.534,20.833,20.431,20.746,635170.6
2024-10-08 04:00:00,20.746,20.858,19.837,19.944,878169.2
2024-10-08 08:00:00,19.943,20.18,19.57,19.793,1018438.2
2024-10-08 12:00:00,19.793,20.102,19.192,19.388,1745014.6
2024-10-08 16:00:00,19.387,19.839,19.342,19.449,944042.3
2024-10-08 20:00:00,19.449,19.802,19.284,19.492,533065.9
2024-10-09 00:00:00,19.491,19.937,19.353,19.762,616528.5
2024-10-09 04:00:00,19.759,20.043,19.634,19.866,482567.6
2024-10-09 08:00:00,19.865,19.983,19.707,19.851,458858.3
2024-10-09 12:00:00,19.852,20.07,19.392,20.02,1022094.4
2024-10-09 16:00:00,20.02,20.035,19.405,19.567,807341.4
2024-10-09 20:00:00,19.565,19.59,19.031,19.297,724981.7
2024-10-10 00:00:00,19.297,19.646,19.089,19.489,443476.7
2024-10-10 04:00:00,19.489,19.788,19.4,19.419,358658.2
2024-10-10 08:00:00,19.419,19.64,19.005,19.591,609412.9
2024-10-10 12:00:00,19.595,19.625,18.841,19.098,1381684.2
2024-10-10 16:00:00,19.097,19.23,18.523,19.06,1165526.6
2024-10-10 20:00:00,19.059,19.247,18.936,19.22,397184.0
2024-10-11 00:00:00,19.22,19.461,19.078,19.273,377901.6
2024-10-11 04:00:00,19.274,19.376,19.139,19.345,291059.0
2024-10-11 08:00:00,19.346,19.937,19.331,19.851,591887.6
2024-10-11 12:00:00,19.852,20.374,19.767,20.297,914886.8
2024-10-11 16:00:00,20.301,20.406,20.103,20.219,698698.5
2024-10-11 20:00:00,20.22,20.624,20.216,20.43,510699.0
2024-10-12 00:00:00,20.431,20.62,20.315,20.427,379823.0
2024-10-12 04:00:00,20.426,20.755,20.426,20.64,451520.7
2024-10-12 08:00:00,20.639,20.886,20.539,20.661,447599.3
2024-10-12 12:00:00,20.661,21.019,20.536,20.809,583984.7
2024-10-12 16:00:00,20.809,21.036,20.571,20.636,517812.3
2024-10-12 20:00:00,20.637,20.711,20.366,20.393,403884.5
2024-10-13 00:00:00,20.394,20.497,20.145,20.173,444457.1
2024-10-13 04:00:00,20.172,20.682,20.165,20.532,371640.0
2024-10-13 08:00:00,20.532,20.63,20.165,20.182,362046.8
2024-10-13 12:00:00,20.182,20.448,19.777,19.892,652584.0
2024-10-13 16:00:00,19.891,20.229,19.642,19.883,733141.7
2024-10-13 20:00:00,19.884,20.558,19.744,20.313,579862.7
2024-10-14 00:00:00,20.316,21.212,20.026,21.126,774256.8
2024-10-14 04:00:00,21.127,21.442,20.644,21.387,944688.6
2024-10-14 08:00:00,21.389,21.724,21.181,21.665,951991.2
2024-10-14 12:00:00,21.669,21.993,21.47,21.913,1003298.9
2024-10-14 16:00:00,21.912,21.979,21.641,21.739,502276.5
2024-10-14 20:00:00,21.737,21.923,21.487,21.737,478322.6
2024-10-15 00:00:00,21.738,21.963,21.338,21.355,710645.3
2024-10-15 04:00:00,21.357,21.659,21.205,21.522,650673.2
2024-10-15 08:00:00,21.523,22.295,21.251,21.397,1535428.3
2024-10-15 12:00:00,21.396,22.342,20.717,21.282,2828139.4
2024-10-15 16:00:00,21.284,21.75,21.247,21.359,734937.8
2024-10-15 20:00:00,21.357,21.458,20.722,21.388,630080.8
2024-10-16 00:00:00,21.391,21.499,20.962,21.072,530067.5
2024-10-16 04:00:00,21.069,21.198,20.608,20.718,627292.4
2024-10-16 08:00:00,20.716,21.336,20.678,21.027,970276.0
2024-10-16 12:00:00,21.029,21.288,20.65,20.716,1060306.0
2024-10-16 16:00:00,20.717,21.099,20.545,20.893,646575.5
2024-10-16 20:00:00,20.892,21.191,20.881,20.893,317457.6
2024-10-17 00:00:00,20.894,21.149,20.813,21.025,365825.7
2024-10-17 04:00:00,21.024,21.103,20.286,20.552,783475.6
2024-10-17 08:00:00,20.553,23.8,20.448,21.216,13417646.7
2024-10-17 12:00:00,21.215,22.097,21.166,21.913,3216153.1
2024-10-17 16:00:00,21.913,22.032,20.969,21.255,1857914.6
2024-10-17 20:00:00,21.255,21.543,21.191,21.335,723742.6
2024-10-18 00:00:00,21.333,21.506,20.933,21.171,1416887.9
2024-10-18 04:00:00,21.171,22.209,21.154,22.125,2066757.6
2024-10-18 08:00:00,22.125,22.328,21.702,21.718,1258577.8
2024-10-18 12:00:00,21.721,22.087,21.53,21.981,1299316.9
2024-10-18 16:00:00,21.981,22.197,21.793,21.942,871785.3
2024-10-18 20:00:00,21.944,22.091,21.773,22.062,449462.3
2024-10-19 00:00:00,22.061,22.226,21.87,22.029,579576.3
2024-10-19 04:00:00,22.03,22.123,21.741,21.802,521792.9
2024-10-19 08:00:00,21.804,21.997,21.65,21.681,711789.2
2024-10-19 12:00:00,21.681,22.114,21.675,21.973,521545.6
2024-10-19 16:00:00,21.979,22.142,21.873,21.89,569996.2
2024-10-19 20:00:00,21.889,22.32,21.883,22.236,436053.0
2024-10-20 00:00:00,22.237,22.419,21.681,21.862,762432.1
2024-10-20 04:00:00,21.861,22.082,21.811,21.975,474146.5
2024-10-20 08:00:00,21.975,22.093,21.831,21.904,372958.2
2024-10-20 12:00:00,21.905,22.531,21.642,22.145,1774505.6
2024-10-20 16:00:00,22.144,22.193,21.94,22.031,527846.2
2024-10-20 20:00:00,22.031,22.34,21.96,22.154,709034.9
2024-10-21 00:00:00,22.155,22.39,21.763,21.96,733059.8
2024-10-21 04:00:00,21.959,22.192,21.744,21.757,688727.7
2024-10-21 08:00:00,21.757,21.898,21.458,21.786,785639.2
2024-10-21 12:00:00,21.787,21.864,21.182,21.464,1232383.9
2024-10-21 16:00:00,21.463,21.48,21.049,21.436,647526.1
2024-10-21 20:00:00,21.436,21.575,21.254,21.263,284245.5
2024-10-22 00:00:00,21.261,21.515,20.944,21.413,541911.6
2024-10-22 04:00:00,21.413,21.621,21.29,21.362,336926.6
2024-10-22 08:00:00,21.362,21.418,20.856,21.022,768156.4
2024-10-22 12:00:00,21.022,21.15,20.668,20.956,897952.6
2024-10-22 16:00:00,20.954,21.004,20.651,20.948,470501.3
2024-10-22 20:00:00,20.949,21.106,20.879,20.949,257094.4
2024-10-23 00:00:00,20.95,21.012,20.574,20.667,361652.1
2024-10-23 04:00:00,20.666,20.8,20.363,20.426,462468.0
2024-10-23 08:00:00,20.424,20.529,20.097,20.136,654294.7
2024-10-23 12:00:00,20.136,20.42,19.85,20.021,717677.7
2024-10-23 16:00:00,20.021,20.188,19.526,20.188,862387.0
2024-10-23 20:00:00,20.189,20.345,20.044,20.146,415451.4
2024-10-24 00:00:00,20.146,20.508,20.038,20.371,394206.7
2024-10-24 04:00:00,20.372,20.536,20.246,20.264,332663.8
2024-10-24 08:00:00,20.261,20.315,19.801,20.124,518211.1
2024-10-24 12:00:00,20.125,20.383,20.108,20.291,503944.8
2024-10-24 16:00:00,20.291,20.361,20.117,20.346,292497.3
2024-10-24 20:00:00,20.347,20.581,20.241,20.398,311475.1
2024-10-25 00:00:00,20.4,20.496,20.253,20.364,255022.2
2024-10-25 04:00:00,20.363,20.407,19.868,20.049,391011.0
2024-10-25 08:00:00,20.049,20.322,19.818,20.28,490039.9
2024-10-25 12:00:00,20.281,20.391,19.698,19.8,535524.8
2024-10-25 16:00:00,19.799,19.971,19.271,19.573,1229094.8
2024-10-25 20:00:00,19.572,19.674,17.14,18.185,2236306.3
2024-10-26 00:00:00,18.184,18.661,17.911,18.617,974712.2
2024-10-26 04:00:00,18.618,18.797,18.5,18.675,476928.6
2024-10-26 08:00:00,18.677,18.748,18.518,18.603,373294.2
2024-10-26 12:00:00,18.602,18.638,17.959,18.068,767074.7
2024-10-26 16:00:00,18.064,18.477,18.016,18.447,425834.6
2024-10-26 20:00:00,18.446,18.589,18.333,18.376,244146.7
2024-10-27 00:00:00,18.376,18.496,18.252,18.482,253894.2
2024-10-27 04:00:00,18.483,18.516,18.356,18.424,164410.7
2024-10-27 08:00:00,18.423,18.515,18.269,18.313,301836.2
2024-10-27 12:00:00,18.313,18.844,18.306,18.757,481804.6
2024-10-27 16:00:00,18.757,18.938,18.612,18.756,367594.6
2024-10-27 20:00:00,18.754,19.121,18.737,18.971,346008.2
2024-10-28 00:00:00,18.971,19.079,18.615,18.645,431821.2
2024-10-28 04:00:00,18.645,18.951,18.428,18.854,566597.1
2024-10-28 08:00:00,18.854,19.026,18.66,18.894,473124.4
2024-10-28 12:00:00,18.893,19.006,18.471,18.478,844024.0
2024-10-28 16:00:00,18.478,18.949,18.208,18.751,801412.4
2024-10-28 20:00:00,18.847,19.388,18.846,19.204,513441.1
2024-10-29 00:00:00,19.204,20.17,19.167,20.164,846573.8
2024-10-29 04:00:00,20.165,20.214,19.734,19.796,415174.9
2024-10-29 08:00:00,19.796,20.157,19.726,20.053,458928.3
2024-10-29 12:00:00,20.049,20.263,19.98,20.245,729037.4
2024-10-29 16:00:00,20.241,20.502,19.949,20.004,888501.9
2024-10-29 20:00:00,20.006,20.295,19.774,20.284,454875.8
2024-10-30 00:00:00,20.283,20.329,19.94,20.081,366046.6
2024-10-30 04:00:00,20.08,20.117,19.829,19.863,313547.2
2024-10-30 08:00:00,19.864,19.974,19.504,19.523,536918.6
2024-10-30 12:00:00,19.523,20.093,19.387,19.688,1141082.1
2024-10-30 16:00:00,19.686,19.952,19.618,19.81,495634.6
2024-10-30 20:00:00,19.808,20.239,19.653,19.865,667543.9
2024-10-31 00:00:00,19.866,19.926,19.625,19.708,270267.8
2024-10-31 04:00:00,19.709,19.766,19.438,19.644,268774.6
2024-10-31 08:00:00,19.64,19.652,19.321,19.484,368754.9
2024-10-31 12:00:00,19.484,19.616,19.105,19.324,1069512.7
2024-10-31 16:00:00,19.323,19.343,18.781,18.795,817067.1
2024-10-31 20:00:00,18.792,19.227,18.788,19.042,377558.1
2024-11-01 00:00:00,19.042,19.181,18.728,19.028,446845.1
2024-11-01 04:00:00,19.028,19.087,18.507,18.65,471971.1
2024-11-01 08:00:00,18.651,19.089,18.635,18.98,358210.3
2024-11-01 12:00:00,18.981,19.817,18.586,18.745,1154362.6
2024-11-01 16:00:00,18.745,19.129,18.653,18.837,726421.2
2024-11-01 20:00:00,18.838,18.916,18.372,18.718,357498.6
2024-11-02 00:00:00,18.718,18.87,18.591,18.608,224636.9
2024-11-02 04:00:00,18.608,18.641,18.441,18.586,252220.4
2024-11-02 08:00:00,18.586,18.619,18.335,18.491,371493.1
2024-11-02 12:00:00,18.49,18.514,17.854,18.054,838131.7
2024-11-02 16:00:00,18.054,18.207,17.745,17.932,489339.1
2024-11-02 20:00:00,17.933,18.075,17.855,17.959,225205.5
2024-11-03 00:00:00,17.959,18.028,17.182,17.522,910909.8
2024-11-03 04:00:00,17.523,17.78,17.504,17.651,283083.0
2024-11-03 08:00:00,17.654,17.72,17.361,17.383,329605.4
2024-11-03 12:00:00,17.384,17.482,16.11,16.592,2266037.4
2024-11-03 16:00:00,16.591,16.783,16.349,16.769,1018906.8
2024-11-03 20:00:00,16.769,16.999,16.712,16.869,693161.3
2024-11-04 00:00:00,16.869,17.195,16.588,16.973,692604.2
2024-11-04 04:00:00,16.974,17.095,16.661,16.675,383459.6
2024-11-04 08:00:00,16.676,16.998,16.601,16.931,670470.6
2024-11-04 12:00:00,16.931,17.073,16.611,16.684,827963.2
2024-11-04 16:00:00,16.685,16.689,16.307,16.45,734436.9
2024-11-04 20:00:00,16.451,16.523,15.99,16.356,1047015.8
2024-11-05 00:00:00,16.357,16.627,16.322,16.608,386330.3
2024-11-05 04:00:00,16.607,16.92,16.605,16.886,329917.5
2024-11-05 08:00:00,16.889,16.996,16.76,16.935,414452.3
2024-11-05 12:00:00,16.934,17.53,16.843,17.259,1146132.8
2024-11-05 16:00:00,17.259,17.617,17.02,17.106,839259.3
2024-11-05 20:00:00,17.107,17.423,17.036,17.305,530735.5
2024-11-06 00:00:00,17.304,19.187,17.303,19.023,1602007.4
2024-11-06 04:00:00,19.025,20.912,19.0,20.284,2861190.8
2024-11-06 08:00:00,20.285,21.271,19.717,20.756,2316129.6
2024-11-06 12:00:00,20.756,21.011,20.319,20.649,1639968.3
2024-11-06 16:00:00,20.649,21.37,20.626,21.173,982800.5
2024-11-06 20:00:00,21.174,21.467,20.941,21.219,717184.4
2024-11-07 00:00:00,21.219,21.729,21.071,21.367,898086.7
2024-11-07 04:00:00,21.367,21.412,20.572,20.737,786265.7
2024-11-07 08:00:00,20.737,21.086,20.709,20.788,576421.5
2024-11-07 12:00:00,20.787,21.336,20.6,21.331,748581.7
2024-11-07 16:00:00,21.331,21.744,21.195,21.636,1056692.0
2024-11-07 20:00:00,21.637,21.921,21.345,21.618,773487.9
2024-11-08 00:00:00,21.617,22.563,21.595,21.96,1341261.1
2024-11-08 04:00:00,21.96,22.425,21.757,22.13,650263.4
2024-11-08 08:00:00,22.13,22.58,21.765,22.441,814923.5
2024-11-08 12:00:00,22.44,22.99,22.194,22.822,1605922.9
2024-11-08 16:00:00,22.82,22.95,21.956,22.622,1393919.8
2024-11-08 20:00:00,22.621,22.678,22.125,22.424,636607.1
2024-11-09 00:00:00,22.426,22.826,21.93,21.996,716002.9
2024-11-09 04:00:00,21.995,22.66,21.995,22.547,579703.4
2024-11-09 08:00:00,22.546,22.8,22.365,22.532,501832.3
2024-11-09 12:00:00,22.531,22.618,21.952,22.223,627953.5
2024-11-09 16:00:00,22.22,22.492,21.83,22.346,679915.3
2024-11-09 20:00:00,22.348,23.875,22.297,23.821,1112706.1
2024-11-10 00:00:00,23.824,24.719,23.696,24.225,1354700.0
2024-11-10 04:00:00,24.225,25.0,24.071,24.929,871242.1
2024-11-10 08:00:00,24.929,26.172,24.927,26.072,1710010.7
2024-11-10 12:00:00,26.073,26.514,25.472,25.89,1622204.3
2024-11-10 16:00:00,25.893,26.265,24.773,25.127,1655173.6
2024-11-10 20:00:00,25.126,25.763,23.237,25.761,2045049.8
2024-11-11 00:00:00,25.762,26.354,25.328,25.879,961869.9
2024-11-11 04:00:00,25.88,26.14,24.852,25.923,1232687.7
2024-11-11 08:00:00,25.922,26.94,25.641,26.761,1405341.8
2024-11-11 12:00:00,26.758,27.1,25.471,25.979,1654529.6
2024-11-11 16:00:00,25.967,26.881,25.838,26.253,1443473.4
2024-11-11 20:00:00,26.252,27.105,26.106,26.888,1276808.2
2024-11-12 00:00:00,26.892,26.918,25.726,26.227,1299835.5
2024-11-12 04:00:00,26.227,26.594,25.703,26.078,1081006.7
2024-11-12 08:00:00,26.082,26.95,23.458,24.429,2872938.3
2024-11-12 12:00:00,24.429,24.796,23.455,23.9,2005158.6
2024-11-12 16:00:00,23.902,24.797,23.458,24.586,1130992.3
2024-11-12 20:00:00,24.594,25.098,24.031,24.5,847235.3
2024-11-13 00:00:00,24.502,24.737,23.315,23.337,1240189.2
2024-11-13 04:00:00,23.327,23.632,22.321,23.251,1721417.4
2024-11-13 08:00:00,23.249,24.185,23.07,23.91,1154473.1
2024-11-13 12:00:00,23.909,27.06,23.632,25.806,3195286.2
2024-11-13 16:00:00,25.803,25.808,23.748,23.823,1783719.1
2024-11-13 20:00:00,23.824,24.27,23.261,24.163,1213519.5
2024-11-14 00:00:00,24.163,24.168,23.231,23.842,750935.8
2024-11-14 04:00:00,23.843,25.285,23.734,24.978,1139947.8
2024-11-14 08:00:00,24.978,25.879,24.187,24.651,1287415.3
2024-11-14 12:00:00,24.651,25.093,23.63,24.021,1523884.1
2024-11-14 16:00:00,24.018,24.915,23.745,24.149,881775.9
2024-11-14 20:00:00,24.142,24.199,22.889,23.299,1023943.9
2024-11-15 00:00:00,23.299,23.63,22.823,23.3,750498.0
2024-11-15 04:00:00,23.295,23.584,22.453,23.192,909736.6
2024-11-15 08:00:00,23.192,24.025,22.932,24.001,569228.3
2024-11-15 12:00:00,24.001,24.178,22.853,23.005,1111383.1
2024-11-15 16:00:00,23.005,24.039,22.884,23.903,866150.8
2024-11-15 20:00:00,23.907,24.989,23.896,24.671,673429.4
2024-11-16 00:00:00,24.674,25.084,24.271,25.077,484322.2
2024-11-16 04:00:00,25.076,25.321,24.613,24.647,521536.9
2024-11-16 08:00:00,24.646,25.803,24.645,25.794,715608.9
2024-11-16 12:00:00,25.794,25.997,24.754,25.055,951842.9
2024-11-16 16:00:00,25.053,26.032,24.883,25.829,747286.6
2024-11-16 20:00:00,25.83,25.925,25.424,25.897,623320.9
2024-11-17 00:00:00,25.897,26.487,24.614,25.648,1306971.6
2024-11-17 04:00:00,25.649,27.049,25.206,26.886,1200208.0
2024-11-17 08:00:00,26.889,27.238,26.022,26.035,1091655.6
2024-11-17 12:00:00,26.03,26.457,25.751,25.812,782354.5
2024-11-17 16:00:00,25.813,26.002,24.817,25.045,713544.6
2024-11-17 20:00:00,25.043,25.298,24.258,24.576,721276.6
2024-11-18 00:00:00,24.577,25.555,24.342,25.549,609792.4
2024-11-18 04:00:00,25.549,26.005,25.056,25.639,826189.4
2024-11-18 08:00:00,25.643,25.663,24.614,24.729,925709.9
2024-11-18 12:00:00,24.732,25.934,24.181,25.748,1247210.9
2024-11-18 16:00:00,25.751,25.949,24.662,25.094,1136198.7
2024-11-18 20:00:00,25.091,25.827,24.921,25.697,779079.8
2024-11-19 00:00:00,25.694,26.244,25.537,25.719,495130.6
2024-11-19 04:00:00,25.718,25.793,25.214,25.244,457066.0
2024-11-19 08:00:00,25.245,25.268,24.679,25.058,771371.6
2024-11-19 12:00:00,25.056,25.377,24.306,24.777,1087871.0
2024-11-19 16:00:00,24.78,25.449,24.553,25.063,644261.1
2024-11-19 20:00:00,25.063,25.18,24.0,24.418,983973.5
2024-11-20 00:00:00,24.417,24.425,23.341,23.801,838752.9
2024-11-20 04:00:00,23.801,24.137,23.535,24.017,524419.7
2024-11-20 08:00:00,24.016,24.793,23.876,24.112,830634.5
2024-11-20 12:00:00,24.113,25.253,23.663,24.345,1346822.6
2024-11-20 16:00:00,24.343,24.795,22.922,23.217,1634654.9
2024-11-20 20:00:00,23.217,23.903,23.021,23.231,610145.1
2024-11-21 00:00:00,23.229,23.553,22.444,23.054,798906.8
2024-11-21 04:00:00,23.055,24.102,23.001,23.743,922435.3
2024-11-21 08:00:00,23.744,23.786,23.052,23.375,583782.3
2024-11-21 12:00:00,23.374,24.921,23.335,23.952,1893913.2
2024-11-21 16:00:00,23.953,24.85,23.952,24.421,1074537.2
2024-11-21 20:00:00,24.419,25.311,24.306,25.069,565668.9
2024-11-22 00:00:00,25.072,25.519,24.529,25.308,886858.7
2024-11-22 04:00:00,25.307,25.617,24.705,24.771,551043.5
2024-11-22 08:00:00,24.771,25.066,24.422,24.939,650018.8
2024-11-22 12:00:00,24.939,25.29,23.939,24.709,1365011.6
2024-11-22 16:00:00,24.708,24.718,23.958,24.343,617259.3
2024-11-22 20:00:00,24.341,26.639,24.255,26.605,1337220.1
2024-11-23 00:00:00,26.608,28.551,26.252,28.249,2295376.9
2024-11-23 04:00:00,28.248,29.217,27.841,28.832,1642783.3
2024-11-23 08:00:00,28.834,29.386,28.423,28.957,1036678.4
2024-11-23 12:00:00,28.959,29.398,28.658,29.021,1036636.5
2024-11-23 16:00:00,29.022,29.217,27.54,27.739,2114006.7
2024-11-23 20:00:00,27.74,28.11,26.819,27.854,1116011.4
2024-11-24 00:00:00,27.854,28.807,27.671,28.501,720231.8
2024-11-24 04:00:00,28.503,28.932,27.91,28.555,843264.8
2024-11-24 08:00:00,28.545,28.608,26.805,26.844,1318394.7
2024-11-24 12:00:00,26.848,27.235,25.474,25.846,2098381.0
2024-11-24 16:00:00,25.849,27.226,25.714,26.887,1112928.3
2024-11-24 20:00:00,26.892,28.528,26.79,28.451,849759.7
2024-11-25 00:00:00,28.457,28.784,27.228,27.56,1158844.8
2024-11-25 04:00:00,27.56,28.201,27.428,28.049,692017.7
2024-11-25 08:00:00,28.045,29.716,27.751,28.813,1453486.3
2024-11-25 12:00:00,28.815,29.427,27.577,29.037,2300233.4
2024-11-25 16:00:00,29.04,29.749,27.143,27.472,1767093.2
2024-11-25 20:00:00,27.473,28.05,26.154,26.944,1427741.0
2024-11-26 00:00:00,26.943,27.919,26.701,27.3,854464.3
2024-11-26 04:00:00,27.301,28.015,27.076,27.708,804889.9
2024-11-26 08:00:00,27.707,28.291,26.436,27.365,3115782.0
2024-11-26 12:00:00,27.365,29.967,27.074,28.478,2960381.2
2024-11-26 16:00:00,28.48,30.65,28.406,30.002,3621357.6
2024-11-26 20:00:00,29.988,31.092,29.514,30.827,2446668.3
2024-11-27 00:00:00,30.822,30.921,29.183,29.81,1882158.7
2024-11-27 04:00:00,29.811,30.017,29.23,29.369,1000529.7
2024-11-27 08:00:00,29.372,30.199,29.051,29.251,1443332.6
2024-11-27 12:00:00,29.251,29.926,28.669,29.51,1395749.1
2024-11-27 16:00:00,29.511,30.882,29.301,30.704,1307592.1
2024-11-27 20:00:00,30.704,31.522,29.617,29.8,1401068.1
2024-11-28 00:00:00,29.798,29.877,29.033,29.348,1036640.0
2024-11-28 04:00:00,29.35,30.165,29.02,29.123,760633.9
2024-11-28 08:00:00,29.126,29.614,28.721,29.046,873299.6
2024-11-28 12:00:00,29.051,29.461,28.058,28.181,1172539.1
2024-11-28 16:00:00,28.181,29.218,28.09,28.922,888620.9
2024-11-28 20:00:00,28.922,29.691,28.783,29.413,669430.1
2024-11-29 00:00:00,29.414,29.96,29.162,29.797,571453.7
2024-11-29 04:00:00,29.796,30.047,29.394,29.5,841786.5
2024-11-29 08:00:00,29.505,30.159,29.341,29.683,694880.1
2024-11-29 12:00:00,29.684,30.444,29.255,30.217,1038391.1
2024-11-29 16:00:00,30.22,30.362,29.621,30.183,738044.4
2024-11-29 20:00:00,30.186,30.558,30.034,30.343,450689.1
2024-11-30 00:00:00,30.343,30.583,29.703,30.47,734138.6
2024-11-30 04:00:00,30.471,30.598,29.913,30.391,523998.3
2024-11-30 08:00:00,30.389,30.549,29.48,29.843,774486.7
2024-11-30 12:00:00,29.843,30.374,29.721,30.306,641830.3
2024-11-30 16:00:00,30.306,30.842,29.937,30.65,731381.4
2024-11-30 20:00:00,30.651,31.476,30.61,31.186,691913.1
2024-12-01 00:00:00,31.188,31.869,30.201,30.835,1171611.5
2024-12-01 04:00:00,30.839,30.839,30.144,30.358,545256.0
2024-12-01 08:00:00,30.355,30.81,29.915,30.451,541862.8
2024-12-01 12:00:00,30.45,30.543,30.001,30.304,564887.6
2024-12-01 16:00:00,30.304,30.354,29.65,29.835,628208.7
2024-12-01 20:00:00,29.834,30.247,29.402,30.012,574241.8
2024-12-02 00:00:00,30.011,31.443,29.801,30.161,1325594.0
2024-12-02 04:00:00,30.16,30.945,29.662,30.05,1324751.3
2024-12-02 08:00:00,30.051,30.246,28.105,28.419,1914518.3
2024-12-02 12:00:00,28.413,31.077,28.251,30.91,1556268.6
2024-12-02 16:00:00,30.91,30.938,29.309,29.921,1706622.0
2024-12-02 20:00:00,29.921,31.895,29.872,31.853,1314161.1
2024-12-03 00:00:00,31.853,32.496,31.558,32.032,1317053.1
2024-12-03 04:00:00,32.033,33.603,31.917,32.466,1554425.7
2024-12-03 08:00:00,32.471,33.265,31.692,32.42,1470487.0
2024-12-03 12:00:00,32.418,32.497,29.8,31.341,2638801.0
2024-12-03 16:00:00,31.342,31.984,30.455,31.535,1200132.1
2024-12-03 20:00:00,31.536,33.944,31.48,33.391,1415898.6
2024-12-04 00:00:00,33.39,33.676,32.648,32.694,718189.5
2024-12-04 04:00:00,32.694,33.876,32.663,33.845,729813.7
2024-12-04 08:00:00,33.846,33.888,32.818,33.467,1092133.9
2024-12-04 12:00:00,33.466,33.718,32.519,33.192,1210848.5
2024-12-04 16:00:00,33.194,33.323,31.5,32.787,1418687.7
2024-12-04 20:00:00,32.786,33.033,31.364,31.867,1086122.8
2024-12-05 00:00:00,31.863,31.983,30.251,31.014,1676647.5
2024-12-05 04:00:00,31.014,32.963,30.829,32.909,1473636.1
2024-12-05 08:00:00,32.909,33.69,32.369,33.28,1036347.9
2024-12-05 12:00:00,33.28,35.027,33.151,34.079,2128337.0
2024-12-05 16:00:00,34.079,34.383,32.606,32.789,1047489.1
2024-12-05 20:00:00,32.791,32.988,31.001,32.263,1867627.0
2024-12-06 00:00:00,32.261,33.997,31.925,33.498,801227.9
2024-12-06 04:00:00,33.498,34.82,33.435,34.62,941173.0
2024-12-06 08:00:00,34.621,34.766,33.0,34.198,1244013.0
2024-12-06 12:00:00,34.194,34.881,33.163,34.388,1235686.5
2024-12-06 16:00:00,34.388,35.297,34.302,34.64,886610.0
2024-12-06 20:00:00,34.642,34.952,33.762,34.069,753944.0
2024-12-07 00:00:00,34.07,34.268,33.615,33.816,495322.0
2024-12-07 04:00:00,33.814,33.929,33.333,33.548,296288.0
2024-12-07 08:00:00,33.548,34.428,33.453,33.984,885281.6
2024-12-07 12:00:00,33.984,34.005,33.221,33.549,605402.5
2024-12-07 16:00:00,33.545,33.649,32.802,32.982,832756.2
2024-12-07 20:00:00,32.982,33.37,32.952,33.015,362504.5
2024-12-08 00:00:00,33.013,33.436,32.862,33.069,274048.7
2024-12-08 04:00:00,33.066,33.222,32.43,32.96,498668.7
2024-12-08 08:00:00,32.961,33.042,32.155,32.775,494364.5
2024-12-08 12:00:00,32.776,33.36,32.532,32.924,716665.4
2024-12-08 16:00:00,32.924,32.94,32.315,32.686,443458.1
2024-12-08 20:00:00,32.685,33.419,32.53,33.298,287884.9
2024-12-09 00:00:00,33.301,33.368,31.364,31.719,804444.7
2024-12-09 04:00:00,31.72,32.258,31.101,31.556,775019.7
2024-12-09 08:00:00,31.555,31.555,30.159,30.337,1176140.5
2024-12-09 12:00:00,30.329,31.357,30.0,30.367,1404996.5
2024-12-09 16:00:00,30.366,30.798,30.152,30.206,573418.4
2024-12-09 20:00:00,30.207,30.318,24.048,28.009,5447521.6
2024-12-10 00:00:00,28.01,28.484,25.922,27.187,1502797.8
2024-12-10 04:00:00,27.188,28.5,26.583,28.265,872621.4
2024-12-10 08:00:00,28.264,28.588,27.715,27.834,628662.4
2024-12-10 12:00:00,27.835,27.878,25.5,25.548,2459436.0
2024-12-10 16:00:00,25.552,26.633,24.984,26.524,2060601.3
2024-12-10 20:00:00,26.524,27.438,26.381,27.045,736455.3
2024-12-11 00:00:00,27.045,27.37,26.089,27.148,800392.7
2024-12-11 04:00:00,27.149,27.43,26.812,26.85,433406.2
2024-12-11 08:00:00,26.851,27.894,26.822,27.597,499205.7
2024-12-11 12:00:00,27.597,29.027,27.597,28.608,1079429.3
2024-12-11 16:00:00,28.612,28.753,28.199,28.684,586167.2
2024-12-11 20:00:00,28.684,28.899,28.276,28.801,438082.9
2024-12-12 00:00:00,28.802,30.229,28.535,30.01,683910.6
2024-12-12 04:00:00,30.01,30.798,30.006,30.069,582454.7
2024-12-12 08:00:00,30.069,30.675,29.331,29.628,687693.4
2024-12-12 12:00:00,29.628,30.393,29.582,29.87,945394.4
2024-12-12 16:00:00,29.873,30.312,28.807,28.903,915175.5
2024-12-12 20:00:00,28.905,29.399,28.601,29.095,547540.0
2024-12-13 00:00:00,29.096,29.422,28.5,29.244,541369.7
2024-12-13 04:00:00,29.244,29.319,28.239,28.574,406198.8
2024-12-13 08:00:00,28.574,29.261,28.501,28.946,413014.3
2024-12-13 12:00:00,28.945,29.379,28.349,28.382,586963.0
2024-12-13 16:00:00,28.381,29.082,28.319,28.956,682881.8
2024-12-13 20:00:00,28.957,29.316,28.665,29.244,310575.4
2024-12-14 00:00:00,29.244,29.62,28.92,28.992,427118.6
2024-12-14 04:00:00,28.993,29.116,28.62,28.644,235369.5
2024-12-14 08:00:00,28.645,28.852,28.266,28.278,320403.7
2024-12-14 12:00:00,28.278,28.339,27.248,27.608,840782.6
2024-12-14 16:00:00,27.607,27.713,26.88,27.28,605627.4
2024-12-14 20:00:00,27.28,27.563,26.842,27.436,335482.7
2024-12-15 00:00:00,27.436,27.711,27.111,27.171,304632.2
2024-12-15 04:00:00,27.171,27.583,26.564,26.789,342900.3
2024-12-15 08:00:00,26.789,27.427,26.759,27.232,271505.0
2024-12-15 12:00:00,27.234,28.261,27.148,28.138,508621.7
2024-12-15 16:00:00,28.137,28.324,27.748,27.997,426669.4
2024-12-15 20:00:00,27.996,28.717,26.943,28.578,665176.9
2024-12-16 00:00:00,28.58,29.42,28.107,28.284,705911.1
2024-12-16 04:00:00,28.284,28.48,27.902,28.342,293076.1
2024-12-16 08:00:00,28.343,28.432,27.47,27.546,556480.2
2024-12-16 12:00:00,27.55,28.948,27.521,28.59,831729.9
2024-12-16 16:00:00,28.589,29.46,28.466,29.208,789206.8
2024-12-16 20:00:00,29.209,29.279,28.373,28.484,373588.1
2024-12-17 00:00:00,28.485,28.544,27.723,28.242,586078.2
2024-12-17 04:00:00,28.243,28.26,27.64,27.802,362035.6
2024-12-17 08:00:00,27.802,28.632,27.613,28.507,492559.0
2024-12-17 12:00:00,28.507,29.337,27.313,27.385,1230424.9
2024-12-17 16:00:00,27.384,28.193,27.126,27.697,806837.6
2024-12-17 20:00:00,27.696,27.889,26.595,26.885,639999.9
2024-12-18 00:00:00,26.885,27.002,26.36,26.503,445363.5
2024-12-18 04:00:00,26.502,26.535,25.965,26.402,603738.2
2024-12-18 08:00:00,26.401,27.442,26.183,27.423,468758.4
2024-12-18 12:00:00,27.422,27.453,26.465,26.958,803583.8
2024-12-18 16:00:00,26.959,27.671,26.219,26.223,814205.4
2024-12-18 20:00:00,26.218,26.429,24.081,24.461,2257115.2
2024-12-19 00:00:00,24.462,24.534,22.588,24.4,2094665.6
2024-12-19 04:00:00,24.399,24.721,24.233,24.521,511175.5
2024-12-19 08:00:00,24.521,24.78,24.075,24.449,561771.5
2024-12-19 12:00:00,24.449,24.519,23.065,23.478,1203926.6
2024-12-19 16:00:00,23.477,23.617,21.239,21.675,2565561.9
2024-12-19 20:00:00,21.678,22.427,20.989,21.833,1308019.0
2024-12-20 00:00:00,21.834,22.769,21.534,22.288,944610.3
2024-12-20 04:00:00,22.288,22.392,21.319,21.812,657920.7
2024-12-20 08:00:00,21.812,21.83,18.47,18.506,3799732.0
2024-12-20 12:00:00,18.508,20.926,18.484,20.785,2018408.9
2024-12-20 16:00:00,20.786,21.917,20.581,21.854,1029599.2
2024-12-20 20:00:00,21.854,22.283,21.199,22.125,782151.7
2024-12-21 00:00:00,22.127,22.405,21.89,22.048,575861.8
2024-12-21 04:00:00,22.049,23.53,22.008,23.177,733882.9
2024-12-21 08:00:00,23.178,23.297,22.034,22.275,929520.6
2024-12-21 12:00:00,22.275,22.318,20.701,21.076,1581029.7
2024-12-21 16:00:00,21.075,21.174,20.072,20.51,1343772.6
2024-12-21 20:00:00,20.509,20.737,20.097,20.489,669598.4
2024-12-22 00:00:00,20.49,20.741,20.156,20.527,553523.5
2024-12-22 04:00:00,20.526,20.666,19.889,20.577,561558.4
2024-12-22 08:00:00,20.577,21.16,20.562,20.888,551276.1
2024-12-22 12:00:00,20.889,21.162,20.175,20.469,738552.6
2024-12-22 16:00:00,20.47,20.857,19.95,20.011,574635.6
2024-12-22 20:00:00,20.014,20.752,19.76,20.414,780627.2
2024-12-23 00:00:00,20.414,21.37,19.968,21.275,760890.2
2024-12-23 04:00:00,21.277,21.368,20.373,20.631,538230.5
2024-12-23 08:00:00,20.632,21.117,20.541,20.886,531836.8
2024-12-23 12:00:00,20.886,21.178,20.411,20.568,792383.0
2024-12-23 16:00:00,20.568,21.552,20.521,21.335,1007730.4
2024-12-23 20:00:00,21.335,23.775,21.323,23.098,1452480.8
2024-12-24 00:00:00,23.098,23.242,22.232,22.795,672615.1
2024-12-24 04:00:00,22.796,22.895,22.4,22.529,438565.0
2024-12-24 08:00:00,22.53,22.949,22.379,22.799,527813.3
2024-12-24 12:00:00,22.798,23.808,22.555,23.593,752690.2
2024-12-24 16:00:00,23.593,23.763,22.878,22.888,576875.6
2024-12-24 20:00:00,22.889,23.43,22.503,23.295,584651.2
2024-12-25 00:00:00,23.295,23.66,23.154,23.443,428454.8
2024-12-25 04:00:00,23.444,23.49,22.966,23.008,302222.4
2024-12-25 08:00:00,23.008,23.717,22.737,22.777,566176.6
2024-12-25 12:00:00,22.778,23.028,22.61,22.701,493339.8
2024-12-25 16:00:00,22.701,22.788,22.374,22.627,489479.9
2024-12-25 20:00:00,22.628,22.786,22.257,22.563,413628.8
2024-12-26 00:00:00,22.562,22.934,22.135,22.171,392519.8
2024-12-26 04:00:00,22.171,22.171,21.66,21.752,441563.0
2024-12-26 08:00:00,21.754,21.786,21.1,21.327,718961.7
2024-12-26 12:00:00,21.327,21.446,21.043,21.27,455837.1
2024-12-26 16:00:00,21.271,21.475,20.91,21.219,538330.8
2024-12-26 20:00:00,21.218,21.346,20.983,21.196,419247.5
2024-12-27 00:00:00,21.196,21.503,21.067,21.308,402554.8
2024-12-27 04:00:00,21.306,21.454,20.825,20.989,661335.8
2024-12-27 08:00:00,20.988,22.095,20.981,21.802,783595.9
2024-12-27 12:00:00,21.803,21.868,20.721,20.866,632977.6
2024-12-27 16:00:00,20.866,21.35,20.621,21.029,581936.7
2024-12-27 20:00:00,21.028,21.103,20.613,20.766,439285.3
2024-12-28 00:00:00,20.766,20.844,20.483,20.7,305862.7
2024-12-28 04:00:00,20.7,20.708,20.348,20.381,277214.6
2024-12-28 08:00:00,20.381,20.606,20.332,20.588,427269.2
2024-12-28 12:00:00,20.587,21.227,20.347,20.802,607116.2
2024-12-28 16:00:00,20.802,21.368,20.69,21.04,345639.5
2024-12-28 20:00:00,21.04,21.5,20.982,21.294,263759.9
2024-12-29 00:00:00,21.294,21.358,20.958,21.192,249296.3
2024-12-29 04:00:00,21.193,21.231,20.863,21.181,215086.5
2024-12-29 08:00:00,21.18,21.216,20.75,20.756,262617.5
2024-12-29 12:00:00,20.757,20.945,20.475,20.589,428855.6
2024-12-29 16:00:00,20.589,20.608,20.195,20.301,426252.0
2024-12-29 20:00:00,20.301,20.435,20.05,20.3,618306.8
2024-12-30 00:00:00,20.301,20.949,20.203,20.663,444380.0
2024-12-30 04:00:00,20.663,20.996,20.508,20.772,302862.4
2024-12-30 08:00:00,20.773,20.963,20.397,20.613,301615.0
2024-12-30 12:00:00,20.613,20.835,19.561,19.771,1014482.3
2024-12-30 16:00:00,19.77,20.75,19.536,20.515,835194.6
2024-12-30 20:00:00,20.514,20.675,19.774,20.058,521312.7
2024-12-31 00:00:00,20.057,20.058,19.541,19.662,282063.6
2024-12-31 04:00:00,19.662,19.938,19.492,19.756,313358.1
2024-12-31 08:00:00,19.757,20.337,19.727,19.991,714655.1
2024-12-31 12:00:00,19.992,20.514,19.811,20.228,574283.7
2024-12-31 16:00:00,20.229,20.288,19.614,19.89,468425.6
2024-12-31 20:00:00,19.889,19.977,19.554,19.619,282081.5
2025-01-01 00:00:00,19.619,19.949,19.447,19.466,327805.5
2025-01-01 04:00:00,19.466,19.476,19.234,19.373,350068.8
2025-01-01 08:00:00,19.373,19.63,19.027,19.549,697409.2
2025-01-01 12:00:00,19.55,19.945,19.514,19.941,568341.3
2025-01-01 16:00:00,19.94,20.498,19.682,20.365,715362.2
2025-01-01 20:00:00,20.366,20.857,20.366,20.542,419678.3
2025-01-02 00:00:00,20.541,20.98,20.51,20.814,430591.4
2025-01-02 04:00:00,20.814,21.443,20.814,21.438,567499.5
2025-01-02 08:00:00,21.438,22.176,21.347,21.827,643480.1
2025-01-02 12:00:00,21.827,22.075,21.6,21.69,595833.3
2025-01-02 16:00:00,21.691,21.835,21.401,21.528,447350.8
2025-01-02 20:00:00,21.531,21.768,21.337,21.727,296521.8
2025-01-03 00:00:00,21.728,22.259,21.598,22.036,512379.0
2025-01-03 04:00:00,22.037,22.037,21.45,21.491,376652.7
2025-01-03 08:00:00,21.492,22.5,21.474,22.447,581251.3
2025-01-03 12:00:00,22.447,22.969,22.14,22.891,709094.7
2025-01-03 16:00:00,22.891,23.277,22.885,23.085,519835.1
2025-01-03 20:00:00,23.084,23.122,22.832,23.05,308377.4
2025-01-04 00:00:00,23.05,23.093,22.675,22.905,303542.7
2025-01-04 04:00:00,22.905,23.156,22.689,23.025,259406.0
2025-01-04 08:00:00,23.023,23.038,22.67,22.929,367380.5
2025-01-04 12:00:00,22.932,23.694,22.681,22.768,892273.1
2025-01-04 16:00:00,22.769,23.241,22.666,23.165,539717.3
2025-01-04 20:00:00,23.164,23.879,23.164,23.593,472392.3
2025-01-05 00:00:00,23.594,23.789,23.226,23.339,300908.8
2025-01-05 04:00:00,23.337,23.511,23.102,23.184,254770.8
2025-01-05 08:00:00,23.184,23.229,22.838,23.026,565153.2
2025-01-05 12:00:00,23.025,23.291,22.663,23.191,414445.4
2025-01-05 16:00:00,23.191,23.729,22.971,23.604,549034.9
2025-01-05 20:00:00,23.605,25.788,23.509,25.412,1774819.4
2025-01-06 00:00:00,25.414,25.947,24.861,25.722,1545798.6
2025-01-06 04:00:00,25.722,26.38,25.687,25.823,1638180.0
2025-01-06 08:00:00,25.819,26.032,25.561,25.859,1466836.8
2025-01-06 12:00:00,25.859,26.431,25.786,26.088,2116197.2
2025-01-06 16:00:00,26.089,26.714,25.711,25.962,1441710.7
2025-01-06 20:00:00,25.961,26.149,25.772,25.96,566228.9
2025-01-07 00:00:00,25.959,26.138,25.662,25.776,516517.7
2025-01-07 04:00:00,25.776,26.352,25.751,26.164,503269.6
2025-01-07 08:00:00,26.164,26.488,25.702,25.886,734311.4
2025-01-07 12:00:00,25.887,26.182,24.204,24.669,2226190.0
2025-01-07 16:00:00,24.668,24.755,23.713,23.771,1092846.0
2025-01-07 20:00:00,23.771,24.321,23.654,23.791,793698.8
2025-01-08 00:00:00,23.791,24.545,23.533,23.778,849042.2
2025-01-08 04:00:00,23.779,23.852,22.664,23.086,1058358.0
2025-01-08 08:00:00,23.086,23.43,22.412,22.6,922460.8
2025-01-08 12:00:00,22.601,22.734,21.87,22.052,1019488.5
2025-01-08 16:00:00,22.052,22.109,20.454,21.41,2466908.4
2025-01-08 20:00:00,21.409,22.068,21.184,21.834,710038.4
2025-01-09 00:00:00,21.834,22.076,21.351,21.424,687700.4
2025-01-09 04:00:00,21.424,21.564,20.8,20.863,648220.5
2025-01-09 08:00:00,20.863,21.826,20.795,21.46,1042213.3
2025-01-09 12:00:00,21.459,22.186,20.773,21.993,1416107.5
2025-01-09 16:00:00,21.992,22.062,20.979,21.078,1032127.9
2025-01-09 20:00:00,21.078,21.307,20.8,21.056,1032831.3
2025-01-10 00:00:00,21.057,21.39,21.054,21.201,450959.6
2025-01-10 04:00:00,21.201,21.611,20.965,21.336,757647.8
2025-01-10 08:00:00,21.333,21.794,21.11,21.606,794738.7
2025-01-10 12:00:00,21.608,21.839,20.674,21.178,1810127.8
2025-01-10 16:00:00,21.179,21.722,20.781,21.46,1073303.2
2025-01-10 20:00:00,21.461,21.716,21.125,21.57,559785.5
2025-01-11 00:00:00,21.57,21.729,21.15,21.31,650762.0
2025-01-11 04:00:00,21.311,21.475,21.089,21.19,287025.9
2025-01-11 08:00:00,21.189,21.616,21.008,21.483,389539.3
2025-01-11 12:00:00,21.483,21.551,20.853,21.043,563092.1
2025-01-11 16:00:00,21.044,21.239,20.88,21.019,342597.6
2025-01-11 20:00:00,21.02,21.93,20.96,21.331,713416.8
2025-01-12 00:00:00,21.332,21.599,21.101,21.408,579702.6
2025-01-12 04:00:00,21.409,21.456,21.053,21.161,377998.9
2025-01-12 08:00:00,21.16,21.223,20.632,20.959,751371.0
2025-01-12 12:00:00,20.961,21.242,20.838,21.227,480410.7
2025-01-12 16:00:00,21.228,21.275,20.876,20.903,401622.7
2025-01-12 20:00:00,20.904,21.024,20.447,20.841,548293.7
2025-01-13 00:00:00,20.842,21.456,19.992,20.086,1215270.7
2025-01-13 04:00:00,20.085,20.505,19.734,19.962,876629.8
2025-01-13 08:00:00,19.962,20.005,18.831,18.884,1442127.2
2025-01-13 12:00:00,18.883,19.787,18.475,19.493,2717845.3
2025-01-13 16:00:00,19.494,19.673,18.943,19.391,1234416.3
2025-01-13 20:00:00,19.39,20.38,19.222,20.089,1107764.8
2025-01-14 00:00:00,20.09,20.626,19.996,20.441,705674.8
2025-01-14 04:00:00,20.442,20.86,20.439,20.603,403353.9
2025-01-14 08:00:00,20.603,21.051,20.471,20.665,981562.9
2025-01-14 12:00:00,20.666,21.062,20.419,20.725,711228.9
2025-01-14 16:00:00,20.724,20.973,20.557,20.856,428276.9
2025-01-14 20:00:00,20.855,21.227,20.689,21.172,374903.9
2025-01-15 00:00:00,21.173,21.567,21.044,21.451,784557.9
2025-01-15 04:00:00,21.45,21.769,21.284,21.627,459049.3
2025-01-15 08:00:00,21.628,21.78,20.883,20.998,665603.6
2025-01-15 12:00:00,21.001,22.899,20.85,22.844,1809338.7
2025-01-15 16:00:00,22.845,23.264,22.642,23.102,808521.5
2025-01-15 20:00:00,23.103,23.42,22.685,23.099,808794.0
2025-01-16 00:00:00,23.1,23.162,22.475,22.708,629962.7
2025-01-16 04:00:00,22.708,22.879,22.637,22.8,301719.2
2025-01-16 08:00:00,22.8,22.893,22.335,22.892,681274.3
2025-01-16 12:00:00,22.889,23.257,22.214,22.828,1493312.4
2025-01-16 16:00:00,22.83,23.235,22.779,23.195,706039.6
2025-01-16 20:00:00,23.196,23.317,22.507,22.717,476709.8
2025-01-17 00:00:00,22.718,23.579,22.718,23.187,536843.9
2025-01-17 04:00:00,23.187,24.786,23.134,24.505,1226155.8
2025-01-17 08:00:00,24.504,26.024,24.452,25.374,2022123.4
2025-01-17 12:00:00,25.373,25.532,24.48,24.628,1241049.9
2025-01-17 16:00:00,24.629,25.018,24.252,24.437,771229.2
2025-01-17 20:00:00,24.437,24.958,24.419,24.727,600610.5
2025-01-18 00:00:00,24.729,25.114,24.317,24.582,773641.7
2025-01-18 04:00:00,24.582,24.839,23.93,24.312,1212108.2
2025-01-18 08:00:00,24.315,24.967,23.96,24.877,1067433.5
2025-01-18 12:00:00,24.88,24.884,23.644,24.012,949362.8
2025-01-18 16:00:00,24.011,24.183,23.352,23.757,903017.8
2025-01-18 20:00:00,23.758,24.032,23.244,23.903,405368.6
2025-01-19 00:00:00,23.904,24.278,23.569,23.586,652536.9
2025-01-19 04:00:00,23.586,23.654,22.745,22.821,870613.1
2025-01-19 08:00:00,22.821,22.821,21.294,21.47,1988495.8
2025-01-19 12:00:00,21.471,23.404,21.425,22.904,1651073.3
2025-01-19 16:00:00,22.902,23.353,22.813,23.176,594226.9
2025-01-19 20:00:00,23.177,23.389,20.232,20.678,2907421.7
2025-01-20 00:00:00,20.678,20.688,19.78,20.538,2276850.7
2025-01-20 04:00:00,20.538,23.404,20.312,22.936,2063547.7
2025-01-20 08:00:00,22.937,23.785,22.762,23.698,1216474.9
2025-01-20 12:00:00,23.699,23.723,22.223,22.383,1972165.7
2025-01-20 16:00:00,22.384,22.548,20.689,21.649,2300570.2
2025-01-20 20:00:00,21.648,22.435,21.498,21.599,1279211.8
2025-01-21 00:00:00,21.599,21.719,20.467,20.589,941952.8
2025-01-21 04:00:00,20.588,20.706,20.107,20.547,710915.5
2025-01-21 08:00:00,20.547,21.648,20.365,21.472,1264063.2
2025-01-21 12:00:00,21.475,21.907,21.191,21.514,976353.0
2025-01-21 16:00:00,21.514,23.064,21.425,22.496,974479.9
2025-01-21 20:00:00,22.498,23.207,22.347,22.792,676808.3
2025-01-22 00:00:00,22.793,23.095,22.099,22.146,478620.4
2025-01-22 04:00:00,22.146,22.267,21.725,21.738,420345.0
2025-01-22 08:00:00,21.737,21.984,21.482,21.818,758157.0
2025-01-22 12:00:00,21.819,21.973,21.4,21.766,673164.1
2025-01-22 16:00:00,21.767,22.099,21.503,21.685,657402.1
2025-01-22 20:00:00,21.687,21.865,21.249,21.472,494117.3
2025-01-23 00:00:00,21.472,21.506,20.826,20.91,496635.2
2025-01-23 04:00:00,20.911,21.013,20.603,21.004,888138.7
2025-01-23 08:00:00,21.003,21.021,20.382,20.566,398760.9
2025-01-23 12:00:00,20.565,21.601,20.322,21.366,1191626.3
2025-01-23 16:00:00,21.364,21.868,20.482,20.573,744822.3
2025-01-23 20:00:00,20.573,21.307,20.399,20.826,1163178.4
2025-01-24 00:00:00,20.823,20.976,20.17,20.448,513670.3
2025-01-24 04:00:00,20.446,21.369,20.363,21.183,655833.8
2025-01-24 08:00:00,21.184,21.629,21.128,21.493,1002401.6
2025-01-24 12:00:00,21.493,21.849,21.266,21.519,662969.4
2025-01-24 16:00:00,21.521,21.876,21.34,21.428,552824.8
2025-01-24 20:00:00,21.429,21.493,20.615,20.756,555283.4
2025-01-25 00:00:00,20.755,21.163,20.461,20.895,555973.7
2025-01-25 04:00:00,20.896,20.925,20.342,20.417,555318.7
2025-01-25 08:00:00,20.418,20.792,20.304,20.73,588016.6
2025-01-25 12:00:00,20.73,20.969,20.412,20.916,566066.8
2025-01-25 16:00:00,20.917,21.089,20.716,20.913,393870.6
2025-01-25 20:00:00,20.913,21.09,20.626,20.633,370391.0
2025-01-26 00:00:00,20.634,20.877,20.418,20.769,633342.5
2025-01-26 04:00:00,20.769,21.156,20.666,21.07,620323.4
2025-01-26 08:00:00,21.071,21.217,20.549,20.809,515923.0
2025-01-26 12:00:00,20.808,21.176,20.706,20.99,438616.4
2025-01-26 16:00:00,20.991,21.417,20.857,21.245,341394.2
2025-01-26 20:00:00,21.242,21.284,20.083,20.122,675535.1
2025-01-27 00:00:00,20.121,20.272,19.124,19.427,1499981.9
2025-01-27 04:00:00,19.427,19.709,18.146,18.933,2344822.7
2025-01-27 08:00:00,18.932,19.049,18.19,18.219,1314691.4
2025-01-27 12:00:00,18.218,19.165,18.057,18.962,1323690.6
2025-01-27 16:00:00,18.963,18.996,18.16,18.439,886085.9
2025-01-27 20:00:00,18.44,19.677,18.438,19.155,988373.2
2025-01-28 00:00:00,19.156,19.344,18.773,19.145,422511.9
2025-01-28 04:00:00,19.145,19.425,18.866,18.934,485187.7
2025-01-28 08:00:00,18.934,19.131,18.759,18.871,680705.8
2025-01-28 12:00:00,18.871,18.981,18.551,18.725,668861.1
2025-01-28 16:00:00,18.726,18.743,18.101,18.28,755792.8
2025-01-28 20:00:00,18.28,18.314,17.304,17.581,1127496.4
2025-01-29 00:00:00,17.582,18.403,17.54,18.258,621392.0
2025-01-29 04:00:00,18.258,18.57,18.171,18.522,393189.5
2025-01-29 08:00:00,18.52,18.691,18.217,18.458,516532.0
2025-01-29 12:00:00,18.457,18.57,17.82,18.032,811956.6
2025-01-29 16:00:00,18.032,18.73,17.661,18.399,1206592.3
2025-01-29 20:00:00,18.398,19.071,18.165,18.38,862119.4
2025-01-30 00:00:00,18.38,19.163,18.152,19.147,467466.4
2025-01-30 04:00:00,19.146,19.284,18.924,19.049,366714.3
2025-01-30 08:00:00,19.049,19.637,18.858,19.539,558519.3
2025-01-30 12:00:00,19.54,20.084,19.331,19.919,1178610.7
2025-01-30 16:00:00,19.921,20.209,19.765,20.181,733003.4
2025-01-30 20:00:00,20.179,20.33,19.891,19.913,530113.1
2025-01-31 00:00:00,19.912,20.191,19.66,19.841,561992.8
2025-01-31 04:00:00,19.841,20.738,19.655,20.44,706033.4
2025-01-31 08:00:00,20.441,20.55,19.856,20.509,629407.1
2025-01-31 12:00:00,20.509,21.162,20.402,21.116,741531.9
2025-01-31 16:00:00,21.115,21.181,20.134,20.273,923184.1
2025-01-31 20:00:00,20.272,20.576,19.965,20.265,528606.8
2025-02-01 00:00:00,20.264,20.576,20.129,20.188,337016.4
2025-02-01 04:00:00,20.189,20.322,19.882,19.96,327859.3
2025-02-01 08:00:00,19.961,20.033,19.333,19.459,696764.6
2025-02-01 12:00:00,19.458,19.567,19.016,19.193,511663.7
2025-02-01 16:00:00,19.194,19.483,18.741,18.825,660987.6
2025-02-01 20:00:00,18.825,18.857,18.1,18.269,946005.7
2025-02-02 00:00:00,18.268,18.842,17.702,17.76,895979.2
2025-02-02 04:00:00,17.759,18.323,17.715,18.089,676190.4
2025-02-02 08:00:00,18.089,18.385,17.482,17.517,914230.2
2025-02-02 12:00:00,17.517,17.927,17.374,17.637,1012190.2
2025-02-02 16:00:00,17.637,17.642,15.781,16.464,3115368.2
2025-02-02 20:00:00,16.466,16.585,14.7,15.507,2649882.9
2025-02-03 00:00:00,15.508,15.516,11.246,13.071,6925460.0
2025-02-03 04:00:00,13.069,14.072,12.399,14.022,2824574.6
2025-02-03 08:00:00,14.023,14.252,13.383,13.914,1934405.7
2025-02-03 12:00:00,13.916,15.164,13.17,15.038,3619083.1
2025-02-03 16:00:00,15.037,16.074,14.976,16.009,1981717.1
2025-02-03 20:00:00,16.008,16.274,15.297,16.042,1389236.2
2025-02-04 00:00:00,16.042,16.142,15.126,15.252,862332.4
2025-02-04 04:00:00,15.252,15.355,13.835,13.891,1726125.1
2025-02-04 08:00:00,13.89,14.698,13.749,14.408,1571463.6
2025-02-04 12:00:00,14.409,14.967,14.233,14.524,1952059.3
2025-02-04 16:00:00,14.525,15.132,14.417,14.417,1413761.4
2025-02-04 20:00:00,14.419,14.571,13.743,14.341,1844785.3
2025-02-05 00:00:00,14.343,14.683,14.174,14.578,755331.6
2025-02-05 04:00:00,14.577,14.723,14.321,14.515,596009.5
2025-02-05 08:00:00,14.513,14.943,14.373,14.811,726036.9
2025-02-05 12:00:00,14.812,14.879,14.357,14.605,868310.2
2025-02-05 16:00:00,14.604,14.645,13.864,14.317,1132165.0
2025-02-05 20:00:00,14.317,14.405,13.775,13.986,664896.3
2025-02-06 00:00:00,13.986,14.239,13.872,14.099,557195.6
2025-02-06 04:00:00,14.099,14.38,13.979,14.123,848630.3
2025-02-06 08:00:00,14.123,14.278,13.846,14.031,943162.6
2025-02-06 12:00:00,14.032,14.18,13.3,13.449,1451966.4
2025-02-06 16:00:00,13.447,13.569,12.978,13.022,1497844.3
2025-02-06 20:00:00,13.022,13.392,12.927,13.107,871430.3
2025-02-07 00:00:00,13.107,13.645,13.073,13.418,835410.1
2025-02-07 04:00:00,13.418,13.522,13.038,13.336,650483.7
2025-02-07 08:00:00,13.335,14.112,13.253,14.014,1078258.3
2025-02-07 12:00:00,14.015,14.748,13.762,14.283,1540407.6
2025-02-07 16:00:00,14.284,14.307,13.726,13.797,1115630.4
2025-02-07 20:00:00,13.797,13.812,12.893,13.472,1306301.2
2025-02-08 00:00:00,13.471,13.655,13.066,13.101,1052954.4
2025-02-08 04:00:00,13.101,13.174,12.806,13.069,606214.2
2025-02-08 08:00:00,13.069,13.224,12.826,13.107,1132760.6
2025-02-08 12:00:00,13.108,13.546,13.004,13.302,864279.6
2025-02-08 16:00:00,13.302,13.79,13.173,13.677,586950.1
2025-02-08 20:00:00,13.675,13.962,13.57,13.801,497148.8
2025-02-09 00:00:00,13.8,14.348,13.693,14.335,636206.8
2025-02-09 04:00:00,14.334,14.347,13.726,13.915,952979.8
2025-02-09 08:00:00,13.916,14.076,13.791,13.805,463481.1
2025-02-09 12:00:00,13.806,13.866,13.356,13.676,625690.8
2025-02-09 16:00:00,13.678,13.764,13.399,13.479,443882.6
2025-02-09 20:00:00,13.478,14.102,13.016,13.713,1778628.5
2025-02-10 00:00:00,13.713,14.252,13.382,14.003,1201581.6
2025-02-10 04:00:00,14.005,14.913,13.891,14.738,1815436.7
2025-02-10 08:00:00,14.738,15.127,14.292,14.523,1836383.5
2025-02-10 12:00:00,14.522,14.754,14.199,14.358,1284437.8
2025-02-10 16:00:00,14.357,14.958,14.299,14.727,1280655.5
2025-02-10 20:00:00,14.726,14.794,14.437,14.558,601892.7
2025-02-11 00:00:00,14.559,15.019,14.45,14.799,902841.0
2025-02-11 04:00:00,14.8,15.322,14.776,15.099,817386.1
2025-02-11 08:00:00,15.099,15.604,14.934,15.11,1432691.5
2025-02-11 12:00:00,15.111,15.148,14.418,14.685,1305229.1
2025-02-11 16:00:00,14.685,14.746,14.02,14.113,1112395.1
2025-02-11 20:00:00,14.114,14.52,14.09,14.235,762429.7
2025-02-12 00:00:00,14.234,14.403,14.012,14.197,552622.6
2025-02-12 04:00:00,14.197,14.305,13.906,13.932,942152.5
2025-02-12 08:00:00,13.932,14.211,13.811,13.985,862553.7
2025-02-12 12:00:00,13.985,14.367,13.419,14.032,2366241.7
2025-02-12 16:00:00,14.033,14.706,13.772,14.639,1204481.4
2025-02-12 20:00:00,14.64,15.042,14.396,14.907,810958.9
2025-02-13 00:00:00,14.908,15.377,14.893,15.218,576666.5
2025-02-13 04:00:00,15.218,15.258,14.715,14.749,575705.9
2025-02-13 08:00:00,14.749,15.268,14.708,15.055,1165169.5
2025-02-13 12:00:00,15.056,15.129,14.588,14.995,1058881.1
2025-02-13 16:00:00,14.994,15.189,14.723,15.016,727855.4
2025-02-13 20:00:00,15.016,15.263,14.93,15.113,456523.7
2025-02-14 00:00:00,15.114,15.563,14.906,15.556,673460.1
2025-02-14 04:00:00,15.555,15.653,15.032,15.291,967783.0
2025-02-14 08:00:00,15.292,15.549,15.201,15.335,857165.9
2025-02-14 12:00:00,15.335,15.617,15.146,15.418,1095908.5
2025-02-14 16:00:00,15.417,15.837,15.2,15.52,946634.5
2025-02-14 20:00:00,15.521,15.537,14.948,15.372,625022.6
2025-02-15 00:00:00,15.372,15.797,15.105,15.629,1087199.6
2025-02-15 04:00:00,15.627,15.867,15.393,15.49,613565.3
2025-02-15 08:00:00,15.489,15.589,15.118,15.211,416913.6
2025-02-15 12:00:00,15.213,15.31,14.788,14.855,660397.4
2025-02-15 16:00:00,14.855,15.119,14.789,14.962,566976.4
2025-02-15 20:00:00,14.961,15.387,14.813,15.28,804144.8
2025-02-16 00:00:00,15.281,15.349,14.922,15.085,416207.7
2025-02-16 04:00:00,15.085,15.294,14.944,14.992,407001.0
2025-02-16 08:00:00,14.992,15.348,14.903,15.13,875364.0
2025-02-16 12:00:00,15.13,15.183,14.72,14.9,494776.9
2025-02-16 16:00:00,14.899,14.989,14.54,14.798,549173.9
2025-02-16 20:00:00,14.797,15.344,14.685,14.89,990423.1
2025-02-17 00:00:00,14.891,15.269,14.862,15.141,425802.2
2025-02-17 04:00:00,15.139,15.445,14.845,15.028,855586.8
2025-02-17 08:00:00,15.027,15.626,14.949,15.528,710664.5
2025-02-17 12:00:00,15.528,16.236,15.279,15.297,1619008.9
2025-02-17 16:00:00,15.296,15.433,14.688,14.98,1054653.7
2025-02-17 20:00:00,14.979,15.287,14.884,14.956,598663.5
2025-02-18 00:00:00,14.957,14.973,14.524,14.558,693654.9
2025-02-18 04:00:00,14.558,14.66,13.961,14.079,1033661.2
2025-02-18 08:00:00,14.08,14.3,13.852,13.973,1294502.9
2025-02-18 12:00:00,13.973,14.267,13.545,13.674,1212426.9
2025-02-18 16:00:00,13.673,13.765,13.243,13.596,1485728.5
2025-02-18 20:00:00,13.597,13.914,13.447,13.883,770452.3
2025-02-19 00:00:00,13.882,13.972,13.645,13.891,576423.2
2025-02-19 04:00:00,13.89,14.327,13.581,14.194,667052.1
2025-02-19 08:00:00,14.193,14.535,14.072,14.482,658705.7
2025-02-19 12:00:00,14.483,15.012,14.362,14.753,1728589.7
2025-02-19 16:00:00,14.752,15.248,14.673,15.04,1387397.8
2025-02-19 20:00:00,15.038,15.164,14.703,14.904,659512.1
2025-02-20 00:00:00,14.905,15.414,14.751,15.123,1090297.3
2025-02-20 04:00:00,15.121,15.513,15.055,15.445,766497.5
2025-02-20 08:00:00,15.448,15.833,15.445,15.664,1289458.6
2025-02-20 12:00:00,15.664,15.802,15.307,15.474,1154140.6
2025-02-20 16:00:00,15.474,15.867,15.432,15.692,687375.5
2025-02-20 20:00:00,15.69,15.753,15.544,15.699,407035.6
2025-02-21 00:00:00,15.698,15.782,15.503,15.62,446567.9
2025-02-21 04:00:00,15.62,16.2,15.577,15.981,870167.0
2025-02-21 08:00:00,15.98,16.784,15.941,16.63,1679138.4
2025-02-21 12:00:00,16.628,16.837,15.922,16.357,1579825.1
2025-02-21 16:00:00,16.357,16.657,15.025,15.117,2168536.0
2025-02-21 20:00:00,15.118,15.478,15.012,15.255,995470.6
2025-02-22 00:00:00,15.256,15.42,15.035,15.144,531036.4
2025-02-22 04:00:00,15.143,15.314,15.073,15.168,385071.6
2025-02-22 08:00:00,15.169,15.527,15.088,15.191,1051247.1
2025-02-22 12:00:00,15.192,15.432,15.126,15.369,588473.8
2025-02-22 16:00:00,15.368,15.682,15.316,15.486,625046.5
2025-02-22 20:00:00,15.487,15.493,15.226,15.275,336569.2
2025-02-23 00:00:00,15.276,15.459,15.193,15.363,377434.1
2025-02-23 04:00:00,15.363,15.784,15.215,15.739,412036.1
2025-02-23 08:00:00,15.738,15.773,15.31,15.367,444429.9
2025-02-23 12:00:00,15.367,15.86,15.26,15.498,1207737.6
2025-02-23 16:00:00,15.498,16.036,15.453,15.769,854958.4
2025-02-23 20:00:00,15.769,16.141,15.625,16.123,657965.7
2025-02-24 00:00:00,16.121,16.28,15.211,15.278,1047865.7
2025-02-24 04:00:00,15.28,15.569,15.021,15.312,881393.8
2025-02-24 08:00:00,15.311,15.318,14.922,15.313,1005604.1
2025-02-24 12:00:00,15.313,15.712,14.5,14.59,1917980.9
2025-02-24 16:00:00,14.589,14.981,14.268,14.438,1072214.5
2025-02-24 20:00:00,14.439,14.705,13.573,13.838,2005162.8
2025-02-25 00:00:00,13.837,14.201,13.501,13.898,1961281.8
2025-02-25 04:00:00,13.9,13.963,12.672,13.066,2115640.7
2025-02-25 08:00:00,13.066,13.47,12.676,13.413,1923705.6
2025-02-25 12:00:00,13.413,13.616,12.691,13.061,2068156.4
2025-02-25 16:00:00,13.062,13.506,12.872,13.496,1351992.3
2025-02-25 20:00:00,13.494,13.899,13.359,13.528,1039033.4
2025-02-26 00:00:00,13.527,13.816,13.351,13.701,618132.1
2025-02-26 04:00:00,13.702,13.831,13.5,13.731,555294.1
2025-02-26 08:00:00,13.731,13.827,13.412,13.453,1307721.8
2025-02-26 12:00:00,13.454,13.547,12.857,13.342,1492448.8
2025-02-26 16:00:00,13.343,13.386,12.462,12.578,1719909.8
2025-02-26 20:00:00,12.578,13.292,12.387,12.978,1574517.1
2025-02-27 00:00:00,12.978,13.356,12.843,13.301,656000.1
2025-02-27 04:00:00,13.301,13.599,13.226,13.463,755522.7
2025-02-27 08:00:00,13.464,13.808,13.421,13.668,1144962.3
2025-02-27 12:00:00,13.669,13.777,13.322,13.59,944165.1
2025-02-27 16:00:00,13.59,13.721,13.294,13.375,553354.3
2025-02-27 20:00:00,13.374,13.573,13.139,13.563,727266.2
2025-02-28 00:00:00,13.564,13.617,12.583,12.617,1621811.8
2025-02-28 04:00:00,12.618,12.637,12.142,12.315,1739823.0
2025-02-28 08:00:00,12.314,12.64,12.086,12.325,1766350.6
2025-02-28 12:00:00,12.324,13.243,12.211,13.121,1373679.0
2025-02-28 16:00:00,13.12,13.294,12.965,13.186,722557.2
2025-02-28 20:00:00,13.186,13.339,13.036,13.316,577153.0
2025-03-01 00:00:00,13.317,13.468,13.049,13.39,611475.6
2025-03-01 04:00:00,13.389,13.504,12.969,12.995,1099978.5
2025-03-01 08:00:00,12.995,13.104,12.593,12.648,942913.5
2025-03-01 12:00:00,12.649,12.894,12.554,12.734,1187076.5
2025-03-01 16:00:00,12.734,13.112,12.687,12.955,623504.2
2025-03-01 20:00:00,12.954,13.081,12.826,13.014,565724.6
2025-03-02 00:00:00,13.014,13.106,12.894,12.939,586852.2
2025-03-02 04:00:00,12.94,12.946,12.712,12.731,881988.4
2025-03-02 08:00:00,12.731,12.94,12.652,12.798,512690.3
2025-03-02 12:00:00,12.798,13.332,12.545,13.099,1447757.9
2025-03-02 16:00:00,13.099,14.408,13.099,14.261,2620820.0
2025-03-02 20:00:00,14.26,14.407,14.168,14.34,788037.6
2025-03-03 00:00:00,14.34,14.381,13.626,13.894,1080147.0
2025-03-03 04:00:00,13.893,14.142,13.43,13.805,1203893.0
2025-03-03 08:00:00,13.804,13.861,13.34,13.508,851590.8
2025-03-03 12:00:00,13.508,13.713,13.05,13.163,1380030.6
2025-03-03 16:00:00,13.164,13.404,12.078,12.178,2208555.9
2025-03-03 20:00:00,12.179,12.335,11.777,11.964,1449379.3
2025-03-04 00:00:00,11.964,12.028,10.7,11.07,2847443.7
2025-03-04 04:00:00,11.073,11.304,10.949,11.061,1036001.0
2025-03-04 08:00:00,11.057,11.17,10.738,10.946,972285.6
2025-03-04 12:00:00,10.948,11.31,10.442,10.768,2481438.9
2025-03-04 16:00:00,10.768,11.212,10.066,11.188,2440712.1
2025-03-04 20:00:00,11.188,11.392,10.886,11.079,1157994.8
2025-03-05 00:00:00,11.077,11.229,10.861,10.921,619611.2
2025-03-05 04:00:00,10.921,11.351,10.914,11.338,707996.4
2025-03-05 08:00:00,11.337,11.726,11.306,11.586,1117106.5
2025-03-05 12:00:00,11.587,11.964,11.47,11.651,1906192.7
2025-03-05 16:00:00,11.649,12.035,11.412,11.963,844644.9
2025-03-05 20:00:00,11.964,12.14,11.959,12.071,585433.7
2025-03-06 00:00:00,12.071,12.648,12.036,12.646,1193044.6
2025-03-06 04:00:00,12.646,12.745,12.179,12.195,1435092.9
2025-03-06 08:00:00,12.195,12.335,12.064,12.263,927484.2
2025-03-06 12:00:00,12.264,12.299,11.799,12.079,1279545.0
2025-03-06 16:00:00,12.079,12.218,11.538,11.61,1393491.2
2025-03-06 20:00:00,11.61,12.039,11.589,11.868,1065988.0
2025-03-07 00:00:00,11.869,12.023,11.234,11.654,1712745.6
2025-03-07 04:00:00,11.653,11.947,11.625,11.916,520545.8
2025-03-07 08:00:00,11.916,12.061,11.745,11.923,598556.3
2025-03-07 12:00:00,11.922,12.146,11.706,11.925,1308641.6
2025-03-07 16:00:00,11.925,12.14,11.505,11.86,1083430.7
2025-03-07 20:00:00,11.858,11.978,11.365,11.483,885294.9
2025-03-08 00:00:00,11.482,11.483,11.114,11.272,653807.7
2025-03-08 04:00:00,11.272,11.409,11.133,11.158,380004.5
2025-03-08 08:00:00,11.157,11.278,11.028,11.131,607322.6
2025-03-08 12:00:00,11.131,11.334,11.036,11.118,624835.7
2025-03-08 16:00:00,11.117,11.47,10.914,11.435,712523.4
2025-03-08 20:00:00,11.435,11.453,11.157,11.282,388525.2
2025-03-09 00:00:00,11.282,11.363,11.069,11.188,316994.1
2025-03-09 04:00:00,11.188,11.233,10.807,10.939,1055347.0
2025-03-09 08:00:00,10.939,10.996,10.468,10.542,1144169.9
2025-03-09 12:00:00,10.542,10.565,10.229,10.289,1077392.7
2025-03-09 16:00:00,10.288,10.314,9.46,9.709,2735795.8
2025-03-09 20:00:00,9.709,9.812,9.296,9.468,1527852.1
2025-03-10 00:00:00,9.469,9.939,9.315,9.706,1573964.4
2025-03-10 04:00:00,9.706,10.183,9.689,9.974,2087088.3
2025-03-10 08:00:00,9.975,10.342,9.757,10.259,1249397.2
2025-03-10 12:00:00,10.26,10.31,9.475,9.731,1779114.7
2025-03-10 16:00:00,9.73,9.79,8.731,9.125,2882419.9
2025-03-10 20:00:00,9.125,9.189,8.764,8.784,1155253.2
2025-03-11 00:00:00,8.785,8.938,8.135,8.763,2831838.1
2025-03-11 04:00:00,8.763,9.376,8.744,9.247,1359756.7
2025-03-11 08:00:00,9.247,9.558,9.209,9.272,2911436.6
2025-03-11 12:00:00,9.272,9.286,8.693,9.225,2775927.6
2025-03-11 16:00:00,9.225,9.555,9.023,9.442,1651339.9
2025-03-11 20:00:00,9.441,9.453,9.055,9.101,786007.9
2025-03-12 00:00:00,9.101,9.36,8.925,8.935,2188010.8
2025-03-12 04:00:00,8.935,9.283,8.82,9.267,1044024.5
2025-03-12 08:00:00,9.267,9.733,9.257,9.707,1324917.3
2025-03-12 12:00:00,9.706,10.034,9.148,9.358,2513662.2
2025-03-12 16:00:00,9.359,9.649,9.321,9.465,967586.2
2025-03-12 20:00:00,9.466,9.717,9.443,9.662,690072.8
2025-03-13 00:00:00,9.661,9.719,9.464,9.537,789516.4
2025-03-13 04:00:00,9.536,9.597,9.072,9.259,3171185.1
2025-03-13 08:00:00,9.258,9.511,9.116,9.45,1211286.5
2025-03-13 12:00:00,9.449,9.57,9.089,9.21,1571164.3
2025-03-13 16:00:00,9.21,9.24,8.925,9.068,1309178.0
2025-03-13 20:00:00,9.067,9.404,8.98,9.264,758654.5
2025-03-14 00:00:00,9.263,9.549,9.227,9.454,698127.3
2025-03-14 04:00:00,9.454,9.619,9.401,9.487,686182.2
2025-03-14 08:00:00,9.488,9.819,9.477,9.726,1897590.9
2025-03-14 12:00:00,9.726,10.197,9.668,10.071,1793701.4
2025-03-14 16:00:00,10.071,10.31,10.062,10.136,1322454.6
2025-03-14 20:00:00,10.137,10.147,9.935,9.96,914819.9
2025-03-15 00:00:00,9.959,10.133,9.874,10.119,566717.7
2025-03-15 04:00:00,10.118,10.256,9.973,9.979,682997.3
2025-03-15 08:00:00,9.979,10.179,9.966,10.109,629487.8
2025-03-15 12:00:00,10.109,10.309,10.062,10.215,749057.7
2025-03-15 16:00:00,10.215,10.336,10.091,10.165,618415.6
2025-03-15 20:00:00,10.165,10.394,10.157,10.163,652037.9
2025-03-16 00:00:00,10.164,10.225,9.968,10.16,594367.6
2025-03-16 04:00:00,10.159,10.261,10.048,10.105,445332.5
2025-03-16 08:00:00,10.104,10.127,9.645,9.702,1081853.4
2025-03-16 12:00:00,9.702,9.764,9.473,9.691,1228813.5
2025-03-16 16:00:00,9.691,9.937,9.583,9.636,1253789.2
2025-03-16 20:00:00,9.637,9.727,9.476,9.578,499928.0
2025-03-17 00:00:00,9.578,9.927,9.565,9.861,602670.5
2025-03-17 04:00:00,9.861,9.899,9.603,9.794,630907.9
2025-03-17 08:00:00,9.794,9.949,9.697,9.87,689793.9
2025-03-17 12:00:00,9.87,10.034,9.652,9.847,1093137.7
2025-03-17 16:00:00,9.847,10.316,9.759,10.19,1074807.8
2025-03-17 20:00:00,10.189,10.222,9.941,9.955,699986.8
2025-03-18 00:00:00,9.957,9.978,9.598,9.633,780466.1
2025-03-18 04:00:00,9.632,9.802,9.571,9.715,742099.3
2025-03-18 08:00:00,9.714,9.845,9.496,9.555,861113.6
2025-03-18 12:00:00,9.556,9.642,9.291,9.321,1099338.1
2025-03-18 16:00:00,9.321,9.546,9.276,9.534,728238.1
2025-03-18 20:00:00,9.535,9.749,9.467,9.655,839286.9
2025-03-19 00:00:00,9.655,9.787,9.564,9.773,587651.1
2025-03-19 04:00:00,9.772,9.795,9.557,9.572,466197.4
2025-03-19 08:00:00,9.572,10.042,9.548,10.027,1101045.8
2025-03-19 12:00:00,10.026,10.216,9.847,10.171,2203487.1
2025-03-19 16:00:00,10.171,10.271,9.885,10.081,1449904.9
2025-03-19 20:00:00,10.081,10.299,10.081,10.23,786301.9
2025-03-20 00:00:00,10.231,10.35,9.999,10.035,636831.3
2025-03-20 04:00:00,10.034,10.073,9.901,9.916,483598.7
2025-03-20 08:00:00,9.916,10.046,9.728,9.779,741197.1
2025-03-20 12:00:00,9.779,10.024,9.702,9.731,1034314.1
2025-03-20 16:00:00,9.732,9.954,9.667,9.852,842749.9
2025-03-20 20:00:00,9.853,10.017,9.843,9.9,504005.2
2025-03-21 00:00:00,9.9,10.097,9.872,9.986,472984.1
2025-03-21 04:00:00,9.986,10.119,9.82,9.855,373984.1
2025-03-21 08:00:00,9.856,9.905,9.514,9.567,729905.5
2025-03-21 12:00:00,9.566,9.642,9.408,9.536,1022254.5
2025-03-21 16:00:00,9.536,9.729,9.478,9.675,631608.7
2025-03-21 20:00:00,9.675,9.822,9.608,9.685,527839.3
2025-03-22 00:00:00,9.686,9.846,9.6,9.731,570528.9
2025-03-22 04:00:00,9.73,9.945,9.717,9.934,429752.1
2025-03-22 08:00:00,9.935,10.05,9.904,9.93,479362.9
2025-03-22 12:00:00,9.93,9.963,9.74,9.804,638699.0
2025-03-22 16:00:00,9.804,10.042,9.782,9.965,493426.5
2025-03-22 20:00:00,9.965,10.029,9.798,9.898,984819.4
2025-03-23 00:00:00,9.897,10.079,9.883,10.079,455816.5
2025-03-23 04:00:00,10.078,10.103,9.884,10.049,502137.3
2025-03-23 08:00:00,10.049,10.083,9.926,9.961,571875.4
2025-03-23 12:00:00,9.962,9.982,9.727,9.77,727879.2
2025-03-23 16:00:00,9.771,9.796,9.608,9.74,573467.0
2025-03-23 20:00:00,9.739,9.953,9.671,9.949,516377.9
2025-03-24 00:00:00,9.95,10.164,9.778,10.139,712373.2
2025-03-24 04:00:00,10.139,10.511,10.138,10.293,1066548.4
2025-03-24 08:00:00,10.292,10.605,10.291,10.514,1038614.0
2025-03-24 12:00:00,10.514,10.676,10.434,10.591,1033411.4
2025-03-24 16:00:00,10.591,10.603,10.383,10.502,609292.6
2025-03-24 20:00:00,10.502,10.594,10.371,10.497,485359.1
2025-03-25 00:00:00,10.498,10.573,10.233,10.264,571023.2
2025-03-25 04:00:00,10.263,10.526,10.224,10.406,531025.2
2025-03-25 08:00:00,10.406,10.645,10.392,10.574,642395.7
2025-03-25 12:00:00,10.574,10.741,10.495,10.6,1181121.9
2025-03-25 16:00:00,10.603,10.772,10.499,10.749,925665.8
2025-03-25 20:00:00,10.748,10.803,10.578,10.648,620480.1
2025-03-26 00:00:00,10.649,11.072,10.565,10.618,1805490.2
2025-03-26 04:00:00,10.617,10.977,10.593,10.97,748204.0
2025-03-26 08:00:00,10.971,11.046,10.822,10.919,871611.4
2025-03-26 12:00:00,10.919,11.115,10.604,10.766,2237889.3
2025-03-26 16:00:00,10.766,10.852,10.442,10.601,1035999.5
2025-03-26 20:00:00,10.601,10.709,10.481,10.522,745124.4
2025-03-27 00:00:00,10.52,10.71,10.439,10.676,645524.7
2025-03-27 04:00:00,10.676,10.682,10.445,10.472,549384.0
2025-03-27 08:00:00,10.472,10.556,10.279,10.303,812198.8
2025-03-27 12:00:00,10.301,10.591,10.228,10.478,1021002.1
2025-03-27 16:00:00,10.478,10.513,10.267,10.431,596768.2
2025-03-27 20:00:00,10.432,10.529,10.303,10.329,442375.7
2025-03-28 00:00:00,10.328,10.331,10.116,10.16,818127.4
2025-03-28 04:00:00,10.162,10.17,9.577,9.601,1508952.2
2025-03-28 08:00:00,9.601,9.645,9.382,9.509,920046.6
2025-03-28 12:00:00,9.508,9.55,9.294,9.331,1007949.3
2025-03-28 16:00:00,9.33,9.387,9.234,9.288,806827.8
2025-03-28 20:00:00,9.289,9.347,9.124,9.217,1247871.6
2025-03-29 00:00:00,9.217,9.294,9.006,9.199,837875.5
2025-03-29 04:00:00,9.199,9.236,8.957,9.013,575801.6
2025-03-29 08:00:00,9.013,9.09,8.721,8.813,976515.5
2025-03-29 12:00:00,8.813,8.891,8.737,8.763,691785.4
2025-03-29 16:00:00,8.764,8.787,8.542,8.71,978826.4
2025-03-29 20:00:00,8.709,8.714,8.529,8.651,595748.6
2025-03-30 00:00:00,8.652,8.904,8.604,8.812,780595.4
2025-03-30 04:00:00,8.813,8.862,8.725,8.811,488251.0
2025-03-30 08:00:00,8.81,9.024,8.809,8.946,743881.6
2025-03-30 12:00:00,8.947,9.032,8.663,8.759,958099.1
2025-03-30 16:00:00,8.758,8.89,8.651,8.719,1444329.5
2025-03-30 20:00:00,8.719,8.744,8.498,8.686,767595.5
2025-03-31 00:00:00,8.687,8.787,8.524,8.639,883482.5
2025-03-31 04:00:00,8.639,8.809,8.534,8.593,561746.6
2025-03-31 08:00:00,8.592,8.668,8.354,8.616,1094976.0
2025-03-31 12:00:00,8.615,8.872,8.533,8.759,1279901.8
2025-03-31 16:00:00,8.762,8.839,8.619,8.724,749080.8
2025-03-31 20:00:00,8.724,8.799,8.639,8.712,441029.0
2025-04-01 00:00:00,8.71,8.877,8.645,8.82,451898.7
2025-04-01 04:00:00,8.82,8.981,8.764,8.882,476112.8
2025-04-01 08:00:00,8.882,9.169,8.827,8.895,1027497.3
2025-04-01 12:00:00,8.895,9.168,8.753,9.105,1038082.2
2025-04-01 16:00:00,9.107,9.151,8.896,8.935,604733.7
2025-04-01 20:00:00,8.935,9.065,8.907,8.948,480656.1
2025-04-02 00:00:00,8.948,8.962,8.65,8.725,717048.6
2025-04-02 04:00:00,8.724,8.762,8.551,8.676,685601.4
2025-04-02 08:00:00,8.677,8.807,8.586,8.606,806209.4
2025-04-02 12:00:00,8.605,9.045,8.53,8.967,1520146.2
2025-04-02 16:00:00,8.967,9.038,8.742,8.93,964939.5
2025-04-02 20:00:00,8.93,9.144,8.172,8.339,2321086.5
2025-04-03 00:00:00,8.34,8.7,8.3,8.597,671648.8
2025-04-03 04:00:00,8.597,8.676,8.377,8.425,687728.1
2025-04-03 08:00:00,8.424,8.483,8.091,8.184,924144.3
2025-04-03 12:00:00,8.183,8.217,7.948,8.19,1374865.3
2025-04-03 16:00:00,8.189,8.365,8.132,8.355,821790.7
2025-04-03 20:00:00,8.355,8.498,8.335,8.396,694567.8
2025-04-04 00:00:00,8.397,8.445,8.269,8.413,554888.7
2025-04-04 04:00:00,8.412,8.523,8.322,8.491,903528.9
2025-04-04 08:00:00,8.492,8.615,8.008,8.139,1416935.1
2025-04-04 12:00:00,8.138,8.428,8.055,8.262,1470598.4
2025-04-04 16:00:00,8.262,8.428,8.164,8.334,1032692.4
2025-04-04 20:00:00,8.334,8.447,8.272,8.311,432598.1
2025-04-05 00:00:00,8.311,8.371,8.242,8.269,336312.6
2025-04-05 04:00:00,8.269,8.326,8.218,8.326,817235.7
2025-04-05 08:00:00,8.325,8.392,8.274,8.28,438956.7
2025-04-05 12:00:00,8.28,8.299,8.065,8.099,1056166.4
2025-04-05 16:00:00,8.099,8.211,8.095,8.137,331507.7
2025-04-05 20:00:00,8.137,8.282,8.113,8.258,351985.8
2025-04-06 00:00:00,8.259,8.278,8.094,8.137,357900.9
2025-04-06 04:00:00,8.138,8.204,8.07,8.091,435113.8
2025-04-06 08:00:00,8.092,8.166,8.023,8.101,711877.1
2025-04-06 12:00:00,8.1,8.11,7.734,7.883,1107874.0
2025-04-06 16:00:00,7.882,7.896,7.166,7.324,3661464.3
2025-04-06 20:00:00,7.324,7.359,6.924,7.063,2733959.9
2025-04-07 00:00:00,7.063,7.242,6.758,6.874,2080852.4
2025-04-07 04:00:00,6.876,7.074,6.334,6.482,4963601.6
2025-04-07 08:00:00,6.481,7.0,6.42,6.836,2401281.5
2025-04-07 12:00:00,6.837,7.625,6.774,7.174,4793634.2
2025-04-07 16:00:00,7.174,7.291,7.013,7.126,1408311.4
2025-04-07 20:00:00,7.126,7.41,7.126,7.248,914178.1
2025-04-08 00:00:00,7.247,7.518,7.205,7.342,961321.3
2025-04-08 04:00:00,7.343,7.407,7.173,7.221,737430.6
2025-04-08 08:00:00,7.22,7.408,7.123,7.39,973909.6
2025-04-08 12:00:00,7.39,7.471,7.187,7.228,2012047.6
2025-04-08 16:00:00,7.228,7.273,6.918,7.019,2213571.0
2025-04-08 20:00:00,7.019,7.092,6.912,6.954,913714.4
2025-04-09 00:00:00,6.955,7.145,6.756,7.009,1747510.6
2025-04-09 04:00:00,7.009,7.273,6.993,7.22,1286714.9
2025-04-09 08:00:00,7.221,7.278,7.028,7.071,1564028.4
2025-04-09 12:00:00,7.071,7.315,7.006,7.212,1890254.8
2025-04-09 16:00:00,7.213,8.11,7.196,7.99,3811405.5
2025-04-09 20:00:00,7.991,8.143,7.969,7.989,1005201.0
2025-04-10 00:00:00,7.989,8.0,7.789,7.875,808833.8
2025-04-10 04:00:00,7.875,8.075,7.834,7.893,2111138.2
2025-04-10 08:00:00,7.894,7.931,7.804,7.861,681010.7
2025-04-10 12:00:00,7.86,8.003,7.581,7.628,1595036.6
2025-04-10 16:00:00,7.628,7.747,7.563,7.7,954855.2
2025-04-10 20:00:00,7.698,7.878,7.694,7.822,570925.2
2025-04-11 00:00:00,7.822,8.038,7.802,7.993,715764.3
2025-04-11 04:00:00,7.992,8.218,7.975,8.137,991260.3
2025-04-11 08:00:00,8.137,8.274,8.093,8.122,929800.1
2025-04-11 12:00:00,8.124,8.293,8.067,8.122,1103055.2
2025-04-11 16:00:00,8.123,8.336,8.075,8.26,897258.5
2025-04-11 20:00:00,8.259,8.418,8.218,8.245,603372.0
2025-04-12 00:00:00,8.244,8.254,8.128,8.155,455821.5
2025-04-12 04:00:00,8.154,8.307,8.112,8.282,557400.8
2025-04-12 08:00:00,8.282,8.365,8.166,8.188,613623.7
2025-04-12 12:00:00,8.188,8.57,8.162,8.474,1207515.5
2025-04-12 16:00:00,8.473,8.519,8.326,8.391,618154.9
2025-04-12 20:00:00,8.391,8.492,8.342,8.381,612112.0
2025-04-13 00:00:00,8.38,8.441,8.273,8.386,579404.4
2025-04-13 04:00:00,8.386,8.394,8.168,8.197,1360057.2
2025-04-13 08:00:00,8.197,8.396,8.175,8.279,542531.4
2025-04-13 12:00:00,8.279,8.323,8.091,8.147,819175.1
2025-04-13 16:00:00,8.147,8.523,7.968,8.113,1420632.1
2025-04-13 20:00:00,8.114,8.206,7.887,7.991,858986.4
2025-04-14 00:00:00,7.991,8.298,7.976,8.071,775538.9
2025-04-14 04:00:00,8.072,8.291,8.024,8.081,1950347.0
2025-04-14 08:00:00,8.081,8.372,8.032,8.335,1126526.2
2025-04-14 12:00:00,8.335,8.394,8.046,8.057,1099985.9
2025-04-14 16:00:00,8.057,8.219,7.983,8.13,946148.4
2025-04-14 20:00:00,8.133,8.167,7.957,7.996,425198.5
2025-04-15 00:00:00,7.996,8.113,7.882,8.048,708938.1
2025-04-15 04:00:00,8.047,8.051,7.896,7.976,630655.4
2025-04-15 08:00:00,7.976,8.077,7.924,7.986,783951.1
2025-04-15 12:00:00,7.986,8.139,7.818,7.911,1050176.6
2025-04-15 16:00:00,7.91,7.923,7.725,7.745,597652.6
2025-04-15 20:00:00,7.745,7.797,7.67,7.705,541972.1
2025-04-16 00:00:00,7.705,7.877,7.653,7.796,549075.8
2025-04-16 04:00:00,7.797,7.839,7.622,7.647,565314.5
2025-04-16 08:00:00,7.646,7.756,7.583,7.69,793066.6
2025-04-16 12:00:00,7.689,7.848,7.587,7.711,775966.1
2025-04-16 16:00:00,7.712,7.813,7.462,7.775,1492957.9
2025-04-16 20:00:00,7.775,7.855,7.622,7.661,593023.2
2025-04-17 00:00:00,7.661,7.779,7.636,7.698,329479.2
2025-04-17 04:00:00,7.697,7.882,7.693,7.815,1271116.6
2025-04-17 08:00:00,7.815,7.866,7.648,7.695,638215.2
2025-04-17 12:00:00,7.695,7.728,7.486,7.678,798264.9
2025-04-17 16:00:00,7.679,7.869,7.637,7.723,1149977.9
2025-04-17 20:00:00,7.723,7.798,7.699,7.721,430626.2
2025-04-18 00:00:00,7.721,7.81,7.65,7.807,442469.9
2025-04-18 04:00:00,7.807,7.867,7.763,7.853,525021.3
2025-04-18 08:00:00,7.852,8.07,7.842,7.892,2009330.0
2025-04-18 12:00:00,7.892,8.003,7.856,7.88,937189.5
2025-04-18 16:00:00,7.881,7.965,7.856,7.936,430526.5
2025-04-18 20:00:00,7.935,7.968,7.831,7.891,422153.5
2025-04-19 00:00:00,7.891,8.067,7.854,8.034,501892.8
2025-04-19 04:00:00,8.034,8.344,8.006,8.273,1084596.0
2025-04-19 08:00:00,8.273,8.388,8.083,8.198,1908041.4
2025-04-19 12:00:00,8.199,8.284,8.146,8.217,780437.0
2025-04-19 16:00:00,8.216,8.367,8.174,8.295,652194.5
2025-04-19 20:00:00,8.295,8.403,8.288,8.363,407903.4
2025-04-20 00:00:00,8.362,8.443,8.314,8.43,609519.1
2025-04-20 04:00:00,8.43,8.562,8.3,8.33,976113.2
2025-04-20 08:00:00,8.33,8.442,8.246,8.291,1665974.0
2025-04-20 12:00:00,8.29,8.355,8.211,8.277,764048.8
2025-04-20 16:00:00,8.278,8.458,8.275,8.452,771337.7
2025-04-20 20:00:00,8.451,8.617,8.441,8.529,936920.7
2025-04-21 00:00:00,8.528,8.76,8.493,8.641,912204.1
2025-04-21 04:00:00,8.641,8.992,8.594,8.951,1150735.3
2025-04-21 08:00:00,8.952,9.083,8.84,8.926,1231053.3
2025-04-21 12:00:00,8.925,9.026,8.769,8.84,1226633.3
2025-04-21 16:00:00,8.841,8.859,8.564,8.682,1345629.7
2025-04-21 20:00:00,8.682,8.727,8.523,8.598,580049.2
2025-04-22 00:00:00,8.597,8.729,8.435,8.558,669801.0
2025-04-22 04:00:00,8.557,8.583,8.348,8.532,810100.1
2025-04-22 08:00:00,8.532,8.672,8.446,8.668,880301.3
2025-04-22 12:00:00,8.667,9.088,8.601,8.925,2181812.7
2025-04-22 16:00:00,8.925,9.057,8.853,8.962,1536103.7
2025-04-22 20:00:00,8.963,9.451,8.933,9.386,1773831.6
2025-04-23 00:00:00,9.387,9.482,9.275,9.457,945081.9
2025-04-23 04:00:00,9.457,9.551,9.357,9.49,789270.2
2025-04-23 08:00:00,9.489,9.67,9.361,9.469,1952114.7
2025-04-23 12:00:00,9.469,9.688,9.272,9.504,2157437.4
2025-04-23 16:00:00,9.504,9.666,9.341,9.429,926777.3
2025-04-23 20:00:00,9.428,9.586,9.423,9.515,498220.0
2025-04-24 00:00:00,9.515,9.59,9.265,9.285,939580.4
2025-04-24 04:00:00,9.285,9.404,9.158,9.237,792665.3
2025-04-24 08:00:00,9.237,9.447,9.083,9.361,1540303.7
2025-04-24 12:00:00,9.361,10.198,9.301,10.125,2869928.5
2025-04-24 16:00:00,10.124,10.249,9.923,10.058,1602787.9
2025-04-24 20:00:00,10.058,10.163,9.974,10.089,724179.0
2025-04-25 00:00:00,10.089,10.224,9.907,10.029,1607170.9
2025-04-25 04:00:00,10.028,10.286,9.924,10.257,1012570.3
2025-04-25 08:00:00,10.257,10.387,10.103,10.234,1288711.1
2025-04-25 12:00:00,10.233,10.297,10.005,10.197,1265052.8
2025-04-25 16:00:00,10.198,10.263,9.972,10.038,962375.4
2025-04-25 20:00:00,10.039,10.195,9.983,10.006,615320.7
2025-04-26 00:00:00,10.007,10.536,10.007,10.373,1838320.9
2025-04-26 04:00:00,10.373,10.461,10.16,10.328,761892.3
2025-04-26 08:00:00,10.328,10.483,10.086,10.098,772360.1
2025-04-26 12:00:00,10.098,10.278,10.06,10.195,1074913.4
2025-04-26 16:00:00,10.195,10.278,10.092,10.264,489130.6
2025-04-26 20:00:00,10.264,10.362,10.172,10.296,710760.6
2025-04-27 00:00:00,10.297,10.391,10.009,10.178,856258.9
2025-04-27 04:00:00,10.177,10.232,9.975,10.079,680830.0
2025-04-27 08:00:00,10.079,10.124,9.878,9.894,642832.7
2025-04-27 12:00:00,9.893,10.015,9.751,9.814,1283583.3
2025-04-27 16:00:00,9.815,9.987,9.732,9.971,732598.6
2025-04-27 20:00:00,9.972,9.974,9.661,9.671,963845.1
2025-04-28 00:00:00,9.672,9.794,9.45,9.763,1117763.7
2025-04-28 04:00:00,9.763,10.093,9.732,10.057,986343.8
2025-04-28 08:00:00,10.057,10.218,9.954,10.138,1108098.0
2025-04-28 12:00:00,10.138,10.173,9.663,9.738,1284428.8
2025-04-28 16:00:00,9.737,10.139,9.632,10.097,1143323.8
2025-04-28 20:00:00,10.095,10.108,9.942,9.983,512174.9
2025-04-29 00:00:00,9.984,10.097,9.855,9.961,517932.2
2025-04-29 04:00:00,9.961,10.113,9.821,10.072,603221.1
2025-04-29 08:00:00,10.071,10.101,9.813,9.895,697639.9
2025-04-29 12:00:00,9.895,9.981,9.731,9.851,758211.8
2025-04-29 16:00:00,9.85,9.967,9.767,9.83,544050.2
2025-04-29 20:00:00,9.83,9.85,9.437,9.555,1067103.9
2025-04-30 00:00:00,9.557,9.695,9.49,9.678,574241.5
2025-04-30 04:00:00,9.678,9.764,9.51,9.564,512117.6
2025-04-30 08:00:00,9.563,9.756,9.516,9.744,434046.0
2025-04-30 12:00:00,9.744,9.744,9.153,9.421,1635249.7
2025-04-30 16:00:00,9.42,9.663,9.322,9.567,705694.9
2025-04-30 20:00:00,9.567,9.725,9.556,9.639,712644.9
2025-05-01 00:00:00,9.639,9.961,9.637,9.786,856061.8
2025-05-01 04:00:00,9.785,10.027,9.771,10.021,601784.0
2025-05-01 08:00:00,10.02,10.482,9.992,10.442,1569072.7
2025-05-01 12:00:00,10.443,10.612,10.332,10.391,1939394.5
2025-05-01 16:00:00,10.391,10.493,10.273,10.322,902265.3
2025-05-01 20:00:00,10.323,10.358,10.112,10.154,614492.8
2025-05-02 00:00:00,10.153,10.593,10.123,10.407,1510841.6
2025-05-02 04:00:00,10.408,10.445,10.077,10.094,796220.0
2025-05-02 08:00:00,10.094,10.259,10.069,10.197,759390.9
2025-05-02 12:00:00,10.198,10.478,10.08,10.332,1332708.1
2025-05-02 16:00:00,10.332,10.448,10.158,10.197,665802.7
2025-05-02 20:00:00,10.195,10.312,10.164,10.26,630868.3
2025-05-03 00:00:00,10.259,10.267,9.966,9.998,941816.6
2025-05-03 04:00:00,9.998,9.998,9.815,9.838,625139.9
2025-05-03 08:00:00,9.837,9.876,9.724,9.727,810167.6
2025-05-03 12:00:00,9.727,9.914,9.726,9.829,687257.4
2025-05-03 16:00:00,9.829,9.845,9.6,9.794,921673.5
2025-05-03 20:00:00,9.795,9.798,9.622,9.632,428280.3
2025-05-04 00:00:00,9.633,9.708,9.536,9.572,549747.8
2025-05-04 04:00:00,9.572,9.651,9.504,9.586,480727.5
2025-05-04 08:00:00,9.586,9.587,9.442,9.478,464740.5
2025-05-04 12:00:00,9.477,9.518,9.379,9.402,530833.2
2025-05-04 16:00:00,9.401,9.42,9.263,9.332,802183.9
2025-05-04 20:00:00,9.332,9.429,9.22,9.276,623229.8
2025-05-05 00:00:00,9.276,9.505,9.168,9.409,779326.9
2025-05-05 04:00:00,9.409,9.73,9.388,9.611,755791.2
2025-05-05 08:00:00,9.611,9.633,9.279,9.323,910536.4
2025-05-05 12:00:00,9.324,9.432,9.217,9.269,886819.1
2025-05-05 16:00:00,9.269,9.522,9.254,9.361,646412.1
2025-05-05 20:00:00,9.361,9.465,9.196,9.33,554322.8
2025-05-06 00:00:00,9.33,9.353,9.126,9.316,645809.2
2025-05-06 04:00:00,9.317,9.379,9.248,9.253,397984.2
2025-05-06 08:00:00,9.253,9.253,8.959,9.038,1159851.5
2025-05-06 12:00:00,9.037,9.192,8.928,9.041,1006143.8
2025-05-06 16:00:00,9.042,9.281,8.978,9.175,932464.9
2025-05-06 20:00:00,9.175,9.271,8.836,9.238,1365392.1
2025-05-07 00:00:00,9.235,9.451,9.183,9.319,718631.6
2025-05-07 04:00:00,9.319,9.546,9.235,9.535,832311.9
2025-05-07 08:00:00,9.534,9.668,9.464,9.555,1106325.8
2025-05-07 12:00:00,9.556,9.657,9.4,9.43,873577.0
2025-05-07 16:00:00,9.428,9.513,9.254,9.326,1312580.2
2025-05-07 20:00:00,9.327,9.672,9.291,9.555,802665.0
2025-05-08 00:00:00,9.554,10.059,9.504,10.055,1308210.2
2025-05-08 04:00:00,10.056,10.248,10.048,10.201,1013516.1
2025-05-08 08:00:00,10.202,10.548,10.196,10.499,1296655.7
2025-05-08 12:00:00,10.5,10.908,10.402,10.732,1992665.2
2025-05-08 16:00:00,10.734,10.925,10.691,10.904,1084358.1
2025-05-08 20:00:00,10.905,11.281,10.816,11.182,1200371.9
2025-05-09 00:00:00,11.183,11.473,11.084,11.147,1162921.8
2025-05-09 04:00:00,11.147,11.884,11.147,11.674,1221204.3
2025-05-09 08:00:00,11.676,12.132,11.54,11.937,1860337.6
2025-05-09 12:00:00,11.937,12.155,11.609,11.801,1453482.7
2025-05-09 16:00:00,11.802,11.848,11.609,11.7,679118.0
2025-05-09 20:00:00,11.7,11.869,11.683,11.801,474333.6
2025-05-10 00:00:00,11.802,12.096,11.683,11.967,800724.6
2025-05-10 04:00:00,11.968,12.291,11.818,12.238,879989.7
2025-05-10 08:00:00,12.241,12.334,11.941,11.988,1102578.3
2025-05-10 12:00:00,11.989,12.403,11.981,12.192,1022946.6
2025-05-10 16:00:00,12.193,13.21,12.143,13.159,1553803.2
2025-05-10 20:00:00,13.159,13.567,12.96,13.446,1677036.7
2025-05-11 00:00:00,13.445,13.521,13.015,13.126,1051771.1
2025-05-11 04:00:00,13.125,13.226,12.648,12.897,1069987.9
2025-05-11 08:00:00,12.897,12.999,12.708,12.95,988644.1
2025-05-11 12:00:00,12.949,13.182,12.785,13.1,1298853.5
2025-05-11 16:00:00,13.1,13.19,12.823,13.171,1040744.9
2025-05-11 20:00:00,13.172,13.373,13.062,13.165,813429.6
2025-05-12 00:00:00,13.167,13.532,12.993,13.522,1045693.3
2025-05-12 04:00:00,13.521,14.342,13.324,13.832,2013944.4
2025-05-12 08:00:00,13.832,14.086,13.502,13.532,1215021.3
2025-05-12 12:00:00,13.531,13.83,13.154,13.279,1742496.4
2025-05-12 16:00:00,13.278,13.624,12.88,13.619,1889984.6
2025-05-12 20:00:00,13.619,14.032,13.517,13.747,1136710.8
2025-05-13 00:00:00,13.747,13.861,12.85,12.897,1720662.2
2025-05-13 04:00:00,12.896,13.291,12.827,13.208,788709.8
2025-05-13 08:00:00,13.209,13.411,13.085,13.251,803138.4
2025-05-13 12:00:00,13.251,13.667,13.075,13.321,1281377.4
2025-05-13 16:00:00,13.323,14.037,13.286,13.843,1162407.4
2025-05-13 20:00:00,13.839,14.051,13.617,13.673,899980.2
2025-05-14 00:00:00,13.674,13.922,13.403,13.57,1331206.2
2025-05-14 04:00:00,13.569,14.002,13.495,13.603,937765.1
2025-05-14 08:00:00,13.602,13.673,13.264,13.527,986214.6
2025-05-14 12:00:00,13.528,13.586,13.115,13.378,933409.9
2025-05-14 16:00:00,13.378,13.43,13.092,13.348,679077.7
2025-05-14 20:00:00,13.35,13.599,13.081,13.218,720048.6
2025-05-15 00:00:00,13.219,13.358,12.815,12.841,781375.3
2025-05-15 04:00:00,12.84,12.905,12.332,12.352,1509075.9
2025-05-15 08:00:00,12.351,12.7,12.223,12.41,1239444.1
2025-05-15 12:00:00,12.409,12.665,12.065,12.642,1483379.2
2025-05-15 16:00:00,12.64,12.955,12.308,12.428,1446395.5
2025-05-15 20:00:00,12.428,12.502,11.947,12.255,1162683.3
2025-05-16 00:00:00,12.255,12.535,12.117,12.478,858556.0
2025-05-16 04:00:00,12.478,12.59,12.304,12.451,502039.6
2025-05-16 08:00:00,12.451,12.635,12.201,12.522,687486.3
2025-05-16 12:00:00,12.522,12.633,12.294,12.439,888600.5
2025-05-16 16:00:00,12.44,12.54,12.202,12.293,508703.7
2025-05-16 20:00:00,12.292,12.303,11.866,11.946,828031.8
2025-05-17 00:00:00,11.946,11.993,11.402,11.693,1235075.6
2025-05-17 04:00:00,11.693,11.817,11.503,11.629,613918.6
2025-05-17 08:00:00,11.628,11.739,11.455,11.597,609969.7
2025-05-17 12:00:00,11.597,11.719,11.42,11.575,631549.6
2025-05-17 16:00:00,11.574,11.679,11.352,11.495,784542.0
2025-05-17 20:00:00,11.494,11.715,11.404,11.591,580018.9
2025-05-18 00:00:00,11.593,11.652,11.463,11.566,461348.1
2025-05-18 04:00:00,11.566,12.128,11.56,12.122,729442.5
2025-05-18 08:00:00,12.123,12.286,11.985,12.005,652697.8
2025-05-18 12:00:00,12.005,12.668,11.914,12.627,1257999.0
2025-05-18 16:00:00,12.628,12.681,11.564,11.572,1848340.6
2025-05-18 20:00:00,11.572,12.409,11.36,12.344,1392491.7
2025-05-19 00:00:00,12.344,12.487,11.715,11.728,1045967.8
2025-05-19 04:00:00,11.729,11.845,11.333,11.581,1021161.5
2025-05-19 08:00:00,11.58,11.647,11.38,11.406,676631.8
2025-05-19 12:00:00,11.405,11.858,11.176,11.786,1255311.1
2025-05-19 16:00:00,11.787,12.115,11.631,11.848,1166930.4
2025-05-19 20:00:00,11.847,11.9,11.667,11.794,526380.5
2025-05-20 00:00:00,11.795,12.309,11.685,12.049,903989.6
2025-05-20 04:00:00,12.05,12.292,11.978,11.998,862120.5
2025-05-20 08:00:00,11.999,12.063,11.652,11.743,892287.7
2025-05-20 12:00:00,11.743,11.832,11.575,11.803,807382.0
2025-05-20 16:00:00,11.803,12.09,11.652,12.039,1030374.0
2025-05-20 20:00:00,12.04,12.304,11.961,12.112,902135.8
2025-05-21 00:00:00,12.113,12.312,11.867,12.215,794032.5
2025-05-21 04:00:00,12.215,12.492,12.133,12.15,1142355.3
2025-05-21 08:00:00,12.151,12.231,11.914,12.115,1008482.0
2025-05-21 12:00:00,12.115,12.445,11.958,12.398,1750557.6
2025-05-21 16:00:00,12.398,12.84,11.828,12.325,3330269.4
2025-05-21 20:00:00,12.321,12.577,12.115,12.385,1160709.6
2025-05-22 00:00:00,12.385,12.971,12.371,12.897,1057196.5
2025-05-22 04:00:00,12.899,13.127,12.808,13.086,839448.2
2025-05-22 08:00:00,13.086,13.3,13.016,13.065,880409.6
2025-05-22 12:00:00,13.068,14.034,13.03,13.943,2151550.7
2025-05-22 16:00:00,13.942,14.366,13.572,14.029,2327717.2
2025-05-22 20:00:00,14.033,14.32,13.843,14.048,1285663.6
2025-05-23 00:00:00,14.05,14.829,14.001,14.723,1644846.4
2025-05-23 04:00:00,14.722,14.944,14.238,14.427,2527511.3
2025-05-23 08:00:00,14.427,14.714,13.276,13.617,2829694.2
2025-05-23 12:00:00,13.621,13.934,13.082,13.56,3501754.6
2025-05-23 16:00:00,13.561,13.714,13.383,13.425,1289839.7
2025-05-23 20:00:00,13.429,13.433,12.788,12.915,1483950.0
2025-05-24 00:00:00,12.913,13.396,12.845,13.394,983025.2
2025-05-24 04:00:00,13.393,13.853,13.35,13.476,1586135.6
2025-05-24 08:00:00,13.477,13.764,13.347,13.644,1204021.3
2025-05-24 12:00:00,13.64,13.852,13.482,13.639,1224575.7
2025-05-24 16:00:00,13.639,13.709,13.35,13.478,808344.2
2025-05-24 20:00:00,13.478,13.606,13.179,13.304,931599.9
2025-05-25 00:00:00,13.304,13.38,12.821,13.127,1125933.5
2025-05-25 04:00:00,13.128,13.215,12.865,12.902,678266.9
2025-05-25 08:00:00,12.901,12.902,12.626,12.729,979140.9
2025-05-25 12:00:00,12.729,12.837,12.351,12.567,1464692.6
2025-05-25 16:00:00,12.568,12.608,12.396,12.522,682768.1
2025-05-25 20:00:00,12.522,13.184,12.4,13.095,1313992.0
2025-05-26 00:00:00,13.097,13.784,13.072,13.532,1151367.2
2025-05-26 04:00:00,13.533,14.262,13.501,14.011,1450977.9
2025-05-26 08:00:00,14.012,14.065,13.557,13.669,1172364.9
2025-05-26 12:00:00,13.668,14.039,13.529,13.827,1734522.4
2025-05-26 16:00:00,13.828,14.003,13.388,13.417,1425233.1
2025-05-26 20:00:00,13.416,13.747,13.363,13.737,1240005.4
2025-05-27 00:00:00,13.737,14.135,13.372,13.975,1531975.2
2025-05-27 04:00:00,13.974,14.32,13.774,14.277,1486884.8
2025-05-27 08:00:00,14.278,14.767,14.278,14.71,2091164.8
2025-05-27 12:00:00,14.707,15.084,14.539,14.986,3099333.7
2025-05-27 16:00:00,14.986,15.062,14.705,14.81,1407922.0
2025-05-27 20:00:00,14.81,15.073,14.619,14.652,1217603.6
2025-05-28 00:00:00,14.653,15.351,14.574,15.206,2120618.3
2025-05-28 04:00:00,15.205,15.328,14.823,15.005,1483553.0
2025-05-28 08:00:00,15.006,15.342,14.884,15.094,1712880.2
2025-05-28 12:00:00,15.094,15.476,14.619,14.644,2896769.0
2025-05-28 16:00:00,14.645,14.887,14.415,14.482,1356913.4
2025-05-28 20:00:00,14.482,15.101,14.435,15.012,1266946.8
2025-05-29 00:00:00,15.016,15.295,14.759,14.855,1576491.5
2025-05-29 04:00:00,14.855,14.896,14.482,14.703,983153.8
2025-05-29 08:00:00,14.704,15.009,14.584,14.685,1154714.8
2025-05-29 12:00:00,14.685,14.685,14.108,14.183,1605246.2
2025-05-29 16:00:00,14.183,14.211,13.932,14.025,1068854.0
2025-05-29 20:00:00,14.024,14.261,13.779,13.903,956313.4
2025-05-30 00:00:00,13.903,14.017,13.329,14.011,2048777.1
2025-05-30 04:00:00,14.012,14.285,13.816,14.077,1674790.3
2025-05-30 08:00:00,14.077,14.429,13.719,14.024,2605329.2
2025-05-30 12:00:00,14.024,14.418,13.618,13.659,3098487.8
2025-05-30 16:00:00,13.66,13.668,12.883,13.024,3045219.4
2025-05-30 20:00:00,13.022,13.125,12.128,12.181,2105623.1
2025-05-31 00:00:00,12.181,12.213,11.566,11.787,2422422.3
2025-05-31 04:00:00,11.786,12.151,11.669,12.04,1343046.4
2025-05-31 08:00:00,12.04,12.079,11.841,11.873,1306504.1
2025-05-31 12:00:00,11.873,12.353,11.79,12.084,1847724.3
2025-05-31 16:00:00,12.085,12.301,11.991,12.237,1176357.4
2025-05-31 20:00:00,12.237,12.477,12.085,12.105,1093501.3
2025-06-01 00:00:00,12.105,12.14,11.802,11.874,1011670.7
2025-06-01 04:00:00,11.874,12.109,11.809,11.884,821840.1
2025-06-01 08:00:00,11.883,12.187,11.519,12.013,1896600.9
2025-06-01 12:00:00,12.011,12.054,11.7,12.004,1852500.6
2025-06-01 16:00:00,12.004,12.15,11.701,11.939,1183663.5
2025-06-01 20:00:00,11.938,12.251,11.883,12.125,789380.8
2025-06-02 00:00:00,12.126,12.278,11.835,11.911,1005140.4
2025-06-02 04:00:00,11.911,12.047,11.754,11.928,887710.5
2025-06-02 08:00:00,11.928,12.043,11.594,11.668,1241614.0
2025-06-02 12:00:00,11.666,11.997,11.553,11.933,1601741.6
2025-06-02 16:00:00,11.933,11.947,11.648,11.761,954051.8
2025-06-02 20:00:00,11.762,12.564,11.762,12.406,1911852.5
2025-06-03 00:00:00,12.405,12.885,12.344,12.441,1695268.0
2025-06-03 04:00:00,12.441,12.473,12.271,12.325,1171321.0
2025-06-03 08:00:00,12.325,12.599,12.117,12.564,1212568.4
2025-06-03 12:00:00,12.565,13.101,12.513,12.952,1942744.1
2025-06-03 16:00:00,12.952,13.014,12.779,12.909,1245032.6
2025-06-03 20:00:00,12.91,12.925,12.44,12.489,1016459.1
2025-06-04 00:00:00,12.489,13.133,12.439,13.036,1291815.1
2025-06-04 04:00:00,13.037,13.106,12.764,12.795,1690608.5
2025-06-04 08:00:00,12.794,13.094,12.666,12.695,1618688.8
2025-06-04 12:00:00,12.696,12.972,12.423,12.912,1913707.0
2025-06-04 16:00:00,12.912,12.934,12.453,12.453,1088448.2
2025-06-04 20:00:00,12.453,12.48,11.986,12.019,1289166.9
2025-06-05 00:00:00,12.02,12.27,11.953,12.146,1062078.6
2025-06-05 04:00:00,12.146,12.266,12.012,12.211,1072741.7
2025-06-05 08:00:00,12.211,12.409,11.967,12.051,2142561.5
2025-06-05 12:00:00,12.05,12.511,11.867,12.176,2811398.3
2025-06-05 16:00:00,12.176,12.224,11.649,11.763,2615075.5
2025-06-05 20:00:00,11.763,11.78,11.164,11.284,3415638.6
2025-06-06 00:00:00,11.285,11.533,11.17,11.498,884255.7
2025-06-06 04:00:00,11.498,11.807,11.451,11.713,1327760.9
2025-06-06 08:00:00,11.714,11.876,11.655,11.798,1111057.5
2025-06-06 12:00:00,11.799,12.287,11.799,12.123,2080531.2
2025-06-06 16:00:00,12.123,12.23,11.922,11.973,1045797.2
2025-06-06 20:00:00,11.974,12.16,11.878,11.885,619795.1
2025-06-07 00:00:00,11.883,12.229,11.862,12.215,802951.0
2025-06-07 04:00:00,12.216,12.478,12.064,12.419,816549.0
2025-06-07 08:00:00,12.42,12.842,12.365,12.752,1305162.8
2025-06-07 12:00:00,12.754,13.118,12.753,12.987,2081451.0
2025-06-07 16:00:00,12.987,13.043,12.761,12.859,1210590.6
2025-06-07 20:00:00,12.859,13.184,12.859,13.073,1049156.9
2025-06-08 00:00:00,13.073,13.127,12.852,12.859,1164011.8
2025-06-08 04:00:00,12.859,12.948,12.764,12.798,888924.5
2025-06-08 08:00:00,12.798,13.468,12.796,13.444,2464194.1
2025-06-08 12:00:00,13.444,13.549,13.312,13.376,1748987.0
2025-06-08 16:00:00,13.376,13.681,13.339,13.463,1254487.2
2025-06-08 20:00:00,13.462,13.505,13.228,13.263,1041081.8
2025-06-09 00:00:00,13.264,13.367,13.116,13.136,904076.8
2025-06-09 04:00:00,13.135,13.167,12.884,12.951,998277.4
2025-06-09 08:00:00,12.952,13.589,12.915,13.447,1654341.4
2025-06-09 12:00:00,13.446,13.576,13.164,13.409,1685623.2
2025-06-09 16:00:00,13.41,13.723,13.41,13.542,1627417.9
2025-06-09 20:00:00,13.542,14.026,13.482,13.759,1602225.1
2025-06-10 00:00:00,13.76,13.928,13.612,13.689,1095970.0
2025-06-10 04:00:00,13.689,13.764,13.443,13.64,1185547.6
2025-06-10 08:00:00,13.64,14.263,13.491,14.2,1609604.0
2025-06-10 12:00:00,14.201,14.312,13.463,13.714,2366190.1
2025-06-10 16:00:00,13.715,14.1,13.622,13.84,1304647.7
2025-06-10 20:00:00,13.84,14.148,13.745,14.033,1175346.4
2025-06-11 00:00:00,14.031,14.077,13.517,13.653,1265312.0
2025-06-11 04:00:00,13.653,13.7,13.539,13.57,886370.7
2025-06-11 08:00:00,13.571,13.627,13.296,13.433,1288411.8
2025-06-11 12:00:00,13.433,14.073,13.384,13.989,2343848.3
2025-06-11 16:00:00,13.989,14.039,13.52,13.575,1559225.0
2025-06-11 20:00:00,13.572,13.689,13.137,13.269,1643188.5
2025-06-12 00:00:00,13.269,13.278,12.929,13.01,897075.4
2025-06-12 04:00:00,13.01,13.089,12.866,13.024,859234.6
2025-06-12 08:00:00,13.023,13.023,12.704,12.758,1103347.6
2025-06-12 12:00:00,12.758,13.27,12.66,12.895,1632965.8
2025-06-12 16:00:00,12.895,13.25,12.562,12.646,1732972.4
2025-06-12 20:00:00,12.645,12.725,12.272,12.276,1531686.2
2025-06-13 00:00:00,12.276,12.281,11.21,11.677,3852895.5
2025-06-13 04:00:00,11.677,11.677,11.334,11.512,1518311.6
2025-06-13 08:00:00,11.511,11.807,11.405,11.563,1870455.1
2025-06-13 12:00:00,11.564,11.682,11.36,11.579,1769862.0
2025-06-13 16:00:00,11.581,11.805,11.39,11.486,1380933.2
2025-06-13 20:00:00,11.487,11.775,11.46,11.749,879560.0
2025-06-14 00:00:00,11.751,11.786,11.569,11.629,727415.9
2025-06-14 04:00:00,11.63,11.936,11.612,11.768,987880.7
2025-06-14 08:00:00,11.767,11.777,11.586,11.714,654123.0
2025-06-14 12:00:00,11.713,11.825,11.431,11.5,970673.8
2025-06-14 16:00:00,11.5,11.57,11.26,11.343,1415961.6
2025-06-14 20:00:00,11.343,11.556,11.253,11.436,857833.9
2025-06-15 00:00:00,11.437,11.524,11.384,11.445,573407.4
2025-06-15 04:00:00,11.444,11.63,11.364,11.418,781039.9
2025-06-15 08:00:00,11.419,11.439,11.259,11.325,903080.2
2025-06-15 12:00:00,11.326,11.645,11.281,11.48,1574942.1
2025-06-15 16:00:00,11.479,11.53,11.322,11.37,830474.9
2025-06-15 20:00:00,11.371,11.461,10.968,11.43,1977014.6
2025-06-16 00:00:00,11.431,11.614,11.175,11.496,968702.1
2025-06-16 04:00:00,11.496,11.93,11.492,11.869,1344658.0
2025-06-16 08:00:00,11.871,11.908,11.691,11.841,1030159.5
2025-06-16 12:00:00,11.842,12.09,11.725,11.946,1716585.6
2025-06-16 16:00:00,11.946,12.251,11.946,12.184,1267716.4
2025-06-16 20:00:00,12.184,12.354,11.562,11.595,2328903.6
2025-06-17 00:00:00,11.597,11.861,11.251,11.729,2060587.8
2025-06-17 04:00:00,11.73,11.759,11.502,11.504,999279.8
2025-06-17 08:00:00,11.503,11.535,11.271,11.341,1151568.8
2025-06-17 12:00:00,11.341,11.528,11.042,11.125,2098897.8
2025-06-17 16:00:00,11.124,11.359,10.811,11.246,2464948.3
2025-06-17 20:00:00,11.246,11.313,10.924,10.956,945974.6
2025-06-18 00:00:00,10.956,11.103,10.872,10.979,899730.4
2025-06-18 04:00:00,10.978,11.134,10.911,10.976,843365.8
2025-06-18 08:00:00,10.977,11.033,10.572,10.737,1751222.9
2025-06-18 12:00:00,10.737,10.822,10.391,10.74,2451953.4
2025-06-18 16:00:00,10.739,10.969,10.654,10.809,2704825.3
2025-06-18 20:00:00,10.81,11.494,10.758,11.403,1794601.6
2025-06-19 00:00:00,11.402,11.661,11.377,11.615,1193008.1
2025-06-19 04:00:00,11.616,11.706,11.488,11.49,1272945.6
2025-06-19 08:00:00,11.49,11.589,11.303,11.375,1625928.8
2025-06-19 12:00:00,11.375,11.552,11.25,11.257,1915693.1
2025-06-19 16:00:00,11.256,11.467,11.13,11.274,2016926.1
2025-06-19 20:00:00,11.274,11.55,11.223,11.397,1672828.1
2025-06-20 00:00:00,11.398,11.478,11.253,11.27,743857.9
2025-06-20 04:00:00,11.269,11.643,11.146,11.553,1680907.4
2025-06-20 08:00:00,11.553,11.667,11.395,11.465,1182940.2
2025-06-20 12:00:00,11.464,11.556,11.03,11.102,1968628.0
2025-06-20 16:00:00,11.103,11.118,10.625,11.055,2591587.0
2025-06-20 20:00:00,11.054,11.213,10.877,10.919,973512.3
2025-06-21 00:00:00,10.919,11.223,10.91,11.189,630342.5
2025-06-21 04:00:00,11.189,11.246,11.113,11.196,576705.9
2025-06-21 08:00:00,11.196,11.253,11.037,11.045,750212.1
2025-06-21 12:00:00,11.044,11.078,10.642,10.756,1184754.7
2025-06-21 16:00:00,10.757,10.807,10.245,10.248,1531313.0
2025-06-21 20:00:00,10.248,10.414,9.776,10.088,2846204.9
2025-06-22 00:00:00,10.09,10.276,9.874,9.937,2048226.2
2025-06-22 04:00:00,9.937,10.103,9.901,9.967,1178376.8
2025-06-22 08:00:00,9.968,9.98,9.668,9.735,1649429.2
2025-06-22 12:00:00,9.734,9.813,9.178,9.264,4526419.9
2025-06-22 16:00:00,9.263,9.37,9.122,9.187,2042583.9
2025-06-22 20:00:00,9.187,9.774,8.949,9.701,2971691.6
2025-06-23 00:00:00,9.701,9.932,9.678,9.83,1004564.9
2025-06-23 04:00:00,9.831,9.973,9.797,9.893,1148690.2
2025-06-23 08:00:00,9.892,9.949,9.702,9.77,961618.4
2025-06-23 12:00:00,9.77,9.997,9.634,9.687,3456829.9
2025-06-23 16:00:00,9.687,10.157,9.429,10.133,3238520.6
2025-06-23 20:00:00,10.134,11.011,10.09,10.877,4462867.2
2025-06-24 00:00:00,10.877,11.188,10.877,11.085,2192858.4
2025-06-24 04:00:00,11.085,11.885,11.073,11.543,2389582.6
2025-06-24 08:00:00,11.542,11.831,11.378,11.712,2277342.9
2025-06-24 12:00:00,11.712,12.026,11.612,11.733,2461815.4
2025-06-24 16:00:00,11.732,11.971,11.448,11.564,1817545.6
2025-06-24 20:00:00,11.562,11.692,11.48,11.584,996288.2
2025-06-25 00:00:00,11.584,11.596,11.378,11.421,1278332.4
2025-06-25 04:00:00,11.421,11.53,11.265,11.518,1469549.3
2025-06-25 08:00:00,11.518,11.555,11.28,11.456,1406090.0
2025-06-25 12:00:00,11.456,11.514,11.011,11.04,2150586.9
2025-06-25 16:00:00,11.041,11.444,10.946,11.441,2067895.5
2025-06-25 20:00:00,11.443,11.45,11.037,11.083,1387295.3
2025-06-26 00:00:00,11.084,11.587,11.078,11.335,1342297.6
2025-06-26 04:00:00,11.336,11.379,11.153,11.269,910337.2
2025-06-26 08:00:00,11.269,11.318,11.025,11.055,1087293.0
2025-06-26 12:00:00,11.056,11.072,10.672,10.82,2465310.7
2025-06-26 16:00:00,10.819,10.962,10.68,10.898,1374064.2
2025-06-26 20:00:00,10.898,11.09,10.612,10.631,1536633.9
2025-06-27 00:00:00,10.631,10.766,10.467,10.709,1322065.9
2025-06-27 04:00:00,10.71,10.855,10.509,10.543,943724.9
2025-06-27 08:00:00,10.544,10.894,10.544,10.674,1344934.9
2025-06-27 12:00:00,10.673,10.733,10.49,10.591,1403120.3
2025-06-27 16:00:00,10.592,10.783,10.342,10.411,1465785.8
2025-06-27 20:00:00,10.412,10.62,10.389,10.518,772365.9
2025-06-28 00:00:00,10.518,10.656,10.498,10.51,641441.3
2025-06-28 04:00:00,10.51,10.515,10.375,10.498,702617.6
2025-06-28 08:00:00,10.498,10.622,10.397,10.526,774228.0
2025-06-28 12:00:00,10.526,10.684,10.457,10.636,1239388.7
2025-06-28 16:00:00,10.636,10.903,10.636,10.768,1565734.7
2025-06-28 20:00:00,10.769,11.053,10.727,10.962,949610.3
2025-06-29 00:00:00,10.963,11.041,10.778,10.847,762219.2
2025-06-29 04:00:00,10.846,11.013,10.805,11.013,572108.2
2025-06-29 08:00:00,11.013,11.067,10.867,10.897,1130044.2
2025-06-29 12:00:00,10.896,10.922,10.686,10.705,1185334.9
2025-06-29 16:00:00,10.704,11.028,10.683,11.027,1075547.3
2025-06-29 20:00:00,11.028,11.66,10.963,11.436,2148542.3
2025-06-30 00:00:00,11.437,11.523,11.077,11.109,1193625.0
2025-06-30 04:00:00,11.108,11.169,10.876,11.123,1016691.1
2025-06-30 08:00:00,11.124,11.134,10.854,10.895,985718.1
2025-06-30 12:00:00,10.894,10.941,10.696,10.809,1792076.4
2025-06-30 16:00:00,10.81,11.101,10.774,11.075,1154695.9
2025-06-30 20:00:00,11.077,11.165,10.734,10.758,970938.9
2025-07-01 00:00:00,10.759,10.828,10.497,10.529,1098196.9
2025-07-01 04:00:00,10.528,10.533,10.323,10.51,1193774.7
2025-07-01 08:00:00,10.509,10.509,10.295,10.364,1010145.2
2025-07-01 12:00:00,10.364,10.479,10.272,10.459,1281165.5
2025-07-01 16:00:00,10.46,10.46,10.192,10.208,1155773.1
2025-07-01 20:00:00,10.208,10.306,10.11,10.164,888592.7
2025-07-02 00:00:00,10.165,10.407,10.046,10.287,917672.0
2025-07-02 04:00:00,10.286,10.556,10.143,10.371,2432763.1
2025-07-02 08:00:00,10.372,10.599,10.353,10.529,1125789.6
2025-07-02 12:00:00,10.53,10.858,10.399,10.808,1500116.3
2025-07-02 16:00:00,10.808,11.393,10.787,11.381,2591231.8
2025-07-02 20:00:00,11.379,11.521,11.294,11.35,2316751.7
2025-07-03 00:00:00,11.35,11.56,11.272,11.502,1567551.1
2025-07-03 04:00:00,11.501,11.992,11.471,11.936,1737025.9
2025-07-03 08:00:00,11.935,12.073,11.653,11.663,2031916.4
2025-07-03 12:00:00,11.662,12.112,11.316,11.357,3051821.9
2025-07-03 16:00:00,11.357,11.641,11.348,11.529,1343395.9
2025-07-03 20:00:00,11.53,11.695,11.511,11.531,828959.2
2025-07-04 00:00:00,11.534,11.71,11.468,11.477,931708.7
2025-07-04 04:00:00,11.478,11.53,11.08,11.09,1136765.2
2025-07-04 08:00:00,11.089,11.248,10.994,11.068,952839.7
2025-07-04 12:00:00,11.067,11.086,10.836,10.883,1543815.0
2025-07-04 16:00:00,10.882,10.897,10.732,10.749,1388128.0
2025-07-04 20:00:00,10.748,10.902,10.736,10.766,806277.5
2025-07-05 00:00:00,10.766,10.888,10.708,10.841,526263.2
2025-07-05 04:00:00,10.84,10.928,10.74,10.813,547010.9
2025-07-05 08:00:00,10.812,11.052,10.514,10.572,2978637.4
2025-07-05 12:00:00,10.572,10.606,10.471,10.535,868438.7
2025-07-05 16:00:00,10.535,10.614,10.384,10.501,961002.1
2025-07-05 20:00:00,10.501,10.601,10.487,10.584,499021.1
2025-07-06 00:00:00,10.584,10.598,10.46,10.49,473776.8
2025-07-06 04:00:00,10.49,10.716,10.473,10.658,667831.2
2025-07-06 08:00:00,10.658,10.819,10.557,10.816,1220597.2
2025-07-06 12:00:00,10.816,11.014,10.732,10.802,1993414.4
2025-07-06 16:00:00,10.803,10.845,10.576,10.617,1036772.1
2025-07-06 20:00:00,10.617,10.929,10.569,10.629,1383023.8
2025-07-07 00:00:00,10.629,10.718,10.537,10.608,827489.8
2025-07-07 04:00:00,10.609,10.663,10.522,10.654,758889.3
2025-07-07 08:00:00,10.654,10.698,10.502,10.521,1046567.5
2025-07-07 12:00:00,10.52,10.651,10.366,10.421,1549568.3
2025-07-07 16:00:00,10.421,10.519,10.317,10.448,1286775.7
2025-07-07 20:00:00,10.448,10.516,10.3,10.514,745453.5
2025-07-08 00:00:00,10.515,10.572,10.236,10.265,1454697.8
2025-07-08 04:00:00,10.265,10.399,10.238,10.383,565604.1
2025-07-08 08:00:00,10.383,10.525,10.3,10.455,1073952.6
2025-07-08 12:00:00,10.455,10.62,10.315,10.325,1555026.1
2025-07-08 16:00:00,10.326,10.79,10.252,10.474,2700776.4
2025-07-08 20:00:00,10.474,10.524,10.373,10.412,663632.7
2025-07-09 00:00:00,10.413,10.449,10.296,10.336,724145.9
2025-07-09 04:00:00,10.335,10.596,10.274,10.538,1098345.7
2025-07-09 08:00:00,10.539,10.7,10.49,10.652,962106.5
2025-07-09 12:00:00,10.651,10.778,10.467,10.496,1652556.2
2025-07-09 16:00:00,10.497,11.01,10.452,10.977,1608744.3
2025-07-09 20:00:00,10.977,11.094,10.814,11.006,1639186.8
2025-07-10 00:00:00,11.006,11.075,10.829,11.024,919151.6
2025-07-10 04:00:00,11.024,11.192,10.969,11.071,991908.8
2025-07-10 08:00:00,11.071,11.17,11.014,11.047,1355709.1
2025-07-10 12:00:00,11.047,11.151,10.846,10.91,1940388.6
2025-07-10 16:00:00,10.91,11.438,10.892,11.333,2280018.7
2025-07-10 20:00:00,11.332,12.19,11.329,12.124,2632976.5
2025-07-11 00:00:00,12.123,12.524,11.851,12.414,1669305.9
2025-07-11 04:00:00,12.414,12.893,12.317,12.455,2314230.5
2025-07-11 08:00:00,12.456,12.834,12.444,12.664,1975404.3
2025-07-11 12:00:00,12.664,13.227,12.586,12.684,2707479.3
2025-07-11 16:00:00,12.686,13.014,12.608,12.899,1537640.1
2025-07-11 20:00:00,12.899,12.908,12.07,12.363,1911664.8
2025-07-12 00:00:00,12.364,12.788,12.115,12.647,1579779.1
2025-07-12 04:00:00,12.647,12.698,12.245,12.617,939829.8
2025-07-12 08:00:00,12.617,12.836,12.563,12.746,925849.5
2025-07-12 12:00:00,12.746,12.793,11.913,12.006,2117406.9
2025-07-12 16:00:00,12.007,12.332,11.946,12.324,1188069.1
2025-07-12 20:00:00,12.324,12.339,12.041,12.283,822796.7
2025-07-13 00:00:00,12.283,12.463,12.23,12.403,748029.3
2025-07-13 04:00:00,12.404,12.649,12.351,12.561,985752.6
2025-07-13 08:00:00,12.562,12.581,12.307,12.509,1281073.2
2025-07-13 12:00:00,12.508,12.733,12.39,12.487,1834310.8
2025-07-13 16:00:00,12.487,12.744,12.358,12.6,937289.3
2025-07-13 20:00:00,12.6,12.774,12.247,12.412,1299129.0
2025-07-14 00:00:00,12.413,12.953,12.326,12.889,1891355.5
2025-07-14 04:00:00,12.89,13.097,12.553,12.879,2071353.9
2025-07-14 08:00:00,12.88,12.933,12.585,12.843,1700710.2
2025-07-14 12:00:00,12.842,12.942,12.292,12.407,2723142.3
2025-07-14 16:00:00,12.407,12.538,12.171,12.284,1369640.9
2025-07-14 20:00:00,12.284,12.443,12.07,12.374,915641.0
2025-07-15 00:00:00,12.375,12.486,11.928,12.103,1798655.4
2025-07-15 04:00:00,12.103,12.352,11.98,12.115,1123479.7
2025-07-15 08:00:00,12.116,12.251,11.985,12.228,928437.5
2025-07-15 12:00:00,12.229,12.667,12.092,12.608,2689279.1
2025-07-15 16:00:00,12.605,13.314,12.579,12.914,2863227.7
2025-07-15 20:00:00,12.909,13.435,12.85,13.423,1574641.6
2025-07-16 00:00:00,13.422,13.518,13.083,13.234,1428767.5
2025-07-16 04:00:00,13.235,13.317,13.031,13.224,1147278.1
2025-07-16 08:00:00,13.223,13.325,13.063,13.282,1167681.8
2025-07-16 12:00:00,13.282,13.616,13.148,13.278,2284768.7
2025-07-16 16:00:00,13.278,13.853,13.269,13.633,1597027.3
2025-07-16 20:00:00,13.632,14.05,13.45,13.534,1431068.1
2025-07-17 00:00:00,13.533,13.842,13.078,13.201,1682825.5
2025-07-17 04:00:00,13.2,13.681,13.136,13.516,1189901.6
2025-07-17 08:00:00,13.516,13.955,13.483,13.676,1517868.4
2025-07-17 12:00:00,13.675,14.212,13.563,13.971,3164922.8
2025-07-17 16:00:00,13.968,14.133,13.572,13.743,1622117.6
2025-07-17 20:00:00,13.741,14.234,13.535,14.026,1682517.5
2025-07-18 00:00:00,14.026,14.391,13.914,14.281,1463915.4
2025-07-18 04:00:00,14.281,14.769,14.22,14.317,1562435.8
2025-07-18 08:00:00,14.316,14.468,14.11,14.226,1557212.3
2025-07-18 12:00:00,14.227,14.585,13.69,13.833,2936862.0
2025-07-18 16:00:00,13.833,14.047,13.55,13.706,1510652.7
2025-07-18 20:00:00,13.705,13.787,13.299,13.68,1548769.3
2025-07-19 00:00:00,13.681,13.998,13.28,13.995,880382.2
2025-07-19 04:00:00,13.996,14.132,13.758,13.765,917055.6
2025-07-19 08:00:00,13.765,13.801,13.503,13.566,672432.9
2025-07-19 12:00:00,13.567,13.704,13.369,13.636,788087.3
2025-07-19 16:00:00,13.636,14.236,13.567,14.155,1063569.9
2025-07-19 20:00:00,14.154,14.223,13.918,14.159,922509.0
2025-07-20 00:00:00,14.159,14.328,14.024,14.132,921629.6
2025-07-20 04:00:00,14.133,14.449,14.118,14.396,835760.0
2025-07-20 08:00:00,14.399,15.142,14.395,15.0,1707980.2
2025-07-20 12:00:00,15.0,15.245,14.838,15.228,1406724.1
2025-07-20 16:00:00,15.229,15.311,14.927,15.056,1407725.6
2025-07-20 20:00:00,15.057,15.111,14.585,14.989,1394148.6
2025-07-21 00:00:00,14.99,15.314,14.713,15.31,1180216.2
2025-07-21 04:00:00,15.309,15.38,14.933,15.348,1587302.6
2025-07-21 08:00:00,15.347,15.43,15.036,15.193,1106773.4
2025-07-21 12:00:00,15.194,15.715,15.075,15.301,1935253.6
2025-07-21 16:00:00,15.301,15.411,14.851,14.987,1977250.0
2025-07-21 20:00:00,14.986,15.265,14.916,15.149,892359.7
2025-07-22 00:00:00,15.15,15.432,14.679,14.98,1894837.0
2025-07-22 04:00:00,14.978,15.289,14.455,14.589,2678540.6
2025-07-22 08:00:00,14.588,14.971,14.212,14.919,1702192.3
2025-07-22 12:00:00,14.919,15.192,14.4,14.885,1835769.0
2025-07-22 16:00:00,14.885,15.16,14.65,14.704,1398461.4
2025-07-22 20:00:00,14.703,15.25,14.683,15.244,852051.3
2025-07-23 00:00:00,15.245,15.256,14.863,14.935,894450.6
2025-07-23 04:00:00,14.935,15.185,14.778,14.845,903202.4
2025-07-23 08:00:00,14.845,15.017,14.4,14.511,1475171.8
2025-07-23 12:00:00,14.511,14.56,13.612,14.119,2794959.8
2025-07-23 16:00:00,14.118,14.118,13.495,13.783,1726821.2
2025-07-23 20:00:00,13.783,13.925,13.352,13.813,1461469.5
2025-07-24 00:00:00,13.814,14.058,13.73,13.89,778017.6
2025-07-24 04:00:00,13.892,13.998,12.835,13.404,2823987.1
2025-07-24 08:00:00,13.403,13.71,13.264,13.641,1303686.3
2025-07-24 12:00:00,13.64,14.078,13.307,13.888,1873157.2
2025-07-24 16:00:00,13.888,14.004,13.512,13.769,1465698.8
2025-07-24 20:00:00,13.769,13.937,13.462,13.547,838855.2
2025-07-25 00:00:00,13.547,13.564,13.042,13.226,1572700.4
2025-07-25 04:00:00,13.224,13.454,13.042,13.312,1279423.0
2025-07-25 08:00:00,13.312,13.886,13.294,13.817,1254649.7
2025-07-25 12:00:00,13.816,13.923,13.05,13.243,1754309.6
2025-07-25 16:00:00,13.242,13.484,13.119,13.344,836801.4
2025-07-25 20:00:00,13.344,14.044,13.335,13.976,1081700.5
2025-07-26 00:00:00,13.976,14.196,13.938,14.13,751282.5
2025-07-26 04:00:00,14.129,14.268,14.097,14.249,540415.5
2025-07-26 08:00:00,14.25,14.475,14.238,14.387,877565.9
2025-07-26 12:00:00,14.388,14.562,14.185,14.562,995101.9
2025-07-26 16:00:00,14.562,15.1,14.378,15.085,1347707.9
2025-07-26 20:00:00,15.086,15.138,14.674,14.985,1170921.9
2025-07-27 00:00:00,14.985,15.093,14.828,15.011,750143.3
2025-07-27 04:00:00,15.012,15.369,15.002,15.234,1082676.1
2025-07-27 08:00:00,15.234,15.349,15.05,15.186,940412.8
2025-07-27 12:00:00,15.186,15.362,15.04,15.159,834701.4
2025-07-27 16:00:00,15.161,15.457,15.139,15.422,987854.5
2025-07-27 20:00:00,15.421,15.596,15.212,15.425,1087289.6
2025-07-28 00:00:00,15.426,15.612,15.157,15.422,1106671.4
2025-07-28 04:00:00,15.422,16.213,15.327,16.193,1817185.3
2025-07-28 08:00:00,16.197,16.336,15.911,16.03,1524064.5
2025-07-28 12:00:00,16.031,16.075,14.951,15.025,2340640.1
2025-07-28 16:00:00,15.024,15.236,14.658,14.788,2157199.6
2025-07-28 20:00:00,14.788,14.817,14.463,14.58,819798.0
2025-07-29 00:00:00,14.58,14.759,14.177,14.593,1414102.7
2025-07-29 04:00:00,14.591,15.267,14.497,15.23,1794185.2
2025-07-29 08:00:00,15.231,15.231,14.635,14.667,1172614.5
2025-07-29 12:00:00,14.667,14.918,14.035,14.161,2130367.3
2025-07-29 16:00:00,14.161,14.346,13.873,13.94,1392173.0
2025-07-29 20:00:00,13.94,14.289,13.774,14.084,1328670.3
2025-07-30 00:00:00,14.085,14.223,13.837,14.094,705229.0
2025-07-30 04:00:00,14.094,14.329,14.012,14.063,873799.5
2025-07-30 08:00:00,14.062,14.164,13.478,13.559,1438958.4
2025-07-30 12:00:00,13.559,13.992,13.471,13.9,1496593.9
2025-07-30 16:00:00,13.901,14.07,12.979,13.796,2044078.6
2025-07-30 20:00:00,13.795,13.959,13.479,13.687,1052685.1
2025-07-31 00:00:00,13.687,14.295,13.624,14.222,1147724.0
2025-07-31 04:00:00,14.222,14.635,14.103,14.504,1029557.5
2025-07-31 08:00:00,14.505,14.54,14.238,14.333,1733881.7
2025-07-31 12:00:00,14.333,14.395,13.645,13.829,1786628.3
2025-07-31 16:00:00,13.83,14.336,13.653,13.713,1763638.8
2025-07-31 20:00:00,13.712,13.772,13.134,13.196,1491216.8
2025-08-01 00:00:00,13.196,13.367,12.711,13.221,2002322.4
2025-08-01 04:00:00,13.22,13.22,12.821,12.985,1142161.5
2025-08-01 08:00:00,12.984,12.984,12.63,12.931,1452161.3
2025-08-01 12:00:00,12.93,13.281,12.57,12.966,2442146.1
2025-08-01 16:00:00,12.966,13.06,12.53,12.841,1845917.7
2025-08-01 20:00:00,12.841,12.881,12.2,12.536,1985923.9
2025-08-02 00:00:00,12.536,12.749,12.498,12.721,583600.5
2025-08-02 04:00:00,12.721,12.817,12.263,12.686,1093193.1
2025-08-02 08:00:00,12.686,12.727,12.317,12.49,1053541.8
2025-08-02 12:00:00,12.491,12.504,12.138,12.185,930099.3
2025-08-02 16:00:00,12.186,12.35,11.906,12.121,1740516.8
2025-08-02 20:00:00,12.119,12.337,12.028,12.175,772074.3
2025-08-03 00:00:00,12.176,12.388,11.973,12.362,729645.7
2025-08-03 04:00:00,12.361,12.41,12.282,12.366,493141.9
2025-08-03 08:00:00,12.366,12.724,12.342,12.626,805095.4
2025-08-03 12:00:00,12.627,12.807,12.535,12.773,976086.2
2025-08-03 16:00:00,12.773,13.187,12.669,13.085,2101945.7
2025-08-03 20:00:00,13.086,13.086,12.883,12.968,783189.8
2025-08-04 00:00:00,12.967,13.474,12.943,13.286,1159426.4
2025-08-04 04:00:00,13.286,13.439,13.188,13.303,1102891.4
2025-08-04 08:00:00,13.304,13.393,13.067,13.114,1197902.5
2025-08-04 12:00:00,13.114,13.536,13.094,13.373,1641636.5
2025-08-04 16:00:00,13.372,13.627,13.276,13.352,1024538.3
2025-08-04 20:00:00,13.352,14.014,13.343,13.637,1759538.9
2025-08-05 00:00:00,13.636,13.652,13.222,13.254,979405.5
2025-08-05 04:00:00,13.253,13.482,13.11,13.142,1004647.0
2025-08-05 08:00:00,13.141,13.657,13.102,13.617,1030081.2
2025-08-05 12:00:00,13.617,13.755,12.957,13.02,2901727.2
2025-08-05 16:00:00,13.02,13.221,12.891,12.928,1417353.1
2025-08-05 20:00:00,12.928,13.091,12.656,12.926,1166136.5
2025-08-06 00:00:00,12.928,12.93,12.53,12.569,719084.0
2025-08-06 04:00:00,12.569,13.068,12.492,13.06,1276027.6
2025-08-06 08:00:00,13.059,13.128,12.846,12.884,1147627.6
2025-08-06 12:00:00,12.884,13.204,12.715,13.179,2042618.2
2025-08-06 16:00:00,13.18,13.215,12.895,13.018,1161569.7
2025-08-06 20:00:00,13.017,13.047,12.888,12.929,597666.8
2025-08-07 00:00:00,12.929,13.048,12.817,12.856,760827.2
2025-08-07 04:00:00,12.856,13.058,12.821,12.966,725404.6
2025-08-07 08:00:00,12.967,13.675,12.921,13.621,1597771.8
2025-08-07 12:00:00,13.621,13.839,13.54,13.718,1616741.8
2025-08-07 16:00:00,13.718,13.87,13.411,13.856,1166198.4
2025-08-07 20:00:00,13.857,14.147,13.813,14.047,1185860.6
2025-08-08 00:00:00,14.047,14.275,13.868,14.139,1482764.1
2025-08-08 04:00:00,14.139,14.237,13.849,14.144,956576.2
2025-08-08 08:00:00,14.145,14.291,13.988,14.108,967410.4
2025-08-08 12:00:00,14.108,14.39,13.818,13.925,1597546.7
2025-08-08 16:00:00,13.924,14.311,13.9,14.261,1168563.6
2025-08-08 20:00:00,14.261,14.283,14.075,14.109,654915.9
2025-08-09 00:00:00,14.109,14.281,14.049,14.248,505924.8
2025-08-09 04:00:00,14.248,14.728,14.19,14.617,1135263.7
2025-08-09 08:00:00,14.618,14.785,14.579,14.692,914904.5
2025-08-09 12:00:00,14.693,14.833,14.395,14.57,975491.8
2025-08-09 16:00:00,14.571,14.759,14.496,14.63,629712.1
2025-08-09 20:00:00,14.63,14.795,14.479,14.532,816125.3
2025-08-10 00:00:00,14.533,14.774,14.343,14.569,979354.5
2025-08-10 04:00:00,14.569,14.729,14.075,14.091,1241305.2
2025-08-10 08:00:00,14.091,14.234,13.867,13.956,1308125.9
2025-08-10 12:00:00,13.956,14.386,13.866,14.307,1096108.7
2025-08-10 16:00:00,14.307,14.439,14.232,14.376,611046.3
2025-08-10 20:00:00,14.376,14.414,14.087,14.387,662086.7
2025-08-11 00:00:00,14.387,14.914,14.271,14.857,1123026.9
2025-08-11 04:00:00,14.858,15.016,14.351,14.399,1198294.8
2025-08-11 08:00:00,14.399,14.489,13.802,13.853,1604627.5
2025-08-11 12:00:00,13.853,14.266,13.774,14.161,2190940.6
2025-08-11 16:00:00,14.162,14.377,13.751,13.878,1785345.0
2025-08-11 20:00:00,13.876,13.912,13.46,13.664,1128840.5
2025-08-12 00:00:00,13.665,13.944,13.639,13.741,759637.3
2025-08-12 04:00:00,13.74,13.898,13.544,13.799,860236.5
2025-08-12 08:00:00,13.799,13.821,13.441,13.685,891112.7
2025-08-12 12:00:00,13.684,14.544,13.567,14.527,2834084.8
2025-08-12 16:00:00,14.527,14.778,14.423,14.76,1476027.5
2025-08-12 20:00:00,14.761,14.966,14.69,14.772,1297933.9
2025-08-13 00:00:00,14.771,15.0,14.548,14.969,1070432.9
2025-08-13 04:00:00,14.969,15.085,14.677,14.936,1016797.6
2025-08-13 08:00:00,14.936,15.572,14.909,15.558,1754856.9
2025-08-13 12:00:00,15.559,15.965,15.325,15.597,2970245.3
2025-08-13 16:00:00,15.599,16.065,15.523,15.852,1952532.9
2025-08-13 20:00:00,15.852,16.51,15.701,16.226,1965006.9
2025-08-14 00:00:00,16.222,16.398,15.825,16.372,1601430.0
2025-08-14 04:00:00,16.372,16.569,15.704,15.859,1911001.4
2025-08-14 08:00:00,15.859,15.942,15.509,15.676,1925620.7
2025-08-14 12:00:00,15.675,16.094,14.845,15.392,5229714.7
2025-08-14 16:00:00,15.394,15.561,15.095,15.13,1652058.7
2025-08-14 20:00:00,15.131,15.238,14.684,15.118,1494983.0
2025-08-15 00:00:00,15.118,15.417,15.054,15.324,1170730.0
2025-08-15 04:00:00,15.325,15.49,14.904,15.246,2343322.0
2025-08-15 08:00:00,15.242,15.362,14.877,14.919,1168663.2
2025-08-15 12:00:00,14.92,15.147,14.113,14.224,3037398.7
2025-08-15 16:00:00,14.224,14.444,14.028,14.262,1792938.1
2025-08-15 20:00:00,14.261,14.656,14.198,14.341,884647.7
2025-08-16 00:00:00,14.341,14.587,14.308,14.328,560266.6
2025-08-16 04:00:00,14.328,14.457,14.246,14.367,489343.6
2025-08-16 08:00:00,14.368,14.425,14.153,14.169,788871.4
2025-08-16 12:00:00,14.169,14.6,14.084,14.512,1067011.6
2025-08-16 16:00:00,14.511,14.688,14.384,14.611,580406.1
2025-08-16 20:00:00,14.611,14.806,14.533,14.574,526672.7
2025-08-17 00:00:00,14.574,14.649,14.364,14.642,573765.1
2025-08-17 04:00:00,14.642,14.917,14.628,14.767,701164.2
2025-08-17 08:00:00,14.767,15.299,14.767,15.284,1516187.8
2025-08-17 12:00:00,15.284,15.978,14.98,15.902,2283916.6
2025-08-17 16:00:00,15.903,15.939,15.257,15.352,1629407.8
2025-08-17 20:00:00,15.35,15.653,15.314,15.468,863809.9
2025-08-18 00:00:00,15.468,15.744,14.665,14.917,2709900.5
2025-08-18 04:00:00,14.916,14.986,14.296,14.339,1715178.9
2025-08-18 08:00:00,14.338,14.568,14.187,14.263,1881161.3
2025-08-18 12:00:00,14.262,14.964,14.212,14.585,2827172.1
2025-08-18 16:00:00,14.586,14.74,14.316,14.478,1347684.5
2025-08-18 20:00:00,14.477,14.62,14.126,14.195,1325984.5
2025-08-19 00:00:00,14.195,14.439,13.737,13.817,1776908.2
2025-08-19 04:00:00,13.816,13.93,13.634,13.733,1089129.5
2025-08-19 08:00:00,13.732,14.257,13.615,14.177,1830438.6
2025-08-19 12:00:00,14.177,14.177,13.552,13.637,2140107.5
2025-08-19 16:00:00,13.636,13.704,13.247,13.288,1920895.8
2025-08-19 20:00:00,13.288,13.456,13.17,13.199,1116180.7
2025-08-20 00:00:00,13.198,13.393,13.146,13.241,1131532.4
2025-08-20 04:00:00,13.241,13.491,13.236,13.341,1166408.5
2025-08-20 08:00:00,13.341,13.667,13.257,13.451,1295880.8
2025-08-20 12:00:00,13.451,13.844,13.116,13.682,2424653.7
2025-08-20 16:00:00,13.681,14.095,13.666,14.081,1623454.0
2025-08-20 20:00:00,14.08,14.171,13.932,13.962,860028.9
2025-08-21 00:00:00,13.962,14.128,13.76,13.823,861768.8
2025-08-21 04:00:00,13.823,13.931,13.664,13.799,718185.9
2025-08-21 08:00:00,13.8,13.81,13.514,13.575,795314.8
2025-08-21 12:00:00,13.575,13.737,13.371,13.39,1725151.4
2025-08-21 16:00:00,13.391,13.518,13.273,13.347,1144152.2
2025-08-21 20:00:00,13.347,13.524,13.245,13.294,729494.3
2025-08-22 00:00:00,13.294,13.528,13.15,13.268,955806.7
2025-08-22 04:00:00,13.268,13.609,13.266,13.556,962364.6
2025-08-22 08:00:00,13.556,13.653,13.242,13.247,1053855.3
2025-08-22 12:00:00,13.247,14.56,12.917,14.368,5966369.8
2025-08-22 16:00:00,14.368,14.984,14.366,14.915,3171725.1
2025-08-22 20:00:00,14.915,15.065,14.822,14.919,1473617.4
2025-08-23 00:00:00,14.92,14.957,14.294,14.406,1212639.1
2025-08-23 04:00:00,14.406,14.821,14.397,14.451,1094451.8
2025-08-23 08:00:00,14.452,14.599,14.352,14.393,661714.6
2025-08-23 12:00:00,14.393,14.53,14.323,14.448,1066055.3
2025-08-23 16:00:00,14.45,14.729,14.382,14.712,718789.6
2025-08-23 20:00:00,14.712,14.766,14.583,14.717,636409.7
2025-08-24 00:00:00,14.718,14.839,14.402,14.499,772011.2
2025-08-24 04:00:00,14.499,14.547,14.24,14.246,778858.2
2025-08-24 08:00:00,14.247,14.37,14.027,14.127,918791.6
2025-08-24 12:00:00,14.126,14.539,14.068,14.32,1099734.4
2025-08-24 16:00:00,14.321,15.185,14.211,14.575,3520428.0
2025-08-24 20:00:00,14.575,14.601,14.173,14.34,1764424.7
2025-08-25 00:00:00,14.341,14.557,14.034,14.339,1201342.1
2025-08-25 04:00:00,14.34,14.4,13.461,13.54,1763611.2
2025-08-25 08:00:00,13.539,13.663,13.266,13.432,1483653.2
2025-08-25 12:00:00,13.432,13.578,13.263,13.441,1701610.9
2025-08-25 16:00:00,13.442,13.582,13.007,13.035,1414243.2
2025-08-25 20:00:00,13.035,13.079,12.657,12.801,2320495.8
2025-08-26 00:00:00,12.801,13.055,12.701,12.865,1029439.1
2025-08-26 04:00:00,12.865,13.128,12.839,13.037,954058.8
2025-08-26 08:00:00,13.034,13.151,12.892,13.045,1025273.2
2025-08-26 12:00:00,13.046,13.479,12.939,13.258,2493570.6
2025-08-26 16:00:00,13.26,13.569,13.178,13.534,1219047.7
2025-08-26 20:00:00,13.533,13.956,13.465,13.495,1632735.8
2025-08-27 00:00:00,13.495,13.544,13.249,13.455,1049075.4
2025-08-27 04:00:00,13.456,13.619,13.305,13.351,861633.6
2025-08-27 08:00:00,13.353,13.543,13.244,13.506,1033775.7
2025-08-27 12:00:00,13.506,13.697,13.394,13.599,1568839.7
2025-08-27 16:00:00,13.6,13.649,13.27,13.346,1650229.6
2025-08-27 20:00:00,13.346,13.518,13.153,13.321,2366759.2
2025-08-28 00:00:00,13.32,13.516,13.229,13.497,838856.0
2025-08-28 04:00:00,13.496,13.705,13.459,13.657,845777.2
2025-08-28 08:00:00,13.657,13.782,13.534,13.777,938824.9
2025-08-28 12:00:00,13.777,14.126,13.636,13.815,2699171.1
2025-08-28 16:00:00,13.816,14.036,13.554,13.768,1153793.7
2025-08-28 20:00:00,13.769,14.179,13.743,14.024,645032.2
2025-08-29 00:00:00,14.025,14.044,13.651,13.686,914131.9
2025-08-29 04:00:00,13.686,13.728,13.209,13.293,1276781.7
2025-08-29 08:00:00,13.293,13.351,12.971,13.258,1380386.0
2025-08-29 12:00:00,13.258,13.654,12.832,12.998,2939571.6
2025-08-29 16:00:00,12.997,13.034,12.712,12.895,1269179.9
2025-08-29 20:00:00,12.895,13.021,12.744,12.962,1016293.1
2025-08-30 00:00:00,12.961,13.171,12.778,13.032,849528.2
2025-08-30 04:00:00,13.032,13.206,13.017,13.15,584987.7
2025-08-30 08:00:00,13.15,13.163,13.024,13.121,579075.6
2025-08-30 12:00:00,13.122,13.128,12.859,13.028,866050.1
2025-08-30 16:00:00,13.028,13.046,12.849,12.909,502636.3
2025-08-30 20:00:00,12.91,12.924,12.821,12.902,465792.1
2025-08-31 00:00:00,12.902,13.138,12.9,13.127,657161.0
2025-08-31 04:00:00,13.127,13.135,12.866,12.908,465280.1
2025-08-31 08:00:00,12.908,13.033,12.746,12.868,852274.5
2025-08-31 12:00:00,12.868,13.021,12.811,13.003,960446.1
2025-08-31 16:00:00,13.003,13.045,12.893,12.944,493950.1
2025-08-31 20:00:00,12.944,13.022,12.686,12.696,824528.5
2025-09-01 00:00:00,12.696,12.722,12.391,12.477,1373418.7
2025-09-01 04:00:00,12.476,12.996,12.363,12.931,1190095.0
2025-09-01 08:00:00,12.931,13.169,12.678,12.72,1938339.7
2025-09-01 12:00:00,12.72,12.851,12.518,12.552,947314.8
2025-09-01 16:00:00,12.551,12.638,12.393,12.634,1217417.7
2025-09-01 20:00:00,12.634,12.649,12.134,12.452,1602654.7
2025-09-02 00:00:00,12.451,12.78,12.368,12.739,899137.6
2025-09-02 04:00:00,12.74,12.904,12.646,12.684,938373.1
2025-09-02 08:00:00,12.683,12.871,12.675,12.727,792788.9
2025-09-02 12:00:00,12.726,13.211,12.357,12.66,3647879.9
2025-09-02 16:00:00,12.657,12.928,12.657,12.741,886838.1
2025-09-02 20:00:00,12.741,13.014,12.715,12.986,731957.7
2025-09-03 00:00:00,12.987,13.172,12.896,13.144,865950.1
2025-09-03 04:00:00,13.144,13.186,12.915,13.056,874862.2
2025-09-03 08:00:00,13.055,13.282,13.026,13.191,959734.6
2025-09-03 12:00:00,13.19,13.416,13.091,13.34,1495761.0
2025-09-03 16:00:00,13.341,13.407,13.23,13.388,738586.2
2025-09-03 20:00:00,13.388,13.395,13.184,13.233,648140.6
2025-09-04 00:00:00,13.234,13.31,13.041,13.061,669760.8
2025-09-04 04:00:00,13.062,13.12,12.8,12.892,925001.7
2025-09-04 08:00:00,12.892,13.002,12.664,12.693,1187559.1
2025-09-04 12:00:00,12.694,12.847,12.52,12.55,1305329.7
2025-09-04 16:00:00,12.549,12.607,12.356,12.384,889982.0
2025-09-04 20:00:00,12.385,12.651,12.367,12.441,672907.9
2025-09-05 00:00:00,12.441,12.563,12.427,12.559,597064.8
2025-09-05 04:00:00,12.56,12.802,12.488,12.793,759887.6
2025-09-05 08:00:00,12.794,12.871,12.615,12.858,733849.3
2025-09-05 12:00:00,12.859,13.157,12.56,12.684,2752798.3
2025-09-05 16:00:00,12.684,12.968,12.635,12.95,696791.5
2025-09-05 20:00:00,12.95,13.104,12.914,12.999,896356.0
2025-09-06 00:00:00,12.998,13.179,12.969,13.119,589975.3
2025-09-06 04:00:00,13.119,13.119,12.924,12.998,464212.5
2025-09-06 08:00:00,12.998,13.007,12.854,12.92,438075.0
2025-09-06 12:00:00,12.919,13.043,12.892,12.934,486176.9
2025-09-06 16:00:00,12.934,13.057,12.789,12.805,604831.3
2025-09-06 20:00:00,12.805,12.983,12.794,12.911,437948.0
2025-09-07 00:00:00,12.91,13.098,12.887,13.071,551577.6
2025-09-07 04:00:00,13.071,13.28,12.996,13.042,609018.2
2025-09-07 08:00:00,13.042,13.106,12.952,13.056,384010.5
2025-09-07 12:00:00,13.056,13.138,12.99,13.084,550240.3
2025-09-07 16:00:00,13.084,13.101,12.875,12.966,490653.4
2025-09-07 20:00:00,12.966,13.164,12.913,13.021,509647.2
2025-09-08 00:00:00,13.021,13.31,12.929,13.196,658548.5
2025-09-08 04:00:00,13.195,13.2,13.024,13.118,535189.6
2025-09-08 08:00:00,13.119,13.466,13.117,13.331,1015763.6
2025-09-08 12:00:00,13.332,13.629,13.31,13.616,1157585.1
2025-09-08 16:00:00,13.616,13.729,13.389,13.431,1349125.6
2025-09-08 20:00:00,13.431,13.668,13.367,13.578,638139.1
2025-09-09 00:00:00,13.579,13.799,13.472,13.697,838479.3
2025-09-09 04:00:00,13.697,14.11,13.628,14.007,1410438.0
2025-09-09 08:00:00,14.008,14.175,13.976,14.027,1071765.5
2025-09-09 12:00:00,14.026,14.541,13.854,13.966,2888024.8
2025-09-09 16:00:00,13.966,14.14,13.831,14.053,833398.5
2025-09-09 20:00:00,14.052,14.208,13.952,14.025,575396.9
2025-09-10 00:00:00,14.025,14.177,13.901,14.055,649184.4
2025-09-10 04:00:00,14.055,14.058,13.83,13.93,755901.8
2025-09-10 08:00:00,13.931,14.088,13.803,13.864,1284067.8
2025-09-10 12:00:00,13.865,14.285,13.832,14.042,1776784.1
2025-09-10 16:00:00,14.042,14.077,13.734,13.818,1047092.1
2025-09-10 20:00:00,13.82,13.947,13.803,13.919,464260.5
2025-09-11 00:00:00,13.918,14.204,13.894,14.193,626155.7
2025-09-11 04:00:00,14.194,14.406,14.038,14.237,989721.6
2025-09-11 08:00:00,14.237,14.284,14.081,14.105,732742.0
2025-09-11 12:00:00,14.106,14.282,13.85,13.957,1626135.5
2025-09-11 16:00:00,13.957,14.135,13.951,14.1,613242.1
2025-09-11 20:00:00,14.101,14.252,14.056,14.21,514031.2
2025-09-12 00:00:00,14.21,14.334,14.065,14.129,625208.7
2025-09-12 04:00:00,14.129,14.377,14.072,14.282,694363.8
2025-09-12 08:00:00,14.282,14.293,14.082,14.092,779924.4
2025-09-12 12:00:00,14.092,14.291,14.0,14.142,1004769.2
2025-09-12 16:00:00,14.141,14.471,14.135,14.438,770886.5
2025-09-12 20:00:00,14.437,14.524,14.325,14.459,888996.0
2025-09-13 00:00:00,14.459,14.584,14.346,14.558,657351.5
2025-09-13 04:00:00,14.558,14.659,14.455,14.617,599386.1
2025-09-13 08:00:00,14.617,14.844,14.604,14.835,792741.1
2025-09-13 12:00:00,14.836,14.875,14.4,14.57,1177882.4
2025-09-13 16:00:00,14.571,14.62,14.266,14.456,865065.2
2025-09-13 20:00:00,14.456,14.612,14.445,14.541,368529.4
2025-09-14 00:00:00,14.539,14.559,14.273,14.318,604785.0
2025-09-14 04:00:00,14.319,14.423,14.15,14.26,610687.3
2025-09-14 08:00:00,14.26,14.349,14.017,14.044,603292.5
2025-09-14 12:00:00,14.044,14.13,13.815,13.912,1175669.9
2025-09-14 16:00:00,13.911,14.153,13.878,14.069,724881.2
2025-09-14 20:00:00,14.069,14.319,14.032,14.071,551888.1
2025-09-15 00:00:00,14.07,14.279,13.955,14.188,554386.6
2025-09-15 04:00:00,14.188,14.313,13.78,13.835,1044920.6
2025-09-15 08:00:00,13.835,13.844,13.461,13.582,1524288.6
2025-09-15 12:00:00,13.581,13.622,13.303,13.399,1098357.1
2025-09-15 16:00:00,13.398,13.503,13.252,13.42,794262.9
2025-09-15 20:00:00,13.421,13.549,13.406,13.513,450875.8
2025-09-16 00:00:00,13.513,13.555,13.379,13.379,421913.5
2025-09-16 04:00:00,13.38,13.588,13.273,13.558,475381.9
2025-09-16 08:00:00,13.558,13.731,13.547,13.589,682191.0
2025-09-16 12:00:00,13.589,13.73,13.365,13.679,939047.1
2025-09-16 16:00:00,13.68,13.812,13.576,13.763,716202.0
2025-09-16 20:00:00,13.762,13.899,13.731,13.78,366319.4
2025-09-17 00:00:00,13.78,13.966,13.731,13.769,643522.3
2025-09-17 04:00:00,13.77,13.885,13.612,13.851,509638.1
2025-09-17 08:00:00,13.851,13.893,13.677,13.797,865792.3
2025-09-17 12:00:00,13.797,13.877,13.61,13.657,670495.1
2025-09-17 16:00:00,13.655,14.189,13.548,14.144,1742196.6
2025-09-17 20:00:00,14.143,14.537,13.967,14.414,1121479.1
2025-09-18 00:00:00,14.414,14.572,14.336,14.494,606009.4
2025-09-18 04:00:00,14.494,14.513,14.234,14.421,614362.5
2025-09-18 08:00:00,14.422,14.525,14.39,14.429,624152.9
2025-09-18 12:00:00,14.429,14.644,14.379,14.526,948093.0
2025-09-18 16:00:00,14.526,14.661,14.451,14.575,970048.5
2025-09-18 20:00:00,14.576,14.797,14.575,14.723,931156.6
2025-09-19 00:00:00,14.723,14.872,14.53,14.571,813393.5
2025-09-19 04:00:00,14.57,14.572,14.284,14.392,863914.3
2025-09-19 08:00:00,14.392,14.501,14.091,14.146,689163.0
2025-09-19 12:00:00,14.147,14.344,13.966,14.077,1023633.0
2025-09-19 16:00:00,14.077,14.164,13.85,13.927,624826.3
2025-09-19 20:00:00,13.927,14.012,13.708,13.85,537661.4
2025-09-20 00:00:00,13.85,13.943,13.752,13.877,328811.4
2025-09-20 04:00:00,13.876,13.977,13.838,13.973,358744.1
2025-09-20 08:00:00,13.974,13.974,13.676,13.772,484574.5
2025-09-20 12:00:00,13.772,14.049,13.707,13.952,520328.6
2025-09-20 16:00:00,13.953,14.014,13.77,13.824,361199.0
2025-09-20 20:00:00,13.823,13.954,13.809,13.849,284233.2
2025-09-21 00:00:00,13.848,13.91,13.754,13.893,247834.8
2025-09-21 04:00:00,13.893,14.028,13.843,13.921,270737.5
2025-09-21 08:00:00,13.921,13.948,13.612,13.694,715466.6
2025-09-21 12:00:00,13.695,13.794,13.634,13.646,337207.3
2025-09-21 16:00:00,13.646,13.696,13.507,13.654,597882.6
2025-09-21 20:00:00,13.654,13.664,13.522,13.563,284046.5
2025-09-22 00:00:00,13.562,13.617,12.95,13.064,1682002.4
2025-09-22 04:00:00,13.064,13.098,11.888,12.404,3364332.4
2025-09-22 08:00:00,12.405,12.508,12.218,12.298,1104378.9
2025-09-22 12:00:00,12.299,12.502,12.25,12.275,1014165.0
2025-09-22 16:00:00,12.275,12.344,12.083,12.124,816985.4
2025-09-22 20:00:00,12.125,12.398,12.111,12.372,595760.1
2025-09-23 00:00:00,12.372,12.448,12.067,12.312,976591.4
2025-09-23 04:00:00,12.312,12.518,12.171,12.458,1059541.8
2025-09-23 08:00:00,12.458,12.57,12.361,12.415,698101.5
2025-09-23 12:00:00,12.414,12.496,12.293,12.426,794656.0
2025-09-23 16:00:00,12.426,12.526,12.141,12.183,1034895.4
2025-09-23 20:00:00,12.183,12.318,12.1,12.143,580228.2
2025-09-24 00:00:00,12.144,12.34,12.032,12.089,761709.5
2025-09-24 04:00:00,12.086,12.439,11.869,12.425,1115506.6
2025-09-24 08:00:00,12.425,12.479,12.366,12.441,535116.1
2025-09-24 12:00:00,12.442,12.715,12.365,12.528,1360879.6
2025-09-24 16:00:00,12.53,12.574,12.419,12.469,566556.3
2025-09-24 20:00:00,12.47,12.506,12.35,12.391,412538.7
2025-09-25 00:00:00,12.392,12.435,12.077,12.184,1068630.7
2025-09-25 04:00:00,12.183,12.218,11.869,11.924,1324731.9
2025-09-25 08:00:00,11.924,12.028,11.735,11.786,1235440.7
2025-09-25 12:00:00,11.786,12.035,11.506,11.832,1843330.4
2025-09-25 16:00:00,11.832,11.837,11.098,11.524,3258777.6
2025-09-25 20:00:00,11.525,11.554,11.239,11.345,876678.7
2025-09-26 00:00:00,11.345,11.623,11.326,11.606,891657.1
2025-09-26 04:00:00,11.606,11.641,11.434,11.612,778295.4
2025-09-26 08:00:00,11.611,11.712,11.33,11.443,905083.6
2025-09-26 12:00:00,11.442,11.65,11.282,11.61,1489482.4
2025-09-26 16:00:00,11.61,11.952,11.592,11.788,1180681.2
2025-09-26 20:00:00,11.789,11.875,11.754,11.821,451498.6
2025-09-27 00:00:00,11.822,11.822,11.706,11.717,329501.5
2025-09-27 04:00:00,11.717,11.744,11.645,11.661,297397.9
2025-09-27 08:00:00,11.66,11.828,11.567,11.774,632710.5
2025-09-27 12:00:00,11.774,11.86,11.708,11.85,549152.6
2025-09-27 16:00:00,11.851,11.856,11.695,11.803,449846.2
2025-09-27 20:00:00,11.803,11.927,11.772,11.814,319051.3
2025-09-28 00:00:00,11.814,11.821,11.631,11.697,356889.1
2025-09-28 04:00:00,11.698,11.71,11.544,11.598,367015.4
2025-09-28 08:00:00,11.599,11.631,11.512,11.547,423557.2
2025-09-28 12:00:00,11.548,11.763,11.46,11.745,667584.3
2025-09-28 16:00:00,11.744,11.873,11.744,11.848,463142.7
2025-09-28 20:00:00,11.848,12.162,11.82,12.092,716722.5
2025-09-29 00:00:00,12.092,12.102,11.954,12.032,526435.1
2025-09-29 04:00:00,12.033,12.038,11.901,11.977,373048.3
2025-09-29 08:00:00,11.977,12.067,11.819,11.888,504258.5
2025-09-29 12:00:00,11.887,12.21,11.702,12.023,1523002.0
2025-09-29 16:00:00,12.023,12.119,11.828,12.103,806943.9
2025-09-29 20:00:00,12.104,12.229,12.052,12.057,541381.2
2025-09-30 00:00:00,12.057,12.1,11.854,11.892,604005.9
2025-09-30 04:00:00,11.893,11.958,11.772,11.808,523435.0
2025-09-30 08:00:00,11.808,11.814,11.677,11.797,572801.4
2025-09-30 12:00:00,11.797,11.812,11.526,11.643,878398.4
2025-09-30 16:00:00,11.642,11.952,11.562,11.932,716438.6
2025-09-30 20:00:00,11.933,12.097,11.901,12.003,756804.0
2025-10-01 00:00:00,12.003,12.065,11.844,11.847,435771.7
2025-10-01 04:00:00,11.847,11.998,11.838,11.924,516523.9
2025-10-01 08:00:00,11.923,12.475,11.902,12.354,1519547.5
2025-10-01 12:00:00,12.355,12.47,12.255,12.449,831938.1
2025-10-01 16:00:00,12.45,12.566,12.334,12.53,794653.2
2025-10-01 20:00:00,12.531,12.633,12.45,12.615,580366.6
2025-10-02 00:00:00,12.616,12.741,12.527,12.64,691687.9
2025-10-02 04:00:00,12.641,12.796,12.575,12.635,577119.9
2025-10-02 08:00:00,12.636,12.703,12.573,12.639,545921.2
2025-10-02 12:00:00,12.64,12.695,12.344,12.582,1383149.9
2025-10-02 16:00:00,12.583,12.936,12.553,12.902,995056.8
2025-10-02 20:00:00,12.902,12.985,12.813,12.945,708319.4
2025-10-03 00:00:00,12.944,12.988,12.717,12.841,809701.1
2025-10-03 04:00:00,12.842,12.937,12.73,12.788,526240.0
2025-10-03 08:00:00,12.787,12.886,12.671,12.765,505558.7
2025-10-03 12:00:00,12.766,13.12,12.66,13.079,961222.8
2025-10-03 16:00:00,13.08,13.38,12.826,13.305,1899944.2
2025-10-03 20:00:00,13.306,13.61,13.29,13.385,988687.4
2025-10-04 00:00:00,13.385,13.5,13.153,13.235,784795.1
2025-10-04 04:00:00,13.234,13.429,13.163,13.234,514320.9
2025-10-04 08:00:00,13.234,13.238,12.912,12.957,533600.2
2025-10-04 12:00:00,12.957,13.1,12.704,12.756,765095.6
2025-10-04 16:00:00,12.757,12.97,12.1,12.51,2947432.7
2025-10-04 20:00:00,12.51,12.634,12.484,12.542,627547.5
2025-10-05 00:00:00,12.543,12.731,12.42,12.654,1018520.2
2025-10-05 04:00:00,12.654,13.11,12.649,13.098,1102767.6
2025-10-05 08:00:00,13.101,13.158,12.758,12.858,1022755.2
2025-10-05 12:00:00,12.858,12.902,12.724,12.853,517805.4
2025-10-05 16:00:00,12.854,12.878,12.556,12.575,637572.8
2025-10-05 20:00:00,12.575,12.789,12.5,12.676,625497.9
2025-10-06 00:00:00,12.676,13.576,12.567,13.042,3632248.5
2025-10-06 04:00:00,13.042,13.148,12.854,12.939,1034587.3
2025-10-06 08:00:00,12.94,13.098,12.904,13.008,644502.3
2025-10-06 12:00:00,13.008,13.387,13.007,13.219,1182613.6
2025-10-06 16:00:00,13.218,13.293,13.155,13.227,657054.7
2025-10-06 20:00:00,13.227,13.293,13.035,13.054,541599.5
2025-10-07 00:00:00,13.054,13.163,12.99,13.075,548587.9
2025-10-07 04:00:00,13.073,13.16,12.822,12.862,754732.7
2025-10-07 08:00:00,12.862,12.945,12.724,12.893,669931.3
2025-10-07 12:00:00,12.893,13.206,12.424,12.479,2757780.4
2025-10-07 16:00:00,12.478,12.703,12.382,12.445,1088178.0
2025-10-07 20:00:00,12.446,12.669,12.35,12.403,628081.8
2025-10-08 00:00:00,12.403,12.562,12.239,12.29,643980.2
2025-10-08 04:00:00,12.289,12.422,12.213,12.421,490671.4
2025-10-08 08:00:00,12.422,12.561,12.376,12.426,535114.6
2025-10-08 12:00:00,12.428,12.663,12.351,12.466,701316.3
2025-10-08 16:00:00,12.467,12.859,12.432,12.739,862823.7
2025-10-08 20:00:00,12.74,12.783,12.624,12.658,326551.0
2025-10-09 00:00:00,12.658,12.703,12.265,12.42,569501.3
2025-10-09 04:00:00,12.419,12.456,12.231,12.258,389130.0
2025-10-09 08:00:00,12.258,12.268,12.034,12.166,876905.7
2025-10-09 12:00:00,12.166,12.285,11.915,11.947,1433263.7
2025-10-09 16:00:00,11.948,12.109,11.793,12.048,1014210.6
2025-10-09 20:00:00,12.047,12.214,12.013,12.103,344910.5
2025-10-10 00:00:00,12.103,12.318,12.037,12.219,459007.7
2025-10-10 04:00:00,12.219,12.347,12.071,12.085,475393.9
2025-10-10 08:00:00,12.084,12.275,12.083,12.253,433279.1
2025-10-10 12:00:00,12.254,12.448,11.523,11.636,2315559.6
2025-10-10 16:00:00,11.633,11.745,11.136,11.219,1728670.2
2025-10-10 20:00:00,11.22,11.333,2.733,8.589,18405963.4
2025-10-11 00:00:00,8.588,9.138,8.318,8.93,3226425.1
2025-10-11 04:00:00,8.929,9.176,8.876,8.973,2161540.7
2025-10-11 08:00:00,8.973,9.393,8.907,9.117,1952868.0
2025-10-11 12:00:00,9.116,9.153,8.748,8.982,1750836.8
2025-10-11 16:00:00,8.981,9.033,8.433,8.528,1483937.2
2025-10-11 20:00:00,8.527,8.553,8.206,8.476,1621126.0
2025-10-12 00:00:00,8.476,8.552,8.247,8.461,1039319.2
2025-10-12 04:00:00,8.461,8.682,8.427,8.608,852086.8
2025-10-12 08:00:00,8.609,8.739,8.511,8.625,984091.8
2025-10-12 12:00:00,8.625,9.271,8.501,9.209,2728153.1
2025-10-12 16:00:00,9.209,9.818,9.209,9.672,2985607.8
2025-10-12 20:00:00,9.672,9.786,9.434,9.55,2474761.2
2025-10-13 00:00:00,9.548,9.632,9.34,9.434,2758720.6
2025-10-13 04:00:00,9.435,9.714,9.345,9.551,1330266.6
2025-10-13 08:00:00,9.55,9.755,9.24,9.437,2357639.3
2025-10-13 12:00:00,9.437,9.837,9.341,9.734,5002606.8
2025-10-13 16:00:00,9.735,10.024,9.647,9.958,2758348.2
2025-10-13 20:00:00,9.958,10.084,9.878,9.923,1868468.5
2025-10-14 00:00:00,9.923,9.987,9.605,9.688,1540535.3
2025-10-14 04:00:00,9.687,9.717,9.0,9.118,2930168.5
2025-10-14 08:00:00,9.117,9.274,8.933,9.17,2342688.6
2025-10-14 12:00:00,9.172,9.591,8.972,9.573,2512800.0
2025-10-14 16:00:00,9.574,9.714,9.376,9.523,2308695.5
2025-10-14 20:00:00,9.524,9.631,9.444,9.54,570429.5
2025-10-15 00:00:00,9.54,9.602,9.35,9.409,824191.3
2025-10-15 04:00:00,9.41,9.56,9.37,9.508,658123.0
2025-10-15 08:00:00,9.508,9.716,9.294,9.357,1112572.4
2025-10-15 12:00:00,9.356,9.382,9.02,9.087,1774157.3
2025-10-15 16:00:00,9.087,9.174,8.972,9.064,1059509.6
2025-10-15 20:00:00,9.064,9.126,8.902,9.039,1009822.1
2025-10-16 00:00:00,9.04,9.116,8.956,9.0,550274.9
2025-10-16 04:00:00,9.0,9.182,8.952,9.11,733469.0
2025-10-16 08:00:00,9.111,9.281,8.65,9.225,1933010.1
2025-10-16 12:00:00,9.225,9.303,8.704,8.752,2001591.0
2025-10-16 16:00:00,8.753,8.981,8.527,8.618,2355636.3
2025-10-16 20:00:00,8.618,8.66,8.464,8.619,1117240.9
2025-10-17 00:00:00,8.619,8.746,8.571,8.685,571560.3
2025-10-17 04:00:00,8.684,8.693,7.954,7.981,2445187.9
2025-10-17 08:00:00,7.982,8.234,7.762,8.164,4357083.7
2025-10-17 12:00:00,8.163,8.311,7.994,8.308,1970936.7
2025-10-17 16:00:00,8.309,8.431,8.229,8.294,1513695.2
2025-10-17 20:00:00,8.293,8.548,8.263,8.338,1022273.4
2025-10-18 00:00:00,8.339,8.49,8.321,8.459,631629.7
2025-10-18 04:00:00,8.459,8.559,8.338,8.405,720222.5
2025-10-18 08:00:00,8.405,8.545,8.397,8.507,608643.9
2025-10-18 12:00:00,8.508,8.535,8.347,8.403,562554.6
2025-10-18 16:00:00,8.404,8.485,8.328,8.457,521283.2
2025-10-18 20:00:00,8.457,8.507,8.396,8.433,349013.9
2025-10-19 00:00:00,8.434,8.485,8.343,8.46,497541.5
2025-10-19 04:00:00,8.46,8.474,8.329,8.373,492315.5
2025-10-19 08:00:00,8.374,8.638,8.266,8.542,1758423.9
2025-10-19 12:00:00,8.542,8.725,8.471,8.659,1579149.7
2025-10-19 16:00:00,8.659,8.743,8.599,8.642,746422.6
2025-10-19 20:00:00,8.642,8.68,8.533,8.547,668285.7
2025-10-20 00:00:00,8.547,8.778,8.333,8.75,1319738.7
2025-10-20 04:00:00,8.751,8.964,8.693,8.845,851309.1
2025-10-20 08:00:00,8.846,8.914,8.773,8.841,1211843.7
2025-10-20 12:00:00,8.841,8.986,8.812,8.867,1108573.2
2025-10-20 16:00:00,8.866,8.866,8.658,8.83,1269986.4
2025-10-20 20:00:00,8.83,8.882,8.726,8.739,469899.8
2025-10-21 00:00:00,8.738,8.745,8.517,8.532,631135.3
2025-10-21 04:00:00,8.53,8.541,8.348,8.406,1380658.2
2025-10-21 08:00:00,8.407,8.455,8.288,8.434,872990.7
2025-10-21 12:00:00,8.434,9.121,8.418,9.052,2708027.7
2025-10-21 16:00:00,9.05,9.181,8.879,8.882,1902187.8
2025-10-21 20:00:00,8.881,8.896,8.406,8.442,1456254.5
2025-10-22 00:00:00,8.442,8.493,8.302,8.341,1367003.5
2025-10-22 04:00:00,8.341,8.434,8.243,8.323,1143702.9
2025-10-22 08:00:00,8.323,8.402,8.145,8.328,1385495.0
2025-10-22 12:00:00,8.328,8.504,8.272,8.432,1921082.8
2025-10-22 16:00:00,8.433,8.455,8.238,8.333,1257005.4
2025-10-22 20:00:00,8.334,8.347,7.94,8.193,1604342.9
2025-10-23 00:00:00,8.194,8.242,8.139,8.195,540806.5
2025-10-23 04:00:00,8.196,8.39,8.148,8.332,644410.2
2025-10-23 08:00:00,8.332,8.447,8.303,8.321,606187.5
2025-10-23 12:00:00,8.322,8.518,8.238,8.473,1365077.9
2025-10-23 16:00:00,8.473,8.637,8.421,8.48,913967.6
2025-10-23 20:00:00,8.479,8.483,8.341,8.406,662149.0
2025-10-24 00:00:00,8.407,8.468,8.331,8.354,742488.9
2025-10-24 04:00:00,8.353,8.586,8.328,8.529,1021171.7
2025-10-24 08:00:00,8.528,8.613,8.373,8.473,821759.1
2025-10-24 12:00:00,8.474,8.739,8.3,8.328,1758372.1
2025-10-24 16:00:00,8.329,8.473,8.246,8.441,770863.7
2025-10-24 20:00:00,8.44,8.539,8.433,8.479,511196.4
2025-10-25 00:00:00,8.478,8.479,8.355,8.357,498145.9
2025-10-25 04:00:00,8.355,8.394,8.299,8.345,567866.0
2025-10-25 08:00:00,8.346,8.413,8.311,8.4,432860.1
2025-10-25 12:00:00,8.4,8.481,8.391,8.431,510554.9
2025-10-25 16:00:00,8.431,8.481,8.396,8.467,394810.1
2025-10-25 20:00:00,8.467,8.483,8.386,8.399,369046.2
2025-10-26 00:00:00,8.4,8.426,8.28,8.302,522358.8
2025-10-26 04:00:00,8.303,8.487,8.294,8.483,362150.8
2025-10-26 08:00:00,8.484,8.782,8.484,8.777,900719.2
2025-10-26 12:00:00,8.777,8.864,8.724,8.843,828556.9
2025-10-26 16:00:00,8.842,8.971,8.769,8.89,748001.0
2025-10-26 20:00:00,8.89,9.088,8.767,9.02,1038969.3
2025-10-27 00:00:00,9.021,9.138,8.991,9.014,655497.7
2025-10-27 04:00:00,9.015,9.139,8.849,8.895,736001.2
2025-10-27 08:00:00,8.895,8.915,8.662,8.731,1075882.8
2025-10-27 12:00:00,8.731,8.742,8.596,8.659,1079799.1
2025-10-27 16:00:00,8.659,8.916,8.659,8.689,1063398.0
2025-10-27 20:00:00,8.689,8.693,8.535,8.623,873395.3
2025-10-28 00:00:00,8.623,8.674,8.521,8.569,741297.9
2025-10-28 04:00:00,8.571,8.714,8.499,8.577,843190.3
2025-10-28 08:00:00,8.58,8.683,8.57,8.58,530186.2
2025-10-28 12:00:00,8.58,8.784,8.443,8.598,1618279.7
2025-10-28 16:00:00,8.599,8.73,8.417,8.467,1082768.1
2025-10-28 20:00:00,8.464,8.468,8.2,8.376,1688951.8
2025-10-29 00:00:00,8.375,8.471,8.34,8.377,504067.1
2025-10-29 04:00:00,8.378,8.474,8.371,8.421,505460.7
2025-10-29 08:00:00,8.422,8.591,8.355,8.58,483416.0
2025-10-29 12:00:00,8.581,8.641,8.404,8.46,1121341.2
2025-10-29 16:00:00,8.461,8.739,8.242,8.667,3252524.8
2025-10-29 20:00:00,8.668,8.809,8.437,8.492,1101918.5
2025-10-30 00:00:00,8.493,8.637,8.429,8.527,749083.9
2025-10-30 04:00:00,8.526,8.526,8.145,8.411,2051187.8
2025-10-30 08:00:00,8.41,8.431,8.161,8.175,1073844.9
2025-10-30 12:00:00,8.176,8.198,7.742,7.785,3031275.5
2025-10-30 16:00:00,7.785,7.837,7.397,7.437,2737783.8
2025-10-30 20:00:00,7.436,7.647,7.419,7.637,1502883.7
2025-10-31 00:00:00,7.637,7.798,7.612,7.739,976331.1
2025-10-31 04:00:00,7.74,7.866,7.739,7.771,823234.1
2025-10-31 08:00:00,7.77,7.786,7.644,7.712,866666.5
2025-10-31 12:00:00,7.711,7.818,7.619,7.714,1431892.4
2025-10-31 16:00:00,7.713,7.735,7.382,7.697,2030013.4
2025-10-31 20:00:00,7.697,7.718,7.545,7.576,898184.2
2025-11-01 00:00:00,7.575,7.667,7.499,7.661,715211.3
2025-11-01 04:00:00,7.661,7.748,7.54,7.732,805217.5
2025-11-01 08:00:00,7.731,7.948,7.728,7.938,1165024.4
2025-11-01 12:00:00,7.939,7.961,7.706,7.782,1057425.8
2025-11-01 16:00:00,7.783,7.851,7.759,7.815,597978.2
2025-11-01 20:00:00,7.815,8.099,7.814,7.935,1478350.8
2025-11-02 00:00:00,7.935,7.95,7.832,7.843,497329.0
2025-11-02 04:00:00,7.843,8.124,7.833,8.095,729480.7
2025-11-02 08:00:00,8.096,8.12,7.903,8.036,858712.3
2025-11-02 12:00:00,8.036,8.037,7.58,7.618,1566644.7
2025-11-02 16:00:00,7.618,7.685,7.495,7.541,1130039.7
2025-11-02 20:00:00,7.541,7.867,7.513,7.831,870261.2
2025-11-03 00:00:00,7.832,7.864,7.254,7.271,1941938.9
2025-11-03 04:00:00,7.269,7.402,7.105,7.229,2467927.4
2025-11-03 08:00:00,7.229,7.352,7.128,7.26,1341128.2
2025-11-03 12:00:00,7.26,7.356,6.5,6.73,4508038.3
2025-11-03 16:00:00,6.731,7.097,6.686,6.828,2492634.9
2025-11-03 20:00:00,6.829,6.855,6.681,6.734,1588134.3
2025-11-04 00:00:00,6.735,6.975,6.69,6.947,1386359.6
2025-11-04 04:00:00,6.948,6.99,6.425,6.47,3340619.3
2025-11-04 08:00:00,6.469,6.82,6.443,6.723,1862212.6
2025-11-04 12:00:00,6.723,6.88,6.513,6.704,2611713.2
2025-11-04 16:00:00,6.702,6.774,6.27,6.353,5127000.3
2025-11-04 20:00:00,6.352,6.578,6.011,6.472,6658487.0
2025-11-05 00:00:00,6.471,6.649,6.079,6.616,3171721.4
2025-11-05 04:00:00,6.615,6.642,6.518,6.609,1292968.4
2025-11-05 08:00:00,6.608,6.66,6.464,6.649,1280487.6
2025-11-05 12:00:00,6.648,6.799,6.591,6.663,2196067.8
2025-11-05 16:00:00,6.664,6.74,6.575,6.661,1267111.7
2025-11-05 20:00:00,6.661,6.714,6.571,6.581,941880.1
2025-11-06 00:00:00,6.58,6.623,6.42,6.573,1287822.1
2025-11-06 04:00:00,6.574,6.653,6.346,6.364,1400830.9
2025-11-06 08:00:00,6.363,6.416,6.307,6.341,1093002.6
2025-11-06 12:00:00,6.341,6.51,6.183,6.213,2799344.1
2025-11-06 16:00:00,6.213,6.378,6.061,6.318,2223274.6
2025-11-06 20:00:00,6.319,6.385,6.242,6.327,955922.3
2025-11-07 00:00:00,6.327,6.587,6.322,6.538,1451743.1
2025-11-07 04:00:00,6.539,6.827,6.477,6.818,1605503.4
2025-11-07 08:00:00,6.818,6.818,6.512,6.608,1630023.5
2025-11-07 12:00:00,6.608,6.964,6.453,6.928,3427986.3
2025-11-07 16:00:00,6.928,7.772,6.887,7.643,4571001.5
2025-11-07 20:00:00,7.642,7.955,7.57,7.678,2066990.9
2025-11-08 00:00:00,7.68,8.924,7.677,8.079,9123193.2
2025-11-08 04:00:00,8.079,8.197,7.838,7.959,2635206.3
2025-11-08 08:00:00,7.959,8.098,7.694,7.771,1639155.9
2025-11-08 12:00:00,7.771,7.906,7.334,7.356,2722114.4
2025-11-08 16:00:00,7.356,7.505,7.274,7.392,1502692.3
2025-11-08 20:00:00,7.391,7.481,7.325,7.436,706889.9
2025-11-09 00:00:00,7.436,7.441,7.086,7.124,1328947.9
2025-11-09 04:00:00,7.123,7.307,7.089,7.298,919317.6
2025-11-09 08:00:00,7.297,7.297,7.07,7.239,1097131.0
2025-11-09 12:00:00,7.239,7.476,7.187,7.375,1920965.1
2025-11-09 16:00:00,7.376,7.58,7.296,7.574,1242765.5
2025-11-09 20:00:00,7.574,7.653,7.464,7.595,1007681.3
2025-11-10 00:00:00,7.596,7.971,7.505,7.827,1584447.2
2025-11-10 04:00:00,7.828,8.306,7.758,7.925,2553902.5
2025-11-10 08:00:00,7.926,7.98,7.77,7.886,1348766.4
2025-11-10 12:00:00,7.886,8.1,7.799,7.9,2056112.6
2025-11-10 16:00:00,7.901,8.256,7.787,8.134,2400422.5
2025-11-10 20:00:00,8.134,8.555,7.93,8.185,2159641.8
2025-11-11 00:00:00,8.186,8.317,7.937,8.115,1607722.9
2025-11-11 04:00:00,8.115,8.167,7.659,7.664,1327735.6
2025-11-11 08:00:00,7.664,7.819,7.649,7.714,984409.9
2025-11-11 12:00:00,7.715,7.812,7.622,7.709,1434851.1
2025-11-11 16:00:00,7.709,7.897,7.647,7.813,1682102.7
2025-11-11 20:00:00,7.813,7.835,7.486,7.546,1272513.9
2025-11-12 00:00:00,7.547,7.734,7.496,7.626,808441.9
2025-11-12 04:00:00,7.626,7.764,7.548,7.584,736270.7
2025-11-12 08:00:00,7.585,7.97,7.559,7.852,1047126.6
2025-11-12 12:00:00,7.852,7.969,7.507,7.557,1641626.2
2025-11-12 16:00:00,7.559,7.613,7.115,7.205,2195489.5
2025-11-12 20:00:00,7.206,7.374,7.167,7.227,702934.8
2025-11-13 00:00:00,7.225,7.497,7.154,7.434,1090164.6
2025-11-13 04:00:00,7.434,7.594,7.333,7.469,1131148.4
2025-11-13 08:00:00,7.469,7.556,7.378,7.446,940648.8
2025-11-13 12:00:00,7.446,7.745,7.381,7.468,2338657.4
2025-11-13 16:00:00,7.469,7.515,6.803,6.831,2623862.4
2025-11-13 20:00:00,6.831,7.029,6.717,6.937,1523734.7
2025-11-14 00:00:00,6.938,7.096,6.859,6.956,1338462.0
2025-11-14 04:00:00,6.956,7.208,6.654,7.089,2728871.3
2025-11-14 08:00:00,7.088,7.107,6.852,6.888,1225234.5
2025-11-14 12:00:00,6.889,7.217,6.768,7.116,2725763.6
2025-11-14 16:00:00,7.117,7.329,7.074,7.231,1773324.5
2025-11-14 20:00:00,7.231,7.273,6.537,6.671,2367311.1
2025-11-15 00:00:00,6.672,6.868,6.64,6.817,1350112.5
2025-11-15 04:00:00,6.817,6.978,6.786,6.829,795810.3
2025-11-15 08:00:00,6.828,6.832,6.646,6.699,862317.2
2025-11-15 12:00:00,6.699,6.886,6.681,6.82,849503.0
2025-11-15 16:00:00,6.82,6.936,6.746,6.823,847053.8
2025-11-15 20:00:00,6.823,6.825,6.667,6.746,629931.3
2025-11-16 00:00:00,6.746,6.867,6.562,6.83,884211.0
2025-11-16 04:00:00,6.83,6.883,6.756,6.882,474427.3
2025-11-16 08:00:00,6.881,6.934,6.704,6.746,904859.1
2025-11-16 12:00:00,6.746,6.791,6.484,6.511,1256016.4
2025-11-16 16:00:00,6.511,6.597,6.314,6.41,1950678.4
2025-11-16 20:00:00,6.411,6.554,6.282,6.486,1366547.3
2025-11-17 00:00:00,6.484,6.638,6.403,6.612,877033.9
2025-11-17 04:00:00,6.613,6.678,6.541,6.649,571865.0
2025-11-17 08:00:00,6.65,6.84,6.613,6.783,799287.3
2025-11-17 12:00:00,6.783,6.954,6.543,6.611,2472217.1
2025-11-17 16:00:00,6.61,6.712,6.214,6.257,2479445.9
2025-11-17 20:00:00,6.257,6.321,6.136,6.234,1507269.8
2025-11-18 00:00:00,6.235,6.548,6.123,6.494,1753952.3
2025-11-18 04:00:00,6.494,6.532,6.303,6.363,1213430.4
2025-11-18 08:00:00,6.362,6.468,6.343,6.399,1166277.7
2025-11-18 12:00:00,6.399,6.656,6.349,6.596,1759924.1
2025-11-18 16:00:00,6.596,6.807,6.561,6.793,1437218.8
2025-11-18 20:00:00,6.794,6.799,6.586,6.601,1049234.5
2025-11-19 00:00:00,6.601,6.82,6.508,6.594,2354906.1
2025-11-19 04:00:00,6.594,6.618,6.341,6.602,1441468.8
2025-11-19 08:00:00,6.602,6.986,6.531,6.816,2233935.2
2025-11-19 12:00:00,6.817,6.949,6.445,6.457,2924491.4
2025-11-19 16:00:00,6.456,6.527,6.103,6.196,2908228.4
2025-11-19 20:00:00,6.197,6.549,6.162,6.51,1874956.5
2025-11-20 00:00:00,6.51,6.59,6.435,6.555,1025532.8
2025-11-20 04:00:00,6.554,6.69,6.547,6.664,880073.9
2025-11-20 08:00:00,6.665,6.681,6.553,6.633,962520.2
2025-11-20 12:00:00,6.633,6.771,6.535,6.55,1978822.9
2025-11-20 16:00:00,6.549,6.574,5.982,6.108,3805642.1
2025-11-20 20:00:00,6.107,6.237,5.907,5.946,1867989.6
2025-11-21 00:00:00,5.945,6.127,5.872,5.941,1734447.4
2025-11-21 04:00:00,5.94,5.954,5.2,5.539,3860067.2
2025-11-21 08:00:00,5.54,5.633,5.292,5.329,3605432.7
2025-11-21 12:00:00,5.33,5.637,5.195,5.515,5119702.5
2025-11-21 16:00:00,5.513,5.71,5.382,5.508,3267845.8
2025-11-21 20:00:00,5.508,5.509,5.216,5.439,2314475.0
2025-11-22 00:00:00,5.439,5.493,5.353,5.365,1243712.9
2025-11-22 04:00:00,5.365,5.365,5.183,5.311,1819432.6
2025-11-22 08:00:00,5.311,5.388,5.188,5.368,1684376.9
2025-11-22 12:00:00,5.369,5.48,5.277,5.401,1507691.4
2025-11-22 16:00:00,5.401,5.542,5.363,5.381,1255484.9
2025-11-22 20:00:00,5.381,5.48,5.324,5.395,982645.5
2025-11-23 00:00:00,5.394,5.505,5.362,5.46,842162.8
2025-11-23 04:00:00,5.461,5.532,5.363,5.415,896013.0
2025-11-23 08:00:00,5.416,5.464,5.36,5.433,738132.0
2025-11-23 12:00:00,5.433,5.527,5.373,5.488,1271655.9
2025-11-23 16:00:00,5.489,5.52,5.364,5.436,1111231.1
2025-11-23 20:00:00,5.436,5.483,5.334,5.349,859268.8
2025-11-24 00:00:00,5.349,5.536,5.284,5.479,1490996.6
2025-11-24 04:00:00,5.479,5.577,5.364,5.449,1690621.4
2025-11-24 08:00:00,5.449,5.559,5.393,5.496,1647632.8
2025-11-24 12:00:00,5.495,5.651,5.393,5.576,2586209.3
2025-11-24 16:00:00,5.575,5.838,5.57,5.799,1984160.2
2025-11-24 20:00:00,5.799,5.92,5.738,5.757,1256595.1
2025-11-25 00:00:00,5.758,5.78,5.644,5.698,880986.0
2025-11-25 04:00:00,5.698,5.789,5.645,5.657,963214.7
2025-11-25 08:00:00,5.656,5.718,5.611,5.665,792062.1
2025-11-25 12:00:00,5.666,5.745,5.557,5.681,1722581.6
2025-11-25 16:00:00,5.681,5.928,5.664,5.829,1638260.1
2025-11-25 20:00:00,5.83,6.066,5.83,5.953,1263996.3
2025-11-26 00:00:00,5.953,5.972,5.847,5.858,770640.0
2025-11-26 04:00:00,5.857,5.957,5.835,5.955,518675.7
2025-11-26 08:00:00,5.954,5.958,5.792,5.814,806058.8
2025-11-26 12:00:00,5.814,5.884,5.724,5.779,1085867.0
2025-11-26 16:00:00,5.778,6.08,5.776,6.022,1376550.2
2025-11-26 20:00:00,6.021,6.06,5.964,6.024,654441.8
2025-11-27 00:00:00,6.024,6.073,5.908,5.939,901537.5
2025-11-27 04:00:00,5.938,6.038,5.937,6.005,774365.7
2025-11-27 08:00:00,6.004,6.092,5.961,6.066,869432.3
2025-11-27 12:00:00,6.067,6.09,5.932,6.038,1164969.2
2025-11-27 16:00:00,6.038,6.3,6.01,6.239,1770346.1
2025-11-27 20:00:00,6.238,6.298,6.144,6.167,1118988.8
2025-11-28 00:00:00,6.168,6.186,6.043,6.107,1227453.4
2025-11-28 04:00:00,6.106,6.146,6.034,6.105,907018.8
2025-11-28 08:00:00,6.105,6.312,6.103,6.155,1685322.5
2025-11-28 12:00:00,6.155,6.342,6.123,6.287,1579310.1
2025-11-28 16:00:00,6.288,6.288,5.938,6.096,2284612.1
2025-11-28 20:00:00,6.096,6.096,5.971,5.975,772778.8
2025-11-29 00:00:00,5.976,6.051,5.945,5.977,542757.4
2025-11-29 04:00:00,5.977,6.017,5.91,5.989,688704.5
2025-11-29 08:00:00,5.989,6.092,5.956,6.071,1176220.8
2025-11-29 12:00:00,6.072,6.075,5.93,5.977,680220.4
2025-11-29 16:00:00,5.977,5.981,5.871,5.909,865458.4
2025-11-29 20:00:00,5.91,5.958,5.885,5.94,627543.3
2025-11-30 00:00:00,5.94,5.99,5.856,5.936,522834.2
2025-11-30 04:00:00,5.938,5.958,5.847,5.905,701552.9
2025-11-30 08:00:00,5.904,5.935,5.844,5.851,576452.5
2025-11-30 12:00:00,5.852,5.989,5.824,5.857,767731.3
2025-11-30 16:00:00,5.858,5.957,5.857,5.87,632812.8
2025-11-30 20:00:00,5.87,5.915,5.712,5.726,809903.0
2025-12-01 00:00:00,5.727,5.744,5.229,5.233,3648752.4
2025-12-01 04:00:00,5.232,5.244,5.167,5.234,1020006.2
2025-12-01 08:00:00,5.234,5.279,5.14,5.159,1020551.9
2025-12-01 12:00:00,5.16,5.234,5.025,5.118,2328219.8
2025-12-01 16:00:00,5.119,5.12,5.02,5.108,1443192.6
2025-12-01 20:00:00,5.107,5.269,5.107,5.209,1063877.1
2025-12-02 00:00:00,5.21,5.298,5.164,5.228,898921.4
2025-12-02 04:00:00,5.226,5.313,5.223,5.305,813587.5
2025-12-02 08:00:00,5.304,5.305,5.199,5.286,1060932.0
2025-12-02 12:00:00,5.287,5.838,5.266,5.826,2803185.9
2025-12-02 16:00:00,5.826,5.894,5.73,5.8,2540722.4
2025-12-02 20:00:00,5.799,5.898,5.709,5.828,1182763.1
2025-12-03 00:00:00,5.828,5.9,5.809,5.841,992539.7
2025-12-03 04:00:00,5.84,5.943,5.829,5.861,1194905.1
2025-12-03 08:00:00,5.862,5.931,5.831,5.869,691397.4
2025-12-03 12:00:00,5.869,5.93,5.703,5.884,1820751.0
2025-12-03 16:00:00,5.884,6.008,5.825,5.949,1149949.7
2025-12-03 20:00:00,5.949,6.079,5.925,5.996,991114.0
2025-12-04 00:00:00,5.997,6.072,5.95,5.982,922274.4
2025-12-04 04:00:00,5.983,6.057,5.948,6.02,763047.1
2025-12-04 08:00:00,6.019,6.096,5.977,6.002,782526.2
2025-12-04 12:00:00,6.002,6.042,5.89,6.026,1457953.9
2025-12-04 16:00:00,6.025,6.037,5.731,5.874,1682014.0
2025-12-04 20:00:00,5.873,5.892,5.772,5.78,794990.9
2025-12-05 00:00:00,5.779,5.869,5.768,5.791,648689.7
2025-12-05 04:00:00,5.79,5.837,5.736,5.817,644147.8
2025-12-05 08:00:00,5.816,5.816,5.662,5.689,1044947.1
2025-12-05 12:00:00,5.689,5.784,5.624,5.668,1726432.4
2025-12-05 16:00:00,5.668,5.672,5.349,5.442,2270823.5
2025-12-05 20:00:00,5.442,5.532,5.435,5.495,1197079.9
2025-12-06 00:00:00,5.494,5.552,5.464,5.527,441383.2
2025-12-06 04:00:00,5.527,5.528,5.442,5.469,304305.7
2025-12-06 08:00:00,5.469,5.479,5.418,5.443,524738.1
2025-12-06 12:00:00,5.442,5.523,5.419,5.484,704450.5
2025-12-06 16:00:00,5.484,5.629,5.482,5.526,941612.3
2025-12-06 20:00:00,5.527,5.61,5.492,5.533,627433.5
2025-12-07 00:00:00,5.533,5.578,5.52,5.551,425316.5
2025-12-07 04:00:00,5.55,5.578,5.502,5.524,433786.8
2025-12-07 08:00:00,5.525,5.55,5.449,5.453,701758.7
2025-12-07 12:00:00,5.454,5.482,5.266,5.459,2004957.8
2025-12-07 16:00:00,5.459,5.661,5.383,5.63,1632945.3
2025-12-07 20:00:00,5.63,5.66,5.351,5.426,1354862.4
2025-12-08 00:00:00,5.427,5.597,5.4,5.562,981168.2
2025-12-08 04:00:00,5.562,5.745,5.562,5.723,1003214.1
2025-12-08 08:00:00,5.723,5.86,5.698,5.717,1052453.0
2025-12-08 12:00:00,5.718,5.797,5.616,5.653,1850870.4
2025-12-08 16:00:00,5.654,5.72,5.577,5.618,1306561.4
2025-12-08 20:00:00,5.619,5.71,5.6,5.624,850557.1
2025-12-09 00:00:00,5.625,5.649,5.489,5.574,888427.0
2025-12-09 04:00:00,5.574,5.592,5.49,5.576,761220.9
2025-12-09 08:00:00,5.576,5.589,5.507,5.57,762765.7
2025-12-09 12:00:00,5.57,5.879,5.56,5.871,2175442.1
2025-12-09 16:00:00,5.87,6.185,5.87,5.958,3135250.8
2025-12-09 20:00:00,5.957,5.959,5.74,5.822,1212626.6
2025-12-10 00:00:00,5.823,5.846,5.721,5.746,764465.5
2025-12-10 04:00:00,5.747,5.764,5.634,5.665,909172.2
2025-12-10 08:00:00,5.665,5.703,5.559,5.591,1399327.9
2025-12-10 12:00:00,5.592,5.69,5.569,5.645,1169140.8
2025-12-10 16:00:00,5.644,5.937,5.628,5.925,2906777.8
2025-12-10 20:00:00,5.926,6.101,5.628,5.64,2908960.5
2025-12-11 00:00:00,5.64,5.647,5.322,5.324,1762083.7
2025-12-11 04:00:00,5.324,5.467,5.294,5.395,1251866.5
2025-12-11 08:00:00,5.395,5.408,5.348,5.38,1033389.6
2025-12-11 12:00:00,5.381,5.51,5.369,5.401,1753613.7
2025-12-11 16:00:00,5.401,5.545,5.34,5.478,1798550.5
2025-12-11 20:00:00,5.478,5.687,5.471,5.548,1974731.7
2025-12-12 00:00:00,5.547,5.637,5.474,5.574,999839.6
2025-12-12 04:00:00,5.573,5.701,5.536,5.625,885258.4
2025-12-12 08:00:00,5.626,5.796,5.612,5.665,1142347.2
2025-12-12 12:00:00,5.665,5.688,5.227,5.273,2319714.1
2025-12-12 16:00:00,5.272,5.327,5.154,5.256,2359803.3
2025-12-12 20:00:00,5.256,5.381,5.244,5.336,843265.8
2025-12-13 00:00:00,5.336,5.434,5.307,5.419,699053.8
2025-12-13 04:00:00,5.419,5.432,5.351,5.388,589333.7
2025-12-13 08:00:00,5.387,5.435,5.362,5.386,650775.4
2025-12-13 12:00:00,5.385,5.415,5.327,5.364,711185.8
2025-12-13 16:00:00,5.363,5.393,5.354,5.37,666043.0
2025-12-13 20:00:00,5.37,5.39,5.33,5.384,625181.0
2025-12-14 00:00:00,5.383,5.412,5.34,5.36,496490.9
2025-12-14 04:00:00,5.36,5.365,5.281,5.325,614717.5
2025-12-14 08:00:00,5.325,5.349,5.179,5.234,1113820.6
2025-12-14 12:00:00,5.235,5.274,5.184,5.196,821926.2
2025-12-14 16:00:00,5.195,5.242,5.13,5.154,1047982.6
2025-12-14 20:00:00,5.153,5.193,5.077,5.158,984258.9
2025-12-15 00:00:00,5.157,5.353,5.156,5.257,1294059.1
2025-12-15 04:00:00,5.258,5.379,5.258,5.281,864625.7
2025-12-15 08:00:00,5.281,5.33,5.256,5.272,700988.7
2025-12-15 12:00:00,5.271,5.299,4.946,4.969,3445495.4
2025-12-15 16:00:00,4.97,4.973,4.796,4.896,3160992.9
2025-12-15 20:00:00,4.896,4.967,4.832,4.958,1168293.4
2025-12-16 00:00:00,4.957,4.981,4.876,4.936,851654.8
2025-12-16 04:00:00,4.937,4.952,4.836,4.87,719554.1
2025-12-16 08:00:00,4.869,5.011,4.866,4.999,1130743.0
2025-12-16 12:00:00,4.999,5.04,4.874,4.999,2803718.1
2025-12-16 16:00:00,4.998,5.03,4.922,4.97,1373022.7
2025-12-16 20:00:00,4.969,4.992,4.893,4.914,650198.4
2025-12-17 00:00:00,4.913,4.963,4.871,4.885,890207.9
2025-12-17 04:00:00,4.885,4.89,4.82,4.851,1071780.0
2025-12-17 08:00:00,4.851,4.852,4.779,4.844,1184862.7
2025-12-17 12:00:00,4.845,5.093,4.801,4.813,4194010.7
2025-12-17 16:00:00,4.812,4.855,4.579,4.654,3847114.5
2025-12-17 20:00:00,4.654,4.711,4.588,4.627,978509.1
2025-12-18 00:00:00,4.628,4.653,4.57,4.597,992890.5
2025-12-18 04:00:00,4.597,4.622,4.523,4.571,1257147.8
2025-12-18 08:00:00,4.572,4.623,4.558,4.582,930129.2
2025-12-18 12:00:00,4.583,4.881,4.573,4.816,3797518.1
2025-12-18 16:00:00,4.816,4.82,4.344,4.363,5182956.9
2025-12-18 20:00:00,4.362,4.496,4.355,4.432,1718012.3
2025-12-19 00:00:00,4.433,4.616,4.361,4.572,2022838.0
2025-12-19 04:00:00,4.572,4.704,4.543,4.661,1557437.8
2025-12-19 08:00:00,4.661,4.696,4.635,4.691,867743.1
2025-12-19 12:00:00,4.692,4.863,4.673,4.769,2402642.5
2025-12-19 16:00:00,4.768,4.901,4.716,4.88,1996599.7
2025-12-19 20:00:00,4.88,4.921,4.825,4.83,911366.7
2025-12-20 00:00:00,4.83,4.832,4.778,4.8,477885.1
2025-12-20 04:00:00,4.801,4.838,4.761,4.835,520316.4
2025-12-20 08:00:00,4.836,4.874,4.786,4.829,674605.5
2025-12-20 12:00:00,4.829,4.829,4.767,4.795,727592.7
2025-12-20 16:00:00,4.795,4.807,4.771,4.774,565629.6
2025-12-20 20:00:00,4.774,4.782,4.743,4.759,597734.4
2025-12-21 00:00:00,4.759,4.768,4.693,4.725,604082.7
2025-12-21 04:00:00,4.726,4.744,4.698,4.702,453850.3
2025-12-21 08:00:00,4.703,4.751,4.668,4.672,1352443.8
2025-12-21 12:00:00,4.672,4.692,4.5,4.515,1786920.1
2025-12-21 16:00:00,4.515,4.605,4.508,4.584,904630.6
2025-12-21 20:00:00,4.584,4.609,4.501,4.554,680800.4
2025-12-22 00:00:00,4.555,4.692,4.524,4.624,1663488.2
2025-12-22 04:00:00,4.624,4.655,4.606,4.62,641742.6
2025-12-22 08:00:00,4.62,4.701,4.608,4.683,1037891.3
2025-12-22 12:00:00,4.684,4.748,4.631,4.698,1747137.8
2025-12-22 16:00:00,4.698,4.755,4.568,4.581,1365406.5
2025-12-22 20:00:00,4.58,4.683,4.551,4.66,1073228.3
2025-12-23 00:00:00,4.661,4.702,4.589,4.622,722533.2
2025-12-23 04:00:00,4.621,4.652,4.555,4.577,937735.6
2025-12-23 08:00:00,4.577,4.616,4.554,4.591,699879.6
2025-12-23 12:00:00,4.591,4.604,4.478,4.547,2456053.3
2025-12-23 16:00:00,4.547,4.642,4.521,4.605,1698753.6
2025-12-23 20:00:00,4.605,4.672,4.566,4.603,759514.9
2025-12-24 00:00:00,4.603,4.629,4.486,4.547,838527.0
2025-12-24 04:00:00,4.547,4.58,4.462,4.473,847665.4
2025-12-24 08:00:00,4.474,4.49,4.441,4.45,1043899.9
2025-12-24 12:00:00,4.451,4.542,4.42,4.53,1477917.1
2025-12-24 16:00:00,4.531,4.573,4.478,4.518,1170840.5
2025-12-24 20:00:00,4.518,4.613,4.518,4.576,661689.7
2025-12-25 00:00:00,4.577,4.628,4.539,4.625,477821.0
2025-12-25 04:00:00,4.625,4.641,4.602,4.634,406056.8
2025-12-25 08:00:00,4.634,4.659,4.55,4.583,792372.3
2025-12-25 12:00:00,4.583,4.67,4.574,4.639,966296.1
2025-12-25 16:00:00,4.639,4.675,4.594,4.652,627857.1
2025-12-25 20:00:00,4.651,4.667,4.427,4.441,1068349.4
2025-12-26 00:00:00,4.44,4.679,4.414,4.646,1669344.0
2025-12-26 04:00:00,4.646,4.705,4.604,4.626,947135.3
2025-12-26 08:00:00,4.626,4.675,4.614,4.671,560594.8
2025-12-26 12:00:00,4.671,4.71,4.534,4.563,1439303.4
2025-12-26 16:00:00,4.564,4.664,4.525,4.649,758390.4
2025-12-26 20:00:00,4.65,4.674,4.596,4.631,513064.8
2025-12-27 00:00:00,4.631,4.707,4.611,4.689,845225.9
2025-12-27 04:00:00,4.69,4.693,4.615,4.643,570593.7
2025-12-27 08:00:00,4.642,4.672,4.573,4.666,729492.7
2025-12-27 12:00:00,4.667,4.709,4.632,4.7,606149.6
2025-12-27 16:00:00,4.7,4.722,4.676,4.721,453697.8
2025-12-27 20:00:00,4.72,4.877,4.708,4.848,1228315.0
2025-12-28 00:00:00,4.847,4.866,4.787,4.834,502160.5
2025-12-28 04:00:00,4.834,4.85,4.802,4.829,337394.2
2025-12-28 08:00:00,4.83,4.862,4.792,4.807,407911.8
2025-12-28 12:00:00,4.807,4.821,4.768,4.783,410194.4
2025-12-28 16:00:00,4.784,4.821,4.707,4.716,626019.2
2025-12-28 20:00:00,4.716,4.763,4.704,4.757,397535.1
2025-12-29 00:00:00,4.756,4.888,4.748,4.882,1262804.1
2025-12-29 04:00:00,4.881,4.894,4.775,4.815,866040.7
2025-12-29 08:00:00,4.815,4.831,4.684,4.707,883089.4
2025-12-29 12:00:00,4.706,4.712,4.595,4.65,1934623.7
2025-12-29 16:00:00,4.65,4.652,4.574,4.595,955834.4
2025-12-29 20:00:00,4.596,4.61,4.534,4.553,733386.1
2025-12-30 00:00:00,4.553,4.582,4.51,4.554,674367.6
2025-12-30 04:00:00,4.554,4.592,4.515,4.573,535576.2
2025-12-30 08:00:00,4.572,4.645,4.57,4.607,915397.4
2025-12-30 12:00:00,4.607,4.619,4.529,4.597,1078356.6
2025-12-30 16:00:00,4.598,4.612,4.486,4.534,1115385.9
2025-12-30 20:00:00,4.533,4.533,4.482,4.484,872687.9
2025-12-31 00:00:00,4.485,4.523,4.456,4.474,730988.3
2025-12-31 04:00:00,4.474,4.483,4.441,4.477,638142.7
2025-12-31 08:00:00,4.478,4.492,4.392,4.418,1043104.7
2025-12-31 12:00:00,4.418,4.443,4.371,4.379,1317192.8
2025-12-31 16:00:00,4.38,4.397,4.219,4.231,1846317.3
2025-12-31 20:00:00,4.231,4.28,4.182,4.186,1288462.3
2026-01-01 00:00:00,4.186,4.231,4.181,4.198,750614.7
2026-01-01 04:00:00,4.197,4.233,4.159,4.195,723301.6
2026-01-01 08:00:00,4.194,4.262,4.189,4.256,833073.7
2026-01-01 12:00:00,4.255,4.401,4.24,4.368,1286406.1
2026-01-01 16:00:00,4.368,4.507,4.365,4.507,1578874.9
2026-01-01 20:00:00,4.507,4.594,4.458,4.534,944660.4
2026-01-02 00:00:00,4.534,4.644,4.505,4.621,1118430.1
2026-01-02 04:00:00,4.622,4.643,4.501,4.514,860071.8
2026-01-02 08:00:00,4.514,4.632,4.488,4.558,1263620.0
2026-01-02 12:00:00,4.558,4.682,4.539,4.638,2225307.0
2026-01-02 16:00:00,4.638,4.891,4.626,4.883,2336403.9
2026-01-02 20:00:00,4.884,4.959,4.835,4.915,1230962.6
2026-01-03 00:00:00,4.914,4.986,4.885,4.973,800753.2
2026-01-03 04:00:00,4.973,4.99,4.789,4.809,1128608.0
2026-01-03 08:00:00,4.808,4.888,4.781,4.833,1193770.6
2026-01-03 12:00:00,4.832,4.918,4.807,4.829,1159879.1
2026-01-03 16:00:00,4.83,4.909,4.827,4.88,547099.1
2026-01-03 20:00:00,4.88,4.945,4.841,4.909,676251.7
2026-01-04 00:00:00,4.91,5.034,4.902,5.003,1068821.6
2026-01-04 04:00:00,5.002,5.07,4.945,5.002,1163565.7
2026-01-04 08:00:00,5.002,5.086,4.944,5.076,921499.0
2026-01-04 12:00:00,5.075,5.175,5.044,5.152,1231609.4
2026-01-04 16:00:00,5.152,5.225,5.054,5.124,1188613.1
2026-01-04 20:00:00,5.124,5.234,5.109,5.18,708604.6
2026-01-05 00:00:00,5.179,5.298,5.157,5.217,1271799.0
2026-01-05 04:00:00,5.217,5.231,5.093,5.197,1060939.3
2026-01-05 08:00:00,5.196,5.228,5.075,5.102,1019668.7
2026-01-05 12:00:00,5.103,5.252,5.074,5.238,1968779.5
2026-01-05 16:00:00,5.237,5.372,5.13,5.318,2229134.4
2026-01-05 20:00:00,5.318,5.49,5.309,5.386,1558928.2
2026-01-06 00:00:00,5.386,5.461,5.314,5.411,956509.5
2026-01-06 04:00:00,5.41,5.462,5.305,5.322,1061628.4
2026-01-06 08:00:00,5.323,5.543,5.323,5.539,1168209.8
2026-01-06 12:00:00,5.539,5.916,5.539,5.653,4249075.2
2026-01-06 16:00:00,5.652,5.669,5.313,5.41,3441579.2
2026-01-06 20:00:00,5.411,5.693,5.41,5.593,2021181.6
2026-01-07 00:00:00,5.593,5.594,5.406,5.462,1069495.2
2026-01-07 04:00:00,5.462,5.563,5.425,5.563,797607.2
2026-01-07 08:00:00,5.563,5.594,5.406,5.434,1491343.7
2026-01-07 12:00:00,5.434,5.438,5.192,5.251,2552887.5
2026-01-07 16:00:00,5.251,5.327,5.216,5.291,1170108.5
2026-01-07 20:00:00,5.29,5.304,5.207,5.259,817193.9
2026-01-08 00:00:00,5.26,5.287,5.178,5.2,783061.9
2026-01-08 04:00:00,5.199,5.278,5.106,5.228,1167542.0
2026-01-08 08:00:00,5.228,5.266,5.062,5.084,1349377.0
2026-01-08 12:00:00,5.085,5.272,5.0,5.253,1894488.5
2026-01-08 16:00:00,5.254,5.274,5.15,5.166,1306752.9
2026-01-08 20:00:00,5.164,5.253,5.111,5.189,679467.5
2026-01-09 00:00:00,5.19,5.244,5.137,5.215,701226.1
2026-01-09 04:00:00,5.214,5.268,5.171,5.223,461607.6
2026-01-09 08:00:00,5.224,5.24,5.1,5.167,1030421.8
2026-01-09 12:00:00,5.167,5.359,5.118,5.274,1774141.6
2026-01-09 16:00:00,5.274,5.397,5.131,5.155,1590312.4
2026-01-09 20:00:00,5.154,5.238,5.147,5.192,648759.4
2026-01-10 00:00:00,5.191,5.193,5.111,5.154,473396.7
2026-01-10 04:00:00,5.154,5.177,5.087,5.155,396887.6
2026-01-10 08:00:00,5.155,5.303,5.153,5.291,583547.3
2026-01-10 12:00:00,5.291,5.374,5.265,5.278,804847.2
2026-01-10 16:00:00,5.278,5.29,5.209,5.286,582186.4
2026-01-10 20:00:00,5.287,5.289,5.163,5.194,445665.7
2026-01-11 00:00:00,5.194,5.237,5.182,5.218,489066.8
2026-01-11 04:00:00,5.218,5.228,5.181,5.225,362932.6
2026-01-11 08:00:00,5.226,5.282,5.209,5.274,474906.5
2026-01-11 12:00:00,5.275,5.317,5.185,5.206,910439.4
2026-01-11 16:00:00,5.207,5.311,5.205,5.241,805740.1
2026-01-11 20:00:00,5.24,5.241,5.077,5.181,1062110.3
2026-01-12 00:00:00,5.181,5.35,5.091,5.246,1678103.4
2026-01-12 04:00:00,5.246,5.328,5.128,5.133,1041075.1
2026-01-12 08:00:00,5.132,5.171,5.039,5.089,1054159.3
2026-01-12 12:00:00,5.09,5.181,4.988,5.158,1404606.8
2026-01-12 16:00:00,5.157,5.195,5.031,5.074,1354497.8
2026-01-12 20:00:00,5.075,5.114,4.978,5.021,930757.1
2026-01-13 00:00:00,5.021,5.101,5.011,5.097,607726.5
2026-01-13 04:00:00,5.098,5.231,5.095,5.171,1358062.7
2026-01-13 08:00:00,5.17,5.296,5.128,5.275,931083.6
2026-01-13 12:00:00,5.276,5.494,5.255,5.478,2089550.2
2026-01-13 16:00:00,5.477,5.571,5.442,5.497,1822854.7
2026-01-13 20:00:00,5.498,5.795,5.436,5.644,2212962.1
2026-01-14 00:00:00,5.644,5.69,5.62,5.654,930731.7
2026-01-14 04:00:00,5.654,5.669,5.558,5.637,928924.3
2026-01-14 08:00:00,5.637,5.674,5.542,5.566,785442.7
2026-01-14 12:00:00,5.565,5.706,5.507,5.678,1378265.5
2026-01-14 16:00:00,5.679,5.724,5.49,5.563,1316635.9
2026-01-14 20:00:00,5.564,5.624,5.487,5.524,676151.1
2026-01-15 00:00:00,5.525,5.535,5.29,5.298,1149889.2
2026-01-15 04:00:00,5.299,5.387,5.279,5.37,904411.6
2026-01-15 08:00:00,5.369,5.399,5.321,5.33,692734.5
2026-01-15 12:00:00,5.33,5.415,5.145,5.237,1500850.3
2026-01-15 16:00:00,5.236,5.274,5.105,5.162,1355791.5
2026-01-15 20:00:00,5.162,5.183,5.087,5.162,557812.2
2026-01-16 00:00:00,5.162,5.201,5.136,5.172,520581.8
2026-01-16 04:00:00,5.172,5.23,5.118,5.2,573117.7
2026-01-16 08:00:00,5.2,5.223,5.157,5.19,437756.7
2026-01-16 12:00:00,5.19,5.222,5.025,5.055,994400.5
2026-01-16 16:00:00,5.055,5.198,5.042,5.152,1307866.6
2026-01-16 20:00:00,5.152,5.354,5.128,5.284,1152347.2
2026-01-17 00:00:00,5.286,5.365,5.285,5.344,617856.3
2026-01-17 04:00:00,5.343,5.448,5.328,5.429,712723.8
2026-01-17 08:00:00,5.428,5.513,5.344,5.352,878116.9
2026-01-17 12:00:00,5.351,5.486,5.345,5.448,995974.6
2026-01-17 16:00:00,5.448,5.454,5.369,5.396,584622.4
2026-01-17 20:00:00,5.396,5.402,5.285,5.314,481774.5
2026-01-18 00:00:00,5.314,5.353,5.226,5.233,788959.9
2026-01-18 04:00:00,5.233,5.249,5.179,5.21,405905.9
2026-01-18 08:00:00,5.21,5.232,5.188,5.196,614525.3
2026-01-18 12:00:00,5.196,5.223,5.142,5.203,715211.3
2026-01-18 16:00:00,5.202,5.27,5.166,5.191,702597.6
2026-01-18 20:00:00,5.191,5.246,4.9,4.908,1377873.0
2026-01-19 00:00:00,4.908,4.909,4.406,4.732,3586459.3
2026-01-19 04:00:00,4.732,4.734,4.634,4.672,962777.7
2026-01-19 08:00:00,4.672,4.714,4.635,4.639,815724.5
2026-01-19 12:00:00,4.639,4.696,4.619,4.678,678441.9
2026-01-19 16:00:00,4.677,4.887,4.67,4.838,916811.2
2026-01-19 20:00:00,4.838,4.896,4.735,4.837,1279081.9
2026-01-20 00:00:00,4.837,4.856,4.763,4.796,800431.5
2026-01-20 04:00:00,4.796,4.833,4.7,4.7,914688.9
2026-01-20 08:00:00,4.7,4.726,4.626,4.629,1143188.3
2026-01-20 12:00:00,4.628,4.705,4.592,4.627,1524740.7
2026-01-20 16:00:00,4.626,4.647,4.496,4.546,1286204.9
2026-01-20 20:00:00,4.546,4.584,4.451,4.49,734790.4
2026-01-21 00:00:00,4.49,4.657,4.483,4.612,851253.9
2026-01-21 04:00:00,4.612,4.654,4.596,4.626,444235.7
2026-01-21 08:00:00,4.627,4.683,4.58,4.613,1141185.6
2026-01-21 12:00:00,4.613,4.809,4.536,4.743,2469206.5
2026-01-21 16:00:00,4.743,4.764,4.475,4.761,2377989.2
2026-01-21 20:00:00,4.76,4.769,4.612,4.636,802817.0
2026-01-22 00:00:00,4.637,4.725,4.637,4.678,536230.4
2026-01-22 04:00:00,4.678,4.706,4.619,4.641,438755.9
2026-01-22 08:00:00,4.641,4.686,4.615,4.616,495390.1
2026-01-22 12:00:00,4.616,4.648,4.497,4.565,1241812.1
2026-01-22 16:00:00,4.566,4.639,4.563,4.596,691050.7
2026-01-22 20:00:00,4.596,4.607,4.545,4.592,369624.2
2026-01-23 00:00:00,4.591,4.657,4.581,4.642,299758.2
2026-01-23 04:00:00,4.642,4.683,4.603,4.614,430068.8
2026-01-23 08:00:00,4.614,4.627,4.558,4.612,506784.9
2026-01-23 12:00:00,4.612,4.629,4.47,4.598,1137337.0
2026-01-23 16:00:00,4.598,4.706,4.549,4.578,1322944.6
2026-01-23 20:00:00,4.578,4.608,4.522,4.58,616601.0
2026-01-24 00:00:00,4.579,4.609,4.533,4.591,335503.1
2026-01-24 04:00:00,4.592,4.604,4.563,4.566,210023.9
2026-01-24 08:00:00,4.566,4.578,4.542,4.568,325174.9
2026-01-24 12:00:00,4.569,4.596,4.538,4.545,517281.7
2026-01-24 16:00:00,4.544,4.562,4.509,4.515,445211.6
2026-01-24 20:00:00,4.515,4.554,4.515,4.537,256495.3
2026-01-25 00:00:00,4.536,4.566,4.486,4.495,494919.2
2026-01-25 04:00:00,4.494,4.52,4.463,4.482,363426.1
2026-01-25 08:00:00,4.481,4.527,4.439,4.497,565307.7
2026-01-25 12:00:00,4.496,4.496,4.415,4.443,673685.8
2026-01-25 16:00:00,4.442,4.442,4.166,4.203,2259964.6
2026-01-25 20:00:00,4.203,4.293,4.195,4.285,948252.7
2026-01-26 00:00:00,4.286,4.404,4.27,4.343,721465.9
2026-01-26 04:00:00,4.343,4.441,4.343,4.421,475729.6
2026-01-26 08:00:00,4.421,4.467,4.363,4.388,545100.3
2026-01-26 12:00:00,4.388,4.515,4.379,4.442,1153886.0
2026-01-26 16:00:00,4.442,4.483,4.393,4.432,724339.4
2026-01-26 20:00:00,4.432,4.484,4.4,4.435,366943.4
2026-01-27 00:00:00,4.435,4.475,4.419,4.447,453330.0
2026-01-27 04:00:00,4.446,4.486,4.407,4.428,617452.3
2026-01-27 08:00:00,4.427,4.436,4.372,4.374,573545.9
2026-01-27 12:00:00,4.374,4.414,4.342,4.411,706411.0
2026-01-27 16:00:00,4.411,4.484,4.34,4.436,1026076.9
2026-01-27 20:00:00,4.435,4.512,4.433,4.484,727368.5
2026-01-28 00:00:00,4.485,4.495,4.438,4.448,395358.7
2026-01-28 04:00:00,4.447,4.489,4.423,4.463,458249.6
2026-01-28 08:00:00,4.463,4.53,4.417,4.523,716895.7
2026-01-28 12:00:00,4.523,4.528,4.425,4.438,821817.7
2026-01-28 16:00:00,4.439,4.482,4.393,4.458,779055.0
2026-01-28 20:00:00,4.457,4.542,4.407,4.494,861487.7
2026-01-29 00:00:00,4.495,4.509,4.333,4.345,911050.8
2026-01-29 04:00:00,4.346,4.381,4.31,4.358,584628.8
2026-01-29 08:00:00,4.358,4.368,4.262,4.269,742739.4
2026-01-29 12:00:00,4.269,4.282,4.01,4.086,2499386.2
2026-01-29 16:00:00,4.085,4.19,3.988,4.063,1939280.6
2026-01-29 20:00:00,4.064,4.123,4.05,4.074,1076550.0
2026-01-30 00:00:00,4.075,4.107,3.876,3.986,2060242.4
2026-01-30 04:00:00,3.986,4.05,3.958,4.0,1031305.2
2026-01-30 08:00:00,4.0,4.071,3.972,4.057,828291.4
2026-01-30 12:00:00,4.057,4.062,3.934,3.993,1613920.4
2026-01-30 16:00:00,3.992,4.086,3.904,4.052,1964572.7
2026-01-30 20:00:00,4.053,4.053,3.961,3.996,1016147.6
2026-01-31 00:00:00,3.997,4.004,3.965,3.985,420415.2
2026-01-31 04:00:00,3.986,4.001,3.908,3.942,630325.3
2026-01-31 08:00:00,3.941,3.948,3.835,3.851,1528861.8
2026-01-31 12:00:00,3.851,3.854,3.575,3.635,3151779.8
2026-01-31 16:00:00,3.634,3.696,3.242,3.478,6502764.4
2026-01-31 20:00:00,3.478,3.64,3.436,3.616,1543616.9
2026-02-01 00:00:00,3.616,3.666,3.593,3.664,876846.1
2026-02-01 04:00:00,3.663,3.699,3.643,3.674,732867.8
2026-02-01 08:00:00,3.674,3.69,3.585,3.612,972759.0
2026-02-01 12:00:00,3.612,3.622,3.451,3.507,1785491.8
2026-02-01 16:00:00,3.506,3.585,3.469,3.516,1679342.6
2026-02-01 20:00:00,3.515,3.589,3.443,3.521,1661968.6
2026-02-02 00:00:00,3.52,3.635,3.43,3.579,2115708.0
2026-02-02 04:00:00,3.579,3.638,3.451,3.559,2199157.3
2026-02-02 08:00:00,3.559,3.656,3.558,3.603,1254005.9
2026-02-02 12:00:00,3.604,3.812,3.604,3.727,2137978.4
2026-02-02 16:00:00,3.727,3.727,3.665,3.683,838473.9
2026-02-02 20:00:00,3.683,3.695,3.65,3.654,569861.6
2026-02-03 00:00:00,3.655,3.675,3.583,3.668,861172.2
2026-02-03 04:00:00,3.668,3.705,3.635,3.679,702189.9
2026-02-03 08:00:00,3.681,3.703,3.619,3.655,1201990.6
2026-02-03 12:00:00,3.655,3.734,3.597,3.724,1769174.4
2026-02-03 16:00:00,3.724,3.726,3.458,3.639,3298716.3
2026-02-03 20:00:00,3.639,3.809,3.546,3.58,2497730.5
2026-02-04 00:00:00,3.579,3.666,3.566,3.651,877070.0
2026-02-04 04:00:00,3.651,3.688,3.623,3.667,581508.5
2026-02-04 08:00:00,3.667,3.671,3.585,3.626,903416.7
2026-02-04 12:00:00,3.626,3.636,3.461,3.503,1928778.0
2026-02-04 16:00:00,3.503,3.599,3.429,3.594,3273328.0
2026-02-04 20:00:00,3.593,3.597,3.438,3.504,1327236.9
2026-02-05 00:00:00,3.503,3.56,3.461,3.468,1307453.7
2026-02-05 04:00:00,3.468,3.505,3.412,3.419,1576202.5
2026-02-05 08:00:00,3.419,3.49,3.291,3.337,1832249.1
2026-02-05 12:00:00,3.337,3.385,3.075,3.176,5608045.4
2026-02-05 16:00:00,3.176,3.34,3.048,3.074,5693140.6
2026-02-05 20:00:00,3.074,3.104,2.913,2.978,5721506.5
2026-02-06 00:00:00,2.978,3.085,2.635,3.011,7459453.1
2026-02-06 04:00:00,3.011,3.138,2.991,3.062,1495545.9
2026-02-06 08:00:00,3.062,3.217,3.029,3.194,1864306.9
2026-02-06 12:00:00,3.194,3.278,3.147,3.262,2291062.3
2026-02-06 16:00:00,3.261,3.384,3.249,3.281,2429874.0
2026-02-06 20:00:00,3.28,3.332,3.232,3.288,1301302.5
2026-02-07 00:00:00,3.287,3.301,3.231,3.281,775780.5
2026-02-07 04:00:00,3.281,3.317,3.13,3.157,1312040.8
2026-02-07 08:00:00,3.156,3.187,3.141,3.171,844855.9
2026-02-07 12:00:00,3.171,3.29,3.166,3.253,1383893.1
2026-02-07 16:00:00,3.254,3.36,3.249,3.287,3604796.8
2026-02-07 20:00:00,3.287,3.313,3.268,3.281,551141.0
2026-02-08 00:00:00,3.282,3.29,3.238,3.24,543746.4
2026-02-08 04:00:00,3.238,3.25,3.203,3.226,377321.9
2026-02-08 08:00:00,3.226,3.281,3.197,3.26,985745.2
2026-02-08 12:00:00,3.261,3.262,3.203,3.217,1013274.7
2026-02-08 16:00:00,3.217,3.23,3.136,3.215,811029.7
2026-02-08 20:00:00,3.214,3.257,3.153,3.188,918478.8
2026-02-09 00:00:00,3.189,3.241,3.172,3.237,762517.5
2026-02-09 04:00:00,3.237,3.239,3.171,3.176,549664.4
2026-02-09 08:00:00,3.177,3.179,3.051,3.097,1179024.3
2026-02-09 12:00:00,3.096,3.178,3.09,3.159,1519642.3
2026-02-09 16:00:00,3.157,3.217,3.131,3.183,1215649.2
2026-02-09 20:00:00,3.181,3.192,3.133,3.151,779298.0
2026-02-10 00:00:00,3.151,3.172,3.078,3.109,634211.8
2026-02-10 04:00:00,3.108,3.133,3.039,3.063,938739.3
2026-02-10 08:00:00,3.063,3.083,3.048,3.049,677114.4
2026-02-10 12:00:00,3.05,3.082,3.028,3.054,1181808.3
2026-02-10 16:00:00,3.054,3.085,2.997,3.02,1069031.7
2026-02-10 20:00:00,3.02,3.053,3.004,3.042,563361.5
2026-02-11 00:00:00,3.042,3.1,3.041,3.066,736364.9
2026-02-11 04:00:00,3.066,3.07,2.959,2.969,1004080.5
2026-02-11 08:00:00,2.97,2.993,2.952,2.989,753054.6
2026-02-11 12:00:00,2.989,3.133,2.928,2.965,2033072.2
2026-02-11 16:00:00,2.966,3.039,2.942,3.004,1167661.7
2026-02-11 20:00:00,3.003,3.079,2.984,3.005,912497.7
2026-02-12 00:00:00,3.006,3.07,3.006,3.061,703056.8
2026-02-12 04:00:00,3.062,3.13,3.046,3.127,794764.1
2026-02-12 08:00:00,3.127,3.161,3.106,3.131,874433.8
2026-02-12 12:00:00,3.132,3.135,3.032,3.037,1157249.7
2026-02-12 16:00:00,3.037,3.09,2.967,3.035,1474558.7
2026-02-12 20:00:00,3.036,3.048,2.988,3.045,785009.1
2026-02-13 00:00:00,3.045,3.065,3.005,3.008,668640.1
2026-02-13 04:00:00,3.008,3.032,2.96,3.009,919537.0
2026-02-13 08:00:00,3.009,3.042,2.998,3.004,661645.5
2026-02-13 12:00:00,3.004,3.129,2.976,3.076,1690340.6
2026-02-13 16:00:00,3.077,3.136,3.063,3.105,1217449.8
2026-02-13 20:00:00,3.106,3.147,3.099,3.103,621428.1
2026-02-14 00:00:00,3.103,3.151,3.103,3.143,622333.6
2026-02-14 04:00:00,3.143,3.148,3.11,3.142,476815.8
2026-02-14 08:00:00,3.143,3.213,3.14,3.199,872134.9
2026-02-14 12:00:00,3.199,3.272,3.157,3.254,1140066.1
2026-02-14 16:00:00,3.254,3.32,3.217,3.313,921567.3
2026-02-14 20:00:00,3.314,3.326,3.266,3.273,836720.2
2026-02-15 00:00:00,3.273,3.285,3.203,3.265,1032655.2
2026-02-15 04:00:00,3.265,3.312,3.261,3.291,717517.9
2026-02-15 08:00:00,3.292,3.299,3.205,3.215,645923.6
2026-02-15 12:00:00,3.215,3.219,3.084,3.138,1387823.3
2026-02-15 16:00:00,3.137,3.149,3.062,3.087,1162885.1
2026-02-15 20:00:00,3.086,3.148,3.079,3.143,527356.2
2026-02-16 00:00:00,3.144,3.163,3.105,3.128,553223.2
2026-02-16 04:00:00,3.127,3.156,3.107,3.127,529984.0
2026-02-16 08:00:00,3.127,3.176,3.108,3.139,947736.7
2026-02-16 12:00:00,3.138,3.226,3.091,3.105,1574970.8
2026-02-16 16:00:00,3.105,3.142,3.096,3.125,1060254.3
2026-02-16 20:00:00,3.125,3.199,3.113,3.163,784011.8
2026-02-17 00:00:00,3.164,3.168,3.112,3.133,513522.3
2026-02-17 04:00:00,3.132,3.158,3.106,3.13,834410.9
2026-02-17 08:00:00,3.13,3.14,3.083,3.11,711849.9
2026-02-17 12:00:00,3.11,3.152,3.071,3.118,1298804.2
2026-02-17 16:00:00,3.119,3.171,3.076,3.122,938499.2
2026-02-17 20:00:00,3.122,3.13,3.089,3.098,480936.7
2026-02-18 00:00:00,3.099,3.115,3.076,3.108,384095.4
2026-02-18 04:00:00,3.109,3.139,3.096,3.128,492950.4
2026-02-18 08:00:00,3.128,3.144,3.075,3.096,569295.3
2026-02-18 12:00:00,3.097,3.135,3.04,3.1,1051086.5
2026-02-18 16:00:00,3.101,3.102,2.971,2.985,1240611.3
2026-02-18 20:00:00,2.984,3.001,2.955,2.981,821481.1
2026-02-19 00:00:00,2.982,3.378,2.965,3.374,25507823.1
2026-02-19 04:00:00,3.374,3.44,3.268,3.311,10754992.8
2026-02-19 08:00:00,3.312,3.312,3.142,3.158,7860466.0
2026-02-19 12:00:00,3.158,3.274,3.113,3.182,9010043.3
2026-02-19 16:00:00,3.182,3.424,3.055,3.256,14282784.8
2026-02-19 20:00:00,3.255,3.316,3.211,3.272,5279538.9
2026-02-20 00:00:00,3.272,3.288,3.116,3.187,7774936.6
2026-02-20 04:00:00,3.187,3.288,3.145,3.242,4187332.8
2026-02-20 08:00:00,3.242,3.334,3.217,3.314,4584224.6
2026-02-20 12:00:00,3.315,3.467,3.24,3.441,6371717.3
2026-02-20 16:00:00,3.441,3.449,3.341,3.377,3289676.7
2026-02-20 20:00:00,3.377,3.44,3.362,3.435,1604724.9
2026-02-21 00:00:00,3.434,3.508,3.399,3.454,3938560.1
2026-02-21 04:00:00,3.454,3.547,3.387,3.487,4511712.9
2026-02-21 08:00:00,3.487,3.885,3.461,3.849,13012208.9
2026-02-21 12:00:00,3.849,4.018,3.806,3.825,18211670.1
2026-02-21 16:00:00,3.824,3.906,3.712,3.753,6374570.9
2026-02-21 20:00:00,3.753,3.876,3.715,3.769,4727561.8
2026-02-22 00:00:00,3.768,3.775,3.633,3.64,5840091.8
2026-02-22 04:00:00,3.641,3.673,3.557,3.637,3840901.6
2026-02-22 08:00:00,3.637,3.637,3.558,3.564,3249371.7
2026-02-22 12:00:00,3.565,3.586,3.526,3.566,3016840.9
2026-02-22 16:00:00,3.566,3.59,3.513,3.58,2355080.6
2026-02-22 20:00:00,3.58,3.581,3.492,3.503,1440910.1
2026-02-23 00:00:00,3.503,3.537,3.382,3.412,4203572.6
2026-02-23 04:00:00,3.413,3.446,3.337,3.404,1901918.7
2026-02-23 08:00:00,3.404,3.488,3.368,3.447,1731095.7
2026-02-23 12:00:00,3.447,3.548,3.392,3.396,2510346.8
2026-02-23 16:00:00,3.395,3.426,3.338,3.347,1944512.9
2026-02-23 20:00:00,3.348,3.375,3.308,3.317,1318790.4
2026-02-24 00:00:00,3.317,3.389,3.23,3.248,3089424.3
2026-02-24 04:00:00,3.248,3.26,3.19,3.195,1654584.8
2026-02-24 08:00:00,3.194,3.241,3.147,3.167,1615409.9
2026-02-24 12:00:00,3.167,3.298,3.126,3.221,4178378.0
2026-02-24 16:00:00,3.221,3.245,3.153,3.167,2064294.1
2026-02-24 20:00:00,3.167,3.18,3.112,3.126,1434675.2
2026-02-25 00:00:00,3.126,3.269,3.108,3.174,2229425.7
2026-02-25 04:00:00,3.174,3.179,3.111,3.166,1291125.6
2026-02-25 08:00:00,3.166,3.214,3.16,3.193,1741656.4
2026-02-25 12:00:00,3.193,3.346,3.188,3.31,3361563.4
2026-02-25 16:00:00,3.311,3.355,3.278,3.351,2569230.3
2026-02-25 20:00:00,3.351,3.406,3.207,3.252,2709591.4
2026-02-26 00:00:00,3.251,3.262,3.206,3.25,1406970.6
2026-02-26 04:00:00,3.249,3.283,3.191,3.207,1455582.3
2026-02-26 08:00:00,3.206,3.25,3.183,3.191,1763141.8
2026-02-26 12:00:00,3.191,3.215,3.152,3.183,1935632.1
2026-02-26 16:00:00,3.183,3.2,3.09,3.186,2369231.2
2026-02-26 20:00:00,3.186,3.203,3.152,3.194,637767.7
2026-02-27 00:00:00,3.193,3.295,3.164,3.223,1889606.7
2026-02-27 04:00:00,3.223,3.269,3.218,3.262,1131624.0
2026-02-27 08:00:00,3.262,3.294,3.157,3.17,2105358.1
2026-02-27 12:00:00,3.169,3.179,3.11,3.129,1582763.6
2026-02-27 16:00:00,3.129,3.138,3.054,3.073,1548025.4
2026-02-27 20:00:00,3.073,3.088,3.003,3.078,1131975.8
2026-02-28 00:00:00,3.078,3.109,3.058,3.064,800266.2
2026-02-28 04:00:00,3.064,3.066,2.877,2.932,2712010.2
2026-02-28 08:00:00,2.932,2.958,2.864,2.912,3221124.5
2026-02-28 12:00:00,2.912,3.0,2.902,2.956,2277638.7
2026-02-28 16:00:00,2.956,3.054,2.923,3.03,1734718.4
2026-02-28 20:00:00,3.031,3.141,3.024,3.121,1471580.4
2026-03-01 00:00:00,3.121,3.208,3.056,3.108,2257666.9
2026-03-01 04:00:00,3.108,3.135,3.073,3.124,1221473.4
2026-03-01 08:00:00,3.124,3.126,3.041,3.063,985328.0
2026-03-01 12:00:00,3.062,3.106,3.016,3.048,1310105.0
2026-03-01 16:00:00,3.048,3.069,2.989,2.996,1342524.9
2026-03-01 20:00:00,2.995,3.041,2.941,2.997,1311694.1
2026-03-02 00:00:00,2.998,3.074,2.997,3.055,836469.2
2026-03-02 04:00:00,3.054,3.069,2.979,3.004,813324.3
2026-03-02 08:00:00,3.004,3.032,2.969,3.011,1162570.0
2026-03-02 12:00:00,3.011,3.142,2.99,3.115,1911821.1
2026-03-02 16:00:00,3.116,3.156,3.069,3.112,2170921.2
2026-03-02 20:00:00,3.111,3.131,3.074,3.086,840571.4
2026-03-03 00:00:00,3.087,3.094,3.041,3.08,982988.5
2026-03-03 04:00:00,3.079,3.089,3.043,3.061,678024.7
2026-03-03 08:00:00,3.061,3.07,2.992,3.005,1022812.2
2026-03-03 12:00:00,3.006,3.052,2.957,3.014,1623722.9
2026-03-03 16:00:00,3.013,3.09,2.998,3.042,1647939.5
2026-03-03 20:00:00,3.042,3.056,2.99,3.03,863855.1
2026-03-04 00:00:00,3.03,3.05,2.981,3.003,894402.8
2026-03-04 04:00:00,3.003,3.056,2.981,3.043,875711.1
2026-03-04 08:00:00,3.042,3.137,3.032,3.066,1795259.6
2026-03-04 12:00:00,3.067,3.146,3.034,3.145,1926335.3
2026-03-04 16:00:00,3.146,3.172,3.083,3.141,1482793.2
2026-03-04 20:00:00,3.141,3.173,3.083,3.122,1214846.8
2026-03-05 00:00:00,3.121,3.123,3.055,3.069,1145332.6
2026-03-05 04:00:00,3.069,3.103,3.055,3.074,960786.7
2026-03-05 08:00:00,3.073,3.13,3.057,3.081,1527265.6
2026-03-05 12:00:00,3.082,3.116,3.027,3.039,2244504.6
2026-03-05 16:00:00,3.039,3.056,2.984,3.035,2001349.9
2026-03-05 20:00:00,3.034,3.075,3.018,3.021,889280.3
2026-03-06 00:00:00,3.021,3.038,2.996,3.029,633165.7
2026-03-06 04:00:00,3.029,3.05,2.996,3.042,814983.9
2026-03-06 08:00:00,3.043,3.043,2.981,2.983,1112058.5
2026-03-06 12:00:00,2.984,2.993,2.85,2.868,3147131.7
2026-03-06 16:00:00,2.868,2.885,2.833,2.881,1326112.1
2026-03-06 20:00:00,2.88,2.91,2.874,2.901,695812.3
2026-03-07 00:00:00,2.901,2.913,2.87,2.886,679953.5
2026-03-07 04:00:00,2.886,2.904,2.851,2.868,674825.1
2026-03-07 08:00:00,2.867,2.9,2.857,2.882,751483.2
2026-03-07 12:00:00,2.881,2.901,2.842,2.859,1089929.4
2026-03-07 16:00:00,2.859,2.893,2.831,2.844,975563.8
2026-03-07 20:00:00,2.845,2.855,2.806,2.827,806157.1
2026-03-08 00:00:00,2.826,2.832,2.775,2.804,1065380.9
2026-03-08 04:00:00,2.804,2.843,2.785,2.831,715758.5
2026-03-08 08:00:00,2.831,2.875,2.813,2.843,993241.5
2026-03-08 12:00:00,2.842,2.861,2.795,2.805,1223030.5
2026-03-08 16:00:00,2.806,2.852,2.787,2.838,993703.2
2026-03-08 20:00:00,2.837,2.848,2.753,2.797,1581178.4
2026-03-09 00:00:00,2.796,2.88,2.79,2.842,1503292.0
2026-03-09 04:00:00,2.843,2.914,2.84,2.889,1365204.1
2026-03-09 08:00:00,2.889,2.924,2.86,2.88,1409208.2
2026-03-09 12:00:00,2.88,2.931,2.878,2.909,1532115.1
2026-03-09 16:00:00,2.909,2.979,2.901,2.931,1297998.4
2026-03-09 20:00:00,2.931,2.958,2.886,2.898,1137635.0
2026-03-10 00:00:00,2.897,2.96,2.895,2.921,1096153.6
2026-03-10 04:00:00,2.922,2.961,2.907,2.959,930091.8
2026-03-10 08:00:00,2.958,2.988,2.949,2.958,2223476.7
2026-03-10 12:00:00,2.958,3.028,2.927,2.998,1718209.7
2026-03-10 16:00:00,2.998,3.023,2.929,2.944,1268241.9
2026-03-10 20:00:00,2.944,2.96,2.911,2.936,825184.9
2026-03-11 00:00:00,2.936,2.939,2.907,2.924,656918.6
2026-03-11 04:00:00,2.923,2.945,2.895,2.921,898941.2
2026-03-11 08:00:00,2.922,2.947,2.909,2.928,808806.5
2026-03-11 12:00:00,2.929,3.027,2.923,2.975,1824924.8
2026-03-11 16:00:00,2.976,3.021,2.967,3.005,1162551.7
2026-03-11 20:00:00,3.004,3.023,2.991,3.003,704233.4
2026-03-12 00:00:00,3.003,3.012,2.968,2.973,751430.2
2026-03-12 04:00:00,2.972,3.006,2.955,2.994,746549.0
2026-03-12 08:00:00,2.993,3.023,2.971,2.991,1107603.3
2026-03-12 12:00:00,2.992,3.016,2.956,2.99,1124039.2
2026-03-12 16:00:00,2.989,3.042,2.972,3.033,1044945.1
2026-03-12 20:00:00,3.034,3.075,3.018,3.049,874658.7
2026-03-13 00:00:00,3.05,3.13,3.042,3.125,1277639.9
2026-03-13 04:00:00,3.125,3.13,3.098,3.119,952905.9
2026-03-13 08:00:00,3.118,3.143,3.094,3.116,1134214.2
2026-03-13 12:00:00,3.115,3.17,3.11,3.12,1811677.6
2026-03-13 16:00:00,3.12,3.142,3.084,3.095,1168613.7
2026-03-13 20:00:00,3.095,3.119,3.064,3.087,480917.3
2026-03-14 00:00:00,3.086,3.095,3.056,3.088,456061.7
2026-03-14 04:00:00,3.088,3.101,3.029,3.036,575287.9
2026-03-14 08:00:00,3.036,3.04,3.019,3.035,473026.7
2026-03-14 12:00:00,3.036,3.042,3.007,3.02,648749.2
2026-03-14 16:00:00,3.02,3.033,3.014,3.014,433891.9
2026-03-14 20:00:00,3.015,3.042,3.003,3.042,589376.0
2026-03-15 00:00:00,3.043,3.087,3.016,3.064,734934.5
2026-03-15 04:00:00,3.065,3.075,3.038,3.051,480597.8
2026-03-15 08:00:00,3.052,3.079,3.043,3.069,893178.9
2026-03-15 12:00:00,3.068,3.085,3.041,3.05,667451.7
2026-03-15 16:00:00,3.049,3.086,3.045,3.083,520808.3
2026-03-15 20:00:00,3.083,3.124,3.078,3.109,813929.6
2026-03-16 00:00:00,3.109,3.175,3.085,3.141,1178242.5
2026-03-16 04:00:00,3.141,3.217,3.136,3.201,1583192.8
2026-03-16 08:00:00,3.202,3.232,3.166,3.177,1067987.8
2026-03-16 12:00:00,3.176,3.214,3.148,3.178,1328794.5
2026-03-16 16:00:00,3.179,3.283,3.176,3.257,1448711.4
2026-03-16 20:00:00,3.257,3.34,3.25,3.325,1409832.7
2026-03-17 00:00:00,3.325,3.331,3.239,3.261,1174575.3
2026-03-17 04:00:00,3.262,3.271,3.201,3.239,1024834.7
2026-03-17 08:00:00,3.238,3.254,3.227,3.229,651454.3
2026-03-17 12:00:00,3.23,3.245,3.196,3.224,1220642.0
2026-03-17 16:00:00,3.223,3.239,3.21,3.212,701139.6
2026-03-17 20:00:00,3.212,3.254,3.208,3.225,602140.1
2026-03-18 00:00:00,3.225,3.273,3.198,3.254,869293.7
2026-03-18 04:00:00,3.253,3.265,3.21,3.222,667456.1
2026-03-18 08:00:00,3.223,3.238,3.138,3.154,991565.5
2026-03-18 12:00:00,3.154,3.154,3.019,3.049,1928378.3
2026-03-18 16:00:00,3.049,3.085,3.028,3.055,1085295.9
2026-03-18 20:00:00,3.056,3.094,3.028,3.075,535699.3
2026-03-19 00:00:00,3.076,3.083,3.037,3.063,596546.4
2026-03-19 04:00:00,3.062,3.062,2.979,2.998,927036.1
2026-03-19 08:00:00,2.997,3.037,2.995,3.001,554363.7
2026-03-19 12:00:00,3.0,3.002,2.948,2.975,1147473.2
2026-03-19 16:00:00,2.975,3.018,2.953,3.005,630402.8
2026-03-19 20:00:00,3.005,3.06,3.004,3.058,668892.7
2026-03-20 00:00:00,3.057,3.193,3.049,3.187,1439769.2
2026-03-20 04:00:00,3.186,3.246,3.123,3.141,1840685.0
2026-03-20 08:00:00,3.14,3.148,3.084,3.1,1562695.2
2026-03-20 12:00:00,3.1,3.132,3.069,3.095,1441474.9
2026-03-20 16:00:00,3.096,3.113,3.049,3.09,757635.1
2026-03-20 20:00:00,3.091,3.119,3.054,3.082,534437.9
2026-03-21 00:00:00,3.082,3.097,3.076,3.083,384397.9
2026-03-21 04:00:00,3.083,3.114,3.075,3.092,457006.3
2026-03-21 08:00:00,3.091,3.109,3.072,3.084,460127.6
2026-03-21 12:00:00,3.085,3.153,3.084,3.146,694851.6
2026-03-21 16:00:00,3.145,3.15,3.099,3.102,563735.9
2026-03-21 20:00:00,3.103,3.123,3.007,3.032,1079908.8
2026-03-22 00:00:00,3.031,3.061,2.962,3.026,1541111.9
2026-03-22 04:00:00,3.026,3.048,2.989,2.99,643490.0
2026-03-22 08:00:00,2.99,3.003,2.939,2.942,876280.2
2026-03-22 12:00:00,2.942,2.984,2.941,2.982,543092.9
2026-03-22 16:00:00,2.983,2.994,2.932,2.943,882684.4
2026-03-22 20:00:00,2.944,2.973,2.902,2.946,1316559.4
2026-03-23 00:00:00,2.947,3.0,2.94,2.975,594309.3
2026-03-23 04:00:00,2.976,2.996,2.913,2.931,1032567.2
2026-03-23 08:00:00,2.932,3.08,2.897,3.027,2977455.1
2026-03-23 12:00:00,3.027,3.088,2.998,3.002,1544885.8
2026-03-23 16:00:00,3.002,3.083,2.984,3.051,1032209.1
2026-03-23 20:00:00,3.05,3.108,3.04,3.088,1059775.5
2026-03-24 00:00:00,3.087,3.103,3.055,3.075,1058818.5
2026-03-24 04:00:00,3.075,3.082,3.043,3.077,839794.3
2026-03-24 08:00:00,3.078,3.078,3.044,3.059,1000093.0
2026-03-24 12:00:00,3.059,3.071,3.024,3.04,1402768.7
2026-03-24 16:00:00,3.039,3.046,2.987,3.016,1013954.6
2026-03-24 20:00:00,3.015,3.066,3.009,3.06,894642.2
2026-03-25 00:00:00,3.06,3.086,3.052,3.065,1013798.5
2026-03-25 04:00:00,3.065,3.08,3.049,3.058,896423.8
2026-03-25 08:00:00,3.059,3.123,3.056,3.11,1336861.9
2026-03-25 12:00:00,3.11,3.128,3.061,3.074,1177530.4
2026-03-25 16:00:00,3.076,3.105,3.071,3.081,1080015.4
2026-03-25 20:00:00,3.081,3.091,3.056,3.081,539572.7
2026-03-26 00:00:00,3.081,3.081,3.024,3.029,1131466.7
2026-03-26 04:00:00,3.03,3.035,2.982,2.995,826542.6
2026-03-26 08:00:00,2.995,3.002,2.944,2.952,996962.5
2026-03-26 12:00:00,2.952,2.994,2.936,2.945,999086.2
2026-03-26 16:00:00,2.946,2.963,2.923,2.925,776269.3
2026-03-26 20:00:00,2.925,2.975,2.917,2.95,890231.1
2026-03-27 00:00:00,2.951,2.976,2.947,2.968,339713.6
2026-03-27 04:00:00,2.968,2.989,2.948,2.986,420080.2
2026-03-27 08:00:00,2.986,2.989,2.86,2.891,1575325.7
2026-03-27 12:00:00,2.89,2.915,2.866,2.89,1151642.5
2026-03-27 16:00:00,2.891,2.897,2.866,2.88,727723.6
2026-03-27 20:00:00,2.88,2.885,2.864,2.879,369583.0
2026-03-28 00:00:00,2.879,2.886,2.839,2.843,746327.5
2026-03-28 04:00:00,2.843,2.886,2.831,2.886,725818.7
2026-03-28 08:00:00,2.886,2.895,2.855,2.862,509163.1
2026-03-28 12:00:00,2.863,2.928,2.851,2.902,1071148.3
2026-03-28 16:00:00,2.903,2.911,2.878,2.885,671688.3
2026-03-28 20:00:00,2.885,2.897,2.798,2.817,1048225.7
2026-03-29 00:00:00,2.817,2.847,2.814,2.841,492618.8
2026-03-29 04:00:00,2.842,2.845,2.819,2.82,275133.3
2026-03-29 08:00:00,2.821,2.83,2.8,2.812,432316.7
2026-03-29 12:00:00,2.812,2.812,2.783,2.798,645321.0
2026-03-29 16:00:00,2.799,2.807,2.781,2.794,363178.1
2026-03-29 20:00:00,2.794,2.828,2.715,2.801,1553597.8
2026-03-30 00:00:00,2.8,2.886,2.798,2.874,952241.0
2026-03-30 04:00:00,2.875,2.938,2.874,2.936,867018.6
2026-03-30 08:00:00,2.937,2.954,2.9,2.925,1145062.2
2026-03-30 12:00:00,2.925,2.939,2.897,2.908,1392053.5
2026-03-30 16:00:00,2.908,2.913,2.841,2.866,1658816.4
2026-03-30 20:00:00,2.866,2.894,2.846,2.854,564907.0
2026-03-31 00:00:00,2.855,2.918,2.849,2.889,811898.2
2026-03-31 04:00:00,2.889,2.897,2.876,2.892,483865.9
2026-03-31 08:00:00,2.891,2.894,2.826,2.855,998743.5
2026-03-31 12:00:00,2.855,2.9,2.844,2.849,732361.0
2026-03-31 16:00:00,2.848,2.915,2.848,2.892,976996.4
2026-03-31 20:00:00,2.892,2.9,2.863,2.878,542992.8
2026-04-01 00:00:00,2.879,2.886,2.853,2.869,724219.6
2026-04-01 04:00:00,2.869,2.938,2.86,2.933,802286.2
2026-04-01 08:00:00,2.933,2.944,2.907,2.928,594321.3
2026-04-01 12:00:00,2.928,2.963,2.877,2.913,1378999.4
2026-04-01 16:00:00,2.913,2.933,2.879,2.891,743588.4
2026-04-01 20:00:00,2.891,2.893,2.86,2.869,684329.7
2026-04-02 00:00:00,2.868,2.898,2.76,2.777,1582073.9
2026-04-02 04:00:00,2.776,2.799,2.756,2.794,645551.3
2026-04-02 08:00:00,2.795,2.797,2.773,2.78,529348.9
2026-04-02 12:00:00,2.78,2.804,2.743,2.774,973712.7
2026-04-02 16:00:00,2.774,2.79,2.729,2.737,1147071.2
2026-04-02 20:00:00,2.737,2.768,2.722,2.74,712625.6
2026-04-03 00:00:00,2.741,2.804,2.739,2.797,888982.1
2026-04-03 04:00:00,2.798,2.833,2.786,2.821,642153.5
2026-04-03 08:00:00,2.822,2.836,2.812,2.826,614770.9
2026-04-03 12:00:00,2.826,2.849,2.795,2.796,728133.9
2026-04-03 16:00:00,2.795,2.809,2.776,2.795,644535.3
2026-04-03 20:00:00,2.795,2.816,2.781,2.792,802795.5
2026-04-04 00:00:00,2.792,2.8,2.774,2.785,406632.1
2026-04-04 04:00:00,2.785,2.808,2.783,2.805,389103.2
2026-04-04 08:00:00,2.805,2.817,2.789,2.81,341368.0
2026-04-04 12:00:00,2.811,2.819,2.786,2.806,467636.1
2026-04-04 16:00:00,2.806,2.838,2.797,2.821,426019.1
2026-04-04 20:00:00,2.821,2.822,2.805,2.811,247596.1
2026-04-05 00:00:00,2.811,2.813,2.789,2.795,336676.1
2026-04-05 04:00:00,2.796,2.797,2.745,2.762,706364.6
2026-04-05 08:00:00,2.762,2.785,2.76,2.775,451545.0
2026-04-05 12:00:00,2.776,2.794,2.746,2.769,722176.2
2026-04-05 16:00:00,2.769,2.78,2.761,2.772,308125.5
2026-04-05 20:00:00,2.773,2.827,2.758,2.824,677016.0
2026-04-06 00:00:00,2.825,2.894,2.825,2.879,1446228.2
2026-04-06 04:00:00,2.879,2.888,2.859,2.882,578474.4
2026-04-06 08:00:00,2.883,2.947,2.881,2.943,1022532.9
2026-04-06 12:00:00,2.944,2.974,2.921,2.944,1278581.2
2026-04-06 16:00:00,2.945,2.949,2.901,2.91,681682.8
2026-04-06 20:00:00,2.911,2.912,2.832,2.845,1177744.9
2026-04-07 00:00:00,2.845,2.859,2.802,2.839,925904.6
2026-04-07 04:00:00,2.839,2.874,2.83,2.864,531574.1
2026-04-07 08:00:00,2.865,2.886,2.827,2.836,1008796.5
2026-04-07 12:00:00,2.836,2.839,2.79,2.806,1218447.2
2026-04-07 16:00:00,2.806,2.877,2.79,2.871,894440.3
2026-04-07 20:00:00,2.871,3.047,2.86,3.016,1925864.4
2026-04-08 00:00:00,3.016,3.038,2.99,3.024,839178.6
2026-04-08 04:00:00,3.024,3.046,3.017,3.039,559735.8
2026-04-08 08:00:00,3.039,3.04,2.981,2.997,597882.6
2026-04-08 12:00:00,2.996,3.016,2.934,2.96,1210935.0
2026-04-08 16:00:00,2.96,2.981,2.881,2.916,1272246.1
2026-04-08 20:00:00,2.916,2.948,2.895,2.902,727215.6
2026-04-09 00:00:00,2.902,2.905,2.866,2.889,644962.8
2026-04-09 04:00:00,2.889,2.92,2.884,2.911,463038.5
2026-04-09 08:00:00,2.912,2.925,2.9,2.907,439665.2
2026-04-09 12:00:00,2.907,2.971,2.896,2.96,887584.2
2026-04-09 16:00:00,2.96,2.99,2.947,2.978,798968.0
2026-04-09 20:00:00,2.979,3.033,2.955,2.962,675742.6
2026-04-10 00:00:00,2.962,2.981,2.934,2.957,477309.4
2026-04-10 04:00:00,2.957,3.0,2.956,2.972,465124.7
2026-04-10 08:00:00,2.971,3.014,2.959,2.975,729835.8
2026-04-10 12:00:00,2.975,3.074,2.974,3.028,1509336.4
2026-04-10 16:00:00,3.029,3.084,3.029,3.069,809167.6
2026-04-10 20:00:00,3.07,3.074,3.036,3.049,497250.3
2026-04-11 00:00:00,3.05,3.05,3.01,3.01,454717.5
2026-04-11 04:00:00,3.01,3.019,2.986,3.002,391876.3
2026-04-11 08:00:00,3.003,3.022,2.997,3.007,309757.5
2026-04-11 12:00:00,3.008,3.022,2.976,3.009,474290.7
2026-04-11 16:00:00,3.01,3.085,3.004,3.078,674053.2
2026-04-11 20:00:00,3.078,3.079,3.0,3.013,525702.2
2026-04-12 00:00:00,3.013,3.023,2.914,2.928,1142623.1
2026-04-12 04:00:00,2.927,2.928,2.902,2.91,470867.0
2026-04-12 08:00:00,2.911,2.923,2.898,2.915,460319.7
2026-04-12 12:00:00,2.915,2.922,2.879,2.889,454124.0
2026-04-12 16:00:00,2.889,2.938,2.888,2.92,396771.7
2026-04-12 20:00:00,2.92,2.936,2.882,2.889,477235.9
2026-04-13 00:00:00,2.89,2.918,2.888,2.91,460516.8
2026-04-13 04:00:00,2.91,2.934,2.895,2.899,321029.8
2026-04-13 08:00:00,2.899,2.913,2.888,2.905,353535.4
2026-04-13 12:00:00,2.906,2.966,2.899,2.926,948518.3
2026-04-13 16:00:00,2.926,2.988,2.913,2.984,751967.1
2026-04-13 20:00:00,2.983,3.065,2.95,3.055,1191279.2
2026-04-14 00:00:00,3.055,3.064,3.018,3.045,679146.8
2026-04-14 04:00:00,3.046,3.055,3.003,3.011,483030.8
2026-04-14 08:00:00,3.012,3.027,3.005,3.005,442815.9
2026-04-14 12:00:00,3.006,3.048,2.985,3.001,869917.1
2026-04-14 16:00:00,3.001,3.013,2.946,2.97,955648.9
2026-04-14 20:00:00,2.97,2.987,2.957,2.979,281472.1
2026-04-15 00:00:00,2.979,3.007,2.978,2.991,369876.3
2026-04-15 04:00:00,2.99,3.018,2.984,2.996,474424.3
2026-04-15 08:00:00,2.996,3.054,2.993,3.05,597926.8
2026-04-15 12:00:00,3.049,3.116,3.047,3.08,1331961.6
2026-04-15 16:00:00,3.08,3.272,3.079,3.267,2148790.2
2026-04-15 20:00:00,3.267,3.429,3.226,3.247,3654194.9
2026-04-16 00:00:00,3.247,3.333,3.214,3.318,1563574.8
2026-04-16 04:00:00,3.319,3.377,3.291,3.365,1460622.9
2026-04-16 08:00:00,3.365,3.379,3.293,3.314,1229145.8
2026-04-16 12:00:00,3.314,3.47,3.283,3.371,3872049.3
2026-04-16 16:00:00,3.371,3.452,3.317,3.438,1461238.4
2026-04-16 20:00:00,3.438,3.443,3.375,3.401,930890.4
2026-04-17 00:00:00,3.401,3.439,3.383,3.415,855341.2
2026-04-17 04:00:00,3.415,3.449,3.342,3.387,1117253.5
2026-04-17 08:00:00,3.387,3.417,3.359,3.387,817655.0
2026-04-17 12:00:00,3.388,3.499,3.37,3.427,1601170.4
2026-04-17 16:00:00,3.428,3.465,3.372,3.375,948435.7
2026-04-17 20:00:00,3.375,3.39,3.34,3.362,574666.2
2026-04-18 00:00:00,3.361,3.371,3.316,3.326,573932.6
2026-04-18 04:00:00,3.325,3.382,3.318,3.356,479109.6
2026-04-18 08:00:00,3.357,3.362,3.246,3.27,1118429.9
2026-04-18 12:00:00,3.27,3.299,3.252,3.277,675658.0
2026-04-18 16:00:00,3.277,3.289,3.202,3.218,1069692.1
2026-04-18 20:00:00,3.218,3.242,3.197,3.201,351377.5
2026-04-19 00:00:00,3.201,3.207,3.155,3.189,570207.1
2026-04-19 04:00:00,3.189,3.224,3.188,3.202,612319.0
2026-04-19 08:00:00,3.202,3.275,3.201,3.269,896719.2
2026-04-19 12:00:00,3.27,3.34,3.231,3.26,1231373.3
2026-04-19 16:00:00,3.261,3.269,3.209,3.25,667802.6
2026-04-19 20:00:00,3.25,3.253,3.161,3.177,730390.4
2026-04-20 00:00:00,3.178,3.276,3.169,3.274,797085.7
2026-04-20 04:00:00,3.275,3.295,3.213,3.249,759411.4
2026-04-20 08:00:00,3.25,3.283,3.226,3.27,440892.4
2026-04-20 12:00:00,3.271,3.316,3.253,3.305,1083266.1
2026-04-20 16:00:00,3.306,3.355,3.282,3.323,680885.1
2026-04-20 20:00:00,3.323,3.361,3.272,3.28,717842.9
2026-04-21 00:00:00,3.28,3.307,3.247,3.262,677973.5
2026-04-21 04:00:00,3.262,3.307,3.252,3.287,398934.4
2026-04-21 08:00:00,3.286,3.337,3.283,3.31,745109.2
2026-04-21 12:00:00,3.311,3.315,3.251,3.274,966796.3
2026-04-21 16:00:00,3.275,3.284,3.199,3.205,885950.6
2026-04-21 20:00:00,3.204,3.273,3.196,3.264,548574.2
2026-04-22 00:00:00,3.264,3.32,3.252,3.302,572105.4
2026-04-22 04:00:00,3.303,3.373,3.297,3.345,824351.1
2026-04-22 08:00:00,3.346,3.366,3.308,3.328,611060.2
2026-04-22 12:00:00,3.328,3.373,3.3,3.358,673947.2
2026-04-22 16:00:00,3.359,3.377,3.319,3.341,659799.8
2026-04-22 20:00:00,3.341,3.346,3.28,3.281,558133.6
2026-04-23 00:00:00,3.282,3.304,3.238,3.252,805396.7
2026-04-23 04:00:00,3.253,3.3,3.247,3.282,386312.2
2026-04-23 08:00:00,3.283,3.293,3.248,3.267,432855.4
2026-04-23 12:00:00,3.267,3.354,3.267,3.345,722387.1
2026-04-23 16:00:00,3.346,3.353,3.259,3.309,805460.4
2026-04-23 20:00:00,3.309,3.403,3.306,3.379,860368.9
2026-04-24 00:00:00,3.38,3.401,3.333,3.357,605905.7
2026-04-24 04:00:00,3.358,3.421,3.35,3.412,1030079.3
2026-04-24 08:00:00,3.412,3.499,3.406,3.484,1557773.1
2026-04-24 12:00:00,3.485,3.499,3.387,3.435,1070144.4
2026-04-24 16:00:00,3.435,3.445,3.401,3.428,546479.4
2026-04-24 20:00:00,3.428,3.468,3.412,3.426,788980.2
2026-04-25 00:00:00,3.426,3.481,3.413,3.471,484021.1
2026-04-25 04:00:00,3.471,3.501,3.437,3.485,546372.7
2026-04-25 08:00:00,3.484,3.598,3.48,3.544,1236761.6
2026-04-25 12:00:00,3.545,3.658,3.511,3.603,1785689.2
2026-04-25 16:00:00,3.603,3.649,3.493,3.5,1578995.0
2026-04-25 20:00:00,3.5,3.555,3.499,3.54,480074.7
2026-04-26 00:00:00,3.541,3.555,3.504,3.547,627889.3
2026-04-26 04:00:00,3.548,4.016,3.544,3.814,10650104.9
2026-04-26 08:00:00,3.813,3.823,3.644,3.656,5207510.1
2026-04-26 12:00:00,3.656,3.669,3.61,3.647,1909015.5
2026-04-26 16:00:00,3.647,3.777,3.627,3.772,1682786.3
2026-04-26 20:00:00,3.772,3.843,3.726,3.736,2208774.6
2026-04-27 00:00:00,3.736,3.906,3.712,3.822,1888738.0
2026-04-27 04:00:00,3.822,3.91,3.648,3.662,3485526.0
2026-04-27 08:00:00,3.661,3.684,3.587,3.61,1690158.3
2026-04-27 12:00:00,3.61,3.633,3.529,3.543,2118101.7
2026-04-27 16:00:00,3.543,3.568,3.52,3.533,916837.2
2026-04-27 20:00:00,3.534,3.592,3.513,3.581,791400.1
2026-04-28 00:00:00,3.581,3.658,3.569,3.628,941680.9
2026-04-28 04:00:00,3.628,3.65,3.547,3.586,860973.1
2026-04-28 08:00:00,3.586,3.624,3.535,3.55,742371.3
2026-04-28 12:00:00,3.549,3.584,3.522,3.528,1042561.8
2026-04-28 16:00:00,3.528,3.564,3.471,3.558,1042376.5
2026-04-28 20:00:00,3.559,3.607,3.552,3.567,714423.8
2026-04-29 00:00:00,3.566,3.609,3.554,3.606,537479.5
2026-04-29 04:00:00,3.607,3.63,3.559,3.56,699964.5
2026-04-29 08:00:00,3.561,3.62,3.546,3.553,936366.0
2026-04-29 12:00:00,3.554,3.556,3.437,3.451,1451857.5
2026-04-29 16:00:00,3.45,3.486,3.382,3.436,1042430.2
2026-04-29 20:00:00,3.437,3.483,3.436,3.474,603947.8
2026-04-30 00:00:00,3.474,3.499,3.423,3.437,578516.1
2026-04-30 04:00:00,3.436,3.471,3.403,3.47,525926.9
2026-04-30 08:00:00,3.469,3.485,3.44,3.475,884523.8
2026-04-30 12:00:00,3.475,3.515,3.429,3.465,821550.7
2026-04-30 16:00:00,3.464,3.471,3.425,3.429,411527.7
2026-04-30 20:00:00,3.429,3.435,3.401,3.418,388952.0
2026-05-01 00:00:00,3.418,3.49,3.417,3.466,439136.0
2026-05-01 04:00:00,3.467,3.549,3.425,3.528,1238104.9
2026-05-01 08:00:00,3.528,3.61,3.522,3.563,1338455.6
2026-05-01 12:00:00,3.564,3.696,3.564,3.632,1599371.5
2026-05-01 16:00:00,3.633,3.648,3.581,3.636,904469.0
2026-05-01 20:00:00,3.637,3.699,3.625,3.643,742070.5
2026-05-02 00:00:00,3.643,3.727,3.632,3.718,715166.2
2026-05-02 04:00:00,3.719,3.81,3.702,3.757,2060198.7
2026-05-02 08:00:00,3.758,3.896,3.722,3.768,1767649.1
2026-05-02 12:00:00,3.768,3.854,3.737,3.852,1224387.1
2026-05-02 16:00:00,3.852,3.86,3.757,3.814,959059.2
2026-05-02 20:00:00,3.813,3.82,3.763,3.798,640289.5
2026-05-03 00:00:00,3.797,3.801,3.717,3.723,737421.9
2026-05-03 04:00:00,3.723,3.777,3.708,3.756,1348571.5
2026-05-03 08:00:00,3.756,3.766,3.702,3.731,698654.6
2026-05-03 12:00:00,3.731,3.805,3.726,3.773,974293.2
2026-05-03 16:00:00,3.773,3.801,3.742,3.744,452791.5
2026-05-03 20:00:00,3.744,3.767,3.711,3.735,505987.9
2026-05-04 00:00:00,3.736,3.789,3.71,3.778,1256292.8
2026-05-04 04:00:00,3.778,3.81,3.746,3.791,1198734.4
2026-05-04 08:00:00,3.792,3.793,3.679,3.703,1192723.0
2026-05-04 12:00:00,3.703,3.756,3.667,3.685,1243380.2
2026-05-04 16:00:00,3.686,3.721,3.674,3.682,785715.6
2026-05-04 20:00:00,3.682,3.713,3.664,3.68,425899.7
2026-05-05 00:00:00,3.681,3.729,3.676,3.678,704060.8
2026-05-05 04:00:00,3.677,3.737,3.663,3.718,757925.8
2026-05-05 08:00:00,3.718,3.803,3.696,3.788,2197469.5
2026-05-05 12:00:00,3.789,3.816,3.728,3.755,988674.1
2026-05-05 16:00:00,3.756,3.781,3.732,3.775,581269.8
2026-05-05 20:00:00,3.775,3.873,3.74,3.761,1623440.2
2026-05-06 00:00:00,3.762,3.903,3.745,3.866,2734262.3
2026-05-06 04:00:00,3.865,3.893,3.826,3.861,1342711.5
2026-05-06 08:00:00,3.861,3.919,3.859,3.895,1016661.3
2026-05-06 12:00:00,3.895,3.921,3.807,3.883,1307092.1
2026-05-06 16:00:00,3.882,3.901,3.817,3.852,620145.1
2026-05-06 20:00:00,3.852,3.908,3.845,3.898,646193.8
2026-05-07 00:00:00,3.898,3.899,3.786,3.795,975422.2
2026-05-07 04:00:00,3.795,3.901,3.791,3.883,1089764.7
2026-05-07 08:00:00,3.883,3.914,3.842,3.867,792386.6
2026-05-07 12:00:00,3.867,3.953,3.79,3.819,1611794.6
2026-05-07 16:00:00,3.819,3.876,3.809,3.86,714219.1
2026-05-07 20:00:00,3.86,3.887,3.803,3.84,501702.4
2026-05-08 00:00:00,3.841,3.884,3.797,3.866,873759.3
2026-05-08 04:00:00,3.865,4.039,3.858,4.03,1865595.7
2026-05-08 08:00:00,4.03,4.095,3.951,4.074,3540613.0
2026-05-08 12:00:00,4.074,4.203,4.024,4.177,2035057.2
2026-05-08 16:00:00,4.177,4.257,4.13,4.219,1403074.7
2026-05-08 20:00:00,4.22,4.299,4.183,4.228,1086815.3
2026-05-09 00:00:00,4.229,4.368,4.213,4.301,1559724.4
2026-05-09 04:00:00,4.302,4.334,4.224,4.231,797930.4
2026-05-09 08:00:00,4.231,4.28,4.216,4.251,1054367.9
2026-05-09 12:00:00,4.252,4.279,4.179,4.193,848582.8
2026-05-09 16:00:00,4.193,4.231,4.172,4.227,486626.2
2026-05-09 20:00:00,4.227,4.242,4.196,4.205,225162.0
2026-05-10 00:00:00,4.204,4.212,4.104,4.116,925423.8
2026-05-10 04:00:00,4.115,4.138,4.09,4.099,560504.8
2026-05-10 08:00:00,4.099,4.153,4.096,4.121,598322.4
2026-05-10 12:00:00,4.121,4.227,4.111,4.221,724115.7
2026-05-10 16:00:00,4.222,4.395,4.207,4.335,1268121.2
2026-05-10 20:00:00,4.336,4.367,4.181,4.28,1265373.1
2026-05-11 00:00:00,4.28,4.305,4.169,4.216,869114.5
2026-05-11 04:00:00,4.216,4.308,4.184,4.3,810118.4
2026-05-11 08:00:00,4.299,4.51,4.285,4.453,2338455.8
2026-05-11 12:00:00,4.454,4.491,4.293,4.36,2864335.1
2026-05-11 16:00:00,4.36,4.592,4.336,4.546,2964258.6
2026-05-11 20:00:00,4.547,4.792,4.509,4.612,3163144.2
2026-05-12 00:00:00,4.612,4.616,4.513,4.567,1598606.8
2026-05-12 04:00:00,4.567,4.789,4.528,4.686,3561243.4
2026-05-12 08:00:00,4.687,4.892,4.65,4.833,3613050.8
2026-05-12 12:00:00,4.834,4.955,4.591,4.654,8717826.8
2026-05-12 16:00:00,4.654,4.9,4.591,4.811,4161222.9
2026-05-12 20:00:00,4.812,4.85,4.695,4.786,1394016.1
2026-05-13 00:00:00,4.785,5.179,4.727,5.032,5366596.5
2026-05-13 04:00:00,5.032,5.508,4.985,5.482,8894705.9
2026-05-13 08:00:00,5.482,6.076,5.334,5.858,24838342.7
2026-05-13 12:00:00,5.858,5.998,5.418,5.45,20947373.9
2026-05-13 16:00:00,5.45,5.472,5.102,5.126,13108352.2
2026-05-13 20:00:00,5.125,5.185,5.028,5.139,5722305.8
2026-05-14 00:00:00,5.14,5.158,4.906,4.953,7850622.9
2026-05-14 04:00:00,4.952,5.322,4.933,4.999,9721545.8
2026-05-14 08:00:00,4.999,5.33,4.955,5.153,11271928.1
2026-05-14 12:00:00,5.153,5.238,5.037,5.197,8186705.3
2026-05-14 16:00:00,5.198,5.323,5.044,5.058,4158953.5
2026-05-14 20:00:00,5.059,5.27,5.051,5.154,2869227.5
2026-05-15 00:00:00,5.153,5.29,5.06,5.124,3843815.0
2026-05-15 04:00:00,5.124,5.164,4.931,5.076,3312967.5
2026-05-15 08:00:00,5.077,5.206,5.002,5.081,3225259.4
2026-05-15 12:00:00,5.081,5.091,4.713,4.781,6444013.8
2026-05-15 16:00:00,4.781,5.006,4.756,4.921,3535402.3
2026-05-15 20:00:00,4.92,4.937,4.851,4.884,1202995.9
2026-05-16 00:00:00,4.884,4.941,4.819,4.832,1681099.6
2026-05-16 04:00:00,4.831,4.831,4.63,4.653,2952126.5
2026-05-16 08:00:00,4.652,4.694,4.544,4.607,2371417.6
2026-05-16 12:00:00,4.608,4.677,4.59,4.646,1505301.9
2026-05-16 16:00:00,4.646,4.819,4.644,4.723,2695892.2
2026-05-16 20:00:00,4.723,4.757,4.691,4.728,949331.4
2026-05-17 00:00:00,4.728,4.763,4.614,4.738,1641917.5
2026-05-17 04:00:00,4.737,4.976,4.73,4.921,3959038.3
2026-05-17 08:00:00,4.92,4.945,4.788,4.804,2290395.6
2026-05-17 12:00:00,4.805,4.824,4.677,4.723,1821047.1
2026-05-17 16:00:00,4.724,4.759,4.658,4.748,1283514.1
2026-05-17 20:00:00,4.749,4.787,4.43,4.556,2760235.9
2026-05-18 00:00:00,4.557,4.683,4.514,4.623,2435207.2
2026-05-18 04:00:00,4.624,4.668,4.55,4.557,2341486.4
2026-05-18 08:00:00,4.557,4.627,4.503,4.574,1772751.1
2026-05-18 12:00:00,4.575,4.72,4.546,4.619,2988162.7
2026-05-18 16:00:00,4.618,4.765,4.574,4.739,2421814.6
2026-05-18 20:00:00,4.74,5.169,4.715,5.14,3682135.7
2026-05-19 00:00:00,5.14,5.438,5.057,5.207,11294194.9
2026-05-19 04:00:00,5.207,5.256,4.971,4.98,3742264.6
2026-05-19 08:00:00,4.981,5.013,4.857,4.866,3607027.9
2026-05-19 12:00:00,4.866,4.955,4.831,4.912,3160409.3
2026-05-19 16:00:00,4.913,5.092,4.873,4.884,3968234.0
2026-05-19 20:00:00,4.885,5.0,4.88,4.921,1460420.1
2026-05-20 00:00:00,4.921,5.012,4.874,4.984,1743049.1
2026-05-20 04:00:00,4.985,5.098,4.925,4.928,2278812.0
2026-05-20 08:00:00,4.928,5.086,4.907,4.994,1954766.0
2026-05-20 12:00:00,4.994,5.264,4.956,5.127,3254414.5
2026-05-20 16:00:00,5.127,5.137,4.969,4.987,2465093.8
2026-05-20 20:00:00,4.988,5.037,4.744,4.805,3402649.3
2026-05-21 00:00:00,4.805,4.93,4.79,4.916,1680330.0
2026-05-21 04:00:00,4.917,5.031,4.9,4.919,1763769.1
2026-05-21 08:00:00,4.92,5.019,4.833,4.96,1788611.7
2026-05-21 12:00:00,4.961,5.111,4.905,4.98,3345935.0
2026-05-21 16:00:00,4.981,5.344,4.948,5.241,4672499.3
2026-05-21 20:00:00,5.242,5.33,5.16,5.248,2756002.9
2026-05-22 00:00:00,5.248,5.262,5.088,5.15,2177377.1
2026-05-22 04:00:00,5.151,5.199,5.051,5.154,1506278.0
2026-05-22 08:00:00,5.154,5.402,5.15,5.385,3451948.8
2026-05-22 12:00:00,5.386,5.525,5.266,5.305,4627332.4
2026-05-22 16:00:00,5.305,5.655,5.135,5.236,5863615.4
2026-05-22 20:00:00,5.237,5.487,5.082,5.17,4526635.1
2026-05-23 00:00:00,5.171,5.364,5.08,5.252,3058021.8
2026-05-23 04:00:00,5.252,5.255,4.73,4.805,5364591.8
2026-05-23 08:00:00,4.806,5.002,4.779,4.89,3027087.4
2026-05-23 12:00:00,4.89,5.305,4.858,5.286,4211076.1
2026-05-23 16:00:00,5.286,5.448,5.197,5.338,4488886.9
2026-05-23 20:00:00,5.337,5.523,5.208,5.336,4253609.4
2026-05-24 00:00:00,5.337,5.352,5.173,5.193,1558532.4
2026-05-24 04:00:00,5.194,5.26,5.083,5.188,2109682.1
2026-05-24 08:00:00,5.189,5.239,5.146,5.188,1618638.7
2026-05-24 12:00:00,5.188,5.245,5.044,5.144,2343249.9
2026-05-24 16:00:00,5.144,5.29,5.13,5.149,1923963.6
2026-05-24 20:00:00,5.15,5.209,5.06,5.131,2035431.0
2026-05-25 00:00:00,5.13,5.175,5.035,5.078,2112376.4
2026-05-25 04:00:00,5.079,5.289,5.043,5.248,2167350.0
2026-05-25 08:00:00,5.249,5.507,5.211,5.503,4310278.1
2026-05-25 12:00:00,5.503,5.77,5.443,5.66,7473973.1
2026-05-25 16:00:00,5.66,5.829,5.583,5.655,4875479.3
2026-05-25 20:00:00,5.655,5.731,5.595,5.668,1655419.7
2026-05-26 00:00:00,5.669,5.765,5.51,5.541,3523360.9
2026-05-26 04:00:00,5.543,5.735,5.456,5.498,3515608.2
2026-05-26 08:00:00,5.499,5.861,5.454,5.83,3861117.8
2026-05-26 12:00:00,5.829,6.103,5.74,5.797,8109484.7
2026-05-26 16:00:00,5.797,5.829,5.566,5.69,3657404.5
2026-05-26 20:00:00,5.69,5.776,5.643,5.675,1729890.8
2026-05-27 00:00:00,5.676,5.749,5.566,5.668,1822591.5
2026-05-27 04:00:00,5.668,5.868,5.531,5.868,3156224.4
2026-05-27 08:00:00,5.868,5.985,5.619,5.729,3373621.6
2026-05-27 12:00:00,5.73,5.843,5.532,5.835,3834030.1
2026-05-27 16:00:00,5.836,5.846,5.565,5.691,2465281.5
2026-05-27 20:00:00,5.69,5.7,5.406,5.473,2462762.4
2026-05-28 00:00:00,5.472,5.53,5.324,5.368,2338850.6
2026-05-28 04:00:00,5.368,5.63,5.294,5.465,3066182.9
2026-05-28 08:00:00,5.466,5.488,5.312,5.336,1513257.5
2026-05-28 12:00:00,5.336,5.483,5.247,5.331,3014576.5
2026-05-28 16:00:00,5.332,5.609,5.257,5.481,1946330.2
2026-05-28 20:00:00,5.481,5.596,5.404,5.46,2074898.2
2026-05-29 00:00:00,5.46,5.732,5.46,5.607,2765306.6
2026-05-29 04:00:00,5.607,6.297,5.564,6.276,5179468.8
2026-05-29 08:00:00,6.277,6.367,5.928,6.046,6894283.2
2026-05-29 12:00:00,6.047,6.713,5.932,6.674,9839778.7
2026-05-29 16:00:00,6.674,6.691,6.295,6.481,6361842.1
2026-05-29 20:00:00,6.481,6.62,6.339,6.427,3118916.6
2026-05-30 00:00:00,6.427,6.697,6.311,6.553,3607376.7
2026-05-30 04:00:00,6.552,7.052,6.46,6.617,8915457.7
2026-05-30 08:00:00,6.618,6.665,6.435,6.617,3597427.5
2026-05-30 12:00:00,6.617,6.967,6.576,6.935,4051617.7
2026-05-30 16:00:00,6.936,6.967,6.581,6.634,2852688.6
2026-05-30 20:00:00,6.634,6.695,6.489,6.592,1687604.0
2026-05-31 00:00:00,6.593,6.61,6.439,6.464,1827599.5
2026-05-31 04:00:00,6.464,6.653,6.435,6.534,2009577.6
2026-05-31 08:00:00,6.534,6.708,6.444,6.697,1972938.1
2026-05-31 12:00:00,6.697,6.749,6.332,6.366,3149142.8
2026-05-31 16:00:00,6.366,6.454,6.288,6.382,2158333.3
2026-05-31 20:00:00,6.383,6.647,6.361,6.536,1786166.8
2026-06-01 00:00:00,6.537,6.703,6.404,6.622,2234488.5
2026-06-01 04:00:00,6.622,6.699,6.425,6.451,2302556.3
2026-06-01 08:00:00,6.45,6.766,6.42,6.662,2867003.4
2026-06-01 12:00:00,6.662,6.984,6.56,6.966,5317009.1
2026-06-01 16:00:00,6.966,7.344,6.926,7.325,6001476.0
2026-06-01 20:00:00,7.325,7.339,6.778,6.985,4113892.8
2026-06-02 00:00:00,6.985,7.295,6.835,7.207,2509077.8
2026-06-02 04:00:00,7.206,7.231,6.894,7.112,2912260.7
2026-06-02 08:00:00,7.113,7.333,6.974,7.113,3511971.6
2026-06-02 12:00:00,7.113,7.244,6.744,6.787,5276344.7
2026-06-02 16:00:00,6.788,7.029,6.45,6.625,4409091.1
2026-06-02 20:00:00,6.625,6.762,6.464,6.58,2007170.0
2026-06-03 00:00:00,6.581,6.694,6.319,6.39,2402003.1
2026-06-03 04:00:00,6.39,6.977,6.387,6.945,3434636.2
2026-06-03 08:00:00,6.944,6.958,6.588,6.623,2773327.4
2026-06-03 12:00:00,6.623,6.92,6.564,6.705,2760684.0
2026-06-03 16:00:00,6.705,6.713,6.433,6.526,3725145.5
2026-06-03 20:00:00,6.526,6.774,6.412,6.51,2347614.3
2026-06-04 00:00:00,6.51,6.581,5.954,6.399,4221816.4
2026-06-04 04:00:00,6.399,6.419,6.089,6.151,2526795.0
2026-06-04 08:00:00,6.151,6.221,5.812,5.871,3612238.9
2026-06-04 12:00:00,5.871,5.959,5.631,5.72,3961542.0
2026-06-04 16:00:00,5.721,5.87,5.502,5.522,2631164.7
2026-06-04 20:00:00,5.522,5.53,5.264,5.4,3342060.3
2026-06-05 00:00:00,5.399,5.52,5.201,5.266,3155238.7
2026-06-05 04:00:00,5.266,5.424,5.01,5.157,3756105.0
2026-06-05 08:00:00,5.158,5.162,4.876,4.915,3462409.2
2026-06-05 12:00:00,4.914,5.318,4.85,4.955,5307236.2
2026-06-05 16:00:00,4.955,5.155,4.772,4.953,3334193.9
2026-06-05 20:00:00,4.952,5.274,4.902,5.155,1911052.8
2026-06-06 00:00:00,5.155,5.231,5.024,5.071,1475175.3
2026-06-06 04:00:00,5.072,5.244,4.836,5.231,2705890.3
2026-06-06 08:00:00,5.23,5.429,5.124,5.202,3770663.9
2026-06-06 12:00:00,5.203,5.222,5.038,5.092,2001235.4
2026-06-06 16:00:00,5.093,5.148,5.006,5.026,1116660.2
2026-06-06 20:00:00,5.026,5.18,5.006,5.162,687355.8
2026-06-07 00:00:00,5.163,5.339,5.119,5.29,1844187.0
2026-06-07 04:00:00,5.29,5.427,5.263,5.292,1470777.0
2026-06-07 08:00:00,5.292,5.401,5.174,5.19,1568690.1
2026-06-07 12:00:00,5.189,5.405,5.085,5.328,2239720.1
2026-06-07 16:00:00,5.327,5.426,5.173,5.195,1582003.1
2026-06-07 20:00:00,5.194,5.59,5.172,5.428,1627649.5
2026-06-08 00:00:00,5.428,5.674,5.399,5.556,1796251.3
2026-06-08 04:00:00,5.557,5.574,5.353,5.558,1814511.6
2026-06-08 08:00:00,5.558,5.689,5.435,5.649,1910254.8
2026-06-08 12:00:00,5.65,5.74,5.555,5.644,2135732.4
2026-06-08 16:00:00,5.645,5.924,5.573,5.719,2208889.4
2026-06-08 20:00:00,5.718,5.848,5.621,5.654,1580561.4
2026-06-09 00:00:00,5.654,5.666,5.427,5.473,1743994.3
2026-06-09 04:00:00,5.473,5.699,5.453,5.659,1136195.3
2026-06-09 08:00:00,5.66,5.807,5.57,5.771,1774507.7
2026-06-09 12:00:00,5.771,5.841,5.496,5.509,2817303.7
2026-06-09 16:00:00,5.508,5.631,5.406,5.613,2105572.7
2026-06-09 20:00:00,5.614,5.691,5.493,5.537,1303224.2
2026-06-10 00:00:00,5.538,5.578,5.333,5.34,1281891.2
2026-06-10 04:00:00,5.34,5.372,5.244,5.258,1422755.4
2026-06-10 08:00:00,5.259,5.299,5.036,5.06,2599359.3
2026-06-10 12:00:00,5.061,5.364,5.027,5.313,3567303.8
2026-06-10 16:00:00,5.314,5.34,5.043,5.046,2280624.3
2026-06-10 20:00:00,5.046,5.082,4.883,4.938,2095929.7
2026-06-11 00:00:00,4.938,5.422,4.936,5.239,2575494.5
2026-06-11 04:00:00,5.239,5.341,5.179,5.267,1680832.4
2026-06-11 08:00:00,5.267,5.306,5.149,5.258,1407155.4
2026-06-11 12:00:00,5.258,5.308,5.131,5.157,1535544.2
2026-06-11 16:00:00,5.157,5.385,5.039,5.332,2355700.4
2026-06-11 20:00:00,5.332,5.5,5.256,5.399,1532209.6
2026-06-12 00:00:00,5.399,5.637,5.372,5.54,1486008.9
2026-06-12 04:00:00,5.541,5.617,5.35,5.401,1806536.0
2026-06-12 08:00:00,5.402,5.473,5.325,5.33,1242647.8
2026-06-12 12:00:00,5.329,5.391,5.107,5.117,2714650.5
2026-06-12 16:00:00,5.116,5.179,5.049,5.126,1885995.4
2026-06-12 20:00:00,5.126,5.198,5.075,5.077,960607.4
2026-06-13 00:00:00,5.078,5.159,5.054,5.115,1116701.7
2026-06-13 04:00:00,5.115,5.45,5.021,5.319,2491145.3
2026-06-13 08:00:00,5.32,5.354,5.223,5.249,1146027.7
2026-06-13 12:00:00,5.251,5.348,5.238,5.291,1029843.8
2026-06-13 16:00:00,5.291,5.295,5.143,5.19,1231771.0
2026-06-13 20:00:00,5.189,5.295,5.145,5.269,811309.3
2026-06-14 00:00:00,5.269,5.282,5.187,5.207,682429.9
2026-06-14 04:00:00,5.208,5.21,5.102,5.132,813707.9
2026-06-14 08:00:00,5.133,5.181,5.093,5.129,906076.5
2026-06-14 12:00:00,5.13,5.149,4.98,5.029,1467486.3
2026-06-14 16:00:00,5.028,5.107,4.914,4.977,1192378.6
2026-06-14 20:00:00,4.978,5.255,4.971,5.229,1776902.6
2026-06-15 00:00:00,5.228,5.252,5.075,5.169,1191649.6
2026-06-15 04:00:00,5.168,5.304,5.154,5.236,1155707.6
2026-06-15 08:00:00,5.237,5.505,5.174,5.484,2411729.5
2026-06-15 12:00:00,5.485,5.734,5.393,5.64,3571482.5
2026-06-15 16:00:00,5.64,5.744,5.553,5.61,2288158.8
2026-06-15 20:00:00,5.609,5.734,5.491,5.575,1464719.5
2026-06-16 00:00:00,5.574,5.716,5.44,5.707,1564778.5
2026-06-16 04:00:00,5.707,5.857,5.549,5.813,2555691.7
2026-06-16 08:00:00,5.813,6.108,5.75,6.022,3451825.9
2026-06-16 12:00:00,6.022,6.028,5.569,5.624,3755326.7
2026-06-16 16:00:00,5.624,5.745,5.52,5.689,1970982.7
2026-06-16 20:00:00,5.688,5.741,5.524,5.541,1129154.3
2026-06-17 00:00:00,5.541,5.705,5.534,5.608,1192069.6
2026-06-17 04:00:00,5.608,5.673,5.466,5.516,1413317.5
2026-06-17 08:00:00,5.516,5.531,5.36,5.413,2605833.5
2026-06-17 12:00:00,5.414,5.538,5.338,5.532,2199730.6
2026-06-17 16:00:00,5.532,5.624,5.361,5.377,2663171.1
2026-06-17 20:00:00,5.376,5.529,5.262,5.444,1697650.1
2026-06-18 00:00:00,5.443,5.529,5.275,5.279,1182406.2
2026-06-18 04:00:00,5.279,5.297,5.193,5.264,1422558.9
2026-06-18 08:00:00,5.264,5.312,5.18,5.194,1266128.1
2026-06-18 12:00:00,5.195,5.3,5.045,5.09,2308309.7
2026-06-18 16:00:00,5.09,5.228,5.071,5.216,1414886.9
2026-06-18 20:00:00,5.216,5.421,5.216,5.401,1185288.0
2026-06-19 00:00:00,5.402,5.403,5.086,5.106,1775734.9
2026-06-19 04:00:00,5.105,5.137,5.031,5.065,1218515.6
2026-06-19 08:00:00,5.066,5.118,5.025,5.042,1007660.5
2026-06-19 12:00:00,5.043,5.166,4.981,5.127,1535519.4
2026-06-19 16:00:00,5.126,5.135,5.02,5.068,958654.3
2026-06-19 20:00:00,5.069,5.15,5.023,5.129,929281.4
2026-06-20 00:00:00,5.128,5.156,5.034,5.071,799827.9
2026-06-20 04:00:00,5.07,5.182,5.059,5.085,797312.3
2026-06-20 08:00:00,5.084,5.157,5.058,5.069,891549.3
2026-06-20 12:00:00,5.069,5.111,4.885,5.012,2197317.3
2026-06-20 16:00:00,5.013,5.073,4.948,4.99,1100377.8
2026-06-20 20:00:00,4.99,5.092,4.971,5.053,594823.5
2026-06-21 00:00:00,5.054,5.083,4.991,5.078,784478.7
2026-06-21 04:00:00,5.078,5.129,5.0,5.019,852724.7
2026-06-21 08:00:00,5.019,5.086,4.963,4.978,968838.1
2026-06-21 12:00:00,4.978,5.026,4.943,5.0,786818.0
2026-06-21 16:00:00,5.0,5.002,4.877,4.959,1143371.1
2026-06-21 20:00:00,4.959,4.961,4.747,4.817,1615810.0
2026-06-22 00:00:00,4.817,5.023,4.817,4.899,1344019.5
2026-06-22 04:00:00,4.9,4.937,4.859,4.906,724961.3
2026-06-22 08:00:00,4.907,4.947,4.871,4.942,810175.3
2026-06-22 12:00:00,4.942,5.018,4.811,4.823,1877056.9
2026-06-22 16:00:00,4.824,4.914,4.782,4.85,1211040.1
2026-06-22 20:00:00,4.85,4.881,4.759,4.815,804347.9
2026-06-23 00:00:00,4.814,4.841,4.75,4.838,900955.9
2026-06-23 04:00:00,4.839,4.87,4.553,4.607,3155669.4
2026-06-23 08:00:00,4.608,4.635,4.52,4.603,1261173.0
2026-06-23 12:00:00,4.604,4.615,4.502,4.531,1561765.1
2026-06-23 16:00:00,4.53,4.583,4.502,4.565,722910.7
2026-06-23 20:00:00,4.566,4.625,4.524,4.543,565388.5
2026-06-24 00:00:00,4.543,4.586,4.471,4.518,790806.6
2026-06-24 04:00:00,4.518,4.548,4.464,4.515,598022.6
2026-06-24 08:00:00,4.516,4.531,4.272,4.332,2603340.0
2026-06-24 12:00:00,4.332,4.396,4.247,4.264,2428759.8
2026-06-24 16:00:00,4.263,4.336,4.122,4.247,2770887.0
2026-06-24 20:00:00,4.248,4.348,4.202,4.262,1401645.8
2026-06-25 00:00:00,4.263,4.269,4.153,4.154,986013.4
2026-06-25 04:00:00,4.153,4.287,4.146,4.258,2068996.9
2026-06-25 08:00:00,4.257,4.284,4.146,4.168,2043912.0
2026-06-25 12:00:00,4.169,4.344,4.02,4.22,4328486.8
2026-06-25 16:00:00,4.221,4.263,4.101,4.198,1867147.2
2026-06-25 20:00:00,4.198,4.322,4.191,4.275,1258507.6
2026-06-26 00:00:00,4.276,4.456,4.179,4.443,3392161.0
2026-06-26 04:00:00,4.444,4.507,4.338,4.482,1954589.7
2026-06-26 08:00:00,4.481,4.591,4.441,4.47,2456038.8
2026-06-26 12:00:00,4.47,4.727,4.468,4.7,2463936.6
2026-06-26 16:00:00,4.701,4.909,4.663,4.82,2867608.0
2026-06-26 20:00:00,4.82,4.904,4.721,4.871,1633935.2
2026-06-27 00:00:00,4.871,4.969,4.836,4.86,1641330.8
2026-06-27 04:00:00,4.861,5.047,4.794,5.039,1766972.3
2026-06-27 08:00:00,5.04,5.074,4.812,4.856,1941493.8
2026-06-27 12:00:00,4.857,4.982,4.836,4.891,1129863.0
2026-06-27 16:00:00,4.891,4.896,4.725,4.754,1345325.8
2026-06-27 20:00:00,4.753,4.814,4.619,4.633,1458649.9
2026-06-28 00:00:00,4.633,4.707,4.629,4.69,861856.9
2026-06-28 04:00:00,4.69,4.777,4.63,4.732,1113131.7
2026-06-28 08:00:00,4.732,4.761,4.667,4.684,719016.6
2026-06-28 12:00:00,4.683,4.696,4.603,4.624,971490.2
2026-06-28 16:00:00,4.623,4.624,4.555,4.587,749521.0
2026-06-28 20:00:00,4.587,4.627,4.493,4.552,876550.0
2026-06-29 00:00:00,4.553,4.631,4.529,4.618,862872.0
2026-06-29 04:00:00,4.618,4.72,4.562,4.7,1345104.8
2026-06-29 08:00:00,4.7,4.76,4.636,4.657,1473630.6
2026-06-29 12:00:00,4.658,4.85,4.624,4.812,1516916.3
2026-06-29 16:00:00,4.813,4.822,4.697,4.712,983185.8
2026-06-29 20:00:00,4.713,4.731,4.671,4.727,569097.6
2026-06-30 00:00:00,4.726,4.772,4.644,4.727,874146.2
2026-06-30 04:00:00,4.728,4.812,4.675,4.706,893888.2
2026-06-30 08:00:00,4.706,4.709,4.54,4.594,1357603.0
2026-06-30 12:00:00,4.595,4.649,4.477,4.59,1341264.1
2026-06-30 16:00:00,4.591,4.703,4.568,4.638,785070.5
2026-06-30 20:00:00,4.637,4.698,4.534,4.548,876218.7
2026-07-01 00:00:00,4.549,4.753,4.476,4.706,1387875.3
2026-07-01 04:00:00,4.706,4.733,4.613,4.628,616946.1
2026-07-01 08:00:00,4.628,4.686,4.582,4.673,849191.7
2026-07-01 12:00:00,4.674,4.834,4.64,4.821,1422899.8
2026-07-01 16:00:00,4.822,4.876,4.696,4.705,846147.6
2026-07-01 20:00:00,4.706,4.804,4.451,4.49,1951415.4
2026-07-02 00:00:00,4.489,4.594,4.426,4.59,1849325.4
2026-07-02 04:00:00,4.589,4.635,4.5,4.599,1359269.6
2026-07-02 08:00:00,4.599,4.609,4.505,4.545,1197694.6
2026-07-02 12:00:00,4.544,4.726,4.533,4.602,1935988.8
2026-07-02 16:00:00,4.603,4.658,4.585,4.636,898127.0
2026-07-02 20:00:00,4.635,4.671,4.592,4.622,617640.9
2026-07-03 00:00:00,4.622,4.822,4.621,4.743,1519708.2
2026-07-03 04:00:00,4.743,4.787,4.686,4.762,666875.1
2026-07-03 08:00:00,4.763,4.928,4.745,4.919,1259973.8
2026-07-03 12:00:00,4.919,4.936,4.816,4.853,1239071.4
2026-07-03 16:00:00,4.852,4.932,4.824,4.865,955770.7
2026-07-03 20:00:00,4.864,4.91,4.84,4.861,657611.1
2026-07-04 00:00:00,4.861,4.949,4.786,4.899,1011900.3
2026-07-04 04:00:00,4.899,4.934,4.763,4.806,1041683.3
2026-07-04 08:00:00,4.806,4.821,4.745,4.783,812210.3
2026-07-04 12:00:00,4.784,4.871,4.758,4.86,792895.5
2026-07-04 16:00:00,4.86,4.884,4.796,4.855,794675.8
2026-07-04 20:00:00,4.855,4.872,4.784,4.807,459850.9
2026-07-05 00:00:00,4.808,4.815,4.675,4.715,779213.5
2026-07-05 04:00:00,4.715,4.744,4.675,4.73,504633.7
2026-07-05 08:00:00,4.73,4.734,4.591,4.642,1003410.4
2026-07-05 12:00:00,4.643,4.691,4.618,4.659,515304.6
2026-07-05 16:00:00,4.66,4.705,4.626,4.683,494704.6
2026-07-05 20:00:00,4.683,4.834,4.677,4.81,722503.9
2026-07-06 00:00:00,4.809,4.897,4.737,4.894,1266764.5
2026-07-06 04:00:00,4.894,4.9,4.752,4.839,1040391.4
2026-07-06 08:00:00,4.84,4.879,4.756,4.793,907689.4
2026-07-06 12:00:00,4.792,4.891,4.666,4.879,2100919.3
2026-07-06 16:00:00,4.878,4.987,4.832,4.887,1808756.5
2026-07-06 20:00:00,4.887,4.962,4.808,4.816,772078.1
2026-07-07 00:00:00,4.816,4.85,4.735,4.746,891341.3
2026-07-07 04:00:00,4.745,4.787,4.72,4.754,537854.3
2026-07-07 08:00:00,4.755,4.779,4.724,4.757,641587.4
2026-07-07 12:00:00,4.758,4.871,4.667,4.867,1641005.1
2026-07-07 16:00:00,4.868,4.888,4.684,4.751,1999376.1
2026-07-07 20:00:00,4.752,4.774,4.623,4.721,563698.8
2026-07-08 00:00:00,4.721,4.772,4.631,4.671,1143713.5
2026-07-08 04:00:00,4.67,4.734,4.614,4.73,537568.2
2026-07-08 08:00:00,4.73,4.765,4.563,4.613,1563210.4
2026-07-08 12:00:00,4.612,4.67,4.527,4.668,1400687.3
2026-07-08 16:00:00,4.668,4.746,4.59,4.645,1516675.0
2026-07-08 20:00:00,4.646,4.74,4.602,4.735,462440.4
2026-07-09 00:00:00,4.735,4.88,4.701,4.8,1744768.0
2026-07-09 04:00:00,4.8,4.848,4.722,4.828,924377.8
2026-07-09 08:00:00,4.828,4.877,4.791,4.846,692207.8
2026-07-09 12:00:00,4.847,4.925,4.826,4.866,1114958.6
2026-07-09 16:00:00,4.866,4.963,4.847,4.868,854459.8
2026-07-09 20:00:00,4.868,4.96,4.792,4.832,982482.0
2026-07-10 00:00:00,4.832,4.934,4.803,4.853,736140.3
2026-07-10 04:00:00,4.853,4.869,4.784,4.793,680236.1
2026-07-10 08:00:00,4.793,4.949,4.788,4.889,923355.0
2026-07-10 12:00:00,4.889,4.918,4.785,4.835,829585.9
2026-07-10 16:00:00,4.834,4.891,4.816,4.879,444513.1
2026-07-10 20:00:00,4.879,5.026,4.86,5.011,1108303.5
2026-07-11 00:00:00,5.012,5.084,4.927,5.037,1074830.9
2026-07-11 04:00:00,5.037,5.127,4.962,5.09,1365205.6
2026-07-11 08:00:00,5.09,5.153,5.006,5.045,1110701.8
2026-07-11 12:00:00,5.045,5.096,4.999,5.039,824460.0
2026-07-11 16:00:00,5.04,5.04,4.94,5.032,808369.1
2026-07-11 20:00:00,5.032,5.075,4.922,4.925,771538.3
2026-07-12 00:00:00,4.925,4.973,4.848,4.94,1080168.1
2026-07-12 04:00:00,4.94,4.972,4.872,4.905,649266.6
2026-07-12 08:00:00,4.904,4.956,4.857,4.911,565736.1
2026-07-12 12:00:00,4.911,4.937,4.821,4.898,973954.1
2026-07-12 16:00:00,4.899,4.933,4.855,4.891,390868.0
2026-07-12 20:00:00,4.89,4.911,4.8,4.868,625537.2
2026-07-13 00:00:00,4.869,4.961,4.701,4.71,1577880.9
2026-07-13 04:00:00,4.71,4.767,4.682,4.743,898648.0
2026-07-13 08:00:00,4.744,4.781,4.73,4.752,489608.5
2026-07-13 12:00:00,4.752,4.787,4.7,4.725,896989.8
2026-07-13 16:00:00,4.725,4.731,4.647,4.676,670541.4
2026-07-13 20:00:00,4.676,4.705,4.611,4.672,595129.7
2026-07-14 00:00:00,4.672,4.817,4.659,4.775,1507788.5
2026-07-14 04:00:00,4.776,5.088,4.775,4.973,2577460.8
2026-07-14 08:00:00,4.972,5.042,4.92,5.005,1453265.9
2026-07-14 12:00:00,5.005,5.121,4.957,5.01,2352305.4
2026-07-14 16:00:00,5.01,5.041,4.975,5.016,890143.0
2026-07-14 20:00:00,5.016,5.074,4.983,5.052,795720.6
2026-07-15 00:00:00,5.053,5.066,4.959,4.977,762350.3
2026-07-15 04:00:00,4.977,5.026,4.894,4.914,767787.3
2026-07-15 08:00:00,4.914,5.05,4.892,5.045,799701.5
2026-07-15 12:00:00,5.045,5.214,5.043,5.151,1958011.0
2026-07-15 16:00:00,5.15,5.155,5.055,5.088,802393.1
2026-07-15 20:00:00,5.088,5.166,5.074,5.091,531787.1
2026-07-16 00:00:00,5.091,5.175,5.069,5.123,709091.6
2026-07-16 04:00:00,5.123,5.23,5.095,5.137,1144243.5
2026-07-16 08:00:00,5.138,5.139,5.001,5.022,1483733.3
2026-07-16 12:00:00,5.022,5.114,4.992,5.05,1393672.2
2026-07-16 16:00:00,5.05,5.057,4.955,4.973,1100955.5
2026-07-16 20:00:00,4.973,5.026,4.851,4.856,944754.4
2026-07-17 00:00:00,4.856,4.901,4.827,4.849,871614.2
2026-07-17 04:00:00,4.848,4.958,4.815,4.896,1164990.8
2026-07-17 08:00:00,4.897,4.956,4.843,4.926,861099.1
2026-07-17 12:00:00,4.927,5.105,4.866,5.097,2269636.3
2026-07-17 16:00:00,5.097,5.104,5.032,5.061,827198.1
2026-07-17 20:00:00,5.061,5.147,5.045,5.143,618632.6
2026-07-18 00:00:00,5.143,5.223,5.134,5.207,1268302.7
2026-07-18 04:00:00,5.208,5.209,5.034,5.057,1122104.4
2026-07-18 08:00:00,5.058,5.136,5.018,5.117,752160.6
2026-07-18 12:00:00,5.117,5.182,5.075,5.097,815526.6
2026-07-18 16:00:00,5.097,5.191,5.094,5.146,737799.1
2026-07-18 20:00:00,5.145,5.176,5.111,5.162,355659.9
2026-07-19 00:00:00,5.163,5.211,5.07,5.072,703155.6
2026-07-19 04:00:00,5.072,5.122,5.06,5.091,378540.1
2026-07-19 08:00:00,5.09,5.096,5.045,5.05,436430.9
2026-07-19 12:00:00,5.05,5.143,5.025,5.107,610817.6
2026-07-19 16:00:00,5.107,5.145,5.048,5.139,587047.7
2026-07-19 20:00:00,5.14,5.176,5.093,5.105,438481.7
2026-07-20 00:00:00,5.105,5.193,5.093,5.136,550817.9
2026-07-20 04:00:00,5.135,5.162,5.074,5.133,629979.3
2026-07-20 08:00:00,5.133,5.3,5.092,5.299,1572879.1
2026-07-20 12:00:00,5.3,5.33,5.221,5.304,1707323.4
2026-07-20 16:00:00,5.304,5.485,5.274,5.408,1857177.7
2026-07-20 20:00:00,5.408,5.412,5.326,5.344,738531.4
2026-07-21 00:00:00,5.344,5.392,5.313,5.383,660682.0
2026-07-21 04:00:00,5.384,5.395,5.321,5.357,773029.4
2026-07-21 08:00:00,5.357,5.409,5.336,5.385,987273.8
2026-07-21 12:00:00,5.386,5.391,5.268,5.277,970297.3
2026-07-21 16:00:00,5.276,5.351,5.265,5.313,759356.7
2026-07-21 20:00:00,5.314,5.352,5.291,5.301,401772.2
2026-07-22 00:00:00,5.301,5.396,5.285,5.366,671358.3
2026-07-22 04:00:00,5.366,5.426,5.164,5.195,1485745.8
2026-07-22 08:00:00,5.196,5.27,5.185,5.225,880293.1
2026-07-22 12:00:00,5.226,5.266,5.199,5.218,923898.5
2026-07-22 16:00:00,5.217,5.259,5.152,5.158,867331.9
2026-07-22 20:00:00,5.159,5.201,5.132,5.169,779513.1
2026-07-23 00:00:00,5.169,5.172,5.076,5.109,967236.9
2026-07-23 04:00:00,5.108,5.175,5.082,5.126,661014.5
2026-07-23 08:00:00,5.126,5.205,5.114,5.169,585643.5
2026-07-23 12:00:00,5.169,5.21,5.108,5.148,795334.9
2026-07-23 16:00:00,5.147,5.168,5.081,5.122,537128.2
2026-07-23 20:00:00,5.121,5.196,5.119,5.172,366725.6
2026-07-24 00:00:00,5.173,5.403,5.169,5.356,1792073.5
2026-07-24 04:00:00,5.356,5.454,5.336,5.421,1654757.8
2026-07-24 08:00:00,5.422,5.427,5.287,5.339,1621316.8
2026-07-24 12:00:00,5.338,5.369,5.105,5.245,1974966.6
2026-07-24 16:00:00,5.244,5.269,5.136,5.19,716398.1
2026-07-24 20:00:00,5.19,5.203,5.124,5.167,439962.7
2026-07-25 00:00:00,5.168,5.317,5.16,5.284,861846.3
2026-07-25 04:00:00,5.285,5.348,5.183,5.197,1126038.4
2026-07-25 08:00:00,5.198,5.244,5.15,5.154,1126605.7
2026-07-25 12:00:00,5.154,5.165,5.094,5.115,917893.5
2026-07-25 16:00:00,5.115,5.124,5.004,5.046,1367754.5
2026-07-25 20:00:00,5.045,5.103,5.026,5.077,438948.2
2026-07-26 00:00:00,5.077,5.106,5.041,5.052,549899.6
2026-07-26 04:00:00,5.052,5.084,4.844,4.913,1921606.4
2026-07-26 08:00:00,4.913,4.96,4.882,4.922,1021240.5
2026-07-26 12:00:00,4.922,4.995,4.907,4.988,1008332.7
2026-07-26 16:00:00,4.989,4.995,4.865,4.878,849470.0
2026-07-26 20:00:00,4.877,5.032,4.857,5.009,1148408.1
2026-07-27 00:00:00,5.009,5.01,4.906,4.926,841857.7
2026-07-27 04:00:00,4.926,4.947,4.897,4.911,786351.1
2026-07-27 08:00:00,4.911,4.969,4.87,4.914,1625450.3
2026-07-27 12:00:00,4.915,4.956,4.78,4.811,2332534.7
2026-07-27 16:00:00,4.811,4.893,4.798,4.835,746353.8
2026-07-27 20:00:00,4.836,4.843,4.711,4.724,954944.5
2026-07-28 00:00:00,4.724,4.765,4.693,4.731,982414.3
2026-07-28 04:00:00,4.732,4.74,4.638,4.646,716374.8
2026-07-28 08:00:00,4.646,4.655,4.575,4.615,1051396.1
2026-07-28 12:00:00,4.615,4.684,4.58,4.652,1096711.0
2026-07-28 16:00:00,4.652,4.653,4.528,4.611,1117227.0
2026-07-28 20:00:00,4.611,4.635,4.587,4.629,660908.1
2026-07-29 00:00:00,4.628,4.648,4.585,4.592,665298.0
2026-07-29 04:00:00,4.592,4.594,4.461,4.499,967053.6
2026-07-29 08:00:00,4.499,4.655,4.48,4.581,1710609.9
2026-07-29 12:00:00,4.582,4.606,4.52,4.552,994807.8
2026-07-29 16:00:00,4.553,4.672,4.519,4.536,1414771.4
2026-07-29 20:00:00,4.536,4.621,4.484,4.602,754109.3
2026-07-30 00:00:00,4.603,4.69,4.578,4.654,834786.4
2026-07-30 04:00:00,4.654,4.836,4.628,4.809,1837928.7
2026-07-30 08:00:00,4.809,4.855,4.762,4.827,1424088.3
2026-07-30 12:00:00,4.827,4.857,4.769,4.818,912933.8
2026-07-30 16:00:00,4.818,4.851,4.798,4.801,581142.1
2026-07-30 20:00:00,4.801,5.019,4.76,5.01,1592697.9
2026-07-31 00:00:00,5.009,5.092,4.886,4.926,1643044.4
2026-07-31 04:00:00,4.926,4.985,4.884,4.903,892384.4
2026-07-31 08:00:00,4.904,4.927,4.82,4.846,1002991.8
2026-07-31 12:00:00,4.847,4.886,4.805,4.818,1331157.7
2026-07-31 16:00:00,4.818,4.872,4.775,4.781,782155.5
2026-07-31 20:00:00,4.781,4.888,4.754,4.866,709382.9
2026-08-01 00:00:00,4.865,4.915,4.813,4.856,774209.8
2026-08-01 04:00:00,4.855,4.866,4.815,4.847,469757.7
2026-08-01 08:00:00,4.847,4.936,4.837,4.901,571219.5
2026-08-01 12:00:00,4.901,4.954,4.881,4.902,587727.2
2026-08-01 16:00:00,4.902,4.95,4.834,4.895,1235279.8
2026-08-01 20:00:00,4.894,4.945,4.864,4.867,550807.5
2026-08-02 00:00:00,4.868,4.946,4.853,4.902,598903.1
2026-08-02 04:00:00,4.902,4.975,4.889,4.925,864230.2
2026-08-02 08:00:00,4.925,4.966,4.898,4.929,483156.4
2026-08-02 12:00:00,4.929,5.01,4.903,4.984,897885.6
2026-08-02 16:00:00,4.984,5.162,4.976,5.152,1098181.3
2026-08-02 20:00:00,5.153,5.156,5.058,5.069,638708.1
2026-08-03 00:00:00,5.07,5.08,4.987,5.027,639040.0
2026-08-03 04:00:00,5.027,5.042,4.914,4.917,888240.1
2026-08-03 08:00:00,4.917,4.98,4.901,4.936,985998.0
2026-08-03 12:00:00,4.937,4.997,4.92,4.977,843494.7
2026-08-03 16:00:00,4.977,5.028,4.969,5.023,658719.9
2026-08-03 20:00:00,5.022,5.043,4.93,4.953,667047.2
2026-08-04 00:00:00,4.953,5.036,4.92,5.022,571978.2
2026-08-04 04:00:00,5.022,5.032,4.973,4.998,398123.8
2026-08-04 08:00:00,4.999,5.015,4.939,4.946,355479.0
2026-08-04 12:00:00,4.945,4.954,4.9,4.925,633214.9
2026-08-04 16:00:00,4.924,4.945,4.882,4.928,453784.3
2026-08-04 20:00:00,4.927,4.951,4.875,4.883,457818.6
2026-08-05 00:00:00,4.884,4.888,4.809,4.819,880052.6
2026-08-05 04:00:00,4.819,4.908,4.814,4.894,508079.7
2026-08-05 08:00:00,4.894,4.902,4.849,4.89,477373.6
2026-08-05 12:00:00,4.89,4.982,4.846,4.914,1234971.9
2026-08-05 16:00:00,4.914,4.971,4.901,4.909,482843.4
2026-08-05 20:00:00,4.908,4.929,4.837,4.856,523767.5
2026-08-06 00:00:00,4.856,4.885,4.693,4.714,1048245.4
2026-08-06 04:00:00,4.715,4.751,4.676,4.736,808936.5
2026-08-06 08:00:00,4.736,4.741,4.595,4.667,1479257.2
2026-08-06 12:00:00,4.667,4.682,4.618,4.642,858981.7
2026-08-06 16:00:00,4.642,4.664,4.596,4.612,809172.6
2026-08-06 20:00:00,4.612,4.636,4.555,4.574,705104.8
2026-08-07 00:00:00,4.574,4.576,4.481,4.495,1052670.2
2026-08-07 04:00:00,4.494,4.527,4.417,4.497,1406069.4
2026-08-07 08:00:00,4.497,4.546,4.481,4.523,734972.3
2026-08-07 12:00:00,4.523,4.55,4.492,4.51,645391.6
2026-08-07 16:00:00,4.511,4.534,4.462,4.472,778954.2
2026-08-07 20:00:00,4.472,4.517,4.469,4.509,424263.1
2026-08-08 00:00:00,4.508,4.573,4.506,4.531,458304.0
2026-08-08 04:00:00,4.532,4.549,4.457,4.482,461157.9
2026-08-08 08:00:00,4.481,4.502,4.342,4.392,1267700.5
2026-08-08 12:00:00,4.391,4.457,4.359,4.429,1039054.1
2026-08-08 16:00:00,4.43,4.463,4.38,4.403,941615.5
2026-08-08 20:00:00,4.402,4.435,4.388,4.409,356455.5
2026-08-09 00:00:00,4.409,4.44,4.356,4.398,555061.6
2026-08-09 04:00:00,4.397,4.453,4.371,4.439,498372.1
2026-08-09 08:00:00,4.439,4.474,4.403,4.453,515772.5
2026-08-09 12:00:00,4.453,4.472,4.441,4.448,419655.6
2026-08-09 16:00:00,4.449,4.46,4.406,4.426,396682.4
2026-08-09 20:00:00,4.426,4.451,4.278,4.295,1044788.8
2026-08-10 00:00:00,4.295,4.37,4.282,4.342,822952.9
2026-08-10 04:00:00,4.342,4.466,4.334,4.444,786883.0
2026-08-10 08:00:00,4.444,4.485,4.421,4.46,548930.3
2026-08-10 12:00:00,4.461,4.481,4.414,4.456,694215.3
2026-08-10 16:00:00,4.455,4.532,4.399,4.481,1027493.5
2026-08-10 20:00:00,4.482,4.482,4.361,4.381,585622.4
2026-08-11 00:00:00,4.381,4.458,4.361,4.44,633730.6
2026-08-11 04:00:00,4.441,4.5,4.423,4.473,636740.7
2026-08-11 08:00:00,4.473,4.514,4.447,4.501,804439.8
2026-08-11 12:00:00,4.502,4.521,4.443,4.495,1081353.7
2026-08-11 16:00:00,4.496,4.526,4.429,4.475,861843.9
2026-08-11 20:00:00,4.475,4.671,4.471,4.662,1925497.3
2026-08-12 00:00:00,4.661,4.698,4.568,4.572,1321458.2
2026-08-12 04:00:00,4.572,4.655,4.57,4.617,844315.8
2026-08-12 08:00:00,4.616,4.645,4.581,4.591,603589.2
2026-08-12 12:00:00,4.592,4.599,4.507,4.566,1142041.4
2026-08-12 16:00:00,4.567,4.623,4.542,4.621,553628.1
2026-08-12 20:00:00,4.621,4.658,4.577,4.623,638655.9
2026-08-13 00:00:00,4.622,4.684,4.622,4.681,527689.1
2026-08-13 04:00:00,4.681,4.686,4.585,4.594,522298.9
2026-08-13 08:00:00,4.594,4.609,4.534,4.556,841424.7
2026-08-13 12:00:00,4.555,4.647,4.545,4.626,681022.4
2026-08-13 16:00:00,4.625,4.638,4.577,4.61,539098.2
2026-08-13 20:00:00,4.609,4.636,4.604,4.608,235046.7
2026-08-14 00:00:00,4.608,4.617,4.524,4.533,522687.3
2026-08-14 04:00:00,4.533,4.579,4.484,4.495,564813.9
2026-08-14 08:00:00,4.496,4.536,4.405,4.424,841142.0
2026-08-14 12:00:00,4.425,4.43,4.154,4.221,2972013.3
2026-08-14 16:00:00,4.221,4.347,4.213,4.287,1938516.7
2026-08-14 20:00:00,4.288,4.302,4.193,4.271,545509.8
2026-08-15 00:00:00,4.271,4.29,4.222,4.236,620849.2
2026-08-15 04:00:00,4.235,4.246,4.162,4.181,800348.3
2026-08-15 08:00:00,4.181,4.215,4.162,4.172,583575.5
2026-08-15 12:00:00,4.172,4.205,4.107,4.196,1183963.7
2026-08-15 16:00:00,4.196,4.238,4.17,4.184,569636.5
2026-08-15 20:00:00,4.184,4.188,4.137,4.168,360136.6
2026-08-16 00:00:00,4.169,4.219,4.155,4.16,477710.1
2026-08-16 04:00:00,4.159,4.187,4.056,4.129,987258.0
2026-08-16 08:00:00,4.128,4.132,4.052,4.103,680128.3
2026-08-16 12:00:00,4.103,4.136,4.101,4.131,360898.0
2026-08-16 16:00:00,4.131,4.153,4.085,4.105,1097975.5
2026-08-16 20:00:00,4.104,4.108,4.031,4.08,930134.6
2026-08-17 00:00:00,4.08,4.16,4.065,4.148,758406.7
2026-08-17 04:00:00,4.148,4.189,4.146,4.171,799304.4
2026-08-17 08:00:00,4.171,4.174,4.062,4.101,1121017.1
2026-08-17 12:00:00,4.1,4.137,4.077,4.134,686591.1
2026-08-17 16:00:00,4.135,4.149,4.102,4.125,490239.9
2026-08-17 20:00:00,4.125,4.125,4.04,4.078,549926.0
2026-08-18 00:00:00,4.078,4.083,3.948,4.029,1261792.0
2026-08-18 04:00:00,4.029,4.065,4.002,4.02,774183.3
2026-08-18 08:00:00,4.019,4.073,4.001,4.068,669072.2
2026-08-18 12:00:00,4.068,4.089,4.031,4.062,716983.5
2026-08-18 16:00:00,4.062,4.078,4.035,4.049,453753.2
2026-08-18 20:00:00,4.048,4.097,4.039,4.082,374134.4
2026-08-19 00:00:00,4.082,4.148,4.055,4.14,820824.9
2026-08-19 04:00:00,4.14,4.27,4.131,4.239,1687572.7
2026-08-19 08:00:00,4.239,4.262,4.199,4.242,876663.8
2026-08-19 12:00:00,4.243,4.428,4.223,4.321,2904612.6
2026-08-19 16:00:00,4.321,4.55,4.318,4.52,2065799.6
2026-08-19 20:00:00,4.52,4.661,4.508,4.579,2470535.8
2026-08-20 00:00:00,4.578,4.666,4.539,4.609,1379991.3
2026-08-20 04:00:00,4.608,4.69,4.596,4.617,980825.7
2026-08-20 08:00:00,4.617,4.886,4.615,4.861,2132228.4
2026-08-20 12:00:00,4.86,4.884,4.663,4.758,3580085.8
2026-08-20 16:00:00,4.758,4.781,4.684,4.714,1183918.7
2026-08-20 20:00:00,4.714,4.778,4.708,4.769,769746.7
2026-08-21 00:00:00,4.769,4.785,4.725,4.751,755156.3
2026-08-21 04:00:00,4.751,4.912,4.726,4.889,2073748.5
2026-08-21 08:00:00,4.889,5.028,4.83,4.863,2839919.2
2026-08-21 12:00:00,4.863,5.058,4.849,4.969,2095267.7
2026-08-21 16:00:00,4.969,5.019,4.855,4.866,1478943.3
2026-08-21 20:00:00,4.866,5.129,4.853,5.061,1318171.6
2026-08-22 00:00:00,5.061,5.27,5.015,5.193,1895041.9
2026-08-22 04:00:00,5.193,5.334,4.5,4.938,4029133.3
2026-08-22 08:00:00,4.939,4.963,4.711,4.811,1721600.0
2026-08-22 12:00:00,4.81,4.864,4.708,4.803,1388485.9
2026-08-22 16:00:00,4.802,5.0,4.798,4.956,1244125.3
2026-08-22 20:00:00,4.956,4.999,4.857,4.936,763537.0
2026-08-23 00:00:00,4.935,4.984,4.79,4.838,989858.6
2026-08-23 04:00:00,4.837,4.914,4.729,4.818,1172386.7
2026-08-23 08:00:00,4.817,5.096,4.805,5.063,1421982.7
2026-08-23 12:00:00,5.063,5.25,4.964,5.222,2202066.6
2026-08-23 16:00:00,5.221,5.372,5.205,5.305,2240382.8
2026-08-23 20:00:00,5.304,5.465,5.256,5.356,1391974.1
2026-08-24 00:00:00,5.356,5.425,5.261,5.271,1801289.1
2026-08-24 04:00:00,5.27,5.393,5.191,5.354,1533380.3
2026-08-24 08:00:00,5.354,5.493,5.277,5.462,1817379.7
2026-08-24 12:00:00,5.461,5.802,5.345,5.669,3948001.7
2026-08-24 16:00:00,5.67,6.009,5.568,5.596,6082844.0
2026-08-24 20:00:00,5.596,5.747,5.582,5.691,1195433.1
2026-08-25 00:00:00,5.691,5.998,5.68,5.912,2255551.8
2026-08-25 04:00:00,5.913,6.005,5.82,5.9,2522037.6
2026-08-25 08:00:00,5.9,6.067,5.713,5.886,2562410.5
2026-08-25 12:00:00,5.887,5.98,5.664,5.766,2887816.7
2026-08-25 16:00:00,5.767,5.791,5.605,5.638,1214500.4
2026-08-25 20:00:00,5.639,5.664,5.345,5.566,2704834.3
2026-08-26 00:00:00,5.566,5.68,5.523,5.551,850469.7
2026-08-26 04:00:00,5.551,5.63,5.495,5.53,747899.9
2026-08-26 08:00:00,5.531,5.585,5.401,5.414,957475.7
2026-08-26 12:00:00,5.415,5.56,5.29,5.32,1945518.7
2026-08-26 16:00:00,5.32,5.458,5.254,5.451,1064460.0
2026-08-26 20:00:00,5.45,5.556,5.346,5.551,1179094.1
2026-08-27 00:00:00,5.551,5.608,5.431,5.449,1030836.6
2026-08-27 04:00:00,5.449,5.485,5.322,5.473,797973.4
2026-08-27 08:00:00,5.473,5.583,5.403,5.428,1515283.6
2026-08-27 12:00:00,5.429,5.625,5.361,5.542,2070791.5
2026-08-27 16:00:00,5.542,5.568,5.416,5.48,1815666.2
2026-08-27 20:00:00,5.479,5.518,5.429,5.492,429243.2
2026-08-28 00:00:00,5.492,5.58,5.267,5.344,1701363.0
2026-08-28 04:00:00,5.344,5.385,5.292,5.35,558059.4
2026-08-28 08:00:00,5.35,5.393,5.243,5.363,719201.9
2026-08-28 12:00:00,5.363,5.458,5.274,5.28,1293518.1
2026-08-28 16:00:00,5.28,5.29,5.083,5.12,1888166.5
2026-08-28 20:00:00,5.119,5.174,5.081,5.147,628195.5
2026-08-29 00:00:00,5.147,5.192,5.031,5.036,737662.6
2026-08-29 04:00:00,5.036,5.099,5.032,5.04,478591.5
2026-08-29 08:00:00,5.039,5.056,4.999,5.035,608286.3
2026-08-29 12:00:00,5.036,5.109,4.993,5.07,897585.3
2026-08-29 16:00:00,5.071,5.124,5.05,5.11,1343622.1
2026-08-29 20:00:00,5.111,5.202,5.103,5.164,707919.6
2026-08-30 00:00:00,5.164,5.179,5.09,5.099,364086.3
2026-08-30 04:00:00,5.098,5.208,5.073,5.186,605999.8
2026-08-30 08:00:00,5.186,5.266,5.151,5.258,720210.0
2026-08-30 12:00:00,5.259,5.36,5.246,5.268,1323291.7
2026-08-30 16:00:00,5.268,5.341,5.221,5.242,799840.2
2026-08-30 20:00:00,5.242,5.262,4.913,4.981,2050787.7
2026-08-31 00:00:00,4.981,5.004,4.874,4.965,1197848.6
2026-08-31 04:00:00,4.966,5.059,4.911,5.015,799115.9
2026-08-31 08:00:00,5.016,5.057,4.974,4.995,565680.2
2026-08-31 12:00:00,4.996,5.039,4.921,4.948,877896.2
2026-08-31 16:00:00,4.948,5.027,4.912,4.975,1438642.2
2026-08-31 20:00:00,4.975,5.019,4.896,4.929,954596.9
2026-09-01 00:00:00,4.93,4.992,4.857,4.944,1229859.3
2026-09-01 04:00:00,4.945,5.01,4.902,4.95,1211816.9
2026-09-01 08:00:00,4.951,4.957,4.798,4.855,2685157.7
2026-09-01 12:00:00,4.856,4.928,4.792,4.894,1362407.5
2026-09-01 16:00:00,4.894,4.897,4.784,4.807,1434825.7
2026-09-01 20:00:00,4.808,4.829,4.774,4.802,621647.0
2026-09-02 00:00:00,4.801,4.925,4.736,4.884,1249613.3
2026-09-02 04:00:00,4.884,4.907,4.819,4.885,1137247.8
2026-09-02 08:00:00,4.886,4.91,4.743,4.785,1175560.5
2026-09-02 12:00:00,4.785,4.856,4.707,4.773,1154660.0
2026-09-02 16:00:00,4.774,4.781,4.717,4.749,618397.9
2026-09-02 20:00:00,4.75,4.779,4.72,4.764,476261.7
2026-09-03 00:00:00,4.764,4.823,4.732,4.756,802258.7
2026-09-03 04:00:00,4.757,4.878,4.725,4.845,898452.8
2026-09-03 08:00:00,4.846,4.977,4.829,4.965,1151220.4
2026-09-03 12:00:00,4.966,5.093,4.897,5.085,2157033.6
2026-09-03 16:00:00,5.086,5.096,5.004,5.054,965399.6
2026-09-03 20:00:00,5.054,5.083,4.956,4.969,718077.0
2026-09-04 00:00:00,4.969,5.008,4.901,4.914,1083041.5
2026-09-04 04:00:00,4.913,4.923,4.74,4.787,1823556.7
2026-09-04 08:00:00,4.788,4.861,4.779,4.817,1114180.4
2026-09-04 12:00:00,4.817,4.847,4.636,4.722,2425256.3
2026-09-04 16:00:00,4.722,4.785,4.714,4.768,856095.9
2026-09-04 20:00:00,4.768,4.808,4.735,4.807,592557.7
2026-09-05 00:00:00,4.807,4.831,4.743,4.755,743071.4
2026-09-05 04:00:00,4.754,4.941,4.709,4.94,1186931.8
2026-09-05 08:00:00,4.939,4.956,4.878,4.934,887113.8
2026-09-05 12:00:00,4.934,4.977,4.867,4.898,1481980.1
2026-09-05 16:00:00,4.897,4.932,4.879,4.922,1278943.8
2026-09-05 20:00:00,4.921,4.952,4.888,4.939,1012183.6
2026-09-06 00:00:00,4.94,5.159,4.94,5.109,2094809.7
2026-09-06 04:00:00,5.109,5.184,5.047,5.115,1506369.9
2026-09-06 08:00:00,5.115,5.188,5.088,5.132,1304013.6
2026-09-06 12:00:00,5.133,5.151,5.0,5.149,1655754.9
2026-09-06 16:00:00,5.149,5.221,5.091,5.193,1363125.0
2026-09-06 20:00:00,5.193,5.385,5.12,5.305,3137479.1
2026-09-07 00:00:00,5.305,5.65,5.302,5.47,3830847.3
2026-09-07 04:00:00,5.469,5.681,5.457,5.552,2593391.0
2026-09-07 08:00:00,5.552,5.707,5.552,5.644,1742568.1
2026-09-07 12:00:00,5.645,5.797,5.616,5.666,3221760.0
2026-09-07 16:00:00,5.666,6.292,5.586,6.261,7174973.9
2026-09-07 20:00:00,6.261,6.353,6.023,6.181,7582549.0
2026-09-08 00:00:00,6.182,6.714,6.153,6.505,7774200.0
2026-09-08 04:00:00,6.505,6.567,6.22,6.247,4388411.5
2026-09-08 08:00:00,6.246,6.347,6.169,6.268,2691272.4
2026-09-08 12:00:00,6.267,6.568,6.177,6.41,4607227.4
2026-09-08 16:00:00,6.411,6.496,6.327,6.404,2748867.6
2026-09-08 20:00:00,6.405,6.477,6.334,6.402,1136181.8
2026-09-09 00:00:00,6.403,6.544,6.249,6.254,2009787.8
2026-09-09 04:00:00,6.253,6.338,6.219,6.323,1672104.9
2026-09-09 08:00:00,6.324,6.382,6.187,6.333,1423301.9
2026-09-09 12:00:00,6.333,6.358,6.001,6.091,2583198.8
2026-09-09 16:00:00,6.091,6.252,6.067,6.132,1111304.4
2026-09-09 20:00:00,6.132,6.148,5.961,6.129,1211633.3
2026-09-10 00:00:00,6.129,6.149,5.94,6.075,1735865.5
2026-09-10 04:00:00,6.074,6.145,6.004,6.041,757031.5
2026-09-10 08:00:00,6.041,6.094,5.955,6.007,943197.8
2026-09-10 12:00:00,6.006,6.064,5.79,5.842,2414428.4
2026-09-10 16:00:00,5.842,6.037,5.75,5.953,1371620.9
2026-09-10 20:00:00,5.954,6.048,5.914,5.94,801950.3
2026-09-11 00:00:00,5.939,6.015,5.885,5.999,842962.8
2026-09-11 04:00:00,5.998,6.049,5.931,5.987,855073.4
2026-09-11 08:00:00,5.988,6.001,5.809,5.834,1057561.7
2026-09-11 12:00:00,5.834,6.131,5.726,5.912,3628837.8
2026-09-11 16:00:00,5.913,5.95,5.774,5.88,1550214.4
2026-09-11 20:00:00,5.88,5.943,5.692,5.734,1031405.1
2026-09-12 00:00:00,5.733,5.972,5.719,5.938,859804.7
2026-09-12 04:00:00,5.939,5.992,5.823,5.956,1202230.7
2026-09-12 08:00:00,5.957,6.044,5.913,5.956,769221.8
2026-09-12 12:00:00,5.956,5.978,5.909,5.933,460619.0
2026-09-12 16:00:00,5.932,6.184,5.928,6.045,1512387.9
2026-09-12 20:00:00,6.044,6.11,5.962,5.986,559037.1
2026-09-13 00:00:00,5.985,6.146,5.86,5.885,1291560.7
2026-09-13 04:00:00,5.885,5.986,5.847,5.854,646748.4
2026-09-13 08:00:00,5.854,5.862,5.765,5.814,745303.7
2026-09-13 12:00:00,5.815,6.196,5.808,6.11,2051032.6
2026-09-13 16:00:00,6.11,6.224,6.062,6.079,1212485.7
2026-09-13 20:00:00,6.079,6.161,5.861,5.9,1416148.6
2026-09-14 00:00:00,5.9,6.198,5.841,6.186,1606572.7
2026-09-14 04:00:00,6.186,6.27,6.083,6.098,1255725.0
2026-09-14 08:00:00,6.099,6.138,6.015,6.051,1067800.2
2026-09-14 12:00:00,6.051,6.26,5.936,6.221,2547871.7
2026-09-14 16:00:00,6.221,6.427,6.187,6.317,1919620.7
2026-09-14 20:00:00,6.318,6.433,6.254,6.28,1454822.0
2026-09-15 00:00:00,6.28,6.296,6.08,6.114,1189843.6
2026-09-15 04:00:00,6.113,6.179,5.99,5.995,1222972.7
2026-09-15 08:00:00,5.996,6.029,5.889,5.918,1150089.9
2026-09-15 12:00:00,5.918,5.959,5.593,5.683,2954016.8
2026-09-15 16:00:00,5.684,5.685,5.411,5.507,2771498.5
2026-09-15 20:00:00,5.508,5.51,5.379,5.433,1169580.1
2026-09-16 00:00:00,5.433,5.496,5.369,5.464,1049410.8
2026-09-16 04:00:00,5.464,5.484,5.368,5.385,790803.3
2026-09-16 08:00:00,5.385,5.419,5.324,5.397,1077844.1
2026-09-16 12:00:00,5.397,5.437,5.284,5.296,1262249.3
2026-09-16 16:00:00,5.296,5.42,5.147,5.291,3472116.0
2026-09-16 20:00:00,5.291,5.442,5.281,5.408,1167160.7
2026-09-17 00:00:00,5.408,5.56,5.388,5.528,1447510.7
2026-09-17 04:00:00,5.528,5.592,5.457,5.562,854902.4
2026-09-17 08:00:00,5.562,5.654,5.536,5.577,1012547.9
2026-09-17 12:00:00,5.577,5.746,5.523,5.594,1700583.3
2026-09-17 16:00:00,5.596,5.691,5.564,5.68,1132520.5
2026-09-17 20:00:00,5.681,5.765,5.594,5.72,1005002.1
2026-09-18 00:00:00,5.72,5.849,5.664,5.835,1180537.0
2026-09-18 04:00:00,5.836,6.162,5.808,6.147,1797089.1
2026-09-18 08:00:00,6.149,6.984,6.131,6.713,6278099.8
2026-09-18 12:00:00,6.713,6.738,6.397,6.649,3594891.7
2026-09-18 16:00:00,6.65,6.772,6.543,6.618,2170547.6
2026-09-18 20:00:00,6.618,6.735,6.527,6.677,1236529.0
2026-09-19 00:00:00,6.676,6.914,6.659,6.855,2182324.8
2026-09-19 04:00:00,6.856,7.717,6.751,7.603,6359307.8
2026-09-19 08:00:00,7.603,7.795,7.422,7.711,4248882.7
2026-09-19 12:00:00,7.711,7.799,7.35,7.434,3311018.0
2026-09-19 16:00:00,7.434,8.002,7.429,7.954,3744749.3
2026-09-19 20:00:00,7.953,8.355,7.673,7.925,4980977.9
2026-09-20 00:00:00,7.926,8.261,7.371,7.584,5789572.3
2026-09-20 04:00:00,7.583,7.721,7.501,7.665,1466531.8
2026-09-20 08:00:00,7.665,7.916,7.642,7.688,1939926.6
2026-09-20 12:00:00,7.688,8.04,7.673,7.966,2670118.3
2026-09-20 16:00:00,7.966,8.212,7.708,7.74,3096654.9
2026-09-20 20:00:00,7.74,7.886,7.636,7.783,1347034.6
2026-09-21 00:00:00,7.784,7.865,7.661,7.755,1760595.4
2026-09-21 04:00:00,7.756,7.783,7.515,7.71,1392275.3
2026-09-21 08:00:00,7.71,7.964,7.669,7.918,2671545.0
2026-09-21 12:00:00,7.919,8.016,7.61,7.726,2912675.4
2026-09-21 16:00:00,7.726,8.036,7.724,7.85,2230028.6
2026-09-21 20:00:00,7.851,8.0,7.684,7.853,1193382.7
2026-09-22 00:00:00,7.852,7.877,7.451,7.583,2098948.0
2026-09-22 04:00:00,7.582,7.823,7.493,7.786,2231478.1
2026-09-22 08:00:00,7.786,7.861,7.63,7.832,1265136.8
2026-09-22 12:00:00,7.832,7.994,7.569,7.721,2392686.8
2026-09-22 16:00:00,7.72,7.862,7.612,7.822,1535764.1
2026-09-22 20:00:00,7.821,8.226,7.652,7.904,2408336.5
2026-09-23 00:00:00,7.903,8.378,7.55,8.068,3600350.4
2026-09-23 04:00:00,8.068,8.113,7.852,8.009,1465944.7
2026-09-23 08:00:00,8.009,8.278,7.94,8.098,2411986.4
2026-09-23 12:00:00,8.097,8.305,7.58,7.656,3862862.0
2026-09-23 16:00:00,7.654,7.757,7.456,7.613,2710896.5
2026-09-23 20:00:00,7.614,7.941,7.56,7.803,1130026.9
2026-09-24 00:00:00,7.802,8.15,7.738,8.016,1609160.4
2026-09-24 04:00:00,8.016,8.166,7.76,7.872,1977737.7
2026-09-24 08:00:00,7.871,7.995,7.595,7.876,1839668.0
2026-09-24 12:00:00,7.875,8.618,7.812,8.493,3946756.4
2026-09-24 16:00:00,8.494,8.692,7.954,8.254,3836527.8
2026-09-24 20:00:00,8.255,8.288,7.969,8.043,1233193.4
2026-09-25 00:00:00,8.044,8.085,7.824,7.924,1718874.6
2026-09-25 04:00:00,7.924,8.099,7.802,7.887,1626163.4
2026-09-25 08:00:00,7.888,8.294,7.877,8.26,1782686.2
2026-09-25 12:00:00,8.261,8.414,8.065,8.178,2982664.7
2026-09-25 16:00:00,8.178,8.274,7.658,8.196,2020155.5
2026-09-25 20:00:00,8.195,8.253,7.743,8.186,2382291.8
2026-09-26 00:00:00,8.187,8.202,7.747,7.777,2000401.1
2026-09-26 04:00:00,7.777,7.902,7.71,7.837,1454381.4
2026-09-26 08:00:00,7.838,7.874,7.718,7.803,1190018.4
2026-09-26 12:00:00,7.803,7.886,7.667,7.86,1489682.6
2026-09-26 16:00:00,7.861,7.875,7.623,7.651,1566146.5
2026-09-26 20:00:00,7.65,7.793,7.41,7.773,1818639.8
2026-09-27 00:00:00,7.772,7.86,7.691,7.782,930893.9
2026-09-27 04:00:00,7.782,7.907,7.708,7.894,1047875.1
2026-09-27 08:00:00,7.893,7.921,7.753,7.811,980196.0
2026-09-27 12:00:00,7.812,7.879,7.622,7.802,1876055.0
2026-09-27 16:00:00,7.803,7.925,7.74,7.797,897550.3
2026-09-27 20:00:00,7.797,7.882,7.65,7.798,1086772.9
2026-09-28 00:00:00,7.798,7.852,7.665,7.689,1254555.6
2026-09-28 04:00:00,7.688,7.759,7.34,7.36,2250349.3
2026-09-28 08:00:00,7.36,7.494,7.247,7.347,1581439.3
2026-09-28 12:00:00,7.347,7.572,7.208,7.346,2520059.2
2026-09-28 16:00:00,7.345,7.482,7.261,7.323,1512883.7
2026-09-28 20:00:00,7.322,7.455,7.167,7.415,1022098.3
2026-09-29 00:00:00,7.415,7.549,7.211,7.306,1637828.5
2026-09-29 04:00:00,7.306,7.617,7.261,7.614,1194013.8
2026-09-29 08:00:00,7.614,7.738,7.521,7.701,1746635.9
2026-09-29 12:00:00,7.702,7.83,7.542,7.581,2406409.1
2026-09-29 16:00:00,7.58,7.746,7.522,7.664,1441644.8
2026-09-29 20:00:00,7.664,7.811,7.561,7.615,1008650.0
2026-09-30 00:00:00,7.614,7.801,7.546,7.62,926923.4
2026-09-30 04:00:00,7.62,7.773,7.55,7.664,937440.2
2026-09-30 08:00:00,7.663,7.771,7.587,7.632,971100.4
2026-09-30 12:00:00,7.632,7.758,7.281,7.384,2839969.8
2026-09-30 16:00:00,7.385,7.435,7.258,7.299,962522.8
2026-09-30 20:00:00,7.3,7.45,7.287,7.411,722864.2
2026-10-01 00:00:00,7.411,7.477,7.344,7.465,578870.8
2026-10-01 04:00:00,7.466,7.751,7.442,7.496,1521593.1
2026-10-01 08:00:00,7.497,7.58,7.346,7.578,1419250.4
2026-10-01 12:00:00,7.578,7.625,7.386,7.496,1211544.9
2026-10-01 16:00:00,7.497,7.519,7.311,7.4,1197052.4
2026-10-01 20:00:00,7.399,7.443,7.294,7.358,555059.8
2026-10-02 00:00:00,7.359,7.499,7.351,7.442,753976.9
2026-10-02 04:00:00,7.442,7.665,7.427,7.519,1162481.0
2026-10-02 08:00:00,7.519,7.623,7.491,7.494,856372.1
2026-10-02 12:00:00,7.493,7.592,7.342,7.531,2102049.5
2026-10-02 16:00:00,7.531,7.686,7.122,7.338,2488956.4
2026-10-02 20:00:00,7.339,7.474,7.254,7.447,946220.8
2026-10-03 00:00:00,7.448,7.788,7.442,7.634,1521085.3
2026-10-03 04:00:00,7.634,7.838,7.467,7.572,2005599.6
2026-10-03 08:00:00,7.571,7.63,7.483,7.602,851904.9
2026-10-03 12:00:00,7.601,7.734,7.553,7.686,1047643.9
2026-10-03 16:00:00,7.687,7.746,7.58,7.593,676967.8
2026-10-03 20:00:00,7.592,7.681,7.567,7.673,396803.2
2026-10-04 00:00:00,7.674,7.744,7.541,7.549,663661.4
