t,o,h,l,c,v
2024-09-14 04:00:00,0.01244,0.01257,0.01231,0.01243,60694647.0
2024-09-14 08:00:00,0.01243,0.01247,0.01226,0.01231,43547819.0
2024-09-14 12:00:00,0.0123,0.01257,0.01228,0.01253,47837808.0
2024-09-14 16:00:00,0.01253,0.0126,0.01236,0.01244,65668999.0
2024-09-14 20:00:00,0.01244,0.01279,0.01241,0.01266,94582413.0
2024-09-15 00:00:00,0.01266,0.01275,0.0126,0.01264,38692861.0
2024-09-15 04:00:00,0.01265,0.01266,0.01242,0.01245,53426208.0
2024-09-15 08:00:00,0.01244,0.01249,0.01231,0.01239,48687885.0
2024-09-15 12:00:00,0.0124,0.01257,0.01214,0.01228,114153338.0
2024-09-15 16:00:00,0.01229,0.01232,0.01182,0.01194,182790162.0
2024-09-15 20:00:00,0.01193,0.01195,0.0115,0.01163,133997526.0
2024-09-16 00:00:00,0.01164,0.0117,0.01133,0.01144,400599899.0
2024-09-16 04:00:00,0.01144,0.01177,0.01136,0.01171,103984532.0
2024-09-16 08:00:00,0.01172,0.0118,0.01147,0.01159,82195288.0
2024-09-16 12:00:00,0.01158,0.0116,0.01116,0.01134,227454867.0
2024-09-16 16:00:00,0.01134,0.01148,0.01119,0.01139,97940175.0
2024-09-16 20:00:00,0.01138,0.01145,0.01129,0.01139,41673697.0
2024-09-17 00:00:00,0.0114,0.0115,0.01126,0.01145,72165011.0
2024-09-17 04:00:00,0.01146,0.01175,0.01143,0.01158,65860142.0
2024-09-17 08:00:00,0.01158,0.01168,0.01147,0.01152,56157289.0
2024-09-17 12:00:00,0.01152,0.01194,0.01149,0.01182,125765920.0
2024-09-17 16:00:00,0.01183,0.01199,0.01159,0.01169,93885342.0
2024-09-17 20:00:00,0.01168,0.01196,0.01165,0.01194,50423802.0
2024-09-18 00:00:00,0.01195,0.01211,0.01185,0.01198,95936979.0
2024-09-18 04:00:00,0.01198,0.01203,0.01177,0.01185,138244843.0
2024-09-18 08:00:00,0.01185,0.0119,0.01141,0.01166,134417880.0
2024-09-18 12:00:00,0.01166,0.01175,0.01137,0.01142,67296970.0
2024-09-18 16:00:00,0.01141,0.01205,0.01132,0.01176,190789661.0
2024-09-18 20:00:00,0.01176,0.01245,0.01164,0.01242,86448006.0
2024-09-19 00:00:00,0.01241,0.01291,0.01241,0.01276,126074242.0
2024-09-19 04:00:00,0.01277,0.01299,0.01273,0.01292,82010419.0
2024-09-19 08:00:00,0.01293,0.01295,0.01271,0.01291,70776439.0
2024-09-19 12:00:00,0.01291,0.01309,0.0128,0.01294,82734276.0
2024-09-19 16:00:00,0.01293,0.01315,0.0129,0.01292,78062483.0
2024-09-19 20:00:00,0.01292,0.01297,0.01272,0.0128,63327680.0
2024-09-20 00:00:00,0.01281,0.01312,0.01264,0.01312,75193000.0
2024-09-20 04:00:00,0.01311,0.0135,0.01308,0.01343,112416440.0
2024-09-20 08:00:00,0.01344,0.01359,0.01328,0.0134,76121416.0
2024-09-20 12:00:00,0.0134,0.0135,0.01315,0.01334,86770026.0
2024-09-20 16:00:00,0.01334,0.01336,0.01309,0.01325,48670826.0
2024-09-20 20:00:00,0.01325,0.01348,0.01318,0.01344,33615578.0
2024-09-21 00:00:00,0.01344,0.0135,0.01315,0.01332,47094558.0
2024-09-21 04:00:00,0.01331,0.01348,0.01314,0.01343,34952710.0
2024-09-21 08:00:00,0.01342,0.01373,0.01332,0.01359,102222540.0
2024-09-21 12:00:00,0.01359,0.01394,0.01352,0.0138,80131824.0
2024-09-21 16:00:00,0.01379,0.01417,0.01374,0.01415,69819843.0
2024-09-21 20:00:00,0.01416,0.01448,0.01388,0.01406,126390335.0
2024-09-22 00:00:00,0.01407,0.01408,0.01358,0.01371,104358959.0
2024-09-22 04:00:00,0.01371,0.01375,0.01351,0.01364,45072037.0
2024-09-22 08:00:00,0.01365,0.01393,0.01354,0.01371,92014301.0
2024-09-22 12:00:00,0.01372,0.01376,0.01334,0.01337,93836472.0
2024-09-22 16:00:00,0.01337,0.01357,0.01322,0.01347,55289511.0
2024-09-22 20:00:00,0.01348,0.01372,0.01309,0.01362,71681124.0
2024-09-23 00:00:00,0.01362,0.01419,0.01336,0.01418,103235131.0
2024-09-23 04:00:00,0.01419,0.01439,0.01391,0.01393,107930661.0
2024-09-23 08:00:00,0.01393,0.01411,0.01377,0.01399,78506932.0
2024-09-23 12:00:00,0.014,0.0142,0.01387,0.01411,102195152.0
2024-09-23 16:00:00,0.0141,0.01423,0.01385,0.01409,82383176.0
2024-09-23 20:00:00,0.01409,0.01421,0.01403,0.01415,48025741.0
2024-09-24 00:00:00,0.01416,0.01426,0.01381,0.01396,103380164.0
2024-09-24 04:00:00,0.01396,0.01432,0.01374,0.01426,62407459.0
2024-09-24 08:00:00,0.01427,0.01441,0.01413,0.0143,209317652.0
2024-09-24 12:00:00,0.01429,0.01435,0.01388,0.01399,87802546.0
2024-09-24 16:00:00,0.01399,0.01428,0.01397,0.01425,65998522.0
2024-09-24 20:00:00,0.01425,0.0144,0.01409,0.01426,56025538.0
2024-09-25 00:00:00,0.01425,0.01467,0.01422,0.01458,90703176.0
2024-09-25 04:00:00,0.01459,0.01463,0.01401,0.01414,80094669.0
2024-09-25 08:00:00,0.01414,0.01432,0.01409,0.01421,51213463.0
2024-09-25 12:00:00,0.01422,0.0144,0.01393,0.01412,367915364.0
2024-09-25 16:00:00,0.01411,0.01431,0.01401,0.01406,75476965.0
2024-09-25 20:00:00,0.01405,0.01422,0.01388,0.014,61194250.0
2024-09-26 00:00:00,0.01399,0.01416,0.01379,0.01414,66285616.0
2024-09-26 04:00:00,0.01414,0.01447,0.01403,0.01445,78574961.0
2024-09-26 08:00:00,0.01445,0.01455,0.01436,0.01445,67058965.0
2024-09-26 12:00:00,0.01444,0.01475,0.01435,0.01468,98793672.0
2024-09-26 16:00:00,0.01467,0.01489,0.01443,0.01443,82390114.0
2024-09-26 20:00:00,0.01444,0.01453,0.01427,0.01446,70103844.0
2024-09-27 00:00:00,0.01445,0.01475,0.01441,0.01475,53562506.0
2024-09-27 04:00:00,0.01475,0.01506,0.01469,0.01502,77945335.0
2024-09-27 08:00:00,0.01503,0.01511,0.01465,0.01487,63713780.0
2024-09-27 12:00:00,0.01487,0.01514,0.01475,0.01493,77109054.0
2024-09-27 16:00:00,0.01494,0.01521,0.01487,0.01505,59932051.0
2024-09-27 20:00:00,0.01504,0.01517,0.01496,0.01507,25786597.0
2024-09-28 00:00:00,0.01506,0.01537,0.01502,0.01522,56932949.0
2024-09-28 04:00:00,0.01523,0.01535,0.01483,0.01486,53095944.0
2024-09-28 08:00:00,0.01485,0.01497,0.01454,0.01486,67559996.0
2024-09-28 12:00:00,0.01485,0.01488,0.01455,0.0147,56960882.0
2024-09-28 16:00:00,0.0147,0.01476,0.01454,0.01471,38568329.0
2024-09-28 20:00:00,0.0147,0.01471,0.01428,0.01462,56554128.0
2024-09-29 00:00:00,0.01463,0.01478,0.01444,0.01465,56821571.0
2024-09-29 04:00:00,0.01466,0.01467,0.01419,0.01422,36472004.0
2024-09-29 08:00:00,0.01423,0.01443,0.0142,0.01439,34884789.0
2024-09-29 12:00:00,0.0144,0.01445,0.01415,0.01438,58393439.0
2024-09-29 16:00:00,0.01438,0.01488,0.01435,0.01487,67494849.0
2024-09-29 20:00:00,0.01487,0.015,0.01457,0.01467,59985910.0
2024-09-30 00:00:00,0.01468,0.01478,0.0141,0.01439,93120234.0
2024-09-30 04:00:00,0.01439,0.01463,0.01418,0.0145,57656337.0
2024-09-30 08:00:00,0.01452,0.01453,0.01388,0.01402,102903429.0
2024-09-30 12:00:00,0.01402,0.01417,0.01371,0.01375,108195350.0
2024-09-30 16:00:00,0.01375,0.01388,0.01364,0.01376,98581199.0
2024-09-30 20:00:00,0.01376,0.01393,0.01333,0.01344,87950239.0
2024-10-01 00:00:00,0.01344,0.01389,0.0133,0.01387,66813735.0
2024-10-01 04:00:00,0.01387,0.01409,0.01374,0.01396,53898979.0
2024-10-01 08:00:00,0.01396,0.0141,0.01392,0.01396,42415996.0
2024-10-01 12:00:00,0.01396,0.014,0.0126,0.01298,216055711.0
2024-10-01 16:00:00,0.01298,0.01305,0.01188,0.01239,261438046.0
2024-10-01 20:00:00,0.01238,0.01245,0.01213,0.01213,137825240.0
2024-10-02 00:00:00,0.01213,0.01235,0.0119,0.01232,165582754.0
2024-10-02 04:00:00,0.01233,0.01269,0.01221,0.01259,102609258.0
2024-10-02 08:00:00,0.0126,0.01274,0.0122,0.01233,94560455.0
2024-10-02 12:00:00,0.01233,0.01237,0.01202,0.01225,131346584.0
2024-10-02 16:00:00,0.01225,0.01245,0.01153,0.01178,159524188.0
2024-10-02 20:00:00,0.01179,0.012,0.0117,0.01193,92833563.0
2024-10-03 00:00:00,0.01193,0.01217,0.01179,0.01217,70419643.0
2024-10-03 04:00:00,0.01216,0.0122,0.01193,0.01194,47481745.0
2024-10-03 08:00:00,0.01194,0.01196,0.01147,0.01172,142331229.0
2024-10-03 12:00:00,0.01171,0.01184,0.01124,0.01153,187468738.0
2024-10-03 16:00:00,0.01153,0.01165,0.01124,0.01164,127284698.0
2024-10-03 20:00:00,0.01164,0.0117,0.01139,0.01165,66108914.0
2024-10-04 00:00:00,0.01165,0.01189,0.01155,0.01175,69320029.0
2024-10-04 04:00:00,0.01176,0.01197,0.01174,0.01193,62506963.0
2024-10-04 08:00:00,0.01192,0.0121,0.01183,0.01191,80527831.0
2024-10-04 12:00:00,0.01191,0.0121,0.01167,0.0121,149453216.0
2024-10-04 16:00:00,0.0121,0.01235,0.01205,0.01235,73171613.0
2024-10-04 20:00:00,0.01234,0.01243,0.01231,0.0124,49567344.0
2024-10-05 00:00:00,0.0124,0.01247,0.01214,0.01218,38121784.0
2024-10-05 04:00:00,0.01218,0.01246,0.01217,0.01232,31611184.0
2024-10-05 08:00:00,0.01232,0.01246,0.01231,0.01231,24118784.0
2024-10-05 12:00:00,0.01231,0.01238,0.01218,0.01226,38429337.0
2024-10-05 16:00:00,0.01225,0.01226,0.01187,0.01193,56882818.0
2024-10-05 20:00:00,0.01193,0.01215,0.01182,0.01211,43451679.0
2024-10-06 00:00:00,0.0121,0.01231,0.01204,0.01207,57609603.0
2024-10-06 04:00:00,0.01208,0.01228,0.01203,0.01224,27770623.0
2024-10-06 08:00:00,0.01223,0.01245,0.01219,0.01241,50281927.0
2024-10-06 12:00:00,0.01241,0.01266,0.01236,0.01261,63875641.0
2024-10-06 16:00:00,0.0126,0.01269,0.01246,0.01248,54431813.0
2024-10-06 20:00:00,0.01247,0.01268,0.01244,0.01267,40367494.0
2024-10-07 00:00:00,0.01268,0.01294,0.01261,0.01289,127212493.0
2024-10-07 04:00:00,0.0129,0.01308,0.01288,0.01299,49914374.0
2024-10-07 08:00:00,0.01299,0.01318,0.01266,0.01288,84066853.0
2024-10-07 12:00:00,0.01288,0.01337,0.01276,0.01308,88865621.0
2024-10-07 16:00:00,0.0131,0.01344,0.01306,0.01325,118762382.0
2024-10-07 20:00:00,0.01326,0.01329,0.01295,0.01299,75556089.0
2024-10-08 00:00:00,0.01299,0.01321,0.01299,0.01316,56389110.0
2024-10-08 04:00:00,0.01317,0.01331,0.01277,0.01294,87446064.0
2024-10-08 08:00:00,0.01294,0.01304,0.01286,0.01303,45625564.0
2024-10-08 12:00:00,0.01303,0.01313,0.01262,0.01278,92054114.0
2024-10-08 16:00:00,0.01277,0.01293,0.01265,0.01285,79850817.0
2024-10-08 20:00:00,0.01284,0.01303,0.01277,0.01297,42152426.0
2024-10-09 00:00:00,0.01298,0.01323,0.0129,0.01311,63408997.0
2024-10-09 04:00:00,0.0131,0.01325,0.01299,0.01308,56473837.0
2024-10-09 08:00:00,0.01309,0.01312,0.01287,0.01297,42085251.0
2024-10-09 12:00:00,0.01296,0.01298,0.01244,0.01278,110507463.0
2024-10-09 16:00:00,0.01278,0.0129,0.01245,0.01248,115196123.0
2024-10-09 20:00:00,0.01248,0.01249,0.01205,0.01223,138572257.0
2024-10-10 00:00:00,0.01223,0.01233,0.01203,0.01227,67092979.0
2024-10-10 04:00:00,0.01226,0.01241,0.01225,0.0123,27515043.0
2024-10-10 08:00:00,0.01229,0.01239,0.01202,0.01237,67851287.0
2024-10-10 12:00:00,0.01237,0.01241,0.01193,0.01208,143202614.0
2024-10-10 16:00:00,0.01209,0.01215,0.01175,0.01197,135851033.0
2024-10-10 20:00:00,0.01195,0.01222,0.01191,0.0122,63085622.0
2024-10-11 00:00:00,0.01221,0.01237,0.01217,0.01223,51328109.0
2024-10-11 04:00:00,0.01222,0.01228,0.0121,0.01222,36099304.0
2024-10-11 08:00:00,0.01222,0.01246,0.01218,0.01243,60328041.0
2024-10-11 12:00:00,0.01243,0.01257,0.01238,0.01251,90630221.0
2024-10-11 16:00:00,0.01251,0.01269,0.01242,0.01254,69664786.0
2024-10-11 20:00:00,0.01255,0.01265,0.01247,0.01254,36879214.0
2024-10-12 00:00:00,0.01254,0.01363,0.01254,0.01278,238476882.0
2024-10-12 04:00:00,0.01278,0.01308,0.01274,0.01307,44476321.0
2024-10-12 08:00:00,0.01307,0.01319,0.01299,0.01304,60270930.0
2024-10-12 12:00:00,0.01304,0.01339,0.01298,0.01339,136413425.0
2024-10-12 16:00:00,0.01337,0.01351,0.01321,0.01326,163233066.0
2024-10-12 20:00:00,0.01326,0.01359,0.01325,0.0133,85554251.0
2024-10-13 00:00:00,0.0133,0.01342,0.0132,0.01322,63503117.0
2024-10-13 04:00:00,0.01322,0.01358,0.01321,0.01343,85378393.0
2024-10-13 08:00:00,0.01343,0.01348,0.0131,0.01312,77360649.0
2024-10-13 12:00:00,0.01311,0.01324,0.01275,0.01285,117303631.0
2024-10-13 16:00:00,0.01285,0.01306,0.01276,0.01287,60872835.0
2024-10-13 20:00:00,0.01286,0.01324,0.01285,0.01309,59899973.0
2024-10-14 00:00:00,0.0131,0.01352,0.01289,0.0135,71737414.0
2024-10-14 04:00:00,0.0135,0.01361,0.01328,0.01359,81757700.0
2024-10-14 08:00:00,0.01361,0.01386,0.01348,0.01382,115339022.0
2024-10-14 12:00:00,0.01383,0.01399,0.0137,0.01386,87534122.0
2024-10-14 16:00:00,0.01387,0.01399,0.01376,0.01385,56750066.0
2024-10-14 20:00:00,0.01384,0.01399,0.01377,0.01384,54440305.0
2024-10-15 00:00:00,0.01385,0.01413,0.01383,0.0139,76933967.0
2024-10-15 04:00:00,0.0139,0.01409,0.01371,0.01399,63324150.0
2024-10-15 08:00:00,0.014,0.0143,0.01357,0.01365,144473269.0
2024-10-15 12:00:00,0.01365,0.01441,0.01345,0.01378,227824449.0
2024-10-15 16:00:00,0.01379,0.0141,0.01376,0.01386,84777327.0
2024-10-15 20:00:00,0.01386,0.01389,0.01352,0.01388,68436932.0
2024-10-16 00:00:00,0.01388,0.01398,0.01364,0.01371,56358568.0
2024-10-16 04:00:00,0.01372,0.01382,0.01337,0.01342,49489420.0
2024-10-16 08:00:00,0.01342,0.0138,0.01338,0.01372,63997690.0
2024-10-16 12:00:00,0.01371,0.01386,0.01335,0.01339,154578633.0
2024-10-16 16:00:00,0.01338,0.01354,0.01319,0.01349,349063754.0
2024-10-16 20:00:00,0.01349,0.01395,0.01349,0.01367,309309458.0
2024-10-17 00:00:00,0.01368,0.01384,0.01357,0.01375,55014703.0
2024-10-17 04:00:00,0.01374,0.01388,0.01339,0.01342,71010063.0
2024-10-17 08:00:00,0.01342,0.01344,0.01305,0.01315,62333268.0
2024-10-17 12:00:00,0.01314,0.01345,0.0131,0.01338,63857728.0
2024-10-17 16:00:00,0.01337,0.01338,0.01285,0.01306,157325393.0
2024-10-17 20:00:00,0.01305,0.01338,0.01305,0.01336,51478213.0
2024-10-18 00:00:00,0.01336,0.01395,0.01332,0.0137,101010005.0
2024-10-18 04:00:00,0.0137,0.01394,0.01366,0.01375,44050576.0
2024-10-18 08:00:00,0.01376,0.01382,0.01364,0.01365,39768945.0
2024-10-18 12:00:00,0.01365,0.01383,0.01349,0.01375,67667331.0
2024-10-18 16:00:00,0.01376,0.01416,0.01368,0.01395,104893770.0
2024-10-18 20:00:00,0.01393,0.01404,0.01386,0.01401,34997346.0
2024-10-19 00:00:00,0.01401,0.01457,0.01397,0.01443,55490041.0
2024-10-19 04:00:00,0.01443,0.01458,0.01431,0.01433,44644523.0
2024-10-19 08:00:00,0.01432,0.01443,0.01404,0.01406,43111231.0
2024-10-19 12:00:00,0.01406,0.0142,0.01397,0.01402,54430861.0
2024-10-19 16:00:00,0.01402,0.0143,0.01387,0.01407,64731681.0
2024-10-19 20:00:00,0.01406,0.01431,0.01405,0.01419,71988493.0
2024-10-20 00:00:00,0.01418,0.01427,0.01389,0.014,40587451.0
2024-10-20 04:00:00,0.014,0.0145,0.01396,0.01435,57234380.0
2024-10-20 08:00:00,0.01435,0.0145,0.01422,0.01423,48739774.0
2024-10-20 12:00:00,0.01423,0.01484,0.01423,0.01472,173507343.0
2024-10-20 16:00:00,0.01471,0.01483,0.01463,0.01477,45746177.0
2024-10-20 20:00:00,0.01477,0.01528,0.01469,0.01524,268927405.0
2024-10-21 00:00:00,0.01524,0.01533,0.01494,0.01498,56099224.0
2024-10-21 04:00:00,0.01497,0.01514,0.0148,0.01484,49416269.0
2024-10-21 08:00:00,0.01485,0.01493,0.01451,0.01461,69235394.0
2024-10-21 12:00:00,0.0146,0.01469,0.01429,0.0145,91803853.0
2024-10-21 16:00:00,0.01449,0.01457,0.01423,0.01453,67050182.0
2024-10-21 20:00:00,0.01453,0.01453,0.01416,0.01419,40702744.0
2024-10-22 00:00:00,0.01418,0.01444,0.01408,0.01438,61067680.0
2024-10-22 04:00:00,0.01436,0.01444,0.01428,0.01431,21918797.0
2024-10-22 08:00:00,0.0143,0.01431,0.01393,0.01417,74189401.0
2024-10-22 12:00:00,0.01416,0.01425,0.01376,0.01399,92489232.0
2024-10-22 16:00:00,0.01398,0.01403,0.0137,0.01396,60203648.0
2024-10-22 20:00:00,0.01395,0.01407,0.01386,0.01392,39957448.0
2024-10-23 00:00:00,0.01392,0.01396,0.01362,0.01376,40854015.0
2024-10-23 04:00:00,0.01375,0.01379,0.01347,0.01351,62713285.0
2024-10-23 08:00:00,0.0135,0.01353,0.01305,0.01308,115143791.0
2024-10-23 12:00:00,0.01307,0.01326,0.0129,0.01298,125486600.0
2024-10-23 16:00:00,0.01299,0.01303,0.01257,0.01302,129362436.0
2024-10-23 20:00:00,0.01302,0.01315,0.01296,0.0131,41865947.0
2024-10-24 00:00:00,0.01309,0.01351,0.01303,0.01333,74586890.0
2024-10-24 04:00:00,0.01334,0.01358,0.01327,0.01343,72528029.0
2024-10-24 08:00:00,0.01343,0.01344,0.01307,0.01328,65165338.0
2024-10-24 12:00:00,0.01328,0.01347,0.01324,0.01341,74231408.0
2024-10-24 16:00:00,0.01341,0.01377,0.01336,0.01365,83815939.0
2024-10-24 20:00:00,0.01366,0.01392,0.01357,0.01377,74621425.0
2024-10-25 00:00:00,0.01378,0.01383,0.01347,0.01351,51827200.0
2024-10-25 04:00:00,0.0135,0.01353,0.01314,0.01326,57087084.0
2024-10-25 08:00:00,0.01326,0.01338,0.01302,0.01333,63448684.0
2024-10-25 12:00:00,0.01334,0.01349,0.01303,0.01309,57830356.0
2024-10-25 16:00:00,0.01309,0.01318,0.01269,0.01288,122787328.0
2024-10-25 20:00:00,0.01288,0.01298,0.0116,0.01212,281964106.0
2024-10-26 00:00:00,0.01213,0.01241,0.01185,0.01234,116853110.0
2024-10-26 04:00:00,0.01235,0.01237,0.01224,0.01224,48082874.0
2024-10-26 08:00:00,0.01224,0.01241,0.01222,0.01231,52367278.0
2024-10-26 12:00:00,0.01231,0.01232,0.01178,0.0119,84133905.0
2024-10-26 16:00:00,0.0119,0.01211,0.01184,0.0121,46758647.0
2024-10-26 20:00:00,0.01209,0.01226,0.01205,0.01209,30301173.0
2024-10-27 00:00:00,0.01209,0.01217,0.01196,0.01216,28795684.0
2024-10-27 04:00:00,0.01216,0.01221,0.01206,0.0121,26592704.0
2024-10-27 08:00:00,0.0121,0.01216,0.01173,0.0119,71743666.0
2024-10-27 12:00:00,0.01189,0.01239,0.01189,0.0123,118925403.0
2024-10-27 16:00:00,0.0123,0.01239,0.01205,0.01218,84205296.0
2024-10-27 20:00:00,0.01218,0.01253,0.01208,0.01229,78463759.0
2024-10-28 00:00:00,0.01229,0.01234,0.01195,0.01196,56855303.0
2024-10-28 04:00:00,0.01196,0.01235,0.01179,0.01225,77118644.0
2024-10-28 08:00:00,0.01226,0.01233,0.01213,0.01215,52398088.0
2024-10-28 12:00:00,0.01215,0.01221,0.01179,0.01182,99819236.0
2024-10-28 16:00:00,0.01181,0.01211,0.01169,0.01195,107272944.0
2024-10-28 20:00:00,0.01212,0.01257,0.01209,0.01244,82092858.0
2024-10-29 00:00:00,0.01243,0.01291,0.01235,0.01278,125886032.0
2024-10-29 04:00:00,0.01279,0.01283,0.01259,0.01262,46190656.0
2024-10-29 08:00:00,0.01263,0.01273,0.01254,0.01258,55859726.0
2024-10-29 12:00:00,0.01259,0.0127,0.01252,0.01267,70811662.0
2024-10-29 16:00:00,0.01266,0.01302,0.01256,0.01257,135157779.0
2024-10-29 20:00:00,0.01256,0.01273,0.0124,0.01271,106738561.0
2024-10-30 00:00:00,0.01272,0.01273,0.01253,0.01268,73475494.0
2024-10-30 04:00:00,0.01268,0.01281,0.0126,0.01262,55101497.0
2024-10-30 08:00:00,0.01261,0.0127,0.01233,0.01234,79066022.0
2024-10-30 12:00:00,0.01235,0.0127,0.01227,0.01252,150161669.0
2024-10-30 16:00:00,0.01252,0.01269,0.01246,0.01253,106224228.0
2024-10-30 20:00:00,0.01254,0.01272,0.01249,0.01257,90362895.0
2024-10-31 00:00:00,0.01258,0.01264,0.01235,0.01239,79713952.0
2024-10-31 04:00:00,0.01239,0.01248,0.01224,0.01234,69209173.0
2024-10-31 08:00:00,0.01233,0.01234,0.01211,0.01223,96531524.0
2024-10-31 12:00:00,0.01222,0.01225,0.01189,0.01203,121865825.0
2024-10-31 16:00:00,0.01202,0.01203,0.01173,0.01178,124703043.0
2024-10-31 20:00:00,0.01178,0.012,0.01177,0.01191,58866475.0
2024-11-01 00:00:00,0.01192,0.01202,0.01171,0.01189,86992054.0
2024-11-01 04:00:00,0.01189,0.01194,0.01157,0.01169,81194316.0
2024-11-01 08:00:00,0.0117,0.01204,0.01167,0.012,71686766.0
2024-11-01 12:00:00,0.01199,0.01243,0.01177,0.01188,189214831.0
2024-11-01 16:00:00,0.01188,0.0121,0.01175,0.0119,294130485.0
2024-11-01 20:00:00,0.01191,0.01197,0.01169,0.01194,113248873.0
2024-11-02 00:00:00,0.01194,0.01207,0.01186,0.01188,57255852.0
2024-11-02 04:00:00,0.01188,0.0119,0.01168,0.0118,62312741.0
2024-11-02 08:00:00,0.0118,0.01181,0.01165,0.01172,53331779.0
2024-11-02 12:00:00,0.01172,0.01174,0.01137,0.01152,170462905.0
2024-11-02 16:00:00,0.01152,0.01166,0.01142,0.01155,68899317.0
2024-11-02 20:00:00,0.01155,0.01164,0.01153,0.01164,37584279.0
2024-11-03 00:00:00,0.01164,0.01168,0.01096,0.01119,195080259.0
2024-11-03 04:00:00,0.01118,0.01139,0.01118,0.01128,62610415.0
2024-11-03 08:00:00,0.01128,0.01131,0.011,0.01104,71878373.0
2024-11-03 12:00:00,0.01104,0.0111,0.01056,0.0108,193927560.0
2024-11-03 16:00:00,0.01079,0.01093,0.01061,0.0109,129346601.0
2024-11-03 20:00:00,0.0109,0.01109,0.01084,0.01093,89328400.0
2024-11-04 00:00:00,0.01094,0.01126,0.01078,0.01108,110633692.0
2024-11-04 04:00:00,0.01109,0.01117,0.01091,0.01094,55718261.0
2024-11-04 08:00:00,0.01093,0.01117,0.01083,0.0111,95237560.0
2024-11-04 12:00:00,0.01111,0.01124,0.01092,0.01099,143505408.0
2024-11-04 16:00:00,0.01099,0.01099,0.01069,0.01078,124843963.0
2024-11-04 20:00:00,0.01078,0.0108,0.01033,0.01067,165559438.0
2024-11-05 00:00:00,0.01066,0.01091,0.0106,0.0109,131664134.0
2024-11-05 04:00:00,0.0109,0.01106,0.01088,0.01102,66721484.0
2024-11-05 08:00:00,0.01102,0.01113,0.01093,0.01099,53883301.0
2024-11-05 12:00:00,0.01098,0.01129,0.01093,0.01111,173490893.0
2024-11-05 16:00:00,0.01111,0.01134,0.01089,0.01095,142596139.0
2024-11-05 20:00:00,0.01094,0.0112,0.0109,0.01112,108759040.0
2024-11-06 00:00:00,0.01112,0.01208,0.01109,0.01204,303728731.0
2024-11-06 04:00:00,0.01204,0.01255,0.01198,0.01232,243097278.0
2024-11-06 08:00:00,0.01232,0.01245,0.01202,0.01237,165650186.0
2024-11-06 12:00:00,0.01237,0.01247,0.01213,0.0123,142980380.0
2024-11-06 16:00:00,0.01231,0.01244,0.01224,0.01242,91162847.0
2024-11-06 20:00:00,0.01243,0.01263,0.01238,0.01255,125890788.0
2024-11-07 00:00:00,0.01255,0.01286,0.01254,0.01276,177641215.0
2024-11-07 04:00:00,0.01277,0.01279,0.01234,0.01254,110131876.0
2024-11-07 08:00:00,0.01253,0.01266,0.01245,0.01246,54408544.0
2024-11-07 12:00:00,0.01245,0.01268,0.01231,0.01268,118996651.0
2024-11-07 16:00:00,0.01268,0.01293,0.01265,0.01279,172868490.0
2024-11-07 20:00:00,0.01279,0.01289,0.0125,0.01264,117531807.0
2024-11-08 00:00:00,0.01265,0.0128,0.01235,0.01245,115940827.0
2024-11-08 04:00:00,0.01245,0.0126,0.01241,0.01255,61021041.0
2024-11-08 08:00:00,0.01255,0.01271,0.01242,0.01263,165227214.0
2024-11-08 12:00:00,0.01264,0.01298,0.01257,0.01271,203498311.0
2024-11-08 16:00:00,0.0127,0.01282,0.01231,0.01277,162310847.0
2024-11-08 20:00:00,0.01276,0.01291,0.01253,0.01284,83351287.0
2024-11-09 00:00:00,0.01285,0.01291,0.01261,0.01269,69292201.0
2024-11-09 04:00:00,0.0127,0.01319,0.0127,0.01316,78268412.0
2024-11-09 08:00:00,0.01316,0.01355,0.01311,0.01352,145865616.0
2024-11-09 12:00:00,0.01352,0.01365,0.01332,0.01357,160452855.0
2024-11-09 16:00:00,0.01356,0.01362,0.01309,0.01341,180181943.0
2024-11-09 20:00:00,0.01341,0.01386,0.01338,0.01381,85977506.0
2024-11-10 00:00:00,0.01381,0.01409,0.01364,0.01406,137319564.0
2024-11-10 04:00:00,0.01407,0.01443,0.01398,0.01442,182983132.0
2024-11-10 08:00:00,0.01443,0.01479,0.01441,0.01475,124909008.0
2024-11-10 12:00:00,0.01475,0.01497,0.01445,0.01492,196506011.0
2024-11-10 16:00:00,0.01491,0.01531,0.01458,0.01477,243446444.0
2024-11-10 20:00:00,0.01477,0.01486,0.01381,0.01458,273054677.0
2024-11-11 00:00:00,0.01459,0.01536,0.01453,0.01524,149284610.0
2024-11-11 04:00:00,0.01522,0.01533,0.01433,0.01461,208406810.0
2024-11-11 08:00:00,0.01462,0.01504,0.01458,0.01501,137773675.0
2024-11-11 12:00:00,0.01502,0.0152,0.0145,0.01491,237831709.0
2024-11-11 16:00:00,0.01492,0.01556,0.01486,0.01548,283248935.0
2024-11-11 20:00:00,0.01548,0.01642,0.01526,0.01624,263878141.0
2024-11-12 00:00:00,0.01625,0.01668,0.01548,0.01663,333524959.0
2024-11-12 04:00:00,0.01663,0.01665,0.0158,0.0164,214637744.0
2024-11-12 08:00:00,0.01641,0.0167,0.01457,0.0151,485819162.0
2024-11-12 12:00:00,0.01508,0.01524,0.01447,0.01471,321592111.0
2024-11-12 16:00:00,0.01471,0.01508,0.01433,0.01485,236724780.0
2024-11-12 20:00:00,0.01485,0.01523,0.0146,0.01488,158356133.0
2024-11-13 00:00:00,0.01489,0.01511,0.01411,0.01413,260861408.0
2024-11-13 04:00:00,0.01413,0.01441,0.01342,0.01384,276482023.0
2024-11-13 08:00:00,0.01384,0.01398,0.01352,0.01384,193386235.0
2024-11-13 12:00:00,0.01384,0.01477,0.01365,0.01471,371152870.0
2024-11-13 16:00:00,0.01471,0.01484,0.01372,0.01376,371919542.0
2024-11-13 20:00:00,0.01376,0.01401,0.01333,0.01397,298144937.0
2024-11-14 00:00:00,0.01397,0.01412,0.01364,0.01401,189925501.0
2024-11-14 04:00:00,0.01401,0.01457,0.01393,0.01425,148534639.0
2024-11-14 08:00:00,0.01425,0.01434,0.01349,0.01377,208732840.0
2024-11-14 12:00:00,0.01376,0.01383,0.01305,0.01323,332067667.0
2024-11-14 16:00:00,0.01324,0.01366,0.0131,0.01355,237247258.0
2024-11-14 20:00:00,0.01354,0.01358,0.01284,0.01308,287031890.0
2024-11-15 00:00:00,0.01308,0.0132,0.01285,0.01309,232167697.0
2024-11-15 04:00:00,0.01308,0.01322,0.01263,0.01303,217193627.0
2024-11-15 08:00:00,0.01303,0.01347,0.01289,0.01338,134779090.0
2024-11-15 12:00:00,0.01338,0.01359,0.01283,0.01295,233863309.0
2024-11-15 16:00:00,0.01295,0.01356,0.01288,0.01352,205744375.0
2024-11-15 20:00:00,0.01352,0.01403,0.01352,0.0139,122350847.0
2024-11-16 00:00:00,0.01391,0.01427,0.01386,0.01425,101879134.0
2024-11-16 04:00:00,0.01425,0.01435,0.01395,0.01414,103489444.0
2024-11-16 08:00:00,0.01414,0.01461,0.01413,0.0146,115703329.0
2024-11-16 12:00:00,0.0146,0.01496,0.01431,0.01449,219259953.0
2024-11-16 16:00:00,0.01448,0.01508,0.01432,0.01484,128579890.0
2024-11-16 20:00:00,0.01484,0.0152,0.01475,0.01499,168786246.0
2024-11-17 00:00:00,0.01498,0.01509,0.01416,0.01454,191413164.0
2024-11-17 04:00:00,0.01454,0.01503,0.01443,0.01487,116824950.0
2024-11-17 08:00:00,0.01487,0.01498,0.01448,0.01449,134142448.0
2024-11-17 12:00:00,0.01449,0.0148,0.01441,0.01448,147255142.0
2024-11-17 16:00:00,0.01448,0.01452,0.01395,0.01411,168790371.0
2024-11-17 20:00:00,0.01411,0.01417,0.01367,0.01392,159633416.0
2024-11-18 00:00:00,0.01391,0.01458,0.01382,0.01456,143834858.0
2024-11-18 04:00:00,0.01457,0.01547,0.01447,0.01535,184906990.0
2024-11-18 08:00:00,0.01535,0.01539,0.01475,0.01481,210791576.0
2024-11-18 12:00:00,0.01481,0.01545,0.01453,0.01538,229970636.0
2024-11-18 16:00:00,0.01538,0.01643,0.01527,0.01567,677319616.0
2024-11-18 20:00:00,0.01566,0.01631,0.01561,0.01617,258340006.0
2024-11-19 00:00:00,0.01617,0.01632,0.01579,0.01595,197085022.0
2024-11-19 04:00:00,0.01595,0.01601,0.01556,0.0158,130150181.0
2024-11-19 08:00:00,0.01579,0.01584,0.01535,0.01581,134904666.0
2024-11-19 12:00:00,0.01581,0.01611,0.01536,0.01562,243745138.0
2024-11-19 16:00:00,0.01563,0.01579,0.01539,0.01554,124067255.0
2024-11-19 20:00:00,0.01554,0.01554,0.0148,0.01529,273420420.0
2024-11-20 00:00:00,0.01528,0.01528,0.01447,0.01475,148787914.0
2024-11-20 04:00:00,0.01475,0.01508,0.01459,0.01479,158632252.0
2024-11-20 08:00:00,0.01479,0.01522,0.01475,0.01491,115694865.0
2024-11-20 12:00:00,0.01492,0.01531,0.01465,0.01493,187031168.0
2024-11-20 16:00:00,0.01494,0.015,0.01391,0.01411,279481239.0
2024-11-20 20:00:00,0.0141,0.01456,0.01393,0.01421,156499851.0
2024-11-21 00:00:00,0.01422,0.01456,0.01375,0.01407,171052142.0
2024-11-21 04:00:00,0.01407,0.01472,0.01399,0.01455,243324934.0
2024-11-21 08:00:00,0.01456,0.01466,0.01417,0.01449,160690393.0
2024-11-21 12:00:00,0.01449,0.01586,0.01448,0.01531,395146123.0
2024-11-21 16:00:00,0.01531,0.01564,0.01526,0.01555,177534613.0
2024-11-21 20:00:00,0.01555,0.01571,0.01541,0.01559,198579208.0
2024-11-22 00:00:00,0.01559,0.01591,0.01528,0.01583,116469558.0
2024-11-22 04:00:00,0.01583,0.01638,0.01578,0.01616,201341423.0
2024-11-22 08:00:00,0.01617,0.01835,0.01616,0.01649,1603427499.0
2024-11-22 12:00:00,0.01649,0.01654,0.01557,0.01622,608306390.0
2024-11-22 16:00:00,0.01622,0.01656,0.01586,0.0161,443564819.0
2024-11-22 20:00:00,0.01609,0.0173,0.01604,0.01729,383954872.0
2024-11-23 00:00:00,0.01729,0.018,0.01689,0.01764,386404984.0
2024-11-23 04:00:00,0.01763,0.01869,0.01718,0.01868,309129687.0
2024-11-23 08:00:00,0.01867,0.01903,0.01801,0.01859,388899654.0
2024-11-23 12:00:00,0.01858,0.02052,0.01843,0.02044,593387994.0
2024-11-23 16:00:00,0.02044,0.02227,0.01876,0.02224,1134675698.0
2024-11-23 20:00:00,0.02224,0.02333,0.02063,0.0209,1853411132.0
2024-11-24 00:00:00,0.0209,0.02946,0.02061,0.02723,2612562128.0
2024-11-24 04:00:00,0.02722,0.03044,0.02466,0.026,2621780788.0
2024-11-24 08:00:00,0.026,0.02613,0.02312,0.02318,1291328701.0
2024-11-24 12:00:00,0.02319,0.0258,0.02256,0.02353,2058290736.0
2024-11-24 16:00:00,0.02354,0.0249,0.02342,0.02369,1007837028.0
2024-11-24 20:00:00,0.02369,0.02469,0.0236,0.02452,490046718.0
2024-11-25 00:00:00,0.02453,0.02549,0.02285,0.02379,882288149.0
2024-11-25 04:00:00,0.02378,0.02451,0.02356,0.02403,359288976.0
2024-11-25 08:00:00,0.02403,0.02524,0.02394,0.025,389035234.0
2024-11-25 12:00:00,0.02501,0.02617,0.02309,0.0244,775040949.0
2024-11-25 16:00:00,0.02441,0.02453,0.02323,0.02436,279918355.0
2024-11-25 20:00:00,0.02437,0.02502,0.02375,0.02452,402070087.0
2024-11-26 00:00:00,0.02452,0.02614,0.02402,0.02449,422178918.0
2024-11-26 04:00:00,0.02449,0.02457,0.02341,0.02366,194774216.0
2024-11-26 08:00:00,0.02365,0.02377,0.02182,0.02274,517424017.0
2024-11-26 12:00:00,0.02273,0.02307,0.0221,0.02255,331057817.0
2024-11-26 16:00:00,0.02256,0.02344,0.0223,0.02279,231077491.0
2024-11-26 20:00:00,0.02278,0.02328,0.02269,0.02309,162019213.0
2024-11-27 00:00:00,0.02311,0.02371,0.02254,0.0235,293193152.0
2024-11-27 04:00:00,0.0235,0.02437,0.02347,0.02395,197817830.0
2024-11-27 08:00:00,0.02396,0.02452,0.0236,0.02403,131938083.0
2024-11-27 12:00:00,0.02402,0.02458,0.02361,0.02456,163116182.0
2024-11-27 16:00:00,0.02456,0.02475,0.02396,0.02404,217209669.0
2024-11-27 20:00:00,0.02405,0.02443,0.02385,0.024,108598131.0
2024-11-28 00:00:00,0.02399,0.02413,0.02314,0.02337,128396551.0
2024-11-28 04:00:00,0.02336,0.02404,0.02329,0.02364,82404067.0
2024-11-28 08:00:00,0.02365,0.02396,0.0232,0.02363,121674432.0
2024-11-28 12:00:00,0.02363,0.0237,0.02284,0.02292,108827422.0
2024-11-28 16:00:00,0.02291,0.02417,0.02291,0.02413,103352051.0
2024-11-28 20:00:00,0.02413,0.02444,0.0237,0.02419,106530298.0
2024-11-29 00:00:00,0.02419,0.02541,0.02396,0.02445,223767766.0
2024-11-29 04:00:00,0.02445,0.02447,0.02377,0.02381,112460746.0
2024-11-29 08:00:00,0.02381,0.02531,0.02381,0.02517,163899197.0
2024-11-29 12:00:00,0.02517,0.02749,0.02485,0.02635,492784360.0
2024-11-29 16:00:00,0.02634,0.02662,0.02554,0.02615,174579210.0
2024-11-29 20:00:00,0.02615,0.02719,0.02611,0.02678,184341221.0
2024-11-30 00:00:00,0.02678,0.02725,0.02635,0.02654,184151826.0
2024-11-30 04:00:00,0.02655,0.02928,0.02654,0.02923,637386227.0
2024-11-30 08:00:00,0.02923,0.03093,0.0285,0.02854,1462261118.0
2024-11-30 12:00:00,0.02855,0.03093,0.02844,0.03024,671839320.0
2024-11-30 16:00:00,0.03024,0.03034,0.02858,0.02908,340424832.0
2024-11-30 20:00:00,0.02906,0.02933,0.02836,0.0284,137475810.0
2024-12-01 00:00:00,0.0284,0.02846,0.02718,0.02763,285934962.0
2024-12-01 04:00:00,0.02763,0.02813,0.02752,0.02809,142922541.0
2024-12-01 08:00:00,0.02809,0.0299,0.02795,0.02957,321133723.0
2024-12-01 12:00:00,0.02958,0.03117,0.02941,0.02945,372335448.0
2024-12-01 16:00:00,0.02946,0.02955,0.0286,0.02886,188083284.0
2024-12-01 20:00:00,0.02885,0.02966,0.02826,0.0295,184096243.0
2024-12-02 00:00:00,0.0295,0.03043,0.02853,0.02869,239772251.0
2024-12-02 04:00:00,0.02868,0.03,0.02817,0.02893,225662219.0
2024-12-02 08:00:00,0.02891,0.02912,0.02687,0.02723,332630094.0
2024-12-02 12:00:00,0.02723,0.02921,0.02709,0.02896,203926891.0
2024-12-02 16:00:00,0.02898,0.02933,0.02745,0.02861,226153723.0
2024-12-02 20:00:00,0.02861,0.02993,0.02853,0.02983,189453925.0
2024-12-03 00:00:00,0.02982,0.03066,0.02898,0.03049,175456629.0
2024-12-03 04:00:00,0.03048,0.03295,0.03022,0.03084,420200661.0
2024-12-03 08:00:00,0.03084,0.03111,0.02944,0.03008,247700543.0
2024-12-03 12:00:00,0.03006,0.03026,0.02753,0.02892,452925398.0
2024-12-03 16:00:00,0.02892,0.02973,0.02803,0.02905,218697156.0
2024-12-03 20:00:00,0.02905,0.03058,0.02898,0.03034,191522548.0
2024-12-04 00:00:00,0.03035,0.03111,0.02966,0.03095,208225146.0
2024-12-04 04:00:00,0.03094,0.03202,0.03037,0.03193,187809839.0
2024-12-04 08:00:00,0.03193,0.03246,0.03126,0.03206,224481690.0
2024-12-04 12:00:00,0.03204,0.03266,0.03102,0.03191,212919253.0
2024-12-04 16:00:00,0.03191,0.03356,0.02989,0.03341,315676909.0
2024-12-04 20:00:00,0.03342,0.03552,0.03229,0.03302,679722650.0
2024-12-05 00:00:00,0.03302,0.03356,0.03102,0.03182,351219664.0
2024-12-05 04:00:00,0.03182,0.03372,0.03162,0.03366,189109556.0
2024-12-05 08:00:00,0.03365,0.03384,0.03259,0.03351,185864474.0
2024-12-05 12:00:00,0.0335,0.03379,0.03175,0.03221,224302621.0
2024-12-05 16:00:00,0.03221,0.03352,0.03208,0.03219,157971358.0
2024-12-05 20:00:00,0.03219,0.03328,0.03077,0.03192,251869001.0
2024-12-06 00:00:00,0.03192,0.03412,0.03166,0.03393,146800011.0
2024-12-06 04:00:00,0.03394,0.03492,0.03373,0.03408,159866822.0
2024-12-06 08:00:00,0.03409,0.03444,0.03274,0.03297,144371765.0
2024-12-06 12:00:00,0.03296,0.03453,0.03193,0.03416,236752300.0
2024-12-06 16:00:00,0.03416,0.03798,0.03414,0.03629,617492115.0
2024-12-06 20:00:00,0.03628,0.04178,0.03626,0.0398,1198259722.0
2024-12-07 00:00:00,0.0398,0.04546,0.03946,0.0439,2007856753.0
2024-12-07 04:00:00,0.0439,0.0452,0.04242,0.04298,1395292714.0
2024-12-07 08:00:00,0.043,0.0446,0.04079,0.04148,1259100753.0
2024-12-07 12:00:00,0.04146,0.04492,0.04095,0.04274,1327469943.0
2024-12-07 16:00:00,0.04273,0.04671,0.04247,0.04436,1450302918.0
2024-12-07 20:00:00,0.04436,0.04621,0.04354,0.04569,661308790.0
2024-12-08 00:00:00,0.0457,0.04857,0.04397,0.04401,1333425987.0
2024-12-08 04:00:00,0.044,0.04432,0.04236,0.04393,494718069.0
2024-12-08 08:00:00,0.04393,0.04466,0.0431,0.04376,444788023.0
2024-12-08 12:00:00,0.04377,0.04384,0.04174,0.04207,458449501.0
2024-12-08 16:00:00,0.04208,0.04249,0.04143,0.04207,295300724.0
2024-12-08 20:00:00,0.04207,0.04312,0.04201,0.04277,231769614.0
2024-12-09 00:00:00,0.04276,0.04305,0.04149,0.04238,399153992.0
2024-12-09 04:00:00,0.04236,0.04306,0.04019,0.04136,331760335.0
2024-12-09 08:00:00,0.04135,0.04138,0.03901,0.03912,312218016.0
2024-12-09 12:00:00,0.03911,0.04032,0.03835,0.03852,346977649.0
2024-12-09 16:00:00,0.03852,0.03926,0.03792,0.038,185369511.0
2024-12-09 20:00:00,0.03799,0.03811,0.02891,0.03403,1087592894.0
2024-12-10 00:00:00,0.03402,0.03522,0.0318,0.03354,463498697.0
2024-12-10 04:00:00,0.03353,0.03515,0.03254,0.03455,282363757.0
2024-12-10 08:00:00,0.03455,0.0362,0.03382,0.03503,312536963.0
2024-12-10 12:00:00,0.03505,0.0351,0.03134,0.03141,482637199.0
2024-12-10 16:00:00,0.03141,0.03249,0.02998,0.03239,497006276.0
2024-12-10 20:00:00,0.03238,0.03524,0.03207,0.03389,357042823.0
2024-12-11 00:00:00,0.0339,0.0351,0.03266,0.03395,276961089.0
2024-12-11 04:00:00,0.03395,0.03417,0.03298,0.03305,177913592.0
2024-12-11 08:00:00,0.03306,0.03454,0.03306,0.0339,199583524.0
2024-12-11 12:00:00,0.03391,0.03594,0.03358,0.03568,364840830.0
2024-12-11 16:00:00,0.03566,0.03608,0.03439,0.03472,262315889.0
2024-12-11 20:00:00,0.03471,0.0362,0.03454,0.03553,182494362.0
2024-12-12 00:00:00,0.03553,0.03786,0.03471,0.03741,243204818.0
2024-12-12 04:00:00,0.03741,0.03901,0.03726,0.03795,234787535.0
2024-12-12 08:00:00,0.03795,0.03851,0.03636,0.03661,174482312.0
2024-12-12 12:00:00,0.03664,0.03831,0.03662,0.0371,274130564.0
2024-12-12 16:00:00,0.03709,0.03791,0.0351,0.03522,234553222.0
2024-12-12 20:00:00,0.03521,0.03633,0.03506,0.0358,174961734.0
2024-12-13 00:00:00,0.0358,0.03609,0.03425,0.03539,207637603.0
2024-12-13 04:00:00,0.0354,0.03548,0.03403,0.03455,134561387.0
2024-12-13 08:00:00,0.03455,0.0354,0.03413,0.03504,148708179.0
2024-12-13 12:00:00,0.03504,0.03593,0.03424,0.0343,234159866.0
2024-12-13 16:00:00,0.03429,0.03572,0.03415,0.03458,234228639.0
2024-12-13 20:00:00,0.03459,0.03507,0.03386,0.03479,139286148.0
2024-12-14 00:00:00,0.03479,0.03527,0.03434,0.0345,134177291.0
2024-12-14 04:00:00,0.03452,0.03468,0.0339,0.03395,71974369.0
2024-12-14 08:00:00,0.03395,0.03437,0.03336,0.03369,115115432.0
2024-12-14 12:00:00,0.03368,0.03377,0.03245,0.03275,180662612.0
2024-12-14 16:00:00,0.03274,0.03282,0.03164,0.0321,172143634.0
2024-12-14 20:00:00,0.0321,0.03259,0.03167,0.03257,115242821.0
2024-12-15 00:00:00,0.03256,0.03293,0.03177,0.03193,94843736.0
2024-12-15 04:00:00,0.03193,0.03271,0.03137,0.03163,115718841.0
2024-12-15 08:00:00,0.03164,0.03253,0.03162,0.03222,72278720.0
2024-12-15 12:00:00,0.03223,0.03514,0.03211,0.03417,269483436.0
2024-12-15 16:00:00,0.03417,0.03443,0.03331,0.03338,131197056.0
2024-12-15 20:00:00,0.03339,0.03458,0.03195,0.03421,209517893.0
2024-12-16 00:00:00,0.03422,0.03497,0.03296,0.03309,160229601.0
2024-12-16 04:00:00,0.0331,0.03335,0.03233,0.03274,94591062.0
2024-12-16 08:00:00,0.03273,0.03279,0.03108,0.03119,156503622.0
2024-12-16 12:00:00,0.03118,0.03256,0.03115,0.03232,173703396.0
2024-12-16 16:00:00,0.03232,0.03444,0.03225,0.03354,211653087.0
2024-12-16 20:00:00,0.03355,0.03425,0.03266,0.0328,144271701.0
2024-12-17 00:00:00,0.03279,0.03287,0.03176,0.03264,192171279.0
2024-12-17 04:00:00,0.03264,0.033,0.03189,0.03252,125459621.0
2024-12-17 08:00:00,0.03254,0.03383,0.032,0.03319,218434740.0
2024-12-17 12:00:00,0.03318,0.03353,0.03135,0.03162,224090667.0
2024-12-17 16:00:00,0.03161,0.03309,0.03126,0.03254,150557766.0
2024-12-17 20:00:00,0.03255,0.03284,0.03101,0.03165,149330208.0
2024-12-18 00:00:00,0.03165,0.03198,0.03093,0.03093,122230171.0
2024-12-18 04:00:00,0.03095,0.03116,0.03016,0.0305,142945301.0
2024-12-18 08:00:00,0.03048,0.03128,0.03018,0.03106,97538661.0
2024-12-18 12:00:00,0.03104,0.03105,0.02942,0.02991,218003223.0
2024-12-18 16:00:00,0.02993,0.03104,0.02955,0.02956,207012003.0
2024-12-18 20:00:00,0.02954,0.0298,0.02725,0.02776,516256546.0
2024-12-19 00:00:00,0.02776,0.02808,0.02568,0.02791,388432011.0
2024-12-19 04:00:00,0.02791,0.028,0.02732,0.02749,86865509.0
2024-12-19 08:00:00,0.0275,0.02868,0.02706,0.02779,168233456.0
2024-12-19 12:00:00,0.02779,0.02813,0.02623,0.02682,207833347.0
2024-12-19 16:00:00,0.02682,0.02725,0.02463,0.02524,467038095.0
2024-12-19 20:00:00,0.02525,0.02581,0.02429,0.02504,238398509.0
2024-12-20 00:00:00,0.02504,0.02705,0.02465,0.0262,182237157.0
2024-12-20 04:00:00,0.0262,0.02638,0.02487,0.02569,118163019.0
2024-12-20 08:00:00,0.02569,0.0257,0.02144,0.02164,556835089.0
2024-12-20 12:00:00,0.02163,0.02489,0.02156,0.02472,330318039.0
2024-12-20 16:00:00,0.02472,0.02641,0.02433,0.02617,238001473.0
2024-12-20 20:00:00,0.02617,0.0271,0.02518,0.02674,157561484.0
2024-12-21 00:00:00,0.02674,0.02728,0.02655,0.02677,125473170.0
2024-12-21 04:00:00,0.02678,0.02886,0.02674,0.02847,171770362.0
2024-12-21 08:00:00,0.02848,0.0286,0.02731,0.02781,173084078.0
2024-12-21 12:00:00,0.02782,0.02786,0.02566,0.02652,339343497.0
2024-12-21 16:00:00,0.02652,0.02654,0.02482,0.02531,218104850.0
2024-12-21 20:00:00,0.02531,0.02583,0.0247,0.02514,151943546.0
2024-12-22 00:00:00,0.02514,0.02557,0.02461,0.0252,105556987.0
2024-12-22 04:00:00,0.02519,0.02528,0.02419,0.02466,84665887.0
2024-12-22 08:00:00,0.02463,0.02573,0.02463,0.02524,129376521.0
2024-12-22 12:00:00,0.02524,0.02595,0.02468,0.02507,148963502.0
2024-12-22 16:00:00,0.02507,0.02559,0.02468,0.02482,210147801.0
2024-12-22 20:00:00,0.02482,0.02605,0.02449,0.02549,167595708.0
2024-12-23 00:00:00,0.0255,0.02728,0.02468,0.02721,168522138.0
2024-12-23 04:00:00,0.02721,0.02761,0.02599,0.0267,204293795.0
2024-12-23 08:00:00,0.0267,0.02791,0.02634,0.02717,275689433.0
2024-12-23 12:00:00,0.02717,0.02782,0.02657,0.02667,300750440.0
2024-12-23 16:00:00,0.02669,0.02883,0.02654,0.02777,577413131.0
2024-12-23 20:00:00,0.02777,0.03137,0.02773,0.03038,644214301.0
2024-12-24 00:00:00,0.03039,0.03069,0.02886,0.0294,314557604.0
2024-12-24 04:00:00,0.0294,0.03025,0.02908,0.02955,194636741.0
2024-12-24 08:00:00,0.02955,0.03044,0.02937,0.03037,219346655.0
2024-12-24 12:00:00,0.03036,0.03352,0.02991,0.03311,455554780.0
2024-12-24 16:00:00,0.03312,0.03424,0.03203,0.03207,525298046.0
2024-12-24 20:00:00,0.03208,0.03266,0.03161,0.0324,195999897.0
2024-12-25 00:00:00,0.0324,0.03264,0.03171,0.03248,142927069.0
2024-12-25 04:00:00,0.03248,0.03263,0.0318,0.03198,108483609.0
2024-12-25 08:00:00,0.03199,0.0339,0.03174,0.03273,329570698.0
2024-12-25 12:00:00,0.03273,0.0334,0.03226,0.03245,189730157.0
2024-12-25 16:00:00,0.03246,0.0328,0.03184,0.03254,134041012.0
2024-12-25 20:00:00,0.03256,0.03283,0.03178,0.03217,83150852.0
2024-12-26 00:00:00,0.03218,0.03295,0.03148,0.03152,185383969.0
2024-12-26 04:00:00,0.03152,0.03152,0.03041,0.03046,159113351.0
2024-12-26 08:00:00,0.03046,0.03094,0.02949,0.03055,244915789.0
2024-12-26 12:00:00,0.03055,0.03107,0.0298,0.03001,252490535.0
2024-12-26 16:00:00,0.03002,0.03022,0.02908,0.02954,167771815.0
2024-12-26 20:00:00,0.02953,0.02991,0.02889,0.0296,116253874.0
2024-12-27 00:00:00,0.02959,0.03015,0.02933,0.02977,147160716.0
2024-12-27 04:00:00,0.02977,0.03028,0.02896,0.02924,121136198.0
2024-12-27 08:00:00,0.02924,0.03139,0.02923,0.03071,268889134.0
2024-12-27 12:00:00,0.03071,0.03084,0.02868,0.02887,178641970.0
2024-12-27 16:00:00,0.02888,0.02938,0.0283,0.02893,161497101.0
2024-12-27 20:00:00,0.02893,0.02908,0.02812,0.02856,103999795.0
2024-12-28 00:00:00,0.02855,0.02884,0.02818,0.02834,123935118.0
2024-12-28 04:00:00,0.02834,0.02862,0.02787,0.02793,88663936.0
2024-12-28 08:00:00,0.02794,0.02829,0.02773,0.02813,74215663.0
2024-12-28 12:00:00,0.02812,0.02955,0.02769,0.02898,203462679.0
2024-12-28 16:00:00,0.02898,0.03038,0.0287,0.02984,141023137.0
2024-12-28 20:00:00,0.02984,0.03052,0.02954,0.02992,85107572.0
2024-12-29 00:00:00,0.02992,0.03089,0.02954,0.03089,108215115.0
2024-12-29 04:00:00,0.03088,0.03101,0.02947,0.02989,95355475.0
2024-12-29 08:00:00,0.0299,0.03023,0.02889,0.0289,82438710.0
2024-12-29 12:00:00,0.0289,0.02953,0.02861,0.02912,130188283.0
2024-12-29 16:00:00,0.02913,0.02914,0.02832,0.02858,77578850.0
2024-12-29 20:00:00,0.02858,0.02866,0.02791,0.02815,74067322.0
2024-12-30 00:00:00,0.02815,0.02942,0.02797,0.02889,103061863.0
2024-12-30 04:00:00,0.02889,0.02935,0.02835,0.02861,69165843.0
2024-12-30 08:00:00,0.02861,0.02903,0.02752,0.02801,105840116.0
2024-12-30 12:00:00,0.028,0.02843,0.02656,0.02667,191241942.0
2024-12-30 16:00:00,0.02666,0.0284,0.02653,0.02807,191997539.0
2024-12-30 20:00:00,0.02807,0.02897,0.02714,0.02751,156879706.0
2024-12-31 00:00:00,0.02751,0.02751,0.02661,0.02665,107643468.0
2024-12-31 04:00:00,0.02665,0.02696,0.02635,0.02658,89947390.0
2024-12-31 08:00:00,0.02658,0.02793,0.02658,0.02683,149614428.0
2024-12-31 12:00:00,0.02683,0.02819,0.02669,0.02738,207985915.0
2024-12-31 16:00:00,0.02739,0.02753,0.02624,0.02646,144539706.0
2024-12-31 20:00:00,0.02645,0.02671,0.02613,0.02632,82179772.0
2025-01-01 00:00:00,0.02632,0.02678,0.02618,0.02624,60293200.0
2025-01-01 04:00:00,0.02623,0.02663,0.02595,0.02653,79233721.0
2025-01-01 08:00:00,0.02653,0.02667,0.02581,0.02644,71856072.0
2025-01-01 12:00:00,0.02644,0.02719,0.02636,0.02711,115173486.0
2025-01-01 16:00:00,0.02711,0.02778,0.02661,0.02763,133134663.0
2025-01-01 20:00:00,0.02763,0.02812,0.02758,0.02774,80834629.0
2025-01-02 00:00:00,0.02775,0.02859,0.02772,0.0284,126340418.0
2025-01-02 04:00:00,0.02841,0.02909,0.02812,0.02868,114672264.0
2025-01-02 08:00:00,0.02869,0.02947,0.02853,0.02914,104047371.0
2025-01-02 12:00:00,0.02915,0.02984,0.0287,0.02893,146188376.0
2025-01-02 16:00:00,0.02894,0.02942,0.02861,0.02876,113480444.0
2025-01-02 20:00:00,0.02877,0.02896,0.02815,0.02868,91817791.0
2025-01-03 00:00:00,0.02869,0.0289,0.02817,0.0287,85576259.0
2025-01-03 04:00:00,0.0287,0.02871,0.028,0.02806,61363221.0
2025-01-03 08:00:00,0.02806,0.02954,0.02795,0.02944,84467068.0
2025-01-03 12:00:00,0.02943,0.03129,0.02934,0.03129,199996723.0
2025-01-03 16:00:00,0.03129,0.03269,0.03126,0.03219,364916772.0
2025-01-03 20:00:00,0.03218,0.03249,0.03179,0.03216,104808829.0
2025-01-04 00:00:00,0.03216,0.03252,0.03138,0.03197,121812588.0
2025-01-04 04:00:00,0.03198,0.032,0.03157,0.0318,60013236.0
2025-01-04 08:00:00,0.0318,0.03184,0.03092,0.03107,85870660.0
2025-01-04 12:00:00,0.03105,0.03199,0.0306,0.03075,205345188.0
2025-01-04 16:00:00,0.03075,0.03119,0.03075,0.03103,65193722.0
2025-01-04 20:00:00,0.03102,0.03134,0.03086,0.0309,71596257.0
2025-01-05 00:00:00,0.0309,0.03109,0.03042,0.03056,69746060.0
2025-01-05 04:00:00,0.03055,0.03097,0.03049,0.0308,60018174.0
2025-01-05 08:00:00,0.0308,0.03084,0.03003,0.03035,93974459.0
2025-01-05 12:00:00,0.03034,0.03065,0.02985,0.03031,93829980.0
2025-01-05 16:00:00,0.03033,0.03061,0.02988,0.0306,83848830.0
2025-01-05 20:00:00,0.0306,0.03119,0.03043,0.03101,112234478.0
2025-01-06 00:00:00,0.03102,0.03134,0.02981,0.031,185553073.0
2025-01-06 04:00:00,0.031,0.03117,0.03019,0.0303,67534968.0
2025-01-06 08:00:00,0.0303,0.03056,0.02935,0.03012,144751482.0
2025-01-06 12:00:00,0.03013,0.03103,0.02961,0.03088,199351516.0
2025-01-06 16:00:00,0.03088,0.03146,0.0301,0.03037,154597430.0
2025-01-06 20:00:00,0.03036,0.0305,0.02995,0.03033,69331613.0
2025-01-07 00:00:00,0.03033,0.03039,0.0297,0.0299,70047475.0
2025-01-07 04:00:00,0.02991,0.03014,0.02964,0.02986,81180163.0
2025-01-07 08:00:00,0.02987,0.0303,0.02915,0.02936,90441393.0
2025-01-07 12:00:00,0.02938,0.02969,0.02727,0.02821,561379950.0
2025-01-07 16:00:00,0.0282,0.02822,0.02669,0.0269,288086844.0
2025-01-07 20:00:00,0.0269,0.02699,0.0261,0.02611,207105526.0
2025-01-08 00:00:00,0.02612,0.02652,0.02533,0.02561,241979082.0
2025-01-08 04:00:00,0.02561,0.02578,0.0246,0.02505,155980876.0
2025-01-08 08:00:00,0.02504,0.02539,0.02455,0.02472,100353378.0
2025-01-08 12:00:00,0.02473,0.0254,0.02446,0.02497,159653131.0
2025-01-08 16:00:00,0.02498,0.025,0.02324,0.02431,369803929.0
2025-01-08 20:00:00,0.02431,0.02505,0.02394,0.02479,175101310.0
2025-01-09 00:00:00,0.02479,0.02533,0.0246,0.02497,118031176.0
2025-01-09 04:00:00,0.02496,0.02523,0.02405,0.02416,144851933.0
2025-01-09 08:00:00,0.02417,0.02488,0.02402,0.02454,110439984.0
2025-01-09 12:00:00,0.02453,0.025,0.02333,0.0248,235546605.0
2025-01-09 16:00:00,0.02482,0.02497,0.02343,0.02352,158413544.0
2025-01-09 20:00:00,0.02353,0.02399,0.02312,0.02373,105696382.0
2025-01-10 00:00:00,0.02372,0.02408,0.02349,0.024,70782862.0
2025-01-10 04:00:00,0.02399,0.02481,0.02379,0.0246,110273411.0
2025-01-10 08:00:00,0.02459,0.02483,0.0243,0.02459,93000421.0
2025-01-10 12:00:00,0.0246,0.02469,0.0234,0.02405,256872320.0
2025-01-10 16:00:00,0.02405,0.02464,0.02345,0.02456,176250484.0
2025-01-10 20:00:00,0.02456,0.02457,0.02392,0.02402,166270919.0
2025-01-11 00:00:00,0.02402,0.02427,0.02366,0.02372,45799397.0
2025-01-11 04:00:00,0.02373,0.02433,0.02352,0.02391,109201579.0
2025-01-11 08:00:00,0.02392,0.02414,0.0236,0.02407,61943057.0
2025-01-11 12:00:00,0.02407,0.0241,0.0233,0.02338,126163970.0
2025-01-11 16:00:00,0.02339,0.0235,0.02275,0.02308,192283064.0
2025-01-11 20:00:00,0.02308,0.02456,0.02303,0.02392,213959217.0
2025-01-12 00:00:00,0.02393,0.02419,0.02373,0.02403,105147130.0
2025-01-12 04:00:00,0.02402,0.02417,0.02363,0.02391,72094815.0
2025-01-12 08:00:00,0.02391,0.02397,0.02322,0.02366,118946744.0
2025-01-12 12:00:00,0.02365,0.02392,0.02343,0.02381,102500188.0
2025-01-12 16:00:00,0.02381,0.02394,0.02339,0.02351,87617181.0
2025-01-12 20:00:00,0.02351,0.02362,0.0229,0.02331,72760173.0
2025-01-13 00:00:00,0.02332,0.02415,0.02238,0.02249,207572502.0
2025-01-13 04:00:00,0.02248,0.02298,0.02207,0.02224,110005662.0
2025-01-13 08:00:00,0.02225,0.0223,0.02116,0.02118,209767799.0
2025-01-13 12:00:00,0.02118,0.02294,0.02113,0.02245,331679276.0
2025-01-13 16:00:00,0.02245,0.0226,0.02157,0.02191,198509378.0
2025-01-13 20:00:00,0.02191,0.02333,0.02169,0.02299,152849099.0
2025-01-14 00:00:00,0.023,0.02333,0.02282,0.02301,74903294.0
2025-01-14 04:00:00,0.02301,0.02347,0.02286,0.02293,70947211.0
2025-01-14 08:00:00,0.02293,0.02388,0.02293,0.02336,121091516.0
2025-01-14 12:00:00,0.02335,0.02391,0.023,0.02337,147201497.0
2025-01-14 16:00:00,0.02338,0.02395,0.02312,0.02372,106965621.0
2025-01-14 20:00:00,0.02373,0.02438,0.0235,0.02431,113014919.0
2025-01-15 00:00:00,0.02432,0.02474,0.02396,0.02446,142968038.0
2025-01-15 04:00:00,0.02448,0.02486,0.02409,0.0247,82029370.0
2025-01-15 08:00:00,0.02471,0.02509,0.02376,0.02393,161145723.0
2025-01-15 12:00:00,0.02394,0.0265,0.02365,0.02623,391779036.0
2025-01-15 16:00:00,0.02624,0.02657,0.02567,0.02633,150921333.0
2025-01-15 20:00:00,0.02633,0.02692,0.02613,0.02679,119820918.0
2025-01-16 00:00:00,0.02678,0.02691,0.02599,0.02609,111439983.0
2025-01-16 04:00:00,0.02609,0.02629,0.02583,0.02604,62698280.0
2025-01-16 08:00:00,0.02604,0.02612,0.02535,0.02593,120376414.0
2025-01-16 12:00:00,0.02592,0.02671,0.02525,0.02612,286178517.0
2025-01-16 16:00:00,0.02611,0.02659,0.02606,0.02649,112823827.0
2025-01-16 20:00:00,0.02649,0.02656,0.02546,0.02569,78228299.0
2025-01-17 00:00:00,0.0257,0.02692,0.02568,0.02639,105581498.0
2025-01-17 04:00:00,0.02639,0.02765,0.02623,0.02729,137839379.0
2025-01-17 08:00:00,0.02729,0.02779,0.02683,0.02751,143304601.0
2025-01-17 12:00:00,0.0275,0.02844,0.02722,0.0278,202745886.0
2025-01-17 16:00:00,0.02781,0.02842,0.02756,0.02779,126286315.0
2025-01-17 20:00:00,0.0278,0.02933,0.02774,0.02878,185065398.0
2025-01-18 00:00:00,0.02879,0.02903,0.02733,0.0274,131367069.0
2025-01-18 04:00:00,0.0274,0.02755,0.02601,0.02603,244523358.0
2025-01-18 08:00:00,0.02603,0.02608,0.02526,0.02595,189980333.0
2025-01-18 12:00:00,0.02595,0.02612,0.02532,0.02546,151608117.0
2025-01-18 16:00:00,0.02546,0.0256,0.02485,0.02532,184012819.0
2025-01-18 20:00:00,0.02533,0.02571,0.02489,0.02553,85335628.0
2025-01-19 00:00:00,0.02553,0.02646,0.02539,0.02565,111201341.0
2025-01-19 04:00:00,0.02565,0.02567,0.02436,0.02438,132279132.0
2025-01-19 08:00:00,0.02438,0.02438,0.02237,0.0225,378637143.0
2025-01-19 12:00:00,0.0225,0.0254,0.02244,0.02472,308622302.0
2025-01-19 16:00:00,0.02474,0.02514,0.02435,0.02493,106568480.0
2025-01-19 20:00:00,0.02494,0.02517,0.02164,0.02221,730262254.0
2025-01-20 00:00:00,0.02221,0.02222,0.02088,0.02161,538588887.0
2025-01-20 04:00:00,0.0216,0.02454,0.02133,0.02378,495767994.0
2025-01-20 08:00:00,0.02379,0.02414,0.02304,0.02371,176367981.0
2025-01-20 12:00:00,0.02371,0.02372,0.02246,0.02263,231844573.0
2025-01-20 16:00:00,0.02265,0.02306,0.02122,0.02227,457123571.0
2025-01-20 20:00:00,0.02227,0.02247,0.0215,0.0218,128165894.0
2025-01-21 00:00:00,0.0218,0.02188,0.02059,0.02089,213287687.0
2025-01-21 04:00:00,0.02089,0.02123,0.02043,0.02108,124072917.0
2025-01-21 08:00:00,0.02108,0.02205,0.02085,0.02198,154042505.0
2025-01-21 12:00:00,0.02199,0.02256,0.0217,0.02197,190285190.0
2025-01-21 16:00:00,0.02197,0.02332,0.02189,0.02296,149040036.0
2025-01-21 20:00:00,0.02296,0.02305,0.02245,0.02268,126383257.0
2025-01-22 00:00:00,0.02267,0.02336,0.02249,0.02314,168405986.0
2025-01-22 04:00:00,0.02314,0.02346,0.02285,0.02292,84047481.0
2025-01-22 08:00:00,0.02292,0.023,0.02243,0.02295,144658842.0
2025-01-22 12:00:00,0.02296,0.02302,0.02201,0.0222,132643042.0
2025-01-22 16:00:00,0.02221,0.02258,0.02199,0.02221,89003963.0
2025-01-22 20:00:00,0.02222,0.02241,0.02175,0.02185,94241073.0
2025-01-23 00:00:00,0.02185,0.02187,0.02127,0.02144,84130721.0
2025-01-23 04:00:00,0.02145,0.02167,0.02114,0.02163,76327568.0
2025-01-23 08:00:00,0.02163,0.02173,0.02121,0.0214,70080056.0
2025-01-23 12:00:00,0.0214,0.02218,0.02102,0.02191,217799378.0
2025-01-23 16:00:00,0.02191,0.02252,0.02109,0.02117,164457778.0
2025-01-23 20:00:00,0.02116,0.0221,0.02097,0.02183,233203957.0
2025-01-24 00:00:00,0.02183,0.022,0.02088,0.02116,104561327.0
2025-01-24 04:00:00,0.02115,0.02211,0.02102,0.02184,82562810.0
2025-01-24 08:00:00,0.02185,0.02232,0.0218,0.02223,66667536.0
2025-01-24 12:00:00,0.02223,0.02257,0.0218,0.02204,103686198.0
2025-01-24 16:00:00,0.02204,0.02207,0.02154,0.02161,73224844.0
2025-01-24 20:00:00,0.02162,0.02171,0.02083,0.02099,87338937.0
2025-01-25 00:00:00,0.02098,0.02141,0.02048,0.02132,110972248.0
2025-01-25 04:00:00,0.02132,0.02132,0.02088,0.02093,53192505.0
2025-01-25 08:00:00,0.02094,0.02108,0.02061,0.02099,65105023.0
2025-01-25 12:00:00,0.02099,0.02144,0.02082,0.0213,75300343.0
2025-01-25 16:00:00,0.0213,0.02148,0.02111,0.02135,58559207.0
2025-01-25 20:00:00,0.02136,0.02162,0.02117,0.0212,49876768.0
2025-01-26 00:00:00,0.02119,0.02144,0.02105,0.02133,53543409.0
2025-01-26 04:00:00,0.02132,0.02164,0.02123,0.02146,58744485.0
2025-01-26 08:00:00,0.02146,0.02166,0.02113,0.02164,81458357.0
2025-01-26 12:00:00,0.02164,0.02164,0.02119,0.0212,73105028.0
2025-01-26 16:00:00,0.02121,0.02154,0.02107,0.02141,41937052.0
2025-01-26 20:00:00,0.02141,0.02145,0.02021,0.02025,135396295.0
2025-01-27 00:00:00,0.02025,0.02029,0.0191,0.01933,289297297.0
2025-01-27 04:00:00,0.01933,0.01933,0.0177,0.0183,336023562.0
2025-01-27 08:00:00,0.01829,0.01866,0.01799,0.01821,227361363.0
2025-01-27 12:00:00,0.01822,0.01955,0.01812,0.01933,237758481.0
2025-01-27 16:00:00,0.01933,0.01942,0.01837,0.01858,212177366.0
2025-01-27 20:00:00,0.01858,0.01982,0.01857,0.01938,182244572.0
2025-01-28 00:00:00,0.01938,0.0197,0.01902,0.01937,85418397.0
2025-01-28 04:00:00,0.01936,0.01957,0.01907,0.01914,75959243.0
2025-01-28 08:00:00,0.01914,0.01917,0.01884,0.01896,80751630.0
2025-01-28 12:00:00,0.01896,0.01914,0.01863,0.0189,129277949.0
2025-01-28 16:00:00,0.01891,0.01894,0.01836,0.01852,93357342.0
2025-01-28 20:00:00,0.01852,0.01859,0.01743,0.01764,202233242.0
2025-01-29 00:00:00,0.01765,0.01813,0.01747,0.01809,107847187.0
2025-01-29 04:00:00,0.01809,0.01861,0.018,0.01854,102305271.0
2025-01-29 08:00:00,0.01855,0.0186,0.01796,0.01831,100797299.0
2025-01-29 12:00:00,0.01831,0.01839,0.01759,0.01779,103635116.0
2025-01-29 16:00:00,0.01779,0.01892,0.01759,0.01862,395261624.0
2025-01-29 20:00:00,0.0186,0.01932,0.01825,0.01831,202222576.0
2025-01-30 00:00:00,0.01832,0.01924,0.01805,0.0192,133217538.0
2025-01-30 04:00:00,0.0192,0.01933,0.01883,0.01902,99218807.0
2025-01-30 08:00:00,0.01901,0.01951,0.01888,0.0194,139473007.0
2025-01-30 12:00:00,0.0194,0.02072,0.0192,0.0205,289397102.0
2025-01-30 16:00:00,0.02049,0.02081,0.01998,0.02026,191614526.0
2025-01-30 20:00:00,0.02025,0.02046,0.02007,0.02008,88709233.0
2025-01-31 00:00:00,0.02009,0.02031,0.01958,0.01975,94749415.0
2025-01-31 04:00:00,0.01974,0.02057,0.01952,0.02031,113414424.0
2025-01-31 08:00:00,0.02032,0.02097,0.0201,0.02085,149918864.0
2025-01-31 12:00:00,0.02086,0.02107,0.02044,0.02094,198735208.0
2025-01-31 16:00:00,0.02094,0.02101,0.02,0.02022,146860387.0
2025-01-31 20:00:00,0.02021,0.02023,0.01962,0.01991,149883844.0
2025-02-01 00:00:00,0.01991,0.02027,0.01976,0.01995,69058635.0
2025-02-01 04:00:00,0.01995,0.02026,0.01986,0.01991,86029628.0
2025-02-01 08:00:00,0.01991,0.01998,0.01922,0.01954,134681767.0
2025-02-01 12:00:00,0.01953,0.01967,0.01899,0.01918,96809081.0
2025-02-01 16:00:00,0.01919,0.01932,0.0184,0.01848,109748495.0
2025-02-01 20:00:00,0.01847,0.01855,0.0176,0.01773,169678342.0
2025-02-02 00:00:00,0.01774,0.01823,0.01711,0.01717,178351180.0
2025-02-02 04:00:00,0.01717,0.01784,0.0171,0.01761,120438140.0
2025-02-02 08:00:00,0.01761,0.01801,0.01727,0.01731,93190182.0
2025-02-02 12:00:00,0.01731,0.01778,0.0172,0.01742,103019451.0
2025-02-02 16:00:00,0.01742,0.01743,0.01518,0.01601,715553855.0
2025-02-02 20:00:00,0.01601,0.01623,0.01428,0.01534,484754766.0
2025-02-03 00:00:00,0.01536,0.01536,0.01113,0.01299,1935556510.0
2025-02-03 04:00:00,0.013,0.01422,0.01246,0.01415,388567664.0
2025-02-03 08:00:00,0.01415,0.01428,0.01361,0.01396,275211447.0
2025-02-03 12:00:00,0.01397,0.01509,0.01319,0.01503,1019455709.0
2025-02-03 16:00:00,0.01502,0.01577,0.01483,0.01573,395776380.0
2025-02-03 20:00:00,0.01572,0.01631,0.01519,0.01608,342932342.0
2025-02-04 00:00:00,0.01607,0.01637,0.01529,0.01544,189967208.0
2025-02-04 04:00:00,0.01544,0.01557,0.01419,0.01425,436873330.0
2025-02-04 08:00:00,0.01425,0.01508,0.01421,0.01478,259972435.0
2025-02-04 12:00:00,0.01479,0.01543,0.01474,0.01502,381938700.0
2025-02-04 16:00:00,0.01502,0.01544,0.01469,0.01472,304449789.0
2025-02-04 20:00:00,0.01471,0.01499,0.01416,0.01474,450317465.0
2025-02-05 00:00:00,0.01475,0.01491,0.01447,0.01472,191412602.0
2025-02-05 04:00:00,0.01472,0.01494,0.01449,0.01475,140192087.0
2025-02-05 08:00:00,0.01474,0.01523,0.01453,0.01517,200642070.0
2025-02-05 12:00:00,0.01517,0.0153,0.01481,0.01497,148126194.0
2025-02-05 16:00:00,0.01497,0.01505,0.0142,0.01471,261203800.0
2025-02-05 20:00:00,0.01472,0.0148,0.01404,0.01437,116266115.0
2025-02-06 00:00:00,0.01437,0.01463,0.01422,0.01443,106102849.0
2025-02-06 04:00:00,0.01442,0.0147,0.01437,0.01443,88546814.0
2025-02-06 08:00:00,0.01444,0.01457,0.01411,0.0143,140189972.0
2025-02-06 12:00:00,0.01431,0.01432,0.01347,0.01356,248473768.0
2025-02-06 16:00:00,0.01356,0.01387,0.01342,0.01351,200920415.0
2025-02-06 20:00:00,0.0135,0.01388,0.01333,0.01351,139076539.0
2025-02-07 00:00:00,0.01352,0.01407,0.01345,0.01395,149477775.0
2025-02-07 04:00:00,0.01394,0.01406,0.01357,0.0139,84286771.0
2025-02-07 08:00:00,0.01389,0.01434,0.01381,0.01425,181373058.0
2025-02-07 12:00:00,0.01424,0.01475,0.01403,0.01439,294416332.0
2025-02-07 16:00:00,0.01439,0.01442,0.01398,0.01412,142315743.0
2025-02-07 20:00:00,0.01412,0.01413,0.01325,0.01378,148596301.0
2025-02-08 00:00:00,0.01378,0.014,0.01365,0.01372,67412862.0
2025-02-08 04:00:00,0.01372,0.01392,0.0135,0.01379,91099316.0
2025-02-08 08:00:00,0.01379,0.01386,0.01348,0.01362,70218667.0
2025-02-08 12:00:00,0.01361,0.01409,0.0135,0.0139,111923560.0
2025-02-08 16:00:00,0.01391,0.01436,0.01381,0.01428,102937010.0
2025-02-08 20:00:00,0.01428,0.01459,0.01422,0.01448,76820000.0
2025-02-09 00:00:00,0.01447,0.01481,0.01423,0.01475,108980486.0
2025-02-09 04:00:00,0.01475,0.015,0.01457,0.01488,111317067.0
2025-02-09 08:00:00,0.01489,0.01507,0.0148,0.01483,91131944.0
2025-02-09 12:00:00,0.01483,0.01491,0.01442,0.01465,96050355.0
2025-02-09 16:00:00,0.01465,0.01474,0.01424,0.0143,71268442.0
2025-02-09 20:00:00,0.0143,0.01464,0.01368,0.01452,190940260.0
2025-02-10 00:00:00,0.01452,0.01487,0.01398,0.01452,144754963.0
2025-02-10 04:00:00,0.01453,0.0152,0.01442,0.01496,146977972.0
2025-02-10 08:00:00,0.01496,0.01523,0.01488,0.01501,82175451.0
2025-02-10 12:00:00,0.01501,0.01535,0.01473,0.015,120435202.0
2025-02-10 16:00:00,0.01501,0.01535,0.01497,0.01524,71873612.0
2025-02-10 20:00:00,0.01524,0.01547,0.01515,0.01534,50403658.0
2025-02-11 00:00:00,0.01535,0.01571,0.01526,0.01567,78721042.0
2025-02-11 04:00:00,0.01567,0.01701,0.01567,0.01652,246221279.0
2025-02-11 08:00:00,0.01651,0.01659,0.01626,0.0164,86314596.0
2025-02-11 12:00:00,0.01641,0.01644,0.0157,0.01594,135288579.0
2025-02-11 16:00:00,0.01594,0.01604,0.01515,0.01524,126255070.0
2025-02-11 20:00:00,0.01524,0.01566,0.0152,0.01543,84029872.0
2025-02-12 00:00:00,0.01542,0.01568,0.01522,0.01539,81918622.0
2025-02-12 04:00:00,0.01539,0.01552,0.01517,0.01526,80440219.0
2025-02-12 08:00:00,0.01526,0.01552,0.01521,0.01535,78415596.0
2025-02-12 12:00:00,0.01535,0.01567,0.01474,0.01552,348292712.0
2025-02-12 16:00:00,0.01552,0.01636,0.01536,0.01626,167982734.0
2025-02-12 20:00:00,0.01627,0.01702,0.01616,0.01669,137119020.0
2025-02-13 00:00:00,0.01669,0.01689,0.01646,0.01679,75937154.0
2025-02-13 04:00:00,0.0168,0.01681,0.01613,0.01616,80294495.0
2025-02-13 08:00:00,0.01617,0.01628,0.01598,0.01613,65355524.0
2025-02-13 12:00:00,0.01613,0.01633,0.01582,0.01603,125177073.0
2025-02-13 16:00:00,0.01602,0.01628,0.01574,0.01598,92324572.0
2025-02-13 20:00:00,0.01598,0.01626,0.01591,0.01602,50226890.0
2025-02-14 00:00:00,0.01603,0.0162,0.01578,0.01615,47570947.0
2025-02-14 04:00:00,0.01616,0.0162,0.01555,0.01574,58526474.0
2025-02-14 08:00:00,0.01575,0.01617,0.01574,0.01591,58338443.0
2025-02-14 12:00:00,0.01592,0.01625,0.01577,0.01614,88487850.0
2025-02-14 16:00:00,0.01615,0.01653,0.0159,0.01618,144227568.0
2025-02-14 20:00:00,0.01619,0.01628,0.01561,0.01602,84486259.0
2025-02-15 00:00:00,0.01602,0.01604,0.01578,0.01589,41929657.0
2025-02-15 04:00:00,0.01589,0.01598,0.01543,0.01551,60703664.0
2025-02-15 08:00:00,0.01552,0.01569,0.01519,0.01531,70300665.0
2025-02-15 12:00:00,0.01531,0.0154,0.01495,0.01507,91407938.0
2025-02-15 16:00:00,0.01507,0.01526,0.01498,0.01519,69374707.0
2025-02-15 20:00:00,0.0152,0.01539,0.01507,0.01529,56079690.0
2025-02-16 00:00:00,0.01528,0.01541,0.01511,0.01525,33422054.0
2025-02-16 04:00:00,0.01525,0.01537,0.01515,0.01527,24365183.0
2025-02-16 08:00:00,0.01528,0.01571,0.01524,0.01568,53782910.0
2025-02-16 12:00:00,0.01568,0.01571,0.01521,0.01537,69361457.0
2025-02-16 16:00:00,0.01536,0.01549,0.01495,0.01524,62407008.0
2025-02-16 20:00:00,0.01523,0.01532,0.015,0.01505,44237881.0
2025-02-17 00:00:00,0.01506,0.01548,0.015,0.01529,48385407.0
2025-02-17 04:00:00,0.01529,0.01541,0.01483,0.01519,78829079.0
2025-02-17 08:00:00,0.0152,0.01566,0.01507,0.0156,92678744.0
2025-02-17 12:00:00,0.0156,0.01601,0.01539,0.01544,114894450.0
2025-02-17 16:00:00,0.01543,0.01555,0.01474,0.01508,167634455.0
2025-02-17 20:00:00,0.01507,0.01564,0.01504,0.01539,93313977.0
2025-02-18 00:00:00,0.01539,0.01557,0.0152,0.01556,64281694.0
2025-02-18 04:00:00,0.01556,0.01561,0.01476,0.01495,93548988.0
2025-02-18 08:00:00,0.01495,0.01527,0.01476,0.01496,65103227.0
2025-02-18 12:00:00,0.01496,0.01523,0.01422,0.01436,182124822.0
2025-02-18 16:00:00,0.01437,0.01453,0.01393,0.01428,180429731.0
2025-02-18 20:00:00,0.01429,0.01455,0.0141,0.01453,69133030.0
2025-02-19 00:00:00,0.01453,0.01478,0.01439,0.01462,53008757.0
2025-02-19 04:00:00,0.01462,0.01495,0.01435,0.01483,90799546.0
2025-02-19 08:00:00,0.01484,0.01498,0.01471,0.01496,61846165.0
2025-02-19 12:00:00,0.01496,0.01508,0.01464,0.01467,75609771.0
2025-02-19 16:00:00,0.01468,0.01489,0.01458,0.01473,66864237.0
2025-02-19 20:00:00,0.01472,0.01497,0.01451,0.01481,97913695.0
2025-02-20 00:00:00,0.01481,0.01524,0.01477,0.01521,75563825.0
2025-02-20 04:00:00,0.01521,0.01563,0.01512,0.01518,144895775.0
2025-02-20 08:00:00,0.01517,0.01577,0.01511,0.01559,130300009.0
2025-02-20 12:00:00,0.01559,0.01637,0.01558,0.01598,302037808.0
2025-02-20 16:00:00,0.01597,0.01627,0.01591,0.01624,125737172.0
2025-02-20 20:00:00,0.01624,0.01629,0.01589,0.01605,71217823.0
2025-02-21 00:00:00,0.01606,0.01634,0.01597,0.01614,77125111.0
2025-02-21 04:00:00,0.01613,0.0167,0.01612,0.0166,92134431.0
2025-02-21 08:00:00,0.01659,0.01717,0.0165,0.01696,131174649.0
2025-02-21 12:00:00,0.01696,0.01756,0.01625,0.01654,274948212.0
2025-02-21 16:00:00,0.01655,0.01687,0.01552,0.01564,226253448.0
2025-02-21 20:00:00,0.01565,0.01598,0.01558,0.01594,114165701.0
2025-02-22 00:00:00,0.01593,0.01635,0.01588,0.01612,106920821.0
2025-02-22 04:00:00,0.01611,0.01643,0.01607,0.0161,64934662.0
2025-02-22 08:00:00,0.0161,0.01635,0.01601,0.0163,77728729.0
2025-02-22 12:00:00,0.0163,0.01691,0.01624,0.01684,111987392.0
2025-02-22 16:00:00,0.01684,0.01698,0.01655,0.01663,98172681.0
2025-02-22 20:00:00,0.01664,0.01679,0.01644,0.0167,61841094.0
2025-02-23 00:00:00,0.01671,0.01718,0.01669,0.01686,108706177.0
2025-02-23 04:00:00,0.01686,0.01698,0.01652,0.01697,68940757.0
2025-02-23 08:00:00,0.01697,0.01705,0.01652,0.01656,61839629.0
2025-02-23 12:00:00,0.01655,0.01663,0.01604,0.01607,117771703.0
2025-02-23 16:00:00,0.01607,0.01638,0.01604,0.01622,48183547.0
2025-02-23 20:00:00,0.01621,0.0164,0.01596,0.01626,61357724.0
2025-02-24 00:00:00,0.01626,0.01635,0.01552,0.01553,85189362.0
2025-02-24 04:00:00,0.01553,0.0156,0.01527,0.01541,156360483.0
2025-02-24 08:00:00,0.01541,0.01544,0.01482,0.01509,165667180.0
2025-02-24 12:00:00,0.01509,0.01509,0.01425,0.01451,282449718.0
2025-02-24 16:00:00,0.01452,0.01485,0.01415,0.01431,142302253.0
2025-02-24 20:00:00,0.01432,0.01456,0.01343,0.01376,307200951.0
2025-02-25 00:00:00,0.01376,0.01399,0.0133,0.01375,193287852.0
2025-02-25 04:00:00,0.01375,0.01409,0.01296,0.01352,307573866.0
2025-02-25 08:00:00,0.01351,0.01386,0.01301,0.01382,187612019.0
2025-02-25 12:00:00,0.0138,0.01402,0.01328,0.01371,164946631.0
2025-02-25 16:00:00,0.01372,0.01415,0.01355,0.01407,280541153.0
2025-02-25 20:00:00,0.01407,0.0144,0.01396,0.01428,105416738.0
2025-02-26 00:00:00,0.01428,0.01457,0.01409,0.01447,73095662.0
2025-02-26 04:00:00,0.01448,0.01466,0.01432,0.01446,61905221.0
2025-02-26 08:00:00,0.01445,0.01467,0.01423,0.01444,79664723.0
2025-02-26 12:00:00,0.01444,0.01466,0.01384,0.01453,169976783.0
2025-02-26 16:00:00,0.01452,0.01468,0.01376,0.01402,216493025.0
2025-02-26 20:00:00,0.01402,0.01488,0.01385,0.01458,154207115.0
2025-02-27 00:00:00,0.01459,0.01479,0.0144,0.01466,80786199.0
2025-02-27 04:00:00,0.01466,0.01493,0.01451,0.01486,82794200.0
2025-02-27 08:00:00,0.01486,0.01501,0.01465,0.01485,125064904.0
2025-02-27 12:00:00,0.01486,0.01496,0.0144,0.01462,82942355.0
2025-02-27 16:00:00,0.01462,0.01473,0.01435,0.01441,91090522.0
2025-02-27 20:00:00,0.0144,0.01459,0.01393,0.01451,120022958.0
2025-02-28 00:00:00,0.01451,0.01458,0.01345,0.01348,233720082.0
2025-02-28 04:00:00,0.01348,0.0135,0.01307,0.01329,176639213.0
2025-02-28 08:00:00,0.01329,0.01363,0.01302,0.01348,138595348.0
2025-02-28 12:00:00,0.01347,0.01443,0.01339,0.01428,175781956.0
2025-02-28 16:00:00,0.01427,0.01467,0.01415,0.01455,120413982.0
2025-02-28 20:00:00,0.01455,0.01469,0.01442,0.01454,61094807.0
2025-03-01 00:00:00,0.01454,0.01464,0.01427,0.01446,71750800.0
2025-03-01 04:00:00,0.01446,0.01465,0.01417,0.01424,65887762.0
2025-03-01 08:00:00,0.01424,0.01438,0.01386,0.01392,75377361.0
2025-03-01 12:00:00,0.01393,0.01396,0.01361,0.01387,94416971.0
2025-03-01 16:00:00,0.01388,0.01409,0.01381,0.01399,51625574.0
2025-03-01 20:00:00,0.01399,0.01433,0.01392,0.01421,57817103.0
2025-03-02 00:00:00,0.01421,0.01429,0.01403,0.0142,44970684.0
2025-03-02 04:00:00,0.01419,0.01438,0.01412,0.01416,41513300.0
2025-03-02 08:00:00,0.01415,0.01446,0.01408,0.01433,60131594.0
2025-03-02 12:00:00,0.01434,0.01499,0.01395,0.01464,201303227.0
2025-03-02 16:00:00,0.01465,0.01618,0.01464,0.01599,516535687.0
2025-03-02 20:00:00,0.01598,0.01616,0.01592,0.0161,75183099.0
2025-03-03 00:00:00,0.0161,0.01615,0.01526,0.01543,107854197.0
2025-03-03 04:00:00,0.01542,0.01559,0.01477,0.01512,99552492.0
2025-03-03 08:00:00,0.01512,0.01513,0.01464,0.01495,83589437.0
2025-03-03 12:00:00,0.01495,0.01527,0.01448,0.01474,214719995.0
2025-03-03 16:00:00,0.01474,0.01484,0.01341,0.01348,347023571.0
2025-03-03 20:00:00,0.01348,0.01363,0.01322,0.01346,126511956.0
2025-03-04 00:00:00,0.01347,0.0136,0.01234,0.01281,361197450.0
2025-03-04 04:00:00,0.01282,0.01313,0.01277,0.01284,90716072.0
2025-03-04 08:00:00,0.01285,0.01303,0.01268,0.01282,96687227.0
2025-03-04 12:00:00,0.01281,0.01328,0.01238,0.01278,257341061.0
2025-03-04 16:00:00,0.01278,0.01335,0.01194,0.01328,253742461.0
2025-03-04 20:00:00,0.01329,0.01354,0.01303,0.01321,110228208.0
2025-03-05 00:00:00,0.0132,0.01327,0.01268,0.01268,116580146.0
2025-03-05 04:00:00,0.01269,0.01298,0.01267,0.01295,78262948.0
2025-03-05 08:00:00,0.01294,0.01353,0.01287,0.01321,126269606.0
2025-03-05 12:00:00,0.01321,0.0134,0.01294,0.013,101029940.0
2025-03-05 16:00:00,0.013,0.01346,0.01282,0.01344,81569162.0
2025-03-05 20:00:00,0.01344,0.01367,0.0134,0.01346,60582123.0
2025-03-06 00:00:00,0.01345,0.01367,0.01326,0.01363,109243530.0
2025-03-06 04:00:00,0.01362,0.01403,0.01351,0.01366,154095920.0
2025-03-06 08:00:00,0.01366,0.01415,0.01362,0.01401,98325198.0
2025-03-06 12:00:00,0.01402,0.01404,0.01346,0.01389,133582111.0
2025-03-06 16:00:00,0.01389,0.01401,0.01317,0.01328,140807392.0
2025-03-06 20:00:00,0.01328,0.01347,0.01317,0.01329,80482542.0
2025-03-07 00:00:00,0.01329,0.01345,0.01251,0.01308,237275865.0
2025-03-07 04:00:00,0.01308,0.01333,0.01303,0.01331,60502664.0
2025-03-07 08:00:00,0.01331,0.0136,0.01313,0.01346,87856216.0
2025-03-07 12:00:00,0.01346,0.01375,0.01325,0.01348,197708244.0
2025-03-07 16:00:00,0.01348,0.01377,0.01305,0.01353,232839385.0
2025-03-07 20:00:00,0.01354,0.01358,0.01292,0.01306,135422326.0
2025-03-08 00:00:00,0.01306,0.01309,0.01262,0.01292,148973620.0
2025-03-08 04:00:00,0.01292,0.01302,0.01261,0.01267,67106798.0
2025-03-08 08:00:00,0.01267,0.01278,0.01245,0.01258,74019217.0
2025-03-08 12:00:00,0.01258,0.01293,0.01255,0.01268,77432082.0
2025-03-08 16:00:00,0.01268,0.01286,0.01252,0.01283,68378882.0
2025-03-08 20:00:00,0.01283,0.01286,0.01256,0.01262,46031375.0
2025-03-09 00:00:00,0.01263,0.01271,0.01248,0.01251,100817462.0
2025-03-09 04:00:00,0.01251,0.01255,0.0123,0.01245,67580493.0
2025-03-09 08:00:00,0.01245,0.01246,0.012,0.01211,75048088.0
2025-03-09 12:00:00,0.01211,0.01213,0.01145,0.01156,243007969.0
2025-03-09 16:00:00,0.01156,0.01172,0.01134,0.01159,367694505.0
2025-03-09 20:00:00,0.01159,0.01173,0.01136,0.01154,127797960.0
2025-03-10 00:00:00,0.01154,0.01192,0.01138,0.01167,108469095.0
2025-03-10 04:00:00,0.01167,0.01187,0.01166,0.0118,68448118.0
2025-03-10 08:00:00,0.0118,0.0123,0.0116,0.01209,128550597.0
2025-03-10 12:00:00,0.01209,0.01224,0.01126,0.01146,309006911.0
2025-03-10 16:00:00,0.01146,0.0115,0.01023,0.01072,591937303.0
2025-03-10 20:00:00,0.01071,0.01077,0.0105,0.01053,123642177.0
2025-03-11 00:00:00,0.01054,0.01067,0.00939,0.01038,776213633.0
2025-03-11 04:00:00,0.01039,0.01073,0.01036,0.0106,112735160.0
2025-03-11 08:00:00,0.01059,0.01073,0.01042,0.01059,143532921.0
2025-03-11 12:00:00,0.0106,0.0109,0.01017,0.01065,317264520.0
2025-03-11 16:00:00,0.01065,0.01113,0.01057,0.01108,236609011.0
2025-03-11 20:00:00,0.01109,0.01109,0.01073,0.0108,82816001.0
2025-03-12 00:00:00,0.0108,0.01102,0.01055,0.01056,80206900.0
2025-03-12 04:00:00,0.01055,0.01113,0.01041,0.01101,192962231.0
2025-03-12 08:00:00,0.01101,0.01129,0.01091,0.01118,116599635.0
2025-03-12 12:00:00,0.01119,0.0115,0.01073,0.01098,231020694.0
2025-03-12 16:00:00,0.01098,0.01135,0.01094,0.01121,119245991.0
2025-03-12 20:00:00,0.01121,0.01129,0.01112,0.01127,58482259.0
2025-03-13 00:00:00,0.01127,0.01133,0.01108,0.01111,89140648.0
2025-03-13 04:00:00,0.01112,0.01119,0.01084,0.01096,100350275.0
2025-03-13 08:00:00,0.01095,0.01125,0.01088,0.01114,121922614.0
2025-03-13 12:00:00,0.01115,0.01131,0.01091,0.01095,163791726.0
2025-03-13 16:00:00,0.01095,0.01097,0.01065,0.01077,99963821.0
2025-03-13 20:00:00,0.01076,0.01107,0.01062,0.01097,75594973.0
2025-03-14 00:00:00,0.01097,0.01111,0.01087,0.01102,56344814.0
2025-03-14 04:00:00,0.01101,0.01108,0.01096,0.01099,41403900.0
2025-03-14 08:00:00,0.011,0.01122,0.01099,0.0112,81759596.0
2025-03-14 12:00:00,0.0112,0.01146,0.01114,0.0114,152020743.0
2025-03-14 16:00:00,0.0114,0.01157,0.01136,0.0114,177509200.0
2025-03-14 20:00:00,0.0114,0.01142,0.01118,0.0112,57244048.0
2025-03-15 00:00:00,0.01121,0.01125,0.01109,0.01122,51212969.0
2025-03-15 04:00:00,0.01123,0.01139,0.0112,0.01129,63072239.0
2025-03-15 08:00:00,0.01128,0.01138,0.01121,0.01131,47729484.0
2025-03-15 12:00:00,0.01131,0.01138,0.01124,0.01133,48187917.0
2025-03-15 16:00:00,0.01134,0.01148,0.01131,0.01139,67897979.0
2025-03-15 20:00:00,0.01139,0.01147,0.01135,0.01141,50859614.0
2025-03-16 00:00:00,0.01141,0.01142,0.01118,0.0113,84729175.0
2025-03-16 04:00:00,0.01129,0.01145,0.01127,0.01138,43883034.0
2025-03-16 08:00:00,0.01138,0.01143,0.01089,0.01092,89490164.0
2025-03-16 12:00:00,0.01091,0.01107,0.01084,0.01097,110299086.0
2025-03-16 16:00:00,0.01098,0.01125,0.01073,0.01074,156094933.0
2025-03-16 20:00:00,0.01074,0.0111,0.0107,0.01089,160947313.0
2025-03-17 00:00:00,0.0109,0.01136,0.01088,0.01134,79401839.0
2025-03-17 04:00:00,0.01133,0.01141,0.01105,0.01128,101050399.0
2025-03-17 08:00:00,0.01128,0.01172,0.01121,0.01151,135954397.0
2025-03-17 12:00:00,0.01152,0.01188,0.01144,0.01169,206262482.0
2025-03-17 16:00:00,0.01168,0.01181,0.01156,0.01159,205132155.0
2025-03-17 20:00:00,0.01159,0.01164,0.01143,0.01149,69726122.0
2025-03-18 00:00:00,0.01149,0.01151,0.01113,0.01116,151843378.0
2025-03-18 04:00:00,0.01115,0.01127,0.01101,0.01116,84893452.0
2025-03-18 08:00:00,0.01115,0.01139,0.0111,0.01121,112726014.0
2025-03-18 12:00:00,0.0112,0.01139,0.01109,0.01111,101716675.0
2025-03-18 16:00:00,0.01111,0.01135,0.01103,0.01133,85209259.0
2025-03-18 20:00:00,0.01134,0.01149,0.01129,0.0114,62846303.0
2025-03-19 00:00:00,0.01141,0.01162,0.01141,0.01161,63397739.0
2025-03-19 04:00:00,0.01162,0.01167,0.01138,0.01142,68466919.0
2025-03-19 08:00:00,0.01142,0.01176,0.01139,0.01173,100432446.0
2025-03-19 12:00:00,0.01173,0.01268,0.01166,0.01209,366241818.0
2025-03-19 16:00:00,0.0121,0.01225,0.0118,0.01213,181201455.0
2025-03-19 20:00:00,0.01213,0.01235,0.01205,0.01226,83513788.0
2025-03-20 00:00:00,0.01225,0.01227,0.01199,0.01212,83139832.0
2025-03-20 04:00:00,0.01212,0.01212,0.01193,0.01202,48270240.0
2025-03-20 08:00:00,0.01202,0.01216,0.01177,0.0119,71075019.0
2025-03-20 12:00:00,0.01191,0.01215,0.01188,0.01196,108121616.0
2025-03-20 16:00:00,0.01196,0.01201,0.01178,0.01187,74304252.0
2025-03-20 20:00:00,0.01187,0.01192,0.01168,0.01176,58970575.0
2025-03-21 00:00:00,0.01176,0.01184,0.01161,0.01165,52613710.0
2025-03-21 04:00:00,0.01165,0.01171,0.01148,0.01154,47164212.0
2025-03-21 08:00:00,0.01154,0.01166,0.01123,0.01139,74438493.0
2025-03-21 12:00:00,0.01138,0.0116,0.01124,0.01146,121797714.0
2025-03-21 16:00:00,0.01146,0.01162,0.01138,0.01157,59108753.0
2025-03-21 20:00:00,0.01156,0.01167,0.01151,0.01157,45678270.0
2025-03-22 00:00:00,0.01157,0.0117,0.01154,0.0116,48412829.0
2025-03-22 04:00:00,0.01161,0.01184,0.01158,0.01176,62911837.0
2025-03-22 08:00:00,0.01176,0.01189,0.01172,0.01184,44994846.0
2025-03-22 12:00:00,0.01184,0.01193,0.01167,0.01182,51835953.0
2025-03-22 16:00:00,0.01182,0.01223,0.01179,0.01209,85080875.0
2025-03-22 20:00:00,0.0121,0.01214,0.01193,0.01199,47906986.0
2025-03-23 00:00:00,0.01198,0.01198,0.01181,0.0119,39045970.0
2025-03-23 04:00:00,0.01191,0.01193,0.01173,0.01187,39930709.0
2025-03-23 08:00:00,0.01187,0.01189,0.01171,0.01174,46655113.0
2025-03-23 12:00:00,0.01174,0.01177,0.01156,0.01164,66721642.0
2025-03-23 16:00:00,0.01164,0.0117,0.01154,0.01158,56594200.0
2025-03-23 20:00:00,0.01159,0.01183,0.01157,0.01181,56894294.0
2025-03-24 00:00:00,0.01182,0.01193,0.01159,0.0119,104663598.0
2025-03-24 04:00:00,0.0119,0.01262,0.0119,0.01262,269566432.0
2025-03-24 08:00:00,0.01262,0.01303,0.0126,0.01262,377876129.0
2025-03-24 12:00:00,0.01263,0.01288,0.01256,0.01287,215717639.0
2025-03-24 16:00:00,0.01287,0.01288,0.01259,0.01261,120790286.0
2025-03-24 20:00:00,0.01261,0.01279,0.01259,0.01277,102571854.0
2025-03-25 00:00:00,0.01277,0.01298,0.01258,0.01266,134239178.0
2025-03-25 04:00:00,0.01265,0.01277,0.01258,0.01266,82274842.0
2025-03-25 08:00:00,0.01265,0.01291,0.01264,0.01281,68919292.0
2025-03-25 12:00:00,0.01281,0.01286,0.01261,0.01274,98240294.0
2025-03-25 16:00:00,0.01274,0.01281,0.01262,0.01276,123340111.0
2025-03-25 20:00:00,0.01277,0.01282,0.01261,0.0127,86078021.0
2025-03-26 00:00:00,0.01271,0.01273,0.01248,0.01253,127654314.0
2025-03-26 04:00:00,0.01253,0.01322,0.01251,0.01318,148854753.0
2025-03-26 08:00:00,0.01319,0.0134,0.01311,0.01315,179770534.0
2025-03-26 12:00:00,0.01316,0.01318,0.01247,0.01284,296491512.0
2025-03-26 16:00:00,0.01283,0.01305,0.01258,0.01274,169175413.0
2025-03-26 20:00:00,0.01273,0.01289,0.0126,0.01276,70847343.0
2025-03-27 00:00:00,0.01277,0.01336,0.01271,0.01332,137073506.0
2025-03-27 04:00:00,0.01332,0.01344,0.01308,0.0132,112377249.0
2025-03-27 08:00:00,0.01319,0.01323,0.01283,0.01288,83158176.0
2025-03-27 12:00:00,0.01287,0.01306,0.01264,0.01289,165956764.0
2025-03-27 16:00:00,0.01289,0.01297,0.01263,0.01284,85578319.0
2025-03-27 20:00:00,0.01284,0.01303,0.01278,0.01281,61892127.0
2025-03-28 00:00:00,0.01281,0.01287,0.01251,0.01258,104706161.0
2025-03-28 04:00:00,0.01258,0.0126,0.01209,0.01212,157996966.0
2025-03-28 08:00:00,0.01213,0.01218,0.01186,0.01204,119393260.0
2025-03-28 12:00:00,0.01204,0.01212,0.01177,0.01179,88085024.0
2025-03-28 16:00:00,0.01179,0.01182,0.01148,0.0115,114396451.0
2025-03-28 20:00:00,0.01151,0.01172,0.01149,0.0117,69090889.0
2025-03-29 00:00:00,0.01169,0.01174,0.01131,0.01153,90220751.0
2025-03-29 04:00:00,0.01153,0.0116,0.01107,0.01114,90717120.0
2025-03-29 08:00:00,0.01113,0.01128,0.01103,0.01112,97954421.0
2025-03-29 12:00:00,0.01113,0.01138,0.01111,0.01119,77898648.0
2025-03-29 16:00:00,0.01119,0.01122,0.01064,0.01089,323566518.0
2025-03-29 20:00:00,0.01089,0.0109,0.0107,0.01084,70963629.0
2025-03-30 00:00:00,0.01084,0.01111,0.01067,0.01097,97734956.0
2025-03-30 04:00:00,0.01097,0.01106,0.01088,0.01094,53030986.0
2025-03-30 08:00:00,0.01093,0.0111,0.01088,0.01093,64139926.0
2025-03-30 12:00:00,0.01094,0.011,0.01072,0.01093,76050274.0
2025-03-30 16:00:00,0.01093,0.01113,0.01068,0.011,91759998.0
2025-03-30 20:00:00,0.011,0.01101,0.01065,0.01081,99571900.0
2025-03-31 00:00:00,0.01081,0.01095,0.01058,0.01066,90947801.0
2025-03-31 04:00:00,0.01065,0.01085,0.01042,0.01054,93812270.0
2025-03-31 08:00:00,0.01054,0.01073,0.01038,0.01067,107564681.0
2025-03-31 12:00:00,0.01067,0.01104,0.01055,0.0109,132722070.0
2025-03-31 16:00:00,0.0109,0.01096,0.01068,0.01072,85840671.0
2025-03-31 20:00:00,0.01072,0.01079,0.01063,0.01067,62893680.0
2025-04-01 00:00:00,0.01068,0.01096,0.01065,0.01096,73551121.0
2025-04-01 04:00:00,0.01097,0.01104,0.01085,0.01093,106159525.0
2025-04-01 08:00:00,0.01094,0.01122,0.01082,0.01088,101344806.0
2025-04-01 12:00:00,0.01088,0.01133,0.0107,0.0112,140404324.0
2025-04-01 16:00:00,0.0112,0.01124,0.01085,0.01088,69079917.0
2025-04-01 20:00:00,0.01089,0.01105,0.01076,0.01094,56882327.0
2025-04-02 00:00:00,0.01095,0.01095,0.01045,0.01065,100588954.0
2025-04-02 04:00:00,0.01066,0.01072,0.01034,0.01043,82986119.0
2025-04-02 08:00:00,0.01043,0.01075,0.01038,0.01061,104889659.0
2025-04-02 12:00:00,0.01061,0.0112,0.01047,0.01112,185861674.0
2025-04-02 16:00:00,0.01112,0.01124,0.01074,0.01094,124698427.0
2025-04-02 20:00:00,0.01094,0.01123,0.01011,0.01028,402548872.0
2025-04-03 00:00:00,0.01027,0.01083,0.01025,0.01068,141887901.0
2025-04-03 04:00:00,0.01067,0.01072,0.01026,0.0104,90730492.0
2025-04-03 08:00:00,0.01039,0.01047,0.0101,0.0102,88540024.0
2025-04-03 12:00:00,0.01019,0.01027,0.00995,0.01018,157279264.0
2025-04-03 16:00:00,0.01017,0.01045,0.01006,0.01043,98325497.0
2025-04-03 20:00:00,0.01043,0.0107,0.01043,0.0106,56915538.0
2025-04-04 00:00:00,0.0106,0.01064,0.01041,0.01057,55359923.0
2025-04-04 04:00:00,0.01057,0.0107,0.01042,0.01069,43806481.0
2025-04-04 08:00:00,0.01069,0.01092,0.01032,0.01051,141422152.0
2025-04-04 12:00:00,0.0105,0.01085,0.01034,0.01058,208956539.0
2025-04-04 16:00:00,0.01058,0.01088,0.01052,0.01067,115404853.0
2025-04-04 20:00:00,0.01066,0.01078,0.01058,0.0106,41837291.0
2025-04-05 00:00:00,0.01061,0.01072,0.0104,0.01042,64900776.0
2025-04-05 04:00:00,0.01042,0.01054,0.01036,0.01053,55457855.0
2025-04-05 08:00:00,0.01054,0.0106,0.01046,0.01047,45875019.0
2025-04-05 12:00:00,0.01047,0.01051,0.01029,0.01035,114481349.0
2025-04-05 16:00:00,0.01034,0.0104,0.01022,0.01023,55461927.0
2025-04-05 20:00:00,0.01023,0.01043,0.01022,0.0104,44397973.0
2025-04-06 00:00:00,0.01039,0.01046,0.01033,0.01038,32415483.0
2025-04-06 04:00:00,0.01038,0.0105,0.01033,0.01036,38243712.0
2025-04-06 08:00:00,0.01035,0.01044,0.01027,0.01044,48277723.0
2025-04-06 12:00:00,0.01043,0.01043,0.00996,0.01006,133182286.0
2025-04-06 16:00:00,0.01006,0.01009,0.0093,0.00948,284422772.0
2025-04-06 20:00:00,0.00947,0.0095,0.00895,0.00923,269117622.0
2025-04-07 00:00:00,0.00923,0.00946,0.00881,0.00897,210602842.0
2025-04-07 04:00:00,0.00897,0.00916,0.00838,0.0087,416078113.0
2025-04-07 08:00:00,0.0087,0.00928,0.0086,0.00906,234987394.0
2025-04-07 12:00:00,0.00907,0.01001,0.00904,0.00949,494652275.0
2025-04-07 16:00:00,0.00949,0.00969,0.00936,0.00951,119357914.0
2025-04-07 20:00:00,0.00951,0.00968,0.00947,0.00955,82520716.0
2025-04-08 00:00:00,0.00955,0.00989,0.00951,0.00974,88221463.0
2025-04-08 04:00:00,0.00974,0.0098,0.00958,0.00969,68313778.0
2025-04-08 08:00:00,0.00968,0.00995,0.00956,0.00993,49589298.0
2025-04-08 12:00:00,0.00994,0.00996,0.00952,0.00957,103177644.0
2025-04-08 16:00:00,0.00956,0.00956,0.00909,0.00917,129200252.0
2025-04-08 20:00:00,0.00916,0.00927,0.00907,0.00911,64602396.0
2025-04-09 00:00:00,0.00912,0.00943,0.00885,0.00929,174930852.0
2025-04-09 04:00:00,0.00929,0.00965,0.00928,0.00962,132085135.0
2025-04-09 08:00:00,0.00962,0.0097,0.00937,0.00945,95255102.0
2025-04-09 12:00:00,0.00945,0.00977,0.00937,0.00963,99592515.0
2025-04-09 16:00:00,0.00962,0.01057,0.00959,0.01048,280892062.0
2025-04-09 20:00:00,0.01048,0.01078,0.01046,0.0106,148892477.0
2025-04-10 00:00:00,0.0106,0.01066,0.0102,0.01027,100209840.0
2025-04-10 04:00:00,0.01026,0.01037,0.01017,0.01029,61475971.0
2025-04-10 08:00:00,0.01029,0.0103,0.01012,0.01019,52184550.0
2025-04-10 12:00:00,0.01018,0.01041,0.00996,0.00998,170556160.0
2025-04-10 16:00:00,0.00999,0.01036,0.00994,0.01031,119063193.0
2025-04-10 20:00:00,0.01031,0.01037,0.0102,0.01021,43703361.0
2025-04-11 00:00:00,0.01021,0.01063,0.01017,0.01057,85712321.0
2025-04-11 04:00:00,0.01058,0.01065,0.01047,0.01049,70058677.0
2025-04-11 08:00:00,0.01049,0.01061,0.01038,0.01039,70837592.0
2025-04-11 12:00:00,0.0104,0.01057,0.01033,0.01056,94134676.0
2025-04-11 16:00:00,0.01056,0.0108,0.01053,0.01059,73831632.0
2025-04-11 20:00:00,0.01059,0.01076,0.01052,0.01053,40540169.0
2025-04-12 00:00:00,0.01054,0.0106,0.01042,0.01046,55177272.0
2025-04-12 04:00:00,0.01047,0.01079,0.01041,0.01067,68340218.0
2025-04-12 08:00:00,0.01067,0.01081,0.01059,0.01062,37671220.0
2025-04-12 12:00:00,0.01063,0.01117,0.0106,0.01107,143536954.0
2025-04-12 16:00:00,0.01107,0.01109,0.01085,0.01092,49511854.0
2025-04-12 20:00:00,0.01092,0.01105,0.01086,0.01098,36219648.0
2025-04-13 00:00:00,0.01099,0.01106,0.01087,0.01093,55052049.0
2025-04-13 04:00:00,0.01092,0.01095,0.01073,0.01078,48899773.0
2025-04-13 08:00:00,0.01079,0.01096,0.01073,0.01082,44420984.0
2025-04-13 12:00:00,0.01081,0.01086,0.01047,0.01059,71525287.0
2025-04-13 16:00:00,0.01058,0.01108,0.01031,0.01047,211001865.0
2025-04-13 20:00:00,0.01047,0.01062,0.01027,0.01047,84730297.0
2025-04-14 00:00:00,0.01046,0.01092,0.01042,0.01061,82330477.0
2025-04-14 04:00:00,0.01061,0.01081,0.01054,0.01072,88943650.0
2025-04-14 08:00:00,0.01071,0.01105,0.01063,0.01098,72309846.0
2025-04-14 12:00:00,0.01098,0.01101,0.01053,0.01055,89231539.0
2025-04-14 16:00:00,0.01056,0.01086,0.01049,0.01081,70979837.0
2025-04-14 20:00:00,0.01081,0.01085,0.01057,0.0106,39930045.0
2025-04-15 00:00:00,0.0106,0.01072,0.0105,0.01069,38784375.0
2025-04-15 04:00:00,0.0107,0.01073,0.01056,0.01066,65182045.0
2025-04-15 08:00:00,0.01067,0.01071,0.01053,0.01061,40691282.0
2025-04-15 12:00:00,0.01061,0.01075,0.01037,0.01042,61618346.0
2025-04-15 16:00:00,0.01041,0.01048,0.01006,0.01024,99107922.0
2025-04-15 20:00:00,0.01024,0.01032,0.0101,0.01013,38670148.0
2025-04-16 00:00:00,0.01013,0.01033,0.01007,0.01026,38615134.0
2025-04-16 04:00:00,0.01026,0.01029,0.01006,0.01009,48391662.0
2025-04-16 08:00:00,0.0101,0.01023,0.01,0.01016,52874979.0
2025-04-16 12:00:00,0.01016,0.01042,0.01003,0.01023,69917608.0
2025-04-16 16:00:00,0.01023,0.01035,0.00984,0.01032,150157763.0
2025-04-16 20:00:00,0.01032,0.01036,0.01009,0.01012,50825061.0
2025-04-17 00:00:00,0.01013,0.01021,0.01005,0.01009,25155678.0
2025-04-17 04:00:00,0.01008,0.01036,0.01006,0.01024,35961403.0
2025-04-17 08:00:00,0.01025,0.01029,0.01009,0.01025,34489372.0
2025-04-17 12:00:00,0.01026,0.01034,0.01011,0.01026,52118082.0
2025-04-17 16:00:00,0.01027,0.01064,0.01024,0.01061,89377255.0
2025-04-17 20:00:00,0.01061,0.01081,0.01048,0.01072,64883959.0
2025-04-18 00:00:00,0.01073,0.01103,0.01058,0.01093,130120922.0
2025-04-18 04:00:00,0.01094,0.01103,0.01073,0.01092,112370672.0
2025-04-18 08:00:00,0.01092,0.01117,0.01088,0.0111,93236262.0
2025-04-18 12:00:00,0.01109,0.0112,0.01083,0.01087,83031032.0
2025-04-18 16:00:00,0.01087,0.01098,0.01083,0.01094,44905811.0
2025-04-18 20:00:00,0.01094,0.01097,0.01084,0.01092,25643892.0
2025-04-19 00:00:00,0.01093,0.01109,0.01084,0.01102,40746053.0
2025-04-19 04:00:00,0.01103,0.01111,0.0109,0.01098,27044264.0
2025-04-19 08:00:00,0.01099,0.01103,0.01088,0.0109,22836259.0
2025-04-19 12:00:00,0.0109,0.01109,0.01085,0.01105,41100468.0
2025-04-19 16:00:00,0.01104,0.01124,0.01102,0.0111,55201483.0
2025-04-19 20:00:00,0.01111,0.01134,0.01107,0.01127,41944489.0
2025-04-20 00:00:00,0.01127,0.01138,0.01119,0.01131,51541840.0
2025-04-20 04:00:00,0.01132,0.01159,0.01116,0.01122,82783771.0
2025-04-20 08:00:00,0.01121,0.01124,0.01088,0.01097,85056123.0
2025-04-20 12:00:00,0.01097,0.01111,0.01091,0.01108,46149548.0
2025-04-20 16:00:00,0.01108,0.01133,0.01107,0.01129,80962191.0
2025-04-20 20:00:00,0.0113,0.01141,0.01115,0.01125,39770378.0
2025-04-21 00:00:00,0.01126,0.01149,0.01121,0.01149,50085436.0
2025-04-21 04:00:00,0.01148,0.01159,0.01143,0.01158,37897576.0
2025-04-21 08:00:00,0.01159,0.01175,0.01149,0.01159,34911770.0
2025-04-21 12:00:00,0.01158,0.01179,0.0115,0.0117,47315361.0
2025-04-21 16:00:00,0.01169,0.01175,0.01131,0.01154,61948603.0
2025-04-21 20:00:00,0.01153,0.0116,0.01144,0.01157,29232380.0
2025-04-22 00:00:00,0.01157,0.01182,0.01134,0.01167,61929552.0
2025-04-22 04:00:00,0.01167,0.01173,0.01131,0.01165,49631087.0
2025-04-22 08:00:00,0.01166,0.01186,0.01154,0.01182,66333844.0
2025-04-22 12:00:00,0.01182,0.01235,0.01177,0.0122,146767193.0
2025-04-22 16:00:00,0.01221,0.01241,0.01201,0.01238,96113434.0
2025-04-22 20:00:00,0.01238,0.0128,0.01235,0.01266,88724247.0
2025-04-23 00:00:00,0.01267,0.01319,0.01267,0.01318,90144004.0
2025-04-23 04:00:00,0.01319,0.01345,0.01314,0.0133,77388105.0
2025-04-23 08:00:00,0.0133,0.01344,0.01312,0.01322,69858140.0
2025-04-23 12:00:00,0.01323,0.01349,0.01267,0.01301,186668469.0
2025-04-23 16:00:00,0.01301,0.01326,0.01282,0.013,72834363.0
2025-04-23 20:00:00,0.01301,0.01332,0.013,0.0133,50648533.0
2025-04-24 00:00:00,0.01329,0.01337,0.01296,0.01297,56686482.0
2025-04-24 04:00:00,0.01296,0.01332,0.01287,0.01311,63266688.0
2025-04-24 08:00:00,0.01312,0.01322,0.01286,0.01313,50625552.0
2025-04-24 12:00:00,0.01313,0.01367,0.013,0.01344,81808388.0
2025-04-24 16:00:00,0.01345,0.01358,0.01311,0.01332,77011758.0
2025-04-24 20:00:00,0.01333,0.01359,0.01328,0.01358,53696412.0
2025-04-25 00:00:00,0.01359,0.01381,0.01321,0.01328,83047685.0
2025-04-25 04:00:00,0.01328,0.01393,0.01324,0.01378,59440221.0
2025-04-25 08:00:00,0.01378,0.01401,0.01371,0.01386,58066931.0
2025-04-25 12:00:00,0.01387,0.01398,0.0135,0.01369,75314315.0
2025-04-25 16:00:00,0.0137,0.01374,0.01338,0.01358,68443720.0
2025-04-25 20:00:00,0.01357,0.01367,0.01343,0.01349,55655964.0
2025-04-26 00:00:00,0.01349,0.01414,0.01347,0.01383,105855263.0
2025-04-26 04:00:00,0.01383,0.01399,0.01357,0.01375,53306240.0
2025-04-26 08:00:00,0.01376,0.01389,0.01335,0.01342,70307403.0
2025-04-26 12:00:00,0.01341,0.01357,0.01319,0.01352,67626433.0
2025-04-26 16:00:00,0.01352,0.01357,0.01334,0.01351,27681382.0
2025-04-26 20:00:00,0.0135,0.01364,0.0135,0.01359,22218783.0
2025-04-27 00:00:00,0.01359,0.01375,0.01317,0.01334,50590168.0
2025-04-27 04:00:00,0.01334,0.01339,0.01287,0.01299,80122781.0
2025-04-27 08:00:00,0.01298,0.01308,0.01287,0.01299,43676845.0
2025-04-27 12:00:00,0.01299,0.01305,0.01278,0.01287,41909570.0
2025-04-27 16:00:00,0.01287,0.01302,0.01272,0.01297,53570174.0
2025-04-27 20:00:00,0.01298,0.013,0.01267,0.01269,22119945.0
2025-04-28 00:00:00,0.0127,0.01298,0.01229,0.01291,128906426.0
2025-04-28 04:00:00,0.01292,0.0135,0.01292,0.01346,59728400.0
2025-04-28 08:00:00,0.01347,0.01374,0.0134,0.01349,154279893.0
2025-04-28 12:00:00,0.0135,0.01356,0.01297,0.01307,95944050.0
2025-04-28 16:00:00,0.01306,0.01349,0.0129,0.01346,53584880.0
2025-04-28 20:00:00,0.01347,0.01372,0.01339,0.01371,52177457.0
2025-04-29 00:00:00,0.0137,0.015,0.01369,0.01428,345905766.0
2025-04-29 04:00:00,0.01429,0.01503,0.01407,0.01441,371649654.0
2025-04-29 08:00:00,0.01442,0.01446,0.01393,0.01406,90694162.0
2025-04-29 12:00:00,0.01406,0.01445,0.0137,0.01402,177755747.0
2025-04-29 16:00:00,0.01403,0.01405,0.01362,0.01376,161166259.0
2025-04-29 20:00:00,0.01376,0.01381,0.01326,0.01347,85721473.0
2025-04-30 00:00:00,0.01347,0.01368,0.0134,0.01356,64567677.0
2025-04-30 04:00:00,0.01356,0.01372,0.01327,0.01334,40347391.0
2025-04-30 08:00:00,0.01334,0.0136,0.01326,0.01358,58382254.0
2025-04-30 12:00:00,0.01359,0.01361,0.01266,0.01325,147032112.0
2025-04-30 16:00:00,0.01325,0.01357,0.01317,0.01337,61504301.0
2025-04-30 20:00:00,0.01337,0.0135,0.01334,0.01343,35651971.0
2025-05-01 00:00:00,0.01343,0.01366,0.01331,0.01333,51147069.0
2025-05-01 04:00:00,0.01333,0.01364,0.01329,0.01361,23317607.0
2025-05-01 08:00:00,0.01361,0.01376,0.01349,0.01374,46381159.0
2025-05-01 12:00:00,0.01374,0.01447,0.01363,0.01372,123899942.0
2025-05-01 16:00:00,0.01372,0.01379,0.01347,0.01353,52351247.0
2025-05-01 20:00:00,0.01353,0.01359,0.01324,0.01333,40010257.0
2025-05-02 00:00:00,0.01333,0.01365,0.01324,0.01351,50952346.0
2025-05-02 04:00:00,0.01351,0.01356,0.01323,0.01328,63292228.0
2025-05-02 08:00:00,0.01329,0.01352,0.01326,0.0133,42072824.0
2025-05-02 12:00:00,0.0133,0.0137,0.01316,0.01365,63480754.0
2025-05-02 16:00:00,0.01366,0.01378,0.01334,0.01338,49444069.0
2025-05-02 20:00:00,0.01337,0.01371,0.01334,0.01369,48777263.0
2025-05-03 00:00:00,0.01368,0.01375,0.01337,0.01344,28542594.0
2025-05-03 04:00:00,0.01343,0.01345,0.01319,0.01321,29553209.0
2025-05-03 08:00:00,0.01321,0.01324,0.01279,0.01281,65064308.0
2025-05-03 12:00:00,0.01282,0.01289,0.01269,0.01276,111975872.0
2025-05-03 16:00:00,0.01275,0.01286,0.01229,0.01278,116734195.0
2025-05-03 20:00:00,0.01278,0.01279,0.01255,0.01264,39503849.0
2025-05-04 00:00:00,0.01264,0.01269,0.01234,0.01247,59081347.0
2025-05-04 04:00:00,0.01248,0.01259,0.01233,0.01247,32113441.0
2025-05-04 08:00:00,0.01248,0.01248,0.01211,0.0123,70078251.0
2025-05-04 12:00:00,0.0123,0.01233,0.01205,0.01211,52786371.0
2025-05-04 16:00:00,0.01211,0.01213,0.01187,0.01201,76753534.0
2025-05-04 20:00:00,0.01201,0.01215,0.01184,0.01197,60243444.0
2025-05-05 00:00:00,0.01197,0.01237,0.01179,0.01217,108395174.0
2025-05-05 04:00:00,0.01217,0.01234,0.01216,0.01231,38227184.0
2025-05-05 08:00:00,0.01233,0.01244,0.01192,0.01198,77491762.0
2025-05-05 12:00:00,0.01199,0.01218,0.01184,0.0121,90830755.0
2025-05-05 16:00:00,0.01211,0.01251,0.01205,0.01224,84323103.0
2025-05-05 20:00:00,0.01224,0.01236,0.01201,0.01218,58539409.0
2025-05-06 00:00:00,0.01219,0.01232,0.01196,0.0123,64970142.0
2025-05-06 04:00:00,0.0123,0.01237,0.01216,0.0122,35209627.0
2025-05-06 08:00:00,0.01219,0.01219,0.01158,0.01168,118281698.0
2025-05-06 12:00:00,0.01169,0.01196,0.01152,0.01165,114457728.0
2025-05-06 16:00:00,0.01165,0.01191,0.01153,0.01176,111043869.0
2025-05-06 20:00:00,0.01176,0.01213,0.01145,0.01204,108675472.0
2025-05-07 00:00:00,0.01205,0.01238,0.01204,0.01228,64510026.0
2025-05-07 04:00:00,0.01228,0.01235,0.01202,0.01221,64076733.0
2025-05-07 08:00:00,0.01221,0.0123,0.01198,0.01205,68190004.0
2025-05-07 12:00:00,0.01206,0.01207,0.01174,0.01177,83897933.0
2025-05-07 16:00:00,0.01177,0.01181,0.01153,0.01169,114063934.0
2025-05-07 20:00:00,0.01168,0.01206,0.01162,0.01201,56589019.0
2025-05-08 00:00:00,0.01201,0.01263,0.01198,0.01261,78513130.0
2025-05-08 04:00:00,0.01261,0.01291,0.0126,0.01282,116451209.0
2025-05-08 08:00:00,0.01282,0.01296,0.01279,0.01285,76655360.0
2025-05-08 12:00:00,0.01286,0.01327,0.01274,0.01313,110269920.0
2025-05-08 16:00:00,0.01313,0.01335,0.0131,0.01333,106312952.0
2025-05-08 20:00:00,0.01334,0.01478,0.01331,0.01398,302820415.0
2025-05-09 00:00:00,0.01398,0.01434,0.01398,0.01407,111850508.0
2025-05-09 04:00:00,0.01406,0.01469,0.01404,0.01462,106869484.0
2025-05-09 08:00:00,0.01461,0.01503,0.01427,0.01487,229274676.0
2025-05-09 12:00:00,0.01486,0.01496,0.01435,0.01473,136726549.0
2025-05-09 16:00:00,0.01473,0.01492,0.01449,0.01473,73376693.0
2025-05-09 20:00:00,0.01474,0.015,0.01466,0.01499,55955157.0
2025-05-10 00:00:00,0.01498,0.01547,0.01481,0.0151,134656567.0
2025-05-10 04:00:00,0.01509,0.01545,0.01491,0.01538,91388770.0
2025-05-10 08:00:00,0.01539,0.01552,0.01499,0.01517,149966408.0
2025-05-10 12:00:00,0.01517,0.01557,0.01507,0.01508,80286278.0
2025-05-10 16:00:00,0.01508,0.01587,0.01504,0.01585,160008165.0
2025-05-10 20:00:00,0.01584,0.01664,0.01567,0.01643,176878671.0
2025-05-11 00:00:00,0.01643,0.0166,0.01593,0.01641,115740912.0
2025-05-11 04:00:00,0.01641,0.01646,0.01554,0.01565,88296982.0
2025-05-11 08:00:00,0.01566,0.01613,0.01561,0.01603,115345643.0
2025-05-11 12:00:00,0.01602,0.0161,0.01556,0.0157,113557743.0
2025-05-11 16:00:00,0.01571,0.01615,0.01555,0.01606,88815413.0
2025-05-11 20:00:00,0.01607,0.01617,0.01587,0.01598,47979621.0
2025-05-12 00:00:00,0.01597,0.01625,0.01566,0.01617,83679594.0
2025-05-12 04:00:00,0.01617,0.01701,0.01596,0.01666,150978497.0
2025-05-12 08:00:00,0.01666,0.01692,0.01634,0.01643,152697824.0
2025-05-12 12:00:00,0.01643,0.01691,0.01584,0.01606,222124563.0
2025-05-12 16:00:00,0.01605,0.01633,0.01518,0.0157,209881178.0
2025-05-12 20:00:00,0.0157,0.01606,0.01565,0.01591,56703709.0
2025-05-13 00:00:00,0.01592,0.01599,0.015,0.01506,107713901.0
2025-05-13 04:00:00,0.01506,0.01556,0.01497,0.01541,53958674.0
2025-05-13 08:00:00,0.01542,0.0159,0.0154,0.01578,72969349.0
2025-05-13 12:00:00,0.01578,0.01664,0.01555,0.016,152753721.0
2025-05-13 16:00:00,0.016,0.01689,0.01594,0.0167,115116947.0
2025-05-13 20:00:00,0.01669,0.01689,0.01647,0.0165,99763816.0
2025-05-14 00:00:00,0.0165,0.01689,0.01634,0.01665,114257459.0
2025-05-14 04:00:00,0.01664,0.01683,0.01634,0.01637,59732233.0
2025-05-14 08:00:00,0.01636,0.01644,0.01593,0.01629,110707077.0
2025-05-14 12:00:00,0.01629,0.01641,0.0156,0.01579,139218837.0
2025-05-14 16:00:00,0.0158,0.01593,0.01553,0.0157,68267536.0
2025-05-14 20:00:00,0.01571,0.01579,0.0155,0.01562,46864843.0
2025-05-15 00:00:00,0.01562,0.01585,0.01523,0.01534,63361987.0
2025-05-15 04:00:00,0.01534,0.01546,0.01472,0.01477,113205126.0
2025-05-15 08:00:00,0.01476,0.01512,0.01447,0.01479,164579911.0
2025-05-15 12:00:00,0.01478,0.01511,0.01444,0.01508,170167184.0
2025-05-15 16:00:00,0.01508,0.0154,0.01467,0.01482,120162714.0
2025-05-15 20:00:00,0.01482,0.01494,0.0144,0.0148,108011320.0
2025-05-16 00:00:00,0.01481,0.01523,0.01476,0.01517,85427018.0
2025-05-16 04:00:00,0.01517,0.01528,0.0149,0.01514,66981846.0
2025-05-16 08:00:00,0.01514,0.01519,0.01474,0.01498,90764076.0
2025-05-16 12:00:00,0.01499,0.01505,0.0146,0.01483,67915876.0
2025-05-16 16:00:00,0.01484,0.01492,0.01445,0.01468,77258087.0
2025-05-16 20:00:00,0.01467,0.0147,0.01412,0.01428,79058077.0
2025-05-17 00:00:00,0.01429,0.01434,0.01358,0.01391,150396209.0
2025-05-17 04:00:00,0.01391,0.01406,0.01365,0.01376,74384062.0
2025-05-17 08:00:00,0.01375,0.01387,0.01348,0.01373,104356284.0
2025-05-17 12:00:00,0.01373,0.01389,0.01349,0.01379,55614046.0
2025-05-17 16:00:00,0.0138,0.0139,0.01355,0.01365,71655123.0
2025-05-17 20:00:00,0.01365,0.01388,0.01349,0.01371,55606192.0
2025-05-18 00:00:00,0.01371,0.01385,0.01357,0.0136,51161723.0
2025-05-18 04:00:00,0.0136,0.01406,0.01356,0.01402,63848421.0
2025-05-18 08:00:00,0.01403,0.01431,0.01398,0.01402,86730490.0
2025-05-18 12:00:00,0.01403,0.01471,0.01389,0.01467,97651634.0
2025-05-18 16:00:00,0.01467,0.01474,0.01357,0.01358,167481250.0
2025-05-18 20:00:00,0.01359,0.01454,0.01326,0.01446,199309325.0
2025-05-19 00:00:00,0.01447,0.01462,0.01357,0.0136,105161936.0
2025-05-19 04:00:00,0.0136,0.01365,0.01319,0.01349,141156487.0
2025-05-19 08:00:00,0.01348,0.01355,0.0131,0.01329,131518662.0
2025-05-19 12:00:00,0.01329,0.01389,0.01301,0.01383,222333787.0
2025-05-19 16:00:00,0.01383,0.01425,0.01369,0.01405,126226395.0
2025-05-19 20:00:00,0.01404,0.01412,0.01385,0.014,63510481.0
2025-05-20 00:00:00,0.014,0.01451,0.014,0.01421,81897941.0
2025-05-20 04:00:00,0.01421,0.01427,0.01393,0.01397,52376922.0
2025-05-20 08:00:00,0.01396,0.014,0.01355,0.0137,75778976.0
2025-05-20 12:00:00,0.0137,0.01408,0.01346,0.01401,156517782.0
2025-05-20 16:00:00,0.01401,0.0142,0.01366,0.0141,170170309.0
2025-05-20 20:00:00,0.01411,0.01457,0.01405,0.01438,130773633.0
2025-05-21 00:00:00,0.01438,0.01459,0.01411,0.01445,81609708.0
2025-05-21 04:00:00,0.01445,0.01497,0.01433,0.01442,105990251.0
2025-05-21 08:00:00,0.01442,0.01457,0.01408,0.01442,93339271.0
2025-05-21 12:00:00,0.01442,0.01455,0.01405,0.01447,149675949.0
2025-05-21 16:00:00,0.01447,0.01508,0.014,0.01452,266656089.0
2025-05-21 20:00:00,0.01451,0.01492,0.01432,0.01465,108424060.0
2025-05-22 00:00:00,0.01465,0.01519,0.01461,0.01517,111930547.0
2025-05-22 04:00:00,0.01518,0.01544,0.01506,0.0154,96152755.0
2025-05-22 08:00:00,0.0154,0.01568,0.01517,0.01539,109819409.0
2025-05-22 12:00:00,0.01539,0.01587,0.01534,0.01576,105865472.0
2025-05-22 16:00:00,0.01577,0.01609,0.01564,0.01571,104065167.0
2025-05-22 20:00:00,0.01572,0.01588,0.01548,0.0158,70035860.0
2025-05-23 00:00:00,0.0158,0.01619,0.01567,0.0161,88837499.0
2025-05-23 04:00:00,0.01609,0.01612,0.01542,0.01549,87238321.0
2025-05-23 08:00:00,0.01549,0.01583,0.01481,0.01492,167745442.0
2025-05-23 12:00:00,0.01493,0.01538,0.0144,0.015,258044779.0
2025-05-23 16:00:00,0.015,0.01522,0.0148,0.01482,87332944.0
2025-05-23 20:00:00,0.01482,0.01483,0.01407,0.01416,174486503.0
2025-05-24 00:00:00,0.01417,0.01442,0.01401,0.01434,103287598.0
2025-05-24 04:00:00,0.01434,0.01439,0.01404,0.0141,84924846.0
2025-05-24 08:00:00,0.01411,0.01445,0.01401,0.01431,60119190.0
2025-05-24 12:00:00,0.0143,0.01433,0.01412,0.01419,52877709.0
2025-05-24 16:00:00,0.01419,0.01444,0.01406,0.0141,87239958.0
2025-05-24 20:00:00,0.0141,0.01415,0.01385,0.01394,82038554.0
2025-05-25 00:00:00,0.01395,0.01404,0.01361,0.01391,78758067.0
2025-05-25 04:00:00,0.0139,0.01396,0.01367,0.01375,35020539.0
2025-05-25 08:00:00,0.01375,0.01375,0.01345,0.01351,86469717.0
2025-05-25 12:00:00,0.0135,0.01367,0.01326,0.01347,123408032.0
2025-05-25 16:00:00,0.01346,0.01372,0.0133,0.01363,58613824.0
2025-05-25 20:00:00,0.01363,0.01419,0.01349,0.01413,81405807.0
2025-05-26 00:00:00,0.01413,0.01434,0.01399,0.0141,93813916.0
2025-05-26 04:00:00,0.01411,0.01444,0.01403,0.01441,82240764.0
2025-05-26 08:00:00,0.01442,0.0145,0.01414,0.01423,84151557.0
2025-05-26 12:00:00,0.01422,0.01431,0.0139,0.0142,125519719.0
2025-05-26 16:00:00,0.01421,0.01428,0.01376,0.01386,93018158.0
2025-05-26 20:00:00,0.01385,0.01407,0.01379,0.01392,60842348.0
2025-05-27 00:00:00,0.01392,0.014,0.01347,0.0139,116147211.0
2025-05-27 04:00:00,0.0139,0.01435,0.0138,0.01423,76469290.0
2025-05-27 08:00:00,0.01423,0.01452,0.01422,0.01435,106507660.0
2025-05-27 12:00:00,0.01435,0.01463,0.01409,0.01441,141102816.0
2025-05-27 16:00:00,0.01441,0.01462,0.01433,0.01436,79599859.0
2025-05-27 20:00:00,0.01437,0.01446,0.01417,0.01428,82341927.0
2025-05-28 00:00:00,0.01428,0.01443,0.01414,0.01432,65994696.0
2025-05-28 04:00:00,0.01433,0.01437,0.01406,0.01419,83920697.0
2025-05-28 08:00:00,0.01419,0.01436,0.01395,0.01433,100586411.0
2025-05-28 12:00:00,0.01434,0.0146,0.01376,0.01386,166807673.0
2025-05-28 16:00:00,0.01385,0.01406,0.01361,0.01364,106348473.0
2025-05-28 20:00:00,0.01364,0.01411,0.01358,0.0141,93974115.0
2025-05-29 00:00:00,0.01409,0.01485,0.01398,0.01462,262081552.0
2025-05-29 04:00:00,0.01461,0.01474,0.01418,0.01422,116383965.0
2025-05-29 08:00:00,0.01423,0.01431,0.01401,0.01408,101844758.0
2025-05-29 12:00:00,0.01408,0.01411,0.0135,0.01362,160348305.0
2025-05-29 16:00:00,0.01363,0.01371,0.01326,0.0133,155317965.0
2025-05-29 20:00:00,0.0133,0.0135,0.01288,0.01303,126411487.0
2025-05-30 00:00:00,0.01303,0.01304,0.01213,0.01277,311030785.0
2025-05-30 04:00:00,0.01276,0.01283,0.01245,0.01251,122907164.0
2025-05-30 08:00:00,0.0125,0.01272,0.01242,0.01269,128960995.0
2025-05-30 12:00:00,0.01269,0.01271,0.01235,0.01239,130613464.0
2025-05-30 16:00:00,0.01239,0.01243,0.01187,0.01237,175441752.0
2025-05-30 20:00:00,0.01237,0.01243,0.01156,0.01168,164783521.0
2025-05-31 00:00:00,0.01168,0.01173,0.01134,0.01161,173279709.0
2025-05-31 04:00:00,0.01161,0.01188,0.01151,0.01184,72759471.0
2025-05-31 08:00:00,0.01183,0.01183,0.0116,0.01167,67561157.0
2025-05-31 12:00:00,0.01168,0.01207,0.01165,0.01192,109709041.0
2025-05-31 16:00:00,0.01192,0.01213,0.01188,0.01206,91907689.0
2025-05-31 20:00:00,0.01205,0.01217,0.01196,0.01198,62518175.0
2025-06-01 00:00:00,0.01198,0.01202,0.01179,0.0119,64565917.0
2025-06-01 04:00:00,0.01189,0.01204,0.01185,0.01189,49510107.0
2025-06-01 08:00:00,0.01189,0.01191,0.01162,0.0118,94321634.0
2025-06-01 12:00:00,0.01179,0.01209,0.01167,0.01204,79244922.0
2025-06-01 16:00:00,0.01203,0.01219,0.01184,0.01203,74767353.0
2025-06-01 20:00:00,0.01204,0.01229,0.012,0.01221,50480818.0
2025-06-02 00:00:00,0.01222,0.01228,0.0119,0.01194,58681125.0
2025-06-02 04:00:00,0.01195,0.01211,0.01182,0.01209,44452690.0
2025-06-02 08:00:00,0.01209,0.01214,0.01176,0.01188,67040726.0
2025-06-02 12:00:00,0.01188,0.01214,0.01185,0.0121,76275960.0
2025-06-02 16:00:00,0.01209,0.01215,0.01185,0.01194,57653397.0
2025-06-02 20:00:00,0.01195,0.01249,0.01195,0.01248,105454078.0
2025-06-03 00:00:00,0.01247,0.01276,0.01243,0.01245,78349429.0
2025-06-03 04:00:00,0.01245,0.01252,0.01232,0.01243,48861286.0
2025-06-03 08:00:00,0.01243,0.01255,0.0123,0.01246,56928642.0
2025-06-03 12:00:00,0.01246,0.01266,0.01237,0.01256,95658629.0
2025-06-03 16:00:00,0.01256,0.01262,0.01243,0.01251,61515465.0
2025-06-03 20:00:00,0.01251,0.01253,0.01205,0.01226,91311596.0
2025-06-04 00:00:00,0.01226,0.01257,0.01223,0.01244,61493019.0
2025-06-04 04:00:00,0.01245,0.01248,0.01229,0.01233,35171371.0
2025-06-04 08:00:00,0.01233,0.01242,0.01208,0.01211,46231975.0
2025-06-04 12:00:00,0.01211,0.01234,0.01187,0.0123,88088346.0
2025-06-04 16:00:00,0.01231,0.01232,0.01188,0.01189,52667191.0
2025-06-04 20:00:00,0.0119,0.01199,0.01168,0.01177,80570561.0
2025-06-05 00:00:00,0.01178,0.01194,0.01172,0.01185,53167346.0
2025-06-05 04:00:00,0.01186,0.01203,0.01163,0.01181,105555391.0
2025-06-05 08:00:00,0.0118,0.01193,0.01167,0.01175,58780383.0
2025-06-05 12:00:00,0.01174,0.01199,0.01152,0.01174,106690506.0
2025-06-05 16:00:00,0.01174,0.01179,0.01097,0.0112,175220122.0
2025-06-05 20:00:00,0.0112,0.01124,0.01073,0.01092,243846678.0
2025-06-06 00:00:00,0.01091,0.01113,0.01086,0.01113,62795874.0
2025-06-06 04:00:00,0.01112,0.01126,0.01109,0.01118,47826702.0
2025-06-06 08:00:00,0.01118,0.01131,0.01117,0.01127,35218582.0
2025-06-06 12:00:00,0.01127,0.0115,0.01126,0.01138,96513109.0
2025-06-06 16:00:00,0.01138,0.01142,0.01114,0.01118,57189683.0
2025-06-06 20:00:00,0.01118,0.01128,0.01113,0.01118,38432732.0
2025-06-07 00:00:00,0.01117,0.01146,0.01114,0.01143,62165999.0
2025-06-07 04:00:00,0.01144,0.01169,0.0114,0.01167,58437559.0
2025-06-07 08:00:00,0.01167,0.01177,0.01155,0.01176,61662846.0
2025-06-07 12:00:00,0.01175,0.01191,0.01167,0.01171,110646068.0
2025-06-07 16:00:00,0.01171,0.01175,0.01158,0.01168,71176599.0
2025-06-07 20:00:00,0.01168,0.01178,0.01165,0.01171,42786914.0
2025-06-08 00:00:00,0.01171,0.01171,0.01156,0.01158,48043688.0
2025-06-08 04:00:00,0.01157,0.01162,0.01148,0.01152,44064858.0
2025-06-08 08:00:00,0.01151,0.01167,0.01139,0.01166,55355377.0
2025-06-08 12:00:00,0.01165,0.0118,0.01158,0.01174,57511752.0
2025-06-08 16:00:00,0.01174,0.01189,0.01174,0.0118,50147965.0
2025-06-08 20:00:00,0.0118,0.01195,0.01167,0.0117,64682974.0
2025-06-09 00:00:00,0.01171,0.01177,0.01151,0.01161,45788417.0
2025-06-09 04:00:00,0.01161,0.01165,0.01144,0.01153,38817826.0
2025-06-09 08:00:00,0.01154,0.01187,0.01141,0.01183,87582966.0
2025-06-09 12:00:00,0.01183,0.01194,0.01168,0.01187,75734420.0
2025-06-09 16:00:00,0.01188,0.01212,0.01187,0.01205,73144998.0
2025-06-09 20:00:00,0.01206,0.0126,0.01206,0.01253,92642979.0
2025-06-10 00:00:00,0.01253,0.0127,0.01236,0.01239,93143125.0
2025-06-10 04:00:00,0.0124,0.01246,0.0122,0.01232,52650493.0
2025-06-10 08:00:00,0.01232,0.01289,0.01225,0.0128,86676148.0
2025-06-10 12:00:00,0.01279,0.01298,0.01241,0.01265,135841159.0
2025-06-10 16:00:00,0.01264,0.01287,0.01255,0.01277,117509347.0
2025-06-10 20:00:00,0.01277,0.01289,0.01261,0.01287,64390205.0
2025-06-11 00:00:00,0.01287,0.01295,0.01256,0.01267,73566733.0
2025-06-11 04:00:00,0.01266,0.01269,0.01252,0.01258,45353231.0
2025-06-11 08:00:00,0.01258,0.01263,0.01221,0.01229,80830203.0
2025-06-11 12:00:00,0.0123,0.01276,0.01223,0.01273,113959486.0
2025-06-11 16:00:00,0.01273,0.01276,0.01231,0.01233,82230532.0
2025-06-11 20:00:00,0.01233,0.01242,0.01191,0.01202,105670518.0
2025-06-12 00:00:00,0.01201,0.01204,0.01168,0.01173,87607480.0
2025-06-12 04:00:00,0.01173,0.01173,0.01148,0.0115,91011873.0
2025-06-12 08:00:00,0.0115,0.01152,0.01107,0.01114,211024216.0
2025-06-12 12:00:00,0.01115,0.01155,0.01109,0.01114,314906331.0
2025-06-12 16:00:00,0.01113,0.01149,0.011,0.01106,157927117.0
2025-06-12 20:00:00,0.01105,0.01107,0.01077,0.01085,185336963.0
2025-06-13 00:00:00,0.01084,0.01087,0.01,0.01036,455322196.0
2025-06-13 04:00:00,0.01036,0.01036,0.01009,0.01013,128224022.0
2025-06-13 08:00:00,0.01013,0.01026,0.01007,0.01024,105961582.0
2025-06-13 12:00:00,0.01025,0.01054,0.01014,0.01044,174275050.0
2025-06-13 16:00:00,0.01045,0.01063,0.0103,0.01042,115387271.0
2025-06-13 20:00:00,0.01042,0.01077,0.0104,0.01069,81800057.0
2025-06-14 00:00:00,0.01069,0.0107,0.0105,0.0106,51770164.0
2025-06-14 04:00:00,0.0106,0.01072,0.01055,0.01061,37046199.0
2025-06-14 08:00:00,0.0106,0.01061,0.01039,0.01043,59440921.0
2025-06-14 12:00:00,0.01044,0.01055,0.01031,0.01037,51625900.0
2025-06-14 16:00:00,0.01038,0.01042,0.01016,0.01021,67071626.0
2025-06-14 20:00:00,0.01022,0.01046,0.0101,0.01044,71316403.0
2025-06-15 00:00:00,0.01043,0.01055,0.01043,0.0105,50809948.0
2025-06-15 04:00:00,0.0105,0.0106,0.01038,0.01045,43802744.0
2025-06-15 08:00:00,0.01044,0.01046,0.01035,0.01042,41653826.0
2025-06-15 12:00:00,0.01042,0.01062,0.01037,0.01047,119705850.0
2025-06-15 16:00:00,0.01047,0.01052,0.01033,0.01038,83149849.0
2025-06-15 20:00:00,0.01038,0.01049,0.01018,0.01046,92549109.0
2025-06-16 00:00:00,0.01047,0.01074,0.01033,0.01059,82439902.0
2025-06-16 04:00:00,0.0106,0.01095,0.01055,0.01094,74455040.0
2025-06-16 08:00:00,0.01093,0.01117,0.0109,0.01107,131117258.0
2025-06-16 12:00:00,0.01108,0.01137,0.01098,0.01123,124596865.0
2025-06-16 16:00:00,0.01122,0.01141,0.01119,0.01123,143993028.0
2025-06-16 20:00:00,0.01124,0.01136,0.01086,0.0109,121711486.0
2025-06-17 00:00:00,0.0109,0.0111,0.01063,0.01101,166568889.0
2025-06-17 04:00:00,0.01101,0.01102,0.01057,0.0106,105185231.0
2025-06-17 08:00:00,0.01059,0.01061,0.01027,0.01033,109322121.0
2025-06-17 12:00:00,0.01033,0.01035,0.00997,0.01004,199903582.0
2025-06-17 16:00:00,0.01004,0.01036,0.00982,0.01027,209302115.0
2025-06-17 20:00:00,0.01027,0.01032,0.01,0.01012,77260521.0
2025-06-18 00:00:00,0.01012,0.01023,0.01006,0.01019,82230530.0
2025-06-18 04:00:00,0.01018,0.01033,0.00995,0.01001,91398863.0
2025-06-18 08:00:00,0.01001,0.01008,0.0097,0.00982,122214061.0
2025-06-18 12:00:00,0.00981,0.00999,0.00954,0.00991,173914735.0
2025-06-18 16:00:00,0.0099,0.01002,0.00976,0.00983,112437599.0
2025-06-18 20:00:00,0.00983,0.01016,0.00979,0.01007,84188316.0
2025-06-19 00:00:00,0.01006,0.01025,0.00994,0.01003,115153046.0
2025-06-19 04:00:00,0.01003,0.01009,0.0099,0.00999,65174261.0
2025-06-19 08:00:00,0.00998,0.01004,0.00984,0.00986,71284407.0
2025-06-19 12:00:00,0.00987,0.00991,0.00964,0.00968,58577254.0
2025-06-19 16:00:00,0.00967,0.00986,0.00949,0.0097,121457354.0
2025-06-19 20:00:00,0.0097,0.00974,0.00963,0.00967,57324623.0
2025-06-20 00:00:00,0.00967,0.00973,0.00961,0.00964,41301681.0
2025-06-20 04:00:00,0.00965,0.00985,0.00948,0.00981,88940017.0
2025-06-20 08:00:00,0.00981,0.00996,0.00978,0.00994,72734032.0
2025-06-20 12:00:00,0.00994,0.01,0.00949,0.00957,121325183.0
2025-06-20 16:00:00,0.00956,0.00957,0.00913,0.0094,269619201.0
2025-06-20 20:00:00,0.0094,0.00952,0.00928,0.00941,60584580.0
2025-06-21 00:00:00,0.0094,0.00964,0.00938,0.00955,58304475.0
2025-06-21 04:00:00,0.00956,0.00963,0.00953,0.00959,39251249.0
2025-06-21 08:00:00,0.00959,0.00964,0.00954,0.00959,32913845.0
2025-06-21 12:00:00,0.00959,0.0096,0.00916,0.00923,90947163.0
2025-06-21 16:00:00,0.00924,0.00926,0.0089,0.00892,131685189.0
2025-06-21 20:00:00,0.00892,0.00903,0.00855,0.00885,192505587.0
2025-06-22 00:00:00,0.00885,0.00897,0.00863,0.00869,149494845.0
2025-06-22 04:00:00,0.00869,0.00884,0.00865,0.00872,69806861.0
2025-06-22 08:00:00,0.00871,0.00873,0.00847,0.00856,127474295.0
2025-06-22 12:00:00,0.00855,0.0086,0.00816,0.00833,349418418.0
2025-06-22 16:00:00,0.00834,0.00838,0.00818,0.00824,144729291.0
2025-06-22 20:00:00,0.00824,0.00858,0.00801,0.00856,182862882.0
2025-06-23 00:00:00,0.00856,0.00874,0.00856,0.00863,96918723.0
2025-06-23 04:00:00,0.00864,0.00888,0.00863,0.00877,97450381.0
2025-06-23 08:00:00,0.00877,0.00884,0.00871,0.00878,105045330.0
2025-06-23 12:00:00,0.00878,0.00923,0.00875,0.00892,274999283.0
2025-06-23 16:00:00,0.00893,0.00938,0.00868,0.00936,261872792.0
2025-06-23 20:00:00,0.00936,0.00996,0.00936,0.00994,231299724.0
2025-06-24 00:00:00,0.00994,0.01017,0.00989,0.00999,167033471.0
2025-06-24 04:00:00,0.00999,0.01035,0.00995,0.01012,141889496.0
2025-06-24 08:00:00,0.01012,0.01022,0.00997,0.01005,115921906.0
2025-06-24 12:00:00,0.01004,0.01014,0.00995,0.01,169218129.0
2025-06-24 16:00:00,0.01001,0.01026,0.00998,0.01008,110617348.0
2025-06-24 20:00:00,0.01007,0.01013,0.00997,0.01012,100197615.0
2025-06-25 00:00:00,0.01012,0.01014,0.01002,0.01005,70997401.0
2025-06-25 04:00:00,0.01005,0.01006,0.00995,0.01004,45370936.0
2025-06-25 08:00:00,0.01004,0.01006,0.00984,0.01001,103768761.0
2025-06-25 12:00:00,0.01001,0.01015,0.00969,0.00973,223157313.0
2025-06-25 16:00:00,0.00974,0.0099,0.00965,0.00982,141039810.0
2025-06-25 20:00:00,0.00983,0.00994,0.00967,0.00972,60197878.0
2025-06-26 00:00:00,0.00972,0.01005,0.00968,0.00985,98619320.0
2025-06-26 04:00:00,0.00986,0.00993,0.00969,0.00988,44351049.0
2025-06-26 08:00:00,0.00988,0.00993,0.00969,0.00971,56566468.0
2025-06-26 12:00:00,0.00971,0.00971,0.00937,0.00953,204174630.0
2025-06-26 16:00:00,0.00953,0.00958,0.00942,0.00955,76563145.0
2025-06-26 20:00:00,0.00956,0.00975,0.00939,0.00941,118976600.0
2025-06-27 00:00:00,0.00941,0.00961,0.00929,0.00954,103208809.0
2025-06-27 04:00:00,0.00954,0.00956,0.00935,0.00936,71824851.0
2025-06-27 08:00:00,0.00937,0.00954,0.00936,0.00945,53550962.0
2025-06-27 12:00:00,0.00945,0.00963,0.00937,0.0096,73457799.0
2025-06-27 16:00:00,0.00961,0.00975,0.00933,0.00942,165932904.0
2025-06-27 20:00:00,0.00943,0.0096,0.00941,0.00957,58150455.0
2025-06-28 00:00:00,0.00956,0.00964,0.00952,0.00953,43462060.0
2025-06-28 04:00:00,0.00954,0.00956,0.00946,0.00955,33721427.0
2025-06-28 08:00:00,0.00955,0.0096,0.00945,0.00956,51963234.0
2025-06-28 12:00:00,0.00957,0.00963,0.00948,0.00962,48270936.0
2025-06-28 16:00:00,0.00962,0.00985,0.00962,0.00975,81203299.0
2025-06-28 20:00:00,0.00976,0.01007,0.00973,0.00995,111465440.0
2025-06-29 00:00:00,0.00995,0.01,0.0098,0.00983,55940276.0
2025-06-29 04:00:00,0.00983,0.00998,0.00982,0.00998,24952746.0
2025-06-29 08:00:00,0.00998,0.0101,0.00992,0.00994,74001880.0
2025-06-29 12:00:00,0.00994,0.00999,0.00973,0.00975,52994957.0
2025-06-29 16:00:00,0.00975,0.00989,0.00973,0.00987,52477872.0
2025-06-29 20:00:00,0.00987,0.01058,0.00986,0.01044,227683707.0
2025-06-30 00:00:00,0.01044,0.01056,0.01026,0.01029,114183088.0
2025-06-30 04:00:00,0.01028,0.01029,0.01006,0.01024,79430758.0
2025-06-30 08:00:00,0.01025,0.01026,0.01001,0.01005,68768033.0
2025-06-30 12:00:00,0.01005,0.01013,0.00986,0.01002,117764930.0
2025-06-30 16:00:00,0.01003,0.01017,0.00994,0.01016,87706240.0
2025-06-30 20:00:00,0.01016,0.01018,0.00983,0.00987,87544497.0
2025-07-01 00:00:00,0.00987,0.00994,0.00967,0.00973,93365963.0
2025-07-01 04:00:00,0.00973,0.00974,0.00939,0.00959,142700345.0
2025-07-01 08:00:00,0.00959,0.00969,0.00951,0.00954,89897594.0
2025-07-01 12:00:00,0.00954,0.00971,0.00948,0.00956,106647206.0
2025-07-01 16:00:00,0.00955,0.00959,0.00937,0.00939,84475920.0
2025-07-01 20:00:00,0.00939,0.00951,0.00936,0.00944,54320327.0
2025-07-02 00:00:00,0.00944,0.00952,0.00929,0.00941,76168927.0
2025-07-02 04:00:00,0.0094,0.0097,0.00939,0.00959,58007144.0
2025-07-02 08:00:00,0.0096,0.0097,0.0095,0.00962,86818055.0
2025-07-02 12:00:00,0.00962,0.00992,0.00955,0.00988,89243839.0
2025-07-02 16:00:00,0.00988,0.01049,0.00988,0.0104,299874485.0
2025-07-02 20:00:00,0.01041,0.01054,0.01029,0.01034,154301219.0
2025-07-03 00:00:00,0.01035,0.01051,0.01029,0.01035,131327864.0
2025-07-03 04:00:00,0.01035,0.01061,0.01031,0.01055,107714844.0
2025-07-03 08:00:00,0.01056,0.01058,0.01035,0.01038,70993923.0
2025-07-03 12:00:00,0.01037,0.01063,0.01021,0.01024,153348759.0
2025-07-03 16:00:00,0.01024,0.01041,0.01023,0.0104,72082910.0
2025-07-03 20:00:00,0.0104,0.01052,0.0104,0.01045,55057845.0
2025-07-04 00:00:00,0.01045,0.01049,0.01025,0.01031,59954992.0
2025-07-04 04:00:00,0.01032,0.01038,0.00994,0.00997,113089442.0
2025-07-04 08:00:00,0.00998,0.01007,0.00986,0.00992,95643328.0
2025-07-04 12:00:00,0.00992,0.01001,0.00961,0.00963,197834107.0
2025-07-04 16:00:00,0.00963,0.00964,0.00947,0.00948,220866952.0
2025-07-04 20:00:00,0.00947,0.00968,0.00945,0.0096,107436904.0
2025-07-05 00:00:00,0.00961,0.00969,0.00955,0.00965,66696808.0
2025-07-05 04:00:00,0.00966,0.0097,0.00952,0.00963,59277215.0
2025-07-05 08:00:00,0.00963,0.00966,0.00952,0.00956,56852743.0
2025-07-05 12:00:00,0.00956,0.00958,0.00947,0.0095,45082571.0
2025-07-05 16:00:00,0.00949,0.00951,0.00918,0.00934,175126605.0
2025-07-05 20:00:00,0.00934,0.00942,0.0093,0.00939,36012894.0
2025-07-06 00:00:00,0.00939,0.00939,0.00925,0.00925,32121656.0
2025-07-06 04:00:00,0.00925,0.00935,0.00921,0.0093,39261458.0
2025-07-06 08:00:00,0.0093,0.00934,0.00913,0.00922,122209218.0
2025-07-06 12:00:00,0.00922,0.00958,0.00916,0.00948,249116766.0
2025-07-06 16:00:00,0.00947,0.00951,0.00933,0.00937,108600471.0
2025-07-06 20:00:00,0.00938,0.00962,0.00933,0.00938,97254578.0
2025-07-07 00:00:00,0.00937,0.00948,0.0093,0.00936,61053232.0
2025-07-07 04:00:00,0.00936,0.00942,0.00925,0.00942,59883740.0
2025-07-07 08:00:00,0.00941,0.00951,0.00928,0.00932,80265934.0
2025-07-07 12:00:00,0.00933,0.00943,0.00925,0.00933,99961511.0
2025-07-07 16:00:00,0.00932,0.00936,0.00918,0.00928,85571312.0
2025-07-07 20:00:00,0.00928,0.0093,0.00909,0.00929,88979795.0
2025-07-08 00:00:00,0.00929,0.00933,0.00911,0.00916,77961366.0
2025-07-08 04:00:00,0.00916,0.00925,0.00907,0.00922,64589384.0
2025-07-08 08:00:00,0.00922,0.00943,0.00916,0.00935,66085800.0
2025-07-08 12:00:00,0.00935,0.00944,0.0092,0.00928,80282634.0
2025-07-08 16:00:00,0.00928,0.00965,0.00924,0.00958,90469853.0
2025-07-08 20:00:00,0.00959,0.0096,0.00947,0.00951,40881349.0
2025-07-09 00:00:00,0.00951,0.00964,0.00944,0.00954,87146958.0
2025-07-09 04:00:00,0.00953,0.00981,0.00951,0.0098,91032698.0
2025-07-09 08:00:00,0.00981,0.01005,0.0098,0.00994,187507985.0
2025-07-09 12:00:00,0.00994,0.01011,0.00987,0.00999,162814848.0
2025-07-09 16:00:00,0.01,0.01048,0.00998,0.01045,270980838.0
2025-07-09 20:00:00,0.01045,0.01061,0.01037,0.01046,175548799.0
2025-07-10 00:00:00,0.01046,0.01056,0.01037,0.01048,98656364.0
2025-07-10 04:00:00,0.01048,0.01056,0.01037,0.01054,86335110.0
2025-07-10 08:00:00,0.01053,0.01057,0.01048,0.01053,57674984.0
2025-07-10 12:00:00,0.01053,0.01067,0.01047,0.01053,103973405.0
2025-07-10 16:00:00,0.01053,0.01108,0.01053,0.01083,217294528.0
2025-07-10 20:00:00,0.01084,0.01163,0.01082,0.01154,210059093.0
2025-07-11 00:00:00,0.01154,0.01198,0.01136,0.01194,159510434.0
2025-07-11 04:00:00,0.01193,0.01228,0.01178,0.01188,221589933.0
2025-07-11 08:00:00,0.01189,0.01219,0.01188,0.01201,110795285.0
2025-07-11 12:00:00,0.01202,0.01225,0.01184,0.01189,158909485.0
2025-07-11 16:00:00,0.01191,0.01236,0.01179,0.01227,135628882.0
2025-07-11 20:00:00,0.01227,0.0123,0.01152,0.01166,156971019.0
2025-07-12 00:00:00,0.01166,0.01202,0.01146,0.012,102347296.0
2025-07-12 04:00:00,0.012,0.0121,0.01164,0.01196,84753527.0
2025-07-12 08:00:00,0.01197,0.01202,0.01178,0.01194,72670779.0
2025-07-12 12:00:00,0.01195,0.01201,0.01126,0.01132,181806438.0
2025-07-12 16:00:00,0.01133,0.01162,0.01128,0.01156,98088537.0
2025-07-12 20:00:00,0.01157,0.01164,0.01138,0.0116,48753185.0
2025-07-13 00:00:00,0.01159,0.01171,0.01152,0.01165,53492594.0
2025-07-13 04:00:00,0.01164,0.01205,0.01158,0.012,71038510.0
2025-07-13 08:00:00,0.012,0.01202,0.01174,0.012,63223168.0
2025-07-13 12:00:00,0.012,0.01239,0.01194,0.01223,137581229.0
2025-07-13 16:00:00,0.01223,0.01237,0.01201,0.01215,58988149.0
2025-07-13 20:00:00,0.01215,0.01225,0.01177,0.01191,81084659.0
2025-07-14 00:00:00,0.01192,0.0125,0.01192,0.01241,111509738.0
2025-07-14 04:00:00,0.0124,0.01272,0.01228,0.01251,136302808.0
2025-07-14 08:00:00,0.01251,0.01252,0.01219,0.01225,64737688.0
2025-07-14 12:00:00,0.01224,0.01238,0.01178,0.01187,148874002.0
2025-07-14 16:00:00,0.01187,0.01206,0.01167,0.01178,70722714.0
2025-07-14 20:00:00,0.01178,0.01189,0.01164,0.01179,61074326.0
2025-07-15 00:00:00,0.0118,0.01192,0.01133,0.01149,88768208.0
2025-07-15 04:00:00,0.01148,0.01164,0.01134,0.01149,52519731.0
2025-07-15 08:00:00,0.01149,0.01158,0.01135,0.01154,51438140.0
2025-07-15 12:00:00,0.01154,0.01183,0.01133,0.01175,149895987.0
2025-07-15 16:00:00,0.01175,0.01224,0.01173,0.01183,118431808.0
2025-07-15 20:00:00,0.01183,0.01229,0.01178,0.01227,38953233.0
2025-07-16 00:00:00,0.01226,0.01254,0.01208,0.01224,100496332.0
2025-07-16 04:00:00,0.01223,0.01239,0.01212,0.01234,80682884.0
2025-07-16 08:00:00,0.01234,0.01236,0.01202,0.01208,61612117.0
2025-07-16 12:00:00,0.01208,0.01234,0.01189,0.01208,161309466.0
2025-07-16 16:00:00,0.01209,0.01252,0.01205,0.01231,109207386.0
2025-07-16 20:00:00,0.01231,0.01268,0.01217,0.01226,107940529.0
2025-07-17 00:00:00,0.01226,0.01249,0.01166,0.01179,132321859.0
2025-07-17 04:00:00,0.01178,0.01223,0.01168,0.01221,127976942.0
2025-07-17 08:00:00,0.0122,0.01249,0.01216,0.01221,122680042.0
2025-07-17 12:00:00,0.01221,0.01241,0.01198,0.01214,130206967.0
2025-07-17 16:00:00,0.01215,0.0122,0.01176,0.01177,107892070.0
2025-07-17 20:00:00,0.01177,0.01241,0.01163,0.01219,141305351.0
2025-07-18 00:00:00,0.01218,0.01276,0.0121,0.01268,149909627.0
2025-07-18 04:00:00,0.01268,0.01358,0.01267,0.01297,240270019.0
2025-07-18 08:00:00,0.01298,0.01324,0.01285,0.01298,117815782.0
2025-07-18 12:00:00,0.01299,0.01324,0.01243,0.01256,161351287.0
2025-07-18 16:00:00,0.01256,0.01272,0.01227,0.01243,101689718.0
2025-07-18 20:00:00,0.01244,0.0125,0.01201,0.01216,168515843.0
2025-07-19 00:00:00,0.01217,0.01242,0.01177,0.01241,148326624.0
2025-07-19 04:00:00,0.01241,0.01258,0.01218,0.01219,135658722.0
2025-07-19 08:00:00,0.0122,0.01226,0.01199,0.01204,68155877.0
2025-07-19 12:00:00,0.01205,0.01216,0.0118,0.01198,105682039.0
2025-07-19 16:00:00,0.01199,0.01262,0.01193,0.01249,132183390.0
2025-07-19 20:00:00,0.01249,0.01264,0.01222,0.01247,84353705.0
2025-07-20 00:00:00,0.01247,0.01267,0.01234,0.01257,78818480.0
2025-07-20 04:00:00,0.01257,0.01298,0.01247,0.01283,119169215.0
2025-07-20 08:00:00,0.01284,0.01353,0.01283,0.01331,227866997.0
2025-07-20 12:00:00,0.01332,0.01349,0.01306,0.01346,166472131.0
2025-07-20 16:00:00,0.01347,0.01383,0.01333,0.01344,201786105.0
2025-07-20 20:00:00,0.01344,0.01355,0.01302,0.01338,157656965.0
2025-07-21 00:00:00,0.01338,0.01373,0.01304,0.01365,142930058.0
2025-07-21 04:00:00,0.01364,0.0137,0.0134,0.01353,110252457.0
2025-07-21 08:00:00,0.01352,0.01372,0.01329,0.01358,100143805.0
2025-07-21 12:00:00,0.01358,0.01389,0.01344,0.01351,155406262.0
2025-07-21 16:00:00,0.01351,0.0136,0.01309,0.01316,130739397.0
2025-07-21 20:00:00,0.01315,0.01352,0.01309,0.01338,66444205.0
2025-07-22 00:00:00,0.01339,0.01344,0.01274,0.01283,199301830.0
2025-07-22 04:00:00,0.01283,0.01291,0.01248,0.01273,148320094.0
2025-07-22 08:00:00,0.01273,0.013,0.01245,0.01295,132251098.0
2025-07-22 12:00:00,0.01295,0.01315,0.01256,0.01299,191027627.0
2025-07-22 16:00:00,0.01299,0.01324,0.01277,0.01287,139827255.0
2025-07-22 20:00:00,0.01287,0.01339,0.01283,0.01336,69409162.0
2025-07-23 00:00:00,0.01336,0.01337,0.0126,0.01263,184932752.0
2025-07-23 04:00:00,0.01264,0.01291,0.01257,0.01266,108961704.0
2025-07-23 08:00:00,0.01266,0.01271,0.01234,0.01247,152172231.0
2025-07-23 12:00:00,0.01246,0.0125,0.01186,0.01213,296209461.0
2025-07-23 16:00:00,0.01213,0.01213,0.01159,0.01175,224647581.0
2025-07-23 20:00:00,0.01177,0.01183,0.01113,0.01157,276795731.0
2025-07-24 00:00:00,0.01156,0.01181,0.01148,0.01164,137174261.0
2025-07-24 04:00:00,0.01163,0.01166,0.01059,0.01105,336944289.0
2025-07-24 08:00:00,0.01104,0.01135,0.01088,0.01129,139833700.0
2025-07-24 12:00:00,0.01129,0.01168,0.011,0.0115,174527648.0
2025-07-24 16:00:00,0.0115,0.0116,0.01117,0.01139,107704357.0
2025-07-24 20:00:00,0.01139,0.01147,0.01111,0.01117,75459004.0
2025-07-25 00:00:00,0.01116,0.01125,0.0108,0.01099,172868971.0
2025-07-25 04:00:00,0.01097,0.01128,0.0108,0.01116,143609175.0
2025-07-25 08:00:00,0.01117,0.01154,0.01113,0.01146,125352835.0
2025-07-25 12:00:00,0.01146,0.01156,0.01089,0.01106,124255081.0
2025-07-25 16:00:00,0.01105,0.01131,0.01097,0.01121,59577577.0
2025-07-25 20:00:00,0.01121,0.01162,0.01121,0.01158,56328956.0
2025-07-26 00:00:00,0.01158,0.01187,0.01152,0.0117,75473851.0
2025-07-26 04:00:00,0.01169,0.01176,0.01158,0.01163,36806319.0
2025-07-26 08:00:00,0.01164,0.01181,0.01164,0.0117,62434963.0
2025-07-26 12:00:00,0.01169,0.01179,0.01158,0.01168,53654432.0
2025-07-26 16:00:00,0.01168,0.01195,0.01158,0.01185,69781319.0
2025-07-26 20:00:00,0.01185,0.01186,0.01161,0.01163,48662124.0
2025-07-27 00:00:00,0.01163,0.01185,0.0116,0.01176,34963332.0
2025-07-27 04:00:00,0.01175,0.01196,0.01174,0.01187,45446291.0
2025-07-27 08:00:00,0.01186,0.01212,0.01168,0.01191,75710692.0
2025-07-27 12:00:00,0.0119,0.01201,0.01175,0.01189,62648340.0
2025-07-27 16:00:00,0.01189,0.01214,0.01189,0.01208,95521874.0
2025-07-27 20:00:00,0.01207,0.0123,0.01192,0.01225,81776612.0
2025-07-28 00:00:00,0.01225,0.01237,0.01194,0.01226,92593615.0
2025-07-28 04:00:00,0.01226,0.01248,0.01209,0.01218,89984116.0
2025-07-28 08:00:00,0.01217,0.01226,0.01192,0.01197,83089672.0
2025-07-28 12:00:00,0.01198,0.01198,0.01135,0.01148,172832390.0
2025-07-28 16:00:00,0.01149,0.01153,0.01108,0.01124,173594094.0
2025-07-28 20:00:00,0.01124,0.01126,0.01091,0.01105,156034068.0
2025-07-29 00:00:00,0.01104,0.01114,0.01075,0.01099,121513656.0
2025-07-29 04:00:00,0.01099,0.01147,0.01091,0.01144,104590014.0
2025-07-29 08:00:00,0.01145,0.01145,0.0111,0.01118,93402238.0
2025-07-29 12:00:00,0.01118,0.01137,0.01083,0.01093,128687265.0
2025-07-29 16:00:00,0.01094,0.01107,0.01075,0.01083,107981847.0
2025-07-29 20:00:00,0.01083,0.01118,0.01071,0.01101,104600144.0
2025-07-30 00:00:00,0.01102,0.01106,0.01077,0.01094,67882183.0
2025-07-30 04:00:00,0.01094,0.01103,0.0108,0.01082,56445125.0
2025-07-30 08:00:00,0.01082,0.01091,0.01046,0.01052,114391083.0
2025-07-30 12:00:00,0.01053,0.01092,0.01043,0.01082,147478717.0
2025-07-30 16:00:00,0.01082,0.011,0.0103,0.01087,195401420.0
2025-07-30 20:00:00,0.01087,0.01105,0.01072,0.01099,99410045.0
2025-07-31 00:00:00,0.011,0.01119,0.01096,0.01109,95919296.0
2025-07-31 04:00:00,0.01109,0.01121,0.01105,0.01112,43869756.0
2025-07-31 08:00:00,0.01111,0.0112,0.01096,0.01099,42173900.0
2025-07-31 12:00:00,0.011,0.011,0.01052,0.01067,101406672.0
2025-07-31 16:00:00,0.01067,0.01092,0.01057,0.0106,91024785.0
2025-07-31 20:00:00,0.01059,0.01062,0.01012,0.0102,120120858.0
2025-08-01 00:00:00,0.01019,0.01029,0.00988,0.01024,183541226.0
2025-08-01 04:00:00,0.01025,0.01025,0.01001,0.01011,98872006.0
2025-08-01 08:00:00,0.01012,0.01016,0.00989,0.01013,107773477.0
2025-08-01 12:00:00,0.01014,0.01029,0.00985,0.0102,153042902.0
2025-08-01 16:00:00,0.01021,0.01028,0.00994,0.01019,99463544.0
2025-08-01 20:00:00,0.0102,0.01023,0.00967,0.00999,173387652.0
2025-08-02 00:00:00,0.01,0.0101,0.00995,0.0101,46966791.0
2025-08-02 04:00:00,0.01009,0.01014,0.00978,0.01002,57875664.0
2025-08-02 08:00:00,0.01002,0.01004,0.00973,0.00994,76649994.0
2025-08-02 12:00:00,0.00994,0.01,0.00978,0.00988,98353901.0
2025-08-02 16:00:00,0.00987,0.01001,0.00963,0.00982,134205658.0
2025-08-02 20:00:00,0.00983,0.01005,0.00981,0.00997,72059677.0
2025-08-03 00:00:00,0.00997,0.01025,0.00981,0.0102,85289402.0
2025-08-03 04:00:00,0.0102,0.01027,0.01011,0.01024,73683675.0
2025-08-03 08:00:00,0.01024,0.01047,0.0102,0.01039,93078479.0
2025-08-03 12:00:00,0.01039,0.01039,0.01023,0.01037,120865238.0
2025-08-03 16:00:00,0.01036,0.01054,0.01029,0.01044,70692652.0
2025-08-03 20:00:00,0.01044,0.01047,0.01034,0.01041,69431513.0
2025-08-04 00:00:00,0.01041,0.01063,0.01036,0.01045,100709686.0
2025-08-04 04:00:00,0.01045,0.0105,0.01035,0.01046,47143817.0
2025-08-04 08:00:00,0.01046,0.01056,0.01032,0.01038,54580701.0
2025-08-04 12:00:00,0.01038,0.01076,0.01034,0.01069,108562172.0
2025-08-04 16:00:00,0.01069,0.01083,0.01057,0.01061,93000363.0
2025-08-04 20:00:00,0.0106,0.01083,0.01058,0.01076,52232228.0
2025-08-05 00:00:00,0.01076,0.0108,0.01055,0.01055,51864859.0
2025-08-05 04:00:00,0.01056,0.01061,0.01031,0.01033,69797432.0
2025-08-05 08:00:00,0.01033,0.01071,0.01031,0.01069,61411460.0
2025-08-05 12:00:00,0.01068,0.0107,0.01013,0.0102,128435415.0
2025-08-05 16:00:00,0.0102,0.0103,0.01011,0.01015,71272650.0
2025-08-05 20:00:00,0.01015,0.01027,0.00995,0.01021,87285495.0
2025-08-06 00:00:00,0.01021,0.01021,0.00993,0.00997,67001827.0
2025-08-06 04:00:00,0.00997,0.01038,0.00991,0.01036,74262273.0
2025-08-06 08:00:00,0.01037,0.01038,0.01021,0.01024,72588622.0
2025-08-06 12:00:00,0.01025,0.01052,0.01008,0.01049,99493025.0
2025-08-06 16:00:00,0.0105,0.01061,0.01035,0.01052,90220090.0
2025-08-06 20:00:00,0.01053,0.01056,0.01044,0.01049,34733669.0
2025-08-07 00:00:00,0.01049,0.01059,0.01036,0.01037,64217371.0
2025-08-07 04:00:00,0.01037,0.01055,0.01036,0.01047,48485513.0
2025-08-07 08:00:00,0.01047,0.01084,0.01044,0.01082,94717712.0
2025-08-07 12:00:00,0.01082,0.01085,0.01062,0.01068,68529371.0
2025-08-07 16:00:00,0.01069,0.01075,0.01044,0.01074,85377386.0
2025-08-07 20:00:00,0.01074,0.01096,0.01073,0.01094,104224423.0
2025-08-08 00:00:00,0.01094,0.01108,0.01081,0.01094,122976290.0
2025-08-08 04:00:00,0.01095,0.011,0.01076,0.01093,65339896.0
2025-08-08 08:00:00,0.01093,0.01103,0.01088,0.01097,99735897.0
2025-08-08 12:00:00,0.01097,0.01116,0.01075,0.01087,111883151.0
2025-08-08 16:00:00,0.01089,0.01128,0.01086,0.01121,82894808.0
2025-08-08 20:00:00,0.01122,0.01123,0.01107,0.01108,44931788.0
2025-08-09 00:00:00,0.01109,0.01119,0.01107,0.01111,30724801.0
2025-08-09 04:00:00,0.01111,0.01149,0.01108,0.01145,72013914.0
2025-08-09 08:00:00,0.01145,0.0116,0.0114,0.01149,58517207.0
2025-08-09 12:00:00,0.01149,0.01159,0.01132,0.01142,45588102.0
2025-08-09 16:00:00,0.01143,0.01157,0.01138,0.01147,47712173.0
2025-08-09 20:00:00,0.01148,0.01176,0.01141,0.01144,99863478.0
2025-08-10 00:00:00,0.01145,0.01167,0.01143,0.01166,78449749.0
2025-08-10 04:00:00,0.01165,0.01181,0.01115,0.01119,89400257.0
2025-08-10 08:00:00,0.01118,0.01128,0.01101,0.01109,87699460.0
2025-08-10 12:00:00,0.0111,0.01131,0.01093,0.01122,86987997.0
2025-08-10 16:00:00,0.01122,0.01145,0.01119,0.0114,51148674.0
2025-08-10 20:00:00,0.01141,0.01141,0.01117,0.01137,64513268.0
2025-08-11 00:00:00,0.01137,0.01189,0.01128,0.01167,164650951.0
2025-08-11 04:00:00,0.01167,0.01173,0.01122,0.01127,101217580.0
2025-08-11 08:00:00,0.01126,0.01138,0.01082,0.01083,131510356.0
2025-08-11 12:00:00,0.01084,0.01103,0.01068,0.01096,174125734.0
2025-08-11 16:00:00,0.01097,0.01113,0.01082,0.01094,117896476.0
2025-08-11 20:00:00,0.01093,0.01094,0.01053,0.01063,128768992.0
2025-08-12 00:00:00,0.01064,0.01081,0.01056,0.01065,69516372.0
2025-08-12 04:00:00,0.01065,0.01075,0.01047,0.01074,77981224.0
2025-08-12 08:00:00,0.01075,0.01075,0.01043,0.01056,85962231.0
2025-08-12 12:00:00,0.01056,0.01115,0.0105,0.01114,150995963.0
2025-08-12 16:00:00,0.01114,0.01143,0.01111,0.01132,127082507.0
2025-08-12 20:00:00,0.01133,0.01148,0.0113,0.01135,134166448.0
2025-08-13 00:00:00,0.01136,0.0117,0.01131,0.01159,154119283.0
2025-08-13 04:00:00,0.0116,0.01167,0.0114,0.01161,133805602.0
2025-08-13 08:00:00,0.0116,0.01209,0.01159,0.01203,168704252.0
2025-08-13 12:00:00,0.01202,0.01211,0.01176,0.01197,185429824.0
2025-08-13 16:00:00,0.01197,0.01228,0.01188,0.01206,174155134.0
2025-08-13 20:00:00,0.01206,0.01229,0.01198,0.01217,99012288.0
2025-08-14 00:00:00,0.01217,0.01232,0.01203,0.01224,100376746.0
2025-08-14 04:00:00,0.01223,0.01227,0.01189,0.01195,120768648.0
2025-08-14 08:00:00,0.01196,0.01197,0.01165,0.01172,231002112.0
2025-08-14 12:00:00,0.01173,0.0118,0.01052,0.01113,449855271.0
2025-08-14 16:00:00,0.01112,0.01112,0.01079,0.0109,193611972.0
2025-08-14 20:00:00,0.01089,0.01099,0.01067,0.01091,107143168.0
2025-08-15 00:00:00,0.0109,0.01108,0.01079,0.01104,90870945.0
2025-08-15 04:00:00,0.01104,0.01116,0.01091,0.01105,74677867.0
2025-08-15 08:00:00,0.01107,0.0111,0.01087,0.01092,92160592.0
2025-08-15 12:00:00,0.01091,0.01109,0.01042,0.0105,197079177.0
2025-08-15 16:00:00,0.0105,0.01066,0.01037,0.0105,135501101.0
2025-08-15 20:00:00,0.0105,0.01086,0.01046,0.01074,60026421.0
2025-08-16 00:00:00,0.01073,0.01088,0.01071,0.01078,75031625.0
2025-08-16 04:00:00,0.01079,0.01087,0.01074,0.01083,46706026.0
2025-08-16 08:00:00,0.01083,0.0109,0.01067,0.01081,94521340.0
2025-08-16 12:00:00,0.01082,0.01128,0.01078,0.01122,378773293.0
2025-08-16 16:00:00,0.01122,0.01133,0.01109,0.01116,139051305.0
2025-08-16 20:00:00,0.01116,0.01134,0.01112,0.01122,80731175.0
2025-08-17 00:00:00,0.01123,0.01139,0.01112,0.01136,107688021.0
2025-08-17 04:00:00,0.01136,0.01154,0.0113,0.01142,150026473.0
2025-08-17 08:00:00,0.01142,0.01154,0.01138,0.01148,114956301.0
2025-08-17 12:00:00,0.01148,0.01159,0.01137,0.01159,77464483.0
2025-08-17 16:00:00,0.01159,0.01165,0.0112,0.01127,119910368.0
2025-08-17 20:00:00,0.01127,0.01138,0.01121,0.01122,66694487.0
2025-08-18 00:00:00,0.01122,0.01126,0.01066,0.01078,228645066.0
2025-08-18 04:00:00,0.01079,0.01091,0.01056,0.01063,150512747.0
2025-08-18 08:00:00,0.01064,0.01076,0.01053,0.01066,120047503.0
2025-08-18 12:00:00,0.01066,0.01087,0.01064,0.0108,157166578.0
2025-08-18 16:00:00,0.01079,0.01088,0.01063,0.01075,93233465.0
2025-08-18 20:00:00,0.01075,0.01091,0.01065,0.01068,69736633.0
2025-08-19 00:00:00,0.01069,0.01083,0.01039,0.01042,143776200.0
2025-08-19 04:00:00,0.01043,0.01058,0.01034,0.0105,96934846.0
2025-08-19 08:00:00,0.0105,0.01078,0.01043,0.01078,84258890.0
2025-08-19 12:00:00,0.01077,0.01084,0.01044,0.01051,150428889.0
2025-08-19 16:00:00,0.0105,0.01051,0.01022,0.01039,197109640.0
2025-08-19 20:00:00,0.01039,0.01048,0.01025,0.01027,98389126.0
2025-08-20 00:00:00,0.01027,0.01047,0.01016,0.01037,108082508.0
2025-08-20 04:00:00,0.01037,0.01051,0.01037,0.0104,76262377.0
2025-08-20 08:00:00,0.01041,0.01068,0.01039,0.01057,116305208.0
2025-08-20 12:00:00,0.01058,0.01091,0.01038,0.01076,194301907.0
2025-08-20 16:00:00,0.01077,0.01106,0.01076,0.01103,176430458.0
2025-08-20 20:00:00,0.01104,0.01118,0.01098,0.01107,107605824.0
2025-08-21 00:00:00,0.01108,0.01127,0.01099,0.01114,89096395.0
2025-08-21 04:00:00,0.01114,0.01122,0.01094,0.01103,126962774.0
2025-08-21 08:00:00,0.01103,0.01107,0.01082,0.01087,73398533.0
2025-08-21 12:00:00,0.01087,0.011,0.01072,0.01075,125919940.0
2025-08-21 16:00:00,0.01074,0.01088,0.01066,0.01074,107819866.0
2025-08-21 20:00:00,0.01075,0.01093,0.01067,0.01073,96645153.0
2025-08-22 00:00:00,0.01073,0.01096,0.01065,0.01077,84606141.0
2025-08-22 04:00:00,0.01078,0.01098,0.01075,0.01094,57317087.0
2025-08-22 08:00:00,0.01093,0.01102,0.01054,0.01054,114277449.0
2025-08-22 12:00:00,0.01055,0.01143,0.01029,0.01128,574797015.0
2025-08-22 16:00:00,0.01128,0.01185,0.01128,0.01179,322745644.0
2025-08-22 20:00:00,0.0118,0.01192,0.01174,0.01184,138489393.0
2025-08-23 00:00:00,0.01185,0.01196,0.01135,0.01152,152911429.0
2025-08-23 04:00:00,0.01152,0.01191,0.01152,0.01159,121768052.0
2025-08-23 08:00:00,0.0116,0.0117,0.01143,0.01147,93751587.0
2025-08-23 12:00:00,0.01148,0.01154,0.01136,0.01143,89298457.0
2025-08-23 16:00:00,0.01142,0.0116,0.01133,0.0116,106495999.0
2025-08-23 20:00:00,0.0116,0.01161,0.01143,0.01149,37732355.0
2025-08-24 00:00:00,0.01148,0.01153,0.01118,0.01124,71437282.0
2025-08-24 04:00:00,0.01123,0.01128,0.0109,0.01092,110870740.0
2025-08-24 08:00:00,0.01093,0.011,0.01067,0.01078,163583502.0
2025-08-24 12:00:00,0.01079,0.01103,0.01073,0.01088,145147110.0
2025-08-24 16:00:00,0.01088,0.01155,0.01081,0.01117,385559823.0
2025-08-24 20:00:00,0.01117,0.01129,0.0109,0.01112,199571749.0
2025-08-25 00:00:00,0.01113,0.01138,0.01087,0.01125,127238240.0
2025-08-25 04:00:00,0.01126,0.01134,0.01078,0.01085,231872838.0
2025-08-25 08:00:00,0.01085,0.01124,0.01077,0.01107,252114669.0
2025-08-25 12:00:00,0.01107,0.01121,0.0109,0.01093,199481132.0
2025-08-25 16:00:00,0.01094,0.0111,0.01059,0.01061,207224336.0
2025-08-25 20:00:00,0.01062,0.01064,0.01018,0.0103,419110507.0
2025-08-26 00:00:00,0.0103,0.01044,0.01012,0.01023,205519782.0
2025-08-26 04:00:00,0.01023,0.01038,0.01019,0.0103,120134951.0
2025-08-26 08:00:00,0.0103,0.01041,0.0102,0.01029,113950952.0
2025-08-26 12:00:00,0.0103,0.01063,0.01024,0.01052,233350736.0
2025-08-26 16:00:00,0.01051,0.01076,0.01044,0.01074,124150568.0
2025-08-26 20:00:00,0.01075,0.0108,0.01058,0.0106,80556965.0
2025-08-27 00:00:00,0.01061,0.01072,0.01051,0.01067,81710721.0
2025-08-27 04:00:00,0.01067,0.01078,0.01048,0.01053,67195977.0
2025-08-27 08:00:00,0.01054,0.01064,0.01048,0.01056,53735155.0
2025-08-27 12:00:00,0.01056,0.0107,0.01043,0.01065,104005556.0
2025-08-27 16:00:00,0.01065,0.01075,0.01049,0.01057,81340154.0
2025-08-27 20:00:00,0.01057,0.01076,0.01042,0.01057,183878354.0
2025-08-28 00:00:00,0.01058,0.0107,0.01048,0.0107,76473135.0
2025-08-28 04:00:00,0.0107,0.01072,0.01059,0.01065,80366663.0
2025-08-28 08:00:00,0.01065,0.01077,0.01057,0.01067,105143689.0
2025-08-28 12:00:00,0.01067,0.01093,0.01062,0.01071,138569085.0
2025-08-28 16:00:00,0.01071,0.0108,0.0105,0.0105,82694663.0
2025-08-28 20:00:00,0.0105,0.01089,0.01047,0.01088,83309554.0
2025-08-29 00:00:00,0.01089,0.01094,0.01064,0.01077,93669371.0
2025-08-29 04:00:00,0.01077,0.01086,0.01041,0.01043,91727885.0
2025-08-29 08:00:00,0.01043,0.01047,0.01018,0.01031,115036576.0
2025-08-29 12:00:00,0.01031,0.01066,0.01019,0.01029,212345714.0
2025-08-29 16:00:00,0.01028,0.01036,0.01001,0.01013,145959120.0
2025-08-29 20:00:00,0.01014,0.01036,0.01005,0.01031,67557881.0
2025-08-30 00:00:00,0.01032,0.01051,0.01015,0.01044,53491206.0
2025-08-30 04:00:00,0.01044,0.01051,0.01042,0.0105,39563593.0
2025-08-30 08:00:00,0.0105,0.01051,0.0104,0.01046,38569360.0
2025-08-30 12:00:00,0.01047,0.0105,0.01024,0.01045,61094405.0
2025-08-30 16:00:00,0.01046,0.01048,0.01035,0.01045,51439988.0
2025-08-30 20:00:00,0.01046,0.01073,0.01042,0.01073,113949904.0
2025-08-31 00:00:00,0.01073,0.01115,0.01073,0.01091,288362357.0
2025-08-31 04:00:00,0.01092,0.01093,0.01066,0.01068,79450766.0
2025-08-31 08:00:00,0.01068,0.01086,0.01057,0.01063,90349242.0
2025-08-31 12:00:00,0.01064,0.01072,0.01051,0.01067,98210083.0
2025-08-31 16:00:00,0.01067,0.01076,0.0106,0.0106,108781435.0
2025-08-31 20:00:00,0.01061,0.01066,0.01033,0.01033,80545878.0
2025-09-01 00:00:00,0.01034,0.01034,0.01005,0.0101,169061372.0
2025-09-01 04:00:00,0.0101,0.01036,0.00994,0.01036,147233073.0
2025-09-01 08:00:00,0.01036,0.0105,0.01015,0.01016,126230886.0
2025-09-01 12:00:00,0.01017,0.01024,0.01001,0.01006,152276034.0
2025-09-01 16:00:00,0.01005,0.01017,0.00997,0.01016,100111589.0
2025-09-01 20:00:00,0.01015,0.01016,0.00972,0.01005,219113813.0
2025-09-02 00:00:00,0.01006,0.01035,0.01,0.01032,81501303.0
2025-09-02 04:00:00,0.01031,0.01038,0.01022,0.01024,68978965.0
2025-09-02 08:00:00,0.01025,0.01032,0.01021,0.01025,56380447.0
2025-09-02 12:00:00,0.01025,0.01043,0.01002,0.0101,178024819.0
2025-09-02 16:00:00,0.0101,0.01031,0.01009,0.01019,62619599.0
2025-09-02 20:00:00,0.0102,0.01037,0.01016,0.01034,37268597.0
2025-09-03 00:00:00,0.01034,0.01036,0.01018,0.01026,51876961.0
2025-09-03 04:00:00,0.01026,0.01027,0.01011,0.01016,52083934.0
2025-09-03 08:00:00,0.01015,0.01029,0.01009,0.01022,48743946.0
2025-09-03 12:00:00,0.01021,0.01035,0.01013,0.01028,98773802.0
2025-09-03 16:00:00,0.01029,0.01034,0.0102,0.01031,77116328.0
2025-09-03 20:00:00,0.01032,0.01036,0.01024,0.01029,50754606.0
2025-09-04 00:00:00,0.0103,0.01035,0.01007,0.01008,83870565.0
2025-09-04 04:00:00,0.01009,0.01011,0.00993,0.01006,117716450.0
2025-09-04 08:00:00,0.01006,0.01017,0.01004,0.01011,36948767.0
2025-09-04 12:00:00,0.01011,0.01019,0.00997,0.01002,68606298.0
2025-09-04 16:00:00,0.01001,0.01007,0.00989,0.00995,50452551.0
2025-09-04 20:00:00,0.00995,0.01016,0.00994,0.01002,46154251.0
2025-09-05 00:00:00,0.01001,0.01017,0.00999,0.01016,56879916.0
2025-09-05 04:00:00,0.01015,0.01029,0.01008,0.01028,52912432.0
2025-09-05 08:00:00,0.01028,0.0103,0.01017,0.01023,49455140.0
2025-09-05 12:00:00,0.01023,0.01036,0.00991,0.01001,186902429.0
2025-09-05 16:00:00,0.01001,0.01011,0.00994,0.0101,55495956.0
2025-09-05 20:00:00,0.0101,0.01015,0.01,0.01006,61215744.0
2025-09-06 00:00:00,0.01007,0.01017,0.01004,0.01012,38368421.0
2025-09-06 04:00:00,0.01013,0.01014,0.00999,0.01002,31000172.0
2025-09-06 08:00:00,0.01002,0.01003,0.00991,0.00998,40582168.0
2025-09-06 12:00:00,0.00998,0.01003,0.00989,0.00992,53258901.0
2025-09-06 16:00:00,0.00992,0.01005,0.00988,0.00989,47532949.0
2025-09-06 20:00:00,0.0099,0.00998,0.00989,0.00992,36214320.0
2025-09-07 00:00:00,0.00993,0.01007,0.00992,0.01002,74192430.0
2025-09-07 04:00:00,0.01002,0.01008,0.00997,0.00999,36730479.0
2025-09-07 08:00:00,0.00998,0.01007,0.00997,0.01006,33243630.0
2025-09-07 12:00:00,0.01006,0.01007,0.00998,0.01004,45325392.0
2025-09-07 16:00:00,0.01004,0.01004,0.00993,0.01001,42714792.0
2025-09-07 20:00:00,0.01,0.01014,0.00996,0.01007,42455351.0
2025-09-08 00:00:00,0.01007,0.0102,0.00997,0.01015,61456863.0
2025-09-08 04:00:00,0.01015,0.01016,0.01002,0.01006,38027097.0
2025-09-08 08:00:00,0.01006,0.01026,0.01004,0.01019,61715526.0
2025-09-08 12:00:00,0.01019,0.01052,0.01017,0.01044,114213095.0
2025-09-08 16:00:00,0.01044,0.01066,0.01034,0.01043,211837083.0
2025-09-08 20:00:00,0.01043,0.0106,0.01034,0.01056,75347793.0
2025-09-09 00:00:00,0.01055,0.01065,0.01043,0.0106,67114198.0
2025-09-09 04:00:00,0.01059,0.01103,0.01057,0.01095,101277247.0
2025-09-09 08:00:00,0.01096,0.01105,0.01084,0.01091,111483194.0
2025-09-09 12:00:00,0.01092,0.01099,0.01051,0.01058,162774194.0
2025-09-09 16:00:00,0.01058,0.01074,0.01049,0.01068,96039736.0
2025-09-09 20:00:00,0.01067,0.01077,0.01063,0.01071,48116051.0
2025-09-10 00:00:00,0.0107,0.01084,0.01056,0.01078,50021606.0
2025-09-10 04:00:00,0.01077,0.01083,0.01066,0.01073,47586393.0
2025-09-10 08:00:00,0.01074,0.0108,0.01063,0.01075,42253201.0
2025-09-10 12:00:00,0.01075,0.01096,0.01071,0.01086,72127767.0
2025-09-10 16:00:00,0.01086,0.01093,0.01061,0.01068,48461224.0
2025-09-10 20:00:00,0.01068,0.01087,0.01066,0.01083,27654329.0
2025-09-11 00:00:00,0.01084,0.01099,0.0108,0.01097,33480014.0
2025-09-11 04:00:00,0.01097,0.01103,0.01079,0.01095,52893075.0
2025-09-11 08:00:00,0.01096,0.01099,0.01075,0.01076,27720734.0
2025-09-11 12:00:00,0.01076,0.01092,0.01063,0.01071,95796061.0
2025-09-11 16:00:00,0.01072,0.01092,0.01071,0.01087,39961432.0
2025-09-11 20:00:00,0.01087,0.01101,0.01082,0.01096,33069206.0
2025-09-12 00:00:00,0.01096,0.01112,0.01089,0.01093,59919660.0
2025-09-12 04:00:00,0.01093,0.01106,0.01089,0.01096,40348030.0
2025-09-12 08:00:00,0.01096,0.01096,0.01066,0.0107,175659714.0
2025-09-12 12:00:00,0.0107,0.01087,0.01061,0.01075,64087025.0
2025-09-12 16:00:00,0.01076,0.01099,0.01074,0.01098,65181450.0
2025-09-12 20:00:00,0.01097,0.011,0.01086,0.01097,63094497.0
2025-09-13 00:00:00,0.01098,0.01124,0.01091,0.01117,86718200.0
2025-09-13 04:00:00,0.01117,0.01119,0.01107,0.01114,71957220.0
2025-09-13 08:00:00,0.01115,0.01147,0.01113,0.01146,103336465.0
2025-09-13 12:00:00,0.01145,0.01157,0.01109,0.01145,183852174.0
2025-09-13 16:00:00,0.01146,0.01159,0.01123,0.01156,138417041.0
2025-09-13 20:00:00,0.01156,0.01164,0.01141,0.01151,75940192.0
2025-09-14 00:00:00,0.01152,0.01162,0.0113,0.01133,85617828.0
2025-09-14 04:00:00,0.01134,0.01145,0.01122,0.01135,73187839.0
2025-09-14 08:00:00,0.01135,0.01144,0.01111,0.01114,73221177.0
2025-09-14 12:00:00,0.01114,0.01119,0.01078,0.01087,169570448.0
2025-09-14 16:00:00,0.01087,0.01109,0.01085,0.01094,63027320.0
2025-09-14 20:00:00,0.01095,0.01109,0.01087,0.01094,35774702.0
2025-09-15 00:00:00,0.01094,0.01106,0.01082,0.01101,38667087.0
2025-09-15 04:00:00,0.01101,0.01114,0.01067,0.01071,68634437.0
2025-09-15 08:00:00,0.01072,0.01072,0.0104,0.01048,127455683.0
2025-09-15 12:00:00,0.01049,0.01051,0.01022,0.0103,112129589.0
2025-09-15 16:00:00,0.01031,0.01037,0.01019,0.01032,61878272.0
2025-09-15 20:00:00,0.01032,0.01043,0.01029,0.01038,33511956.0
2025-09-16 00:00:00,0.01039,0.01039,0.01026,0.01026,31721256.0
2025-09-16 04:00:00,0.01027,0.01045,0.01015,0.01038,70135225.0
2025-09-16 08:00:00,0.01039,0.01049,0.01033,0.01037,51211696.0
2025-09-16 12:00:00,0.01037,0.01045,0.01019,0.01041,67186857.0
2025-09-16 16:00:00,0.01041,0.01051,0.01034,0.01047,64345057.0
2025-09-16 20:00:00,0.01046,0.01054,0.01041,0.01044,31596059.0
2025-09-17 00:00:00,0.01044,0.0105,0.01034,0.01035,35308153.0
2025-09-17 04:00:00,0.01035,0.0105,0.01024,0.01045,53906883.0
2025-09-17 08:00:00,0.01046,0.01046,0.01027,0.01033,41205441.0
2025-09-17 12:00:00,0.01034,0.01044,0.0103,0.01034,57974382.0
2025-09-17 16:00:00,0.01034,0.01069,0.01026,0.01067,177630382.0
2025-09-17 20:00:00,0.01067,0.01103,0.01052,0.01095,143472415.0
2025-09-18 00:00:00,0.01096,0.01113,0.01091,0.01108,94166012.0
2025-09-18 04:00:00,0.01108,0.01117,0.01095,0.01104,106220026.0
2025-09-18 08:00:00,0.01105,0.01122,0.01084,0.011,169354867.0
2025-09-18 12:00:00,0.01099,0.01113,0.01093,0.0111,61092723.0
2025-09-18 16:00:00,0.0111,0.01126,0.01107,0.01113,72267724.0
2025-09-18 20:00:00,0.01113,0.01123,0.01103,0.01108,56890388.0
2025-09-19 00:00:00,0.01109,0.01126,0.01091,0.01093,59973362.0
2025-09-19 04:00:00,0.01092,0.01101,0.01075,0.01087,82245001.0
2025-09-19 08:00:00,0.01087,0.01095,0.01056,0.01059,69825390.0
2025-09-19 12:00:00,0.01059,0.01067,0.01037,0.01046,140478861.0
2025-09-19 16:00:00,0.01046,0.01053,0.01033,0.01035,95300287.0
2025-09-19 20:00:00,0.01035,0.01048,0.01028,0.01041,52759834.0
2025-09-20 00:00:00,0.01041,0.01048,0.0103,0.0104,54500556.0
2025-09-20 04:00:00,0.0104,0.01054,0.01036,0.01053,56053286.0
2025-09-20 08:00:00,0.01052,0.01053,0.01031,0.0104,59868008.0
2025-09-20 12:00:00,0.01041,0.01061,0.01031,0.01053,68720959.0
2025-09-20 16:00:00,0.01053,0.01055,0.01038,0.01041,31339793.0
2025-09-20 20:00:00,0.01041,0.01062,0.01039,0.01047,78819466.0
2025-09-21 00:00:00,0.01048,0.01057,0.01044,0.01055,24870453.0
2025-09-21 04:00:00,0.01055,0.0107,0.01052,0.01063,51366677.0
2025-09-21 08:00:00,0.01063,0.01065,0.0103,0.01035,57955043.0
2025-09-21 12:00:00,0.01034,0.01044,0.01033,0.01036,51738182.0
2025-09-21 16:00:00,0.01037,0.01044,0.01029,0.01039,60041062.0
2025-09-21 20:00:00,0.01039,0.01042,0.0103,0.0103,29851727.0
2025-09-22 00:00:00,0.01031,0.01035,0.00962,0.00975,332993649.0
2025-09-22 04:00:00,0.00974,0.00984,0.00848,0.00931,442166977.0
2025-09-22 08:00:00,0.00931,0.00932,0.00911,0.00922,199284137.0
2025-09-22 12:00:00,0.00922,0.00938,0.00912,0.00915,158535834.0
2025-09-22 16:00:00,0.00915,0.00931,0.00909,0.00916,117799096.0
2025-09-22 20:00:00,0.00916,0.00942,0.00915,0.00939,43986970.0
2025-09-23 00:00:00,0.00939,0.00942,0.00905,0.00922,110563395.0
2025-09-23 04:00:00,0.00923,0.00941,0.00915,0.00936,55579211.0
2025-09-23 08:00:00,0.00936,0.00947,0.00933,0.0094,62802955.0
2025-09-23 12:00:00,0.0094,0.00952,0.0093,0.00949,92915092.0
2025-09-23 16:00:00,0.00949,0.00968,0.00929,0.00933,139193584.0
2025-09-23 20:00:00,0.00933,0.00948,0.00931,0.00936,50455307.0
2025-09-24 00:00:00,0.00936,0.00953,0.00919,0.00925,115887131.0
2025-09-24 04:00:00,0.00924,0.00953,0.00909,0.00946,104074628.0
2025-09-24 08:00:00,0.00947,0.00953,0.00942,0.00951,46761805.0
2025-09-24 12:00:00,0.0095,0.00963,0.00946,0.0095,78378026.0
2025-09-24 16:00:00,0.00951,0.00961,0.00944,0.00949,77532056.0
2025-09-24 20:00:00,0.00948,0.0095,0.00934,0.00939,38900285.0
2025-09-25 00:00:00,0.0094,0.00941,0.00914,0.00924,86981255.0
2025-09-25 04:00:00,0.00924,0.00928,0.00896,0.00903,110321836.0
2025-09-25 08:00:00,0.00904,0.0092,0.00902,0.00909,71361975.0
2025-09-25 12:00:00,0.00909,0.00926,0.00891,0.00914,123650639.0
2025-09-25 16:00:00,0.00914,0.00917,0.00869,0.00895,161312803.0
2025-09-25 20:00:00,0.00896,0.00899,0.00878,0.00886,79222863.0
2025-09-26 00:00:00,0.00887,0.00904,0.00886,0.00901,55420779.0
2025-09-26 04:00:00,0.00902,0.00906,0.00888,0.00898,63602944.0
2025-09-26 08:00:00,0.00898,0.00904,0.00884,0.00892,63534056.0
2025-09-26 12:00:00,0.00892,0.00925,0.00882,0.00911,489312728.0
2025-09-26 16:00:00,0.00911,0.00938,0.00909,0.00924,190336935.0
2025-09-26 20:00:00,0.00925,0.00931,0.0092,0.0093,40471456.0
2025-09-27 00:00:00,0.0093,0.00931,0.00918,0.00919,34197864.0
2025-09-27 04:00:00,0.00919,0.00927,0.00914,0.00917,42545533.0
2025-09-27 08:00:00,0.00916,0.00922,0.00906,0.00917,43603932.0
2025-09-27 12:00:00,0.00917,0.00924,0.00911,0.00922,45970561.0
2025-09-27 16:00:00,0.00921,0.00923,0.00904,0.00913,48322841.0
2025-09-27 20:00:00,0.00913,0.00922,0.00909,0.00912,30282901.0
2025-09-28 00:00:00,0.00912,0.00913,0.00897,0.00904,36611783.0
2025-09-28 04:00:00,0.00904,0.00908,0.00895,0.009,19620855.0
2025-09-28 08:00:00,0.009,0.00902,0.00891,0.00896,46568919.0
2025-09-28 12:00:00,0.00895,0.00913,0.00888,0.00912,47141366.0
2025-09-28 16:00:00,0.00912,0.00919,0.0091,0.00919,24938051.0
2025-09-28 20:00:00,0.00919,0.00934,0.00919,0.0093,58824613.0
2025-09-29 00:00:00,0.0093,0.00931,0.00918,0.00923,21047085.0
2025-09-29 04:00:00,0.00922,0.00926,0.00915,0.00922,28527220.0
2025-09-29 08:00:00,0.00922,0.00931,0.00908,0.00913,29967318.0
2025-09-29 12:00:00,0.00914,0.00934,0.00897,0.00917,97638642.0
2025-09-29 16:00:00,0.00916,0.00928,0.00905,0.00927,46517171.0
2025-09-29 20:00:00,0.00927,0.00938,0.00919,0.0092,44227604.0
2025-09-30 00:00:00,0.00919,0.00921,0.00903,0.00905,29938362.0
2025-09-30 04:00:00,0.00906,0.00914,0.00901,0.00904,27837519.0
2025-09-30 08:00:00,0.00904,0.00909,0.00896,0.00908,30322853.0
2025-09-30 12:00:00,0.00908,0.00911,0.00891,0.00897,53087243.0
2025-09-30 16:00:00,0.00896,0.00918,0.00887,0.00917,90296682.0
2025-09-30 20:00:00,0.00916,0.00928,0.0091,0.00921,71076692.0
2025-10-01 00:00:00,0.0092,0.0093,0.00902,0.00911,146103665.0
2025-10-01 04:00:00,0.0091,0.00931,0.00909,0.00919,59360531.0
2025-10-01 08:00:00,0.00918,0.00962,0.00918,0.00954,176009784.0
2025-10-01 12:00:00,0.00954,0.00963,0.00946,0.00958,119026831.0
2025-10-01 16:00:00,0.00958,0.00974,0.00949,0.0097,110902821.0
2025-10-01 20:00:00,0.00971,0.00974,0.00962,0.0097,66836771.0
2025-10-02 00:00:00,0.00971,0.01001,0.00967,0.00994,154889799.0
2025-10-02 04:00:00,0.00995,0.01024,0.00985,0.01004,151191057.0
2025-10-02 08:00:00,0.01004,0.01012,0.01,0.01006,83563231.0
2025-10-02 12:00:00,0.01005,0.01015,0.0098,0.01003,149729250.0
2025-10-02 16:00:00,0.01004,0.01033,0.01002,0.01029,126579803.0
2025-10-02 20:00:00,0.01029,0.01038,0.0102,0.01028,107570904.0
2025-10-03 00:00:00,0.01028,0.0103,0.01008,0.01009,74163554.0
2025-10-03 04:00:00,0.0101,0.0102,0.00997,0.01002,55809245.0
2025-10-03 08:00:00,0.01002,0.0101,0.00993,0.01001,47422333.0
2025-10-03 12:00:00,0.01,0.01032,0.00989,0.0103,119751805.0
2025-10-03 16:00:00,0.01031,0.01045,0.01006,0.01034,83119457.0
2025-10-03 20:00:00,0.01034,0.01079,0.01033,0.01047,140246186.0
2025-10-04 00:00:00,0.01048,0.01053,0.01006,0.01014,152337849.0
2025-10-04 04:00:00,0.01013,0.0103,0.0101,0.01017,63632603.0
2025-10-04 08:00:00,0.01016,0.01018,0.00993,0.01001,81958461.0
2025-10-04 12:00:00,0.01,0.01012,0.00983,0.00985,85052927.0
2025-10-04 16:00:00,0.00985,0.01002,0.00982,0.01001,61019388.0
2025-10-04 20:00:00,0.01001,0.01004,0.00996,0.01003,27981397.0
2025-10-05 00:00:00,0.01002,0.01025,0.00993,0.01015,106089557.0
2025-10-05 04:00:00,0.01015,0.01049,0.01014,0.01048,124839613.0
2025-10-05 08:00:00,0.01049,0.01055,0.01023,0.01035,75860862.0
2025-10-05 12:00:00,0.01035,0.01038,0.01023,0.01034,34451759.0
2025-10-05 16:00:00,0.01034,0.01037,0.01006,0.01008,57012540.0
2025-10-05 20:00:00,0.01007,0.01018,0.01004,0.01008,32661950.0
2025-10-06 00:00:00,0.01009,0.01028,0.01001,0.01023,48569769.0
2025-10-06 04:00:00,0.01022,0.01034,0.01011,0.0102,41658328.0
2025-10-06 08:00:00,0.01021,0.01032,0.01018,0.01024,25690237.0
2025-10-06 12:00:00,0.01024,0.01048,0.01021,0.01044,47851871.0
2025-10-06 16:00:00,0.01044,0.01053,0.01038,0.01047,41305216.0
2025-10-06 20:00:00,0.01048,0.01052,0.01033,0.01035,38612708.0
2025-10-07 00:00:00,0.01034,0.01041,0.01022,0.01027,33094590.0
2025-10-07 04:00:00,0.01028,0.01042,0.01005,0.01007,76630222.0
2025-10-07 08:00:00,0.01007,0.01021,0.00994,0.01018,79250187.0
2025-10-07 12:00:00,0.01019,0.01022,0.00953,0.00962,216888956.0
2025-10-07 16:00:00,0.00962,0.00979,0.00954,0.00964,167709025.0
2025-10-07 20:00:00,0.00964,0.00975,0.00948,0.00952,100539433.0
2025-10-08 00:00:00,0.00952,0.00965,0.00936,0.00946,146642705.0
2025-10-08 04:00:00,0.00945,0.00955,0.00935,0.00951,99713652.0
2025-10-08 08:00:00,0.00951,0.00963,0.00948,0.0095,108026928.0
2025-10-08 12:00:00,0.00949,0.00966,0.00941,0.00951,82225454.0
2025-10-08 16:00:00,0.00952,0.00985,0.00949,0.00977,88334400.0
2025-10-08 20:00:00,0.00977,0.00978,0.00958,0.00961,48911465.0
2025-10-09 00:00:00,0.00961,0.00965,0.00925,0.00939,121767480.0
2025-10-09 04:00:00,0.00939,0.00941,0.0092,0.00924,70836815.0
2025-10-09 08:00:00,0.00925,0.00927,0.00907,0.00917,118045895.0
2025-10-09 12:00:00,0.00918,0.00923,0.00892,0.009,211466545.0
2025-10-09 16:00:00,0.009,0.00928,0.00899,0.00921,129536952.0
2025-10-09 20:00:00,0.00921,0.00931,0.00918,0.00922,62390577.0
2025-10-10 00:00:00,0.00923,0.00939,0.00914,0.00927,64846142.0
2025-10-10 04:00:00,0.00927,0.0095,0.0092,0.00922,90254165.0
2025-10-10 08:00:00,0.00921,0.00944,0.00918,0.00937,67717067.0
2025-10-10 12:00:00,0.00938,0.00947,0.0088,0.00898,232385718.0
2025-10-10 16:00:00,0.00898,0.00907,0.00864,0.00872,160696604.0
2025-10-10 20:00:00,0.00872,0.00875,0.0018,0.00593,2791937650.0
2025-10-11 00:00:00,0.00592,0.00629,0.0057,0.00612,512718576.0
2025-10-11 04:00:00,0.00613,0.00625,0.00599,0.00612,365853026.0
2025-10-11 08:00:00,0.00612,0.00646,0.00611,0.00636,340656337.0
2025-10-11 12:00:00,0.00636,0.00645,0.00609,0.00639,234058061.0
2025-10-11 16:00:00,0.00639,0.00644,0.00606,0.00611,171001636.0
2025-10-11 20:00:00,0.00611,0.00617,0.00587,0.00613,191473211.0
2025-10-12 00:00:00,0.00613,0.00624,0.00601,0.00616,111719800.0
2025-10-12 04:00:00,0.00617,0.00634,0.00615,0.0063,63750390.0
2025-10-12 08:00:00,0.0063,0.00632,0.00617,0.00629,60441445.0
2025-10-12 12:00:00,0.0063,0.00706,0.00628,0.00701,257807519.0
2025-10-12 16:00:00,0.00702,0.00737,0.00701,0.00737,211301281.0
2025-10-12 20:00:00,0.00737,0.0074,0.00719,0.00727,158150459.0
2025-10-13 00:00:00,0.00726,0.00741,0.00715,0.00723,85542293.0
2025-10-13 04:00:00,0.00723,0.0074,0.00717,0.0073,91982605.0
2025-10-13 08:00:00,0.00729,0.00787,0.00725,0.00732,388261074.0
2025-10-13 12:00:00,0.00733,0.00764,0.00726,0.00748,202415288.0
2025-10-13 16:00:00,0.00748,0.0078,0.00742,0.00778,127546428.0
2025-10-13 20:00:00,0.00777,0.00783,0.0077,0.00778,74142083.0
2025-10-14 00:00:00,0.00778,0.00783,0.00751,0.00754,82653191.0
2025-10-14 04:00:00,0.00755,0.00757,0.00686,0.00706,305968023.0
2025-10-14 08:00:00,0.00706,0.00725,0.00696,0.00717,127724180.0
2025-10-14 12:00:00,0.00717,0.00747,0.00701,0.00747,146709345.0
2025-10-14 16:00:00,0.00747,0.00758,0.00729,0.00741,168439376.0
2025-10-14 20:00:00,0.00741,0.00753,0.0073,0.00746,104462760.0
2025-10-15 00:00:00,0.00746,0.0075,0.00732,0.00737,55192208.0
2025-10-15 04:00:00,0.00736,0.00752,0.00734,0.00747,59508034.0
2025-10-15 08:00:00,0.00748,0.00761,0.00729,0.00735,79787689.0
2025-10-15 12:00:00,0.00734,0.00737,0.00702,0.00708,223651101.0
2025-10-15 16:00:00,0.00707,0.00715,0.00701,0.00707,113789401.0
2025-10-15 20:00:00,0.00707,0.00713,0.00684,0.007,160602074.0
2025-10-16 00:00:00,0.007,0.00727,0.00691,0.00716,135125410.0
2025-10-16 04:00:00,0.00715,0.00725,0.00708,0.00714,67924889.0
2025-10-16 08:00:00,0.00716,0.00727,0.00686,0.00724,133096226.0
2025-10-16 12:00:00,0.00724,0.00729,0.0069,0.00694,187202770.0
2025-10-16 16:00:00,0.00694,0.00719,0.0068,0.0069,270876471.0
2025-10-16 20:00:00,0.0069,0.00695,0.00671,0.00687,238500488.0
2025-10-17 00:00:00,0.00687,0.00701,0.00684,0.007,59463127.0
2025-10-17 04:00:00,0.00699,0.007,0.00639,0.00643,237144235.0
2025-10-17 08:00:00,0.00643,0.00675,0.0063,0.00666,247754630.0
2025-10-17 12:00:00,0.00667,0.00671,0.00646,0.00669,163089542.0
2025-10-17 16:00:00,0.00668,0.00681,0.00656,0.0066,123226314.0
2025-10-17 20:00:00,0.00661,0.00673,0.00658,0.00661,55821010.0
2025-10-18 00:00:00,0.00662,0.00677,0.00661,0.00674,50152723.0
2025-10-18 04:00:00,0.00673,0.0068,0.00661,0.00669,52565580.0
2025-10-18 08:00:00,0.00669,0.00676,0.00664,0.00673,52686220.0
2025-10-18 12:00:00,0.00673,0.00676,0.00657,0.0066,67675241.0
2025-10-18 16:00:00,0.0066,0.00668,0.00651,0.00667,54626456.0
2025-10-18 20:00:00,0.00666,0.00676,0.00663,0.00671,49591238.0
2025-10-19 00:00:00,0.00672,0.00675,0.00661,0.00674,50985599.0
2025-10-19 04:00:00,0.00675,0.00676,0.00658,0.00663,41849598.0
2025-10-19 08:00:00,0.00664,0.00689,0.00656,0.00683,134363137.0
2025-10-19 12:00:00,0.00684,0.00692,0.00676,0.00688,132264528.0
2025-10-19 16:00:00,0.00687,0.00694,0.00681,0.00686,50744413.0
2025-10-19 20:00:00,0.00687,0.00688,0.0067,0.00672,59252174.0
2025-10-20 00:00:00,0.00673,0.00687,0.00655,0.00686,95150384.0
2025-10-20 04:00:00,0.00685,0.00695,0.00681,0.00693,115445043.0
2025-10-20 08:00:00,0.00693,0.00694,0.00674,0.00676,109564702.0
2025-10-20 12:00:00,0.00676,0.00685,0.00672,0.00673,123503617.0
2025-10-20 16:00:00,0.00672,0.00676,0.0066,0.00674,117251574.0
2025-10-20 20:00:00,0.00673,0.00682,0.00671,0.00673,50215927.0
2025-10-21 00:00:00,0.00672,0.00675,0.00655,0.00658,49244095.0
2025-10-21 04:00:00,0.00658,0.00659,0.00643,0.00653,94607442.0
2025-10-21 08:00:00,0.00653,0.00655,0.0064,0.00653,111948003.0
2025-10-21 12:00:00,0.00652,0.00706,0.0065,0.00698,223192662.0
2025-10-21 16:00:00,0.00697,0.00701,0.00675,0.00675,157720778.0
2025-10-21 20:00:00,0.00676,0.00677,0.00642,0.00644,155187376.0
2025-10-22 00:00:00,0.00644,0.0065,0.00636,0.00645,119581755.0
2025-10-22 04:00:00,0.00645,0.00654,0.00635,0.00643,114512494.0
2025-10-22 08:00:00,0.00644,0.00652,0.00628,0.00643,89581851.0
2025-10-22 12:00:00,0.00644,0.00656,0.0064,0.00646,129057796.0
2025-10-22 16:00:00,0.00646,0.00647,0.00627,0.00636,139825438.0
2025-10-22 20:00:00,0.00636,0.00638,0.00599,0.00626,281988251.0
2025-10-23 00:00:00,0.00625,0.00632,0.00623,0.0063,49973550.0
2025-10-23 04:00:00,0.00629,0.00643,0.00627,0.00638,54780946.0
2025-10-23 08:00:00,0.00638,0.00641,0.00625,0.00626,59472688.0
2025-10-23 12:00:00,0.00626,0.00644,0.0062,0.00638,115903898.0
2025-10-23 16:00:00,0.00639,0.00652,0.00637,0.00639,91245621.0
2025-10-23 20:00:00,0.00639,0.0064,0.00627,0.00633,61122358.0
2025-10-24 00:00:00,0.00633,0.00645,0.00631,0.00639,62004295.0
2025-10-24 04:00:00,0.00639,0.00661,0.00636,0.00654,93918397.0
2025-10-24 08:00:00,0.00655,0.00662,0.00646,0.00652,55628452.0
2025-10-24 12:00:00,0.00652,0.00675,0.00643,0.00646,139554967.0
2025-10-24 16:00:00,0.00646,0.00663,0.00636,0.0066,121455259.0
2025-10-24 20:00:00,0.00659,0.00688,0.00659,0.00684,120869014.0
2025-10-25 00:00:00,0.00683,0.00693,0.00668,0.00669,98844539.0
2025-10-25 04:00:00,0.00668,0.00672,0.00657,0.00659,95473855.0
2025-10-25 08:00:00,0.00658,0.00664,0.00653,0.00662,42080005.0
2025-10-25 12:00:00,0.00662,0.00668,0.0066,0.00665,39518988.0
2025-10-25 16:00:00,0.00666,0.00675,0.00665,0.00672,34368505.0
2025-10-25 20:00:00,0.00673,0.00679,0.00666,0.00673,107626722.0
2025-10-26 00:00:00,0.00673,0.00676,0.00662,0.00664,39688085.0
2025-10-26 04:00:00,0.00664,0.00678,0.00663,0.00672,62490261.0
2025-10-26 08:00:00,0.00672,0.00687,0.00672,0.00684,61438685.0
2025-10-26 12:00:00,0.00684,0.00688,0.00673,0.0068,59469198.0
2025-10-26 16:00:00,0.0068,0.00681,0.00669,0.00671,40070706.0
2025-10-26 20:00:00,0.00671,0.00686,0.00663,0.00679,82380966.0
2025-10-27 00:00:00,0.00679,0.00687,0.00676,0.00679,62314386.0
2025-10-27 04:00:00,0.00678,0.00687,0.00671,0.00675,70069073.0
2025-10-27 08:00:00,0.00676,0.00678,0.00658,0.00667,100316609.0
2025-10-27 12:00:00,0.00667,0.00668,0.00644,0.00653,141666929.0
2025-10-27 16:00:00,0.00654,0.00673,0.00654,0.00661,105010439.0
2025-10-27 20:00:00,0.00661,0.00667,0.00651,0.00652,82224732.0
2025-10-28 00:00:00,0.00653,0.00654,0.0064,0.00645,111342923.0
2025-10-28 04:00:00,0.00645,0.00653,0.00637,0.00641,116155555.0
2025-10-28 08:00:00,0.00641,0.00651,0.00638,0.00645,67854853.0
2025-10-28 12:00:00,0.00644,0.00658,0.00634,0.00646,84773113.0
2025-10-28 16:00:00,0.00647,0.00654,0.00627,0.0063,101898639.0
2025-10-28 20:00:00,0.0063,0.00631,0.006,0.00615,258751391.0
2025-10-29 00:00:00,0.00616,0.0062,0.00611,0.00616,53500594.0
2025-10-29 04:00:00,0.00615,0.00621,0.00611,0.00615,53965726.0
2025-10-29 08:00:00,0.00616,0.00627,0.00611,0.00623,57769357.0
2025-10-29 12:00:00,0.00624,0.00626,0.00601,0.00608,93424177.0
2025-10-29 16:00:00,0.00607,0.00627,0.00585,0.00622,207357556.0
2025-10-29 20:00:00,0.00623,0.00632,0.00612,0.00617,79145014.0
2025-10-30 00:00:00,0.00617,0.00624,0.00609,0.00615,76653699.0
2025-10-30 04:00:00,0.00614,0.00615,0.00588,0.00608,116608358.0
2025-10-30 08:00:00,0.00607,0.00609,0.00589,0.0059,68597650.0
2025-10-30 12:00:00,0.0059,0.0059,0.00557,0.0056,225912586.0
2025-10-30 16:00:00,0.00561,0.00563,0.0054,0.00547,181311067.0
2025-10-30 20:00:00,0.00547,0.00567,0.00544,0.00566,84566016.0
2025-10-31 00:00:00,0.00566,0.00579,0.00563,0.00576,60525573.0
2025-10-31 04:00:00,0.00576,0.00582,0.00573,0.00578,86997285.0
2025-10-31 08:00:00,0.00578,0.00582,0.00569,0.00582,68407287.0
2025-10-31 12:00:00,0.00582,0.00594,0.00575,0.00587,86894257.0
2025-10-31 16:00:00,0.00586,0.0059,0.00564,0.00577,102003067.0
2025-10-31 20:00:00,0.00577,0.00577,0.00563,0.00565,73916995.0
2025-11-01 00:00:00,0.00565,0.00569,0.00555,0.00569,74507768.0
2025-11-01 04:00:00,0.00568,0.00576,0.00562,0.00575,83357697.0
2025-11-01 08:00:00,0.00575,0.006,0.00573,0.00589,223562554.0
2025-11-01 12:00:00,0.00589,0.00594,0.00581,0.00593,72866087.0
2025-11-01 16:00:00,0.00592,0.00597,0.00589,0.0059,59028301.0
2025-11-01 20:00:00,0.00591,0.00594,0.0058,0.00586,42515458.0
2025-11-02 00:00:00,0.00586,0.00586,0.00576,0.00578,44586580.0
2025-11-02 04:00:00,0.00578,0.00597,0.00577,0.00596,71221803.0
2025-11-02 08:00:00,0.00595,0.00596,0.00581,0.00593,98321622.0
2025-11-02 12:00:00,0.00592,0.00598,0.00571,0.00574,96538887.0
2025-11-02 16:00:00,0.00575,0.00575,0.00565,0.0057,67321332.0
2025-11-02 20:00:00,0.0057,0.00596,0.00569,0.00594,66023017.0
2025-11-03 00:00:00,0.00593,0.00595,0.00542,0.00545,150770755.0
2025-11-03 04:00:00,0.00544,0.00549,0.00526,0.00535,285975730.0
2025-11-03 08:00:00,0.00534,0.00543,0.00514,0.00526,241206970.0
2025-11-03 12:00:00,0.00527,0.00541,0.00464,0.00494,539913326.0
2025-11-03 16:00:00,0.00494,0.00517,0.00492,0.00504,280899355.0
2025-11-03 20:00:00,0.00505,0.00509,0.00492,0.00507,187373303.0
2025-11-04 00:00:00,0.00509,0.00517,0.00503,0.00514,83858442.0
2025-11-04 04:00:00,0.00514,0.00516,0.00486,0.00491,246430909.0
2025-11-04 08:00:00,0.0049,0.00507,0.00487,0.00503,189973247.0
2025-11-04 12:00:00,0.00502,0.00511,0.0049,0.00498,208271207.0
2025-11-04 16:00:00,0.00498,0.00503,0.00468,0.00477,447085767.0
2025-11-04 20:00:00,0.00478,0.0049,0.00453,0.0048,448942882.0
2025-11-05 00:00:00,0.00481,0.00491,0.00454,0.00489,178526193.0
2025-11-05 04:00:00,0.00489,0.00498,0.00486,0.0049,86237997.0
2025-11-05 08:00:00,0.0049,0.0049,0.00474,0.00488,108305078.0
2025-11-05 12:00:00,0.00489,0.00501,0.00485,0.00501,77905916.0
2025-11-05 16:00:00,0.005,0.00507,0.00493,0.005,90294346.0
2025-11-05 20:00:00,0.00499,0.00504,0.00494,0.00501,68430646.0
2025-11-06 00:00:00,0.00501,0.00505,0.00488,0.00501,74488064.0
2025-11-06 04:00:00,0.00501,0.00505,0.00489,0.00492,70447673.0
2025-11-06 08:00:00,0.00491,0.00494,0.0048,0.00488,88083104.0
2025-11-06 12:00:00,0.00488,0.00496,0.00473,0.00476,136663135.0
2025-11-06 16:00:00,0.00478,0.00487,0.00467,0.00484,162347460.0
2025-11-06 20:00:00,0.00483,0.00489,0.00477,0.00485,119613611.0
2025-11-07 00:00:00,0.00484,0.00533,0.00484,0.00527,320906656.0
2025-11-07 04:00:00,0.00527,0.00582,0.00514,0.00557,615220183.0
2025-11-07 08:00:00,0.00558,0.00564,0.0052,0.00526,320562035.0
2025-11-07 12:00:00,0.00526,0.00548,0.00505,0.00546,407671675.0
2025-11-07 16:00:00,0.00545,0.00609,0.00542,0.00604,466981406.0
2025-11-07 20:00:00,0.00605,0.00635,0.00597,0.00608,271535852.0
2025-11-08 00:00:00,0.00608,0.00631,0.00595,0.00601,201396480.0
2025-11-08 04:00:00,0.00602,0.0061,0.00579,0.00594,156357994.0
2025-11-08 08:00:00,0.00593,0.00601,0.00585,0.00595,121424468.0
2025-11-08 12:00:00,0.00594,0.00599,0.00571,0.00576,136231224.0
2025-11-08 16:00:00,0.00576,0.00583,0.00567,0.0058,97268921.0
2025-11-08 20:00:00,0.00579,0.00597,0.00572,0.00591,65088745.0
2025-11-09 00:00:00,0.0059,0.00591,0.00549,0.00558,120769878.0
2025-11-09 04:00:00,0.00559,0.00566,0.0055,0.00564,68645268.0
2025-11-09 08:00:00,0.00564,0.00566,0.00546,0.0056,78611327.0
2025-11-09 12:00:00,0.00559,0.00579,0.00559,0.00577,95429760.0
2025-11-09 16:00:00,0.00576,0.0059,0.00571,0.00586,76611580.0
2025-11-09 20:00:00,0.00586,0.0059,0.0057,0.00581,92263598.0
2025-11-10 00:00:00,0.0058,0.00597,0.00577,0.00591,67705031.0
2025-11-10 04:00:00,0.00591,0.00592,0.00582,0.00584,53171426.0
2025-11-10 08:00:00,0.00584,0.00599,0.0057,0.00586,115723587.0
2025-11-10 12:00:00,0.00587,0.00592,0.00572,0.00578,84090331.0
2025-11-10 16:00:00,0.00579,0.00596,0.00568,0.0059,73516430.0
2025-11-10 20:00:00,0.0059,0.00613,0.00577,0.00598,127276936.0
2025-11-11 00:00:00,0.00598,0.00605,0.0058,0.00594,93987220.0
2025-11-11 04:00:00,0.00594,0.00596,0.00562,0.00564,67400345.0
2025-11-11 08:00:00,0.00564,0.00577,0.00562,0.00571,72071812.0
2025-11-11 12:00:00,0.00572,0.00578,0.00563,0.00572,61249398.0
2025-11-11 16:00:00,0.00571,0.00584,0.00564,0.00564,63562378.0
2025-11-11 20:00:00,0.00565,0.00567,0.00543,0.00546,102411717.0
2025-11-12 00:00:00,0.00546,0.00562,0.00544,0.00557,81370337.0
2025-11-12 04:00:00,0.00558,0.00574,0.00556,0.00561,49498209.0
2025-11-12 08:00:00,0.00562,0.0058,0.00561,0.00576,67931411.0
2025-11-12 12:00:00,0.00577,0.00584,0.0055,0.00553,118105218.0
2025-11-12 16:00:00,0.00553,0.00554,0.00524,0.00532,169242443.0
2025-11-12 20:00:00,0.00532,0.00547,0.00529,0.00533,111917642.0
2025-11-13 00:00:00,0.00533,0.00554,0.00529,0.00549,135800403.0
2025-11-13 04:00:00,0.00548,0.00556,0.00543,0.00546,47876156.0
2025-11-13 08:00:00,0.00547,0.00552,0.00539,0.00544,69294770.0
2025-11-13 12:00:00,0.00545,0.00554,0.00535,0.00539,87162832.0
2025-11-13 16:00:00,0.00539,0.00541,0.00502,0.00504,175852187.0
2025-11-13 20:00:00,0.00505,0.00531,0.00503,0.00524,121741934.0
2025-11-14 00:00:00,0.00524,0.0053,0.00515,0.00518,64510338.0
2025-11-14 04:00:00,0.00517,0.00524,0.00487,0.00519,197266679.0
2025-11-14 08:00:00,0.00518,0.0052,0.00507,0.00513,91075680.0
2025-11-14 12:00:00,0.00513,0.00534,0.00498,0.00527,256679409.0
2025-11-14 16:00:00,0.00528,0.00537,0.0052,0.00529,125862513.0
2025-11-14 20:00:00,0.0053,0.00536,0.005,0.0051,204626339.0
2025-11-15 00:00:00,0.0051,0.00525,0.00509,0.00522,73389509.0
2025-11-15 04:00:00,0.00522,0.00526,0.00516,0.00519,38644620.0
2025-11-15 08:00:00,0.00519,0.0052,0.00507,0.0051,53665289.0
2025-11-15 12:00:00,0.0051,0.00519,0.00508,0.00514,59264412.0
2025-11-15 16:00:00,0.00515,0.00525,0.0051,0.00517,59960994.0
2025-11-15 20:00:00,0.00517,0.00519,0.00509,0.00513,54199683.0
2025-11-16 00:00:00,0.00513,0.00518,0.00503,0.00515,70752522.0
2025-11-16 04:00:00,0.00516,0.00517,0.0051,0.00515,39285627.0
2025-11-16 08:00:00,0.00516,0.00519,0.00501,0.00504,72006167.0
2025-11-16 12:00:00,0.00503,0.00507,0.0049,0.00491,148446447.0
2025-11-16 16:00:00,0.00492,0.00498,0.00476,0.00486,205018833.0
2025-11-16 20:00:00,0.00485,0.00497,0.00477,0.00495,112779462.0
2025-11-17 00:00:00,0.00495,0.00503,0.00486,0.005,81249825.0
2025-11-17 04:00:00,0.00501,0.00503,0.00497,0.00501,42458255.0
2025-11-17 08:00:00,0.005,0.00508,0.00498,0.00502,69596222.0
2025-11-17 12:00:00,0.00503,0.00509,0.00481,0.00489,181769554.0
2025-11-17 16:00:00,0.0049,0.00499,0.00472,0.00476,152645735.0
2025-11-17 20:00:00,0.00476,0.00481,0.00466,0.00479,154146439.0
2025-11-18 00:00:00,0.00479,0.00487,0.00468,0.00485,168803556.0
2025-11-18 04:00:00,0.00484,0.00486,0.00468,0.00476,133604034.0
2025-11-18 08:00:00,0.00476,0.00486,0.00473,0.00475,150569639.0
2025-11-18 12:00:00,0.00476,0.00484,0.00466,0.00482,227659713.0
2025-11-18 16:00:00,0.00482,0.00493,0.00479,0.00488,157014246.0
2025-11-18 20:00:00,0.00488,0.00489,0.00477,0.0048,104422776.0
2025-11-19 00:00:00,0.00481,0.00486,0.00471,0.00474,91572114.0
2025-11-19 04:00:00,0.00473,0.00474,0.00459,0.00473,97302579.0
2025-11-19 08:00:00,0.00473,0.00475,0.00467,0.00469,58951155.0
2025-11-19 12:00:00,0.00468,0.00474,0.00454,0.00455,175942771.0
2025-11-19 16:00:00,0.00455,0.0046,0.00433,0.00438,312582919.0
2025-11-19 20:00:00,0.00439,0.00474,0.00431,0.00466,468372768.0
2025-11-20 00:00:00,0.00466,0.00467,0.00458,0.0046,93819897.0
2025-11-20 04:00:00,0.00459,0.00475,0.00457,0.00474,114345462.0
2025-11-20 08:00:00,0.00474,0.00485,0.00472,0.00483,161503749.0
2025-11-20 12:00:00,0.00482,0.00507,0.00479,0.00482,340048792.0
2025-11-20 16:00:00,0.00481,0.00483,0.00439,0.00453,343685025.0
2025-11-20 20:00:00,0.00453,0.00478,0.00448,0.0046,160886441.0
2025-11-21 00:00:00,0.0046,0.00472,0.00451,0.00459,163220300.0
2025-11-21 04:00:00,0.00458,0.00463,0.00398,0.00429,427258815.0
2025-11-21 08:00:00,0.00429,0.00437,0.0041,0.00411,393993740.0
2025-11-21 12:00:00,0.00411,0.00418,0.00397,0.00401,643616900.0
2025-11-21 16:00:00,0.00402,0.00422,0.00394,0.00407,442663501.0
2025-11-21 20:00:00,0.00408,0.00411,0.00387,0.00404,282433506.0
2025-11-22 00:00:00,0.00404,0.00409,0.00399,0.00402,100996666.0
2025-11-22 04:00:00,0.00403,0.00403,0.00388,0.00396,137644238.0
2025-11-22 08:00:00,0.00396,0.00402,0.00385,0.00399,161209548.0
2025-11-22 12:00:00,0.004,0.00407,0.00393,0.004,160378493.0
2025-11-22 16:00:00,0.004,0.00405,0.00397,0.00399,125099898.0
2025-11-22 20:00:00,0.004,0.00408,0.00393,0.00403,117518865.0
2025-11-23 00:00:00,0.00402,0.0041,0.00397,0.00409,114939921.0
2025-11-23 04:00:00,0.00409,0.00421,0.00408,0.00414,134166695.0
2025-11-23 08:00:00,0.00414,0.00418,0.0041,0.00413,99865026.0
2025-11-23 12:00:00,0.00413,0.0043,0.00411,0.0042,186542552.0
2025-11-23 16:00:00,0.0042,0.00421,0.00409,0.00413,76607987.0
2025-11-23 20:00:00,0.00414,0.00415,0.00405,0.00406,67893688.0
2025-11-24 00:00:00,0.00406,0.00423,0.004,0.00418,131776487.0
2025-11-24 04:00:00,0.00418,0.00426,0.0041,0.00417,121874740.0
2025-11-24 08:00:00,0.00417,0.00418,0.00408,0.00413,104672547.0
2025-11-24 12:00:00,0.00413,0.00422,0.00407,0.00419,139446535.0
2025-11-24 16:00:00,0.0042,0.00437,0.00418,0.00435,134053878.0
2025-11-24 20:00:00,0.00435,0.00457,0.00435,0.00446,298528864.0
2025-11-25 00:00:00,0.00446,0.0045,0.00439,0.00441,106513110.0
2025-11-25 04:00:00,0.00442,0.00444,0.00431,0.00433,65745035.0
2025-11-25 08:00:00,0.00432,0.00434,0.00425,0.00428,69281439.0
2025-11-25 12:00:00,0.00429,0.00434,0.00415,0.00429,155513457.0
2025-11-25 16:00:00,0.0043,0.00433,0.00418,0.00426,88237075.0
2025-11-25 20:00:00,0.00426,0.0044,0.00422,0.00437,88981840.0
2025-11-26 00:00:00,0.00437,0.0044,0.00431,0.00431,68626246.0
2025-11-26 04:00:00,0.00432,0.00436,0.00429,0.00435,51759643.0
2025-11-26 08:00:00,0.00436,0.00436,0.00421,0.00422,94706606.0
2025-11-26 12:00:00,0.00422,0.00427,0.00416,0.00419,104661546.0
2025-11-26 16:00:00,0.0042,0.00448,0.0042,0.00442,189102878.0
2025-11-26 20:00:00,0.00441,0.00444,0.00437,0.00439,62862987.0
2025-11-27 00:00:00,0.00439,0.00442,0.00434,0.00436,65633283.0
2025-11-27 04:00:00,0.00436,0.0044,0.00435,0.00437,49786088.0
2025-11-27 08:00:00,0.00438,0.0044,0.00432,0.00434,96847718.0
2025-11-27 12:00:00,0.00433,0.00438,0.00429,0.00438,112992662.0
2025-11-27 16:00:00,0.00438,0.00444,0.00437,0.00442,76035229.0
2025-11-27 20:00:00,0.00443,0.00445,0.00434,0.00436,54208000.0
2025-11-28 00:00:00,0.00436,0.00436,0.00429,0.00432,55038232.0
2025-11-28 04:00:00,0.00431,0.00433,0.00425,0.00432,52193226.0
2025-11-28 08:00:00,0.00431,0.00442,0.0043,0.00434,173345473.0
2025-11-28 12:00:00,0.00433,0.0044,0.00429,0.00436,104621732.0
2025-11-28 16:00:00,0.00435,0.00436,0.00416,0.00427,138558189.0
2025-11-28 20:00:00,0.00427,0.00435,0.00424,0.00434,60476081.0
2025-11-29 00:00:00,0.00435,0.00437,0.00429,0.00429,47528030.0
2025-11-29 04:00:00,0.0043,0.00434,0.00422,0.00424,44817002.0
2025-11-29 08:00:00,0.00424,0.00426,0.00418,0.00425,60996525.0
2025-11-29 12:00:00,0.00425,0.00427,0.00419,0.00422,63491887.0
2025-11-29 16:00:00,0.00421,0.00422,0.00409,0.00414,113651215.0
2025-11-29 20:00:00,0.00414,0.00415,0.0041,0.00412,68991533.0
2025-11-30 00:00:00,0.00412,0.00416,0.00408,0.00414,51461416.0
2025-11-30 04:00:00,0.00414,0.00417,0.0041,0.00414,46509392.0
2025-11-30 08:00:00,0.00415,0.0042,0.00413,0.00416,56175603.0
2025-11-30 12:00:00,0.00415,0.00423,0.00413,0.00416,67417627.0
2025-11-30 16:00:00,0.00415,0.00425,0.00414,0.00423,50710183.0
2025-11-30 20:00:00,0.00422,0.00427,0.00408,0.00408,74014513.0
2025-12-01 00:00:00,0.00408,0.00409,0.00362,0.00364,492736434.0
2025-12-01 04:00:00,0.00364,0.00367,0.00361,0.00367,149357210.0
2025-12-01 08:00:00,0.00366,0.00376,0.00365,0.00375,157087732.0
2025-12-01 12:00:00,0.00375,0.00376,0.00363,0.0037,176819693.0
2025-12-01 16:00:00,0.0037,0.00376,0.00363,0.00374,145257484.0
2025-12-01 20:00:00,0.00374,0.0038,0.00374,0.00376,87213810.0
2025-12-02 00:00:00,0.00377,0.0038,0.00369,0.00373,100707400.0
2025-12-02 04:00:00,0.00373,0.00377,0.00372,0.00375,63856012.0
2025-12-02 08:00:00,0.00376,0.00376,0.00368,0.00374,90188369.0
2025-12-02 12:00:00,0.00375,0.00415,0.00371,0.00415,250888209.0
2025-12-02 16:00:00,0.00415,0.00419,0.00407,0.00409,184441166.0
2025-12-02 20:00:00,0.00409,0.0042,0.00402,0.00409,112272910.0
2025-12-03 00:00:00,0.00408,0.00416,0.00406,0.00414,50481732.0
2025-12-03 04:00:00,0.00413,0.00421,0.00411,0.00412,94231186.0
2025-12-03 08:00:00,0.00411,0.00414,0.00407,0.0041,49620332.0
2025-12-03 12:00:00,0.0041,0.00411,0.00395,0.00401,108385094.0
2025-12-03 16:00:00,0.00402,0.00423,0.00399,0.00414,183542576.0
2025-12-03 20:00:00,0.00414,0.00439,0.0041,0.00426,123604697.0
2025-12-04 00:00:00,0.00425,0.00429,0.00415,0.00415,73396499.0
2025-12-04 04:00:00,0.00415,0.00417,0.00411,0.00412,43492030.0
2025-12-04 08:00:00,0.00412,0.00413,0.00404,0.00406,58410431.0
2025-12-04 12:00:00,0.00406,0.00411,0.00399,0.00408,79803216.0
2025-12-04 16:00:00,0.00408,0.00415,0.00393,0.00401,94734087.0
2025-12-04 20:00:00,0.00401,0.00405,0.00398,0.004,45835219.0
2025-12-05 00:00:00,0.004,0.00406,0.00398,0.00402,47469765.0
2025-12-05 04:00:00,0.00403,0.00408,0.00396,0.00407,43079349.0
2025-12-05 08:00:00,0.00408,0.00408,0.00393,0.00396,75999793.0
2025-12-05 12:00:00,0.00396,0.00397,0.00381,0.00386,156593171.0
2025-12-05 16:00:00,0.00386,0.00387,0.0037,0.00381,163687169.0
2025-12-05 20:00:00,0.00381,0.00387,0.00379,0.00381,83949705.0
2025-12-06 00:00:00,0.00382,0.00386,0.00377,0.00384,88266189.0
2025-12-06 04:00:00,0.00385,0.00385,0.00378,0.0038,45502017.0
2025-12-06 08:00:00,0.00379,0.00383,0.00378,0.00381,54336048.0
2025-12-06 12:00:00,0.00381,0.00388,0.0038,0.00384,76158079.0
2025-12-06 16:00:00,0.00385,0.00395,0.00384,0.00388,73886881.0
2025-12-06 20:00:00,0.00387,0.00395,0.00387,0.00391,46054916.0
2025-12-07 00:00:00,0.00391,0.00396,0.00387,0.00391,56796594.0
2025-12-07 04:00:00,0.00391,0.00392,0.00384,0.00385,91654678.0
2025-12-07 08:00:00,0.00386,0.00387,0.00381,0.00384,87948524.0
2025-12-07 12:00:00,0.00385,0.00387,0.00368,0.00382,151082041.0
2025-12-07 16:00:00,0.00382,0.00395,0.00377,0.00393,108375626.0
2025-12-07 20:00:00,0.00393,0.00398,0.00373,0.00376,146082245.0
2025-12-08 00:00:00,0.00377,0.00386,0.00375,0.00384,87010537.0
2025-12-08 04:00:00,0.00384,0.00392,0.00383,0.00389,62089216.0
2025-12-08 08:00:00,0.00389,0.00393,0.00385,0.00387,77454630.0
2025-12-08 12:00:00,0.00387,0.00393,0.0038,0.00381,99709933.0
2025-12-08 16:00:00,0.00382,0.00388,0.00379,0.00381,139421582.0
2025-12-08 20:00:00,0.00382,0.00392,0.00381,0.00385,88362134.0
2025-12-09 00:00:00,0.00385,0.00398,0.00381,0.00392,300801623.0
2025-12-09 04:00:00,0.00393,0.00394,0.00383,0.0039,101024484.0
2025-12-09 08:00:00,0.0039,0.00394,0.00387,0.0039,91119246.0
2025-12-09 12:00:00,0.00391,0.00409,0.00391,0.00407,186694455.0
2025-12-09 16:00:00,0.00408,0.00426,0.00407,0.00416,324700324.0
2025-12-09 20:00:00,0.00416,0.00418,0.00404,0.00413,182920226.0
2025-12-10 00:00:00,0.00413,0.00415,0.00406,0.00409,52298526.0
2025-12-10 04:00:00,0.00409,0.00412,0.00404,0.00406,57073386.0
2025-12-10 08:00:00,0.00407,0.00408,0.00392,0.00393,134885571.0
2025-12-10 12:00:00,0.00393,0.004,0.00391,0.00398,106341031.0
2025-12-10 16:00:00,0.00398,0.0041,0.00395,0.00409,199790325.0
2025-12-10 20:00:00,0.00409,0.00418,0.00391,0.00394,159991829.0
2025-12-11 00:00:00,0.00394,0.00396,0.00369,0.0037,233996297.0
2025-12-11 04:00:00,0.0037,0.00377,0.00367,0.00371,102805195.0
2025-12-11 08:00:00,0.0037,0.00374,0.00368,0.00372,90260680.0
2025-12-11 12:00:00,0.00372,0.00377,0.0037,0.00372,154593729.0
2025-12-11 16:00:00,0.00372,0.00388,0.00369,0.00385,118183797.0
2025-12-11 20:00:00,0.00385,0.00399,0.00382,0.00388,149805179.0
2025-12-12 00:00:00,0.00389,0.0039,0.0038,0.00385,104817929.0
2025-12-12 04:00:00,0.00386,0.00389,0.00382,0.00387,56653962.0
2025-12-12 08:00:00,0.00386,0.00392,0.00384,0.00389,79926095.0
2025-12-12 12:00:00,0.00389,0.0039,0.00366,0.00369,118399372.0
2025-12-12 16:00:00,0.0037,0.00378,0.00364,0.00372,201850751.0
2025-12-12 20:00:00,0.00373,0.00383,0.00371,0.0038,78502523.0
2025-12-13 00:00:00,0.0038,0.00381,0.00377,0.00381,51523490.0
2025-12-13 04:00:00,0.00381,0.0039,0.0038,0.00384,146523669.0
2025-12-13 08:00:00,0.00384,0.00387,0.00383,0.00384,54569564.0
2025-12-13 12:00:00,0.00383,0.00386,0.00379,0.00382,55287371.0
2025-12-13 16:00:00,0.00383,0.00384,0.00378,0.0038,51213517.0
2025-12-13 20:00:00,0.00381,0.00389,0.00375,0.00388,66955004.0
2025-12-14 00:00:00,0.00388,0.00397,0.00385,0.00393,107741219.0
2025-12-14 04:00:00,0.00393,0.00395,0.00382,0.00388,91978744.0
2025-12-14 08:00:00,0.00387,0.00392,0.00377,0.00381,106923617.0
2025-12-14 12:00:00,0.00382,0.00386,0.00378,0.00379,96509961.0
2025-12-14 16:00:00,0.0038,0.00383,0.00373,0.00377,108981528.0
2025-12-14 20:00:00,0.00377,0.0038,0.00366,0.00371,92816998.0
2025-12-15 00:00:00,0.0037,0.00382,0.0037,0.00377,80516868.0
2025-12-15 04:00:00,0.00377,0.00383,0.00375,0.00378,52572037.0
2025-12-15 08:00:00,0.00379,0.00383,0.00378,0.00378,84980145.0
2025-12-15 12:00:00,0.00379,0.00381,0.00357,0.0036,167119099.0
2025-12-15 16:00:00,0.0036,0.0036,0.0034,0.00349,400468142.0
2025-12-15 20:00:00,0.00348,0.00353,0.00342,0.0035,109400932.0
2025-12-16 00:00:00,0.0035,0.00354,0.00344,0.00353,101908098.0
2025-12-16 04:00:00,0.00354,0.00355,0.00345,0.0035,81443032.0
2025-12-16 08:00:00,0.0035,0.0036,0.00349,0.00359,100766253.0
2025-12-16 12:00:00,0.00358,0.0036,0.00347,0.00358,179626833.0
2025-12-16 16:00:00,0.00359,0.00362,0.00354,0.00359,99402951.0
2025-12-16 20:00:00,0.00359,0.00364,0.00359,0.00359,54330632.0
2025-12-17 00:00:00,0.0036,0.00362,0.00354,0.00355,58594102.0
2025-12-17 04:00:00,0.00355,0.00359,0.0035,0.00356,79896695.0
2025-12-17 08:00:00,0.00357,0.00357,0.00346,0.00348,107090270.0
2025-12-17 12:00:00,0.00349,0.00362,0.00342,0.00348,240730027.0
2025-12-17 16:00:00,0.00347,0.00349,0.00327,0.00332,322265180.0
2025-12-17 20:00:00,0.00333,0.00337,0.00328,0.00332,116079757.0
2025-12-18 00:00:00,0.00333,0.00334,0.00329,0.0033,87656118.0
2025-12-18 04:00:00,0.0033,0.00334,0.00326,0.00333,100962746.0
2025-12-18 08:00:00,0.00334,0.00339,0.00333,0.00338,112457466.0
2025-12-18 12:00:00,0.00339,0.00362,0.00338,0.00357,426703484.0
2025-12-18 16:00:00,0.00357,0.00359,0.00323,0.00324,357913194.0
2025-12-18 20:00:00,0.00325,0.00332,0.00323,0.00327,160399062.0
2025-12-19 00:00:00,0.00326,0.0034,0.00322,0.00336,180215830.0
2025-12-19 04:00:00,0.00336,0.00344,0.00334,0.00341,129369050.0
2025-12-19 08:00:00,0.00341,0.00345,0.0034,0.00344,115525098.0
2025-12-19 12:00:00,0.00345,0.00351,0.0034,0.00344,168401873.0
2025-12-19 16:00:00,0.00343,0.00357,0.00341,0.00356,135896363.0
2025-12-19 20:00:00,0.00355,0.00359,0.00354,0.00354,86515851.0
2025-12-20 00:00:00,0.00354,0.00357,0.00353,0.00356,46243213.0
2025-12-20 04:00:00,0.00356,0.0036,0.00353,0.0036,39488514.0
2025-12-20 08:00:00,0.00359,0.00362,0.00352,0.00357,84836106.0
2025-12-20 12:00:00,0.00358,0.00359,0.00354,0.00358,51197266.0
2025-12-20 16:00:00,0.00359,0.00364,0.00356,0.00361,119642188.0
2025-12-20 20:00:00,0.00362,0.00362,0.00359,0.0036,41845399.0
2025-12-21 00:00:00,0.0036,0.0036,0.0035,0.00353,48404115.0
2025-12-21 04:00:00,0.00353,0.0036,0.00352,0.00359,45617632.0
2025-12-21 08:00:00,0.00358,0.00361,0.00355,0.00355,63100109.0
2025-12-21 12:00:00,0.00356,0.00357,0.00342,0.00347,116755929.0
2025-12-21 16:00:00,0.00347,0.00355,0.00345,0.00354,64438435.0
2025-12-21 20:00:00,0.00354,0.00356,0.00347,0.00354,53349048.0
2025-12-22 00:00:00,0.00355,0.00366,0.00354,0.00365,139324173.0
2025-12-22 04:00:00,0.00366,0.00373,0.00363,0.00367,182375955.0
2025-12-22 08:00:00,0.00367,0.00371,0.00363,0.00368,105067217.0
2025-12-22 12:00:00,0.00367,0.00372,0.00364,0.00367,114226421.0
2025-12-22 16:00:00,0.00367,0.0037,0.0036,0.00361,142891086.0
2025-12-22 20:00:00,0.00361,0.00367,0.00357,0.00366,115223254.0
2025-12-23 00:00:00,0.00366,0.00368,0.00358,0.00362,78846744.0
2025-12-23 04:00:00,0.00362,0.00365,0.00359,0.00363,76833875.0
2025-12-23 08:00:00,0.00364,0.00367,0.00361,0.00366,50695054.0
2025-12-23 12:00:00,0.00366,0.00368,0.00357,0.00362,120119084.0
2025-12-23 16:00:00,0.00362,0.00376,0.00359,0.00374,148000794.0
2025-12-23 20:00:00,0.00374,0.00386,0.0037,0.00373,141880750.0
2025-12-24 00:00:00,0.00373,0.00376,0.00345,0.00351,236197663.0
2025-12-24 04:00:00,0.00352,0.00355,0.00347,0.0035,120380814.0
2025-12-24 08:00:00,0.00349,0.00352,0.00346,0.00349,124404481.0
2025-12-24 12:00:00,0.00349,0.00355,0.00346,0.00354,125166009.0
2025-12-24 16:00:00,0.00353,0.0036,0.00353,0.0036,102842781.0
2025-12-24 20:00:00,0.00359,0.00363,0.00358,0.00361,47161994.0
2025-12-25 00:00:00,0.00361,0.00372,0.00357,0.00371,163092146.0
2025-12-25 04:00:00,0.00371,0.00374,0.00365,0.00372,114440569.0
2025-12-25 08:00:00,0.00373,0.00374,0.00363,0.00364,107669785.0
2025-12-25 12:00:00,0.00364,0.00367,0.00359,0.00364,78014249.0
2025-12-25 16:00:00,0.00365,0.0037,0.00363,0.0037,67779283.0
2025-12-25 20:00:00,0.00369,0.0037,0.00352,0.00353,102018503.0
2025-12-26 00:00:00,0.00354,0.00368,0.00351,0.00363,162199227.0
2025-12-26 04:00:00,0.00363,0.00366,0.0036,0.00361,51750803.0
2025-12-26 08:00:00,0.0036,0.00368,0.0036,0.00367,72561476.0
2025-12-26 12:00:00,0.00367,0.00369,0.00358,0.00362,165458250.0
2025-12-26 16:00:00,0.00363,0.00367,0.0036,0.00367,86695538.0
2025-12-26 20:00:00,0.00367,0.00368,0.00362,0.00365,47515363.0
2025-12-27 00:00:00,0.00364,0.00367,0.00363,0.00367,36567974.0
2025-12-27 04:00:00,0.00366,0.00366,0.00362,0.00363,21517541.0
2025-12-27 08:00:00,0.00364,0.00368,0.0036,0.00368,45633172.0
2025-12-27 12:00:00,0.00367,0.00369,0.00363,0.00368,150401208.0
2025-12-27 16:00:00,0.00368,0.00373,0.00367,0.00371,194359051.0
2025-12-27 20:00:00,0.00372,0.00381,0.00371,0.00381,92550813.0
2025-12-28 00:00:00,0.00381,0.00383,0.00377,0.0038,72779071.0
2025-12-28 04:00:00,0.00381,0.00381,0.00377,0.00379,63492333.0
2025-12-28 08:00:00,0.00379,0.0038,0.00376,0.00377,50215148.0
2025-12-28 12:00:00,0.00378,0.00378,0.00373,0.00376,62607192.0
2025-12-28 16:00:00,0.00376,0.00377,0.00368,0.00368,100388827.0
2025-12-28 20:00:00,0.00368,0.00375,0.00367,0.00375,59279579.0
2025-12-29 00:00:00,0.00375,0.00388,0.00374,0.00388,111877031.0
2025-12-29 04:00:00,0.00388,0.00393,0.00381,0.00392,93288571.0
2025-12-29 08:00:00,0.00392,0.00423,0.00379,0.00381,683593430.0
2025-12-29 12:00:00,0.00382,0.00383,0.00368,0.00375,284006552.0
2025-12-29 16:00:00,0.00374,0.00375,0.0037,0.00373,97323419.0
2025-12-29 20:00:00,0.00373,0.00376,0.00371,0.00373,55618125.0
2025-12-30 00:00:00,0.00373,0.00377,0.0037,0.00374,85123728.0
2025-12-30 04:00:00,0.00373,0.00378,0.00371,0.00376,68355109.0
2025-12-30 08:00:00,0.00375,0.00384,0.00375,0.00384,65507858.0
2025-12-30 12:00:00,0.00384,0.00389,0.00379,0.00387,93818294.0
2025-12-30 16:00:00,0.00387,0.004,0.00381,0.00388,299341954.0
2025-12-30 20:00:00,0.00389,0.00389,0.00383,0.00388,68170121.0
2025-12-31 00:00:00,0.00387,0.00389,0.00382,0.00383,43324696.0
2025-12-31 04:00:00,0.00384,0.00385,0.00379,0.00383,42102107.0
2025-12-31 08:00:00,0.00382,0.00385,0.00381,0.00383,38275213.0
2025-12-31 12:00:00,0.00383,0.00384,0.00373,0.00376,92422824.0
2025-12-31 16:00:00,0.00375,0.00377,0.00356,0.0036,203362092.0
2025-12-31 20:00:00,0.00359,0.00362,0.00353,0.00355,135945916.0
2026-01-01 00:00:00,0.00355,0.00355,0.00335,0.00343,336696202.0
2026-01-01 04:00:00,0.00343,0.00355,0.00342,0.00352,120942314.0
2026-01-01 08:00:00,0.00351,0.00355,0.00349,0.00354,109948434.0
2026-01-01 12:00:00,0.00354,0.00368,0.00351,0.00364,144190906.0
2026-01-01 16:00:00,0.00365,0.00382,0.00364,0.00379,162224390.0
2026-01-01 20:00:00,0.00379,0.00392,0.00377,0.00388,296775932.0
2026-01-02 00:00:00,0.00389,0.00422,0.00388,0.00407,1120683521.0
2026-01-02 04:00:00,0.00408,0.00409,0.00387,0.00389,322737255.0
2026-01-02 08:00:00,0.0039,0.00396,0.00387,0.00388,184399175.0
2026-01-02 12:00:00,0.00389,0.004,0.00388,0.00399,214818114.0
2026-01-02 16:00:00,0.004,0.00407,0.00385,0.00398,184002997.0
2026-01-02 20:00:00,0.00398,0.00405,0.00398,0.00401,66549676.0
2026-01-03 00:00:00,0.00401,0.0042,0.004,0.00418,164385481.0
2026-01-03 04:00:00,0.00418,0.00431,0.00403,0.00404,339353608.0
2026-01-03 08:00:00,0.00404,0.00413,0.00401,0.00405,151888968.0
2026-01-03 12:00:00,0.00406,0.00409,0.00401,0.00404,84015641.0
2026-01-03 16:00:00,0.00403,0.0041,0.00403,0.00404,62843857.0
2026-01-03 20:00:00,0.00405,0.00416,0.00402,0.00415,87850546.0
2026-01-04 00:00:00,0.00415,0.00419,0.00412,0.00416,97972204.0
2026-01-04 04:00:00,0.00417,0.00424,0.00407,0.00413,164601586.0
2026-01-04 08:00:00,0.00412,0.00416,0.00408,0.00413,82787688.0
2026-01-04 12:00:00,0.00412,0.00424,0.00412,0.00421,126845979.0
2026-01-04 16:00:00,0.00422,0.00429,0.00414,0.00419,117395195.0
2026-01-04 20:00:00,0.00418,0.00423,0.00417,0.00419,47521469.0
2026-01-05 00:00:00,0.0042,0.00437,0.00419,0.00424,132706598.0
2026-01-05 04:00:00,0.00425,0.00426,0.00411,0.0042,105197117.0
2026-01-05 08:00:00,0.00421,0.00423,0.00411,0.00416,87058701.0
2026-01-05 12:00:00,0.00415,0.00428,0.00411,0.00428,139198357.0
2026-01-05 16:00:00,0.00428,0.00478,0.00424,0.00442,1329882423.0
2026-01-05 20:00:00,0.00443,0.00449,0.00436,0.00438,210861111.0
2026-01-06 00:00:00,0.00438,0.00444,0.00429,0.00442,153509901.0
2026-01-06 04:00:00,0.00443,0.00446,0.00436,0.00438,115315679.0
2026-01-06 08:00:00,0.00439,0.00448,0.00436,0.00445,110828097.0
2026-01-06 12:00:00,0.00446,0.00454,0.0044,0.00443,163536580.0
2026-01-06 16:00:00,0.00443,0.00445,0.00419,0.00429,272366564.0
2026-01-06 20:00:00,0.00429,0.00451,0.00428,0.00447,136839300.0
2026-01-07 00:00:00,0.00446,0.00448,0.0043,0.00432,80899723.0
2026-01-07 04:00:00,0.00433,0.00439,0.00428,0.00439,111083177.0
2026-01-07 08:00:00,0.00438,0.00443,0.0043,0.00435,73153363.0
2026-01-07 12:00:00,0.00435,0.00436,0.00415,0.00422,129676382.0
2026-01-07 16:00:00,0.00421,0.00427,0.00416,0.00423,136755320.0
2026-01-07 20:00:00,0.00423,0.00424,0.00413,0.00419,57305635.0
2026-01-08 00:00:00,0.00419,0.00426,0.00414,0.00415,58120856.0
2026-01-08 04:00:00,0.00414,0.00421,0.00402,0.0041,152529787.0
2026-01-08 08:00:00,0.00411,0.00412,0.00394,0.00401,92975567.0
2026-01-08 12:00:00,0.00401,0.00411,0.00394,0.0041,99428963.0
2026-01-08 16:00:00,0.0041,0.00412,0.00404,0.00409,69658921.0
2026-01-08 20:00:00,0.00409,0.00417,0.00407,0.00413,40496833.0
2026-01-09 00:00:00,0.00413,0.00418,0.00409,0.00417,56856958.0
2026-01-09 04:00:00,0.00417,0.00419,0.00415,0.00415,38919964.0
2026-01-09 08:00:00,0.00415,0.00416,0.00404,0.0041,60040399.0
2026-01-09 12:00:00,0.00411,0.0042,0.00406,0.00414,76526046.0
2026-01-09 16:00:00,0.00413,0.0042,0.004,0.00402,75243258.0
2026-01-09 20:00:00,0.00402,0.00408,0.00402,0.00405,25134732.0
2026-01-10 00:00:00,0.00405,0.00407,0.00397,0.004,46929643.0
2026-01-10 04:00:00,0.004,0.00404,0.00395,0.00404,40622697.0
2026-01-10 08:00:00,0.00403,0.00406,0.00402,0.00405,38091842.0
2026-01-10 12:00:00,0.00406,0.00407,0.00401,0.00403,33822222.0
2026-01-10 16:00:00,0.00402,0.00405,0.00396,0.00404,33202728.0
2026-01-10 20:00:00,0.00405,0.00405,0.00396,0.00398,24312669.0
2026-01-11 00:00:00,0.00399,0.00404,0.00398,0.00404,36374542.0
2026-01-11 04:00:00,0.00404,0.00405,0.00399,0.00401,27529779.0
2026-01-11 08:00:00,0.00402,0.00405,0.004,0.00404,39992848.0
2026-01-11 12:00:00,0.00403,0.00407,0.00395,0.00398,49530279.0
2026-01-11 16:00:00,0.00399,0.00405,0.00396,0.00397,67712526.0
2026-01-11 20:00:00,0.00397,0.00397,0.00386,0.00394,79786334.0
2026-01-12 00:00:00,0.00393,0.00404,0.00386,0.00397,85185747.0
2026-01-12 04:00:00,0.00397,0.00401,0.0039,0.0039,54833810.0
2026-01-12 08:00:00,0.00391,0.00394,0.00384,0.00389,62090789.0
2026-01-12 12:00:00,0.00389,0.00393,0.0038,0.00391,93529562.0
2026-01-12 16:00:00,0.00391,0.00398,0.00386,0.00389,85903202.0
2026-01-12 20:00:00,0.00389,0.00392,0.0038,0.00386,71923462.0
2026-01-13 00:00:00,0.00386,0.0039,0.00385,0.00389,38473602.0
2026-01-13 04:00:00,0.00389,0.00401,0.00389,0.00397,70813153.0
2026-01-13 08:00:00,0.00397,0.0041,0.00396,0.0041,95965270.0
2026-01-13 12:00:00,0.00409,0.00432,0.00409,0.00427,485398842.0
2026-01-13 16:00:00,0.00428,0.00431,0.00418,0.0042,165829356.0
2026-01-13 20:00:00,0.00421,0.00438,0.00415,0.00431,192970524.0
2026-01-14 00:00:00,0.0043,0.00435,0.00429,0.00432,111375283.0
2026-01-14 04:00:00,0.00432,0.00433,0.00426,0.00427,61620908.0
2026-01-14 08:00:00,0.00427,0.00431,0.00425,0.00429,86439063.0
2026-01-14 12:00:00,0.00429,0.0044,0.00426,0.00439,83161602.0
2026-01-14 16:00:00,0.00439,0.00442,0.00424,0.00434,114840090.0
2026-01-14 20:00:00,0.00434,0.00437,0.00426,0.00428,69686456.0
2026-01-15 00:00:00,0.00428,0.00431,0.00413,0.00415,83682303.0
2026-01-15 04:00:00,0.00414,0.00425,0.00412,0.00424,57141560.0
2026-01-15 08:00:00,0.00423,0.00426,0.00417,0.00418,46290577.0
2026-01-15 12:00:00,0.00418,0.00427,0.00405,0.00412,111227832.0
2026-01-15 16:00:00,0.00412,0.00417,0.00399,0.00401,114106121.0
2026-01-15 20:00:00,0.00401,0.00406,0.00396,0.00403,68901824.0
2026-01-16 00:00:00,0.00402,0.00405,0.00398,0.00403,63950959.0
2026-01-16 04:00:00,0.00404,0.00407,0.00398,0.00405,49126743.0
2026-01-16 08:00:00,0.00406,0.0041,0.00404,0.00407,44948879.0
2026-01-16 12:00:00,0.00408,0.00409,0.00395,0.00399,68078927.0
2026-01-16 16:00:00,0.00398,0.00402,0.00391,0.004,116805533.0
2026-01-16 20:00:00,0.004,0.00414,0.00398,0.00413,72523138.0
2026-01-17 00:00:00,0.00413,0.00414,0.00409,0.0041,32583069.0
2026-01-17 04:00:00,0.0041,0.00427,0.00408,0.00422,109735167.0
2026-01-17 08:00:00,0.00422,0.00428,0.00417,0.00422,97473307.0
2026-01-17 12:00:00,0.00421,0.00455,0.00419,0.00448,307625904.0
2026-01-17 16:00:00,0.00448,0.00461,0.00434,0.00439,434878360.0
2026-01-17 20:00:00,0.00438,0.00442,0.0043,0.00431,92480140.0
2026-01-18 00:00:00,0.00432,0.00437,0.00424,0.00427,96055976.0
2026-01-18 04:00:00,0.00426,0.00426,0.00418,0.00422,80443113.0
2026-01-18 08:00:00,0.00422,0.00424,0.00419,0.0042,68608604.0
2026-01-18 12:00:00,0.0042,0.00422,0.00413,0.00419,97249242.0
2026-01-18 16:00:00,0.00418,0.00429,0.00417,0.00426,102115117.0
2026-01-18 20:00:00,0.00425,0.00427,0.00397,0.00398,201818023.0
2026-01-19 00:00:00,0.00398,0.00398,0.00333,0.00368,708754013.0
2026-01-19 04:00:00,0.00368,0.00371,0.0036,0.00365,175022189.0
2026-01-19 08:00:00,0.00365,0.00372,0.00359,0.0036,132203105.0
2026-01-19 12:00:00,0.0036,0.00364,0.00354,0.00362,232794064.0
2026-01-19 16:00:00,0.00361,0.00371,0.00361,0.0037,120224567.0
2026-01-19 20:00:00,0.0037,0.0037,0.00358,0.00365,93266794.0
2026-01-20 00:00:00,0.00365,0.00368,0.00362,0.00366,79022886.0
2026-01-20 04:00:00,0.00366,0.00367,0.00356,0.00357,131932355.0
2026-01-20 08:00:00,0.00356,0.00362,0.00351,0.00357,142804612.0
2026-01-20 12:00:00,0.00356,0.00365,0.00354,0.00358,208751158.0
2026-01-20 16:00:00,0.00358,0.00362,0.0035,0.00353,167343556.0
2026-01-20 20:00:00,0.00353,0.00357,0.0034,0.00345,157725496.0
2026-01-21 00:00:00,0.00345,0.0036,0.00345,0.00358,69689136.0
2026-01-21 04:00:00,0.00358,0.00361,0.00355,0.00355,51371928.0
2026-01-21 08:00:00,0.00356,0.00361,0.00354,0.00356,61045750.0
2026-01-21 12:00:00,0.00357,0.00362,0.00348,0.00361,125071215.0
2026-01-21 16:00:00,0.0036,0.00368,0.00347,0.00368,178424234.0
2026-01-21 20:00:00,0.00368,0.00368,0.00358,0.0036,94662595.0
2026-01-22 00:00:00,0.00361,0.00368,0.0036,0.00364,68288265.0
2026-01-22 04:00:00,0.00365,0.00366,0.00357,0.00362,65180012.0
2026-01-22 08:00:00,0.00361,0.00365,0.00359,0.00362,56863314.0
2026-01-22 12:00:00,0.00362,0.00365,0.00352,0.00357,123629120.0
2026-01-22 16:00:00,0.00357,0.00363,0.00357,0.00361,82796517.0
2026-01-22 20:00:00,0.00361,0.00362,0.00356,0.00362,65978602.0
2026-01-23 00:00:00,0.00361,0.0037,0.00361,0.00367,66090072.0
2026-01-23 04:00:00,0.00367,0.00373,0.00363,0.00364,59034863.0
2026-01-23 08:00:00,0.00365,0.00366,0.00361,0.00364,75263087.0
2026-01-23 12:00:00,0.00365,0.00366,0.00356,0.00365,94741351.0
2026-01-23 16:00:00,0.00366,0.00373,0.0036,0.00361,93380846.0
2026-01-23 20:00:00,0.00362,0.00362,0.00356,0.00361,52339246.0
2026-01-24 00:00:00,0.00361,0.00364,0.00358,0.00364,33851916.0
2026-01-24 04:00:00,0.00363,0.0037,0.00363,0.00365,83678867.0
2026-01-24 08:00:00,0.00366,0.00368,0.00365,0.00366,34514929.0
2026-01-24 12:00:00,0.00366,0.00367,0.00358,0.00358,47415810.0
2026-01-24 16:00:00,0.00358,0.0036,0.00357,0.00358,40384734.0
2026-01-24 20:00:00,0.00359,0.00364,0.00354,0.00361,65091210.0
2026-01-25 00:00:00,0.00361,0.00363,0.00357,0.00358,41275655.0
2026-01-25 04:00:00,0.00359,0.00362,0.00355,0.00359,37356209.0
2026-01-25 08:00:00,0.00359,0.00367,0.00357,0.00358,44112285.0
2026-01-25 12:00:00,0.00358,0.00361,0.00352,0.00356,74452261.0
2026-01-25 16:00:00,0.00357,0.00357,0.00334,0.00337,146413362.0
2026-01-25 20:00:00,0.00337,0.00342,0.00333,0.0034,107286587.0
2026-01-26 00:00:00,0.00341,0.00351,0.00339,0.00349,77965215.0
2026-01-26 04:00:00,0.00349,0.00356,0.00349,0.00356,63708741.0
2026-01-26 08:00:00,0.00355,0.0036,0.00351,0.00354,68169604.0
2026-01-26 12:00:00,0.00355,0.0036,0.00351,0.00356,88003515.0
2026-01-26 16:00:00,0.00355,0.0036,0.00353,0.00355,116085313.0
2026-01-26 20:00:00,0.00355,0.00358,0.00351,0.00355,56585080.0
2026-01-27 00:00:00,0.00355,0.00357,0.00352,0.00354,46124154.0
2026-01-27 04:00:00,0.00353,0.00354,0.0035,0.00351,39204595.0
2026-01-27 08:00:00,0.00352,0.00353,0.00346,0.0035,48501592.0
2026-01-27 12:00:00,0.00349,0.0035,0.00343,0.00349,95088574.0
2026-01-27 16:00:00,0.0035,0.00355,0.00342,0.00352,142630579.0
2026-01-27 20:00:00,0.00351,0.00362,0.00351,0.00358,95591465.0
2026-01-28 00:00:00,0.00358,0.00361,0.00355,0.00355,59325903.0
2026-01-28 04:00:00,0.00356,0.00357,0.00353,0.00357,45834078.0
2026-01-28 08:00:00,0.00356,0.00357,0.0035,0.00356,74002601.0
2026-01-28 12:00:00,0.00356,0.00356,0.00344,0.00346,74243607.0
2026-01-28 16:00:00,0.00345,0.00349,0.00342,0.00347,75244090.0
2026-01-28 20:00:00,0.00346,0.00355,0.00344,0.00351,60133362.0
2026-01-29 00:00:00,0.00351,0.00352,0.00326,0.00333,301361269.0
2026-01-29 04:00:00,0.00332,0.00335,0.00324,0.00332,139289442.0
2026-01-29 08:00:00,0.00331,0.00333,0.00327,0.00328,67921439.0
2026-01-29 12:00:00,0.00329,0.0033,0.00307,0.00316,321235058.0
2026-01-29 16:00:00,0.00316,0.00324,0.00309,0.00312,247043393.0
2026-01-29 20:00:00,0.00313,0.00319,0.00311,0.00316,128485651.0
2026-01-30 00:00:00,0.00317,0.0032,0.00305,0.00311,213199379.0
2026-01-30 04:00:00,0.00311,0.00316,0.00306,0.00312,185834199.0
2026-01-30 08:00:00,0.00312,0.00316,0.00308,0.00314,123769937.0
2026-01-30 12:00:00,0.00313,0.00315,0.00307,0.00312,134397278.0
2026-01-30 16:00:00,0.00312,0.00321,0.00306,0.00319,204347879.0
2026-01-30 20:00:00,0.00319,0.0032,0.00312,0.00316,116108069.0
2026-01-31 00:00:00,0.00315,0.00316,0.00311,0.00313,58382065.0
2026-01-31 04:00:00,0.00313,0.00314,0.00308,0.0031,43415790.0
2026-01-31 08:00:00,0.0031,0.00312,0.00304,0.00309,175624512.0
2026-01-31 12:00:00,0.0031,0.00311,0.00288,0.00294,365251670.0
2026-01-31 16:00:00,0.00294,0.00298,0.00256,0.00277,781378053.0
2026-01-31 20:00:00,0.00276,0.00292,0.00274,0.00291,234125617.0
2026-02-01 00:00:00,0.00291,0.00296,0.00288,0.00293,110153363.0
2026-02-01 04:00:00,0.00293,0.00297,0.00291,0.00293,88637951.0
2026-02-01 08:00:00,0.00294,0.00299,0.0029,0.00292,124938827.0
2026-02-01 12:00:00,0.00292,0.00294,0.00281,0.00285,248988956.0
2026-02-01 16:00:00,0.00285,0.00291,0.00282,0.00286,246874143.0
2026-02-01 20:00:00,0.00286,0.0029,0.00276,0.00284,183474559.0
2026-02-02 00:00:00,0.00284,0.00293,0.00276,0.00287,281462482.0
2026-02-02 04:00:00,0.00287,0.00291,0.00278,0.00285,269288770.0
2026-02-02 08:00:00,0.00286,0.0029,0.00284,0.00287,134133344.0
2026-02-02 12:00:00,0.00286,0.00299,0.00286,0.00298,184186575.0
2026-02-02 16:00:00,0.00297,0.003,0.00294,0.00297,115195426.0
2026-02-02 20:00:00,0.00296,0.00302,0.00293,0.00298,96703583.0
2026-02-03 00:00:00,0.00299,0.00299,0.00288,0.00295,105755428.0
2026-02-03 04:00:00,0.00295,0.00302,0.00294,0.00299,87038273.0
2026-02-03 08:00:00,0.003,0.00303,0.00294,0.00301,110157673.0
2026-02-03 12:00:00,0.003,0.00307,0.00297,0.00305,172132693.0
2026-02-03 16:00:00,0.00306,0.00307,0.00282,0.00295,329562679.0
2026-02-03 20:00:00,0.00295,0.00306,0.00291,0.00294,178925190.0
2026-02-04 00:00:00,0.00295,0.003,0.00293,0.00297,108550516.0
2026-02-04 04:00:00,0.00297,0.003,0.00296,0.00297,60472470.0
2026-02-04 08:00:00,0.00298,0.003,0.0029,0.00293,90925441.0
2026-02-04 12:00:00,0.00294,0.00296,0.00283,0.00286,270708036.0
2026-02-04 16:00:00,0.00287,0.00294,0.00279,0.00294,292556981.0
2026-02-04 20:00:00,0.00293,0.00294,0.00283,0.00288,115247038.0
2026-02-05 00:00:00,0.00288,0.0029,0.00282,0.00284,166075859.0
2026-02-05 04:00:00,0.00283,0.00285,0.00277,0.00278,201237122.0
2026-02-05 08:00:00,0.00279,0.00284,0.0027,0.00273,184405433.0
2026-02-05 12:00:00,0.00273,0.00278,0.00253,0.00261,405748726.0
2026-02-05 16:00:00,0.00261,0.00266,0.0025,0.00252,392311706.0
2026-02-05 20:00:00,0.00252,0.00255,0.00237,0.00246,526307134.0
2026-02-06 00:00:00,0.00246,0.00253,0.00216,0.00248,723503644.0
2026-02-06 04:00:00,0.00247,0.00254,0.00245,0.00247,248407821.0
2026-02-06 08:00:00,0.00248,0.00258,0.00245,0.00256,223437418.0
2026-02-06 12:00:00,0.00257,0.00267,0.00254,0.00266,252361729.0
2026-02-06 16:00:00,0.00265,0.00277,0.00264,0.00271,177779850.0
2026-02-06 20:00:00,0.00271,0.00275,0.00267,0.0027,99838092.0
2026-02-07 00:00:00,0.0027,0.00271,0.00265,0.00267,147862101.0
2026-02-07 04:00:00,0.00267,0.00271,0.00255,0.00258,140970543.0
2026-02-07 08:00:00,0.00257,0.0026,0.00256,0.00257,91076092.0
2026-02-07 12:00:00,0.00257,0.00266,0.00257,0.00264,132887826.0
2026-02-07 16:00:00,0.00263,0.00271,0.00262,0.00265,202795320.0
2026-02-07 20:00:00,0.00264,0.00266,0.00263,0.00263,79325607.0
2026-02-08 00:00:00,0.00264,0.00264,0.00258,0.00258,63724935.0
2026-02-08 04:00:00,0.00259,0.0026,0.00255,0.00258,93722640.0
2026-02-08 08:00:00,0.00258,0.00261,0.00256,0.0026,127795788.0
2026-02-08 12:00:00,0.0026,0.00263,0.00258,0.00259,118689299.0
2026-02-08 16:00:00,0.00259,0.00261,0.00251,0.00256,109638406.0
2026-02-08 20:00:00,0.00257,0.0026,0.00251,0.00255,136551602.0
2026-02-09 00:00:00,0.00255,0.00259,0.00253,0.00259,101950495.0
2026-02-09 04:00:00,0.00258,0.00259,0.00255,0.00255,72634552.0
2026-02-09 08:00:00,0.00255,0.00256,0.00243,0.00244,184290951.0
2026-02-09 12:00:00,0.00245,0.00252,0.00243,0.0025,199925649.0
2026-02-09 16:00:00,0.0025,0.00258,0.00248,0.00257,219664036.0
2026-02-09 20:00:00,0.00257,0.00257,0.00252,0.00253,114654753.0
2026-02-10 00:00:00,0.00254,0.00255,0.00246,0.00249,88678136.0
2026-02-10 04:00:00,0.00249,0.00252,0.00242,0.00244,100236845.0
2026-02-10 08:00:00,0.00243,0.00247,0.00242,0.00246,104600517.0
2026-02-10 12:00:00,0.00245,0.00249,0.00243,0.00248,154030184.0
2026-02-10 16:00:00,0.00247,0.0025,0.00244,0.00246,126683835.0
2026-02-10 20:00:00,0.00246,0.00248,0.00245,0.00246,62735695.0
2026-02-11 00:00:00,0.00247,0.00251,0.00246,0.00248,94249819.0
2026-02-11 04:00:00,0.00248,0.00249,0.00237,0.00238,161400304.0
2026-02-11 08:00:00,0.00238,0.00239,0.00236,0.00239,81376199.0
2026-02-11 12:00:00,0.00238,0.00251,0.00236,0.00237,239623565.0
2026-02-11 16:00:00,0.00237,0.00245,0.00236,0.00241,180730727.0
2026-02-11 20:00:00,0.0024,0.00244,0.00237,0.0024,119580262.0
2026-02-12 00:00:00,0.00239,0.00245,0.00239,0.00244,63245015.0
2026-02-12 04:00:00,0.00244,0.00253,0.00243,0.00253,96030668.0
2026-02-12 08:00:00,0.00252,0.00258,0.00251,0.00257,121010054.0
2026-02-12 12:00:00,0.00256,0.00257,0.00245,0.00245,184347176.0
2026-02-12 16:00:00,0.00246,0.00248,0.0024,0.00245,236748732.0
2026-02-12 20:00:00,0.00244,0.00248,0.00242,0.00248,97079169.0
2026-02-13 00:00:00,0.00247,0.00249,0.00243,0.00245,120799406.0
2026-02-13 04:00:00,0.00246,0.00246,0.00241,0.00246,61450603.0
2026-02-13 08:00:00,0.00246,0.0025,0.00245,0.00248,116067870.0
2026-02-13 12:00:00,0.00247,0.00255,0.00244,0.00251,318998995.0
2026-02-13 16:00:00,0.00251,0.00256,0.0025,0.00254,130367507.0
2026-02-13 20:00:00,0.00254,0.00256,0.00252,0.00254,69400604.0
2026-02-14 00:00:00,0.00253,0.00257,0.00252,0.00256,50469844.0
2026-02-14 04:00:00,0.00255,0.00256,0.00251,0.00254,42364023.0
2026-02-14 08:00:00,0.00254,0.00266,0.00253,0.00265,144035373.0
2026-02-14 12:00:00,0.00265,0.00273,0.00262,0.00272,176313352.0
2026-02-14 16:00:00,0.00272,0.00276,0.00269,0.00274,124894445.0
2026-02-14 20:00:00,0.00274,0.00274,0.00268,0.0027,76046032.0
2026-02-15 00:00:00,0.00269,0.00271,0.00263,0.00267,78425056.0
2026-02-15 04:00:00,0.00267,0.00274,0.00267,0.00271,97690146.0
2026-02-15 08:00:00,0.00271,0.00272,0.00264,0.00266,52802881.0
2026-02-15 12:00:00,0.00265,0.00266,0.00254,0.00258,160317731.0
2026-02-15 16:00:00,0.00258,0.00259,0.00249,0.00252,132094342.0
2026-02-15 20:00:00,0.00252,0.00255,0.0025,0.00254,74879854.0
2026-02-16 00:00:00,0.00254,0.00258,0.00253,0.00258,90843273.0
2026-02-16 04:00:00,0.00258,0.00261,0.00255,0.00256,61134163.0
2026-02-16 08:00:00,0.00255,0.00258,0.00252,0.00255,71055213.0
2026-02-16 12:00:00,0.00255,0.00262,0.00253,0.00256,186133537.0
2026-02-16 16:00:00,0.00255,0.00261,0.00254,0.0026,92395280.0
2026-02-16 20:00:00,0.00261,0.00272,0.00259,0.00266,146635110.0
2026-02-17 00:00:00,0.00266,0.00269,0.00265,0.00267,84837880.0
2026-02-17 04:00:00,0.00266,0.00267,0.0026,0.00262,73203345.0
2026-02-17 08:00:00,0.00262,0.00263,0.00258,0.00258,41895733.0
2026-02-17 12:00:00,0.00258,0.00261,0.00255,0.00259,108920524.0
2026-02-17 16:00:00,0.00258,0.00264,0.00256,0.00258,100151981.0
2026-02-17 20:00:00,0.00258,0.00263,0.00253,0.00257,135036462.0
2026-02-18 00:00:00,0.00257,0.00262,0.00255,0.00261,78008722.0
2026-02-18 04:00:00,0.00261,0.00264,0.00259,0.00263,61408078.0
2026-02-18 08:00:00,0.00263,0.00265,0.00256,0.00258,59632772.0
2026-02-18 12:00:00,0.00259,0.0026,0.00251,0.00257,156470900.0
2026-02-18 16:00:00,0.00257,0.00258,0.00245,0.00246,177502318.0
2026-02-18 20:00:00,0.00246,0.00249,0.00242,0.00244,123606288.0
2026-02-19 00:00:00,0.00245,0.00247,0.00243,0.00245,85461732.0
2026-02-19 04:00:00,0.00245,0.00248,0.00243,0.00246,90788217.0
2026-02-19 08:00:00,0.00246,0.00247,0.00242,0.00244,78873132.0
2026-02-19 12:00:00,0.00243,0.00245,0.00237,0.00238,166284321.0
2026-02-19 16:00:00,0.00238,0.00244,0.00235,0.00244,158113592.0
2026-02-19 20:00:00,0.00244,0.00246,0.00242,0.00245,74758455.0
2026-02-20 00:00:00,0.00244,0.00249,0.00244,0.00249,55462152.0
2026-02-20 04:00:00,0.00248,0.00252,0.00246,0.00249,115221327.0
2026-02-20 08:00:00,0.00249,0.00251,0.00247,0.00248,61254803.0
2026-02-20 12:00:00,0.00249,0.00252,0.0024,0.00251,245011063.0
2026-02-20 16:00:00,0.00252,0.00253,0.00246,0.0025,220162542.0
2026-02-20 20:00:00,0.0025,0.00253,0.00249,0.00251,110920102.0
2026-02-21 00:00:00,0.00252,0.00253,0.0025,0.00252,86632390.0
2026-02-21 04:00:00,0.00253,0.00254,0.0025,0.00251,45017320.0
2026-02-21 08:00:00,0.0025,0.00255,0.0025,0.00253,79185642.0
2026-02-21 12:00:00,0.00252,0.00254,0.00248,0.00249,45206235.0
2026-02-21 16:00:00,0.00249,0.0025,0.00245,0.00248,103646094.0
2026-02-21 20:00:00,0.00248,0.0025,0.00245,0.00245,39651192.0
2026-02-22 00:00:00,0.00246,0.00246,0.00239,0.0024,91129681.0
2026-02-22 04:00:00,0.0024,0.00242,0.00239,0.00241,41178072.0
2026-02-22 08:00:00,0.00242,0.00242,0.00238,0.0024,60162696.0
2026-02-22 12:00:00,0.00241,0.00241,0.00235,0.00238,94360350.0
2026-02-22 16:00:00,0.00238,0.0024,0.00237,0.00239,69873250.0
2026-02-22 20:00:00,0.00239,0.00241,0.00238,0.0024,41535835.0
2026-02-23 00:00:00,0.00239,0.00241,0.00224,0.0023,324857848.0
2026-02-23 04:00:00,0.0023,0.00235,0.00227,0.00234,108363229.0
2026-02-23 08:00:00,0.00235,0.00236,0.00231,0.00235,88571161.0
2026-02-23 12:00:00,0.00235,0.00237,0.00232,0.00233,169632383.0
2026-02-23 16:00:00,0.00233,0.00234,0.00228,0.00231,196678131.0
2026-02-23 20:00:00,0.00231,0.00233,0.00229,0.0023,51490946.0
2026-02-24 00:00:00,0.0023,0.00233,0.00226,0.00227,128482378.0
2026-02-24 04:00:00,0.00228,0.00228,0.00222,0.00223,96224084.0
2026-02-24 08:00:00,0.00222,0.00225,0.00222,0.00223,83882345.0
2026-02-24 12:00:00,0.00224,0.0023,0.00221,0.00229,147674299.0
2026-02-24 16:00:00,0.00229,0.00231,0.00227,0.0023,122607212.0
2026-02-24 20:00:00,0.00229,0.0023,0.00226,0.00227,63614964.0
2026-02-25 00:00:00,0.00227,0.00237,0.00226,0.00234,140616244.0
2026-02-25 04:00:00,0.00234,0.00237,0.00231,0.00237,84949513.0
2026-02-25 08:00:00,0.00236,0.00249,0.00235,0.00244,185728625.0
2026-02-25 12:00:00,0.00244,0.00262,0.00243,0.00259,456621285.0
2026-02-25 16:00:00,0.00259,0.00269,0.00256,0.00259,361090580.0
2026-02-25 20:00:00,0.00259,0.00262,0.00247,0.00251,182626470.0
2026-02-26 00:00:00,0.0025,0.00253,0.00249,0.00251,196086125.0
2026-02-26 04:00:00,0.00251,0.00253,0.00244,0.00247,159688838.0
2026-02-26 08:00:00,0.00248,0.00251,0.00245,0.00247,136820770.0
2026-02-26 12:00:00,0.00247,0.0025,0.0024,0.00243,222461575.0
2026-02-26 16:00:00,0.00243,0.00248,0.00237,0.00247,268746491.0
2026-02-26 20:00:00,0.00247,0.00248,0.00242,0.00244,92775251.0
2026-02-27 00:00:00,0.00245,0.0025,0.00243,0.00249,124130241.0
2026-02-27 04:00:00,0.00248,0.00253,0.00247,0.0025,174448701.0
2026-02-27 08:00:00,0.00249,0.00251,0.00242,0.00243,221163673.0
2026-02-27 12:00:00,0.00242,0.00244,0.00235,0.00236,256463601.0
2026-02-27 16:00:00,0.00237,0.00237,0.00232,0.00233,196128138.0
2026-02-27 20:00:00,0.00233,0.00235,0.0023,0.00234,81707596.0
2026-02-28 00:00:00,0.00235,0.00238,0.00232,0.00233,82735856.0
2026-02-28 04:00:00,0.00233,0.00233,0.00214,0.00221,286741857.0
2026-02-28 08:00:00,0.0022,0.00221,0.00214,0.00217,162760650.0
2026-02-28 12:00:00,0.00217,0.00227,0.00216,0.00221,191538997.0
2026-02-28 16:00:00,0.00222,0.00228,0.00216,0.00227,162979176.0
2026-02-28 20:00:00,0.00227,0.00234,0.00226,0.00233,113635738.0
2026-03-01 00:00:00,0.00233,0.00241,0.00228,0.00237,175908687.0
2026-03-01 04:00:00,0.00237,0.00239,0.00234,0.00237,86074347.0
2026-03-01 08:00:00,0.00236,0.00238,0.00229,0.00231,63862532.0
2026-03-01 12:00:00,0.00232,0.00234,0.00227,0.00227,92111560.0
2026-03-01 16:00:00,0.00228,0.0023,0.0022,0.00221,135859498.0
2026-03-01 20:00:00,0.0022,0.00227,0.00216,0.00225,120566355.0
2026-03-02 00:00:00,0.00224,0.00235,0.00224,0.00233,164534015.0
2026-03-02 04:00:00,0.00234,0.00236,0.00227,0.00231,143459148.0
2026-03-02 08:00:00,0.00232,0.00233,0.00227,0.00227,162766442.0
2026-03-02 12:00:00,0.00227,0.00239,0.00223,0.00237,197784782.0
2026-03-02 16:00:00,0.00237,0.0024,0.00229,0.00233,168359934.0
2026-03-02 20:00:00,0.00233,0.00234,0.00229,0.0023,149305902.0
2026-03-03 00:00:00,0.0023,0.00232,0.00228,0.00229,109513820.0
2026-03-03 04:00:00,0.00229,0.00233,0.00227,0.00232,103132545.0
2026-03-03 08:00:00,0.00232,0.00233,0.00222,0.00225,126217714.0
2026-03-03 12:00:00,0.00225,0.0023,0.00224,0.0023,141833280.0
2026-03-03 16:00:00,0.00229,0.00235,0.00227,0.00232,142173669.0
2026-03-03 20:00:00,0.00233,0.00233,0.00227,0.0023,99897732.0
2026-03-04 00:00:00,0.00231,0.00232,0.00226,0.00231,59011476.0
2026-03-04 04:00:00,0.0023,0.00236,0.00229,0.00235,62263183.0
2026-03-04 08:00:00,0.00235,0.00244,0.00234,0.00237,121637880.0
2026-03-04 12:00:00,0.00237,0.00244,0.00233,0.00243,100175083.0
2026-03-04 16:00:00,0.00243,0.00248,0.0024,0.00243,129499726.0
2026-03-04 20:00:00,0.00243,0.00246,0.00238,0.0024,60616921.0
2026-03-05 00:00:00,0.0024,0.00257,0.00239,0.00245,400661150.0
2026-03-05 04:00:00,0.00246,0.00259,0.00244,0.00248,384038587.0
2026-03-05 08:00:00,0.00249,0.0025,0.00244,0.00245,137312574.0
2026-03-05 12:00:00,0.00245,0.00252,0.00243,0.00246,292928906.0
2026-03-05 16:00:00,0.00246,0.00248,0.00236,0.00242,221104026.0
2026-03-05 20:00:00,0.00242,0.00248,0.00242,0.00243,102377372.0
2026-03-06 00:00:00,0.00243,0.00247,0.00241,0.00247,76587774.0
2026-03-06 04:00:00,0.00246,0.00248,0.00243,0.00247,61229535.0
2026-03-06 08:00:00,0.00247,0.00249,0.0024,0.00241,100286073.0
2026-03-06 12:00:00,0.00241,0.00245,0.00237,0.00239,215612510.0
2026-03-06 16:00:00,0.00239,0.00243,0.00235,0.0024,101763197.0
2026-03-06 20:00:00,0.0024,0.00242,0.00239,0.00241,37351552.0
2026-03-07 00:00:00,0.0024,0.00242,0.00239,0.00241,48937925.0
2026-03-07 04:00:00,0.0024,0.00242,0.00236,0.00237,37179916.0
2026-03-07 08:00:00,0.00237,0.00242,0.00236,0.0024,61617120.0
2026-03-07 12:00:00,0.00239,0.00241,0.00234,0.00236,70106993.0
2026-03-07 16:00:00,0.00237,0.0024,0.00233,0.00234,76130176.0
2026-03-07 20:00:00,0.00235,0.00236,0.00229,0.00232,54680618.0
2026-03-08 00:00:00,0.00232,0.00233,0.0023,0.0023,48053961.0
2026-03-08 04:00:00,0.0023,0.00232,0.00227,0.00232,60352570.0
2026-03-08 08:00:00,0.00231,0.00239,0.0023,0.00239,71139503.0
2026-03-08 12:00:00,0.00239,0.0024,0.0023,0.00231,158383760.0
2026-03-08 16:00:00,0.00231,0.00235,0.00229,0.00233,104936963.0
2026-03-08 20:00:00,0.00234,0.00235,0.00228,0.0023,91829599.0
2026-03-09 00:00:00,0.00231,0.00241,0.00229,0.00238,133152605.0
2026-03-09 04:00:00,0.00238,0.00244,0.00236,0.00238,91169115.0
2026-03-09 08:00:00,0.00239,0.00241,0.00233,0.00237,64266216.0
2026-03-09 12:00:00,0.00236,0.00243,0.00236,0.00242,131638469.0
2026-03-09 16:00:00,0.00242,0.00246,0.00238,0.00241,130798765.0
2026-03-09 20:00:00,0.00241,0.00243,0.00239,0.00239,50264814.0
2026-03-10 00:00:00,0.00239,0.00243,0.00238,0.00241,80374451.0
2026-03-10 04:00:00,0.0024,0.00243,0.00239,0.00242,38235184.0
2026-03-10 08:00:00,0.00242,0.00248,0.00241,0.00246,71252822.0
2026-03-10 12:00:00,0.00246,0.00256,0.00244,0.00254,161753614.0
2026-03-10 16:00:00,0.00255,0.00258,0.00239,0.0024,225141935.0
2026-03-10 20:00:00,0.0024,0.00244,0.00237,0.0024,83881318.0
2026-03-11 00:00:00,0.00241,0.00245,0.00233,0.00235,157300396.0
2026-03-11 04:00:00,0.00235,0.00237,0.00228,0.00229,176780735.0
2026-03-11 08:00:00,0.00229,0.00235,0.00228,0.00233,135316392.0
2026-03-11 12:00:00,0.00233,0.00249,0.00231,0.00245,399611838.0
2026-03-11 16:00:00,0.00244,0.00248,0.00242,0.00246,175969188.0
2026-03-11 20:00:00,0.00246,0.00247,0.00242,0.00244,68417273.0
2026-03-12 00:00:00,0.00244,0.00245,0.00238,0.00239,81257908.0
2026-03-12 04:00:00,0.00239,0.00241,0.00238,0.00239,45467554.0
2026-03-12 08:00:00,0.00239,0.00241,0.00237,0.00239,69768132.0
2026-03-12 12:00:00,0.00239,0.00239,0.00231,0.00238,282242112.0
2026-03-12 16:00:00,0.00237,0.00239,0.00235,0.00237,69579572.0
2026-03-12 20:00:00,0.00238,0.00239,0.00235,0.00239,59190277.0
2026-03-13 00:00:00,0.00239,0.00247,0.00236,0.00245,155553233.0
2026-03-13 04:00:00,0.00246,0.00247,0.00243,0.00245,106115487.0
2026-03-13 08:00:00,0.00245,0.00248,0.00243,0.00246,80511968.0
2026-03-13 12:00:00,0.00246,0.00255,0.00245,0.00254,215488278.0
2026-03-13 16:00:00,0.00254,0.00254,0.00243,0.00245,168966884.0
2026-03-13 20:00:00,0.00245,0.00248,0.00242,0.00244,80981001.0
2026-03-14 00:00:00,0.00244,0.00244,0.00241,0.00243,54216077.0
2026-03-14 04:00:00,0.00244,0.00245,0.0024,0.0024,70005046.0
2026-03-14 08:00:00,0.00241,0.00241,0.00234,0.00237,132444699.0
2026-03-14 12:00:00,0.00238,0.00238,0.00234,0.00235,85513592.0
2026-03-14 16:00:00,0.00236,0.00238,0.00234,0.00236,79788574.0
2026-03-14 20:00:00,0.00235,0.00239,0.00235,0.00239,68960201.0
2026-03-15 00:00:00,0.00239,0.00245,0.00237,0.00241,82298196.0
2026-03-15 04:00:00,0.00242,0.00245,0.0024,0.00244,86741252.0
2026-03-15 08:00:00,0.00244,0.00249,0.00242,0.00246,141619099.0
2026-03-15 12:00:00,0.00245,0.00246,0.0024,0.00241,77520131.0
2026-03-15 16:00:00,0.00241,0.00245,0.0024,0.00244,69434527.0
2026-03-15 20:00:00,0.00244,0.00249,0.00242,0.00249,82283175.0
2026-03-16 00:00:00,0.00248,0.00259,0.00247,0.00251,331043982.0
2026-03-16 04:00:00,0.00251,0.00257,0.00251,0.00253,117785536.0
2026-03-16 08:00:00,0.00254,0.00256,0.00249,0.00251,79737711.0
2026-03-16 12:00:00,0.00251,0.00257,0.00249,0.00253,215332097.0
2026-03-16 16:00:00,0.00252,0.00257,0.00252,0.00257,135482054.0
2026-03-16 20:00:00,0.00257,0.00265,0.00255,0.00262,114521118.0
2026-03-17 00:00:00,0.00262,0.00263,0.00256,0.00258,221781605.0
2026-03-17 04:00:00,0.00258,0.00258,0.00252,0.00256,120402194.0
2026-03-17 08:00:00,0.00256,0.00264,0.00254,0.00263,105695516.0
2026-03-17 12:00:00,0.00263,0.00269,0.00256,0.00262,246400652.0
2026-03-17 16:00:00,0.00261,0.00285,0.00261,0.00272,857370637.0
2026-03-17 20:00:00,0.00272,0.00274,0.00259,0.00263,361903777.0
2026-03-18 00:00:00,0.00264,0.00266,0.0026,0.00264,151654853.0
2026-03-18 04:00:00,0.00264,0.00266,0.00261,0.00264,97494104.0
2026-03-18 08:00:00,0.00265,0.00266,0.00254,0.00257,210996136.0
2026-03-18 12:00:00,0.00257,0.0026,0.0024,0.00243,454775927.0
2026-03-18 16:00:00,0.00244,0.00249,0.00239,0.00246,276450587.0
2026-03-18 20:00:00,0.00246,0.0025,0.00243,0.00248,69354193.0
2026-03-19 00:00:00,0.00248,0.00249,0.00245,0.00247,78618620.0
2026-03-19 04:00:00,0.00247,0.00247,0.00239,0.00241,84385830.0
2026-03-19 08:00:00,0.00241,0.00244,0.0024,0.0024,86931985.0
2026-03-19 12:00:00,0.00241,0.00242,0.00236,0.0024,141687089.0
2026-03-19 16:00:00,0.00239,0.00243,0.00239,0.00241,68348429.0
2026-03-19 20:00:00,0.00242,0.00244,0.00238,0.00239,55499864.0
2026-03-20 00:00:00,0.0024,0.00243,0.00239,0.00243,57754956.0
2026-03-20 04:00:00,0.00242,0.00245,0.00239,0.0024,78498615.0
2026-03-20 08:00:00,0.00241,0.00243,0.00239,0.0024,66302096.0
2026-03-20 12:00:00,0.0024,0.00242,0.00238,0.0024,92003030.0
2026-03-20 16:00:00,0.0024,0.00241,0.00233,0.00236,134604142.0
2026-03-20 20:00:00,0.00235,0.00242,0.00234,0.00242,38122154.0
2026-03-21 00:00:00,0.00241,0.00242,0.00236,0.00237,50979107.0
2026-03-21 04:00:00,0.00238,0.0024,0.00237,0.00238,36348863.0
2026-03-21 08:00:00,0.00238,0.00241,0.00236,0.00237,66267225.0
2026-03-21 12:00:00,0.00237,0.00238,0.00234,0.00238,50074956.0
2026-03-21 16:00:00,0.00237,0.00238,0.00233,0.00233,34312385.0
2026-03-21 20:00:00,0.00233,0.00234,0.00223,0.00226,193922224.0
2026-03-22 00:00:00,0.00225,0.00231,0.00221,0.00229,260445196.0
2026-03-22 04:00:00,0.00228,0.00231,0.00227,0.00227,64842933.0
2026-03-22 08:00:00,0.00227,0.00228,0.00219,0.00222,160351643.0
2026-03-22 12:00:00,0.00221,0.00225,0.00221,0.00223,108188072.0
2026-03-22 16:00:00,0.00223,0.00223,0.00217,0.00217,95317734.0
2026-03-22 20:00:00,0.00217,0.00223,0.00215,0.00221,202134027.0
2026-03-23 00:00:00,0.00221,0.00221,0.00216,0.00217,122405869.0
2026-03-23 04:00:00,0.00217,0.0022,0.00211,0.00212,225042656.0
2026-03-23 08:00:00,0.00212,0.00225,0.00211,0.0022,232671517.0
2026-03-23 12:00:00,0.0022,0.00226,0.00219,0.0022,236633168.0
2026-03-23 16:00:00,0.0022,0.00225,0.00218,0.00223,168369562.0
2026-03-23 20:00:00,0.00222,0.00224,0.0022,0.00223,75290527.0
2026-03-24 00:00:00,0.00222,0.00223,0.00218,0.0022,134683067.0
2026-03-24 04:00:00,0.0022,0.00224,0.00217,0.00224,130770268.0
2026-03-24 08:00:00,0.00223,0.00224,0.0022,0.00221,144549938.0
2026-03-24 12:00:00,0.00221,0.00226,0.0022,0.00223,269984563.0
2026-03-24 16:00:00,0.00223,0.0023,0.00221,0.00222,210235534.0
2026-03-24 20:00:00,0.00222,0.00227,0.00221,0.00224,124869026.0
2026-03-25 00:00:00,0.00223,0.00229,0.00223,0.00226,112445464.0
2026-03-25 04:00:00,0.00226,0.00227,0.00222,0.00225,74056868.0
2026-03-25 08:00:00,0.00225,0.00227,0.00223,0.00226,47526952.0
2026-03-25 12:00:00,0.00225,0.00228,0.00223,0.00225,181090047.0
2026-03-25 16:00:00,0.00225,0.00229,0.00223,0.00224,116393240.0
2026-03-25 20:00:00,0.00224,0.00227,0.00221,0.00224,82935762.0
2026-03-26 00:00:00,0.00225,0.00227,0.00221,0.00223,87390818.0
2026-03-26 04:00:00,0.00223,0.00224,0.00215,0.00219,142696356.0
2026-03-26 08:00:00,0.00219,0.00221,0.00213,0.00214,110456160.0
2026-03-26 12:00:00,0.00214,0.0022,0.00213,0.00217,175205796.0
2026-03-26 16:00:00,0.00217,0.00222,0.00216,0.00218,188920640.0
2026-03-26 20:00:00,0.00217,0.00223,0.00217,0.00223,168388917.0
2026-03-27 00:00:00,0.00223,0.00232,0.00221,0.0023,188491918.0
2026-03-27 04:00:00,0.0023,0.00233,0.00225,0.00229,220210499.0
2026-03-27 08:00:00,0.0023,0.00231,0.00218,0.00219,251162980.0
2026-03-27 12:00:00,0.0022,0.00221,0.00215,0.00218,233525009.0
2026-03-27 16:00:00,0.00218,0.00219,0.00213,0.00215,95205772.0
2026-03-27 20:00:00,0.00215,0.00217,0.00212,0.00213,50899096.0
2026-03-28 00:00:00,0.00213,0.00213,0.00207,0.0021,142851874.0
2026-03-28 04:00:00,0.00209,0.00213,0.00208,0.00212,68629857.0
2026-03-28 08:00:00,0.00212,0.00216,0.00211,0.00213,91785307.0
2026-03-28 12:00:00,0.00213,0.00218,0.00212,0.00214,142350536.0
2026-03-28 16:00:00,0.00214,0.00216,0.00212,0.00213,70768931.0
2026-03-28 20:00:00,0.00212,0.00214,0.0021,0.00211,43966869.0
2026-03-29 00:00:00,0.0021,0.00211,0.00205,0.00209,106183746.0
2026-03-29 04:00:00,0.00209,0.0021,0.00207,0.00207,55926137.0
2026-03-29 08:00:00,0.00208,0.0021,0.00206,0.00207,43266476.0
2026-03-29 12:00:00,0.00208,0.00208,0.00205,0.00207,98466873.0
2026-03-29 16:00:00,0.00208,0.00208,0.00205,0.00205,47423204.0
2026-03-29 20:00:00,0.00206,0.00208,0.00197,0.00204,112824733.0
2026-03-30 00:00:00,0.00204,0.00214,0.00204,0.00211,112397231.0
2026-03-30 04:00:00,0.00212,0.00215,0.00211,0.00214,73606367.0
2026-03-30 08:00:00,0.00213,0.00215,0.00211,0.00213,34879948.0
2026-03-30 12:00:00,0.00213,0.00215,0.0021,0.00212,75737550.0
2026-03-30 16:00:00,0.00211,0.00211,0.00204,0.00206,83723951.0
2026-03-30 20:00:00,0.00205,0.00211,0.00204,0.00207,52172462.0
2026-03-31 00:00:00,0.00207,0.00214,0.00207,0.0021,106295820.0
2026-03-31 04:00:00,0.00209,0.0021,0.00207,0.0021,43656631.0
2026-03-31 08:00:00,0.00209,0.0021,0.00204,0.00207,78685235.0
2026-03-31 12:00:00,0.00208,0.00212,0.00206,0.00209,100240487.0
2026-03-31 16:00:00,0.00208,0.00213,0.00208,0.00212,75811270.0
2026-03-31 20:00:00,0.00212,0.00215,0.0021,0.00211,54877531.0
2026-04-01 00:00:00,0.00211,0.00211,0.00207,0.00211,52911067.0
2026-04-01 04:00:00,0.00211,0.00216,0.0021,0.00214,43464344.0
2026-04-01 08:00:00,0.00214,0.00216,0.00211,0.00213,69293462.0
2026-04-01 12:00:00,0.00213,0.00215,0.0021,0.00213,100323194.0
2026-04-01 16:00:00,0.00212,0.00215,0.0021,0.00211,84500757.0
2026-04-01 20:00:00,0.00211,0.00211,0.00208,0.00209,55745000.0
2026-04-02 00:00:00,0.00209,0.00215,0.00204,0.00204,156618952.0
2026-04-02 04:00:00,0.00204,0.00211,0.00203,0.00209,91740914.0
2026-04-02 08:00:00,0.0021,0.0021,0.00202,0.00203,91891415.0
2026-04-02 12:00:00,0.00203,0.0021,0.002,0.00209,126801569.0
2026-04-02 16:00:00,0.0021,0.00223,0.00209,0.00216,284356466.0
2026-04-02 20:00:00,0.00216,0.00227,0.00215,0.00223,374495366.0
2026-04-03 00:00:00,0.00222,0.00234,0.00218,0.00231,453782463.0
2026-04-03 04:00:00,0.00231,0.00239,0.00226,0.00228,567719094.0
2026-04-03 08:00:00,0.00228,0.00233,0.00221,0.00228,343590723.0
2026-04-03 12:00:00,0.00228,0.00231,0.0022,0.00222,286144873.0
2026-04-03 16:00:00,0.00223,0.00228,0.00223,0.00226,119172687.0
2026-04-03 20:00:00,0.00225,0.00229,0.00224,0.00226,80410472.0
2026-04-04 00:00:00,0.00226,0.00229,0.00225,0.00226,70203918.0
2026-04-04 04:00:00,0.00227,0.00232,0.00225,0.00227,120628457.0
2026-04-04 08:00:00,0.00227,0.00229,0.00223,0.00225,65335112.0
2026-04-04 12:00:00,0.00226,0.00226,0.00217,0.0022,139630206.0
2026-04-04 16:00:00,0.0022,0.00225,0.0022,0.00222,72961216.0
2026-04-04 20:00:00,0.00223,0.00225,0.0022,0.00223,73864826.0
2026-04-05 00:00:00,0.00222,0.00224,0.0022,0.0022,52292854.0
2026-04-05 04:00:00,0.00221,0.00221,0.00215,0.00216,88307427.0
2026-04-05 08:00:00,0.00217,0.0022,0.00215,0.00216,51595775.0
2026-04-05 12:00:00,0.00217,0.00218,0.00212,0.00217,93839050.0
2026-04-05 16:00:00,0.00216,0.00218,0.00214,0.00215,59196528.0
2026-04-05 20:00:00,0.00215,0.0022,0.00212,0.00219,81458285.0
2026-04-06 00:00:00,0.00218,0.00222,0.00218,0.0022,106677555.0
2026-04-06 04:00:00,0.0022,0.00226,0.00218,0.00223,118660872.0
2026-04-06 08:00:00,0.00223,0.00231,0.00223,0.00225,157682973.0
2026-04-06 12:00:00,0.00225,0.00226,0.00219,0.00222,126526260.0
2026-04-06 16:00:00,0.00221,0.00223,0.0022,0.00222,46910647.0
2026-04-06 20:00:00,0.00222,0.00222,0.00215,0.00218,120573389.0
2026-04-07 00:00:00,0.00218,0.00219,0.00212,0.00217,145024040.0
2026-04-07 04:00:00,0.00217,0.00218,0.00212,0.00215,136162712.0
2026-04-07 08:00:00,0.00215,0.00218,0.00212,0.00214,105025249.0
2026-04-07 12:00:00,0.00213,0.00214,0.00207,0.0021,162011130.0
2026-04-07 16:00:00,0.0021,0.00221,0.0021,0.00215,319763304.0
2026-04-07 20:00:00,0.00215,0.00226,0.00213,0.00225,278128452.0
2026-04-08 00:00:00,0.00224,0.00227,0.00221,0.00223,121885940.0
2026-04-08 04:00:00,0.00224,0.00226,0.00222,0.00224,74347191.0
2026-04-08 08:00:00,0.00223,0.00224,0.00221,0.00222,55250836.0
2026-04-08 12:00:00,0.00223,0.00225,0.00217,0.00222,148045902.0
2026-04-08 16:00:00,0.00221,0.00225,0.00218,0.0022,90624893.0
2026-04-08 20:00:00,0.00221,0.00222,0.00215,0.00215,96721609.0
2026-04-09 00:00:00,0.00216,0.00218,0.00213,0.00215,134046926.0
2026-04-09 04:00:00,0.00216,0.00216,0.00213,0.00215,58762759.0
2026-04-09 08:00:00,0.00214,0.00216,0.00213,0.00214,43731656.0
2026-04-09 12:00:00,0.00214,0.00219,0.00212,0.00217,97631381.0
2026-04-09 16:00:00,0.00218,0.00222,0.00216,0.00217,117763669.0
2026-04-09 20:00:00,0.00217,0.0022,0.00214,0.00215,73835923.0
2026-04-10 00:00:00,0.00215,0.00218,0.00213,0.00216,71642559.0
2026-04-10 04:00:00,0.00216,0.00216,0.00212,0.00213,86634284.0
2026-04-10 08:00:00,0.00212,0.00216,0.00212,0.00215,58407243.0
2026-04-10 12:00:00,0.00214,0.00218,0.00214,0.00215,152028671.0
2026-04-10 16:00:00,0.00215,0.00219,0.00214,0.00218,90376908.0
2026-04-10 20:00:00,0.00219,0.0022,0.00215,0.00215,45120330.0
2026-04-11 00:00:00,0.00215,0.00216,0.00212,0.00213,81139155.0
2026-04-11 04:00:00,0.00214,0.00216,0.00211,0.00212,114296841.0
2026-04-11 08:00:00,0.00211,0.00214,0.00211,0.00213,36134088.0
2026-04-11 12:00:00,0.00213,0.00214,0.00209,0.00211,122962235.0
2026-04-11 16:00:00,0.00211,0.00216,0.0021,0.00215,60464556.0
2026-04-11 20:00:00,0.00215,0.00216,0.0021,0.00211,80764922.0
2026-04-12 00:00:00,0.00212,0.00212,0.00203,0.00206,184091781.0
2026-04-12 04:00:00,0.00206,0.00209,0.00204,0.00206,81933873.0
2026-04-12 08:00:00,0.00206,0.00213,0.00206,0.00207,116757983.0
2026-04-12 12:00:00,0.00207,0.00208,0.00203,0.00205,97265263.0
2026-04-12 16:00:00,0.00204,0.00209,0.00204,0.00207,41416362.0
2026-04-12 20:00:00,0.00207,0.00207,0.00203,0.00205,98748640.0
2026-04-13 00:00:00,0.00205,0.00206,0.00202,0.00204,52030544.0
2026-04-13 04:00:00,0.00203,0.00205,0.00202,0.00203,47704153.0
2026-04-13 08:00:00,0.00204,0.00209,0.00202,0.00206,60796755.0
2026-04-13 12:00:00,0.00205,0.00208,0.00203,0.00205,87659969.0
2026-04-13 16:00:00,0.00206,0.00208,0.00203,0.00207,108830946.0
2026-04-13 20:00:00,0.00207,0.00213,0.00205,0.00212,119769941.0
2026-04-14 00:00:00,0.00212,0.00213,0.00209,0.00209,49046465.0
2026-04-14 04:00:00,0.00209,0.00211,0.00207,0.00209,95157109.0
2026-04-14 08:00:00,0.00208,0.0021,0.00208,0.00209,48706986.0
2026-04-14 12:00:00,0.00209,0.00212,0.00208,0.00211,119508695.0
2026-04-14 16:00:00,0.00211,0.00213,0.00207,0.00208,91154096.0
2026-04-14 20:00:00,0.00208,0.00209,0.00207,0.00208,46334842.0
2026-04-15 00:00:00,0.00209,0.0021,0.00207,0.00209,44781294.0
2026-04-15 04:00:00,0.00209,0.00211,0.00207,0.00208,53252485.0
2026-04-15 08:00:00,0.00207,0.00212,0.00207,0.00211,86343602.0
2026-04-15 12:00:00,0.00211,0.00212,0.00205,0.00208,155396220.0
2026-04-15 16:00:00,0.00208,0.00216,0.00208,0.00215,135359953.0
2026-04-15 20:00:00,0.00216,0.00218,0.00213,0.00213,110007127.0
2026-04-16 00:00:00,0.00214,0.00218,0.00213,0.00216,122427424.0
2026-04-16 04:00:00,0.00217,0.0022,0.00215,0.00219,97239488.0
2026-04-16 08:00:00,0.00218,0.00222,0.00215,0.00221,108409112.0
2026-04-16 12:00:00,0.00222,0.00227,0.00218,0.00225,234628317.0
2026-04-16 16:00:00,0.00225,0.0023,0.00222,0.00229,148700918.0
2026-04-16 20:00:00,0.00228,0.0023,0.00224,0.0023,87224915.0
2026-04-17 00:00:00,0.0023,0.00232,0.00225,0.00226,113158058.0
2026-04-17 04:00:00,0.00226,0.00231,0.0022,0.00228,245898554.0
2026-04-17 08:00:00,0.00228,0.00239,0.00227,0.00237,309181502.0
2026-04-17 12:00:00,0.00237,0.00242,0.00234,0.00237,226903028.0
2026-04-17 16:00:00,0.00237,0.00253,0.00233,0.00237,569195460.0
2026-04-17 20:00:00,0.00237,0.00239,0.00234,0.00236,122637746.0
2026-04-18 00:00:00,0.00236,0.00243,0.0023,0.00241,200215818.0
2026-04-18 04:00:00,0.0024,0.00248,0.00237,0.00248,264046210.0
2026-04-18 08:00:00,0.00248,0.00248,0.00235,0.00238,248864455.0
2026-04-18 12:00:00,0.00238,0.00243,0.00235,0.00238,222054221.0
2026-04-18 16:00:00,0.00238,0.00238,0.00229,0.00232,190698517.0
2026-04-18 20:00:00,0.00232,0.00233,0.00227,0.00229,106531605.0
2026-04-19 00:00:00,0.00229,0.0023,0.00216,0.00221,170287698.0
2026-04-19 04:00:00,0.00222,0.00225,0.0022,0.00223,96175466.0
2026-04-19 08:00:00,0.00223,0.00226,0.0022,0.00225,103044052.0
2026-04-19 12:00:00,0.00225,0.00228,0.00223,0.00227,98466582.0
2026-04-19 16:00:00,0.00227,0.00228,0.00218,0.00223,84645032.0
2026-04-19 20:00:00,0.00223,0.00223,0.00214,0.00215,128031125.0
2026-04-20 00:00:00,0.00216,0.00221,0.00215,0.00218,86144880.0
2026-04-20 04:00:00,0.00219,0.00222,0.00216,0.00219,81680739.0
2026-04-20 08:00:00,0.00219,0.00226,0.00217,0.00226,68636155.0
2026-04-20 12:00:00,0.00225,0.00237,0.00225,0.00235,187027924.0
2026-04-20 16:00:00,0.00235,0.00241,0.0023,0.00234,274526798.0
2026-04-20 20:00:00,0.00234,0.00236,0.00228,0.00232,76762186.0
2026-04-21 00:00:00,0.00232,0.00233,0.00225,0.00225,72547212.0
2026-04-21 04:00:00,0.00225,0.00227,0.00223,0.00225,74740363.0
2026-04-21 08:00:00,0.00225,0.00231,0.00224,0.0023,100844046.0
2026-04-21 12:00:00,0.0023,0.00231,0.00223,0.00225,145684056.0
2026-04-21 16:00:00,0.00226,0.00228,0.00222,0.00223,115540982.0
2026-04-21 20:00:00,0.00223,0.00229,0.00222,0.00228,69558030.0
2026-04-22 00:00:00,0.00229,0.0023,0.00226,0.00227,55977240.0
2026-04-22 04:00:00,0.00228,0.00231,0.00224,0.0023,81308117.0
2026-04-22 08:00:00,0.002299,0.002316,0.00227,0.002286,144410617.0
2026-04-22 12:00:00,0.002285,0.002307,0.002261,0.002287,135422270.0
2026-04-22 16:00:00,0.002287,0.002306,0.00226,0.002274,61895731.0
2026-04-22 20:00:00,0.002275,0.00228,0.002216,0.002221,122278347.0
2026-04-23 00:00:00,0.002222,0.002231,0.002191,0.0022,112038271.0
2026-04-23 04:00:00,0.002199,0.002215,0.002178,0.002186,94456523.0
2026-04-23 08:00:00,0.002186,0.002194,0.002151,0.002182,85474709.0
2026-04-23 12:00:00,0.002182,0.002232,0.002179,0.00223,80827893.0
2026-04-23 16:00:00,0.002229,0.002233,0.00217,0.002211,88795615.0
2026-04-23 20:00:00,0.002212,0.002234,0.002207,0.002232,44297753.0
2026-04-24 00:00:00,0.002232,0.002252,0.002224,0.002236,47402056.0
2026-04-24 04:00:00,0.002236,0.002272,0.002199,0.002244,123233546.0
2026-04-24 08:00:00,0.002244,0.00228,0.002226,0.002265,118224921.0
2026-04-24 12:00:00,0.002268,0.002305,0.002263,0.002304,83846034.0
2026-04-24 16:00:00,0.002303,0.002366,0.002303,0.002362,175615673.0
2026-04-24 20:00:00,0.002364,0.002394,0.002316,0.002324,178071485.0
2026-04-25 00:00:00,0.002324,0.002369,0.002291,0.002357,94109897.0
2026-04-25 04:00:00,0.002358,0.002375,0.002328,0.002346,94142850.0
2026-04-25 08:00:00,0.002345,0.002352,0.002279,0.002283,90656699.0
2026-04-25 12:00:00,0.002282,0.002288,0.002247,0.002254,67152185.0
2026-04-25 16:00:00,0.002253,0.002258,0.002224,0.002246,62935731.0
2026-04-25 20:00:00,0.002245,0.002263,0.00223,0.002261,66236470.0
2026-04-26 00:00:00,0.00226,0.002261,0.002222,0.002237,113186001.0
2026-04-26 04:00:00,0.002236,0.002268,0.002229,0.002263,68295394.0
2026-04-26 08:00:00,0.002263,0.002308,0.00226,0.002299,123564905.0
2026-04-26 12:00:00,0.0023,0.002311,0.002258,0.0023,150758994.0
2026-04-26 16:00:00,0.002299,0.002313,0.002291,0.002301,71727238.0
2026-04-26 20:00:00,0.002301,0.002308,0.002281,0.002286,86332908.0
2026-04-27 00:00:00,0.002286,0.002323,0.002266,0.002298,210911717.0
2026-04-27 04:00:00,0.002297,0.002306,0.002212,0.002217,157743350.0
2026-04-27 08:00:00,0.002216,0.002235,0.002203,0.002219,81111625.0
2026-04-27 12:00:00,0.002219,0.002252,0.002176,0.002185,149140779.0
2026-04-27 16:00:00,0.002183,0.002204,0.002163,0.002195,76210530.0
2026-04-27 20:00:00,0.002196,0.002235,0.002195,0.002228,64797566.0
2026-04-28 00:00:00,0.002228,0.002239,0.002214,0.002231,49927858.0
2026-04-28 04:00:00,0.002233,0.002238,0.002209,0.00223,46979170.0
2026-04-28 08:00:00,0.00223,0.002239,0.002205,0.002213,48560386.0
2026-04-28 12:00:00,0.002214,0.002236,0.002207,0.002229,56776033.0
2026-04-28 16:00:00,0.00223,0.002286,0.002222,0.002283,103171027.0
2026-04-28 20:00:00,0.002285,0.00232,0.002277,0.002282,121682378.0
2026-04-29 00:00:00,0.002284,0.002375,0.002276,0.002367,176210362.0
2026-04-29 04:00:00,0.002368,0.002418,0.002326,0.002327,239630258.0
2026-04-29 08:00:00,0.002327,0.002367,0.002314,0.00233,117290117.0
2026-04-29 12:00:00,0.002331,0.002397,0.002314,0.002363,326720518.0
2026-04-29 16:00:00,0.002363,0.002408,0.002278,0.002289,419669454.0
2026-04-29 20:00:00,0.002289,0.00235,0.002289,0.002321,129675118.0
2026-04-30 00:00:00,0.002323,0.00236,0.00228,0.002287,86555282.0
2026-04-30 04:00:00,0.002287,0.002297,0.002265,0.002286,115147566.0
2026-04-30 08:00:00,0.002285,0.002299,0.002258,0.00227,92210307.0
2026-04-30 12:00:00,0.00227,0.002304,0.002264,0.002302,75336149.0
2026-04-30 16:00:00,0.002302,0.002325,0.00228,0.002281,68916761.0
2026-04-30 20:00:00,0.00228,0.002298,0.002247,0.002253,99322501.0
2026-05-01 00:00:00,0.002254,0.002307,0.00225,0.002292,87380449.0
2026-05-01 04:00:00,0.002291,0.002301,0.002264,0.002274,51450755.0
2026-05-01 08:00:00,0.002275,0.00232,0.002273,0.002301,86539377.0
2026-05-01 12:00:00,0.002301,0.002365,0.002298,0.002313,97876648.0
2026-05-01 16:00:00,0.002315,0.00233,0.002291,0.0023,69370850.0
2026-05-01 20:00:00,0.002301,0.002305,0.002261,0.002273,43698001.0
2026-05-02 00:00:00,0.002273,0.002277,0.002251,0.002275,92499300.0
2026-05-02 04:00:00,0.002274,0.002275,0.002242,0.002256,52490916.0
2026-05-02 08:00:00,0.002255,0.002267,0.002235,0.002243,42192328.0
2026-05-02 12:00:00,0.002242,0.002289,0.002236,0.002287,57112336.0
2026-05-02 16:00:00,0.002287,0.002314,0.002285,0.002313,58282642.0
2026-05-02 20:00:00,0.002314,0.002338,0.002307,0.002308,65280095.0
2026-05-03 00:00:00,0.002308,0.002319,0.002252,0.00226,63398003.0
2026-05-03 04:00:00,0.00226,0.002275,0.002241,0.002257,48123520.0
2026-05-03 08:00:00,0.002257,0.002276,0.002248,0.002259,74650967.0
2026-05-03 12:00:00,0.00226,0.002285,0.00225,0.002254,50573886.0
2026-05-03 16:00:00,0.002255,0.002257,0.002233,0.002243,51614574.0
2026-05-03 20:00:00,0.002244,0.002256,0.002216,0.002226,84964417.0
2026-05-04 00:00:00,0.002227,0.002304,0.002202,0.002296,140716457.0
2026-05-04 04:00:00,0.002297,0.002308,0.002261,0.002262,67335110.0
2026-05-04 08:00:00,0.002261,0.002287,0.002222,0.00223,116499583.0
2026-05-04 12:00:00,0.00223,0.002264,0.002221,0.002248,97702141.0
2026-05-04 16:00:00,0.002248,0.002266,0.002229,0.002235,57369242.0
2026-05-04 20:00:00,0.002234,0.002263,0.002222,0.002245,53102110.0
2026-05-05 00:00:00,0.002246,0.002286,0.002236,0.002262,73115467.0
2026-05-05 04:00:00,0.002262,0.002315,0.002234,0.002297,131565419.0
2026-05-05 08:00:00,0.002298,0.002301,0.002267,0.002295,114149260.0
2026-05-05 12:00:00,0.002296,0.002337,0.002287,0.002313,111047186.0
2026-05-05 16:00:00,0.002314,0.00233,0.002296,0.002326,99729475.0
2026-05-05 20:00:00,0.002325,0.002423,0.002325,0.002341,260433268.0
2026-05-06 00:00:00,0.00234,0.002412,0.002331,0.002395,261611965.0
2026-05-06 04:00:00,0.002395,0.002421,0.002373,0.002402,139052033.0
2026-05-06 08:00:00,0.002402,0.002434,0.0024,0.002409,133046329.0
2026-05-06 12:00:00,0.00241,0.002428,0.002343,0.002378,122173195.0
2026-05-06 16:00:00,0.002378,0.002396,0.002362,0.002378,91906568.0
2026-05-06 20:00:00,0.002378,0.002415,0.002369,0.002396,102745699.0
2026-05-07 00:00:00,0.002395,0.002396,0.002322,0.002322,113053608.0
2026-05-07 04:00:00,0.002323,0.002431,0.002319,0.002417,146247429.0
2026-05-07 08:00:00,0.002416,0.002428,0.002369,0.002398,233129749.0
2026-05-07 12:00:00,0.002397,0.002446,0.00233,0.002365,206665452.0
2026-05-07 16:00:00,0.002364,0.002429,0.002352,0.002417,123829915.0
2026-05-07 20:00:00,0.002417,0.002441,0.002393,0.002413,73261867.0
2026-05-08 00:00:00,0.002413,0.002418,0.002367,0.002386,82747829.0
2026-05-08 04:00:00,0.002386,0.0024,0.002372,0.002386,53104651.0
2026-05-08 08:00:00,0.002386,0.002418,0.002381,0.002405,68209551.0
2026-05-08 12:00:00,0.002406,0.002466,0.002381,0.002459,151635404.0
2026-05-08 16:00:00,0.00246,0.002529,0.002446,0.002517,157277021.0
2026-05-08 20:00:00,0.002517,0.002547,0.00251,0.002532,66344810.0
2026-05-09 00:00:00,0.002534,0.002694,0.002525,0.002614,345788218.0
2026-05-09 04:00:00,0.002613,0.00265,0.002582,0.002591,130925091.0
2026-05-09 08:00:00,0.002592,0.002645,0.002558,0.002601,192131686.0
2026-05-09 12:00:00,0.002602,0.00261,0.00248,0.002504,196520032.0
2026-05-09 16:00:00,0.002504,0.002536,0.002488,0.002526,90832263.0
2026-05-09 20:00:00,0.002524,0.002524,0.002454,0.002468,101733548.0
2026-05-10 00:00:00,0.002468,0.00249,0.002434,0.00248,129521889.0
2026-05-10 04:00:00,0.00248,0.002543,0.002476,0.002526,133964105.0
2026-05-10 08:00:00,0.002525,0.002562,0.002522,0.002535,146605014.0
2026-05-10 12:00:00,0.002533,0.002579,0.002519,0.002579,120386192.0
2026-05-10 16:00:00,0.002577,0.002649,0.002564,0.002617,181391152.0
2026-05-10 20:00:00,0.002617,0.002631,0.002512,0.002593,150686281.0
2026-05-11 00:00:00,0.002593,0.002607,0.002482,0.002511,168769137.0
2026-05-11 04:00:00,0.002511,0.002542,0.002492,0.002516,75688926.0
2026-05-11 08:00:00,0.002516,0.002557,0.002503,0.002538,83986845.0
2026-05-11 12:00:00,0.002538,0.002545,0.00249,0.00254,98022988.0
2026-05-11 16:00:00,0.00254,0.002571,0.002527,0.002567,67598271.0
2026-05-11 20:00:00,0.002568,0.002577,0.002538,0.002547,46846050.0
2026-05-12 00:00:00,0.002547,0.002551,0.002485,0.002495,71487843.0
2026-05-12 04:00:00,0.002495,0.002541,0.002487,0.002519,79748303.0
2026-05-12 08:00:00,0.002519,0.002526,0.00246,0.002476,85130013.0
2026-05-12 12:00:00,0.002475,0.002506,0.002412,0.002426,215700042.0
2026-05-12 16:00:00,0.002427,0.002478,0.002415,0.002471,70106658.0
2026-05-12 20:00:00,0.002471,0.00248,0.002432,0.002434,64193947.0
2026-05-13 00:00:00,0.002435,0.002484,0.002433,0.002474,55594407.0
2026-05-13 04:00:00,0.002475,0.002478,0.002432,0.002478,102485180.0
2026-05-13 08:00:00,0.00248,0.002522,0.002435,0.00244,106522789.0
2026-05-13 12:00:00,0.002441,0.002446,0.002304,0.002308,336698333.0
2026-05-13 16:00:00,0.002307,0.002352,0.002305,0.00232,108871787.0
2026-05-13 20:00:00,0.002321,0.002333,0.002293,0.002313,72860582.0
2026-05-14 00:00:00,0.002313,0.002333,0.00226,0.002267,104989753.0
2026-05-14 04:00:00,0.002267,0.002312,0.002261,0.002294,59966859.0
2026-05-14 08:00:00,0.002294,0.002316,0.002272,0.002308,107985239.0
2026-05-14 12:00:00,0.002307,0.002375,0.002302,0.002369,125585211.0
2026-05-14 16:00:00,0.00237,0.00239,0.002342,0.002344,82262296.0
2026-05-14 20:00:00,0.002344,0.002352,0.002301,0.002306,65405463.0
2026-05-15 00:00:00,0.002308,0.002354,0.002302,0.002343,97183095.0
2026-05-15 04:00:00,0.002343,0.002343,0.002253,0.002288,146348020.0
2026-05-15 08:00:00,0.002289,0.002292,0.002265,0.00228,81215520.0
2026-05-15 12:00:00,0.002279,0.00228,0.002147,0.002175,260917533.0
2026-05-15 16:00:00,0.002174,0.002208,0.002167,0.002188,75034159.0
2026-05-15 20:00:00,0.002188,0.002205,0.002178,0.002204,70001019.0
2026-05-16 00:00:00,0.002204,0.002227,0.002195,0.002198,59560504.0
2026-05-16 04:00:00,0.002199,0.0022,0.002083,0.002114,209493096.0
2026-05-16 08:00:00,0.002113,0.002127,0.002078,0.002108,124867127.0
2026-05-16 12:00:00,0.002107,0.002141,0.002097,0.002128,58100806.0
2026-05-16 16:00:00,0.002127,0.002139,0.002121,0.002123,52714939.0
2026-05-16 20:00:00,0.002124,0.002126,0.0021,0.002101,31251757.0
2026-05-17 00:00:00,0.0021,0.002135,0.002077,0.002129,67351205.0
2026-05-17 04:00:00,0.002128,0.002154,0.002119,0.002127,64544725.0
2026-05-17 08:00:00,0.002128,0.002148,0.002117,0.00212,43882056.0
2026-05-17 12:00:00,0.00212,0.002122,0.002088,0.002113,50324320.0
2026-05-17 16:00:00,0.002114,0.002124,0.002084,0.00212,51943790.0
2026-05-17 20:00:00,0.00212,0.002122,0.001987,0.002051,181076350.0
2026-05-18 00:00:00,0.00205,0.002078,0.00203,0.00206,94360455.0
2026-05-18 04:00:00,0.002059,0.002071,0.002027,0.002033,80080415.0
2026-05-18 08:00:00,0.002035,0.002047,0.002014,0.002037,87836860.0
2026-05-18 12:00:00,0.002038,0.002063,0.002005,0.002023,104972643.0
2026-05-18 16:00:00,0.002024,0.002062,0.002008,0.002054,58419619.0
2026-05-18 20:00:00,0.002055,0.002083,0.002046,0.002072,49442009.0
2026-05-19 00:00:00,0.002071,0.002089,0.002044,0.002045,58839889.0
2026-05-19 04:00:00,0.002045,0.002068,0.002035,0.00206,41513972.0
2026-05-19 08:00:00,0.00206,0.002061,0.00201,0.002011,63335895.0
2026-05-19 12:00:00,0.002011,0.002039,0.001974,0.002002,126919973.0
2026-05-19 16:00:00,0.002004,0.002036,0.002,0.002021,47581057.0
2026-05-19 20:00:00,0.002022,0.002031,0.001995,0.00201,35727317.0
2026-05-20 00:00:00,0.002009,0.002013,0.001948,0.001967,182449092.0
2026-05-20 04:00:00,0.001966,0.00199,0.001931,0.001972,211103366.0
2026-05-20 08:00:00,0.001972,0.001986,0.001966,0.001972,82887267.0
2026-05-20 12:00:00,0.001972,0.002024,0.001966,0.002019,113139378.0
2026-05-20 16:00:00,0.002018,0.002038,0.002007,0.002027,68851335.0
2026-05-20 20:00:00,0.002027,0.002034,0.001997,0.002003,46372900.0
2026-05-21 00:00:00,0.002003,0.002073,0.001998,0.00207,216299902.0
2026-05-21 04:00:00,0.00207,0.002077,0.002045,0.002069,78513243.0
2026-05-21 08:00:00,0.002068,0.002085,0.001996,0.002009,161025631.0
2026-05-21 12:00:00,0.00201,0.00205,0.002003,0.002041,103497092.0
2026-05-21 16:00:00,0.00204,0.002082,0.002023,0.002077,90758984.0
2026-05-21 20:00:00,0.002078,0.002085,0.002055,0.002064,51158628.0
2026-05-22 00:00:00,0.002066,0.002073,0.002038,0.002063,77163510.0
2026-05-22 04:00:00,0.002063,0.002078,0.002045,0.002071,82137550.0
2026-05-22 08:00:00,0.002069,0.002074,0.00204,0.002046,67889670.0
2026-05-22 12:00:00,0.002045,0.002071,0.002007,0.002022,118209190.0
2026-05-22 16:00:00,0.002022,0.002042,0.001938,0.001957,166943454.0
2026-05-22 20:00:00,0.001956,0.001989,0.001915,0.001936,147578896.0
2026-05-23 00:00:00,0.001936,0.001989,0.001928,0.001978,117112653.0
2026-05-23 04:00:00,0.001979,0.001979,0.001853,0.001895,177306651.0
2026-05-23 08:00:00,0.001895,0.001911,0.001875,0.001898,145177760.0
2026-05-23 12:00:00,0.001898,0.001971,0.001892,0.001962,90027356.0
2026-05-23 16:00:00,0.001962,0.002,0.001949,0.001988,84053431.0
2026-05-23 20:00:00,0.001989,0.002034,0.001964,0.001999,158668179.0
2026-05-24 00:00:00,0.001999,0.00201,0.001973,0.001975,80116673.0
2026-05-24 04:00:00,0.001975,0.001985,0.001956,0.001969,81546932.0
2026-05-24 08:00:00,0.001968,0.001975,0.001952,0.001954,52571283.0
2026-05-24 12:00:00,0.001954,0.001955,0.00189,0.001924,101333409.0
2026-05-24 16:00:00,0.001923,0.00193,0.001901,0.001909,45193416.0
2026-05-24 20:00:00,0.00191,0.001911,0.001863,0.00191,114050407.0
2026-05-25 00:00:00,0.001909,0.001915,0.001886,0.001904,69366416.0
2026-05-25 04:00:00,0.001904,0.001952,0.001898,0.00194,67119954.0
2026-05-25 08:00:00,0.001939,0.001953,0.00192,0.001921,56763887.0
2026-05-25 12:00:00,0.00192,0.001957,0.001917,0.001951,75720604.0
2026-05-25 16:00:00,0.001951,0.001994,0.001946,0.001955,138264572.0
2026-05-25 20:00:00,0.001955,0.001957,0.001918,0.001936,65425820.0
2026-05-26 00:00:00,0.001936,0.001936,0.001897,0.001908,162434814.0
2026-05-26 04:00:00,0.001908,0.001936,0.001892,0.001906,142212340.0
2026-05-26 08:00:00,0.001906,0.001959,0.001903,0.001948,107855807.0
2026-05-26 12:00:00,0.001947,0.001964,0.001915,0.001931,156081174.0
2026-05-26 16:00:00,0.001931,0.001931,0.001881,0.001897,141595486.0
2026-05-26 20:00:00,0.001898,0.001902,0.001873,0.001875,89245510.0
2026-05-27 00:00:00,0.001875,0.001889,0.001792,0.001813,292138186.0
2026-05-27 04:00:00,0.001813,0.001868,0.001793,0.001868,222860559.0
2026-05-27 08:00:00,0.001866,0.001876,0.001834,0.001852,103336973.0
2026-05-27 12:00:00,0.001852,0.001922,0.001846,0.001904,183847083.0
2026-05-27 16:00:00,0.001905,0.001912,0.001855,0.001891,92290009.0
2026-05-27 20:00:00,0.001891,0.001899,0.001829,0.00184,124319773.0
2026-05-28 00:00:00,0.001841,0.001846,0.001769,0.001779,167789862.0
2026-05-28 04:00:00,0.001778,0.00179,0.001729,0.001783,197601868.0
2026-05-28 08:00:00,0.001783,0.001786,0.001752,0.001754,83666824.0
2026-05-28 12:00:00,0.001755,0.001782,0.001738,0.001774,128136548.0
2026-05-28 16:00:00,0.001773,0.001829,0.001764,0.0018,91072118.0
2026-05-28 20:00:00,0.001798,0.001821,0.001791,0.001797,59260027.0
2026-05-29 00:00:00,0.001798,0.001817,0.00178,0.001789,65536444.0
2026-05-29 04:00:00,0.00179,0.001815,0.001774,0.001796,85286159.0
2026-05-29 08:00:00,0.001795,0.001801,0.001765,0.001776,105507893.0
2026-05-29 12:00:00,0.001776,0.001826,0.001745,0.001816,173461522.0
2026-05-29 16:00:00,0.001816,0.001853,0.001775,0.001798,221014472.0
2026-05-29 20:00:00,0.001798,0.001817,0.001787,0.001801,91428337.0
2026-05-30 00:00:00,0.001802,0.001856,0.001799,0.001842,129640368.0
2026-05-30 04:00:00,0.001841,0.001857,0.001814,0.001849,127101805.0
2026-05-30 08:00:00,0.001848,0.001864,0.001826,0.001838,153283678.0
2026-05-30 12:00:00,0.001837,0.00185,0.001824,0.001834,133208371.0
2026-05-30 16:00:00,0.001834,0.001849,0.001829,0.001842,59742068.0
2026-05-30 20:00:00,0.001843,0.001848,0.001817,0.001827,54299825.0
2026-05-31 00:00:00,0.001827,0.00187,0.001818,0.001859,104185739.0
2026-05-31 04:00:00,0.001859,0.001868,0.001836,0.001845,84277432.0
2026-05-31 08:00:00,0.001845,0.001884,0.001841,0.001872,171079794.0
2026-05-31 12:00:00,0.001871,0.001888,0.001828,0.001839,141765480.0
2026-05-31 16:00:00,0.00184,0.001857,0.001817,0.001842,113697858.0
2026-05-31 20:00:00,0.001842,0.001912,0.001842,0.001905,135749871.0
2026-06-01 00:00:00,0.001905,0.001995,0.001904,0.001982,352167178.0
2026-06-01 04:00:00,0.001982,0.002054,0.001928,0.001939,801781076.0
2026-06-01 08:00:00,0.001939,0.002027,0.00193,0.001973,373936550.0
2026-06-01 12:00:00,0.001975,0.002058,0.001947,0.002038,602122776.0
2026-06-01 16:00:00,0.002038,0.00205,0.001995,0.002016,335944794.0
2026-06-01 20:00:00,0.002017,0.002029,0.001957,0.001992,189909917.0
2026-06-02 00:00:00,0.001991,0.001994,0.001899,0.001958,245199891.0
2026-06-02 04:00:00,0.001959,0.001965,0.001902,0.001924,160818423.0
2026-06-02 08:00:00,0.001925,0.001936,0.001897,0.00192,116335721.0
2026-06-02 12:00:00,0.001918,0.001972,0.001792,0.001834,365779452.0
2026-06-02 16:00:00,0.001835,0.00188,0.001769,0.001821,260043502.0
2026-06-02 20:00:00,0.001821,0.001878,0.00175,0.001789,232958241.0
2026-06-03 00:00:00,0.00179,0.001816,0.00175,0.001758,140773978.0
2026-06-03 04:00:00,0.001758,0.001867,0.001758,0.001854,132007045.0
2026-06-03 08:00:00,0.001854,0.001885,0.001836,0.001858,77887029.0
2026-06-03 12:00:00,0.001859,0.001867,0.001825,0.001826,89449916.0
2026-06-03 16:00:00,0.001826,0.001858,0.001788,0.001826,146586621.0
2026-06-03 20:00:00,0.001824,0.001862,0.001777,0.001808,143396142.0
2026-06-04 00:00:00,0.001807,0.001819,0.001593,0.001738,477003589.0
2026-06-04 04:00:00,0.001738,0.001744,0.001668,0.00167,138004969.0
2026-06-04 08:00:00,0.001671,0.001683,0.001613,0.001643,205294402.0
2026-06-04 12:00:00,0.001644,0.001724,0.001629,0.00171,215404012.0
2026-06-04 16:00:00,0.001708,0.00171,0.001666,0.00169,132643265.0
2026-06-04 20:00:00,0.00169,0.001691,0.001628,0.001664,101557677.0
2026-06-05 00:00:00,0.001663,0.001674,0.001588,0.001595,185748968.0
2026-06-05 04:00:00,0.001596,0.001631,0.001485,0.001555,351939404.0
2026-06-05 08:00:00,0.001554,0.001579,0.001522,0.001548,179865982.0
2026-06-05 12:00:00,0.001547,0.001575,0.00149,0.001503,265563374.0
2026-06-05 16:00:00,0.001502,0.001558,0.001439,0.001492,312378088.0
2026-06-05 20:00:00,0.001494,0.001549,0.00148,0.001512,166622026.0
2026-06-06 00:00:00,0.001512,0.00154,0.001474,0.001479,94432162.0
2026-06-06 04:00:00,0.001479,0.001513,0.001403,0.001502,197352370.0
2026-06-06 08:00:00,0.001501,0.001526,0.001468,0.001495,100032340.0
2026-06-06 12:00:00,0.001495,0.001539,0.001489,0.001526,117246109.0
2026-06-06 16:00:00,0.001524,0.001532,0.001473,0.001485,95203586.0
2026-06-06 20:00:00,0.001486,0.001519,0.001481,0.001509,84637195.0
2026-06-07 00:00:00,0.001509,0.001556,0.001507,0.001534,100191279.0
2026-06-07 04:00:00,0.001533,0.001548,0.001519,0.001543,81569207.0
2026-06-07 08:00:00,0.001542,0.001581,0.001528,0.001538,122960614.0
2026-06-07 12:00:00,0.001537,0.00154,0.001503,0.001528,86692171.0
2026-06-07 16:00:00,0.001529,0.001535,0.001474,0.001481,155390253.0
2026-06-07 20:00:00,0.001482,0.001572,0.001478,0.001543,127417521.0
2026-06-08 00:00:00,0.001542,0.001562,0.001517,0.001525,93568445.0
2026-06-08 04:00:00,0.001526,0.001532,0.0015,0.001525,71078035.0
2026-06-08 08:00:00,0.001524,0.001564,0.001508,0.001556,77326674.0
2026-06-08 12:00:00,0.001556,0.001568,0.001531,0.001553,96846063.0
2026-06-08 16:00:00,0.001553,0.001569,0.001536,0.00154,64225779.0
2026-06-08 20:00:00,0.001539,0.001557,0.001509,0.001515,81157982.0
2026-06-09 00:00:00,0.001516,0.001519,0.001454,0.001476,196812111.0
2026-06-09 04:00:00,0.001476,0.001506,0.001463,0.001474,135702949.0
2026-06-09 08:00:00,0.001475,0.001482,0.0014481,0.001472,166570981.0
2026-06-09 12:00:00,0.001471,0.001484,0.00143,0.001446,248738511.0
2026-06-09 16:00:00,0.001446,0.001477,0.001421,0.001475,123254848.0
2026-06-09 20:00:00,0.001476,0.001483,0.001437,0.001456,166777905.0
2026-06-10 00:00:00,0.001456,0.001466,0.00144,0.001452,87112752.0
2026-06-10 04:00:00,0.00145,0.001455,0.001435,0.001447,96241845.0
2026-06-10 08:00:00,0.001446,0.001449,0.001416,0.001431,116979305.0
2026-06-10 12:00:00,0.00143,0.001491,0.001424,0.001471,171369858.0
2026-06-10 16:00:00,0.001474,0.001481,0.001441,0.001453,111770547.0
2026-06-10 20:00:00,0.001454,0.001458,0.001407,0.001442,124113655.0
2026-06-11 00:00:00,0.001444,0.001497,0.001441,0.001493,145293199.0
2026-06-11 04:00:00,0.001491,0.001506,0.001478,0.001496,101807756.0
2026-06-11 08:00:00,0.001497,0.001514,0.001487,0.001491,117043756.0
2026-06-11 12:00:00,0.001492,0.001492,0.001465,0.001488,121696949.0
2026-06-11 16:00:00,0.001489,0.001524,0.001466,0.001504,161192709.0
2026-06-11 20:00:00,0.001505,0.001514,0.001483,0.001486,92380285.0
2026-06-12 00:00:00,0.001488,0.001504,0.00148,0.001497,74427765.0
2026-06-12 04:00:00,0.001498,0.001498,0.001461,0.001486,93994619.0
2026-06-12 08:00:00,0.001484,0.001514,0.001482,0.001502,85754330.0
2026-06-12 12:00:00,0.001502,0.001527,0.001482,0.001493,118277675.0
2026-06-12 16:00:00,0.001494,0.001517,0.00149,0.001493,71357415.0
2026-06-12 20:00:00,0.001493,0.001497,0.001473,0.001488,65658876.0
2026-06-13 00:00:00,0.001488,0.001504,0.001478,0.001486,52810324.0
2026-06-13 04:00:00,0.001486,0.001504,0.001476,0.001502,68332861.0
2026-06-13 08:00:00,0.001501,0.001515,0.001496,0.001511,62592408.0
2026-06-13 12:00:00,0.001512,0.001515,0.0015,0.00151,49090388.0
2026-06-13 16:00:00,0.001509,0.001513,0.001491,0.001499,74084203.0
2026-06-13 20:00:00,0.0015,0.001511,0.001489,0.001494,49474879.0
2026-06-14 00:00:00,0.001494,0.001511,0.001486,0.001501,85628104.0
2026-06-14 04:00:00,0.001501,0.001518,0.001486,0.001488,140223195.0
2026-06-14 08:00:00,0.001488,0.001509,0.001484,0.001492,84946253.0
2026-06-14 12:00:00,0.001494,0.001499,0.001468,0.001472,102808601.0
2026-06-14 16:00:00,0.001472,0.001479,0.001458,0.00147,91905613.0
2026-06-14 20:00:00,0.00147,0.001553,0.001468,0.001546,237757274.0
2026-06-15 00:00:00,0.001546,0.001552,0.001528,0.001544,116333245.0
2026-06-15 04:00:00,0.001544,0.001549,0.001528,0.001531,83401510.0
2026-06-15 08:00:00,0.001529,0.001577,0.001527,0.001567,134352888.0
2026-06-15 12:00:00,0.001567,0.001605,0.001564,0.001585,200339974.0
2026-06-15 16:00:00,0.001588,0.001595,0.001531,0.001541,183411414.0
2026-06-15 20:00:00,0.001541,0.001548,0.001514,0.001526,92991645.0
2026-06-16 00:00:00,0.001525,0.001537,0.001488,0.001522,112386924.0
2026-06-16 04:00:00,0.001522,0.001526,0.001503,0.001518,68364355.0
2026-06-16 08:00:00,0.001519,0.001548,0.001516,0.001533,90161636.0
2026-06-16 12:00:00,0.001533,0.001549,0.001482,0.001502,205251689.0
2026-06-16 16:00:00,0.001502,0.001538,0.001497,0.00151,106170826.0
2026-06-16 20:00:00,0.00151,0.001532,0.001501,0.001507,89142132.0
2026-06-17 00:00:00,0.001508,0.001539,0.001508,0.001513,93627369.0
2026-06-17 04:00:00,0.001514,0.001525,0.00149,0.001505,92887676.0
2026-06-17 08:00:00,0.001505,0.001505,0.001475,0.001486,146025667.0
2026-06-17 12:00:00,0.001488,0.001534,0.001477,0.001532,132841747.0
2026-06-17 16:00:00,0.001534,0.001551,0.001473,0.001487,306280207.0
2026-06-17 20:00:00,0.001485,0.001502,0.001468,0.001494,119226536.0
2026-06-18 00:00:00,0.001494,0.001502,0.00146,0.001465,108147500.0
2026-06-18 04:00:00,0.001466,0.001485,0.001444,0.001465,211396184.0
2026-06-18 08:00:00,0.001464,0.001471,0.001445,0.001451,109726388.0
2026-06-18 12:00:00,0.001451,0.001462,0.00138,0.001384,296327755.0
2026-06-18 16:00:00,0.001382,0.001417,0.001379,0.001414,183759577.0
2026-06-18 20:00:00,0.001414,0.001429,0.001405,0.001421,59942072.0
2026-06-19 00:00:00,0.001421,0.001438,0.001395,0.00141,107245854.0
2026-06-19 04:00:00,0.001411,0.001417,0.0013841,0.001392,103482967.0
2026-06-19 08:00:00,0.001391,0.001407,0.00139,0.001396,73897130.0
2026-06-19 12:00:00,0.001397,0.001431,0.001387,0.001411,84339625.0
2026-06-19 16:00:00,0.001411,0.001428,0.001392,0.001402,99361627.0
2026-06-19 20:00:00,0.001401,0.00141,0.001394,0.001404,46983848.0
2026-06-20 00:00:00,0.001405,0.001412,0.001374,0.001379,118944680.0
2026-06-20 04:00:00,0.00138,0.001424,0.001376,0.001408,135757240.0
2026-06-20 08:00:00,0.001408,0.001426,0.001391,0.001417,143164949.0
2026-06-20 12:00:00,0.001417,0.001446,0.001393,0.001441,130886301.0
2026-06-20 16:00:00,0.001441,0.001454,0.001422,0.001445,116084178.0
2026-06-20 20:00:00,0.001443,0.00145,0.001427,0.001438,58963970.0
2026-06-21 00:00:00,0.001439,0.001457,0.001433,0.001437,64855193.0
2026-06-21 04:00:00,0.001437,0.001442,0.001421,0.001435,72094890.0
2026-06-21 08:00:00,0.001435,0.001447,0.001422,0.001427,79353612.0
2026-06-21 12:00:00,0.001426,0.001437,0.001422,0.001434,59265770.0
2026-06-21 16:00:00,0.001435,0.001436,0.00142,0.001433,41870536.0
2026-06-21 20:00:00,0.001432,0.001432,0.0013842,0.001388,111540520.0
2026-06-22 00:00:00,0.001388,0.001439,0.001387,0.001404,93021671.0
2026-06-22 04:00:00,0.001405,0.001422,0.001398,0.00142,78295713.0
2026-06-22 08:00:00,0.001419,0.001432,0.001406,0.00143,59854497.0
2026-06-22 12:00:00,0.001429,0.001441,0.001412,0.001414,96062697.0
2026-06-22 16:00:00,0.001415,0.001434,0.001396,0.001401,169669358.0
2026-06-22 20:00:00,0.0014,0.001405,0.001358,0.001377,174135513.0
2026-06-23 00:00:00,0.001376,0.0014,0.001366,0.001394,143226038.0
2026-06-23 04:00:00,0.001394,0.001398,0.001324,0.001337,260792291.0
2026-06-23 08:00:00,0.001337,0.001349,0.00129,0.001317,276527535.0
2026-06-23 12:00:00,0.001317,0.001338,0.001304,0.001316,153560836.0
2026-06-23 16:00:00,0.001315,0.001334,0.001308,0.001313,98136884.0
2026-06-23 20:00:00,0.001312,0.001324,0.001303,0.001311,81940203.0
2026-06-24 00:00:00,0.001311,0.001318,0.001292,0.001294,101488235.0
2026-06-24 04:00:00,0.001295,0.001315,0.001283,0.001303,104041744.0
2026-06-24 08:00:00,0.001303,0.001317,0.001283,0.001313,108809831.0
2026-06-24 12:00:00,0.001312,0.001313,0.001246,0.001253,357318058.0
2026-06-24 16:00:00,0.001253,0.001271,0.001208,0.001245,308918649.0
2026-06-24 20:00:00,0.001244,0.00128,0.001242,0.001262,82812555.0
2026-06-25 00:00:00,0.001263,0.001268,0.00124,0.001243,80366902.0
2026-06-25 04:00:00,0.001244,0.001268,0.001236,0.001265,61922031.0
2026-06-25 08:00:00,0.001266,0.001269,0.001245,0.001249,86025884.0
2026-06-25 12:00:00,0.00125,0.001272,0.001155,0.001224,560084516.0
2026-06-25 16:00:00,0.001224,0.001236,0.001195,0.001206,103301827.0
2026-06-25 20:00:00,0.001207,0.001243,0.001207,0.001232,114055376.0
2026-06-26 00:00:00,0.001232,0.001241,0.001189,0.001239,208691471.0
2026-06-26 04:00:00,0.001238,0.001257,0.00122,0.00125,199189273.0
2026-06-26 08:00:00,0.001251,0.001254,0.001209,0.001215,169007267.0
2026-06-26 12:00:00,0.001215,0.001264,0.001197,0.001255,208213033.0
2026-06-26 16:00:00,0.001256,0.001277,0.001251,0.001252,131063364.0
2026-06-26 20:00:00,0.001253,0.001266,0.001239,0.001244,75680705.0
2026-06-27 00:00:00,0.001244,0.001256,0.001239,0.00125,62373566.0
2026-06-27 04:00:00,0.001249,0.001262,0.001239,0.001241,98916788.0
2026-06-27 08:00:00,0.001242,0.001242,0.001223,0.00123,98782153.0
2026-06-27 12:00:00,0.001231,0.001237,0.001223,0.001232,91524022.0
2026-06-27 16:00:00,0.001231,0.001234,0.001206,0.001214,114494850.0
2026-06-27 20:00:00,0.001215,0.001222,0.001198,0.00121,87354651.0
2026-06-28 00:00:00,0.00121,0.001221,0.001206,0.00122,70300249.0
2026-06-28 04:00:00,0.001221,0.001228,0.001201,0.001218,143621246.0
2026-06-28 08:00:00,0.001217,0.001233,0.001206,0.001225,88843495.0
2026-06-28 12:00:00,0.001224,0.001273,0.001219,0.00127,243133864.0
2026-06-28 16:00:00,0.001271,0.001294,0.001241,0.001259,374019463.0
2026-06-28 20:00:00,0.001258,0.001267,0.0012,0.00122,215760083.0
2026-06-29 00:00:00,0.00122,0.00125,0.001206,0.001244,129544456.0
2026-06-29 04:00:00,0.001243,0.001243,0.001216,0.00122,95047317.0
2026-06-29 08:00:00,0.001219,0.001234,0.001211,0.001224,95886630.0
2026-06-29 12:00:00,0.001225,0.001246,0.001205,0.001223,197899389.0
2026-06-29 16:00:00,0.001222,0.001249,0.001216,0.001236,110922591.0
2026-06-29 20:00:00,0.001235,0.001238,0.001214,0.001227,75371910.0
2026-06-30 00:00:00,0.001226,0.001226,0.001196,0.001199,98511090.0
2026-06-30 04:00:00,0.001199,0.001217,0.001199,0.001215,82472868.0
2026-06-30 08:00:00,0.001214,0.001217,0.001189,0.001194,108081205.0
2026-06-30 12:00:00,0.001194,0.001202,0.001177,0.001188,229867426.0
2026-06-30 16:00:00,0.001188,0.001204,0.001183,0.001191,129733467.0
2026-06-30 20:00:00,0.001191,0.001193,0.001151,0.001155,198050965.0
2026-07-01 00:00:00,0.001155,0.001169,0.001122,0.001169,262542860.0
2026-07-01 04:00:00,0.001169,0.001177,0.001151,0.001166,127869773.0
2026-07-01 08:00:00,0.001165,0.001196,0.001162,0.001195,133648614.0
2026-07-01 12:00:00,0.001196,0.001256,0.001175,0.001244,329684824.0
2026-07-01 16:00:00,0.001243,0.001248,0.001227,0.001229,200694594.0
2026-07-01 20:00:00,0.00123,0.001286,0.001224,0.001272,311587412.0
2026-07-02 00:00:00,0.001275,0.001284,0.001252,0.001265,236032584.0
2026-07-02 04:00:00,0.001265,0.001266,0.001232,0.001244,179380039.0
2026-07-02 08:00:00,0.001244,0.001264,0.001236,0.001257,149988909.0
2026-07-02 12:00:00,0.001257,0.001278,0.001245,0.001253,169914264.0
2026-07-02 16:00:00,0.001252,0.001269,0.001244,0.001265,107141562.0
2026-07-02 20:00:00,0.001264,0.001295,0.001254,0.001277,156525856.0
2026-07-03 00:00:00,0.001277,0.001284,0.001267,0.001268,91130687.0
2026-07-03 04:00:00,0.001268,0.001276,0.001257,0.001263,88182143.0
2026-07-03 08:00:00,0.001263,0.001293,0.001262,0.001291,120523096.0
2026-07-03 12:00:00,0.001291,0.001299,0.001278,0.001283,149399529.0
2026-07-03 16:00:00,0.001283,0.001322,0.001274,0.001317,134504513.0
2026-07-03 20:00:00,0.001316,0.001325,0.001302,0.00131,106134272.0
2026-07-04 00:00:00,0.00131,0.001311,0.001271,0.001277,176231635.0
2026-07-04 04:00:00,0.001277,0.001288,0.001266,0.001271,81391705.0
2026-07-04 08:00:00,0.001269,0.001294,0.001267,0.00129,83181656.0
2026-07-04 12:00:00,0.001289,0.001315,0.001285,0.001306,90632184.0
2026-07-04 16:00:00,0.001306,0.001328,0.001296,0.001306,99297213.0
2026-07-04 20:00:00,0.001306,0.001317,0.001285,0.001292,88915123.0
2026-07-05 00:00:00,0.001293,0.001295,0.001258,0.001271,117958902.0
2026-07-05 04:00:00,0.001271,0.001276,0.001256,0.001265,81019421.0
2026-07-05 08:00:00,0.001264,0.001267,0.001239,0.001254,99072721.0
2026-07-05 12:00:00,0.001254,0.001272,0.00125,0.00126,66789720.0
2026-07-05 16:00:00,0.001259,0.001278,0.001258,0.001263,92553134.0
2026-07-05 20:00:00,0.001263,0.00129,0.001262,0.001273,84548779.0
2026-07-06 00:00:00,0.001273,0.001274,0.001253,0.001257,73118733.0
2026-07-06 04:00:00,0.001257,0.001259,0.00123,0.001242,127913746.0
2026-07-06 08:00:00,0.001242,0.001256,0.00123,0.001232,76873062.0
2026-07-06 12:00:00,0.00123,0.001271,0.001205,0.00127,246362948.0
2026-07-06 16:00:00,0.00127,0.00129,0.001262,0.001262,97869989.0
2026-07-06 20:00:00,0.001263,0.001291,0.001257,0.001263,127954201.0
2026-07-07 00:00:00,0.001265,0.001271,0.001231,0.001234,141085991.0
2026-07-07 04:00:00,0.001234,0.001241,0.00122,0.001228,92824452.0
2026-07-07 08:00:00,0.001227,0.001234,0.001214,0.001233,104659378.0
2026-07-07 12:00:00,0.001233,0.001245,0.001206,0.001241,155554600.0
2026-07-07 16:00:00,0.001242,0.001247,0.001209,0.00122,137170936.0
2026-07-07 20:00:00,0.001221,0.001223,0.001195,0.001202,161192595.0
2026-07-08 00:00:00,0.001203,0.001215,0.001183,0.001194,186593666.0
2026-07-08 04:00:00,0.001194,0.001201,0.001186,0.001196,98818035.0
2026-07-08 08:00:00,0.001195,0.001199,0.001166,0.001184,196262565.0
2026-07-08 12:00:00,0.001184,0.001191,0.001169,0.001175,129757414.0
2026-07-08 16:00:00,0.001174,0.0012,0.001172,0.001194,124965019.0
2026-07-08 20:00:00,0.001193,0.001198,0.001182,0.001194,87849607.0
2026-07-09 00:00:00,0.001195,0.001207,0.001177,0.001187,116470539.0
2026-07-09 04:00:00,0.001186,0.001207,0.001185,0.001198,83216216.0
2026-07-09 08:00:00,0.001198,0.001201,0.001189,0.001197,67714099.0
2026-07-09 12:00:00,0.001196,0.001201,0.001186,0.001188,89280761.0
2026-07-09 16:00:00,0.001187,0.001206,0.001182,0.001196,87817010.0
2026-07-09 20:00:00,0.001197,0.001198,0.001186,0.001196,66828681.0
2026-07-10 00:00:00,0.001196,0.001222,0.00119,0.001213,131726887.0
2026-07-10 04:00:00,0.001213,0.001256,0.001205,0.001251,150533934.0
2026-07-10 08:00:00,0.001252,0.001267,0.001229,0.001235,248731213.0
2026-07-10 12:00:00,0.001235,0.001245,0.001203,0.001231,271778949.0
2026-07-10 16:00:00,0.001231,0.001244,0.001224,0.00123,110167738.0
2026-07-10 20:00:00,0.001229,0.001235,0.001222,0.001226,82641074.0
2026-07-11 00:00:00,0.001226,0.001227,0.001215,0.001224,91079262.0
2026-07-11 04:00:00,0.001223,0.001225,0.001212,0.001219,64999837.0
2026-07-11 08:00:00,0.001218,0.001226,0.001213,0.001223,58381185.0
2026-07-11 12:00:00,0.001223,0.001254,0.001222,0.001241,133255774.0
2026-07-11 16:00:00,0.00124,0.001244,0.001227,0.001229,68665331.0
2026-07-11 20:00:00,0.001229,0.001236,0.001193,0.001195,125823494.0
2026-07-12 00:00:00,0.001194,0.001206,0.001184,0.001205,169211935.0
2026-07-12 04:00:00,0.001205,0.001206,0.001183,0.001187,98465294.0
2026-07-12 08:00:00,0.001187,0.001194,0.001178,0.001192,137471045.0
2026-07-12 12:00:00,0.001191,0.001195,0.00118,0.001186,104107415.0
2026-07-12 16:00:00,0.001186,0.001189,0.001171,0.00118,106881238.0
2026-07-12 20:00:00,0.001181,0.001181,0.001158,0.00117,134175600.0
2026-07-13 00:00:00,0.00117,0.001189,0.001129,0.001143,283489898.0
2026-07-13 04:00:00,0.001143,0.001159,0.001141,0.001154,140196872.0
2026-07-13 08:00:00,0.001154,0.001163,0.001151,0.001153,105453152.0
2026-07-13 12:00:00,0.001153,0.001159,0.001141,0.001146,112795158.0
2026-07-13 16:00:00,0.001146,0.001151,0.001123,0.001142,192637078.0
2026-07-13 20:00:00,0.001142,0.00115,0.001129,0.001141,122579186.0
2026-07-14 00:00:00,0.001142,0.001147,0.001131,0.00114,68532028.0
2026-07-14 04:00:00,0.001139,0.001144,0.001134,0.001135,77050936.0
2026-07-14 08:00:00,0.001134,0.001139,0.00113,0.001134,56654691.0
2026-07-14 12:00:00,0.001134,0.001176,0.001132,0.001169,210767456.0
2026-07-14 16:00:00,0.001169,0.001175,0.001156,0.001163,87073614.0
2026-07-14 20:00:00,0.001162,0.001167,0.001155,0.001164,70538998.0
2026-07-15 00:00:00,0.001163,0.001166,0.001147,0.001155,89962576.0
2026-07-15 04:00:00,0.001155,0.001159,0.00114,0.001144,104411092.0
2026-07-15 08:00:00,0.001143,0.001152,0.001142,0.001151,95202129.0
2026-07-15 12:00:00,0.001152,0.001171,0.001146,0.001164,201859013.0
2026-07-15 16:00:00,0.001165,0.001165,0.001143,0.001146,177865592.0
2026-07-15 20:00:00,0.001146,0.001152,0.001142,0.001144,59080982.0
2026-07-16 00:00:00,0.001144,0.00115,0.001136,0.001145,83559575.0
2026-07-16 04:00:00,0.001146,0.00115,0.001133,0.001136,82812271.0
2026-07-16 08:00:00,0.001136,0.001137,0.001111,0.001121,201623167.0
2026-07-16 12:00:00,0.001121,0.001127,0.001111,0.001123,108122084.0
2026-07-16 16:00:00,0.001123,0.001127,0.001112,0.001114,105922704.0
2026-07-16 20:00:00,0.001115,0.001123,0.001103,0.001107,101612477.0
2026-07-17 00:00:00,0.001108,0.001129,0.001099,0.001121,278042551.0
2026-07-17 04:00:00,0.001121,0.001196,0.001117,0.001166,731777197.0
2026-07-17 08:00:00,0.001167,0.001319,0.001141,0.00121,4137057517.0
2026-07-17 12:00:00,0.00121,0.001215,0.001123,0.001147,2055411763.0
2026-07-17 16:00:00,0.001147,0.001179,0.001141,0.001168,662083541.0
2026-07-17 20:00:00,0.001167,0.001211,0.001156,0.001191,1083694875.0
2026-07-18 00:00:00,0.001191,0.001235,0.001174,0.001209,1115880174.0
2026-07-18 04:00:00,0.001209,0.001226,0.001176,0.00118,716587443.0
2026-07-18 08:00:00,0.00118,0.001181,0.001144,0.001155,441690363.0
2026-07-18 12:00:00,0.001154,0.001165,0.001131,0.001138,410144022.0
2026-07-18 16:00:00,0.001137,0.001142,0.001105,0.001127,365469196.0
2026-07-18 20:00:00,0.001127,0.001134,0.001117,0.001126,178869530.0
2026-07-19 00:00:00,0.001126,0.001135,0.00111,0.001113,223392389.0
2026-07-19 04:00:00,0.001113,0.001127,0.001102,0.001113,322538490.0
2026-07-19 08:00:00,0.001113,0.001145,0.001112,0.001142,293715231.0
2026-07-19 12:00:00,0.001143,0.001165,0.001126,0.001148,412662227.0
2026-07-19 16:00:00,0.001147,0.001158,0.001118,0.001126,233302265.0
2026-07-19 20:00:00,0.001125,0.001127,0.001115,0.001119,99891690.0
2026-07-20 00:00:00,0.001118,0.001134,0.001104,0.001115,263691355.0
2026-07-20 04:00:00,0.001115,0.001134,0.001107,0.001134,217724884.0
2026-07-20 08:00:00,0.001134,0.001136,0.001118,0.001132,178262444.0
2026-07-20 12:00:00,0.001133,0.001136,0.001108,0.001135,237402817.0
2026-07-20 16:00:00,0.001134,0.001139,0.001123,0.001126,167804141.0
2026-07-20 20:00:00,0.001127,0.00113,0.001116,0.00112,117089505.0
2026-07-21 00:00:00,0.001121,0.001135,0.001118,0.001132,88396918.0
2026-07-21 04:00:00,0.001133,0.001149,0.001132,0.001143,180652954.0
2026-07-21 08:00:00,0.001142,0.001148,0.001128,0.001142,143409430.0
2026-07-21 12:00:00,0.001142,0.001667,0.00114,0.001552,31330053093.0
2026-07-21 16:00:00,0.001553,0.001691,0.001467,0.001531,31456550725.0
2026-07-21 20:00:00,0.001531,0.001548,0.001367,0.001388,15823868473.0
2026-07-22 00:00:00,0.001387,0.001416,0.001304,0.001316,7151199230.0
2026-07-22 04:00:00,0.001316,0.001354,0.001235,0.001264,6001978938.0
2026-07-22 08:00:00,0.001264,0.001365,0.001257,0.001317,9101293806.0
2026-07-22 12:00:00,0.001317,0.001355,0.001284,0.001305,6114603876.0
2026-07-22 16:00:00,0.001305,0.00133,0.001282,0.001312,2751652132.0
2026-07-22 20:00:00,0.001312,0.001324,0.001294,0.001312,1090702891.0
2026-07-23 00:00:00,0.001312,0.001322,0.001265,0.001284,1666632293.0
2026-07-23 04:00:00,0.001283,0.001326,0.001282,0.001305,1182400390.0
2026-07-23 08:00:00,0.001304,0.001311,0.00126,0.001263,989081856.0
2026-07-23 12:00:00,0.001263,0.001304,0.001253,0.001273,896429585.0
2026-07-23 16:00:00,0.001273,0.00131,0.001237,0.001251,870999639.0
2026-07-23 20:00:00,0.001251,0.001261,0.001224,0.001228,543196481.0
2026-07-24 00:00:00,0.001229,0.001265,0.001211,0.001254,609836257.0
2026-07-24 04:00:00,0.001254,0.001277,0.00124,0.00127,389540324.0
2026-07-24 08:00:00,0.001269,0.001356,0.00123,0.001242,1358058742.0
2026-07-24 12:00:00,0.001241,0.001255,0.001208,0.001243,687797198.0
2026-07-24 16:00:00,0.001241,0.001343,0.001241,0.001336,1033730927.0
2026-07-24 20:00:00,0.001336,0.001336,0.001274,0.001312,900795358.0
2026-07-25 00:00:00,0.001311,0.001331,0.001304,0.001312,413175841.0
2026-07-25 04:00:00,0.001313,0.001317,0.001262,0.00127,495397408.0
2026-07-25 08:00:00,0.001269,0.001279,0.001238,0.001247,467808018.0
2026-07-25 12:00:00,0.001246,0.001342,0.001245,0.001249,1643362184.0
2026-07-25 16:00:00,0.001249,0.00126,0.00124,0.001246,354851112.0
2026-07-25 20:00:00,0.001246,0.001276,0.001245,0.001275,183160599.0
2026-07-26 00:00:00,0.001276,0.001295,0.001252,0.001257,339920097.0
2026-07-26 04:00:00,0.001257,0.001271,0.001243,0.001253,181040096.0
2026-07-26 08:00:00,0.001253,0.00126,0.001244,0.001247,172248542.0
2026-07-26 12:00:00,0.001246,0.00126,0.00124,0.001259,192248207.0
2026-07-26 16:00:00,0.001258,0.001268,0.001247,0.001262,193154990.0
2026-07-26 20:00:00,0.001262,0.00128,0.001256,0.001276,265163511.0
2026-07-27 00:00:00,0.001276,0.001284,0.001257,0.001273,245331558.0
2026-07-27 04:00:00,0.001272,0.001274,0.001244,0.001262,293985260.0
2026-07-27 08:00:00,0.001262,0.001264,0.001239,0.001258,295082672.0
2026-07-27 12:00:00,0.001258,0.001266,0.001206,0.001228,731583495.0
2026-07-27 16:00:00,0.001228,0.001284,0.001223,0.001263,518959406.0
2026-07-27 20:00:00,0.001265,0.001267,0.001218,0.001246,404882432.0
2026-07-28 00:00:00,0.001246,0.001278,0.001222,0.001247,577253399.0
2026-07-28 04:00:00,0.001247,0.001282,0.001245,0.001251,331504919.0
2026-07-28 08:00:00,0.00125,0.001255,0.001231,0.001233,299094404.0
2026-07-28 12:00:00,0.001233,0.001261,0.001219,0.001255,374101100.0
2026-07-28 16:00:00,0.001256,0.001257,0.001233,0.001238,183337812.0
2026-07-28 20:00:00,0.001238,0.001242,0.001214,0.001227,264700712.0
2026-07-29 00:00:00,0.001227,0.001237,0.001182,0.001185,346219980.0
2026-07-29 04:00:00,0.001185,0.001192,0.001163,0.001185,359947409.0
2026-07-29 08:00:00,0.001184,0.001191,0.001171,0.001175,209425960.0
2026-07-29 12:00:00,0.001175,0.001184,0.00116,0.001176,215050236.0
2026-07-29 16:00:00,0.001176,0.001197,0.001163,0.001167,276442845.0
2026-07-29 20:00:00,0.001167,0.001176,0.00114,0.001176,299589021.0
2026-07-30 00:00:00,0.001175,0.001179,0.001161,0.001164,157488951.0
2026-07-30 04:00:00,0.001164,0.001187,0.00116,0.001171,184325885.0
2026-07-30 08:00:00,0.001171,0.001183,0.001167,0.001174,159657160.0
2026-07-30 12:00:00,0.001174,0.001197,0.001168,0.001184,169394492.0
2026-07-30 16:00:00,0.001184,0.001186,0.001163,0.001165,112878817.0
2026-07-30 20:00:00,0.001164,0.001191,0.001161,0.001176,236961713.0
2026-07-31 00:00:00,0.001175,0.00122,0.001174,0.001213,264436359.0
2026-07-31 04:00:00,0.001213,0.001242,0.001202,0.001203,287223435.0
2026-07-31 08:00:00,0.001203,0.001207,0.001188,0.001192,168642856.0
2026-07-31 12:00:00,0.001192,0.001209,0.001175,0.001201,293118293.0
2026-07-31 16:00:00,0.001201,0.001222,0.001185,0.001211,296389882.0
2026-07-31 20:00:00,0.001211,0.001223,0.001199,0.001207,138046562.0
2026-08-01 00:00:00,0.001207,0.001227,0.0012,0.001227,192220835.0
2026-08-01 04:00:00,0.001226,0.001236,0.001208,0.001213,151312828.0
2026-08-01 08:00:00,0.001213,0.001216,0.001197,0.001211,162779931.0
2026-08-01 12:00:00,0.001211,0.001227,0.001187,0.001194,229210970.0
2026-08-01 16:00:00,0.001193,0.001209,0.00118,0.001188,172442183.0
2026-08-01 20:00:00,0.001187,0.001193,0.001181,0.001183,79106980.0
2026-08-02 00:00:00,0.001184,0.001208,0.001181,0.001202,131270581.0
2026-08-02 04:00:00,0.001202,0.001219,0.001199,0.001213,187215273.0
2026-08-02 08:00:00,0.001214,0.001243,0.001207,0.001235,341100947.0
2026-08-02 12:00:00,0.001236,0.001253,0.001223,0.001227,179538063.0
2026-08-02 16:00:00,0.001228,0.00124,0.001214,0.00122,146843808.0
2026-08-02 20:00:00,0.00122,0.001227,0.001214,0.001216,86786477.0
2026-08-03 00:00:00,0.001215,0.001219,0.001204,0.001214,124892105.0
2026-08-03 04:00:00,0.001214,0.001239,0.001213,0.001228,228388683.0
2026-08-03 08:00:00,0.001227,0.001241,0.001217,0.001223,206661713.0
2026-08-03 12:00:00,0.001222,0.001238,0.001217,0.001226,266347308.0
2026-08-03 16:00:00,0.001226,0.001232,0.00122,0.001223,90362757.0
2026-08-03 20:00:00,0.001222,0.001229,0.001219,0.001223,69499594.0
2026-08-04 00:00:00,0.001224,0.001227,0.001214,0.001216,92340152.0
2026-08-04 04:00:00,0.001216,0.001218,0.001194,0.001203,174479460.0
2026-08-04 08:00:00,0.001204,0.001205,0.001194,0.001203,88434378.0
2026-08-04 12:00:00,0.001203,0.001205,0.001189,0.001194,127975039.0
2026-08-04 16:00:00,0.001194,0.001202,0.001191,0.001195,82016123.0
2026-08-04 20:00:00,0.001194,0.001202,0.00119,0.001191,64416467.0
2026-08-05 00:00:00,0.001191,0.001202,0.001184,0.001195,136271820.0
2026-08-05 04:00:00,0.001195,0.001214,0.001193,0.001212,141334272.0
2026-08-05 08:00:00,0.001212,0.00123,0.00121,0.001224,214075107.0
2026-08-05 12:00:00,0.001225,0.001231,0.001211,0.001218,153411189.0
2026-08-05 16:00:00,0.001218,0.001226,0.001208,0.001212,116188246.0
2026-08-05 20:00:00,0.001211,0.001228,0.001208,0.001212,99806001.0
2026-08-06 00:00:00,0.001212,0.001219,0.001206,0.001216,124664092.0
2026-08-06 04:00:00,0.001217,0.001237,0.001213,0.001233,209983849.0
2026-08-06 08:00:00,0.001234,0.001243,0.001226,0.001228,194232068.0
2026-08-06 12:00:00,0.001228,0.001252,0.001217,0.001239,224150814.0
2026-08-06 16:00:00,0.001239,0.00128,0.001239,0.001248,339740628.0
2026-08-06 20:00:00,0.001249,0.00126,0.001246,0.001253,75499532.0
2026-08-07 00:00:00,0.001254,0.001269,0.001249,0.001253,129962582.0
2026-08-07 04:00:00,0.001253,0.001279,0.001245,0.001261,237957538.0
2026-08-07 08:00:00,0.001262,0.001268,0.001242,0.001253,150716371.0
2026-08-07 12:00:00,0.001253,0.001255,0.001239,0.001244,160897525.0
2026-08-07 16:00:00,0.001244,0.001245,0.00123,0.001237,97397218.0
2026-08-07 20:00:00,0.001237,0.001239,0.001225,0.001235,91539238.0
2026-08-08 00:00:00,0.001235,0.001251,0.001233,0.001242,74144054.0
2026-08-08 04:00:00,0.001242,0.00125,0.001239,0.001249,55832089.0
2026-08-08 08:00:00,0.001249,0.001272,0.00124,0.001248,390547433.0
2026-08-08 12:00:00,0.001247,0.001265,0.001247,0.001262,125155722.0
2026-08-08 16:00:00,0.001262,0.001276,0.001257,0.001261,94957066.0
2026-08-08 20:00:00,0.001262,0.001292,0.00126,0.001283,178648708.0
2026-08-09 00:00:00,0.001284,0.001305,0.001276,0.001296,217941735.0
2026-08-09 04:00:00,0.001296,0.001309,0.001278,0.001281,221553498.0
2026-08-09 08:00:00,0.001282,0.001286,0.001261,0.001268,185980212.0
2026-08-09 12:00:00,0.001268,0.001281,0.001261,0.001279,135971821.0
2026-08-09 16:00:00,0.001279,0.001291,0.001272,0.001283,124015655.0
2026-08-09 20:00:00,0.001283,0.001284,0.001253,0.001261,177441273.0
2026-08-10 00:00:00,0.00126,0.001283,0.001256,0.001282,123440508.0
2026-08-10 04:00:00,0.001282,0.00129,0.00127,0.00128,141766497.0
2026-08-10 08:00:00,0.001281,0.001283,0.001265,0.001272,90839053.0
2026-08-10 12:00:00,0.001272,0.001275,0.001247,0.00125,156873836.0
2026-08-10 16:00:00,0.001249,0.001259,0.001243,0.001247,107758787.0
2026-08-10 20:00:00,0.001246,0.001248,0.001231,0.001239,100666100.0
2026-08-11 00:00:00,0.001239,0.001242,0.001232,0.001238,60328380.0
2026-08-11 04:00:00,0.001237,0.001243,0.001227,0.00123,130779179.0
2026-08-11 08:00:00,0.001231,0.001243,0.001229,0.001234,111738278.0
2026-08-11 12:00:00,0.001234,0.001238,0.001201,0.00121,159966109.0
2026-08-11 16:00:00,0.00121,0.001216,0.001168,0.00118,429833683.0
2026-08-11 20:00:00,0.001181,0.001188,0.001176,0.001178,130301211.0
2026-08-12 00:00:00,0.001178,0.001189,0.00058,0.001179,44311357369.0
2026-08-12 04:00:00,0.001179,0.001253,0.000724,0.00074,35559138614.0
2026-08-12 08:00:00,0.00074,0.000782,0.000716,0.000749,12920295768.0
2026-08-12 12:00:00,0.000748,0.00077,0.000687,0.000743,14934150570.0
2026-08-12 16:00:00,0.000744,0.000864,0.000729,0.000763,17623704389.0
2026-08-12 20:00:00,0.000763,0.000837,0.000737,0.000796,6724723048.0
2026-08-13 00:00:00,0.000796,0.000801,0.000746,0.00077,8675807479.0
2026-08-13 04:00:00,0.000769,0.000879,0.000758,0.000793,9996463323.0
2026-08-13 08:00:00,0.000793,0.000807,0.000774,0.000783,3149663558.0
2026-08-13 12:00:00,0.000783,0.000807,0.000762,0.000763,3336836630.0
2026-08-13 16:00:00,0.000762,0.000767,0.000731,0.000742,3677666966.0
2026-08-13 20:00:00,0.000742,0.000747,0.000696,0.000708,4514423291.0
2026-08-14 00:00:00,0.000708,0.00071,0.000673,0.000702,4315667050.0
2026-08-14 04:00:00,0.000703,0.000715,0.00065,0.000654,4588738949.0
2026-08-14 08:00:00,0.000654,0.000679,0.00064,0.000653,5663359650.0
2026-08-14 12:00:00,0.000653,0.000655,0.000626,0.000641,4825416924.0
2026-08-14 16:00:00,0.00064,0.000654,0.000611,0.000653,3996630815.0
2026-08-14 20:00:00,0.000653,0.000752,0.00065,0.000742,5088291595.0
2026-08-15 00:00:00,0.000742,0.000843,0.000684,0.000714,12444429803.0
2026-08-15 04:00:00,0.000714,0.00079,0.000712,0.0007438,5661281985.0
2026-08-15 08:00:00,0.0007437,0.000764,0.00072,0.0007451,3480665627.0
2026-08-15 12:00:00,0.0007451,0.0007956,0.0007082,0.0007141,9447156182.0
2026-08-15 16:00:00,0.0007134,0.0007176,0.0006791,0.0006906,3411578827.0
2026-08-15 20:00:00,0.0006902,0.0006906,0.000677,0.0006861,1502945449.0
2026-08-16 00:00:00,0.0006863,0.000688,0.0006551,0.0006724,2535858385.0
2026-08-16 04:00:00,0.0006724,0.0006943,0.0006644,0.0006925,1443947276.0
2026-08-16 08:00:00,0.0006925,0.0007419,0.0006897,0.0007278,3483491035.0
2026-08-16 12:00:00,0.0007276,0.0007798,0.0007214,0.000733,4322958972.0
2026-08-16 16:00:00,0.000733,0.000756,0.0007213,0.0007308,2145530128.0
2026-08-16 20:00:00,0.0007304,0.000746,0.0007111,0.0007259,2928795596.0
2026-08-17 00:00:00,0.0007258,0.0007338,0.000717,0.0007234,2052541404.0
2026-08-17 04:00:00,0.0007237,0.0007269,0.0007057,0.0007131,1607209192.0
2026-08-17 08:00:00,0.0007131,0.0007166,0.000702,0.0007088,1669582674.0
2026-08-17 12:00:00,0.0007085,0.0007328,0.0007005,0.0007306,1621027004.0
2026-08-17 16:00:00,0.0007308,0.0007315,0.0007121,0.0007164,975088960.0
2026-08-17 20:00:00,0.0007163,0.000721,0.0006986,0.0007084,855977894.0
2026-08-18 00:00:00,0.0007084,0.0007147,0.000688,0.0007093,1297636230.0
2026-08-18 04:00:00,0.0007093,0.0007154,0.000682,0.0006879,1269302604.0
2026-08-18 08:00:00,0.0006877,0.0006929,0.0006792,0.0006925,947635255.0
2026-08-18 12:00:00,0.0006926,0.000708,0.0006918,0.0006988,1175939861.0
2026-08-18 16:00:00,0.0006988,0.000711,0.0006965,0.0007079,714852307.0
2026-08-18 20:00:00,0.0007079,0.0007187,0.0007,0.000718,765703109.0
2026-08-19 00:00:00,0.0007177,0.000724,0.000688,0.000695,1962304510.0
2026-08-19 04:00:00,0.000695,0.0006951,0.000686,0.0006878,781208555.0
2026-08-19 08:00:00,0.0006879,0.000695,0.0006813,0.000689,891049397.0
2026-08-19 12:00:00,0.0006889,0.0007127,0.0006828,0.0007007,1332088322.0
2026-08-19 16:00:00,0.0007006,0.000708,0.0006942,0.0007074,857431915.0
2026-08-19 20:00:00,0.0007074,0.000721,0.000697,0.0007018,1583440413.0
2026-08-20 00:00:00,0.0007019,0.000716,0.0007,0.0007019,867717200.0
2026-08-20 04:00:00,0.0007019,0.0007028,0.0006882,0.0006912,825998372.0
2026-08-20 08:00:00,0.0006916,0.0007069,0.0006915,0.0006982,1202417049.0
2026-08-20 12:00:00,0.0006982,0.0007106,0.0006875,0.000708,1245969475.0
2026-08-20 16:00:00,0.0007081,0.000746,0.0007065,0.0007356,2030302905.0
2026-08-20 20:00:00,0.0007357,0.0007445,0.0007224,0.0007313,1029413900.0
2026-08-21 00:00:00,0.0007313,0.0007439,0.0007255,0.0007431,1063296497.0
2026-08-21 04:00:00,0.0007432,0.0007839,0.0007409,0.0007812,1811209398.0
2026-08-21 08:00:00,0.0007813,0.0008384,0.0007743,0.0007915,4753199704.0
2026-08-21 12:00:00,0.0007918,0.0008427,0.0007895,0.0008291,1861966093.0
2026-08-21 16:00:00,0.0008289,0.0008378,0.0007829,0.0007915,1845629029.0
2026-08-21 20:00:00,0.0007913,0.0008182,0.000789,0.0007999,877126152.0
2026-08-22 00:00:00,0.0007999,0.0008466,0.0007914,0.0008395,1373066465.0
2026-08-22 04:00:00,0.0008392,0.00086,0.0007,0.000809,3391027138.0
2026-08-22 08:00:00,0.000809,0.0008113,0.0007485,0.0007756,2400516653.0
2026-08-22 12:00:00,0.0007756,0.000784,0.0007478,0.0007523,1548536877.0
2026-08-22 16:00:00,0.0007522,0.0007665,0.0007501,0.0007571,845772299.0
2026-08-22 20:00:00,0.000757,0.0007613,0.0007315,0.0007464,1178993029.0
2026-08-23 00:00:00,0.0007463,0.0007585,0.000728,0.0007362,1514056793.0
2026-08-23 04:00:00,0.0007362,0.000746,0.0007248,0.0007383,934153109.0
2026-08-23 08:00:00,0.0007383,0.000759,0.0007359,0.0007504,833735183.0
2026-08-23 12:00:00,0.0007501,0.0007713,0.0007401,0.000762,1370794413.0
2026-08-23 16:00:00,0.000762,0.0007647,0.0007544,0.0007588,625663291.0
2026-08-23 20:00:00,0.0007588,0.0007747,0.0007563,0.000769,686373397.0
2026-08-24 00:00:00,0.000769,0.0007715,0.0007414,0.0007566,904736153.0
2026-08-24 04:00:00,0.0007566,0.0007642,0.0007462,0.0007467,634070356.0
2026-08-24 08:00:00,0.0007468,0.000761,0.0007394,0.0007561,801186382.0
2026-08-24 12:00:00,0.0007561,0.0007633,0.000705,0.0007327,2553913839.0
2026-08-24 16:00:00,0.000733,0.0007852,0.0007329,0.0007721,1806298777.0
2026-08-24 20:00:00,0.0007721,0.0007751,0.0007457,0.0007541,858427661.0
2026-08-25 00:00:00,0.0007539,0.0007646,0.0007446,0.0007584,561076927.0
2026-08-25 04:00:00,0.0007584,0.0007673,0.0007389,0.0007441,739851083.0
2026-08-25 08:00:00,0.000744,0.0007484,0.0007301,0.0007373,680556888.0
2026-08-25 12:00:00,0.0007374,0.0007411,0.0007236,0.0007312,738445020.0
2026-08-25 16:00:00,0.0007311,0.0007407,0.0007251,0.0007368,535433687.0
2026-08-25 20:00:00,0.0007366,0.0007374,0.0007101,0.0007258,856541010.0
2026-08-26 00:00:00,0.0007259,0.0007521,0.0007222,0.0007386,574166605.0
2026-08-26 04:00:00,0.0007384,0.0007515,0.0007343,0.0007483,623898021.0
2026-08-26 08:00:00,0.0007482,0.0007487,0.000725,0.0007303,635717285.0
2026-08-26 12:00:00,0.0007303,0.000741,0.0007164,0.0007277,788621385.0
2026-08-26 16:00:00,0.0007278,0.0007345,0.0007184,0.0007277,566881776.0
2026-08-26 20:00:00,0.0007278,0.0007566,0.0007203,0.0007511,727164634.0
2026-08-27 00:00:00,0.0007508,0.0007589,0.0007369,0.0007471,734819231.0
2026-08-27 04:00:00,0.000747,0.0007561,0.0007421,0.0007523,604988220.0
2026-08-27 08:00:00,0.0007519,0.0007671,0.0007424,0.000746,783702386.0
2026-08-27 12:00:00,0.0007463,0.0007537,0.0007406,0.0007503,541522914.0
2026-08-27 16:00:00,0.0007501,0.0007525,0.0007386,0.0007476,538179930.0
2026-08-27 20:00:00,0.0007479,0.000762,0.0007468,0.0007616,609406350.0
2026-08-28 00:00:00,0.0007611,0.0007694,0.0007431,0.0007574,573450629.0
2026-08-28 04:00:00,0.0007574,0.0007805,0.000753,0.0007772,722781996.0
2026-08-28 08:00:00,0.0007772,0.000783,0.0007495,0.0007579,737193656.0
2026-08-28 12:00:00,0.000758,0.0007712,0.0007455,0.0007513,925477791.0
2026-08-28 16:00:00,0.0007508,0.0007518,0.0007232,0.0007427,1080774379.0
2026-08-28 20:00:00,0.0007424,0.0007671,0.0007407,0.0007626,449093370.0
2026-08-29 00:00:00,0.0007623,0.0007705,0.0007585,0.0007591,452647889.0
2026-08-29 04:00:00,0.0007592,0.0007655,0.0007548,0.0007576,436949921.0
2026-08-29 08:00:00,0.0007576,0.0007628,0.0007526,0.0007536,393071829.0
2026-08-29 12:00:00,0.0007536,0.0007609,0.000749,0.0007525,485172320.0
2026-08-29 16:00:00,0.0007521,0.0007545,0.0007479,0.0007537,435202001.0
2026-08-29 20:00:00,0.0007537,0.0007573,0.0007444,0.0007491,498937998.0
2026-08-30 00:00:00,0.000749,0.0007615,0.0007479,0.0007593,441530890.0
2026-08-30 04:00:00,0.0007596,0.0007738,0.0007479,0.0007665,623162904.0
2026-08-30 08:00:00,0.0007668,0.0007699,0.0007564,0.0007599,537861267.0
2026-08-30 12:00:00,0.0007599,0.0007612,0.0007532,0.0007582,358604228.0
2026-08-30 16:00:00,0.0007584,0.0007655,0.0007562,0.0007584,426222645.0
2026-08-30 20:00:00,0.0007582,0.0007595,0.0007118,0.0007244,985715368.0
2026-08-31 00:00:00,0.0007244,0.000752,0.0007203,0.0007508,790663463.0
2026-08-31 04:00:00,0.0007506,0.0007624,0.0007433,0.0007589,498321765.0
2026-08-31 08:00:00,0.0007586,0.0007609,0.0007518,0.0007538,434156480.0
2026-08-31 12:00:00,0.0007536,0.0007604,0.0007456,0.0007481,556675951.0
2026-08-31 16:00:00,0.0007484,0.0007585,0.0007475,0.0007513,251930009.0
2026-08-31 20:00:00,0.0007509,0.0007595,0.0007504,0.0007595,220320536.0
2026-09-01 00:00:00,0.0007594,0.0007667,0.0007547,0.000756,488169418.0
2026-09-01 04:00:00,0.000756,0.0007572,0.0007426,0.0007446,354448326.0
2026-09-01 08:00:00,0.0007446,0.0007446,0.0007297,0.0007368,489896552.0
2026-09-01 12:00:00,0.0007367,0.0007404,0.00073,0.0007356,414807664.0
2026-09-01 16:00:00,0.0007356,0.0007359,0.000721,0.0007322,536832338.0
2026-09-01 20:00:00,0.000732,0.0007338,0.000726,0.0007328,327270808.0
2026-09-02 00:00:00,0.000733,0.0007559,0.0007309,0.0007487,651089927.0
2026-09-02 04:00:00,0.000749,0.0007652,0.0007455,0.0007607,603638435.0
2026-09-02 08:00:00,0.0007613,0.0007655,0.0007425,0.0007512,559720811.0
2026-09-02 12:00:00,0.000751,0.0007541,0.0007319,0.000741,713843129.0
2026-09-02 16:00:00,0.0007408,0.0007467,0.0007373,0.00074,284213426.0
2026-09-02 20:00:00,0.00074,0.000755,0.0007277,0.0007401,1159347070.0
2026-09-03 00:00:00,0.00074,0.0007577,0.0007393,0.0007523,513537468.0
2026-09-03 04:00:00,0.0007523,0.0007648,0.0007497,0.0007608,687668405.0
2026-09-03 08:00:00,0.0007608,0.000762,0.0007527,0.0007589,380592730.0
2026-09-03 12:00:00,0.0007588,0.0007657,0.0007525,0.000765,474036621.0
2026-09-03 16:00:00,0.000765,0.0007655,0.0007561,0.0007645,421090988.0
2026-09-03 20:00:00,0.0007642,0.0007668,0.0007569,0.0007608,583593045.0
2026-09-04 00:00:00,0.0007605,0.0007659,0.0007546,0.0007582,432713657.0
2026-09-04 04:00:00,0.0007579,0.0007621,0.0007523,0.0007599,291023458.0
2026-09-04 08:00:00,0.0007599,0.0007694,0.0007552,0.0007643,507444592.0
2026-09-04 12:00:00,0.0007649,0.0007655,0.000744,0.00076,961962355.0
2026-09-04 16:00:00,0.0007599,0.0007655,0.0007551,0.0007599,396820835.0
2026-09-04 20:00:00,0.0007598,0.000765,0.0007551,0.0007631,248835327.0
2026-09-05 00:00:00,0.000763,0.0007728,0.000761,0.0007681,475171250.0
2026-09-05 04:00:00,0.0007681,0.0007701,0.0007626,0.0007649,483040153.0
2026-09-05 08:00:00,0.0007647,0.0007685,0.0007628,0.0007637,418868325.0
2026-09-05 12:00:00,0.0007637,0.0007682,0.0007593,0.0007629,569497412.0
2026-09-05 16:00:00,0.0007631,0.0007633,0.0007544,0.0007581,589831801.0
2026-09-05 20:00:00,0.000758,0.0007665,0.0007573,0.0007644,585507166.0
2026-09-06 00:00:00,0.0007643,0.0007703,0.0007523,0.0007613,736359143.0
2026-09-06 04:00:00,0.0007612,0.000762,0.0007444,0.0007513,811120760.0
2026-09-06 08:00:00,0.0007512,0.0007576,0.0007496,0.0007566,501816599.0
2026-09-06 12:00:00,0.0007568,0.0007581,0.0007362,0.0007498,791427758.0
2026-09-06 16:00:00,0.0007496,0.000753,0.0007414,0.0007435,584061587.0
2026-09-06 20:00:00,0.0007438,0.0007526,0.0007429,0.0007513,558486382.0
2026-09-07 00:00:00,0.000751,0.0007538,0.0007333,0.0007388,618132993.0
2026-09-07 04:00:00,0.0007385,0.0007448,0.0007133,0.0007204,1180814352.0
2026-09-07 08:00:00,0.0007204,0.0007286,0.0007142,0.0007256,750404245.0
2026-09-07 12:00:00,0.0007253,0.0007286,0.0007086,0.0007132,922779768.0
2026-09-07 16:00:00,0.0007134,0.0007244,0.0007129,0.0007205,566278630.0
2026-09-07 20:00:00,0.0007206,0.0007243,0.000714,0.0007211,511374115.0
2026-09-08 00:00:00,0.0007209,0.0007405,0.0007185,0.0007371,1014579638.0
2026-09-08 04:00:00,0.0007371,0.0007419,0.0007264,0.0007305,991771559.0
2026-09-08 08:00:00,0.0007305,0.0007305,0.0007111,0.0007162,813515828.0
2026-09-08 12:00:00,0.0007159,0.0007217,0.0006885,0.0007108,1278117312.0
2026-09-08 16:00:00,0.000711,0.0007128,0.000696,0.0006989,518304965.0
2026-09-08 20:00:00,0.0006991,0.0007035,0.0006893,0.0006915,520995782.0
2026-09-09 00:00:00,0.0006919,0.0006975,0.0006862,0.0006914,690722888.0
2026-09-09 04:00:00,0.0006914,0.0006994,0.0006909,0.0006981,383640383.0
2026-09-09 08:00:00,0.0006981,0.0007015,0.0006836,0.0006926,460482276.0
2026-09-09 12:00:00,0.0006924,0.0006957,0.00065,0.0006708,1557665048.0
2026-09-09 16:00:00,0.0006708,0.0006824,0.0006612,0.0006639,667890912.0
2026-09-09 20:00:00,0.0006639,0.0006675,0.00062,0.0006445,1451069278.0
2026-09-10 00:00:00,0.0006445,0.0006505,0.0006287,0.0006339,923605403.0
2026-09-10 04:00:00,0.0006339,0.0006654,0.0006283,0.0006462,1144965781.0
2026-09-10 08:00:00,0.0006462,0.0006558,0.0006318,0.0006344,625092585.0
2026-09-10 12:00:00,0.0006344,0.0006573,0.000623,0.0006513,1137029428.0
2026-09-10 16:00:00,0.0006513,0.0006532,0.0006403,0.0006439,489709542.0
2026-09-10 20:00:00,0.0006439,0.0006477,0.0006301,0.0006317,353126031.0
2026-09-11 00:00:00,0.000632,0.0006498,0.0006315,0.0006434,516070378.0
2026-09-11 04:00:00,0.0006434,0.0006549,0.0006428,0.000647,708327607.0
2026-09-11 08:00:00,0.000647,0.0006481,0.0006292,0.0006411,543076408.0
2026-09-11 12:00:00,0.0006411,0.0006637,0.000629,0.0006497,1032008338.0
2026-09-11 16:00:00,0.00065,0.0006587,0.0006444,0.0006525,429386011.0
2026-09-11 20:00:00,0.0006527,0.000659,0.000647,0.0006588,270746115.0
2026-09-12 00:00:00,0.0006588,0.0006807,0.0006578,0.0006732,650866171.0
2026-09-12 04:00:00,0.0006732,0.0006879,0.0006693,0.0006747,630399162.0
2026-09-12 08:00:00,0.0006747,0.0006778,0.0006683,0.0006733,365909571.0
2026-09-12 12:00:00,0.0006728,0.0006778,0.000667,0.0006763,398437018.0
2026-09-12 16:00:00,0.0006769,0.000677,0.0006675,0.0006705,389977766.0
2026-09-12 20:00:00,0.0006705,0.0006752,0.0006662,0.0006709,343580353.0
2026-09-13 00:00:00,0.0006709,0.0006832,0.0006693,0.0006734,582066697.0
2026-09-13 04:00:00,0.0006737,0.0006806,0.000671,0.0006727,379792090.0
2026-09-13 08:00:00,0.0006727,0.0006853,0.0006667,0.0006822,485347129.0
2026-09-13 12:00:00,0.0006823,0.000699,0.0006782,0.0006794,673567863.0
2026-09-13 16:00:00,0.0006794,0.0006828,0.0006744,0.0006788,418455555.0
2026-09-13 20:00:00,0.0006788,0.0006866,0.0006624,0.0006704,509330101.0
2026-09-14 00:00:00,0.0006707,0.0006884,0.0006673,0.000685,358230856.0
2026-09-14 04:00:00,0.0006849,0.0007023,0.0006835,0.0006926,607869071.0
2026-09-14 08:00:00,0.0006924,0.0006961,0.0006781,0.0006811,452708836.0
2026-09-14 12:00:00,0.0006811,0.0006852,0.0006738,0.0006775,406483220.0
2026-09-14 16:00:00,0.0006774,0.0006855,0.0006754,0.0006841,315943532.0
2026-09-14 20:00:00,0.0006839,0.0007125,0.000681,0.0007007,859886478.0
2026-09-15 00:00:00,0.0007005,0.0007166,0.0006965,0.0007142,818434724.0
2026-09-15 04:00:00,0.0007136,0.0007245,0.0006988,0.0007055,974294970.0
2026-09-15 08:00:00,0.0007057,0.0007088,0.0006841,0.0006884,581571120.0
2026-09-15 12:00:00,0.0006883,0.0006999,0.0006823,0.0006985,567906762.0
2026-09-15 16:00:00,0.0006987,0.000699,0.000664,0.0006821,1050248533.0
2026-09-15 20:00:00,0.0006826,0.0006868,0.0006682,0.0006861,394913901.0
2026-09-16 00:00:00,0.0006862,0.0006867,0.0006579,0.0006665,459943166.0
2026-09-16 04:00:00,0.0006665,0.0006712,0.0006569,0.0006622,319105336.0
2026-09-16 08:00:00,0.0006615,0.0006717,0.0006578,0.0006669,294775808.0
2026-09-16 12:00:00,0.0006662,0.0006667,0.0006505,0.000657,318390851.0
2026-09-16 16:00:00,0.0006564,0.0006679,0.000647,0.0006625,618241444.0
2026-09-16 20:00:00,0.0006622,0.001099,0.0006603,0.0010691,21398942135.0
2026-09-17 00:00:00,0.0010691,0.0011678,0.0009,0.0011477,64113223525.0
2026-09-17 04:00:00,0.0011482,0.0013,0.0010707,0.0011311,65706037507.0
2026-09-17 08:00:00,0.0011318,0.00115,0.0009694,0.0010676,52139014395.0
2026-09-17 12:00:00,0.0010679,0.00145,0.0010154,0.0013485,83503256857.0
2026-09-17 16:00:00,0.0013495,0.00175,0.0013314,0.0015598,92846946959.0
2026-09-17 20:00:00,0.0015598,0.0024288,0.0015139,0.0019634,86448221162.0
2026-09-18 00:00:00,0.0019634,0.001978,0.0014204,0.0014872,79627684745.0
2026-09-18 04:00:00,0.0014872,0.0019982,0.0014801,0.0017712,78932608025.0
2026-09-18 08:00:00,0.0017711,0.0018879,0.0016527,0.0017738,48218323343.0
2026-09-18 12:00:00,0.0017737,0.0018549,0.0015285,0.0016721,35470251268.0
2026-09-18 16:00:00,0.0016721,0.0018927,0.0016304,0.0017349,21177931810.0
2026-09-18 20:00:00,0.001735,0.002125,0.0015083,0.0020099,25460146676.0
2026-09-19 00:00:00,0.002009,0.00288,0.001876,0.0023485,44399138612.0
2026-09-19 04:00:00,0.0023485,0.0024837,0.0021916,0.0022821,20245607962.0
2026-09-19 08:00:00,0.002282,0.0027063,0.00222,0.0024573,23429658123.0
2026-09-19 12:00:00,0.0024577,0.00313,0.0023416,0.0030576,28070468161.0
2026-09-19 16:00:00,0.003059,0.0045355,0.0030088,0.0043147,54167390071.0
2026-09-19 20:00:00,0.0043166,0.005195,0.0036736,0.003936,45358159416.0
2026-09-20 00:00:00,0.0039361,0.0043851,0.0033558,0.0041062,33356568382.0
2026-09-20 04:00:00,0.0041083,0.0045283,0.0035,0.0038133,26961587980.0
2026-09-20 08:00:00,0.003814,0.0046146,0.0035411,0.0040174,36674564636.0
2026-09-20 12:00:00,0.0040203,0.0042451,0.00338,0.0037337,28010972153.0
2026-09-20 16:00:00,0.0037341,0.00395,0.0032321,0.0037009,18849691476.0
2026-09-20 20:00:00,0.0037006,0.004162,0.003519,0.0041371,7782764274.0
2026-09-21 00:00:00,0.0041374,0.00435,0.0027545,0.0035043,23262744260.0
2026-09-21 04:00:00,0.0035043,0.004698,0.0034348,0.004089,15008790829.0
2026-09-21 08:00:00,0.0040887,0.0051696,0.0039405,0.0045067,18241039214.0
2026-09-21 12:00:00,0.0045066,0.00523,0.003935,0.0042519,16191413623.0
2026-09-21 16:00:00,0.0042519,0.0043531,0.003875,0.0040391,7798904102.0
2026-09-21 20:00:00,0.0040396,0.0044245,0.0039125,0.0042209,9248494061.0
2026-09-22 00:00:00,0.0042203,0.004672,0.0040483,0.0041267,11862524738.0
2026-09-22 04:00:00,0.0041248,0.0041783,0.0036927,0.0037515,8255522662.0
2026-09-22 08:00:00,0.0037518,0.0038125,0.003429,0.0034776,10220943405.0
2026-09-22 12:00:00,0.0034773,0.0042117,0.0034735,0.0039284,10697231734.0
2026-09-22 16:00:00,0.003929,0.0039374,0.003222,0.0032656,9350488998.0
2026-09-22 20:00:00,0.0032658,0.0034046,0.0030851,0.0032755,7448743511.0
2026-09-23 00:00:00,0.0032755,0.0032939,0.0030088,0.0030581,5834683273.0
2026-09-23 04:00:00,0.0030575,0.0031217,0.0028211,0.0028999,7324816166.0
2026-09-23 08:00:00,0.0028999,0.0031916,0.002785,0.0030539,10481756439.0
2026-09-23 12:00:00,0.0030539,0.0031385,0.0026698,0.0029211,14420114470.0
2026-09-23 16:00:00,0.002921,0.0030093,0.0025673,0.0026059,14193202658.0
2026-09-23 20:00:00,0.0026059,0.0027586,0.0024002,0.002618,12222773735.0
2026-09-24 00:00:00,0.002618,0.0026338,0.0022112,0.0023592,12993687786.0
2026-09-24 04:00:00,0.0023584,0.002688,0.0022552,0.002286,13540837253.0
2026-09-24 08:00:00,0.0022863,0.0025193,0.0022461,0.0024859,9812209925.0
2026-09-24 12:00:00,0.0024861,0.0025793,0.002274,0.0024383,14524625175.0
2026-09-24 16:00:00,0.0024383,0.0024861,0.002112,0.0021465,8817606777.0
2026-09-24 20:00:00,0.0021474,0.0022494,0.0020256,0.0021171,8732474426.0
2026-09-25 00:00:00,0.0021165,0.0028272,0.0019128,0.0021876,21954810687.0
2026-09-25 04:00:00,0.0021876,0.0024861,0.0021023,0.0022978,12664893899.0
2026-09-25 08:00:00,0.0022977,0.0023819,0.00223,0.0023011,5781613713.0
2026-09-25 12:00:00,0.0023012,0.0023039,0.0021608,0.0021998,6240090920.0
2026-09-25 16:00:00,0.0021998,0.0024949,0.0021853,0.0023993,7798208928.0
2026-09-25 20:00:00,0.0023998,0.0025006,0.0023,0.0024701,4592611644.0
2026-09-26 00:00:00,0.0024701,0.0025593,0.0023749,0.0024608,6386869774.0
2026-09-26 04:00:00,0.0024611,0.0024847,0.0022719,0.0022971,3978672104.0
2026-09-26 08:00:00,0.0022966,0.0023381,0.0022556,0.0023012,2633355020.0
2026-09-26 12:00:00,0.0023014,0.0023044,0.0022166,0.0022778,2722654710.0
2026-09-26 16:00:00,0.0022778,0.0022869,0.0022001,0.0022358,2203002331.0
2026-09-26 20:00:00,0.0022358,0.0022785,0.0021697,0.0022502,1947423627.0
2026-09-27 00:00:00,0.0022501,0.0023,0.0021923,0.0021982,2672494788.0
2026-09-27 04:00:00,0.0021989,0.0022092,0.0020864,0.002138,3527850794.0
2026-09-27 08:00:00,0.002138,0.0021385,0.0020602,0.0021098,2280332167.0
2026-09-27 12:00:00,0.0021098,0.002203,0.0020626,0.0021974,5705177404.0
2026-09-27 16:00:00,0.002198,0.0022818,0.00216,0.0022447,4611656157.0
2026-09-27 20:00:00,0.0022447,0.0027085,0.0022291,0.0024375,12905377368.0
2026-09-28 00:00:00,0.0024371,0.0029153,0.0023605,0.0027681,10934962791.0
2026-09-28 04:00:00,0.0027681,0.0027975,0.0024325,0.002539,17688446437.0
2026-09-28 08:00:00,0.002539,0.0025682,0.0023267,0.0024088,8778807028.0
2026-09-28 12:00:00,0.0024088,0.0024985,0.0023722,0.0024326,7008542090.0
2026-09-28 16:00:00,0.0024325,0.002576,0.0023824,0.0025182,6985842061.0
2026-09-28 20:00:00,0.0025182,0.0025413,0.0024049,0.0024418,2688121594.0
2026-09-29 00:00:00,0.0024425,0.0024824,0.0021832,0.002265,5425243305.0
2026-09-29 04:00:00,0.0022654,0.0022671,0.0021645,0.0022537,5737970002.0
2026-09-29 08:00:00,0.0022537,0.00248,0.0022348,0.0024469,6532392105.0
2026-09-29 12:00:00,0.0024475,0.002453,0.0023866,0.0024049,3190143908.0
2026-09-29 16:00:00,0.0024048,0.0024691,0.0023723,0.0024359,2512839216.0
2026-09-29 20:00:00,0.0024359,0.0024827,0.0023381,0.0023524,1662615072.0
2026-09-30 00:00:00,0.0023523,0.0023916,0.002303,0.0023286,1747663179.0
2026-09-30 04:00:00,0.0023286,0.0023582,0.0022807,0.0022904,1370797665.0
2026-09-30 08:00:00,0.0022904,0.0023229,0.0022546,0.0022776,1456898017.0
2026-09-30 12:00:00,0.0022778,0.00235,0.0021739,0.0022412,2905706556.0
2026-09-30 16:00:00,0.0022412,0.0022511,0.0021502,0.0021771,1875884458.0
2026-09-30 20:00:00,0.0021772,0.0022072,0.0021103,0.002199,1525138283.0
2026-10-01 00:00:00,0.0021989,0.0022061,0.0021622,0.0021813,1158063405.0
2026-10-01 04:00:00,0.0021812,0.0021957,0.0021525,0.0021768,1107577443.0
2026-10-01 08:00:00,0.0021768,0.002269,0.0021758,0.0022136,2091277940.0
2026-10-01 12:00:00,0.0022137,0.0023707,0.0021665,0.0022697,5141154429.0
2026-10-01 16:00:00,0.0022698,0.0022941,0.0021751,0.0022467,1565698554.0
2026-10-01 20:00:00,0.0022465,0.0022544,0.0020801,0.0021202,1994372333.0
2026-10-02 00:00:00,0.0021202,0.0022155,0.0021069,0.0021691,1533941875.0
2026-10-02 04:00:00,0.0021691,0.002217,0.0021111,0.0021355,1543854772.0
2026-10-02 08:00:00,0.0021351,0.0021854,0.0021329,0.0021677,980501043.0
2026-10-02 12:00:00,0.0021681,0.0021821,0.0021346,0.0021707,1069155072.0
2026-10-02 16:00:00,0.0021707,0.0021825,0.0020242,0.0021016,1784285457.0
2026-10-02 20:00:00,0.0021017,0.0022073,0.0020916,0.0021546,1402361510.0
2026-10-03 00:00:00,0.0021546,0.0022387,0.0021271,0.0021655,1645393658.0
2026-10-03 04:00:00,0.0021656,0.0023156,0.0021323,0.0022962,1895616081.0
2026-10-03 08:00:00,0.0022962,0.0027444,0.0022621,0.002501,28953296606.0
2026-10-03 12:00:00,0.0025016,0.0025691,0.0023343,0.002482,15607348264.0
2026-10-03 16:00:00,0.0024818,0.0026346,0.0024419,0.0026126,9219399448.0
2026-10-03 20:00:00,0.0026125,0.0026157,0.0024151,0.0024726,5875535393.0
2026-10-04 00:00:00,0.0024724,0.0024767,0.0024001,0.0024493,3145738521.0
