t,o,h,l,c,v
2024-09-14 04:00:00,75.82,76.49,75.16,75.4,21494.4
2024-09-14 08:00:00,75.4,75.54,74.59,74.8,14118.7
2024-09-14 12:00:00,74.79,75.0,74.44,74.95,10800.1
2024-09-14 16:00:00,74.92,74.96,73.64,74.01,12668.8
2024-09-14 20:00:00,74.04,74.69,74.04,74.28,7621.3
2024-09-15 00:00:00,74.27,74.66,73.89,73.96,8206.5
2024-09-15 04:00:00,73.96,75.0,73.93,74.95,12030.2
2024-09-15 08:00:00,74.94,75.9,74.63,75.74,15334.0
2024-09-15 12:00:00,75.75,75.85,74.2,74.63,20729.0
2024-09-15 16:00:00,74.65,74.73,73.71,73.75,16625.1
2024-09-15 20:00:00,73.74,74.0,72.02,72.91,23545.3
2024-09-16 00:00:00,72.9,73.42,71.73,72.6,21300.6
2024-09-16 04:00:00,72.63,72.7,71.86,72.27,11162.7
2024-09-16 08:00:00,72.26,72.57,70.6,70.71,19563.9
2024-09-16 12:00:00,70.7,70.95,69.42,70.11,17169.2
2024-09-16 16:00:00,70.12,70.86,69.72,70.48,13521.3
2024-09-16 20:00:00,70.45,70.73,69.73,70.47,10676.2
2024-09-17 00:00:00,70.48,70.48,69.51,70.16,11593.5
2024-09-17 04:00:00,70.16,70.51,69.74,69.9,12638.8
2024-09-17 08:00:00,69.87,70.1,69.43,69.87,16136.0
2024-09-17 12:00:00,69.87,71.86,69.44,71.56,22586.1
2024-09-17 16:00:00,71.56,71.65,69.46,69.8,18648.0
2024-09-17 20:00:00,69.79,70.1,69.16,69.6,11849.5
2024-09-18 00:00:00,69.59,71.42,68.81,71.21,16302.2
2024-09-18 04:00:00,71.2,72.58,70.54,72.25,12437.8
2024-09-18 08:00:00,72.24,72.49,70.26,70.42,11009.5
2024-09-18 12:00:00,70.42,71.02,69.06,69.25,11720.5
2024-09-18 16:00:00,69.23,73.86,68.89,71.94,30772.4
2024-09-18 20:00:00,71.93,73.24,71.12,73.2,15137.0
2024-09-19 00:00:00,73.21,74.1,72.61,73.04,16520.3
2024-09-19 04:00:00,73.05,73.24,72.29,72.68,12069.1
2024-09-19 08:00:00,72.69,72.96,71.78,72.14,14972.4
2024-09-19 12:00:00,72.14,74.17,72.02,74.09,24487.0
2024-09-19 16:00:00,74.05,75.63,73.61,74.32,31307.8
2024-09-19 20:00:00,74.34,74.43,73.02,73.79,16063.4
2024-09-20 00:00:00,73.8,75.48,73.28,75.43,10817.5
2024-09-20 04:00:00,75.42,76.91,75.39,76.26,15415.8
2024-09-20 08:00:00,76.27,76.39,75.46,75.88,13152.5
2024-09-20 12:00:00,75.89,77.0,75.41,76.69,13585.4
2024-09-20 16:00:00,76.69,77.25,75.62,75.97,10367.2
2024-09-20 20:00:00,75.96,76.99,75.59,76.87,9938.8
2024-09-21 00:00:00,76.86,77.4,75.75,76.1,11050.9
2024-09-21 04:00:00,76.08,76.4,74.85,76.23,10155.3
2024-09-21 08:00:00,76.22,76.39,74.5,75.18,11723.2
2024-09-21 12:00:00,75.18,75.3,73.86,74.22,16314.4
2024-09-21 16:00:00,74.21,75.12,74.18,74.81,8496.3
2024-09-21 20:00:00,74.8,75.37,74.13,75.0,6273.0
2024-09-22 00:00:00,74.99,75.15,73.47,74.24,13938.8
2024-09-22 04:00:00,74.25,74.34,73.27,73.9,11840.5
2024-09-22 08:00:00,73.9,74.1,73.26,73.64,7411.5
2024-09-22 12:00:00,73.65,74.25,73.07,73.67,10654.6
2024-09-22 16:00:00,73.65,74.72,73.34,74.24,8115.8
2024-09-22 20:00:00,74.27,74.71,72.29,73.8,20221.7
2024-09-23 00:00:00,73.81,75.48,72.5,75.11,15605.9
2024-09-23 04:00:00,75.14,76.24,75.07,75.87,17456.9
2024-09-23 08:00:00,75.88,76.3,74.96,75.72,16813.9
2024-09-23 12:00:00,75.73,76.75,75.02,76.51,11572.3
2024-09-23 16:00:00,76.5,77.72,76.0,77.18,16480.8
2024-09-23 20:00:00,77.2,79.12,77.07,78.1,18469.2
2024-09-24 00:00:00,78.08,78.44,76.75,77.04,11617.9
2024-09-24 04:00:00,77.01,77.76,76.5,77.75,8314.4
2024-09-24 08:00:00,77.73,78.58,77.32,78.23,10764.0
2024-09-24 12:00:00,78.23,78.8,76.07,76.55,17042.1
2024-09-24 16:00:00,76.55,77.65,76.42,77.55,14172.1
2024-09-24 20:00:00,77.56,78.16,77.03,77.65,11614.7
2024-09-25 00:00:00,77.65,78.7,77.3,78.6,11254.3
2024-09-25 04:00:00,78.61,78.8,76.75,77.95,13116.5
2024-09-25 08:00:00,77.94,79.97,77.73,79.94,19084.0
2024-09-25 12:00:00,79.94,80.28,78.59,79.39,20424.0
2024-09-25 16:00:00,79.4,79.73,77.86,77.94,11630.6
2024-09-25 20:00:00,77.92,78.73,77.59,77.96,8472.8
2024-09-26 00:00:00,77.96,78.72,77.08,78.34,12425.7
2024-09-26 04:00:00,78.38,80.24,78.1,80.06,10093.6
2024-09-26 08:00:00,80.09,80.45,79.15,79.91,9466.6
2024-09-26 12:00:00,79.92,80.74,79.36,79.55,16137.3
2024-09-26 16:00:00,79.52,80.32,78.88,79.65,15368.5
2024-09-26 20:00:00,79.63,80.2,78.23,79.14,8847.3
2024-09-27 00:00:00,79.16,79.92,78.54,79.84,6848.4
2024-09-27 04:00:00,79.84,80.27,79.45,80.19,12058.0
2024-09-27 08:00:00,80.2,80.66,78.61,79.0,14329.1
2024-09-27 12:00:00,79.0,80.56,78.43,80.16,16461.0
2024-09-27 16:00:00,80.16,80.83,77.43,78.3,19152.2
2024-09-27 20:00:00,78.28,78.83,77.88,78.47,9764.4
2024-09-28 00:00:00,78.46,79.57,78.41,79.3,7853.2
2024-09-28 04:00:00,79.31,79.59,77.75,78.11,10080.7
2024-09-28 08:00:00,78.1,78.19,76.57,77.66,13744.2
2024-09-28 12:00:00,77.64,77.66,76.52,76.79,11182.7
2024-09-28 16:00:00,76.79,77.04,76.22,76.87,10293.8
2024-09-28 20:00:00,76.87,77.28,76.08,77.12,6836.9
2024-09-29 00:00:00,77.13,77.95,76.49,76.84,11405.5
2024-09-29 04:00:00,76.83,76.83,75.11,75.31,8480.4
2024-09-29 08:00:00,75.31,75.88,75.11,75.54,8833.4
2024-09-29 12:00:00,75.54,75.81,74.67,75.6,12955.8
2024-09-29 16:00:00,75.59,76.46,75.14,76.41,11497.2
2024-09-29 20:00:00,76.4,77.3,75.44,75.97,10114.6
2024-09-30 00:00:00,75.96,76.28,73.88,74.64,18345.3
2024-09-30 04:00:00,74.63,75.57,74.05,75.04,10767.5
2024-09-30 08:00:00,75.05,75.42,73.53,75.31,14763.9
2024-09-30 12:00:00,75.31,75.45,73.4,73.52,12393.0
2024-09-30 16:00:00,73.52,74.32,73.14,74.16,12658.4
2024-09-30 20:00:00,74.2,74.58,72.22,72.96,16365.4
2024-10-01 00:00:00,72.96,73.72,72.31,73.65,17564.6
2024-10-01 04:00:00,73.64,73.97,73.05,73.85,12154.7
2024-10-01 08:00:00,73.85,74.59,73.39,74.07,11162.6
2024-10-01 12:00:00,74.06,74.42,69.0,71.05,38083.2
2024-10-01 16:00:00,71.03,71.28,67.58,68.72,38206.7
2024-10-01 20:00:00,68.71,69.3,67.77,68.5,18811.4
2024-10-02 00:00:00,68.48,69.95,68.3,69.76,18654.4
2024-10-02 04:00:00,69.77,70.36,69.22,69.88,8385.5
2024-10-02 08:00:00,69.9,70.4,68.48,69.12,13687.0
2024-10-02 12:00:00,69.11,69.62,68.18,69.0,15721.4
2024-10-02 16:00:00,68.99,69.6,66.31,66.78,18538.5
2024-10-02 20:00:00,66.79,68.1,66.54,66.99,12928.5
2024-10-03 00:00:00,66.99,68.46,66.67,68.37,13622.2
2024-10-03 04:00:00,68.37,69.54,68.1,68.51,10410.9
2024-10-03 08:00:00,68.51,68.73,66.9,67.89,19265.9
2024-10-03 12:00:00,67.89,69.22,67.2,68.34,16626.9
2024-10-03 16:00:00,68.37,69.34,67.03,68.97,19301.3
2024-10-03 20:00:00,68.97,69.1,67.74,67.97,9423.0
2024-10-04 00:00:00,68.01,68.78,67.24,68.2,11964.9
2024-10-04 04:00:00,68.2,69.74,68.1,69.65,8306.8
2024-10-04 08:00:00,69.67,70.19,68.72,69.57,12543.0
2024-10-04 12:00:00,69.56,70.18,68.53,70.06,21780.5
2024-10-04 16:00:00,70.07,70.4,69.59,70.01,8564.8
2024-10-04 20:00:00,70.02,70.52,69.61,70.44,5782.4
2024-10-05 00:00:00,70.43,72.49,70.33,71.33,23255.0
2024-10-05 04:00:00,71.36,72.39,70.74,70.78,12801.8
2024-10-05 08:00:00,70.77,71.13,70.48,70.55,10232.8
2024-10-05 12:00:00,70.54,70.78,69.56,70.1,9014.5
2024-10-05 16:00:00,70.08,70.08,68.8,68.95,8899.9
2024-10-05 20:00:00,68.92,69.19,68.22,68.71,7276.7
2024-10-06 00:00:00,68.71,69.61,68.48,68.84,9804.3
2024-10-06 04:00:00,68.87,69.65,68.82,69.33,4933.4
2024-10-06 08:00:00,69.33,69.52,67.94,68.54,16945.2
2024-10-06 12:00:00,68.57,69.66,68.43,68.84,12589.1
2024-10-06 16:00:00,68.84,69.21,68.09,68.48,11790.8
2024-10-06 20:00:00,68.48,69.9,68.46,69.63,10195.8
2024-10-07 00:00:00,69.64,71.05,69.26,70.64,9247.1
2024-10-07 04:00:00,70.66,70.77,69.56,69.65,10420.4
2024-10-07 08:00:00,69.62,69.79,68.11,68.98,10882.7
2024-10-07 12:00:00,68.97,69.56,68.33,68.74,19197.2
2024-10-07 16:00:00,68.8,69.07,67.36,68.08,16983.3
2024-10-07 20:00:00,68.09,68.32,67.05,67.24,13610.4
2024-10-08 00:00:00,67.24,68.45,67.2,67.79,16118.0
2024-10-08 04:00:00,67.79,68.34,66.57,66.98,11496.3
2024-10-08 08:00:00,66.98,67.79,66.67,67.4,12509.7
2024-10-08 12:00:00,67.4,67.57,65.76,66.4,16696.8
2024-10-08 16:00:00,66.41,66.84,65.74,66.48,15882.4
2024-10-08 20:00:00,66.49,67.16,66.28,66.62,8300.3
2024-10-09 00:00:00,66.63,67.26,66.18,66.62,11510.6
2024-10-09 04:00:00,66.62,67.02,66.16,66.49,9415.5
2024-10-09 08:00:00,66.48,67.04,66.38,67.01,8408.0
2024-10-09 12:00:00,66.99,67.42,65.9,67.04,24418.7
2024-10-09 16:00:00,67.06,67.1,64.34,65.63,98815.4
2024-10-09 20:00:00,65.63,65.88,65.01,65.76,13038.9
2024-10-10 00:00:00,65.75,66.38,65.46,65.92,8293.2
2024-10-10 04:00:00,65.92,66.92,65.82,66.54,9240.3
2024-10-10 08:00:00,66.54,66.84,65.76,66.78,8310.0
2024-10-10 12:00:00,66.79,66.86,65.44,66.2,17877.4
2024-10-10 16:00:00,66.19,66.25,64.34,65.07,15320.0
2024-10-10 20:00:00,65.06,66.01,64.67,65.93,10927.1
2024-10-11 00:00:00,65.97,66.73,65.68,66.68,10220.4
2024-10-11 04:00:00,66.68,66.81,65.51,66.34,8883.5
2024-10-11 08:00:00,66.33,67.0,66.23,66.82,5833.2
2024-10-11 12:00:00,66.84,67.31,66.64,67.2,11852.6
2024-10-11 16:00:00,67.2,67.85,66.97,67.38,13264.1
2024-10-11 20:00:00,67.38,67.44,66.5,66.66,12521.0
2024-10-12 00:00:00,66.64,66.79,66.18,66.41,9598.4
2024-10-12 04:00:00,66.4,67.7,66.39,67.6,10485.7
2024-10-12 08:00:00,67.62,67.8,66.11,66.26,16088.4
2024-10-12 12:00:00,66.27,67.46,66.27,66.93,13657.8
2024-10-12 16:00:00,66.93,67.15,66.1,66.56,10043.5
2024-10-12 20:00:00,66.58,66.94,66.3,66.46,5370.7
2024-10-13 00:00:00,66.46,66.86,65.82,66.04,6984.0
2024-10-13 04:00:00,66.03,66.17,65.6,66.1,6347.0
2024-10-13 08:00:00,66.1,66.62,65.6,66.05,22786.6
2024-10-13 12:00:00,66.04,66.36,64.58,64.63,14745.8
2024-10-13 16:00:00,64.64,65.12,63.88,64.53,21396.9
2024-10-13 20:00:00,64.55,65.25,64.35,64.78,8806.5
2024-10-14 00:00:00,64.76,66.57,64.32,66.52,11632.6
2024-10-14 04:00:00,66.55,68.27,65.74,67.45,28850.4
2024-10-14 08:00:00,67.43,67.72,66.45,66.92,17840.5
2024-10-14 12:00:00,66.93,67.8,66.64,67.05,18625.9
2024-10-14 16:00:00,67.09,68.17,66.7,67.39,17897.7
2024-10-14 20:00:00,67.38,68.17,67.17,68.06,12049.9
2024-10-15 00:00:00,68.07,68.61,66.54,66.75,15588.1
2024-10-15 04:00:00,66.75,67.2,65.9,66.73,17417.5
2024-10-15 08:00:00,66.73,67.84,65.96,66.32,31800.2
2024-10-15 12:00:00,66.32,68.79,65.7,66.55,55397.3
2024-10-15 16:00:00,66.54,67.42,66.18,66.41,17694.6
2024-10-15 20:00:00,66.44,67.15,65.61,67.09,14109.0
2024-10-16 00:00:00,67.11,67.14,66.0,66.32,9242.6
2024-10-16 04:00:00,66.33,66.67,65.93,66.07,11289.6
2024-10-16 08:00:00,66.07,67.24,65.99,66.99,14121.7
2024-10-16 12:00:00,66.97,67.16,65.93,66.15,16621.5
2024-10-16 16:00:00,66.15,66.38,65.95,66.15,10435.8
2024-10-16 20:00:00,66.13,66.48,65.95,66.08,8111.1
2024-10-17 00:00:00,66.06,66.48,65.86,66.33,5601.2
2024-10-17 04:00:00,66.33,66.42,65.63,65.95,8980.1
2024-10-17 08:00:00,65.95,66.1,64.68,64.68,9757.5
2024-10-17 12:00:00,64.7,65.93,64.55,65.64,15500.4
2024-10-17 16:00:00,65.64,65.65,64.16,64.41,17356.6
2024-10-17 20:00:00,64.41,64.7,64.32,64.52,7895.8
2024-10-18 00:00:00,64.52,65.62,64.14,64.78,11500.4
2024-10-18 04:00:00,64.79,65.7,64.79,65.54,6473.0
2024-10-18 08:00:00,65.54,65.74,65.1,65.13,7228.2
2024-10-18 12:00:00,65.15,65.5,64.55,65.36,12228.7
2024-10-18 16:00:00,65.34,66.13,65.12,65.89,13514.3
2024-10-18 20:00:00,65.88,66.38,65.63,66.3,7833.4
2024-10-19 00:00:00,66.33,66.95,66.26,66.28,9612.4
2024-10-19 04:00:00,66.28,66.46,65.88,66.04,6772.6
2024-10-19 08:00:00,66.01,66.14,64.93,64.98,7434.9
2024-10-19 12:00:00,64.98,65.46,64.78,65.2,9157.8
2024-10-19 16:00:00,65.2,65.32,64.95,64.99,4262.3
2024-10-19 20:00:00,65.02,65.76,64.97,65.62,7205.7
2024-10-20 00:00:00,65.62,65.76,64.41,64.97,10679.0
2024-10-20 04:00:00,64.97,65.79,64.78,65.54,8706.6
2024-10-20 08:00:00,65.54,66.01,65.41,65.62,8121.1
2024-10-20 12:00:00,65.61,67.06,65.23,67.01,18985.9
2024-10-20 16:00:00,67.03,67.18,66.2,66.32,9513.1
2024-10-20 20:00:00,66.3,67.28,66.15,67.27,10496.1
2024-10-21 00:00:00,67.24,68.11,67.16,67.36,10196.1
2024-10-21 04:00:00,67.35,67.91,67.03,67.42,8531.6
2024-10-21 08:00:00,67.42,67.74,66.29,66.41,15687.9
2024-10-21 12:00:00,66.41,67.01,64.84,65.98,25124.1
2024-10-21 16:00:00,65.96,66.13,65.0,65.51,18491.3
2024-10-21 20:00:00,65.52,65.87,65.14,65.22,7672.1
2024-10-22 00:00:00,65.21,65.85,64.57,65.81,12848.3
2024-10-22 04:00:00,65.82,66.24,65.41,65.71,9063.8
2024-10-22 08:00:00,65.72,65.74,64.52,65.34,13795.6
2024-10-22 12:00:00,65.33,66.13,64.83,65.72,12448.3
2024-10-22 16:00:00,65.73,66.03,64.85,65.05,14806.5
2024-10-22 20:00:00,65.05,65.46,64.8,64.94,6805.5
2024-10-23 00:00:00,64.91,65.33,64.57,64.84,8158.4
2024-10-23 04:00:00,64.85,65.36,64.52,64.59,14992.8
2024-10-23 08:00:00,64.6,64.9,63.45,63.5,12698.7
2024-10-23 12:00:00,63.5,64.13,63.03,63.23,17305.3
2024-10-23 16:00:00,63.23,63.42,61.43,63.42,22950.3
2024-10-23 20:00:00,63.44,63.93,62.64,63.15,14550.4
2024-10-24 00:00:00,63.12,64.12,62.43,63.34,16699.3
2024-10-24 04:00:00,63.32,63.83,63.0,63.01,7534.0
2024-10-24 08:00:00,63.01,63.3,62.28,62.86,8052.5
2024-10-24 12:00:00,62.85,63.3,62.69,62.81,13515.6
2024-10-24 16:00:00,62.81,64.15,62.7,64.01,14159.5
2024-10-24 20:00:00,64.01,64.45,63.59,63.73,10225.9
2024-10-25 00:00:00,63.73,64.18,63.7,63.97,7325.4
2024-10-25 04:00:00,63.95,64.01,62.33,62.36,13048.3
2024-10-25 08:00:00,62.36,63.25,61.94,63.17,12626.0
2024-10-25 12:00:00,63.17,63.67,62.01,62.26,12848.6
2024-10-25 16:00:00,62.23,62.7,60.53,61.24,23496.2
2024-10-25 20:00:00,61.24,61.37,56.79,58.82,34448.6
2024-10-26 00:00:00,58.82,60.0,58.38,59.58,24734.5
2024-10-26 04:00:00,59.58,60.12,59.34,59.75,10584.0
2024-10-26 08:00:00,59.74,60.15,59.49,59.69,9517.6
2024-10-26 12:00:00,59.69,59.79,58.84,59.12,14912.4
2024-10-26 16:00:00,59.12,60.26,59.03,60.18,10561.3
2024-10-26 20:00:00,60.18,61.7,60.17,61.7,10995.8
2024-10-27 00:00:00,61.71,61.71,60.86,61.42,8457.7
2024-10-27 04:00:00,61.43,61.46,60.93,61.09,5168.5
2024-10-27 08:00:00,61.1,61.45,61.01,61.39,8796.6
2024-10-27 12:00:00,61.39,61.82,61.16,61.7,10137.4
2024-10-27 16:00:00,61.72,62.18,61.05,61.18,10317.2
2024-10-27 20:00:00,61.17,61.83,61.03,61.46,7244.3
2024-10-28 00:00:00,61.46,61.81,61.05,61.09,10538.2
2024-10-28 04:00:00,61.09,62.51,60.92,61.98,16818.8
2024-10-28 08:00:00,61.99,62.88,61.89,62.19,15910.0
2024-10-28 12:00:00,62.22,62.5,60.57,60.59,18517.1
2024-10-28 16:00:00,60.58,60.89,59.92,60.41,22509.8
2024-10-28 20:00:00,60.46,61.89,60.44,61.11,11330.1
2024-10-29 00:00:00,61.11,62.39,60.85,61.96,16267.7
2024-10-29 04:00:00,61.95,62.83,61.82,62.58,12895.4
2024-10-29 08:00:00,62.59,62.82,61.98,62.5,14805.4
2024-10-29 12:00:00,62.5,62.55,61.48,61.85,22390.0
2024-10-29 16:00:00,61.84,63.28,61.64,62.03,33408.4
2024-10-29 20:00:00,62.06,62.39,61.43,62.19,11309.3
2024-10-30 00:00:00,62.19,63.06,61.68,62.24,15317.1
2024-10-30 04:00:00,62.24,62.69,61.82,61.82,9199.0
2024-10-30 08:00:00,61.84,62.53,61.2,61.26,16309.0
2024-10-30 12:00:00,61.27,62.48,60.65,61.87,26127.2
2024-10-30 16:00:00,61.85,62.35,61.42,61.46,12774.7
2024-10-30 20:00:00,61.46,62.1,61.21,61.23,9947.8
2024-10-31 00:00:00,61.23,61.59,60.56,61.17,14740.8
2024-10-31 04:00:00,61.17,61.51,60.42,61.03,15180.2
2024-10-31 08:00:00,61.05,61.3,60.44,60.86,15403.3
2024-10-31 12:00:00,60.85,60.97,59.68,59.84,17745.7
2024-10-31 16:00:00,59.83,60.18,58.68,59.11,24112.4
2024-10-31 20:00:00,59.09,59.59,58.68,59.13,15659.4
2024-11-01 00:00:00,59.14,59.22,58.06,58.65,13327.4
2024-11-01 04:00:00,58.65,58.78,57.24,57.9,20186.9
2024-11-01 08:00:00,57.9,58.75,57.75,58.49,13782.2
2024-11-01 12:00:00,58.51,59.79,57.48,58.08,31216.8
2024-11-01 16:00:00,58.09,58.84,57.95,58.2,19971.7
2024-11-01 20:00:00,58.21,58.47,57.57,58.14,12012.7
2024-11-02 00:00:00,58.15,59.15,58.12,58.36,11582.5
2024-11-02 04:00:00,58.36,58.56,58.02,58.37,7628.9
2024-11-02 08:00:00,58.37,58.52,57.59,57.65,9821.5
2024-11-02 12:00:00,57.63,57.72,56.05,56.48,26469.0
2024-11-02 16:00:00,56.5,57.0,56.19,56.83,11455.2
2024-11-02 20:00:00,56.83,57.53,56.8,57.47,8965.0
2024-11-03 00:00:00,57.48,57.7,55.54,56.29,23435.9
2024-11-03 04:00:00,56.31,57.33,56.31,56.93,14639.3
2024-11-03 08:00:00,56.94,56.94,55.74,55.81,16483.6
2024-11-03 12:00:00,55.82,56.12,54.34,55.24,29923.9
2024-11-03 16:00:00,55.25,55.62,54.58,55.58,13874.4
2024-11-03 20:00:00,55.57,56.14,55.23,56.07,12926.1
2024-11-04 00:00:00,56.09,57.35,55.5,56.95,16377.6
2024-11-04 04:00:00,56.95,57.31,56.4,56.66,9717.2
2024-11-04 08:00:00,56.68,57.39,56.42,56.88,12729.4
2024-11-04 12:00:00,56.88,57.25,56.21,56.3,15122.2
2024-11-04 16:00:00,56.3,56.54,55.58,56.43,21192.4
2024-11-04 20:00:00,56.42,56.43,55.03,56.11,17235.4
2024-11-05 00:00:00,56.12,57.09,56.1,56.6,14769.4
2024-11-05 04:00:00,56.6,56.82,56.03,56.22,12582.6
2024-11-05 08:00:00,56.22,56.92,56.09,56.47,12309.6
2024-11-05 12:00:00,56.48,57.56,56.27,57.14,18985.8
2024-11-05 16:00:00,57.14,57.84,56.31,56.59,16998.5
2024-11-05 20:00:00,56.6,57.09,56.1,56.9,12326.1
2024-11-06 00:00:00,56.9,60.8,56.69,60.7,29119.1
2024-11-06 04:00:00,60.71,62.35,60.51,61.28,32295.8
2024-11-06 08:00:00,61.28,61.79,60.1,61.34,28427.4
2024-11-06 12:00:00,61.31,61.56,60.14,60.54,18820.7
2024-11-06 16:00:00,60.53,61.52,60.53,61.25,13702.9
2024-11-06 20:00:00,61.26,62.16,61.11,61.85,14419.1
2024-11-07 00:00:00,61.85,63.59,61.52,63.33,26960.9
2024-11-07 04:00:00,63.34,63.36,61.57,62.22,16225.6
2024-11-07 08:00:00,62.23,62.62,61.56,61.61,11964.4
2024-11-07 12:00:00,61.62,62.45,61.0,62.22,16811.8
2024-11-07 16:00:00,62.23,62.42,61.49,61.9,18014.7
2024-11-07 20:00:00,61.88,62.83,61.45,62.11,14994.0
2024-11-08 00:00:00,62.11,62.64,60.7,61.03,14310.9
2024-11-08 04:00:00,61.03,61.67,60.79,61.35,10034.8
2024-11-08 08:00:00,61.34,61.49,60.67,61.02,10184.4
2024-11-08 12:00:00,61.04,61.67,60.38,60.91,18597.6
2024-11-08 16:00:00,60.9,61.58,59.65,61.34,23724.3
2024-11-08 20:00:00,61.31,61.54,60.24,61.5,11580.4
2024-11-09 00:00:00,61.51,61.67,60.81,61.13,9285.4
2024-11-09 04:00:00,61.14,62.73,61.14,62.34,15022.8
2024-11-09 08:00:00,62.36,63.43,62.13,63.32,15641.1
2024-11-09 12:00:00,63.3,63.36,61.74,62.13,16275.6
2024-11-09 16:00:00,62.13,62.32,60.75,61.75,12940.2
2024-11-09 20:00:00,61.76,63.94,61.65,63.64,17099.1
2024-11-10 00:00:00,63.65,64.26,62.9,64.05,18448.5
2024-11-10 04:00:00,64.09,65.52,63.8,65.45,19747.6
2024-11-10 08:00:00,65.45,67.78,65.34,67.36,27463.5
2024-11-10 12:00:00,67.36,69.97,66.69,68.7,38921.4
2024-11-10 16:00:00,68.7,70.09,67.75,68.09,28382.5
2024-11-10 20:00:00,68.11,68.42,64.27,67.53,45013.5
2024-11-11 00:00:00,67.56,69.83,67.33,68.88,20513.4
2024-11-11 04:00:00,68.89,68.94,65.37,67.09,34154.7
2024-11-11 08:00:00,67.06,67.97,66.6,67.88,18515.0
2024-11-11 12:00:00,67.88,68.41,66.54,67.68,34733.8
2024-11-11 16:00:00,67.67,69.46,67.65,68.76,30014.2
2024-11-11 20:00:00,68.74,70.74,68.14,70.5,33593.1
2024-11-12 00:00:00,70.51,70.7,67.34,68.08,41133.2
2024-11-12 04:00:00,68.07,68.71,67.03,68.27,24330.2
2024-11-12 08:00:00,68.26,69.7,61.68,64.43,100337.1
2024-11-12 12:00:00,64.39,65.18,62.27,63.7,60720.1
2024-11-12 16:00:00,63.71,64.63,62.11,64.18,41625.2
2024-11-12 20:00:00,64.18,64.68,62.7,62.88,32362.8
2024-11-13 00:00:00,62.86,64.16,60.4,60.48,47290.9
2024-11-13 04:00:00,60.46,61.29,58.78,60.06,47093.7
2024-11-13 08:00:00,60.08,60.52,59.46,60.17,20654.3
2024-11-13 12:00:00,60.13,63.51,59.72,63.04,58137.0
2024-11-13 16:00:00,63.03,63.9,60.67,60.89,50396.9
2024-11-13 20:00:00,60.9,62.11,59.61,62.07,36399.4
2024-11-14 00:00:00,62.1,62.8,61.36,62.79,23167.1
2024-11-14 04:00:00,62.77,64.38,61.72,63.1,24783.1
2024-11-14 08:00:00,63.09,63.41,60.46,61.84,24878.7
2024-11-14 12:00:00,61.82,62.43,59.67,60.21,33857.2
2024-11-14 16:00:00,60.21,62.57,59.78,62.55,27875.7
2024-11-14 20:00:00,62.54,63.73,60.58,61.51,38796.5
2024-11-15 00:00:00,61.55,62.49,60.75,62.02,24381.4
2024-11-15 04:00:00,62.04,62.2,60.17,61.12,22726.7
2024-11-15 08:00:00,61.12,63.17,60.44,62.62,24545.1
2024-11-15 12:00:00,62.62,62.92,60.73,61.21,34092.5
2024-11-15 16:00:00,61.19,64.5,60.97,63.95,37504.1
2024-11-15 20:00:00,63.98,66.59,63.98,66.16,26995.6
2024-11-16 00:00:00,66.16,66.4,65.26,66.29,16386.5
2024-11-16 04:00:00,66.29,67.11,65.04,65.36,23616.5
2024-11-16 08:00:00,65.35,68.53,65.26,68.16,23635.1
2024-11-16 12:00:00,68.17,74.4,67.12,72.36,91212.3
2024-11-16 16:00:00,72.39,94.86,72.02,88.33,986389.2
2024-11-16 20:00:00,88.34,91.61,86.24,87.5,306168.2
2024-11-17 00:00:00,87.49,87.52,81.64,83.16,172056.7
2024-11-17 04:00:00,83.15,85.22,81.44,83.56,132276.7
2024-11-17 08:00:00,83.57,83.62,79.67,79.74,83368.6
2024-11-17 12:00:00,79.76,82.48,78.8,78.92,123379.4
2024-11-17 16:00:00,78.91,80.61,77.76,78.44,82693.1
2024-11-17 20:00:00,78.45,79.63,77.55,79.63,53271.9
2024-11-18 00:00:00,79.62,91.09,79.25,90.18,130336.4
2024-11-18 04:00:00,90.19,93.59,87.25,89.02,141290.1
2024-11-18 08:00:00,89.06,91.07,87.96,88.73,79353.3
2024-11-18 12:00:00,88.73,89.59,86.11,89.03,80888.8
2024-11-18 16:00:00,89.02,90.3,85.51,86.04,80458.0
2024-11-18 20:00:00,86.05,88.63,86.02,87.6,43541.3
2024-11-19 00:00:00,87.57,88.98,87.01,88.58,26818.7
2024-11-19 04:00:00,88.57,91.75,87.48,87.93,48544.6
2024-11-19 08:00:00,87.93,90.36,86.56,90.18,31932.5
2024-11-19 12:00:00,90.18,94.05,88.06,91.4,85189.4
2024-11-19 16:00:00,91.41,97.53,89.89,94.45,78813.8
2024-11-19 20:00:00,94.44,94.44,88.77,91.94,65699.4
2024-11-20 00:00:00,91.92,92.73,86.05,87.5,59150.4
2024-11-20 04:00:00,87.5,88.74,86.5,87.06,22537.3
2024-11-20 08:00:00,87.06,88.91,86.66,87.99,29309.1
2024-11-20 12:00:00,88.0,88.91,86.47,87.28,41207.5
2024-11-20 16:00:00,87.28,87.89,83.92,85.14,73048.9
2024-11-20 20:00:00,85.14,90.14,84.84,87.92,52260.9
2024-11-21 00:00:00,87.92,89.59,86.0,86.04,52176.3
2024-11-21 04:00:00,86.04,90.11,85.68,88.22,38742.2
2024-11-21 08:00:00,88.22,88.51,85.99,87.21,29841.4
2024-11-21 12:00:00,87.19,89.84,84.69,86.0,54901.7
2024-11-21 16:00:00,85.97,87.58,85.65,86.71,31849.8
2024-11-21 20:00:00,86.69,87.03,85.51,86.59,24128.8
2024-11-22 00:00:00,86.59,88.31,84.6,86.93,39505.0
2024-11-22 04:00:00,86.93,88.0,86.13,86.25,44978.6
2024-11-22 08:00:00,86.25,86.61,85.04,86.32,29504.5
2024-11-22 12:00:00,86.33,86.87,82.68,86.1,61075.7
2024-11-22 16:00:00,86.09,94.51,85.29,91.54,115391.9
2024-11-22 20:00:00,91.53,92.71,89.19,92.32,64624.4
2024-11-23 00:00:00,92.31,97.92,91.88,97.66,82147.6
2024-11-23 04:00:00,97.64,99.17,95.42,98.33,64541.2
2024-11-23 08:00:00,98.33,102.22,98.22,101.77,59203.1
2024-11-23 12:00:00,101.74,107.99,100.92,107.47,61777.5
2024-11-23 16:00:00,107.46,108.78,100.01,100.19,78964.3
2024-11-23 20:00:00,100.2,100.47,97.42,99.51,47625.1
2024-11-24 00:00:00,99.5,103.84,98.64,103.49,33832.8
2024-11-24 04:00:00,103.47,104.37,100.19,102.47,28143.0
2024-11-24 08:00:00,102.47,102.6,96.16,96.42,35229.3
2024-11-24 12:00:00,96.43,98.15,92.72,93.0,63833.8
2024-11-24 16:00:00,93.01,95.36,92.37,92.72,59387.3
2024-11-24 20:00:00,92.72,98.38,92.53,98.19,33984.5
2024-11-25 00:00:00,98.18,98.27,93.86,96.57,27386.5
2024-11-25 04:00:00,96.53,98.96,95.78,98.6,17455.5
2024-11-25 08:00:00,98.6,103.5,98.59,100.87,30190.1
2024-11-25 12:00:00,100.85,101.77,95.26,99.17,66262.0
2024-11-25 16:00:00,99.22,100.1,95.76,97.81,37216.7
2024-11-25 20:00:00,97.77,99.28,93.89,96.12,31902.1
2024-11-26 00:00:00,96.12,100.06,95.23,99.81,22669.6
2024-11-26 04:00:00,99.81,102.77,98.01,98.69,25278.0
2024-11-26 08:00:00,98.68,99.08,92.6,94.89,46588.9
2024-11-26 12:00:00,94.87,96.77,92.93,92.93,46488.6
2024-11-26 16:00:00,92.96,95.86,90.69,91.39,42074.2
2024-11-26 20:00:00,91.38,94.58,91.05,93.99,30869.6
2024-11-27 00:00:00,93.95,95.13,91.98,92.04,23656.7
2024-11-27 04:00:00,92.03,95.01,91.59,94.77,20166.1
2024-11-27 08:00:00,94.74,96.83,92.37,95.78,34312.0
2024-11-27 12:00:00,95.78,96.79,93.2,96.48,28295.5
2024-11-27 16:00:00,96.46,96.8,93.66,94.27,26756.2
2024-11-27 20:00:00,94.25,96.5,93.42,96.3,34245.9
2024-11-28 00:00:00,96.27,96.37,92.93,93.73,23507.7
2024-11-28 04:00:00,93.78,95.47,93.36,94.09,14849.5
2024-11-28 08:00:00,94.11,94.21,91.89,92.79,22549.8
2024-11-28 12:00:00,92.8,93.6,90.74,90.91,33634.8
2024-11-28 16:00:00,90.95,94.7,90.93,94.45,15673.6
2024-11-28 20:00:00,94.5,94.69,93.5,94.44,19023.7
2024-11-29 00:00:00,94.47,95.84,93.59,95.02,18259.1
2024-11-29 04:00:00,95.01,95.39,92.0,92.07,26918.9
2024-11-29 08:00:00,92.05,94.93,92.04,94.67,20271.7
2024-11-29 12:00:00,94.67,96.17,93.62,95.61,26848.6
2024-11-29 16:00:00,95.62,97.31,94.42,96.35,34406.1
2024-11-29 20:00:00,96.38,98.8,95.99,98.09,26157.3
2024-11-30 00:00:00,98.1,98.27,94.29,95.25,32871.4
2024-11-30 04:00:00,95.24,99.81,94.8,99.24,34942.3
2024-11-30 08:00:00,99.25,100.97,97.53,99.54,38943.1
2024-11-30 12:00:00,99.56,101.03,98.04,99.94,31246.0
2024-11-30 16:00:00,99.95,101.5,99.84,100.79,20660.7
2024-11-30 20:00:00,100.78,101.07,98.25,99.39,26085.0
2024-12-01 00:00:00,99.39,100.83,96.23,98.32,27180.3
2024-12-01 04:00:00,98.31,99.76,97.69,99.27,25799.7
2024-12-01 08:00:00,99.29,103.36,98.82,103.05,39360.2
2024-12-01 12:00:00,103.04,108.08,102.18,107.65,56527.0
2024-12-01 16:00:00,107.66,108.01,103.97,105.05,48325.8
2024-12-01 20:00:00,105.04,111.24,102.61,110.7,75474.5
2024-12-02 00:00:00,110.75,122.72,110.49,113.4,210907.8
2024-12-02 04:00:00,113.36,118.91,111.2,115.48,96091.5
2024-12-02 08:00:00,115.44,116.69,108.51,111.57,101489.9
2024-12-02 12:00:00,111.57,132.4,110.63,132.2,170716.1
2024-12-02 16:00:00,132.24,138.89,125.38,135.17,309614.0
2024-12-02 20:00:00,135.24,137.32,126.08,129.26,145563.9
2024-12-03 00:00:00,129.22,148.11,126.2,139.37,219801.7
2024-12-03 04:00:00,139.4,146.88,134.54,138.31,196697.9
2024-12-03 08:00:00,138.31,145.44,137.32,141.41,134448.2
2024-12-03 12:00:00,141.4,149.32,131.45,144.12,246312.8
2024-12-03 16:00:00,144.1,149.4,137.86,139.51,100568.6
2024-12-03 20:00:00,139.53,144.95,138.91,142.54,53537.8
2024-12-04 00:00:00,142.54,145.9,140.84,144.55,61629.6
2024-12-04 04:00:00,144.53,154.62,144.29,147.93,92879.3
2024-12-04 08:00:00,147.95,151.81,145.74,149.6,52852.0
2024-12-04 12:00:00,149.6,164.2,147.66,156.37,154287.2
2024-12-04 16:00:00,156.36,156.4,150.11,154.24,69678.3
2024-12-04 20:00:00,154.25,154.71,146.39,149.06,58732.3
2024-12-05 00:00:00,149.03,149.9,141.29,143.74,79824.2
2024-12-05 04:00:00,143.73,146.97,143.14,145.57,37608.1
2024-12-05 08:00:00,145.55,147.54,145.05,146.5,27219.3
2024-12-05 12:00:00,146.46,146.93,142.36,144.19,40051.4
2024-12-05 16:00:00,144.12,146.36,141.36,141.64,29040.5
2024-12-05 20:00:00,141.63,145.27,135.0,140.08,52447.6
2024-12-06 00:00:00,140.09,143.64,138.75,142.58,26925.2
2024-12-06 04:00:00,142.54,144.2,141.87,142.77,14975.4
2024-12-06 08:00:00,142.77,144.81,137.96,141.51,42711.1
2024-12-06 12:00:00,141.5,146.65,139.58,145.38,49373.0
2024-12-06 16:00:00,145.4,149.12,145.28,149.09,25215.0
2024-12-06 20:00:00,149.04,162.8,148.92,160.96,110113.9
2024-12-07 00:00:00,161.0,167.81,155.23,155.95,93043.3
2024-12-07 04:00:00,155.95,157.9,152.1,152.57,44569.3
2024-12-07 08:00:00,152.57,154.67,151.15,154.67,28514.5
2024-12-07 12:00:00,154.64,165.16,154.38,162.71,87007.0
2024-12-07 16:00:00,162.77,171.99,162.73,167.63,170183.9
2024-12-07 20:00:00,167.6,169.23,162.14,165.94,44915.1
2024-12-08 00:00:00,165.96,167.65,161.2,161.49,41824.7
2024-12-08 04:00:00,161.5,167.27,159.66,166.22,33630.9
2024-12-08 08:00:00,166.26,166.45,160.21,165.53,44918.1
2024-12-08 12:00:00,165.58,170.32,160.7,162.22,69438.5
2024-12-08 16:00:00,162.2,163.76,160.81,161.54,25978.2
2024-12-08 20:00:00,161.55,161.62,159.93,160.91,17018.4
2024-12-09 00:00:00,160.88,162.61,157.0,159.54,45995.8
2024-12-09 04:00:00,159.54,161.63,154.44,156.55,38914.6
2024-12-09 08:00:00,156.58,156.76,148.29,148.65,49274.2
2024-12-09 12:00:00,148.64,152.75,146.3,146.67,52447.0
2024-12-09 16:00:00,146.66,149.67,146.05,147.39,23791.5
2024-12-09 20:00:00,147.38,147.83,119.0,137.03,201175.1
2024-12-10 00:00:00,137.03,138.08,128.05,134.01,57261.3
2024-12-10 04:00:00,134.03,144.44,131.51,144.23,54012.0
2024-12-10 08:00:00,144.2,147.39,141.08,144.82,36854.2
2024-12-10 12:00:00,144.85,145.33,131.54,131.72,61729.1
2024-12-10 16:00:00,131.72,136.04,125.28,135.62,79010.4
2024-12-10 20:00:00,135.59,141.79,132.94,138.34,42706.5
2024-12-11 00:00:00,138.35,138.41,130.68,134.53,50866.8
2024-12-11 04:00:00,134.49,139.33,133.14,133.28,33615.6
2024-12-11 08:00:00,133.3,140.74,133.19,140.14,25459.6
2024-12-11 12:00:00,140.13,153.09,138.09,152.63,67018.5
2024-12-11 16:00:00,152.62,153.34,143.74,144.68,40275.3
2024-12-11 20:00:00,144.67,146.0,142.25,142.73,31706.4
2024-12-12 00:00:00,142.71,144.52,140.05,143.55,28928.5
2024-12-12 04:00:00,143.52,147.02,143.36,143.75,29872.9
2024-12-12 08:00:00,143.72,145.1,138.83,139.81,37825.6
2024-12-12 12:00:00,139.87,144.42,139.51,140.44,45968.0
2024-12-12 16:00:00,140.47,143.73,136.94,137.32,47211.7
2024-12-12 20:00:00,137.33,140.89,136.53,139.82,23916.8
2024-12-13 00:00:00,139.83,141.58,137.13,140.03,22825.7
2024-12-13 04:00:00,140.02,142.34,137.02,138.54,26276.8
2024-12-13 08:00:00,138.61,143.1,137.61,139.71,46616.6
2024-12-13 12:00:00,139.67,142.89,138.34,139.34,33965.5
2024-12-13 16:00:00,139.34,143.52,139.21,140.55,33792.3
2024-12-13 20:00:00,140.52,143.27,139.27,142.58,20726.1
2024-12-14 00:00:00,142.61,144.2,140.73,142.07,22801.0
2024-12-14 04:00:00,142.07,144.63,140.58,142.14,30956.1
2024-12-14 08:00:00,142.13,144.01,140.5,140.93,19991.3
2024-12-14 12:00:00,140.97,141.62,136.45,138.9,20897.8
2024-12-14 16:00:00,138.86,139.76,135.28,136.1,30856.5
2024-12-14 20:00:00,136.1,139.31,134.2,138.88,22941.0
2024-12-15 00:00:00,138.9,138.97,135.42,135.48,15971.9
2024-12-15 04:00:00,135.49,137.92,133.06,133.33,17129.7
2024-12-15 08:00:00,133.32,135.57,133.19,134.47,17029.7
2024-12-15 12:00:00,134.43,139.27,134.14,138.05,22167.6
2024-12-15 16:00:00,138.06,140.73,136.08,139.04,17432.2
2024-12-15 20:00:00,139.05,142.13,135.6,140.51,29009.8
2024-12-16 00:00:00,140.55,142.54,136.64,137.18,23729.6
2024-12-16 04:00:00,137.19,138.96,136.65,138.12,18327.0
2024-12-16 08:00:00,138.14,138.4,132.2,132.53,28739.6
2024-12-16 12:00:00,132.52,137.92,132.35,135.77,28110.8
2024-12-16 16:00:00,135.76,137.27,133.95,134.45,28949.8
2024-12-16 20:00:00,134.47,135.42,132.08,133.08,18259.3
2024-12-17 00:00:00,133.1,135.24,131.64,134.27,31318.1
2024-12-17 04:00:00,134.27,134.62,130.63,131.54,20930.9
2024-12-17 08:00:00,131.55,134.99,131.55,134.53,25304.0
2024-12-17 12:00:00,134.52,135.58,128.5,129.65,41284.8
2024-12-17 16:00:00,129.67,133.49,128.39,131.0,26952.0
2024-12-17 20:00:00,130.96,132.13,127.02,127.66,23525.4
2024-12-18 00:00:00,127.66,128.65,125.57,126.0,30116.0
2024-12-18 04:00:00,125.99,126.1,122.38,122.69,60483.4
2024-12-18 08:00:00,122.66,124.63,120.8,124.13,34215.3
2024-12-18 12:00:00,124.12,124.28,119.83,121.24,29567.9
2024-12-18 16:00:00,121.24,125.61,119.32,119.34,41365.7
2024-12-18 20:00:00,119.34,120.47,112.14,114.44,70469.9
2024-12-19 00:00:00,114.46,115.26,106.81,114.48,66641.9
2024-12-19 04:00:00,114.45,116.44,113.18,115.99,26330.5
2024-12-19 08:00:00,115.93,119.06,114.02,118.44,36716.3
2024-12-19 12:00:00,118.44,120.89,112.91,115.15,42886.2
2024-12-19 16:00:00,115.17,116.77,106.35,108.15,87536.3
2024-12-19 20:00:00,108.16,112.06,105.44,109.25,47361.6
2024-12-20 00:00:00,109.22,112.94,107.62,110.31,27862.5
2024-12-20 04:00:00,110.33,111.03,104.84,107.63,28543.1
2024-12-20 08:00:00,107.64,107.74,94.62,95.2,104388.1
2024-12-20 12:00:00,95.23,107.36,95.15,106.29,59748.1
2024-12-20 16:00:00,106.3,112.49,105.24,111.58,29348.4
2024-12-20 20:00:00,111.62,112.75,108.4,111.54,22611.0
2024-12-21 00:00:00,111.55,113.49,111.28,112.77,16640.4
2024-12-21 04:00:00,112.78,120.33,112.78,118.68,20777.4
2024-12-21 08:00:00,118.7,119.22,116.03,118.58,32932.6
2024-12-21 12:00:00,118.6,118.61,110.11,111.88,41235.0
2024-12-21 16:00:00,111.91,111.99,105.87,107.78,28568.9
2024-12-21 20:00:00,107.78,109.67,105.93,107.45,23902.8
2024-12-22 00:00:00,107.47,109.78,106.58,108.87,23771.0
2024-12-22 04:00:00,108.84,109.12,103.96,106.91,23890.4
2024-12-22 08:00:00,106.93,110.0,106.86,108.44,16922.4
2024-12-22 12:00:00,108.44,109.56,105.19,106.01,21170.5
2024-12-22 16:00:00,105.99,107.49,103.78,104.09,18550.3
2024-12-22 20:00:00,104.11,106.2,102.19,104.78,28154.1
2024-12-23 00:00:00,104.82,108.23,102.01,107.91,33160.2
2024-12-23 04:00:00,107.93,109.22,104.7,106.72,19705.2
2024-12-23 08:00:00,106.74,110.65,105.88,107.62,25111.4
2024-12-23 12:00:00,107.58,109.1,104.43,104.69,20623.6
2024-12-23 16:00:00,104.67,109.36,104.46,108.6,21382.9
2024-12-23 20:00:00,108.56,117.44,108.44,116.81,40144.9
2024-12-24 00:00:00,116.75,118.28,115.6,118.26,32937.5
2024-12-24 04:00:00,118.25,119.63,117.18,117.87,20527.5
2024-12-24 08:00:00,117.92,118.89,116.23,116.77,19082.8
2024-12-24 12:00:00,116.76,121.3,115.24,120.72,33364.6
2024-12-24 16:00:00,120.72,121.57,118.46,118.51,23559.3
2024-12-24 20:00:00,118.49,122.01,117.28,120.94,28711.6
2024-12-25 00:00:00,120.95,123.32,120.63,122.38,19439.0
2024-12-25 04:00:00,122.35,124.1,121.62,122.26,16901.3
2024-12-25 08:00:00,122.26,122.96,120.15,120.34,20086.9
2024-12-25 12:00:00,120.38,120.82,119.1,119.3,13866.8
2024-12-25 16:00:00,119.3,119.76,118.09,119.49,15321.0
2024-12-25 20:00:00,119.5,119.89,117.35,119.05,12189.5
2024-12-26 00:00:00,119.06,119.96,116.49,116.78,16633.0
2024-12-26 04:00:00,116.76,116.76,113.32,113.41,14006.4
2024-12-26 08:00:00,113.38,113.44,110.58,113.03,20561.7
2024-12-26 12:00:00,113.04,113.37,111.21,111.38,16715.6
2024-12-26 16:00:00,111.39,112.38,109.97,111.97,15762.9
2024-12-26 20:00:00,111.95,113.1,110.55,111.59,13307.8
2024-12-27 00:00:00,111.61,113.68,110.52,113.66,15032.6
2024-12-27 04:00:00,113.67,114.69,111.33,112.16,14125.1
2024-12-27 08:00:00,112.18,118.0,112.18,117.3,21752.2
2024-12-27 12:00:00,117.32,119.21,113.52,114.14,28690.5
2024-12-27 16:00:00,114.16,117.25,113.76,116.36,19507.7
2024-12-27 20:00:00,116.35,117.47,114.74,115.69,14028.1
2024-12-28 00:00:00,115.71,116.44,114.06,115.66,9686.1
2024-12-28 04:00:00,115.63,115.71,111.8,111.85,10694.2
2024-12-28 08:00:00,111.87,113.0,110.9,111.27,12011.5
2024-12-28 12:00:00,111.29,113.48,110.26,112.26,19219.1
2024-12-28 16:00:00,112.26,115.96,112.06,114.77,20660.8
2024-12-28 20:00:00,114.76,117.81,114.12,117.18,20870.6
2024-12-29 00:00:00,117.2,118.91,116.82,118.91,15179.0
2024-12-29 04:00:00,118.91,118.97,117.06,118.01,7935.5
2024-12-29 08:00:00,118.03,118.54,115.97,115.99,10262.6
2024-12-29 12:00:00,116.01,116.6,112.55,113.99,16934.5
2024-12-29 16:00:00,113.98,116.31,111.72,115.92,16576.8
2024-12-29 20:00:00,115.91,116.31,112.32,113.63,24108.2
2024-12-30 00:00:00,113.6,117.45,112.94,116.03,11700.9
2024-12-30 04:00:00,116.04,117.63,114.12,114.45,11079.7
2024-12-30 08:00:00,114.44,115.54,111.38,112.56,14070.1
2024-12-30 12:00:00,112.55,113.58,106.9,107.39,28437.8
2024-12-30 16:00:00,107.39,110.98,105.92,109.18,30265.1
2024-12-30 20:00:00,109.22,110.67,105.56,107.24,27718.3
2024-12-31 00:00:00,107.24,107.24,104.79,104.84,15754.9
2024-12-31 04:00:00,104.86,105.98,103.82,105.13,19464.2
2024-12-31 08:00:00,105.13,108.08,104.82,105.86,24749.6
2024-12-31 12:00:00,105.89,110.9,105.31,108.81,29219.1
2024-12-31 16:00:00,108.83,109.14,105.18,106.35,15849.5
2024-12-31 20:00:00,106.34,107.5,105.46,106.36,12364.5
2025-01-01 00:00:00,106.37,107.95,106.25,106.38,10592.9
2025-01-01 04:00:00,106.34,107.27,105.44,107.04,10743.1
2025-01-01 08:00:00,107.05,108.0,104.84,105.81,9378.7
2025-01-01 12:00:00,105.8,109.77,105.42,109.77,14262.4
2025-01-01 16:00:00,109.77,117.84,109.58,116.58,42003.9
2025-01-01 20:00:00,116.61,118.12,115.17,115.72,30172.1
2025-01-02 00:00:00,115.74,119.5,115.73,118.2,22638.5
2025-01-02 04:00:00,118.2,119.23,116.33,117.29,15930.7
2025-01-02 08:00:00,117.3,118.48,114.58,115.61,26854.8
2025-01-02 12:00:00,115.62,115.82,112.88,113.39,25372.5
2025-01-02 16:00:00,113.42,115.12,112.67,113.13,23914.7
2025-01-02 20:00:00,113.15,113.85,112.5,113.47,16769.9
2025-01-03 00:00:00,113.48,117.4,113.26,117.36,13543.9
2025-01-03 04:00:00,117.35,117.35,113.82,114.17,17605.2
2025-01-03 08:00:00,114.18,118.36,113.57,117.67,20890.6
2025-01-03 12:00:00,117.67,120.0,116.6,119.96,26268.6
2025-01-03 16:00:00,119.94,122.33,119.86,120.82,17489.9
2025-01-03 20:00:00,120.82,121.0,119.92,120.78,8392.4
2025-01-04 00:00:00,120.75,121.1,118.73,120.37,13868.6
2025-01-04 04:00:00,120.39,120.41,119.21,119.5,6941.8
2025-01-04 08:00:00,119.47,119.73,118.18,119.01,12803.9
2025-01-04 12:00:00,118.99,120.4,117.26,117.75,20511.0
2025-01-04 16:00:00,117.76,118.69,117.73,118.11,7836.4
2025-01-04 20:00:00,118.1,118.65,117.34,118.13,10460.8
2025-01-05 00:00:00,118.13,119.66,117.5,119.15,11573.6
2025-01-05 04:00:00,119.12,119.79,118.43,119.49,7773.3
2025-01-05 08:00:00,119.5,119.89,117.33,117.6,17848.8
2025-01-05 12:00:00,117.64,118.1,116.33,117.19,13799.0
2025-01-05 16:00:00,117.18,117.38,115.55,116.54,9687.6
2025-01-05 20:00:00,116.57,120.6,116.46,118.66,15051.2
2025-01-06 00:00:00,118.68,120.78,116.76,118.4,21488.3
2025-01-06 04:00:00,118.41,119.31,118.01,118.33,13340.0
2025-01-06 08:00:00,118.33,118.64,116.4,118.03,12216.8
2025-01-06 12:00:00,118.01,119.68,115.7,119.61,23018.8
2025-01-06 16:00:00,119.61,119.96,116.84,117.4,18997.8
2025-01-06 20:00:00,117.4,118.36,116.1,116.52,12812.1
2025-01-07 00:00:00,116.53,117.26,115.04,115.43,11568.8
2025-01-07 04:00:00,115.44,117.73,115.09,117.18,15751.9
2025-01-07 08:00:00,117.18,118.37,115.87,116.32,15816.2
2025-01-07 12:00:00,116.33,116.79,109.05,110.93,45395.6
2025-01-07 16:00:00,110.9,111.87,107.52,107.91,27339.1
2025-01-07 20:00:00,107.94,109.24,106.99,107.78,17383.0
2025-01-08 00:00:00,107.79,109.64,105.77,106.67,18969.0
2025-01-08 04:00:00,106.68,106.88,103.07,105.25,25078.0
2025-01-08 08:00:00,105.24,106.79,104.04,104.67,12162.2
2025-01-08 12:00:00,104.67,107.34,103.9,106.14,22884.6
2025-01-08 16:00:00,106.16,106.22,100.83,103.83,29304.5
2025-01-08 20:00:00,103.84,106.54,103.33,105.78,13002.6
2025-01-09 00:00:00,105.78,106.43,104.47,105.11,11798.6
2025-01-09 04:00:00,105.07,106.21,102.56,102.91,12281.8
2025-01-09 08:00:00,102.91,104.59,102.06,104.08,15627.8
2025-01-09 12:00:00,104.06,105.58,100.2,105.01,24956.7
2025-01-09 16:00:00,104.99,105.68,101.51,101.82,20185.8
2025-01-09 20:00:00,101.83,103.31,100.52,102.43,14774.8
2025-01-10 00:00:00,102.45,103.7,101.79,102.77,9198.2
2025-01-10 04:00:00,102.8,105.38,102.34,104.88,11651.6
2025-01-10 08:00:00,104.89,105.44,102.65,103.65,16256.5
2025-01-10 12:00:00,103.68,104.53,99.83,102.19,36331.7
2025-01-10 16:00:00,102.24,104.21,100.31,103.73,21243.8
2025-01-10 20:00:00,103.69,103.9,102.04,103.61,11124.7
2025-01-11 00:00:00,103.62,104.31,102.98,103.55,12118.4
2025-01-11 04:00:00,103.56,105.0,103.55,104.46,7719.3
2025-01-11 08:00:00,104.47,107.18,103.81,106.87,15339.6
2025-01-11 12:00:00,106.87,107.39,104.81,105.81,16973.6
2025-01-11 16:00:00,105.81,106.2,104.29,105.37,13949.3
2025-01-11 20:00:00,105.37,109.77,105.28,107.62,21875.3
2025-01-12 00:00:00,107.63,107.64,105.95,107.54,12760.4
2025-01-12 04:00:00,107.55,109.42,106.23,107.7,19557.8
2025-01-12 08:00:00,107.71,107.79,105.44,107.12,12814.6
2025-01-12 12:00:00,107.12,108.05,106.28,107.5,11618.2
2025-01-12 16:00:00,107.49,107.76,105.76,105.95,9756.2
2025-01-12 20:00:00,105.95,106.66,103.44,104.41,14097.1
2025-01-13 00:00:00,104.42,106.67,102.06,102.41,14388.6
2025-01-13 04:00:00,102.38,103.95,100.34,101.62,14624.9
2025-01-13 08:00:00,101.66,101.79,96.58,96.68,25538.2
2025-01-13 12:00:00,96.71,101.23,96.05,99.63,32844.2
2025-01-13 16:00:00,99.66,99.88,96.44,98.95,27615.8
2025-01-13 20:00:00,98.95,102.8,98.53,101.73,19822.9
2025-01-14 00:00:00,101.73,102.86,101.05,101.5,9507.7
2025-01-14 04:00:00,101.49,103.04,100.55,100.61,11330.4
2025-01-14 08:00:00,100.61,103.3,100.39,101.68,16724.4
2025-01-14 12:00:00,101.65,104.8,100.47,103.5,23112.3
2025-01-14 16:00:00,103.48,105.7,102.58,104.65,18380.9
2025-01-14 20:00:00,104.64,105.35,103.55,104.88,10783.4
2025-01-15 00:00:00,104.92,109.17,104.67,107.76,34005.1
2025-01-15 04:00:00,107.76,112.97,107.01,112.92,26667.5
2025-01-15 08:00:00,112.9,114.22,108.19,108.67,49620.2
2025-01-15 12:00:00,108.67,116.98,107.64,115.96,54924.3
2025-01-15 16:00:00,115.98,118.06,113.7,117.77,40272.9
2025-01-15 20:00:00,117.78,121.07,115.17,120.43,44458.7
2025-01-16 00:00:00,120.42,120.76,116.48,117.22,29713.3
2025-01-16 04:00:00,117.26,119.35,116.88,118.26,20087.9
2025-01-16 08:00:00,118.3,118.4,114.8,117.31,37970.9
2025-01-16 12:00:00,117.31,120.05,115.24,118.41,74379.1
2025-01-16 16:00:00,118.38,123.66,117.93,121.15,62177.5
2025-01-16 20:00:00,121.16,121.22,118.09,119.04,37280.5
2025-01-17 00:00:00,119.07,122.23,119.07,120.78,25607.6
2025-01-17 04:00:00,120.78,123.58,120.17,122.98,20855.0
2025-01-17 08:00:00,122.96,123.44,120.12,120.12,33606.0
2025-01-17 12:00:00,120.12,120.25,118.2,118.71,36324.5
2025-01-17 16:00:00,118.7,121.54,117.53,121.4,42889.7
2025-01-17 20:00:00,121.41,122.42,120.41,121.49,28897.7
2025-01-18 00:00:00,121.5,122.2,118.01,118.44,21634.6
2025-01-18 04:00:00,118.46,119.26,114.36,114.68,42373.1
2025-01-18 08:00:00,114.72,117.6,113.33,117.53,43584.0
2025-01-18 12:00:00,117.51,119.86,115.35,115.44,39401.9
2025-01-18 16:00:00,115.43,116.37,113.55,114.71,41306.5
2025-01-18 20:00:00,114.71,115.68,112.71,115.2,28119.8
2025-01-19 00:00:00,115.22,117.59,114.51,114.79,28107.9
2025-01-19 04:00:00,114.8,114.91,109.7,110.17,40268.6
2025-01-19 08:00:00,110.17,110.19,104.73,105.67,67487.9
2025-01-19 12:00:00,105.67,113.31,105.49,112.41,51505.0
2025-01-19 16:00:00,112.37,113.71,111.16,112.34,37893.2
2025-01-19 20:00:00,112.37,112.86,101.78,103.92,101503.2
2025-01-20 00:00:00,103.89,109.01,101.85,107.6,65014.2
2025-01-20 04:00:00,107.56,115.87,106.67,113.18,52419.6
2025-01-20 08:00:00,113.2,117.23,111.7,112.64,38251.9
2025-01-20 12:00:00,112.65,113.05,108.55,109.57,45347.8
2025-01-20 16:00:00,109.56,111.21,102.92,106.76,72943.8
2025-01-20 20:00:00,106.77,106.98,103.53,105.22,34430.5
2025-01-21 00:00:00,105.2,105.59,102.96,104.45,41246.8
2025-01-21 04:00:00,104.43,104.94,102.03,104.4,37351.0
2025-01-21 08:00:00,104.42,108.12,103.33,107.54,44714.2
2025-01-21 12:00:00,107.55,109.16,105.2,106.02,43803.6
2025-01-21 16:00:00,106.02,113.4,105.78,113.03,45601.3
2025-01-21 20:00:00,113.03,117.0,112.56,116.06,73419.3
2025-01-22 00:00:00,116.07,118.02,115.27,116.93,41560.6
2025-01-22 04:00:00,116.92,117.2,113.2,113.51,29177.9
2025-01-22 08:00:00,113.5,117.48,112.24,117.33,34015.1
2025-01-22 12:00:00,117.33,118.87,114.86,114.95,58141.7
2025-01-22 16:00:00,114.98,116.89,114.0,115.89,40286.9
2025-01-22 20:00:00,115.9,116.35,112.45,112.93,31939.8
2025-01-23 00:00:00,112.88,112.97,109.57,109.77,38841.6
2025-01-23 04:00:00,109.78,110.09,106.73,108.88,40963.0
2025-01-23 08:00:00,108.86,108.9,107.2,108.29,35587.3
2025-01-23 12:00:00,108.32,111.32,106.97,110.01,60212.6
2025-01-23 16:00:00,110.04,112.03,105.94,106.14,44563.4
2025-01-23 20:00:00,106.13,109.23,105.91,108.09,49243.3
2025-01-24 00:00:00,108.11,108.7,104.31,105.39,35091.2
2025-01-24 04:00:00,105.33,108.09,104.85,107.19,33194.1
2025-01-24 08:00:00,107.18,110.77,106.88,109.62,30585.1
2025-01-24 12:00:00,109.64,115.1,109.64,113.42,52454.1
2025-01-24 16:00:00,113.43,114.07,109.54,109.86,38700.3
2025-01-24 20:00:00,109.87,110.14,105.8,106.52,30176.4
2025-01-25 00:00:00,106.52,110.51,105.43,110.37,35857.5
2025-01-25 04:00:00,110.36,111.2,108.59,108.92,29494.6
2025-01-25 08:00:00,108.92,109.24,106.86,109.21,29948.3
2025-01-25 12:00:00,109.18,110.62,108.01,109.8,30510.0
2025-01-25 16:00:00,109.79,110.64,108.26,108.56,33288.6
2025-01-25 20:00:00,108.56,109.47,107.01,107.07,25694.8
2025-01-26 00:00:00,107.11,107.97,106.17,107.11,24551.7
2025-01-26 04:00:00,107.12,108.16,106.38,106.47,26437.1
2025-01-26 08:00:00,106.47,106.79,104.94,106.44,29419.6
2025-01-26 12:00:00,106.43,107.86,105.48,106.28,42975.6
2025-01-26 16:00:00,106.28,107.44,105.61,106.99,28727.2
2025-01-26 20:00:00,106.99,107.29,104.84,105.0,35507.3
2025-01-27 00:00:00,105.01,106.9,103.42,105.1,65392.5
2025-01-27 04:00:00,105.11,105.14,97.99,101.3,64011.0
2025-01-27 08:00:00,101.25,102.53,98.29,99.47,57761.8
2025-01-27 12:00:00,99.46,104.3,98.87,103.23,40395.7
2025-01-27 16:00:00,103.21,103.62,99.33,99.77,26722.5
2025-01-27 20:00:00,99.77,103.96,99.73,100.92,29146.8
2025-01-28 00:00:00,100.92,101.69,99.3,101.23,20867.7
2025-01-28 04:00:00,101.21,103.03,101.0,102.04,24039.0
2025-01-28 08:00:00,102.04,103.75,100.2,103.47,24566.4
2025-01-28 12:00:00,103.45,103.91,100.37,101.89,37812.9
2025-01-28 16:00:00,101.93,102.1,98.66,99.52,25209.8
2025-01-28 20:00:00,99.53,99.87,95.7,96.84,33243.1
2025-01-29 00:00:00,96.84,98.36,96.2,98.1,16059.9
2025-01-29 04:00:00,98.11,101.77,97.86,100.52,21424.4
2025-01-29 08:00:00,100.51,100.88,98.04,98.2,22445.6
2025-01-29 12:00:00,98.23,99.16,97.07,99.07,19733.2
2025-01-29 16:00:00,99.06,100.45,96.18,99.58,28941.8
2025-01-29 20:00:00,99.58,102.62,98.68,101.49,27830.8
2025-01-30 00:00:00,101.49,107.0,100.88,106.89,25646.6
2025-01-30 04:00:00,106.88,108.99,104.95,105.38,30208.2
2025-01-30 08:00:00,105.4,107.17,104.43,106.28,15751.6
2025-01-30 12:00:00,106.32,108.91,105.45,108.04,19289.5
2025-01-30 16:00:00,108.01,113.74,107.98,113.74,39904.8
2025-01-30 20:00:00,113.72,113.96,110.45,110.67,33351.5
2025-01-31 00:00:00,110.67,112.82,109.22,110.85,21456.5
2025-01-31 04:00:00,110.84,114.65,109.43,113.32,30736.8
2025-01-31 08:00:00,113.33,114.92,111.57,114.73,33107.1
2025-01-31 12:00:00,114.76,115.48,110.78,113.76,42715.2
2025-01-31 16:00:00,113.75,114.4,111.45,112.47,28913.0
2025-01-31 20:00:00,112.43,112.69,110.56,112.02,22424.6
2025-02-01 00:00:00,112.04,113.93,111.28,113.27,16487.9
2025-02-01 04:00:00,113.29,114.5,111.71,112.07,12481.8
2025-02-01 08:00:00,112.06,112.48,108.63,109.88,20709.8
2025-02-01 12:00:00,109.85,110.64,106.74,107.77,23640.3
2025-02-01 16:00:00,107.76,108.89,106.08,106.18,21128.9
2025-02-01 20:00:00,106.2,107.5,103.22,103.22,42334.0
2025-02-02 00:00:00,103.22,106.06,100.41,100.45,25862.4
2025-02-02 04:00:00,100.49,102.26,100.18,100.85,23404.9
2025-02-02 08:00:00,100.86,103.83,98.74,99.12,27147.9
2025-02-02 12:00:00,99.12,100.52,97.47,99.11,33355.4
2025-02-02 16:00:00,99.06,99.15,90.95,95.27,95728.8
2025-02-02 20:00:00,95.27,96.55,85.93,89.1,71204.6
2025-02-03 00:00:00,89.12,89.16,72.28,81.7,214655.3
2025-02-03 04:00:00,81.71,89.17,79.06,88.13,63283.0
2025-02-03 08:00:00,88.15,88.16,84.46,87.03,45056.0
2025-02-03 12:00:00,87.05,92.75,82.7,92.28,99256.7
2025-02-03 16:00:00,92.26,95.18,90.54,94.61,52658.2
2025-02-03 20:00:00,94.59,97.04,91.85,96.29,38783.8
2025-02-04 00:00:00,96.26,98.05,93.87,94.54,32617.2
2025-02-04 04:00:00,94.55,95.34,88.8,89.08,46196.7
2025-02-04 08:00:00,89.09,91.36,88.11,89.76,32238.7
2025-02-04 12:00:00,89.77,93.84,89.56,91.77,52866.9
2025-02-04 16:00:00,91.78,94.58,90.95,91.71,43648.5
2025-02-04 20:00:00,91.72,92.64,87.74,91.18,57942.3
2025-02-05 00:00:00,91.19,93.18,90.29,92.14,23171.5
2025-02-05 04:00:00,92.14,92.53,90.16,91.15,19585.7
2025-02-05 08:00:00,91.14,93.41,90.1,92.24,19479.5
2025-02-05 12:00:00,92.23,92.83,89.33,90.84,19927.3
2025-02-05 16:00:00,90.83,91.14,87.89,90.31,27837.6
2025-02-05 20:00:00,90.32,90.58,87.93,88.76,18257.2
2025-02-06 00:00:00,88.75,89.64,87.5,89.32,17622.3
2025-02-06 04:00:00,89.29,90.58,88.6,89.08,13101.6
2025-02-06 08:00:00,89.09,90.06,87.63,88.52,15421.8
2025-02-06 12:00:00,88.53,88.65,84.27,84.8,30424.9
2025-02-06 16:00:00,84.81,86.2,84.21,84.43,25359.9
2025-02-06 20:00:00,84.44,85.55,83.32,83.99,17683.1
2025-02-07 00:00:00,84.0,86.47,83.87,85.45,16182.6
2025-02-07 04:00:00,85.46,86.09,83.81,85.26,13090.2
2025-02-07 08:00:00,85.27,89.06,84.86,88.11,28003.8
2025-02-07 12:00:00,88.1,91.9,87.88,90.55,41176.4
2025-02-07 16:00:00,90.56,91.05,88.56,88.71,23219.4
2025-02-07 20:00:00,88.72,88.78,84.79,87.27,32000.4
2025-02-08 00:00:00,87.26,87.89,85.56,85.94,12581.5
2025-02-08 04:00:00,85.96,86.13,84.49,85.57,17345.1
2025-02-08 08:00:00,85.57,85.71,84.58,85.01,12608.7
2025-02-08 12:00:00,84.99,85.66,83.72,84.95,18908.9
2025-02-08 16:00:00,84.96,86.99,84.19,85.77,20300.1
2025-02-08 20:00:00,85.78,86.94,85.41,86.39,15261.2
2025-02-09 00:00:00,86.35,89.07,85.59,88.88,22457.0
2025-02-09 04:00:00,88.85,88.85,87.45,88.11,11303.4
2025-02-09 08:00:00,88.09,88.85,87.12,87.7,12372.6
2025-02-09 12:00:00,87.69,88.26,85.58,87.91,14549.2
2025-02-09 16:00:00,87.93,88.57,85.84,86.01,13043.7
2025-02-09 20:00:00,86.03,87.49,83.31,86.86,20505.7
2025-02-10 00:00:00,86.87,88.33,84.33,86.66,19953.9
2025-02-10 04:00:00,86.68,88.71,86.17,88.16,16204.4
2025-02-10 08:00:00,88.15,89.26,87.07,87.68,16912.9
2025-02-10 12:00:00,87.67,89.61,86.78,89.02,15574.9
2025-02-10 16:00:00,89.05,90.57,88.67,89.34,15780.5
2025-02-10 20:00:00,89.34,89.72,87.75,88.49,12835.3
2025-02-11 00:00:00,88.5,89.88,88.26,89.67,13564.6
2025-02-11 04:00:00,89.65,92.58,89.48,91.76,24256.9
2025-02-11 08:00:00,91.76,92.72,90.89,91.79,22920.4
2025-02-11 12:00:00,91.78,92.9,90.13,92.33,28536.8
2025-02-11 16:00:00,92.3,92.72,87.0,88.05,40509.1
2025-02-11 20:00:00,88.02,91.05,87.92,88.52,30819.1
2025-02-12 00:00:00,88.52,89.7,87.39,88.97,13702.6
2025-02-12 04:00:00,88.97,89.26,86.83,87.1,27233.8
2025-02-12 08:00:00,87.1,88.61,86.32,87.38,12220.9
2025-02-12 12:00:00,87.37,88.33,84.25,85.89,30244.7
2025-02-12 16:00:00,85.91,90.6,85.61,90.34,22633.1
2025-02-12 20:00:00,90.34,93.89,89.55,92.79,17787.2
2025-02-13 00:00:00,92.8,97.9,92.79,95.9,28393.3
2025-02-13 04:00:00,95.91,97.31,92.81,93.39,26048.7
2025-02-13 08:00:00,93.38,94.15,92.48,93.81,22897.7
2025-02-13 12:00:00,93.82,95.35,92.09,94.02,28391.8
2025-02-13 16:00:00,94.03,94.33,92.35,92.41,20178.0
2025-02-13 20:00:00,92.4,92.96,90.74,91.41,20606.1
2025-02-14 00:00:00,91.43,92.94,90.55,92.81,12589.0
2025-02-14 04:00:00,92.81,92.83,91.36,91.83,7868.6
2025-02-14 08:00:00,91.82,94.57,91.58,93.78,19165.9
2025-02-14 12:00:00,93.78,94.52,92.4,93.77,21608.9
2025-02-14 16:00:00,93.8,96.27,92.59,95.25,18154.7
2025-02-14 20:00:00,95.26,95.64,93.03,94.94,19241.7
2025-02-15 00:00:00,94.96,97.63,94.56,96.95,15389.1
2025-02-15 04:00:00,96.97,98.03,95.51,95.67,12394.4
2025-02-15 08:00:00,95.67,96.86,95.13,95.96,13300.9
2025-02-15 12:00:00,95.97,96.43,93.87,94.63,11107.3
2025-02-15 16:00:00,94.64,95.4,93.66,93.71,11733.4
2025-02-15 20:00:00,93.7,94.84,93.09,94.36,9196.3
2025-02-16 00:00:00,94.34,94.9,92.83,93.7,9672.6
2025-02-16 04:00:00,93.71,94.32,93.21,93.45,7374.8
2025-02-16 08:00:00,93.47,96.64,93.21,96.26,14357.4
2025-02-16 12:00:00,96.25,96.67,94.13,94.8,35697.7
2025-02-16 16:00:00,94.79,95.3,92.57,94.59,21670.8
2025-02-16 20:00:00,94.58,95.36,93.72,94.45,9698.6
2025-02-17 00:00:00,94.46,97.05,94.3,96.04,10738.0
2025-02-17 04:00:00,96.04,97.66,94.19,95.87,13995.2
2025-02-17 08:00:00,95.86,96.95,95.05,95.87,10952.8
2025-02-17 12:00:00,95.86,97.37,94.09,94.29,12009.4
2025-02-17 16:00:00,94.3,96.71,93.39,96.48,24080.2
2025-02-17 20:00:00,96.47,97.61,96.11,97.2,14811.3
2025-02-18 00:00:00,97.19,97.62,95.39,97.24,9493.1
2025-02-18 04:00:00,97.24,98.01,94.13,94.91,18800.9
2025-02-18 08:00:00,94.95,95.99,93.62,94.23,15697.0
2025-02-18 12:00:00,94.23,97.56,93.08,93.84,22387.7
2025-02-18 16:00:00,93.84,94.22,91.54,92.85,25176.3
2025-02-18 20:00:00,92.87,96.27,92.55,95.55,12310.7
2025-02-19 00:00:00,95.53,95.89,93.72,94.48,15137.8
2025-02-19 04:00:00,94.49,94.65,91.83,94.03,20484.0
2025-02-19 08:00:00,94.05,95.22,93.12,95.06,10489.0
2025-02-19 12:00:00,95.04,95.7,93.31,94.17,10620.1
2025-02-19 16:00:00,94.16,96.72,93.9,95.52,12278.0
2025-02-19 20:00:00,95.54,98.2,95.14,98.02,13989.3
2025-02-20 00:00:00,98.02,99.73,98.02,99.04,15054.1
2025-02-20 04:00:00,99.03,99.94,97.4,97.48,14169.5
2025-02-20 08:00:00,97.47,99.07,97.31,98.18,10678.3
2025-02-20 12:00:00,98.14,99.27,96.61,96.77,14625.8
2025-02-20 16:00:00,96.78,99.22,96.62,99.12,10070.4
2025-02-20 20:00:00,99.12,99.53,98.23,98.77,9696.0
2025-02-21 00:00:00,98.76,99.68,97.89,97.95,11528.6
2025-02-21 04:00:00,97.98,100.0,97.97,98.88,11906.9
2025-02-21 08:00:00,98.87,100.32,98.15,98.33,15166.3
2025-02-21 12:00:00,98.29,99.71,95.72,96.95,29072.6
2025-02-21 16:00:00,96.93,98.06,91.75,92.15,30494.2
2025-02-21 20:00:00,92.11,94.72,91.96,94.6,17470.8
2025-02-22 00:00:00,94.63,96.81,94.04,96.2,14429.1
2025-02-22 04:00:00,96.21,96.86,94.71,94.73,9432.7
2025-02-22 08:00:00,94.71,96.26,94.68,95.59,11761.8
2025-02-22 12:00:00,95.58,96.36,95.12,96.27,11500.3
2025-02-22 16:00:00,96.26,97.28,96.14,96.59,9911.4
2025-02-22 20:00:00,96.61,96.74,95.71,96.16,5870.4
2025-02-23 00:00:00,96.17,96.79,95.89,96.34,7108.5
2025-02-23 04:00:00,96.35,98.06,95.9,97.71,11193.7
2025-02-23 08:00:00,97.72,97.87,94.68,95.07,19395.7
2025-02-23 12:00:00,95.07,95.46,93.39,93.41,13529.4
2025-02-23 16:00:00,93.41,94.52,93.32,93.81,10129.9
2025-02-23 20:00:00,93.8,95.34,93.28,94.83,8194.2
2025-02-24 00:00:00,94.83,95.94,92.07,92.65,20120.9
2025-02-24 04:00:00,92.67,94.21,91.49,93.43,15298.2
2025-02-24 08:00:00,93.45,95.05,91.28,92.5,30885.7
2025-02-24 12:00:00,92.51,92.86,89.42,90.01,22889.0
2025-02-24 16:00:00,90.03,90.82,87.79,88.29,24123.5
2025-02-24 20:00:00,88.29,89.73,84.21,85.14,41932.5
2025-02-25 00:00:00,85.12,90.57,83.77,89.27,39986.9
2025-02-25 04:00:00,89.27,94.67,88.83,93.51,75983.7
2025-02-25 08:00:00,93.47,95.57,91.43,94.11,78414.4
2025-02-25 12:00:00,94.15,95.82,90.49,94.71,53221.1
2025-02-25 16:00:00,94.73,97.42,92.63,96.53,58976.9
2025-02-25 20:00:00,96.55,102.45,95.94,100.63,88679.3
2025-02-26 00:00:00,100.65,104.43,98.17,103.48,52332.8
2025-02-26 04:00:00,103.47,107.5,102.85,106.7,56341.9
2025-02-26 08:00:00,106.67,112.03,105.69,108.6,89550.8
2025-02-26 12:00:00,108.6,110.16,105.76,106.97,108720.6
2025-02-26 16:00:00,106.97,107.3,100.94,101.54,90307.8
2025-02-26 20:00:00,101.55,102.76,100.44,101.39,40886.3
2025-02-27 00:00:00,101.4,102.18,99.9,100.41,26873.7
2025-02-27 04:00:00,100.42,102.83,99.53,100.86,27231.9
2025-02-27 08:00:00,100.86,101.81,98.01,100.31,53476.0
2025-02-27 12:00:00,100.31,101.39,99.13,99.67,33593.6
2025-02-27 16:00:00,99.65,100.06,97.03,97.27,26524.3
2025-02-27 20:00:00,97.27,97.89,96.2,97.26,25589.5
2025-02-28 00:00:00,97.25,97.34,92.81,92.92,36377.3
2025-02-28 04:00:00,92.96,93.07,88.81,89.67,33269.0
2025-02-28 08:00:00,89.69,91.33,88.46,89.14,34912.1
2025-02-28 12:00:00,89.11,94.57,88.72,93.59,37780.5
2025-02-28 16:00:00,93.58,94.68,92.43,93.95,20358.0
2025-02-28 20:00:00,93.95,96.34,92.94,96.24,14921.3
2025-03-01 00:00:00,96.24,96.24,94.48,95.53,13424.8
2025-03-01 04:00:00,95.53,97.05,94.39,94.47,15366.3
2025-03-01 08:00:00,94.48,95.04,93.31,93.57,17462.7
2025-03-01 12:00:00,93.56,94.14,90.76,92.49,24556.2
2025-03-01 16:00:00,92.48,92.89,91.7,92.62,10518.3
2025-03-01 20:00:00,92.63,93.67,91.56,92.04,11380.3
2025-03-02 00:00:00,92.05,92.36,91.21,91.5,10701.8
2025-03-02 04:00:00,91.49,91.97,91.04,91.21,8695.6
2025-03-02 08:00:00,91.2,93.04,91.02,92.7,14772.3
2025-03-02 12:00:00,92.7,96.27,91.36,95.13,30180.5
2025-03-02 16:00:00,95.12,101.25,95.1,98.98,57550.3
2025-03-02 20:00:00,99.0,100.38,98.06,98.36,26156.4
2025-03-03 00:00:00,98.37,99.74,95.51,95.95,24415.8
2025-03-03 04:00:00,95.95,95.97,92.66,95.12,26708.5
2025-03-03 08:00:00,95.13,95.21,91.9,92.86,20298.2
2025-03-03 12:00:00,92.86,93.9,90.71,91.78,22989.4
2025-03-03 16:00:00,91.8,92.87,86.86,87.12,35902.1
2025-03-03 20:00:00,87.11,88.08,85.68,87.53,20988.3
2025-03-04 00:00:00,87.53,88.03,83.14,84.37,36642.2
2025-03-04 04:00:00,84.38,86.25,84.19,85.22,15109.6
2025-03-04 08:00:00,85.23,86.3,84.33,85.02,13425.3
2025-03-04 12:00:00,85.0,86.84,82.92,84.71,28959.9
2025-03-04 16:00:00,84.73,88.59,81.96,87.81,30041.2
2025-03-04 20:00:00,87.77,89.08,86.72,87.93,14730.5
2025-03-05 00:00:00,87.94,89.97,87.15,87.53,15576.7
2025-03-05 04:00:00,87.56,89.56,87.48,89.37,9752.7
2025-03-05 08:00:00,89.37,91.96,89.35,90.33,19346.9
2025-03-05 12:00:00,90.34,90.68,88.34,88.98,14311.9
2025-03-05 16:00:00,88.98,90.65,88.32,89.8,13757.0
2025-03-05 20:00:00,89.84,90.21,88.17,88.3,13638.3
2025-03-06 00:00:00,88.3,88.63,86.35,87.0,32529.9
2025-03-06 04:00:00,86.99,89.09,85.17,85.43,25373.5
2025-03-06 08:00:00,85.44,86.68,84.52,85.52,25952.0
2025-03-06 12:00:00,85.55,86.33,83.33,85.72,29502.6
2025-03-06 16:00:00,85.7,86.05,82.95,83.81,33857.8
2025-03-06 20:00:00,83.84,85.9,83.73,84.13,14344.9
2025-03-07 00:00:00,84.13,85.09,80.3,82.48,34323.1
2025-03-07 04:00:00,82.47,83.73,82.13,82.69,13731.3
2025-03-07 08:00:00,82.69,82.84,80.4,80.73,38893.5
2025-03-07 12:00:00,80.73,82.63,79.7,80.87,39790.3
2025-03-07 16:00:00,80.86,81.24,78.33,79.92,30406.8
2025-03-07 20:00:00,79.89,80.87,77.85,78.66,25790.6
2025-03-08 00:00:00,78.67,78.67,75.78,76.79,35117.3
2025-03-08 04:00:00,76.78,78.39,76.39,78.04,16886.7
2025-03-08 08:00:00,78.05,78.05,76.62,77.3,17685.1
2025-03-08 12:00:00,77.3,82.56,77.25,81.66,59093.3
2025-03-08 16:00:00,81.66,85.21,79.9,84.4,118750.4
2025-03-08 20:00:00,84.38,84.94,83.16,84.91,78060.2
2025-03-09 00:00:00,84.91,86.42,83.61,84.15,82543.6
2025-03-09 04:00:00,84.16,84.24,81.95,82.36,55594.7
2025-03-09 08:00:00,82.36,83.44,80.13,80.44,60829.9
2025-03-09 12:00:00,80.45,80.46,77.32,77.69,56254.3
2025-03-09 16:00:00,77.69,78.75,76.41,77.63,55990.8
2025-03-09 20:00:00,77.65,78.67,76.11,76.69,32057.2
2025-03-10 00:00:00,76.7,76.85,75.05,75.61,44742.0
2025-03-10 04:00:00,75.62,76.64,75.47,76.45,22630.9
2025-03-10 08:00:00,76.46,78.73,74.84,77.72,25358.1
2025-03-10 12:00:00,77.72,78.5,73.17,75.12,40687.0
2025-03-10 16:00:00,75.11,75.31,70.08,71.74,62515.4
2025-03-10 20:00:00,71.73,71.98,70.91,71.08,25349.9
2025-03-11 00:00:00,71.09,72.57,66.51,71.84,61774.9
2025-03-11 04:00:00,71.84,72.76,70.83,72.54,22096.7
2025-03-11 08:00:00,72.53,73.6,72.09,72.82,15934.1
2025-03-11 12:00:00,72.83,73.91,70.35,73.4,30835.9
2025-03-11 16:00:00,73.39,76.42,72.46,76.2,30096.3
2025-03-11 20:00:00,76.19,77.27,75.45,76.09,23354.8
2025-03-12 00:00:00,76.08,77.48,74.71,74.77,18882.1
2025-03-12 04:00:00,74.78,75.01,72.42,74.67,28260.9
2025-03-12 08:00:00,74.66,76.46,74.44,76.36,17026.6
2025-03-12 12:00:00,76.37,77.89,73.01,74.01,28150.6
2025-03-12 16:00:00,74.03,75.8,73.95,74.96,20647.8
2025-03-12 20:00:00,74.96,76.48,74.63,76.42,11371.7
2025-03-13 00:00:00,76.43,77.34,75.76,76.05,12959.8
2025-03-13 04:00:00,76.06,76.28,75.3,75.64,9886.3
2025-03-13 08:00:00,75.64,77.13,74.88,77.07,12114.2
2025-03-13 12:00:00,77.07,78.23,74.8,75.12,16248.1
2025-03-13 16:00:00,75.12,75.33,72.79,73.39,15871.1
2025-03-13 20:00:00,73.39,75.05,72.63,74.97,9324.5
2025-03-14 00:00:00,74.97,76.02,74.68,75.88,10609.5
2025-03-14 04:00:00,75.89,76.22,75.29,75.67,6293.7
2025-03-14 08:00:00,75.68,76.75,75.56,75.57,9626.6
2025-03-14 12:00:00,75.56,77.36,74.34,76.38,21990.6
2025-03-14 16:00:00,76.39,76.74,75.74,76.01,9793.0
2025-03-14 20:00:00,76.03,76.8,75.49,75.77,11574.4
2025-03-15 00:00:00,75.78,77.0,75.44,76.94,15521.1
2025-03-15 04:00:00,76.96,78.29,76.77,78.15,15985.6
2025-03-15 08:00:00,78.13,78.7,77.44,78.09,15651.6
2025-03-15 12:00:00,78.07,78.95,77.58,78.2,15669.9
2025-03-15 16:00:00,78.2,79.28,77.51,78.79,12652.5
2025-03-15 20:00:00,78.75,79.22,78.4,78.73,7494.6
2025-03-16 00:00:00,78.74,79.48,77.32,79.24,16036.4
2025-03-16 04:00:00,79.25,79.88,78.51,79.19,10051.7
2025-03-16 08:00:00,79.18,79.97,77.12,77.39,14804.4
2025-03-16 12:00:00,77.38,79.55,77.32,77.93,30379.3
2025-03-16 16:00:00,77.97,79.5,76.75,76.84,13050.0
2025-03-16 20:00:00,76.85,77.65,76.13,76.87,8212.3
2025-03-17 00:00:00,76.85,78.58,76.82,78.29,8366.8
2025-03-17 04:00:00,78.28,78.88,77.27,78.88,8642.1
2025-03-17 08:00:00,78.88,79.64,78.53,78.88,11177.6
2025-03-17 12:00:00,78.87,79.52,77.13,77.77,16044.0
2025-03-17 16:00:00,77.77,78.73,77.67,78.29,10520.7
2025-03-17 20:00:00,78.29,78.3,77.35,77.44,7647.6
2025-03-18 00:00:00,77.46,77.8,75.2,75.28,10392.6
2025-03-18 04:00:00,75.28,76.47,75.2,75.85,8122.6
2025-03-18 08:00:00,75.86,76.6,75.34,75.37,8310.3
2025-03-18 12:00:00,75.4,75.95,73.68,73.8,14607.7
2025-03-18 16:00:00,73.81,76.19,73.73,75.75,17785.7
2025-03-18 20:00:00,75.76,78.22,75.32,78.07,10009.7
2025-03-19 00:00:00,78.08,79.56,77.98,78.61,11599.6
2025-03-19 04:00:00,78.62,78.75,77.11,77.18,10965.2
2025-03-19 08:00:00,77.16,79.33,76.77,78.93,13186.4
2025-03-19 12:00:00,78.95,79.65,77.88,79.14,14044.0
2025-03-19 16:00:00,79.15,80.52,77.62,79.56,15981.8
2025-03-19 20:00:00,79.59,80.53,78.95,80.05,8968.7
2025-03-20 00:00:00,80.1,80.77,78.47,78.6,11975.9
2025-03-20 04:00:00,78.6,79.11,77.62,77.85,9315.9
2025-03-20 08:00:00,77.84,78.68,77.42,77.75,10815.6
2025-03-20 12:00:00,77.75,78.86,77.4,77.56,9053.9
2025-03-20 16:00:00,77.53,78.1,76.69,77.52,9445.2
2025-03-20 20:00:00,77.51,77.73,76.59,76.89,6870.0
2025-03-21 00:00:00,76.89,78.74,76.85,76.95,16317.1
2025-03-21 04:00:00,76.96,77.3,76.39,76.58,6064.7
2025-03-21 08:00:00,76.57,77.18,75.69,76.13,8771.4
2025-03-21 12:00:00,76.16,76.97,75.44,75.56,9692.1
2025-03-21 16:00:00,75.6,76.57,75.47,76.06,7191.7
2025-03-21 20:00:00,76.05,77.0,75.78,75.95,6906.9
2025-03-22 00:00:00,75.98,76.68,75.23,75.83,6993.5
2025-03-22 04:00:00,75.84,77.4,75.74,77.12,4137.1
2025-03-22 08:00:00,77.14,77.8,77.1,77.51,5909.9
2025-03-22 12:00:00,77.49,77.52,76.71,77.09,4105.5
2025-03-22 16:00:00,77.09,77.48,76.79,77.41,7056.4
2025-03-22 20:00:00,77.4,78.79,76.71,77.05,11708.7
2025-03-23 00:00:00,77.05,77.93,76.63,77.85,7670.6
2025-03-23 04:00:00,77.87,77.94,77.26,77.48,6095.8
2025-03-23 08:00:00,77.5,78.0,76.65,76.95,6780.0
2025-03-23 12:00:00,76.96,77.69,76.81,76.98,7916.0
2025-03-23 16:00:00,76.95,77.1,75.66,75.94,12169.2
2025-03-23 20:00:00,75.94,77.0,75.77,76.84,5907.3
2025-03-24 00:00:00,76.84,77.68,76.46,77.64,11481.2
2025-03-24 04:00:00,77.66,78.97,77.63,78.22,7444.1
2025-03-24 08:00:00,78.22,80.1,78.22,79.31,8865.2
2025-03-24 12:00:00,79.32,79.68,78.3,78.94,15055.4
2025-03-24 16:00:00,78.95,79.37,77.91,79.23,8967.3
2025-03-24 20:00:00,79.25,80.19,78.92,79.38,7650.2
2025-03-25 00:00:00,79.38,80.21,78.17,78.34,9488.3
2025-03-25 04:00:00,78.3,78.52,77.44,78.14,8465.6
2025-03-25 08:00:00,78.14,79.58,78.06,79.44,7175.3
2025-03-25 12:00:00,79.43,79.62,77.69,77.83,8869.6
2025-03-25 16:00:00,77.84,79.35,77.76,78.69,7099.1
2025-03-25 20:00:00,78.7,79.57,78.14,79.19,11085.4
2025-03-26 00:00:00,79.19,80.13,78.58,78.8,9492.4
2025-03-26 04:00:00,78.8,79.8,78.51,79.24,12433.3
2025-03-26 08:00:00,79.24,79.33,77.74,78.71,13059.9
2025-03-26 12:00:00,78.73,78.86,76.45,77.15,16990.1
2025-03-26 16:00:00,77.15,77.45,75.68,76.36,12655.3
2025-03-26 20:00:00,76.35,77.16,75.83,76.5,11048.1
2025-03-27 00:00:00,76.5,77.77,76.42,77.47,7230.5
2025-03-27 04:00:00,77.48,77.73,75.44,76.87,21057.3
2025-03-27 08:00:00,76.85,77.31,75.69,76.06,21719.2
2025-03-27 12:00:00,76.05,76.44,75.08,76.02,12069.1
2025-03-27 16:00:00,76.02,76.39,75.4,75.69,9644.9
2025-03-27 20:00:00,75.68,76.69,75.54,75.76,8538.7
2025-03-28 00:00:00,75.78,75.95,74.45,74.74,9259.3
2025-03-28 04:00:00,74.74,74.78,72.39,72.44,16236.3
2025-03-28 08:00:00,72.43,72.93,71.87,72.45,12687.5
2025-03-28 12:00:00,72.45,72.81,71.8,72.04,11458.8
2025-03-28 16:00:00,72.05,72.9,70.76,70.88,12031.8
2025-03-28 20:00:00,70.88,71.83,70.84,71.54,8628.6
2025-03-29 00:00:00,71.54,71.76,70.44,71.06,10482.8
2025-03-29 04:00:00,71.05,71.25,69.05,69.37,11319.4
2025-03-29 08:00:00,69.34,69.61,68.03,68.37,13525.8
2025-03-29 12:00:00,68.38,69.67,68.22,69.18,11143.4
2025-03-29 16:00:00,69.16,69.78,68.1,68.7,15687.6
2025-03-29 20:00:00,68.69,69.36,68.05,69.12,9204.4
2025-03-30 00:00:00,69.13,71.27,68.58,70.46,16100.0
2025-03-30 04:00:00,70.45,70.58,69.48,70.18,7321.7
2025-03-30 08:00:00,70.18,70.81,69.9,70.16,8001.3
2025-03-30 12:00:00,70.16,70.5,69.09,69.45,8485.0
2025-03-30 16:00:00,69.45,70.14,68.8,69.63,9801.5
2025-03-30 20:00:00,69.64,69.84,68.33,69.43,10058.3
2025-03-31 00:00:00,69.44,69.59,67.99,68.14,12957.4
2025-03-31 04:00:00,68.15,69.09,67.48,67.83,9345.3
2025-03-31 08:00:00,67.84,68.27,66.62,67.68,15619.0
2025-03-31 12:00:00,67.68,68.91,66.69,68.38,14839.5
2025-03-31 16:00:00,68.4,69.73,67.92,68.94,11303.6
2025-03-31 20:00:00,68.94,69.19,67.85,68.61,8323.4
2025-04-01 00:00:00,68.61,69.3,68.23,69.28,7602.5
2025-04-01 04:00:00,69.3,72.43,69.29,70.87,18432.5
2025-04-01 08:00:00,70.89,72.29,70.42,70.99,16657.2
2025-04-01 12:00:00,70.97,72.23,70.0,71.98,14040.6
2025-04-01 16:00:00,71.97,72.27,69.92,70.17,11369.8
2025-04-01 20:00:00,70.16,70.73,69.57,70.21,8791.8
2025-04-02 00:00:00,70.23,70.26,68.02,69.15,15063.7
2025-04-02 04:00:00,69.14,69.43,67.92,68.66,10403.5
2025-04-02 08:00:00,68.67,69.57,68.4,68.43,12046.3
2025-04-02 12:00:00,68.46,71.08,68.06,69.7,18599.6
2025-04-02 16:00:00,69.71,70.1,68.45,69.28,12558.0
2025-04-02 20:00:00,69.28,70.73,65.02,66.16,35650.7
2025-04-03 00:00:00,66.17,67.02,65.76,66.87,17062.4
2025-04-03 04:00:00,66.88,67.03,65.86,66.3,13008.1
2025-04-03 08:00:00,66.27,67.24,65.82,66.22,16163.4
2025-04-03 12:00:00,66.21,67.86,65.72,67.54,19986.0
2025-04-03 16:00:00,67.56,68.73,67.05,68.25,15995.8
2025-04-03 20:00:00,68.24,69.13,67.9,68.17,9463.5
2025-04-04 00:00:00,68.22,68.57,67.52,67.96,11979.3
2025-04-04 04:00:00,67.97,69.51,67.76,69.32,11868.7
2025-04-04 08:00:00,69.36,70.05,66.73,67.3,22401.3
2025-04-04 12:00:00,67.3,69.18,66.87,68.3,21431.7
2025-04-04 16:00:00,68.29,69.12,67.73,68.21,14347.7
2025-04-04 20:00:00,68.2,68.69,67.9,68.03,15908.6
2025-04-05 00:00:00,68.05,68.16,67.31,67.59,7870.5
2025-04-05 04:00:00,67.59,68.64,67.59,68.45,5636.5
2025-04-05 08:00:00,68.45,69.18,68.24,68.26,6323.1
2025-04-05 12:00:00,68.25,68.36,67.24,67.66,8970.2
2025-04-05 16:00:00,67.66,68.25,67.12,67.7,10832.4
2025-04-05 20:00:00,67.69,68.16,67.3,67.95,5446.4
2025-04-06 00:00:00,67.95,68.41,67.72,68.07,5785.7
2025-04-06 04:00:00,68.07,68.08,67.38,67.44,6409.3
2025-04-06 08:00:00,67.44,67.71,66.86,67.34,8670.1
2025-04-06 12:00:00,67.33,68.89,67.28,68.2,21791.7
2025-04-06 16:00:00,68.2,69.38,66.57,67.47,49334.5
2025-04-06 20:00:00,67.46,67.64,63.68,64.39,40613.9
2025-04-07 00:00:00,64.39,66.06,61.9,62.54,38136.8
2025-04-07 04:00:00,62.54,63.29,58.28,59.23,68237.7
2025-04-07 08:00:00,59.22,62.38,58.45,60.23,42612.0
2025-04-07 12:00:00,60.25,67.79,60.14,63.84,53812.8
2025-04-07 16:00:00,63.82,64.36,63.19,63.84,22747.4
2025-04-07 20:00:00,63.85,64.76,63.43,63.46,13438.1
2025-04-08 00:00:00,63.47,64.42,62.35,62.43,15820.1
2025-04-08 04:00:00,62.43,63.21,61.88,62.48,12744.0
2025-04-08 08:00:00,62.48,63.65,61.34,63.49,17458.0
2025-04-08 12:00:00,63.5,64.48,61.71,62.66,21850.9
2025-04-08 16:00:00,62.65,62.85,59.35,59.84,22899.8
2025-04-08 20:00:00,59.82,60.56,59.22,59.86,15707.0
2025-04-09 00:00:00,59.87,61.11,58.63,60.48,19225.2
2025-04-09 04:00:00,60.45,63.06,60.37,62.05,17956.9
2025-04-09 08:00:00,62.06,62.51,60.84,61.16,12873.1
2025-04-09 12:00:00,61.19,61.91,59.5,60.06,29865.1
2025-04-09 16:00:00,60.07,67.59,59.88,66.16,50513.2
2025-04-09 20:00:00,66.19,67.46,66.02,66.65,12438.7
2025-04-10 00:00:00,66.67,66.94,64.67,65.2,9436.0
2025-04-10 04:00:00,65.19,65.79,64.19,64.35,12576.3
2025-04-10 08:00:00,64.34,64.62,63.81,64.23,9308.0
2025-04-10 12:00:00,64.22,65.25,61.93,62.28,22440.6
2025-04-10 16:00:00,62.27,63.72,62.14,63.38,18824.2
2025-04-10 20:00:00,63.36,64.23,63.36,64.0,6634.6
2025-04-11 00:00:00,63.99,65.54,63.87,64.7,9572.9
2025-04-11 04:00:00,64.71,64.91,63.99,63.99,6197.0
2025-04-11 08:00:00,64.0,65.5,63.17,65.32,22589.8
2025-04-11 12:00:00,65.3,66.35,64.68,65.29,14998.1
2025-04-11 16:00:00,65.29,66.56,64.81,65.61,13679.5
2025-04-11 20:00:00,65.63,66.08,64.94,64.99,7309.1
2025-04-12 00:00:00,65.0,65.26,64.73,64.96,6118.0
2025-04-12 04:00:00,64.96,65.46,64.62,65.3,6436.7
2025-04-12 08:00:00,65.3,66.01,65.28,65.76,6835.2
2025-04-12 12:00:00,65.75,68.2,65.63,67.57,23120.4
2025-04-12 16:00:00,67.56,68.41,66.49,66.87,15106.3
2025-04-12 20:00:00,66.86,68.98,66.83,68.47,11054.0
2025-04-13 00:00:00,68.47,68.92,67.23,67.46,7222.3
2025-04-13 04:00:00,67.45,67.6,66.79,67.02,6397.9
2025-04-13 08:00:00,67.07,68.1,66.92,67.31,6887.4
2025-04-13 12:00:00,67.31,68.22,66.77,67.86,14856.2
2025-04-13 16:00:00,67.86,70.69,66.26,67.35,35489.6
2025-04-13 20:00:00,67.33,68.22,65.87,67.0,16511.1
2025-04-14 00:00:00,66.99,69.71,66.87,67.88,15562.4
2025-04-14 04:00:00,67.88,68.85,66.26,66.8,10518.5
2025-04-14 08:00:00,66.81,67.84,66.38,67.4,12165.5
2025-04-14 12:00:00,67.4,68.35,66.15,66.24,14809.5
2025-04-14 16:00:00,66.25,67.13,66.02,66.26,14352.0
2025-04-14 20:00:00,66.27,66.65,65.07,65.14,9996.0
2025-04-15 00:00:00,65.15,66.11,64.38,65.75,18362.2
2025-04-15 04:00:00,65.74,66.96,65.61,66.48,10448.4
2025-04-15 08:00:00,66.47,67.32,65.95,66.47,13616.0
2025-04-15 12:00:00,66.46,67.59,65.24,66.16,26819.4
2025-04-15 16:00:00,66.17,66.66,64.97,65.36,9318.8
2025-04-15 20:00:00,65.35,66.09,64.5,64.64,14032.5
2025-04-16 00:00:00,64.63,65.44,63.81,64.98,10495.2
2025-04-16 04:00:00,65.0,65.03,62.83,62.98,14703.7
2025-04-16 08:00:00,62.97,64.11,62.58,63.68,15869.3
2025-04-16 12:00:00,63.7,65.07,63.08,64.39,12905.8
2025-04-16 16:00:00,64.39,65.19,62.68,64.8,15243.7
2025-04-16 20:00:00,64.79,65.43,64.11,64.35,8022.2
2025-04-17 00:00:00,64.35,64.78,64.11,64.48,5101.0
2025-04-17 04:00:00,64.47,65.46,64.29,65.12,8610.6
2025-04-17 08:00:00,65.14,66.98,65.08,66.47,19551.5
2025-04-17 12:00:00,66.47,66.94,65.2,65.46,22012.5
2025-04-17 16:00:00,65.46,66.97,65.35,65.85,19839.9
2025-04-17 20:00:00,65.84,66.25,65.01,65.42,8474.4
2025-04-18 00:00:00,65.41,65.7,64.89,65.54,6023.8
2025-04-18 04:00:00,65.54,66.2,65.23,65.32,12497.5
2025-04-18 08:00:00,65.32,65.58,64.13,64.6,20754.0
2025-04-18 12:00:00,64.6,64.88,63.62,63.81,18112.7
2025-04-18 16:00:00,63.81,64.48,63.67,64.24,10639.7
2025-04-18 20:00:00,64.26,64.29,63.21,63.26,7950.7
2025-04-19 00:00:00,63.26,64.51,63.2,64.27,11351.6
2025-04-19 04:00:00,64.28,64.9,64.27,64.71,7631.2
2025-04-19 08:00:00,64.71,65.08,63.71,63.88,9697.2
2025-04-19 12:00:00,63.88,64.76,63.85,64.07,6488.2
2025-04-19 16:00:00,64.08,65.66,64.08,65.46,10889.6
2025-04-19 20:00:00,65.45,65.88,65.13,65.65,7038.9
2025-04-20 00:00:00,65.66,66.33,65.32,66.12,12119.4
2025-04-20 04:00:00,66.1,66.57,65.15,65.6,9573.0
2025-04-20 08:00:00,65.59,65.67,64.69,65.08,7320.3
2025-04-20 12:00:00,65.07,66.36,64.9,65.49,12683.1
2025-04-20 16:00:00,65.49,67.0,65.4,66.94,13590.9
2025-04-20 20:00:00,66.94,67.79,66.18,66.61,16136.1
2025-04-21 00:00:00,66.63,67.87,66.62,67.22,17121.9
2025-04-21 04:00:00,67.22,67.92,66.9,67.82,15414.6
2025-04-21 08:00:00,67.81,67.94,66.54,67.15,18788.8
2025-04-21 12:00:00,67.14,67.81,66.71,67.06,18001.8
2025-04-21 16:00:00,67.07,67.52,65.29,66.65,16268.7
2025-04-21 20:00:00,66.65,66.73,65.94,66.23,5847.2
2025-04-22 00:00:00,66.24,67.38,65.52,66.61,10059.8
2025-04-22 04:00:00,66.61,67.11,65.79,67.04,7975.0
2025-04-22 08:00:00,67.05,68.02,67.05,67.99,12670.5
2025-04-22 12:00:00,67.98,68.17,65.06,66.2,77187.1
2025-04-22 16:00:00,66.19,68.59,65.94,68.57,44675.3
2025-04-22 20:00:00,68.56,69.94,67.53,69.07,47327.3
2025-04-23 00:00:00,69.08,70.59,68.81,70.5,20024.5
2025-04-23 04:00:00,70.5,72.77,69.92,71.72,27977.5
2025-04-23 08:00:00,71.71,72.47,70.84,71.53,11641.7
2025-04-23 12:00:00,71.52,72.62,69.84,70.64,23711.2
2025-04-23 16:00:00,70.65,71.98,69.93,71.57,12467.4
2025-04-23 20:00:00,71.56,72.68,71.52,72.42,8716.2
2025-04-24 00:00:00,72.41,73.19,71.29,71.37,12854.7
2025-04-24 04:00:00,71.38,71.74,70.24,70.38,8659.9
2025-04-24 08:00:00,70.38,71.38,68.92,71.37,19567.8
2025-04-24 12:00:00,71.37,75.21,71.18,74.82,24125.4
2025-04-24 16:00:00,74.8,75.11,73.28,74.02,9451.6
2025-04-24 20:00:00,74.04,75.1,73.68,75.05,8346.3
2025-04-25 00:00:00,75.03,75.65,73.24,74.32,10974.3
2025-04-25 04:00:00,74.32,76.42,74.14,75.51,10700.8
2025-04-25 08:00:00,75.51,76.39,74.85,75.29,12164.0
2025-04-25 12:00:00,75.29,76.62,74.18,75.93,13578.8
2025-04-25 16:00:00,75.92,76.39,74.51,74.87,11335.8
2025-04-25 20:00:00,74.84,75.7,74.3,74.54,7766.2
2025-04-26 00:00:00,74.54,77.05,74.49,76.32,13018.9
2025-04-26 04:00:00,76.3,76.31,74.99,75.07,8858.0
2025-04-26 08:00:00,75.07,75.91,74.31,74.6,12609.3
2025-04-26 12:00:00,74.6,74.93,73.61,74.74,7899.2
2025-04-26 16:00:00,74.74,76.17,74.55,76.08,7124.2
2025-04-26 20:00:00,76.08,76.98,75.78,76.5,8151.8
2025-04-27 00:00:00,76.53,77.61,74.0,75.27,16606.1
2025-04-27 04:00:00,75.25,75.37,73.64,73.88,7367.7
2025-04-27 08:00:00,73.88,74.44,73.48,74.22,8831.9
2025-04-27 12:00:00,74.22,75.3,73.45,73.69,15575.2
2025-04-27 16:00:00,73.69,74.52,73.01,74.44,8224.6
2025-04-27 20:00:00,74.44,75.4,73.96,73.98,7694.2
2025-04-28 00:00:00,73.98,74.29,72.53,74.1,7816.2
2025-04-28 04:00:00,74.08,76.41,74.08,76.32,9919.2
2025-04-28 08:00:00,76.38,77.46,75.84,76.42,11526.6
2025-04-28 12:00:00,76.44,76.5,73.6,74.27,15813.9
2025-04-28 16:00:00,74.28,75.96,73.63,75.66,7877.8
2025-04-28 20:00:00,75.64,76.16,75.14,75.77,5576.3
2025-04-29 00:00:00,75.76,76.61,75.73,76.11,4845.9
2025-04-29 04:00:00,76.13,76.72,75.24,76.72,5990.4
2025-04-29 08:00:00,76.72,76.87,75.73,76.39,7202.9
2025-04-29 12:00:00,76.38,76.44,74.93,75.83,8254.6
2025-04-29 16:00:00,75.83,76.38,75.56,75.56,7051.2
2025-04-29 20:00:00,75.57,75.66,74.19,75.03,7178.6
2025-04-30 00:00:00,75.01,75.72,74.45,75.11,7485.6
2025-04-30 04:00:00,75.11,75.82,74.62,75.18,7512.3
2025-04-30 08:00:00,75.17,75.71,75.09,75.61,6614.8
2025-04-30 12:00:00,75.62,75.66,72.74,73.95,13452.8
2025-04-30 16:00:00,73.95,75.96,73.49,74.62,7977.8
2025-04-30 20:00:00,74.61,75.3,74.54,75.0,4193.1
2025-05-01 00:00:00,74.98,76.4,74.98,75.36,9464.9
2025-05-01 04:00:00,75.38,76.6,75.25,76.49,6106.3
2025-05-01 08:00:00,76.46,77.72,76.45,77.39,9883.2
2025-05-01 12:00:00,77.4,77.67,76.2,77.36,7756.0
2025-05-01 16:00:00,77.33,80.55,77.08,80.39,20499.5
2025-05-01 20:00:00,80.39,84.1,80.18,82.32,54835.2
2025-05-02 00:00:00,82.37,85.82,81.88,82.8,34687.8
2025-05-02 04:00:00,82.8,83.11,81.5,82.13,25954.4
2025-05-02 08:00:00,82.13,84.07,82.02,83.46,25396.2
2025-05-02 12:00:00,83.44,84.66,83.01,83.47,23657.7
2025-05-02 16:00:00,83.47,84.45,82.69,82.97,16845.3
2025-05-02 20:00:00,82.94,85.43,82.88,85.04,14323.9
2025-05-03 00:00:00,85.04,85.39,83.54,83.76,14292.3
2025-05-03 04:00:00,83.78,84.12,82.63,82.92,8668.9
2025-05-03 08:00:00,82.88,83.53,82.3,83.12,8932.3
2025-05-03 12:00:00,83.14,85.96,83.14,84.85,20924.7
2025-05-03 16:00:00,84.85,85.82,84.17,85.65,24035.8
2025-05-03 20:00:00,85.67,85.67,83.56,83.76,11360.9
2025-05-04 00:00:00,83.77,88.36,83.77,85.31,38155.8
2025-05-04 04:00:00,85.31,86.24,84.05,85.21,18126.9
2025-05-04 08:00:00,85.21,85.83,84.63,85.34,13117.2
2025-05-04 12:00:00,85.35,86.85,84.19,86.24,17390.6
2025-05-04 16:00:00,86.24,88.37,85.85,87.72,26720.3
2025-05-04 20:00:00,87.77,90.8,87.36,89.97,63481.5
2025-05-05 00:00:00,89.99,90.44,86.42,86.72,32160.2
2025-05-05 04:00:00,86.73,88.09,84.75,85.93,22485.3
2025-05-05 08:00:00,85.95,86.47,84.84,85.08,25127.1
2025-05-05 12:00:00,85.1,86.89,84.76,86.21,19608.4
2025-05-05 16:00:00,86.2,89.6,85.18,85.55,40421.8
2025-05-05 20:00:00,85.55,86.98,84.16,84.29,24827.4
2025-05-06 00:00:00,84.29,84.73,82.83,84.02,20566.6
2025-05-06 04:00:00,84.04,84.45,82.68,82.82,14222.5
2025-05-06 08:00:00,82.84,83.77,80.94,81.7,28308.4
2025-05-06 12:00:00,81.73,87.27,81.32,85.24,46530.8
2025-05-06 16:00:00,85.25,86.82,84.87,85.88,20382.8
2025-05-06 20:00:00,85.87,87.63,83.29,86.71,19877.1
2025-05-07 00:00:00,86.71,89.07,86.71,86.78,19565.8
2025-05-07 04:00:00,86.79,88.5,86.35,88.26,12805.1
2025-05-07 08:00:00,88.26,90.85,87.35,90.74,36927.5
2025-05-07 12:00:00,90.73,91.99,89.58,90.23,35228.4
2025-05-07 16:00:00,90.24,90.62,88.32,88.89,25301.7
2025-05-07 20:00:00,88.89,90.27,88.1,89.84,12666.8
2025-05-08 00:00:00,89.86,94.46,89.79,93.39,28251.1
2025-05-08 04:00:00,93.39,93.73,92.18,92.97,20677.0
2025-05-08 08:00:00,93.0,94.42,92.36,93.69,16942.5
2025-05-08 12:00:00,93.72,96.66,92.34,95.71,39268.1
2025-05-08 16:00:00,95.73,96.32,93.44,95.17,30914.9
2025-05-08 20:00:00,95.18,96.09,94.1,95.41,24462.4
2025-05-09 00:00:00,95.41,96.29,94.1,94.6,16660.9
2025-05-09 04:00:00,94.6,97.05,93.75,96.68,21095.1
2025-05-09 08:00:00,96.68,98.69,93.81,95.09,31982.6
2025-05-09 12:00:00,95.08,95.95,93.04,94.31,21397.9
2025-05-09 16:00:00,94.32,95.19,93.44,94.72,15942.0
2025-05-09 20:00:00,94.74,95.28,93.82,94.98,10580.2
2025-05-10 00:00:00,94.99,96.34,93.2,95.64,15724.7
2025-05-10 04:00:00,95.65,95.73,93.9,95.38,11248.8
2025-05-10 08:00:00,95.41,96.88,94.0,94.73,15207.0
2025-05-10 12:00:00,94.71,97.4,94.67,96.39,11041.7
2025-05-10 16:00:00,96.38,98.46,96.37,97.79,17562.7
2025-05-10 20:00:00,97.78,102.44,97.21,101.64,22201.0
2025-05-11 00:00:00,101.62,102.24,97.58,98.44,16650.7
2025-05-11 04:00:00,98.44,98.95,95.78,96.09,11966.3
2025-05-11 08:00:00,96.14,97.84,96.03,97.58,14347.1
2025-05-11 12:00:00,97.59,98.94,96.88,97.95,13332.5
2025-05-11 16:00:00,97.98,99.81,96.63,99.19,12037.0
2025-05-11 20:00:00,99.21,99.93,98.37,98.76,9510.0
2025-05-12 00:00:00,98.76,100.11,97.24,99.88,13354.5
2025-05-12 04:00:00,99.89,101.49,97.7,99.69,13673.3
2025-05-12 08:00:00,99.69,102.44,99.28,100.13,16856.0
2025-05-12 12:00:00,100.11,104.0,97.78,98.15,27866.8
2025-05-12 16:00:00,98.14,100.03,93.73,96.0,24615.6
2025-05-12 20:00:00,95.99,98.79,95.43,98.12,16851.4
2025-05-13 00:00:00,98.13,98.2,92.75,93.09,21636.5
2025-05-13 04:00:00,93.11,96.48,92.64,95.65,11556.5
2025-05-13 08:00:00,95.65,98.35,95.2,97.75,10619.3
2025-05-13 12:00:00,97.73,99.54,97.1,98.41,13148.7
2025-05-13 16:00:00,98.41,100.32,98.18,99.49,13643.4
2025-05-13 20:00:00,99.48,100.2,98.27,98.54,8504.4
2025-05-14 00:00:00,98.5,98.99,96.75,97.74,9869.6
2025-05-14 04:00:00,97.72,99.84,97.21,98.28,8164.5
2025-05-14 08:00:00,98.28,100.52,97.33,99.05,20164.8
2025-05-14 12:00:00,99.06,99.29,96.26,97.44,11959.3
2025-05-14 16:00:00,97.45,100.88,97.29,100.05,23318.2
2025-05-14 20:00:00,100.07,100.52,98.58,99.78,9856.6
2025-05-15 00:00:00,99.8,101.2,99.29,100.43,19262.0
2025-05-15 04:00:00,100.39,100.84,96.72,96.97,20501.2
2025-05-15 08:00:00,96.97,98.26,95.43,97.35,16855.3
2025-05-15 12:00:00,97.32,100.74,96.16,99.88,38263.0
2025-05-15 16:00:00,99.9,101.1,96.15,96.89,40429.0
2025-05-15 20:00:00,96.93,97.15,94.66,96.39,11869.0
2025-05-16 00:00:00,96.42,96.7,94.3,95.6,16525.0
2025-05-16 04:00:00,95.62,95.94,92.84,93.88,23571.4
2025-05-16 08:00:00,93.87,95.79,92.96,95.33,16589.6
2025-05-16 12:00:00,95.34,96.01,94.58,95.29,10229.5
2025-05-16 16:00:00,95.33,95.95,93.36,94.13,12958.1
2025-05-16 20:00:00,94.15,94.29,91.63,91.78,14049.4
2025-05-17 00:00:00,91.78,92.54,89.52,92.24,17379.2
2025-05-17 04:00:00,92.24,94.11,92.15,92.73,9859.2
2025-05-17 08:00:00,92.74,93.17,91.08,91.93,11219.1
2025-05-17 12:00:00,91.96,92.25,89.51,90.85,18562.5
2025-05-17 16:00:00,90.86,91.18,89.32,89.8,15786.5
2025-05-17 20:00:00,89.83,91.13,89.81,91.06,8540.7
2025-05-18 00:00:00,91.09,94.29,91.09,93.8,21410.7
2025-05-18 04:00:00,93.8,95.6,93.36,94.78,9488.6
2025-05-18 08:00:00,94.77,95.13,93.61,94.33,7390.8
2025-05-18 12:00:00,94.32,98.84,94.02,98.47,14280.1
2025-05-18 16:00:00,98.47,99.45,94.91,94.91,24558.6
2025-05-18 20:00:00,94.91,97.22,93.62,96.68,28444.5
2025-05-19 00:00:00,96.74,96.91,90.0,91.68,18357.3
2025-05-19 04:00:00,91.69,92.68,89.76,90.62,13679.0
2025-05-19 08:00:00,90.63,90.86,89.69,90.54,8067.0
2025-05-19 12:00:00,90.52,92.83,89.67,92.42,13398.8
2025-05-19 16:00:00,92.43,93.91,91.79,93.87,10869.1
2025-05-19 20:00:00,93.87,94.05,92.75,93.33,5780.2
2025-05-20 00:00:00,93.32,96.75,93.25,95.1,12820.9
2025-05-20 04:00:00,95.11,96.46,93.49,93.81,6889.4
2025-05-20 08:00:00,93.82,94.47,93.0,93.74,6620.7
2025-05-20 12:00:00,93.75,98.36,93.47,98.02,18017.5
2025-05-20 16:00:00,97.93,98.97,96.39,97.64,32038.7
2025-05-20 20:00:00,97.64,97.74,95.59,96.62,11765.6
2025-05-21 00:00:00,96.66,98.69,96.21,98.17,11389.0
2025-05-21 04:00:00,98.14,99.52,96.39,96.5,17905.1
2025-05-21 08:00:00,96.54,97.75,95.53,97.35,11748.9
2025-05-21 12:00:00,97.35,99.76,97.04,98.63,14551.3
2025-05-21 16:00:00,98.62,100.7,96.18,97.94,27453.1
2025-05-21 20:00:00,97.92,98.89,97.08,97.96,9789.1
2025-05-22 00:00:00,98.0,99.5,97.64,99.43,11915.4
2025-05-22 04:00:00,99.39,100.17,98.76,99.95,10684.4
2025-05-22 08:00:00,99.89,100.95,98.3,99.37,16429.7
2025-05-22 12:00:00,99.34,100.0,97.11,97.7,20349.7
2025-05-22 16:00:00,97.73,98.84,96.74,97.95,13617.3
2025-05-22 20:00:00,98.0,98.56,96.72,98.01,12022.5
2025-05-23 00:00:00,98.02,100.12,97.28,99.72,18498.8
2025-05-23 04:00:00,99.72,100.15,97.01,97.54,14396.7
2025-05-23 08:00:00,97.53,98.7,95.2,95.51,24961.0
2025-05-23 12:00:00,95.51,97.27,93.29,95.05,29939.6
2025-05-23 16:00:00,95.03,96.75,94.99,95.49,11217.7
2025-05-23 20:00:00,95.48,95.61,93.58,93.87,10623.5
2025-05-24 00:00:00,93.87,97.02,93.86,96.34,9700.7
2025-05-24 04:00:00,96.34,97.64,95.78,96.78,10969.3
2025-05-24 08:00:00,96.84,98.15,96.84,97.59,10329.2
2025-05-24 12:00:00,97.56,98.24,96.44,96.8,10039.4
2025-05-24 16:00:00,96.8,97.6,96.0,97.49,11793.1
2025-05-24 20:00:00,97.5,97.53,95.12,95.5,7311.1
2025-05-25 00:00:00,95.49,96.39,94.53,95.37,6851.8
2025-05-25 04:00:00,95.33,95.66,94.76,94.99,5335.7
2025-05-25 08:00:00,95.0,95.02,92.26,93.68,10860.1
2025-05-25 12:00:00,93.65,94.97,92.0,92.97,14930.2
2025-05-25 16:00:00,92.98,93.66,92.05,93.35,5414.5
2025-05-25 20:00:00,93.33,95.0,92.82,94.81,5722.3
2025-05-26 00:00:00,94.82,96.17,94.09,96.02,6651.1
2025-05-26 04:00:00,95.99,96.95,95.82,96.33,6356.1
2025-05-26 08:00:00,96.33,97.09,95.11,95.31,7739.1
2025-05-26 12:00:00,95.29,95.57,93.56,95.18,15504.7
2025-05-26 16:00:00,95.18,100.24,94.44,99.72,39075.9
2025-05-26 20:00:00,99.75,106.27,98.89,104.6,136534.8
2025-05-27 00:00:00,104.63,110.66,102.64,105.97,129563.6
2025-05-27 04:00:00,105.98,107.41,105.33,106.22,44818.3
2025-05-27 08:00:00,106.22,109.77,105.72,109.43,71172.1
2025-05-27 12:00:00,109.44,111.73,108.17,109.51,99851.0
2025-05-27 16:00:00,109.53,114.71,109.49,114.1,93779.1
2025-05-27 20:00:00,114.07,114.86,110.25,111.45,55817.6
2025-05-28 00:00:00,111.45,115.0,111.37,113.52,37321.4
2025-05-28 04:00:00,113.51,117.62,113.12,115.48,50443.7
2025-05-28 08:00:00,115.49,119.84,115.42,117.73,110505.9
2025-05-28 12:00:00,117.72,119.8,112.73,112.92,99767.7
2025-05-28 16:00:00,112.93,114.07,112.25,113.02,42475.4
2025-05-28 20:00:00,113.02,117.41,112.88,117.11,30852.9
2025-05-29 00:00:00,117.1,118.89,115.6,116.04,35181.4
2025-05-29 04:00:00,116.04,117.53,114.39,117.13,19626.2
2025-05-29 08:00:00,117.14,118.0,115.34,115.47,22146.5
2025-05-29 12:00:00,115.46,116.53,111.94,112.33,27704.5
2025-05-29 16:00:00,112.33,114.44,111.99,113.64,20589.8
2025-05-29 20:00:00,113.64,114.88,113.16,113.58,13983.0
2025-05-30 00:00:00,113.58,114.97,109.31,113.16,37854.4
2025-05-30 04:00:00,113.16,114.06,110.26,110.74,17807.6
2025-05-30 08:00:00,110.74,110.88,107.51,107.65,31592.6
2025-05-30 12:00:00,107.67,108.1,105.73,107.54,29301.6
2025-05-30 16:00:00,107.55,109.51,105.2,108.98,31195.9
2025-05-30 20:00:00,108.98,109.12,105.4,105.59,16501.1
2025-05-31 00:00:00,105.62,106.22,103.57,104.31,30329.8
2025-05-31 04:00:00,104.31,106.81,102.99,106.33,18240.6
2025-05-31 08:00:00,106.32,106.72,104.27,104.69,11635.7
2025-05-31 12:00:00,104.68,108.66,104.54,108.19,30508.4
2025-05-31 16:00:00,108.21,112.24,108.12,109.87,47826.2
2025-05-31 20:00:00,109.88,109.9,106.82,107.8,19147.2
2025-06-01 00:00:00,107.79,110.21,106.96,110.14,12774.7
2025-06-01 04:00:00,110.16,110.78,108.55,108.96,9994.4
2025-06-01 08:00:00,108.96,109.81,108.03,109.78,15449.0
2025-06-01 12:00:00,109.78,110.89,109.44,109.65,13613.1
2025-06-01 16:00:00,109.61,110.02,106.26,106.87,20471.8
2025-06-01 20:00:00,106.86,107.17,105.39,106.51,14314.8
2025-06-02 00:00:00,106.51,106.52,104.91,105.46,13843.2
2025-06-02 04:00:00,105.46,106.23,104.72,105.58,7920.5
2025-06-02 08:00:00,105.58,106.86,104.1,104.72,13381.0
2025-06-02 12:00:00,104.72,105.92,103.88,104.55,13908.0
2025-06-02 16:00:00,104.58,106.59,103.09,106.22,20730.7
2025-06-02 20:00:00,106.21,107.74,105.66,107.69,14313.2
2025-06-03 00:00:00,107.72,110.52,107.55,107.77,15166.7
2025-06-03 04:00:00,107.77,110.2,107.43,108.99,8394.4
2025-06-03 08:00:00,108.99,109.62,107.55,109.37,9296.9
2025-06-03 12:00:00,109.39,111.32,108.79,111.22,14208.3
2025-06-03 16:00:00,111.21,115.56,111.21,113.5,35910.1
2025-06-03 20:00:00,113.51,116.36,111.75,116.23,21513.1
2025-06-04 00:00:00,116.25,117.66,115.23,115.38,30585.8
2025-06-04 04:00:00,115.37,116.21,114.66,115.0,14556.6
2025-06-04 08:00:00,115.0,116.0,113.98,114.12,16488.8
2025-06-04 12:00:00,114.12,116.55,113.42,116.34,21707.1
2025-06-04 16:00:00,116.33,118.29,116.33,117.21,25054.2
2025-06-04 20:00:00,117.24,117.74,114.27,116.37,27524.3
2025-06-05 00:00:00,116.37,118.59,116.36,117.06,18575.5
2025-06-05 04:00:00,117.07,117.35,115.59,117.13,18250.3
2025-06-05 08:00:00,117.16,118.34,115.01,116.6,30375.7
2025-06-05 12:00:00,116.59,117.86,115.27,117.25,26950.8
2025-06-05 16:00:00,117.3,118.0,113.41,114.2,38456.8
2025-06-05 20:00:00,114.2,114.46,110.47,110.92,40808.4
2025-06-06 00:00:00,110.93,111.25,108.35,110.65,23102.0
2025-06-06 04:00:00,110.65,113.62,110.41,112.93,12538.0
2025-06-06 08:00:00,112.93,113.91,112.44,113.06,9348.7
2025-06-06 12:00:00,113.06,114.99,112.9,113.65,14381.2
2025-06-06 16:00:00,113.64,113.88,111.48,112.54,15002.2
2025-06-06 20:00:00,112.53,114.23,110.39,113.8,17369.1
2025-06-07 00:00:00,113.86,116.84,113.85,115.74,16814.7
2025-06-07 04:00:00,115.74,116.18,114.57,115.02,8497.1
2025-06-07 08:00:00,115.01,116.1,114.89,115.95,6517.2
2025-06-07 12:00:00,115.95,116.12,113.91,114.52,10853.5
2025-06-07 16:00:00,114.5,116.1,114.5,115.34,9716.9
2025-06-07 20:00:00,115.34,116.09,115.1,115.18,6875.7
2025-06-08 00:00:00,115.17,115.37,113.5,114.01,9038.8
2025-06-08 04:00:00,114.01,114.66,113.58,114.24,5719.3
2025-06-08 08:00:00,114.24,115.09,113.32,114.82,7691.5
2025-06-08 12:00:00,114.82,117.74,114.41,117.6,17544.2
2025-06-08 16:00:00,117.59,119.42,117.56,118.96,18396.4
2025-06-08 20:00:00,118.97,119.37,117.32,119.37,12293.0
2025-06-09 00:00:00,119.37,119.67,116.37,117.87,23506.1
2025-06-09 04:00:00,117.88,119.0,116.99,118.19,13588.0
2025-06-09 08:00:00,118.2,120.74,117.77,119.0,19191.6
2025-06-09 12:00:00,118.99,119.8,117.55,118.95,17595.4
2025-06-09 16:00:00,118.95,123.76,118.86,123.69,26017.9
2025-06-09 20:00:00,123.73,124.71,122.26,122.61,28472.0
2025-06-10 00:00:00,122.62,123.9,120.95,122.9,17807.2
2025-06-10 04:00:00,122.91,123.54,120.91,122.74,20823.7
2025-06-10 08:00:00,122.73,124.8,120.97,123.36,19488.3
2025-06-10 12:00:00,123.36,128.0,121.37,121.87,28381.2
2025-06-10 16:00:00,121.88,123.04,121.23,121.81,10772.7
2025-06-10 20:00:00,121.79,122.84,121.42,122.51,12133.2
2025-06-11 00:00:00,122.51,123.62,122.05,123.54,8750.1
2025-06-11 04:00:00,123.54,125.46,121.87,121.88,14064.7
2025-06-11 08:00:00,121.9,122.2,118.58,120.64,20383.4
2025-06-11 12:00:00,120.67,121.92,116.53,117.39,27941.4
2025-06-11 16:00:00,117.39,118.93,116.68,117.11,20607.4
2025-06-11 20:00:00,117.1,117.82,114.69,114.9,17993.2
2025-06-12 00:00:00,114.9,116.61,114.15,116.24,15077.8
2025-06-12 04:00:00,116.25,117.68,115.52,117.29,14321.3
2025-06-12 08:00:00,117.3,118.72,114.16,114.26,14890.2
2025-06-12 12:00:00,114.26,117.96,113.77,117.04,24348.0
2025-06-12 16:00:00,117.05,118.39,113.19,113.43,16896.0
2025-06-12 20:00:00,113.43,114.67,112.08,112.78,15391.2
2025-06-13 00:00:00,112.78,112.86,102.39,106.24,69435.5
2025-06-13 04:00:00,106.24,106.8,104.1,105.61,20167.8
2025-06-13 08:00:00,105.61,107.58,105.19,106.98,19857.5
2025-06-13 12:00:00,106.97,107.56,105.89,106.98,14612.4
2025-06-13 16:00:00,106.95,107.69,104.57,105.61,15475.7
2025-06-13 20:00:00,105.6,106.91,105.55,106.78,8734.6
2025-06-14 00:00:00,106.78,106.97,105.82,106.85,6784.2
2025-06-14 04:00:00,106.85,108.15,106.7,108.02,7289.6
2025-06-14 08:00:00,108.02,108.05,106.13,106.41,7659.7
2025-06-14 12:00:00,106.41,106.55,104.56,105.04,6588.9
2025-06-14 16:00:00,105.03,105.09,102.43,103.19,14389.7
2025-06-14 20:00:00,103.18,104.92,102.73,104.57,6036.4
2025-06-15 00:00:00,104.58,104.95,103.92,104.67,6284.6
2025-06-15 04:00:00,104.63,105.51,104.38,104.41,5964.9
2025-06-15 08:00:00,104.42,105.38,104.2,105.16,6728.6
2025-06-15 12:00:00,105.16,106.13,105.04,105.65,7391.2
2025-06-15 16:00:00,105.65,107.06,105.36,106.71,7284.2
2025-06-15 20:00:00,106.71,107.81,104.79,106.75,16907.4
2025-06-16 00:00:00,106.75,106.82,105.58,106.27,5940.0
2025-06-16 04:00:00,106.27,109.0,106.2,108.9,6946.4
2025-06-16 08:00:00,108.89,109.35,106.9,109.21,13597.4
2025-06-16 12:00:00,109.22,111.53,108.87,110.28,14398.0
2025-06-16 16:00:00,110.28,110.47,108.27,108.77,15477.9
2025-06-16 20:00:00,108.74,109.12,104.68,105.34,14742.7
2025-06-17 00:00:00,105.34,105.57,102.99,104.69,20318.7
2025-06-17 04:00:00,104.68,104.72,102.67,103.17,9001.5
2025-06-17 08:00:00,103.14,103.9,100.25,101.06,17328.0
2025-06-17 12:00:00,101.06,101.33,99.13,99.75,15840.9
2025-06-17 16:00:00,99.76,101.59,98.09,101.29,19043.3
2025-06-17 20:00:00,101.28,101.32,99.87,100.6,10065.8
2025-06-18 00:00:00,100.62,102.88,100.62,102.67,11741.8
2025-06-18 04:00:00,102.66,103.26,101.84,102.21,9516.4
2025-06-18 08:00:00,102.21,102.39,98.93,100.22,15082.5
2025-06-18 12:00:00,100.2,101.08,97.76,100.36,26946.4
2025-06-18 16:00:00,100.37,100.77,98.27,99.06,13741.4
2025-06-18 20:00:00,99.1,101.74,98.87,101.04,9808.6
2025-06-19 00:00:00,101.04,101.58,100.06,100.96,7870.6
2025-06-19 04:00:00,100.95,101.2,99.32,99.75,5608.2
2025-06-19 08:00:00,99.74,100.28,98.4,99.11,9774.3
2025-06-19 12:00:00,99.08,99.83,97.5,97.69,11233.9
2025-06-19 16:00:00,97.69,99.23,97.64,98.55,12581.9
2025-06-19 20:00:00,98.56,99.27,97.18,98.85,9737.1
2025-06-20 00:00:00,98.86,99.25,96.67,97.11,14050.3
2025-06-20 04:00:00,97.12,101.05,97.09,100.65,15139.6
2025-06-20 08:00:00,100.65,101.69,98.8,99.67,20971.0
2025-06-20 12:00:00,99.66,100.34,97.47,98.46,18317.5
2025-06-20 16:00:00,98.48,98.8,95.79,97.52,18209.1
2025-06-20 20:00:00,97.51,98.43,95.79,96.29,9159.5
2025-06-21 00:00:00,96.29,97.02,96.04,96.37,8031.0
2025-06-21 04:00:00,96.38,96.41,94.73,95.45,11395.2
2025-06-21 08:00:00,95.45,95.94,94.99,95.35,6669.4
2025-06-21 12:00:00,95.35,95.55,93.39,93.87,12112.2
2025-06-21 16:00:00,93.87,94.36,90.37,90.56,19196.4
2025-06-21 20:00:00,90.55,92.15,89.3,90.83,24127.2
2025-06-22 00:00:00,90.82,92.07,88.31,89.15,22027.8
2025-06-22 04:00:00,89.15,93.93,88.82,92.86,25390.4
2025-06-22 08:00:00,92.87,93.16,91.19,92.23,20302.4
2025-06-22 12:00:00,92.23,92.99,86.5,88.17,36077.8
2025-06-22 16:00:00,88.17,89.36,87.31,87.64,19854.8
2025-06-22 20:00:00,87.65,90.52,85.42,90.16,34422.1
2025-06-23 00:00:00,90.16,92.19,88.48,91.46,15551.6
2025-06-23 04:00:00,91.47,92.63,90.89,91.9,12324.4
2025-06-23 08:00:00,91.91,92.16,89.98,90.33,8279.9
2025-06-23 12:00:00,90.32,92.42,89.77,89.93,15328.0
2025-06-23 16:00:00,89.94,92.79,87.51,92.76,28798.8
2025-06-23 20:00:00,92.75,99.34,92.61,98.08,34770.8
2025-06-24 00:00:00,98.11,98.62,97.32,97.72,8653.3
2025-06-24 04:00:00,97.71,100.33,97.61,99.61,11508.8
2025-06-24 08:00:00,99.59,99.62,97.68,98.15,10997.7
2025-06-24 12:00:00,98.23,100.99,97.86,100.16,14925.4
2025-06-24 16:00:00,100.14,102.09,98.52,99.04,17535.2
2025-06-24 20:00:00,98.99,99.88,98.6,99.56,7281.5
2025-06-25 00:00:00,99.57,100.73,99.57,99.76,8921.6
2025-06-25 04:00:00,99.76,100.04,98.52,99.78,6127.8
2025-06-25 08:00:00,99.77,100.64,99.02,100.44,11253.3
2025-06-25 12:00:00,100.45,101.54,97.93,98.14,13080.0
2025-06-25 16:00:00,98.15,99.82,98.06,99.8,6227.5
2025-06-25 20:00:00,99.8,100.18,96.97,97.55,19495.1
2025-06-26 00:00:00,97.56,101.03,97.55,99.92,12940.1
2025-06-26 04:00:00,99.97,100.08,98.04,99.68,5942.5
2025-06-26 08:00:00,99.66,100.11,98.54,98.98,5961.1
2025-06-26 12:00:00,98.98,99.1,96.47,97.57,15246.9
2025-06-26 16:00:00,97.53,98.16,96.87,97.99,7607.8
2025-06-26 20:00:00,97.98,98.36,96.19,97.28,10714.0
2025-06-27 00:00:00,97.28,99.37,96.61,99.13,8186.5
2025-06-27 04:00:00,99.13,99.95,98.43,98.62,6721.2
2025-06-27 08:00:00,98.65,99.95,98.65,99.39,7105.7
2025-06-27 12:00:00,99.39,100.0,98.58,99.25,12976.5
2025-06-27 16:00:00,99.26,101.47,99.18,101.26,14118.9
2025-06-27 20:00:00,101.29,102.9,101.0,102.73,14927.5
2025-06-28 00:00:00,102.72,105.54,102.44,104.82,19111.9
2025-06-28 04:00:00,104.78,105.55,104.11,105.42,17162.1
2025-06-28 08:00:00,105.43,106.9,105.28,106.48,17582.6
2025-06-28 12:00:00,106.5,106.6,105.27,106.58,9972.2
2025-06-28 16:00:00,106.57,110.31,106.19,109.41,23468.6
2025-06-28 20:00:00,109.41,110.95,108.19,109.95,14018.4
2025-06-29 00:00:00,109.95,110.35,107.93,108.61,11454.0
2025-06-29 04:00:00,108.61,110.69,108.39,110.6,6281.4
2025-06-29 08:00:00,110.61,110.78,109.19,109.63,9746.1
2025-06-29 12:00:00,109.62,109.69,108.2,108.48,7938.2
2025-06-29 16:00:00,108.48,109.3,108.36,108.77,6846.8
2025-06-29 20:00:00,108.76,110.6,108.46,110.05,13094.0
2025-06-30 00:00:00,110.06,110.59,109.63,109.64,8270.7
2025-06-30 04:00:00,109.65,110.01,108.86,109.37,10786.4
2025-06-30 08:00:00,109.36,109.6,106.29,106.65,18655.3
2025-06-30 12:00:00,106.65,107.77,105.92,107.35,15426.6
2025-06-30 16:00:00,107.34,108.43,106.89,108.29,9883.5
2025-06-30 20:00:00,108.3,108.32,106.94,107.21,7733.4
2025-07-01 00:00:00,107.21,107.81,106.34,106.5,5833.2
2025-07-01 04:00:00,106.5,106.65,104.87,105.92,8672.5
2025-07-01 08:00:00,105.9,106.0,103.89,104.48,8650.5
2025-07-01 12:00:00,104.49,104.69,103.32,104.59,10574.6
2025-07-01 16:00:00,104.59,104.67,103.1,103.13,9941.7
2025-07-01 20:00:00,103.11,103.96,102.44,103.59,7251.7
2025-07-02 00:00:00,103.57,103.94,102.35,103.44,6512.7
2025-07-02 04:00:00,103.44,107.31,103.35,107.09,11759.5
2025-07-02 08:00:00,107.07,108.15,105.57,106.84,18028.8
2025-07-02 12:00:00,106.84,109.38,106.84,108.84,18066.9
2025-07-02 16:00:00,108.84,110.36,108.48,109.19,14543.1
2025-07-02 20:00:00,109.15,109.79,108.55,109.11,12380.2
2025-07-03 00:00:00,109.12,109.94,108.33,108.43,9638.3
2025-07-03 04:00:00,108.44,110.4,108.28,110.09,9397.8
2025-07-03 08:00:00,110.08,110.39,108.81,109.03,9389.0
2025-07-03 12:00:00,109.02,110.04,105.74,105.92,18118.0
2025-07-03 16:00:00,105.91,108.2,105.74,108.08,8354.2
2025-07-03 20:00:00,108.11,109.23,108.05,108.79,7535.0
2025-07-04 00:00:00,108.8,109.58,108.38,108.59,6738.8
2025-07-04 04:00:00,108.59,109.25,106.77,107.54,7809.0
2025-07-04 08:00:00,107.54,108.77,107.12,107.43,10787.0
2025-07-04 12:00:00,107.44,107.75,105.69,105.75,10458.4
2025-07-04 16:00:00,105.73,105.94,104.75,105.15,10003.6
2025-07-04 20:00:00,105.14,106.58,105.01,106.1,5370.8
2025-07-05 00:00:00,106.1,108.5,106.1,108.4,10325.1
2025-07-05 04:00:00,108.41,108.97,107.4,107.79,12494.0
2025-07-05 08:00:00,107.8,108.39,106.27,106.47,11316.8
2025-07-05 12:00:00,106.47,107.79,105.9,107.1,9149.2
2025-07-05 16:00:00,107.12,107.44,106.11,106.63,8765.7
2025-07-05 20:00:00,106.63,107.1,106.24,107.0,5528.7
2025-07-06 00:00:00,107.0,107.55,106.39,106.63,5050.9
2025-07-06 04:00:00,106.63,107.36,106.19,106.87,4908.5
2025-07-06 08:00:00,106.9,107.13,105.74,106.96,8825.6
2025-07-06 12:00:00,106.94,110.13,106.51,108.9,14907.2
2025-07-06 16:00:00,108.89,109.47,108.16,108.64,6665.4
2025-07-06 20:00:00,108.63,109.06,107.22,107.88,13273.4
2025-07-07 00:00:00,107.87,109.94,107.87,108.86,11319.8
2025-07-07 04:00:00,108.86,109.59,108.25,109.1,6277.0
2025-07-07 08:00:00,109.08,109.27,107.5,108.42,7097.8
2025-07-07 12:00:00,108.41,108.49,107.06,107.35,8072.3
2025-07-07 16:00:00,107.39,107.77,105.58,107.12,14352.2
2025-07-07 20:00:00,107.11,107.12,106.08,106.65,7583.7
2025-07-08 00:00:00,106.64,106.82,105.82,105.97,7119.8
2025-07-08 04:00:00,105.96,106.36,104.82,106.2,9512.2
2025-07-08 08:00:00,106.2,107.65,106.2,106.54,9446.6
2025-07-08 12:00:00,106.56,107.26,106.2,107.09,7329.8
2025-07-08 16:00:00,107.08,109.41,106.88,108.68,8818.7
2025-07-08 20:00:00,108.7,108.88,107.54,108.58,8012.3
2025-07-09 00:00:00,108.58,108.72,107.67,107.96,8478.1
2025-07-09 04:00:00,107.96,108.92,107.36,107.61,9941.6
2025-07-09 08:00:00,107.62,108.42,107.01,108.26,8137.1
2025-07-09 12:00:00,108.26,110.84,108.1,108.56,23520.9
2025-07-09 16:00:00,108.58,110.48,108.25,110.24,10214.0
2025-07-09 20:00:00,110.25,110.46,108.92,110.1,14220.4
2025-07-10 00:00:00,110.1,111.02,109.49,110.53,13016.4
2025-07-10 04:00:00,110.54,111.4,109.82,111.16,8403.9
2025-07-10 08:00:00,111.1,111.41,109.62,110.06,8195.7
2025-07-10 12:00:00,110.06,112.17,109.77,111.29,14855.2
2025-07-10 16:00:00,111.28,112.61,111.2,111.9,14971.1
2025-07-10 20:00:00,111.88,114.48,109.95,113.98,33121.6
2025-07-11 00:00:00,113.98,116.95,113.43,116.44,16240.8
2025-07-11 04:00:00,116.43,116.43,113.1,115.42,28122.3
2025-07-11 08:00:00,115.45,117.53,115.28,115.62,14182.3
2025-07-11 12:00:00,115.63,117.4,114.04,114.19,19930.5
2025-07-11 16:00:00,114.19,116.08,113.5,115.96,12242.0
2025-07-11 20:00:00,115.97,115.97,110.36,111.74,17879.9
2025-07-12 00:00:00,111.75,117.5,110.62,115.97,26767.2
2025-07-12 04:00:00,115.97,116.62,114.31,116.28,13768.1
2025-07-12 08:00:00,116.28,116.99,113.51,113.77,13184.5
2025-07-12 12:00:00,113.77,113.92,110.4,110.64,17401.4
2025-07-12 16:00:00,110.66,111.88,110.25,111.46,10651.3
2025-07-12 20:00:00,111.43,112.16,110.49,111.42,8398.7
2025-07-13 00:00:00,111.43,112.66,111.37,111.95,8952.5
2025-07-13 04:00:00,111.96,114.85,111.83,114.28,11307.0
2025-07-13 08:00:00,114.29,114.54,111.29,113.1,15032.8
2025-07-13 12:00:00,113.11,117.05,113.09,115.06,32178.4
2025-07-13 16:00:00,115.08,115.9,113.41,114.42,13512.9
2025-07-13 20:00:00,114.44,115.32,113.52,115.14,8911.0
2025-07-14 00:00:00,115.15,120.95,115.15,120.22,27716.9
2025-07-14 04:00:00,120.21,121.05,117.21,118.99,18531.3
2025-07-14 08:00:00,118.98,119.07,116.29,116.87,18448.7
2025-07-14 12:00:00,116.84,117.88,111.03,111.51,35885.5
2025-07-14 16:00:00,111.47,114.5,111.33,114.03,21277.4
2025-07-14 20:00:00,114.05,114.06,110.96,111.5,17042.4
2025-07-15 00:00:00,111.49,112.81,108.43,108.74,18654.6
2025-07-15 04:00:00,108.74,110.99,107.79,109.5,11568.0
2025-07-15 08:00:00,109.49,110.92,108.79,110.83,10015.0
2025-07-15 12:00:00,110.79,112.75,108.46,110.54,19787.3
2025-07-15 16:00:00,110.57,113.68,110.37,110.56,18684.4
2025-07-15 20:00:00,110.55,114.45,110.49,114.12,9618.8
2025-07-16 00:00:00,114.13,114.76,112.13,112.78,11807.0
2025-07-16 04:00:00,112.79,113.82,112.6,113.58,7292.0
2025-07-16 08:00:00,113.54,115.87,113.31,115.68,14302.6
2025-07-16 12:00:00,115.68,116.31,112.78,114.43,19985.3
2025-07-16 16:00:00,114.43,116.24,114.18,114.98,11823.2
2025-07-16 20:00:00,115.0,116.5,114.38,114.6,9635.3
2025-07-17 00:00:00,114.59,116.09,112.02,112.33,15319.6
2025-07-17 04:00:00,112.28,115.53,112.28,114.75,12260.7
2025-07-17 08:00:00,114.76,116.72,114.54,114.88,12063.6
2025-07-17 12:00:00,114.9,116.5,113.24,113.42,22511.6
2025-07-17 16:00:00,113.42,113.67,111.14,112.0,22094.3
2025-07-17 20:00:00,112.01,114.62,111.19,113.42,21692.4
2025-07-18 00:00:00,113.43,116.39,112.84,116.34,13650.8
2025-07-18 04:00:00,116.35,118.61,115.92,116.11,20710.0
2025-07-18 08:00:00,116.13,117.61,114.74,117.28,15292.5
2025-07-18 12:00:00,117.29,119.61,114.05,114.65,27477.2
2025-07-18 16:00:00,114.66,115.99,113.67,113.88,10486.0
2025-07-18 20:00:00,113.89,114.43,111.39,112.28,16450.9
2025-07-19 00:00:00,112.3,113.69,111.32,111.6,15985.7
2025-07-19 04:00:00,111.6,112.05,109.41,110.73,16788.5
2025-07-19 08:00:00,110.73,111.51,110.08,110.98,10121.5
2025-07-19 12:00:00,110.96,112.27,109.22,112.19,15553.4
2025-07-19 16:00:00,112.18,113.34,110.87,113.2,9800.8
2025-07-19 20:00:00,113.21,114.16,112.55,113.18,9536.6
2025-07-20 00:00:00,113.18,113.72,112.33,112.87,7435.4
2025-07-20 04:00:00,112.9,114.02,112.43,113.75,6605.2
2025-07-20 08:00:00,113.76,115.84,113.75,115.57,8103.4
2025-07-20 12:00:00,115.62,117.15,115.23,116.82,10269.4
2025-07-20 16:00:00,116.82,118.37,116.32,117.96,16206.8
2025-07-20 20:00:00,117.97,118.05,114.84,117.59,14663.2
2025-07-21 00:00:00,117.61,118.58,115.66,118.47,10717.4
2025-07-21 04:00:00,118.48,120.14,117.43,119.14,16121.9
2025-07-21 08:00:00,119.15,121.62,118.77,120.35,19901.7
2025-07-21 12:00:00,120.35,126.78,119.74,123.9,47505.5
2025-07-21 16:00:00,123.9,125.43,120.75,121.06,29005.9
2025-07-21 20:00:00,121.08,126.58,120.84,126.09,21008.6
2025-07-22 00:00:00,126.12,133.48,125.06,129.77,49954.1
2025-07-22 04:00:00,129.79,131.88,125.84,130.97,37682.5
2025-07-22 08:00:00,131.0,133.83,126.1,133.6,54199.0
2025-07-22 12:00:00,133.59,134.42,128.71,130.23,47875.9
2025-07-22 16:00:00,130.23,132.63,127.91,128.14,30696.2
2025-07-22 20:00:00,128.13,135.47,127.95,134.99,30198.7
2025-07-23 00:00:00,134.99,135.63,130.14,130.9,26333.4
2025-07-23 04:00:00,130.89,132.43,128.88,129.11,16611.3
2025-07-23 08:00:00,129.12,130.9,128.03,129.6,20417.6
2025-07-23 12:00:00,129.6,129.72,122.81,124.81,38294.9
2025-07-23 16:00:00,124.81,125.05,118.84,121.32,26790.1
2025-07-23 20:00:00,121.27,121.87,116.11,120.93,28469.2
2025-07-24 00:00:00,120.96,123.15,119.96,121.35,15150.0
2025-07-24 04:00:00,121.37,121.6,114.08,117.38,28387.1
2025-07-24 08:00:00,117.37,120.44,117.05,120.18,14753.4
2025-07-24 12:00:00,120.18,122.81,118.57,121.78,17533.9
2025-07-24 16:00:00,121.78,122.88,119.63,121.7,11697.2
2025-07-24 20:00:00,121.73,122.09,119.23,119.5,8318.1
2025-07-25 00:00:00,119.53,119.82,115.79,116.96,15315.2
2025-07-25 04:00:00,116.92,119.35,116.48,117.91,10993.2
2025-07-25 08:00:00,117.91,121.41,117.83,121.09,12304.4
2025-07-25 12:00:00,121.08,122.57,117.52,118.81,19114.4
2025-07-25 16:00:00,118.8,120.36,118.35,119.23,7859.8
2025-07-25 20:00:00,119.22,121.71,119.06,120.74,8544.0
2025-07-26 00:00:00,120.72,122.04,120.26,121.51,6887.2
2025-07-26 04:00:00,121.52,121.7,119.78,120.0,5472.5
2025-07-26 08:00:00,120.0,121.4,120.0,120.78,8416.2
2025-07-26 12:00:00,120.77,121.99,120.18,121.51,8196.7
2025-07-26 16:00:00,121.51,123.78,120.56,123.56,11629.3
2025-07-26 20:00:00,123.53,123.7,121.77,122.05,9144.6
2025-07-27 00:00:00,122.06,124.08,121.93,123.89,9273.4
2025-07-27 04:00:00,123.88,126.79,123.71,126.1,12036.4
2025-07-27 08:00:00,126.11,127.27,125.23,126.42,10597.2
2025-07-27 12:00:00,126.42,127.64,126.05,127.55,9777.1
2025-07-27 16:00:00,127.55,128.52,126.8,128.43,10869.5
2025-07-27 20:00:00,128.43,131.8,127.86,131.47,10679.4
2025-07-28 00:00:00,131.48,132.98,130.54,132.97,11970.7
2025-07-28 04:00:00,132.97,133.16,128.95,129.52,18620.1
2025-07-28 08:00:00,129.51,130.27,127.91,128.83,11145.5
2025-07-28 12:00:00,128.82,128.96,123.68,124.1,24665.3
2025-07-28 16:00:00,124.1,124.64,122.53,123.34,20203.4
2025-07-28 20:00:00,123.37,123.57,120.87,121.72,13565.1
2025-07-29 00:00:00,121.77,122.59,119.4,122.22,12716.3
2025-07-29 04:00:00,122.24,125.61,121.71,125.15,10195.1
2025-07-29 08:00:00,125.13,125.23,123.07,123.61,8890.3
2025-07-29 12:00:00,123.62,124.91,119.77,121.12,15455.0
2025-07-29 16:00:00,121.07,121.62,119.56,119.8,12387.7
2025-07-29 20:00:00,119.81,120.55,118.76,120.17,8128.5
2025-07-30 00:00:00,120.18,121.2,118.9,120.31,9815.7
2025-07-30 04:00:00,120.31,120.48,118.12,119.33,7854.1
2025-07-30 08:00:00,119.34,120.04,115.83,116.37,15821.9
2025-07-30 12:00:00,116.36,119.42,115.77,119.16,15317.9
2025-07-30 16:00:00,119.16,119.82,114.5,118.58,20775.1
2025-07-30 20:00:00,118.54,119.82,117.36,119.8,9050.8
2025-07-31 00:00:00,119.79,122.48,119.11,122.1,10137.1
2025-07-31 04:00:00,122.13,122.58,121.43,122.57,7310.7
2025-07-31 08:00:00,122.58,123.21,121.55,121.64,6954.1
2025-07-31 12:00:00,121.65,121.68,116.89,118.91,15732.3
2025-07-31 16:00:00,118.87,120.79,117.37,118.32,13170.0
2025-07-31 20:00:00,118.31,119.09,114.71,115.45,11295.7
2025-08-01 00:00:00,115.45,116.31,113.58,115.58,14350.3
2025-08-01 04:00:00,115.57,115.57,113.23,113.68,12282.0
2025-08-01 08:00:00,113.62,113.7,111.49,112.76,15938.5
2025-08-01 12:00:00,112.76,114.1,110.84,112.74,15875.6
2025-08-01 16:00:00,112.73,113.61,109.81,111.69,18061.1
2025-08-01 20:00:00,111.71,112.11,108.33,110.35,17426.5
2025-08-02 00:00:00,110.35,111.75,109.82,111.4,6497.1
2025-08-02 04:00:00,111.39,111.42,108.47,111.19,13231.2
2025-08-02 08:00:00,111.19,111.2,107.29,108.23,15319.6
2025-08-02 12:00:00,108.23,108.37,106.14,107.32,20159.3
2025-08-02 16:00:00,107.29,108.49,105.65,106.92,16653.6
2025-08-02 20:00:00,106.91,107.36,105.72,106.6,11093.6
2025-08-03 00:00:00,106.62,108.03,105.25,107.95,9185.8
2025-08-03 04:00:00,107.95,108.39,106.89,108.14,7186.9
2025-08-03 08:00:00,108.15,109.99,107.63,109.33,9778.3
2025-08-03 12:00:00,109.34,110.19,108.85,109.64,6750.1
2025-08-03 16:00:00,109.64,110.81,109.27,110.6,6541.6
2025-08-03 20:00:00,110.6,111.57,110.04,110.61,6022.9
2025-08-04 00:00:00,110.62,112.25,110.2,111.09,9066.1
2025-08-04 04:00:00,111.1,111.5,110.48,111.31,4604.6
2025-08-04 08:00:00,111.33,111.65,109.77,109.93,7064.4
2025-08-04 12:00:00,109.95,112.89,109.21,111.57,18794.0
2025-08-04 16:00:00,111.55,112.89,110.08,110.54,12301.3
2025-08-04 20:00:00,110.54,112.38,110.35,112.33,7371.4
2025-08-05 00:00:00,112.33,112.53,110.5,110.57,9073.8
2025-08-05 04:00:00,110.58,110.74,108.26,108.44,11737.7
2025-08-05 08:00:00,108.42,111.05,107.88,110.66,6866.3
2025-08-05 12:00:00,110.66,110.97,107.17,107.48,15609.0
2025-08-05 16:00:00,107.48,108.18,106.64,107.02,11957.4
2025-08-05 20:00:00,107.04,107.53,106.01,107.37,8054.6
2025-08-06 00:00:00,107.36,107.64,105.94,106.4,8162.5
2025-08-06 04:00:00,106.43,108.99,105.89,108.81,8723.5
2025-08-06 08:00:00,108.82,108.95,107.51,107.62,8720.2
2025-08-06 12:00:00,107.64,108.43,106.54,108.23,12912.1
2025-08-06 16:00:00,108.24,109.61,107.9,109.42,9566.3
2025-08-06 20:00:00,109.41,109.42,108.36,108.79,4165.4
2025-08-07 00:00:00,108.78,109.16,107.74,107.95,8925.7
2025-08-07 04:00:00,107.95,109.1,107.86,108.06,5461.5
2025-08-07 08:00:00,108.08,110.74,107.49,110.58,11691.8
2025-08-07 12:00:00,110.58,111.05,109.18,110.52,17227.8
2025-08-07 16:00:00,110.53,110.94,108.61,110.0,19116.4
2025-08-07 20:00:00,110.01,114.33,109.86,114.12,17626.7
2025-08-08 00:00:00,114.13,114.8,112.38,113.92,19805.1
2025-08-08 04:00:00,113.94,114.62,112.6,113.6,13196.7
2025-08-08 08:00:00,113.56,114.58,113.09,114.49,7714.8
2025-08-08 12:00:00,114.49,116.16,113.26,113.92,14480.4
2025-08-08 16:00:00,113.93,116.0,113.13,114.53,12619.6
2025-08-08 20:00:00,114.51,115.23,114.15,114.5,7069.1
2025-08-09 00:00:00,114.52,115.1,113.43,113.84,10654.5
2025-08-09 04:00:00,113.85,117.1,113.36,116.46,10737.5
2025-08-09 08:00:00,116.47,117.18,116.1,116.57,8539.0
2025-08-09 12:00:00,116.56,116.61,114.22,114.84,13884.4
2025-08-09 16:00:00,114.86,116.33,114.86,116.07,9014.8
2025-08-09 20:00:00,116.06,116.52,114.44,114.71,11227.4
2025-08-10 00:00:00,114.71,116.1,114.47,116.02,7849.1
2025-08-10 04:00:00,116.0,116.55,112.5,112.57,9705.4
2025-08-10 08:00:00,112.57,113.52,111.18,112.47,14501.8
2025-08-10 12:00:00,112.48,113.78,111.97,113.45,8358.8
2025-08-10 16:00:00,113.42,115.4,113.27,115.25,8458.3
2025-08-10 20:00:00,115.24,115.47,113.16,113.94,8484.6
2025-08-11 00:00:00,113.94,116.0,113.04,115.25,9601.8
2025-08-11 04:00:00,115.26,115.79,113.11,113.25,7072.6
2025-08-11 08:00:00,113.24,113.41,111.11,111.4,17199.7
2025-08-11 12:00:00,111.37,113.3,110.62,112.34,16811.0
2025-08-11 16:00:00,112.34,113.55,111.23,111.9,15433.3
2025-08-11 20:00:00,111.89,112.03,109.24,109.89,18768.4
2025-08-12 00:00:00,109.9,111.08,109.71,110.06,7379.6
2025-08-12 04:00:00,110.05,110.9,109.43,110.83,8166.7
2025-08-12 08:00:00,110.84,110.86,109.21,110.59,7884.5
2025-08-12 12:00:00,110.52,114.18,109.88,114.15,19687.7
2025-08-12 16:00:00,114.16,115.25,113.3,114.0,13496.3
2025-08-12 20:00:00,114.01,115.08,113.57,114.36,8992.1
2025-08-13 00:00:00,114.34,115.73,113.8,115.51,7154.7
2025-08-13 04:00:00,115.48,116.14,114.22,116.12,8978.1
2025-08-13 08:00:00,116.12,118.09,115.87,117.43,11429.1
2025-08-13 12:00:00,117.44,117.97,114.98,115.69,13864.7
2025-08-13 16:00:00,115.69,116.58,114.43,115.69,10498.9
2025-08-13 20:00:00,115.69,115.79,114.08,115.15,10341.4
2025-08-14 00:00:00,115.14,116.68,113.83,116.27,11624.1
2025-08-14 04:00:00,116.31,116.69,114.61,115.18,10228.2
2025-08-14 08:00:00,115.17,115.29,113.27,113.53,12927.8
2025-08-14 12:00:00,113.54,114.69,109.37,109.84,35787.5
2025-08-14 16:00:00,109.84,109.99,107.52,109.37,19299.5
2025-08-14 20:00:00,109.36,110.38,108.04,110.08,12313.2
2025-08-15 00:00:00,110.09,111.81,109.47,111.74,9337.3
2025-08-15 04:00:00,111.74,112.4,110.83,111.27,9399.3
2025-08-15 08:00:00,111.28,111.98,109.14,109.72,13356.5
2025-08-15 12:00:00,109.75,111.0,106.87,107.65,22158.8
2025-08-15 16:00:00,107.64,109.09,106.83,108.08,16025.3
2025-08-15 20:00:00,108.08,109.54,107.95,108.94,6777.2
2025-08-16 00:00:00,108.94,109.88,108.9,109.45,5462.7
2025-08-16 04:00:00,109.45,110.42,109.1,110.08,5514.3
2025-08-16 08:00:00,110.1,110.28,108.82,109.48,7106.8
2025-08-16 12:00:00,109.48,110.46,108.72,109.44,11526.4
2025-08-16 16:00:00,109.45,109.61,107.79,108.16,11478.9
2025-08-16 20:00:00,108.16,109.02,107.9,108.62,5976.5
2025-08-17 00:00:00,108.63,109.59,107.77,109.44,6686.2
2025-08-17 04:00:00,109.47,110.37,109.38,109.75,7205.6
2025-08-17 08:00:00,109.76,110.63,109.61,110.35,9732.6
2025-08-17 12:00:00,110.36,110.5,108.98,110.11,8943.8
2025-08-17 16:00:00,110.08,110.5,107.65,108.95,13504.6
2025-08-17 20:00:00,108.96,109.93,108.8,109.04,5790.5
2025-08-18 00:00:00,109.04,109.27,106.48,107.2,14170.9
2025-08-18 04:00:00,107.2,107.98,106.26,106.92,12655.6
2025-08-18 08:00:00,106.93,107.36,105.74,106.1,13800.9
2025-08-18 12:00:00,106.1,107.21,105.46,106.66,14154.8
2025-08-18 16:00:00,106.67,107.62,105.44,107.16,10195.4
2025-08-18 20:00:00,107.14,108.6,106.95,107.36,7411.2
2025-08-19 00:00:00,107.37,107.94,105.45,105.83,12442.0
2025-08-19 04:00:00,105.68,106.66,105.12,106.22,8209.8
2025-08-19 08:00:00,106.24,107.1,105.15,106.65,24102.1
2025-08-19 12:00:00,106.66,107.47,104.33,104.68,18523.5
2025-08-19 16:00:00,104.68,104.85,102.79,103.81,18732.9
2025-08-19 20:00:00,103.81,104.77,102.23,102.59,13179.7
2025-08-20 00:00:00,102.59,104.06,102.41,103.57,11393.0
2025-08-20 04:00:00,103.58,104.11,103.27,103.29,6263.1
2025-08-20 08:00:00,103.29,104.11,102.13,102.9,11754.4
2025-08-20 12:00:00,102.91,104.43,101.44,103.8,14397.0
2025-08-20 16:00:00,103.81,106.88,103.81,106.32,15841.7
2025-08-20 20:00:00,106.32,107.01,105.72,106.95,7294.9
2025-08-21 00:00:00,106.96,108.52,106.81,107.12,11104.8
2025-08-21 04:00:00,107.11,107.6,106.63,107.33,7673.3
2025-08-21 08:00:00,107.32,107.53,105.24,105.55,9944.4
2025-08-21 12:00:00,105.55,106.96,105.21,106.09,13221.2
2025-08-21 16:00:00,106.1,108.25,105.88,107.18,16219.8
2025-08-21 20:00:00,107.19,107.34,105.73,106.14,12764.2
2025-08-22 00:00:00,106.15,106.91,105.28,105.99,6710.6
2025-08-22 04:00:00,105.98,106.91,105.76,106.29,6626.3
2025-08-22 08:00:00,106.3,107.27,105.49,105.53,10806.6
2025-08-22 12:00:00,105.52,111.07,103.49,108.68,43567.3
2025-08-22 16:00:00,108.69,110.96,108.68,110.46,28941.9
2025-08-22 20:00:00,110.46,111.34,110.18,110.99,12584.4
2025-08-23 00:00:00,110.98,111.13,107.81,108.63,13717.1
2025-08-23 04:00:00,108.63,110.32,108.54,109.18,9884.1
2025-08-23 08:00:00,109.19,109.59,108.27,108.41,8772.8
2025-08-23 12:00:00,108.42,109.02,108.02,108.6,7939.2
2025-08-23 16:00:00,108.59,109.65,108.25,109.64,5917.1
2025-08-23 20:00:00,109.65,109.67,108.72,109.4,5714.6
2025-08-24 00:00:00,109.4,109.8,105.35,106.43,14690.6
2025-08-24 04:00:00,106.43,107.13,105.66,106.33,9597.4
2025-08-24 08:00:00,106.33,106.68,105.36,105.65,9869.1
2025-08-24 12:00:00,105.66,106.75,105.57,105.95,9025.7
2025-08-24 16:00:00,105.96,110.57,105.2,107.37,34522.7
2025-08-24 20:00:00,107.36,107.4,104.12,105.25,18148.8
2025-08-25 00:00:00,105.26,106.73,103.87,106.03,11943.9
2025-08-25 04:00:00,106.03,106.37,104.19,104.69,13016.5
2025-08-25 08:00:00,104.69,105.43,102.52,103.25,19685.2
2025-08-25 12:00:00,103.27,104.39,102.92,103.3,11244.8
2025-08-25 16:00:00,103.3,103.71,101.38,101.62,11320.9
2025-08-25 20:00:00,101.62,102.0,100.28,101.9,23833.6
2025-08-26 00:00:00,101.91,102.44,100.62,101.77,13021.4
2025-08-26 04:00:00,101.77,103.14,101.77,102.82,10563.1
2025-08-26 08:00:00,102.8,103.75,102.48,103.72,12776.8
2025-08-26 12:00:00,103.73,105.93,103.45,105.0,13682.1
2025-08-26 16:00:00,104.99,107.35,104.72,107.1,12004.4
2025-08-26 20:00:00,107.07,107.62,105.74,105.8,10568.2
2025-08-27 00:00:00,105.81,105.85,104.98,105.74,6678.0
2025-08-27 04:00:00,105.73,106.33,104.59,104.84,5940.5
2025-08-27 08:00:00,104.85,105.77,104.31,105.13,7433.1
2025-08-27 12:00:00,105.12,106.06,104.6,105.66,6834.4
2025-08-27 16:00:00,105.66,105.69,103.93,104.44,8219.4
2025-08-27 20:00:00,104.41,105.39,103.54,103.81,10940.6
2025-08-28 00:00:00,103.82,104.18,103.33,103.65,7016.3
2025-08-28 04:00:00,103.66,105.17,103.6,105.1,11889.8
2025-08-28 08:00:00,105.09,105.7,104.28,104.86,7147.9
2025-08-28 12:00:00,104.87,105.79,104.03,104.39,11726.9
2025-08-28 16:00:00,104.37,104.91,103.28,103.41,14685.2
2025-08-28 20:00:00,103.42,104.68,103.21,104.68,9197.1
2025-08-29 00:00:00,104.68,104.75,103.72,104.61,5923.6
2025-08-29 04:00:00,104.63,104.7,102.4,102.65,8758.0
2025-08-29 08:00:00,102.65,103.42,101.36,102.93,13782.2
2025-08-29 12:00:00,102.93,104.15,101.15,102.01,14029.6
2025-08-29 16:00:00,102.01,102.25,100.69,101.45,13059.7
2025-08-29 20:00:00,101.47,102.35,100.91,102.07,7448.2
2025-08-30 00:00:00,102.07,102.71,100.77,102.71,7655.6
2025-08-30 04:00:00,102.69,104.09,102.68,104.08,5270.8
2025-08-30 08:00:00,104.07,104.13,102.95,103.42,5713.0
2025-08-30 12:00:00,103.41,103.99,102.4,103.72,7176.4
2025-08-30 16:00:00,103.72,103.72,103.0,103.4,4480.0
2025-08-30 20:00:00,103.41,104.69,103.07,104.36,8102.5
2025-08-31 00:00:00,104.36,106.79,104.32,106.13,11284.7
2025-08-31 04:00:00,106.13,106.41,104.82,104.92,5280.4
2025-08-31 08:00:00,104.91,105.59,104.52,105.14,3915.4
2025-08-31 12:00:00,105.16,105.21,103.62,104.68,6932.3
2025-08-31 16:00:00,104.68,104.68,103.87,104.19,5677.2
2025-08-31 20:00:00,104.2,105.03,103.5,103.54,6881.2
2025-09-01 00:00:00,103.53,103.53,100.99,101.62,17058.2
2025-09-01 04:00:00,101.61,102.47,100.5,102.4,13866.0
2025-09-01 08:00:00,102.4,103.3,101.5,101.74,13194.3
2025-09-01 12:00:00,101.75,102.53,101.12,101.31,8051.9
2025-09-01 16:00:00,101.31,101.64,100.0,100.95,10610.6
2025-09-01 20:00:00,100.95,101.09,98.16,100.2,22121.8
2025-09-02 00:00:00,100.21,102.07,99.97,101.66,9643.9
2025-09-02 04:00:00,101.66,102.12,100.92,101.26,7806.6
2025-09-02 08:00:00,101.25,101.65,100.38,100.53,6181.1
2025-09-02 12:00:00,100.54,101.34,99.17,99.78,16234.0
2025-09-02 16:00:00,99.75,100.51,99.59,99.81,6756.9
2025-09-02 20:00:00,99.81,101.26,99.63,100.75,7753.0
2025-09-03 00:00:00,100.76,101.87,100.6,101.55,7564.9
2025-09-03 04:00:00,101.54,101.62,99.98,100.61,8693.7
2025-09-03 08:00:00,100.61,101.66,100.16,101.64,7302.7
2025-09-03 12:00:00,101.64,102.92,101.14,101.8,19751.4
2025-09-03 16:00:00,101.8,101.98,100.66,101.44,8501.1
2025-09-03 20:00:00,101.44,101.84,101.35,101.55,4569.1
2025-09-04 00:00:00,101.57,101.76,100.05,100.41,10306.5
2025-09-04 04:00:00,100.42,100.63,99.41,100.24,8619.6
2025-09-04 08:00:00,100.24,100.94,100.03,100.48,5313.2
2025-09-04 12:00:00,100.47,100.69,99.39,100.15,10433.7
2025-09-04 16:00:00,100.14,101.22,99.95,100.21,8304.4
2025-09-04 20:00:00,100.2,101.36,100.2,100.87,8339.5
2025-09-05 00:00:00,100.87,101.55,100.15,100.5,9954.0
2025-09-05 04:00:00,100.54,103.05,100.48,102.44,13364.5
2025-09-05 08:00:00,102.44,102.74,101.33,101.84,10604.7
2025-09-05 12:00:00,101.85,102.66,101.32,101.59,17031.1
2025-09-05 16:00:00,101.59,102.56,101.06,102.55,10760.5
2025-09-05 20:00:00,102.55,102.91,102.04,102.15,8594.3
2025-09-06 00:00:00,102.16,103.45,102.03,103.4,8741.7
2025-09-06 04:00:00,103.4,103.42,102.54,102.97,8180.5
2025-09-06 08:00:00,102.98,103.05,101.7,102.14,8441.6
2025-09-06 12:00:00,102.14,102.14,101.45,101.54,5779.8
2025-09-06 16:00:00,101.55,102.57,101.43,102.18,8218.4
2025-09-06 20:00:00,102.18,102.47,101.49,101.74,7700.5
2025-09-07 00:00:00,101.74,102.95,101.74,102.56,8265.9
2025-09-07 04:00:00,102.56,103.36,102.5,102.96,5292.1
2025-09-07 08:00:00,102.97,103.41,102.52,103.26,5283.7
2025-09-07 12:00:00,103.24,103.33,102.47,102.78,5920.6
2025-09-07 16:00:00,102.77,103.33,102.28,102.46,6190.3
2025-09-07 20:00:00,102.47,102.59,101.54,102.07,6844.7
2025-09-08 00:00:00,102.06,103.06,101.44,102.85,8423.5
2025-09-08 04:00:00,102.83,103.65,102.46,103.03,11378.6
2025-09-08 08:00:00,103.01,103.82,102.92,103.15,7079.9
2025-09-08 12:00:00,103.16,103.61,100.95,101.77,21261.2
2025-09-08 16:00:00,101.77,102.01,97.14,99.46,72106.6
2025-09-08 20:00:00,99.47,100.81,98.17,98.93,21773.6
2025-09-09 00:00:00,98.93,100.34,98.57,100.04,19072.2
2025-09-09 04:00:00,100.05,101.56,98.14,101.42,28429.2
2025-09-09 08:00:00,101.43,101.82,100.34,100.87,16032.8
2025-09-09 12:00:00,100.89,101.27,98.18,98.71,16264.0
2025-09-09 16:00:00,98.7,99.4,98.03,98.19,13479.7
2025-09-09 20:00:00,98.19,98.41,97.12,97.38,19003.2
2025-09-10 00:00:00,97.39,98.83,97.11,98.73,11124.5
2025-09-10 04:00:00,98.73,99.18,98.34,98.8,10136.7
2025-09-10 08:00:00,98.81,99.51,97.72,99.16,14855.7
2025-09-10 12:00:00,99.15,101.04,98.7,99.46,28763.8
2025-09-10 16:00:00,99.46,100.9,98.99,99.62,14105.0
2025-09-10 20:00:00,99.62,100.69,99.35,100.58,8453.8
2025-09-11 00:00:00,100.59,101.79,100.38,101.71,8710.6
2025-09-11 04:00:00,101.71,101.84,100.77,101.16,16103.2
2025-09-11 08:00:00,101.17,101.77,100.34,100.38,10594.3
2025-09-11 12:00:00,100.38,101.15,98.76,99.31,20397.6
2025-09-11 16:00:00,99.32,100.82,99.16,100.48,11946.6
2025-09-11 20:00:00,100.5,101.21,100.02,100.93,11178.6
2025-09-12 00:00:00,100.94,102.74,100.94,102.56,16098.1
2025-09-12 04:00:00,102.55,103.48,102.16,103.08,13468.9
2025-09-12 08:00:00,103.08,103.14,102.06,102.14,11852.8
2025-09-12 12:00:00,102.15,102.26,101.02,101.28,12203.0
2025-09-12 16:00:00,101.28,104.0,101.17,103.45,18025.1
2025-09-12 20:00:00,103.45,103.57,102.53,102.75,9159.6
2025-09-13 00:00:00,102.76,103.03,102.01,102.92,5878.2
2025-09-13 04:00:00,102.92,103.67,102.53,103.47,8765.9
2025-09-13 08:00:00,103.47,105.26,103.12,105.21,16981.1
2025-09-13 12:00:00,105.21,105.36,103.23,104.23,17297.0
2025-09-13 16:00:00,104.24,105.18,103.23,104.5,14965.1
2025-09-13 20:00:00,104.5,105.03,104.31,104.93,6365.8
2025-09-14 00:00:00,104.93,104.93,103.34,103.86,10688.4
2025-09-14 04:00:00,103.86,105.2,103.35,104.11,9380.8
2025-09-14 08:00:00,104.11,104.38,102.1,102.66,11980.4
2025-09-14 12:00:00,102.65,102.65,101.12,101.94,11586.0
2025-09-14 16:00:00,101.92,103.4,101.62,103.17,8269.3
2025-09-14 20:00:00,103.16,103.46,102.23,102.44,7246.0
2025-09-15 00:00:00,102.43,102.85,101.62,102.64,7409.8
2025-09-15 04:00:00,102.64,104.15,102.06,102.53,12138.2
2025-09-15 08:00:00,102.5,102.53,100.18,100.77,17824.3
2025-09-15 12:00:00,100.75,101.18,99.65,100.05,16319.5
2025-09-15 16:00:00,100.03,100.8,99.13,100.44,16049.2
2025-09-15 20:00:00,100.45,101.42,100.09,100.33,7058.0
2025-09-16 00:00:00,100.32,100.37,99.32,99.57,7286.3
2025-09-16 04:00:00,99.59,101.76,98.68,101.09,15835.5
2025-09-16 08:00:00,101.1,101.62,100.03,100.23,9463.7
2025-09-16 12:00:00,100.23,100.54,99.38,100.28,8281.6
2025-09-16 16:00:00,100.28,101.28,99.85,100.31,10056.4
2025-09-16 20:00:00,100.33,100.41,99.51,99.84,6577.5
2025-09-17 00:00:00,99.86,100.81,99.55,100.46,6710.8
2025-09-17 04:00:00,100.46,101.51,100.21,101.5,6923.6
2025-09-17 08:00:00,101.5,101.6,99.54,99.87,9158.0
2025-09-17 12:00:00,99.87,100.58,99.79,99.86,4890.8
2025-09-17 16:00:00,99.85,100.96,99.21,100.93,14079.3
2025-09-17 20:00:00,100.93,102.38,100.32,102.19,12946.5
2025-09-18 00:00:00,102.18,102.49,100.42,101.0,14030.7
2025-09-18 04:00:00,101.0,101.12,99.39,100.53,13788.8
2025-09-18 08:00:00,100.55,101.45,100.29,101.06,11765.2
2025-09-18 12:00:00,101.07,102.24,100.75,101.18,14237.0
2025-09-18 16:00:00,101.18,103.07,101.03,102.19,16639.7
2025-09-18 20:00:00,102.18,102.52,100.12,100.39,13859.1
2025-09-19 00:00:00,100.4,101.62,99.51,99.54,11843.9
2025-09-19 04:00:00,99.53,99.89,98.03,99.44,15740.6
2025-09-19 08:00:00,99.42,99.58,98.25,98.43,8917.0
2025-09-19 12:00:00,98.45,99.03,97.28,98.2,14500.5
2025-09-19 16:00:00,98.2,100.07,98.11,99.06,15910.5
2025-09-19 20:00:00,99.05,99.43,97.79,98.3,9844.9
2025-09-20 00:00:00,98.31,98.56,97.72,97.75,8472.2
2025-09-20 04:00:00,97.74,100.0,97.55,99.91,10983.9
2025-09-20 08:00:00,99.92,100.04,97.74,98.03,8894.6
2025-09-20 12:00:00,98.01,98.91,97.1,97.98,13718.5
2025-09-20 16:00:00,97.98,98.92,97.87,98.56,8620.1
2025-09-20 20:00:00,98.55,98.77,97.72,97.96,6134.8
2025-09-21 00:00:00,97.95,98.06,97.14,98.01,6899.3
2025-09-21 04:00:00,98.01,99.45,97.77,99.24,9774.0
2025-09-21 08:00:00,99.25,99.39,97.52,97.76,8824.7
2025-09-21 12:00:00,97.76,98.12,96.23,96.91,18533.7
2025-09-21 16:00:00,96.91,98.24,96.47,98.06,13240.8
2025-09-21 20:00:00,98.08,98.12,96.92,97.1,4758.5
2025-09-22 00:00:00,97.08,97.34,95.14,95.55,23164.9
2025-09-22 04:00:00,95.55,96.43,84.46,90.67,67948.3
2025-09-22 08:00:00,90.66,91.32,89.3,91.21,27738.1
2025-09-22 12:00:00,91.21,91.91,90.43,91.15,19356.5
2025-09-22 16:00:00,91.14,92.46,90.6,90.82,16999.4
2025-09-22 20:00:00,90.81,91.1,89.87,90.68,16387.0
2025-09-23 00:00:00,90.68,91.31,89.83,90.74,13928.0
2025-09-23 04:00:00,90.74,92.79,90.27,92.64,19641.6
2025-09-23 08:00:00,92.64,93.04,91.59,91.78,11225.4
2025-09-23 12:00:00,91.76,92.85,91.16,92.79,12671.2
2025-09-23 16:00:00,92.78,94.54,92.08,93.55,20304.9
2025-09-23 20:00:00,93.53,94.03,91.83,92.47,12170.3
2025-09-24 00:00:00,92.47,94.4,92.11,93.74,14369.7
2025-09-24 04:00:00,93.73,99.37,93.25,98.5,48696.8
2025-09-24 08:00:00,98.5,98.57,97.01,97.9,21312.2
2025-09-24 12:00:00,97.9,98.02,96.07,96.95,13181.8
2025-09-24 16:00:00,96.95,98.83,96.55,98.35,14495.7
2025-09-24 20:00:00,98.36,98.64,96.2,96.61,12588.5
2025-09-25 00:00:00,96.62,97.07,93.18,93.7,20030.4
2025-09-25 04:00:00,93.67,93.98,91.78,91.82,23548.4
2025-09-25 08:00:00,91.84,92.2,89.99,90.07,23178.7
2025-09-25 12:00:00,90.07,91.41,88.84,90.98,27744.5
2025-09-25 16:00:00,90.99,91.11,88.11,89.0,33613.2
2025-09-25 20:00:00,89.01,89.24,86.33,86.66,26345.9
2025-09-26 00:00:00,86.66,87.79,86.06,86.69,25163.4
2025-09-26 04:00:00,86.69,87.41,86.37,87.33,11386.6
2025-09-26 08:00:00,87.34,96.04,87.29,89.65,274213.3
2025-09-26 12:00:00,89.65,91.25,88.4,90.05,43533.5
2025-09-26 16:00:00,90.04,94.2,90.04,92.93,29044.6
2025-09-26 20:00:00,92.94,95.56,92.73,95.45,19756.2
2025-09-27 00:00:00,95.47,95.53,92.02,92.08,21120.9
2025-09-27 04:00:00,92.08,93.98,92.07,93.45,13220.6
2025-09-27 08:00:00,93.44,95.75,92.27,95.37,22200.2
2025-09-27 12:00:00,95.37,97.93,94.89,97.72,29101.5
2025-09-27 16:00:00,97.72,98.0,95.67,96.49,28967.1
2025-09-27 20:00:00,96.51,102.08,96.1,99.88,42262.3
2025-09-28 00:00:00,99.9,100.69,98.07,100.47,19072.9
2025-09-28 04:00:00,100.47,100.91,97.82,97.91,27389.2
2025-09-28 08:00:00,97.91,98.09,95.78,96.11,21263.5
2025-09-28 12:00:00,96.12,98.06,95.89,97.23,15185.3
2025-09-28 16:00:00,97.23,100.51,97.18,100.23,22548.6
2025-09-28 20:00:00,100.24,101.21,99.87,100.18,16173.7
2025-09-29 00:00:00,100.21,101.87,99.84,101.31,15836.6
2025-09-29 04:00:00,101.33,102.3,100.92,102.06,16955.2
2025-09-29 08:00:00,102.07,103.52,101.35,101.54,28649.3
2025-09-29 12:00:00,101.53,105.88,101.19,105.56,39140.1
2025-09-29 16:00:00,105.55,105.76,102.43,103.96,39150.6
2025-09-29 20:00:00,103.96,104.64,103.02,103.37,12464.5
2025-09-30 00:00:00,103.36,105.99,103.02,104.67,19113.9
2025-09-30 04:00:00,104.68,105.83,102.5,102.89,23612.9
2025-09-30 08:00:00,102.9,103.34,100.72,101.99,21605.4
2025-09-30 12:00:00,101.99,103.06,100.38,100.49,19083.6
2025-09-30 16:00:00,100.5,101.67,100.0,101.61,29669.0
2025-09-30 20:00:00,101.59,102.29,100.34,100.87,16120.4
2025-10-01 00:00:00,100.86,101.16,99.33,99.51,14093.8
2025-10-01 04:00:00,99.5,101.33,99.43,101.2,16918.7
2025-10-01 08:00:00,101.19,103.35,100.69,102.31,23180.1
2025-10-01 12:00:00,102.29,103.56,101.9,103.16,19265.2
2025-10-01 16:00:00,103.16,105.64,103.16,104.46,21624.3
2025-10-01 20:00:00,104.48,104.81,103.48,104.28,13360.6
2025-10-02 00:00:00,104.28,107.32,104.2,107.06,16288.9
2025-10-02 04:00:00,107.06,109.78,107.06,109.4,23671.7
2025-10-02 08:00:00,109.4,110.24,108.35,108.4,22427.8
2025-10-02 12:00:00,108.39,109.1,105.02,105.69,22223.4
2025-10-02 16:00:00,105.67,107.99,105.22,107.22,19995.7
2025-10-02 20:00:00,107.23,107.59,106.19,106.59,9284.7
2025-10-03 00:00:00,106.59,106.62,105.78,106.2,9316.9
2025-10-03 04:00:00,106.2,107.47,106.09,106.28,12528.2
2025-10-03 08:00:00,106.27,106.58,105.29,105.52,9812.2
2025-10-03 12:00:00,105.54,105.85,103.93,105.33,16163.8
2025-10-03 16:00:00,105.31,107.33,104.31,106.84,27215.2
2025-10-03 20:00:00,106.86,106.87,105.54,105.72,8208.1
2025-10-04 00:00:00,105.75,105.99,104.68,105.19,7786.3
2025-10-04 04:00:00,105.19,107.42,104.99,106.83,13498.6
2025-10-04 08:00:00,106.8,107.14,104.03,104.46,11096.7
2025-10-04 12:00:00,104.46,104.92,102.53,102.57,10187.0
2025-10-04 16:00:00,102.56,103.74,102.05,103.74,11520.5
2025-10-04 20:00:00,103.75,104.02,102.64,102.71,5842.8
2025-10-05 00:00:00,102.73,104.28,102.39,103.87,10624.8
2025-10-05 04:00:00,103.84,105.49,103.67,105.47,12250.1
2025-10-05 08:00:00,105.44,106.2,102.55,103.2,19530.1
2025-10-05 12:00:00,103.19,103.37,102.24,103.27,14471.5
2025-10-05 16:00:00,103.27,104.43,102.2,102.25,14739.4
2025-10-05 20:00:00,102.27,102.5,101.53,102.03,8418.0
2025-10-06 00:00:00,102.03,102.72,101.01,101.75,14931.9
2025-10-06 04:00:00,101.75,104.16,101.03,103.69,16065.3
2025-10-06 08:00:00,103.69,104.59,102.96,104.33,13687.6
2025-10-06 12:00:00,104.32,105.64,103.56,105.23,11937.6
2025-10-06 16:00:00,105.22,106.03,104.54,105.34,15825.4
2025-10-06 20:00:00,105.34,106.18,104.95,105.24,15633.8
2025-10-07 00:00:00,105.25,106.48,105.04,106.44,11669.2
2025-10-07 04:00:00,106.45,106.99,104.93,105.34,12266.7
2025-10-07 08:00:00,105.36,105.41,103.76,104.02,14004.5
2025-10-07 12:00:00,104.02,104.1,100.3,100.94,30425.8
2025-10-07 16:00:00,100.94,102.29,100.05,102.0,19759.7
2025-10-07 20:00:00,102.01,102.44,100.28,100.62,13921.0
2025-10-08 00:00:00,100.61,101.59,100.59,101.03,14280.6
2025-10-08 04:00:00,101.04,102.99,100.61,102.35,16140.4
2025-10-08 08:00:00,102.34,103.24,101.0,101.03,20728.9
2025-10-08 12:00:00,101.05,101.73,99.76,100.17,17933.7
2025-10-08 16:00:00,100.18,103.25,100.0,102.9,19814.1
2025-10-08 20:00:00,102.91,103.36,101.75,102.22,9410.3
2025-10-09 00:00:00,102.22,102.43,100.65,101.51,9576.1
2025-10-09 04:00:00,101.52,103.19,101.47,102.43,14867.1
2025-10-09 08:00:00,102.43,102.99,100.66,101.64,19269.1
2025-10-09 12:00:00,101.65,102.39,100.12,100.39,17274.7
2025-10-09 16:00:00,100.37,101.15,99.0,100.63,20890.7
2025-10-09 20:00:00,100.63,101.18,99.99,100.83,11223.0
2025-10-10 00:00:00,100.82,100.94,99.74,100.54,9216.6
2025-10-10 04:00:00,100.54,101.51,100.4,100.5,13076.3
2025-10-10 08:00:00,100.51,101.08,99.69,100.79,11283.8
2025-10-10 12:00:00,100.78,101.11,95.79,98.12,29190.9
2025-10-10 16:00:00,98.14,99.36,96.87,97.2,33269.3
2025-10-10 20:00:00,97.21,98.1,65.0,84.74,165844.1
2025-10-11 00:00:00,84.78,87.74,81.97,86.69,70598.5
2025-10-11 04:00:00,86.62,92.13,86.02,88.77,40580.0
2025-10-11 08:00:00,88.76,90.79,87.46,88.7,25813.3
2025-10-11 12:00:00,88.7,90.23,86.7,89.36,29768.3
2025-10-11 16:00:00,89.37,92.58,86.66,87.23,35025.3
2025-10-11 20:00:00,87.23,88.99,84.73,87.75,20734.7
2025-10-12 00:00:00,87.75,87.93,85.01,87.15,19745.0
2025-10-12 04:00:00,87.21,88.29,86.98,87.74,10621.5
2025-10-12 08:00:00,87.75,88.95,86.51,86.99,14877.3
2025-10-12 12:00:00,87.0,90.4,86.2,89.9,29646.4
2025-10-12 16:00:00,89.91,93.5,89.6,93.39,23257.7
2025-10-12 20:00:00,93.39,93.39,89.83,91.22,22814.2
2025-10-13 00:00:00,91.2,91.36,88.83,89.23,14697.6
2025-10-13 04:00:00,89.25,92.51,88.82,91.35,14980.4
2025-10-13 08:00:00,91.38,92.55,88.89,89.85,19226.3
2025-10-13 12:00:00,89.84,92.96,89.07,91.92,28926.4
2025-10-13 16:00:00,91.92,94.15,90.62,93.7,28762.9
2025-10-13 20:00:00,93.72,93.96,91.41,91.85,16381.0
2025-10-14 00:00:00,91.83,92.25,89.21,89.57,10631.6
2025-10-14 04:00:00,89.54,89.82,84.96,86.31,27237.0
2025-10-14 08:00:00,86.31,87.65,83.99,86.85,24478.1
2025-10-14 12:00:00,86.86,88.8,84.7,88.68,29446.5
2025-10-14 16:00:00,88.69,90.7,87.79,89.41,27132.2
2025-10-14 20:00:00,89.45,90.19,88.42,89.75,10396.0
2025-10-15 00:00:00,89.77,90.32,88.6,89.02,8208.5
2025-10-15 04:00:00,89.03,90.76,88.6,90.06,11850.5
2025-10-15 08:00:00,90.07,92.18,89.21,89.74,20127.2
2025-10-15 12:00:00,89.72,90.05,86.94,87.29,21427.9
2025-10-15 16:00:00,87.36,88.81,86.63,87.71,15589.9
2025-10-15 20:00:00,87.75,88.0,85.99,86.92,12388.8
2025-10-16 00:00:00,86.93,88.32,86.67,87.73,11955.8
2025-10-16 04:00:00,87.72,88.49,86.98,88.2,10726.2
2025-10-16 08:00:00,88.2,89.0,85.95,88.59,12458.8
2025-10-16 12:00:00,88.61,88.91,84.96,85.22,14375.2
2025-10-16 16:00:00,85.21,87.94,83.21,83.5,36841.0
2025-10-16 20:00:00,83.53,84.37,82.34,83.54,12729.7
2025-10-17 00:00:00,83.54,83.54,81.88,82.43,19113.6
2025-10-17 04:00:00,82.45,83.1,79.1,79.24,25630.2
2025-10-17 08:00:00,79.26,81.73,77.48,81.35,35060.2
2025-10-17 12:00:00,81.35,82.17,79.36,81.06,23079.2
2025-10-17 16:00:00,81.07,83.29,80.99,82.24,16020.3
2025-10-17 20:00:00,82.25,82.66,81.25,81.7,9085.8
2025-10-18 00:00:00,81.71,84.99,81.6,83.4,17788.1
2025-10-18 04:00:00,83.4,85.09,83.08,84.49,10802.9
2025-10-18 08:00:00,84.48,85.16,84.11,84.44,7859.4
2025-10-18 12:00:00,84.44,85.26,83.08,83.36,9865.9
2025-10-18 16:00:00,83.36,83.74,82.89,83.54,10297.2
2025-10-18 20:00:00,83.52,85.12,83.42,84.53,8049.2
2025-10-19 00:00:00,84.54,85.04,83.53,84.22,8097.4
2025-10-19 04:00:00,84.22,84.25,82.89,83.21,5904.7
2025-10-19 08:00:00,83.21,85.91,82.29,82.93,20491.2
2025-10-19 12:00:00,82.93,84.29,81.56,83.9,25480.0
2025-10-19 16:00:00,83.93,85.43,83.49,84.27,13147.2
2025-10-19 20:00:00,84.27,85.04,83.9,84.18,6774.6
2025-10-20 00:00:00,84.17,85.34,82.8,85.01,11993.9
2025-10-20 04:00:00,85.01,86.88,84.91,86.48,9809.3
2025-10-20 08:00:00,86.47,87.49,85.61,86.47,14735.2
2025-10-20 12:00:00,86.47,86.66,85.71,85.9,8151.3
2025-10-20 16:00:00,85.9,85.9,83.39,84.62,20653.1
2025-10-20 20:00:00,84.6,85.06,84.37,84.81,7350.8
2025-10-21 00:00:00,84.83,85.46,82.04,82.28,12110.7
2025-10-21 04:00:00,82.28,82.62,81.2,82.15,14204.8
2025-10-21 08:00:00,82.13,82.57,81.1,82.44,8828.6
2025-10-21 12:00:00,82.41,85.36,80.55,84.99,22464.4
2025-10-21 16:00:00,84.98,85.28,82.77,83.6,13164.3
2025-10-21 20:00:00,83.62,83.78,81.3,81.74,12454.8
2025-10-22 00:00:00,81.73,82.04,80.65,81.18,11548.8
2025-10-22 04:00:00,81.17,82.04,80.76,81.47,7367.2
2025-10-22 08:00:00,81.47,81.63,80.01,81.23,11560.3
2025-10-22 12:00:00,81.22,81.73,80.09,80.93,11952.1
2025-10-22 16:00:00,80.93,81.36,79.98,80.73,12190.9
2025-10-22 20:00:00,80.73,80.94,79.06,80.74,15867.0
2025-10-23 00:00:00,80.76,81.12,79.94,80.23,8062.1
2025-10-23 04:00:00,80.22,81.79,80.13,81.35,7127.9
2025-10-23 08:00:00,81.37,81.67,80.59,80.75,4433.1
2025-10-23 12:00:00,80.75,81.63,80.02,81.42,13590.2
2025-10-23 16:00:00,81.41,82.23,81.1,81.73,7266.1
2025-10-23 20:00:00,81.72,82.82,81.36,82.82,6002.2
2025-10-24 00:00:00,82.82,82.84,80.01,80.79,24847.4
2025-10-24 04:00:00,80.8,82.68,80.46,81.98,21008.6
2025-10-24 08:00:00,81.97,82.48,81.8,82.23,10554.2
2025-10-24 12:00:00,82.24,84.3,80.93,81.34,25675.7
2025-10-24 16:00:00,81.35,81.75,80.49,81.13,10573.8
2025-10-24 20:00:00,81.13,81.92,81.03,81.9,8561.0
2025-10-25 00:00:00,81.89,81.93,80.75,80.85,12244.8
2025-10-25 04:00:00,80.85,80.99,80.26,80.68,6801.6
2025-10-25 08:00:00,80.69,80.81,80.12,80.6,6476.9
2025-10-25 12:00:00,80.6,81.1,80.33,80.73,8790.4
2025-10-25 16:00:00,80.73,81.7,80.72,81.57,5119.0
2025-10-25 20:00:00,81.57,82.12,81.43,81.87,5723.3
2025-10-26 00:00:00,81.88,82.32,81.41,81.45,8500.8
2025-10-26 04:00:00,81.47,82.65,81.44,82.61,4898.5
2025-10-26 08:00:00,82.62,83.94,82.6,83.89,15531.4
2025-10-26 12:00:00,83.9,84.44,83.53,84.32,8906.0
2025-10-26 16:00:00,84.32,84.49,82.92,83.06,11341.0
2025-10-26 20:00:00,83.07,84.99,82.5,84.01,13761.0
2025-10-27 00:00:00,84.01,85.49,83.41,83.82,16453.8
2025-10-27 04:00:00,83.82,84.64,83.22,83.52,14223.8
2025-10-27 08:00:00,83.52,83.65,82.22,82.92,27604.8
2025-10-27 12:00:00,82.92,84.53,82.71,83.22,16817.1
2025-10-27 16:00:00,83.22,84.37,82.47,82.73,13822.4
2025-10-27 20:00:00,82.73,82.79,80.71,81.23,23070.9
2025-10-28 00:00:00,81.23,81.89,80.83,81.21,10905.1
2025-10-28 04:00:00,81.19,82.06,80.67,81.71,10319.7
2025-10-28 08:00:00,81.7,82.41,81.5,81.57,17551.0
2025-10-28 12:00:00,81.56,82.69,80.63,81.86,21419.6
2025-10-28 16:00:00,81.87,82.16,80.28,80.37,17447.9
2025-10-28 20:00:00,80.34,81.03,79.24,80.56,16399.7
2025-10-29 00:00:00,80.57,80.95,78.8,78.96,15837.1
2025-10-29 04:00:00,78.96,80.07,78.94,79.55,9039.4
2025-10-29 08:00:00,79.56,80.78,78.97,80.22,14998.4
2025-10-29 12:00:00,80.26,80.48,78.84,79.3,12436.0
2025-10-29 16:00:00,79.3,80.99,78.43,80.23,28259.5
2025-10-29 20:00:00,80.25,81.14,79.84,81.09,23007.0
2025-10-30 00:00:00,81.09,82.21,80.65,81.73,13923.8
2025-10-30 04:00:00,81.71,81.88,79.57,81.27,15928.6
2025-10-30 08:00:00,81.27,81.44,79.8,79.89,9705.8
2025-10-30 12:00:00,79.89,80.15,78.39,78.74,21604.5
2025-10-30 16:00:00,78.74,79.31,76.73,76.9,23855.4
2025-10-30 20:00:00,76.9,78.57,76.64,78.52,12580.6
2025-10-31 00:00:00,78.52,79.6,78.36,79.46,10585.8
2025-10-31 04:00:00,79.47,81.72,79.45,80.47,19397.4
2025-10-31 08:00:00,80.48,81.73,80.32,81.69,11176.5
2025-10-31 12:00:00,81.68,81.91,79.32,79.49,22961.4
2025-10-31 16:00:00,79.48,79.96,77.93,79.77,19091.7
2025-10-31 20:00:00,79.76,79.99,78.98,79.8,6785.0
2025-11-01 00:00:00,79.81,80.15,78.53,79.54,9775.1
2025-11-01 04:00:00,79.54,80.24,79.2,80.14,4967.5
2025-11-01 08:00:00,80.14,80.8,79.87,80.32,14709.9
2025-11-01 12:00:00,80.33,80.61,79.44,80.03,12222.9
2025-11-01 16:00:00,80.03,80.29,79.64,80.14,11485.2
2025-11-01 20:00:00,80.15,80.35,79.33,79.95,8770.1
2025-11-02 00:00:00,79.96,80.64,79.48,79.54,10539.6
2025-11-02 04:00:00,79.54,79.77,78.95,79.31,18014.2
2025-11-02 08:00:00,79.34,79.46,78.51,78.84,14340.3
2025-11-02 12:00:00,78.83,79.05,77.66,78.54,13974.6
2025-11-02 16:00:00,78.53,79.64,77.98,79.01,12790.4
2025-11-02 20:00:00,79.01,79.99,78.76,79.77,7243.8
2025-11-03 00:00:00,79.78,79.82,76.95,77.04,14076.4
2025-11-03 04:00:00,77.04,77.55,76.4,77.05,20326.5
2025-11-03 08:00:00,77.04,77.34,75.46,76.41,23308.7
2025-11-03 12:00:00,76.41,76.88,70.85,73.78,39264.2
2025-11-03 16:00:00,73.79,75.65,73.28,73.59,25594.2
2025-11-03 20:00:00,73.6,74.3,72.37,73.84,17309.1
2025-11-04 00:00:00,73.85,75.46,73.24,75.3,14649.3
2025-11-04 04:00:00,75.3,75.48,72.34,72.52,23859.4
2025-11-04 08:00:00,72.52,73.87,72.16,73.8,15552.8
2025-11-04 12:00:00,73.79,75.26,73.09,73.95,18550.5
2025-11-04 16:00:00,73.95,74.38,70.01,70.86,32706.5
2025-11-04 20:00:00,70.87,73.06,68.55,72.63,37529.3
2025-11-05 00:00:00,72.63,72.96,69.96,72.65,20735.4
2025-11-05 04:00:00,72.65,73.84,72.59,73.62,8624.0
2025-11-05 08:00:00,73.62,76.34,72.3,75.66,34040.9
2025-11-05 12:00:00,75.66,87.64,74.72,85.28,124449.1
2025-11-05 16:00:00,85.28,87.61,83.18,84.16,82905.3
2025-11-05 20:00:00,84.16,86.66,83.32,86.03,37375.4
2025-11-06 00:00:00,86.03,86.72,83.64,85.94,35538.7
2025-11-06 04:00:00,85.93,88.87,84.64,88.07,62473.6
2025-11-06 08:00:00,88.07,88.21,84.01,84.73,47343.6
2025-11-06 12:00:00,84.73,84.85,82.0,83.06,47649.4
2025-11-06 16:00:00,83.08,83.47,81.31,81.73,27265.2
2025-11-06 20:00:00,81.73,82.37,80.61,81.37,27198.6
2025-11-07 00:00:00,81.36,83.79,80.84,83.55,22853.9
2025-11-07 04:00:00,83.55,84.42,83.01,83.61,19677.4
2025-11-07 08:00:00,83.59,84.14,80.22,81.24,23242.0
2025-11-07 12:00:00,81.23,82.26,80.05,81.45,30131.3
2025-11-07 16:00:00,81.45,90.01,80.8,89.45,65104.0
2025-11-07 20:00:00,89.44,91.99,87.5,87.68,27967.4
2025-11-08 00:00:00,87.67,89.13,86.12,86.17,20667.6
2025-11-08 04:00:00,86.19,86.94,84.81,85.95,14421.2
2025-11-08 08:00:00,85.94,86.62,84.8,85.57,12874.1
2025-11-08 12:00:00,85.57,85.85,82.84,83.15,16139.9
2025-11-08 16:00:00,83.16,85.47,82.64,84.09,17117.7
2025-11-08 20:00:00,84.09,84.52,83.43,84.35,6188.6
2025-11-09 00:00:00,84.36,84.47,81.13,81.19,12925.1
2025-11-09 04:00:00,81.2,83.32,81.03,82.59,11126.0
2025-11-09 08:00:00,82.62,83.84,82.09,82.92,12804.7
2025-11-09 12:00:00,82.92,85.54,82.09,84.6,15438.0
2025-11-09 16:00:00,84.6,85.57,83.88,85.56,12574.8
2025-11-09 20:00:00,85.57,85.9,82.87,83.5,11442.1
2025-11-10 00:00:00,83.5,86.41,83.07,85.15,14281.7
2025-11-10 04:00:00,85.14,86.01,84.67,85.81,7032.7
2025-11-10 08:00:00,85.82,87.78,84.8,87.11,14337.3
2025-11-10 12:00:00,87.13,87.18,82.93,83.93,19948.1
2025-11-10 16:00:00,83.94,84.35,83.0,83.43,7741.3
2025-11-10 20:00:00,83.42,84.49,82.52,84.22,13818.8
2025-11-11 00:00:00,84.23,85.67,83.65,85.0,9231.7
2025-11-11 04:00:00,84.99,85.32,83.41,84.17,10234.1
2025-11-11 08:00:00,84.16,84.49,83.35,83.54,9322.8
2025-11-11 12:00:00,83.53,86.48,82.8,86.27,15127.8
2025-11-11 16:00:00,86.28,87.38,83.52,83.52,24952.9
2025-11-11 20:00:00,83.54,83.8,82.24,82.36,12437.3
2025-11-12 00:00:00,82.37,83.44,81.87,82.57,12430.5
2025-11-12 04:00:00,82.57,83.41,82.4,82.7,7465.4
2025-11-12 08:00:00,82.71,83.93,82.58,83.13,10768.6
2025-11-12 12:00:00,83.12,84.05,81.38,81.58,15482.1
2025-11-12 16:00:00,81.58,81.62,79.52,80.11,20096.3
2025-11-12 20:00:00,80.1,81.92,79.81,81.82,13554.0
2025-11-13 00:00:00,81.82,83.65,81.39,83.06,14379.2
2025-11-13 04:00:00,83.06,89.0,82.8,88.09,33580.9
2025-11-13 08:00:00,88.08,92.85,87.31,88.16,106993.0
2025-11-13 12:00:00,88.17,90.81,87.57,89.12,75012.9
2025-11-13 16:00:00,89.11,91.88,85.04,87.62,147190.8
2025-11-13 20:00:00,87.62,92.6,86.87,90.76,94376.6
2025-11-14 00:00:00,90.71,94.26,89.62,90.53,101963.6
2025-11-14 04:00:00,90.54,91.28,87.17,90.54,65075.6
2025-11-14 08:00:00,90.54,90.57,84.74,85.11,43089.2
2025-11-14 12:00:00,85.1,87.33,83.55,85.07,49034.6
2025-11-14 16:00:00,85.07,87.08,84.21,86.84,41817.2
2025-11-14 20:00:00,86.85,87.1,80.92,81.18,39880.2
2025-11-15 00:00:00,81.16,83.82,80.96,82.68,30910.4
2025-11-15 04:00:00,82.69,82.93,81.11,81.46,17304.8
2025-11-15 08:00:00,81.47,82.35,80.44,80.97,22765.9
2025-11-15 12:00:00,80.97,85.16,80.72,82.88,25310.7
2025-11-15 16:00:00,82.89,83.66,81.45,82.27,32865.1
2025-11-15 20:00:00,82.28,84.63,82.18,83.86,13760.0
2025-11-16 00:00:00,83.87,87.45,81.9,84.8,28321.2
2025-11-16 04:00:00,84.81,87.49,84.44,85.41,24772.1
2025-11-16 08:00:00,85.41,85.73,83.87,84.29,18815.3
2025-11-16 12:00:00,84.29,85.25,83.01,83.23,17240.7
2025-11-16 16:00:00,83.22,83.23,80.36,80.68,40069.5
2025-11-16 20:00:00,80.68,82.1,80.02,81.71,26538.6
2025-11-17 00:00:00,81.71,82.25,80.37,82.16,17868.1
2025-11-17 04:00:00,82.17,83.36,81.52,83.1,13768.3
2025-11-17 08:00:00,83.1,83.7,82.16,82.92,18964.5
2025-11-17 12:00:00,82.91,84.72,80.95,83.4,30495.6
2025-11-17 16:00:00,83.41,83.42,78.5,78.7,44312.8
2025-11-17 20:00:00,78.7,80.38,78.55,79.42,21607.8
2025-11-18 00:00:00,79.41,79.64,76.06,77.62,27041.6
2025-11-18 04:00:00,77.63,77.92,75.49,76.84,25417.7
2025-11-18 08:00:00,76.85,78.09,76.7,77.88,30287.0
2025-11-18 12:00:00,77.88,79.45,77.48,79.2,19558.7
2025-11-18 16:00:00,79.22,81.08,78.99,80.25,21951.5
2025-11-18 20:00:00,80.25,82.44,79.68,81.27,19023.4
2025-11-19 00:00:00,81.26,81.32,79.72,80.05,15647.9
2025-11-19 04:00:00,80.05,80.42,77.92,78.88,25594.3
2025-11-19 08:00:00,78.89,80.15,78.8,79.22,18578.3
2025-11-19 12:00:00,79.21,80.34,77.49,77.53,18586.2
2025-11-19 16:00:00,77.53,77.83,74.27,74.88,28715.0
2025-11-19 20:00:00,74.87,78.11,74.52,77.26,18271.7
2025-11-20 00:00:00,77.25,78.51,76.66,77.7,12346.4
2025-11-20 04:00:00,77.7,78.55,76.51,77.46,20795.2
2025-11-20 08:00:00,77.46,78.59,76.76,78.33,13492.0
2025-11-20 12:00:00,78.33,79.11,76.22,76.68,21506.3
2025-11-20 16:00:00,76.68,76.82,72.67,75.82,44483.1
2025-11-20 20:00:00,75.82,76.38,74.25,74.76,16979.4
2025-11-21 00:00:00,74.75,75.94,73.86,74.62,11246.7
2025-11-21 04:00:00,74.62,75.19,69.69,72.01,36205.7
2025-11-21 08:00:00,72.02,73.26,71.03,71.17,32182.0
2025-11-21 12:00:00,71.16,72.48,69.16,70.49,44031.5
2025-11-21 16:00:00,70.49,72.57,69.31,70.84,38123.3
2025-11-21 20:00:00,70.83,72.98,69.75,71.5,21615.5
2025-11-22 00:00:00,71.5,73.53,71.43,72.49,18365.6
2025-11-22 04:00:00,72.5,73.61,71.42,72.37,23251.8
2025-11-22 08:00:00,72.37,74.35,71.64,73.45,28958.4
2025-11-22 12:00:00,73.45,75.44,72.05,75.1,32507.0
2025-11-22 16:00:00,75.11,76.8,73.82,74.93,46390.2
2025-11-22 20:00:00,74.92,75.95,74.01,74.12,14749.4
2025-11-23 00:00:00,74.12,77.4,73.94,77.35,31167.2
2025-11-23 04:00:00,77.35,78.0,75.6,77.08,31692.7
2025-11-23 08:00:00,77.08,77.71,75.73,76.64,30621.0
2025-11-23 12:00:00,76.65,78.44,76.26,78.42,19727.9
2025-11-23 16:00:00,78.42,79.77,77.15,78.06,23177.1
2025-11-23 20:00:00,78.06,78.66,77.32,77.75,12958.2
2025-11-24 00:00:00,77.76,79.23,76.81,77.88,16103.0
2025-11-24 04:00:00,77.89,78.13,76.59,77.56,32267.3
2025-11-24 08:00:00,77.55,77.92,76.35,77.09,12099.9
2025-11-24 12:00:00,77.09,78.8,76.72,78.67,18911.1
2025-11-24 16:00:00,78.67,80.16,78.67,79.25,23779.3
2025-11-24 20:00:00,79.25,79.89,78.61,79.09,14111.7
2025-11-25 00:00:00,79.08,81.18,78.55,79.79,17384.9
2025-11-25 04:00:00,79.8,81.07,79.55,79.63,13915.0
2025-11-25 08:00:00,79.63,82.85,79.63,82.65,21432.8
2025-11-25 12:00:00,82.66,88.08,82.44,87.48,65685.8
2025-11-25 16:00:00,87.49,88.5,84.88,85.65,45615.8
2025-11-25 20:00:00,85.64,89.69,85.09,88.53,46598.1
2025-11-26 00:00:00,88.52,90.3,87.69,87.85,45472.1
2025-11-26 04:00:00,87.86,88.3,85.58,86.21,50886.3
2025-11-26 08:00:00,86.2,87.32,84.8,85.1,29693.0
2025-11-26 12:00:00,85.07,85.5,83.53,83.9,24284.7
2025-11-26 16:00:00,83.9,86.28,83.89,85.7,38315.6
2025-11-26 20:00:00,85.68,85.75,84.05,84.57,16054.8
2025-11-27 00:00:00,84.56,85.65,83.99,84.24,22227.1
2025-11-27 04:00:00,84.24,85.06,82.87,82.98,43627.6
2025-11-27 08:00:00,82.97,85.16,82.67,84.54,31035.0
2025-11-27 12:00:00,84.54,85.46,83.94,84.9,26780.1
2025-11-27 16:00:00,84.91,85.13,83.89,84.02,10911.3
2025-11-27 20:00:00,84.01,84.03,82.67,83.34,10130.5
2025-11-28 00:00:00,83.34,84.94,83.15,84.38,27197.2
2025-11-28 04:00:00,84.39,84.78,83.92,84.07,16543.2
2025-11-28 08:00:00,84.07,85.25,83.56,84.29,16272.8
2025-11-28 12:00:00,84.29,98.8,84.06,98.47,112908.7
2025-11-28 16:00:00,98.47,99.72,91.29,92.13,148160.8
2025-11-28 20:00:00,92.13,95.32,90.85,93.64,66873.0
2025-11-29 00:00:00,93.6,97.26,93.58,95.35,67400.2
2025-11-29 04:00:00,95.34,95.45,92.62,92.95,46775.5
2025-11-29 08:00:00,92.95,95.47,90.93,94.6,62780.0
2025-11-29 12:00:00,94.6,97.5,93.22,96.86,73372.2
2025-11-29 16:00:00,96.84,98.43,94.71,96.19,67241.8
2025-11-29 20:00:00,96.21,96.21,94.52,95.38,25285.7
2025-11-30 00:00:00,95.39,101.75,94.98,101.65,90377.3
2025-11-30 04:00:00,101.64,103.41,98.1,102.97,83336.5
2025-11-30 08:00:00,102.96,106.63,102.54,105.42,145399.7
2025-11-30 12:00:00,105.42,108.0,104.0,104.39,108253.4
2025-11-30 16:00:00,104.39,106.35,103.51,105.19,54327.1
2025-11-30 20:00:00,105.2,106.19,101.61,101.75,51645.4
2025-12-01 00:00:00,101.77,102.31,93.33,93.53,112633.3
2025-12-01 04:00:00,93.54,94.73,92.36,93.25,62793.8
2025-12-01 08:00:00,93.25,95.26,92.2,92.85,38158.6
2025-12-01 12:00:00,92.84,95.5,92.24,94.74,52202.2
2025-12-01 16:00:00,94.74,95.98,92.88,93.94,56799.5
2025-12-01 20:00:00,93.93,102.62,93.45,100.87,65001.6
2025-12-02 00:00:00,100.86,101.56,96.7,97.04,52699.7
2025-12-02 04:00:00,97.03,99.97,96.14,99.35,35220.7
2025-12-02 08:00:00,99.34,99.53,97.6,99.23,27347.8
2025-12-02 12:00:00,99.23,103.24,98.44,100.8,57163.0
2025-12-02 16:00:00,100.8,101.16,97.82,98.04,49109.5
2025-12-02 20:00:00,98.05,98.65,96.5,96.95,30691.6
2025-12-03 00:00:00,96.96,98.37,96.26,97.19,29127.5
2025-12-03 04:00:00,97.18,97.72,94.21,95.37,31829.4
2025-12-03 08:00:00,95.38,96.78,94.62,95.07,23088.5
2025-12-03 12:00:00,95.08,97.9,94.95,95.61,35056.7
2025-12-03 16:00:00,95.62,96.03,93.57,95.53,33010.3
2025-12-03 20:00:00,95.54,97.18,94.65,94.78,24235.7
2025-12-04 00:00:00,94.78,96.88,94.66,96.56,20020.8
2025-12-04 04:00:00,96.55,96.77,94.09,96.1,19187.3
2025-12-04 08:00:00,96.11,96.27,93.72,94.03,15494.5
2025-12-04 12:00:00,94.04,94.84,91.4,93.44,35509.6
2025-12-04 16:00:00,93.44,93.87,91.59,92.96,19926.6
2025-12-04 20:00:00,92.97,93.58,92.1,93.01,19898.3
2025-12-05 00:00:00,93.01,96.75,92.81,95.74,27812.0
2025-12-05 04:00:00,95.75,96.0,92.08,92.63,32031.4
2025-12-05 08:00:00,92.63,93.44,90.94,92.24,34806.4
2025-12-05 12:00:00,92.24,95.47,91.61,92.79,33475.8
2025-12-05 16:00:00,92.78,93.09,89.48,91.21,32801.4
2025-12-05 20:00:00,91.21,91.27,89.92,90.29,20177.4
2025-12-06 00:00:00,90.3,91.37,90.09,90.81,13346.8
2025-12-06 04:00:00,90.82,90.91,89.39,89.9,13180.2
2025-12-06 08:00:00,89.9,90.09,89.36,89.57,11319.2
2025-12-06 12:00:00,89.57,92.22,89.51,90.93,21498.3
2025-12-06 16:00:00,90.91,91.2,88.51,89.54,20107.9
2025-12-06 20:00:00,89.54,90.29,89.21,89.65,12129.7
2025-12-07 00:00:00,89.64,90.49,89.41,90.23,17526.6
2025-12-07 04:00:00,90.21,90.55,89.47,89.7,9394.3
2025-12-07 08:00:00,89.7,90.17,88.92,89.3,9567.4
2025-12-07 12:00:00,89.31,90.21,87.77,89.41,27768.5
2025-12-07 16:00:00,89.4,90.95,87.72,89.75,32637.7
2025-12-07 20:00:00,89.74,89.89,86.11,87.33,30452.8
2025-12-08 00:00:00,87.34,89.6,87.09,89.3,19788.4
2025-12-08 04:00:00,89.29,90.5,88.72,90.14,17935.8
2025-12-08 08:00:00,90.15,91.81,89.45,89.85,17556.3
2025-12-08 12:00:00,89.83,90.35,87.91,88.52,33421.7
2025-12-08 16:00:00,88.51,89.23,87.79,88.34,15732.9
2025-12-08 20:00:00,88.34,89.12,87.97,88.47,11106.7
2025-12-09 00:00:00,88.46,88.71,87.22,87.46,17140.3
2025-12-09 04:00:00,87.47,87.74,86.24,86.57,21489.9
2025-12-09 08:00:00,86.59,87.11,85.5,87.06,14909.3
2025-12-09 12:00:00,87.08,88.82,86.14,88.42,20237.0
2025-12-09 16:00:00,88.41,90.29,86.75,86.91,39880.2
2025-12-09 20:00:00,86.92,87.56,85.84,87.43,19570.6
2025-12-10 00:00:00,87.43,87.81,86.22,86.94,24501.8
2025-12-10 04:00:00,86.94,87.21,86.07,86.33,12807.7
2025-12-10 08:00:00,86.34,86.59,84.69,85.13,17696.0
2025-12-10 12:00:00,85.13,85.78,84.98,85.13,13525.0
2025-12-10 16:00:00,85.14,86.06,84.32,85.44,21989.9
2025-12-10 20:00:00,85.44,86.75,83.7,84.0,23516.1
2025-12-11 00:00:00,84.0,84.6,82.48,83.46,25931.4
2025-12-11 04:00:00,83.47,83.5,82.62,82.89,15949.3
2025-12-11 08:00:00,82.89,83.23,81.72,81.92,15654.0
2025-12-11 12:00:00,81.91,83.43,81.7,82.19,19981.3
2025-12-11 16:00:00,82.18,82.46,80.92,81.72,20468.1
2025-12-11 20:00:00,81.72,81.76,79.6,80.56,37559.1
2025-12-12 00:00:00,80.55,82.04,80.12,81.6,16957.2
2025-12-12 04:00:00,81.6,82.74,81.47,82.67,13286.2
2025-12-12 08:00:00,82.68,82.7,81.29,81.86,12614.8
2025-12-12 12:00:00,81.87,84.03,81.32,83.0,30047.2
2025-12-12 16:00:00,82.99,83.91,81.84,82.28,28780.1
2025-12-12 20:00:00,82.27,82.62,81.62,81.85,17179.9
2025-12-13 00:00:00,81.84,82.67,81.61,82.08,18059.2
2025-12-13 04:00:00,82.09,82.38,81.31,81.94,10061.5
2025-12-13 08:00:00,81.95,82.62,80.73,80.9,16061.7
2025-12-13 12:00:00,80.9,82.16,78.36,79.58,37093.1
2025-12-13 16:00:00,79.58,80.29,78.95,80.12,17501.4
2025-12-13 20:00:00,80.13,80.55,79.36,80.47,8062.4
2025-12-14 00:00:00,80.48,80.93,79.7,80.43,13300.5
2025-12-14 04:00:00,80.43,80.83,79.35,79.97,15519.9
2025-12-14 08:00:00,79.98,80.21,78.52,78.88,15515.8
2025-12-14 12:00:00,78.87,80.23,78.03,78.42,18435.6
2025-12-14 16:00:00,78.43,79.0,77.12,77.3,18938.3
2025-12-14 20:00:00,77.3,77.73,75.8,76.74,15983.2
2025-12-15 00:00:00,76.75,78.47,76.72,77.88,15620.4
2025-12-15 04:00:00,77.89,78.12,77.3,77.54,8881.5
2025-12-15 08:00:00,77.51,78.0,76.8,76.93,11640.5
2025-12-15 12:00:00,76.93,78.06,75.09,76.65,26492.7
2025-12-15 16:00:00,76.62,76.62,74.35,75.61,24369.8
2025-12-15 20:00:00,75.6,75.6,74.23,75.21,14923.3
2025-12-16 00:00:00,75.21,75.38,73.94,74.44,12766.1
2025-12-16 04:00:00,74.44,75.45,73.41,74.75,11957.0
2025-12-16 08:00:00,74.75,76.03,74.61,75.93,9349.2
2025-12-16 12:00:00,75.92,76.49,74.99,76.21,19262.0
2025-12-16 16:00:00,76.22,76.38,74.91,75.71,11519.2
2025-12-16 20:00:00,75.71,78.51,75.5,78.21,13309.5
2025-12-17 00:00:00,78.21,78.21,76.76,77.9,20282.6
2025-12-17 04:00:00,77.9,78.48,77.22,78.15,10529.6
2025-12-17 08:00:00,78.15,78.23,76.73,77.22,17168.2
2025-12-17 12:00:00,77.22,79.82,76.99,77.53,31097.3
2025-12-17 16:00:00,77.53,78.29,75.24,75.78,27152.7
2025-12-17 20:00:00,75.77,75.98,74.38,74.52,15765.6
2025-12-18 00:00:00,74.53,74.89,73.84,74.16,9257.9
2025-12-18 04:00:00,74.17,74.7,73.23,73.64,16924.7
2025-12-18 08:00:00,73.64,73.93,72.94,73.14,13251.5
2025-12-18 12:00:00,73.14,75.67,73.14,74.39,24932.5
2025-12-18 16:00:00,74.4,74.42,70.83,70.94,25523.8
2025-12-18 20:00:00,70.93,72.46,70.88,72.1,10861.6
2025-12-19 00:00:00,72.11,74.51,71.68,73.53,18356.4
2025-12-19 04:00:00,73.54,74.41,72.81,74.28,9798.9
2025-12-19 08:00:00,74.29,74.77,73.8,74.7,8809.7
2025-12-19 12:00:00,74.71,75.4,73.7,74.05,12147.2
2025-12-19 16:00:00,74.05,74.79,73.02,74.15,21312.4
2025-12-19 20:00:00,74.15,75.13,73.74,74.26,23627.0
2025-12-20 00:00:00,74.25,74.35,73.69,73.76,9939.4
2025-12-20 04:00:00,73.76,74.27,73.22,73.84,10207.3
2025-12-20 08:00:00,73.83,74.26,73.66,74.25,5475.2
2025-12-20 12:00:00,74.25,74.78,73.93,74.35,7890.1
2025-12-20 16:00:00,74.35,75.3,74.06,75.11,22122.8
2025-12-20 20:00:00,75.11,76.29,74.94,75.47,16193.6
2025-12-21 00:00:00,75.48,76.1,75.28,75.76,15299.9
2025-12-21 04:00:00,75.75,77.62,75.39,77.23,24137.7
2025-12-21 08:00:00,77.22,79.04,77.13,78.33,22470.1
2025-12-21 12:00:00,78.33,78.38,76.08,76.84,25072.8
2025-12-21 16:00:00,76.84,77.14,75.69,76.72,10176.8
2025-12-21 20:00:00,76.74,77.2,76.02,77.02,7977.8
2025-12-22 00:00:00,77.03,78.39,76.51,77.3,26202.3
2025-12-22 04:00:00,77.31,77.63,76.42,76.64,13338.3
2025-12-22 08:00:00,76.64,77.28,76.44,77.16,7594.7
2025-12-22 12:00:00,77.16,77.49,76.35,77.01,10299.2
2025-12-22 16:00:00,77.02,77.08,74.79,75.03,13648.5
2025-12-22 20:00:00,75.03,75.31,74.43,74.89,11726.1
2025-12-23 00:00:00,74.9,75.48,74.58,75.08,6977.7
2025-12-23 04:00:00,75.08,75.16,73.73,74.4,8196.6
2025-12-23 08:00:00,74.39,74.91,74.34,74.62,5165.8
2025-12-23 12:00:00,74.63,74.72,73.64,74.36,8774.5
2025-12-23 16:00:00,74.35,76.56,74.22,75.97,12040.6
2025-12-23 20:00:00,75.97,76.68,75.14,75.27,7673.0
2025-12-24 00:00:00,75.26,76.21,74.03,74.55,24292.5
2025-12-24 04:00:00,74.55,74.89,73.83,73.87,6052.6
2025-12-24 08:00:00,73.87,74.16,73.56,73.9,6115.5
2025-12-24 12:00:00,73.9,74.17,73.02,73.67,7649.3
2025-12-24 16:00:00,73.67,74.17,73.22,73.61,9166.0
2025-12-24 20:00:00,73.62,74.14,73.45,73.76,10167.8
2025-12-25 00:00:00,73.75,74.36,73.63,74.31,5830.5
2025-12-25 04:00:00,74.31,74.43,73.91,74.17,4696.9
2025-12-25 08:00:00,74.17,74.62,73.61,73.68,9697.9
2025-12-25 12:00:00,73.68,73.94,73.12,73.83,7225.6
2025-12-25 16:00:00,73.84,74.23,73.58,73.89,6352.9
2025-12-25 20:00:00,73.9,73.96,71.92,72.2,10655.1
2025-12-26 00:00:00,72.2,74.52,71.94,73.77,16384.1
2025-12-26 04:00:00,73.78,73.87,72.95,73.02,6141.6
2025-12-26 08:00:00,73.03,73.17,72.61,72.88,5225.7
2025-12-26 12:00:00,72.88,73.44,72.25,73.1,10372.3
2025-12-26 16:00:00,73.09,73.16,72.26,72.29,9315.4
2025-12-26 20:00:00,72.29,72.57,72.0,72.23,5915.7
2025-12-27 00:00:00,72.24,72.36,71.27,71.87,9682.3
2025-12-27 04:00:00,71.86,71.95,71.22,71.39,8003.8
2025-12-27 08:00:00,71.39,71.82,70.96,71.47,8777.8
2025-12-27 12:00:00,71.48,72.33,71.26,72.24,9373.0
2025-12-27 16:00:00,72.24,74.07,72.19,73.93,14017.7
2025-12-27 20:00:00,73.93,74.71,73.41,74.67,8901.7
2025-12-28 00:00:00,74.66,74.95,74.2,74.71,8760.1
2025-12-28 04:00:00,74.71,74.81,73.86,74.07,7626.9
2025-12-28 08:00:00,74.07,74.12,73.6,73.96,5589.3
2025-12-28 12:00:00,73.97,73.98,73.23,73.43,7744.3
2025-12-28 16:00:00,73.44,73.89,72.48,72.64,8191.0
2025-12-28 20:00:00,72.64,73.12,71.67,73.12,8567.4
2025-12-29 00:00:00,73.11,74.39,72.7,74.02,10559.8
2025-12-29 04:00:00,74.02,74.15,72.9,73.38,7307.6
2025-12-29 08:00:00,73.37,73.39,71.82,71.89,11593.9
2025-12-29 12:00:00,71.89,72.0,70.02,71.17,36450.0
2025-12-29 16:00:00,71.17,71.5,70.69,70.82,9281.3
2025-12-29 20:00:00,70.8,71.02,70.39,70.56,7477.7
2025-12-30 00:00:00,70.55,70.83,69.55,70.31,16288.0
2025-12-30 04:00:00,70.3,71.12,70.08,70.95,12357.4
2025-12-30 08:00:00,70.95,72.31,70.92,71.73,16996.3
2025-12-30 12:00:00,71.72,71.82,71.02,71.25,10247.6
2025-12-30 16:00:00,71.26,71.43,70.41,70.54,8446.8
2025-12-30 20:00:00,70.54,70.55,69.78,70.26,11402.4
2025-12-31 00:00:00,70.25,70.45,69.16,69.86,15233.4
2025-12-31 04:00:00,69.87,70.75,69.83,70.67,10865.7
2025-12-31 08:00:00,70.68,70.9,70.09,70.76,13375.8
2025-12-31 12:00:00,70.78,71.1,69.63,69.9,10917.8
2025-12-31 16:00:00,69.91,70.57,68.79,69.01,24129.4
2025-12-31 20:00:00,69.01,69.77,68.79,69.47,10264.0
2026-01-01 00:00:00,69.47,69.66,67.7,67.75,15107.0
2026-01-01 04:00:00,67.75,69.32,67.07,69.29,13749.8
2026-01-01 08:00:00,69.28,71.84,69.09,71.5,14723.8
2026-01-01 12:00:00,71.5,73.12,70.82,72.9,16108.0
2026-01-01 16:00:00,72.89,73.83,72.09,73.74,13244.4
2026-01-01 20:00:00,73.75,75.64,73.51,75.63,12165.9
2026-01-02 00:00:00,75.63,77.38,74.47,77.15,14206.9
2026-01-02 04:00:00,77.15,77.8,75.93,76.82,17132.5
2026-01-02 08:00:00,76.82,77.3,76.3,76.74,9674.3
2026-01-02 12:00:00,76.73,77.54,75.77,76.79,19690.7
2026-01-02 16:00:00,76.78,78.98,76.54,78.83,19645.6
2026-01-02 20:00:00,78.82,79.34,78.42,79.13,14471.4
2026-01-03 00:00:00,79.11,81.97,79.01,81.83,18487.0
2026-01-03 04:00:00,81.82,82.0,79.53,79.55,12235.1
2026-01-03 08:00:00,79.54,80.09,78.66,78.73,13184.5
2026-01-03 12:00:00,78.72,80.41,78.7,79.21,12568.6
2026-01-03 16:00:00,79.21,79.91,79.18,79.45,5853.8
2026-01-03 20:00:00,79.46,79.7,78.95,79.33,6065.3
2026-01-04 00:00:00,79.32,80.1,79.26,79.72,9725.2
2026-01-04 04:00:00,79.74,80.64,79.12,79.68,14566.0
2026-01-04 08:00:00,79.69,80.21,79.34,79.65,8745.7
2026-01-04 12:00:00,79.64,80.1,79.09,79.67,7964.9
2026-01-04 16:00:00,79.66,80.09,78.05,78.46,12507.0
2026-01-04 20:00:00,78.46,78.87,77.32,77.82,10228.6
2026-01-05 00:00:00,77.81,79.43,77.8,78.95,15259.3
2026-01-05 04:00:00,78.94,78.96,77.63,78.24,11230.5
2026-01-05 08:00:00,78.23,78.55,77.18,78.04,8969.9
2026-01-05 12:00:00,78.05,78.39,76.67,78.1,11705.8
2026-01-05 16:00:00,78.1,79.08,76.88,78.69,18007.9
2026-01-05 20:00:00,78.69,80.32,78.58,79.09,13662.6
2026-01-06 00:00:00,79.08,79.93,78.39,79.17,15619.7
2026-01-06 04:00:00,79.17,79.64,77.86,78.27,13355.7
2026-01-06 08:00:00,78.28,79.54,78.05,79.25,8159.3
2026-01-06 12:00:00,79.25,80.29,78.51,79.27,17319.8
2026-01-06 16:00:00,79.26,79.96,76.04,76.85,24180.4
2026-01-06 20:00:00,76.85,79.27,76.85,79.21,10761.2
2026-01-07 00:00:00,79.21,79.62,77.53,78.27,10344.0
2026-01-07 04:00:00,78.28,78.4,77.34,78.06,7873.1
2026-01-07 08:00:00,78.07,78.4,76.2,76.4,12380.2
2026-01-07 12:00:00,76.4,76.58,74.63,75.21,20068.9
2026-01-07 16:00:00,75.22,76.22,74.73,75.48,16719.0
2026-01-07 20:00:00,75.48,75.6,74.73,75.38,10863.9
2026-01-08 00:00:00,75.38,76.19,75.07,75.74,10611.4
2026-01-08 04:00:00,75.74,76.4,74.56,75.66,10777.4
2026-01-08 08:00:00,75.66,76.0,73.86,74.48,12370.6
2026-01-08 12:00:00,74.49,75.26,73.3,75.06,15849.6
2026-01-08 16:00:00,75.07,76.13,74.63,75.23,15116.8
2026-01-08 20:00:00,75.22,75.54,74.42,74.78,7266.6
2026-01-09 00:00:00,74.78,75.1,74.04,74.79,10587.9
2026-01-09 04:00:00,74.79,75.75,74.41,75.28,12913.1
2026-01-09 08:00:00,75.29,75.35,73.84,74.64,8127.7
2026-01-09 12:00:00,74.65,75.68,73.55,74.73,13239.0
2026-01-09 16:00:00,74.74,75.74,74.27,74.45,15266.1
2026-01-09 20:00:00,74.44,75.19,74.19,75.09,5341.5
2026-01-10 00:00:00,75.09,75.09,73.89,74.17,6935.6
2026-01-10 04:00:00,74.16,74.38,73.77,74.37,7542.8
2026-01-10 08:00:00,74.37,74.7,74.34,74.48,6514.9
2026-01-10 12:00:00,74.48,75.02,74.29,74.45,7155.3
2026-01-10 16:00:00,74.45,75.05,74.23,74.58,6157.4
2026-01-10 20:00:00,74.57,74.8,73.83,74.18,6454.7
2026-01-11 00:00:00,74.19,75.07,74.05,74.76,8732.9
2026-01-11 04:00:00,74.77,76.43,74.7,75.94,9621.8
2026-01-11 08:00:00,75.95,76.34,75.66,75.89,7241.9
2026-01-11 12:00:00,75.9,77.05,75.55,75.74,14042.6
2026-01-11 16:00:00,75.74,76.07,75.06,75.28,7573.7
2026-01-11 20:00:00,75.27,75.27,73.68,74.41,8841.3
2026-01-12 00:00:00,74.42,75.49,73.55,74.59,11741.5
2026-01-12 04:00:00,74.6,75.2,73.37,73.39,10767.5
2026-01-12 08:00:00,73.39,73.71,72.24,72.63,13600.6
2026-01-12 12:00:00,72.63,73.67,71.94,73.54,12493.1
2026-01-12 16:00:00,73.54,73.82,72.57,73.61,9491.7
2026-01-12 20:00:00,73.62,73.91,72.39,72.43,11789.8
2026-01-13 00:00:00,72.44,72.8,72.09,72.61,7648.3
2026-01-13 04:00:00,72.62,73.13,72.16,72.56,11540.9
2026-01-13 08:00:00,72.56,74.28,72.42,74.14,18356.9
2026-01-13 12:00:00,74.13,75.49,73.98,75.49,12780.3
2026-01-13 16:00:00,75.49,76.41,74.62,75.62,20947.2
2026-01-13 20:00:00,75.62,78.71,75.11,77.01,17867.8
2026-01-14 00:00:00,77.01,77.64,76.32,76.65,9496.8
2026-01-14 04:00:00,76.65,76.84,75.27,75.48,12431.6
2026-01-14 08:00:00,75.47,76.21,74.75,74.93,9433.8
2026-01-14 12:00:00,74.92,76.41,74.58,75.27,15475.7
2026-01-14 16:00:00,75.27,76.17,73.18,74.57,26757.1
2026-01-14 20:00:00,74.56,75.03,74.0,74.59,9485.2
2026-01-15 00:00:00,74.59,74.68,72.54,72.68,12537.5
2026-01-15 04:00:00,72.67,73.96,72.6,73.79,7888.0
2026-01-15 08:00:00,73.79,75.8,73.62,75.72,10748.4
2026-01-15 12:00:00,75.72,76.21,74.27,75.4,18647.1
2026-01-15 16:00:00,75.39,76.07,72.98,73.19,12158.6
2026-01-15 20:00:00,73.2,73.71,72.66,73.52,7199.2
2026-01-16 00:00:00,73.53,74.07,73.09,73.73,8473.9
2026-01-16 04:00:00,73.73,74.32,73.29,74.08,6597.5
2026-01-16 08:00:00,74.07,74.32,73.54,73.82,7222.8
2026-01-16 12:00:00,73.82,73.92,72.06,72.25,10437.6
2026-01-16 16:00:00,72.24,73.12,72.14,73.09,9358.5
2026-01-16 20:00:00,73.1,79.76,72.89,78.38,39987.1
2026-01-17 00:00:00,78.37,80.02,78.26,79.78,33212.8
2026-01-17 04:00:00,79.77,84.04,79.19,83.95,55617.3
2026-01-17 08:00:00,83.95,86.46,82.27,82.35,124539.1
2026-01-17 12:00:00,82.36,83.7,79.89,80.48,51891.1
2026-01-17 16:00:00,80.47,85.5,79.91,83.16,58512.3
2026-01-17 20:00:00,83.16,85.37,83.16,84.37,30147.6
2026-01-18 00:00:00,84.37,85.02,80.72,81.09,28786.0
2026-01-18 04:00:00,81.09,82.47,79.95,82.02,24892.5
2026-01-18 08:00:00,82.01,82.04,80.07,80.76,14692.7
2026-01-18 12:00:00,80.76,81.4,80.43,80.99,11421.2
2026-01-18 16:00:00,80.98,83.67,80.63,82.37,27514.8
2026-01-18 20:00:00,82.37,82.99,79.1,79.22,17044.7
2026-01-19 00:00:00,79.2,79.2,76.51,77.31,55748.7
2026-01-19 04:00:00,77.3,82.67,76.55,82.51,52427.1
2026-01-19 08:00:00,82.51,84.29,80.41,81.81,47537.0
2026-01-19 12:00:00,81.83,84.71,79.35,79.7,48260.6
2026-01-19 16:00:00,79.71,87.88,79.43,84.17,77716.0
2026-01-19 20:00:00,84.17,85.71,81.38,82.2,30560.0
2026-01-20 00:00:00,82.2,85.78,81.99,82.2,35579.7
2026-01-20 04:00:00,82.21,83.57,80.35,81.15,29468.9
2026-01-20 08:00:00,81.15,81.73,79.94,81.53,21443.5
2026-01-20 12:00:00,81.52,81.91,78.8,79.2,22738.1
2026-01-20 16:00:00,79.21,79.74,77.5,78.11,18461.5
2026-01-20 20:00:00,78.1,78.57,76.32,76.43,14598.4
2026-01-21 00:00:00,76.42,78.77,76.32,77.9,13669.1
2026-01-21 04:00:00,77.9,78.5,77.22,77.99,15091.8
2026-01-21 08:00:00,77.98,78.95,77.46,78.26,14311.2
2026-01-21 12:00:00,78.26,80.35,76.89,79.76,23333.4
2026-01-21 16:00:00,79.75,80.25,76.62,79.75,29121.3
2026-01-21 20:00:00,79.76,82.74,78.8,80.39,28539.2
2026-01-22 00:00:00,80.39,80.75,79.08,79.83,16367.5
2026-01-22 04:00:00,79.83,80.79,78.79,80.37,12804.2
2026-01-22 08:00:00,80.36,81.91,79.78,79.78,12948.8
2026-01-22 12:00:00,79.78,81.33,79.73,80.84,16759.1
2026-01-22 16:00:00,80.83,81.93,79.79,80.12,15226.8
2026-01-22 20:00:00,80.11,81.97,79.33,81.91,10244.8
2026-01-23 00:00:00,81.9,82.69,80.75,81.76,10781.1
2026-01-23 04:00:00,81.75,81.83,79.63,80.13,10277.2
2026-01-23 08:00:00,80.08,80.13,79.08,79.83,11490.5
2026-01-23 12:00:00,79.83,80.44,78.16,79.64,13439.6
2026-01-23 16:00:00,79.64,81.09,78.72,78.94,17036.0
2026-01-23 20:00:00,78.92,79.89,78.42,79.43,8645.3
2026-01-24 00:00:00,79.43,80.05,79.32,79.68,6274.6
2026-01-24 04:00:00,79.67,79.86,79.2,79.26,5171.3
2026-01-24 08:00:00,79.25,79.85,78.97,79.46,5449.1
2026-01-24 12:00:00,79.46,79.57,78.25,78.26,6642.6
2026-01-24 16:00:00,78.28,78.96,77.84,78.54,8675.2
2026-01-24 20:00:00,78.55,79.33,78.51,78.93,4759.7
2026-01-25 00:00:00,78.93,79.2,77.41,77.52,6566.2
2026-01-25 04:00:00,77.51,77.82,76.08,76.2,18066.9
2026-01-25 08:00:00,76.2,76.66,75.63,76.19,9203.7
2026-01-25 12:00:00,76.18,76.48,75.68,76.18,8382.6
2026-01-25 16:00:00,76.16,76.25,72.53,72.9,21494.9
2026-01-25 20:00:00,72.89,73.84,72.79,73.36,13077.6
2026-01-26 00:00:00,73.36,75.35,72.74,74.85,16188.2
2026-01-26 04:00:00,74.85,76.05,74.72,75.67,10792.0
2026-01-26 08:00:00,75.67,76.48,75.43,75.51,9452.3
2026-01-26 12:00:00,75.52,76.21,74.05,74.88,14651.5
2026-01-26 16:00:00,74.89,77.48,73.41,73.59,72873.8
2026-01-26 20:00:00,73.59,75.15,72.87,74.55,14286.4
2026-01-27 00:00:00,74.54,74.94,74.18,74.36,7084.2
2026-01-27 04:00:00,74.36,74.58,73.04,73.25,8657.8
2026-01-27 08:00:00,73.24,73.57,72.95,73.13,11283.6
2026-01-27 12:00:00,73.13,73.91,72.95,73.83,13461.1
2026-01-27 16:00:00,73.83,78.58,73.81,78.15,49811.9
2026-01-27 20:00:00,78.14,82.73,78.11,82.17,30061.8
2026-01-28 00:00:00,82.16,82.44,79.22,79.59,35489.2
2026-01-28 04:00:00,79.57,80.58,79.12,79.49,15853.4
2026-01-28 08:00:00,79.49,80.05,79.1,79.75,12558.3
2026-01-28 12:00:00,79.74,79.85,77.27,77.3,15694.1
2026-01-28 16:00:00,77.32,77.83,76.83,77.3,14912.1
2026-01-28 20:00:00,77.29,77.81,76.8,77.26,11659.5
2026-01-29 00:00:00,77.27,77.4,74.66,75.09,15434.1
2026-01-29 04:00:00,75.1,76.35,74.6,75.74,11354.9
2026-01-29 08:00:00,75.74,75.8,73.87,74.47,14212.7
2026-01-29 12:00:00,74.47,74.69,71.45,72.22,24400.6
2026-01-29 16:00:00,72.23,73.42,71.08,72.34,26935.6
2026-01-29 20:00:00,72.35,72.78,71.99,72.43,9773.1
2026-01-30 00:00:00,72.44,72.71,69.91,71.23,17082.3
2026-01-30 04:00:00,71.23,71.55,70.3,71.17,12145.1
2026-01-30 08:00:00,71.19,72.09,70.65,71.99,9123.5
2026-01-30 12:00:00,71.99,72.05,69.04,70.32,20600.8
2026-01-30 16:00:00,70.32,72.35,69.82,72.08,18351.1
2026-01-30 20:00:00,72.09,72.18,69.55,69.98,14317.5
2026-01-31 00:00:00,69.98,70.11,68.65,68.89,9613.6
2026-01-31 04:00:00,68.88,69.78,68.6,69.16,8812.0
2026-01-31 08:00:00,69.15,69.15,67.66,67.98,13918.5
2026-01-31 12:00:00,67.98,68.91,65.75,66.0,33540.2
2026-01-31 16:00:00,66.0,67.16,63.22,66.65,55439.8
2026-01-31 20:00:00,66.63,68.97,66.18,68.89,21646.7
2026-02-01 00:00:00,68.89,70.94,68.7,70.29,22507.3
2026-02-01 04:00:00,70.27,70.79,69.53,70.25,21910.1
2026-02-01 08:00:00,70.24,71.27,69.06,70.33,18864.6
2026-02-01 12:00:00,70.34,70.57,67.08,67.78,22738.2
2026-02-01 16:00:00,67.79,69.33,67.29,67.76,22063.4
2026-02-01 20:00:00,67.75,68.99,66.56,67.98,21844.5
2026-02-02 00:00:00,67.99,69.42,65.59,67.46,24721.3
2026-02-02 04:00:00,67.47,68.21,65.52,66.49,19721.9
2026-02-02 08:00:00,66.5,68.26,66.45,67.56,17715.9
2026-02-02 12:00:00,67.57,69.96,67.08,69.76,27815.8
2026-02-02 16:00:00,69.75,70.02,68.47,68.77,17699.6
2026-02-02 20:00:00,68.76,68.82,67.7,68.15,12870.1
2026-02-03 00:00:00,68.15,68.26,66.48,67.81,12501.0
2026-02-03 04:00:00,67.81,68.58,67.31,68.09,10566.2
2026-02-03 08:00:00,68.09,68.68,66.9,67.41,11324.9
2026-02-03 12:00:00,67.42,68.07,66.25,67.71,16993.5
2026-02-03 16:00:00,67.72,67.72,63.56,65.92,33228.5
2026-02-03 20:00:00,65.92,68.32,65.35,65.89,16804.3
2026-02-04 00:00:00,65.89,67.67,65.7,67.33,13269.6
2026-02-04 04:00:00,67.33,67.9,66.92,67.68,9873.3
2026-02-04 08:00:00,67.67,67.73,66.35,67.01,9168.2
2026-02-04 12:00:00,67.04,67.34,64.76,65.4,17941.8
2026-02-04 16:00:00,65.41,66.8,64.39,66.69,22984.0
2026-02-04 20:00:00,66.68,66.99,65.12,66.19,14218.6
2026-02-05 00:00:00,66.18,66.42,63.83,63.9,17005.6
2026-02-05 04:00:00,63.92,64.3,62.06,62.1,17884.1
2026-02-05 08:00:00,62.1,63.47,60.41,60.9,20931.1
2026-02-05 12:00:00,60.91,62.44,59.99,60.38,43820.6
2026-02-05 16:00:00,60.38,61.98,58.87,59.11,37582.0
2026-02-05 20:00:00,59.11,59.5,55.44,56.68,67486.0
2026-02-06 00:00:00,56.67,58.91,53.27,57.89,47222.9
2026-02-06 04:00:00,57.89,62.82,57.6,61.56,30468.0
2026-02-06 08:00:00,61.57,65.73,60.41,65.01,40110.2
2026-02-06 12:00:00,65.0,67.85,64.62,65.44,77268.1
2026-02-06 16:00:00,65.45,68.15,65.1,66.37,37490.1
2026-02-06 20:00:00,66.37,66.4,64.56,65.7,19315.0
2026-02-07 00:00:00,65.71,65.71,63.76,64.93,18341.7
2026-02-07 04:00:00,64.95,65.67,62.74,63.2,23077.9
2026-02-07 08:00:00,63.21,63.8,62.38,63.03,15179.4
2026-02-07 12:00:00,63.04,65.64,62.73,63.5,25652.1
2026-02-07 16:00:00,63.53,64.76,62.9,64.08,24248.1
2026-02-07 20:00:00,64.09,65.55,63.89,65.42,10746.7
2026-02-08 00:00:00,65.42,66.17,64.79,65.54,11431.6
2026-02-08 04:00:00,65.53,67.73,65.47,66.86,20497.1
2026-02-08 08:00:00,66.84,68.34,65.87,67.79,17823.3
2026-02-08 12:00:00,67.8,67.82,66.7,67.14,12685.4
2026-02-08 16:00:00,67.13,67.56,65.3,67.49,15210.8
2026-02-08 20:00:00,67.49,67.66,65.7,65.8,14798.0
2026-02-09 00:00:00,65.81,66.55,65.23,66.31,11318.6
2026-02-09 04:00:00,66.3,66.7,65.14,66.2,9285.0
2026-02-09 08:00:00,66.2,66.27,64.85,65.44,15798.4
2026-02-09 12:00:00,65.44,67.97,64.99,67.76,17185.0
2026-02-09 16:00:00,67.76,70.33,66.34,70.16,27022.7
2026-02-09 20:00:00,70.14,71.17,68.53,69.76,19371.3
2026-02-10 00:00:00,69.75,70.54,68.6,68.74,17298.6
2026-02-10 04:00:00,68.73,69.35,66.99,67.93,13831.9
2026-02-10 08:00:00,67.93,69.24,67.6,68.43,14389.8
2026-02-10 12:00:00,68.42,70.89,68.04,70.41,21707.0
2026-02-10 16:00:00,70.39,70.84,67.89,69.84,18757.5
2026-02-10 20:00:00,69.84,69.84,68.38,68.93,11708.2
2026-02-11 00:00:00,68.93,70.46,68.79,70.04,13432.7
2026-02-11 04:00:00,70.05,70.31,67.37,68.15,15834.9
2026-02-11 08:00:00,68.15,69.49,68.03,68.71,12687.4
2026-02-11 12:00:00,68.71,70.33,67.59,69.27,22682.1
2026-02-11 16:00:00,69.27,70.04,67.99,68.52,18089.1
2026-02-11 20:00:00,68.52,69.56,68.19,68.73,9773.8
2026-02-12 00:00:00,68.73,69.37,68.38,69.34,10281.7
2026-02-12 04:00:00,69.34,69.78,68.76,69.75,9612.0
2026-02-12 08:00:00,69.75,70.06,68.76,68.8,12638.4
2026-02-12 12:00:00,68.79,69.31,67.32,67.73,22471.4
2026-02-12 16:00:00,67.73,68.25,66.71,67.29,17639.7
2026-02-12 20:00:00,67.3,68.67,66.72,68.5,9903.5
2026-02-13 00:00:00,68.5,69.53,68.01,68.18,11836.5
2026-02-13 04:00:00,68.19,68.36,66.34,66.81,14680.2
2026-02-13 08:00:00,66.81,67.71,66.68,67.33,10098.7
2026-02-13 12:00:00,67.33,69.23,67.03,67.77,20287.1
2026-02-13 16:00:00,67.78,70.98,67.73,70.0,31593.8
2026-02-13 20:00:00,69.98,70.86,69.83,70.12,13860.1
2026-02-14 00:00:00,70.14,71.21,70.03,70.71,8615.3
2026-02-14 04:00:00,70.7,71.14,70.5,70.98,5853.1
2026-02-14 08:00:00,70.98,75.16,70.88,74.32,26750.0
2026-02-14 12:00:00,74.31,75.72,73.04,74.48,22588.5
2026-02-14 16:00:00,74.49,75.69,74.22,75.01,16360.9
2026-02-14 20:00:00,75.01,76.06,74.5,74.94,10172.4
2026-02-15 00:00:00,74.93,75.0,72.98,73.74,15145.7
2026-02-15 04:00:00,73.73,74.39,72.8,73.64,13229.1
2026-02-15 08:00:00,73.64,73.77,70.99,71.81,20433.7
2026-02-15 12:00:00,71.8,71.87,69.61,71.19,31338.0
2026-02-15 16:00:00,71.17,71.31,69.06,69.34,17473.3
2026-02-15 20:00:00,69.34,70.69,69.05,70.57,12350.2
2026-02-16 00:00:00,70.58,70.76,69.11,69.56,7419.7
2026-02-16 04:00:00,69.56,70.05,69.22,69.24,6375.8
2026-02-16 08:00:00,69.25,71.04,69.21,70.16,9856.1
2026-02-16 12:00:00,70.16,71.54,69.1,69.78,10792.1
2026-02-16 16:00:00,69.78,70.43,69.68,69.71,7254.7
2026-02-16 20:00:00,69.71,70.55,69.35,69.63,7144.7
2026-02-17 00:00:00,69.63,69.92,68.93,69.33,6595.2
2026-02-17 04:00:00,69.34,69.55,68.46,68.93,6152.7
2026-02-17 08:00:00,68.93,69.24,68.58,69.1,6864.9
2026-02-17 12:00:00,69.11,69.52,67.48,68.44,14885.3
2026-02-17 16:00:00,68.45,68.97,67.11,68.74,18783.7
2026-02-17 20:00:00,68.74,70.75,68.09,70.63,14647.8
2026-02-18 00:00:00,70.63,70.87,69.87,70.48,15771.9
2026-02-18 04:00:00,70.47,70.73,69.63,70.25,8138.6
2026-02-18 08:00:00,70.25,70.41,69.09,69.09,8368.3
2026-02-18 12:00:00,69.11,69.99,68.58,69.48,10515.3
2026-02-18 16:00:00,69.48,69.88,67.26,67.93,14017.0
2026-02-18 20:00:00,67.92,68.25,67.23,67.92,11710.9
2026-02-19 00:00:00,67.93,68.29,67.41,68.01,6663.5
2026-02-19 04:00:00,68.01,68.09,67.15,67.38,6328.1
2026-02-19 08:00:00,67.38,67.38,65.91,66.36,10031.5
2026-02-19 12:00:00,66.37,66.47,64.44,65.9,20450.7
2026-02-19 16:00:00,65.89,67.02,65.27,66.38,11007.4
2026-02-19 20:00:00,66.37,67.0,66.26,66.57,5897.5
2026-02-20 00:00:00,66.56,67.13,66.38,66.82,5881.6
2026-02-20 04:00:00,66.82,66.84,65.74,66.07,6805.1
2026-02-20 08:00:00,66.08,66.65,65.87,65.9,7322.9
2026-02-20 12:00:00,65.9,67.4,65.11,67.2,11141.1
2026-02-20 16:00:00,67.19,67.26,65.79,66.75,10591.5
2026-02-20 20:00:00,66.76,67.24,66.14,66.98,11513.2
2026-02-21 00:00:00,66.98,67.07,66.26,66.58,5980.7
2026-02-21 04:00:00,66.58,66.61,65.59,65.69,6088.8
2026-02-21 08:00:00,65.65,66.52,65.51,65.69,7477.6
2026-02-21 12:00:00,65.7,66.31,65.31,65.38,8853.2
2026-02-21 16:00:00,65.39,66.72,64.63,66.39,15473.7
2026-02-21 20:00:00,66.39,66.7,66.0,66.13,6279.3
2026-02-22 00:00:00,66.13,66.2,65.33,65.46,4623.9
2026-02-22 04:00:00,65.45,65.65,65.32,65.5,3601.6
2026-02-22 08:00:00,65.5,65.51,64.96,65.01,5158.1
2026-02-22 12:00:00,65.01,65.29,64.15,64.45,8566.4
2026-02-22 16:00:00,64.45,64.46,63.67,63.91,7827.8
2026-02-22 20:00:00,63.92,64.33,63.24,64.02,8477.3
2026-02-23 00:00:00,64.02,64.39,62.18,62.57,20610.7
2026-02-23 04:00:00,62.57,64.58,62.57,64.2,11158.9
2026-02-23 08:00:00,64.19,64.85,63.69,64.39,8229.2
2026-02-23 12:00:00,64.38,64.75,62.7,62.7,11461.0
2026-02-23 16:00:00,62.69,62.84,61.44,62.03,11859.4
2026-02-23 20:00:00,62.02,62.89,61.83,62.7,5958.0
2026-02-24 00:00:00,62.7,63.1,61.53,62.08,8662.3
2026-02-24 04:00:00,62.08,63.39,61.56,63.39,9093.5
2026-02-24 08:00:00,63.38,63.38,62.55,62.91,9224.6
2026-02-24 12:00:00,62.92,63.61,62.11,62.63,16181.4
2026-02-24 16:00:00,62.63,63.48,61.76,61.98,15123.4
2026-02-24 20:00:00,61.98,62.58,61.49,62.01,10464.1
2026-02-25 00:00:00,62.02,64.8,61.71,63.99,14828.6
2026-02-25 04:00:00,63.97,64.22,63.48,64.22,6933.7
2026-02-25 08:00:00,64.2,65.86,63.75,64.02,12809.3
2026-02-25 12:00:00,64.02,65.34,62.93,65.21,19917.4
2026-02-25 16:00:00,65.22,66.58,65.16,66.22,19038.4
2026-02-25 20:00:00,66.21,66.96,64.12,64.81,13876.5
2026-02-26 00:00:00,64.81,65.05,63.8,64.09,10650.8
2026-02-26 04:00:00,64.09,64.63,63.36,64.29,9055.4
2026-02-26 08:00:00,64.31,65.41,64.21,65.04,10978.4
2026-02-26 12:00:00,65.03,66.34,62.95,63.84,22372.6
2026-02-26 16:00:00,63.85,64.3,62.17,63.94,13391.7
2026-02-26 20:00:00,63.94,64.25,63.25,63.58,6620.5
2026-02-27 00:00:00,63.59,64.4,63.38,64.06,6796.6
2026-02-27 04:00:00,64.05,65.06,64.04,64.74,6176.4
2026-02-27 08:00:00,64.74,65.19,63.27,63.43,10184.9
2026-02-27 12:00:00,63.43,63.98,62.51,63.53,9856.1
2026-02-27 16:00:00,63.52,64.21,63.13,63.35,8420.2
2026-02-27 20:00:00,63.34,64.47,62.81,64.24,8308.3
2026-02-28 00:00:00,64.24,64.62,63.75,63.83,7434.3
2026-02-28 04:00:00,63.83,63.87,60.66,61.46,16965.1
2026-02-28 08:00:00,61.45,61.45,60.11,60.87,16188.8
2026-02-28 12:00:00,60.87,62.89,60.76,62.0,12679.7
2026-02-28 16:00:00,61.97,63.54,61.59,63.19,11479.4
2026-02-28 20:00:00,63.18,64.25,63.05,63.65,11469.3
2026-03-01 00:00:00,63.65,65.5,62.66,64.33,12589.4
2026-03-01 04:00:00,64.34,64.47,63.31,63.87,10378.0
2026-03-01 08:00:00,63.87,63.94,62.56,63.12,7655.1
2026-03-01 12:00:00,63.11,63.57,62.32,62.84,7961.3
2026-03-01 16:00:00,62.84,63.12,61.88,61.96,7816.0
2026-03-01 20:00:00,61.96,62.87,61.32,61.89,9295.3
2026-03-02 00:00:00,61.9,62.67,61.48,62.27,9019.4
2026-03-02 04:00:00,62.27,62.51,61.12,61.5,5967.3
2026-03-02 08:00:00,61.51,61.74,60.88,61.53,8881.0
2026-03-02 12:00:00,61.52,64.26,61.03,63.83,10988.5
2026-03-02 16:00:00,63.84,64.45,62.24,63.78,18737.6
2026-03-02 20:00:00,63.78,63.84,62.88,63.3,8586.1
2026-03-03 00:00:00,63.3,63.73,62.72,63.72,7236.9
2026-03-03 04:00:00,63.7,63.99,63.12,63.33,6284.8
2026-03-03 08:00:00,63.32,63.34,61.02,61.74,10207.5
2026-03-03 12:00:00,61.75,62.93,61.09,62.02,14449.9
2026-03-03 16:00:00,62.03,63.16,61.54,62.53,10629.5
2026-03-03 20:00:00,62.53,63.07,61.98,62.75,6035.6
2026-03-04 00:00:00,62.76,63.09,61.11,61.96,8718.1
2026-03-04 04:00:00,61.98,62.98,61.32,62.87,7671.8
2026-03-04 08:00:00,62.87,64.74,62.53,64.05,13652.4
2026-03-04 12:00:00,64.05,67.25,63.34,66.88,15578.7
2026-03-04 16:00:00,66.86,67.41,64.97,65.55,14165.6
2026-03-04 20:00:00,65.55,65.91,64.76,65.01,7439.8
2026-03-05 00:00:00,65.02,65.54,64.39,64.57,7107.9
2026-03-05 04:00:00,64.56,65.34,64.36,64.51,9135.6
2026-03-05 08:00:00,64.51,66.27,64.22,65.84,8189.9
2026-03-05 12:00:00,65.84,67.47,65.3,65.76,21582.1
2026-03-05 16:00:00,65.75,66.84,64.83,66.36,13361.7
2026-03-05 20:00:00,66.36,66.92,65.63,65.83,9096.3
2026-03-06 00:00:00,65.84,67.04,65.61,66.64,7704.1
2026-03-06 04:00:00,66.64,66.99,65.87,66.61,8199.5
2026-03-06 08:00:00,66.61,66.82,66.1,66.28,6630.9
2026-03-06 12:00:00,66.27,66.59,64.47,64.71,12599.7
2026-03-06 16:00:00,64.7,64.79,63.6,64.32,11242.2
2026-03-06 20:00:00,64.33,65.48,63.95,64.96,6227.3
2026-03-07 00:00:00,64.96,66.35,64.92,66.24,5372.6
2026-03-07 04:00:00,66.24,66.67,65.16,65.81,9043.3
2026-03-07 08:00:00,65.83,66.66,65.44,66.1,7099.4
2026-03-07 12:00:00,66.1,66.4,64.68,64.94,6183.7
2026-03-07 16:00:00,64.94,65.42,64.2,64.59,7295.8
2026-03-07 20:00:00,64.59,64.96,64.0,64.52,6990.9
2026-03-08 00:00:00,64.53,64.67,63.65,63.91,5344.9
2026-03-08 04:00:00,63.92,64.09,63.42,63.73,4221.3
2026-03-08 08:00:00,63.72,64.62,63.44,63.6,5566.1
2026-03-08 12:00:00,63.61,64.35,63.34,63.84,6330.5
2026-03-08 16:00:00,63.84,64.58,63.33,64.47,5269.0
2026-03-08 20:00:00,64.48,64.59,62.17,62.36,11635.4
2026-03-09 00:00:00,62.36,63.01,61.63,62.79,11620.6
2026-03-09 04:00:00,62.78,63.48,62.22,62.58,7126.2
2026-03-09 08:00:00,62.59,62.94,61.72,62.0,10649.7
2026-03-09 12:00:00,62.01,64.05,61.71,63.87,13196.5
2026-03-09 16:00:00,63.86,65.47,62.88,65.15,10237.5
2026-03-09 20:00:00,65.15,65.42,63.31,63.59,8478.9
2026-03-10 00:00:00,63.61,64.43,63.3,63.62,6629.3
2026-03-10 04:00:00,63.63,64.02,63.16,63.44,6396.9
2026-03-10 08:00:00,63.45,64.27,63.21,63.36,7937.2
2026-03-10 12:00:00,63.35,63.74,62.54,63.34,10612.4
2026-03-10 16:00:00,63.34,63.84,61.75,62.46,14085.3
2026-03-10 20:00:00,62.44,62.99,62.28,62.98,7165.8
2026-03-11 00:00:00,62.97,63.51,62.34,62.45,6887.8
2026-03-11 04:00:00,62.46,62.93,61.93,62.46,5300.1
2026-03-11 08:00:00,62.46,62.95,62.2,62.7,6154.4
2026-03-11 12:00:00,62.69,63.52,62.06,62.34,8000.3
2026-03-11 16:00:00,62.34,62.72,62.13,62.56,7020.5
2026-03-11 20:00:00,62.56,62.7,62.13,62.2,5110.0
2026-03-12 00:00:00,62.21,63.2,62.21,62.78,7562.4
2026-03-12 04:00:00,62.77,63.74,62.32,63.03,13718.4
2026-03-12 08:00:00,63.03,63.6,62.46,63.1,8802.6
2026-03-12 12:00:00,63.1,63.29,61.85,63.02,11295.3
2026-03-12 16:00:00,63.01,63.69,62.64,63.44,8922.1
2026-03-12 20:00:00,63.46,64.68,63.17,64.18,8628.6
2026-03-13 00:00:00,64.18,65.7,63.85,65.62,13695.9
2026-03-13 04:00:00,65.61,65.94,64.53,64.53,9085.4
2026-03-13 08:00:00,64.53,65.05,63.78,64.89,10521.1
2026-03-13 12:00:00,64.88,66.76,64.72,65.37,14568.3
2026-03-13 16:00:00,65.37,65.58,64.15,64.58,8477.6
2026-03-13 20:00:00,64.58,65.21,64.0,64.83,7245.2
2026-03-14 00:00:00,64.81,65.7,64.31,64.56,6391.2
2026-03-14 04:00:00,64.56,65.42,64.13,65.11,7291.4
2026-03-14 08:00:00,65.12,65.79,64.95,65.54,6502.7
2026-03-14 12:00:00,65.54,65.88,65.01,65.51,4506.6
2026-03-14 16:00:00,65.5,67.17,65.46,66.52,17124.9
2026-03-14 20:00:00,66.52,67.17,66.19,66.92,6970.9
2026-03-15 00:00:00,66.93,67.38,66.28,66.74,8879.9
2026-03-15 04:00:00,66.73,66.9,66.08,66.86,4947.8
2026-03-15 08:00:00,66.87,67.17,66.29,66.36,5946.5
2026-03-15 12:00:00,66.36,66.64,65.43,66.17,9290.1
2026-03-15 16:00:00,66.17,66.88,65.83,66.2,7356.8
2026-03-15 20:00:00,66.21,67.49,66.04,67.02,10896.2
2026-03-16 00:00:00,67.01,69.2,66.97,68.22,22631.6
2026-03-16 04:00:00,68.2,68.45,67.68,67.93,8101.6
2026-03-16 08:00:00,67.94,68.42,67.38,67.95,9434.3
2026-03-16 12:00:00,67.93,68.71,67.33,67.96,12281.8
2026-03-16 16:00:00,67.96,68.27,67.17,67.67,8683.9
2026-03-16 20:00:00,67.68,68.88,67.44,68.74,5473.1
2026-03-17 00:00:00,68.74,69.52,68.46,68.97,9675.0
2026-03-17 04:00:00,68.98,69.36,67.48,68.9,8723.8
2026-03-17 08:00:00,68.89,69.7,68.75,69.13,6631.1
2026-03-17 12:00:00,69.13,69.43,68.07,68.57,7434.5
2026-03-17 16:00:00,68.58,70.06,68.26,69.77,8450.1
2026-03-17 20:00:00,69.77,71.95,69.64,70.32,14383.7
2026-03-18 00:00:00,70.33,70.89,69.93,70.48,8578.8
2026-03-18 04:00:00,70.5,71.07,69.94,70.56,7229.9
2026-03-18 08:00:00,70.57,72.6,70.37,70.56,16264.2
2026-03-18 12:00:00,70.56,70.87,68.71,69.49,19012.4
2026-03-18 16:00:00,69.46,71.16,69.15,70.39,15346.3
2026-03-18 20:00:00,70.4,74.1,69.9,73.81,23991.9
2026-03-19 00:00:00,73.8,77.48,72.53,77.18,46961.9
2026-03-19 04:00:00,77.16,77.18,74.08,74.49,36993.6
2026-03-19 08:00:00,74.48,77.48,74.3,76.45,38678.1
2026-03-19 12:00:00,76.47,77.76,74.5,74.62,61607.1
2026-03-19 16:00:00,74.62,76.55,73.51,75.91,28441.3
2026-03-19 20:00:00,75.92,76.44,73.95,74.24,17575.6
2026-03-20 00:00:00,74.23,77.97,74.14,77.64,20403.2
2026-03-20 04:00:00,77.67,79.46,77.22,79.36,24582.9
2026-03-20 08:00:00,79.35,81.07,78.96,80.74,33229.0
2026-03-20 12:00:00,80.74,81.57,78.59,79.2,35976.8
2026-03-20 16:00:00,79.24,79.38,75.95,77.58,26919.8
2026-03-20 20:00:00,77.57,80.5,77.54,79.64,26026.3
2026-03-21 00:00:00,79.64,80.28,78.97,79.52,11724.1
2026-03-21 04:00:00,79.51,79.73,78.5,78.66,7760.3
2026-03-21 08:00:00,78.66,78.68,77.5,78.15,10673.3
2026-03-21 12:00:00,78.15,78.49,77.8,78.13,7334.6
2026-03-21 16:00:00,78.13,78.13,77.15,77.51,6216.8
2026-03-21 20:00:00,77.52,77.6,76.57,77.01,9283.7
2026-03-22 00:00:00,77.06,77.09,74.73,75.7,24307.3
2026-03-22 04:00:00,75.7,75.72,74.66,75.22,12635.2
2026-03-22 08:00:00,75.23,75.85,74.02,74.91,17903.2
2026-03-22 12:00:00,74.91,75.44,72.66,73.15,13614.0
2026-03-22 16:00:00,73.16,73.57,71.21,71.7,16946.3
2026-03-22 20:00:00,71.71,72.21,70.43,71.59,18027.8
2026-03-23 00:00:00,71.59,71.78,68.52,69.42,21908.1
2026-03-23 04:00:00,69.41,70.28,68.97,69.21,11844.9
2026-03-23 08:00:00,69.22,73.29,68.29,71.14,29112.7
2026-03-23 12:00:00,71.14,73.35,70.71,71.08,25740.0
2026-03-23 16:00:00,71.08,72.04,70.48,71.51,15659.8
2026-03-23 20:00:00,71.51,72.69,70.78,71.3,11247.2
2026-03-24 00:00:00,71.31,71.32,69.98,70.04,9667.4
2026-03-24 04:00:00,70.03,72.02,69.57,71.97,10498.7
2026-03-24 08:00:00,71.97,75.39,71.58,75.27,28137.5
2026-03-24 12:00:00,75.28,75.3,72.66,72.8,22398.0
2026-03-24 16:00:00,72.79,73.65,71.25,73.14,18898.2
2026-03-24 20:00:00,73.13,78.32,73.09,76.3,33717.3
2026-03-25 00:00:00,76.3,76.74,74.62,75.06,15247.1
2026-03-25 04:00:00,75.07,76.13,74.51,74.75,11872.8
2026-03-25 08:00:00,74.74,76.8,74.7,76.69,15067.8
2026-03-25 12:00:00,76.68,78.31,75.3,75.81,24611.0
2026-03-25 16:00:00,75.8,76.93,75.09,75.65,15203.7
2026-03-25 20:00:00,75.65,77.11,75.21,76.49,12770.4
2026-03-26 00:00:00,76.49,76.65,75.34,75.85,8062.0
2026-03-26 04:00:00,75.85,76.42,73.35,73.78,12222.7
2026-03-26 08:00:00,73.78,75.64,73.34,75.04,16363.0
2026-03-26 12:00:00,75.05,75.59,73.36,73.54,11633.7
2026-03-26 16:00:00,73.54,73.95,72.56,73.8,10100.3
2026-03-26 20:00:00,73.81,75.03,73.6,74.36,12581.4
2026-03-27 00:00:00,74.35,74.77,73.16,73.19,6946.8
2026-03-27 04:00:00,73.19,73.88,72.6,73.37,7517.0
2026-03-27 08:00:00,73.37,73.58,71.21,71.68,15601.9
2026-03-27 12:00:00,71.68,72.25,70.39,71.69,13644.1
2026-03-27 16:00:00,71.71,71.76,69.89,70.68,12400.6
2026-03-27 20:00:00,70.68,71.24,70.54,71.0,4558.4
2026-03-28 00:00:00,70.98,71.23,69.98,70.45,6239.6
2026-03-28 04:00:00,70.45,71.93,70.25,71.1,9506.8
2026-03-28 08:00:00,71.09,71.32,70.69,70.9,4631.9
2026-03-28 12:00:00,70.91,71.68,70.64,71.17,7728.5
2026-03-28 16:00:00,71.18,71.92,70.7,71.08,6305.6
2026-03-28 20:00:00,71.08,71.27,70.33,70.49,6586.6
2026-03-29 00:00:00,70.48,70.61,69.76,70.4,6326.4
2026-03-29 04:00:00,70.4,70.51,69.92,70.4,3255.3
2026-03-29 08:00:00,70.4,71.21,69.43,70.77,10969.3
2026-03-29 12:00:00,70.77,70.92,68.96,69.72,9534.6
2026-03-29 16:00:00,69.7,69.7,68.46,68.71,7071.7
2026-03-29 20:00:00,68.71,69.3,67.32,68.73,11938.8
2026-03-30 00:00:00,68.73,70.55,68.38,69.83,8398.1
2026-03-30 04:00:00,69.82,70.83,69.69,70.49,5060.7
2026-03-30 08:00:00,70.49,70.81,69.1,69.81,8156.9
2026-03-30 12:00:00,69.81,70.57,69.16,70.51,10166.1
2026-03-30 16:00:00,70.51,71.41,69.22,69.79,14598.0
2026-03-30 20:00:00,69.79,70.44,69.38,69.84,7128.4
2026-03-31 00:00:00,69.85,71.92,69.62,71.24,9731.5
2026-03-31 04:00:00,71.24,71.89,70.7,71.08,8747.6
2026-03-31 08:00:00,71.08,71.31,69.41,69.93,14009.5
2026-03-31 12:00:00,69.93,71.31,69.53,69.74,10395.5
2026-03-31 16:00:00,69.73,70.73,69.65,70.18,10221.6
2026-03-31 20:00:00,70.18,70.31,69.66,69.85,4885.4
2026-04-01 00:00:00,69.84,70.25,69.34,69.48,7171.8
2026-04-01 04:00:00,69.48,71.6,69.33,70.75,8865.9
2026-04-01 08:00:00,70.75,71.07,69.91,70.43,8151.4
2026-04-01 12:00:00,70.44,71.28,70.0,70.96,8962.6
2026-04-01 16:00:00,70.95,71.53,70.12,70.25,6639.2
2026-04-01 20:00:00,70.25,70.98,70.05,70.54,5765.8
2026-04-02 00:00:00,70.53,71.72,69.06,69.88,14705.4
2026-04-02 04:00:00,69.87,70.89,69.36,70.68,8519.8
2026-04-02 08:00:00,70.65,70.65,69.5,69.87,6757.8
2026-04-02 12:00:00,69.84,71.35,69.38,71.01,9320.1
2026-04-02 16:00:00,71.02,71.73,70.71,71.73,8397.7
2026-04-02 20:00:00,71.68,74.35,71.64,73.48,13909.4
2026-04-03 00:00:00,73.48,77.13,73.34,76.29,17699.7
2026-04-03 04:00:00,76.29,76.83,73.84,75.15,15999.0
2026-04-03 08:00:00,75.16,77.42,74.0,76.29,22353.1
2026-04-03 12:00:00,76.3,76.8,75.31,76.31,9957.4
2026-04-03 16:00:00,76.31,77.63,76.01,77.3,12280.0
2026-04-03 20:00:00,77.3,77.54,76.01,76.31,10672.8
2026-04-04 00:00:00,76.31,76.75,74.7,74.97,13943.1
2026-04-04 04:00:00,74.96,75.35,74.07,74.54,9021.3
2026-04-04 08:00:00,74.53,74.82,73.37,73.42,8072.3
2026-04-04 12:00:00,73.41,74.01,72.94,73.23,10659.3
2026-04-04 16:00:00,73.24,73.87,72.64,73.44,6938.0
2026-04-04 20:00:00,73.43,73.58,72.64,73.3,7489.6
2026-04-05 00:00:00,73.3,76.7,73.07,75.71,20888.3
2026-04-05 04:00:00,75.71,75.85,73.7,74.96,15072.8
2026-04-05 08:00:00,74.94,75.37,73.61,74.13,11517.8
2026-04-05 12:00:00,74.12,75.54,73.48,75.03,15688.6
2026-04-05 16:00:00,75.03,76.38,74.48,75.84,9797.3
2026-04-05 20:00:00,75.82,76.55,74.37,75.28,10346.4
2026-04-06 00:00:00,75.29,76.43,75.29,75.65,9153.8
2026-04-06 04:00:00,75.65,76.6,75.06,75.42,7953.7
2026-04-06 08:00:00,75.42,76.57,74.7,75.07,8778.4
2026-04-06 12:00:00,75.07,75.94,74.72,75.29,8785.9
2026-04-06 16:00:00,75.27,75.99,74.65,75.44,8516.6
2026-04-06 20:00:00,75.44,75.59,73.15,73.81,10285.6
2026-04-07 00:00:00,73.81,73.99,72.75,73.14,6367.9
2026-04-07 04:00:00,73.13,73.13,71.63,72.03,7866.1
2026-04-07 08:00:00,72.03,72.65,71.5,71.75,7220.0
2026-04-07 12:00:00,71.74,72.91,70.88,71.98,13670.0
2026-04-07 16:00:00,71.99,73.22,71.9,72.6,10645.5
2026-04-07 20:00:00,72.6,75.34,72.36,75.04,15513.6
2026-04-08 00:00:00,75.04,75.46,73.92,74.58,10849.6
2026-04-08 04:00:00,74.6,75.55,74.42,75.34,6160.9
2026-04-08 08:00:00,75.35,76.12,75.28,75.48,6881.7
2026-04-08 12:00:00,75.49,75.74,73.51,74.31,11708.4
2026-04-08 16:00:00,74.32,76.95,74.18,75.4,13356.5
2026-04-08 20:00:00,75.39,75.87,74.65,75.26,4450.2
2026-04-09 00:00:00,75.26,75.33,73.03,73.1,11658.7
2026-04-09 04:00:00,73.09,73.34,72.42,73.04,8407.4
2026-04-09 08:00:00,73.03,73.96,72.92,73.12,6215.1
2026-04-09 12:00:00,73.11,74.0,71.88,73.7,11327.7
2026-04-09 16:00:00,73.7,75.04,72.79,74.41,14190.8
2026-04-09 20:00:00,74.41,75.87,74.41,74.85,5727.2
2026-04-10 00:00:00,74.85,76.69,74.54,76.24,11915.6
2026-04-10 04:00:00,76.25,77.24,75.35,75.55,9046.2
2026-04-10 08:00:00,75.56,76.7,74.62,76.6,8918.5
2026-04-10 12:00:00,76.59,77.61,75.95,76.35,13260.1
2026-04-10 16:00:00,76.36,77.78,75.59,77.04,10990.5
2026-04-10 20:00:00,77.04,79.94,76.85,78.38,17716.2
2026-04-11 00:00:00,78.38,78.84,76.68,77.15,10131.1
2026-04-11 04:00:00,77.16,77.36,76.64,77.0,4198.9
2026-04-11 08:00:00,77.0,77.53,76.31,76.77,5469.3
2026-04-11 12:00:00,76.77,77.05,75.92,76.82,7077.0
2026-04-11 16:00:00,76.81,77.71,76.65,77.43,6960.9
2026-04-11 20:00:00,77.43,77.99,76.92,77.59,5129.3
2026-04-12 00:00:00,77.59,77.76,76.04,76.82,14328.7
2026-04-12 04:00:00,76.84,77.06,75.97,76.36,5505.3
2026-04-12 08:00:00,76.36,77.76,76.14,76.66,7683.0
2026-04-12 12:00:00,76.66,76.86,75.05,75.87,15954.6
2026-04-12 16:00:00,75.86,76.09,75.37,75.8,5668.6
2026-04-12 20:00:00,75.82,76.58,74.03,74.07,7283.9
2026-04-13 00:00:00,74.07,75.57,73.93,74.69,6749.2
2026-04-13 04:00:00,74.69,74.99,74.06,74.69,5633.4
2026-04-13 08:00:00,74.71,74.71,73.95,74.03,5957.1
2026-04-13 12:00:00,74.03,75.35,73.83,74.88,8881.2
2026-04-13 16:00:00,74.84,75.22,74.11,75.11,7860.5
2026-04-13 20:00:00,75.11,76.47,74.52,76.11,8744.6
2026-04-14 00:00:00,76.11,76.46,75.24,75.4,6468.5
2026-04-14 04:00:00,75.4,75.92,75.01,75.2,4686.2
2026-04-14 08:00:00,75.2,75.87,74.65,75.54,6525.2
2026-04-14 12:00:00,75.53,76.42,74.98,75.42,11540.0
2026-04-14 16:00:00,75.42,75.89,73.29,74.17,11876.9
2026-04-14 20:00:00,74.18,74.3,73.48,73.83,5020.7
2026-04-15 00:00:00,73.83,74.21,73.43,73.65,6027.9
2026-04-15 04:00:00,73.65,74.43,73.41,73.83,3924.7
2026-04-15 08:00:00,73.84,74.42,72.39,73.28,10149.0
2026-04-15 12:00:00,73.28,74.09,73.2,73.76,6997.8
2026-04-15 16:00:00,73.75,74.35,73.35,73.78,7751.1
2026-04-15 20:00:00,73.78,74.39,73.6,74.1,6281.2
2026-04-16 00:00:00,74.1,74.76,73.55,74.6,6016.1
2026-04-16 04:00:00,74.61,75.28,74.35,75.08,4884.2
2026-04-16 08:00:00,75.09,75.24,74.15,74.39,4879.7
2026-04-16 12:00:00,74.4,75.43,73.59,74.98,9289.5
2026-04-16 16:00:00,74.97,75.82,74.0,75.7,7744.5
2026-04-16 20:00:00,75.7,75.8,74.58,75.44,4412.0
2026-04-17 00:00:00,75.44,77.31,75.16,75.62,12078.4
2026-04-17 04:00:00,75.62,76.03,74.72,75.85,5180.1
2026-04-17 08:00:00,75.85,76.72,75.65,76.18,5640.2
2026-04-17 12:00:00,76.18,80.27,76.0,78.65,18703.4
2026-04-17 16:00:00,78.69,78.82,76.83,77.01,12044.5
2026-04-17 20:00:00,77.01,77.62,76.56,76.8,4961.2
2026-04-18 00:00:00,76.8,76.99,76.08,76.66,8738.9
2026-04-18 04:00:00,76.65,77.29,76.48,76.86,3519.0
2026-04-18 08:00:00,76.85,76.89,74.76,75.27,10269.6
2026-04-18 12:00:00,75.27,75.69,74.89,74.97,5781.3
2026-04-18 16:00:00,74.97,75.08,73.52,74.18,24250.8
2026-04-18 20:00:00,74.19,74.33,73.68,73.92,4421.4
2026-04-19 00:00:00,73.92,74.11,72.78,73.2,9200.8
2026-04-19 04:00:00,73.21,73.66,72.82,73.29,5078.5
2026-04-19 08:00:00,73.27,73.79,72.67,73.76,7506.9
2026-04-19 12:00:00,73.75,74.77,73.66,74.58,7314.5
2026-04-19 16:00:00,74.58,74.59,72.87,73.37,8721.0
2026-04-19 20:00:00,73.36,73.83,72.45,72.84,8636.0
2026-04-20 00:00:00,72.83,73.46,72.75,73.25,5491.8
2026-04-20 04:00:00,73.25,73.81,72.42,73.19,3710.9
2026-04-20 08:00:00,73.2,74.2,73.02,74.02,5320.0
2026-04-20 12:00:00,74.02,74.8,73.54,74.35,8527.5
2026-04-20 16:00:00,74.35,75.5,74.11,74.83,7716.9
2026-04-20 20:00:00,74.82,75.22,73.95,74.04,4675.2
2026-04-21 00:00:00,74.06,74.75,74.02,74.22,4203.4
2026-04-21 04:00:00,74.22,74.75,74.11,74.65,3215.5
2026-04-21 08:00:00,74.64,74.99,74.08,74.52,8107.6
2026-04-21 12:00:00,74.52,74.52,72.8,73.22,7292.8
2026-04-21 16:00:00,73.23,73.45,72.23,72.69,11125.8
2026-04-21 20:00:00,72.68,73.61,72.53,73.59,5242.9
2026-04-22 00:00:00,73.61,74.47,73.15,74.31,7330.1
2026-04-22 04:00:00,74.32,74.99,74.05,74.8,4416.2
2026-04-22 08:00:00,74.8,75.34,74.65,75.12,5376.4
2026-04-22 12:00:00,75.13,75.26,74.43,74.7,5094.0
2026-04-22 16:00:00,74.71,74.91,73.81,74.17,4637.5
2026-04-22 20:00:00,74.18,74.22,73.12,73.16,5114.9
2026-04-23 00:00:00,73.17,73.65,72.6,72.82,6272.1
2026-04-23 04:00:00,72.81,73.68,72.55,73.29,4281.1
2026-04-23 08:00:00,73.29,73.31,71.74,72.52,10287.4
2026-04-23 12:00:00,72.51,73.7,72.19,73.6,9811.3
2026-04-23 16:00:00,73.6,73.63,72.34,72.75,6502.6
2026-04-23 20:00:00,72.74,73.02,68.82,70.53,28631.5
2026-04-24 00:00:00,70.53,71.57,70.47,71.07,9334.8
2026-04-24 04:00:00,71.08,71.61,70.72,71.42,4695.3
2026-04-24 08:00:00,71.43,72.18,70.97,71.97,7766.1
2026-04-24 12:00:00,71.95,72.1,71.26,71.92,5774.7
2026-04-24 16:00:00,71.91,72.07,71.33,71.88,5042.6
2026-04-24 20:00:00,71.88,72.32,71.4,71.66,4543.8
2026-04-25 00:00:00,71.63,72.19,71.35,71.76,5390.9
2026-04-25 04:00:00,71.77,71.84,71.45,71.45,2708.6
2026-04-25 08:00:00,71.44,71.76,70.96,71.14,5274.6
2026-04-25 12:00:00,71.14,71.27,70.58,70.66,6072.9
2026-04-25 16:00:00,70.64,70.72,69.69,70.04,9041.1
2026-04-25 20:00:00,70.05,70.6,70.0,70.31,3517.4
2026-04-26 00:00:00,70.31,70.47,69.95,70.18,3910.4
2026-04-26 04:00:00,70.16,71.17,70.1,71.14,4294.1
2026-04-26 08:00:00,71.13,71.34,70.72,71.1,3249.5
2026-04-26 12:00:00,71.1,71.13,69.8,70.43,6453.1
2026-04-26 16:00:00,70.42,70.87,70.19,70.59,3798.8
2026-04-26 20:00:00,70.59,71.12,70.37,70.67,3641.9
2026-04-27 00:00:00,70.68,71.75,70.47,71.04,6823.0
2026-04-27 04:00:00,71.03,71.29,69.47,69.54,7206.8
2026-04-27 08:00:00,69.53,70.05,69.25,70.0,4794.3
2026-04-27 12:00:00,70.0,70.32,69.4,69.81,5821.7
2026-04-27 16:00:00,69.81,70.12,69.49,69.84,4042.7
2026-04-27 20:00:00,69.84,69.98,69.26,69.76,4156.9
2026-04-28 00:00:00,69.76,69.86,69.37,69.48,4437.9
2026-04-28 04:00:00,69.49,69.75,68.97,69.43,4766.0
2026-04-28 08:00:00,69.43,69.75,68.64,68.78,6644.7
2026-04-28 12:00:00,68.78,69.18,67.83,68.9,12133.3
2026-04-28 16:00:00,68.92,69.3,68.62,69.24,5256.9
2026-04-28 20:00:00,69.24,69.31,68.89,69.09,1866.5
2026-04-29 00:00:00,69.09,69.64,69.03,69.64,3081.7
2026-04-29 04:00:00,69.63,70.01,69.48,69.79,3235.8
2026-04-29 08:00:00,69.79,70.56,69.59,70.24,3429.9
2026-04-29 12:00:00,70.23,70.24,68.61,68.93,7820.7
2026-04-29 16:00:00,68.92,69.24,67.31,68.44,15865.8
2026-04-29 20:00:00,68.44,69.58,68.39,69.26,3663.1
2026-04-30 00:00:00,69.27,70.22,69.23,69.31,5293.6
2026-04-30 04:00:00,69.32,70.1,68.97,69.9,3834.5
2026-04-30 08:00:00,69.91,70.29,69.25,69.78,5868.8
2026-04-30 12:00:00,69.78,70.19,69.64,69.93,3989.0
2026-04-30 16:00:00,69.92,70.03,68.89,68.94,4497.8
2026-04-30 20:00:00,68.93,69.07,68.52,68.87,3398.4
2026-05-01 00:00:00,68.88,69.54,68.74,69.12,4257.0
2026-05-01 04:00:00,69.13,69.41,68.54,68.78,3349.4
2026-05-01 08:00:00,68.78,69.01,68.4,68.66,3603.9
2026-05-01 12:00:00,68.66,69.88,68.62,69.28,6910.9
2026-05-01 16:00:00,69.29,69.64,68.94,69.15,6635.1
2026-05-01 20:00:00,69.15,69.24,68.52,68.72,3537.5
2026-05-02 00:00:00,68.71,68.85,68.48,68.68,2638.1
2026-05-02 04:00:00,68.68,68.69,68.03,68.4,5650.8
2026-05-02 08:00:00,68.41,68.66,68.1,68.23,4378.8
2026-05-02 12:00:00,68.22,69.02,68.17,68.87,5029.0
2026-05-02 16:00:00,68.87,69.17,68.75,69.07,4021.5
2026-05-02 20:00:00,69.07,69.38,68.43,68.6,6307.2
2026-05-03 00:00:00,68.59,68.75,67.99,68.17,5595.0
2026-05-03 04:00:00,68.17,68.54,68.09,68.33,2871.2
2026-05-03 08:00:00,68.33,68.57,68.04,68.29,3497.4
2026-05-03 12:00:00,68.29,68.51,68.04,68.27,4683.6
2026-05-03 16:00:00,68.28,68.42,68.09,68.31,2733.8
2026-05-03 20:00:00,68.31,68.87,67.89,68.11,8599.9
2026-05-04 00:00:00,68.1,69.71,67.88,69.68,8746.8
2026-05-04 04:00:00,69.69,70.51,69.59,69.62,6193.6
2026-05-04 08:00:00,69.62,69.66,67.38,67.94,12825.6
2026-05-04 12:00:00,67.94,68.46,67.52,67.81,11651.2
2026-05-04 16:00:00,67.8,68.14,67.46,67.64,8309.0
2026-05-04 20:00:00,67.65,67.75,67.09,67.21,7437.3
2026-05-05 00:00:00,67.21,67.44,66.73,66.89,9091.1
2026-05-05 04:00:00,66.9,67.87,66.6,67.67,8654.5
2026-05-05 08:00:00,67.69,68.16,67.34,67.96,6870.0
2026-05-05 12:00:00,67.96,68.12,67.36,67.87,8557.5
2026-05-05 16:00:00,67.88,68.12,67.47,67.71,4923.0
2026-05-05 20:00:00,67.71,68.86,67.67,68.86,11148.5
2026-05-06 00:00:00,68.84,70.29,68.28,70.05,8967.9
2026-05-06 04:00:00,70.05,70.17,69.27,69.91,7708.0
2026-05-06 08:00:00,69.89,71.58,69.72,70.98,15507.7
2026-05-06 12:00:00,70.98,71.32,69.9,71.15,13688.5
2026-05-06 16:00:00,71.11,71.38,69.92,70.51,9192.3
2026-05-06 20:00:00,70.5,70.85,70.1,70.51,5181.6
2026-05-07 00:00:00,70.52,70.56,69.66,69.69,6218.8
2026-05-07 04:00:00,69.69,70.38,69.6,70.21,5279.2
2026-05-07 08:00:00,70.22,70.57,69.67,70.15,7081.8
2026-05-07 12:00:00,70.15,70.51,68.71,69.38,9349.5
2026-05-07 16:00:00,69.38,71.14,69.25,70.81,8584.6
2026-05-07 20:00:00,70.82,72.33,70.54,72.07,9240.6
2026-05-08 00:00:00,72.09,73.49,71.99,73.47,9818.3
2026-05-08 04:00:00,73.47,74.62,72.09,73.03,15946.8
2026-05-08 08:00:00,73.04,73.46,72.22,73.01,9744.8
2026-05-08 12:00:00,73.01,73.96,72.19,73.07,9263.2
2026-05-08 16:00:00,73.07,74.01,72.63,73.73,6298.2
2026-05-08 20:00:00,73.73,73.93,72.9,73.25,6125.4
2026-05-09 00:00:00,73.26,74.93,73.08,74.81,9330.4
2026-05-09 04:00:00,74.8,75.92,74.4,75.2,10604.5
2026-05-09 08:00:00,75.18,76.4,75.16,75.96,10555.7
2026-05-09 12:00:00,75.96,76.01,73.94,74.18,7859.2
2026-05-09 16:00:00,74.18,74.64,73.96,74.21,5097.8
2026-05-09 20:00:00,74.2,74.28,73.2,73.3,6461.3
2026-05-10 00:00:00,73.27,73.33,72.46,72.65,6760.1
2026-05-10 04:00:00,72.64,73.05,72.12,72.94,6020.1
2026-05-10 08:00:00,72.92,73.75,72.9,73.2,4923.7
2026-05-10 12:00:00,73.2,73.93,73.07,73.84,5093.9
2026-05-10 16:00:00,73.82,76.29,73.68,76.18,13761.7
2026-05-10 20:00:00,76.17,76.21,73.39,75.05,10753.6
2026-05-11 00:00:00,75.05,75.25,72.89,73.24,9247.5
2026-05-11 04:00:00,73.22,73.57,72.88,73.33,4893.5
2026-05-11 08:00:00,73.33,73.86,73.17,73.47,5001.7
2026-05-11 12:00:00,73.48,73.63,72.38,73.41,7020.1
2026-05-11 16:00:00,73.42,73.61,72.86,73.39,5260.7
2026-05-11 20:00:00,73.4,73.5,72.76,72.94,3637.6
2026-05-12 00:00:00,72.91,72.98,71.85,72.74,6331.7
2026-05-12 04:00:00,72.74,72.99,72.12,72.33,4590.1
2026-05-12 08:00:00,72.32,72.34,71.2,71.3,6680.0
2026-05-12 12:00:00,71.32,71.87,70.74,71.02,8725.6
2026-05-12 16:00:00,71.0,73.4,70.78,72.95,12083.8
2026-05-12 20:00:00,72.95,74.25,72.6,73.54,13358.7
2026-05-13 00:00:00,73.53,75.5,73.13,75.11,8719.7
2026-05-13 04:00:00,75.12,75.36,72.74,73.22,12008.6
2026-05-13 08:00:00,73.21,74.43,73.08,73.46,7047.6
2026-05-13 12:00:00,73.45,73.65,71.28,71.49,13098.9
2026-05-13 16:00:00,71.5,73.67,71.35,73.63,12518.3
2026-05-13 20:00:00,73.64,74.39,73.22,73.73,11620.0
2026-05-14 00:00:00,73.73,73.91,72.44,72.56,5949.7
2026-05-14 04:00:00,72.55,75.99,72.44,75.75,20509.1
2026-05-14 08:00:00,75.69,78.77,75.44,77.07,61049.1
2026-05-14 12:00:00,77.04,79.22,76.62,78.2,34096.1
2026-05-14 16:00:00,78.21,79.35,76.72,78.33,25316.8
2026-05-14 20:00:00,78.33,78.92,78.04,78.26,12516.6
2026-05-15 00:00:00,78.27,79.2,77.93,78.52,12644.4
2026-05-15 04:00:00,78.51,78.68,77.01,77.74,12352.9
2026-05-15 08:00:00,77.75,78.76,77.39,78.17,9986.2
2026-05-15 12:00:00,78.17,78.55,76.07,76.75,22287.0
2026-05-15 16:00:00,76.76,77.89,76.66,76.97,10478.4
2026-05-15 20:00:00,76.98,78.72,76.88,78.54,10198.5
2026-05-16 00:00:00,78.54,82.13,78.31,82.02,35921.9
2026-05-16 04:00:00,82.01,84.13,80.36,82.05,82962.3
2026-05-16 08:00:00,82.05,83.79,80.77,82.35,73466.8
2026-05-16 12:00:00,82.36,84.87,81.72,83.81,64295.1
2026-05-16 16:00:00,83.82,83.88,80.86,81.16,45172.1
2026-05-16 20:00:00,81.17,82.17,80.36,80.92,17425.2
2026-05-17 00:00:00,80.91,81.69,79.13,79.7,24355.3
2026-05-17 04:00:00,79.7,79.84,77.94,78.6,31209.3
2026-05-17 08:00:00,78.6,79.83,78.49,79.68,15418.8
2026-05-17 12:00:00,79.7,80.04,77.48,77.66,23671.7
2026-05-17 16:00:00,77.67,78.47,77.35,78.39,11281.4
2026-05-17 20:00:00,78.39,78.49,74.16,75.06,27596.2
2026-05-18 00:00:00,75.05,76.33,74.54,75.27,17972.6
2026-05-18 04:00:00,75.26,76.13,74.7,75.79,15754.3
2026-05-18 08:00:00,75.77,77.04,75.53,75.92,21464.0
2026-05-18 12:00:00,75.93,76.31,73.83,74.68,17657.9
2026-05-18 16:00:00,74.69,75.67,74.38,75.55,10729.9
2026-05-18 20:00:00,75.56,76.64,74.92,76.15,9379.4
2026-05-19 00:00:00,76.16,76.93,74.77,74.83,11209.7
2026-05-19 04:00:00,74.84,75.17,74.52,74.99,5445.1
2026-05-19 08:00:00,74.98,75.11,73.75,73.92,8028.8
2026-05-19 12:00:00,73.91,74.8,73.58,73.92,11077.0
2026-05-19 16:00:00,73.93,74.42,73.32,73.47,7831.9
2026-05-19 20:00:00,73.46,73.87,73.07,73.36,4895.0
2026-05-20 00:00:00,73.35,73.8,72.7,72.74,6314.1
2026-05-20 04:00:00,72.74,73.33,72.51,72.93,7480.6
2026-05-20 08:00:00,72.95,73.52,72.38,73.15,9212.0
2026-05-20 12:00:00,73.14,74.11,72.87,73.63,9913.2
2026-05-20 16:00:00,73.64,74.18,73.1,73.6,7085.4
2026-05-20 20:00:00,73.59,74.44,73.08,74.23,7587.0
2026-05-21 00:00:00,74.21,74.75,73.87,74.32,8782.2
2026-05-21 04:00:00,74.33,74.45,73.14,73.62,7202.2
2026-05-21 08:00:00,73.61,74.06,72.71,72.91,7918.8
2026-05-21 12:00:00,72.91,73.22,72.36,72.89,6894.9
2026-05-21 16:00:00,72.88,73.7,72.21,73.47,6443.7
2026-05-21 20:00:00,73.48,74.54,73.31,73.51,6902.6
2026-05-22 00:00:00,73.53,73.68,72.98,73.64,4153.9
2026-05-22 04:00:00,73.64,76.8,73.42,75.44,21818.8
2026-05-22 08:00:00,75.44,79.12,74.98,79.08,28216.7
2026-05-22 12:00:00,79.06,80.58,78.0,80.35,34074.7
2026-05-22 16:00:00,80.35,82.1,76.43,77.3,45622.3
2026-05-22 20:00:00,77.29,78.75,76.88,77.14,18837.8
2026-05-23 00:00:00,77.14,78.37,75.8,76.17,15657.4
2026-05-23 04:00:00,76.13,76.3,73.82,74.57,15734.8
2026-05-23 08:00:00,74.56,76.14,74.0,75.83,10934.5
2026-05-23 12:00:00,75.82,78.65,75.58,77.76,18258.6
2026-05-23 16:00:00,77.77,78.05,76.28,77.36,14428.0
2026-05-23 20:00:00,77.36,79.94,77.11,79.55,19858.9
2026-05-24 00:00:00,79.55,80.56,78.79,80.19,10032.6
2026-05-24 04:00:00,80.2,82.56,79.59,81.48,23504.6
2026-05-24 08:00:00,81.5,83.91,80.95,82.39,30051.0
2026-05-24 12:00:00,82.39,82.5,79.43,79.8,24853.8
2026-05-24 16:00:00,79.82,81.4,79.11,79.26,18730.6
2026-05-24 20:00:00,79.27,80.52,78.19,80.03,19447.7
2026-05-25 00:00:00,80.04,81.2,79.55,81.08,11676.9
2026-05-25 04:00:00,81.07,81.86,80.27,80.94,8300.3
2026-05-25 08:00:00,80.95,82.38,80.15,81.87,13732.1
2026-05-25 12:00:00,81.89,82.02,79.59,79.98,12461.8
2026-05-25 16:00:00,79.98,80.3,79.04,79.57,12031.4
2026-05-25 20:00:00,79.56,80.3,79.53,79.78,5358.8
2026-05-26 00:00:00,79.8,80.38,79.15,79.57,7414.4
2026-05-26 04:00:00,79.57,79.6,78.38,78.38,7710.5
2026-05-26 08:00:00,78.38,78.67,77.13,77.61,16098.8
2026-05-26 12:00:00,77.63,77.71,75.32,75.84,16207.7
2026-05-26 16:00:00,75.83,76.86,75.34,76.24,11663.4
2026-05-26 20:00:00,76.23,76.37,74.67,75.4,8752.1
2026-05-27 00:00:00,75.4,76.52,75.05,75.38,7786.1
2026-05-27 04:00:00,75.36,76.81,74.53,75.52,10457.5
2026-05-27 08:00:00,75.52,76.01,74.67,74.92,8657.9
2026-05-27 12:00:00,74.93,75.76,74.22,74.91,14206.4
2026-05-27 16:00:00,74.93,75.34,72.88,73.48,16141.4
2026-05-27 20:00:00,73.49,73.96,72.22,72.52,9545.4
2026-05-28 00:00:00,72.51,73.12,70.67,70.93,13435.0
2026-05-28 04:00:00,70.93,71.47,69.81,70.57,18056.7
2026-05-28 08:00:00,70.59,70.66,69.46,70.29,13068.7
2026-05-28 12:00:00,70.29,71.02,69.29,69.92,15266.7
2026-05-28 16:00:00,69.92,73.37,69.68,72.2,24073.5
2026-05-28 20:00:00,72.2,72.45,71.16,71.45,11927.6
2026-05-29 00:00:00,71.45,73.83,70.8,73.03,18473.8
2026-05-29 04:00:00,73.06,73.39,72.01,72.08,9074.7
2026-05-29 08:00:00,72.09,72.46,71.19,71.58,12624.7
2026-05-29 12:00:00,71.59,72.99,70.94,72.58,9616.9
2026-05-29 16:00:00,72.58,72.71,71.17,71.53,7928.9
2026-05-29 20:00:00,71.53,71.77,71.15,71.41,4930.2
2026-05-30 00:00:00,71.4,72.66,71.18,71.45,16297.7
2026-05-30 04:00:00,71.45,72.12,70.88,71.6,7542.6
2026-05-30 08:00:00,71.62,72.28,71.61,72.22,4139.9
2026-05-30 12:00:00,72.2,72.74,71.79,71.99,5627.9
2026-05-30 16:00:00,71.99,72.31,71.32,71.57,5471.5
2026-05-30 20:00:00,71.58,71.87,70.96,71.37,5253.9
2026-05-31 00:00:00,71.4,71.82,71.04,71.22,5687.0
2026-05-31 04:00:00,71.21,71.57,70.82,71.07,4955.1
2026-05-31 08:00:00,71.07,71.55,70.59,71.14,7687.5
2026-05-31 12:00:00,71.13,71.84,70.41,70.47,9637.5
2026-05-31 16:00:00,70.47,70.94,70.06,70.72,5728.1
2026-05-31 20:00:00,70.75,72.19,70.65,72.07,6936.0
2026-06-01 00:00:00,72.07,72.28,70.83,71.48,5799.3
2026-06-01 04:00:00,71.47,71.53,70.52,70.65,4187.2
2026-06-01 08:00:00,70.67,70.81,69.78,70.01,5711.9
2026-06-01 12:00:00,70.02,72.05,69.5,71.38,16462.1
2026-06-01 16:00:00,71.39,72.16,70.84,71.43,12312.1
2026-06-01 20:00:00,71.42,71.96,70.86,71.58,6111.6
2026-06-02 00:00:00,71.57,71.73,70.52,71.1,7340.5
2026-06-02 04:00:00,71.1,71.63,70.22,70.56,8282.8
2026-06-02 08:00:00,70.57,76.95,70.23,75.89,43534.7
2026-06-02 12:00:00,75.89,76.69,71.9,72.33,41954.7
2026-06-02 16:00:00,72.32,74.26,71.37,72.53,20015.9
2026-06-02 20:00:00,72.52,76.85,72.41,74.31,29882.4
2026-06-03 00:00:00,74.32,75.04,72.42,72.54,18140.3
2026-06-03 04:00:00,72.54,75.73,72.54,75.23,13149.9
2026-06-03 08:00:00,75.22,75.25,73.45,73.89,13850.2
2026-06-03 12:00:00,73.89,73.99,72.51,72.63,26313.2
2026-06-03 16:00:00,72.63,72.9,71.8,72.11,14859.0
2026-06-03 20:00:00,72.11,72.79,70.92,70.93,12750.8
2026-06-04 00:00:00,70.93,72.1,67.0,71.36,33201.7
2026-06-04 04:00:00,71.35,71.52,69.22,69.58,9054.8
2026-06-04 08:00:00,69.58,69.9,67.85,68.35,12779.3
2026-06-04 12:00:00,68.36,71.76,68.13,71.51,15539.0
2026-06-04 16:00:00,71.51,73.78,69.65,69.83,30588.6
2026-06-04 20:00:00,69.84,69.89,68.46,69.52,11052.4
2026-06-05 00:00:00,69.5,70.36,67.38,67.69,14113.0
2026-06-05 04:00:00,67.7,68.88,65.69,68.34,15532.4
2026-06-05 08:00:00,68.34,68.34,61.38,65.9,102548.7
2026-06-05 12:00:00,65.88,68.51,64.9,65.68,22404.3
2026-06-05 16:00:00,65.65,66.55,63.92,65.43,17091.9
2026-06-05 20:00:00,65.39,67.91,64.57,65.8,9960.9
2026-06-06 00:00:00,65.82,66.6,64.2,64.44,9413.2
2026-06-06 04:00:00,64.44,65.43,63.03,64.58,14728.9
2026-06-06 08:00:00,64.59,64.76,63.29,64.08,8934.1
2026-06-06 12:00:00,64.1,65.09,63.73,64.36,9868.1
2026-06-06 16:00:00,64.3,65.31,63.47,65.08,7491.7
2026-06-06 20:00:00,65.08,69.89,64.96,69.78,17036.7
2026-06-07 00:00:00,69.78,69.96,67.47,67.91,13502.6
2026-06-07 04:00:00,67.91,69.33,67.57,68.93,9802.6
2026-06-07 08:00:00,68.96,71.37,68.78,69.81,14101.3
2026-06-07 12:00:00,69.8,70.39,68.66,69.12,11140.5
2026-06-07 16:00:00,69.12,69.67,67.59,67.76,8443.1
2026-06-07 20:00:00,67.76,70.54,67.64,69.37,8199.1
2026-06-08 00:00:00,69.37,69.78,68.37,68.99,6139.6
2026-06-08 04:00:00,68.99,69.04,67.87,68.21,5236.5
2026-06-08 08:00:00,68.22,69.06,67.66,68.86,8032.5
2026-06-08 12:00:00,68.86,70.36,68.12,68.16,17620.7
2026-06-08 16:00:00,68.2,68.45,66.95,67.67,11814.2
2026-06-08 20:00:00,67.7,69.6,66.59,66.86,24204.4
2026-06-09 00:00:00,66.86,66.95,65.38,66.62,11468.9
2026-06-09 04:00:00,66.62,68.21,66.53,67.66,6185.9
2026-06-09 08:00:00,67.64,67.65,66.61,66.88,7165.5
2026-06-09 12:00:00,66.89,67.36,64.49,64.54,18569.2
2026-06-09 16:00:00,64.54,66.02,64.28,65.9,9644.4
2026-06-09 20:00:00,65.84,66.25,65.28,65.66,5819.3
2026-06-10 00:00:00,65.68,66.33,65.1,65.4,6047.0
2026-06-10 04:00:00,65.42,65.72,64.73,65.26,5731.4
2026-06-10 08:00:00,65.26,65.81,64.2,64.46,10244.8
2026-06-10 12:00:00,64.46,65.88,64.31,64.89,10920.5
2026-06-10 16:00:00,64.91,65.91,64.52,64.64,8443.5
2026-06-10 20:00:00,64.64,65.84,63.77,65.54,9061.7
2026-06-11 00:00:00,65.5,66.1,63.57,64.3,27034.4
2026-06-11 04:00:00,64.29,64.97,63.82,64.26,7614.7
2026-06-11 08:00:00,64.28,65.62,64.17,65.2,10340.9
2026-06-11 12:00:00,65.18,65.34,63.21,65.13,21448.6
2026-06-11 16:00:00,65.14,66.43,64.57,66.01,8977.1
2026-06-11 20:00:00,66.01,68.75,65.58,68.61,10968.9
2026-06-12 00:00:00,68.61,70.13,67.38,67.59,19897.9
2026-06-12 04:00:00,67.59,68.1,66.76,66.76,9756.1
2026-06-12 08:00:00,66.77,67.46,66.41,66.47,7835.4
2026-06-12 12:00:00,66.47,67.0,65.89,66.11,10883.0
2026-06-12 16:00:00,66.11,66.36,65.6,66.04,7716.9
2026-06-12 20:00:00,66.0,66.46,65.95,66.34,4387.9
2026-06-13 00:00:00,66.32,66.69,65.91,66.47,5100.2
2026-06-13 04:00:00,66.47,66.83,66.12,66.7,3831.4
2026-06-13 08:00:00,66.69,66.77,66.15,66.48,3824.1
2026-06-13 12:00:00,66.47,67.12,66.26,67.01,6299.5
2026-06-13 16:00:00,67.01,67.28,66.33,67.08,4566.7
2026-06-13 20:00:00,67.06,69.22,66.92,68.69,10091.8
2026-06-14 00:00:00,68.68,69.02,68.32,68.99,4679.0
2026-06-14 04:00:00,68.98,69.11,68.33,69.09,3496.1
2026-06-14 08:00:00,69.1,69.43,68.22,68.56,4819.5
2026-06-14 12:00:00,68.51,68.72,66.32,67.06,7342.4
2026-06-14 16:00:00,67.06,67.37,66.52,66.89,3509.3
2026-06-14 20:00:00,66.88,68.52,66.84,68.3,6995.5
2026-06-15 00:00:00,68.31,69.63,67.95,69.43,5296.4
2026-06-15 04:00:00,69.43,69.73,68.85,68.96,3629.3
2026-06-15 08:00:00,68.97,69.73,68.49,69.69,5156.5
2026-06-15 12:00:00,69.68,71.52,69.39,71.2,14875.3
2026-06-15 16:00:00,71.19,71.47,70.18,70.49,7742.8
2026-06-15 20:00:00,70.5,70.85,69.95,70.54,4957.7
2026-06-16 00:00:00,70.55,70.97,69.74,70.95,7071.2
2026-06-16 04:00:00,70.94,71.99,70.77,71.59,6493.9
2026-06-16 08:00:00,71.64,73.29,71.2,72.25,10885.6
2026-06-16 12:00:00,72.27,72.79,71.33,71.65,9755.8
2026-06-16 16:00:00,71.66,72.53,71.18,71.47,7721.9
2026-06-16 20:00:00,71.47,71.69,70.5,70.76,5013.9
2026-06-17 00:00:00,70.76,71.86,70.57,71.55,4573.5
2026-06-17 04:00:00,71.54,72.14,70.91,71.2,4932.7
2026-06-17 08:00:00,71.21,71.26,70.2,70.57,4973.0
2026-06-17 12:00:00,70.54,71.48,70.32,71.44,4277.3
2026-06-17 16:00:00,71.43,71.9,69.8,70.22,6580.3
2026-06-17 20:00:00,70.23,70.59,69.78,70.46,4697.7
2026-06-18 00:00:00,70.43,70.85,69.93,70.02,3661.6
2026-06-18 04:00:00,70.03,70.38,69.38,70.21,4501.7
2026-06-18 08:00:00,70.19,70.61,69.87,69.94,3085.2
2026-06-18 12:00:00,69.94,70.32,68.01,68.17,8618.5
2026-06-18 16:00:00,68.17,71.46,67.5,69.81,14510.1
2026-06-18 20:00:00,69.79,70.61,69.42,69.93,8883.7
2026-06-19 00:00:00,69.92,70.54,68.89,69.33,6482.2
2026-06-19 04:00:00,69.33,70.11,68.99,69.6,5601.7
2026-06-19 08:00:00,69.59,69.68,69.01,69.4,7307.0
2026-06-19 12:00:00,69.37,72.94,69.36,71.86,16658.4
2026-06-19 16:00:00,71.91,72.32,70.69,70.86,6587.4
2026-06-19 20:00:00,70.84,72.03,70.6,71.87,7508.3
2026-06-20 00:00:00,71.84,71.87,70.43,70.55,4519.5
2026-06-20 04:00:00,70.54,71.1,70.38,70.38,3584.2
2026-06-20 08:00:00,70.38,71.01,70.21,70.55,4026.1
2026-06-20 12:00:00,70.54,71.41,69.76,70.75,8117.6
2026-06-20 16:00:00,70.75,70.97,70.01,70.24,8352.4
2026-06-20 20:00:00,70.24,70.69,69.65,70.27,4584.0
2026-06-21 00:00:00,70.25,71.05,69.96,70.86,7044.5
2026-06-21 04:00:00,70.86,71.08,70.5,70.75,5846.1
2026-06-21 08:00:00,70.73,71.03,70.38,70.83,5966.3
2026-06-21 12:00:00,70.8,71.24,69.67,70.99,10192.1
2026-06-21 16:00:00,70.98,71.0,70.34,70.39,5427.2
2026-06-21 20:00:00,70.42,70.73,69.87,70.17,5555.0
2026-06-22 00:00:00,70.16,72.0,70.02,70.66,11025.2
2026-06-22 04:00:00,70.64,70.97,70.18,70.64,5689.1
2026-06-22 08:00:00,70.64,70.99,70.34,70.42,7229.9
2026-06-22 12:00:00,70.42,73.72,69.86,71.4,47027.9
2026-06-22 16:00:00,71.4,71.51,69.1,70.08,27628.4
2026-06-22 20:00:00,70.05,70.52,69.5,70.51,16367.5
2026-06-23 00:00:00,70.51,70.91,68.79,69.02,12340.9
2026-06-23 04:00:00,69.01,69.14,67.77,67.89,12835.1
2026-06-23 08:00:00,67.91,68.75,66.77,68.23,16614.0
2026-06-23 12:00:00,68.22,72.02,67.39,71.33,38480.9
2026-06-23 16:00:00,71.33,72.01,69.82,70.0,17420.4
2026-06-23 20:00:00,69.97,70.92,69.91,70.66,5560.8
2026-06-24 00:00:00,70.67,70.86,69.05,69.22,10054.4
2026-06-24 04:00:00,69.22,69.9,69.02,69.48,5192.6
2026-06-24 08:00:00,69.5,69.66,68.78,69.11,5808.7
2026-06-24 12:00:00,69.12,69.18,67.4,67.68,13303.6
2026-06-24 16:00:00,67.67,68.02,66.31,67.01,13391.4
2026-06-24 20:00:00,67.03,68.6,66.89,68.56,5375.5
2026-06-25 00:00:00,68.58,68.9,67.99,68.22,5773.3
2026-06-25 04:00:00,68.22,68.77,68.09,68.19,3240.6
2026-06-25 08:00:00,68.17,68.34,67.25,67.71,4974.2
2026-06-25 12:00:00,67.72,68.04,64.82,66.49,16917.5
2026-06-25 16:00:00,66.5,66.84,65.19,65.38,6753.7
2026-06-25 20:00:00,65.38,65.76,64.6,64.7,6366.3
2026-06-26 00:00:00,64.7,64.76,63.2,64.25,12564.5
2026-06-26 04:00:00,64.24,64.61,63.74,64.28,6464.4
2026-06-26 08:00:00,64.26,64.78,63.65,64.22,14031.8
2026-06-26 12:00:00,64.23,66.74,63.81,66.37,19758.4
2026-06-26 16:00:00,66.38,68.27,65.83,67.33,10656.1
2026-06-26 20:00:00,67.35,67.98,66.8,67.63,7943.6
2026-06-27 00:00:00,67.66,68.26,66.01,66.31,8993.9
2026-06-27 04:00:00,66.32,66.58,65.87,66.16,3402.8
2026-06-27 08:00:00,66.15,66.15,65.66,66.07,3115.4
2026-06-27 12:00:00,66.04,66.88,65.88,66.5,8349.6
2026-06-27 16:00:00,66.5,66.57,65.34,65.65,4014.9
2026-06-27 20:00:00,65.64,65.99,65.38,65.53,3088.1
2026-06-28 00:00:00,65.54,65.72,65.1,65.48,2856.7
2026-06-28 04:00:00,65.49,65.83,64.92,65.19,6156.4
2026-06-28 08:00:00,65.18,65.68,65.05,65.62,3692.4
2026-06-28 12:00:00,65.61,65.72,65.06,65.15,4122.1
2026-06-28 16:00:00,65.16,65.23,64.26,64.37,4115.9
2026-06-28 20:00:00,64.36,64.68,63.66,64.56,4816.9
2026-06-29 00:00:00,64.55,65.61,64.29,65.42,4233.1
2026-06-29 04:00:00,65.4,65.84,64.96,65.1,3893.4
2026-06-29 08:00:00,65.11,65.81,64.79,64.86,5219.2
2026-06-29 12:00:00,64.9,66.7,64.69,65.52,29734.8
2026-06-29 16:00:00,65.47,66.24,64.87,65.86,18687.3
2026-06-29 20:00:00,65.89,66.04,65.37,65.6,3081.5
2026-06-30 00:00:00,65.61,65.87,64.96,65.28,4400.5
2026-06-30 04:00:00,65.26,66.2,65.15,65.79,3354.0
2026-06-30 08:00:00,65.81,65.96,65.27,65.62,5177.8
2026-06-30 12:00:00,65.61,65.61,63.9,64.26,24603.8
2026-06-30 16:00:00,64.26,65.88,64.2,65.11,26180.0
2026-06-30 20:00:00,65.17,65.42,64.62,64.77,3937.7
2026-07-01 00:00:00,64.75,65.04,63.82,64.81,4288.1
2026-07-01 04:00:00,64.84,65.97,64.66,65.15,7183.0
2026-07-01 08:00:00,65.15,66.2,64.69,66.2,7938.0
2026-07-01 12:00:00,66.2,68.2,65.69,67.89,10394.5
2026-07-01 16:00:00,67.9,67.94,66.78,66.81,7018.6
2026-07-01 20:00:00,66.81,67.96,66.71,66.83,5402.0
2026-07-02 00:00:00,66.83,67.49,66.34,67.31,5990.5
2026-07-02 04:00:00,67.29,67.35,66.48,66.85,4238.7
2026-07-02 08:00:00,66.85,67.92,66.7,67.27,13039.8
2026-07-02 12:00:00,67.26,68.28,67.0,67.46,7464.2
2026-07-02 16:00:00,67.47,67.59,66.8,67.36,5774.8
2026-07-02 20:00:00,67.3,67.72,67.01,67.54,3221.7
2026-07-03 00:00:00,67.57,67.7,66.9,67.12,4038.6
2026-07-03 04:00:00,67.12,67.62,67.01,67.5,2322.3
2026-07-03 08:00:00,67.52,68.3,67.36,68.11,3722.5
2026-07-03 12:00:00,68.13,68.41,67.67,68.01,4696.4
2026-07-03 16:00:00,67.99,68.38,67.87,68.17,3464.4
2026-07-03 20:00:00,68.16,68.56,68.06,68.38,3294.2
2026-07-04 00:00:00,68.38,68.59,67.75,68.06,3443.8
2026-07-04 04:00:00,68.05,68.22,67.41,67.84,3752.1
2026-07-04 08:00:00,67.82,67.94,67.06,67.63,5930.3
2026-07-04 12:00:00,67.63,69.04,67.63,69.01,9038.5
2026-07-04 16:00:00,69.0,69.1,68.46,68.57,5019.1
2026-07-04 20:00:00,68.57,68.65,67.96,68.17,3033.8
2026-07-05 00:00:00,68.18,68.26,67.36,67.54,3802.4
2026-07-05 04:00:00,67.52,67.73,67.24,67.59,2345.9
2026-07-05 08:00:00,67.61,67.61,66.37,66.82,8952.6
2026-07-05 12:00:00,66.82,67.2,66.7,67.13,4128.9
2026-07-05 16:00:00,67.14,67.32,66.53,67.04,4979.8
2026-07-05 20:00:00,67.03,67.93,66.89,67.58,3102.6
2026-07-06 00:00:00,67.59,67.85,66.88,66.93,5338.0
2026-07-06 04:00:00,66.94,67.01,66.09,66.44,5556.2
2026-07-06 08:00:00,66.45,66.65,66.01,66.03,5020.1
2026-07-06 12:00:00,66.02,67.0,65.41,66.88,10667.7
2026-07-06 16:00:00,66.89,67.18,66.35,66.53,6306.2
2026-07-06 20:00:00,66.53,67.31,66.06,66.1,5711.8
2026-07-07 00:00:00,66.1,66.51,65.2,65.7,7233.7
2026-07-07 04:00:00,65.71,66.03,65.32,65.61,3727.9
2026-07-07 08:00:00,65.62,66.13,65.57,65.97,3720.4
2026-07-07 12:00:00,65.98,66.75,65.86,66.71,7317.8
2026-07-07 16:00:00,66.71,67.09,66.2,66.49,5278.7
2026-07-07 20:00:00,66.5,66.59,65.9,65.91,3516.9
2026-07-08 00:00:00,65.93,66.24,65.21,65.69,6032.4
2026-07-08 04:00:00,65.69,66.35,65.63,66.16,4572.8
2026-07-08 08:00:00,66.16,66.21,64.77,65.17,10756.7
2026-07-08 12:00:00,65.16,65.23,63.91,64.44,9844.4
2026-07-08 16:00:00,64.44,65.4,64.07,65.4,11290.3
2026-07-08 20:00:00,65.39,66.19,64.73,65.78,6365.5
2026-07-09 00:00:00,65.78,65.98,65.05,65.45,4559.7
2026-07-09 04:00:00,65.46,66.2,65.35,66.16,3914.8
2026-07-09 08:00:00,66.18,66.32,65.75,66.15,3838.4
2026-07-09 12:00:00,66.15,66.56,65.78,66.13,7528.3
2026-07-09 16:00:00,66.13,67.95,65.77,67.74,7302.1
2026-07-09 20:00:00,67.74,68.79,67.58,68.04,6676.3
2026-07-10 00:00:00,68.05,69.05,67.77,68.37,5498.3
2026-07-10 04:00:00,68.37,68.69,67.47,67.66,6134.0
2026-07-10 08:00:00,67.65,68.79,67.64,68.5,4631.0
2026-07-10 12:00:00,68.52,69.05,67.96,68.65,5567.4
2026-07-10 16:00:00,68.65,69.0,68.46,68.72,5145.7
2026-07-10 20:00:00,68.72,68.75,67.96,67.98,2928.4
2026-07-11 00:00:00,67.96,68.02,67.68,67.75,3810.8
2026-07-11 04:00:00,67.74,67.78,67.2,67.58,5013.0
2026-07-11 08:00:00,67.56,67.64,67.17,67.25,2998.8
2026-07-11 12:00:00,67.25,67.3,66.55,66.74,5939.9
2026-07-11 16:00:00,66.74,67.35,66.32,66.9,6824.6
2026-07-11 20:00:00,66.9,67.06,65.79,65.82,3601.8
2026-07-12 00:00:00,65.82,66.63,65.66,66.39,6264.9
2026-07-12 04:00:00,66.39,66.62,65.57,65.61,4783.8
2026-07-12 08:00:00,65.6,65.84,65.48,65.78,4419.7
2026-07-12 12:00:00,65.79,66.16,65.61,65.97,5547.9
2026-07-12 16:00:00,65.98,65.99,65.53,65.76,6038.7
2026-07-12 20:00:00,65.76,65.85,65.15,65.47,5867.6
2026-07-13 00:00:00,65.46,65.91,64.68,64.84,6673.3
2026-07-13 04:00:00,64.83,65.45,64.73,65.39,3891.5
2026-07-13 08:00:00,65.39,66.28,65.3,65.85,5848.7
2026-07-13 12:00:00,65.86,65.92,64.28,64.37,9600.0
2026-07-13 16:00:00,64.37,65.13,63.91,64.69,10629.6
2026-07-13 20:00:00,64.7,64.9,64.24,64.73,4842.4
2026-07-14 00:00:00,64.71,65.01,63.99,64.2,3532.6
2026-07-14 04:00:00,64.2,64.42,63.78,63.82,4387.4
2026-07-14 08:00:00,63.82,64.12,63.6,63.66,6535.2
2026-07-14 12:00:00,63.66,65.26,63.62,64.77,14608.8
2026-07-14 16:00:00,64.75,64.88,64.28,64.48,7484.8
2026-07-14 20:00:00,64.46,65.83,64.4,65.78,6555.7
2026-07-15 00:00:00,65.79,66.15,65.26,65.96,4661.8
2026-07-15 04:00:00,65.95,66.12,65.25,65.25,3391.6
2026-07-15 08:00:00,65.28,65.63,64.79,65.06,4818.0
2026-07-15 12:00:00,65.07,65.78,64.76,64.82,7329.3
2026-07-15 16:00:00,64.82,65.08,64.25,64.88,7826.1
2026-07-15 20:00:00,64.86,65.21,64.73,65.18,4097.5
2026-07-16 00:00:00,65.17,65.93,64.49,64.73,9876.6
2026-07-16 04:00:00,64.74,65.3,64.64,65.01,5521.3
2026-07-16 08:00:00,65.04,65.14,64.29,64.86,6341.9
2026-07-16 12:00:00,64.87,65.23,64.41,64.79,5649.6
2026-07-16 16:00:00,64.79,64.97,63.72,63.79,8442.1
2026-07-16 20:00:00,63.8,64.19,63.61,63.68,5973.3
2026-07-17 00:00:00,63.68,64.06,63.3,63.99,5981.6
2026-07-17 04:00:00,64.01,64.26,63.49,64.13,8165.9
2026-07-17 08:00:00,64.13,66.35,63.52,66.23,15760.5
2026-07-17 12:00:00,66.23,67.76,65.78,67.45,17109.7
2026-07-17 16:00:00,67.44,67.79,65.72,65.82,9675.6
2026-07-17 20:00:00,65.82,66.08,64.9,65.06,7220.8
2026-07-18 00:00:00,65.05,65.17,64.52,64.69,5704.0
2026-07-18 04:00:00,64.7,64.8,64.47,64.66,3421.0
2026-07-18 08:00:00,64.65,64.93,64.04,64.19,6815.9
2026-07-18 12:00:00,64.18,64.69,64.08,64.53,3178.9
2026-07-18 16:00:00,64.52,64.95,64.44,64.62,4268.1
2026-07-18 20:00:00,64.62,64.64,63.71,63.82,6348.4
2026-07-19 00:00:00,63.8,64.59,63.75,64.59,5092.8
2026-07-19 04:00:00,64.6,64.83,64.42,64.51,4081.7
2026-07-19 08:00:00,64.5,64.64,64.07,64.17,3874.8
2026-07-19 12:00:00,64.16,64.35,63.88,64.26,4086.0
2026-07-19 16:00:00,64.25,64.52,63.94,64.12,4183.1
2026-07-19 20:00:00,64.13,64.25,63.89,64.14,3610.8
2026-07-20 00:00:00,64.15,64.42,63.84,63.95,3911.3
2026-07-20 04:00:00,63.95,64.08,62.71,63.16,8919.7
2026-07-20 08:00:00,63.15,63.66,62.75,63.65,5664.7
2026-07-20 12:00:00,63.64,63.9,62.92,63.75,11781.1
2026-07-20 16:00:00,63.74,64.44,63.5,63.99,8640.7
2026-07-20 20:00:00,64.01,64.84,63.91,64.77,5853.3
2026-07-21 00:00:00,64.72,65.0,63.97,64.49,5213.2
2026-07-21 04:00:00,64.49,64.67,64.0,64.28,7211.2
2026-07-21 08:00:00,64.29,64.44,63.69,63.69,7776.0
2026-07-21 12:00:00,63.69,64.78,63.64,64.61,11336.8
2026-07-21 16:00:00,64.61,64.86,64.31,64.57,6475.5
2026-07-21 20:00:00,64.57,65.46,64.21,64.31,22968.8
2026-07-22 00:00:00,64.32,64.5,63.7,63.72,6254.3
2026-07-22 04:00:00,63.72,64.06,63.7,63.81,5810.1
2026-07-22 08:00:00,63.81,64.5,63.54,64.28,8193.3
2026-07-22 12:00:00,64.28,64.52,63.82,63.98,6877.2
2026-07-22 16:00:00,63.98,64.1,63.42,63.56,7023.9
2026-07-22 20:00:00,63.54,63.81,63.35,63.66,3025.2
2026-07-23 00:00:00,63.66,63.77,63.05,63.18,4380.6
2026-07-23 04:00:00,63.17,64.12,63.14,64.12,4492.6
2026-07-23 08:00:00,64.12,64.39,63.41,63.59,7202.5
2026-07-23 12:00:00,63.59,63.67,62.33,63.27,15819.9
2026-07-23 16:00:00,63.27,64.04,63.05,63.18,9151.1
2026-07-23 20:00:00,63.18,63.76,63.18,63.66,5011.7
2026-07-24 00:00:00,63.68,63.91,63.27,63.6,5711.9
2026-07-24 04:00:00,63.59,63.87,63.48,63.75,4812.6
2026-07-24 08:00:00,63.74,63.75,63.24,63.32,5263.2
2026-07-24 12:00:00,63.3,63.46,62.45,63.34,12744.7
2026-07-24 16:00:00,63.33,64.4,63.18,64.28,19905.8
2026-07-24 20:00:00,64.28,64.4,63.23,63.43,6573.4
2026-07-25 00:00:00,63.43,63.77,63.33,63.49,4059.2
2026-07-25 04:00:00,63.51,63.64,63.19,63.33,4547.7
2026-07-25 08:00:00,63.34,63.51,63.06,63.06,3601.4
2026-07-25 12:00:00,63.06,63.37,63.03,63.12,4111.9
2026-07-25 16:00:00,63.13,63.5,62.92,63.25,6230.0
2026-07-25 20:00:00,63.25,63.65,63.19,63.25,4025.4
2026-07-26 00:00:00,63.26,63.88,63.25,63.8,4301.2
2026-07-26 04:00:00,63.83,64.01,62.53,63.43,9079.0
2026-07-26 08:00:00,63.43,63.43,62.59,62.99,7769.1
2026-07-26 12:00:00,62.99,63.36,62.78,63.31,5502.1
2026-07-26 16:00:00,63.3,64.2,63.26,63.51,10200.6
2026-07-26 20:00:00,63.52,63.89,63.02,63.64,5132.7
2026-07-27 00:00:00,63.65,63.84,63.24,63.31,3628.9
2026-07-27 04:00:00,63.32,63.32,62.88,62.89,3955.5
2026-07-27 08:00:00,62.89,62.92,62.27,62.66,10047.3
2026-07-27 12:00:00,62.67,63.2,61.85,61.94,15792.2
2026-07-27 16:00:00,61.95,62.31,61.22,62.3,11655.6
2026-07-27 20:00:00,62.3,62.77,61.27,61.43,7281.6
2026-07-28 00:00:00,61.45,62.05,61.07,61.79,10203.2
2026-07-28 04:00:00,61.8,62.4,61.36,61.97,8392.1
2026-07-28 08:00:00,61.96,61.98,61.07,61.39,8845.6
2026-07-28 12:00:00,61.39,61.83,60.13,61.31,14622.6
2026-07-28 16:00:00,61.3,61.3,60.14,60.39,6903.4
2026-07-28 20:00:00,60.39,60.82,60.06,60.56,5644.9
2026-07-29 00:00:00,60.56,60.89,59.78,59.98,9949.3
2026-07-29 04:00:00,59.98,60.37,59.41,60.36,7146.1
2026-07-29 08:00:00,60.36,60.49,60.02,60.46,4012.6
2026-07-29 12:00:00,60.47,60.97,59.91,60.51,8309.7
2026-07-29 16:00:00,60.52,61.86,60.28,60.43,11378.5
2026-07-29 20:00:00,60.43,60.78,59.99,60.57,5293.1
2026-07-30 00:00:00,60.56,61.06,60.51,60.72,7289.2
2026-07-30 04:00:00,60.72,61.18,60.61,60.76,7092.7
2026-07-30 08:00:00,60.76,60.77,60.39,60.55,6729.5
2026-07-30 12:00:00,60.54,61.34,60.32,60.66,10841.5
2026-07-30 16:00:00,60.65,60.97,60.13,60.73,5345.1
2026-07-30 20:00:00,60.71,61.12,60.63,60.64,4065.4
2026-07-31 00:00:00,60.64,61.01,60.54,60.81,4383.5
2026-07-31 04:00:00,60.79,60.96,60.54,60.75,2883.6
2026-07-31 08:00:00,60.74,60.87,59.75,59.98,6349.1
2026-07-31 12:00:00,59.99,60.15,59.61,59.97,7645.3
2026-07-31 16:00:00,59.96,60.5,59.83,60.04,5712.6
2026-07-31 20:00:00,60.04,60.21,59.9,60.08,4252.4
2026-08-01 00:00:00,60.08,60.66,60.08,60.66,4347.2
2026-08-01 04:00:00,60.67,61.37,60.65,61.25,4684.9
2026-08-01 08:00:00,61.26,62.92,61.19,62.87,12467.5
2026-08-01 12:00:00,62.88,62.9,61.67,61.81,7239.4
2026-08-01 16:00:00,61.8,61.93,60.78,60.98,7796.0
2026-08-01 20:00:00,60.99,61.31,60.61,61.12,3873.1
2026-08-02 00:00:00,61.13,61.98,61.07,61.6,4919.7
2026-08-02 04:00:00,61.61,61.87,61.05,61.18,6177.5
2026-08-02 08:00:00,61.18,61.43,60.52,60.68,7329.4
2026-08-02 12:00:00,60.67,60.86,59.86,60.18,9592.7
2026-08-02 16:00:00,60.19,60.55,60.03,60.44,4669.6
2026-08-02 20:00:00,60.44,60.64,60.33,60.42,3512.4
2026-08-03 00:00:00,60.42,60.48,59.74,59.85,5535.2
2026-08-03 04:00:00,59.84,60.12,59.71,60.07,6052.8
2026-08-03 08:00:00,60.07,60.23,58.57,59.56,12758.2
2026-08-03 12:00:00,59.57,60.64,59.46,59.88,12151.2
2026-08-03 16:00:00,59.87,60.13,59.7,59.84,7139.7
2026-08-03 20:00:00,59.84,59.94,59.5,59.64,6627.5
2026-08-04 00:00:00,59.63,60.15,59.51,59.97,7147.1
2026-08-04 04:00:00,59.97,60.23,59.68,59.85,5540.7
2026-08-04 08:00:00,59.85,60.58,59.77,60.53,5683.0
2026-08-04 12:00:00,60.52,60.74,59.67,59.75,7738.3
2026-08-04 16:00:00,59.74,61.12,59.61,60.69,10962.1
2026-08-04 20:00:00,60.68,61.32,60.25,61.23,13667.7
2026-08-05 00:00:00,61.22,61.33,60.17,60.23,6925.0
2026-08-05 04:00:00,60.2,60.41,59.77,59.96,3765.0
2026-08-05 08:00:00,59.96,60.21,59.77,60.02,4592.7
2026-08-05 12:00:00,60.03,60.25,59.67,59.83,6012.2
2026-08-05 16:00:00,59.83,60.17,59.58,59.68,6340.7
2026-08-05 20:00:00,59.68,60.0,59.47,59.69,5247.4
2026-08-06 00:00:00,59.68,60.09,59.56,59.58,6600.9
2026-08-06 04:00:00,59.59,59.73,59.11,59.44,8875.9
2026-08-06 08:00:00,59.42,59.61,59.07,59.58,8670.6
2026-08-06 12:00:00,59.56,60.08,59.22,59.8,7041.5
2026-08-06 16:00:00,59.79,59.8,59.28,59.29,6036.1
2026-08-06 20:00:00,59.29,59.52,59.01,59.33,5445.6
2026-08-07 00:00:00,59.33,59.87,59.0,59.13,9692.9
2026-08-07 04:00:00,59.11,59.39,59.07,59.3,3432.2
2026-08-07 08:00:00,59.29,59.47,59.02,59.11,3715.3
2026-08-07 12:00:00,59.11,59.84,58.89,59.26,11186.6
2026-08-07 16:00:00,59.27,60.04,59.09,59.31,10403.0
2026-08-07 20:00:00,59.31,59.93,59.25,59.82,3395.7
2026-08-08 00:00:00,59.83,60.0,59.35,59.62,5626.6
2026-08-08 04:00:00,59.63,59.82,58.68,59.17,5739.7
2026-08-08 08:00:00,59.16,59.26,59.0,59.24,3140.0
2026-08-08 12:00:00,59.23,59.82,58.65,59.17,11005.0
2026-08-08 16:00:00,59.17,59.51,58.43,59.22,14206.7
2026-08-08 20:00:00,59.21,59.42,59.12,59.16,3734.5
2026-08-09 00:00:00,59.16,59.28,58.88,58.98,2277.6
2026-08-09 04:00:00,58.98,59.34,58.93,59.04,2753.1
2026-08-09 08:00:00,59.05,59.33,58.8,58.91,4583.2
2026-08-09 12:00:00,58.9,59.01,58.52,58.83,3928.1
2026-08-09 16:00:00,58.83,59.01,58.06,58.62,7964.8
2026-08-09 20:00:00,58.64,58.67,58.07,58.25,7317.5
2026-08-10 00:00:00,58.24,58.44,57.81,57.87,3636.6
2026-08-10 04:00:00,57.88,58.26,57.76,58.16,3899.6
2026-08-10 08:00:00,58.18,58.53,58.13,58.27,4100.7
2026-08-10 12:00:00,58.27,58.78,57.77,57.9,7423.3
2026-08-10 16:00:00,57.87,57.99,57.01,57.63,11350.7
2026-08-10 20:00:00,57.63,58.29,57.37,58.02,7625.5
2026-08-11 00:00:00,58.03,58.46,57.84,57.85,6156.0
2026-08-11 04:00:00,57.83,58.02,57.67,57.67,4571.0
2026-08-11 08:00:00,57.69,58.84,57.63,58.4,5136.2
2026-08-11 12:00:00,58.41,58.69,56.53,56.91,9231.5
2026-08-11 16:00:00,56.91,57.76,56.56,57.76,5820.9
2026-08-11 20:00:00,57.72,58.01,57.02,57.98,7619.3
2026-08-12 00:00:00,57.98,58.08,57.47,57.61,3321.0
2026-08-12 04:00:00,57.6,57.9,57.37,57.62,3002.3
2026-08-12 08:00:00,57.61,58.66,57.36,58.22,5204.1
2026-08-12 12:00:00,58.23,59.55,57.95,58.87,22885.2
2026-08-12 16:00:00,58.87,59.56,57.94,58.28,14921.3
2026-08-12 20:00:00,58.28,58.57,57.71,58.26,6228.1
2026-08-13 00:00:00,58.25,58.47,57.96,58.06,4963.7
2026-08-13 04:00:00,58.05,58.16,57.73,57.86,5239.7
2026-08-13 08:00:00,57.86,58.31,57.48,57.59,5884.6
2026-08-13 12:00:00,57.59,58.59,57.55,57.91,9023.7
2026-08-13 16:00:00,57.92,58.75,57.87,58.67,5628.4
2026-08-13 20:00:00,58.66,59.14,58.65,59.05,4222.9
2026-08-14 00:00:00,59.07,59.14,58.38,58.46,3490.9
2026-08-14 04:00:00,58.44,58.68,58.24,58.29,2083.2
2026-08-14 08:00:00,58.24,58.78,58.16,58.34,3797.9
2026-08-14 12:00:00,58.33,58.73,57.7,58.11,8738.9
2026-08-14 16:00:00,58.11,58.45,57.85,57.98,4081.1
2026-08-14 20:00:00,57.98,58.21,57.83,58.12,1962.2
2026-08-15 00:00:00,58.13,58.22,57.87,57.93,2086.7
2026-08-15 04:00:00,57.94,58.07,57.82,57.91,2358.0
2026-08-15 08:00:00,57.9,58.62,57.88,58.33,3327.5
2026-08-15 12:00:00,58.32,58.38,57.95,58.02,2297.0
2026-08-15 16:00:00,58.01,58.14,57.55,57.69,3751.4
2026-08-15 20:00:00,57.69,57.84,57.51,57.7,1654.8
2026-08-16 00:00:00,57.71,57.81,57.65,57.7,1346.9
2026-08-16 04:00:00,57.71,57.78,57.0,57.32,6720.0
2026-08-16 08:00:00,57.32,57.59,57.25,57.43,2584.4
2026-08-16 12:00:00,57.42,57.54,57.15,57.31,2607.3
2026-08-16 16:00:00,57.3,57.44,56.85,57.02,3231.4
2026-08-16 20:00:00,57.02,57.04,56.01,56.83,6404.5
2026-08-17 00:00:00,56.84,56.99,55.55,55.83,10600.6
2026-08-17 04:00:00,55.83,56.13,55.36,55.73,6917.1
2026-08-17 08:00:00,55.73,56.02,55.64,55.71,4527.6
2026-08-17 12:00:00,55.7,57.74,55.54,56.99,16346.9
2026-08-17 16:00:00,56.99,57.54,56.74,56.95,5345.3
2026-08-17 20:00:00,56.95,57.22,56.55,56.82,4370.9
2026-08-18 00:00:00,56.81,56.97,55.76,56.04,5688.3
2026-08-18 04:00:00,56.04,56.18,55.67,55.83,3373.5
2026-08-18 08:00:00,55.82,55.93,55.61,55.72,5023.5
2026-08-18 12:00:00,55.73,56.45,55.44,56.19,12162.3
2026-08-18 16:00:00,56.18,56.45,55.83,55.89,3806.2
2026-08-18 20:00:00,55.89,55.95,55.64,55.82,2543.0
2026-08-19 00:00:00,55.82,56.45,55.65,56.24,4775.4
2026-08-19 04:00:00,56.24,56.91,56.08,56.63,3706.8
2026-08-19 08:00:00,56.63,56.69,56.25,56.4,3486.5
2026-08-19 12:00:00,56.4,58.52,56.29,58.07,19723.6
2026-08-19 16:00:00,58.09,58.48,57.18,58.09,11290.3
2026-08-19 20:00:00,58.12,59.18,57.94,58.76,11554.5
2026-08-20 00:00:00,58.75,59.27,58.51,58.9,5953.2
2026-08-20 04:00:00,58.9,59.45,58.71,59.45,3289.4
2026-08-20 08:00:00,59.46,62.24,59.42,61.5,15506.6
2026-08-20 12:00:00,61.52,62.5,61.08,61.86,12080.7
2026-08-20 16:00:00,61.87,62.13,61.2,61.36,6624.6
2026-08-20 20:00:00,61.37,62.41,61.28,62.16,3973.1
2026-08-21 00:00:00,62.16,62.75,61.53,61.62,5625.2
2026-08-21 04:00:00,61.61,62.65,61.46,62.5,5867.4
2026-08-21 08:00:00,62.5,64.5,62.5,63.85,15153.8
2026-08-21 12:00:00,63.84,64.93,62.97,64.82,16538.7
2026-08-21 16:00:00,64.83,64.94,63.38,63.69,8218.1
2026-08-21 20:00:00,63.66,66.81,63.53,66.57,10824.8
2026-08-22 00:00:00,66.57,67.85,65.36,67.34,8106.1
2026-08-22 04:00:00,67.34,68.62,57.26,64.79,27076.0
2026-08-22 08:00:00,64.8,65.2,63.06,64.31,10451.4
2026-08-22 12:00:00,64.3,64.9,63.1,63.15,8484.2
2026-08-22 16:00:00,63.15,64.14,63.0,63.96,6452.6
2026-08-22 20:00:00,63.94,64.08,62.72,63.24,5141.7
2026-08-23 00:00:00,63.23,63.76,62.78,63.53,6511.2
2026-08-23 04:00:00,63.53,63.67,62.38,62.47,7364.8
2026-08-23 08:00:00,62.48,64.48,62.43,64.38,6633.2
2026-08-23 12:00:00,64.38,65.32,63.83,64.83,5841.7
2026-08-23 16:00:00,64.84,65.66,64.6,65.14,5728.1
2026-08-23 20:00:00,65.12,65.73,64.16,64.89,5031.9
2026-08-24 00:00:00,64.87,64.96,63.52,63.78,5861.1
2026-08-24 04:00:00,63.79,64.74,63.58,63.89,5961.4
2026-08-24 08:00:00,63.9,65.31,63.44,65.3,7560.8
2026-08-24 12:00:00,65.32,65.61,63.75,64.38,13141.9
2026-08-24 16:00:00,64.41,64.92,63.85,64.09,8389.2
2026-08-24 20:00:00,64.09,64.73,63.78,64.35,5481.4
2026-08-25 00:00:00,64.34,65.57,63.97,65.39,7785.4
2026-08-25 04:00:00,65.4,66.4,64.73,64.97,10813.3
2026-08-25 08:00:00,64.98,65.7,64.47,64.59,4026.4
2026-08-25 12:00:00,64.59,66.07,64.27,65.3,10691.6
2026-08-25 16:00:00,65.3,65.3,63.85,64.02,4077.2
2026-08-25 20:00:00,64.02,64.06,62.74,63.31,5946.2
2026-08-26 00:00:00,63.31,63.78,63.11,63.51,3097.4
2026-08-26 04:00:00,63.5,63.78,62.53,62.6,4556.9
2026-08-26 08:00:00,62.59,63.12,62.12,62.39,11131.8
2026-08-26 12:00:00,62.4,62.89,60.57,60.88,15301.1
2026-08-26 16:00:00,60.9,62.57,60.63,62.24,8602.4
2026-08-26 20:00:00,62.27,63.19,61.68,63.12,4469.7
2026-08-27 00:00:00,63.13,63.54,62.55,62.59,5247.6
2026-08-27 04:00:00,62.6,62.76,62.21,62.72,2589.5
2026-08-27 08:00:00,62.7,63.74,62.16,62.33,8762.7
2026-08-27 12:00:00,62.3,62.93,62.03,62.84,6044.2
2026-08-27 16:00:00,62.85,63.69,62.57,62.93,4842.7
2026-08-27 20:00:00,62.96,63.53,62.78,63.16,3084.2
2026-08-28 00:00:00,63.16,63.54,61.91,62.2,4445.2
2026-08-28 04:00:00,62.19,62.48,61.79,62.37,3221.8
2026-08-28 08:00:00,62.41,63.41,61.83,63.29,4157.1
2026-08-28 12:00:00,63.29,63.42,60.94,60.95,12158.7
2026-08-28 16:00:00,60.95,61.25,60.32,60.77,9378.8
2026-08-28 20:00:00,60.76,61.14,60.72,61.07,4227.3
2026-08-29 00:00:00,61.05,61.48,60.89,60.97,2606.1
2026-08-29 04:00:00,60.98,61.56,60.95,61.23,3100.4
2026-08-29 08:00:00,61.24,61.3,60.79,60.88,2978.5
2026-08-29 12:00:00,60.88,61.5,60.77,61.48,2984.0
2026-08-29 16:00:00,61.49,61.61,60.9,61.06,3293.8
2026-08-29 20:00:00,61.06,61.6,60.95,61.36,2962.4
2026-08-30 00:00:00,61.36,61.89,61.23,61.64,3159.4
2026-08-30 04:00:00,61.64,61.73,61.25,61.4,2207.4
2026-08-30 08:00:00,61.39,61.68,61.2,61.54,2431.3
2026-08-30 12:00:00,61.56,62.05,61.55,61.69,3448.0
2026-08-30 16:00:00,61.71,62.14,61.12,61.41,3884.7
2026-08-30 20:00:00,61.4,61.61,59.27,59.94,7517.7
2026-08-31 00:00:00,59.9,60.51,59.7,60.38,5964.8
2026-08-31 04:00:00,60.38,61.18,60.0,60.98,4866.9
2026-08-31 08:00:00,60.99,62.54,60.73,61.57,11116.2
2026-08-31 12:00:00,61.57,61.87,60.91,61.12,5287.4
2026-08-31 16:00:00,61.12,61.66,60.94,61.41,3791.7
2026-08-31 20:00:00,61.41,61.53,60.71,61.03,3821.2
2026-09-01 00:00:00,61.02,61.49,60.96,61.35,3127.6
2026-09-01 04:00:00,61.35,61.63,61.05,61.43,3624.6
2026-09-01 08:00:00,61.42,61.97,60.7,61.84,7957.3
2026-09-01 12:00:00,61.83,63.54,61.71,63.49,17441.9
2026-09-01 16:00:00,63.48,64.35,62.71,63.33,13583.7
2026-09-01 20:00:00,63.33,64.33,62.51,63.56,18577.8
2026-09-02 00:00:00,63.56,64.66,63.14,64.06,14664.4
2026-09-02 04:00:00,64.05,66.32,63.82,64.73,21869.7
2026-09-02 08:00:00,64.73,65.49,63.06,63.86,17789.8
2026-09-02 12:00:00,63.88,64.76,63.44,64.21,13697.1
2026-09-02 16:00:00,64.21,65.7,63.96,64.31,13071.8
2026-09-02 20:00:00,64.32,64.49,63.47,64.43,10396.7
2026-09-03 00:00:00,64.43,64.81,63.9,64.5,7675.7
2026-09-03 04:00:00,64.5,64.84,64.2,64.62,3778.2
2026-09-03 08:00:00,64.61,65.82,64.34,65.59,6835.0
2026-09-03 12:00:00,65.59,66.09,64.73,65.92,11064.9
2026-09-03 16:00:00,65.92,66.03,64.89,65.14,9875.3
2026-09-03 20:00:00,65.18,65.71,64.88,65.23,7269.5
2026-09-04 00:00:00,65.23,65.62,65.05,65.44,5515.7
2026-09-04 04:00:00,65.43,65.85,65.1,65.27,3525.3
2026-09-04 08:00:00,65.26,67.3,65.23,66.32,12921.2
2026-09-04 12:00:00,66.32,66.37,64.0,64.28,11316.3
2026-09-04 16:00:00,64.26,64.5,63.57,63.67,6387.4
2026-09-04 20:00:00,63.66,63.78,63.26,63.6,5842.6
2026-09-05 00:00:00,63.59,63.83,63.45,63.47,3659.2
2026-09-05 04:00:00,63.46,64.16,63.31,64.09,3864.0
2026-09-05 08:00:00,64.09,64.2,63.66,63.67,3020.1
2026-09-05 12:00:00,63.66,64.28,63.58,63.84,6454.9
2026-09-05 16:00:00,63.84,65.45,63.83,64.74,9159.3
2026-09-05 20:00:00,64.73,65.03,64.49,64.82,2684.8
2026-09-06 00:00:00,64.83,66.24,64.7,65.67,5383.0
2026-09-06 04:00:00,65.68,67.08,65.07,66.01,7440.1
2026-09-06 08:00:00,65.99,66.08,65.23,65.71,5721.6
2026-09-06 12:00:00,65.71,65.9,64.71,65.56,5333.4
2026-09-06 16:00:00,65.55,66.06,65.28,65.91,3960.3
2026-09-06 20:00:00,65.91,67.05,65.79,66.97,4063.6
2026-09-07 00:00:00,66.96,67.18,66.17,66.44,5482.8
2026-09-07 04:00:00,66.42,66.72,65.26,65.74,6013.1
2026-09-07 08:00:00,65.75,66.04,64.94,65.49,8798.6
2026-09-07 12:00:00,65.47,66.45,65.18,65.46,5376.8
2026-09-07 16:00:00,65.49,66.83,65.38,66.58,5332.1
2026-09-07 20:00:00,66.57,66.81,65.82,66.51,4251.2
2026-09-08 00:00:00,66.53,66.78,65.95,66.27,3015.9
2026-09-08 04:00:00,66.26,66.35,65.42,66.03,3956.7
2026-09-08 08:00:00,66.07,67.54,65.68,66.76,6570.2
2026-09-08 12:00:00,66.8,68.2,66.38,67.88,11600.8
2026-09-08 16:00:00,67.85,68.89,67.32,67.41,9143.7
2026-09-08 20:00:00,67.41,67.47,66.65,67.0,5400.7
2026-09-09 00:00:00,67.02,67.42,66.91,67.05,3607.4
2026-09-09 04:00:00,67.04,69.88,67.04,69.08,10425.9
2026-09-09 08:00:00,69.09,69.22,67.55,67.91,7804.1
2026-09-09 12:00:00,67.9,67.95,66.24,66.89,8649.4
2026-09-09 16:00:00,66.91,67.35,66.32,66.38,4507.7
2026-09-09 20:00:00,66.4,67.6,65.93,67.09,9458.7
2026-09-10 00:00:00,67.1,67.78,66.37,67.31,5980.9
2026-09-10 04:00:00,67.28,67.45,66.24,66.43,4431.5
2026-09-10 08:00:00,66.43,66.7,65.89,66.09,4036.6
2026-09-10 12:00:00,66.08,66.29,64.11,65.55,13494.5
2026-09-10 16:00:00,65.54,66.32,64.98,65.48,8369.1
2026-09-10 20:00:00,65.47,65.48,64.41,64.42,4413.6
2026-09-11 00:00:00,64.44,64.83,63.64,64.45,8364.4
2026-09-11 04:00:00,64.46,65.01,64.38,64.61,2600.0
2026-09-11 08:00:00,64.63,64.82,63.64,64.04,10387.4
2026-09-11 12:00:00,64.04,65.96,63.52,64.52,13987.4
2026-09-11 16:00:00,64.48,65.35,63.59,64.01,7663.9
2026-09-11 20:00:00,64.0,64.14,62.69,63.28,7025.9
2026-09-12 00:00:00,63.28,64.23,63.25,64.12,7801.7
2026-09-12 04:00:00,64.13,64.41,63.82,63.85,3095.5
2026-09-12 08:00:00,63.85,64.54,63.78,64.31,4895.5
2026-09-12 12:00:00,64.33,64.68,64.2,64.28,3503.9
2026-09-12 16:00:00,64.29,64.34,63.87,64.02,3755.1
2026-09-12 20:00:00,64.01,64.09,63.5,63.85,2536.5
2026-09-13 00:00:00,63.84,64.37,63.75,63.94,3747.2
2026-09-13 04:00:00,63.94,64.19,63.81,63.97,2701.5
2026-09-13 08:00:00,63.97,64.1,63.38,63.97,3686.9
2026-09-13 12:00:00,63.97,64.49,63.68,63.97,4554.1
2026-09-13 16:00:00,63.97,65.52,63.94,64.32,7271.4
2026-09-13 20:00:00,64.31,64.51,62.76,62.97,6649.5
2026-09-14 00:00:00,62.97,63.65,62.03,63.54,8048.9
2026-09-14 04:00:00,63.55,64.14,63.52,63.66,3552.1
2026-09-14 08:00:00,63.67,64.11,63.37,63.9,4994.2
2026-09-14 12:00:00,63.91,64.75,63.56,64.53,7544.2
2026-09-14 16:00:00,64.51,64.72,63.2,63.87,11049.5
2026-09-14 20:00:00,63.87,64.7,63.75,64.43,6916.3
2026-09-15 00:00:00,64.43,64.81,64.14,64.64,7750.1
2026-09-15 04:00:00,64.63,64.99,63.2,63.24,7126.4
2026-09-15 08:00:00,63.26,63.36,62.07,62.79,12074.5
2026-09-15 12:00:00,62.79,63.11,61.46,62.47,17390.6
2026-09-15 16:00:00,62.47,62.96,61.0,61.37,10054.6
2026-09-15 20:00:00,61.39,61.61,60.38,61.11,9162.2
2026-09-16 00:00:00,61.11,61.24,60.2,60.6,5508.8
2026-09-16 04:00:00,60.59,61.02,59.49,59.65,11192.1
2026-09-16 08:00:00,59.65,60.04,59.16,59.98,8563.0
2026-09-16 12:00:00,59.98,60.1,58.54,59.89,16062.6
2026-09-16 16:00:00,59.9,60.26,58.81,59.83,10929.7
2026-09-16 20:00:00,59.83,61.3,59.78,61.04,6186.0
2026-09-17 00:00:00,61.06,61.21,60.3,60.33,6321.0
2026-09-17 04:00:00,60.34,60.72,60.3,60.58,4293.2
2026-09-17 08:00:00,60.57,61.85,60.57,61.33,7520.9
2026-09-17 12:00:00,61.32,62.06,60.62,61.47,8377.8
2026-09-17 16:00:00,61.49,61.63,60.96,61.12,8534.2
2026-09-17 20:00:00,61.12,61.38,60.67,61.14,5352.7
2026-09-18 00:00:00,61.14,62.65,60.74,62.58,7888.0
2026-09-18 04:00:00,62.59,63.17,62.15,62.58,9390.6
2026-09-18 08:00:00,62.58,63.32,61.88,62.79,11473.5
2026-09-18 12:00:00,62.78,64.2,62.3,63.73,15090.3
2026-09-18 16:00:00,63.74,64.01,63.11,63.61,11578.8
2026-09-18 20:00:00,63.63,63.82,63.15,63.22,10269.7
2026-09-19 00:00:00,63.23,63.79,62.95,63.56,11317.0
2026-09-19 04:00:00,63.58,63.81,62.84,63.5,12305.7
2026-09-19 08:00:00,63.51,65.23,63.34,65.15,11362.3
2026-09-19 12:00:00,65.17,66.0,65.12,65.4,10461.1
2026-09-19 16:00:00,65.4,65.61,64.89,65.3,8971.9
2026-09-19 20:00:00,65.3,66.46,64.8,65.61,9549.9
2026-09-20 00:00:00,65.61,66.05,64.06,64.5,16247.8
2026-09-20 04:00:00,64.5,64.54,63.78,63.87,9388.0
2026-09-20 08:00:00,63.87,64.13,63.18,63.82,8911.2
2026-09-20 12:00:00,63.81,64.42,63.41,64.36,11282.4
2026-09-20 16:00:00,64.38,65.31,64.19,64.49,14874.9
2026-09-20 20:00:00,64.5,64.69,63.71,64.12,11256.0
2026-09-21 00:00:00,64.12,65.39,64.08,65.35,15275.4
2026-09-21 04:00:00,65.35,66.04,65.18,65.73,8337.5
2026-09-21 08:00:00,65.73,67.51,65.6,67.27,17099.9
2026-09-21 12:00:00,67.28,67.97,66.58,67.21,18261.9
2026-09-21 16:00:00,67.26,67.62,65.76,66.8,16090.8
2026-09-21 20:00:00,66.8,67.85,65.73,66.77,27242.4
2026-09-22 00:00:00,66.79,67.19,65.76,67.0,13288.1
2026-09-22 04:00:00,67.0,68.0,66.24,67.52,15918.3
2026-09-22 08:00:00,67.52,71.79,66.75,70.93,29014.9
2026-09-22 12:00:00,70.92,74.71,70.0,72.7,61121.0
2026-09-22 16:00:00,72.71,73.37,71.45,71.87,15794.8
2026-09-22 20:00:00,71.85,75.01,71.41,73.76,13958.6
2026-09-23 00:00:00,73.75,76.31,73.63,74.85,20560.1
2026-09-23 04:00:00,74.83,75.82,74.08,74.82,12857.9
2026-09-23 08:00:00,74.82,75.68,73.73,74.04,14106.9
2026-09-23 12:00:00,74.03,74.11,70.68,72.41,34827.0
2026-09-23 16:00:00,72.41,72.64,70.62,70.92,15965.2
2026-09-23 20:00:00,70.93,71.44,70.3,70.59,10082.4
2026-09-24 00:00:00,70.59,71.32,69.62,70.8,13511.3
2026-09-24 04:00:00,70.81,72.27,70.61,71.76,6910.0
2026-09-24 08:00:00,71.76,72.68,70.32,72.22,14290.2
2026-09-24 12:00:00,72.22,82.78,72.2,82.31,82893.7
2026-09-24 16:00:00,82.32,86.78,82.09,86.12,92357.6
2026-09-24 20:00:00,86.13,91.4,85.91,90.04,133639.3
2026-09-25 00:00:00,90.03,93.86,88.16,93.62,239550.4
2026-09-25 04:00:00,93.65,105.0,92.06,101.94,1074219.1
2026-09-25 08:00:00,101.93,102.64,95.13,97.93,762122.5
2026-09-25 12:00:00,97.96,98.0,92.35,95.45,409047.9
2026-09-25 16:00:00,95.45,99.29,94.87,96.93,157795.2
2026-09-25 20:00:00,96.94,99.97,96.46,98.53,62140.1
2026-09-26 00:00:00,98.51,101.79,97.68,99.54,110048.6
2026-09-26 04:00:00,99.54,104.05,98.28,101.17,133922.9
2026-09-26 08:00:00,101.2,109.98,101.07,104.56,235020.9
2026-09-26 12:00:00,104.56,119.87,103.11,115.96,274235.4
2026-09-26 16:00:00,115.97,124.97,114.41,122.61,657761.7
2026-09-26 20:00:00,122.61,161.81,118.55,151.31,1119938.4
2026-09-27 00:00:00,151.28,195.0,148.5,173.4,1967725.7
2026-09-27 04:00:00,173.4,194.2,167.67,170.21,1627588.2
2026-09-27 08:00:00,170.19,182.96,158.34,163.67,1262315.6
2026-09-27 12:00:00,163.67,182.48,157.25,178.24,1439906.9
2026-09-27 16:00:00,178.27,194.59,176.4,185.74,1491744.9
2026-09-27 20:00:00,185.75,374.5,184.62,286.24,3616149.3
2026-09-28 00:00:00,286.25,319.98,242.0,258.18,1941253.8
2026-09-28 04:00:00,258.18,292.22,248.11,269.8,1251582.4
2026-09-28 08:00:00,269.75,271.9,195.43,236.61,2676836.9
2026-09-28 12:00:00,236.63,250.0,218.11,220.68,1525739.2
2026-09-28 16:00:00,220.68,257.99,220.11,241.62,1206351.6
2026-09-28 20:00:00,241.66,253.75,225.0,230.53,631293.0
2026-09-29 00:00:00,230.55,238.88,204.25,237.46,963058.5
2026-09-29 04:00:00,237.45,275.29,235.51,263.81,1173177.8
2026-09-29 08:00:00,263.85,279.89,242.24,252.66,1244585.2
2026-09-29 12:00:00,252.64,261.91,237.07,249.43,862081.3
2026-09-29 16:00:00,249.45,275.7,243.08,265.74,935673.7
2026-09-29 20:00:00,265.74,279.03,252.38,266.64,620182.6
2026-09-30 00:00:00,266.64,307.93,262.34,295.95,1255288.1
2026-09-30 04:00:00,295.95,299.5,275.12,285.16,745968.8
2026-09-30 08:00:00,285.18,327.79,278.07,316.55,1055641.2
2026-09-30 12:00:00,316.55,320.88,285.66,297.9,1140894.1
2026-09-30 16:00:00,297.9,309.98,288.21,295.97,613290.3
2026-09-30 20:00:00,295.98,296.81,273.35,286.86,446003.0
2026-10-01 00:00:00,286.86,302.46,286.66,296.33,395405.5
2026-10-01 04:00:00,296.32,301.85,283.71,300.86,449438.9
2026-10-01 08:00:00,300.86,306.28,266.71,275.73,668427.2
2026-10-01 12:00:00,275.73,280.46,255.05,261.61,635642.0
2026-10-01 16:00:00,261.61,270.38,250.33,254.49,414938.5
2026-10-01 20:00:00,254.53,258.64,241.12,245.13,370525.6
2026-10-02 00:00:00,245.11,261.46,242.24,248.68,320917.2
2026-10-02 04:00:00,248.68,257.56,222.7,228.98,608134.0
2026-10-02 08:00:00,228.98,249.5,227.39,245.69,426898.6
2026-10-02 12:00:00,245.71,252.0,241.67,248.29,423026.9
2026-10-02 16:00:00,248.29,251.6,226.17,231.56,335564.1
2026-10-02 20:00:00,231.56,246.8,224.2,246.49,265979.4
2026-10-03 00:00:00,246.51,258.61,242.66,252.05,333408.0
2026-10-03 04:00:00,252.06,266.9,246.36,265.94,358940.6
2026-10-03 08:00:00,265.96,269.56,253.75,257.0,375663.3
2026-10-03 12:00:00,256.94,257.54,246.16,249.05,246928.3
2026-10-03 16:00:00,249.05,257.67,247.52,254.66,220063.7
2026-10-03 20:00:00,254.65,269.28,254.26,256.48,253348.1
2026-10-04 00:00:00,256.47,277.94,254.3,270.61,279860.4
