t,o,h,l,c,v
2024-09-14 04:00:00,0.4064,0.4067,0.3987,0.3996,13010164.5
2024-09-14 08:00:00,0.3995,0.4018,0.3923,0.3947,17912253.7
2024-09-14 12:00:00,0.3947,0.4018,0.3942,0.4006,15853139.3
2024-09-14 16:00:00,0.4006,0.4019,0.3925,0.3953,16356222.6
2024-09-14 20:00:00,0.3952,0.4001,0.395,0.3995,8086276.4
2024-09-15 00:00:00,0.3995,0.4076,0.3989,0.4034,9807989.3
2024-09-15 04:00:00,0.4034,0.4065,0.4003,0.4023,10259518.8
2024-09-15 08:00:00,0.4023,0.4037,0.397,0.4006,9524301.4
2024-09-15 12:00:00,0.4006,0.4053,0.3965,0.3988,13923326.3
2024-09-15 16:00:00,0.3988,0.3993,0.3905,0.3946,16925281.0
2024-09-15 20:00:00,0.3945,0.3951,0.3824,0.3889,19330325.9
2024-09-16 00:00:00,0.3889,0.39,0.3768,0.3821,24073040.9
2024-09-16 04:00:00,0.3821,0.3867,0.3798,0.3861,12764116.3
2024-09-16 08:00:00,0.3862,0.3907,0.3769,0.3816,17762205.1
2024-09-16 12:00:00,0.3817,0.382,0.3724,0.3751,24559898.3
2024-09-16 16:00:00,0.3751,0.3773,0.3688,0.3714,19272175.4
2024-09-16 20:00:00,0.3714,0.3724,0.3656,0.3702,10696366.6
2024-09-17 00:00:00,0.3703,0.3716,0.3664,0.3704,9658396.4
2024-09-17 04:00:00,0.3704,0.3769,0.3699,0.3722,10184160.8
2024-09-17 08:00:00,0.3722,0.3741,0.3679,0.3691,14466008.2
2024-09-17 12:00:00,0.3691,0.3835,0.3662,0.3814,36897832.1
2024-09-17 16:00:00,0.3814,0.3859,0.3697,0.3737,20522494.0
2024-09-17 20:00:00,0.3738,0.381,0.3722,0.3788,13650701.4
2024-09-18 00:00:00,0.3787,0.3911,0.3739,0.3857,16638629.9
2024-09-18 04:00:00,0.3858,0.3874,0.3792,0.3824,12846858.0
2024-09-18 08:00:00,0.3824,0.3837,0.3693,0.3744,17826830.3
2024-09-18 12:00:00,0.3745,0.3769,0.3642,0.3664,19030758.9
2024-09-18 16:00:00,0.3663,0.3815,0.3631,0.3744,64203459.9
2024-09-18 20:00:00,0.3743,0.3902,0.3705,0.3899,19952575.2
2024-09-19 00:00:00,0.3899,0.4068,0.3896,0.4019,37149013.2
2024-09-19 04:00:00,0.402,0.4054,0.3981,0.4017,20820649.7
2024-09-19 08:00:00,0.4017,0.4022,0.3954,0.4011,16965523.5
2024-09-19 12:00:00,0.4011,0.4047,0.3933,0.3985,26015312.0
2024-09-19 16:00:00,0.3986,0.4072,0.3949,0.3954,25507318.0
2024-09-19 20:00:00,0.3954,0.3992,0.3884,0.3918,16436719.2
2024-09-20 00:00:00,0.3918,0.3998,0.3821,0.3997,29081390.9
2024-09-20 04:00:00,0.3996,0.4082,0.3987,0.4058,51582661.4
2024-09-20 08:00:00,0.4059,0.4122,0.3954,0.3986,41744770.4
2024-09-20 12:00:00,0.3985,0.4039,0.391,0.3987,53613587.5
2024-09-20 16:00:00,0.3988,0.4015,0.3852,0.3897,33813060.4
2024-09-20 20:00:00,0.3898,0.4027,0.3898,0.402,15524526.2
2024-09-21 00:00:00,0.402,0.4061,0.3934,0.4056,34926796.6
2024-09-21 04:00:00,0.4056,0.4104,0.3943,0.4027,35025016.0
2024-09-21 08:00:00,0.4028,0.4035,0.3964,0.4006,14918171.9
2024-09-21 12:00:00,0.4006,0.4113,0.3979,0.4089,26405477.9
2024-09-21 16:00:00,0.4088,0.4212,0.4034,0.4057,35943854.3
2024-09-21 20:00:00,0.4058,0.415,0.4011,0.4121,15804398.7
2024-09-22 00:00:00,0.4121,0.42,0.3994,0.4031,44549986.4
2024-09-22 04:00:00,0.403,0.4048,0.3971,0.3991,15928579.3
2024-09-22 08:00:00,0.399,0.4015,0.39,0.3943,23594404.0
2024-09-22 12:00:00,0.3944,0.3977,0.388,0.3906,26774615.5
2024-09-22 16:00:00,0.3906,0.3947,0.3845,0.391,26048601.6
2024-09-22 20:00:00,0.391,0.3926,0.3745,0.3885,45930613.2
2024-09-23 00:00:00,0.3885,0.4056,0.3787,0.4024,47143402.3
2024-09-23 04:00:00,0.4024,0.4166,0.3998,0.4053,45131271.7
2024-09-23 08:00:00,0.4053,0.4076,0.3991,0.4016,28311371.7
2024-09-23 12:00:00,0.4015,0.4128,0.3992,0.4084,43053138.0
2024-09-23 16:00:00,0.4083,0.4113,0.4002,0.4029,25210068.5
2024-09-23 20:00:00,0.4029,0.4051,0.3992,0.4036,12836993.1
2024-09-24 00:00:00,0.4036,0.4069,0.394,0.3995,22639745.0
2024-09-24 04:00:00,0.3995,0.4058,0.3955,0.4031,22253730.1
2024-09-24 08:00:00,0.4032,0.4083,0.397,0.4,22390356.7
2024-09-24 12:00:00,0.3999,0.4045,0.3904,0.3963,27367889.6
2024-09-24 16:00:00,0.3962,0.4084,0.3962,0.4075,18835419.2
2024-09-24 20:00:00,0.4075,0.4209,0.4041,0.4157,33813923.6
2024-09-25 00:00:00,0.4158,0.4366,0.4143,0.4347,32591758.2
2024-09-25 04:00:00,0.4346,0.4432,0.4167,0.4225,38343047.0
2024-09-25 08:00:00,0.4224,0.4399,0.4223,0.4353,31083055.2
2024-09-25 12:00:00,0.4353,0.4389,0.4226,0.4274,40897947.0
2024-09-25 16:00:00,0.4274,0.4391,0.4268,0.432,31118018.9
2024-09-25 20:00:00,0.432,0.4573,0.4319,0.4372,54353284.5
2024-09-26 00:00:00,0.4372,0.4534,0.4241,0.4505,55169754.6
2024-09-26 04:00:00,0.4507,0.4902,0.449,0.4849,115462629.9
2024-09-26 08:00:00,0.485,0.5012,0.4816,0.4957,86287040.3
2024-09-26 12:00:00,0.4957,0.4975,0.4728,0.4793,88806158.8
2024-09-26 16:00:00,0.4795,0.4845,0.4659,0.4699,45992883.6
2024-09-26 20:00:00,0.47,0.476,0.463,0.4737,31592236.2
2024-09-27 00:00:00,0.4737,0.4877,0.472,0.4873,40757519.5
2024-09-27 04:00:00,0.4872,0.4974,0.4828,0.4906,52724541.9
2024-09-27 08:00:00,0.4906,0.5084,0.4768,0.4787,56303105.1
2024-09-27 12:00:00,0.4787,0.4939,0.4748,0.4892,41003561.6
2024-09-27 16:00:00,0.4891,0.4995,0.4792,0.487,29711165.2
2024-09-27 20:00:00,0.4871,0.4922,0.4834,0.4859,11507263.5
2024-09-28 00:00:00,0.486,0.4965,0.4858,0.4883,17009099.0
2024-09-28 04:00:00,0.4883,0.4938,0.4688,0.4707,31668804.8
2024-09-28 08:00:00,0.4707,0.4735,0.4588,0.4697,24917201.8
2024-09-28 12:00:00,0.4695,0.4707,0.4611,0.4678,16498333.0
2024-09-28 16:00:00,0.4677,0.4694,0.4614,0.4664,11377688.1
2024-09-28 20:00:00,0.4664,0.4669,0.4555,0.4634,13362433.3
2024-09-29 00:00:00,0.4634,0.477,0.4601,0.476,21640221.6
2024-09-29 04:00:00,0.4759,0.4761,0.4525,0.4546,24733922.1
2024-09-29 08:00:00,0.4547,0.4656,0.4534,0.4642,17633909.0
2024-09-29 12:00:00,0.4643,0.4785,0.4534,0.4774,37339978.3
2024-09-29 16:00:00,0.4773,0.4836,0.47,0.4812,29915003.4
2024-09-29 20:00:00,0.4812,0.485,0.4683,0.4746,21210799.9
2024-09-30 00:00:00,0.4747,0.4768,0.4539,0.4642,39577775.3
2024-09-30 04:00:00,0.464,0.4727,0.457,0.4682,19312619.5
2024-09-30 08:00:00,0.4683,0.4695,0.4486,0.4642,43270826.7
2024-09-30 12:00:00,0.4642,0.4656,0.4453,0.4459,34996337.3
2024-09-30 16:00:00,0.446,0.4508,0.4378,0.4473,30013723.0
2024-09-30 20:00:00,0.4473,0.4526,0.4325,0.4388,30291149.1
2024-10-01 00:00:00,0.4388,0.4667,0.4363,0.4638,24916471.5
2024-10-01 04:00:00,0.4638,0.4704,0.4585,0.4628,18950166.0
2024-10-01 08:00:00,0.4629,0.4677,0.46,0.4625,13263139.5
2024-10-01 12:00:00,0.4626,0.4652,0.4142,0.4263,88802080.5
2024-10-01 16:00:00,0.4263,0.4283,0.3789,0.3944,109320969.9
2024-10-01 20:00:00,0.3944,0.398,0.3856,0.3883,36174395.8
2024-10-02 00:00:00,0.3883,0.3949,0.3851,0.3934,30490510.4
2024-10-02 04:00:00,0.3933,0.4044,0.3864,0.4015,28973302.7
2024-10-02 08:00:00,0.4015,0.4049,0.3847,0.3894,39565113.5
2024-10-02 12:00:00,0.3895,0.3938,0.3813,0.3894,56863325.6
2024-10-02 16:00:00,0.3895,0.395,0.3604,0.3711,64082035.1
2024-10-02 20:00:00,0.3711,0.3766,0.365,0.3694,29256954.4
2024-10-03 00:00:00,0.3693,0.3753,0.3637,0.3746,26503576.3
2024-10-03 04:00:00,0.3745,0.375,0.3599,0.3615,19751332.9
2024-10-03 08:00:00,0.3615,0.3677,0.3472,0.3616,59666213.8
2024-10-03 12:00:00,0.3616,0.3683,0.3493,0.3582,52991984.1
2024-10-03 16:00:00,0.3581,0.3625,0.3492,0.3621,37511589.9
2024-10-03 20:00:00,0.362,0.364,0.3554,0.3629,14225824.3
2024-10-04 00:00:00,0.3629,0.3714,0.36,0.3667,19191196.7
2024-10-04 04:00:00,0.3667,0.3745,0.3664,0.3728,16041269.8
2024-10-04 08:00:00,0.3728,0.3805,0.37,0.3792,30169053.0
2024-10-04 12:00:00,0.3791,0.3843,0.3699,0.3839,42236813.4
2024-10-04 16:00:00,0.3839,0.3903,0.383,0.3886,23512111.9
2024-10-04 20:00:00,0.3886,0.3899,0.3832,0.3861,10427955.6
2024-10-05 00:00:00,0.3861,0.3922,0.3791,0.3797,17549651.8
2024-10-05 04:00:00,0.3796,0.3957,0.3795,0.3911,13712156.0
2024-10-05 08:00:00,0.3913,0.3947,0.3876,0.3895,15540608.0
2024-10-05 12:00:00,0.3894,0.3922,0.3855,0.3877,15455792.0
2024-10-05 16:00:00,0.3877,0.3883,0.378,0.3795,13080916.3
2024-10-05 20:00:00,0.3794,0.386,0.3757,0.385,10368368.9
2024-10-06 00:00:00,0.3851,0.3891,0.3818,0.3824,9923633.6
2024-10-06 04:00:00,0.3825,0.3868,0.3813,0.3851,7483274.4
2024-10-06 08:00:00,0.3853,0.3929,0.3833,0.3918,8008066.7
2024-10-06 12:00:00,0.3918,0.4011,0.3908,0.398,19749070.2
2024-10-06 16:00:00,0.3979,0.4011,0.3913,0.3924,11631411.8
2024-10-06 20:00:00,0.3925,0.3985,0.39,0.3977,11184162.5
2024-10-07 00:00:00,0.3976,0.4099,0.3943,0.4064,23041897.8
2024-10-07 04:00:00,0.4064,0.4116,0.4036,0.4068,9895432.6
2024-10-07 08:00:00,0.4069,0.4106,0.3922,0.4009,24181170.9
2024-10-07 12:00:00,0.401,0.4129,0.3967,0.4031,26589445.6
2024-10-07 16:00:00,0.4031,0.4089,0.395,0.4016,20233371.7
2024-10-07 20:00:00,0.4017,0.4026,0.3907,0.3917,16747697.7
2024-10-08 00:00:00,0.3917,0.3999,0.3909,0.3955,14807862.1
2024-10-08 04:00:00,0.3956,0.3972,0.3805,0.3842,19368864.9
2024-10-08 08:00:00,0.3842,0.3947,0.3825,0.3937,16259452.5
2024-10-08 12:00:00,0.3936,0.3969,0.3837,0.3883,27339426.2
2024-10-08 16:00:00,0.3883,0.3961,0.3843,0.3894,17110477.2
2024-10-08 20:00:00,0.3894,0.3964,0.3868,0.3912,12054778.3
2024-10-09 00:00:00,0.3912,0.4037,0.3878,0.3955,17431829.1
2024-10-09 04:00:00,0.3954,0.3998,0.3894,0.3907,16225943.0
2024-10-09 08:00:00,0.3906,0.3933,0.3884,0.3901,15685738.3
2024-10-09 12:00:00,0.39,0.3913,0.379,0.3896,28663356.1
2024-10-09 16:00:00,0.3896,0.3906,0.3759,0.3778,16924609.8
2024-10-09 20:00:00,0.3778,0.3782,0.3686,0.375,15954629.7
2024-10-10 00:00:00,0.375,0.382,0.3715,0.3803,11916444.6
2024-10-10 04:00:00,0.3802,0.3873,0.3793,0.3797,10342664.8
2024-10-10 08:00:00,0.3797,0.3838,0.373,0.3837,16420253.1
2024-10-10 12:00:00,0.3835,0.3845,0.3737,0.382,22680220.4
2024-10-10 16:00:00,0.3819,0.3848,0.3703,0.3818,21175622.7
2024-10-10 20:00:00,0.3817,0.3899,0.38,0.3897,10108415.9
2024-10-11 00:00:00,0.3898,0.3958,0.3882,0.3901,12699511.7
2024-10-11 04:00:00,0.3901,0.3928,0.3865,0.3897,9717014.3
2024-10-11 08:00:00,0.3896,0.3978,0.3896,0.3947,10547345.8
2024-10-11 12:00:00,0.3948,0.4004,0.3927,0.3995,21531733.5
2024-10-11 16:00:00,0.3996,0.4075,0.3984,0.4043,16439552.5
2024-10-11 20:00:00,0.4043,0.4106,0.4038,0.406,11303491.1
2024-10-12 00:00:00,0.406,0.4131,0.4056,0.4074,9670031.0
2024-10-12 04:00:00,0.4074,0.4177,0.4058,0.4162,8956080.9
2024-10-12 08:00:00,0.4163,0.4202,0.4137,0.4153,10939409.2
2024-10-12 12:00:00,0.4152,0.4278,0.4137,0.4241,14963118.3
2024-10-12 16:00:00,0.4242,0.4308,0.4176,0.4184,11955887.7
2024-10-12 20:00:00,0.4184,0.424,0.4176,0.4218,5774381.6
2024-10-13 00:00:00,0.4218,0.4276,0.4154,0.4164,11149067.8
2024-10-13 04:00:00,0.4165,0.4353,0.4165,0.4326,17280077.1
2024-10-13 08:00:00,0.4326,0.4377,0.4193,0.4195,19136543.4
2024-10-13 12:00:00,0.4194,0.4257,0.4072,0.4101,18107058.5
2024-10-13 16:00:00,0.4101,0.4182,0.4076,0.4105,12017561.0
2024-10-13 20:00:00,0.4106,0.4243,0.409,0.4202,11267215.5
2024-10-14 00:00:00,0.4204,0.4337,0.4141,0.4327,17263095.4
2024-10-14 04:00:00,0.4327,0.4488,0.4281,0.4462,28444422.3
2024-10-14 08:00:00,0.4464,0.4473,0.4356,0.4361,16981696.2
2024-10-14 12:00:00,0.4362,0.4475,0.4322,0.443,27817542.2
2024-10-14 16:00:00,0.443,0.4439,0.4366,0.4385,12930095.9
2024-10-14 20:00:00,0.4385,0.4461,0.4373,0.4407,10338299.4
2024-10-15 00:00:00,0.4407,0.4446,0.4286,0.4287,18127326.6
2024-10-15 04:00:00,0.4287,0.4428,0.4268,0.4359,18086531.6
2024-10-15 08:00:00,0.4359,0.4424,0.4181,0.4213,26755167.1
2024-10-15 12:00:00,0.4213,0.4443,0.4119,0.4268,59362025.6
2024-10-15 16:00:00,0.4269,0.438,0.4204,0.4231,20461369.6
2024-10-15 20:00:00,0.4229,0.4258,0.4147,0.4254,12972936.9
2024-10-16 00:00:00,0.4254,0.4289,0.4141,0.4244,13147295.5
2024-10-16 04:00:00,0.4242,0.4275,0.4126,0.4142,12667555.5
2024-10-16 08:00:00,0.4141,0.4303,0.4134,0.427,18941349.3
2024-10-16 12:00:00,0.427,0.4327,0.414,0.4156,19547506.1
2024-10-16 16:00:00,0.4157,0.4184,0.4082,0.4143,13684253.0
2024-10-16 20:00:00,0.4142,0.4212,0.4125,0.4131,7839664.8
2024-10-17 00:00:00,0.4132,0.4205,0.412,0.4179,12634177.3
2024-10-17 04:00:00,0.418,0.4184,0.4,0.4036,25139758.6
2024-10-17 08:00:00,0.4036,0.406,0.3919,0.3931,15805852.1
2024-10-17 12:00:00,0.3931,0.403,0.3924,0.4003,19050627.7
2024-10-17 16:00:00,0.4002,0.4011,0.3867,0.394,16417624.0
2024-10-17 20:00:00,0.3939,0.397,0.392,0.3927,6617024.9
2024-10-18 00:00:00,0.3928,0.3983,0.3886,0.3912,14560828.7
2024-10-18 04:00:00,0.3912,0.3963,0.3883,0.3944,10924242.6
2024-10-18 08:00:00,0.3943,0.3967,0.391,0.3912,11675364.4
2024-10-18 12:00:00,0.3912,0.3988,0.3863,0.3974,25567929.7
2024-10-18 16:00:00,0.3974,0.4094,0.3959,0.4038,18140729.7
2024-10-18 20:00:00,0.4039,0.4056,0.3984,0.4046,7806814.8
2024-10-19 00:00:00,0.4046,0.415,0.403,0.4093,13607117.4
2024-10-19 04:00:00,0.4093,0.4113,0.4017,0.4027,8915918.8
2024-10-19 08:00:00,0.4028,0.4065,0.3944,0.3952,12526088.1
2024-10-19 12:00:00,0.3951,0.4029,0.3948,0.4004,8336163.2
2024-10-19 16:00:00,0.4004,0.4008,0.3957,0.3982,6165172.0
2024-10-19 20:00:00,0.3982,0.4094,0.398,0.4081,6890775.5
2024-10-20 00:00:00,0.4082,0.4123,0.3995,0.4033,10788183.9
2024-10-20 04:00:00,0.4033,0.4166,0.4019,0.4103,14926483.0
2024-10-20 08:00:00,0.4104,0.4215,0.4086,0.4197,11686541.2
2024-10-20 12:00:00,0.4197,0.438,0.4164,0.4317,38406532.1
2024-10-20 16:00:00,0.4318,0.4351,0.4261,0.428,12138447.7
2024-10-20 20:00:00,0.428,0.4348,0.427,0.4341,18239906.6
2024-10-21 00:00:00,0.4341,0.4418,0.4316,0.4322,20483468.0
2024-10-21 04:00:00,0.4321,0.4411,0.4245,0.4247,17004404.2
2024-10-21 08:00:00,0.4248,0.4293,0.416,0.4199,21792515.1
2024-10-21 12:00:00,0.4199,0.4223,0.4132,0.4223,23308731.3
2024-10-21 16:00:00,0.4222,0.4226,0.4135,0.4218,10038607.6
2024-10-21 20:00:00,0.4217,0.4248,0.4147,0.4158,9246479.9
2024-10-22 00:00:00,0.4158,0.4273,0.4108,0.4222,16029778.4
2024-10-22 04:00:00,0.4221,0.4272,0.4185,0.4215,8293447.1
2024-10-22 08:00:00,0.4214,0.4225,0.4073,0.4137,22487081.1
2024-10-22 12:00:00,0.4137,0.4157,0.402,0.4106,19946378.3
2024-10-22 16:00:00,0.4106,0.4155,0.4051,0.4142,11421799.5
2024-10-22 20:00:00,0.4142,0.4229,0.4126,0.4228,7456925.4
2024-10-23 00:00:00,0.4229,0.4261,0.4111,0.4176,14131603.5
2024-10-23 04:00:00,0.4177,0.4206,0.4084,0.4108,15915108.3
2024-10-23 08:00:00,0.4107,0.4139,0.4015,0.4026,19292669.6
2024-10-23 12:00:00,0.4026,0.4093,0.3938,0.397,21664611.0
2024-10-23 16:00:00,0.397,0.3974,0.3843,0.395,24399028.2
2024-10-23 20:00:00,0.395,0.4012,0.3933,0.3996,7563933.1
2024-10-24 00:00:00,0.3996,0.4097,0.3982,0.4034,10214233.1
2024-10-24 04:00:00,0.4033,0.4097,0.3988,0.3994,8371951.6
2024-10-24 08:00:00,0.3993,0.4024,0.3922,0.4005,11119416.1
2024-10-24 12:00:00,0.4006,0.4042,0.3966,0.4018,13163935.5
2024-10-24 16:00:00,0.4018,0.4033,0.3985,0.4031,8708568.1
2024-10-24 20:00:00,0.4031,0.4072,0.3992,0.4012,6320965.5
2024-10-25 00:00:00,0.4013,0.4035,0.3941,0.3989,7052038.3
2024-10-25 04:00:00,0.3988,0.3992,0.388,0.3927,10673809.0
2024-10-25 08:00:00,0.3928,0.403,0.3902,0.4005,10010277.0
2024-10-25 12:00:00,0.4006,0.4053,0.3913,0.393,13261078.0
2024-10-25 16:00:00,0.3929,0.3963,0.3818,0.3883,21401314.7
2024-10-25 20:00:00,0.3882,0.3898,0.3433,0.3594,47964290.3
2024-10-26 00:00:00,0.3594,0.3682,0.3518,0.3663,27883234.5
2024-10-26 04:00:00,0.3663,0.3692,0.3639,0.3654,8623509.6
2024-10-26 08:00:00,0.3654,0.37,0.3646,0.3691,7509375.5
2024-10-26 12:00:00,0.369,0.37,0.3574,0.3621,12337254.6
2024-10-26 16:00:00,0.3622,0.3693,0.3604,0.3684,5162122.9
2024-10-26 20:00:00,0.3684,0.3726,0.3677,0.3702,4387803.8
2024-10-27 00:00:00,0.3701,0.372,0.3659,0.3718,5401699.5
2024-10-27 04:00:00,0.3719,0.3736,0.3693,0.3698,4384505.5
2024-10-27 08:00:00,0.3698,0.3718,0.3669,0.3697,5127438.9
2024-10-27 12:00:00,0.3697,0.3771,0.3696,0.3766,6671885.9
2024-10-27 16:00:00,0.3766,0.3788,0.3751,0.3775,7417502.5
2024-10-27 20:00:00,0.3775,0.3863,0.3775,0.3785,8632783.6
2024-10-28 00:00:00,0.3786,0.3803,0.3672,0.3682,8482361.9
2024-10-28 04:00:00,0.3681,0.3773,0.3641,0.3744,11203592.2
2024-10-28 08:00:00,0.3745,0.3788,0.3726,0.3746,10155984.6
2024-10-28 12:00:00,0.3746,0.3753,0.3659,0.3666,11674185.7
2024-10-28 16:00:00,0.3665,0.3725,0.3611,0.368,12829279.7
2024-10-28 20:00:00,0.3744,0.3848,0.3729,0.3767,8985283.3
2024-10-29 00:00:00,0.3768,0.3921,0.3763,0.3884,15651537.8
2024-10-29 04:00:00,0.3885,0.392,0.3838,0.3856,12032700.5
2024-10-29 08:00:00,0.3856,0.3896,0.3855,0.3877,6680286.8
2024-10-29 12:00:00,0.3877,0.3924,0.3871,0.3905,10616711.3
2024-10-29 16:00:00,0.3905,0.4,0.3879,0.3888,14373226.1
2024-10-29 20:00:00,0.3888,0.3945,0.3849,0.3943,6760512.8
2024-10-30 00:00:00,0.3943,0.3951,0.3861,0.3932,8462981.5
2024-10-30 04:00:00,0.3932,0.3965,0.3903,0.392,7918800.0
2024-10-30 08:00:00,0.3921,0.3987,0.3896,0.3898,14296286.0
2024-10-30 12:00:00,0.3899,0.4066,0.3873,0.395,27064636.5
2024-10-30 16:00:00,0.3949,0.3991,0.3921,0.3929,8192006.3
2024-10-30 20:00:00,0.3929,0.3977,0.39,0.3924,7790764.5
2024-10-31 00:00:00,0.3925,0.3946,0.3875,0.3898,7689373.8
2024-10-31 04:00:00,0.3898,0.3922,0.3826,0.3864,15002138.7
2024-10-31 08:00:00,0.3865,0.3867,0.3809,0.3825,8182334.4
2024-10-31 12:00:00,0.3825,0.3831,0.37,0.3771,22677960.7
2024-10-31 16:00:00,0.3771,0.3772,0.3646,0.3656,17134040.2
2024-10-31 20:00:00,0.3656,0.3734,0.3654,0.371,8772522.4
2024-11-01 00:00:00,0.371,0.3717,0.3601,0.3683,11990616.9
2024-11-01 04:00:00,0.3683,0.37,0.3593,0.3632,8650452.7
2024-11-01 08:00:00,0.3632,0.3697,0.3618,0.368,12913827.0
2024-11-01 12:00:00,0.368,0.3803,0.36,0.3632,17090964.1
2024-11-01 16:00:00,0.3631,0.3701,0.3624,0.3673,9862139.5
2024-11-01 20:00:00,0.3672,0.3699,0.3596,0.3668,5818020.4
2024-11-02 00:00:00,0.3668,0.3709,0.3662,0.3675,3993525.9
2024-11-02 04:00:00,0.3674,0.3683,0.3625,0.3657,4299389.5
2024-11-02 08:00:00,0.3656,0.3664,0.3605,0.3618,4641330.8
2024-11-02 12:00:00,0.3618,0.363,0.3534,0.3603,14393160.0
2024-11-02 16:00:00,0.3604,0.3625,0.3556,0.3603,6534747.8
2024-11-02 20:00:00,0.3604,0.3635,0.3587,0.3618,3441188.5
2024-11-03 00:00:00,0.3617,0.3634,0.344,0.3508,19643742.2
2024-11-03 04:00:00,0.3509,0.3558,0.3499,0.3524,6863822.4
2024-11-03 08:00:00,0.3524,0.3593,0.3483,0.3491,13881642.6
2024-11-03 12:00:00,0.3491,0.3516,0.3301,0.3395,31885354.5
2024-11-03 16:00:00,0.3395,0.3444,0.3352,0.3437,14646475.7
2024-11-03 20:00:00,0.3437,0.3482,0.3418,0.3458,8223706.5
2024-11-04 00:00:00,0.3458,0.351,0.3394,0.3462,10233535.8
2024-11-04 04:00:00,0.3462,0.3488,0.3414,0.3427,5250784.9
2024-11-04 08:00:00,0.3427,0.3481,0.3399,0.3457,6650314.8
2024-11-04 12:00:00,0.3458,0.3493,0.3414,0.3427,9320218.9
2024-11-04 16:00:00,0.3427,0.3439,0.3362,0.3414,10057164.5
2024-11-04 20:00:00,0.3413,0.342,0.3269,0.3342,15119488.3
2024-11-05 00:00:00,0.3342,0.3409,0.3339,0.3389,8264760.4
2024-11-05 04:00:00,0.3389,0.3444,0.3383,0.3433,6014911.8
2024-11-05 08:00:00,0.3433,0.3467,0.3417,0.3443,6491418.0
2024-11-05 12:00:00,0.3443,0.3536,0.3432,0.3491,11483369.6
2024-11-05 16:00:00,0.3492,0.3544,0.342,0.3433,8794548.8
2024-11-05 20:00:00,0.3434,0.3503,0.3419,0.347,8849984.4
2024-11-06 00:00:00,0.3471,0.3702,0.3471,0.3675,23053899.5
2024-11-06 04:00:00,0.3675,0.3767,0.3627,0.3696,24816027.5
2024-11-06 08:00:00,0.3696,0.3837,0.3642,0.379,19740101.2
2024-11-06 12:00:00,0.3791,0.3847,0.3751,0.3814,16961431.5
2024-11-06 16:00:00,0.3815,0.3904,0.38,0.3901,10413392.2
2024-11-06 20:00:00,0.3902,0.4016,0.3872,0.3972,12993983.3
2024-11-07 00:00:00,0.3971,0.4291,0.397,0.4222,40408057.5
2024-11-07 04:00:00,0.4223,0.4244,0.4005,0.4079,24030899.6
2024-11-07 08:00:00,0.4079,0.415,0.4051,0.408,13024190.0
2024-11-07 12:00:00,0.4081,0.4125,0.3991,0.4119,13999404.3
2024-11-07 16:00:00,0.4119,0.414,0.4061,0.4126,13558149.4
2024-11-07 20:00:00,0.4126,0.4219,0.408,0.412,16249805.2
2024-11-08 00:00:00,0.412,0.4189,0.4008,0.404,14345432.8
2024-11-08 04:00:00,0.4039,0.4093,0.4004,0.4057,16430878.1
2024-11-08 08:00:00,0.4058,0.4084,0.4037,0.4065,7625037.7
2024-11-08 12:00:00,0.4064,0.4151,0.4027,0.4088,18322118.4
2024-11-08 16:00:00,0.4087,0.4107,0.3971,0.4073,14052875.9
2024-11-08 20:00:00,0.4073,0.4081,0.4003,0.407,5444329.3
2024-11-09 00:00:00,0.407,0.4106,0.4008,0.4018,8520472.9
2024-11-09 04:00:00,0.4017,0.4218,0.4017,0.4181,18548408.5
2024-11-09 08:00:00,0.4181,0.4322,0.4171,0.4302,18198687.2
2024-11-09 12:00:00,0.4301,0.44,0.4224,0.4265,22099552.8
2024-11-09 16:00:00,0.4264,0.4389,0.4206,0.4347,20299251.1
2024-11-09 20:00:00,0.4347,0.4597,0.4331,0.4546,28593392.3
2024-11-10 00:00:00,0.4546,0.465,0.4424,0.4587,21076481.5
2024-11-10 04:00:00,0.4588,0.4682,0.4544,0.4655,22002409.4
2024-11-10 08:00:00,0.4655,0.4845,0.4648,0.4796,20808483.4
2024-11-10 12:00:00,0.4795,0.4892,0.4705,0.4796,27108672.8
2024-11-10 16:00:00,0.4797,0.489,0.4637,0.4694,19505726.9
2024-11-10 20:00:00,0.4695,0.4706,0.4306,0.4568,40871872.9
2024-11-11 00:00:00,0.4569,0.4795,0.4549,0.4726,22813423.9
2024-11-11 04:00:00,0.4725,0.4734,0.4441,0.4532,25599424.9
2024-11-11 08:00:00,0.4531,0.4656,0.4494,0.465,16227192.8
2024-11-11 12:00:00,0.4647,0.4743,0.454,0.4651,26200225.0
2024-11-11 16:00:00,0.4648,0.521,0.4628,0.4987,55737560.4
2024-11-11 20:00:00,0.4987,0.5497,0.4973,0.5494,61185097.1
2024-11-12 00:00:00,0.5493,0.5548,0.519,0.5318,43460529.1
2024-11-12 04:00:00,0.5319,0.5434,0.5182,0.5282,31820902.5
2024-11-12 08:00:00,0.5282,0.5504,0.484,0.5043,96017253.3
2024-11-12 12:00:00,0.5041,0.5087,0.4813,0.4892,43658640.0
2024-11-12 16:00:00,0.4894,0.514,0.4787,0.5035,30826554.6
2024-11-12 20:00:00,0.5034,0.5197,0.4916,0.5042,20927987.3
2024-11-13 00:00:00,0.5044,0.511,0.4755,0.4756,32321775.4
2024-11-13 04:00:00,0.4756,0.4822,0.4464,0.4628,37894925.4
2024-11-13 08:00:00,0.4629,0.4663,0.4534,0.462,22167643.7
2024-11-13 12:00:00,0.4618,0.4955,0.4561,0.4905,47022680.5
2024-11-13 16:00:00,0.4903,0.4967,0.4612,0.4627,40377317.6
2024-11-13 20:00:00,0.4626,0.4715,0.4522,0.4707,23787063.8
2024-11-14 00:00:00,0.4707,0.4858,0.4617,0.4854,20278534.6
2024-11-14 04:00:00,0.4852,0.4981,0.4785,0.4867,21681666.3
2024-11-14 08:00:00,0.4868,0.4887,0.4521,0.4621,31409395.4
2024-11-14 12:00:00,0.4619,0.4664,0.438,0.4423,41099672.1
2024-11-14 16:00:00,0.4423,0.4568,0.4386,0.4535,16866169.8
2024-11-14 20:00:00,0.4535,0.4535,0.4264,0.4343,25860228.6
2024-11-15 00:00:00,0.4341,0.4408,0.4242,0.434,17692538.8
2024-11-15 04:00:00,0.434,0.437,0.4203,0.4299,22514789.9
2024-11-15 08:00:00,0.4298,0.4518,0.4261,0.4515,15215606.3
2024-11-15 12:00:00,0.4514,0.4542,0.4281,0.4309,25754557.0
2024-11-15 16:00:00,0.4308,0.4394,0.4271,0.4373,19989875.3
2024-11-15 20:00:00,0.4372,0.4518,0.4365,0.4475,13752121.1
2024-11-16 00:00:00,0.4474,0.4579,0.4443,0.4577,16371094.2
2024-11-16 04:00:00,0.4576,0.4591,0.4473,0.4508,12779321.5
2024-11-16 08:00:00,0.4506,0.4718,0.4488,0.4714,21921598.9
2024-11-16 12:00:00,0.4716,0.4745,0.4439,0.452,33636562.7
2024-11-16 16:00:00,0.452,0.4784,0.4478,0.4689,25430102.9
2024-11-16 20:00:00,0.4688,0.4764,0.4605,0.4704,16748416.1
2024-11-17 00:00:00,0.4705,0.4783,0.442,0.4612,36272405.1
2024-11-17 04:00:00,0.4612,0.4751,0.4607,0.4689,19026520.3
2024-11-17 08:00:00,0.469,0.4755,0.4539,0.4543,20676578.3
2024-11-17 12:00:00,0.4543,0.4697,0.4517,0.4643,22427174.1
2024-11-17 16:00:00,0.4644,0.4696,0.4501,0.4556,18309507.8
2024-11-17 20:00:00,0.4556,0.4574,0.4429,0.4517,16350506.5
2024-11-18 00:00:00,0.4518,0.467,0.4473,0.4648,16872224.0
2024-11-18 04:00:00,0.4649,0.4816,0.4605,0.4787,28555493.9
2024-11-18 08:00:00,0.4787,0.4803,0.4576,0.4615,21863709.4
2024-11-18 12:00:00,0.4615,0.4961,0.4568,0.4935,134242851.1
2024-11-18 16:00:00,0.4935,0.5147,0.4835,0.4947,68499880.2
2024-11-18 20:00:00,0.4947,0.5134,0.4873,0.5069,35450489.5
2024-11-19 00:00:00,0.5069,0.5111,0.4864,0.4873,22182065.8
2024-11-19 04:00:00,0.4873,0.4886,0.478,0.4814,20360094.2
2024-11-19 08:00:00,0.4815,0.4885,0.4756,0.4828,19861520.3
2024-11-19 12:00:00,0.4828,0.4946,0.4776,0.4836,32163618.1
2024-11-19 16:00:00,0.4838,0.4887,0.4762,0.4798,19338004.8
2024-11-19 20:00:00,0.4799,0.4822,0.4644,0.4795,22698784.0
2024-11-20 00:00:00,0.4794,0.4905,0.4703,0.4801,34548324.3
2024-11-20 04:00:00,0.48,0.4905,0.4701,0.4751,21597231.4
2024-11-20 08:00:00,0.4751,0.481,0.4635,0.4687,21796935.3
2024-11-20 12:00:00,0.4686,0.4851,0.464,0.4735,29622667.8
2024-11-20 16:00:00,0.4735,0.4766,0.4435,0.4498,33544577.2
2024-11-20 20:00:00,0.4499,0.4601,0.446,0.4494,14827691.2
2024-11-21 00:00:00,0.4495,0.4593,0.4353,0.4454,26841212.0
2024-11-21 04:00:00,0.4455,0.4649,0.4447,0.4648,20492958.2
2024-11-21 08:00:00,0.4648,0.4689,0.4559,0.4637,16295313.7
2024-11-21 12:00:00,0.4636,0.5234,0.4631,0.5084,117786705.0
2024-11-21 16:00:00,0.5085,0.5279,0.5044,0.5055,52913220.5
2024-11-21 20:00:00,0.5055,0.5115,0.5004,0.505,19084649.1
2024-11-22 00:00:00,0.5051,0.51,0.491,0.5077,26695951.1
2024-11-22 04:00:00,0.5077,0.5247,0.5013,0.5018,28614204.6
2024-11-22 08:00:00,0.5019,0.5134,0.4982,0.512,22197694.0
2024-11-22 12:00:00,0.512,0.5422,0.5005,0.5319,67917545.4
2024-11-22 16:00:00,0.5319,0.5319,0.506,0.5139,29045304.1
2024-11-22 20:00:00,0.5139,0.5344,0.5109,0.5338,18195045.2
2024-11-23 00:00:00,0.5338,0.5462,0.5279,0.5432,36151677.8
2024-11-23 04:00:00,0.5433,0.5499,0.5323,0.5463,25258991.7
2024-11-23 08:00:00,0.5463,0.5644,0.5362,0.5446,34125855.2
2024-11-23 12:00:00,0.5445,0.5978,0.5405,0.5861,64059327.1
2024-11-23 16:00:00,0.5862,0.5941,0.5477,0.5801,73101165.7
2024-11-23 20:00:00,0.5799,0.595,0.5626,0.575,32205290.9
2024-11-24 00:00:00,0.575,0.61,0.5717,0.6058,28396443.1
2024-11-24 04:00:00,0.6056,0.6124,0.5912,0.6092,27593597.4
2024-11-24 08:00:00,0.609,0.6178,0.5786,0.5813,51680857.6
2024-11-24 12:00:00,0.5813,0.6025,0.5557,0.5653,75264595.2
2024-11-24 16:00:00,0.5652,0.6049,0.5586,0.5933,38572883.2
2024-11-24 20:00:00,0.5932,0.6199,0.5913,0.6114,25483762.4
2024-11-25 00:00:00,0.6115,0.6124,0.5806,0.5937,24374385.8
2024-11-25 04:00:00,0.5937,0.607,0.5894,0.5979,19269658.5
2024-11-25 08:00:00,0.5978,0.6432,0.5968,0.6265,55979890.1
2024-11-25 12:00:00,0.6266,0.6301,0.5844,0.6196,71085696.9
2024-11-25 16:00:00,0.6196,0.6285,0.582,0.595,40439193.6
2024-11-25 20:00:00,0.595,0.6089,0.5746,0.5872,29891307.2
2024-11-26 00:00:00,0.5871,0.6073,0.5797,0.587,28621391.7
2024-11-26 04:00:00,0.5869,0.597,0.567,0.571,22147343.8
2024-11-26 08:00:00,0.571,0.5714,0.5339,0.5466,52089561.6
2024-11-26 12:00:00,0.5466,0.5924,0.5413,0.5678,55955300.2
2024-11-26 16:00:00,0.5679,0.5782,0.5487,0.5657,45249158.1
2024-11-26 20:00:00,0.5656,0.5853,0.5651,0.579,22358164.7
2024-11-27 00:00:00,0.5789,0.5996,0.5703,0.5892,23898308.8
2024-11-27 04:00:00,0.5892,0.6191,0.5867,0.5925,40211416.1
2024-11-27 08:00:00,0.5925,0.6033,0.5831,0.6006,21951194.0
2024-11-27 12:00:00,0.6006,0.6097,0.5863,0.6016,30089876.5
2024-11-27 16:00:00,0.6019,0.63,0.599,0.6202,36085835.4
2024-11-27 20:00:00,0.6203,0.6485,0.6191,0.6385,24790915.3
2024-11-28 00:00:00,0.6385,0.6519,0.6223,0.6301,35972775.1
2024-11-28 04:00:00,0.6301,0.6421,0.6211,0.6255,14508451.2
2024-11-28 08:00:00,0.6255,0.6448,0.6167,0.6233,24205454.9
2024-11-28 12:00:00,0.6233,0.6298,0.6075,0.6082,24144079.8
2024-11-28 16:00:00,0.6083,0.6247,0.6068,0.6246,15731784.9
2024-11-28 20:00:00,0.6247,0.6456,0.6157,0.631,15293579.3
2024-11-29 00:00:00,0.6311,0.6335,0.6137,0.6208,15119400.4
2024-11-29 04:00:00,0.6209,0.6269,0.6087,0.6095,14976575.2
2024-11-29 08:00:00,0.6095,0.6238,0.6095,0.6222,10528741.4
2024-11-29 12:00:00,0.6222,0.6319,0.6135,0.617,18392402.0
2024-11-29 16:00:00,0.617,0.6234,0.6118,0.6221,14321822.3
2024-11-29 20:00:00,0.6223,0.6293,0.6162,0.6275,11487985.4
2024-11-30 00:00:00,0.6276,0.6443,0.6177,0.6417,24228418.0
2024-11-30 04:00:00,0.6418,0.6622,0.6386,0.6487,26947164.7
2024-11-30 08:00:00,0.6487,0.6531,0.6345,0.6428,21019211.9
2024-11-30 12:00:00,0.6429,0.6747,0.6423,0.6694,27395806.5
2024-11-30 16:00:00,0.6695,0.7152,0.6671,0.696,53602017.2
2024-11-30 20:00:00,0.696,0.7185,0.6941,0.713,23104469.1
2024-12-01 00:00:00,0.7131,0.72,0.696,0.7087,41086061.5
2024-12-01 04:00:00,0.7087,0.7345,0.7014,0.7106,41161981.0
2024-12-01 08:00:00,0.7105,0.7129,0.6984,0.7052,17162002.4
2024-12-01 12:00:00,0.705,0.7289,0.7044,0.7187,25329692.5
2024-12-01 16:00:00,0.7186,0.7209,0.6988,0.7128,19434824.0
2024-12-01 20:00:00,0.7127,0.7186,0.7003,0.7123,15046279.3
2024-12-02 00:00:00,0.7125,0.728,0.6929,0.6968,30930804.9
2024-12-02 04:00:00,0.6967,0.7072,0.6776,0.698,33058948.9
2024-12-02 08:00:00,0.698,0.7013,0.6552,0.6643,44569122.1
2024-12-02 12:00:00,0.6642,0.6962,0.6613,0.6935,22455369.5
2024-12-02 16:00:00,0.6934,0.6971,0.6598,0.6792,25335788.1
2024-12-02 20:00:00,0.6793,0.7132,0.6778,0.7122,17351071.1
2024-12-03 00:00:00,0.7122,0.7242,0.6941,0.7153,19187158.5
2024-12-03 04:00:00,0.7155,0.7489,0.711,0.7178,32751204.1
2024-12-03 08:00:00,0.7179,0.7234,0.7012,0.72,21846704.3
2024-12-03 12:00:00,0.7199,0.7199,0.6372,0.682,69168953.5
2024-12-03 16:00:00,0.6819,0.6992,0.6692,0.6899,25491105.8
2024-12-03 20:00:00,0.69,0.7341,0.6892,0.7267,23121412.7
2024-12-04 00:00:00,0.7268,0.7437,0.7167,0.7276,26061448.0
2024-12-04 04:00:00,0.7276,0.7486,0.7232,0.7414,13733472.8
2024-12-04 08:00:00,0.7415,0.7644,0.7409,0.7514,24478854.5
2024-12-04 12:00:00,0.7514,0.7689,0.7306,0.7527,38497216.6
2024-12-04 16:00:00,0.7526,0.7546,0.7157,0.7443,33494134.6
2024-12-04 20:00:00,0.7444,0.7491,0.7078,0.7224,25610397.9
2024-12-05 00:00:00,0.7224,0.7232,0.6784,0.7017,45312116.1
2024-12-05 04:00:00,0.7018,0.7342,0.698,0.7329,18871946.4
2024-12-05 08:00:00,0.7329,0.7375,0.7215,0.7337,18962950.0
2024-12-05 12:00:00,0.7335,0.7434,0.7211,0.7386,25276985.4
2024-12-05 16:00:00,0.7387,0.7515,0.7207,0.7227,23583057.6
2024-12-05 20:00:00,0.7227,0.73,0.6883,0.7153,31044187.7
2024-12-06 00:00:00,0.7153,0.7593,0.7086,0.7564,23654011.4
2024-12-06 04:00:00,0.7566,0.7763,0.7486,0.7712,23676377.7
2024-12-06 08:00:00,0.771,0.779,0.7411,0.7557,33281893.7
2024-12-06 12:00:00,0.7555,0.7848,0.73,0.7726,40428358.6
2024-12-06 16:00:00,0.7725,0.805,0.765,0.7899,30629706.2
2024-12-06 20:00:00,0.7898,0.7933,0.781,0.7855,13394704.5
2024-12-07 00:00:00,0.7854,0.7936,0.7754,0.7895,12969021.4
2024-12-07 04:00:00,0.7895,0.796,0.7812,0.7889,13576801.0
2024-12-07 08:00:00,0.7889,0.7905,0.7666,0.7764,17895873.2
2024-12-07 12:00:00,0.7763,0.7891,0.7733,0.7809,17421155.4
2024-12-07 16:00:00,0.7809,0.7865,0.7653,0.7747,11384787.3
2024-12-07 20:00:00,0.7745,0.7782,0.7686,0.7687,7037756.4
2024-12-08 00:00:00,0.7689,0.7815,0.7655,0.7702,9148919.4
2024-12-08 04:00:00,0.7702,0.7731,0.7478,0.7614,17397791.4
2024-12-08 08:00:00,0.7614,0.7623,0.7407,0.7575,15301446.8
2024-12-08 12:00:00,0.7575,0.7745,0.7476,0.7717,15093449.7
2024-12-08 16:00:00,0.7718,0.7765,0.7545,0.7629,9454846.0
2024-12-08 20:00:00,0.7631,0.7805,0.7594,0.7766,8197390.9
2024-12-09 00:00:00,0.7767,0.7778,0.7319,0.7402,20081110.1
2024-12-09 04:00:00,0.7401,0.7467,0.7171,0.728,20321539.6
2024-12-09 08:00:00,0.7281,0.7281,0.6885,0.692,31253455.0
2024-12-09 12:00:00,0.6919,0.7245,0.6841,0.6976,32178409.1
2024-12-09 16:00:00,0.6977,0.708,0.6891,0.6899,14901531.7
2024-12-09 20:00:00,0.6899,0.692,0.5114,0.6209,130295732.4
2024-12-10 00:00:00,0.6209,0.6426,0.5789,0.605,42734679.0
2024-12-10 04:00:00,0.605,0.6369,0.59,0.6288,22859584.5
2024-12-10 08:00:00,0.6287,0.6408,0.6184,0.6317,22745253.5
2024-12-10 12:00:00,0.6318,0.6332,0.5695,0.5706,47848918.2
2024-12-10 16:00:00,0.5707,0.6013,0.5571,0.6005,48190431.2
2024-12-10 20:00:00,0.6004,0.6228,0.5949,0.6154,14837318.7
2024-12-11 00:00:00,0.6155,0.6217,0.5867,0.6168,22565618.8
2024-12-11 04:00:00,0.617,0.6201,0.6029,0.6037,13410777.6
2024-12-11 08:00:00,0.6037,0.6282,0.6035,0.6223,16362604.3
2024-12-11 12:00:00,0.6222,0.6621,0.6211,0.6535,33827952.3
2024-12-11 16:00:00,0.6536,0.6614,0.6412,0.6485,16888765.2
2024-12-11 20:00:00,0.6485,0.6585,0.6449,0.6547,7516830.4
2024-12-12 00:00:00,0.6548,0.6896,0.6491,0.6833,19977654.0
2024-12-12 04:00:00,0.6833,0.6929,0.6754,0.6843,14956474.9
2024-12-12 08:00:00,0.6843,0.6924,0.6668,0.672,17099532.3
2024-12-12 12:00:00,0.672,0.6989,0.672,0.6848,30676788.5
2024-12-12 16:00:00,0.6848,0.6927,0.6563,0.6596,20481527.6
2024-12-12 20:00:00,0.6595,0.6728,0.6519,0.6612,13192102.8
2024-12-13 00:00:00,0.6611,0.6656,0.6443,0.6606,18580865.4
2024-12-13 04:00:00,0.6606,0.6624,0.6326,0.6415,14248136.4
2024-12-13 08:00:00,0.6415,0.6604,0.6379,0.6501,12304697.3
2024-12-13 12:00:00,0.6501,0.6594,0.6371,0.6389,23620566.3
2024-12-13 16:00:00,0.6386,0.6581,0.6378,0.6492,14920404.6
2024-12-13 20:00:00,0.6495,0.6604,0.646,0.658,8349571.7
2024-12-14 00:00:00,0.6579,0.6677,0.6488,0.6509,8959188.5
2024-12-14 04:00:00,0.6509,0.6559,0.6464,0.6487,6829579.6
2024-12-14 08:00:00,0.6487,0.6555,0.637,0.6401,7489143.8
2024-12-14 12:00:00,0.64,0.6412,0.6149,0.6247,21449458.0
2024-12-14 16:00:00,0.6246,0.6261,0.6078,0.6146,12158490.0
2024-12-14 20:00:00,0.6145,0.6263,0.6053,0.6227,7526433.2
2024-12-15 00:00:00,0.6227,0.6305,0.6137,0.6142,5786792.9
2024-12-15 04:00:00,0.6143,0.6255,0.601,0.6055,7675499.3
2024-12-15 08:00:00,0.6053,0.6231,0.6045,0.6188,6545349.1
2024-12-15 12:00:00,0.6188,0.6456,0.6154,0.637,11687257.5
2024-12-15 16:00:00,0.637,0.6426,0.6277,0.6351,8566937.6
2024-12-15 20:00:00,0.6351,0.651,0.6153,0.648,14626326.4
2024-12-16 00:00:00,0.6481,0.6717,0.6334,0.6368,21888377.6
2024-12-16 04:00:00,0.6368,0.6485,0.6314,0.6412,12204852.2
2024-12-16 08:00:00,0.6413,0.6423,0.6146,0.6163,15905434.4
2024-12-16 12:00:00,0.6164,0.629,0.6116,0.6256,14084845.9
2024-12-16 16:00:00,0.6256,0.6506,0.6228,0.6403,23322549.2
2024-12-16 20:00:00,0.6404,0.6513,0.6267,0.6277,8477024.0
2024-12-17 00:00:00,0.6277,0.6292,0.6108,0.623,14173882.9
2024-12-17 04:00:00,0.623,0.623,0.6049,0.6081,10664724.2
2024-12-17 08:00:00,0.6082,0.6245,0.608,0.6177,11068171.2
2024-12-17 12:00:00,0.6176,0.6254,0.5932,0.5986,21641311.5
2024-12-17 16:00:00,0.5984,0.6152,0.5922,0.6041,13988499.2
2024-12-17 20:00:00,0.604,0.6072,0.5777,0.5863,18695021.8
2024-12-18 00:00:00,0.5863,0.5878,0.5721,0.5748,12119769.2
2024-12-18 04:00:00,0.5747,0.5784,0.5655,0.5721,15350636.2
2024-12-18 08:00:00,0.572,0.5818,0.5675,0.5785,9467745.9
2024-12-18 12:00:00,0.5784,0.579,0.5608,0.5711,16752670.3
2024-12-18 16:00:00,0.5712,0.5824,0.556,0.556,18211830.4
2024-12-18 20:00:00,0.5561,0.5607,0.5139,0.5252,69051891.1
2024-12-19 00:00:00,0.5251,0.533,0.4946,0.5255,48623906.1
2024-12-19 04:00:00,0.5254,0.5282,0.5178,0.519,10018112.9
2024-12-19 08:00:00,0.519,0.5287,0.5121,0.5229,12251432.6
2024-12-19 12:00:00,0.5229,0.5242,0.4927,0.5044,28267329.2
2024-12-19 16:00:00,0.5042,0.5083,0.4633,0.473,68419302.0
2024-12-19 20:00:00,0.4731,0.4971,0.4605,0.4871,46814531.9
2024-12-20 00:00:00,0.4871,0.5063,0.4795,0.4972,20795643.1
2024-12-20 04:00:00,0.4971,0.5012,0.4742,0.4887,17731777.2
2024-12-20 08:00:00,0.4887,0.4896,0.4256,0.4276,79052532.5
2024-12-20 12:00:00,0.4277,0.481,0.4272,0.4769,48700355.4
2024-12-20 16:00:00,0.4769,0.5042,0.474,0.4998,20757415.4
2024-12-20 20:00:00,0.4999,0.5043,0.4844,0.5,12568633.1
2024-12-21 00:00:00,0.5001,0.5097,0.496,0.5008,11672564.1
2024-12-21 04:00:00,0.501,0.5276,0.5002,0.5205,13980982.6
2024-12-21 08:00:00,0.5206,0.5224,0.4976,0.502,20468957.3
2024-12-21 12:00:00,0.502,0.5053,0.4768,0.4833,31013226.8
2024-12-21 16:00:00,0.4833,0.4836,0.4651,0.4696,30953978.8
2024-12-21 20:00:00,0.4695,0.4783,0.4644,0.4727,16736755.5
2024-12-22 00:00:00,0.4728,0.4835,0.4682,0.4773,12366717.4
2024-12-22 04:00:00,0.4772,0.4788,0.4619,0.4735,9729015.8
2024-12-22 08:00:00,0.4735,0.4917,0.4731,0.486,12893024.2
2024-12-22 12:00:00,0.4859,0.491,0.4679,0.4748,20405440.7
2024-12-22 16:00:00,0.4749,0.4825,0.4629,0.4645,11301956.9
2024-12-22 20:00:00,0.4645,0.4731,0.4574,0.4656,19659349.8
2024-12-23 00:00:00,0.4657,0.4855,0.4536,0.483,20904007.5
2024-12-23 04:00:00,0.483,0.4855,0.4595,0.4655,13166322.4
2024-12-23 08:00:00,0.4655,0.4791,0.465,0.4685,12853402.3
2024-12-23 12:00:00,0.4686,0.4754,0.4603,0.4609,14391130.3
2024-12-23 16:00:00,0.4609,0.4788,0.4595,0.473,13574034.9
2024-12-23 20:00:00,0.4731,0.5054,0.4728,0.4951,17120270.6
2024-12-24 00:00:00,0.4952,0.4973,0.4801,0.49,7713651.4
2024-12-24 04:00:00,0.49,0.498,0.4862,0.4893,6653501.1
2024-12-24 08:00:00,0.4894,0.4951,0.4839,0.4948,9101080.2
2024-12-24 12:00:00,0.4947,0.5179,0.489,0.5138,17378297.8
2024-12-24 16:00:00,0.5139,0.5182,0.5003,0.5003,9055987.1
2024-12-24 20:00:00,0.5003,0.51,0.4955,0.5076,7440158.4
2024-12-25 00:00:00,0.5075,0.5098,0.5002,0.504,6876105.8
2024-12-25 04:00:00,0.504,0.5072,0.4971,0.4985,5075766.0
2024-12-25 08:00:00,0.4985,0.5128,0.4952,0.4962,9724706.7
2024-12-25 12:00:00,0.4963,0.5031,0.4927,0.4948,11080349.2
2024-12-25 16:00:00,0.4949,0.5002,0.4878,0.4998,6382021.1
2024-12-25 20:00:00,0.4999,0.5013,0.4879,0.4955,8164431.6
2024-12-26 00:00:00,0.4956,0.5006,0.4814,0.483,9362595.5
2024-12-26 04:00:00,0.4831,0.4833,0.4739,0.4761,8630019.3
2024-12-26 08:00:00,0.4763,0.4771,0.4629,0.4717,15595853.1
2024-12-26 12:00:00,0.4717,0.4725,0.465,0.4661,10684741.3
2024-12-26 16:00:00,0.466,0.4713,0.459,0.4644,10848286.6
2024-12-26 20:00:00,0.4642,0.4674,0.4567,0.4646,7851871.1
2024-12-27 00:00:00,0.4646,0.4756,0.4618,0.4709,8369277.7
2024-12-27 04:00:00,0.4709,0.4814,0.465,0.4688,11049031.4
2024-12-27 08:00:00,0.4689,0.4959,0.4686,0.491,20461515.0
2024-12-27 12:00:00,0.491,0.4928,0.4705,0.4735,13960182.1
2024-12-27 16:00:00,0.4734,0.4857,0.4689,0.4771,15925267.8
2024-12-27 20:00:00,0.4771,0.4779,0.4656,0.4708,7009635.9
2024-12-28 00:00:00,0.4708,0.4718,0.4642,0.469,5271711.8
2024-12-28 04:00:00,0.4692,0.4749,0.4636,0.4641,6427567.7
2024-12-28 08:00:00,0.4641,0.47,0.4633,0.4696,4922216.9
2024-12-28 12:00:00,0.4697,0.4866,0.468,0.4777,10296917.7
2024-12-28 16:00:00,0.4778,0.4897,0.4746,0.4835,9139789.4
2024-12-28 20:00:00,0.4836,0.4878,0.4812,0.4828,5169028.2
2024-12-29 00:00:00,0.4829,0.4885,0.4765,0.485,11469390.9
2024-12-29 04:00:00,0.4851,0.4858,0.4782,0.4849,5264708.6
2024-12-29 08:00:00,0.4849,0.4929,0.4806,0.4893,15104714.5
2024-12-29 12:00:00,0.4893,0.494,0.481,0.4853,16632104.4
2024-12-29 16:00:00,0.4854,0.4861,0.4793,0.4819,9445388.4
2024-12-29 20:00:00,0.4818,0.4842,0.4472,0.4724,28488520.0
2024-12-30 00:00:00,0.4724,0.4924,0.4691,0.486,16909608.8
2024-12-30 04:00:00,0.486,0.4901,0.4786,0.4851,10317971.9
2024-12-30 08:00:00,0.485,0.4887,0.4753,0.483,11492070.4
2024-12-30 12:00:00,0.4829,0.4879,0.4613,0.4645,21473429.9
2024-12-30 16:00:00,0.4643,0.4834,0.4601,0.4804,17279611.6
2024-12-30 20:00:00,0.4804,0.4844,0.4656,0.4712,14406403.8
2024-12-31 00:00:00,0.4712,0.4712,0.4605,0.4611,6265575.7
2024-12-31 04:00:00,0.4611,0.4644,0.4569,0.4625,6783063.2
2024-12-31 08:00:00,0.4625,0.4744,0.4623,0.4699,8579093.9
2024-12-31 12:00:00,0.47,0.4838,0.4672,0.4799,12987244.0
2024-12-31 16:00:00,0.4798,0.4812,0.4668,0.4713,8367909.6
2024-12-31 20:00:00,0.4712,0.4733,0.4656,0.4683,3682735.3
2025-01-01 00:00:00,0.4683,0.4762,0.4671,0.4697,5573760.6
2025-01-01 04:00:00,0.4696,0.4711,0.4664,0.4694,3432237.8
2025-01-01 08:00:00,0.4694,0.471,0.4601,0.4702,9085043.6
2025-01-01 12:00:00,0.4702,0.4759,0.4662,0.4754,9663500.0
2025-01-01 16:00:00,0.4754,0.4822,0.47,0.4803,8186852.8
2025-01-01 20:00:00,0.4803,0.4847,0.4778,0.479,5782008.5
2025-01-02 00:00:00,0.479,0.4939,0.479,0.4896,12119775.2
2025-01-02 04:00:00,0.4896,0.501,0.4886,0.4989,8570890.9
2025-01-02 08:00:00,0.4989,0.5066,0.4968,0.5034,7921003.6
2025-01-02 12:00:00,0.5036,0.5082,0.4946,0.4969,13441503.5
2025-01-02 16:00:00,0.4969,0.5017,0.4932,0.4947,6882553.1
2025-01-02 20:00:00,0.4948,0.4976,0.4875,0.4961,4651320.3
2025-01-03 00:00:00,0.4961,0.4992,0.4903,0.4963,4817271.1
2025-01-03 04:00:00,0.4962,0.4962,0.487,0.4881,6455068.6
2025-01-03 08:00:00,0.4881,0.5039,0.4865,0.5025,8026588.5
2025-01-03 12:00:00,0.5025,0.5193,0.5005,0.5185,14140193.4
2025-01-03 16:00:00,0.5185,0.5224,0.512,0.5142,12902050.7
2025-01-03 20:00:00,0.5142,0.5188,0.5097,0.5183,5550044.5
2025-01-04 00:00:00,0.5184,0.5205,0.5093,0.5155,6900197.5
2025-01-04 04:00:00,0.5154,0.5217,0.5102,0.5203,5860831.7
2025-01-04 08:00:00,0.5202,0.5235,0.5117,0.5231,8168141.7
2025-01-04 12:00:00,0.5232,0.5359,0.5183,0.5211,20993057.7
2025-01-04 16:00:00,0.5211,0.5308,0.5198,0.5269,8228102.2
2025-01-04 20:00:00,0.5268,0.5318,0.5248,0.5253,5735671.7
2025-01-05 00:00:00,0.5255,0.5273,0.5164,0.5239,5616775.0
2025-01-05 04:00:00,0.5237,0.5263,0.5193,0.5203,4368937.2
2025-01-05 08:00:00,0.5203,0.5218,0.5133,0.5181,8851445.7
2025-01-05 12:00:00,0.5181,0.5218,0.5089,0.5181,8309567.0
2025-01-05 16:00:00,0.5182,0.524,0.5131,0.5238,8329426.3
2025-01-05 20:00:00,0.5239,0.5273,0.5199,0.5215,5457813.8
2025-01-06 00:00:00,0.5216,0.5299,0.5144,0.527,9933707.5
2025-01-06 04:00:00,0.527,0.5294,0.5175,0.5218,6129075.5
2025-01-06 08:00:00,0.5217,0.5242,0.5153,0.5229,6839590.7
2025-01-06 12:00:00,0.5229,0.5288,0.5155,0.5287,14969459.2
2025-01-06 16:00:00,0.5288,0.5389,0.5192,0.5217,22043613.1
2025-01-06 20:00:00,0.5215,0.5236,0.5152,0.5211,6729640.0
2025-01-07 00:00:00,0.521,0.5228,0.5129,0.5151,5381859.8
2025-01-07 04:00:00,0.515,0.5171,0.5104,0.5124,5381919.5
2025-01-07 08:00:00,0.5124,0.5172,0.5036,0.5078,10291210.3
2025-01-07 12:00:00,0.5078,0.5114,0.478,0.4846,39598581.0
2025-01-07 16:00:00,0.4845,0.4892,0.4685,0.4692,19517020.6
2025-01-07 20:00:00,0.4692,0.4735,0.4631,0.4651,11185021.2
2025-01-08 00:00:00,0.4651,0.4706,0.4551,0.458,12700146.8
2025-01-08 04:00:00,0.458,0.4594,0.4389,0.4489,15724899.7
2025-01-08 08:00:00,0.4488,0.4534,0.4405,0.4442,9879131.7
2025-01-08 12:00:00,0.4441,0.4536,0.4423,0.4477,11374361.9
2025-01-08 16:00:00,0.4477,0.4478,0.4186,0.4375,30715444.9
2025-01-08 20:00:00,0.4373,0.4464,0.434,0.4443,6268185.5
2025-01-09 00:00:00,0.4442,0.4498,0.4376,0.4387,7758509.4
2025-01-09 04:00:00,0.4386,0.4416,0.4292,0.4309,7079932.2
2025-01-09 08:00:00,0.4311,0.4399,0.4292,0.4351,8269976.5
2025-01-09 12:00:00,0.4351,0.4426,0.4187,0.4394,17109594.5
2025-01-09 16:00:00,0.4393,0.4421,0.4222,0.4227,9813333.8
2025-01-09 20:00:00,0.4227,0.4289,0.4158,0.4269,11316147.0
2025-01-10 00:00:00,0.4269,0.4323,0.4256,0.4315,4637875.0
2025-01-10 04:00:00,0.4315,0.4448,0.4293,0.4416,8165377.0
2025-01-10 08:00:00,0.4417,0.4436,0.4364,0.4397,6787659.2
2025-01-10 12:00:00,0.4397,0.4407,0.4218,0.4283,32503584.5
2025-01-10 16:00:00,0.4284,0.4391,0.4235,0.4363,13252275.7
2025-01-10 20:00:00,0.4363,0.4378,0.4304,0.436,5292500.4
2025-01-11 00:00:00,0.436,0.4393,0.4301,0.4309,4416284.9
2025-01-11 04:00:00,0.4309,0.4354,0.4281,0.4314,5050877.9
2025-01-11 08:00:00,0.4314,0.4359,0.4293,0.4354,4627668.4
2025-01-11 12:00:00,0.4352,0.4359,0.4289,0.4312,3592819.3
2025-01-11 16:00:00,0.4311,0.4338,0.4282,0.4301,5176612.5
2025-01-11 20:00:00,0.4302,0.4433,0.4296,0.4348,8493866.9
2025-01-12 00:00:00,0.4349,0.4367,0.4307,0.433,5363406.7
2025-01-12 04:00:00,0.433,0.434,0.4281,0.4312,4392505.2
2025-01-12 08:00:00,0.4312,0.4324,0.4253,0.4314,5398233.3
2025-01-12 12:00:00,0.4315,0.4369,0.4289,0.4362,8788573.9
2025-01-12 16:00:00,0.4362,0.4378,0.4312,0.4325,6174244.2
2025-01-12 20:00:00,0.4325,0.4344,0.4234,0.429,4773652.8
2025-01-13 00:00:00,0.429,0.4384,0.4147,0.4173,12758115.8
2025-01-13 04:00:00,0.4172,0.4226,0.4046,0.4102,13750416.2
2025-01-13 08:00:00,0.4102,0.4114,0.3859,0.3862,26395827.1
2025-01-13 12:00:00,0.3863,0.4016,0.38,0.3971,34549890.6
2025-01-13 16:00:00,0.3973,0.4,0.3859,0.3939,14066330.9
2025-01-13 20:00:00,0.3939,0.4138,0.3909,0.4095,10974960.1
2025-01-14 00:00:00,0.4095,0.4142,0.4066,0.4108,5583420.3
2025-01-14 04:00:00,0.4107,0.4167,0.4102,0.4104,4858412.2
2025-01-14 08:00:00,0.4105,0.4225,0.4105,0.4151,8707035.7
2025-01-14 12:00:00,0.4151,0.4226,0.412,0.4182,10451041.5
2025-01-14 16:00:00,0.4181,0.4242,0.4142,0.4217,5150737.9
2025-01-14 20:00:00,0.4217,0.4324,0.4188,0.4289,4634710.0
2025-01-15 00:00:00,0.4289,0.4311,0.4225,0.4261,7912540.2
2025-01-15 04:00:00,0.4261,0.4292,0.4218,0.4259,3985602.5
2025-01-15 08:00:00,0.4259,0.4288,0.4124,0.4147,6559676.5
2025-01-15 12:00:00,0.4147,0.44,0.4121,0.4365,22244700.1
2025-01-15 16:00:00,0.4366,0.446,0.433,0.4449,12382099.5
2025-01-15 20:00:00,0.4449,0.4499,0.4428,0.4469,8006629.7
2025-01-16 00:00:00,0.4469,0.4497,0.436,0.4387,7576803.7
2025-01-16 04:00:00,0.4387,0.4404,0.4332,0.437,7678237.3
2025-01-16 08:00:00,0.437,0.438,0.4264,0.4329,11361960.7
2025-01-16 12:00:00,0.4328,0.4401,0.4184,0.4314,22936553.7
2025-01-16 16:00:00,0.4314,0.4368,0.4282,0.4343,9743148.3
2025-01-16 20:00:00,0.4343,0.4358,0.4196,0.4232,6882402.4
2025-01-17 00:00:00,0.4233,0.4382,0.4232,0.4348,8808906.8
2025-01-17 04:00:00,0.4348,0.4434,0.4331,0.4389,8322388.7
2025-01-17 08:00:00,0.4389,0.4521,0.4368,0.4501,12341281.3
2025-01-17 12:00:00,0.4502,0.4533,0.4431,0.4457,16340171.1
2025-01-17 16:00:00,0.4457,0.4504,0.4405,0.4454,10657899.6
2025-01-17 20:00:00,0.4454,0.4605,0.4442,0.4541,14611405.0
2025-01-18 00:00:00,0.4541,0.4634,0.4415,0.4438,12922925.8
2025-01-18 04:00:00,0.4438,0.4458,0.4206,0.4217,22387754.2
2025-01-18 08:00:00,0.4218,0.4257,0.4145,0.4238,19621496.7
2025-01-18 12:00:00,0.4238,0.4261,0.4159,0.4183,15046933.1
2025-01-18 16:00:00,0.4184,0.421,0.4059,0.4127,22089711.3
2025-01-18 20:00:00,0.4127,0.4205,0.4073,0.4188,10822941.4
2025-01-19 00:00:00,0.4188,0.4417,0.417,0.4315,20414347.6
2025-01-19 04:00:00,0.4316,0.4325,0.4118,0.4133,15308025.7
2025-01-19 08:00:00,0.4132,0.4134,0.382,0.3852,49174531.7
2025-01-19 12:00:00,0.3853,0.4236,0.3842,0.4191,43794751.5
2025-01-19 16:00:00,0.4191,0.4291,0.4157,0.4274,12199899.1
2025-01-19 20:00:00,0.4275,0.4307,0.3775,0.3859,67893011.0
2025-01-20 00:00:00,0.386,0.3865,0.3625,0.3751,60913305.4
2025-01-20 04:00:00,0.3751,0.4134,0.3708,0.4069,42575337.4
2025-01-20 08:00:00,0.407,0.4105,0.392,0.3994,23723320.1
2025-01-20 12:00:00,0.3994,0.3996,0.3828,0.3877,30690469.8
2025-01-20 16:00:00,0.388,0.3962,0.367,0.3841,50478325.7
2025-01-20 20:00:00,0.384,0.3889,0.374,0.3808,12667161.3
2025-01-21 00:00:00,0.3808,0.3819,0.3645,0.3689,19100108.4
2025-01-21 04:00:00,0.369,0.3704,0.3591,0.3674,14863063.9
2025-01-21 08:00:00,0.3675,0.3826,0.3645,0.3815,16203639.0
2025-01-21 12:00:00,0.3816,0.3873,0.3773,0.3819,17980557.4
2025-01-21 16:00:00,0.3818,0.4024,0.3811,0.3959,19785545.2
2025-01-21 20:00:00,0.3958,0.3995,0.3912,0.3965,9387447.1
2025-01-22 00:00:00,0.3965,0.4012,0.3929,0.395,11460912.5
2025-01-22 04:00:00,0.3951,0.3983,0.3885,0.3891,8312271.6
2025-01-22 08:00:00,0.3892,0.3959,0.3843,0.3944,8944055.8
2025-01-22 12:00:00,0.3945,0.3965,0.3759,0.3789,17684726.7
2025-01-22 16:00:00,0.379,0.3816,0.3722,0.3765,14320897.6
2025-01-22 20:00:00,0.3765,0.3801,0.3705,0.373,6933022.9
2025-01-23 00:00:00,0.3729,0.374,0.3654,0.3683,13360012.8
2025-01-23 04:00:00,0.3683,0.3738,0.3661,0.3735,9474018.4
2025-01-23 08:00:00,0.3735,0.3741,0.3671,0.3705,8514436.8
2025-01-23 12:00:00,0.3704,0.3798,0.3642,0.3753,21958953.0
2025-01-23 16:00:00,0.3754,0.3816,0.3633,0.3649,12825358.3
2025-01-23 20:00:00,0.3648,0.3794,0.3621,0.3765,22672480.5
2025-01-24 00:00:00,0.3765,0.3788,0.3622,0.3681,8406747.9
2025-01-24 04:00:00,0.3679,0.3861,0.3662,0.3806,11001991.9
2025-01-24 08:00:00,0.3806,0.3862,0.3789,0.3849,13029094.8
2025-01-24 12:00:00,0.3849,0.3891,0.378,0.3819,12813626.4
2025-01-24 16:00:00,0.382,0.3842,0.3766,0.3778,12713783.6
2025-01-24 20:00:00,0.3779,0.3798,0.3632,0.3663,10692559.5
2025-01-25 00:00:00,0.3662,0.3676,0.353,0.3672,20779618.0
2025-01-25 04:00:00,0.3672,0.3677,0.3593,0.3604,11596740.7
2025-01-25 08:00:00,0.3604,0.3651,0.356,0.364,6383599.5
2025-01-25 12:00:00,0.364,0.3739,0.361,0.3703,17036120.1
2025-01-25 16:00:00,0.3704,0.3767,0.3691,0.3713,12295012.6
2025-01-25 20:00:00,0.3713,0.3747,0.3693,0.3708,4989651.5
2025-01-26 00:00:00,0.3708,0.3781,0.3692,0.3763,5033120.8
2025-01-26 04:00:00,0.3763,0.3793,0.3741,0.3761,4579938.2
2025-01-26 08:00:00,0.3762,0.3781,0.3696,0.3759,6755624.4
2025-01-26 12:00:00,0.3759,0.3787,0.3736,0.3783,7368983.1
2025-01-26 16:00:00,0.3782,0.3835,0.3759,0.3821,6147439.5
2025-01-26 20:00:00,0.3822,0.3828,0.3633,0.364,10515598.5
2025-01-27 00:00:00,0.364,0.3641,0.3466,0.3511,27760587.6
2025-01-27 04:00:00,0.351,0.351,0.328,0.3367,34517349.2
2025-01-27 08:00:00,0.3367,0.341,0.3289,0.3365,18505363.3
2025-01-27 12:00:00,0.3363,0.3585,0.3351,0.3553,36348108.0
2025-01-27 16:00:00,0.3554,0.3564,0.3393,0.3442,12698668.2
2025-01-27 20:00:00,0.3443,0.3636,0.3443,0.3601,13306769.7
2025-01-28 00:00:00,0.3602,0.3637,0.3516,0.3564,8015160.2
2025-01-28 04:00:00,0.3563,0.3613,0.3533,0.3547,8138179.3
2025-01-28 08:00:00,0.3548,0.3568,0.3504,0.3514,6738024.6
2025-01-28 12:00:00,0.3514,0.3534,0.3418,0.3456,11319560.6
2025-01-28 16:00:00,0.3456,0.346,0.3345,0.3375,9248034.7
2025-01-28 20:00:00,0.3375,0.3398,0.3205,0.3244,18798076.5
2025-01-29 00:00:00,0.3244,0.3349,0.3228,0.3343,9377666.9
2025-01-29 04:00:00,0.3344,0.3423,0.3329,0.3413,6275422.1
2025-01-29 08:00:00,0.3413,0.3432,0.3342,0.3386,6606660.6
2025-01-29 12:00:00,0.3386,0.34,0.3267,0.3317,11032140.0
2025-01-29 16:00:00,0.3318,0.3475,0.3278,0.3427,23124224.4
2025-01-29 20:00:00,0.3426,0.3518,0.3386,0.3395,16175247.5
2025-01-30 00:00:00,0.3395,0.3495,0.3354,0.3494,9284896.9
2025-01-30 04:00:00,0.3493,0.351,0.3421,0.3452,4767083.1
2025-01-30 08:00:00,0.3452,0.3504,0.3424,0.3473,9560337.9
2025-01-30 12:00:00,0.3474,0.3569,0.3445,0.3535,9894397.2
2025-01-30 16:00:00,0.3537,0.3585,0.3518,0.3581,6800495.8
2025-01-30 20:00:00,0.3582,0.3584,0.3519,0.3528,4339145.4
2025-01-31 00:00:00,0.3529,0.3596,0.3478,0.3515,9389089.0
2025-01-31 04:00:00,0.3514,0.36,0.345,0.3558,9447537.8
2025-01-31 08:00:00,0.3558,0.3691,0.3511,0.3689,20775350.0
2025-01-31 12:00:00,0.3689,0.3719,0.3628,0.3698,22576839.1
2025-01-31 16:00:00,0.3697,0.371,0.3524,0.3577,22841039.8
2025-01-31 20:00:00,0.3576,0.3576,0.3492,0.3553,9643757.7
2025-02-01 00:00:00,0.3552,0.3604,0.3512,0.354,7433507.9
2025-02-01 04:00:00,0.3541,0.3588,0.3511,0.3521,6397912.7
2025-02-01 08:00:00,0.3522,0.3538,0.3401,0.3466,11702100.1
2025-02-01 12:00:00,0.3465,0.3486,0.3382,0.3422,8201469.6
2025-02-01 16:00:00,0.3422,0.3448,0.3279,0.3297,12358746.3
2025-02-01 20:00:00,0.3295,0.33,0.3168,0.3197,21991323.0
2025-02-02 00:00:00,0.3196,0.3267,0.3094,0.3107,25931713.7
2025-02-02 04:00:00,0.3107,0.3216,0.31,0.3182,13014074.6
2025-02-02 08:00:00,0.3182,0.3256,0.3136,0.3144,14016602.1
2025-02-02 12:00:00,0.3144,0.3218,0.3114,0.313,14922306.7
2025-02-02 16:00:00,0.3131,0.3135,0.2632,0.275,125596512.3
2025-02-02 20:00:00,0.275,0.2842,0.25,0.2609,72736583.6
2025-02-03 00:00:00,0.261,0.2611,0.1769,0.2069,266459594.7
2025-02-03 04:00:00,0.207,0.2378,0.2005,0.2372,70181549.5
2025-02-03 08:00:00,0.2372,0.2428,0.2299,0.2354,44533540.7
2025-02-03 12:00:00,0.2355,0.2521,0.2231,0.2497,76203114.9
2025-02-03 16:00:00,0.2496,0.2653,0.2475,0.265,32686113.4
2025-02-03 20:00:00,0.265,0.2763,0.2583,0.2711,21186777.2
2025-02-04 00:00:00,0.2712,0.2724,0.2604,0.2674,16264466.5
2025-02-04 04:00:00,0.2675,0.2736,0.2464,0.2475,55343827.4
2025-02-04 08:00:00,0.2475,0.2599,0.246,0.2557,24552875.8
2025-02-04 12:00:00,0.2557,0.2658,0.2522,0.2573,37257456.5
2025-02-04 16:00:00,0.2575,0.2687,0.2564,0.2586,21508058.8
2025-02-04 20:00:00,0.2586,0.2612,0.2455,0.2555,35990415.3
2025-02-05 00:00:00,0.2555,0.2591,0.2524,0.2554,10608471.0
2025-02-05 04:00:00,0.2555,0.2626,0.254,0.2556,13717621.9
2025-02-05 08:00:00,0.2555,0.2611,0.254,0.2589,10202449.1
2025-02-05 12:00:00,0.2589,0.2622,0.2544,0.2569,11644999.0
2025-02-05 16:00:00,0.257,0.2583,0.2455,0.2534,21666747.5
2025-02-05 20:00:00,0.2535,0.2553,0.2446,0.251,8937197.1
2025-02-06 00:00:00,0.251,0.2536,0.2476,0.251,8624372.3
2025-02-06 04:00:00,0.2509,0.2566,0.2493,0.2521,16501465.6
2025-02-06 08:00:00,0.2521,0.2561,0.2476,0.2505,21314499.6
2025-02-06 12:00:00,0.2506,0.2517,0.2351,0.2369,28035173.1
2025-02-06 16:00:00,0.2369,0.239,0.2288,0.23,28571502.8
2025-02-06 20:00:00,0.2301,0.2364,0.2278,0.2304,12241968.7
2025-02-07 00:00:00,0.2304,0.2403,0.2302,0.2365,15422448.5
2025-02-07 04:00:00,0.2366,0.2393,0.2307,0.2346,12643284.5
2025-02-07 08:00:00,0.2346,0.2412,0.2334,0.2411,11165844.0
2025-02-07 12:00:00,0.241,0.2481,0.2358,0.2409,28236863.1
2025-02-07 16:00:00,0.241,0.2412,0.2271,0.2306,27694237.2
2025-02-07 20:00:00,0.2306,0.2309,0.2171,0.2269,34110737.6
2025-02-08 00:00:00,0.2269,0.2322,0.2258,0.2271,11547870.9
2025-02-08 04:00:00,0.2272,0.2299,0.2247,0.2282,7967678.7
2025-02-08 08:00:00,0.2282,0.2287,0.2243,0.2273,11230508.9
2025-02-08 12:00:00,0.2273,0.233,0.2255,0.2287,18034596.3
2025-02-08 16:00:00,0.2286,0.24,0.227,0.2386,12161780.4
2025-02-08 20:00:00,0.2387,0.2428,0.2368,0.2414,6529061.4
2025-02-09 00:00:00,0.2413,0.2466,0.2376,0.2442,10075086.9
2025-02-09 04:00:00,0.2441,0.2452,0.24,0.2438,8206201.0
2025-02-09 08:00:00,0.2438,0.2462,0.2423,0.244,9633295.9
2025-02-09 12:00:00,0.244,0.2455,0.2348,0.2394,13810162.6
2025-02-09 16:00:00,0.2393,0.2419,0.2338,0.2347,9038716.6
2025-02-09 20:00:00,0.2348,0.2385,0.2238,0.2377,24006437.4
2025-02-10 00:00:00,0.2376,0.242,0.2271,0.2346,21639524.2
2025-02-10 04:00:00,0.2347,0.2417,0.2336,0.238,13781051.8
2025-02-10 08:00:00,0.238,0.243,0.2379,0.241,15365590.6
2025-02-10 12:00:00,0.241,0.2469,0.2385,0.2436,11733372.6
2025-02-10 16:00:00,0.2437,0.2503,0.2429,0.2463,12763980.2
2025-02-10 20:00:00,0.2463,0.2492,0.2433,0.2457,6907378.9
2025-02-11 00:00:00,0.2455,0.2502,0.2443,0.246,9808673.0
2025-02-11 04:00:00,0.2461,0.2573,0.246,0.2538,13861148.7
2025-02-11 08:00:00,0.2537,0.2578,0.2495,0.2533,13100711.8
2025-02-11 12:00:00,0.2533,0.2535,0.242,0.2443,14609502.1
2025-02-11 16:00:00,0.2443,0.2457,0.232,0.2324,15385687.2
2025-02-11 20:00:00,0.2324,0.2373,0.2318,0.2351,12983005.7
2025-02-12 00:00:00,0.235,0.2397,0.2309,0.2337,13052141.5
2025-02-12 04:00:00,0.2337,0.2387,0.2324,0.2366,6253838.8
2025-02-12 08:00:00,0.2366,0.2398,0.2347,0.2373,9691075.8
2025-02-12 12:00:00,0.2373,0.2396,0.225,0.2299,39851038.9
2025-02-12 16:00:00,0.2299,0.2427,0.2269,0.2425,18960890.7
2025-02-12 20:00:00,0.2425,0.2497,0.2397,0.2458,11962009.5
2025-02-13 00:00:00,0.2458,0.2493,0.243,0.2472,8541127.6
2025-02-13 04:00:00,0.2473,0.2477,0.2346,0.2353,13050556.3
2025-02-13 08:00:00,0.2352,0.238,0.2326,0.2347,11905636.3
2025-02-13 12:00:00,0.2348,0.2362,0.2272,0.2316,20627851.0
2025-02-13 16:00:00,0.2315,0.2357,0.2274,0.2326,13606097.1
2025-02-13 20:00:00,0.2326,0.2362,0.2315,0.2334,8461007.2
2025-02-14 00:00:00,0.2335,0.2387,0.2322,0.2379,6511827.4
2025-02-14 04:00:00,0.2379,0.2381,0.2313,0.233,6723909.7
2025-02-14 08:00:00,0.233,0.2402,0.2323,0.2359,12772148.8
2025-02-14 12:00:00,0.2359,0.2403,0.2327,0.2386,15417812.0
2025-02-14 16:00:00,0.2387,0.2459,0.2366,0.2431,22739639.6
2025-02-14 20:00:00,0.2432,0.2439,0.2343,0.2393,11463105.5
2025-02-15 00:00:00,0.2393,0.2412,0.2361,0.2402,6824183.0
2025-02-15 04:00:00,0.2402,0.2424,0.2365,0.2377,7846052.7
2025-02-15 08:00:00,0.2377,0.2387,0.2332,0.2352,8907371.6
2025-02-15 12:00:00,0.2353,0.2367,0.2307,0.2315,11140853.3
2025-02-15 16:00:00,0.2315,0.2322,0.2272,0.229,10014320.1
2025-02-15 20:00:00,0.229,0.2303,0.2263,0.2285,6834002.9
2025-02-16 00:00:00,0.2284,0.2313,0.2255,0.2282,7529669.3
2025-02-16 04:00:00,0.2282,0.2301,0.2258,0.2265,6298231.6
2025-02-16 08:00:00,0.2265,0.234,0.2257,0.2337,7470461.1
2025-02-16 12:00:00,0.2338,0.2342,0.2265,0.2314,10295637.7
2025-02-16 16:00:00,0.2313,0.2323,0.2252,0.2282,12715818.5
2025-02-16 20:00:00,0.2281,0.2306,0.2248,0.2297,13131447.7
2025-02-17 00:00:00,0.2297,0.2351,0.2291,0.2327,10329301.8
2025-02-17 04:00:00,0.2328,0.2336,0.2267,0.2276,17064234.1
2025-02-17 08:00:00,0.2276,0.2354,0.2251,0.2335,21777635.7
2025-02-17 12:00:00,0.2334,0.2415,0.2312,0.2321,23683570.5
2025-02-17 16:00:00,0.232,0.2335,0.2211,0.2259,26587322.5
2025-02-17 20:00:00,0.2258,0.2326,0.2257,0.2304,10749920.8
2025-02-18 00:00:00,0.2304,0.2314,0.2254,0.2272,7984759.6
2025-02-18 04:00:00,0.2273,0.2278,0.218,0.2196,31270967.8
2025-02-18 08:00:00,0.2197,0.2227,0.2162,0.2175,18962124.2
2025-02-18 12:00:00,0.2176,0.2233,0.2104,0.2117,23695854.6
2025-02-18 16:00:00,0.2116,0.2154,0.208,0.2141,26987832.2
2025-02-18 20:00:00,0.2142,0.2212,0.2132,0.2208,15037796.1
2025-02-19 00:00:00,0.2208,0.2219,0.2161,0.22,12604977.8
2025-02-19 04:00:00,0.22,0.2258,0.217,0.2248,11350114.3
2025-02-19 08:00:00,0.2247,0.2268,0.223,0.2254,7917791.6
2025-02-19 12:00:00,0.2254,0.2267,0.2207,0.2212,11457312.5
2025-02-19 16:00:00,0.2212,0.2258,0.221,0.2235,9473054.2
2025-02-19 20:00:00,0.2234,0.226,0.221,0.2248,8298707.3
2025-02-20 00:00:00,0.2249,0.2309,0.2245,0.2278,14042539.1
2025-02-20 04:00:00,0.2278,0.2311,0.2246,0.2254,11662388.3
2025-02-20 08:00:00,0.2255,0.2314,0.2255,0.2308,10163554.7
2025-02-20 12:00:00,0.2308,0.2327,0.2266,0.227,14796438.9
2025-02-20 16:00:00,0.2271,0.2347,0.2264,0.2344,15744149.5
2025-02-20 20:00:00,0.2345,0.2362,0.2316,0.2342,9526951.4
2025-02-21 00:00:00,0.2343,0.2356,0.2303,0.2318,7989618.4
2025-02-21 04:00:00,0.2318,0.2378,0.2318,0.2371,7490872.1
2025-02-21 08:00:00,0.2372,0.2454,0.2372,0.241,16680340.5
2025-02-21 12:00:00,0.2411,0.247,0.2296,0.2323,30035393.4
2025-02-21 16:00:00,0.2324,0.2368,0.2197,0.2216,28593896.7
2025-02-21 20:00:00,0.2215,0.2255,0.2202,0.2243,13094264.6
2025-02-22 00:00:00,0.2243,0.2275,0.2222,0.2247,7703875.6
2025-02-22 04:00:00,0.2247,0.2273,0.2243,0.2256,4879482.2
2025-02-22 08:00:00,0.2255,0.2292,0.2248,0.2288,8275253.9
2025-02-22 12:00:00,0.2287,0.2338,0.2277,0.2329,6882594.5
2025-02-22 16:00:00,0.2329,0.2378,0.2325,0.2333,10867219.0
2025-02-22 20:00:00,0.2333,0.2349,0.232,0.2338,4777687.3
2025-02-23 00:00:00,0.2338,0.2353,0.2296,0.2305,5445259.5
2025-02-23 04:00:00,0.2304,0.2358,0.2287,0.2356,7180220.8
2025-02-23 08:00:00,0.2356,0.2359,0.2314,0.2321,9197830.3
2025-02-23 12:00:00,0.2321,0.2331,0.2265,0.227,13377335.6
2025-02-23 16:00:00,0.227,0.2332,0.227,0.2301,9784797.7
2025-02-23 20:00:00,0.2301,0.2323,0.2277,0.23,6500152.5
2025-02-24 00:00:00,0.2301,0.2317,0.2204,0.2208,11149066.0
2025-02-24 04:00:00,0.2209,0.2231,0.2165,0.2205,11058512.9
2025-02-24 08:00:00,0.2206,0.2225,0.2164,0.2188,11768581.4
2025-02-24 12:00:00,0.2188,0.2226,0.2118,0.2147,21687685.8
2025-02-24 16:00:00,0.2148,0.2177,0.2098,0.212,10553429.8
2025-02-24 20:00:00,0.212,0.2157,0.1931,0.1974,49144235.1
2025-02-25 00:00:00,0.1973,0.199,0.1906,0.1954,35872690.5
2025-02-25 04:00:00,0.1955,0.199,0.1809,0.1863,62184151.1
2025-02-25 08:00:00,0.1863,0.1992,0.1855,0.1986,44023302.8
2025-02-25 12:00:00,0.1987,0.2032,0.1939,0.2011,35419134.8
2025-02-25 16:00:00,0.2011,0.2058,0.1992,0.2049,17478062.2
2025-02-25 20:00:00,0.2049,0.2096,0.2036,0.2063,14058470.0
2025-02-26 00:00:00,0.2064,0.2121,0.2056,0.2097,9686319.7
2025-02-26 04:00:00,0.2098,0.2132,0.2083,0.2123,8012693.2
2025-02-26 08:00:00,0.2123,0.2144,0.2094,0.2101,13548034.0
2025-02-26 12:00:00,0.2102,0.2152,0.2051,0.2135,23385860.7
2025-02-26 16:00:00,0.2136,0.2144,0.2016,0.2058,35112186.6
2025-02-26 20:00:00,0.2058,0.2179,0.2033,0.214,21690019.8
2025-02-27 00:00:00,0.2141,0.2199,0.2121,0.2192,9267953.8
2025-02-27 04:00:00,0.2192,0.2205,0.2164,0.219,8271754.3
2025-02-27 08:00:00,0.219,0.2236,0.2184,0.2208,10117423.2
2025-02-27 12:00:00,0.221,0.2225,0.2152,0.2182,13945353.1
2025-02-27 16:00:00,0.2181,0.2198,0.2119,0.2132,13172316.3
2025-02-27 20:00:00,0.2131,0.2152,0.2076,0.2144,14946000.7
2025-02-28 00:00:00,0.2145,0.2147,0.1996,0.2,39997185.8
2025-02-28 04:00:00,0.2,0.2029,0.1969,0.2003,28005484.9
2025-02-28 08:00:00,0.2002,0.2054,0.1975,0.2017,19127732.0
2025-02-28 12:00:00,0.2017,0.2149,0.2004,0.214,18198712.8
2025-02-28 16:00:00,0.214,0.2212,0.2129,0.2172,15129138.5
2025-02-28 20:00:00,0.2172,0.2184,0.2135,0.2154,11510499.9
2025-03-01 00:00:00,0.2154,0.2157,0.2104,0.213,9384490.0
2025-03-01 04:00:00,0.213,0.2161,0.2097,0.211,8148401.7
2025-03-01 08:00:00,0.2109,0.2135,0.2051,0.2059,12597249.1
2025-03-01 12:00:00,0.206,0.2064,0.2018,0.2035,11685991.5
2025-03-01 16:00:00,0.2036,0.2066,0.2012,0.2048,9546020.2
2025-03-01 20:00:00,0.2048,0.2087,0.2035,0.2071,7437791.1
2025-03-02 00:00:00,0.2072,0.2078,0.2051,0.2061,4795815.2
2025-03-02 04:00:00,0.2062,0.2082,0.205,0.2054,4014935.0
2025-03-02 08:00:00,0.2055,0.2091,0.2044,0.2066,12476391.4
2025-03-02 12:00:00,0.2065,0.2122,0.2017,0.2071,29843804.7
2025-03-02 16:00:00,0.2071,0.2283,0.2071,0.2272,60201272.2
2025-03-02 20:00:00,0.2272,0.2324,0.2265,0.2298,13194321.2
2025-03-03 00:00:00,0.2299,0.2307,0.2185,0.2215,16371844.9
2025-03-03 04:00:00,0.2214,0.2239,0.2127,0.2175,16850128.4
2025-03-03 08:00:00,0.2174,0.2179,0.2119,0.2156,13765900.3
2025-03-03 12:00:00,0.2155,0.219,0.2096,0.2131,29887067.9
2025-03-03 16:00:00,0.2131,0.2141,0.194,0.1957,44013862.1
2025-03-03 20:00:00,0.1958,0.2002,0.1926,0.1974,27827639.3
2025-03-04 00:00:00,0.1973,0.1982,0.179,0.1863,63428042.0
2025-03-04 04:00:00,0.1864,0.1915,0.1856,0.1862,14180697.8
2025-03-04 08:00:00,0.1862,0.189,0.1852,0.1863,20092642.9
2025-03-04 12:00:00,0.1862,0.1865,0.1713,0.1755,99345079.5
2025-03-04 16:00:00,0.1755,0.1842,0.1628,0.1835,66404764.3
2025-03-04 20:00:00,0.1835,0.1855,0.1784,0.1803,19323743.3
2025-03-05 00:00:00,0.1802,0.182,0.1774,0.1776,17074494.1
2025-03-05 04:00:00,0.1776,0.1818,0.1775,0.1796,13915242.4
2025-03-05 08:00:00,0.1797,0.1859,0.1789,0.1805,27553506.7
2025-03-05 12:00:00,0.1804,0.1855,0.1794,0.181,28068231.3
2025-03-05 16:00:00,0.1809,0.1869,0.1775,0.186,21232292.8
2025-03-05 20:00:00,0.186,0.1884,0.1854,0.1866,9824063.1
2025-03-06 00:00:00,0.1867,0.1881,0.1826,0.1877,17762652.5
2025-03-06 04:00:00,0.1878,0.192,0.1862,0.1892,12436236.8
2025-03-06 08:00:00,0.1892,0.1954,0.1891,0.1926,18527923.6
2025-03-06 12:00:00,0.1927,0.1943,0.1871,0.1924,21535705.6
2025-03-06 16:00:00,0.1925,0.1937,0.1847,0.1857,22991471.9
2025-03-06 20:00:00,0.1857,0.1896,0.1845,0.1869,17826800.0
2025-03-07 00:00:00,0.187,0.1895,0.1784,0.1839,44750398.1
2025-03-07 04:00:00,0.184,0.1866,0.1831,0.1854,9018113.9
2025-03-07 08:00:00,0.1854,0.1887,0.183,0.1873,10557978.2
2025-03-07 12:00:00,0.1874,0.191,0.1843,0.1894,22719715.2
2025-03-07 16:00:00,0.1895,0.194,0.1841,0.1913,19201400.5
2025-03-07 20:00:00,0.1913,0.1924,0.182,0.1839,20101235.8
2025-03-08 00:00:00,0.184,0.1851,0.18,0.1831,9999643.0
2025-03-08 04:00:00,0.183,0.1848,0.1791,0.1793,9405077.6
2025-03-08 08:00:00,0.1792,0.1802,0.1749,0.1763,15998548.2
2025-03-08 12:00:00,0.1763,0.1793,0.1743,0.1759,13584889.9
2025-03-08 16:00:00,0.1759,0.1804,0.1742,0.1796,11616485.7
2025-03-08 20:00:00,0.1797,0.1799,0.174,0.1765,7558908.0
2025-03-09 00:00:00,0.1765,0.1776,0.1724,0.1734,10807112.1
2025-03-09 04:00:00,0.1735,0.1744,0.1706,0.1733,8287949.8
2025-03-09 08:00:00,0.1733,0.1733,0.1677,0.1694,12586434.5
2025-03-09 12:00:00,0.1694,0.1707,0.1618,0.1629,30110197.4
2025-03-09 16:00:00,0.1629,0.1644,0.1504,0.1565,51813649.8
2025-03-09 20:00:00,0.1565,0.1589,0.1528,0.155,21875567.4
2025-03-10 00:00:00,0.1551,0.1593,0.1525,0.1567,19253697.4
2025-03-10 04:00:00,0.1566,0.1605,0.1564,0.1598,13281463.8
2025-03-10 08:00:00,0.1599,0.1649,0.1574,0.1625,34350052.1
2025-03-10 12:00:00,0.1626,0.1647,0.1527,0.1555,50643272.7
2025-03-10 16:00:00,0.1554,0.1564,0.1402,0.1461,82368857.8
2025-03-10 20:00:00,0.1461,0.1489,0.1449,0.1453,22115364.6
2025-03-11 00:00:00,0.1454,0.1477,0.1347,0.1439,67781361.8
2025-03-11 04:00:00,0.1439,0.1518,0.1436,0.1498,23550449.0
2025-03-11 08:00:00,0.1498,0.1534,0.1492,0.1521,16552407.8
2025-03-11 12:00:00,0.1522,0.1545,0.1445,0.1527,63736414.7
2025-03-11 16:00:00,0.1527,0.1606,0.1506,0.1596,29043152.3
2025-03-11 20:00:00,0.1595,0.1605,0.1568,0.1571,16238550.7
2025-03-12 00:00:00,0.1571,0.1605,0.1551,0.1554,15126359.2
2025-03-12 04:00:00,0.1554,0.1625,0.1534,0.1623,22833746.7
2025-03-12 08:00:00,0.1623,0.1696,0.1618,0.168,42557080.4
2025-03-12 12:00:00,0.168,0.1726,0.1615,0.1644,45006157.6
2025-03-12 16:00:00,0.1643,0.1674,0.1637,0.1646,20433221.4
2025-03-12 20:00:00,0.1646,0.1687,0.164,0.1683,13341464.3
2025-03-13 00:00:00,0.1683,0.1703,0.1668,0.169,16268384.6
2025-03-13 04:00:00,0.169,0.1707,0.1667,0.1702,18172707.5
2025-03-13 08:00:00,0.1701,0.1771,0.1686,0.1754,24497037.9
2025-03-13 12:00:00,0.1754,0.1783,0.1695,0.171,37429046.5
2025-03-13 16:00:00,0.171,0.1713,0.1635,0.1648,22914760.1
2025-03-13 20:00:00,0.1648,0.1723,0.1626,0.1702,16082745.9
2025-03-14 00:00:00,0.1702,0.1719,0.1689,0.1718,11500214.1
2025-03-14 04:00:00,0.1718,0.1759,0.1716,0.1747,11030344.5
2025-03-14 08:00:00,0.1746,0.1777,0.1738,0.1753,11302787.5
2025-03-14 12:00:00,0.1752,0.1795,0.1726,0.1768,26650590.0
2025-03-14 16:00:00,0.1769,0.1809,0.1759,0.1795,13200263.1
2025-03-14 20:00:00,0.1794,0.1806,0.175,0.1753,8783398.2
2025-03-15 00:00:00,0.1752,0.177,0.1736,0.1768,9627106.6
2025-03-15 04:00:00,0.1768,0.1771,0.1742,0.176,8295796.3
2025-03-15 08:00:00,0.1761,0.1798,0.1744,0.1794,9177381.3
2025-03-15 12:00:00,0.1793,0.1846,0.1791,0.1839,21818788.9
2025-03-15 16:00:00,0.184,0.1877,0.184,0.1849,20419154.6
2025-03-15 20:00:00,0.185,0.1892,0.1845,0.1868,11660427.9
2025-03-16 00:00:00,0.1869,0.1869,0.1823,0.1846,9197061.2
2025-03-16 04:00:00,0.1846,0.1895,0.1834,0.189,8754113.9
2025-03-16 08:00:00,0.189,0.1903,0.179,0.1798,19644772.8
2025-03-16 12:00:00,0.1799,0.182,0.1765,0.18,21709419.5
2025-03-16 16:00:00,0.1801,0.1833,0.1756,0.1765,32402092.3
2025-03-16 20:00:00,0.1766,0.1797,0.1744,0.1758,8921240.1
2025-03-17 00:00:00,0.1758,0.1802,0.1756,0.18,8924572.4
2025-03-17 04:00:00,0.18,0.1816,0.1767,0.1811,9735422.6
2025-03-17 08:00:00,0.1812,0.186,0.1796,0.1839,12251817.8
2025-03-17 12:00:00,0.184,0.1871,0.1799,0.1832,26539323.3
2025-03-17 16:00:00,0.1832,0.1887,0.1815,0.1867,11324931.0
2025-03-17 20:00:00,0.1868,0.1869,0.1809,0.1812,9661672.7
2025-03-18 00:00:00,0.1812,0.182,0.1767,0.1769,10849250.0
2025-03-18 04:00:00,0.1768,0.1783,0.1735,0.1747,12201107.3
2025-03-18 08:00:00,0.1746,0.1771,0.1737,0.1744,11418277.3
2025-03-18 12:00:00,0.1744,0.1759,0.1705,0.1708,20025569.9
2025-03-18 16:00:00,0.1708,0.1733,0.1691,0.1731,12250404.0
2025-03-18 20:00:00,0.1732,0.1761,0.172,0.1748,7926903.2
2025-03-19 00:00:00,0.1748,0.1775,0.1733,0.1759,7725796.4
2025-03-19 04:00:00,0.1759,0.1771,0.1722,0.1725,12530233.5
2025-03-19 08:00:00,0.1725,0.1794,0.172,0.1785,21509548.7
2025-03-19 12:00:00,0.1786,0.1791,0.175,0.1771,24138759.4
2025-03-19 16:00:00,0.1772,0.178,0.172,0.1764,27664409.4
2025-03-19 20:00:00,0.1764,0.1775,0.1744,0.176,13764899.5
2025-03-20 00:00:00,0.176,0.1769,0.1718,0.1727,10635616.8
2025-03-20 04:00:00,0.1727,0.1735,0.1697,0.1702,12469662.8
2025-03-20 08:00:00,0.1702,0.1728,0.1668,0.1678,17704311.1
2025-03-20 12:00:00,0.1678,0.1715,0.1669,0.1684,23017445.4
2025-03-20 16:00:00,0.1683,0.1695,0.1639,0.1678,17643475.2
2025-03-20 20:00:00,0.1677,0.1704,0.1673,0.1675,31672368.4
2025-03-21 00:00:00,0.1675,0.1697,0.1661,0.1668,20217665.6
2025-03-21 04:00:00,0.1668,0.1679,0.1646,0.1654,9716934.2
2025-03-21 08:00:00,0.1654,0.1661,0.1597,0.1616,20025786.7
2025-03-21 12:00:00,0.1615,0.1629,0.1596,0.1601,16431219.1
2025-03-21 16:00:00,0.16,0.164,0.1592,0.1615,20818105.1
2025-03-21 20:00:00,0.1614,0.165,0.1608,0.1615,9426356.7
2025-03-22 00:00:00,0.1614,0.1635,0.1609,0.1634,6749389.7
2025-03-22 04:00:00,0.1634,0.169,0.1633,0.1676,11200023.3
2025-03-22 08:00:00,0.1675,0.1688,0.1663,0.1677,11011041.9
2025-03-22 12:00:00,0.1676,0.1678,0.1644,0.1673,7370736.6
2025-03-22 16:00:00,0.1672,0.1685,0.1662,0.1668,11831613.9
2025-03-22 20:00:00,0.1668,0.168,0.1637,0.1671,12955063.0
2025-03-23 00:00:00,0.167,0.1713,0.1662,0.1709,13813779.1
2025-03-23 04:00:00,0.171,0.1716,0.1667,0.1699,11560822.1
2025-03-23 08:00:00,0.1699,0.1729,0.1697,0.1721,25284701.2
2025-03-23 12:00:00,0.1721,0.1727,0.1679,0.1684,18601025.5
2025-03-23 16:00:00,0.1683,0.1696,0.1659,0.1671,10927172.2
2025-03-23 20:00:00,0.1671,0.1694,0.1658,0.1688,7710898.3
2025-03-24 00:00:00,0.1687,0.1714,0.1664,0.1712,13061948.0
2025-03-24 04:00:00,0.1712,0.175,0.1708,0.1722,18702746.5
2025-03-24 08:00:00,0.1722,0.1743,0.1722,0.1733,10885009.2
2025-03-24 12:00:00,0.1734,0.1764,0.1724,0.1751,20548726.7
2025-03-24 16:00:00,0.1751,0.1789,0.1736,0.1776,17720365.5
2025-03-24 20:00:00,0.1777,0.1792,0.175,0.1769,11738742.6
2025-03-25 00:00:00,0.177,0.1786,0.1725,0.1736,11919069.6
2025-03-25 04:00:00,0.1735,0.1793,0.1727,0.1766,11051163.5
2025-03-25 08:00:00,0.1765,0.1794,0.1763,0.1784,11499462.3
2025-03-25 12:00:00,0.1784,0.179,0.1751,0.1763,15531514.7
2025-03-25 16:00:00,0.1763,0.1791,0.1755,0.1787,16042372.3
2025-03-25 20:00:00,0.1786,0.1819,0.1778,0.1788,13354165.2
2025-03-26 00:00:00,0.1788,0.1804,0.1756,0.1765,11903844.5
2025-03-26 04:00:00,0.1765,0.183,0.1763,0.1827,12099023.7
2025-03-26 08:00:00,0.1826,0.1841,0.1805,0.1835,10449114.9
2025-03-26 12:00:00,0.1836,0.1842,0.1741,0.1771,18565432.4
2025-03-26 16:00:00,0.177,0.1786,0.172,0.1751,15543939.3
2025-03-26 20:00:00,0.175,0.178,0.1736,0.1758,10976793.1
2025-03-27 00:00:00,0.1758,0.1804,0.1753,0.1798,8803352.6
2025-03-27 04:00:00,0.1798,0.1816,0.1769,0.1775,8608812.6
2025-03-27 08:00:00,0.1775,0.1782,0.1731,0.1736,10684197.7
2025-03-27 12:00:00,0.1736,0.1769,0.1712,0.1753,19867185.1
2025-03-27 16:00:00,0.1752,0.1761,0.1722,0.1746,9135006.6
2025-03-27 20:00:00,0.1746,0.1766,0.1731,0.1734,7195943.0
2025-03-28 00:00:00,0.1734,0.1745,0.1697,0.1705,11245490.6
2025-03-28 04:00:00,0.1705,0.1711,0.1602,0.1612,37018207.2
2025-03-28 08:00:00,0.1612,0.1628,0.1593,0.1613,18608876.7
2025-03-28 12:00:00,0.1613,0.1617,0.1578,0.1588,19616963.6
2025-03-28 16:00:00,0.1588,0.1597,0.1569,0.1577,10016426.4
2025-03-28 20:00:00,0.1578,0.1595,0.1549,0.1578,15732953.6
2025-03-29 00:00:00,0.1579,0.1598,0.1527,0.1568,13126682.7
2025-03-29 04:00:00,0.1567,0.157,0.1508,0.1518,13695497.1
2025-03-29 08:00:00,0.1518,0.1536,0.1486,0.1501,21863246.8
2025-03-29 12:00:00,0.1502,0.1527,0.1498,0.1499,11109929.5
2025-03-29 16:00:00,0.1499,0.1505,0.1456,0.1482,19465690.0
2025-03-29 20:00:00,0.1482,0.1482,0.145,0.1473,11690856.2
2025-03-30 00:00:00,0.1473,0.1518,0.1453,0.1503,10991476.2
2025-03-30 04:00:00,0.1502,0.153,0.1502,0.1514,9722415.7
2025-03-30 08:00:00,0.1513,0.1539,0.1505,0.1515,9503808.7
2025-03-30 12:00:00,0.1516,0.1527,0.1482,0.1506,21313395.3
2025-03-30 16:00:00,0.1506,0.1539,0.1478,0.1525,10874801.3
2025-03-30 20:00:00,0.1525,0.1537,0.1483,0.1511,10448655.9
2025-03-31 00:00:00,0.1511,0.1533,0.148,0.1503,12840434.6
2025-03-31 04:00:00,0.1503,0.1528,0.1482,0.1496,9454452.0
2025-03-31 08:00:00,0.1496,0.1512,0.1456,0.1506,29929396.7
2025-03-31 12:00:00,0.1505,0.1538,0.148,0.1516,34334276.2
2025-03-31 16:00:00,0.1517,0.1528,0.1493,0.1503,12029751.0
2025-03-31 20:00:00,0.1502,0.1512,0.1475,0.1485,9184122.1
2025-04-01 00:00:00,0.1485,0.1533,0.148,0.1522,9747665.3
2025-04-01 04:00:00,0.1522,0.1562,0.152,0.1551,21671826.2
2025-04-01 08:00:00,0.155,0.1588,0.1515,0.1526,29097578.3
2025-04-01 12:00:00,0.1526,0.1558,0.1492,0.1549,24183517.9
2025-04-01 16:00:00,0.155,0.1561,0.1492,0.15,17734458.1
2025-04-01 20:00:00,0.15,0.1519,0.148,0.1499,8515087.9
2025-04-02 00:00:00,0.1498,0.1502,0.1435,0.1464,20053751.0
2025-04-02 04:00:00,0.1465,0.147,0.1418,0.143,24826488.4
2025-04-02 08:00:00,0.143,0.1457,0.1422,0.1424,15502242.0
2025-04-02 12:00:00,0.1424,0.1474,0.1405,0.1456,33981958.5
2025-04-02 16:00:00,0.1457,0.1472,0.1413,0.1434,13866195.5
2025-04-02 20:00:00,0.1435,0.1473,0.1335,0.1358,52536694.0
2025-04-03 00:00:00,0.1357,0.1404,0.1346,0.1396,14667619.6
2025-04-03 04:00:00,0.1396,0.1416,0.1338,0.135,22831469.0
2025-04-03 08:00:00,0.135,0.136,0.1281,0.1307,45729879.6
2025-04-03 12:00:00,0.1306,0.132,0.1267,0.1319,37455336.4
2025-04-03 16:00:00,0.1319,0.1341,0.1308,0.1339,15447975.9
2025-04-03 20:00:00,0.1339,0.1382,0.1332,0.1369,14286755.4
2025-04-04 00:00:00,0.1369,0.1382,0.1346,0.1365,12982756.0
2025-04-04 04:00:00,0.1365,0.138,0.1352,0.1376,9339295.1
2025-04-04 08:00:00,0.1376,0.1391,0.1309,0.1338,21368759.3
2025-04-04 12:00:00,0.1338,0.1395,0.1327,0.1361,27201205.1
2025-04-04 16:00:00,0.1362,0.1399,0.1354,0.1389,31735831.4
2025-04-04 20:00:00,0.1388,0.1419,0.1387,0.14,10104088.4
2025-04-05 00:00:00,0.14,0.1405,0.1369,0.1375,10378696.7
2025-04-05 04:00:00,0.1375,0.1388,0.1366,0.1386,6656707.3
2025-04-05 08:00:00,0.1386,0.1393,0.1374,0.1376,9590232.4
2025-04-05 12:00:00,0.1377,0.1381,0.1352,0.1363,12163990.0
2025-04-05 16:00:00,0.1362,0.138,0.1361,0.1369,6858431.5
2025-04-05 20:00:00,0.1369,0.1387,0.1366,0.1381,5547730.9
2025-04-06 00:00:00,0.1381,0.1384,0.1366,0.1372,4639631.0
2025-04-06 04:00:00,0.1372,0.1395,0.1363,0.1374,6277284.2
2025-04-06 08:00:00,0.1375,0.1386,0.1354,0.1361,9870293.1
2025-04-06 12:00:00,0.136,0.1362,0.1296,0.1316,25382495.9
2025-04-06 16:00:00,0.1315,0.1317,0.1201,0.1231,63772702.5
2025-04-06 20:00:00,0.1231,0.1237,0.1183,0.1224,51123754.6
2025-04-07 00:00:00,0.1225,0.1257,0.1176,0.1189,28442510.7
2025-04-07 04:00:00,0.1189,0.1213,0.1084,0.113,77302521.6
2025-04-07 08:00:00,0.1131,0.1212,0.1114,0.119,45699074.6
2025-04-07 12:00:00,0.1191,0.1315,0.1186,0.1246,88406879.1
2025-04-07 16:00:00,0.1245,0.1271,0.1217,0.125,29929680.9
2025-04-07 20:00:00,0.125,0.1277,0.1248,0.1249,9976810.2
2025-04-08 00:00:00,0.1249,0.1292,0.1237,0.1264,21458902.9
2025-04-08 04:00:00,0.1264,0.1269,0.1223,0.123,12078168.1
2025-04-08 08:00:00,0.123,0.1273,0.1218,0.1271,12098120.6
2025-04-08 12:00:00,0.1272,0.1279,0.1236,0.1247,24355549.9
2025-04-08 16:00:00,0.1246,0.1247,0.1176,0.1202,51627700.9
2025-04-08 20:00:00,0.1202,0.1219,0.1185,0.1199,14078423.0
2025-04-09 00:00:00,0.12,0.1208,0.1139,0.1169,31303766.1
2025-04-09 04:00:00,0.1168,0.1241,0.1167,0.1234,25220877.0
2025-04-09 08:00:00,0.1235,0.1252,0.1213,0.1218,23462850.7
2025-04-09 12:00:00,0.1219,0.1253,0.1201,0.1244,25224735.6
2025-04-09 16:00:00,0.1244,0.1384,0.1241,0.1378,85665095.4
2025-04-09 20:00:00,0.1378,0.1396,0.1369,0.1378,13726334.1
2025-04-10 00:00:00,0.1377,0.1379,0.1314,0.1332,14136262.2
2025-04-10 04:00:00,0.1332,0.1348,0.1316,0.1334,12108069.7
2025-04-10 08:00:00,0.1334,0.1338,0.1258,0.1286,45129395.5
2025-04-10 12:00:00,0.1285,0.1314,0.1244,0.125,33609401.2
2025-04-10 16:00:00,0.1251,0.1278,0.1246,0.127,18956176.3
2025-04-10 20:00:00,0.1271,0.1297,0.127,0.1285,10543971.7
2025-04-11 00:00:00,0.1284,0.1299,0.1267,0.129,13211326.9
2025-04-11 04:00:00,0.129,0.1309,0.1284,0.13,12563844.2
2025-04-11 08:00:00,0.13,0.1333,0.1289,0.1314,21645647.1
2025-04-11 12:00:00,0.1315,0.1337,0.1304,0.1335,26364834.5
2025-04-11 16:00:00,0.1336,0.1358,0.1328,0.1334,20907504.1
2025-04-11 20:00:00,0.1334,0.1348,0.1326,0.1329,7893161.9
2025-04-12 00:00:00,0.133,0.1331,0.1309,0.1312,8171925.6
2025-04-12 04:00:00,0.1312,0.1332,0.1305,0.1315,11007320.6
2025-04-12 08:00:00,0.1315,0.1327,0.1313,0.1318,11523720.9
2025-04-12 12:00:00,0.1318,0.1365,0.1315,0.1352,35357566.7
2025-04-12 16:00:00,0.1352,0.136,0.133,0.1338,15512816.4
2025-04-12 20:00:00,0.1338,0.1351,0.1334,0.1337,11581196.9
2025-04-13 00:00:00,0.1337,0.1344,0.131,0.1319,15954534.2
2025-04-13 04:00:00,0.1319,0.1322,0.1292,0.1308,13332471.3
2025-04-13 08:00:00,0.1308,0.1336,0.1303,0.1319,13051436.6
2025-04-13 12:00:00,0.132,0.1325,0.1284,0.13,17793924.9
2025-04-13 16:00:00,0.13,0.1342,0.1245,0.1258,31113669.1
2025-04-13 20:00:00,0.1259,0.1273,0.1217,0.1244,24791431.8
2025-04-14 00:00:00,0.1244,0.1292,0.1241,0.1257,23746103.0
2025-04-14 04:00:00,0.1257,0.1277,0.1239,0.125,13894741.4
2025-04-14 08:00:00,0.1249,0.1284,0.1243,0.128,19773171.5
2025-04-14 12:00:00,0.128,0.1285,0.1219,0.122,32057244.8
2025-04-14 16:00:00,0.1221,0.1246,0.1205,0.1233,28618028.2
2025-04-14 20:00:00,0.1233,0.1235,0.1206,0.1207,11466283.8
2025-04-15 00:00:00,0.1208,0.1211,0.1185,0.121,17490612.8
2025-04-15 04:00:00,0.121,0.122,0.119,0.1214,18810134.4
2025-04-15 08:00:00,0.1214,0.1229,0.1195,0.1204,13610586.4
2025-04-15 12:00:00,0.1203,0.1243,0.1173,0.1243,53495106.9
2025-04-15 16:00:00,0.1243,0.1253,0.1206,0.1211,24226616.8
2025-04-15 20:00:00,0.1212,0.1272,0.121,0.127,36767688.0
2025-04-16 00:00:00,0.127,0.1278,0.1246,0.1269,24684725.6
2025-04-16 04:00:00,0.1269,0.128,0.1238,0.1242,27033842.1
2025-04-16 08:00:00,0.1242,0.1258,0.1217,0.1227,30963926.3
2025-04-16 12:00:00,0.1227,0.1233,0.1192,0.1204,52006332.5
2025-04-16 16:00:00,0.1205,0.1231,0.1163,0.1215,52040104.0
2025-04-16 20:00:00,0.1214,0.1224,0.118,0.1185,25312535.8
2025-04-17 00:00:00,0.1185,0.1201,0.1176,0.1184,18864844.9
2025-04-17 04:00:00,0.1183,0.1227,0.118,0.1212,22069972.7
2025-04-17 08:00:00,0.1211,0.122,0.1198,0.1215,14970114.1
2025-04-17 12:00:00,0.1215,0.1228,0.117,0.1201,27792316.8
2025-04-17 16:00:00,0.1201,0.1223,0.1188,0.1201,24077370.8
2025-04-17 20:00:00,0.12,0.1217,0.1197,0.1205,11229431.9
2025-04-18 00:00:00,0.1205,0.1214,0.1192,0.1212,14896919.2
2025-04-18 04:00:00,0.1212,0.1247,0.1203,0.1245,21252870.5
2025-04-18 08:00:00,0.1244,0.1257,0.1229,0.1233,20757238.0
2025-04-18 12:00:00,0.1234,0.1241,0.1214,0.1218,18022242.0
2025-04-18 16:00:00,0.1219,0.1243,0.1218,0.1236,11623874.8
2025-04-18 20:00:00,0.1237,0.1241,0.1228,0.1239,8616555.1
2025-04-19 00:00:00,0.1239,0.1261,0.1226,0.1251,11963284.6
2025-04-19 04:00:00,0.1251,0.1263,0.1243,0.1258,13719348.0
2025-04-19 08:00:00,0.1257,0.1265,0.1242,0.1247,12143989.8
2025-04-19 12:00:00,0.1246,0.1288,0.124,0.128,17242926.0
2025-04-19 16:00:00,0.128,0.1318,0.1272,0.1293,25411225.6
2025-04-19 20:00:00,0.1293,0.132,0.1289,0.1305,14982944.6
2025-04-20 00:00:00,0.1306,0.1338,0.1301,0.1338,14076145.9
2025-04-20 04:00:00,0.1338,0.1355,0.1309,0.1312,20145199.7
2025-04-20 08:00:00,0.1313,0.1325,0.1297,0.1309,25061172.3
2025-04-20 12:00:00,0.1309,0.1325,0.1302,0.1319,15118203.4
2025-04-20 16:00:00,0.132,0.1352,0.1317,0.135,13887826.7
2025-04-20 20:00:00,0.1349,0.1362,0.1325,0.1333,13828355.8
2025-04-21 00:00:00,0.1334,0.1365,0.1329,0.135,19429217.0
2025-04-21 04:00:00,0.135,0.1377,0.1345,0.1358,15958307.7
2025-04-21 08:00:00,0.1358,0.1381,0.1357,0.1377,18091613.6
2025-04-21 12:00:00,0.1376,0.1401,0.1369,0.1374,34816441.6
2025-04-21 16:00:00,0.1374,0.1383,0.1339,0.1369,31575512.1
2025-04-21 20:00:00,0.1369,0.1369,0.1348,0.1353,10912049.1
2025-04-22 00:00:00,0.1354,0.1381,0.133,0.1354,28726862.0
2025-04-22 04:00:00,0.1354,0.1363,0.1325,0.1359,18924379.7
2025-04-22 08:00:00,0.1358,0.1367,0.1343,0.1356,16095736.1
2025-04-22 12:00:00,0.1356,0.1416,0.1352,0.1388,41518687.7
2025-04-22 16:00:00,0.1389,0.1402,0.1374,0.139,19619363.0
2025-04-22 20:00:00,0.139,0.1444,0.1374,0.143,22974343.9
2025-04-23 00:00:00,0.1431,0.1478,0.1422,0.1476,26743009.4
2025-04-23 04:00:00,0.1475,0.1501,0.1464,0.1485,23256163.3
2025-04-23 08:00:00,0.1485,0.1502,0.1463,0.1476,18603971.7
2025-04-23 12:00:00,0.1475,0.1496,0.1425,0.1452,42193421.7
2025-04-23 16:00:00,0.1452,0.1521,0.1436,0.148,33163582.1
2025-04-23 20:00:00,0.148,0.1529,0.1475,0.1508,16176137.9
2025-04-24 00:00:00,0.1509,0.1529,0.147,0.147,21474778.9
2025-04-24 04:00:00,0.147,0.1533,0.1469,0.1498,26343205.5
2025-04-24 08:00:00,0.1497,0.1503,0.1455,0.1485,21857228.6
2025-04-24 12:00:00,0.1485,0.1553,0.1478,0.153,41819818.9
2025-04-24 16:00:00,0.1531,0.154,0.1481,0.1502,29410038.9
2025-04-24 20:00:00,0.1502,0.1527,0.1501,0.1523,13239988.0
2025-04-25 00:00:00,0.1523,0.1552,0.1494,0.1509,12248335.7
2025-04-25 04:00:00,0.151,0.1582,0.1507,0.1577,19617840.2
2025-04-25 08:00:00,0.1577,0.158,0.1549,0.1575,24681277.1
2025-04-25 12:00:00,0.1575,0.1589,0.1533,0.1569,31418640.0
2025-04-25 16:00:00,0.1568,0.1572,0.1517,0.1529,21715415.9
2025-04-25 20:00:00,0.1529,0.155,0.1513,0.1542,13186834.1
2025-04-26 00:00:00,0.1542,0.1616,0.1541,0.1591,20283240.8
2025-04-26 04:00:00,0.159,0.16,0.1563,0.1586,13507027.1
2025-04-26 08:00:00,0.1586,0.16,0.1551,0.1558,29656984.0
2025-04-26 12:00:00,0.1558,0.1591,0.1533,0.1589,22572563.9
2025-04-26 16:00:00,0.1588,0.1592,0.156,0.1581,13979052.8
2025-04-26 20:00:00,0.158,0.1598,0.1566,0.1598,10968057.8
2025-04-27 00:00:00,0.1597,0.1607,0.1549,0.1577,22308686.3
2025-04-27 04:00:00,0.1578,0.1597,0.1535,0.1551,17450518.4
2025-04-27 08:00:00,0.1551,0.1556,0.1495,0.1495,22082465.1
2025-04-27 12:00:00,0.1496,0.1503,0.1452,0.1468,30860471.1
2025-04-27 16:00:00,0.1468,0.1501,0.1457,0.1499,14084166.3
2025-04-27 20:00:00,0.1498,0.1509,0.1473,0.1474,10441943.6
2025-04-28 00:00:00,0.1474,0.1491,0.143,0.1475,23665621.6
2025-04-28 04:00:00,0.1474,0.1546,0.1474,0.1539,17298145.1
2025-04-28 08:00:00,0.154,0.1575,0.1506,0.1536,23339838.3
2025-04-28 12:00:00,0.1537,0.1538,0.1459,0.1469,26249478.7
2025-04-28 16:00:00,0.1469,0.1537,0.1457,0.1532,19050659.6
2025-04-28 20:00:00,0.1533,0.1537,0.1504,0.1514,8655507.0
2025-04-29 00:00:00,0.1515,0.1567,0.1507,0.1567,13334081.7
2025-04-29 04:00:00,0.1567,0.1568,0.1513,0.153,17663243.7
2025-04-29 08:00:00,0.153,0.1538,0.1492,0.151,15394301.2
2025-04-29 12:00:00,0.1509,0.1523,0.1473,0.1496,17398883.7
2025-04-29 16:00:00,0.1497,0.1502,0.1479,0.1483,9891129.1
2025-04-29 20:00:00,0.1484,0.1486,0.1432,0.1451,14982040.9
2025-04-30 00:00:00,0.145,0.1473,0.1434,0.1471,12826702.8
2025-04-30 04:00:00,0.147,0.1485,0.1439,0.1451,12295433.2
2025-04-30 08:00:00,0.1451,0.1485,0.145,0.1476,8112683.5
2025-04-30 12:00:00,0.1476,0.1481,0.1411,0.1453,28235555.4
2025-04-30 16:00:00,0.1453,0.1493,0.1436,0.147,19742844.1
2025-04-30 20:00:00,0.1471,0.1493,0.1452,0.1453,10268288.7
2025-05-01 00:00:00,0.1452,0.1476,0.1428,0.1432,13921267.8
2025-05-01 04:00:00,0.1432,0.1468,0.1426,0.1463,9500255.8
2025-05-01 08:00:00,0.1463,0.1494,0.1459,0.1486,12971042.7
2025-05-01 12:00:00,0.1486,0.1506,0.1462,0.1479,20030561.2
2025-05-01 16:00:00,0.1479,0.1485,0.1447,0.1467,17248101.6
2025-05-01 20:00:00,0.1467,0.1475,0.1435,0.1446,10029687.0
2025-05-02 00:00:00,0.1446,0.1493,0.1443,0.146,14775755.3
2025-05-02 04:00:00,0.1461,0.1466,0.1437,0.1451,11399369.3
2025-05-02 08:00:00,0.145,0.1464,0.1429,0.1431,10830986.8
2025-05-02 12:00:00,0.143,0.1455,0.1415,0.143,19713235.3
2025-05-02 16:00:00,0.143,0.1447,0.1404,0.1411,13662318.5
2025-05-02 20:00:00,0.1412,0.1443,0.1407,0.1436,8242195.3
2025-05-03 00:00:00,0.1436,0.1436,0.1405,0.1405,9476687.5
2025-05-03 04:00:00,0.1405,0.1409,0.1382,0.1388,11428547.3
2025-05-03 08:00:00,0.1388,0.1392,0.1335,0.134,16229881.8
2025-05-03 12:00:00,0.1341,0.1357,0.1336,0.1345,8154474.4
2025-05-03 16:00:00,0.1346,0.1348,0.129,0.1331,26987603.0
2025-05-03 20:00:00,0.1332,0.1337,0.1307,0.131,9495662.7
2025-05-04 00:00:00,0.1309,0.1318,0.1287,0.1297,13419954.5
2025-05-04 04:00:00,0.1297,0.1329,0.1294,0.1326,13566436.8
2025-05-04 08:00:00,0.1325,0.1344,0.1304,0.1341,16416839.6
2025-05-04 12:00:00,0.1341,0.1382,0.1317,0.1326,39488440.8
2025-05-04 16:00:00,0.1326,0.1335,0.1292,0.1294,23927857.3
2025-05-04 20:00:00,0.1295,0.1322,0.1293,0.1311,13342556.8
2025-05-05 00:00:00,0.1312,0.1377,0.131,0.134,23443372.3
2025-05-05 04:00:00,0.134,0.1353,0.1327,0.1345,13303893.6
2025-05-05 08:00:00,0.1345,0.1359,0.13,0.1308,15779689.6
2025-05-05 12:00:00,0.1309,0.1318,0.1279,0.1287,23049109.2
2025-05-05 16:00:00,0.1287,0.1326,0.1282,0.1297,18692803.5
2025-05-05 20:00:00,0.1296,0.1312,0.1263,0.1295,18181667.3
2025-05-06 00:00:00,0.1294,0.1312,0.1269,0.1297,14382164.0
2025-05-06 04:00:00,0.1298,0.1306,0.128,0.1283,9766540.1
2025-05-06 08:00:00,0.1282,0.1289,0.1246,0.1259,27172265.5
2025-05-06 12:00:00,0.126,0.1285,0.1242,0.1266,28850277.1
2025-05-06 16:00:00,0.1265,0.1302,0.1254,0.1276,20369859.0
2025-05-06 20:00:00,0.1277,0.1309,0.124,0.1304,27138475.4
2025-05-07 00:00:00,0.1304,0.1345,0.1301,0.132,19879338.1
2025-05-07 04:00:00,0.132,0.134,0.131,0.133,22126172.3
2025-05-07 08:00:00,0.133,0.1347,0.1302,0.1317,26590468.8
2025-05-07 12:00:00,0.1318,0.132,0.1274,0.1285,21993962.7
2025-05-07 16:00:00,0.1284,0.1297,0.1248,0.1265,34607575.1
2025-05-07 20:00:00,0.1265,0.1296,0.1258,0.1285,11273089.5
2025-05-08 00:00:00,0.1285,0.1342,0.1282,0.1335,21178260.0
2025-05-08 04:00:00,0.1336,0.1392,0.1334,0.1384,27708170.1
2025-05-08 08:00:00,0.1384,0.1408,0.137,0.139,25282005.4
2025-05-08 12:00:00,0.139,0.144,0.1361,0.1423,35866403.3
2025-05-08 16:00:00,0.1424,0.1441,0.1403,0.1436,29097899.1
2025-05-08 20:00:00,0.1437,0.1501,0.1422,0.1499,29549223.2
2025-05-09 00:00:00,0.1499,0.1574,0.1493,0.1547,37967738.9
2025-05-09 04:00:00,0.1546,0.1666,0.1529,0.1632,41781000.2
2025-05-09 08:00:00,0.1632,0.1788,0.1628,0.1718,106153871.7
2025-05-09 12:00:00,0.1718,0.1733,0.165,0.168,45610288.2
2025-05-09 16:00:00,0.1681,0.1719,0.1657,0.1688,32168294.5
2025-05-09 20:00:00,0.1688,0.1739,0.1671,0.172,20690285.7
2025-05-10 00:00:00,0.172,0.1772,0.1699,0.1736,25460820.9
2025-05-10 04:00:00,0.1737,0.177,0.169,0.1765,24142445.4
2025-05-10 08:00:00,0.1766,0.1811,0.1733,0.1741,41765596.5
2025-05-10 12:00:00,0.1741,0.1815,0.1739,0.1769,31025885.9
2025-05-10 16:00:00,0.1769,0.1818,0.175,0.1808,28280712.7
2025-05-10 20:00:00,0.1808,0.1936,0.1785,0.1915,41448678.9
2025-05-11 00:00:00,0.1915,0.1936,0.1826,0.1875,48626925.7
2025-05-11 04:00:00,0.1875,0.1916,0.1751,0.1768,37326575.9
2025-05-11 08:00:00,0.1768,0.183,0.175,0.1826,21129116.8
2025-05-11 12:00:00,0.1827,0.1834,0.1759,0.1774,28187842.2
2025-05-11 16:00:00,0.1775,0.1824,0.1742,0.1812,19547299.9
2025-05-11 20:00:00,0.1812,0.1836,0.1787,0.1796,8400620.9
2025-05-12 00:00:00,0.1797,0.1867,0.1775,0.1846,27069252.8
2025-05-12 04:00:00,0.1846,0.192,0.1792,0.1883,28759209.8
2025-05-12 08:00:00,0.1884,0.1953,0.1859,0.1876,35591710.6
2025-05-12 12:00:00,0.1875,0.1919,0.1791,0.1815,44723288.6
2025-05-12 16:00:00,0.1815,0.1854,0.1693,0.1766,37859967.6
2025-05-12 20:00:00,0.1766,0.1819,0.1758,0.1799,10971270.5
2025-05-13 00:00:00,0.1799,0.1802,0.1663,0.1666,26786858.2
2025-05-13 04:00:00,0.1666,0.175,0.1656,0.1736,16696876.8
2025-05-13 08:00:00,0.1736,0.1797,0.1722,0.1785,19250140.8
2025-05-13 12:00:00,0.1785,0.1843,0.1763,0.1829,32330799.5
2025-05-13 16:00:00,0.1829,0.1981,0.1822,0.1963,37277574.3
2025-05-13 20:00:00,0.1962,0.1986,0.1923,0.1947,22527456.1
2025-05-14 00:00:00,0.1947,0.1974,0.1911,0.1948,20421690.6
2025-05-14 04:00:00,0.1948,0.1955,0.1884,0.1888,16742088.7
2025-05-14 08:00:00,0.1888,0.1897,0.1822,0.1872,28030986.4
2025-05-14 12:00:00,0.1871,0.1875,0.1792,0.1818,22165688.3
2025-05-14 16:00:00,0.1817,0.1831,0.1784,0.1808,16649707.6
2025-05-14 20:00:00,0.1809,0.1818,0.1772,0.179,10097228.6
2025-05-15 00:00:00,0.179,0.1814,0.1725,0.1729,14674145.6
2025-05-15 04:00:00,0.1729,0.174,0.1646,0.165,27168585.7
2025-05-15 08:00:00,0.165,0.1701,0.1602,0.1648,42370508.7
2025-05-15 12:00:00,0.1647,0.1683,0.1588,0.1679,51398606.6
2025-05-15 16:00:00,0.168,0.1698,0.1599,0.1615,34447581.9
2025-05-15 20:00:00,0.1616,0.1628,0.1531,0.1587,30463724.7
2025-05-16 00:00:00,0.1586,0.1622,0.1572,0.1617,18389198.4
2025-05-16 04:00:00,0.1616,0.1652,0.1591,0.1638,18870488.5
2025-05-16 08:00:00,0.1637,0.166,0.1592,0.1632,18750711.9
2025-05-16 12:00:00,0.1633,0.1641,0.1584,0.161,21643434.2
2025-05-16 16:00:00,0.1611,0.1622,0.1554,0.1587,15213206.6
2025-05-16 20:00:00,0.1586,0.1587,0.1518,0.1548,18965340.3
2025-05-17 00:00:00,0.1547,0.1552,0.1464,0.1502,27061108.7
2025-05-17 04:00:00,0.1502,0.1516,0.1473,0.1504,18745916.2
2025-05-17 08:00:00,0.1503,0.1516,0.1474,0.1503,14525307.3
2025-05-17 12:00:00,0.1503,0.1509,0.147,0.149,13409914.9
2025-05-17 16:00:00,0.149,0.1495,0.1452,0.1479,19979000.4
2025-05-17 20:00:00,0.1478,0.1514,0.1474,0.1489,11479792.6
2025-05-18 00:00:00,0.1488,0.1509,0.1478,0.1494,9476911.1
2025-05-18 04:00:00,0.1493,0.1558,0.1485,0.1556,19175204.6
2025-05-18 08:00:00,0.1556,0.1599,0.1532,0.1534,20487080.4
2025-05-18 12:00:00,0.1534,0.1642,0.1516,0.1637,25930262.0
2025-05-18 16:00:00,0.1637,0.1684,0.1544,0.1545,44905763.0
2025-05-18 20:00:00,0.1545,0.1641,0.1502,0.163,32019716.5
2025-05-19 00:00:00,0.163,0.1646,0.1536,0.1544,20455751.0
2025-05-19 04:00:00,0.1544,0.1556,0.1488,0.1514,22610690.8
2025-05-19 08:00:00,0.1514,0.1516,0.1458,0.1484,43214069.4
2025-05-19 12:00:00,0.1484,0.1534,0.1463,0.1517,21155948.3
2025-05-19 16:00:00,0.1518,0.1566,0.1499,0.152,23798543.0
2025-05-19 20:00:00,0.1519,0.1531,0.1494,0.1512,11783100.3
2025-05-20 00:00:00,0.1513,0.1568,0.1493,0.1526,19467998.2
2025-05-20 04:00:00,0.1526,0.1551,0.1503,0.1509,13482919.4
2025-05-20 08:00:00,0.1508,0.1515,0.1457,0.1473,18882312.7
2025-05-20 12:00:00,0.1472,0.1493,0.1454,0.1482,12649799.6
2025-05-20 16:00:00,0.1483,0.1511,0.1447,0.1501,19332472.4
2025-05-20 20:00:00,0.1501,0.1544,0.1493,0.1524,16882633.3
2025-05-21 00:00:00,0.1525,0.1546,0.1494,0.1536,12865498.6
2025-05-21 04:00:00,0.1537,0.1576,0.1523,0.1536,20756979.3
2025-05-21 08:00:00,0.1536,0.1541,0.1498,0.1531,17190613.2
2025-05-21 12:00:00,0.1531,0.1559,0.1511,0.1551,20225039.6
2025-05-21 16:00:00,0.1551,0.162,0.1504,0.156,49022131.5
2025-05-21 20:00:00,0.156,0.1593,0.1538,0.1566,13939683.6
2025-05-22 00:00:00,0.1566,0.1641,0.1564,0.1631,18697053.8
2025-05-22 04:00:00,0.1631,0.1683,0.1619,0.1682,20483524.4
2025-05-22 08:00:00,0.1682,0.1753,0.1681,0.1714,41453010.0
2025-05-22 12:00:00,0.1715,0.1795,0.1689,0.1769,34695984.8
2025-05-22 16:00:00,0.1771,0.1801,0.1745,0.1754,24744668.7
2025-05-22 20:00:00,0.1755,0.1785,0.1721,0.177,16462130.9
2025-05-23 00:00:00,0.177,0.1839,0.1742,0.1833,25019312.7
2025-05-23 04:00:00,0.1833,0.1839,0.1724,0.1726,22522166.0
2025-05-23 08:00:00,0.1726,0.1785,0.1644,0.1661,51963754.8
2025-05-23 12:00:00,0.1662,0.1718,0.1612,0.1662,68105190.0
2025-05-23 16:00:00,0.1663,0.168,0.1633,0.1639,17782736.8
2025-05-23 20:00:00,0.164,0.164,0.1523,0.155,44642654.3
2025-05-24 00:00:00,0.155,0.1582,0.1532,0.1577,16028025.5
2025-05-24 04:00:00,0.1578,0.1592,0.1551,0.1571,13369649.0
2025-05-24 08:00:00,0.157,0.16,0.155,0.1582,11071421.3
2025-05-24 12:00:00,0.1582,0.1594,0.1563,0.1575,16219644.8
2025-05-24 16:00:00,0.1575,0.1588,0.1556,0.1567,8341335.1
2025-05-24 20:00:00,0.1568,0.1576,0.1543,0.1561,7564153.0
2025-05-25 00:00:00,0.1561,0.1572,0.1509,0.1541,12513587.0
2025-05-25 04:00:00,0.154,0.1547,0.1504,0.1517,10729861.2
2025-05-25 08:00:00,0.1518,0.1523,0.1492,0.1519,14090198.4
2025-05-25 12:00:00,0.1519,0.1528,0.1467,0.1507,21953547.2
2025-05-25 16:00:00,0.1506,0.1526,0.1478,0.1517,16708035.4
2025-05-25 20:00:00,0.1517,0.1594,0.1503,0.1588,15073940.3
2025-05-26 00:00:00,0.1589,0.1643,0.1576,0.1623,15859787.7
2025-05-26 04:00:00,0.1623,0.1659,0.1614,0.1654,17594083.2
2025-05-26 08:00:00,0.1655,0.1659,0.16,0.1617,17895913.3
2025-05-26 12:00:00,0.1617,0.1625,0.1565,0.1602,24289704.7
2025-05-26 16:00:00,0.1602,0.1611,0.1545,0.1567,15733982.0
2025-05-26 20:00:00,0.1566,0.1594,0.1556,0.1569,8011830.0
2025-05-27 00:00:00,0.1569,0.1584,0.152,0.1569,17658997.9
2025-05-27 04:00:00,0.157,0.1624,0.1557,0.1601,20473221.6
2025-05-27 08:00:00,0.1602,0.164,0.1601,0.1618,23853184.5
2025-05-27 12:00:00,0.1619,0.1649,0.1586,0.1624,25878352.9
2025-05-27 16:00:00,0.1624,0.1646,0.1606,0.1613,18307050.6
2025-05-27 20:00:00,0.1613,0.1625,0.1582,0.1591,8637847.6
2025-05-28 00:00:00,0.1592,0.1616,0.1574,0.1608,11913007.3
2025-05-28 04:00:00,0.1609,0.1613,0.1572,0.1591,12757962.3
2025-05-28 08:00:00,0.1592,0.1652,0.1585,0.1646,20686439.4
2025-05-28 12:00:00,0.1646,0.1698,0.1579,0.1584,42582663.8
2025-05-28 16:00:00,0.1584,0.1622,0.1544,0.155,19334533.2
2025-05-28 20:00:00,0.155,0.1619,0.1539,0.1615,16944998.3
2025-05-29 00:00:00,0.1616,0.1708,0.1598,0.1679,49512478.4
2025-05-29 04:00:00,0.1679,0.1683,0.1613,0.1615,18745782.7
2025-05-29 08:00:00,0.1616,0.163,0.1601,0.1613,16555717.1
2025-05-29 12:00:00,0.1614,0.1614,0.1532,0.1542,28644275.0
2025-05-29 16:00:00,0.1543,0.1555,0.1508,0.1515,28383258.8
2025-05-29 20:00:00,0.1515,0.1553,0.1508,0.152,15308449.0
2025-05-30 00:00:00,0.1519,0.1524,0.1389,0.1452,65911237.4
2025-05-30 04:00:00,0.1452,0.1456,0.1402,0.1422,28826940.0
2025-05-30 08:00:00,0.1422,0.1433,0.14,0.1428,21598027.3
2025-05-30 12:00:00,0.1428,0.1432,0.1395,0.1397,24449995.8
2025-05-30 16:00:00,0.1397,0.1402,0.1308,0.1368,59453403.0
2025-05-30 20:00:00,0.1368,0.1373,0.1268,0.1287,40958120.7
2025-05-31 00:00:00,0.1287,0.1291,0.1238,0.1277,40329701.8
2025-05-31 04:00:00,0.1277,0.1326,0.1263,0.1317,20448712.1
2025-05-31 08:00:00,0.1318,0.132,0.1285,0.1294,17467452.8
2025-05-31 12:00:00,0.1293,0.135,0.1288,0.1327,26649937.6
2025-05-31 16:00:00,0.1327,0.1352,0.1317,0.1343,13825610.0
2025-05-31 20:00:00,0.1344,0.1362,0.1325,0.1331,10891375.8
2025-06-01 00:00:00,0.1331,0.1342,0.1303,0.1318,11113247.2
2025-06-01 04:00:00,0.1319,0.1352,0.1313,0.1337,11177899.8
2025-06-01 08:00:00,0.1337,0.1338,0.1302,0.132,11399334.9
2025-06-01 12:00:00,0.1321,0.1372,0.1305,0.1354,14081186.0
2025-06-01 16:00:00,0.1354,0.1379,0.1325,0.1353,18356096.7
2025-06-01 20:00:00,0.1352,0.1391,0.1347,0.1374,8738223.4
2025-06-02 00:00:00,0.1375,0.1379,0.1334,0.134,11215954.5
2025-06-02 04:00:00,0.134,0.1364,0.1325,0.1355,8856455.5
2025-06-02 08:00:00,0.1355,0.14,0.1331,0.1338,31863215.6
2025-06-02 12:00:00,0.1339,0.1391,0.1332,0.1376,26525618.0
2025-06-02 16:00:00,0.1377,0.139,0.1349,0.136,17904420.9
2025-06-02 20:00:00,0.136,0.143,0.136,0.1424,22019286.6
2025-06-03 00:00:00,0.1424,0.1462,0.1404,0.1407,19403511.4
2025-06-03 04:00:00,0.1407,0.1431,0.139,0.141,16474517.5
2025-06-03 08:00:00,0.1409,0.1425,0.1394,0.1418,11644493.4
2025-06-03 12:00:00,0.1418,0.1447,0.1412,0.1435,18736061.3
2025-06-03 16:00:00,0.1435,0.1442,0.1417,0.1436,13436812.5
2025-06-03 20:00:00,0.1436,0.1436,0.1389,0.1403,18665458.4
2025-06-04 00:00:00,0.1404,0.1438,0.1393,0.1422,14370728.3
2025-06-04 04:00:00,0.1422,0.1424,0.1398,0.1404,10707773.4
2025-06-04 08:00:00,0.1404,0.1421,0.1356,0.1379,38644330.7
2025-06-04 12:00:00,0.1379,0.1412,0.1358,0.1408,19321376.4
2025-06-04 16:00:00,0.1409,0.1411,0.1366,0.1369,17506368.1
2025-06-04 20:00:00,0.1369,0.1371,0.1338,0.1351,14318232.0
2025-06-05 00:00:00,0.1351,0.1367,0.1342,0.1352,11115541.1
2025-06-05 04:00:00,0.1353,0.136,0.132,0.134,18258600.8
2025-06-05 08:00:00,0.1341,0.135,0.1319,0.1333,12791621.0
2025-06-05 12:00:00,0.1332,0.137,0.1307,0.1335,31673818.6
2025-06-05 16:00:00,0.1335,0.1338,0.1259,0.1279,37201671.4
2025-06-05 20:00:00,0.128,0.1284,0.1224,0.1244,35037855.8
2025-06-06 00:00:00,0.1243,0.1269,0.1234,0.1267,14705708.1
2025-06-06 04:00:00,0.1267,0.1281,0.1259,0.1272,12046851.4
2025-06-06 08:00:00,0.1272,0.1299,0.1269,0.1292,12975268.8
2025-06-06 12:00:00,0.1292,0.1322,0.1288,0.1301,28128826.5
2025-06-06 16:00:00,0.1301,0.1306,0.1264,0.1272,17133513.0
2025-06-06 20:00:00,0.1272,0.1289,0.1263,0.1265,9258742.8
2025-06-07 00:00:00,0.1265,0.1316,0.1263,0.1315,12144993.3
2025-06-07 04:00:00,0.1314,0.1333,0.1307,0.1321,10012350.9
2025-06-07 08:00:00,0.1322,0.1328,0.1308,0.1322,9718124.1
2025-06-07 12:00:00,0.1321,0.1331,0.1315,0.132,10804576.9
2025-06-07 16:00:00,0.1319,0.1326,0.1306,0.1315,7008864.2
2025-06-07 20:00:00,0.1315,0.1324,0.1309,0.1313,4545171.5
2025-06-08 00:00:00,0.1313,0.1324,0.1303,0.132,9601604.8
2025-06-08 04:00:00,0.1321,0.135,0.1307,0.1319,29079881.1
2025-06-08 08:00:00,0.1319,0.1323,0.1291,0.1322,25680477.7
2025-06-08 12:00:00,0.1322,0.1337,0.1313,0.132,14517372.1
2025-06-08 16:00:00,0.132,0.1337,0.1317,0.133,10548279.7
2025-06-08 20:00:00,0.133,0.1336,0.1306,0.1311,9282072.7
2025-06-09 00:00:00,0.1311,0.1319,0.1282,0.1295,10318657.7
2025-06-09 04:00:00,0.1294,0.1307,0.1279,0.1306,11558304.0
2025-06-09 08:00:00,0.1305,0.1347,0.1298,0.1342,18933032.3
2025-06-09 12:00:00,0.1343,0.1359,0.1322,0.1342,18988721.3
2025-06-09 16:00:00,0.1342,0.1377,0.1342,0.1356,19371492.5
2025-06-09 20:00:00,0.1356,0.1412,0.1356,0.1397,17239870.0
2025-06-10 00:00:00,0.1398,0.1422,0.1381,0.1388,11353210.4
2025-06-10 04:00:00,0.1389,0.1397,0.1367,0.1386,10908491.2
2025-06-10 08:00:00,0.1386,0.1459,0.1378,0.1458,24657866.4
2025-06-10 12:00:00,0.1457,0.1481,0.1402,0.1433,50519843.2
2025-06-10 16:00:00,0.1434,0.148,0.1421,0.1466,20489350.3
2025-06-10 20:00:00,0.1466,0.1497,0.1449,0.1492,21934621.1
2025-06-11 00:00:00,0.1491,0.15,0.144,0.1455,25428185.8
2025-06-11 04:00:00,0.1455,0.1458,0.1437,0.1449,14758737.5
2025-06-11 08:00:00,0.1449,0.1456,0.1396,0.1413,22235140.5
2025-06-11 12:00:00,0.1413,0.1487,0.1401,0.1476,35676148.8
2025-06-11 16:00:00,0.1477,0.1477,0.142,0.1423,16737489.5
2025-06-11 20:00:00,0.1422,0.1438,0.1364,0.1379,28970614.4
2025-06-12 00:00:00,0.138,0.1384,0.1343,0.1349,18057162.1
2025-06-12 04:00:00,0.1349,0.136,0.1339,0.1344,15802346.1
2025-06-12 08:00:00,0.1343,0.1349,0.1316,0.1319,18939837.3
2025-06-12 12:00:00,0.1319,0.1351,0.1304,0.1312,25076681.5
2025-06-12 16:00:00,0.1311,0.1344,0.1266,0.1275,28251416.2
2025-06-12 20:00:00,0.1274,0.1277,0.1244,0.1261,31059641.8
2025-06-13 00:00:00,0.1261,0.1261,0.1154,0.1199,87179304.8
2025-06-13 04:00:00,0.1199,0.1206,0.1178,0.1197,37045240.6
2025-06-13 08:00:00,0.1196,0.1212,0.1173,0.1194,34081437.2
2025-06-13 12:00:00,0.1194,0.1208,0.116,0.1198,36828910.1
2025-06-13 16:00:00,0.1198,0.1219,0.1174,0.1188,30484034.0
2025-06-13 20:00:00,0.1189,0.1223,0.1183,0.1219,14210117.8
2025-06-14 00:00:00,0.122,0.1224,0.1196,0.1202,13092525.8
2025-06-14 04:00:00,0.1202,0.1214,0.1191,0.12,12325768.1
2025-06-14 08:00:00,0.12,0.1208,0.1192,0.1199,11095194.1
2025-06-14 12:00:00,0.1198,0.1208,0.1171,0.1181,17948229.8
2025-06-14 16:00:00,0.118,0.119,0.1152,0.1175,30649240.1
2025-06-14 20:00:00,0.1175,0.1202,0.1163,0.1191,12502668.9
2025-06-15 00:00:00,0.1191,0.1199,0.118,0.1182,8845498.5
2025-06-15 04:00:00,0.1182,0.1198,0.1172,0.118,10717119.4
2025-06-15 08:00:00,0.1181,0.1183,0.116,0.1174,18919987.3
2025-06-15 12:00:00,0.1174,0.1199,0.1166,0.1183,17548682.0
2025-06-15 16:00:00,0.1184,0.1192,0.1173,0.1177,11432460.2
2025-06-15 20:00:00,0.1177,0.1188,0.1139,0.1183,25218027.6
2025-06-16 00:00:00,0.1184,0.1212,0.1173,0.1189,23490882.6
2025-06-16 04:00:00,0.1189,0.1233,0.1188,0.1232,19981124.5
2025-06-16 08:00:00,0.1233,0.1257,0.1223,0.1239,39599799.5
2025-06-16 12:00:00,0.1239,0.1258,0.1228,0.1246,35437691.9
2025-06-16 16:00:00,0.1247,0.1264,0.1238,0.1254,27769005.7
2025-06-16 20:00:00,0.1253,0.1267,0.1196,0.1201,38086871.1
2025-06-17 00:00:00,0.12,0.1249,0.1182,0.1245,53497770.5
2025-06-17 04:00:00,0.1245,0.1247,0.1204,0.1205,32464587.5
2025-06-17 08:00:00,0.1205,0.121,0.1172,0.1182,42065667.7
2025-06-17 12:00:00,0.1182,0.1201,0.1144,0.1163,44876030.5
2025-06-17 16:00:00,0.1163,0.1177,0.1119,0.1165,49298728.1
2025-06-17 20:00:00,0.1165,0.1171,0.1123,0.1136,24526248.0
2025-06-18 00:00:00,0.1136,0.1154,0.1134,0.1146,22628016.2
2025-06-18 04:00:00,0.1146,0.1156,0.1129,0.1136,19727497.4
2025-06-18 08:00:00,0.1136,0.1141,0.1088,0.1108,48855535.3
2025-06-18 12:00:00,0.1109,0.1124,0.107,0.1108,57323280.9
2025-06-18 16:00:00,0.1107,0.1123,0.1093,0.1103,35508858.1
2025-06-18 20:00:00,0.1102,0.1151,0.1099,0.1149,20786533.3
2025-06-19 00:00:00,0.1149,0.1166,0.1131,0.1147,21036824.2
2025-06-19 04:00:00,0.1147,0.1156,0.113,0.1132,16564571.7
2025-06-19 08:00:00,0.1131,0.1145,0.1126,0.1129,11375307.6
2025-06-19 12:00:00,0.1129,0.1138,0.1105,0.1111,21137622.6
2025-06-19 16:00:00,0.111,0.113,0.1098,0.1109,27841694.8
2025-06-19 20:00:00,0.1109,0.1128,0.1105,0.1115,14033476.3
2025-06-20 00:00:00,0.1115,0.1124,0.1099,0.1106,14897990.1
2025-06-20 04:00:00,0.1105,0.1144,0.1093,0.1144,26888260.6
2025-06-20 08:00:00,0.1144,0.115,0.1127,0.1133,17057954.4
2025-06-20 12:00:00,0.1132,0.1142,0.1094,0.1101,26266606.9
2025-06-20 16:00:00,0.1101,0.1101,0.1053,0.109,61133672.7
2025-06-20 20:00:00,0.109,0.1105,0.1067,0.1078,16099727.1
2025-06-21 00:00:00,0.1078,0.11,0.1073,0.1094,14408000.1
2025-06-21 04:00:00,0.1095,0.1103,0.109,0.1098,14887329.3
2025-06-21 08:00:00,0.1098,0.1102,0.1089,0.1094,12742695.8
2025-06-21 12:00:00,0.1093,0.1098,0.1055,0.1072,24960656.2
2025-06-21 16:00:00,0.1072,0.1074,0.103,0.1031,39334483.9
2025-06-21 20:00:00,0.103,0.1056,0.1016,0.1055,69271663.3
2025-06-22 00:00:00,0.1056,0.1063,0.1018,0.1027,35568191.3
2025-06-22 04:00:00,0.1026,0.1047,0.102,0.1037,21010002.7
2025-06-22 08:00:00,0.1037,0.1039,0.1009,0.1024,29211065.9
2025-06-22 12:00:00,0.1023,0.1032,0.0961,0.0982,90064209.7
2025-06-22 16:00:00,0.0982,0.0999,0.0974,0.0991,30689332.9
2025-06-22 20:00:00,0.0991,0.1026,0.096,0.1023,36389307.3
2025-06-23 00:00:00,0.1023,0.1041,0.1018,0.1033,22878767.4
2025-06-23 04:00:00,0.1032,0.106,0.1028,0.1049,27093946.6
2025-06-23 08:00:00,0.105,0.1051,0.1034,0.1041,19038949.6
2025-06-23 12:00:00,0.1042,0.1084,0.1035,0.1046,45950505.5
2025-06-23 16:00:00,0.1047,0.1095,0.101,0.109,66286098.5
2025-06-23 20:00:00,0.1091,0.1148,0.1086,0.1143,48589324.1
2025-06-24 00:00:00,0.1144,0.1153,0.1127,0.1138,25249561.4
2025-06-24 04:00:00,0.1138,0.1187,0.1134,0.1152,25281608.6
2025-06-24 08:00:00,0.1152,0.1167,0.1143,0.1152,24865700.2
2025-06-24 12:00:00,0.1152,0.116,0.113,0.1148,27359260.9
2025-06-24 16:00:00,0.1149,0.1183,0.1139,0.1151,31903991.4
2025-06-24 20:00:00,0.1152,0.1164,0.1144,0.1163,11643914.7
2025-06-25 00:00:00,0.1163,0.1169,0.1147,0.1159,15487285.7
2025-06-25 04:00:00,0.116,0.1161,0.1133,0.1147,15148138.1
2025-06-25 08:00:00,0.1148,0.1152,0.1117,0.1135,27884245.5
2025-06-25 12:00:00,0.1136,0.1154,0.1103,0.1104,30930929.2
2025-06-25 16:00:00,0.1104,0.1121,0.1095,0.1112,30934787.1
2025-06-25 20:00:00,0.1112,0.1128,0.1088,0.1098,21969868.3
2025-06-26 00:00:00,0.1098,0.1145,0.1092,0.1118,30740236.8
2025-06-26 04:00:00,0.1118,0.1127,0.1098,0.1118,21207285.2
2025-06-26 08:00:00,0.1119,0.1128,0.1099,0.11,23001378.7
2025-06-26 12:00:00,0.11,0.1103,0.1055,0.1074,50503329.4
2025-06-26 16:00:00,0.1073,0.1088,0.1055,0.1084,25511433.2
2025-06-26 20:00:00,0.1083,0.1121,0.1079,0.109,26165116.4
2025-06-27 00:00:00,0.109,0.1103,0.1073,0.11,17421090.8
2025-06-27 04:00:00,0.11,0.1108,0.1073,0.1075,20755456.9
2025-06-27 08:00:00,0.1075,0.1095,0.1065,0.107,20656256.5
2025-06-27 12:00:00,0.1071,0.1091,0.1063,0.1087,20515846.4
2025-06-27 16:00:00,0.1087,0.1104,0.1059,0.1073,23117069.4
2025-06-27 20:00:00,0.1073,0.1103,0.107,0.11,14843011.1
2025-06-28 00:00:00,0.11,0.1103,0.1089,0.109,10472150.8
2025-06-28 04:00:00,0.109,0.1103,0.1085,0.1103,12530245.3
2025-06-28 08:00:00,0.1104,0.1115,0.1091,0.1105,12628503.5
2025-06-28 12:00:00,0.1105,0.1126,0.1098,0.1124,11386090.5
2025-06-28 16:00:00,0.1125,0.1148,0.111,0.1137,21411510.1
2025-06-28 20:00:00,0.1137,0.1155,0.1131,0.1139,12506150.5
2025-06-29 00:00:00,0.114,0.1148,0.1124,0.1126,12830595.3
2025-06-29 04:00:00,0.1127,0.1138,0.1123,0.1138,10844113.8
2025-06-29 08:00:00,0.1138,0.116,0.1133,0.1153,16134917.0
2025-06-29 12:00:00,0.1153,0.1157,0.1126,0.113,15546260.9
2025-06-29 16:00:00,0.113,0.1176,0.1129,0.1176,26807724.9
2025-06-29 20:00:00,0.1175,0.1248,0.1155,0.1227,52315241.5
2025-06-30 00:00:00,0.1228,0.1238,0.1203,0.1205,31156834.2
2025-06-30 04:00:00,0.1205,0.1216,0.1185,0.1207,24070093.1
2025-06-30 08:00:00,0.1207,0.1211,0.1177,0.1194,20636664.8
2025-06-30 12:00:00,0.1194,0.1203,0.1154,0.117,31834611.5
2025-06-30 16:00:00,0.117,0.1192,0.1161,0.1189,19821085.9
2025-06-30 20:00:00,0.1189,0.1198,0.1164,0.1167,15027994.7
2025-07-01 00:00:00,0.1166,0.1174,0.1138,0.1148,21218736.4
2025-07-01 04:00:00,0.1149,0.1149,0.112,0.1138,21537970.6
2025-07-01 08:00:00,0.1139,0.1147,0.1118,0.1123,21126453.7
2025-07-01 12:00:00,0.1124,0.1137,0.1111,0.1117,27031075.9
2025-07-01 16:00:00,0.1117,0.1125,0.1093,0.1102,18839086.2
2025-07-01 20:00:00,0.1102,0.1108,0.1085,0.1097,14882823.2
2025-07-02 00:00:00,0.1097,0.1114,0.1084,0.1099,15296960.9
2025-07-02 04:00:00,0.11,0.1144,0.1095,0.1142,22451638.0
2025-07-02 08:00:00,0.1141,0.1148,0.1127,0.1133,15318843.5
2025-07-02 12:00:00,0.1132,0.1169,0.1126,0.1168,18391066.1
2025-07-02 16:00:00,0.1169,0.121,0.1166,0.1206,37405051.3
2025-07-02 20:00:00,0.1207,0.1222,0.1196,0.1198,19020345.3
2025-07-03 00:00:00,0.1199,0.1218,0.1196,0.1206,13263156.2
2025-07-03 04:00:00,0.1206,0.1239,0.1202,0.1232,20099088.5
2025-07-03 08:00:00,0.1232,0.1233,0.1196,0.1198,20387032.1
2025-07-03 12:00:00,0.1199,0.122,0.117,0.1174,30222048.8
2025-07-03 16:00:00,0.1174,0.1185,0.1168,0.1181,19274299.9
2025-07-03 20:00:00,0.1181,0.1191,0.1179,0.1186,10600154.8
2025-07-04 00:00:00,0.1185,0.1196,0.1165,0.1171,11077067.7
2025-07-04 04:00:00,0.117,0.1174,0.113,0.1133,16548730.2
2025-07-04 08:00:00,0.1133,0.1147,0.1125,0.113,14954556.2
2025-07-04 12:00:00,0.1131,0.1137,0.1101,0.1102,26510694.9
2025-07-04 16:00:00,0.1103,0.1109,0.109,0.1097,19325192.3
2025-07-04 20:00:00,0.1097,0.1121,0.1094,0.1115,11252146.1
2025-07-05 00:00:00,0.1115,0.1129,0.1106,0.1117,14360370.4
2025-07-05 04:00:00,0.1117,0.1128,0.1107,0.1119,10100579.2
2025-07-05 08:00:00,0.112,0.1121,0.1106,0.1109,8323330.7
2025-07-05 12:00:00,0.1109,0.1114,0.11,0.1104,8935548.1
2025-07-05 16:00:00,0.1104,0.1115,0.1092,0.1104,13630603.9
2025-07-05 20:00:00,0.1104,0.1121,0.11,0.1113,7323645.2
2025-07-06 00:00:00,0.1113,0.1114,0.1102,0.1105,5542345.7
2025-07-06 04:00:00,0.1105,0.1118,0.1102,0.1107,8317545.8
2025-07-06 08:00:00,0.1107,0.1118,0.1103,0.1117,15715835.5
2025-07-06 12:00:00,0.1117,0.1145,0.1113,0.1135,20298716.4
2025-07-06 16:00:00,0.1135,0.1143,0.1119,0.1128,10727726.6
2025-07-06 20:00:00,0.1129,0.1154,0.1128,0.1134,10907618.4
2025-07-07 00:00:00,0.1135,0.1156,0.113,0.1144,6873967.9
2025-07-07 04:00:00,0.1143,0.1149,0.1128,0.1148,9005864.7
2025-07-07 08:00:00,0.1147,0.1153,0.1129,0.1136,16234596.9
2025-07-07 12:00:00,0.1137,0.1145,0.1123,0.1133,13348181.4
2025-07-07 16:00:00,0.1133,0.1134,0.1105,0.1116,16701495.4
2025-07-07 20:00:00,0.1116,0.1117,0.1097,0.1115,13675809.5
2025-07-08 00:00:00,0.1116,0.1118,0.1091,0.1099,18234086.6
2025-07-08 04:00:00,0.1099,0.1112,0.1094,0.1107,10071433.4
2025-07-08 08:00:00,0.1108,0.1128,0.11,0.1124,9551741.4
2025-07-08 12:00:00,0.1125,0.1133,0.1103,0.1107,14993087.3
2025-07-08 16:00:00,0.1108,0.1146,0.1103,0.1135,19632603.0
2025-07-08 20:00:00,0.1135,0.1145,0.1131,0.1139,9752593.4
2025-07-09 00:00:00,0.1138,0.1142,0.112,0.1123,9674190.9
2025-07-09 04:00:00,0.1123,0.1158,0.1121,0.1153,14075281.0
2025-07-09 08:00:00,0.1153,0.1171,0.1148,0.1165,17700276.1
2025-07-09 12:00:00,0.1165,0.1179,0.115,0.1164,20514832.6
2025-07-09 16:00:00,0.1165,0.1206,0.1156,0.1203,18939500.8
2025-07-09 20:00:00,0.1203,0.1221,0.119,0.1215,29684141.1
2025-07-10 00:00:00,0.1216,0.1228,0.1205,0.1224,11733657.6
2025-07-10 04:00:00,0.1223,0.1235,0.1213,0.1226,11443384.3
2025-07-10 08:00:00,0.1225,0.1245,0.1219,0.1236,26276416.8
2025-07-10 12:00:00,0.1236,0.1254,0.1223,0.1228,21566652.5
2025-07-10 16:00:00,0.1229,0.1296,0.1229,0.128,36143341.6
2025-07-10 20:00:00,0.1281,0.1383,0.1281,0.1373,47515337.5
2025-07-11 00:00:00,0.1372,0.145,0.1344,0.1447,44584323.5
2025-07-11 04:00:00,0.1447,0.1515,0.1431,0.1448,100557138.6
2025-07-11 08:00:00,0.1449,0.1506,0.1448,0.1472,46582469.9
2025-07-11 12:00:00,0.1472,0.1552,0.1466,0.1478,74212162.0
2025-07-11 16:00:00,0.1479,0.1526,0.1464,0.1521,27395551.6
2025-07-11 20:00:00,0.1521,0.1526,0.1415,0.1438,41652843.6
2025-07-12 00:00:00,0.1438,0.1458,0.1396,0.1438,24361020.0
2025-07-12 04:00:00,0.1438,0.1439,0.1382,0.1411,26161515.1
2025-07-12 08:00:00,0.1412,0.1424,0.1397,0.1407,16093253.6
2025-07-12 12:00:00,0.1408,0.1414,0.1314,0.1332,47864731.2
2025-07-12 16:00:00,0.1331,0.1365,0.1323,0.1353,19541741.1
2025-07-12 20:00:00,0.1354,0.1364,0.1325,0.1357,19166610.8
2025-07-13 00:00:00,0.1357,0.1373,0.1349,0.1368,14951898.5
2025-07-13 04:00:00,0.1368,0.1405,0.1357,0.1395,18011620.6
2025-07-13 08:00:00,0.1395,0.1398,0.1359,0.1392,17471832.4
2025-07-13 12:00:00,0.1391,0.1427,0.1381,0.1405,31666707.5
2025-07-13 16:00:00,0.1406,0.1428,0.1381,0.1405,15605414.1
2025-07-13 20:00:00,0.1405,0.1424,0.1369,0.1386,22566215.6
2025-07-14 00:00:00,0.1386,0.1449,0.1375,0.1433,25500501.8
2025-07-14 04:00:00,0.1432,0.1476,0.142,0.1447,37780413.7
2025-07-14 08:00:00,0.1447,0.1454,0.1414,0.1432,26444263.4
2025-07-14 12:00:00,0.1432,0.1447,0.1372,0.1388,32984318.5
2025-07-14 16:00:00,0.1387,0.1412,0.1354,0.1361,32874334.2
2025-07-14 20:00:00,0.1361,0.1383,0.1343,0.137,16550509.9
2025-07-15 00:00:00,0.1369,0.1386,0.1318,0.1336,24614701.2
2025-07-15 04:00:00,0.1336,0.1362,0.1321,0.1342,23057722.3
2025-07-15 08:00:00,0.1342,0.136,0.1324,0.1351,22098925.0
2025-07-15 12:00:00,0.1351,0.1393,0.1331,0.1381,42513023.7
2025-07-15 16:00:00,0.1382,0.1462,0.1381,0.1409,42539638.2
2025-07-15 20:00:00,0.1408,0.1475,0.1401,0.1465,19916213.8
2025-07-16 00:00:00,0.1467,0.1483,0.1426,0.1441,23248392.4
2025-07-16 04:00:00,0.1441,0.147,0.1422,0.1454,27040340.9
2025-07-16 08:00:00,0.1454,0.1454,0.1399,0.1408,35851660.8
2025-07-16 12:00:00,0.1408,0.1452,0.1403,0.1423,50320824.8
2025-07-16 16:00:00,0.1424,0.1497,0.142,0.1468,38755092.8
2025-07-16 20:00:00,0.1469,0.1509,0.1432,0.1435,32528365.3
2025-07-17 00:00:00,0.1435,0.148,0.1387,0.14,35700258.1
2025-07-17 04:00:00,0.14,0.1453,0.139,0.1445,34051667.9
2025-07-17 08:00:00,0.1445,0.1471,0.1422,0.1429,41371042.8
2025-07-17 12:00:00,0.1428,0.1438,0.1385,0.14,46921662.7
2025-07-17 16:00:00,0.14,0.1414,0.1351,0.1373,54878462.9
2025-07-17 20:00:00,0.1374,0.1431,0.1351,0.1407,39457808.2
2025-07-18 00:00:00,0.1407,0.1487,0.1398,0.148,50238489.9
2025-07-18 04:00:00,0.148,0.156,0.1472,0.1503,78654137.5
2025-07-18 08:00:00,0.1504,0.1538,0.1482,0.1495,55707896.5
2025-07-18 12:00:00,0.1496,0.1536,0.1411,0.142,93251495.4
2025-07-18 16:00:00,0.142,0.1447,0.1377,0.1403,44691118.5
2025-07-18 20:00:00,0.1403,0.1405,0.1348,0.1383,57400595.3
2025-07-19 00:00:00,0.1384,0.1418,0.1334,0.1414,39073587.2
2025-07-19 04:00:00,0.1414,0.1437,0.1379,0.1383,33334494.3
2025-07-19 08:00:00,0.1383,0.1391,0.1362,0.1371,22988799.1
2025-07-19 12:00:00,0.137,0.1382,0.1345,0.1363,27066475.7
2025-07-19 16:00:00,0.1363,0.1428,0.1354,0.1419,30893911.4
2025-07-19 20:00:00,0.1418,0.1429,0.1392,0.1413,23681497.6
2025-07-20 00:00:00,0.1413,0.1428,0.1395,0.1412,22908265.9
2025-07-20 04:00:00,0.1412,0.1456,0.1402,0.1437,30637291.1
2025-07-20 08:00:00,0.1438,0.1478,0.1436,0.147,42233259.0
2025-07-20 12:00:00,0.147,0.1498,0.1448,0.1494,35955423.6
2025-07-20 16:00:00,0.1495,0.1539,0.1489,0.1494,62027009.9
2025-07-20 20:00:00,0.1495,0.1502,0.1427,0.1477,46302056.2
2025-07-21 00:00:00,0.1477,0.1523,0.1442,0.1521,34888745.8
2025-07-21 04:00:00,0.1522,0.1536,0.1499,0.1527,31869862.7
2025-07-21 08:00:00,0.1527,0.1544,0.1488,0.152,53506508.9
2025-07-21 12:00:00,0.1521,0.158,0.1498,0.1532,83564361.8
2025-07-21 16:00:00,0.1533,0.1541,0.148,0.1488,72986217.2
2025-07-21 20:00:00,0.1488,0.1543,0.148,0.1525,29761668.4
2025-07-22 00:00:00,0.1525,0.1545,0.1457,0.1486,58086803.8
2025-07-22 04:00:00,0.1486,0.1491,0.1422,0.1454,67536615.5
2025-07-22 08:00:00,0.1454,0.1459,0.1396,0.1453,56158615.2
2025-07-22 12:00:00,0.1452,0.1479,0.141,0.1458,65624243.1
2025-07-22 16:00:00,0.1458,0.1483,0.1423,0.143,57686321.5
2025-07-22 20:00:00,0.143,0.1489,0.1426,0.1486,26248620.0
2025-07-23 00:00:00,0.1486,0.1487,0.1434,0.1454,35072426.0
2025-07-23 04:00:00,0.1455,0.1478,0.1433,0.144,31166951.8
2025-07-23 08:00:00,0.144,0.1453,0.1402,0.1416,38582391.2
2025-07-23 12:00:00,0.1416,0.1417,0.1334,0.1374,116369425.9
2025-07-23 16:00:00,0.1374,0.1374,0.1306,0.1331,66592232.9
2025-07-23 20:00:00,0.133,0.1338,0.1257,0.1317,74232376.3
2025-07-24 00:00:00,0.1318,0.1336,0.1305,0.1309,30970645.1
2025-07-24 04:00:00,0.1309,0.1316,0.1208,0.1259,91650443.6
2025-07-24 08:00:00,0.1259,0.1294,0.1247,0.1289,46560815.5
2025-07-24 12:00:00,0.1288,0.1328,0.1249,0.1303,53725429.8
2025-07-24 16:00:00,0.1303,0.1326,0.1269,0.1304,44683106.6
2025-07-24 20:00:00,0.1304,0.1319,0.126,0.1267,27815926.7
2025-07-25 00:00:00,0.1267,0.1279,0.1227,0.1246,36680439.9
2025-07-25 04:00:00,0.1246,0.1288,0.1231,0.1273,32953893.5
2025-07-25 08:00:00,0.1274,0.1324,0.1273,0.1316,37091123.9
2025-07-25 12:00:00,0.1316,0.1328,0.1246,0.1268,36210488.5
2025-07-25 16:00:00,0.1268,0.1294,0.1259,0.1286,23353174.1
2025-07-25 20:00:00,0.1286,0.1331,0.1284,0.1324,18694372.4
2025-07-26 00:00:00,0.1324,0.1338,0.1312,0.1326,17561532.2
2025-07-26 04:00:00,0.1326,0.1332,0.1316,0.1326,12100986.9
2025-07-26 08:00:00,0.1326,0.134,0.132,0.1322,16410464.2
2025-07-26 12:00:00,0.1323,0.1336,0.1314,0.133,15366937.3
2025-07-26 16:00:00,0.133,0.1343,0.1311,0.1338,16585149.3
2025-07-26 20:00:00,0.1338,0.1345,0.1315,0.1318,15505717.3
2025-07-27 00:00:00,0.1318,0.1339,0.1313,0.1328,13957113.7
2025-07-27 04:00:00,0.1328,0.1357,0.1327,0.1339,22086053.7
2025-07-27 08:00:00,0.1339,0.136,0.1317,0.1344,24745475.7
2025-07-27 12:00:00,0.1344,0.1363,0.1334,0.1347,24869384.7
2025-07-27 16:00:00,0.1347,0.1375,0.1347,0.1364,28112325.3
2025-07-27 20:00:00,0.1365,0.1386,0.1353,0.1377,16829428.2
2025-07-28 00:00:00,0.1378,0.1393,0.1357,0.1383,22622096.4
2025-07-28 04:00:00,0.1383,0.1415,0.1371,0.1399,44518439.9
2025-07-28 08:00:00,0.1398,0.1421,0.1378,0.1389,29656210.4
2025-07-28 12:00:00,0.139,0.1391,0.1315,0.1326,47665177.3
2025-07-28 16:00:00,0.1326,0.1335,0.129,0.1299,35755316.9
2025-07-28 20:00:00,0.13,0.1306,0.1273,0.1287,33330504.5
2025-07-29 00:00:00,0.1287,0.1297,0.1249,0.1281,34558568.9
2025-07-29 04:00:00,0.1281,0.134,0.1272,0.1336,30070015.3
2025-07-29 08:00:00,0.1336,0.1349,0.1294,0.1306,39138010.8
2025-07-29 12:00:00,0.1305,0.1327,0.1261,0.1275,37322994.1
2025-07-29 16:00:00,0.1275,0.1292,0.1246,0.1259,39859340.7
2025-07-29 20:00:00,0.1259,0.1281,0.1239,0.1273,28076375.5
2025-07-30 00:00:00,0.1274,0.128,0.1243,0.1267,17248155.9
2025-07-30 04:00:00,0.1268,0.1275,0.1249,0.1258,18083106.6
2025-07-30 08:00:00,0.1258,0.1272,0.1206,0.1217,48999791.3
2025-07-30 12:00:00,0.1216,0.1249,0.1204,0.1234,53990355.8
2025-07-30 16:00:00,0.1235,0.1252,0.1158,0.123,72665370.8
2025-07-30 20:00:00,0.1231,0.1245,0.1207,0.1237,25456449.3
2025-07-31 00:00:00,0.1236,0.1264,0.1233,0.1258,23053281.9
2025-07-31 04:00:00,0.1259,0.1274,0.1255,0.1266,19016299.2
2025-07-31 08:00:00,0.1266,0.1273,0.125,0.1254,14965904.6
2025-07-31 12:00:00,0.1254,0.1257,0.1199,0.1219,39825042.7
2025-07-31 16:00:00,0.1219,0.1251,0.1196,0.1203,27371067.2
2025-07-31 20:00:00,0.1202,0.1205,0.1152,0.1159,38588442.3
2025-08-01 00:00:00,0.1159,0.1162,0.1117,0.1154,51352399.7
2025-08-01 04:00:00,0.1155,0.1155,0.1125,0.1135,30402537.7
2025-08-01 08:00:00,0.1135,0.1149,0.1108,0.1146,34997707.1
2025-08-01 12:00:00,0.1146,0.1163,0.1115,0.1158,45187053.5
2025-08-01 16:00:00,0.1158,0.1167,0.1124,0.1164,33313785.8
2025-08-01 20:00:00,0.1164,0.1167,0.1091,0.1132,52540266.1
2025-08-02 00:00:00,0.1132,0.1152,0.1128,0.1149,14075262.1
2025-08-02 04:00:00,0.115,0.1155,0.1115,0.1144,22173601.0
2025-08-02 08:00:00,0.1144,0.1148,0.112,0.1133,18359042.9
2025-08-02 12:00:00,0.1132,0.1143,0.1105,0.1109,23983520.8
2025-08-02 16:00:00,0.111,0.112,0.1078,0.1102,47210909.1
2025-08-02 20:00:00,0.1102,0.1121,0.1096,0.1104,18192360.0
2025-08-03 00:00:00,0.1104,0.1126,0.1088,0.1121,18496673.4
2025-08-03 04:00:00,0.1121,0.1144,0.1115,0.1144,19422400.7
2025-08-03 08:00:00,0.1143,0.116,0.1135,0.1151,15182026.0
2025-08-03 12:00:00,0.115,0.1161,0.1145,0.1155,17485786.6
2025-08-03 16:00:00,0.1154,0.1174,0.1149,0.1164,13590411.4
2025-08-03 20:00:00,0.1165,0.1175,0.116,0.1162,17120627.5
2025-08-04 00:00:00,0.1162,0.1187,0.116,0.1172,17288373.8
2025-08-04 04:00:00,0.1172,0.1179,0.1165,0.1173,13559552.7
2025-08-04 08:00:00,0.1173,0.1178,0.1156,0.1161,17144173.4
2025-08-04 12:00:00,0.1162,0.1195,0.1158,0.1188,27048301.4
2025-08-04 16:00:00,0.1187,0.1213,0.1184,0.1191,23155921.1
2025-08-04 20:00:00,0.1191,0.1216,0.1188,0.121,15388924.2
2025-08-05 00:00:00,0.1209,0.1211,0.1179,0.118,16201711.7
2025-08-05 04:00:00,0.1181,0.1191,0.1157,0.1161,25025349.2
2025-08-05 08:00:00,0.1161,0.1204,0.1157,0.1201,20547002.2
2025-08-05 12:00:00,0.1202,0.1207,0.1137,0.1142,53496457.6
2025-08-05 16:00:00,0.1141,0.1159,0.1136,0.1143,23587397.2
2025-08-05 20:00:00,0.1143,0.1159,0.1123,0.1157,17466934.3
2025-08-06 00:00:00,0.1157,0.1158,0.1123,0.1125,17313164.1
2025-08-06 04:00:00,0.1125,0.1166,0.1119,0.1164,21336775.0
2025-08-06 08:00:00,0.1164,0.1167,0.1147,0.1153,20844497.5
2025-08-06 12:00:00,0.1154,0.1187,0.1142,0.1184,30511358.8
2025-08-06 16:00:00,0.1185,0.1192,0.1169,0.118,21179425.8
2025-08-06 20:00:00,0.118,0.1182,0.1171,0.1174,10043549.8
2025-08-07 00:00:00,0.1174,0.1192,0.1171,0.1171,11620526.5
2025-08-07 04:00:00,0.1171,0.1202,0.1169,0.1198,24178012.4
2025-08-07 08:00:00,0.1198,0.1245,0.1198,0.1243,37171882.6
2025-08-07 12:00:00,0.1243,0.125,0.1222,0.1233,30463663.4
2025-08-07 16:00:00,0.1233,0.1242,0.1203,0.1242,25677243.8
2025-08-07 20:00:00,0.1243,0.1268,0.124,0.1264,24595349.8
2025-08-08 00:00:00,0.1265,0.1287,0.1247,0.1266,53770191.6
2025-08-08 04:00:00,0.1266,0.1282,0.1247,0.1278,17151347.7
2025-08-08 08:00:00,0.1278,0.1288,0.1263,0.1278,17079898.5
2025-08-08 12:00:00,0.1278,0.1294,0.1249,0.1265,40078017.9
2025-08-08 16:00:00,0.1266,0.1312,0.1259,0.1309,31087157.4
2025-08-08 20:00:00,0.131,0.1312,0.1293,0.1296,12573564.4
2025-08-09 00:00:00,0.1296,0.1304,0.1291,0.1298,9402644.7
2025-08-09 04:00:00,0.1298,0.1357,0.1294,0.1352,33722656.6
2025-08-09 08:00:00,0.1353,0.1375,0.1346,0.1359,22830612.9
2025-08-09 12:00:00,0.136,0.1373,0.1337,0.1366,22465002.9
2025-08-09 16:00:00,0.1365,0.14,0.1358,0.1392,20945839.5
2025-08-09 20:00:00,0.1392,0.1416,0.1374,0.1379,29074319.4
2025-08-10 00:00:00,0.1378,0.1402,0.1368,0.1388,25978677.0
2025-08-10 04:00:00,0.1388,0.1407,0.1334,0.1338,26509768.4
2025-08-10 08:00:00,0.1338,0.135,0.1318,0.1323,27382505.4
2025-08-10 12:00:00,0.1324,0.136,0.1316,0.1346,25206964.1
2025-08-10 16:00:00,0.1345,0.1382,0.1343,0.1367,20893450.4
2025-08-10 20:00:00,0.1368,0.137,0.134,0.1366,20067413.7
2025-08-11 00:00:00,0.1366,0.1409,0.1355,0.1404,27997636.3
2025-08-11 04:00:00,0.1404,0.1416,0.1354,0.1357,23011706.1
2025-08-11 08:00:00,0.1356,0.1374,0.1295,0.1303,43119919.3
2025-08-11 12:00:00,0.1303,0.1338,0.1287,0.1327,57866925.6
2025-08-11 16:00:00,0.1326,0.1348,0.1293,0.1304,45648585.3
2025-08-11 20:00:00,0.1304,0.1305,0.1259,0.1279,32948026.0
2025-08-12 00:00:00,0.1279,0.1312,0.1277,0.1291,22208953.7
2025-08-12 04:00:00,0.1291,0.1302,0.1264,0.1299,23865687.2
2025-08-12 08:00:00,0.13,0.13,0.1256,0.1274,27455127.4
2025-08-12 12:00:00,0.1273,0.1355,0.1268,0.1352,57770190.0
2025-08-12 16:00:00,0.1353,0.1387,0.1346,0.1379,38260477.8
2025-08-12 20:00:00,0.1379,0.1405,0.1376,0.1395,29547747.9
2025-08-13 00:00:00,0.1396,0.1413,0.1366,0.14,29839465.1
2025-08-13 04:00:00,0.1401,0.1411,0.1373,0.1408,27353905.5
2025-08-13 08:00:00,0.1408,0.1492,0.1407,0.1489,65340574.2
2025-08-13 12:00:00,0.1489,0.1522,0.1455,0.1498,109017851.1
2025-08-13 16:00:00,0.1498,0.1512,0.1465,0.1487,52965135.4
2025-08-13 20:00:00,0.1486,0.1525,0.1467,0.1505,41195034.7
2025-08-14 00:00:00,0.1506,0.1507,0.1467,0.1498,35935383.6
2025-08-14 04:00:00,0.1498,0.1512,0.1438,0.1451,53217226.8
2025-08-14 08:00:00,0.1452,0.1452,0.1415,0.1426,62299650.7
2025-08-14 12:00:00,0.1426,0.1433,0.1304,0.1354,164737539.8
2025-08-14 16:00:00,0.1354,0.1354,0.1308,0.1326,48054612.3
2025-08-14 20:00:00,0.1325,0.1327,0.1284,0.1314,30120100.6
2025-08-15 00:00:00,0.1315,0.1347,0.1309,0.1339,20075975.8
2025-08-15 04:00:00,0.1339,0.1359,0.1326,0.1344,22050903.2
2025-08-15 08:00:00,0.1344,0.1351,0.1318,0.1331,21921870.7
2025-08-15 12:00:00,0.133,0.1351,0.126,0.1271,83119484.8
2025-08-15 16:00:00,0.1271,0.1298,0.1254,0.1279,41423451.9
2025-08-15 20:00:00,0.1278,0.1335,0.1272,0.1317,23516794.1
2025-08-16 00:00:00,0.1317,0.1346,0.1315,0.1334,16347365.3
2025-08-16 04:00:00,0.1334,0.1353,0.1328,0.1343,17430642.4
2025-08-16 08:00:00,0.1342,0.1347,0.1318,0.1332,19578080.5
2025-08-16 12:00:00,0.1332,0.1395,0.133,0.1384,40051970.7
2025-08-16 16:00:00,0.1385,0.1395,0.1373,0.1376,28322234.6
2025-08-16 20:00:00,0.1377,0.1391,0.137,0.1375,15168502.8
2025-08-17 00:00:00,0.1375,0.1396,0.1365,0.1387,16507928.1
2025-08-17 04:00:00,0.1387,0.1426,0.1384,0.1408,36023042.1
2025-08-17 08:00:00,0.1409,0.1452,0.1404,0.1429,45536771.9
2025-08-17 12:00:00,0.143,0.1448,0.1411,0.1447,30548819.2
2025-08-17 16:00:00,0.1447,0.1464,0.1387,0.1394,33114065.4
2025-08-17 20:00:00,0.1395,0.142,0.1393,0.1396,13295386.9
2025-08-18 00:00:00,0.1397,0.1402,0.1336,0.1356,43317016.1
2025-08-18 04:00:00,0.1357,0.1375,0.132,0.1329,28774099.8
2025-08-18 08:00:00,0.1329,0.1342,0.131,0.1335,32003549.6
2025-08-18 12:00:00,0.1335,0.1371,0.1326,0.1349,42068684.6
2025-08-18 16:00:00,0.135,0.1361,0.1329,0.1345,22763150.2
2025-08-18 20:00:00,0.1344,0.1363,0.133,0.1335,16855193.3
2025-08-19 00:00:00,0.1334,0.136,0.1301,0.1307,32060457.9
2025-08-19 04:00:00,0.1307,0.1326,0.1295,0.1314,23058840.1
2025-08-19 08:00:00,0.1314,0.1353,0.1302,0.1351,25735388.2
2025-08-19 12:00:00,0.1351,0.1355,0.1303,0.1324,40179551.2
2025-08-19 16:00:00,0.1325,0.1346,0.1307,0.1329,38396607.7
2025-08-19 20:00:00,0.1329,0.1335,0.129,0.1294,23954913.9
2025-08-20 00:00:00,0.1294,0.1319,0.1279,0.1306,27059180.3
2025-08-20 04:00:00,0.1307,0.1329,0.1306,0.1316,21712741.8
2025-08-20 08:00:00,0.1317,0.1355,0.1314,0.1334,24779299.6
2025-08-20 12:00:00,0.1334,0.1375,0.1292,0.1361,53731930.7
2025-08-20 16:00:00,0.136,0.1389,0.135,0.1388,33687139.7
2025-08-20 20:00:00,0.1387,0.1392,0.1371,0.1388,13929220.4
2025-08-21 00:00:00,0.1387,0.14,0.137,0.1381,20929653.5
2025-08-21 04:00:00,0.1381,0.1385,0.1352,0.1365,16330718.0
2025-08-21 08:00:00,0.1366,0.1368,0.133,0.1335,24448566.9
2025-08-21 12:00:00,0.1335,0.1345,0.1295,0.1298,57517598.7
2025-08-21 16:00:00,0.1298,0.1311,0.1278,0.1283,44106751.0
2025-08-21 20:00:00,0.1283,0.13,0.1277,0.1284,18204728.1
2025-08-22 00:00:00,0.1285,0.1307,0.127,0.1281,22582314.8
2025-08-22 04:00:00,0.128,0.1294,0.1264,0.128,31516845.2
2025-08-22 08:00:00,0.1281,0.1291,0.1243,0.1244,36410428.3
2025-08-22 12:00:00,0.1244,0.1361,0.1219,0.1343,138781817.5
2025-08-22 16:00:00,0.1343,0.1416,0.1343,0.1399,78100945.5
2025-08-22 20:00:00,0.14,0.1431,0.1398,0.1414,39832641.6
2025-08-23 00:00:00,0.1414,0.1422,0.1362,0.1376,35684161.3
2025-08-23 04:00:00,0.1375,0.141,0.1365,0.137,28559802.0
2025-08-23 08:00:00,0.1369,0.1386,0.1366,0.1372,20798921.5
2025-08-23 12:00:00,0.1371,0.1395,0.1364,0.1387,24132954.6
2025-08-23 16:00:00,0.1387,0.1449,0.1373,0.1447,30669460.8
2025-08-23 20:00:00,0.1448,0.146,0.1404,0.1433,37550281.0
2025-08-24 00:00:00,0.1434,0.1453,0.1402,0.1413,25673090.9
2025-08-24 04:00:00,0.1414,0.1421,0.137,0.1376,25537161.7
2025-08-24 08:00:00,0.1375,0.1382,0.1351,0.1363,28351898.8
2025-08-24 12:00:00,0.1362,0.1402,0.1359,0.1382,28951832.0
2025-08-24 16:00:00,0.1383,0.1468,0.1376,0.1415,103177099.0
2025-08-24 20:00:00,0.1415,0.1432,0.1374,0.1396,66583662.3
2025-08-25 00:00:00,0.1396,0.1428,0.1365,0.141,29406316.4
2025-08-25 04:00:00,0.141,0.1413,0.132,0.1325,43615355.3
2025-08-25 08:00:00,0.1326,0.1334,0.1298,0.1315,42522600.8
2025-08-25 12:00:00,0.1314,0.1325,0.1295,0.1301,44460027.1
2025-08-25 16:00:00,0.1301,0.1313,0.125,0.1254,51800312.5
2025-08-25 20:00:00,0.1254,0.1262,0.1226,0.1254,60958146.5
2025-08-26 00:00:00,0.1254,0.1273,0.1238,0.1257,29114364.3
2025-08-26 04:00:00,0.1257,0.1276,0.125,0.1268,27730482.5
2025-08-26 08:00:00,0.1267,0.1277,0.1253,0.126,17548129.9
2025-08-26 12:00:00,0.1261,0.1296,0.1252,0.1272,58059720.3
2025-08-26 16:00:00,0.1272,0.1308,0.1269,0.1306,24937878.4
2025-08-26 20:00:00,0.1307,0.1319,0.1291,0.1304,24642594.0
2025-08-27 00:00:00,0.1304,0.132,0.1285,0.1314,21095631.6
2025-08-27 04:00:00,0.1314,0.1327,0.1289,0.1295,20342673.3
2025-08-27 08:00:00,0.1295,0.1308,0.1287,0.1304,16685167.3
2025-08-27 12:00:00,0.1303,0.1317,0.1287,0.1307,37651603.9
2025-08-27 16:00:00,0.1306,0.1324,0.1289,0.13,26985782.7
2025-08-27 20:00:00,0.13,0.1324,0.1285,0.1297,37060877.0
2025-08-28 00:00:00,0.1296,0.1322,0.1285,0.1316,21874254.5
2025-08-28 04:00:00,0.1317,0.1333,0.1313,0.1332,14424295.9
2025-08-28 08:00:00,0.1332,0.1347,0.1322,0.133,19146910.7
2025-08-28 12:00:00,0.1331,0.1367,0.1324,0.1333,50477262.7
2025-08-28 16:00:00,0.1333,0.134,0.1306,0.1308,23610050.7
2025-08-28 20:00:00,0.1308,0.1345,0.1306,0.1337,15303229.0
2025-08-29 00:00:00,0.1338,0.1341,0.131,0.1328,19511127.7
2025-08-29 04:00:00,0.1327,0.1341,0.1282,0.1285,29874874.3
2025-08-29 08:00:00,0.1285,0.1292,0.1256,0.1273,32887922.2
2025-08-29 12:00:00,0.1273,0.1311,0.1256,0.127,60244379.4
2025-08-29 16:00:00,0.127,0.1275,0.1241,0.1257,32513265.4
2025-08-29 20:00:00,0.1256,0.127,0.1241,0.1267,22702923.7
2025-08-30 00:00:00,0.1268,0.1276,0.1232,0.1268,27142940.2
2025-08-30 04:00:00,0.1269,0.1286,0.1266,0.1286,12579535.8
2025-08-30 08:00:00,0.1285,0.1287,0.1275,0.1282,10493617.3
2025-08-30 12:00:00,0.1282,0.1287,0.1255,0.1282,18940215.1
2025-08-30 16:00:00,0.1283,0.1283,0.1267,0.1275,12662524.4
2025-08-30 20:00:00,0.1275,0.128,0.1265,0.1278,7060987.2
2025-08-31 00:00:00,0.1278,0.13,0.1276,0.13,17737939.4
2025-08-31 04:00:00,0.13,0.1302,0.1277,0.128,21195895.9
2025-08-31 08:00:00,0.128,0.1297,0.1273,0.1286,15643794.0
2025-08-31 12:00:00,0.1287,0.129,0.127,0.1282,15227548.2
2025-08-31 16:00:00,0.1281,0.1289,0.1273,0.1277,14328113.0
2025-08-31 20:00:00,0.1278,0.1288,0.1254,0.1255,14969579.0
2025-09-01 00:00:00,0.1255,0.1259,0.1228,0.1236,23702589.9
2025-09-01 04:00:00,0.1235,0.1269,0.1217,0.1269,23473533.9
2025-09-01 08:00:00,0.1269,0.1297,0.1245,0.1246,40206691.6
2025-09-01 12:00:00,0.1247,0.126,0.1227,0.1229,26802149.3
2025-09-01 16:00:00,0.1229,0.1234,0.1215,0.1233,31240212.0
2025-09-01 20:00:00,0.1233,0.1233,0.1196,0.1213,54006881.8
2025-09-02 00:00:00,0.1213,0.1239,0.1206,0.1232,16898175.1
2025-09-02 04:00:00,0.1233,0.1247,0.1225,0.1228,21337259.9
2025-09-02 08:00:00,0.1229,0.1238,0.1225,0.1228,20978660.6
2025-09-02 12:00:00,0.1228,0.1251,0.1201,0.1209,60344040.5
2025-09-02 16:00:00,0.1209,0.1226,0.1207,0.1212,27184954.8
2025-09-02 20:00:00,0.1213,0.1242,0.121,0.1235,19731805.3
2025-09-03 00:00:00,0.1236,0.1246,0.1227,0.1237,12873967.1
2025-09-03 04:00:00,0.1238,0.1239,0.1211,0.1219,17283069.6
2025-09-03 08:00:00,0.1218,0.1238,0.1214,0.1231,13161591.1
2025-09-03 12:00:00,0.1232,0.1255,0.1221,0.1252,22207547.4
2025-09-03 16:00:00,0.1252,0.1257,0.1241,0.1251,10061662.1
2025-09-03 20:00:00,0.1251,0.1254,0.1239,0.1241,10513843.6
2025-09-04 00:00:00,0.1242,0.1248,0.1213,0.1214,21245202.8
2025-09-04 04:00:00,0.1214,0.122,0.1204,0.1209,21916318.6
2025-09-04 08:00:00,0.1209,0.1218,0.1204,0.1209,19484906.2
2025-09-04 12:00:00,0.1209,0.1216,0.1197,0.1201,41067044.9
2025-09-04 16:00:00,0.12,0.1203,0.1177,0.1188,46813907.0
2025-09-04 20:00:00,0.1188,0.1215,0.1187,0.1198,17787600.5
2025-09-05 00:00:00,0.1197,0.1211,0.1196,0.1211,15700064.2
2025-09-05 04:00:00,0.1211,0.1238,0.1207,0.1237,19007944.0
2025-09-05 08:00:00,0.1237,0.1243,0.1226,0.1236,23477785.2
2025-09-05 12:00:00,0.1236,0.1259,0.1211,0.1223,61589509.0
2025-09-05 16:00:00,0.1223,0.1239,0.1215,0.1238,14421697.4
2025-09-05 20:00:00,0.1239,0.1247,0.1231,0.1243,19270148.8
2025-09-06 00:00:00,0.1242,0.125,0.1237,0.1244,14136320.4
2025-09-06 04:00:00,0.1244,0.1244,0.1223,0.1227,10516102.1
2025-09-06 08:00:00,0.1228,0.1229,0.1215,0.122,10892973.0
2025-09-06 12:00:00,0.122,0.1228,0.121,0.1211,16853196.4
2025-09-06 16:00:00,0.1212,0.1224,0.1201,0.1205,20113651.3
2025-09-06 20:00:00,0.1205,0.122,0.1204,0.1215,14709975.6
2025-09-07 00:00:00,0.1216,0.1235,0.1215,0.1232,14886993.1
2025-09-07 04:00:00,0.1233,0.124,0.1226,0.1228,12921537.2
2025-09-07 08:00:00,0.1228,0.1237,0.122,0.1237,10386335.1
2025-09-07 12:00:00,0.1236,0.1244,0.1232,0.1238,13573357.2
2025-09-07 16:00:00,0.1239,0.1242,0.1226,0.1235,12343626.8
2025-09-07 20:00:00,0.1236,0.1252,0.1232,0.1241,10199086.7
2025-09-08 00:00:00,0.1241,0.126,0.1232,0.1252,20706251.2
2025-09-08 04:00:00,0.1251,0.1252,0.1237,0.1242,16786073.2
2025-09-08 08:00:00,0.1242,0.1268,0.1242,0.1254,23028444.9
2025-09-08 12:00:00,0.1254,0.1291,0.1252,0.1285,31476018.2
2025-09-08 16:00:00,0.1284,0.1289,0.1268,0.1274,22908458.1
2025-09-08 20:00:00,0.1275,0.1289,0.1261,0.1279,11605942.4
2025-09-09 00:00:00,0.128,0.1299,0.1264,0.1287,19508692.0
2025-09-09 04:00:00,0.1286,0.1346,0.1281,0.1338,34207440.6
2025-09-09 08:00:00,0.1339,0.1361,0.1337,0.1342,52032988.1
2025-09-09 12:00:00,0.1343,0.1357,0.1278,0.1289,53108848.3
2025-09-09 16:00:00,0.129,0.1304,0.1274,0.1301,32640502.0
2025-09-09 20:00:00,0.13,0.131,0.1288,0.1308,18626616.5
2025-09-10 00:00:00,0.1308,0.133,0.1295,0.1323,18400925.4
2025-09-10 04:00:00,0.1323,0.1324,0.1294,0.1309,29678675.5
2025-09-10 08:00:00,0.1309,0.1321,0.1302,0.1312,17871229.7
2025-09-10 12:00:00,0.1312,0.1353,0.1311,0.1339,36032333.4
2025-09-10 16:00:00,0.1339,0.1344,0.1306,0.1315,26510540.4
2025-09-10 20:00:00,0.1316,0.1336,0.1309,0.1331,17186816.7
2025-09-11 00:00:00,0.1332,0.1353,0.133,0.1352,12230748.6
2025-09-11 04:00:00,0.1353,0.1373,0.1332,0.1362,26000426.8
2025-09-11 08:00:00,0.1362,0.1369,0.1338,0.1339,20338388.5
2025-09-11 12:00:00,0.1339,0.1361,0.1317,0.132,48399956.7
2025-09-11 16:00:00,0.132,0.1343,0.1318,0.134,14672519.6
2025-09-11 20:00:00,0.134,0.1354,0.1335,0.1353,13417156.8
2025-09-12 00:00:00,0.1353,0.1371,0.1347,0.1353,15551533.0
2025-09-12 04:00:00,0.1353,0.1368,0.1347,0.1351,15971063.8
2025-09-12 08:00:00,0.1351,0.1351,0.132,0.1326,19471453.4
2025-09-12 12:00:00,0.1326,0.1353,0.1319,0.1334,25740403.2
2025-09-12 16:00:00,0.1334,0.1377,0.1332,0.1364,29991022.4
2025-09-12 20:00:00,0.1364,0.1368,0.1351,0.1362,19426795.1
2025-09-13 00:00:00,0.1363,0.1376,0.1356,0.1375,15599018.5
2025-09-13 04:00:00,0.1374,0.1387,0.1362,0.1373,17134910.8
2025-09-13 08:00:00,0.1373,0.1418,0.1373,0.1402,35557903.8
2025-09-13 12:00:00,0.1403,0.1413,0.1367,0.1378,45944727.9
2025-09-13 16:00:00,0.1379,0.1386,0.1343,0.1365,33858806.0
2025-09-13 20:00:00,0.1364,0.1386,0.1363,0.138,14449007.9
2025-09-14 00:00:00,0.1381,0.1384,0.1342,0.1345,24517827.3
2025-09-14 04:00:00,0.1346,0.1358,0.1332,0.1344,18220084.2
2025-09-14 08:00:00,0.1344,0.1354,0.132,0.1322,26558623.1
2025-09-14 12:00:00,0.1323,0.1329,0.13,0.1312,37519147.7
2025-09-14 16:00:00,0.1312,0.133,0.131,0.1319,17023910.9
2025-09-14 20:00:00,0.132,0.1334,0.1311,0.1316,15502109.7
2025-09-15 00:00:00,0.1315,0.1332,0.1294,0.1328,17950545.6
2025-09-15 04:00:00,0.1328,0.1391,0.1325,0.1358,71316024.2
2025-09-15 08:00:00,0.1358,0.1451,0.1329,0.1376,290757525.3
2025-09-15 12:00:00,0.1377,0.1388,0.1307,0.1319,127926431.1
2025-09-15 16:00:00,0.1319,0.1319,0.1287,0.1302,47439041.6
2025-09-15 20:00:00,0.1301,0.1329,0.1299,0.1314,26966865.2
2025-09-16 00:00:00,0.1313,0.1313,0.1281,0.1283,36298332.4
2025-09-16 04:00:00,0.1283,0.1307,0.1275,0.1294,50844542.6
2025-09-16 08:00:00,0.1294,0.1328,0.1292,0.1317,66307539.6
2025-09-16 12:00:00,0.1318,0.1342,0.1302,0.1342,49819921.6
2025-09-16 16:00:00,0.1342,0.1349,0.1326,0.1348,26860233.3
2025-09-16 20:00:00,0.1347,0.1368,0.1343,0.1351,24291300.1
2025-09-17 00:00:00,0.1352,0.1366,0.1339,0.1341,20388132.7
2025-09-17 04:00:00,0.1342,0.135,0.1326,0.1345,17974189.8
2025-09-17 08:00:00,0.1344,0.1346,0.1311,0.132,21939732.8
2025-09-17 12:00:00,0.1319,0.1331,0.1309,0.1312,23890428.7
2025-09-17 16:00:00,0.1311,0.1358,0.1299,0.1355,57676854.8
2025-09-17 20:00:00,0.1356,0.1389,0.1332,0.1378,35134210.2
2025-09-18 00:00:00,0.1379,0.14,0.137,0.1393,26273082.7
2025-09-18 04:00:00,0.1394,0.1396,0.136,0.137,29680297.8
2025-09-18 08:00:00,0.1368,0.1389,0.1365,0.1382,29744386.1
2025-09-18 12:00:00,0.1382,0.1406,0.1373,0.1396,36040294.6
2025-09-18 16:00:00,0.1396,0.1407,0.1371,0.1382,60914835.3
2025-09-18 20:00:00,0.1382,0.1395,0.1366,0.1372,33045013.1
2025-09-19 00:00:00,0.1373,0.1396,0.1339,0.1344,47975438.1
2025-09-19 04:00:00,0.1344,0.1351,0.1325,0.1336,41650831.7
2025-09-19 08:00:00,0.1335,0.134,0.1307,0.1313,29403987.3
2025-09-19 12:00:00,0.1312,0.1328,0.1292,0.1308,34296275.5
2025-09-19 16:00:00,0.1308,0.1316,0.1286,0.1289,25619099.3
2025-09-19 20:00:00,0.1288,0.1294,0.1263,0.1278,30628503.3
2025-09-20 00:00:00,0.1277,0.1291,0.1267,0.1289,19965309.4
2025-09-20 04:00:00,0.1289,0.1315,0.1285,0.1312,22985860.0
2025-09-20 08:00:00,0.1312,0.1314,0.1285,0.1296,21794108.2
2025-09-20 12:00:00,0.1296,0.1335,0.1293,0.1329,24121543.8
2025-09-20 16:00:00,0.1329,0.1333,0.1298,0.1302,25216884.9
2025-09-20 20:00:00,0.1301,0.1317,0.1296,0.1298,10253787.3
2025-09-21 00:00:00,0.1298,0.1308,0.1288,0.1307,18640071.6
2025-09-21 04:00:00,0.1306,0.1325,0.1299,0.1313,20466737.4
2025-09-21 08:00:00,0.1313,0.1318,0.1286,0.1296,30046696.7
2025-09-21 12:00:00,0.1295,0.1314,0.1294,0.1299,24441337.7
2025-09-21 16:00:00,0.1298,0.1319,0.1291,0.1306,28312468.7
2025-09-21 20:00:00,0.1306,0.131,0.1286,0.1287,15074132.7
2025-09-22 00:00:00,0.1287,0.1296,0.1223,0.1242,67208603.7
2025-09-22 04:00:00,0.1242,0.1256,0.1077,0.1196,155166687.7
2025-09-22 08:00:00,0.1196,0.1199,0.1173,0.1188,50277643.1
2025-09-22 12:00:00,0.1188,0.1194,0.116,0.1167,41549898.0
2025-09-22 16:00:00,0.1168,0.1173,0.1152,0.1158,32260058.3
2025-09-22 20:00:00,0.1158,0.119,0.1157,0.1189,15775879.4
2025-09-23 00:00:00,0.1188,0.119,0.1149,0.1174,30694247.8
2025-09-23 04:00:00,0.1174,0.1198,0.1161,0.1189,26304607.2
2025-09-23 08:00:00,0.119,0.1209,0.1188,0.1206,26119149.8
2025-09-23 12:00:00,0.1206,0.1213,0.1186,0.1203,37359019.9
2025-09-23 16:00:00,0.1202,0.1216,0.1167,0.1169,31595191.6
2025-09-23 20:00:00,0.117,0.119,0.1153,0.1176,57439144.8
2025-09-24 00:00:00,0.1176,0.1202,0.1168,0.1173,28575178.9
2025-09-24 04:00:00,0.1173,0.1219,0.1154,0.1219,40905915.8
2025-09-24 08:00:00,0.1219,0.1236,0.1209,0.1235,22929268.1
2025-09-24 12:00:00,0.1236,0.1249,0.1224,0.1227,35478715.1
2025-09-24 16:00:00,0.1228,0.1239,0.1221,0.1226,18086273.4
2025-09-24 20:00:00,0.1225,0.1238,0.1218,0.1232,14435955.1
2025-09-25 00:00:00,0.1232,0.1233,0.119,0.1203,32063932.0
2025-09-25 04:00:00,0.1203,0.1205,0.1176,0.1179,33245724.9
2025-09-25 08:00:00,0.1178,0.1198,0.1167,0.1172,26207671.7
2025-09-25 12:00:00,0.1171,0.1204,0.1149,0.1184,58182555.4
2025-09-25 16:00:00,0.1183,0.1187,0.1117,0.1156,171989863.2
2025-09-25 20:00:00,0.1157,0.116,0.113,0.1141,33918568.8
2025-09-26 00:00:00,0.1141,0.116,0.1134,0.1155,28950131.6
2025-09-26 04:00:00,0.1156,0.1168,0.1146,0.116,27016979.3
2025-09-26 08:00:00,0.1159,0.1172,0.1134,0.1143,33196580.1
2025-09-26 12:00:00,0.1143,0.1172,0.1129,0.1167,45425414.6
2025-09-26 16:00:00,0.1167,0.12,0.1165,0.1185,30610107.5
2025-09-26 20:00:00,0.1185,0.1193,0.118,0.1189,9797239.9
2025-09-27 00:00:00,0.1188,0.1198,0.1181,0.1191,14640685.9
2025-09-27 04:00:00,0.1191,0.1202,0.1187,0.1196,11869270.8
2025-09-27 08:00:00,0.1197,0.121,0.1178,0.1201,21381254.5
2025-09-27 12:00:00,0.1202,0.1215,0.1188,0.1213,22086321.3
2025-09-27 16:00:00,0.1213,0.122,0.1189,0.1219,29627018.6
2025-09-27 20:00:00,0.122,0.1229,0.1205,0.1212,15651751.4
2025-09-28 00:00:00,0.1212,0.1218,0.1194,0.1207,15403732.8
2025-09-28 04:00:00,0.1206,0.1208,0.1188,0.1196,18210253.4
2025-09-28 08:00:00,0.1196,0.1199,0.1181,0.1191,16976577.6
2025-09-28 12:00:00,0.1192,0.1208,0.1178,0.1205,19988921.1
2025-09-28 16:00:00,0.1204,0.1218,0.1201,0.1208,19741198.8
2025-09-28 20:00:00,0.1209,0.124,0.1206,0.1232,18317961.0
2025-09-29 00:00:00,0.1233,0.1233,0.1217,0.1222,14413351.2
2025-09-29 04:00:00,0.1221,0.1223,0.1207,0.1215,12181046.1
2025-09-29 08:00:00,0.1216,0.1233,0.1212,0.1221,32503818.1
2025-09-29 12:00:00,0.1222,0.1249,0.1201,0.1233,35129414.4
2025-09-29 16:00:00,0.1232,0.1248,0.1217,0.1245,20491302.0
2025-09-29 20:00:00,0.1245,0.127,0.1245,0.1249,30820758.9
2025-09-30 00:00:00,0.1248,0.1256,0.1224,0.1238,33419084.5
2025-09-30 04:00:00,0.1239,0.1343,0.1238,0.1322,166175175.3
2025-09-30 08:00:00,0.1323,0.137,0.1298,0.1368,153065416.1
2025-09-30 12:00:00,0.1367,0.1426,0.1332,0.1374,310979205.8
2025-09-30 16:00:00,0.1374,0.1434,0.1354,0.1407,222588579.2
2025-09-30 20:00:00,0.1407,0.1425,0.1372,0.1397,103573658.8
2025-10-01 00:00:00,0.1398,0.1423,0.1356,0.139,111712738.3
2025-10-01 04:00:00,0.139,0.1482,0.139,0.1429,183716725.2
2025-10-01 08:00:00,0.1429,0.1519,0.1422,0.1458,153953530.3
2025-10-01 12:00:00,0.1457,0.1462,0.1428,0.1446,68689995.6
2025-10-01 16:00:00,0.1445,0.1497,0.1435,0.1485,76948973.8
2025-10-01 20:00:00,0.1485,0.1599,0.1481,0.1589,164112371.8
2025-10-02 00:00:00,0.1589,0.1604,0.1526,0.1534,77596637.3
2025-10-02 04:00:00,0.1533,0.1549,0.1516,0.1541,46577775.3
2025-10-02 08:00:00,0.154,0.1546,0.1518,0.1541,48821091.8
2025-10-02 12:00:00,0.1541,0.1578,0.152,0.1552,82755755.4
2025-10-02 16:00:00,0.1552,0.1568,0.1524,0.1546,51020851.9
2025-10-02 20:00:00,0.1545,0.1551,0.1479,0.149,70381421.5
2025-10-03 00:00:00,0.149,0.1491,0.1448,0.1469,55462974.7
2025-10-03 04:00:00,0.1468,0.1484,0.1438,0.1447,74318354.7
2025-10-03 08:00:00,0.1447,0.1472,0.1434,0.1469,39626534.5
2025-10-03 12:00:00,0.1469,0.1517,0.1459,0.1511,75985454.6
2025-10-03 16:00:00,0.1511,0.1538,0.1487,0.152,100590528.4
2025-10-03 20:00:00,0.152,0.1558,0.1515,0.1532,44213220.1
2025-10-04 00:00:00,0.1533,0.1542,0.1496,0.1511,35194577.3
2025-10-04 04:00:00,0.1511,0.1523,0.149,0.1495,29951161.5
2025-10-04 08:00:00,0.1495,0.15,0.1463,0.1472,31417820.3
2025-10-04 12:00:00,0.1471,0.1493,0.1446,0.145,45176882.8
2025-10-04 16:00:00,0.1451,0.1474,0.1449,0.1473,25496571.8
2025-10-04 20:00:00,0.1474,0.1493,0.147,0.1473,14971513.9
2025-10-05 00:00:00,0.1472,0.1506,0.1459,0.1492,31658840.6
2025-10-05 04:00:00,0.1493,0.1548,0.1492,0.1547,32021611.8
2025-10-05 08:00:00,0.1547,0.1557,0.1481,0.1495,61583531.8
2025-10-05 12:00:00,0.1495,0.1503,0.1476,0.1493,25714557.7
2025-10-05 16:00:00,0.1492,0.1513,0.1468,0.1482,34328069.3
2025-10-05 20:00:00,0.1483,0.1519,0.1478,0.1502,21722945.1
2025-10-06 00:00:00,0.1503,0.1527,0.1495,0.1502,38774892.7
2025-10-06 04:00:00,0.1501,0.1547,0.1473,0.152,47261776.7
2025-10-06 08:00:00,0.1521,0.1598,0.1504,0.1595,77102504.2
2025-10-06 12:00:00,0.1595,0.1788,0.1586,0.1778,310174209.1
2025-10-06 16:00:00,0.1779,0.1974,0.1776,0.188,387451115.4
2025-10-06 20:00:00,0.1879,0.1886,0.1789,0.1808,138268881.3
2025-10-07 00:00:00,0.1809,0.1869,0.1791,0.1834,109018054.5
2025-10-07 04:00:00,0.1833,0.1885,0.1806,0.1844,118774331.0
2025-10-07 08:00:00,0.1843,0.1847,0.1713,0.1768,161081666.2
2025-10-07 12:00:00,0.1768,0.178,0.167,0.1686,140286126.4
2025-10-07 16:00:00,0.1685,0.1709,0.1659,0.1693,96060892.9
2025-10-07 20:00:00,0.1693,0.1725,0.169,0.1708,40427889.9
2025-10-08 00:00:00,0.1708,0.1725,0.164,0.1646,51454790.0
2025-10-08 04:00:00,0.1647,0.1665,0.1605,0.1622,38536038.0
2025-10-08 08:00:00,0.1622,0.1646,0.1587,0.1594,52971089.7
2025-10-08 12:00:00,0.1593,0.1638,0.1584,0.161,63983705.3
2025-10-08 16:00:00,0.161,0.1679,0.1605,0.1646,60204205.0
2025-10-08 20:00:00,0.1646,0.1648,0.1616,0.1632,22675040.7
2025-10-09 00:00:00,0.1632,0.1635,0.1576,0.1603,37203391.1
2025-10-09 04:00:00,0.1603,0.162,0.1569,0.1577,35492819.3
2025-10-09 08:00:00,0.1576,0.158,0.1545,0.1562,42175578.5
2025-10-09 12:00:00,0.1563,0.159,0.1522,0.1533,63943439.1
2025-10-09 16:00:00,0.1534,0.1553,0.1515,0.1548,37187893.9
2025-10-09 20:00:00,0.1548,0.158,0.1543,0.157,18296534.8
2025-10-10 00:00:00,0.1569,0.1628,0.1565,0.1615,35566614.9
2025-10-10 04:00:00,0.1614,0.1723,0.1613,0.1694,150072375.0
2025-10-10 08:00:00,0.1695,0.1791,0.1668,0.1774,124875779.5
2025-10-10 12:00:00,0.1774,0.1777,0.1583,0.1642,143347418.4
2025-10-10 16:00:00,0.1642,0.1651,0.1562,0.1609,95472062.2
2025-10-10 20:00:00,0.1609,0.1627,0.0375,0.1109,615447175.4
2025-10-11 00:00:00,0.1109,0.1131,0.104,0.1101,150071333.2
2025-10-11 04:00:00,0.1102,0.124,0.1094,0.1209,187126567.6
2025-10-11 08:00:00,0.1208,0.1339,0.1198,0.1227,164358755.8
2025-10-11 12:00:00,0.1226,0.1234,0.1146,0.116,83716279.8
2025-10-11 16:00:00,0.116,0.1179,0.1115,0.113,69627137.7
2025-10-11 20:00:00,0.113,0.1172,0.1106,0.1154,83037005.0
2025-10-12 00:00:00,0.1154,0.1166,0.113,0.1144,67531156.2
2025-10-12 04:00:00,0.1144,0.1162,0.1124,0.1146,65281660.5
2025-10-12 08:00:00,0.1145,0.1157,0.1118,0.1125,56210582.8
2025-10-12 12:00:00,0.1124,0.1267,0.112,0.1254,148764618.8
2025-10-12 16:00:00,0.1254,0.1369,0.1244,0.1338,141620086.8
2025-10-12 20:00:00,0.1338,0.1346,0.129,0.1299,51698722.1
2025-10-13 00:00:00,0.1299,0.1328,0.1282,0.1314,47600436.9
2025-10-13 04:00:00,0.1314,0.1359,0.1301,0.1338,66599794.1
2025-10-13 08:00:00,0.1339,0.1363,0.1262,0.1283,93107549.3
2025-10-13 12:00:00,0.1283,0.1338,0.1268,0.1302,121733246.7
2025-10-13 16:00:00,0.1302,0.1344,0.1287,0.1335,51674946.3
2025-10-13 20:00:00,0.1335,0.1343,0.1316,0.1323,30422461.9
2025-10-14 00:00:00,0.1323,0.1329,0.1269,0.127,30922569.9
2025-10-14 04:00:00,0.127,0.1284,0.1185,0.1217,110400634.1
2025-10-14 08:00:00,0.1215,0.1235,0.1184,0.1213,65197371.7
2025-10-14 12:00:00,0.1214,0.1264,0.1184,0.1262,87721328.4
2025-10-14 16:00:00,0.1262,0.1287,0.1219,0.1263,92152527.8
2025-10-14 20:00:00,0.1264,0.1286,0.1254,0.1275,20197621.2
2025-10-15 00:00:00,0.1274,0.1281,0.1251,0.126,19819952.3
2025-10-15 04:00:00,0.1261,0.1295,0.1253,0.1292,27063779.3
2025-10-15 08:00:00,0.1292,0.1319,0.1251,0.1258,34499248.7
2025-10-15 12:00:00,0.1257,0.1264,0.1201,0.1214,71361084.6
2025-10-15 16:00:00,0.1215,0.122,0.119,0.1197,25315424.0
2025-10-15 20:00:00,0.1197,0.1203,0.1164,0.1186,36382226.0
2025-10-16 00:00:00,0.1187,0.1207,0.1179,0.1188,21038013.7
2025-10-16 04:00:00,0.1188,0.1219,0.1186,0.1204,22922068.9
2025-10-16 08:00:00,0.1204,0.1245,0.1166,0.1229,67691770.2
2025-10-16 12:00:00,0.1229,0.1255,0.1173,0.118,77193786.8
2025-10-16 16:00:00,0.1179,0.1213,0.1154,0.1166,64644251.9
2025-10-16 20:00:00,0.1166,0.1172,0.1137,0.116,27622926.2
2025-10-17 00:00:00,0.1159,0.1177,0.115,0.1167,21010044.8
2025-10-17 04:00:00,0.1167,0.1168,0.106,0.1066,81238309.5
2025-10-17 08:00:00,0.1067,0.1133,0.1044,0.1123,95519944.3
2025-10-17 12:00:00,0.1122,0.1129,0.1087,0.1117,62168563.4
2025-10-17 16:00:00,0.1118,0.1145,0.1099,0.1109,60133409.8
2025-10-17 20:00:00,0.1109,0.1119,0.1096,0.1099,23976620.3
2025-10-18 00:00:00,0.1099,0.1116,0.1096,0.1108,17515129.4
2025-10-18 04:00:00,0.1108,0.1128,0.1093,0.1107,22468512.1
2025-10-18 08:00:00,0.1107,0.1123,0.11,0.1116,29800840.4
2025-10-18 12:00:00,0.1115,0.1118,0.1081,0.1092,28334485.4
2025-10-18 16:00:00,0.1092,0.1105,0.1076,0.1097,18427328.8
2025-10-18 20:00:00,0.1096,0.1105,0.109,0.1101,10449388.0
2025-10-19 00:00:00,0.1102,0.1105,0.1089,0.11,11270810.7
2025-10-19 04:00:00,0.1102,0.1102,0.1075,0.1088,14615561.1
2025-10-19 08:00:00,0.1088,0.1138,0.1073,0.1115,53867229.2
2025-10-19 12:00:00,0.1115,0.1144,0.1103,0.1135,33538207.7
2025-10-19 16:00:00,0.1136,0.1189,0.1127,0.1162,52999933.0
2025-10-19 20:00:00,0.1162,0.1165,0.1141,0.1142,18846645.8
2025-10-20 00:00:00,0.1142,0.1175,0.1122,0.117,20646955.7
2025-10-20 04:00:00,0.1171,0.1202,0.1155,0.1184,32888662.9
2025-10-20 08:00:00,0.1183,0.1266,0.117,0.1254,103317862.7
2025-10-20 12:00:00,0.1254,0.1354,0.1251,0.132,216461169.0
2025-10-20 16:00:00,0.132,0.1328,0.1271,0.1291,115406203.0
2025-10-20 20:00:00,0.1291,0.1299,0.1273,0.1289,37046251.7
2025-10-21 00:00:00,0.1288,0.1304,0.1229,0.1243,76430207.2
2025-10-21 04:00:00,0.1243,0.1245,0.1206,0.1224,46659592.0
2025-10-21 08:00:00,0.1225,0.1229,0.12,0.1221,31813675.4
2025-10-21 12:00:00,0.122,0.1287,0.1206,0.1274,67053612.3
2025-10-21 16:00:00,0.1275,0.1304,0.1246,0.1255,63243837.4
2025-10-21 20:00:00,0.1256,0.1258,0.1191,0.1199,36000359.8
2025-10-22 00:00:00,0.1198,0.1207,0.1181,0.1191,27976933.0
2025-10-22 04:00:00,0.119,0.12,0.1169,0.1191,29726537.7
2025-10-22 08:00:00,0.1191,0.1191,0.1157,0.1181,30718291.7
2025-10-22 12:00:00,0.1181,0.1198,0.1166,0.1183,45987654.5
2025-10-22 16:00:00,0.1183,0.1189,0.1163,0.1172,31909698.8
2025-10-22 20:00:00,0.1172,0.1175,0.1119,0.1155,41236820.3
2025-10-23 00:00:00,0.1156,0.117,0.1152,0.1161,17518962.7
2025-10-23 04:00:00,0.1161,0.1192,0.1159,0.1187,20678160.8
2025-10-23 08:00:00,0.1188,0.1204,0.1179,0.1182,21721447.4
2025-10-23 12:00:00,0.1183,0.1205,0.1171,0.1197,41467777.0
2025-10-23 16:00:00,0.1198,0.1217,0.1191,0.1198,26206403.6
2025-10-23 20:00:00,0.1198,0.1204,0.1177,0.1204,18839485.4
2025-10-24 00:00:00,0.1204,0.1212,0.1198,0.1209,16301009.2
2025-10-24 04:00:00,0.1209,0.1231,0.1206,0.1219,25124295.8
2025-10-24 08:00:00,0.1218,0.1228,0.1204,0.1213,16744280.9
2025-10-24 12:00:00,0.1214,0.124,0.1191,0.1195,38442166.4
2025-10-24 16:00:00,0.1196,0.1216,0.1187,0.1208,13859025.3
2025-10-24 20:00:00,0.1208,0.1222,0.1206,0.1216,12475075.6
2025-10-25 00:00:00,0.1216,0.1218,0.1199,0.1202,13310180.2
2025-10-25 04:00:00,0.1201,0.1208,0.1191,0.1192,16284900.5
2025-10-25 08:00:00,0.1193,0.1203,0.1185,0.1196,12781308.7
2025-10-25 12:00:00,0.1196,0.1205,0.119,0.1195,17135546.5
2025-10-25 16:00:00,0.1196,0.1207,0.1186,0.1205,19693804.2
2025-10-25 20:00:00,0.1206,0.1207,0.1195,0.1196,10680541.6
2025-10-26 00:00:00,0.1196,0.1198,0.1173,0.118,16361017.5
2025-10-26 04:00:00,0.118,0.1202,0.1178,0.1199,13575985.9
2025-10-26 08:00:00,0.12,0.1243,0.1199,0.1238,25150795.5
2025-10-26 12:00:00,0.1239,0.1257,0.1231,0.1254,40315922.2
2025-10-26 16:00:00,0.1254,0.1256,0.1229,0.124,16676563.9
2025-10-26 20:00:00,0.1241,0.1272,0.1232,0.1258,22005475.5
2025-10-27 00:00:00,0.1258,0.1282,0.1255,0.1271,18945656.9
2025-10-27 04:00:00,0.127,0.1296,0.1258,0.1271,22571894.6
2025-10-27 08:00:00,0.127,0.1271,0.1227,0.1245,27120986.8
2025-10-27 12:00:00,0.1245,0.1245,0.1214,0.1236,25013715.5
2025-10-27 16:00:00,0.1237,0.1266,0.1233,0.1236,22042642.8
2025-10-27 20:00:00,0.1235,0.1244,0.121,0.1214,20842884.3
2025-10-28 00:00:00,0.1215,0.1223,0.12,0.1211,18594946.3
2025-10-28 04:00:00,0.121,0.1238,0.1203,0.1216,19068751.7
2025-10-28 08:00:00,0.1216,0.1226,0.1211,0.1212,15317547.9
2025-10-28 12:00:00,0.1211,0.1246,0.1201,0.1213,36559505.2
2025-10-28 16:00:00,0.1213,0.1227,0.1181,0.1188,27921054.0
2025-10-28 20:00:00,0.1187,0.1197,0.1156,0.1186,35382556.3
2025-10-29 00:00:00,0.1186,0.12,0.1181,0.1189,10992239.1
2025-10-29 04:00:00,0.1188,0.1199,0.1185,0.1191,10398655.6
2025-10-29 08:00:00,0.1191,0.1208,0.1179,0.1205,18298815.3
2025-10-29 12:00:00,0.1204,0.1209,0.1168,0.1175,26824696.1
2025-10-29 16:00:00,0.1176,0.1213,0.1139,0.1192,89853421.0
2025-10-29 20:00:00,0.1192,0.121,0.1163,0.1174,33608891.2
2025-10-30 00:00:00,0.1173,0.119,0.1165,0.1176,20359964.7
2025-10-30 04:00:00,0.1176,0.1176,0.1128,0.1168,54744946.3
2025-10-30 08:00:00,0.1169,0.1169,0.1122,0.1123,33660776.3
2025-10-30 12:00:00,0.1124,0.1126,0.1064,0.1072,99791994.5
2025-10-30 16:00:00,0.1072,0.1082,0.1047,0.1056,64667617.2
2025-10-30 20:00:00,0.1056,0.1087,0.1053,0.1085,27910490.8
2025-10-31 00:00:00,0.1085,0.1098,0.108,0.1089,23282582.5
2025-10-31 04:00:00,0.1088,0.1102,0.1083,0.1086,19631224.9
2025-10-31 08:00:00,0.1086,0.1095,0.1078,0.1094,18117232.4
2025-10-31 12:00:00,0.1094,0.1102,0.1075,0.1086,34594318.0
2025-10-31 16:00:00,0.1086,0.109,0.1043,0.1063,45136893.1
2025-10-31 20:00:00,0.1064,0.1065,0.1028,0.1029,33348301.5
2025-11-01 00:00:00,0.103,0.1058,0.1014,0.1055,30051136.5
2025-11-01 04:00:00,0.1054,0.1079,0.104,0.1075,25890910.6
2025-11-01 08:00:00,0.1076,0.1095,0.1065,0.109,31702138.2
2025-11-01 12:00:00,0.1091,0.1117,0.1065,0.1115,37148811.2
2025-11-01 16:00:00,0.1115,0.1143,0.1108,0.1125,76008287.0
2025-11-01 20:00:00,0.1125,0.1158,0.1118,0.1157,34418795.9
2025-11-02 00:00:00,0.1158,0.1159,0.1127,0.1132,30601093.7
2025-11-02 04:00:00,0.1131,0.1265,0.1129,0.1243,153087730.0
2025-11-02 08:00:00,0.1244,0.1318,0.1225,0.1304,203156475.0
2025-11-02 12:00:00,0.1305,0.1368,0.1177,0.1209,360839934.6
2025-11-02 16:00:00,0.121,0.1219,0.1158,0.1172,76068390.0
2025-11-02 20:00:00,0.1171,0.1195,0.1164,0.1188,40967929.4
2025-11-03 00:00:00,0.1188,0.1191,0.1088,0.1092,98291853.8
2025-11-03 04:00:00,0.1091,0.1103,0.1065,0.1078,65077738.1
2025-11-03 08:00:00,0.1078,0.1092,0.1045,0.1066,69910481.3
2025-11-03 12:00:00,0.1067,0.1137,0.1022,0.1054,339157759.1
2025-11-03 16:00:00,0.1054,0.1137,0.1039,0.1096,163644890.2
2025-11-03 20:00:00,0.1096,0.1098,0.1041,0.1049,72339167.7
2025-11-04 00:00:00,0.1049,0.1096,0.1032,0.1033,108621510.6
2025-11-04 04:00:00,0.1034,0.1104,0.1015,0.1021,185148562.6
2025-11-04 08:00:00,0.1022,0.1099,0.1013,0.1058,130124320.3
2025-11-04 12:00:00,0.1058,0.108,0.1027,0.1049,90760987.5
2025-11-04 16:00:00,0.105,0.1059,0.0985,0.1016,149187372.9
2025-11-04 20:00:00,0.1015,0.1045,0.0949,0.1034,179135800.3
2025-11-05 00:00:00,0.1035,0.1046,0.0981,0.1038,86665885.8
2025-11-05 04:00:00,0.1037,0.1047,0.1022,0.1037,39598319.2
2025-11-05 08:00:00,0.1037,0.1037,0.1,0.103,47257839.9
2025-11-05 12:00:00,0.1029,0.1106,0.1027,0.1093,93670275.0
2025-11-05 16:00:00,0.1092,0.1112,0.1081,0.1096,35375274.0
2025-11-05 20:00:00,0.1095,0.1105,0.1075,0.1075,31461611.8
2025-11-06 00:00:00,0.1075,0.1079,0.1051,0.1064,28430942.2
2025-11-06 04:00:00,0.1064,0.1077,0.1049,0.1056,30026140.8
2025-11-06 08:00:00,0.1056,0.1061,0.104,0.1049,36571897.6
2025-11-06 12:00:00,0.1049,0.1062,0.1019,0.1026,67012012.0
2025-11-06 16:00:00,0.1026,0.1046,0.0999,0.1039,51496412.4
2025-11-06 20:00:00,0.104,0.1046,0.102,0.104,28404131.9
2025-11-07 00:00:00,0.104,0.1106,0.1038,0.1099,57116593.7
2025-11-07 04:00:00,0.1099,0.1136,0.1072,0.113,85798207.0
2025-11-07 08:00:00,0.113,0.1185,0.109,0.114,186276748.3
2025-11-07 12:00:00,0.1139,0.1345,0.1106,0.132,278499001.4
2025-11-07 16:00:00,0.132,0.1533,0.1318,0.1521,561865573.7
2025-11-07 20:00:00,0.1522,0.1575,0.1427,0.144,274544970.2
2025-11-08 00:00:00,0.1439,0.1455,0.1316,0.1317,132412637.2
2025-11-08 04:00:00,0.1318,0.1351,0.1268,0.1328,111974423.2
2025-11-08 08:00:00,0.1327,0.1414,0.1275,0.1317,209292446.0
2025-11-08 12:00:00,0.1317,0.134,0.1262,0.1263,107322093.1
2025-11-08 16:00:00,0.1264,0.1339,0.1248,0.1318,68734593.8
2025-11-08 20:00:00,0.1318,0.1363,0.1302,0.1347,38135182.2
2025-11-09 00:00:00,0.1347,0.1378,0.1316,0.1324,66709100.5
2025-11-09 04:00:00,0.1324,0.1435,0.1292,0.1426,89921163.3
2025-11-09 08:00:00,0.1426,0.1473,0.1347,0.143,164650029.6
2025-11-09 12:00:00,0.143,0.1549,0.1362,0.15,193734424.1
2025-11-09 16:00:00,0.1499,0.1544,0.1437,0.1541,141075370.5
2025-11-09 20:00:00,0.1541,0.1545,0.1453,0.148,92443888.2
2025-11-10 00:00:00,0.148,0.1662,0.1462,0.1635,170268801.7
2025-11-10 04:00:00,0.1634,0.1843,0.1578,0.1823,548161206.2
2025-11-10 08:00:00,0.1823,0.2176,0.1759,0.2038,1579553756.6
2025-11-10 12:00:00,0.2037,0.2108,0.1787,0.1985,893546326.3
2025-11-10 16:00:00,0.1985,0.2034,0.1786,0.18,371846440.6
2025-11-10 20:00:00,0.1801,0.184,0.1641,0.1663,271757789.6
2025-11-11 00:00:00,0.1663,0.173,0.1621,0.1705,185584773.5
2025-11-11 04:00:00,0.1705,0.1799,0.157,0.1588,270280181.2
2025-11-11 08:00:00,0.1588,0.1617,0.1555,0.1575,135557809.1
2025-11-11 12:00:00,0.1575,0.1665,0.1569,0.1616,209432928.9
2025-11-11 16:00:00,0.1617,0.1645,0.1522,0.1528,96779673.7
2025-11-11 20:00:00,0.1528,0.1539,0.1442,0.1449,115362799.5
2025-11-12 00:00:00,0.1448,0.149,0.1406,0.1425,87030439.7
2025-11-12 04:00:00,0.1424,0.152,0.1411,0.1457,107615555.1
2025-11-12 08:00:00,0.1456,0.1689,0.1453,0.156,337952991.2
2025-11-12 12:00:00,0.1559,0.1588,0.1415,0.1422,183665877.2
2025-11-12 16:00:00,0.1422,0.144,0.1354,0.1383,165900785.2
2025-11-12 20:00:00,0.1382,0.1448,0.1362,0.137,80656444.4
2025-11-13 00:00:00,0.137,0.1424,0.1344,0.1396,98554923.9
2025-11-13 04:00:00,0.1396,0.1473,0.1375,0.139,124549075.5
2025-11-13 08:00:00,0.139,0.141,0.1358,0.1371,66693102.1
2025-11-13 12:00:00,0.1372,0.1454,0.1366,0.1444,167007535.0
2025-11-13 16:00:00,0.1443,0.1451,0.1313,0.1383,203944654.4
2025-11-13 20:00:00,0.1382,0.153,0.137,0.1476,264980703.4
2025-11-14 00:00:00,0.1477,0.1562,0.1379,0.1394,193842375.5
2025-11-14 04:00:00,0.1394,0.1443,0.1345,0.1397,149372925.0
2025-11-14 08:00:00,0.1396,0.1431,0.1362,0.1411,99385202.9
2025-11-14 12:00:00,0.1411,0.1807,0.1386,0.1785,679957492.9
2025-11-14 16:00:00,0.1784,0.1802,0.1652,0.1738,530458910.8
2025-11-14 20:00:00,0.1739,0.1834,0.1657,0.17,368911058.7
2025-11-15 00:00:00,0.1701,0.1884,0.167,0.1741,391807054.7
2025-11-15 04:00:00,0.174,0.1762,0.1591,0.1676,324050281.8
2025-11-15 08:00:00,0.1676,0.1716,0.1631,0.1649,182884153.8
2025-11-15 12:00:00,0.1649,0.1848,0.1627,0.184,228525647.8
2025-11-15 16:00:00,0.184,0.2123,0.178,0.1978,599990931.9
2025-11-15 20:00:00,0.1978,0.2118,0.1924,0.2034,322023717.6
2025-11-16 00:00:00,0.2033,0.2371,0.188,0.2335,530239931.4
2025-11-16 04:00:00,0.2335,0.2353,0.2163,0.2195,455022388.9
2025-11-16 08:00:00,0.2195,0.2392,0.2156,0.2214,502394921.7
2025-11-16 12:00:00,0.2214,0.2466,0.2192,0.221,722190228.7
2025-11-16 16:00:00,0.221,0.2407,0.2204,0.2247,456282260.1
2025-11-16 20:00:00,0.2247,0.2292,0.2115,0.2174,286809909.4
2025-11-17 00:00:00,0.2173,0.2362,0.208,0.2135,368805493.1
2025-11-17 04:00:00,0.2135,0.227,0.2027,0.2236,328979465.3
2025-11-17 08:00:00,0.2237,0.2353,0.2153,0.2165,223004801.2
2025-11-17 12:00:00,0.2166,0.2229,0.2073,0.2128,330075401.0
2025-11-17 16:00:00,0.2128,0.2165,0.1993,0.2051,264636089.6
2025-11-17 20:00:00,0.2051,0.2058,0.1918,0.1946,136200281.2
2025-11-18 00:00:00,0.1947,0.1956,0.1709,0.1856,354365195.1
2025-11-18 04:00:00,0.1856,0.1877,0.1782,0.1852,208310861.3
2025-11-18 08:00:00,0.1852,0.1943,0.1807,0.191,204620893.1
2025-11-18 12:00:00,0.1909,0.1935,0.1815,0.1855,202414252.1
2025-11-18 16:00:00,0.1854,0.2183,0.1848,0.2096,404685500.8
2025-11-18 20:00:00,0.2095,0.2152,0.2016,0.2047,140219294.4
2025-11-19 00:00:00,0.2047,0.2299,0.2015,0.2238,353919420.1
2025-11-19 04:00:00,0.2237,0.239,0.2132,0.2367,476938599.1
2025-11-19 08:00:00,0.2367,0.258,0.2319,0.2551,589163565.7
2025-11-19 12:00:00,0.255,0.2618,0.2388,0.2502,749120050.9
2025-11-19 16:00:00,0.2501,0.2542,0.2393,0.2452,527933681.7
2025-11-19 20:00:00,0.2451,0.261,0.241,0.249,399521474.4
2025-11-20 00:00:00,0.249,0.2796,0.246,0.2673,522719240.5
2025-11-20 04:00:00,0.2672,0.2775,0.2567,0.2633,391719111.4
2025-11-20 08:00:00,0.2633,0.2634,0.2381,0.2499,400488024.3
2025-11-20 12:00:00,0.2498,0.2717,0.2476,0.2591,339259013.1
2025-11-20 16:00:00,0.2591,0.2632,0.2278,0.2333,439123155.3
2025-11-20 20:00:00,0.2333,0.2422,0.219,0.2232,255029459.4
2025-11-21 00:00:00,0.2233,0.2291,0.2155,0.2194,211206664.8
2025-11-21 04:00:00,0.2195,0.2399,0.2102,0.2385,306599011.5
2025-11-21 08:00:00,0.2384,0.2586,0.2253,0.2263,522540682.9
2025-11-21 12:00:00,0.2263,0.2444,0.2184,0.2198,459607717.1
2025-11-21 16:00:00,0.2198,0.2266,0.2037,0.212,360447255.1
2025-11-21 20:00:00,0.2119,0.2148,0.1992,0.2054,193927806.4
2025-11-22 00:00:00,0.2054,0.2159,0.1912,0.1917,230219037.0
2025-11-22 04:00:00,0.1917,0.1943,0.1624,0.172,441201502.3
2025-11-22 08:00:00,0.172,0.1787,0.1652,0.1748,247131096.5
2025-11-22 12:00:00,0.1747,0.1748,0.1656,0.1666,183835156.0
2025-11-22 16:00:00,0.1666,0.1702,0.15,0.1538,296367628.2
2025-11-22 20:00:00,0.1538,0.1564,0.1426,0.1446,255297719.9
2025-11-23 00:00:00,0.1446,0.1598,0.1417,0.1523,364830953.4
2025-11-23 04:00:00,0.1523,0.1564,0.1489,0.151,191113980.5
2025-11-23 08:00:00,0.1509,0.1603,0.1497,0.1516,229725940.5
2025-11-23 12:00:00,0.1516,0.1564,0.1453,0.1555,257269247.8
2025-11-23 16:00:00,0.1556,0.1685,0.1483,0.1609,283774696.9
2025-11-23 20:00:00,0.1609,0.1619,0.1494,0.1509,200632373.6
2025-11-24 00:00:00,0.151,0.1514,0.1441,0.1475,197680281.2
2025-11-24 04:00:00,0.1475,0.1482,0.1377,0.1415,218668688.3
2025-11-24 08:00:00,0.1415,0.1418,0.1356,0.1369,145785852.1
2025-11-24 12:00:00,0.1369,0.1424,0.1361,0.1401,213889395.6
2025-11-24 16:00:00,0.14,0.1485,0.1378,0.1417,269366908.8
2025-11-24 20:00:00,0.1417,0.1455,0.1405,0.1418,142345227.6
2025-11-25 00:00:00,0.1418,0.1478,0.1411,0.1437,145308559.3
2025-11-25 04:00:00,0.1437,0.1461,0.1361,0.1374,168837724.8
2025-11-25 08:00:00,0.1374,0.1378,0.1321,0.1362,181049843.1
2025-11-25 12:00:00,0.1363,0.1375,0.1323,0.1348,125452687.7
2025-11-25 16:00:00,0.1348,0.1396,0.133,0.1378,180313939.4
2025-11-25 20:00:00,0.1378,0.1448,0.1375,0.1429,113326524.4
2025-11-26 00:00:00,0.1429,0.1556,0.1412,0.1475,210052374.8
2025-11-26 04:00:00,0.1475,0.1509,0.1435,0.1459,137864651.4
2025-11-26 08:00:00,0.1458,0.1459,0.1413,0.142,91907957.0
2025-11-26 12:00:00,0.142,0.1504,0.1403,0.1471,172768117.3
2025-11-26 16:00:00,0.147,0.1569,0.1442,0.1527,206010309.2
2025-11-26 20:00:00,0.1527,0.1577,0.1507,0.1518,144968161.8
2025-11-27 00:00:00,0.1518,0.1565,0.1511,0.1516,82928887.7
2025-11-27 04:00:00,0.1515,0.1546,0.1466,0.1476,77704992.2
2025-11-27 08:00:00,0.1475,0.1489,0.1456,0.1468,72170408.4
2025-11-27 12:00:00,0.1469,0.1477,0.1445,0.1473,60281617.3
2025-11-27 16:00:00,0.1472,0.1475,0.1452,0.1458,56320052.8
2025-11-27 20:00:00,0.1457,0.1469,0.1407,0.1411,68236257.0
2025-11-28 00:00:00,0.1411,0.1428,0.1373,0.1396,87921926.4
2025-11-28 04:00:00,0.1396,0.1434,0.1392,0.1422,49892507.6
2025-11-28 08:00:00,0.1422,0.146,0.1411,0.1416,78868432.0
2025-11-28 12:00:00,0.1415,0.1429,0.1405,0.1409,58440300.8
2025-11-28 16:00:00,0.1409,0.1421,0.1372,0.1411,92083318.5
2025-11-28 20:00:00,0.141,0.1421,0.1393,0.1417,37460835.2
2025-11-29 00:00:00,0.1418,0.1418,0.1383,0.1388,43044280.4
2025-11-29 04:00:00,0.1389,0.1393,0.1348,0.1356,73578627.4
2025-11-29 08:00:00,0.1355,0.1376,0.1354,0.1369,34962927.5
2025-11-29 12:00:00,0.1369,0.139,0.1353,0.1383,46478097.9
2025-11-29 16:00:00,0.1382,0.1394,0.1344,0.1349,59103831.3
2025-11-29 20:00:00,0.1349,0.1367,0.134,0.1345,45461293.0
2025-11-30 00:00:00,0.1345,0.1361,0.1325,0.1341,48956907.2
2025-11-30 04:00:00,0.1342,0.1354,0.1293,0.1325,99421519.6
2025-11-30 08:00:00,0.1326,0.133,0.1296,0.1302,42643975.7
2025-11-30 12:00:00,0.1302,0.1326,0.1273,0.1283,72903540.9
2025-11-30 16:00:00,0.1284,0.1305,0.1271,0.1276,51919482.8
2025-11-30 20:00:00,0.1277,0.129,0.1233,0.1238,198571020.6
2025-12-01 00:00:00,0.1238,0.1241,0.1128,0.1138,318408884.3
2025-12-01 04:00:00,0.1138,0.1206,0.1138,0.1191,136201098.8
2025-12-01 08:00:00,0.1191,0.1198,0.1175,0.118,70364217.5
2025-12-01 12:00:00,0.1181,0.1201,0.1153,0.1192,103064109.8
2025-12-01 16:00:00,0.1191,0.1196,0.1173,0.1187,67780351.2
2025-12-01 20:00:00,0.1186,0.1203,0.118,0.1185,62763296.6
2025-12-02 00:00:00,0.1185,0.1206,0.1158,0.1168,62934803.4
2025-12-02 04:00:00,0.1169,0.1175,0.1157,0.1164,38085096.9
2025-12-02 08:00:00,0.1165,0.1176,0.1136,0.1176,84187134.6
2025-12-02 12:00:00,0.1175,0.1313,0.1175,0.1288,171162791.1
2025-12-02 16:00:00,0.1288,0.1297,0.1255,0.1265,98638787.1
2025-12-02 20:00:00,0.1265,0.1267,0.1217,0.1222,59148395.0
2025-12-03 00:00:00,0.1221,0.1249,0.1216,0.1237,54162256.3
2025-12-03 04:00:00,0.1237,0.1286,0.1234,0.1278,74352318.8
2025-12-03 08:00:00,0.1279,0.1286,0.1234,0.1244,70407920.3
2025-12-03 12:00:00,0.1244,0.1305,0.1229,0.1254,104806418.8
2025-12-03 16:00:00,0.1255,0.1296,0.1238,0.1281,66975395.0
2025-12-03 20:00:00,0.1282,0.1283,0.1248,0.1252,115760755.9
2025-12-04 00:00:00,0.1253,0.128,0.1249,0.1258,44504377.8
2025-12-04 04:00:00,0.1259,0.1279,0.1233,0.1244,55013766.9
2025-12-04 08:00:00,0.1245,0.1246,0.1211,0.1213,58502295.2
2025-12-04 12:00:00,0.1213,0.1218,0.1185,0.1201,92636766.4
2025-12-04 16:00:00,0.1201,0.1216,0.117,0.1188,82966716.9
2025-12-04 20:00:00,0.1188,0.1201,0.1181,0.1194,39683601.7
2025-12-05 00:00:00,0.1193,0.1217,0.1185,0.119,48545348.0
2025-12-05 04:00:00,0.119,0.1196,0.1173,0.1177,50951778.3
2025-12-05 08:00:00,0.1177,0.1179,0.1144,0.1153,64455572.6
2025-12-05 12:00:00,0.1153,0.1163,0.1115,0.1121,108706674.2
2025-12-05 16:00:00,0.1122,0.1123,0.1073,0.1098,122260179.7
2025-12-05 20:00:00,0.1098,0.1123,0.1096,0.1108,48032569.9
2025-12-06 00:00:00,0.1108,0.1111,0.1093,0.1096,30562228.9
2025-12-06 04:00:00,0.1095,0.1101,0.1077,0.1099,39602164.7
2025-12-06 08:00:00,0.11,0.1105,0.1086,0.11,41971061.1
2025-12-06 12:00:00,0.1099,0.1153,0.1094,0.1125,83202657.7
2025-12-06 16:00:00,0.1126,0.1134,0.1115,0.1118,49298154.9
2025-12-06 20:00:00,0.1119,0.1129,0.1116,0.1123,27319418.9
2025-12-07 00:00:00,0.1122,0.1133,0.1113,0.1128,28217649.3
2025-12-07 04:00:00,0.1128,0.1131,0.1115,0.1121,29789551.6
2025-12-07 08:00:00,0.1121,0.1124,0.11,0.1108,53745870.9
2025-12-07 12:00:00,0.1108,0.1143,0.1091,0.1139,109125934.4
2025-12-07 16:00:00,0.114,0.1153,0.112,0.115,56064736.8
2025-12-07 20:00:00,0.1151,0.1153,0.1101,0.1112,49851146.5
2025-12-08 00:00:00,0.1112,0.113,0.1108,0.1123,40080225.1
2025-12-08 04:00:00,0.1124,0.1138,0.1118,0.113,39540345.6
2025-12-08 08:00:00,0.113,0.1147,0.1126,0.1129,40570737.5
2025-12-08 12:00:00,0.113,0.1131,0.109,0.1099,88852620.4
2025-12-08 16:00:00,0.1099,0.1121,0.1088,0.1099,54985343.6
2025-12-08 20:00:00,0.11,0.1112,0.1093,0.11,36582879.0
2025-12-09 00:00:00,0.1099,0.1102,0.1072,0.1088,53345022.2
2025-12-09 04:00:00,0.1088,0.109,0.1065,0.1076,47054311.1
2025-12-09 08:00:00,0.1076,0.1081,0.1059,0.1079,55073548.6
2025-12-09 12:00:00,0.1078,0.1169,0.1076,0.1162,140412081.4
2025-12-09 16:00:00,0.1162,0.1191,0.1144,0.1146,104171825.4
2025-12-09 20:00:00,0.1146,0.1163,0.1127,0.1158,72254019.3
2025-12-10 00:00:00,0.1159,0.1163,0.1121,0.1123,42778256.5
2025-12-10 04:00:00,0.1122,0.1131,0.1113,0.1115,47039449.7
2025-12-10 08:00:00,0.1115,0.1117,0.1078,0.1086,63954135.0
2025-12-10 12:00:00,0.1086,0.1104,0.1081,0.109,65045125.9
2025-12-10 16:00:00,0.109,0.1128,0.1088,0.112,97251729.6
2025-12-10 20:00:00,0.112,0.1143,0.1076,0.1088,104491854.7
2025-12-11 00:00:00,0.1087,0.1091,0.1033,0.1039,84324996.4
2025-12-11 04:00:00,0.1038,0.1065,0.1033,0.1056,38953006.1
2025-12-11 08:00:00,0.1055,0.1069,0.1052,0.1063,32540889.1
2025-12-11 12:00:00,0.1063,0.1086,0.1056,0.1069,44981120.6
2025-12-11 16:00:00,0.1068,0.109,0.1052,0.1079,54228156.9
2025-12-11 20:00:00,0.1079,0.1111,0.1063,0.1068,60250105.1
2025-12-12 00:00:00,0.1069,0.1074,0.1054,0.1065,34610567.3
2025-12-12 04:00:00,0.1064,0.1082,0.1061,0.1067,25600236.2
2025-12-12 08:00:00,0.1067,0.1078,0.1062,0.1074,29631805.4
2025-12-12 12:00:00,0.1075,0.1085,0.1023,0.1033,94818945.4
2025-12-12 16:00:00,0.1033,0.1044,0.1024,0.1032,88216677.1
2025-12-12 20:00:00,0.1032,0.1063,0.1031,0.1058,32344324.5
2025-12-13 00:00:00,0.1058,0.106,0.1045,0.1051,22520108.5
2025-12-13 04:00:00,0.105,0.1055,0.1041,0.1052,21250143.0
2025-12-13 08:00:00,0.1052,0.1059,0.1039,0.1041,20974795.8
2025-12-13 12:00:00,0.1041,0.1057,0.1038,0.1053,27191501.6
2025-12-13 16:00:00,0.1053,0.1064,0.1047,0.1049,26364274.1
2025-12-13 20:00:00,0.105,0.1061,0.1041,0.1059,16137564.5
2025-12-14 00:00:00,0.1059,0.1061,0.1052,0.1053,14060575.1
2025-12-14 04:00:00,0.1053,0.1055,0.1034,0.1039,23935732.7
2025-12-14 08:00:00,0.1039,0.1042,0.1024,0.1035,32021871.0
2025-12-14 12:00:00,0.1034,0.1041,0.1013,0.102,49223517.8
2025-12-14 16:00:00,0.1019,0.1032,0.1018,0.1023,28424002.7
2025-12-14 20:00:00,0.1022,0.1037,0.1014,0.1033,50870579.9
2025-12-15 00:00:00,0.1033,0.1057,0.1026,0.1047,42116257.3
2025-12-15 04:00:00,0.1047,0.1062,0.1042,0.1046,33911592.0
2025-12-15 08:00:00,0.1046,0.1055,0.1042,0.1046,25047589.2
2025-12-15 12:00:00,0.1045,0.105,0.1015,0.1023,74762279.4
2025-12-15 16:00:00,0.1022,0.103,0.0943,0.0963,162033453.4
2025-12-15 20:00:00,0.0963,0.0983,0.0953,0.0981,38439163.8
2025-12-16 00:00:00,0.0982,0.0982,0.0954,0.096,26844102.6
2025-12-16 04:00:00,0.096,0.0961,0.0924,0.0932,49603364.7
2025-12-16 08:00:00,0.0932,0.0957,0.093,0.0956,40424094.8
2025-12-16 12:00:00,0.0956,0.0963,0.0932,0.0951,62434435.8
2025-12-16 16:00:00,0.0951,0.0963,0.094,0.0956,37437352.5
2025-12-16 20:00:00,0.0956,0.0966,0.0945,0.0953,26566817.2
2025-12-17 00:00:00,0.0953,0.0954,0.0934,0.0943,21729042.0
2025-12-17 04:00:00,0.0943,0.0949,0.0934,0.0936,19853042.5
2025-12-17 08:00:00,0.0935,0.0936,0.0924,0.093,25085023.0
2025-12-17 12:00:00,0.093,0.096,0.0915,0.0921,80183992.3
2025-12-17 16:00:00,0.0921,0.0929,0.0876,0.0888,106525861.8
2025-12-17 20:00:00,0.0889,0.0892,0.0863,0.0876,45568800.7
2025-12-18 00:00:00,0.0875,0.0877,0.0857,0.087,34602436.9
2025-12-18 04:00:00,0.087,0.0874,0.0855,0.0858,30957902.5
2025-12-18 08:00:00,0.0858,0.0865,0.0855,0.086,30052972.5
2025-12-18 12:00:00,0.086,0.0884,0.0858,0.0865,77049650.8
2025-12-18 16:00:00,0.0866,0.0868,0.079,0.0794,147419576.7
2025-12-18 20:00:00,0.0794,0.0814,0.0793,0.0802,42818313.3
2025-12-19 00:00:00,0.0802,0.0833,0.0792,0.0824,49529485.9
2025-12-19 04:00:00,0.0824,0.0846,0.0823,0.0837,36419191.4
2025-12-19 08:00:00,0.0837,0.0841,0.0822,0.0828,39489487.7
2025-12-19 12:00:00,0.0829,0.0845,0.0823,0.0831,56495152.3
2025-12-19 16:00:00,0.0832,0.0856,0.083,0.0851,56047890.6
2025-12-19 20:00:00,0.0852,0.0856,0.0835,0.0836,31685900.5
2025-12-20 00:00:00,0.0836,0.084,0.0812,0.0818,57956756.9
2025-12-20 04:00:00,0.0819,0.0836,0.0814,0.0835,29602451.5
2025-12-20 08:00:00,0.0836,0.0839,0.0817,0.0828,37400844.0
2025-12-20 12:00:00,0.0827,0.0828,0.0814,0.0819,32817308.6
2025-12-20 16:00:00,0.0819,0.0832,0.0817,0.0824,29106993.1
2025-12-20 20:00:00,0.0825,0.0833,0.0819,0.0823,25197345.9
2025-12-21 00:00:00,0.0823,0.0826,0.0794,0.0802,49537968.4
2025-12-21 04:00:00,0.0802,0.081,0.0796,0.0806,26574547.8
2025-12-21 08:00:00,0.0807,0.0814,0.0794,0.0799,49218085.5
2025-12-21 12:00:00,0.0799,0.0803,0.0773,0.0784,101374951.2
2025-12-21 16:00:00,0.0783,0.0798,0.078,0.0797,34937615.3
2025-12-21 20:00:00,0.0797,0.0803,0.0787,0.0798,25966767.4
2025-12-22 00:00:00,0.0798,0.0815,0.079,0.0798,47401645.1
2025-12-22 04:00:00,0.0797,0.0807,0.0794,0.0805,23140306.2
2025-12-22 08:00:00,0.0805,0.0815,0.0803,0.0812,27082375.3
2025-12-22 12:00:00,0.0813,0.082,0.0804,0.0814,57966298.1
2025-12-22 16:00:00,0.0813,0.0818,0.0783,0.0786,46537110.7
2025-12-22 20:00:00,0.0785,0.0793,0.078,0.0787,32768180.4
2025-12-23 00:00:00,0.0787,0.0793,0.0775,0.078,31094116.6
2025-12-23 04:00:00,0.0779,0.0781,0.0765,0.0779,42036939.3
2025-12-23 08:00:00,0.0779,0.0788,0.0771,0.0787,23843412.0
2025-12-23 12:00:00,0.0786,0.0789,0.0754,0.0769,85414438.0
2025-12-23 16:00:00,0.0768,0.0798,0.0766,0.0791,76896186.6
2025-12-23 20:00:00,0.0791,0.0802,0.0787,0.0798,40227477.2
2025-12-24 00:00:00,0.0799,0.0806,0.0781,0.0788,41834657.0
2025-12-24 04:00:00,0.0788,0.0796,0.0773,0.0774,47102798.4
2025-12-24 08:00:00,0.0774,0.0786,0.0774,0.0782,39947330.6
2025-12-24 12:00:00,0.0782,0.0807,0.0773,0.08,65176808.0
2025-12-24 16:00:00,0.0799,0.0806,0.0792,0.0802,38820972.8
2025-12-24 20:00:00,0.0802,0.0816,0.08,0.0816,25193263.4
2025-12-25 00:00:00,0.0816,0.0834,0.0805,0.0832,44772163.0
2025-12-25 04:00:00,0.0832,0.0841,0.0822,0.0828,35249477.2
2025-12-25 08:00:00,0.0827,0.0835,0.0805,0.0809,32517239.0
2025-12-25 12:00:00,0.0808,0.0817,0.0803,0.0811,23020257.5
2025-12-25 16:00:00,0.081,0.0817,0.0798,0.081,30242469.1
2025-12-25 20:00:00,0.081,0.0812,0.0774,0.0777,42512579.3
2025-12-26 00:00:00,0.0777,0.0818,0.0775,0.0806,52107342.8
2025-12-26 04:00:00,0.0806,0.0816,0.08,0.0805,29360329.7
2025-12-26 08:00:00,0.0805,0.0811,0.08,0.0802,19686926.9
2025-12-26 12:00:00,0.0802,0.0803,0.078,0.0789,48683063.1
2025-12-26 16:00:00,0.0788,0.0793,0.0772,0.0792,58536637.5
2025-12-26 20:00:00,0.0792,0.0799,0.079,0.0797,19914170.7
2025-12-27 00:00:00,0.0797,0.0813,0.0789,0.0812,21625053.6
2025-12-27 04:00:00,0.0812,0.0814,0.0804,0.0812,26277620.7
2025-12-27 08:00:00,0.0811,0.0831,0.08,0.0829,39059623.4
2025-12-27 12:00:00,0.0829,0.086,0.0822,0.0847,100246998.7
2025-12-27 16:00:00,0.0846,0.0857,0.0825,0.0838,63976314.2
2025-12-27 20:00:00,0.0837,0.0851,0.0828,0.0849,43231350.1
2025-12-28 00:00:00,0.085,0.0853,0.0836,0.084,21860900.4
2025-12-28 04:00:00,0.084,0.0843,0.0832,0.0838,17875236.9
2025-12-28 08:00:00,0.0837,0.0841,0.0828,0.0838,21085488.0
2025-12-28 12:00:00,0.0839,0.0847,0.0828,0.0836,31448965.1
2025-12-28 16:00:00,0.0836,0.0839,0.0805,0.0809,55966646.1
2025-12-28 20:00:00,0.0808,0.082,0.0805,0.0817,33974597.2
2025-12-29 00:00:00,0.0817,0.0838,0.0812,0.0835,69453815.1
2025-12-29 04:00:00,0.0834,0.0841,0.0814,0.0822,55109055.1
2025-12-29 08:00:00,0.0823,0.0828,0.0797,0.0806,50882668.2
2025-12-29 12:00:00,0.0807,0.0817,0.0792,0.0807,93275074.3
2025-12-29 16:00:00,0.0806,0.0814,0.0793,0.0796,64217052.9
2025-12-29 20:00:00,0.0795,0.0806,0.0794,0.0801,35172424.1
2025-12-30 00:00:00,0.08,0.0804,0.079,0.0797,35427778.9
2025-12-30 04:00:00,0.0796,0.0806,0.0791,0.0797,28051417.3
2025-12-30 08:00:00,0.0797,0.081,0.0796,0.0808,30402548.8
2025-12-30 12:00:00,0.0809,0.0811,0.0795,0.0809,32258197.6
2025-12-30 16:00:00,0.081,0.0811,0.0786,0.08,39095463.9
2025-12-30 20:00:00,0.0799,0.08,0.0785,0.079,20296218.1
2025-12-31 00:00:00,0.079,0.0795,0.0778,0.0781,26986415.7
2025-12-31 04:00:00,0.0782,0.0784,0.0778,0.0781,15749793.1
2025-12-31 08:00:00,0.0782,0.0785,0.0776,0.0783,25317512.9
2025-12-31 12:00:00,0.0784,0.0796,0.0776,0.078,55925987.6
2025-12-31 16:00:00,0.0779,0.0789,0.0764,0.0786,59947689.3
2025-12-31 20:00:00,0.0787,0.0799,0.0782,0.0792,43354449.2
2026-01-01 00:00:00,0.0792,0.0802,0.078,0.0782,39843960.9
2026-01-01 04:00:00,0.0782,0.0788,0.0778,0.0787,17513829.5
2026-01-01 08:00:00,0.0787,0.0799,0.0783,0.0798,23044713.3
2026-01-01 12:00:00,0.0798,0.0815,0.0794,0.0808,47461549.1
2026-01-01 16:00:00,0.0809,0.0819,0.0803,0.0815,50033973.3
2026-01-01 20:00:00,0.0815,0.0825,0.0811,0.0824,27620540.6
2026-01-02 00:00:00,0.0824,0.0844,0.0818,0.0837,33437093.8
2026-01-02 04:00:00,0.0838,0.0839,0.082,0.0824,23658645.9
2026-01-02 08:00:00,0.0823,0.0839,0.0817,0.0822,53531002.5
2026-01-02 12:00:00,0.0822,0.0845,0.0818,0.0836,80167483.9
2026-01-02 16:00:00,0.0836,0.0855,0.0832,0.085,51606294.7
2026-01-02 20:00:00,0.085,0.0868,0.0839,0.0863,47151174.8
2026-01-03 00:00:00,0.0864,0.088,0.0862,0.0878,37488112.4
2026-01-03 04:00:00,0.0878,0.0878,0.0845,0.0848,55782988.3
2026-01-03 08:00:00,0.0849,0.0853,0.084,0.085,28346996.9
2026-01-03 12:00:00,0.0849,0.0853,0.0841,0.0846,25445739.9
2026-01-03 16:00:00,0.0846,0.0864,0.0842,0.0852,39775701.9
2026-01-03 20:00:00,0.0852,0.0864,0.0845,0.0861,18793845.7
2026-01-04 00:00:00,0.0861,0.0872,0.0859,0.087,27416480.3
2026-01-04 04:00:00,0.087,0.0884,0.0864,0.0873,36240272.5
2026-01-04 08:00:00,0.0874,0.0883,0.0865,0.0876,41987589.0
2026-01-04 12:00:00,0.0875,0.0904,0.087,0.0899,43170234.6
2026-01-04 16:00:00,0.0899,0.0917,0.0885,0.0893,56810764.7
2026-01-04 20:00:00,0.0893,0.0911,0.089,0.0902,26582588.6
2026-01-05 00:00:00,0.0902,0.0925,0.0896,0.0917,43075263.0
2026-01-05 04:00:00,0.0917,0.0921,0.0886,0.0896,45105227.6
2026-01-05 08:00:00,0.0897,0.0902,0.0877,0.0884,29558874.4
2026-01-05 12:00:00,0.0885,0.0915,0.0878,0.0911,60667187.6
2026-01-05 16:00:00,0.0911,0.0915,0.0879,0.0906,70009257.2
2026-01-05 20:00:00,0.0906,0.092,0.0896,0.0905,36522666.7
2026-01-06 00:00:00,0.0906,0.0917,0.089,0.0908,30184621.7
2026-01-06 04:00:00,0.0907,0.0916,0.0896,0.0903,47910283.1
2026-01-06 08:00:00,0.0903,0.0961,0.0901,0.0949,130555881.5
2026-01-06 12:00:00,0.0949,0.0961,0.0923,0.0931,65824245.7
2026-01-06 16:00:00,0.0931,0.0935,0.0884,0.0896,97589491.1
2026-01-06 20:00:00,0.0896,0.0928,0.0896,0.0927,38754879.2
2026-01-07 00:00:00,0.0926,0.0929,0.0895,0.0903,31059448.2
2026-01-07 04:00:00,0.0902,0.0918,0.0897,0.0916,24057223.2
2026-01-07 08:00:00,0.0916,0.0921,0.0893,0.0902,37883907.5
2026-01-07 12:00:00,0.0903,0.0905,0.0866,0.0872,63597597.2
2026-01-07 16:00:00,0.0871,0.0882,0.0866,0.0874,38850481.0
2026-01-07 20:00:00,0.0875,0.0879,0.0863,0.0874,32833568.1
2026-01-08 00:00:00,0.0874,0.0881,0.0854,0.0856,33235267.4
2026-01-08 04:00:00,0.0856,0.0868,0.0842,0.0858,50625818.7
2026-01-08 08:00:00,0.0858,0.0862,0.0822,0.0829,73641548.6
2026-01-08 12:00:00,0.083,0.0849,0.081,0.0847,74227839.5
2026-01-08 16:00:00,0.0847,0.0852,0.0837,0.0839,45780069.3
2026-01-08 20:00:00,0.0839,0.0849,0.0832,0.0841,24979998.1
2026-01-09 00:00:00,0.0842,0.0847,0.0833,0.0842,39364896.6
2026-01-09 04:00:00,0.0841,0.0843,0.0832,0.0837,22636902.5
2026-01-09 08:00:00,0.0838,0.0839,0.0822,0.0824,40880750.3
2026-01-09 12:00:00,0.0825,0.0842,0.0816,0.083,71914797.4
2026-01-09 16:00:00,0.083,0.0845,0.0818,0.0821,69632862.0
2026-01-09 20:00:00,0.0821,0.0844,0.0819,0.0838,31248528.5
2026-01-10 00:00:00,0.0838,0.0841,0.0826,0.0833,21567289.9
2026-01-10 04:00:00,0.0833,0.0833,0.0823,0.0827,20524424.5
2026-01-10 08:00:00,0.0827,0.0838,0.0826,0.0837,21263717.8
2026-01-10 12:00:00,0.0837,0.0842,0.0824,0.0828,28790621.6
2026-01-10 16:00:00,0.0827,0.0835,0.0817,0.0832,27884762.1
2026-01-10 20:00:00,0.0831,0.0833,0.081,0.0816,17601610.2
2026-01-11 00:00:00,0.0816,0.0821,0.0812,0.0817,12346078.7
2026-01-11 04:00:00,0.0818,0.0823,0.0814,0.0821,18676887.7
2026-01-11 08:00:00,0.0821,0.0824,0.0817,0.0823,15249399.1
2026-01-11 12:00:00,0.0822,0.0829,0.0807,0.0814,32455512.8
2026-01-11 16:00:00,0.0814,0.0825,0.0813,0.0817,26703790.7
2026-01-11 20:00:00,0.0816,0.0817,0.0802,0.0815,26876587.2
2026-01-12 00:00:00,0.0816,0.0842,0.0806,0.0826,56468696.6
2026-01-12 04:00:00,0.0827,0.0836,0.0816,0.0817,23944429.1
2026-01-12 08:00:00,0.0818,0.0822,0.0807,0.0815,33242436.3
2026-01-12 12:00:00,0.0815,0.0818,0.0802,0.0815,46307442.0
2026-01-12 16:00:00,0.0815,0.0824,0.0806,0.0815,32331816.8
2026-01-12 20:00:00,0.0815,0.0818,0.0803,0.0808,23432204.2
2026-01-13 00:00:00,0.0808,0.0815,0.0806,0.0813,17667252.4
2026-01-13 04:00:00,0.0814,0.0827,0.0814,0.0821,23707953.4
2026-01-13 08:00:00,0.0821,0.0851,0.0817,0.0849,54090318.9
2026-01-13 12:00:00,0.0848,0.087,0.0844,0.0865,104133680.7
2026-01-13 16:00:00,0.0866,0.0884,0.0862,0.0867,66061789.1
2026-01-13 20:00:00,0.0868,0.0895,0.0856,0.0877,65331241.1
2026-01-14 00:00:00,0.0876,0.0941,0.0876,0.0923,113146389.6
2026-01-14 04:00:00,0.0923,0.0926,0.0896,0.0902,38220125.5
2026-01-14 08:00:00,0.0902,0.0921,0.0901,0.0905,42881422.0
2026-01-14 12:00:00,0.0906,0.0926,0.0897,0.0911,72702001.5
2026-01-14 16:00:00,0.0912,0.0924,0.0887,0.0897,63521688.2
2026-01-14 20:00:00,0.0897,0.0902,0.0882,0.0888,46066496.7
2026-01-15 00:00:00,0.0888,0.0888,0.0854,0.0856,52319627.7
2026-01-15 04:00:00,0.0856,0.0887,0.0854,0.0878,31524770.2
2026-01-15 08:00:00,0.0878,0.0881,0.0868,0.0873,42046826.3
2026-01-15 12:00:00,0.0873,0.0893,0.084,0.0858,69171936.7
2026-01-15 16:00:00,0.0858,0.0863,0.0828,0.084,48517897.8
2026-01-15 20:00:00,0.0839,0.0845,0.0831,0.0841,20313323.0
2026-01-16 00:00:00,0.0841,0.0845,0.0829,0.0838,18967570.9
2026-01-16 04:00:00,0.0839,0.0848,0.0831,0.0843,27461644.3
2026-01-16 08:00:00,0.0842,0.085,0.0837,0.0842,39952693.7
2026-01-16 12:00:00,0.0841,0.0844,0.0819,0.0825,53948988.7
2026-01-16 16:00:00,0.0824,0.084,0.0823,0.0834,32241476.1
2026-01-16 20:00:00,0.0835,0.0857,0.0829,0.085,25198547.3
2026-01-17 00:00:00,0.0851,0.086,0.0849,0.0852,19329329.2
2026-01-17 04:00:00,0.0852,0.0867,0.0847,0.0862,22619674.5
2026-01-17 08:00:00,0.0863,0.0875,0.0861,0.0864,31942797.8
2026-01-17 12:00:00,0.0863,0.0875,0.0861,0.087,31633208.9
2026-01-17 16:00:00,0.087,0.087,0.0852,0.0857,28139507.8
2026-01-17 20:00:00,0.0856,0.086,0.0842,0.0845,20604051.2
2026-01-18 00:00:00,0.0845,0.0851,0.0834,0.0836,28923365.8
2026-01-18 04:00:00,0.0836,0.084,0.0831,0.0835,12707887.5
2026-01-18 08:00:00,0.0835,0.0853,0.0834,0.0848,22121761.8
2026-01-18 12:00:00,0.0849,0.086,0.0838,0.0859,25441805.2
2026-01-18 16:00:00,0.086,0.0882,0.0851,0.0873,34199335.2
2026-01-18 20:00:00,0.0873,0.0882,0.0823,0.0825,50363562.1
2026-01-19 00:00:00,0.0824,0.0824,0.0777,0.0812,153245530.2
2026-01-19 04:00:00,0.0812,0.0845,0.0798,0.083,81546911.1
2026-01-19 08:00:00,0.0831,0.0832,0.0806,0.081,36122609.0
2026-01-19 12:00:00,0.0809,0.0821,0.0804,0.0812,33596848.8
2026-01-19 16:00:00,0.0811,0.084,0.0808,0.083,29853579.5
2026-01-19 20:00:00,0.083,0.0833,0.0809,0.0819,29000955.3
2026-01-20 00:00:00,0.0819,0.0821,0.0807,0.081,21742986.4
2026-01-20 04:00:00,0.081,0.0818,0.0793,0.0796,37968184.9
2026-01-20 08:00:00,0.0796,0.0804,0.0782,0.0783,46446769.9
2026-01-20 12:00:00,0.0783,0.0796,0.0775,0.0783,56768223.8
2026-01-20 16:00:00,0.0783,0.0787,0.0767,0.0775,49636218.4
2026-01-20 20:00:00,0.0775,0.0784,0.0761,0.077,29226772.4
2026-01-21 00:00:00,0.077,0.0795,0.0769,0.0791,28557665.0
2026-01-21 04:00:00,0.079,0.0806,0.0787,0.0793,28708066.4
2026-01-21 08:00:00,0.0793,0.0802,0.0779,0.0781,30227018.1
2026-01-21 12:00:00,0.078,0.0813,0.0773,0.081,61134587.7
2026-01-21 16:00:00,0.081,0.0816,0.0773,0.0816,93683529.5
2026-01-21 20:00:00,0.0816,0.0817,0.0791,0.0794,39940327.8
2026-01-22 00:00:00,0.0794,0.0807,0.0793,0.0797,30569651.5
2026-01-22 04:00:00,0.0798,0.0801,0.0786,0.0793,25024557.3
2026-01-22 08:00:00,0.0794,0.0803,0.0788,0.0789,23481536.2
2026-01-22 12:00:00,0.0788,0.0794,0.0768,0.0776,39279631.5
2026-01-22 16:00:00,0.0776,0.0781,0.0762,0.0765,41146859.1
2026-01-22 20:00:00,0.0765,0.0769,0.073,0.0735,109084569.6
2026-01-23 00:00:00,0.0736,0.0749,0.0732,0.0745,59065653.6
2026-01-23 04:00:00,0.0746,0.0759,0.0738,0.0742,44762485.1
2026-01-23 08:00:00,0.0742,0.0748,0.0734,0.074,41163990.6
2026-01-23 12:00:00,0.074,0.0742,0.0716,0.0732,76458975.1
2026-01-23 16:00:00,0.0732,0.0742,0.0718,0.0724,88380445.1
2026-01-23 20:00:00,0.0724,0.0725,0.0708,0.0712,50096655.5
2026-01-24 00:00:00,0.0712,0.0725,0.0708,0.0721,34250976.7
2026-01-24 04:00:00,0.0721,0.0722,0.0712,0.0717,20305697.4
2026-01-24 08:00:00,0.0717,0.0732,0.0714,0.073,32714554.9
2026-01-24 12:00:00,0.073,0.0732,0.0717,0.0718,26915692.7
2026-01-24 16:00:00,0.0718,0.0721,0.071,0.0711,30066243.2
2026-01-24 20:00:00,0.0711,0.0717,0.0709,0.0712,20521381.6
2026-01-25 00:00:00,0.0713,0.072,0.0705,0.0706,25001374.0
2026-01-25 04:00:00,0.0706,0.0711,0.0698,0.0702,33881985.0
2026-01-25 08:00:00,0.0702,0.0715,0.0699,0.0705,31440156.8
2026-01-25 12:00:00,0.0704,0.0704,0.0691,0.0701,46959890.4
2026-01-25 16:00:00,0.07,0.0701,0.0657,0.0662,111022316.7
2026-01-25 20:00:00,0.0662,0.0675,0.066,0.0671,40397923.1
2026-01-26 00:00:00,0.0671,0.0685,0.0665,0.0674,31632497.1
2026-01-26 04:00:00,0.0674,0.0683,0.0673,0.0679,22211097.9
2026-01-26 08:00:00,0.0679,0.0685,0.0671,0.0677,23980731.1
2026-01-26 12:00:00,0.0677,0.07,0.0677,0.0689,50274644.8
2026-01-26 16:00:00,0.069,0.0699,0.0683,0.0692,39584688.0
2026-01-26 20:00:00,0.0691,0.07,0.0688,0.0693,16493139.2
2026-01-27 00:00:00,0.0693,0.0699,0.0689,0.0691,14657445.4
2026-01-27 04:00:00,0.069,0.0694,0.0684,0.0687,14230202.5
2026-01-27 08:00:00,0.0688,0.069,0.0678,0.0679,19927204.2
2026-01-27 12:00:00,0.0679,0.0685,0.0672,0.0684,28884677.9
2026-01-27 16:00:00,0.0684,0.0696,0.0674,0.0691,48692879.6
2026-01-27 20:00:00,0.0691,0.0704,0.069,0.0697,32258650.3
2026-01-28 00:00:00,0.0697,0.0699,0.0689,0.0691,19885394.8
2026-01-28 04:00:00,0.0692,0.0695,0.0687,0.0689,18094421.8
2026-01-28 08:00:00,0.0689,0.0701,0.0685,0.07,26848297.6
2026-01-28 12:00:00,0.07,0.0702,0.0681,0.0683,45178883.2
2026-01-28 16:00:00,0.0684,0.0693,0.0678,0.0691,39968409.0
2026-01-28 20:00:00,0.0691,0.0699,0.0685,0.0691,33190030.9
2026-01-29 00:00:00,0.0692,0.0695,0.0669,0.0673,41524241.3
2026-01-29 04:00:00,0.0673,0.0681,0.0668,0.0678,23164090.1
2026-01-29 08:00:00,0.0679,0.068,0.0664,0.0664,24321176.9
2026-01-29 12:00:00,0.0664,0.0671,0.0625,0.0641,140301210.6
2026-01-29 16:00:00,0.064,0.0652,0.0623,0.0633,91856776.7
2026-01-29 20:00:00,0.0633,0.0638,0.0626,0.0633,43134816.7
2026-01-30 00:00:00,0.0634,0.0638,0.0607,0.0616,92156072.7
2026-01-30 04:00:00,0.0615,0.0625,0.0604,0.0617,53201174.0
2026-01-30 08:00:00,0.0616,0.0623,0.0611,0.0622,58539648.3
2026-01-30 12:00:00,0.0622,0.0623,0.0597,0.0601,106609776.3
2026-01-30 16:00:00,0.0602,0.0628,0.0596,0.0617,133170073.7
2026-01-30 20:00:00,0.0618,0.0618,0.0606,0.0616,61472873.9
2026-01-31 00:00:00,0.0615,0.0618,0.0611,0.0613,22858162.7
2026-01-31 04:00:00,0.0613,0.0617,0.0593,0.0601,28804458.1
2026-01-31 08:00:00,0.06,0.0601,0.0586,0.0596,50598380.4
2026-01-31 12:00:00,0.0596,0.0596,0.0555,0.0567,159558171.9
2026-01-31 16:00:00,0.0567,0.0574,0.0496,0.0537,414770406.9
2026-01-31 20:00:00,0.0537,0.0549,0.0528,0.0548,102282395.5
2026-02-01 00:00:00,0.0548,0.0574,0.0547,0.0564,105154147.3
2026-02-01 04:00:00,0.0564,0.0571,0.056,0.0568,47204021.6
2026-02-01 08:00:00,0.0567,0.0585,0.0564,0.0568,93831317.9
2026-02-01 12:00:00,0.0567,0.0572,0.0539,0.055,95451009.6
2026-02-01 16:00:00,0.055,0.0563,0.0546,0.0554,83855674.3
2026-02-01 20:00:00,0.0553,0.056,0.0535,0.0547,88733570.5
2026-02-02 00:00:00,0.0548,0.0564,0.0528,0.055,101704407.5
2026-02-02 04:00:00,0.055,0.056,0.053,0.0543,111128330.7
2026-02-02 08:00:00,0.0543,0.0558,0.0542,0.0554,50689003.6
2026-02-02 12:00:00,0.0555,0.0575,0.0554,0.0569,59176340.8
2026-02-02 16:00:00,0.0569,0.0576,0.0566,0.0567,51777233.8
2026-02-02 20:00:00,0.0566,0.0568,0.0561,0.0563,27165202.9
2026-02-03 00:00:00,0.0564,0.057,0.0554,0.0569,42567937.6
2026-02-03 04:00:00,0.0569,0.0575,0.056,0.0569,38361317.4
2026-02-03 08:00:00,0.0569,0.0571,0.0557,0.0564,41699992.2
2026-02-03 12:00:00,0.0564,0.0574,0.0557,0.0574,50224157.2
2026-02-03 16:00:00,0.0573,0.0574,0.0533,0.0564,126556925.0
2026-02-03 20:00:00,0.0564,0.0597,0.0555,0.0561,122038051.0
2026-02-04 00:00:00,0.0561,0.0571,0.0557,0.0563,41631871.2
2026-02-04 04:00:00,0.0563,0.0565,0.0555,0.0561,40682764.5
2026-02-04 08:00:00,0.0562,0.0568,0.0553,0.0559,49726214.8
2026-02-04 12:00:00,0.0559,0.0562,0.054,0.0547,94053089.7
2026-02-04 16:00:00,0.0547,0.0561,0.0535,0.056,95577921.3
2026-02-04 20:00:00,0.056,0.056,0.0539,0.055,39512502.7
2026-02-05 00:00:00,0.0551,0.0558,0.0543,0.0545,52164679.9
2026-02-05 04:00:00,0.0544,0.0549,0.0536,0.0537,74735444.9
2026-02-05 08:00:00,0.0537,0.0547,0.0522,0.0529,75512214.4
2026-02-05 12:00:00,0.0529,0.0534,0.0487,0.0499,207901099.2
2026-02-05 16:00:00,0.0499,0.0508,0.0478,0.048,256385928.4
2026-02-05 20:00:00,0.0481,0.0485,0.0458,0.0463,246208661.9
2026-02-06 00:00:00,0.0463,0.0478,0.0409,0.0467,299662199.2
2026-02-06 04:00:00,0.0468,0.0489,0.0463,0.0482,89077945.4
2026-02-06 08:00:00,0.0482,0.0497,0.0474,0.0496,74472261.5
2026-02-06 12:00:00,0.0495,0.0512,0.0492,0.0511,81194283.2
2026-02-06 16:00:00,0.0511,0.0534,0.0508,0.0519,87574221.0
2026-02-06 20:00:00,0.0518,0.0524,0.051,0.0515,40768160.0
2026-02-07 00:00:00,0.0515,0.052,0.0509,0.0517,47570409.7
2026-02-07 04:00:00,0.0517,0.0521,0.0493,0.0498,78135589.2
2026-02-07 08:00:00,0.0497,0.0503,0.0494,0.0498,49306567.9
2026-02-07 12:00:00,0.0499,0.0515,0.0497,0.0503,80840127.9
2026-02-07 16:00:00,0.0504,0.0514,0.0496,0.0497,189350905.0
2026-02-07 20:00:00,0.0498,0.0501,0.0495,0.0498,43215668.7
2026-02-08 00:00:00,0.0499,0.0502,0.0491,0.0493,39217879.5
2026-02-08 04:00:00,0.0492,0.0497,0.0491,0.0497,34874828.5
2026-02-08 08:00:00,0.0496,0.0512,0.0495,0.0509,76254955.5
2026-02-08 12:00:00,0.051,0.0513,0.0496,0.05,67201159.3
2026-02-08 16:00:00,0.05,0.0501,0.0486,0.0499,69368195.5
2026-02-08 20:00:00,0.0499,0.0506,0.0488,0.0494,53828786.3
2026-02-09 00:00:00,0.0494,0.0502,0.0491,0.05,60665100.7
2026-02-09 04:00:00,0.05,0.05,0.04898,0.04908,35233926.4
2026-02-09 08:00:00,0.04908,0.04916,0.04732,0.04774,58794071.5
2026-02-09 12:00:00,0.04774,0.04873,0.04723,0.04846,56992389.5
2026-02-09 16:00:00,0.04845,0.0497,0.04804,0.04921,62660735.0
2026-02-09 20:00:00,0.0492,0.04932,0.04816,0.0483,37627995.7
2026-02-10 00:00:00,0.0483,0.04882,0.04724,0.04753,36375458.9
2026-02-10 04:00:00,0.04753,0.04812,0.04678,0.04717,41624961.6
2026-02-10 08:00:00,0.04717,0.04757,0.04699,0.04707,29804442.6
2026-02-10 12:00:00,0.04708,0.04731,0.04652,0.04683,59905212.3
2026-02-10 16:00:00,0.04683,0.04719,0.04572,0.04628,53189821.7
2026-02-10 20:00:00,0.04629,0.04651,0.04593,0.04623,21416703.4
2026-02-11 00:00:00,0.04624,0.04654,0.04574,0.0462,29996611.9
2026-02-11 04:00:00,0.04619,0.04635,0.04453,0.04459,40927207.9
2026-02-11 08:00:00,0.0446,0.04528,0.04444,0.0452,30575096.6
2026-02-11 12:00:00,0.04519,0.0475,0.04495,0.04569,79934234.5
2026-02-11 16:00:00,0.04569,0.04695,0.04511,0.04641,57067096.3
2026-02-11 20:00:00,0.0464,0.04692,0.04589,0.04639,33544807.0
2026-02-12 00:00:00,0.0464,0.0475,0.04636,0.04731,39238181.6
2026-02-12 04:00:00,0.0473,0.0481,0.04701,0.04805,37609474.0
2026-02-12 08:00:00,0.04805,0.04832,0.0475,0.04794,35334132.9
2026-02-12 12:00:00,0.04793,0.04799,0.04682,0.04687,42673558.3
2026-02-12 16:00:00,0.04687,0.04764,0.04599,0.04693,58517179.1
2026-02-12 20:00:00,0.04693,0.04775,0.04653,0.04758,29354276.3
2026-02-13 00:00:00,0.04758,0.0479,0.0472,0.04738,23787634.0
2026-02-13 04:00:00,0.04738,0.04745,0.04671,0.04731,18427086.5
2026-02-13 08:00:00,0.04732,0.04787,0.0472,0.04746,27785306.7
2026-02-13 12:00:00,0.04745,0.04974,0.04718,0.04884,62648870.7
2026-02-13 16:00:00,0.04885,0.04994,0.04875,0.0498,48023128.4
2026-02-13 20:00:00,0.04981,0.0503,0.04949,0.04955,37988511.4
2026-02-14 00:00:00,0.04955,0.05005,0.04942,0.04998,22497841.4
2026-02-14 04:00:00,0.04997,0.05012,0.04953,0.05,18410730.6
2026-02-14 08:00:00,0.05,0.05059,0.04987,0.05056,33368711.7
2026-02-14 12:00:00,0.05055,0.05107,0.05001,0.05103,30635478.9
2026-02-14 16:00:00,0.05104,0.0524,0.05074,0.05235,30341294.8
2026-02-14 20:00:00,0.05236,0.05258,0.05132,0.05144,38024719.1
2026-02-15 00:00:00,0.05144,0.05152,0.05002,0.05082,33752981.7
2026-02-15 04:00:00,0.05083,0.05166,0.05077,0.05137,32691816.8
2026-02-15 08:00:00,0.05137,0.05156,0.05029,0.05067,31963823.9
2026-02-15 12:00:00,0.05067,0.0507,0.04851,0.04909,71400086.3
2026-02-15 16:00:00,0.04909,0.0492,0.04792,0.04834,46667399.1
2026-02-15 20:00:00,0.04834,0.0489,0.04816,0.04883,19764346.2
2026-02-16 00:00:00,0.04884,0.04918,0.04854,0.04886,22927756.0
2026-02-16 04:00:00,0.04886,0.04935,0.04846,0.04855,21935403.5
2026-02-16 08:00:00,0.04856,0.04899,0.04796,0.04857,26974886.7
2026-02-16 12:00:00,0.04857,0.04983,0.04775,0.04777,57993025.5
2026-02-16 16:00:00,0.04778,0.04856,0.04765,0.0484,29493182.5
2026-02-16 20:00:00,0.04841,0.04967,0.04832,0.0493,24073096.5
2026-02-17 00:00:00,0.04931,0.04938,0.04857,0.0486,15538981.8
2026-02-17 04:00:00,0.0486,0.04889,0.04808,0.04868,12694357.2
2026-02-17 08:00:00,0.04868,0.04885,0.04811,0.04842,16899706.2
2026-02-17 12:00:00,0.04843,0.04886,0.04738,0.0481,32851203.3
2026-02-17 16:00:00,0.04811,0.049,0.04763,0.04844,33111541.5
2026-02-17 20:00:00,0.04843,0.04855,0.04808,0.04828,12169205.3
2026-02-18 00:00:00,0.04828,0.04864,0.04786,0.04858,12878615.2
2026-02-18 04:00:00,0.04858,0.0488,0.04832,0.04867,8825582.7
2026-02-18 08:00:00,0.04867,0.04889,0.04776,0.04807,16152923.3
2026-02-18 12:00:00,0.04808,0.04868,0.04735,0.04811,28543209.9
2026-02-18 16:00:00,0.0481,0.04813,0.04598,0.0463,54729418.7
2026-02-18 20:00:00,0.0463,0.04645,0.04561,0.0459,20075014.2
2026-02-19 00:00:00,0.04591,0.04643,0.04564,0.0463,18913901.1
2026-02-19 04:00:00,0.0463,0.04655,0.04595,0.04623,14710744.3
2026-02-19 08:00:00,0.04623,0.04623,0.04516,0.04535,27059481.5
2026-02-19 12:00:00,0.04535,0.04546,0.04426,0.04446,45455976.0
2026-02-19 16:00:00,0.04446,0.04457,0.04326,0.04446,75709883.3
2026-02-19 20:00:00,0.04446,0.04464,0.04421,0.04462,16323822.8
2026-02-20 00:00:00,0.04462,0.04549,0.04448,0.04533,44934045.2
2026-02-20 04:00:00,0.04534,0.04647,0.04502,0.04606,28969046.6
2026-02-20 08:00:00,0.04606,0.04682,0.04548,0.04554,35309323.0
2026-02-20 12:00:00,0.04554,0.04651,0.04417,0.04608,56987161.1
2026-02-20 16:00:00,0.04607,0.04661,0.04527,0.04593,39375834.0
2026-02-20 20:00:00,0.04592,0.04635,0.04564,0.04628,20777069.5
2026-02-21 00:00:00,0.04628,0.04637,0.04583,0.04593,18279884.1
2026-02-21 04:00:00,0.04593,0.04613,0.04543,0.04576,18617787.4
2026-02-21 08:00:00,0.04576,0.04672,0.04567,0.0461,19453904.7
2026-02-21 12:00:00,0.0461,0.04634,0.04537,0.04557,23576895.4
2026-02-21 16:00:00,0.04558,0.04558,0.04503,0.04521,17972974.9
2026-02-21 20:00:00,0.04521,0.04532,0.04472,0.04474,20237041.3
2026-02-22 00:00:00,0.04473,0.04473,0.04382,0.04427,24730726.4
2026-02-22 04:00:00,0.04427,0.04437,0.0439,0.0442,10900449.6
2026-02-22 08:00:00,0.0442,0.04435,0.04377,0.04405,17345639.7
2026-02-22 12:00:00,0.04405,0.04406,0.04286,0.04327,32535125.9
2026-02-22 16:00:00,0.04327,0.04349,0.04315,0.04336,8449283.1
2026-02-22 20:00:00,0.04335,0.04349,0.04296,0.0434,12939753.2
2026-02-23 00:00:00,0.04339,0.04343,0.04082,0.0414,90307085.6
2026-02-23 04:00:00,0.0414,0.04219,0.04112,0.04203,25232541.3
2026-02-23 08:00:00,0.04203,0.04254,0.04157,0.04237,25044654.0
2026-02-23 12:00:00,0.04237,0.04294,0.04116,0.04127,47941538.1
2026-02-23 16:00:00,0.04127,0.04161,0.04003,0.04022,67177465.0
2026-02-23 20:00:00,0.04021,0.04086,0.03985,0.04035,40904374.7
2026-02-24 00:00:00,0.04035,0.04081,0.03968,0.03987,45610553.5
2026-02-24 04:00:00,0.03987,0.04034,0.03947,0.03979,36083507.2
2026-02-24 08:00:00,0.03979,0.04057,0.03963,0.04047,26284902.4
2026-02-24 12:00:00,0.04046,0.04188,0.04015,0.0415,51964642.4
2026-02-24 16:00:00,0.04151,0.04204,0.0414,0.04167,35470685.4
2026-02-24 20:00:00,0.04167,0.04198,0.0415,0.04161,21265168.1
2026-02-25 00:00:00,0.04161,0.04307,0.04141,0.04189,59309981.7
2026-02-25 04:00:00,0.04188,0.04206,0.04124,0.04179,25945472.3
2026-02-25 08:00:00,0.04178,0.04198,0.04148,0.04189,32920061.7
2026-02-25 12:00:00,0.04189,0.04519,0.04168,0.045,95420754.3
2026-02-25 16:00:00,0.04499,0.04676,0.04499,0.04627,93556887.7
2026-02-25 20:00:00,0.04627,0.0466,0.04403,0.04451,59212641.5
2026-02-26 00:00:00,0.04452,0.04471,0.0439,0.0444,30710116.7
2026-02-26 04:00:00,0.04439,0.04464,0.04391,0.04439,25468201.8
2026-02-26 08:00:00,0.04438,0.04522,0.04406,0.04415,44827989.3
2026-02-26 12:00:00,0.04414,0.04475,0.04335,0.04379,65827691.8
2026-02-26 16:00:00,0.04379,0.04384,0.04179,0.04304,79663378.9
2026-02-26 20:00:00,0.04303,0.04317,0.04253,0.04268,18170604.0
2026-02-27 00:00:00,0.04269,0.04286,0.04229,0.04268,19541407.4
2026-02-27 04:00:00,0.04268,0.04359,0.04254,0.04268,27504292.3
2026-02-27 08:00:00,0.04268,0.04314,0.04173,0.04199,46156642.7
2026-02-27 12:00:00,0.04199,0.04242,0.04023,0.04064,104950855.8
2026-02-27 16:00:00,0.04063,0.04099,0.04038,0.04058,45611087.7
2026-02-27 20:00:00,0.04058,0.04096,0.04001,0.04071,34166705.0
2026-02-28 00:00:00,0.04072,0.04102,0.04058,0.04062,19294622.9
2026-02-28 04:00:00,0.04062,0.04076,0.03873,0.03976,102373047.0
2026-02-28 08:00:00,0.03975,0.03975,0.03891,0.03894,41194882.6
2026-02-28 12:00:00,0.03895,0.03975,0.03848,0.03925,60712190.4
2026-02-28 16:00:00,0.03925,0.0411,0.03893,0.04084,43674766.4
2026-02-28 20:00:00,0.04083,0.04191,0.04069,0.04166,36778402.6
2026-03-01 00:00:00,0.04165,0.04332,0.04107,0.04223,47974711.4
2026-03-01 04:00:00,0.04223,0.04237,0.04132,0.04206,26335632.2
2026-03-01 08:00:00,0.04207,0.04218,0.04102,0.04116,27037777.2
2026-03-01 12:00:00,0.04115,0.0416,0.04037,0.04054,45877032.2
2026-03-01 16:00:00,0.04055,0.04087,0.03969,0.03973,48862717.0
2026-03-01 20:00:00,0.03973,0.04046,0.03915,0.04017,48142972.1
2026-03-02 00:00:00,0.04017,0.04099,0.04007,0.04044,21185613.9
2026-03-02 04:00:00,0.04045,0.04072,0.03969,0.03978,23018499.7
2026-03-02 08:00:00,0.03978,0.04015,0.03942,0.03992,29112190.7
2026-03-02 12:00:00,0.03992,0.04248,0.03953,0.04186,69589419.5
2026-03-02 16:00:00,0.04187,0.04241,0.04108,0.04153,76346219.3
2026-03-02 20:00:00,0.04153,0.04179,0.04062,0.04078,31699768.6
2026-03-03 00:00:00,0.04079,0.04096,0.04007,0.04056,28503740.3
2026-03-03 04:00:00,0.04056,0.04072,0.04018,0.04032,16467106.6
2026-03-03 08:00:00,0.04032,0.04041,0.03932,0.03966,41864670.8
2026-03-03 12:00:00,0.03966,0.04029,0.03925,0.04021,49031223.6
2026-03-03 16:00:00,0.04021,0.04101,0.03987,0.04002,41097626.9
2026-03-03 20:00:00,0.04002,0.04029,0.03943,0.04006,27851468.1
2026-03-04 00:00:00,0.04006,0.04034,0.03961,0.03995,35967143.8
2026-03-04 04:00:00,0.03995,0.04055,0.03957,0.04044,38238215.3
2026-03-04 08:00:00,0.04045,0.04141,0.0401,0.04039,46520833.0
2026-03-04 12:00:00,0.0404,0.04162,0.03996,0.04161,49949986.2
2026-03-04 16:00:00,0.04161,0.04213,0.04047,0.04171,48345618.1
2026-03-04 20:00:00,0.04172,0.04179,0.04049,0.04081,25249012.7
2026-03-05 00:00:00,0.04081,0.0411,0.04044,0.0407,30772996.1
2026-03-05 04:00:00,0.0407,0.04103,0.04027,0.04052,22587661.4
2026-03-05 08:00:00,0.04052,0.04156,0.04037,0.0409,25209755.1
2026-03-05 12:00:00,0.04091,0.04148,0.04005,0.0402,44879920.8
2026-03-05 16:00:00,0.0402,0.04032,0.03923,0.03985,75584699.5
2026-03-05 20:00:00,0.03986,0.04064,0.03976,0.04,24982955.6
2026-03-06 00:00:00,0.04001,0.04081,0.03993,0.04071,19814401.3
2026-03-06 04:00:00,0.04071,0.0408,0.03998,0.0407,19702805.8
2026-03-06 08:00:00,0.0407,0.04071,0.03991,0.03998,22594172.5
2026-03-06 12:00:00,0.03998,0.04025,0.03857,0.03876,79208508.4
2026-03-06 16:00:00,0.03876,0.03905,0.03831,0.03875,42248491.4
2026-03-06 20:00:00,0.03873,0.0389,0.03851,0.03869,16521799.7
2026-03-07 00:00:00,0.03869,0.03879,0.03784,0.0379,28585520.3
2026-03-07 04:00:00,0.03789,0.03815,0.03758,0.03782,26576880.2
2026-03-07 08:00:00,0.03783,0.03834,0.0378,0.03802,24080669.8
2026-03-07 12:00:00,0.03801,0.03815,0.03752,0.03769,29033517.4
2026-03-07 16:00:00,0.03768,0.0383,0.03751,0.0376,26039590.8
2026-03-07 20:00:00,0.03761,0.03799,0.03721,0.0378,28182837.7
2026-03-08 00:00:00,0.0378,0.03799,0.03746,0.03763,25551724.9
2026-03-08 04:00:00,0.03762,0.03793,0.03733,0.03785,23392019.2
2026-03-08 08:00:00,0.03784,0.03876,0.03763,0.0386,34707521.4
2026-03-08 12:00:00,0.0386,0.03882,0.03753,0.03771,51439205.3
2026-03-08 16:00:00,0.03771,0.03852,0.03746,0.03836,35235941.4
2026-03-08 20:00:00,0.03836,0.03853,0.0374,0.03807,54267924.9
2026-03-09 00:00:00,0.03808,0.03926,0.03793,0.03884,44303694.1
2026-03-09 04:00:00,0.03884,0.03979,0.03861,0.03898,50898632.7
2026-03-09 08:00:00,0.03899,0.03922,0.03824,0.03849,46461163.1
2026-03-09 12:00:00,0.03849,0.03949,0.03849,0.03904,63183847.9
2026-03-09 16:00:00,0.03904,0.03971,0.03871,0.03905,38782603.7
2026-03-09 20:00:00,0.03905,0.0392,0.03846,0.03861,25024012.0
2026-03-10 00:00:00,0.0386,0.03957,0.03847,0.03904,35362508.0
2026-03-10 04:00:00,0.03905,0.03956,0.03892,0.03934,27790170.0
2026-03-10 08:00:00,0.03935,0.03969,0.03916,0.03924,25038602.5
2026-03-10 12:00:00,0.03925,0.0405,0.03891,0.04021,134155641.9
2026-03-10 16:00:00,0.04021,0.04053,0.03914,0.03939,49608311.7
2026-03-10 20:00:00,0.03939,0.0397,0.03915,0.03962,22317317.8
2026-03-11 00:00:00,0.03963,0.03991,0.0394,0.03981,24020885.4
2026-03-11 04:00:00,0.0398,0.04023,0.03939,0.03981,27678214.5
2026-03-11 08:00:00,0.03981,0.04019,0.03957,0.03979,40192627.8
2026-03-11 12:00:00,0.03979,0.04054,0.0396,0.0402,50255081.2
2026-03-11 16:00:00,0.0402,0.0404,0.03993,0.04022,20957674.9
2026-03-11 20:00:00,0.04021,0.04053,0.04002,0.04013,16716962.5
2026-03-12 00:00:00,0.04014,0.0402,0.03963,0.03965,18839799.1
2026-03-12 04:00:00,0.03964,0.03988,0.0393,0.03975,19545727.2
2026-03-12 08:00:00,0.03975,0.04043,0.03965,0.04007,36768691.1
2026-03-12 12:00:00,0.04007,0.04044,0.03961,0.04021,38959823.8
2026-03-12 16:00:00,0.0402,0.04099,0.04002,0.04084,29950754.6
2026-03-12 20:00:00,0.04083,0.04141,0.0406,0.04123,24621354.6
2026-03-13 00:00:00,0.04123,0.04278,0.04111,0.04277,45297343.2
2026-03-13 04:00:00,0.04277,0.04367,0.04235,0.04334,69161572.4
2026-03-13 08:00:00,0.04334,0.04386,0.04204,0.04207,69546785.8
2026-03-13 12:00:00,0.04207,0.04269,0.04178,0.04187,65616669.1
2026-03-13 16:00:00,0.04187,0.04202,0.04074,0.04076,54447965.5
2026-03-13 20:00:00,0.04076,0.04112,0.04034,0.04061,27396154.5
2026-03-14 00:00:00,0.0406,0.04075,0.04021,0.0406,17912083.5
2026-03-14 04:00:00,0.04061,0.04084,0.03998,0.04006,18496377.1
2026-03-14 08:00:00,0.04005,0.04023,0.03968,0.0401,35390132.1
2026-03-14 12:00:00,0.04009,0.04039,0.03959,0.03977,24038229.3
2026-03-14 16:00:00,0.03976,0.04008,0.03967,0.0398,19790328.7
2026-03-14 20:00:00,0.0398,0.03981,0.039,0.03928,29935119.1
2026-03-15 00:00:00,0.03928,0.0402,0.0391,0.03977,33165756.3
2026-03-15 04:00:00,0.03977,0.0405,0.03965,0.03982,26452396.9
2026-03-15 08:00:00,0.03982,0.04005,0.03964,0.03991,15542869.0
2026-03-15 12:00:00,0.0399,0.04003,0.03923,0.03927,41882670.8
2026-03-15 16:00:00,0.03927,0.03967,0.03912,0.03947,15587591.6
2026-03-15 20:00:00,0.03947,0.03996,0.03933,0.0396,35424253.4
2026-03-16 00:00:00,0.0396,0.04004,0.03874,0.03966,55993305.5
2026-03-16 04:00:00,0.03966,0.04087,0.03965,0.04066,58644770.3
2026-03-16 08:00:00,0.04067,0.04114,0.04003,0.04014,40070439.4
2026-03-16 12:00:00,0.04013,0.04053,0.0395,0.0399,60353065.5
2026-03-16 16:00:00,0.03991,0.04158,0.0399,0.04051,91359743.4
2026-03-16 20:00:00,0.0405,0.04176,0.04039,0.04126,47912831.2
2026-03-17 00:00:00,0.04125,0.04147,0.04086,0.04108,45667629.5
2026-03-17 04:00:00,0.04109,0.04119,0.04,0.0407,44501038.2
2026-03-17 08:00:00,0.0407,0.04104,0.04034,0.04044,35082923.8
2026-03-17 12:00:00,0.04043,0.04066,0.03993,0.04045,34148077.9
2026-03-17 16:00:00,0.04044,0.04074,0.03998,0.03998,21228606.9
2026-03-17 20:00:00,0.03998,0.04086,0.03995,0.04029,27081079.3
2026-03-18 00:00:00,0.0403,0.04073,0.03973,0.04045,30926314.7
2026-03-18 04:00:00,0.04044,0.04067,0.03976,0.03993,25445012.5
2026-03-18 08:00:00,0.03994,0.04022,0.03837,0.03856,76916354.2
2026-03-18 12:00:00,0.03856,0.03856,0.0367,0.03726,138861162.0
2026-03-18 16:00:00,0.03725,0.03786,0.03715,0.03741,49191419.7
2026-03-18 20:00:00,0.03741,0.03757,0.03698,0.03737,28485561.8
2026-03-19 00:00:00,0.03738,0.0378,0.03709,0.03755,23965524.1
2026-03-19 04:00:00,0.03756,0.03765,0.03651,0.03688,39563794.3
2026-03-19 08:00:00,0.03688,0.03701,0.03618,0.03628,33105730.5
2026-03-19 12:00:00,0.03628,0.03669,0.03585,0.0366,51298625.1
2026-03-19 16:00:00,0.0366,0.0367,0.03611,0.0364,32961293.7
2026-03-19 20:00:00,0.03639,0.03651,0.03619,0.03635,15585848.0
2026-03-20 00:00:00,0.03635,0.03673,0.03635,0.03644,21283041.2
2026-03-20 04:00:00,0.03644,0.03699,0.03601,0.03638,46586825.4
2026-03-20 08:00:00,0.03637,0.03667,0.03621,0.03639,26444582.4
2026-03-20 12:00:00,0.0364,0.03652,0.03516,0.03562,78931485.2
2026-03-20 16:00:00,0.03562,0.0359,0.03537,0.03568,31496991.0
2026-03-20 20:00:00,0.03568,0.03584,0.03521,0.03557,26805337.0
2026-03-21 00:00:00,0.03557,0.036,0.03553,0.03578,22826344.2
2026-03-21 04:00:00,0.03577,0.03664,0.03566,0.03648,35494472.4
2026-03-21 08:00:00,0.03649,0.03762,0.0364,0.03729,51194965.9
2026-03-21 12:00:00,0.03729,0.03884,0.03687,0.0388,88799690.5
2026-03-21 16:00:00,0.0388,0.04012,0.03868,0.03876,247201633.5
2026-03-21 20:00:00,0.03877,0.0391,0.03682,0.03719,105145237.5
2026-03-22 00:00:00,0.03718,0.03769,0.03671,0.03706,73280233.6
2026-03-22 04:00:00,0.03706,0.03752,0.03693,0.03717,31354556.1
2026-03-22 08:00:00,0.03716,0.03742,0.03607,0.03618,61065075.3
2026-03-22 12:00:00,0.03617,0.03676,0.03591,0.03619,42747104.7
2026-03-22 16:00:00,0.03618,0.0362,0.03539,0.03551,45326978.6
2026-03-22 20:00:00,0.03551,0.03598,0.0351,0.03569,48624272.0
2026-03-23 00:00:00,0.03569,0.03597,0.03549,0.03572,30910169.4
2026-03-23 04:00:00,0.03572,0.03616,0.03531,0.03544,30695392.1
2026-03-23 08:00:00,0.03545,0.03719,0.03493,0.0363,116198644.3
2026-03-23 12:00:00,0.03631,0.03708,0.03586,0.0359,73518759.1
2026-03-23 16:00:00,0.0359,0.03627,0.03566,0.03605,48311459.0
2026-03-23 20:00:00,0.03605,0.03658,0.036,0.03639,20934708.6
2026-03-24 00:00:00,0.0364,0.03664,0.03614,0.0364,24110585.2
2026-03-24 04:00:00,0.03639,0.03711,0.03636,0.03702,21824048.8
2026-03-24 08:00:00,0.03702,0.03735,0.03642,0.03662,32994180.2
2026-03-24 12:00:00,0.03662,0.03675,0.03622,0.03652,30724347.7
2026-03-24 16:00:00,0.03651,0.03667,0.03614,0.03653,19398773.2
2026-03-24 20:00:00,0.03652,0.03735,0.0365,0.03707,25674448.2
2026-03-25 00:00:00,0.03707,0.03749,0.03707,0.0374,24295279.7
2026-03-25 04:00:00,0.0374,0.03742,0.03686,0.03714,20451236.8
2026-03-25 08:00:00,0.03714,0.0377,0.03714,0.03762,33226289.3
2026-03-25 12:00:00,0.03763,0.03783,0.03694,0.03712,38631483.6
2026-03-25 16:00:00,0.03713,0.03736,0.037,0.0371,24549300.9
2026-03-25 20:00:00,0.0371,0.03712,0.03643,0.03652,28115694.5
2026-03-26 00:00:00,0.03652,0.0366,0.03599,0.03621,22275302.1
2026-03-26 04:00:00,0.03621,0.03632,0.03572,0.0359,25055463.7
2026-03-26 08:00:00,0.0359,0.0359,0.03533,0.03539,29903886.8
2026-03-26 12:00:00,0.03539,0.0359,0.03529,0.0354,25800146.8
2026-03-26 16:00:00,0.03539,0.0355,0.03496,0.03504,26365500.6
2026-03-26 20:00:00,0.03503,0.03559,0.03484,0.03523,30158319.5
2026-03-27 00:00:00,0.03523,0.03558,0.03512,0.03524,18271924.6
2026-03-27 04:00:00,0.03524,0.03561,0.03501,0.0356,15626462.7
2026-03-27 08:00:00,0.03561,0.03565,0.03406,0.03411,75576193.5
2026-03-27 12:00:00,0.03411,0.03433,0.03368,0.03395,72324342.6
2026-03-27 16:00:00,0.03395,0.03406,0.03348,0.03396,33738451.9
2026-03-27 20:00:00,0.03396,0.03406,0.03371,0.03377,14872593.1
2026-03-28 00:00:00,0.03377,0.0338,0.03318,0.03334,19060862.8
2026-03-28 04:00:00,0.03335,0.03403,0.03335,0.03401,19960772.6
2026-03-28 08:00:00,0.03401,0.03437,0.03401,0.03414,28111988.4
2026-03-28 12:00:00,0.03415,0.03492,0.03406,0.03462,30518371.7
2026-03-28 16:00:00,0.03463,0.0347,0.03435,0.03453,11477375.3
2026-03-28 20:00:00,0.03453,0.03467,0.0339,0.03407,15380614.1
2026-03-29 00:00:00,0.03406,0.03444,0.03391,0.03427,18534429.9
2026-03-29 04:00:00,0.03426,0.03435,0.0341,0.03412,15820287.5
2026-03-29 08:00:00,0.03412,0.03422,0.03369,0.0339,16021742.8
2026-03-29 12:00:00,0.03389,0.03393,0.03341,0.03366,20158968.5
2026-03-29 16:00:00,0.03365,0.03374,0.03341,0.03348,11110081.6
2026-03-29 20:00:00,0.03348,0.03374,0.03256,0.03337,46403917.9
2026-03-30 00:00:00,0.03338,0.03445,0.03334,0.03437,37205718.0
2026-03-30 04:00:00,0.03438,0.03514,0.03438,0.03512,27889920.4
2026-03-30 08:00:00,0.03511,0.03524,0.0345,0.03474,32734968.0
2026-03-30 12:00:00,0.03475,0.03483,0.03425,0.03443,25096586.9
2026-03-30 16:00:00,0.03443,0.03451,0.03353,0.03371,27086033.2
2026-03-30 20:00:00,0.03371,0.0341,0.03345,0.03362,30674008.6
2026-03-31 00:00:00,0.03362,0.03431,0.03344,0.0341,30498710.8
2026-03-31 04:00:00,0.0341,0.03425,0.03394,0.03412,18320038.0
2026-03-31 08:00:00,0.03411,0.0348,0.03327,0.03477,90992932.2
2026-03-31 12:00:00,0.03478,0.03509,0.03415,0.03429,62857309.7
2026-03-31 16:00:00,0.03429,0.03501,0.03425,0.03484,25428358.9
2026-03-31 20:00:00,0.03483,0.03497,0.03441,0.03453,36696715.3
2026-04-01 00:00:00,0.03453,0.03484,0.03433,0.03483,20076023.0
2026-04-01 04:00:00,0.03483,0.03566,0.03472,0.03547,44047576.5
2026-04-01 08:00:00,0.03548,0.03565,0.03519,0.03563,27589010.4
2026-04-01 12:00:00,0.03564,0.03599,0.03509,0.03521,61655688.1
2026-04-01 16:00:00,0.03521,0.03531,0.03484,0.03506,42595476.7
2026-04-01 20:00:00,0.03507,0.03517,0.03459,0.03479,37835874.0
2026-04-02 00:00:00,0.0348,0.0351,0.03353,0.03359,55336255.6
2026-04-02 04:00:00,0.03359,0.03371,0.0332,0.03367,43068748.4
2026-04-02 08:00:00,0.03367,0.03367,0.03325,0.03336,40885465.7
2026-04-02 12:00:00,0.03337,0.0339,0.03287,0.03359,54928496.3
2026-04-02 16:00:00,0.03359,0.03383,0.03334,0.03351,20933609.3
2026-04-02 20:00:00,0.03352,0.03372,0.03341,0.03365,17020057.3
2026-04-03 00:00:00,0.03365,0.03373,0.0334,0.03364,17993857.2
2026-04-03 04:00:00,0.03364,0.03391,0.03354,0.0336,15498766.6
2026-04-03 08:00:00,0.03361,0.03381,0.03344,0.03354,30828618.5
2026-04-03 12:00:00,0.03355,0.03368,0.03293,0.03303,47873235.0
2026-04-03 16:00:00,0.03302,0.03321,0.03258,0.03308,48795972.4
2026-04-03 20:00:00,0.03309,0.03342,0.03308,0.0333,17553453.1
2026-04-04 00:00:00,0.03329,0.03392,0.03322,0.03379,33158233.4
2026-04-04 04:00:00,0.03378,0.03388,0.03327,0.03341,23559567.3
2026-04-04 08:00:00,0.03342,0.03349,0.03321,0.03336,13954247.8
2026-04-04 12:00:00,0.03335,0.03345,0.03298,0.03322,25336949.9
2026-04-04 16:00:00,0.03322,0.03361,0.03305,0.03334,17223757.2
2026-04-04 20:00:00,0.03334,0.03338,0.03315,0.03319,11190318.8
2026-04-05 00:00:00,0.03319,0.03333,0.03301,0.03319,11492066.4
2026-04-05 04:00:00,0.03318,0.03322,0.03246,0.0326,36595989.3
2026-04-05 08:00:00,0.0326,0.03286,0.03253,0.03261,20673091.1
2026-04-05 12:00:00,0.0326,0.03303,0.03219,0.03271,37365365.2
2026-04-05 16:00:00,0.0327,0.03279,0.03252,0.03266,19270937.5
2026-04-05 20:00:00,0.03266,0.03333,0.03251,0.03332,25647583.7
2026-04-06 00:00:00,0.03333,0.03379,0.03325,0.03351,25751778.9
2026-04-06 04:00:00,0.03351,0.03354,0.03316,0.03335,20848609.2
2026-04-06 08:00:00,0.03335,0.03409,0.03335,0.03389,31757019.5
2026-04-06 12:00:00,0.03389,0.03404,0.03342,0.03367,27567312.6
2026-04-06 16:00:00,0.03366,0.0337,0.03303,0.03309,20162874.1
2026-04-06 20:00:00,0.03309,0.03309,0.03237,0.03254,46340296.9
2026-04-07 00:00:00,0.03253,0.0327,0.03238,0.03258,24726708.6
2026-04-07 04:00:00,0.03258,0.03279,0.03239,0.03255,20166879.6
2026-04-07 08:00:00,0.03254,0.03268,0.03195,0.03218,47450965.2
2026-04-07 12:00:00,0.03218,0.03254,0.0319,0.03246,49606037.9
2026-04-07 16:00:00,0.03246,0.03281,0.0323,0.0328,29840549.4
2026-04-07 20:00:00,0.03281,0.03497,0.03264,0.03466,72618448.0
2026-04-08 00:00:00,0.03466,0.03481,0.03388,0.03397,32080679.9
2026-04-08 04:00:00,0.03397,0.03446,0.03382,0.03391,36241370.7
2026-04-08 08:00:00,0.03392,0.03401,0.03312,0.03328,44542611.6
2026-04-08 12:00:00,0.03329,0.03381,0.03268,0.03304,46292228.4
2026-04-08 16:00:00,0.03304,0.03361,0.03302,0.03318,32958069.8
2026-04-08 20:00:00,0.03318,0.0336,0.03287,0.03292,25459289.0
2026-04-09 00:00:00,0.03291,0.03303,0.03248,0.0326,26367161.5
2026-04-09 04:00:00,0.0326,0.03303,0.03253,0.03297,23746814.5
2026-04-09 08:00:00,0.03297,0.0332,0.03277,0.03297,27655231.1
2026-04-09 12:00:00,0.03297,0.03355,0.03257,0.03339,41982204.5
2026-04-09 16:00:00,0.03339,0.03405,0.03332,0.03378,46752395.1
2026-04-09 20:00:00,0.03379,0.0346,0.03379,0.03388,36467099.3
2026-04-10 00:00:00,0.03389,0.0348,0.03367,0.03398,44187354.7
2026-04-10 04:00:00,0.03398,0.03458,0.03376,0.03382,28624781.7
2026-04-10 08:00:00,0.03382,0.03443,0.03367,0.03428,37687596.9
2026-04-10 12:00:00,0.03427,0.03659,0.03427,0.03519,214476232.9
2026-04-10 16:00:00,0.0352,0.03569,0.03444,0.03567,58686029.0
2026-04-10 20:00:00,0.03567,0.03578,0.03487,0.03493,28512960.9
2026-04-11 00:00:00,0.03493,0.03493,0.03413,0.03472,44544098.6
2026-04-11 04:00:00,0.03471,0.03486,0.03423,0.03449,31366797.0
2026-04-11 08:00:00,0.03449,0.0346,0.03397,0.0341,27908786.1
2026-04-11 12:00:00,0.03409,0.03454,0.03386,0.0345,29374312.4
2026-04-11 16:00:00,0.03449,0.03553,0.03441,0.03538,38313095.4
2026-04-11 20:00:00,0.03539,0.03566,0.03506,0.03529,25280264.2
2026-04-12 00:00:00,0.0353,0.03536,0.03339,0.03373,90884662.0
2026-04-12 04:00:00,0.03372,0.03384,0.03331,0.03348,17759557.0
2026-04-12 08:00:00,0.03348,0.03365,0.03303,0.03338,28428330.7
2026-04-12 12:00:00,0.03337,0.03374,0.03295,0.03311,43571298.6
2026-04-12 16:00:00,0.0331,0.03374,0.03308,0.03349,24328884.2
2026-04-12 20:00:00,0.03349,0.03369,0.03275,0.03277,32681227.0
2026-04-13 00:00:00,0.03277,0.03329,0.03267,0.03305,40699971.9
2026-04-13 04:00:00,0.03304,0.0336,0.03279,0.03285,29914577.8
2026-04-13 08:00:00,0.03285,0.03307,0.03269,0.03288,31561802.6
2026-04-13 12:00:00,0.03289,0.03313,0.03249,0.03291,70972964.1
2026-04-13 16:00:00,0.03291,0.03312,0.03231,0.03284,59763030.6
2026-04-13 20:00:00,0.03283,0.03391,0.03244,0.03352,95974360.4
2026-04-14 00:00:00,0.03352,0.03357,0.03303,0.03316,35338149.5
2026-04-14 04:00:00,0.03316,0.03339,0.03276,0.03328,34135613.2
2026-04-14 08:00:00,0.03328,0.03387,0.03318,0.0333,30777676.6
2026-04-14 12:00:00,0.03331,0.03384,0.03323,0.03324,57119991.0
2026-04-14 16:00:00,0.03324,0.03353,0.03206,0.0323,75275701.8
2026-04-14 20:00:00,0.03231,0.03232,0.03195,0.03213,40625635.9
2026-04-15 00:00:00,0.03213,0.03238,0.03204,0.03214,22164811.9
2026-04-15 04:00:00,0.03214,0.03232,0.03198,0.03211,31733776.4
2026-04-15 08:00:00,0.03211,0.03304,0.03206,0.03292,64949865.9
2026-04-15 12:00:00,0.03292,0.0342,0.03287,0.03343,106238281.6
2026-04-15 16:00:00,0.03343,0.03419,0.03319,0.03407,52242918.1
2026-04-15 20:00:00,0.03407,0.03478,0.0339,0.03431,51193118.3
2026-04-16 00:00:00,0.03432,0.03553,0.03413,0.03546,72296638.1
2026-04-16 04:00:00,0.03545,0.0358,0.03522,0.03561,47569211.8
2026-04-16 08:00:00,0.03561,0.03574,0.03426,0.03432,73391976.2
2026-04-16 12:00:00,0.03431,0.03573,0.03388,0.03565,122665315.7
2026-04-16 16:00:00,0.03565,0.03734,0.03523,0.03691,116470070.5
2026-04-16 20:00:00,0.0369,0.03717,0.03618,0.03645,41066971.2
2026-04-17 00:00:00,0.03645,0.03686,0.03591,0.03633,46386957.7
2026-04-17 04:00:00,0.03633,0.0376,0.0357,0.03715,55165438.4
2026-04-17 08:00:00,0.03716,0.0372,0.03556,0.03643,66715189.6
2026-04-17 12:00:00,0.03643,0.03785,0.03631,0.03702,69227874.8
2026-04-17 16:00:00,0.03702,0.03768,0.03687,0.03741,37537042.9
2026-04-17 20:00:00,0.0374,0.03778,0.03661,0.03689,30323232.1
2026-04-18 00:00:00,0.03688,0.03731,0.03654,0.03662,26962214.6
2026-04-18 04:00:00,0.03662,0.03746,0.03655,0.03721,36644395.9
2026-04-18 08:00:00,0.03721,0.03732,0.03542,0.03578,58796434.9
2026-04-18 12:00:00,0.03577,0.03596,0.03533,0.03569,28437983.5
2026-04-18 16:00:00,0.03568,0.036,0.03525,0.03539,39862815.7
2026-04-18 20:00:00,0.03538,0.03577,0.03513,0.03537,21965670.8
2026-04-19 00:00:00,0.03538,0.03551,0.03459,0.03493,30514114.1
2026-04-19 04:00:00,0.03493,0.03518,0.03464,0.03494,27106479.1
2026-04-19 08:00:00,0.03493,0.03519,0.03431,0.03493,38428566.6
2026-04-19 12:00:00,0.03493,0.0356,0.03459,0.03504,39166677.1
2026-04-19 16:00:00,0.03504,0.03506,0.03396,0.03451,51778686.3
2026-04-19 20:00:00,0.03451,0.03464,0.03367,0.03392,34757416.0
2026-04-20 00:00:00,0.03393,0.03452,0.0339,0.03449,18653305.1
2026-04-20 04:00:00,0.03449,0.03489,0.03395,0.03448,28543501.7
2026-04-20 08:00:00,0.03449,0.03507,0.03425,0.03479,30667017.5
2026-04-20 12:00:00,0.03478,0.03557,0.03467,0.03535,49764249.4
2026-04-20 16:00:00,0.03535,0.03683,0.0351,0.03638,78696441.7
2026-04-20 20:00:00,0.03638,0.03723,0.03601,0.0364,44062300.1
2026-04-21 00:00:00,0.0364,0.03688,0.03612,0.03639,31657421.2
2026-04-21 04:00:00,0.03638,0.03701,0.03606,0.03649,30804290.5
2026-04-21 08:00:00,0.03649,0.03764,0.03634,0.03751,55503737.4
2026-04-21 12:00:00,0.03751,0.03767,0.03632,0.03675,55077002.3
2026-04-21 16:00:00,0.03675,0.03687,0.03594,0.03617,58262994.2
2026-04-21 20:00:00,0.03616,0.03779,0.03614,0.03774,58832019.6
2026-04-22 00:00:00,0.03775,0.04174,0.03775,0.04162,169229773.0
2026-04-22 04:00:00,0.0416,0.04265,0.03949,0.03981,189679368.8
2026-04-22 08:00:00,0.03981,0.04122,0.03962,0.04084,93726362.3
2026-04-22 12:00:00,0.04085,0.0421,0.04049,0.04144,123604279.4
2026-04-22 16:00:00,0.04145,0.04484,0.04138,0.04249,334382919.9
2026-04-22 20:00:00,0.04249,0.04676,0.04222,0.04579,289015672.0
2026-04-23 00:00:00,0.04579,0.04724,0.04449,0.04641,327618020.0
2026-04-23 04:00:00,0.04639,0.05042,0.04578,0.04658,614112128.1
2026-04-23 08:00:00,0.04656,0.04692,0.04255,0.04307,409786821.1
2026-04-23 12:00:00,0.04306,0.04386,0.04192,0.04342,166452422.0
2026-04-23 16:00:00,0.04343,0.04396,0.04149,0.04195,120387331.1
2026-04-23 20:00:00,0.04195,0.04298,0.04186,0.04271,63306212.6
2026-04-24 00:00:00,0.04271,0.04342,0.04201,0.0425,97374600.4
2026-04-24 04:00:00,0.04249,0.04396,0.04208,0.04263,122835689.9
2026-04-24 08:00:00,0.04264,0.04291,0.04184,0.04208,77546662.1
2026-04-24 12:00:00,0.04209,0.04221,0.04094,0.04172,80287728.7
2026-04-24 16:00:00,0.04172,0.04226,0.04102,0.04129,58332082.3
2026-04-24 20:00:00,0.04129,0.04134,0.04033,0.04057,60292787.4
2026-04-25 00:00:00,0.04056,0.04099,0.04023,0.04085,51064808.2
2026-04-25 04:00:00,0.04086,0.04095,0.03986,0.04,51404865.4
2026-04-25 08:00:00,0.04,0.04116,0.03994,0.04053,51773872.4
2026-04-25 12:00:00,0.04053,0.04075,0.03994,0.04021,47964328.4
2026-04-25 16:00:00,0.0402,0.04065,0.03982,0.04018,39400491.8
2026-04-25 20:00:00,0.04018,0.04049,0.04004,0.04049,20448695.2
2026-04-26 00:00:00,0.04049,0.04064,0.0399,0.04014,32144184.6
2026-04-26 04:00:00,0.04014,0.04061,0.04004,0.04058,30130326.7
2026-04-26 08:00:00,0.04058,0.04083,0.0403,0.04052,28666938.5
2026-04-26 12:00:00,0.04053,0.04067,0.04008,0.04045,23521255.0
2026-04-26 16:00:00,0.04046,0.04055,0.04005,0.04014,21764726.0
2026-04-26 20:00:00,0.04013,0.04027,0.0391,0.03979,53237759.0
2026-04-27 00:00:00,0.0398,0.04049,0.03977,0.03987,29686410.5
2026-04-27 04:00:00,0.03988,0.03989,0.03847,0.03852,67512057.9
2026-04-27 08:00:00,0.03851,0.03886,0.03832,0.03844,31320857.1
2026-04-27 12:00:00,0.03845,0.03853,0.03767,0.03776,65676430.3
2026-04-27 16:00:00,0.03775,0.03813,0.03763,0.03792,39867220.6
2026-04-27 20:00:00,0.03793,0.03854,0.03767,0.03848,25185800.5
2026-04-28 00:00:00,0.03849,0.03851,0.03806,0.03846,21050435.8
2026-04-28 04:00:00,0.03846,0.03869,0.03808,0.03838,21931214.5
2026-04-28 08:00:00,0.03839,0.03865,0.03782,0.03795,28960025.9
2026-04-28 12:00:00,0.03796,0.0385,0.03775,0.03845,32180217.1
2026-04-28 16:00:00,0.03846,0.03941,0.03839,0.03914,43988130.6
2026-04-28 20:00:00,0.03914,0.03928,0.03874,0.03893,19403710.7
2026-04-29 00:00:00,0.03893,0.03992,0.03876,0.03988,28726061.5
2026-04-29 04:00:00,0.03989,0.04026,0.03949,0.03953,32989331.8
2026-04-29 08:00:00,0.03953,0.04049,0.03943,0.04002,42795555.9
2026-04-29 12:00:00,0.04001,0.04002,0.03863,0.03884,57665072.9
2026-04-29 16:00:00,0.03885,0.0391,0.03774,0.03828,55433901.0
2026-04-29 20:00:00,0.03829,0.03868,0.03824,0.03851,27613367.4
2026-04-30 00:00:00,0.03851,0.03895,0.03816,0.03833,27252905.9
2026-04-30 04:00:00,0.03832,0.03906,0.03798,0.03901,20927640.8
2026-04-30 08:00:00,0.03902,0.03956,0.0389,0.03917,34775129.2
2026-04-30 12:00:00,0.03917,0.03949,0.03861,0.03893,33470878.1
2026-04-30 16:00:00,0.03892,0.039,0.03843,0.03854,16842831.2
2026-04-30 20:00:00,0.03853,0.03857,0.03816,0.03834,13518231.6
2026-05-01 00:00:00,0.03834,0.03917,0.03816,0.03898,34096087.4
2026-05-01 04:00:00,0.03898,0.03982,0.03898,0.03974,33274911.5
2026-05-01 08:00:00,0.03974,0.03999,0.03871,0.03881,50284096.2
2026-05-01 12:00:00,0.03881,0.03953,0.03869,0.03926,30137569.2
2026-05-01 16:00:00,0.03926,0.03949,0.03895,0.03905,27938158.0
2026-05-01 20:00:00,0.03906,0.0398,0.03884,0.0393,33037171.9
2026-05-02 00:00:00,0.03931,0.03964,0.03925,0.03961,26741789.5
2026-05-02 04:00:00,0.03961,0.03977,0.03903,0.03931,34567426.9
2026-05-02 08:00:00,0.0393,0.03958,0.03911,0.03926,24449994.2
2026-05-02 12:00:00,0.03927,0.03996,0.0392,0.03977,29661086.7
2026-05-02 16:00:00,0.03977,0.04017,0.03939,0.04003,29186254.7
2026-05-02 20:00:00,0.04004,0.04018,0.03974,0.03981,20581082.9
2026-05-03 00:00:00,0.03981,0.03989,0.03931,0.0394,17892607.5
2026-05-03 04:00:00,0.03939,0.03962,0.03905,0.0391,21463790.2
2026-05-03 08:00:00,0.03909,0.0394,0.03868,0.03897,37870145.2
2026-05-03 12:00:00,0.03897,0.03926,0.03852,0.03856,23924757.8
2026-05-03 16:00:00,0.03857,0.03893,0.03839,0.03858,20313152.9
2026-05-03 20:00:00,0.03859,0.03925,0.03852,0.03872,19288769.4
2026-05-04 00:00:00,0.03872,0.03997,0.03851,0.03964,53449188.8
2026-05-04 04:00:00,0.03964,0.04012,0.0394,0.03968,37067029.7
2026-05-04 08:00:00,0.03967,0.03999,0.03787,0.0382,103201589.4
2026-05-04 12:00:00,0.0382,0.03885,0.03812,0.03849,41427800.9
2026-05-04 16:00:00,0.0385,0.03899,0.03827,0.03838,26339740.5
2026-05-04 20:00:00,0.03839,0.03859,0.03805,0.0383,19178194.6
2026-05-05 00:00:00,0.03831,0.03864,0.0381,0.03837,28014854.6
2026-05-05 04:00:00,0.03837,0.03878,0.0383,0.03868,23229264.3
2026-05-05 08:00:00,0.03867,0.03897,0.03842,0.03859,28350618.2
2026-05-05 12:00:00,0.03858,0.03887,0.0378,0.03796,48735004.2
2026-05-05 16:00:00,0.03797,0.0384,0.03789,0.03818,28145063.9
2026-05-05 20:00:00,0.03819,0.04055,0.03819,0.03945,114846851.2
2026-05-06 00:00:00,0.03945,0.04268,0.03913,0.04206,147883664.5
2026-05-06 04:00:00,0.04204,0.04293,0.04058,0.04282,105567268.9
2026-05-06 08:00:00,0.04281,0.04501,0.04268,0.04285,227413010.7
2026-05-06 12:00:00,0.04286,0.04299,0.04032,0.04141,158304819.4
2026-05-06 16:00:00,0.0414,0.04174,0.04024,0.04069,54904299.1
2026-05-06 20:00:00,0.04069,0.04156,0.04067,0.04092,33255560.5
2026-05-07 00:00:00,0.04091,0.04104,0.03978,0.0401,50320018.4
2026-05-07 04:00:00,0.04009,0.04199,0.04009,0.04156,80231763.6
2026-05-07 08:00:00,0.04155,0.04272,0.04146,0.04215,88589861.5
2026-05-07 12:00:00,0.04215,0.04414,0.04214,0.0438,145399072.8
2026-05-07 16:00:00,0.04381,0.04539,0.04244,0.04511,233520633.6
2026-05-07 20:00:00,0.0451,0.04713,0.0449,0.04602,171926016.9
2026-05-08 00:00:00,0.04603,0.04803,0.04469,0.04702,188485057.7
2026-05-08 04:00:00,0.04702,0.05214,0.04676,0.05184,469330805.2
2026-05-08 08:00:00,0.05186,0.0598,0.05081,0.05602,2422717471.1
2026-05-08 12:00:00,0.05602,0.05736,0.05266,0.05725,1531746704.0
2026-05-08 16:00:00,0.05725,0.05929,0.05575,0.05665,890136673.5
2026-05-08 20:00:00,0.05666,0.05935,0.05454,0.05608,538580417.9
2026-05-09 00:00:00,0.05607,0.05727,0.05477,0.05704,334991693.3
2026-05-09 04:00:00,0.05704,0.06367,0.05529,0.05839,1390946979.8
2026-05-09 08:00:00,0.05838,0.05862,0.05582,0.05657,440492655.7
2026-05-09 12:00:00,0.05658,0.05707,0.05239,0.05288,376960298.5
2026-05-09 16:00:00,0.05289,0.05362,0.05142,0.05273,336104342.4
2026-05-09 20:00:00,0.05274,0.05504,0.05211,0.05298,195839195.2
2026-05-10 00:00:00,0.05298,0.05482,0.05266,0.05464,126643440.2
2026-05-10 04:00:00,0.05464,0.05478,0.05183,0.05349,167988978.6
2026-05-10 08:00:00,0.05349,0.05376,0.05207,0.05228,106375623.2
2026-05-10 12:00:00,0.05229,0.05288,0.05158,0.0521,110754271.9
2026-05-10 16:00:00,0.0521,0.05332,0.05173,0.05222,99318223.8
2026-05-10 20:00:00,0.05223,0.05251,0.05019,0.0521,147755570.4
2026-05-11 00:00:00,0.0521,0.05243,0.05032,0.0507,86173417.5
2026-05-11 04:00:00,0.0507,0.0513,0.05007,0.05096,89296380.7
2026-05-11 08:00:00,0.05096,0.05126,0.05022,0.05066,62300956.5
2026-05-11 12:00:00,0.05067,0.0507,0.04931,0.04961,77010396.7
2026-05-11 16:00:00,0.04961,0.05072,0.04959,0.05048,60290961.9
2026-05-11 20:00:00,0.05048,0.05085,0.05026,0.05033,28927693.5
2026-05-12 00:00:00,0.05033,0.0505,0.04873,0.04879,71899051.0
2026-05-12 04:00:00,0.04878,0.04952,0.04877,0.04942,59394469.4
2026-05-12 08:00:00,0.04943,0.04947,0.04754,0.0483,85985732.6
2026-05-12 12:00:00,0.0483,0.05189,0.04769,0.04777,377072812.0
2026-05-12 16:00:00,0.04777,0.04906,0.04744,0.04898,74948469.1
2026-05-12 20:00:00,0.04898,0.04977,0.0489,0.0491,47108443.6
2026-05-13 00:00:00,0.0491,0.05051,0.04897,0.05041,75947440.8
2026-05-13 04:00:00,0.05042,0.05133,0.04918,0.0495,111852795.1
2026-05-13 08:00:00,0.04949,0.04999,0.04854,0.04884,93410671.0
2026-05-13 12:00:00,0.04884,0.04904,0.04666,0.0468,125488558.3
2026-05-13 16:00:00,0.04681,0.04774,0.04678,0.04718,29369544.7
2026-05-13 20:00:00,0.04719,0.04752,0.04639,0.0472,25556082.7
2026-05-14 00:00:00,0.04721,0.04735,0.04588,0.046,39246324.7
2026-05-14 04:00:00,0.04601,0.04654,0.04587,0.04594,41001127.5
2026-05-14 08:00:00,0.04595,0.0464,0.04549,0.0456,51655268.8
2026-05-14 12:00:00,0.04559,0.04668,0.04557,0.04647,44111783.9
2026-05-14 16:00:00,0.04647,0.0473,0.04631,0.04701,46045376.6
2026-05-14 20:00:00,0.04702,0.04712,0.04633,0.04645,30189897.5
2026-05-15 00:00:00,0.04644,0.04689,0.04579,0.04626,37763993.9
2026-05-15 04:00:00,0.04626,0.04634,0.04492,0.0453,41764879.2
2026-05-15 08:00:00,0.04531,0.04569,0.04503,0.04542,35435298.5
2026-05-15 12:00:00,0.04541,0.04556,0.04315,0.04375,86593092.5
2026-05-15 16:00:00,0.04375,0.04452,0.04359,0.0439,41112760.0
2026-05-15 20:00:00,0.0439,0.04412,0.04366,0.044,18813714.1
2026-05-16 00:00:00,0.04401,0.04451,0.04391,0.0443,23558656.0
2026-05-16 04:00:00,0.04429,0.04447,0.042,0.04255,54279603.6
2026-05-16 08:00:00,0.04254,0.04262,0.04124,0.04189,59713763.2
2026-05-16 12:00:00,0.04188,0.04266,0.04184,0.04249,34468064.6
2026-05-16 16:00:00,0.04249,0.04293,0.04234,0.04248,23944927.5
2026-05-16 20:00:00,0.04249,0.04256,0.04204,0.04215,14592771.5
2026-05-17 00:00:00,0.04216,0.04258,0.04168,0.04253,26782536.8
2026-05-17 04:00:00,0.04252,0.04345,0.04247,0.04326,33039271.4
2026-05-17 08:00:00,0.04327,0.04329,0.04252,0.0426,24220130.6
2026-05-17 12:00:00,0.0426,0.04267,0.04195,0.04212,19924889.3
2026-05-17 16:00:00,0.04212,0.04227,0.04142,0.0421,29100192.6
2026-05-17 20:00:00,0.04209,0.04255,0.03926,0.04077,69397459.3
2026-05-18 00:00:00,0.04077,0.04124,0.04045,0.0408,37130204.7
2026-05-18 04:00:00,0.04081,0.04098,0.03988,0.0401,44000784.9
2026-05-18 08:00:00,0.04011,0.04048,0.03971,0.04014,45820622.4
2026-05-18 12:00:00,0.04014,0.0407,0.03932,0.03988,67427671.9
2026-05-18 16:00:00,0.03989,0.04039,0.03918,0.0403,41269924.0
2026-05-18 20:00:00,0.04031,0.04071,0.03993,0.0407,34788584.8
2026-05-19 00:00:00,0.0407,0.04112,0.0404,0.0408,35573050.3
2026-05-19 04:00:00,0.0408,0.04192,0.04071,0.0418,45083178.3
2026-05-19 08:00:00,0.04179,0.04182,0.04021,0.04025,62357358.6
2026-05-19 12:00:00,0.04024,0.04059,0.03969,0.04,45866492.2
2026-05-19 16:00:00,0.04,0.04069,0.03988,0.04004,31861879.1
2026-05-19 20:00:00,0.04003,0.04024,0.03954,0.0397,25778242.9
2026-05-20 00:00:00,0.0397,0.04064,0.03956,0.04041,31444424.3
2026-05-20 04:00:00,0.04041,0.04229,0.04021,0.04188,45160328.7
2026-05-20 08:00:00,0.04188,0.04272,0.04162,0.04248,73760553.9
2026-05-20 12:00:00,0.04248,0.04385,0.04145,0.04363,106113654.3
2026-05-20 16:00:00,0.04362,0.04563,0.04249,0.04506,138308293.0
2026-05-20 20:00:00,0.04505,0.04512,0.04322,0.04353,69350266.4
2026-05-21 00:00:00,0.04353,0.04497,0.043,0.04453,67317759.4
2026-05-21 04:00:00,0.04453,0.04497,0.04346,0.04401,71693192.8
2026-05-21 08:00:00,0.044,0.04521,0.04317,0.0433,92520919.2
2026-05-21 12:00:00,0.04331,0.04466,0.04324,0.04399,78403417.0
2026-05-21 16:00:00,0.044,0.04538,0.04337,0.04499,83607609.8
2026-05-21 20:00:00,0.04499,0.04507,0.04371,0.04403,36803221.3
2026-05-22 00:00:00,0.04403,0.04445,0.04355,0.04411,23956963.2
2026-05-22 04:00:00,0.04412,0.04462,0.04358,0.04371,38311424.9
2026-05-22 08:00:00,0.0437,0.04425,0.04338,0.04366,39730525.2
2026-05-22 12:00:00,0.04367,0.04456,0.04261,0.04286,81927471.6
2026-05-22 16:00:00,0.04285,0.04304,0.04041,0.04082,110171064.9
2026-05-22 20:00:00,0.04081,0.04137,0.0398,0.04019,59081940.4
2026-05-23 00:00:00,0.0402,0.04063,0.03998,0.04043,29231763.0
2026-05-23 04:00:00,0.04043,0.04045,0.03841,0.039,60829276.3
2026-05-23 08:00:00,0.03899,0.03936,0.03866,0.03914,40537598.3
2026-05-23 12:00:00,0.03914,0.04008,0.03892,0.03977,39511753.5
2026-05-23 16:00:00,0.03978,0.04095,0.03957,0.04069,48431658.4
2026-05-23 20:00:00,0.04069,0.04252,0.04061,0.04109,65586251.4
2026-05-24 00:00:00,0.0411,0.04115,0.04032,0.04044,25125455.5
2026-05-24 04:00:00,0.04045,0.04068,0.04007,0.04042,31578497.4
2026-05-24 08:00:00,0.04042,0.04053,0.03974,0.04003,57988805.8
2026-05-24 12:00:00,0.04002,0.04003,0.03878,0.03955,68829216.3
2026-05-24 16:00:00,0.03955,0.03987,0.03937,0.03948,29699062.4
2026-05-24 20:00:00,0.03949,0.04014,0.03848,0.03975,64685103.9
2026-05-25 00:00:00,0.03976,0.04007,0.03948,0.03958,22997497.4
2026-05-25 04:00:00,0.03958,0.0408,0.03947,0.04031,38180941.2
2026-05-25 08:00:00,0.04031,0.04093,0.04023,0.04056,26343194.5
2026-05-25 12:00:00,0.04056,0.0424,0.04042,0.04181,80402499.6
2026-05-25 16:00:00,0.04181,0.04211,0.04096,0.04126,45987524.0
2026-05-25 20:00:00,0.04126,0.04179,0.0406,0.04098,31757042.5
2026-05-26 00:00:00,0.04098,0.04104,0.03985,0.0401,45438636.2
2026-05-26 04:00:00,0.04009,0.04101,0.04001,0.04052,29152792.8
2026-05-26 08:00:00,0.04052,0.0419,0.04035,0.04153,44247640.2
2026-05-26 12:00:00,0.04153,0.04244,0.04103,0.04151,75176896.4
2026-05-26 16:00:00,0.04151,0.04156,0.03981,0.04041,57408088.5
2026-05-26 20:00:00,0.04041,0.04074,0.0401,0.04034,18023705.0
2026-05-27 00:00:00,0.04034,0.04108,0.03962,0.03975,39809527.8
2026-05-27 04:00:00,0.03974,0.04152,0.03912,0.04125,64653483.7
2026-05-27 08:00:00,0.04126,0.04163,0.04058,0.04103,38818150.7
2026-05-27 12:00:00,0.04103,0.04162,0.03984,0.0411,60286364.5
2026-05-27 16:00:00,0.0411,0.04146,0.04034,0.04115,43167285.6
2026-05-27 20:00:00,0.04115,0.04124,0.03892,0.03916,57106745.5
2026-05-28 00:00:00,0.03915,0.03959,0.03745,0.03766,92288348.9
2026-05-28 04:00:00,0.03766,0.03766,0.03589,0.03666,123864693.9
2026-05-28 08:00:00,0.03667,0.03669,0.0351,0.0355,89432685.3
2026-05-28 12:00:00,0.0355,0.03564,0.03458,0.03545,95759957.8
2026-05-28 16:00:00,0.03544,0.0375,0.03516,0.03715,105253628.9
2026-05-28 20:00:00,0.03715,0.03743,0.03653,0.03685,37418006.4
2026-05-29 00:00:00,0.03685,0.03743,0.03667,0.0368,32256209.9
2026-05-29 04:00:00,0.0368,0.03699,0.03641,0.03677,31079609.3
2026-05-29 08:00:00,0.03676,0.03773,0.03673,0.03719,52394329.2
2026-05-29 12:00:00,0.03718,0.03813,0.03602,0.0378,76861381.8
2026-05-29 16:00:00,0.03781,0.03812,0.0366,0.0371,43743993.6
2026-05-29 20:00:00,0.0371,0.03751,0.0368,0.03725,23208871.5
2026-05-30 00:00:00,0.03724,0.03825,0.03715,0.03814,35467403.5
2026-05-30 04:00:00,0.03814,0.03862,0.03732,0.03833,40119281.1
2026-05-30 08:00:00,0.03832,0.03865,0.03766,0.03779,32317868.7
2026-05-30 12:00:00,0.03779,0.03784,0.03721,0.03752,31473972.2
2026-05-30 16:00:00,0.03753,0.03777,0.03725,0.03738,18390183.1
2026-05-30 20:00:00,0.03738,0.03776,0.03695,0.0372,25882220.8
2026-05-31 00:00:00,0.03721,0.03768,0.03717,0.03762,16972185.7
2026-05-31 04:00:00,0.03762,0.03793,0.03707,0.03718,19572485.7
2026-05-31 08:00:00,0.03718,0.03762,0.03707,0.03736,22632185.0
2026-05-31 12:00:00,0.03735,0.03805,0.03674,0.03714,45609854.2
2026-05-31 16:00:00,0.03714,0.03747,0.03642,0.03737,38358026.6
2026-05-31 20:00:00,0.03737,0.0385,0.03737,0.03834,32358415.7
2026-06-01 00:00:00,0.03834,0.03954,0.03769,0.03924,33502479.3
2026-06-01 04:00:00,0.03925,0.03939,0.03742,0.03754,36756036.3
2026-06-01 08:00:00,0.03754,0.03775,0.03707,0.03721,38003316.1
2026-06-01 12:00:00,0.03721,0.03741,0.03654,0.03708,68895782.9
2026-06-01 16:00:00,0.03707,0.03866,0.0369,0.03859,44720248.5
2026-06-01 20:00:00,0.03859,0.03867,0.03773,0.03831,28375663.8
2026-06-02 00:00:00,0.03831,0.03834,0.03674,0.03789,41513141.9
2026-06-02 04:00:00,0.0379,0.03798,0.03631,0.03677,39319132.5
2026-06-02 08:00:00,0.03678,0.0375,0.03645,0.0373,32635412.3
2026-06-02 12:00:00,0.03729,0.03804,0.0345,0.03503,137167928.5
2026-06-02 16:00:00,0.03503,0.03671,0.0344,0.03533,95096076.8
2026-06-02 20:00:00,0.03533,0.03649,0.03375,0.03467,117715657.3
2026-06-03 00:00:00,0.03467,0.03583,0.03458,0.03473,52837127.1
2026-06-03 04:00:00,0.03474,0.03708,0.03473,0.0368,58278470.0
2026-06-03 08:00:00,0.0368,0.03755,0.03639,0.03689,45608602.9
2026-06-03 12:00:00,0.03689,0.03761,0.03655,0.03683,45667675.9
2026-06-03 16:00:00,0.03684,0.03753,0.03608,0.03653,62767309.1
2026-06-03 20:00:00,0.03652,0.03739,0.03563,0.03621,53213285.9
2026-06-04 00:00:00,0.03621,0.03664,0.03277,0.03615,175656223.8
2026-06-04 04:00:00,0.03616,0.03622,0.03388,0.03391,76463583.8
2026-06-04 08:00:00,0.03391,0.03434,0.03314,0.03433,104296268.8
2026-06-04 12:00:00,0.03433,0.03872,0.03389,0.03852,246872002.9
2026-06-04 16:00:00,0.03852,0.03885,0.03555,0.03634,234898973.5
2026-06-04 20:00:00,0.03635,0.03673,0.03479,0.03559,80871159.4
2026-06-05 00:00:00,0.03558,0.03592,0.03383,0.0341,74128465.3
2026-06-05 04:00:00,0.03411,0.0348,0.03182,0.03391,173917035.0
2026-06-05 08:00:00,0.03391,0.0345,0.03304,0.03341,76271679.7
2026-06-05 12:00:00,0.03341,0.0343,0.03151,0.03201,149281131.9
2026-06-05 16:00:00,0.032,0.03304,0.02997,0.03123,160401584.2
2026-06-05 20:00:00,0.03122,0.03295,0.0309,0.03259,69318381.9
2026-06-06 00:00:00,0.03259,0.03297,0.03154,0.03158,42946012.0
2026-06-06 04:00:00,0.03157,0.03171,0.02947,0.03137,108082391.2
2026-06-06 08:00:00,0.03137,0.03201,0.03061,0.03138,68921987.7
2026-06-06 12:00:00,0.03138,0.03199,0.031,0.03144,46192791.0
2026-06-06 16:00:00,0.03142,0.03173,0.03092,0.03111,42350907.9
2026-06-06 20:00:00,0.03111,0.03173,0.03098,0.0316,27668642.6
2026-06-07 00:00:00,0.0316,0.03281,0.03147,0.0324,43809454.8
2026-06-07 04:00:00,0.03239,0.03317,0.0321,0.03312,61923816.0
2026-06-07 08:00:00,0.03311,0.03375,0.03273,0.03331,45001444.0
2026-06-07 12:00:00,0.03331,0.03378,0.03257,0.03343,46636412.6
2026-06-07 16:00:00,0.03343,0.03367,0.03225,0.03242,45457973.3
2026-06-07 20:00:00,0.03242,0.03471,0.03234,0.03371,45174744.6
2026-06-08 00:00:00,0.03371,0.03432,0.03337,0.03402,32229247.1
2026-06-08 04:00:00,0.03402,0.03415,0.03318,0.03384,34579104.5
2026-06-08 08:00:00,0.03384,0.03473,0.03361,0.03447,40097692.3
2026-06-08 12:00:00,0.03448,0.03592,0.03406,0.03487,89378618.8
2026-06-08 16:00:00,0.03488,0.03526,0.03448,0.03479,38296737.4
2026-06-08 20:00:00,0.03479,0.03498,0.03396,0.03418,39275950.6
2026-06-09 00:00:00,0.03418,0.03423,0.03319,0.0336,43066851.0
2026-06-09 04:00:00,0.0336,0.03486,0.0334,0.03469,29921034.2
2026-06-09 08:00:00,0.03469,0.03478,0.03418,0.03458,28554999.7
2026-06-09 12:00:00,0.03457,0.03492,0.03308,0.03322,77510844.8
2026-06-09 16:00:00,0.03321,0.03476,0.03292,0.03452,57437338.6
2026-06-09 20:00:00,0.03452,0.035,0.03427,0.03483,21355730.2
2026-06-10 00:00:00,0.03483,0.03561,0.03481,0.03508,39208502.7
2026-06-10 04:00:00,0.03509,0.0352,0.03413,0.03476,44010339.7
2026-06-10 08:00:00,0.03477,0.03478,0.03356,0.03384,37542879.8
2026-06-10 12:00:00,0.03384,0.03575,0.03377,0.03514,69624773.7
2026-06-10 16:00:00,0.03515,0.03536,0.03387,0.03401,46911052.4
2026-06-10 20:00:00,0.03399,0.0341,0.03282,0.03311,46131754.4
2026-06-11 00:00:00,0.0331,0.0345,0.0331,0.03437,34127783.5
2026-06-11 04:00:00,0.03437,0.03538,0.03418,0.03478,35691800.7
2026-06-11 08:00:00,0.03479,0.03502,0.03415,0.03443,29992715.6
2026-06-11 12:00:00,0.03444,0.03466,0.03379,0.03456,37695868.3
2026-06-11 16:00:00,0.03457,0.03552,0.03398,0.03512,40633070.9
2026-06-11 20:00:00,0.03512,0.0352,0.03437,0.03443,19492702.8
2026-06-12 00:00:00,0.03443,0.03457,0.03328,0.03384,34969639.1
2026-06-12 04:00:00,0.03384,0.03409,0.03303,0.03325,45088301.5
2026-06-12 08:00:00,0.03326,0.03516,0.03325,0.03484,50330850.4
2026-06-12 12:00:00,0.03483,0.03499,0.03376,0.03379,54140235.7
2026-06-12 16:00:00,0.0338,0.03448,0.03347,0.03349,32936088.6
2026-06-12 20:00:00,0.03349,0.03381,0.03333,0.03362,18299900.9
2026-06-13 00:00:00,0.03362,0.03419,0.0335,0.0336,19752403.4
2026-06-13 04:00:00,0.0336,0.03471,0.03327,0.0344,35077420.9
2026-06-13 08:00:00,0.0344,0.03468,0.03399,0.03445,21323188.4
2026-06-13 12:00:00,0.03446,0.03537,0.03446,0.03493,33010681.6
2026-06-13 16:00:00,0.03493,0.03518,0.03435,0.03478,29272972.8
2026-06-13 20:00:00,0.03478,0.03522,0.03459,0.03469,15750179.5
2026-06-14 00:00:00,0.03468,0.03502,0.03445,0.03481,24153548.2
2026-06-14 04:00:00,0.03481,0.03547,0.03452,0.03455,33734551.1
2026-06-14 08:00:00,0.03455,0.03456,0.03402,0.03428,28130690.3
2026-06-14 12:00:00,0.03428,0.0343,0.03335,0.03354,30054190.5
2026-06-14 16:00:00,0.03354,0.03401,0.03339,0.03389,16688581.9
2026-06-14 20:00:00,0.0339,0.03602,0.03383,0.03579,49601892.2
2026-06-15 00:00:00,0.0358,0.03725,0.03566,0.03669,43099054.7
2026-06-15 04:00:00,0.03668,0.03765,0.03635,0.03694,52100680.6
2026-06-15 08:00:00,0.03695,0.03802,0.03687,0.03771,64407677.8
2026-06-15 12:00:00,0.03772,0.03797,0.03688,0.03745,52275346.8
2026-06-15 16:00:00,0.03745,0.03781,0.03609,0.03622,41318124.3
2026-06-15 20:00:00,0.03621,0.03668,0.03593,0.03631,27219852.2
2026-06-16 00:00:00,0.03632,0.03662,0.03577,0.03637,24722534.2
2026-06-16 04:00:00,0.03638,0.03659,0.03608,0.03637,18796123.3
2026-06-16 08:00:00,0.03637,0.03682,0.03633,0.03678,21418521.3
2026-06-16 12:00:00,0.03679,0.03714,0.03527,0.03563,55638774.2
2026-06-16 16:00:00,0.03563,0.03621,0.03529,0.03544,27552143.2
2026-06-16 20:00:00,0.03544,0.0359,0.03514,0.03533,17882650.0
2026-06-17 00:00:00,0.03534,0.03617,0.03533,0.03565,19016621.0
2026-06-17 04:00:00,0.03566,0.03574,0.03484,0.03516,26156326.8
2026-06-17 08:00:00,0.03516,0.03559,0.0349,0.03538,28657589.8
2026-06-17 12:00:00,0.03538,0.03597,0.03494,0.03597,33330258.0
2026-06-17 16:00:00,0.03597,0.0361,0.03443,0.03465,59775630.9
2026-06-17 20:00:00,0.03464,0.03483,0.03405,0.03443,32814894.5
2026-06-18 00:00:00,0.03444,0.03507,0.03437,0.03446,28571092.5
2026-06-18 04:00:00,0.03446,0.03464,0.03363,0.0344,40637617.3
2026-06-18 08:00:00,0.0344,0.03473,0.03398,0.03403,27595189.9
2026-06-18 12:00:00,0.03403,0.03454,0.03323,0.03338,51109352.0
2026-06-18 16:00:00,0.03337,0.03399,0.0333,0.03388,31282992.4
2026-06-18 20:00:00,0.03389,0.03569,0.03389,0.03551,45533379.3
2026-06-19 00:00:00,0.0355,0.0361,0.0346,0.03474,42454278.3
2026-06-19 04:00:00,0.03474,0.03506,0.03395,0.03407,42171615.5
2026-06-19 08:00:00,0.03406,0.03462,0.03386,0.03409,27845145.9
2026-06-19 12:00:00,0.03409,0.03471,0.03376,0.03439,30947019.4
2026-06-19 16:00:00,0.03439,0.03464,0.03407,0.03419,19448602.0
2026-06-19 20:00:00,0.0342,0.03443,0.03405,0.03439,23897908.9
2026-06-20 00:00:00,0.03439,0.03505,0.03415,0.03423,22442741.8
2026-06-20 04:00:00,0.03424,0.03474,0.03413,0.03438,19048401.8
2026-06-20 08:00:00,0.03437,0.03481,0.03423,0.03438,14256333.3
2026-06-20 12:00:00,0.03438,0.0345,0.03356,0.0345,30170954.9
2026-06-20 16:00:00,0.0345,0.0345,0.03376,0.03398,19712434.1
2026-06-20 20:00:00,0.03397,0.0346,0.03397,0.03427,13333522.6
2026-06-21 00:00:00,0.03427,0.03544,0.03414,0.03442,35936003.0
2026-06-21 04:00:00,0.03443,0.03452,0.03392,0.03421,17602411.0
2026-06-21 08:00:00,0.03421,0.03469,0.03401,0.03409,22566480.5
2026-06-21 12:00:00,0.03409,0.03456,0.03385,0.03433,20150072.9
2026-06-21 16:00:00,0.03433,0.0344,0.03396,0.03428,11039219.7
2026-06-21 20:00:00,0.03428,0.0343,0.03316,0.03335,28739292.3
2026-06-22 00:00:00,0.03336,0.03467,0.0333,0.03409,20639611.6
2026-06-22 04:00:00,0.03409,0.03453,0.03395,0.0343,12056557.2
2026-06-22 08:00:00,0.0343,0.03481,0.03418,0.03477,17856786.8
2026-06-22 12:00:00,0.03475,0.0352,0.03393,0.03397,45842729.3
2026-06-22 16:00:00,0.03397,0.03419,0.03346,0.03364,35021746.8
2026-06-22 20:00:00,0.03363,0.03378,0.03281,0.0332,31605527.6
2026-06-23 00:00:00,0.0332,0.03345,0.03305,0.03344,20569327.8
2026-06-23 04:00:00,0.03342,0.0335,0.03204,0.03257,43232302.6
2026-06-23 08:00:00,0.03258,0.03281,0.03149,0.03203,71499228.2
2026-06-23 12:00:00,0.03203,0.03249,0.03182,0.0321,30993590.5
2026-06-23 16:00:00,0.03209,0.03225,0.03165,0.032,25113248.3
2026-06-23 20:00:00,0.032,0.0323,0.03193,0.03202,13683527.2
2026-06-24 00:00:00,0.03203,0.03225,0.03169,0.0318,15785074.3
2026-06-24 04:00:00,0.0318,0.03189,0.03143,0.03151,24960222.4
2026-06-24 08:00:00,0.03151,0.03194,0.03108,0.03168,32825469.8
2026-06-24 12:00:00,0.03168,0.03186,0.03065,0.03076,66844079.3
2026-06-24 16:00:00,0.03076,0.03128,0.02938,0.03016,99308623.1
2026-06-24 20:00:00,0.03016,0.03111,0.03009,0.03079,27874995.3
2026-06-25 00:00:00,0.03079,0.03136,0.03074,0.03094,22761664.8
2026-06-25 04:00:00,0.03094,0.03139,0.03073,0.03124,15011731.8
2026-06-25 08:00:00,0.03125,0.03164,0.03082,0.03102,58690624.0
2026-06-25 12:00:00,0.03102,0.03146,0.02878,0.02991,112926002.4
2026-06-25 16:00:00,0.0299,0.03021,0.02948,0.02975,40824016.2
2026-06-25 20:00:00,0.02976,0.03004,0.02953,0.02964,24019577.7
2026-06-26 00:00:00,0.02965,0.02973,0.02823,0.02917,63224825.7
2026-06-26 04:00:00,0.02917,0.02994,0.02894,0.02978,59418509.5
2026-06-26 08:00:00,0.02979,0.02983,0.02858,0.02868,40278079.4
2026-06-26 12:00:00,0.02869,0.02939,0.02818,0.02926,65845047.1
2026-06-26 16:00:00,0.02927,0.0299,0.02901,0.0292,59776779.7
2026-06-26 20:00:00,0.02918,0.02975,0.02843,0.0288,44764003.3
2026-06-27 00:00:00,0.02881,0.02918,0.02858,0.02886,30266175.0
2026-06-27 04:00:00,0.02886,0.02948,0.02885,0.02908,29303898.1
2026-06-27 08:00:00,0.02908,0.02935,0.02877,0.02897,25920084.2
2026-06-27 12:00:00,0.02897,0.02948,0.02877,0.02936,29132321.3
2026-06-27 16:00:00,0.02936,0.02955,0.02859,0.02884,37316429.3
2026-06-27 20:00:00,0.02884,0.02902,0.02827,0.0284,34264239.0
2026-06-28 00:00:00,0.02839,0.02921,0.0283,0.02919,21758307.5
2026-06-28 04:00:00,0.02919,0.03009,0.02898,0.02935,76446359.8
2026-06-28 08:00:00,0.02935,0.02986,0.02895,0.02913,42024479.3
2026-06-28 12:00:00,0.02912,0.0293,0.02866,0.0291,32568465.9
2026-06-28 16:00:00,0.0291,0.02924,0.02843,0.02857,30547499.1
2026-06-28 20:00:00,0.02856,0.02885,0.02791,0.02866,42604018.0
2026-06-29 00:00:00,0.02865,0.02983,0.0283,0.02927,56697210.4
2026-06-29 04:00:00,0.02926,0.02993,0.02883,0.02983,30560092.4
2026-06-29 08:00:00,0.02984,0.03016,0.02919,0.02925,56782902.6
2026-06-29 12:00:00,0.02925,0.02973,0.02887,0.02959,57862015.6
2026-06-29 16:00:00,0.02958,0.03074,0.02945,0.0304,55816045.7
2026-06-29 20:00:00,0.0304,0.03131,0.03001,0.03016,43721790.1
2026-06-30 00:00:00,0.03015,0.03059,0.02966,0.02969,38672239.8
2026-06-30 04:00:00,0.02968,0.03008,0.02935,0.02952,30191681.8
2026-06-30 08:00:00,0.02952,0.02975,0.02931,0.02938,35226797.6
2026-06-30 12:00:00,0.02937,0.03021,0.0291,0.02969,54728994.7
2026-06-30 16:00:00,0.0297,0.02982,0.0293,0.02959,35327976.2
2026-06-30 20:00:00,0.02958,0.02973,0.02903,0.02912,20601912.2
2026-07-01 00:00:00,0.02912,0.02944,0.02822,0.02941,41098330.3
2026-07-01 04:00:00,0.02941,0.03003,0.02884,0.0291,34022753.7
2026-07-01 08:00:00,0.02909,0.02948,0.02886,0.02932,25399764.0
2026-07-01 12:00:00,0.02932,0.03025,0.02872,0.02988,53079355.4
2026-07-01 16:00:00,0.02988,0.03029,0.02958,0.02975,48378265.2
2026-07-01 20:00:00,0.02976,0.03065,0.02962,0.02972,41719210.2
2026-07-02 00:00:00,0.02972,0.03049,0.02955,0.03045,24167441.8
2026-07-02 04:00:00,0.03045,0.03056,0.02986,0.03004,21299693.0
2026-07-02 08:00:00,0.03004,0.03106,0.02992,0.03073,45544389.0
2026-07-02 12:00:00,0.03073,0.0318,0.03022,0.03042,81646973.0
2026-07-02 16:00:00,0.03041,0.03093,0.03017,0.03041,28604304.8
2026-07-02 20:00:00,0.03042,0.03076,0.03034,0.03056,13948941.6
2026-07-03 00:00:00,0.03056,0.03115,0.03036,0.03092,20695870.0
2026-07-03 04:00:00,0.03093,0.03138,0.03075,0.03093,20143081.9
2026-07-03 08:00:00,0.03093,0.03178,0.03091,0.03151,33905793.9
2026-07-03 12:00:00,0.03151,0.03166,0.03103,0.03134,26614875.2
2026-07-03 16:00:00,0.03134,0.03159,0.03117,0.03143,14790609.1
2026-07-03 20:00:00,0.03142,0.03218,0.03134,0.0319,27209232.1
2026-07-04 00:00:00,0.03189,0.03203,0.03163,0.03173,17686567.1
2026-07-04 04:00:00,0.03173,0.03181,0.03111,0.03122,26776225.6
2026-07-04 08:00:00,0.03123,0.03133,0.03079,0.03113,34868041.1
2026-07-04 12:00:00,0.03113,0.03166,0.03113,0.03158,17712597.5
2026-07-04 16:00:00,0.03158,0.03193,0.03142,0.03159,20746046.0
2026-07-04 20:00:00,0.03159,0.03168,0.031,0.03122,19071790.9
2026-07-05 00:00:00,0.03123,0.03141,0.03066,0.03072,19540903.5
2026-07-05 04:00:00,0.03072,0.03092,0.03043,0.03082,18510666.0
2026-07-05 08:00:00,0.03082,0.03095,0.03034,0.03063,17669617.1
2026-07-05 12:00:00,0.03062,0.03142,0.03048,0.03086,20517246.8
2026-07-05 16:00:00,0.03087,0.03233,0.03077,0.03135,41870977.4
2026-07-05 20:00:00,0.03134,0.03194,0.03126,0.03171,24332976.8
2026-07-06 00:00:00,0.03171,0.03209,0.03121,0.03133,37105801.5
2026-07-06 04:00:00,0.03133,0.03145,0.03075,0.03104,21919321.2
2026-07-06 08:00:00,0.03105,0.03152,0.0309,0.031,20990861.3
2026-07-06 12:00:00,0.03099,0.03187,0.03026,0.03181,46098069.5
2026-07-06 16:00:00,0.03181,0.03199,0.03136,0.03141,16772070.3
2026-07-06 20:00:00,0.03141,0.03203,0.03131,0.03134,16331477.5
2026-07-07 00:00:00,0.03135,0.03148,0.03067,0.03074,16262220.6
2026-07-07 04:00:00,0.03074,0.03106,0.03057,0.03093,18155410.8
2026-07-07 08:00:00,0.03093,0.0316,0.03083,0.03142,38694795.3
2026-07-07 12:00:00,0.03142,0.03162,0.03007,0.03125,53786726.2
2026-07-07 16:00:00,0.03126,0.03141,0.03042,0.03081,18109752.0
2026-07-07 20:00:00,0.03082,0.03089,0.03026,0.03049,12990624.4
2026-07-08 00:00:00,0.0305,0.03079,0.03,0.0305,22270717.1
2026-07-08 04:00:00,0.0305,0.03054,0.03013,0.03041,20399293.9
2026-07-08 08:00:00,0.03041,0.0307,0.02927,0.02977,73958519.6
2026-07-08 12:00:00,0.02978,0.03009,0.02946,0.02954,42354899.8
2026-07-08 16:00:00,0.02953,0.03016,0.02948,0.03,18420358.1
2026-07-08 20:00:00,0.03001,0.03045,0.02981,0.03033,27756868.8
2026-07-09 00:00:00,0.03031,0.03044,0.02992,0.03009,27150768.9
2026-07-09 04:00:00,0.0301,0.0312,0.03006,0.03106,51666008.1
2026-07-09 08:00:00,0.03107,0.03128,0.03042,0.03061,31823765.9
2026-07-09 12:00:00,0.0306,0.03089,0.03025,0.03033,32803300.9
2026-07-09 16:00:00,0.03033,0.03084,0.03015,0.0305,29855857.9
2026-07-09 20:00:00,0.03051,0.03059,0.03016,0.03026,14050804.6
2026-07-10 00:00:00,0.03026,0.03093,0.0298,0.03075,29883195.8
2026-07-10 04:00:00,0.03075,0.03123,0.03063,0.03081,19711979.0
2026-07-10 08:00:00,0.03081,0.03109,0.0307,0.0309,16023587.4
2026-07-10 12:00:00,0.0309,0.03093,0.03019,0.0306,32181241.8
2026-07-10 16:00:00,0.0306,0.03074,0.03032,0.03044,15535614.8
2026-07-10 20:00:00,0.03044,0.03066,0.03029,0.03061,10046842.1
2026-07-11 00:00:00,0.03062,0.03106,0.03051,0.03061,26320545.6
2026-07-11 04:00:00,0.03061,0.03082,0.03051,0.03071,15977519.8
2026-07-11 08:00:00,0.0307,0.03128,0.03065,0.0309,35845089.0
2026-07-11 12:00:00,0.0309,0.03117,0.03072,0.0309,20037128.3
2026-07-11 16:00:00,0.0309,0.03158,0.03051,0.0314,36290461.6
2026-07-11 20:00:00,0.03141,0.03144,0.03053,0.03053,40122192.6
2026-07-12 00:00:00,0.03052,0.03072,0.03022,0.03062,21467231.1
2026-07-12 04:00:00,0.03061,0.03071,0.03025,0.03038,10855301.3
2026-07-12 08:00:00,0.03037,0.03059,0.03029,0.03051,12151522.8
2026-07-12 12:00:00,0.0305,0.03064,0.03014,0.03039,25807146.2
2026-07-12 16:00:00,0.03038,0.03045,0.02993,0.03023,19770274.8
2026-07-12 20:00:00,0.03022,0.03026,0.0296,0.02985,19222687.3
2026-07-13 00:00:00,0.02984,0.03042,0.02946,0.02963,23798465.9
2026-07-13 04:00:00,0.02963,0.03001,0.02947,0.02998,15454685.6
2026-07-13 08:00:00,0.02997,0.03,0.0297,0.02976,14868572.6
2026-07-13 12:00:00,0.02976,0.02991,0.0294,0.0296,20484271.6
2026-07-13 16:00:00,0.0296,0.02962,0.02846,0.02894,50710099.1
2026-07-13 20:00:00,0.02893,0.02894,0.02813,0.02887,33388288.7
2026-07-14 00:00:00,0.02888,0.02911,0.02873,0.02886,22573089.4
2026-07-14 04:00:00,0.02887,0.02928,0.02886,0.02904,16474384.1
2026-07-14 08:00:00,0.02903,0.02905,0.02881,0.02898,13219861.2
2026-07-14 12:00:00,0.02897,0.02992,0.02897,0.0297,41800731.5
2026-07-14 16:00:00,0.0297,0.02981,0.0286,0.0287,67144415.9
2026-07-14 20:00:00,0.02871,0.02915,0.02862,0.02899,25699726.9
2026-07-15 00:00:00,0.02899,0.02921,0.02885,0.02888,18576045.5
2026-07-15 04:00:00,0.02888,0.02909,0.02835,0.02864,55039084.8
2026-07-15 08:00:00,0.02864,0.02916,0.02859,0.02877,41269256.7
2026-07-15 12:00:00,0.02877,0.0295,0.0287,0.02919,36933911.4
2026-07-15 16:00:00,0.02919,0.02922,0.02862,0.02869,34100688.8
2026-07-15 20:00:00,0.02869,0.02904,0.02868,0.02878,20499511.1
2026-07-16 00:00:00,0.02878,0.02895,0.02859,0.02875,15475755.1
2026-07-16 04:00:00,0.02876,0.02894,0.02842,0.02855,23642000.2
2026-07-16 08:00:00,0.02854,0.02854,0.02808,0.02834,38396174.9
2026-07-16 12:00:00,0.02833,0.02862,0.02803,0.02837,40698917.0
2026-07-16 16:00:00,0.02838,0.02851,0.02808,0.02837,34016339.7
2026-07-16 20:00:00,0.02837,0.02864,0.02814,0.02818,16573633.0
2026-07-17 00:00:00,0.02818,0.02859,0.02811,0.02832,24094840.0
2026-07-17 04:00:00,0.02832,0.02844,0.02746,0.02759,67103079.8
2026-07-17 08:00:00,0.02759,0.02785,0.02747,0.0277,32570355.7
2026-07-17 12:00:00,0.0277,0.02775,0.02721,0.02768,51477678.5
2026-07-17 16:00:00,0.02768,0.02811,0.02757,0.02775,33290253.8
2026-07-17 20:00:00,0.02775,0.02792,0.02763,0.02785,13614099.7
2026-07-18 00:00:00,0.02786,0.02788,0.02754,0.02759,17037275.7
2026-07-18 04:00:00,0.0276,0.02792,0.02735,0.0275,27844265.9
2026-07-18 08:00:00,0.0275,0.0275,0.02717,0.02747,16783357.7
2026-07-18 12:00:00,0.02747,0.02759,0.02724,0.02748,25594241.4
2026-07-18 16:00:00,0.02748,0.02798,0.02747,0.02779,44746986.0
2026-07-18 20:00:00,0.0278,0.02938,0.02779,0.02934,96297644.8
2026-07-19 00:00:00,0.02935,0.0297,0.0289,0.02919,62708779.9
2026-07-19 04:00:00,0.02919,0.02924,0.02877,0.029,25157734.5
2026-07-19 08:00:00,0.02899,0.02919,0.02873,0.02889,26585049.5
2026-07-19 12:00:00,0.0289,0.02909,0.02848,0.02873,31840506.4
2026-07-19 16:00:00,0.02873,0.02875,0.02836,0.02865,21339087.9
2026-07-19 20:00:00,0.02866,0.0289,0.02829,0.02871,26942425.8
2026-07-20 00:00:00,0.02871,0.02897,0.0285,0.02856,20429416.8
2026-07-20 04:00:00,0.02855,0.02859,0.02796,0.02836,26289296.9
2026-07-20 08:00:00,0.02837,0.02865,0.02813,0.02864,28551982.6
2026-07-20 12:00:00,0.02864,0.02879,0.02812,0.02868,29290099.4
2026-07-20 16:00:00,0.02868,0.0293,0.02861,0.02894,38999898.4
2026-07-20 20:00:00,0.02894,0.02934,0.02891,0.02915,14685497.1
2026-07-21 00:00:00,0.02915,0.02946,0.02903,0.02932,16134927.2
2026-07-21 04:00:00,0.02931,0.02959,0.02917,0.02935,21953346.4
2026-07-21 08:00:00,0.02934,0.02955,0.02918,0.02928,18482189.6
2026-07-21 12:00:00,0.02929,0.02961,0.02927,0.02941,24047187.1
2026-07-21 16:00:00,0.02941,0.02942,0.02885,0.02933,22029772.7
2026-07-21 20:00:00,0.02933,0.02935,0.02912,0.02927,8952528.0
2026-07-22 00:00:00,0.02927,0.02946,0.02897,0.02903,11382286.3
2026-07-22 04:00:00,0.02902,0.02916,0.02881,0.02894,13211317.8
2026-07-22 08:00:00,0.02894,0.0293,0.0289,0.02919,18786167.0
2026-07-22 12:00:00,0.02918,0.02993,0.02895,0.02974,42544156.8
2026-07-22 16:00:00,0.02975,0.02993,0.02946,0.02964,22810626.5
2026-07-22 20:00:00,0.02963,0.03028,0.02954,0.03007,20497209.4
2026-07-23 00:00:00,0.03008,0.0301,0.02961,0.02967,10919230.8
2026-07-23 04:00:00,0.02967,0.02986,0.02934,0.0294,15605307.0
2026-07-23 08:00:00,0.0294,0.02965,0.02932,0.02942,21164892.9
2026-07-23 12:00:00,0.02942,0.02952,0.02893,0.02912,34397262.8
2026-07-23 16:00:00,0.02912,0.02912,0.02868,0.02878,22976165.2
2026-07-23 20:00:00,0.02878,0.02899,0.02859,0.02871,12065772.5
2026-07-24 00:00:00,0.02872,0.02894,0.02852,0.02886,14608401.7
2026-07-24 04:00:00,0.02887,0.02913,0.02879,0.0289,13431115.0
2026-07-24 08:00:00,0.02891,0.02892,0.02855,0.02882,16765530.1
2026-07-24 12:00:00,0.02883,0.02887,0.02807,0.02873,60134562.3
2026-07-24 16:00:00,0.02873,0.02913,0.02864,0.02881,21756562.6
2026-07-24 20:00:00,0.02882,0.02899,0.02865,0.02898,10581579.6
2026-07-25 00:00:00,0.02898,0.02918,0.0289,0.02891,11488253.4
2026-07-25 04:00:00,0.02892,0.0294,0.02877,0.0291,23402155.5
2026-07-25 08:00:00,0.0291,0.02969,0.029,0.02957,21489901.7
2026-07-25 12:00:00,0.02957,0.02997,0.02944,0.0299,36098087.5
2026-07-25 16:00:00,0.0299,0.03027,0.02965,0.03006,27534426.1
2026-07-25 20:00:00,0.03006,0.0302,0.02989,0.02994,11145717.7
2026-07-26 00:00:00,0.02995,0.03015,0.02986,0.03014,15509016.6
2026-07-26 04:00:00,0.03013,0.03076,0.02996,0.03055,41293041.4
2026-07-26 08:00:00,0.03055,0.03098,0.03055,0.03086,38000508.1
2026-07-26 12:00:00,0.03086,0.03126,0.03083,0.03118,29535666.5
2026-07-26 16:00:00,0.03118,0.03159,0.03107,0.03151,28880992.9
2026-07-26 20:00:00,0.0315,0.03168,0.03108,0.03118,23359181.4
2026-07-27 00:00:00,0.03118,0.0314,0.03088,0.03135,18859492.7
2026-07-27 04:00:00,0.03135,0.03165,0.0312,0.03134,27994920.2
2026-07-27 08:00:00,0.03133,0.03142,0.03102,0.03126,18297579.6
2026-07-27 12:00:00,0.03125,0.0317,0.03022,0.03034,62076019.3
2026-07-27 16:00:00,0.03033,0.03047,0.03013,0.03026,24743143.2
2026-07-27 20:00:00,0.03027,0.03041,0.02905,0.02909,46602011.5
2026-07-28 00:00:00,0.0291,0.02921,0.02868,0.02896,23510884.5
2026-07-28 04:00:00,0.02896,0.02917,0.02876,0.0288,16990903.2
2026-07-28 08:00:00,0.02879,0.02897,0.02857,0.02877,22662825.4
2026-07-28 12:00:00,0.02876,0.02884,0.02814,0.0286,43832600.4
2026-07-28 16:00:00,0.0286,0.0286,0.02815,0.0284,23842992.8
2026-07-28 20:00:00,0.02839,0.02863,0.02823,0.0285,14809400.1
2026-07-29 00:00:00,0.0285,0.02865,0.02744,0.02751,44966317.3
2026-07-29 04:00:00,0.02751,0.02794,0.02732,0.02794,36059273.6
2026-07-29 08:00:00,0.02794,0.02807,0.02739,0.0275,27810246.3
2026-07-29 12:00:00,0.02749,0.02751,0.02705,0.02717,39635636.4
2026-07-29 16:00:00,0.02716,0.02736,0.02673,0.02687,64388800.4
2026-07-29 20:00:00,0.02687,0.02694,0.0261,0.02641,66562379.3
2026-07-30 00:00:00,0.02641,0.02649,0.02581,0.02629,41676542.4
2026-07-30 04:00:00,0.0263,0.02632,0.02534,0.02576,67346098.9
2026-07-30 08:00:00,0.02576,0.02591,0.02527,0.02536,45762705.9
2026-07-30 12:00:00,0.02537,0.02584,0.02503,0.02516,76379841.0
2026-07-30 16:00:00,0.02515,0.02529,0.02473,0.02527,64882181.3
2026-07-30 20:00:00,0.02528,0.02597,0.02523,0.02564,52127902.0
2026-07-31 00:00:00,0.02565,0.02603,0.02502,0.0253,36100890.4
2026-07-31 04:00:00,0.02529,0.02536,0.02505,0.02528,19612345.4
2026-07-31 08:00:00,0.02529,0.0254,0.02494,0.02505,24988473.5
2026-07-31 12:00:00,0.02504,0.02576,0.02479,0.02541,44629721.9
2026-07-31 16:00:00,0.0254,0.02579,0.02539,0.02554,20167699.9
2026-07-31 20:00:00,0.02554,0.02572,0.02525,0.02549,17891056.1
2026-08-01 00:00:00,0.0255,0.02579,0.02548,0.02572,15734565.5
2026-08-01 04:00:00,0.02572,0.02575,0.02536,0.02537,11324776.6
2026-08-01 08:00:00,0.02537,0.02539,0.02514,0.02528,14051661.3
2026-08-01 12:00:00,0.02528,0.02535,0.02516,0.02519,12817838.1
2026-08-01 16:00:00,0.02519,0.02532,0.02403,0.02423,85271724.7
2026-08-01 20:00:00,0.02422,0.02433,0.02403,0.02416,36345052.8
2026-08-02 00:00:00,0.02416,0.0246,0.02388,0.02445,47777690.7
2026-08-02 04:00:00,0.02444,0.02471,0.02436,0.02469,25824395.4
2026-08-02 08:00:00,0.0247,0.02471,0.02424,0.02439,23100753.5
2026-08-02 12:00:00,0.02439,0.02469,0.02433,0.02449,24321967.9
2026-08-02 16:00:00,0.02448,0.02475,0.02442,0.02446,26590181.7
2026-08-02 20:00:00,0.02446,0.02603,0.02438,0.02566,80266391.2
2026-08-03 00:00:00,0.02566,0.02592,0.02484,0.02486,55151404.9
2026-08-03 04:00:00,0.02486,0.02497,0.0244,0.02446,34151775.4
2026-08-03 08:00:00,0.02446,0.0246,0.02425,0.02443,24996299.8
2026-08-03 12:00:00,0.02444,0.02487,0.0244,0.02471,41299329.4
2026-08-03 16:00:00,0.02472,0.02493,0.02458,0.02471,38191522.7
2026-08-03 20:00:00,0.02471,0.02485,0.02445,0.02449,24265289.4
2026-08-04 00:00:00,0.02449,0.02475,0.02441,0.02451,19890548.8
2026-08-04 04:00:00,0.02452,0.02491,0.0245,0.02475,23186083.3
2026-08-04 08:00:00,0.02475,0.02508,0.0246,0.02487,23905343.4
2026-08-04 12:00:00,0.02487,0.02493,0.0245,0.02482,27699990.3
2026-08-04 16:00:00,0.02482,0.02527,0.02469,0.02504,32263466.8
2026-08-04 20:00:00,0.02504,0.02615,0.02498,0.02557,69709065.4
2026-08-05 00:00:00,0.02558,0.02579,0.02536,0.02552,31661305.0
2026-08-05 04:00:00,0.02552,0.02607,0.02522,0.02534,57390610.4
2026-08-05 08:00:00,0.02535,0.02535,0.02509,0.02512,39183382.2
2026-08-05 12:00:00,0.02512,0.02584,0.02509,0.02549,40160659.2
2026-08-05 16:00:00,0.02549,0.02573,0.02537,0.0254,28449648.2
2026-08-05 20:00:00,0.02541,0.02552,0.02523,0.02527,16846748.7
2026-08-06 00:00:00,0.02528,0.02566,0.02527,0.02554,21068568.3
2026-08-06 04:00:00,0.02555,0.02586,0.02549,0.02584,18852243.6
2026-08-06 08:00:00,0.02585,0.02599,0.02554,0.02594,41257995.3
2026-08-06 12:00:00,0.02595,0.02649,0.02567,0.02591,63194457.2
2026-08-06 16:00:00,0.02591,0.02615,0.02555,0.02584,42781743.6
2026-08-06 20:00:00,0.02584,0.02599,0.02551,0.02573,23443130.4
2026-08-07 00:00:00,0.02573,0.02588,0.02547,0.02549,19253757.9
2026-08-07 04:00:00,0.0255,0.0256,0.02524,0.02538,26275702.1
2026-08-07 08:00:00,0.02539,0.02544,0.02514,0.0253,23270392.3
2026-08-07 12:00:00,0.0253,0.02544,0.02497,0.02513,43378268.0
2026-08-07 16:00:00,0.02512,0.02516,0.02468,0.02484,49193087.0
2026-08-07 20:00:00,0.02483,0.02501,0.02453,0.02472,23234697.4
2026-08-08 00:00:00,0.02472,0.02485,0.02458,0.02477,15383549.5
2026-08-08 04:00:00,0.02476,0.02493,0.02469,0.0249,17632217.9
2026-08-08 08:00:00,0.0249,0.02559,0.0248,0.02545,36132504.8
2026-08-08 12:00:00,0.02545,0.02564,0.02509,0.02522,24517865.5
2026-08-08 16:00:00,0.02521,0.02536,0.0251,0.02523,14028828.8
2026-08-08 20:00:00,0.02523,0.02527,0.02494,0.02506,14863074.5
2026-08-09 00:00:00,0.02506,0.02537,0.02494,0.02504,19032550.7
2026-08-09 04:00:00,0.02504,0.02523,0.02474,0.0248,19277076.6
2026-08-09 08:00:00,0.0248,0.02498,0.02466,0.02477,27325643.2
2026-08-09 12:00:00,0.02477,0.02498,0.02472,0.02492,15347899.0
2026-08-09 16:00:00,0.02491,0.02501,0.02475,0.02478,17297044.3
2026-08-09 20:00:00,0.02478,0.0251,0.02333,0.02341,119541807.4
2026-08-10 00:00:00,0.02341,0.02358,0.02285,0.02346,83279995.6
2026-08-10 04:00:00,0.02346,0.02475,0.02341,0.02464,89077790.8
2026-08-10 08:00:00,0.02464,0.02496,0.02436,0.02446,58887282.6
2026-08-10 12:00:00,0.02446,0.02463,0.02424,0.02433,44925346.5
2026-08-10 16:00:00,0.02433,0.02433,0.02389,0.02403,38990881.7
2026-08-10 20:00:00,0.02403,0.02422,0.02381,0.02405,20874010.9
2026-08-11 00:00:00,0.02406,0.02453,0.02396,0.0242,33639938.6
2026-08-11 04:00:00,0.02421,0.02422,0.02376,0.02387,29414512.9
2026-08-11 08:00:00,0.02387,0.02392,0.02361,0.02362,26253663.9
2026-08-11 12:00:00,0.02363,0.02368,0.02281,0.02303,104528666.2
2026-08-11 16:00:00,0.02302,0.02307,0.02253,0.02298,82544549.1
2026-08-11 20:00:00,0.02298,0.02326,0.02286,0.02313,28016928.7
2026-08-12 00:00:00,0.02312,0.02339,0.02307,0.02325,28412412.1
2026-08-12 04:00:00,0.02324,0.02328,0.02251,0.02283,67491925.2
2026-08-12 08:00:00,0.02283,0.02334,0.02238,0.02314,67527621.1
2026-08-12 12:00:00,0.02315,0.02344,0.02293,0.02309,52166859.2
2026-08-12 16:00:00,0.02309,0.02321,0.02285,0.02299,24678823.0
2026-08-12 20:00:00,0.02299,0.02314,0.02213,0.02263,52702677.9
2026-08-13 00:00:00,0.02263,0.02314,0.02259,0.02308,20397969.3
2026-08-13 04:00:00,0.02308,0.02324,0.02294,0.02314,19956135.5
2026-08-13 08:00:00,0.02313,0.02352,0.02313,0.02342,42776503.5
2026-08-13 12:00:00,0.02342,0.02354,0.02295,0.02305,30271293.8
2026-08-13 16:00:00,0.02304,0.02305,0.02251,0.02278,37500809.1
2026-08-13 20:00:00,0.02277,0.02292,0.02265,0.02292,14274844.6
2026-08-14 00:00:00,0.02291,0.023,0.02274,0.02278,21339169.3
2026-08-14 04:00:00,0.02278,0.02289,0.02255,0.02258,15431540.8
2026-08-14 08:00:00,0.02258,0.02273,0.02241,0.02244,28762033.3
2026-08-14 12:00:00,0.02244,0.02273,0.0223,0.02271,28034479.2
2026-08-14 16:00:00,0.02272,0.02292,0.0227,0.02282,21463316.8
2026-08-14 20:00:00,0.02282,0.02308,0.02273,0.02299,18915353.8
2026-08-15 00:00:00,0.02299,0.02321,0.02297,0.02313,20854050.3
2026-08-15 04:00:00,0.02312,0.02318,0.02291,0.02294,14619953.2
2026-08-15 08:00:00,0.02293,0.02304,0.02292,0.02295,9096286.2
2026-08-15 12:00:00,0.02296,0.02307,0.02284,0.02302,14952988.3
2026-08-15 16:00:00,0.02303,0.02329,0.02293,0.02315,23026602.2
2026-08-15 20:00:00,0.02315,0.02339,0.02293,0.023,19914711.5
2026-08-16 00:00:00,0.02299,0.02305,0.02275,0.0228,12518196.3
2026-08-16 04:00:00,0.0228,0.0231,0.02279,0.0231,14541457.8
2026-08-16 08:00:00,0.0231,0.02322,0.02299,0.02316,18040988.1
2026-08-16 12:00:00,0.02315,0.02346,0.02307,0.02341,18991883.4
2026-08-16 16:00:00,0.02341,0.0235,0.02312,0.02337,18672245.1
2026-08-16 20:00:00,0.02337,0.02354,0.02291,0.02345,46938957.4
2026-08-17 00:00:00,0.02344,0.02349,0.02327,0.02329,18806889.4
2026-08-17 04:00:00,0.02329,0.02364,0.02329,0.02333,25112346.3
2026-08-17 08:00:00,0.02333,0.02336,0.02292,0.02305,24706794.4
2026-08-17 12:00:00,0.02305,0.02325,0.02299,0.02324,24451253.2
2026-08-17 16:00:00,0.02325,0.02328,0.02301,0.02303,23686445.4
2026-08-17 20:00:00,0.02302,0.02314,0.02282,0.02298,18115665.3
2026-08-18 00:00:00,0.02299,0.02309,0.02217,0.02236,47929079.0
2026-08-18 04:00:00,0.02235,0.02269,0.02233,0.02269,33980966.6
2026-08-18 08:00:00,0.02268,0.02291,0.02258,0.02268,22235974.7
2026-08-18 12:00:00,0.02268,0.02276,0.0225,0.0226,22737214.1
2026-08-18 16:00:00,0.02261,0.02265,0.02238,0.02247,18405091.9
2026-08-18 20:00:00,0.02247,0.02254,0.02241,0.02244,12801603.6
2026-08-19 00:00:00,0.02244,0.02293,0.02237,0.02291,35545850.9
2026-08-19 04:00:00,0.02292,0.02298,0.0225,0.02253,28747766.1
2026-08-19 08:00:00,0.02253,0.02274,0.0225,0.02272,17333289.0
2026-08-19 12:00:00,0.02273,0.0238,0.02266,0.02331,68097830.5
2026-08-19 16:00:00,0.0233,0.02358,0.02329,0.02357,35582624.6
2026-08-19 20:00:00,0.02357,0.02452,0.02357,0.02409,66624005.0
2026-08-20 00:00:00,0.02409,0.02439,0.02402,0.02409,33671797.3
2026-08-20 04:00:00,0.02409,0.02433,0.02405,0.02433,18765039.4
2026-08-20 08:00:00,0.02433,0.02526,0.02431,0.02523,60253757.0
2026-08-20 12:00:00,0.02523,0.02626,0.02495,0.02623,135603697.2
2026-08-20 16:00:00,0.02623,0.02627,0.02503,0.02506,79102922.7
2026-08-20 20:00:00,0.02506,0.02573,0.02503,0.02565,26137996.9
2026-08-21 00:00:00,0.02564,0.02603,0.0256,0.0258,40917068.3
2026-08-21 04:00:00,0.0258,0.02662,0.02573,0.02655,38411192.1
2026-08-21 08:00:00,0.02655,0.02741,0.0263,0.02701,105147117.9
2026-08-21 12:00:00,0.02702,0.0284,0.02695,0.02808,89671041.9
2026-08-21 16:00:00,0.02809,0.02825,0.02726,0.02738,53791690.6
2026-08-21 20:00:00,0.02737,0.0291,0.02725,0.02897,52790101.9
2026-08-22 00:00:00,0.02898,0.03065,0.02892,0.03038,100043308.8
2026-08-22 04:00:00,0.03038,0.03079,0.0255,0.02871,145091520.8
2026-08-22 08:00:00,0.02871,0.02874,0.027,0.02755,75946345.6
2026-08-22 12:00:00,0.02755,0.02802,0.0269,0.02704,73443057.3
2026-08-22 16:00:00,0.02704,0.02815,0.02701,0.0277,52541439.4
2026-08-22 20:00:00,0.0277,0.02784,0.02676,0.02733,76649170.7
2026-08-23 00:00:00,0.02733,0.02795,0.0261,0.02645,130266530.7
2026-08-23 04:00:00,0.02645,0.02649,0.02582,0.02632,63415441.8
2026-08-23 08:00:00,0.02632,0.02735,0.02628,0.02725,27799373.6
2026-08-23 12:00:00,0.02725,0.02814,0.02709,0.02784,67743760.6
2026-08-23 16:00:00,0.02784,0.03017,0.02764,0.0288,221128333.6
2026-08-23 20:00:00,0.02879,0.02898,0.02842,0.02848,38853633.7
2026-08-24 00:00:00,0.02848,0.02852,0.02708,0.02736,60036739.6
2026-08-24 04:00:00,0.02737,0.02794,0.02721,0.02754,53676595.3
2026-08-24 08:00:00,0.02755,0.02772,0.02699,0.02751,57211647.7
2026-08-24 12:00:00,0.02752,0.02822,0.02688,0.02749,113853242.4
2026-08-24 16:00:00,0.0275,0.02793,0.02709,0.02722,44936353.7
2026-08-24 20:00:00,0.02722,0.02741,0.02685,0.02707,31935170.1
2026-08-25 00:00:00,0.02707,0.02797,0.02692,0.02752,66788718.2
2026-08-25 04:00:00,0.02752,0.02798,0.02677,0.02695,44385701.0
2026-08-25 08:00:00,0.02695,0.02733,0.02674,0.02693,34518446.0
2026-08-25 12:00:00,0.02694,0.02698,0.02609,0.02659,124518269.1
2026-08-25 16:00:00,0.0266,0.02669,0.02603,0.02616,35518725.2
2026-08-25 20:00:00,0.02617,0.0262,0.02521,0.02566,90341371.5
2026-08-26 00:00:00,0.02567,0.02596,0.0254,0.02566,44051185.5
2026-08-26 04:00:00,0.02567,0.02592,0.02551,0.02574,18279390.1
2026-08-26 08:00:00,0.02573,0.02581,0.0252,0.02543,30388798.8
2026-08-26 12:00:00,0.02544,0.02559,0.02476,0.0249,62271997.7
2026-08-26 16:00:00,0.0249,0.02519,0.0247,0.02504,25869855.0
2026-08-26 20:00:00,0.02504,0.02632,0.02479,0.02625,49094530.5
2026-08-27 00:00:00,0.02625,0.0267,0.02563,0.02578,47243697.4
2026-08-27 04:00:00,0.02578,0.02608,0.02551,0.02597,34798008.3
2026-08-27 08:00:00,0.02596,0.02708,0.02595,0.02654,76846658.4
2026-08-27 12:00:00,0.02653,0.02677,0.02628,0.02664,46662457.8
2026-08-27 16:00:00,0.02663,0.0273,0.02647,0.02686,55293969.3
2026-08-27 20:00:00,0.02687,0.02715,0.02661,0.02666,30859432.7
2026-08-28 00:00:00,0.02665,0.02685,0.02567,0.02586,49904121.4
2026-08-28 04:00:00,0.02586,0.02597,0.02557,0.02577,28784742.9
2026-08-28 08:00:00,0.02578,0.02589,0.02537,0.02556,22267732.9
2026-08-28 12:00:00,0.02556,0.02573,0.02493,0.02496,75527389.0
2026-08-28 16:00:00,0.02496,0.02499,0.02421,0.02456,72747961.2
2026-08-28 20:00:00,0.02456,0.02468,0.02422,0.02464,39329012.5
2026-08-29 00:00:00,0.02464,0.02494,0.02447,0.0245,26828659.6
2026-08-29 04:00:00,0.0245,0.02474,0.02433,0.02439,17727998.1
2026-08-29 08:00:00,0.02439,0.02441,0.02423,0.02429,16748604.0
2026-08-29 12:00:00,0.02428,0.02493,0.02423,0.02478,23187520.2
2026-08-29 16:00:00,0.02477,0.02513,0.02458,0.02488,22608065.1
2026-08-29 20:00:00,0.02487,0.02565,0.02485,0.02529,44353229.4
2026-08-30 00:00:00,0.0253,0.02539,0.02487,0.0252,32437566.6
2026-08-30 04:00:00,0.0252,0.02649,0.02515,0.02572,148163847.1
2026-08-30 08:00:00,0.02572,0.02673,0.02571,0.02637,74558633.4
2026-08-30 12:00:00,0.02637,0.02665,0.02599,0.02606,79451221.4
2026-08-30 16:00:00,0.02606,0.02666,0.02586,0.02597,52171884.6
2026-08-30 20:00:00,0.02598,0.02619,0.02425,0.02468,84518476.8
2026-08-31 00:00:00,0.02468,0.02538,0.02459,0.02535,40910173.6
2026-08-31 04:00:00,0.02534,0.02613,0.02511,0.02562,66791126.8
2026-08-31 08:00:00,0.02562,0.02576,0.02542,0.02565,30169633.9
2026-08-31 12:00:00,0.02565,0.02586,0.02515,0.02535,42961606.2
2026-08-31 16:00:00,0.02534,0.02575,0.02519,0.02548,31019659.7
2026-08-31 20:00:00,0.02549,0.02602,0.02547,0.026,37837008.4
2026-09-01 00:00:00,0.026,0.02698,0.02595,0.02675,108377193.7
2026-09-01 04:00:00,0.02674,0.02708,0.02651,0.02674,59150734.9
2026-09-01 08:00:00,0.02675,0.02695,0.02583,0.02675,71721028.6
2026-09-01 12:00:00,0.02676,0.02728,0.02616,0.02701,82683624.4
2026-09-01 16:00:00,0.02701,0.02707,0.02623,0.02696,50336820.4
2026-09-01 20:00:00,0.02696,0.02705,0.0265,0.02693,37201929.7
2026-09-02 00:00:00,0.02694,0.02699,0.02572,0.02666,57656489.1
2026-09-02 04:00:00,0.02666,0.02728,0.02637,0.02659,50746177.8
2026-09-02 08:00:00,0.02659,0.02667,0.02586,0.0261,35930508.4
2026-09-02 12:00:00,0.02609,0.02634,0.02584,0.02629,31285351.6
2026-09-02 16:00:00,0.02629,0.02689,0.0262,0.02679,52431098.7
2026-09-02 20:00:00,0.02678,0.02727,0.02649,0.02667,35623065.3
2026-09-03 00:00:00,0.02667,0.02674,0.02613,0.02645,34411939.9
2026-09-03 04:00:00,0.02645,0.02708,0.02629,0.02681,38883188.6
2026-09-03 08:00:00,0.02682,0.02737,0.02666,0.02681,48242847.7
2026-09-03 12:00:00,0.0268,0.02758,0.02648,0.02754,79468403.0
2026-09-03 16:00:00,0.02754,0.0279,0.02711,0.02759,55692581.1
2026-09-03 20:00:00,0.02758,0.02813,0.02737,0.02764,53732090.3
2026-09-04 00:00:00,0.02765,0.02777,0.02699,0.02726,44831348.8
2026-09-04 04:00:00,0.02725,0.02746,0.02662,0.02677,34067351.7
2026-09-04 08:00:00,0.02678,0.02748,0.02677,0.02702,33707372.3
2026-09-04 12:00:00,0.02701,0.02703,0.02542,0.02579,121882494.8
2026-09-04 16:00:00,0.0258,0.02615,0.02559,0.02607,35849583.5
2026-09-04 20:00:00,0.02607,0.02616,0.0257,0.02596,20725153.6
2026-09-05 00:00:00,0.02596,0.02851,0.02589,0.02797,129429557.1
2026-09-05 04:00:00,0.02796,0.03005,0.02769,0.02929,164087925.1
2026-09-05 08:00:00,0.02928,0.02943,0.02831,0.02889,81043048.6
2026-09-05 12:00:00,0.0289,0.02913,0.02828,0.02839,57272468.0
2026-09-05 16:00:00,0.02838,0.02929,0.02822,0.02925,84906371.1
2026-09-05 20:00:00,0.02924,0.03093,0.02911,0.03009,177679344.3
2026-09-06 00:00:00,0.03008,0.03214,0.02995,0.03168,187158061.8
2026-09-06 04:00:00,0.03169,0.03196,0.03001,0.03069,137723477.7
2026-09-06 08:00:00,0.03069,0.03124,0.03015,0.03099,65668298.3
2026-09-06 12:00:00,0.03099,0.031,0.02944,0.03013,108290200.0
2026-09-06 16:00:00,0.03012,0.03082,0.02999,0.03044,72576870.8
2026-09-06 20:00:00,0.03044,0.03226,0.03036,0.03188,126646881.2
2026-09-07 00:00:00,0.03188,0.03251,0.03067,0.03067,98682501.2
2026-09-07 04:00:00,0.03066,0.03091,0.03034,0.03056,52801829.2
2026-09-07 08:00:00,0.03056,0.03116,0.03052,0.03065,43960150.8
2026-09-07 12:00:00,0.03066,0.03192,0.03042,0.03061,104621190.2
2026-09-07 16:00:00,0.03062,0.03166,0.03058,0.03114,52325346.2
2026-09-07 20:00:00,0.03114,0.03158,0.03058,0.03122,39232252.6
2026-09-08 00:00:00,0.03121,0.03202,0.03075,0.03132,59821743.8
2026-09-08 04:00:00,0.03131,0.03131,0.03054,0.03097,44564892.7
2026-09-08 08:00:00,0.03097,0.0321,0.03053,0.03066,63802407.0
2026-09-08 12:00:00,0.03066,0.03067,0.02947,0.03047,96434967.2
2026-09-08 16:00:00,0.03047,0.03106,0.03001,0.0306,61044453.3
2026-09-08 20:00:00,0.0306,0.03107,0.0303,0.03052,27933293.2
2026-09-09 00:00:00,0.03052,0.03098,0.03015,0.03053,34007882.9
2026-09-09 04:00:00,0.03054,0.03192,0.03053,0.03136,85854292.8
2026-09-09 08:00:00,0.03136,0.03176,0.03069,0.03174,61529828.7
2026-09-09 12:00:00,0.03174,0.03233,0.03053,0.03139,124261436.0
2026-09-09 16:00:00,0.03139,0.03424,0.03092,0.03205,327430189.5
2026-09-09 20:00:00,0.03204,0.03244,0.03034,0.03123,126826585.5
2026-09-10 00:00:00,0.03122,0.03143,0.03043,0.03073,55417614.3
2026-09-10 04:00:00,0.03073,0.03092,0.02947,0.02962,51484730.6
2026-09-10 08:00:00,0.02962,0.03002,0.02913,0.02938,53899352.1
2026-09-10 12:00:00,0.02937,0.02975,0.02847,0.02932,82596208.3
2026-09-10 16:00:00,0.02933,0.02933,0.02841,0.0288,53809697.2
2026-09-10 20:00:00,0.0288,0.02908,0.02783,0.02792,51983982.2
2026-09-11 00:00:00,0.02791,0.02877,0.02789,0.02849,61005481.3
2026-09-11 04:00:00,0.02848,0.02941,0.02841,0.02872,54125395.0
2026-09-11 08:00:00,0.02872,0.02879,0.0276,0.02792,44220647.1
2026-09-11 12:00:00,0.02792,0.03025,0.02762,0.02935,126408568.4
2026-09-11 16:00:00,0.02934,0.03043,0.02879,0.02904,118280221.4
2026-09-11 20:00:00,0.02905,0.02926,0.0281,0.0286,42735085.0
2026-09-12 00:00:00,0.02861,0.02907,0.02855,0.02902,26753145.8
2026-09-12 04:00:00,0.02902,0.02925,0.02875,0.02922,17260504.7
2026-09-12 08:00:00,0.02922,0.02944,0.02878,0.02895,21609356.6
2026-09-12 12:00:00,0.02895,0.02918,0.02864,0.02913,24096305.2
2026-09-12 16:00:00,0.02913,0.02923,0.02865,0.02875,27266112.5
2026-09-12 20:00:00,0.02876,0.02908,0.02858,0.02887,17840230.6
2026-09-13 00:00:00,0.02887,0.02908,0.02848,0.02855,25024770.7
2026-09-13 04:00:00,0.02856,0.02895,0.02847,0.02851,21340672.0
2026-09-13 08:00:00,0.02851,0.02864,0.0281,0.02845,25368739.9
2026-09-13 12:00:00,0.02846,0.02928,0.02813,0.02857,36008236.5
2026-09-13 16:00:00,0.02858,0.02914,0.02848,0.02874,20898189.8
2026-09-13 20:00:00,0.02874,0.02894,0.02765,0.02795,36376027.8
2026-09-14 00:00:00,0.02796,0.02893,0.02778,0.02872,39782350.6
2026-09-14 04:00:00,0.02873,0.02915,0.02848,0.02867,23367469.8
2026-09-14 08:00:00,0.02867,0.02898,0.02839,0.02847,24085573.1
2026-09-14 12:00:00,0.02848,0.02855,0.02801,0.02828,33769862.3
2026-09-14 16:00:00,0.02829,0.02952,0.02816,0.02944,52902004.5
2026-09-14 20:00:00,0.02944,0.03017,0.02876,0.0288,43492489.4
2026-09-15 00:00:00,0.0288,0.02887,0.02831,0.02837,19916375.0
2026-09-15 04:00:00,0.02837,0.02851,0.028,0.02806,33434047.9
2026-09-15 08:00:00,0.02807,0.02824,0.0276,0.02781,25905183.0
2026-09-15 12:00:00,0.02781,0.02821,0.0271,0.02772,66923853.3
2026-09-15 16:00:00,0.02772,0.02819,0.02636,0.02728,83868535.6
2026-09-15 20:00:00,0.02728,0.02736,0.02641,0.02661,38868943.9
2026-09-16 00:00:00,0.02661,0.02673,0.0262,0.02657,32265087.0
2026-09-16 04:00:00,0.02657,0.0271,0.02654,0.02671,26013795.5
2026-09-16 08:00:00,0.02671,0.02708,0.02642,0.02697,30240724.8
2026-09-16 12:00:00,0.02696,0.02701,0.02627,0.0263,45091410.3
2026-09-16 16:00:00,0.0263,0.02703,0.02594,0.02671,66132050.0
2026-09-16 20:00:00,0.0267,0.02797,0.02666,0.02789,33927474.0
2026-09-17 00:00:00,0.02787,0.02833,0.02785,0.0282,28965113.4
2026-09-17 04:00:00,0.02821,0.02845,0.02738,0.02778,42663934.4
2026-09-17 08:00:00,0.02778,0.02813,0.02765,0.02791,15667773.6
2026-09-17 12:00:00,0.02791,0.02819,0.02751,0.02787,26971019.0
2026-09-17 16:00:00,0.02787,0.02866,0.02786,0.02825,33383786.6
2026-09-17 20:00:00,0.02826,0.0291,0.02799,0.02896,31548887.0
2026-09-18 00:00:00,0.02896,0.03114,0.02874,0.03071,64325970.2
2026-09-18 04:00:00,0.0307,0.03447,0.03007,0.03386,238032811.8
2026-09-18 08:00:00,0.03385,0.03643,0.03177,0.03371,881976465.7
2026-09-18 12:00:00,0.03371,0.03736,0.03302,0.03726,369147519.6
2026-09-18 16:00:00,0.03728,0.04348,0.03646,0.04139,1094826324.1
2026-09-18 20:00:00,0.04137,0.04532,0.04034,0.04426,1103438578.4
2026-09-19 00:00:00,0.04427,0.04653,0.0403,0.04572,795903439.0
2026-09-19 04:00:00,0.04572,0.04573,0.03766,0.04062,673606550.8
2026-09-19 08:00:00,0.04063,0.04658,0.04051,0.04477,433704800.0
2026-09-19 12:00:00,0.04477,0.04808,0.04273,0.04412,780923206.2
2026-09-19 16:00:00,0.04413,0.04592,0.04129,0.04242,289016003.2
2026-09-19 20:00:00,0.04243,0.04484,0.04181,0.04474,143002698.3
2026-09-20 00:00:00,0.04474,0.04634,0.04304,0.04466,232285055.8
2026-09-20 04:00:00,0.04466,0.0463,0.04403,0.04516,184017507.9
2026-09-20 08:00:00,0.04515,0.0468,0.04368,0.04602,324905425.8
2026-09-20 12:00:00,0.04603,0.04872,0.04481,0.04569,350396125.4
2026-09-20 16:00:00,0.04571,0.05095,0.04551,0.04975,458760407.1
2026-09-20 20:00:00,0.04975,0.05046,0.04776,0.04846,144039787.6
2026-09-21 00:00:00,0.04846,0.05076,0.04803,0.04901,185504062.7
2026-09-21 04:00:00,0.04902,0.05005,0.0475,0.04771,123490521.4
2026-09-21 08:00:00,0.04772,0.04892,0.04669,0.0468,146216940.5
2026-09-21 12:00:00,0.04681,0.04743,0.0426,0.04289,380717455.6
2026-09-21 16:00:00,0.04288,0.04455,0.04283,0.04431,137718886.6
2026-09-21 20:00:00,0.04432,0.04483,0.04359,0.04376,95130017.4
2026-09-22 00:00:00,0.04377,0.04389,0.04268,0.04332,101052313.7
2026-09-22 04:00:00,0.04333,0.04363,0.0421,0.04304,106920090.7
2026-09-22 08:00:00,0.04305,0.0434,0.04182,0.04269,74449595.0
2026-09-22 12:00:00,0.04269,0.04315,0.041,0.04113,122564839.1
2026-09-22 16:00:00,0.04113,0.04327,0.04075,0.04312,92084987.5
2026-09-22 20:00:00,0.04313,0.04325,0.04044,0.04248,184502121.8
2026-09-23 00:00:00,0.04249,0.04288,0.04158,0.04273,68026042.2
2026-09-23 04:00:00,0.04272,0.04329,0.04171,0.04221,79733470.5
2026-09-23 08:00:00,0.04222,0.04275,0.04135,0.04193,82353122.4
2026-09-23 12:00:00,0.04194,0.04253,0.03865,0.03879,195178916.5
2026-09-23 16:00:00,0.0388,0.03938,0.03815,0.03875,99591799.3
2026-09-23 20:00:00,0.03876,0.03896,0.03814,0.03829,35765183.1
2026-09-24 00:00:00,0.03829,0.03967,0.03796,0.03881,84062190.6
2026-09-24 04:00:00,0.03881,0.0399,0.03866,0.03917,47963164.7
2026-09-24 08:00:00,0.03917,0.03927,0.03811,0.03856,64039610.9
2026-09-24 12:00:00,0.03857,0.0406,0.03836,0.03971,145766922.4
2026-09-24 16:00:00,0.03972,0.04072,0.03901,0.0394,106333580.2
2026-09-24 20:00:00,0.03941,0.03952,0.03868,0.03906,31341225.7
2026-09-25 00:00:00,0.03906,0.03961,0.03877,0.03914,38284207.2
2026-09-25 04:00:00,0.03914,0.03957,0.03876,0.03916,30806238.5
2026-09-25 08:00:00,0.03916,0.04195,0.03892,0.04125,143061072.4
2026-09-25 12:00:00,0.04126,0.04155,0.03933,0.03978,116551215.3
2026-09-25 16:00:00,0.03978,0.04058,0.03944,0.04043,59711532.8
2026-09-25 20:00:00,0.04044,0.04127,0.03981,0.04119,48285938.7
2026-09-26 00:00:00,0.04119,0.04159,0.04018,0.04045,63412280.6
2026-09-26 04:00:00,0.04044,0.04136,0.04043,0.04119,43640264.1
2026-09-26 08:00:00,0.04119,0.04273,0.04056,0.04226,79403139.7
2026-09-26 12:00:00,0.04226,0.04354,0.04152,0.04276,125046984.0
2026-09-26 16:00:00,0.04277,0.04297,0.04085,0.04109,97335822.0
2026-09-26 20:00:00,0.0411,0.04118,0.03958,0.04046,67771783.0
2026-09-27 00:00:00,0.04046,0.04057,0.03998,0.04007,46203548.1
2026-09-27 04:00:00,0.04006,0.04149,0.03977,0.04145,55628909.6
2026-09-27 08:00:00,0.04145,0.04156,0.04045,0.04085,44646712.6
2026-09-27 12:00:00,0.04086,0.04116,0.03989,0.04022,65627351.9
2026-09-27 16:00:00,0.04022,0.04153,0.04019,0.04114,52869188.9
2026-09-27 20:00:00,0.04113,0.04225,0.04063,0.04203,63783034.6
2026-09-28 00:00:00,0.04202,0.04209,0.03925,0.03948,93664869.8
2026-09-28 04:00:00,0.03949,0.04024,0.03882,0.0392,72036983.4
2026-09-28 08:00:00,0.03921,0.03993,0.03846,0.03923,49139459.2
2026-09-28 12:00:00,0.03923,0.04047,0.03892,0.04013,81897327.7
2026-09-28 16:00:00,0.04013,0.04156,0.03982,0.04052,75127094.2
2026-09-28 20:00:00,0.04053,0.04198,0.03951,0.0418,75147467.2
2026-09-29 00:00:00,0.0418,0.04207,0.03975,0.04149,87681887.7
2026-09-29 04:00:00,0.0415,0.04338,0.04091,0.04285,121107043.7
2026-09-29 08:00:00,0.04286,0.04441,0.0425,0.04371,108096569.0
2026-09-29 12:00:00,0.04371,0.04406,0.04246,0.04288,112674759.1
2026-09-29 16:00:00,0.04288,0.04318,0.04095,0.04209,109527589.5
2026-09-29 20:00:00,0.04209,0.04259,0.04153,0.04184,33764328.1
2026-09-30 00:00:00,0.04185,0.04266,0.04154,0.04222,39081254.0
2026-09-30 04:00:00,0.04222,0.04292,0.04101,0.0415,71640975.8
2026-09-30 08:00:00,0.04149,0.04274,0.04118,0.04207,48992329.8
2026-09-30 12:00:00,0.04206,0.04357,0.04093,0.0418,129737064.7
2026-09-30 16:00:00,0.04181,0.04304,0.04161,0.04256,59963578.6
2026-09-30 20:00:00,0.04257,0.04346,0.04208,0.0431,49352898.5
2026-10-01 00:00:00,0.04309,0.04453,0.04283,0.04384,75145894.7
2026-10-01 04:00:00,0.04385,0.04507,0.04339,0.04394,81702026.1
2026-10-01 08:00:00,0.04393,0.04416,0.04268,0.04296,70327647.9
2026-10-01 12:00:00,0.04297,0.0431,0.04146,0.04187,72981654.2
2026-10-01 16:00:00,0.04188,0.04268,0.04112,0.04176,62263224.2
2026-10-01 20:00:00,0.04176,0.04207,0.04127,0.04177,33066475.3
2026-10-02 00:00:00,0.04179,0.04418,0.04175,0.04399,76115379.6
2026-10-02 04:00:00,0.04399,0.04508,0.04356,0.04375,69052682.6
2026-10-02 08:00:00,0.04374,0.044,0.04274,0.04277,50972939.1
2026-10-02 12:00:00,0.04278,0.0449,0.04263,0.04426,112449306.3
2026-10-02 16:00:00,0.04426,0.04466,0.04063,0.04118,128155589.8
2026-10-02 20:00:00,0.04118,0.04306,0.04108,0.04292,63054199.1
2026-10-03 00:00:00,0.04291,0.04379,0.04273,0.04334,42421156.5
2026-10-03 04:00:00,0.04335,0.04356,0.04263,0.04267,34382324.3
2026-10-03 08:00:00,0.04266,0.04438,0.04246,0.04402,47216363.8
2026-10-03 12:00:00,0.04402,0.04972,0.04343,0.04919,278024569.9
2026-10-03 16:00:00,0.04918,0.05344,0.04815,0.05139,971878750.4
2026-10-03 20:00:00,0.05139,0.05567,0.0503,0.05422,761878379.9
2026-10-04 00:00:00,0.05422,0.0564,0.05208,0.05282,699397714.4
