t,o,h,l,c,v
2024-09-14 04:00:00,323.07,326.66,311.93,312.67,48097.98
2024-09-14 08:00:00,312.62,316.86,310.88,314.26,32577.299
2024-09-14 12:00:00,314.26,316.0,310.6,314.02,20064.647
2024-09-14 16:00:00,314.01,321.97,310.66,319.64,34054.188
2024-09-14 20:00:00,319.66,329.41,319.24,326.6,33198.273
2024-09-15 00:00:00,326.62,335.54,324.66,332.66,37082.392
2024-09-15 04:00:00,332.66,334.16,323.74,325.25,23087.484
2024-09-15 08:00:00,325.19,326.23,320.37,322.31,26524.601
2024-09-15 12:00:00,322.29,326.69,321.67,323.43,22137.197
2024-09-15 16:00:00,323.43,324.61,316.52,320.14,29353.676
2024-09-15 20:00:00,320.18,320.9,301.23,302.05,54842.094
2024-09-16 00:00:00,302.04,303.4,291.66,301.97,65275.674
2024-09-16 04:00:00,301.88,308.25,293.38,306.55,53628.144
2024-09-16 08:00:00,306.53,307.46,296.37,297.35,34122.561
2024-09-16 12:00:00,297.36,298.45,282.48,288.23,75792.469
2024-09-16 16:00:00,288.22,290.21,283.57,285.5,40452.828
2024-09-16 20:00:00,285.51,290.73,282.37,288.1,21814.149
2024-09-17 00:00:00,288.1,289.4,282.0,287.72,24371.396
2024-09-17 04:00:00,287.71,294.61,286.91,291.56,23885.815
2024-09-17 08:00:00,291.53,312.62,291.33,304.27,67816.424
2024-09-17 12:00:00,304.25,331.95,303.02,326.12,102899.392
2024-09-17 16:00:00,326.06,327.65,313.18,313.56,48920.976
2024-09-17 20:00:00,313.57,329.12,312.38,323.76,44248.663
2024-09-18 00:00:00,323.79,335.0,319.43,327.66,61603.447
2024-09-18 04:00:00,327.63,330.53,319.97,320.33,25012.584
2024-09-18 08:00:00,320.36,321.31,310.63,313.63,37642.576
2024-09-18 12:00:00,313.63,318.37,306.15,307.58,46354.389
2024-09-18 16:00:00,307.59,330.69,306.36,316.7,89595.585
2024-09-18 20:00:00,316.58,339.97,311.45,337.24,53176.512
2024-09-19 00:00:00,337.25,368.08,334.87,357.67,86910.458
2024-09-19 04:00:00,357.66,382.25,355.18,375.18,82852.365
2024-09-19 08:00:00,375.2,384.98,363.71,383.64,86132.919
2024-09-19 12:00:00,383.58,386.47,364.82,371.51,73622.938
2024-09-19 16:00:00,371.53,376.65,367.79,370.87,42530.573
2024-09-19 20:00:00,370.95,375.61,362.05,373.8,35131.207
2024-09-20 00:00:00,373.82,411.66,367.71,408.12,92661.507
2024-09-20 04:00:00,408.05,435.0,405.85,420.93,134765.708
2024-09-20 08:00:00,421.07,426.9,416.02,422.29,56774.749
2024-09-20 12:00:00,422.26,427.97,405.3,414.34,91166.923
2024-09-20 16:00:00,414.39,417.0,399.5,409.32,52809.102
2024-09-20 20:00:00,409.32,415.36,405.35,407.5,34465.103
2024-09-21 00:00:00,407.44,413.76,403.12,404.56,37143.136
2024-09-21 04:00:00,404.53,413.49,393.6,412.1,47134.142
2024-09-21 08:00:00,412.07,424.98,407.91,420.47,62584.749
2024-09-21 12:00:00,420.36,444.89,420.24,441.02,95777.001
2024-09-21 16:00:00,440.95,474.86,439.53,465.29,155106.094
2024-09-21 20:00:00,465.41,471.74,457.8,468.81,58595.0
2024-09-22 00:00:00,468.79,471.3,455.0,465.57,70000.146
2024-09-22 04:00:00,465.57,474.98,459.11,470.81,92223.094
2024-09-22 08:00:00,470.84,480.0,452.77,453.68,163644.123
2024-09-22 12:00:00,453.71,461.47,451.02,454.95,94276.468
2024-09-22 16:00:00,454.95,470.25,446.86,467.16,82954.421
2024-09-22 20:00:00,467.15,484.53,457.0,469.58,106505.867
2024-09-23 00:00:00,469.58,547.2,460.03,534.87,212640.95
2024-09-23 04:00:00,534.86,582.67,530.25,560.56,292187.776
2024-09-23 08:00:00,560.54,561.33,537.18,539.33,148855.617
2024-09-23 12:00:00,539.24,544.77,520.13,539.57,191686.535
2024-09-23 16:00:00,539.61,549.99,533.16,542.92,103477.797
2024-09-23 20:00:00,542.96,553.66,538.7,540.67,61601.994
2024-09-24 00:00:00,540.63,547.17,521.0,539.46,96057.795
2024-09-24 04:00:00,539.51,556.44,532.0,545.41,74431.133
2024-09-24 08:00:00,545.43,591.99,540.73,588.62,167662.711
2024-09-24 12:00:00,588.65,599.0,540.0,545.53,278152.883
2024-09-24 16:00:00,545.58,571.27,542.57,561.02,105386.203
2024-09-24 20:00:00,561.02,566.84,546.84,550.21,85570.127
2024-09-25 00:00:00,550.17,563.96,540.03,552.25,81314.739
2024-09-25 04:00:00,552.34,553.21,535.17,539.34,65530.962
2024-09-25 08:00:00,539.4,581.41,539.21,568.66,144044.909
2024-09-25 12:00:00,568.66,569.24,545.28,557.83,95741.791
2024-09-25 16:00:00,557.83,578.64,545.21,554.87,115201.508
2024-09-25 20:00:00,554.7,559.88,548.73,551.94,46043.547
2024-09-26 00:00:00,551.99,571.75,545.28,562.78,99996.576
2024-09-26 04:00:00,562.77,562.83,541.76,551.71,80627.041
2024-09-26 08:00:00,551.71,561.66,543.56,547.38,74101.154
2024-09-26 12:00:00,547.36,554.87,519.92,539.27,155628.138
2024-09-26 16:00:00,539.29,551.55,512.35,514.69,137919.521
2024-09-26 20:00:00,514.81,529.33,503.1,526.19,117169.756
2024-09-27 00:00:00,526.18,541.31,520.7,528.48,75692.299
2024-09-27 04:00:00,528.47,564.35,527.79,542.0,110497.81
2024-09-27 08:00:00,542.0,549.24,519.02,524.8,89054.298
2024-09-27 12:00:00,524.8,547.18,520.94,536.93,100192.114
2024-09-27 16:00:00,536.95,544.68,527.0,542.5,67580.804
2024-09-27 20:00:00,542.45,552.83,537.65,549.28,43241.496
2024-09-28 00:00:00,549.31,553.12,535.0,539.53,41475.642
2024-09-28 04:00:00,539.57,540.94,521.07,537.33,62315.314
2024-09-28 08:00:00,537.29,546.55,528.81,546.27,58566.779
2024-09-28 12:00:00,546.23,546.8,524.61,536.49,67691.367
2024-09-28 16:00:00,536.48,538.41,526.02,528.07,38106.5
2024-09-28 20:00:00,528.08,537.57,517.65,535.69,45475.528
2024-09-29 00:00:00,535.63,545.0,532.5,532.9,48680.414
2024-09-29 04:00:00,532.88,543.78,528.4,535.36,50200.579
2024-09-29 08:00:00,535.4,538.67,525.02,534.77,43545.157
2024-09-29 12:00:00,534.81,577.24,530.13,564.06,146826.143
2024-09-29 16:00:00,564.05,586.73,562.31,583.69,90235.848
2024-09-29 20:00:00,583.67,585.0,553.68,560.41,73785.023
2024-09-30 00:00:00,560.41,560.89,539.46,553.94,72559.23
2024-09-30 04:00:00,553.84,609.76,549.63,594.17,162031.888
2024-09-30 08:00:00,594.09,594.3,561.92,588.84,123286.54
2024-09-30 12:00:00,588.85,606.0,581.14,581.94,152229.586
2024-09-30 16:00:00,582.0,592.88,573.72,579.52,71156.817
2024-09-30 20:00:00,579.5,599.85,568.46,577.85,73104.682
2024-10-01 00:00:00,577.88,611.0,572.09,604.55,81329.867
2024-10-01 04:00:00,604.51,618.18,574.53,587.22,146554.66
2024-10-01 08:00:00,587.18,590.88,577.05,579.24,61018.186
2024-10-01 12:00:00,579.25,581.03,527.06,551.24,210318.352
2024-10-01 16:00:00,551.29,560.71,514.05,530.72,196064.573
2024-10-01 20:00:00,530.75,544.73,517.43,537.27,91549.227
2024-10-02 00:00:00,537.3,544.74,526.81,537.33,72251.559
2024-10-02 04:00:00,537.37,580.94,534.33,570.12,101857.399
2024-10-02 08:00:00,570.12,574.74,540.0,541.25,108917.655
2024-10-02 12:00:00,541.33,545.94,510.51,532.42,151296.552
2024-10-02 16:00:00,532.44,548.02,494.92,514.83,136249.219
2024-10-02 20:00:00,514.92,525.67,510.11,519.47,59920.39
2024-10-03 00:00:00,519.55,544.5,516.45,543.45,64654.776
2024-10-03 04:00:00,543.44,544.71,516.02,516.39,56113.873
2024-10-03 08:00:00,516.32,517.51,491.34,500.08,121828.098
2024-10-03 12:00:00,500.04,508.81,471.62,490.7,149593.922
2024-10-03 16:00:00,490.73,503.92,473.72,501.2,88782.991
2024-10-03 20:00:00,501.15,506.48,490.21,496.7,38202.287
2024-10-04 00:00:00,496.69,506.36,485.34,499.52,52871.476
2024-10-04 04:00:00,499.52,518.68,499.18,515.81,60488.868
2024-10-04 08:00:00,515.76,526.86,511.6,522.33,64676.562
2024-10-04 12:00:00,522.32,566.82,515.52,564.92,181347.584
2024-10-04 16:00:00,564.95,579.46,555.0,574.64,110247.341
2024-10-04 20:00:00,574.68,586.87,564.24,585.46,60741.466
2024-10-05 00:00:00,585.48,586.92,569.06,571.64,68573.029
2024-10-05 04:00:00,571.6,601.66,571.57,588.67,99324.586
2024-10-05 08:00:00,588.68,592.4,578.33,580.3,50779.085
2024-10-05 12:00:00,580.3,583.78,573.86,581.76,54218.865
2024-10-05 16:00:00,581.77,583.5,558.37,560.77,71831.798
2024-10-05 20:00:00,560.77,568.88,553.9,564.99,51374.357
2024-10-06 00:00:00,565.0,570.94,555.8,556.63,36610.182
2024-10-06 04:00:00,556.68,559.27,547.66,553.23,41861.274
2024-10-06 08:00:00,553.23,562.17,552.0,552.78,35711.556
2024-10-06 12:00:00,552.77,576.0,550.01,560.52,82620.2
2024-10-06 16:00:00,560.45,594.98,559.66,576.94,101366.547
2024-10-06 20:00:00,576.96,636.75,575.5,634.35,103635.485
2024-10-07 00:00:00,634.36,677.98,622.63,641.63,169566.063
2024-10-07 04:00:00,641.63,645.92,624.25,625.17,83483.313
2024-10-07 08:00:00,625.15,638.61,608.69,629.08,117786.415
2024-10-07 12:00:00,629.27,652.85,616.5,626.18,134693.938
2024-10-07 16:00:00,626.27,637.66,609.0,618.27,79149.383
2024-10-07 20:00:00,618.27,622.0,600.03,610.61,58405.996
2024-10-08 00:00:00,610.62,631.41,604.91,625.84,64881.621
2024-10-08 04:00:00,625.9,632.18,608.83,616.78,80695.407
2024-10-08 08:00:00,616.78,639.92,612.1,636.73,64617.73
2024-10-08 12:00:00,636.74,644.07,622.27,633.31,113352.87
2024-10-08 16:00:00,633.35,642.99,609.72,617.08,80943.598
2024-10-08 20:00:00,617.06,632.99,603.83,607.07,53630.172
2024-10-09 00:00:00,607.01,618.2,583.7,593.48,84818.018
2024-10-09 04:00:00,593.47,595.21,581.43,591.18,57082.549
2024-10-09 08:00:00,591.17,605.99,590.38,598.62,47889.934
2024-10-09 12:00:00,598.68,600.53,576.3,590.91,93441.728
2024-10-09 16:00:00,590.91,591.09,569.8,576.9,60868.103
2024-10-09 20:00:00,576.97,579.6,565.55,569.52,54488.846
2024-10-10 00:00:00,569.52,579.63,565.0,577.38,36242.186
2024-10-10 04:00:00,577.39,593.96,575.4,580.34,56218.918
2024-10-10 08:00:00,580.3,594.0,569.07,592.16,62564.406
2024-10-10 12:00:00,592.16,596.68,544.18,558.24,146557.119
2024-10-10 16:00:00,558.25,564.92,535.85,558.59,108765.835
2024-10-10 20:00:00,558.55,571.51,553.85,563.31,56654.171
2024-10-11 00:00:00,563.31,573.81,559.2,566.96,40881.454
2024-10-11 04:00:00,566.96,576.33,556.81,569.54,41515.554
2024-10-11 08:00:00,569.51,599.99,568.2,593.18,73964.759
2024-10-11 12:00:00,593.18,631.98,592.3,620.79,141210.761
2024-10-11 16:00:00,620.77,628.0,609.95,627.58,57214.379
2024-10-11 20:00:00,627.59,643.98,616.84,621.88,63210.141
2024-10-12 00:00:00,621.8,637.81,616.64,637.78,50216.861
2024-10-12 04:00:00,637.78,658.35,636.76,647.58,85697.608
2024-10-12 08:00:00,647.57,660.0,643.49,656.87,62193.721
2024-10-12 12:00:00,656.83,682.41,652.08,661.52,115986.072
2024-10-12 16:00:00,661.54,675.91,661.21,662.46,46822.909
2024-10-12 20:00:00,662.45,679.2,654.57,656.73,38332.131
2024-10-13 00:00:00,656.84,666.55,649.0,650.65,46690.439
2024-10-13 04:00:00,650.66,661.0,647.98,657.05,41211.99
2024-10-13 08:00:00,656.94,663.84,634.14,637.12,55561.617
2024-10-13 12:00:00,637.14,645.86,631.48,635.77,41939.772
2024-10-13 16:00:00,635.76,651.93,633.38,649.42,34682.277
2024-10-13 20:00:00,649.39,658.84,636.74,640.29,42714.628
2024-10-14 00:00:00,640.29,677.8,631.83,673.28,68201.289
2024-10-14 04:00:00,673.17,678.17,646.81,652.97,63897.621
2024-10-14 08:00:00,652.95,656.16,638.74,641.46,58183.853
2024-10-14 12:00:00,641.46,649.71,621.27,638.97,112960.965
2024-10-14 16:00:00,638.75,643.84,630.12,636.96,42072.859
2024-10-14 20:00:00,636.91,643.28,631.61,633.04,33119.822
2024-10-15 00:00:00,633.03,634.44,620.75,632.46,56071.881
2024-10-15 04:00:00,632.53,638.6,621.42,624.15,45428.032
2024-10-15 08:00:00,624.2,626.04,593.05,598.6,78135.437
2024-10-15 12:00:00,598.67,631.85,587.21,603.19,160275.437
2024-10-15 16:00:00,603.19,618.89,598.0,599.14,49727.235
2024-10-15 20:00:00,599.12,600.68,586.06,597.73,39004.412
2024-10-16 00:00:00,597.84,633.7,591.61,626.61,57310.038
2024-10-16 04:00:00,626.55,634.64,606.75,607.68,61080.875
2024-10-16 08:00:00,607.69,613.96,588.25,593.5,71453.208
2024-10-16 12:00:00,593.5,596.95,572.07,576.96,89793.646
2024-10-16 16:00:00,576.95,580.96,570.27,576.03,37945.204
2024-10-16 20:00:00,576.0,593.66,575.96,579.33,38792.528
2024-10-17 00:00:00,579.33,593.99,579.33,582.81,28510.965
2024-10-17 04:00:00,582.82,584.34,566.03,575.97,43846.351
2024-10-17 08:00:00,575.96,596.6,572.79,574.91,65536.837
2024-10-17 12:00:00,574.87,590.44,574.66,586.14,56460.962
2024-10-17 16:00:00,586.22,586.89,560.7,581.0,68018.279
2024-10-17 20:00:00,581.0,591.34,576.18,578.1,32176.681
2024-10-18 00:00:00,578.04,596.6,577.5,592.45,39056.347
2024-10-18 04:00:00,592.5,598.54,568.96,577.56,54685.183
2024-10-18 08:00:00,577.54,582.12,571.01,572.09,25683.135
2024-10-18 12:00:00,572.12,584.63,565.26,580.48,56842.422
2024-10-18 16:00:00,580.49,588.6,573.19,574.05,41910.113
2024-10-18 20:00:00,574.08,578.08,570.69,576.23,15915.534
2024-10-19 00:00:00,576.23,587.56,572.13,580.21,24488.631
2024-10-19 04:00:00,580.21,583.15,570.5,572.9,24409.024
2024-10-19 08:00:00,572.86,575.73,557.0,560.86,50178.6
2024-10-19 12:00:00,560.87,563.47,555.0,557.23,26020.779
2024-10-19 16:00:00,557.27,558.5,548.2,555.34,32897.646
2024-10-19 20:00:00,555.34,560.87,554.85,557.73,15685.189
2024-10-20 00:00:00,557.71,565.83,555.62,562.87,29500.333
2024-10-20 04:00:00,562.93,564.0,552.84,561.09,24336.94
2024-10-20 08:00:00,561.1,578.84,557.64,578.82,36046.971
2024-10-20 12:00:00,578.83,592.0,570.0,578.9,85546.038
2024-10-20 16:00:00,578.87,588.5,569.09,587.94,34767.542
2024-10-20 20:00:00,588.01,608.51,587.0,603.39,58709.644
2024-10-21 00:00:00,603.38,611.0,590.67,591.05,37341.983
2024-10-21 04:00:00,590.97,597.07,585.82,590.72,29973.465
2024-10-21 08:00:00,590.72,596.11,573.23,578.12,36659.773
2024-10-21 12:00:00,578.12,580.24,540.32,555.07,104288.002
2024-10-21 16:00:00,555.14,562.0,545.44,560.66,34592.614
2024-10-21 20:00:00,560.67,561.9,546.69,547.14,22509.418
2024-10-22 00:00:00,547.12,560.99,543.12,555.18,34742.413
2024-10-22 04:00:00,555.18,561.36,552.03,556.66,20627.174
2024-10-22 08:00:00,556.66,560.33,546.11,555.43,34012.103
2024-10-22 12:00:00,555.42,558.67,542.2,550.19,45849.788
2024-10-22 16:00:00,550.13,550.45,536.45,547.24,34893.231
2024-10-22 20:00:00,547.24,552.23,542.95,543.22,14821.981
2024-10-23 00:00:00,543.29,544.99,536.25,543.83,20262.466
2024-10-23 04:00:00,543.84,549.25,536.69,538.11,20951.961
2024-10-23 08:00:00,538.03,542.51,528.01,528.87,42778.386
2024-10-23 12:00:00,528.96,535.0,520.0,524.91,46704.604
2024-10-23 16:00:00,524.81,531.53,505.0,529.21,65897.149
2024-10-23 20:00:00,529.19,531.55,520.32,527.33,24743.112
2024-10-24 00:00:00,527.34,540.0,524.43,535.0,34477.478
2024-10-24 04:00:00,535.01,541.2,531.69,532.86,23887.644
2024-10-24 08:00:00,532.92,543.08,526.28,538.54,36739.05
2024-10-24 12:00:00,538.56,561.62,536.91,552.44,94274.491
2024-10-24 16:00:00,552.45,554.6,540.42,553.47,35499.514
2024-10-24 20:00:00,553.53,554.21,540.0,542.85,29451.162
2024-10-25 00:00:00,542.87,545.83,529.36,532.31,25688.209
2024-10-25 04:00:00,532.31,537.1,527.5,529.84,22679.106
2024-10-25 08:00:00,529.86,544.98,525.19,542.1,26664.988
2024-10-25 12:00:00,542.13,545.85,528.0,531.84,43724.041
2024-10-25 16:00:00,531.81,538.94,501.12,515.53,83965.893
2024-10-25 20:00:00,515.52,517.92,456.66,485.64,142341.364
2024-10-26 00:00:00,485.59,511.94,482.12,503.37,68211.001
2024-10-26 04:00:00,503.37,514.64,501.96,510.29,29024.817
2024-10-26 08:00:00,510.29,521.0,509.09,516.03,36319.783
2024-10-26 12:00:00,516.03,516.66,500.27,508.58,41067.267
2024-10-26 16:00:00,508.58,513.32,503.57,511.58,19890.767
2024-10-26 20:00:00,511.69,514.98,508.15,510.38,13176.378
2024-10-27 00:00:00,510.42,513.27,505.0,512.06,15782.993
2024-10-27 04:00:00,512.06,512.61,502.81,504.09,13435.456
2024-10-27 08:00:00,504.09,506.71,496.27,497.86,23654.38
2024-10-27 12:00:00,497.89,516.57,497.37,513.35,33762.4
2024-10-27 16:00:00,513.36,514.56,503.52,504.68,20864.922
2024-10-27 20:00:00,504.81,514.83,502.55,510.73,21492.854
2024-10-28 00:00:00,510.73,520.8,490.1,491.38,42012.71
2024-10-28 04:00:00,491.49,510.58,490.17,509.11,33118.874
2024-10-28 08:00:00,509.27,523.76,507.05,522.7,46605.94
2024-10-28 12:00:00,522.69,529.59,505.01,506.4,71666.916
2024-10-28 16:00:00,506.39,516.7,499.4,509.92,51129.976
2024-10-28 20:00:00,509.57,524.93,506.12,514.04,30480.903
2024-10-29 00:00:00,514.04,554.1,511.18,529.92,55442.479
2024-10-29 04:00:00,529.88,535.63,523.64,526.18,32100.027
2024-10-29 08:00:00,526.18,553.61,526.01,550.29,52579.103
2024-10-29 12:00:00,550.23,554.53,541.3,551.75,47270.987
2024-10-29 16:00:00,551.64,556.03,527.48,527.92,54057.486
2024-10-29 20:00:00,527.95,529.94,515.61,521.2,42311.057
2024-10-30 00:00:00,521.19,526.31,508.12,525.51,43970.357
2024-10-30 04:00:00,525.54,529.72,519.02,520.68,30197.279
2024-10-30 08:00:00,520.71,526.26,506.2,507.46,40225.841
2024-10-30 12:00:00,507.46,514.08,497.23,499.32,70963.447
2024-10-30 16:00:00,499.26,506.07,498.17,499.76,23870.975
2024-10-30 20:00:00,499.76,504.95,493.38,494.13,27043.92
2024-10-31 00:00:00,494.16,499.68,491.64,498.66,22024.849
2024-10-31 04:00:00,498.69,505.51,494.05,497.54,24899.583
2024-10-31 08:00:00,497.56,498.0,490.1,491.22,22774.684
2024-10-31 12:00:00,491.25,493.14,478.0,486.95,60843.048
2024-10-31 16:00:00,486.88,488.76,475.01,476.25,41070.149
2024-10-31 20:00:00,476.17,486.3,475.9,484.63,21085.82
2024-11-01 00:00:00,484.63,489.45,474.0,483.14,36892.958
2024-11-01 04:00:00,483.21,483.42,450.17,456.71,72305.435
2024-11-01 08:00:00,456.65,469.04,454.34,463.88,39872.673
2024-11-01 12:00:00,463.95,482.55,454.81,460.28,82091.124
2024-11-01 16:00:00,460.27,469.19,457.78,462.36,39055.534
2024-11-01 20:00:00,462.31,465.2,454.54,463.82,18062.28
2024-11-02 00:00:00,463.81,466.86,460.18,460.69,12098.538
2024-11-02 04:00:00,460.69,463.3,457.12,461.32,13550.41
2024-11-02 08:00:00,461.34,462.55,454.01,456.2,19304.855
2024-11-02 12:00:00,456.19,457.51,436.0,440.92,85236.722
2024-11-02 16:00:00,440.9,443.21,430.02,435.57,49364.827
2024-11-02 20:00:00,435.57,446.64,434.55,439.43,25372.963
2024-11-03 00:00:00,439.45,442.98,420.0,426.06,68417.228
2024-11-03 04:00:00,426.08,439.32,425.56,438.16,30545.571
2024-11-03 08:00:00,438.16,438.2,428.23,429.32,24052.514
2024-11-03 12:00:00,429.32,432.53,407.43,424.24,84778.036
2024-11-03 16:00:00,424.16,435.7,422.69,435.59,54959.313
2024-11-03 20:00:00,435.5,442.86,431.55,434.27,40709.01
2024-11-04 00:00:00,434.27,441.58,428.48,432.86,32193.412
2024-11-04 04:00:00,432.86,435.26,426.47,428.51,19689.973
2024-11-04 08:00:00,428.51,433.78,423.06,430.3,31319.009
2024-11-04 12:00:00,430.45,435.92,421.06,425.39,39752.609
2024-11-04 16:00:00,425.45,427.12,413.8,413.99,34352.875
2024-11-04 20:00:00,413.98,424.83,403.35,419.45,62709.226
2024-11-05 00:00:00,419.51,426.82,415.93,422.24,27959.535
2024-11-05 04:00:00,422.23,430.0,421.34,428.55,24840.626
2024-11-05 08:00:00,428.62,433.22,425.33,429.66,23391.924
2024-11-05 12:00:00,429.54,453.57,427.8,449.42,63706.914
2024-11-05 16:00:00,449.49,465.4,445.73,449.27,66518.851
2024-11-05 20:00:00,449.29,459.26,447.13,458.05,29166.583
2024-11-06 00:00:00,458.08,510.97,457.05,503.9,134025.897
2024-11-06 04:00:00,503.9,517.23,492.68,505.12,84509.016
2024-11-06 08:00:00,505.2,532.24,488.4,530.08,93798.119
2024-11-06 12:00:00,530.18,539.42,511.31,514.31,83735.758
2024-11-06 16:00:00,514.32,523.85,512.51,520.06,30757.968
2024-11-06 20:00:00,520.08,532.66,515.69,527.72,35542.479
2024-11-07 00:00:00,527.71,548.46,523.94,532.43,55871.792
2024-11-07 04:00:00,532.46,534.68,510.0,510.72,47554.926
2024-11-07 08:00:00,510.67,521.29,510.35,516.47,29834.116
2024-11-07 12:00:00,516.47,523.0,502.27,518.38,41934.717
2024-11-07 16:00:00,518.33,523.58,506.36,513.74,48020.531
2024-11-07 20:00:00,513.62,519.0,504.13,507.95,24326.476
2024-11-08 00:00:00,508.0,516.88,496.98,502.03,38381.349
2024-11-08 04:00:00,502.16,509.52,498.59,502.9,26344.098
2024-11-08 08:00:00,502.93,508.4,497.77,499.58,31964.075
2024-11-08 12:00:00,499.6,511.08,494.24,499.91,45706.928
2024-11-08 16:00:00,499.91,503.08,487.74,500.91,45273.854
2024-11-08 20:00:00,500.86,505.76,494.85,499.01,24263.989
2024-11-09 00:00:00,499.08,519.75,497.71,513.84,43369.997
2024-11-09 04:00:00,513.89,516.92,503.01,507.68,37660.214
2024-11-09 08:00:00,507.66,521.55,505.17,507.26,43092.019
2024-11-09 12:00:00,507.23,507.59,488.01,494.32,57733.456
2024-11-09 16:00:00,494.3,503.96,485.0,499.43,43224.147
2024-11-09 20:00:00,499.44,531.19,497.06,516.72,67660.681
2024-11-10 00:00:00,516.68,524.97,504.9,518.76,61445.233
2024-11-10 04:00:00,518.76,526.08,505.38,518.16,64049.366
2024-11-10 08:00:00,518.05,532.74,517.24,529.84,70974.408
2024-11-10 12:00:00,529.8,568.69,520.0,562.06,157674.535
2024-11-10 16:00:00,562.18,576.11,540.41,549.89,103204.928
2024-11-10 20:00:00,549.87,575.73,530.0,560.37,84452.92
2024-11-11 00:00:00,560.39,579.33,557.76,576.39,53853.616
2024-11-11 04:00:00,576.4,577.81,543.21,573.75,71403.182
2024-11-11 08:00:00,573.75,598.81,573.0,590.4,127770.234
2024-11-11 12:00:00,590.39,591.88,557.09,567.57,113939.058
2024-11-11 16:00:00,567.55,623.55,565.0,601.97,129186.536
2024-11-11 20:00:00,601.97,618.79,585.0,606.98,76764.758
2024-11-12 00:00:00,606.92,625.36,580.37,618.06,100648.16
2024-11-12 04:00:00,618.05,619.92,587.74,598.89,81658.308
2024-11-12 08:00:00,598.9,600.85,511.0,555.13,222020.484
2024-11-12 12:00:00,555.1,559.93,532.13,539.28,112903.376
2024-11-12 16:00:00,539.29,581.67,528.5,565.78,98789.517
2024-11-12 20:00:00,565.77,582.78,556.1,568.8,55884.419
2024-11-13 00:00:00,568.81,573.13,539.0,540.04,64832.552
2024-11-13 04:00:00,540.02,554.37,522.08,539.12,78724.433
2024-11-13 08:00:00,539.14,551.45,535.52,545.85,42165.162
2024-11-13 12:00:00,545.78,577.12,542.23,566.18,109071.879
2024-11-13 16:00:00,566.09,574.44,528.0,529.52,87828.277
2024-11-13 20:00:00,529.37,539.98,517.47,538.6,71864.806
2024-11-14 00:00:00,538.61,542.14,528.11,541.32,37933.398
2024-11-14 04:00:00,541.29,560.65,537.36,550.81,40259.489
2024-11-14 08:00:00,550.91,554.3,512.53,520.4,65743.643
2024-11-14 12:00:00,520.35,521.17,495.34,502.65,99379.292
2024-11-14 16:00:00,502.65,518.03,499.59,504.94,67480.98
2024-11-14 20:00:00,505.15,505.81,487.52,495.26,65348.383
2024-11-15 00:00:00,495.29,507.84,491.68,504.44,45998.509
2024-11-15 04:00:00,504.44,513.48,490.03,501.44,43410.152
2024-11-15 08:00:00,501.47,514.35,498.1,511.14,27701.772
2024-11-15 12:00:00,511.14,518.85,493.79,497.61,57518.418
2024-11-15 16:00:00,497.49,507.18,495.1,504.12,33460.489
2024-11-15 20:00:00,504.2,522.78,504.0,518.71,40971.906
2024-11-16 00:00:00,518.65,539.62,512.75,535.67,33401.726
2024-11-16 04:00:00,535.66,537.48,523.1,524.55,28362.295
2024-11-16 08:00:00,524.48,535.41,520.42,535.33,28916.93
2024-11-16 12:00:00,535.37,539.26,508.46,514.31,49395.814
2024-11-16 16:00:00,514.22,530.79,508.03,526.47,26077.671
2024-11-16 20:00:00,526.49,526.89,512.49,518.42,30172.021
2024-11-17 00:00:00,518.44,519.96,485.64,499.85,59844.986
2024-11-17 04:00:00,499.88,520.7,497.57,518.02,32285.411
2024-11-17 08:00:00,518.01,523.0,505.0,506.06,32243.794
2024-11-17 12:00:00,506.05,516.04,498.88,505.43,30012.551
2024-11-17 16:00:00,505.43,506.7,495.0,497.67,27789.584
2024-11-17 20:00:00,497.65,500.79,485.76,491.62,28755.746
2024-11-18 00:00:00,491.66,499.54,488.03,497.71,28912.104
2024-11-18 04:00:00,497.7,508.03,488.83,502.03,49300.981
2024-11-18 08:00:00,502.0,502.09,487.36,490.15,48407.682
2024-11-18 12:00:00,490.15,505.02,475.35,502.6,80529.433
2024-11-18 16:00:00,502.57,527.49,490.23,503.39,99489.841
2024-11-18 20:00:00,503.36,518.34,498.02,512.05,46396.807
2024-11-19 00:00:00,511.97,512.85,493.65,493.92,29022.489
2024-11-19 04:00:00,493.93,495.54,489.01,492.2,25458.519
2024-11-19 08:00:00,492.29,494.83,484.76,493.17,36683.136
2024-11-19 12:00:00,493.18,498.6,475.02,480.99,84734.422
2024-11-19 16:00:00,481.03,503.9,479.05,495.45,60413.402
2024-11-19 20:00:00,495.41,503.05,473.0,482.92,85037.996
2024-11-20 00:00:00,482.85,483.1,460.7,467.61,65395.725
2024-11-20 04:00:00,467.6,469.97,461.27,467.52,32798.83
2024-11-20 08:00:00,467.36,483.91,466.62,475.6,56952.535
2024-11-20 12:00:00,475.65,491.9,469.75,479.68,66942.029
2024-11-20 16:00:00,479.64,481.18,450.0,457.53,139371.841
2024-11-20 20:00:00,457.5,489.23,453.9,481.82,103681.391
2024-11-21 00:00:00,481.81,504.37,476.02,478.61,101830.273
2024-11-21 04:00:00,478.6,500.84,477.15,481.88,78138.27
2024-11-21 08:00:00,481.81,482.99,461.01,466.01,79052.578
2024-11-21 12:00:00,465.89,513.76,465.57,492.67,157626.638
2024-11-21 16:00:00,492.63,524.71,492.63,513.97,75329.223
2024-11-21 20:00:00,513.96,529.34,508.66,519.5,44214.858
2024-11-22 00:00:00,519.47,521.63,505.56,508.6,45701.92
2024-11-22 04:00:00,508.69,514.37,496.3,497.08,45785.714
2024-11-22 08:00:00,497.16,504.87,490.61,503.84,32781.551
2024-11-22 12:00:00,503.79,507.42,484.36,492.57,65162.723
2024-11-22 16:00:00,492.53,493.86,484.35,486.34,37868.567
2024-11-22 20:00:00,486.35,515.6,484.16,511.9,40793.416
2024-11-23 00:00:00,511.91,535.44,505.93,523.23,79871.658
2024-11-23 04:00:00,523.2,534.42,511.2,534.23,60391.689
2024-11-23 08:00:00,534.22,535.87,520.0,522.79,42997.672
2024-11-23 12:00:00,522.84,550.0,519.45,534.39,74686.951
2024-11-23 16:00:00,534.44,541.1,503.22,512.43,114414.121
2024-11-23 20:00:00,512.42,536.39,499.09,522.24,65337.51
2024-11-24 00:00:00,522.23,543.33,518.89,541.88,53804.742
2024-11-24 04:00:00,541.73,548.5,528.15,544.59,56549.536
2024-11-24 08:00:00,544.5,545.01,510.88,512.74,82966.62
2024-11-24 12:00:00,512.7,518.55,485.89,490.85,128795.512
2024-11-24 16:00:00,490.88,510.55,487.8,504.59,44693.694
2024-11-24 20:00:00,504.64,529.15,502.69,527.65,43425.87
2024-11-25 00:00:00,527.62,539.92,516.34,526.7,63981.99
2024-11-25 04:00:00,526.83,539.02,521.02,524.68,41233.829
2024-11-25 08:00:00,524.67,541.37,519.0,523.8,44865.962
2024-11-25 12:00:00,523.77,530.91,491.5,521.06,112778.355
2024-11-25 16:00:00,521.19,545.77,507.82,537.62,93210.685
2024-11-25 20:00:00,537.6,566.38,526.39,546.12,149927.976
2024-11-26 00:00:00,546.13,562.5,540.99,548.82,72028.118
2024-11-26 04:00:00,548.79,574.32,528.95,536.09,89701.272
2024-11-26 08:00:00,536.08,541.84,503.78,517.71,130630.695
2024-11-26 12:00:00,517.64,540.81,509.04,517.62,115027.446
2024-11-26 16:00:00,517.64,541.69,515.0,534.59,97785.333
2024-11-26 20:00:00,534.55,570.86,533.04,559.2,100922.341
2024-11-27 00:00:00,559.25,571.65,546.85,550.76,80602.566
2024-11-27 04:00:00,550.73,566.19,542.54,559.6,53812.803
2024-11-27 08:00:00,559.63,577.58,553.68,572.57,89731.772
2024-11-27 12:00:00,572.53,594.25,559.37,584.38,79528.365
2024-11-27 16:00:00,584.46,588.9,573.29,574.67,46482.309
2024-11-27 20:00:00,574.74,588.0,560.7,561.14,54530.098
2024-11-28 00:00:00,561.17,567.92,554.73,561.48,44537.492
2024-11-28 04:00:00,561.49,581.95,558.57,572.52,44365.631
2024-11-28 08:00:00,572.56,579.97,560.08,568.58,39293.918
2024-11-28 12:00:00,568.54,574.66,551.5,552.32,48515.303
2024-11-28 16:00:00,552.25,592.0,551.5,581.26,104381.676
2024-11-28 20:00:00,581.27,610.52,576.74,595.93,120239.173
2024-11-29 00:00:00,595.98,601.77,582.55,599.43,55513.058
2024-11-29 04:00:00,599.36,624.67,597.68,602.92,97703.874
2024-11-29 08:00:00,602.9,639.99,602.82,623.81,94701.008
2024-11-29 12:00:00,623.81,635.75,610.5,614.7,76684.024
2024-11-29 16:00:00,614.74,627.66,613.0,615.44,43743.24
2024-11-29 20:00:00,615.47,621.96,614.27,618.1,24442.11
2024-11-30 00:00:00,618.0,621.23,610.0,616.29,42783.259
2024-11-30 04:00:00,616.35,622.18,610.28,617.62,35560.662
2024-11-30 08:00:00,617.72,633.51,611.44,624.25,60176.796
2024-11-30 12:00:00,624.29,681.72,623.61,668.97,135446.448
2024-11-30 16:00:00,668.97,679.83,652.29,657.5,69782.593
2024-11-30 20:00:00,657.52,679.54,655.6,678.07,37060.027
2024-12-01 00:00:00,678.07,679.0,645.95,651.43,65668.026
2024-12-01 04:00:00,651.53,659.13,644.0,646.08,31567.086
2024-12-01 08:00:00,646.08,654.74,640.53,651.7,37062.162
2024-12-01 12:00:00,651.69,659.59,648.24,650.69,37209.399
2024-12-01 16:00:00,650.73,651.59,637.11,640.17,36581.918
2024-12-01 20:00:00,640.13,643.47,627.0,637.31,49702.667
2024-12-02 00:00:00,637.32,645.65,610.59,612.49,57699.004
2024-12-02 04:00:00,612.45,622.83,600.75,612.87,88383.148
2024-12-02 08:00:00,612.88,615.47,575.01,586.56,107474.955
2024-12-02 12:00:00,586.53,611.18,583.0,605.14,75255.686
2024-12-02 16:00:00,605.27,609.2,566.0,586.62,96305.982
2024-12-02 20:00:00,586.57,608.61,583.13,606.99,52123.529
2024-12-03 00:00:00,606.94,609.26,590.01,604.07,44880.312
2024-12-03 04:00:00,604.07,629.7,601.67,621.79,102388.806
2024-12-03 08:00:00,621.77,629.48,598.07,614.39,75100.433
2024-12-03 12:00:00,614.36,615.86,568.26,600.23,141079.327
2024-12-03 16:00:00,600.24,611.15,583.5,603.78,56924.687
2024-12-03 20:00:00,603.77,624.97,602.1,619.88,46414.442
2024-12-04 00:00:00,619.89,638.58,617.62,631.92,56528.15
2024-12-04 04:00:00,631.82,709.7,629.75,708.61,110155.013
2024-12-04 08:00:00,708.54,726.81,687.02,695.34,120362.957
2024-12-04 12:00:00,695.34,708.51,680.34,699.45,95041.447
2024-12-04 16:00:00,699.32,702.62,660.25,679.06,104237.507
2024-12-04 20:00:00,679.08,685.55,643.0,655.9,70680.61
2024-12-05 00:00:00,655.9,680.0,625.0,664.77,127916.187
2024-12-05 04:00:00,664.81,689.99,654.67,670.05,67112.325
2024-12-05 08:00:00,669.95,681.18,661.92,675.06,44929.124
2024-12-05 12:00:00,675.03,703.0,673.72,698.28,84686.194
2024-12-05 16:00:00,698.33,725.0,678.24,683.93,110573.423
2024-12-05 20:00:00,683.99,702.1,646.11,681.17,148155.773
2024-12-06 00:00:00,681.14,738.51,672.5,730.03,102522.314
2024-12-06 04:00:00,730.03,750.0,716.36,727.88,62280.078
2024-12-06 08:00:00,727.9,743.9,708.36,728.27,82053.79
2024-12-06 12:00:00,728.18,742.77,700.01,712.26,110568.647
2024-12-06 16:00:00,712.3,728.94,705.14,710.98,53310.859
2024-12-06 20:00:00,710.84,717.5,700.05,707.1,45533.848
2024-12-07 00:00:00,707.1,714.1,698.03,707.91,29362.047
2024-12-07 04:00:00,707.99,719.76,703.72,710.11,42436.7
2024-12-07 08:00:00,710.22,713.25,695.22,701.89,36572.213
2024-12-07 12:00:00,701.89,708.0,696.24,705.58,27183.885
2024-12-07 16:00:00,705.6,706.58,686.36,692.96,39188.114
2024-12-07 20:00:00,692.98,705.17,692.31,698.7,15543.301
2024-12-08 00:00:00,698.88,711.07,692.35,692.4,22349.488
2024-12-08 04:00:00,692.4,700.0,681.51,695.31,38883.355
2024-12-08 08:00:00,695.18,698.96,676.09,689.98,45915.211
2024-12-08 12:00:00,689.98,704.61,684.9,701.22,41092.314
2024-12-08 16:00:00,701.1,704.63,686.61,691.56,31916.913
2024-12-08 20:00:00,691.57,716.79,686.64,713.2,31583.545
2024-12-09 00:00:00,713.25,714.28,664.08,673.25,74195.213
2024-12-09 04:00:00,673.25,683.96,657.51,678.03,55801.918
2024-12-09 08:00:00,678.04,678.21,650.63,652.3,74562.74
2024-12-09 12:00:00,652.22,681.06,645.92,653.58,73515.137
2024-12-09 16:00:00,653.58,665.24,641.56,643.88,53449.779
2024-12-09 20:00:00,643.87,647.0,496.67,597.76,308306.298
2024-12-10 00:00:00,597.76,612.92,550.6,573.6,106841.762
2024-12-10 04:00:00,573.73,592.92,564.8,582.65,41978.88
2024-12-10 08:00:00,582.63,602.75,573.26,589.24,64413.677
2024-12-10 12:00:00,589.25,589.72,530.59,532.62,116874.615
2024-12-10 16:00:00,532.7,561.98,528.97,559.8,118841.112
2024-12-10 20:00:00,559.79,588.12,555.96,574.27,40196.128
2024-12-11 00:00:00,574.32,576.16,550.66,571.49,47882.168
2024-12-11 04:00:00,571.53,583.51,565.56,568.94,25115.132
2024-12-11 08:00:00,568.96,588.02,567.59,576.19,34065.97
2024-12-11 12:00:00,576.2,614.93,576.2,611.96,72784.838
2024-12-11 16:00:00,611.95,619.8,601.12,609.26,44422.167
2024-12-11 20:00:00,609.26,612.0,598.83,601.04,18911.782
2024-12-12 00:00:00,601.05,644.91,599.28,635.33,51661.062
2024-12-12 04:00:00,635.31,638.11,621.66,625.55,36369.142
2024-12-12 08:00:00,625.53,630.44,604.0,607.68,37764.063
2024-12-12 12:00:00,607.67,621.37,600.19,606.25,54655.792
2024-12-12 16:00:00,606.29,616.44,583.21,585.87,66651.875
2024-12-12 20:00:00,585.83,594.51,572.01,577.2,54454.127
2024-12-13 00:00:00,577.07,585.2,567.12,579.97,36463.451
2024-12-13 04:00:00,579.99,581.94,562.25,570.4,31859.585
2024-12-13 08:00:00,570.34,580.15,565.37,574.15,27264.797
2024-12-13 12:00:00,574.2,589.52,571.07,573.81,50206.041
2024-12-13 16:00:00,573.79,583.34,568.15,574.93,35956.102
2024-12-13 20:00:00,574.94,578.91,566.0,578.4,19118.392
2024-12-14 00:00:00,578.44,588.0,573.01,574.31,21532.894
2024-12-14 04:00:00,574.33,586.96,571.34,581.72,16527.193
2024-12-14 08:00:00,581.68,586.63,575.8,578.89,17175.584
2024-12-14 12:00:00,578.9,581.4,555.92,566.3,39871.773
2024-12-14 16:00:00,566.28,566.28,540.59,545.88,59208.118
2024-12-14 20:00:00,545.81,561.39,537.98,560.48,25980.184
2024-12-15 00:00:00,560.48,566.7,552.04,553.73,16206.362
2024-12-15 04:00:00,553.77,562.8,540.1,546.92,19154.657
2024-12-15 08:00:00,546.92,560.12,546.19,559.07,17871.45
2024-12-15 12:00:00,559.06,574.49,555.43,568.56,27156.789
2024-12-15 16:00:00,568.58,573.1,560.34,565.56,18445.348
2024-12-15 20:00:00,565.56,577.13,546.78,574.58,33212.251
2024-12-16 00:00:00,574.58,586.11,554.0,558.27,38056.266
2024-12-16 04:00:00,558.3,569.06,556.23,560.88,18415.577
2024-12-16 08:00:00,560.88,562.23,534.88,536.0,46103.12
2024-12-16 12:00:00,536.1,547.84,535.65,543.39,31991.255
2024-12-16 16:00:00,543.28,559.42,541.28,550.89,39362.934
2024-12-16 20:00:00,550.87,553.66,538.48,541.3,21149.508
2024-12-17 00:00:00,541.29,541.72,528.09,540.11,34328.914
2024-12-17 04:00:00,540.12,540.7,524.6,528.18,34212.789
2024-12-17 08:00:00,528.19,540.75,525.76,536.89,39042.333
2024-12-17 12:00:00,536.88,545.29,519.26,526.84,65492.293
2024-12-17 16:00:00,526.76,539.55,521.44,530.88,31709.164
2024-12-17 20:00:00,530.87,533.28,509.01,519.51,53302.2
2024-12-18 00:00:00,519.48,530.4,516.48,516.48,31623.899
2024-12-18 04:00:00,516.48,524.12,507.92,523.84,31139.688
2024-12-18 08:00:00,523.86,534.28,518.69,526.79,30299.805
2024-12-18 12:00:00,526.72,531.0,516.05,521.93,52496.651
2024-12-18 16:00:00,521.86,537.76,516.16,516.16,50433.63
2024-12-18 20:00:00,516.16,521.52,480.0,499.41,154564.761
2024-12-19 00:00:00,499.46,505.83,451.59,502.42,129683.319
2024-12-19 04:00:00,502.39,504.2,490.6,493.94,31437.745
2024-12-19 08:00:00,493.9,499.96,484.37,489.22,33893.509
2024-12-19 12:00:00,489.23,494.48,465.2,474.99,68476.549
2024-12-19 16:00:00,474.98,482.14,430.0,455.71,165286.565
2024-12-19 20:00:00,455.72,466.08,440.4,447.1,78575.448
2024-12-20 00:00:00,447.1,470.92,439.3,462.02,56494.319
2024-12-20 04:00:00,462.02,464.44,438.08,448.58,40682.079
2024-12-20 08:00:00,448.57,448.72,399.0,400.97,189739.624
2024-12-20 12:00:00,401.03,462.19,400.05,452.19,113331.745
2024-12-20 16:00:00,452.19,480.46,449.5,477.18,49328.422
2024-12-20 20:00:00,477.21,477.86,459.55,472.72,33646.865
2024-12-21 00:00:00,472.72,490.46,472.03,488.36,30845.116
2024-12-21 04:00:00,488.38,507.21,485.72,498.59,34287.887
2024-12-21 08:00:00,498.58,500.56,480.68,487.52,34089.91
2024-12-21 12:00:00,487.53,487.92,458.27,468.88,70885.087
2024-12-21 16:00:00,468.88,469.48,449.52,455.77,44579.243
2024-12-21 20:00:00,455.77,461.82,450.51,455.69,29875.257
2024-12-22 00:00:00,455.69,460.57,447.03,454.71,28692.615
2024-12-22 04:00:00,454.69,458.5,441.34,455.46,29283.836
2024-12-22 08:00:00,455.28,475.81,454.84,464.97,29026.287
2024-12-22 12:00:00,464.96,470.91,449.03,454.43,39192.245
2024-12-22 16:00:00,454.45,464.85,441.42,442.7,29405.723
2024-12-22 20:00:00,442.72,458.73,439.37,450.13,31161.958
2024-12-23 00:00:00,450.13,467.31,439.79,465.41,38656.383
2024-12-23 04:00:00,465.45,467.88,448.11,454.51,24526.194
2024-12-23 08:00:00,454.48,464.75,453.17,456.05,16552.505
2024-12-23 12:00:00,456.03,460.57,442.02,445.44,39500.391
2024-12-23 16:00:00,445.41,464.41,444.56,462.98,38612.889
2024-12-23 20:00:00,462.97,505.95,462.71,485.03,82928.887
2024-12-24 00:00:00,485.02,486.76,475.62,484.26,30606.296
2024-12-24 04:00:00,484.28,499.98,481.01,493.1,34392.44
2024-12-24 08:00:00,493.12,501.53,485.76,494.74,32160.804
2024-12-24 12:00:00,494.72,507.41,488.74,502.2,44970.598
2024-12-24 16:00:00,502.13,506.19,491.25,491.42,30020.645
2024-12-24 20:00:00,491.45,504.46,485.82,503.91,20573.247
2024-12-25 00:00:00,503.9,505.84,497.3,502.24,18460.572
2024-12-25 04:00:00,502.29,510.75,498.78,499.94,29444.312
2024-12-25 08:00:00,499.94,512.31,494.58,500.66,50127.69
2024-12-25 12:00:00,500.61,521.4,494.98,510.34,58140.014
2024-12-25 16:00:00,510.32,513.36,496.77,502.35,37213.284
2024-12-25 20:00:00,502.33,504.86,490.24,499.43,25919.749
2024-12-26 00:00:00,499.42,505.35,482.16,484.03,29050.083
2024-12-26 04:00:00,484.02,489.73,477.61,482.16,34108.646
2024-12-26 08:00:00,482.11,483.86,469.51,477.82,39912.896
2024-12-26 12:00:00,477.81,478.89,469.86,472.04,29157.095
2024-12-26 16:00:00,472.06,477.19,465.02,470.16,28916.542
2024-12-26 20:00:00,470.13,476.2,464.09,472.13,16969.388
2024-12-27 00:00:00,472.13,476.19,465.87,474.5,21225.287
2024-12-27 04:00:00,474.48,478.63,463.5,468.31,23526.998
2024-12-27 08:00:00,468.35,495.81,468.29,494.41,35986.232
2024-12-27 12:00:00,494.43,495.84,468.17,472.63,37541.881
2024-12-27 16:00:00,472.63,483.36,465.94,479.31,27092.872
2024-12-27 20:00:00,479.3,479.91,463.08,468.82,17775.243
2024-12-28 00:00:00,468.82,471.26,463.3,467.64,13039.575
2024-12-28 04:00:00,467.61,469.1,459.12,460.54,15143.733
2024-12-28 08:00:00,460.53,469.15,460.52,467.78,13172.777
2024-12-28 12:00:00,467.75,476.77,461.48,466.63,21443.839
2024-12-28 16:00:00,466.71,474.78,465.96,469.94,19926.578
2024-12-28 20:00:00,469.96,475.46,468.35,472.53,11923.256
2024-12-29 00:00:00,472.53,474.09,466.3,471.28,34451.548
2024-12-29 04:00:00,471.28,472.28,465.08,470.84,11353.33
2024-12-29 08:00:00,470.85,471.75,465.01,468.17,18541.681
2024-12-29 12:00:00,468.17,468.79,457.11,462.17,25555.557
2024-12-29 16:00:00,462.17,463.06,454.46,458.49,22432.797
2024-12-29 20:00:00,458.48,461.39,453.32,459.0,14951.403
2024-12-30 00:00:00,459.03,475.91,456.53,471.4,35699.872
2024-12-30 04:00:00,471.41,476.53,465.51,470.61,18428.724
2024-12-30 08:00:00,470.61,474.86,460.37,465.5,17213.843
2024-12-30 12:00:00,465.52,471.71,442.34,447.38,53888.918
2024-12-30 16:00:00,447.52,464.14,443.67,463.1,33425.325
2024-12-30 20:00:00,463.12,468.65,447.22,451.64,23335.307
2024-12-31 00:00:00,451.65,451.92,438.42,443.4,23689.272
2024-12-31 04:00:00,443.4,446.14,436.41,439.89,19684.261
2024-12-31 08:00:00,439.9,450.86,438.81,444.42,21790.358
2024-12-31 12:00:00,444.47,458.13,443.37,451.64,29927.006
2024-12-31 16:00:00,451.74,452.91,438.57,445.69,25962.122
2024-12-31 20:00:00,445.69,448.36,439.89,440.97,15400.689
2025-01-01 00:00:00,440.98,448.8,440.33,442.33,10442.374
2025-01-01 04:00:00,442.33,446.58,440.45,444.75,10191.168
2025-01-01 08:00:00,444.69,448.61,434.43,445.47,24078.981
2025-01-01 12:00:00,445.47,451.32,441.28,451.05,22053.626
2025-01-01 16:00:00,451.06,465.77,445.85,464.44,31686.077
2025-01-01 20:00:00,464.44,490.79,464.43,489.24,42887.224
2025-01-02 00:00:00,489.24,544.49,486.28,542.35,135410.071
2025-01-02 04:00:00,542.36,546.49,506.78,522.65,130754.583
2025-01-02 08:00:00,522.59,531.21,514.75,521.39,58134.015
2025-01-02 12:00:00,521.38,530.31,510.01,511.56,77089.001
2025-01-02 16:00:00,511.57,519.08,507.42,514.78,42432.207
2025-01-02 20:00:00,514.79,526.02,514.77,522.28,38801.064
2025-01-03 00:00:00,522.29,529.78,517.66,521.39,30047.742
2025-01-03 04:00:00,521.39,532.41,520.7,530.38,34288.643
2025-01-03 08:00:00,530.39,558.74,523.85,557.39,87510.324
2025-01-03 12:00:00,557.41,572.5,542.35,566.55,113714.743
2025-01-03 16:00:00,566.54,569.99,549.59,556.98,51739.166
2025-01-03 20:00:00,556.91,566.06,550.0,552.78,24639.942
2025-01-04 00:00:00,552.79,555.59,545.49,554.87,20991.923
2025-01-04 04:00:00,554.86,577.66,552.31,571.17,38542.974
2025-01-04 08:00:00,571.22,571.78,560.31,566.11,31425.234
2025-01-04 12:00:00,566.14,587.06,558.27,559.14,68005.688
2025-01-04 16:00:00,559.19,575.51,554.4,568.5,44456.081
2025-01-04 20:00:00,568.48,574.24,559.44,560.35,18849.575
2025-01-05 00:00:00,560.36,563.32,551.46,558.63,19866.387
2025-01-05 04:00:00,558.59,564.64,555.29,556.56,13263.373
2025-01-05 08:00:00,556.53,557.84,547.83,555.01,27326.571
2025-01-05 12:00:00,555.06,564.19,549.03,563.31,29572.184
2025-01-05 16:00:00,563.32,566.8,554.22,559.02,21165.16
2025-01-05 20:00:00,558.98,572.96,556.16,562.81,22232.755
2025-01-06 00:00:00,562.81,574.38,550.67,563.31,35110.975
2025-01-06 04:00:00,563.31,565.81,552.56,557.26,30596.974
2025-01-06 08:00:00,557.28,558.69,543.08,548.71,30881.501
2025-01-06 12:00:00,548.7,575.68,541.46,570.84,75665.879
2025-01-06 16:00:00,570.86,588.88,555.05,561.59,62938.71
2025-01-06 20:00:00,561.59,563.59,548.94,555.62,24176.358
2025-01-07 00:00:00,555.61,558.96,541.14,543.81,31182.073
2025-01-07 04:00:00,543.81,544.45,532.01,539.84,33646.71
2025-01-07 08:00:00,539.84,543.19,532.02,535.98,28874.581
2025-01-07 12:00:00,536.03,539.34,510.47,525.7,89924.41
2025-01-07 16:00:00,525.68,529.86,501.73,503.22,69618.861
2025-01-07 20:00:00,503.17,509.34,497.2,498.52,34042.055
2025-01-08 00:00:00,498.51,502.17,477.2,480.65,50272.67
2025-01-08 04:00:00,480.69,481.63,456.84,470.34,58122.212
2025-01-08 08:00:00,470.45,481.75,464.13,469.53,39395.844
2025-01-08 12:00:00,469.5,476.98,464.17,468.28,42553.311
2025-01-08 16:00:00,468.28,472.99,437.6,467.27,134119.4
2025-01-08 20:00:00,467.26,472.67,455.55,466.8,31037.642
2025-01-09 00:00:00,466.79,475.33,459.37,460.63,32672.182
2025-01-09 04:00:00,460.61,463.59,446.29,447.56,30141.178
2025-01-09 08:00:00,447.55,462.63,445.91,452.52,31191.802
2025-01-09 12:00:00,452.53,468.33,435.73,461.08,67667.346
2025-01-09 16:00:00,461.14,466.95,437.0,437.47,54709.957
2025-01-09 20:00:00,437.46,439.46,427.53,432.3,48889.477
2025-01-10 00:00:00,432.33,437.6,426.12,432.73,45378.189
2025-01-10 04:00:00,432.75,455.65,430.0,449.51,56263.591
2025-01-10 08:00:00,449.53,455.44,442.72,446.98,38073.344
2025-01-10 12:00:00,447.0,448.33,419.52,432.52,93804.647
2025-01-10 16:00:00,432.57,446.55,424.59,442.04,45889.457
2025-01-10 20:00:00,441.97,442.02,433.4,438.6,18051.89
2025-01-11 00:00:00,438.59,440.92,430.26,432.12,16654.849
2025-01-11 04:00:00,432.13,437.43,430.02,432.47,16320.651
2025-01-11 08:00:00,432.45,436.39,428.03,434.57,15678.097
2025-01-11 12:00:00,434.51,435.25,428.02,431.55,19558.767
2025-01-11 16:00:00,431.55,435.15,428.31,434.2,16542.959
2025-01-11 20:00:00,434.23,458.7,433.22,445.64,42155.39
2025-01-12 00:00:00,445.64,451.46,441.08,444.39,16844.068
2025-01-12 04:00:00,444.37,452.59,441.27,445.39,21917.032
2025-01-12 08:00:00,445.4,447.42,434.49,442.5,27967.378
2025-01-12 12:00:00,442.52,451.46,439.44,447.06,40994.563
2025-01-12 16:00:00,447.09,451.85,443.04,446.17,25686.189
2025-01-12 20:00:00,446.21,448.32,435.28,443.58,21692.572
2025-01-13 00:00:00,443.58,456.55,428.62,431.29,44088.726
2025-01-13 04:00:00,431.28,437.0,408.54,419.29,72462.283
2025-01-13 08:00:00,419.29,419.3,392.19,393.83,81485.513
2025-01-13 12:00:00,393.84,416.0,382.0,410.06,109680.466
2025-01-13 16:00:00,410.11,413.18,392.36,400.64,55089.382
2025-01-13 20:00:00,400.63,427.28,396.79,420.41,57594.356
2025-01-14 00:00:00,420.42,428.02,416.34,422.14,26281.651
2025-01-14 04:00:00,422.11,428.49,417.08,417.55,19422.743
2025-01-14 08:00:00,417.61,433.44,417.61,419.83,36697.776
2025-01-14 12:00:00,419.86,427.04,410.26,419.2,61363.956
2025-01-14 16:00:00,419.23,419.77,412.1,413.97,32438.519
2025-01-14 20:00:00,413.96,422.12,410.48,416.85,30226.034
2025-01-15 00:00:00,416.87,422.55,410.88,416.73,38934.257
2025-01-15 04:00:00,416.76,419.74,411.24,415.93,21727.841
2025-01-15 08:00:00,415.93,419.54,402.46,405.76,46973.314
2025-01-15 12:00:00,405.76,442.72,403.7,440.07,88247.884
2025-01-15 16:00:00,440.18,459.05,439.04,457.19,49510.585
2025-01-15 20:00:00,457.17,470.87,449.26,458.28,54404.678
2025-01-16 00:00:00,458.26,460.85,440.17,441.8,32248.46
2025-01-16 04:00:00,441.9,456.9,441.78,454.46,32088.111
2025-01-16 08:00:00,454.45,456.24,440.07,454.65,36976.132
2025-01-16 12:00:00,454.64,469.73,443.0,452.66,102928.655
2025-01-16 16:00:00,452.65,460.02,448.12,455.4,34181.196
2025-01-16 20:00:00,455.5,457.51,438.11,445.39,34826.914
2025-01-17 00:00:00,445.41,458.13,445.31,448.81,26058.428
2025-01-17 04:00:00,448.8,459.0,448.75,457.99,19232.158
2025-01-17 08:00:00,457.99,476.87,457.13,472.41,47318.203
2025-01-17 12:00:00,472.43,491.72,469.9,478.69,78612.461
2025-01-17 16:00:00,478.7,487.87,471.85,478.13,50229.575
2025-01-17 20:00:00,478.11,493.12,477.52,485.03,33652.996
2025-01-18 00:00:00,485.03,494.86,463.61,466.11,42695.124
2025-01-18 04:00:00,466.07,471.72,447.0,452.83,74505.641
2025-01-18 08:00:00,452.87,453.82,441.78,452.24,56940.866
2025-01-18 12:00:00,452.21,460.57,446.26,450.13,54765.632
2025-01-18 16:00:00,450.15,453.2,440.01,452.2,45246.621
2025-01-18 20:00:00,452.24,462.81,445.68,457.55,24618.988
2025-01-19 00:00:00,457.57,467.65,455.34,455.5,27057.664
2025-01-19 04:00:00,455.48,456.37,433.02,438.34,49104.602
2025-01-19 08:00:00,438.35,438.65,409.26,421.79,149017.27
2025-01-19 12:00:00,421.8,487.94,420.85,470.62,128266.436
2025-01-19 16:00:00,470.58,473.35,451.64,456.95,54624.447
2025-01-19 20:00:00,456.96,461.45,417.73,426.93,152549.943
2025-01-20 00:00:00,426.85,431.59,412.98,423.91,83164.979
2025-01-20 04:00:00,423.86,470.5,418.77,449.14,108827.273
2025-01-20 08:00:00,449.16,470.54,442.95,449.62,63215.054
2025-01-20 12:00:00,449.63,449.81,427.16,429.82,57916.21
2025-01-20 16:00:00,429.8,434.65,405.01,421.54,99146.211
2025-01-20 20:00:00,421.58,421.65,404.83,407.86,56727.192
2025-01-21 00:00:00,407.86,408.19,392.49,397.45,60867.505
2025-01-21 04:00:00,397.43,397.45,386.45,394.76,50734.411
2025-01-21 08:00:00,394.75,411.93,391.76,406.5,54253.816
2025-01-21 12:00:00,406.51,408.93,395.55,401.33,50930.32
2025-01-21 16:00:00,401.16,433.8,399.66,419.83,98955.861
2025-01-21 20:00:00,419.85,433.85,411.06,425.98,58246.284
2025-01-22 00:00:00,425.98,435.25,416.33,422.82,37717.768
2025-01-22 04:00:00,422.82,431.79,422.65,427.39,35881.909
2025-01-22 08:00:00,427.44,428.26,412.94,420.09,38198.889
2025-01-22 12:00:00,420.09,421.99,407.38,413.96,42366.671
2025-01-22 16:00:00,413.96,415.67,405.1,410.65,36951.995
2025-01-22 20:00:00,410.64,415.66,398.0,399.72,37395.647
2025-01-23 00:00:00,399.67,399.72,388.53,392.1,38725.223
2025-01-23 04:00:00,392.12,394.75,386.18,392.33,35378.92
2025-01-23 08:00:00,392.35,394.4,378.56,381.35,54107.311
2025-01-23 12:00:00,381.39,394.93,375.34,385.8,96350.868
2025-01-23 16:00:00,385.75,396.79,374.01,376.22,83465.68
2025-01-23 20:00:00,376.23,405.99,370.01,379.84,126675.384
2025-01-24 00:00:00,379.85,382.23,362.6,367.93,64966.723
2025-01-24 04:00:00,367.96,384.65,366.26,381.48,48329.236
2025-01-24 08:00:00,381.48,390.6,380.41,387.59,42409.223
2025-01-24 12:00:00,387.59,390.32,375.62,383.96,70940.938
2025-01-24 16:00:00,383.97,384.51,377.56,380.81,33195.807
2025-01-24 20:00:00,380.81,382.55,369.18,372.33,40732.433
2025-01-25 00:00:00,372.33,374.29,362.7,371.46,46420.728
2025-01-25 04:00:00,371.45,372.6,366.22,366.9,23057.042
2025-01-25 08:00:00,366.84,374.25,363.27,373.23,22748.518
2025-01-25 12:00:00,373.23,383.2,369.42,381.26,41935.381
2025-01-25 16:00:00,381.26,390.47,373.46,387.35,48206.528
2025-01-25 20:00:00,387.36,418.93,387.35,408.41,136286.166
2025-01-26 00:00:00,408.41,421.29,407.19,410.82,73790.228
2025-01-26 04:00:00,410.83,416.82,402.22,415.0,59242.446
2025-01-26 08:00:00,414.96,431.08,411.44,429.99,94523.647
2025-01-26 12:00:00,430.01,451.3,421.32,441.26,174409.784
2025-01-26 16:00:00,441.27,463.16,440.79,455.45,138160.771
2025-01-26 20:00:00,455.45,460.62,428.61,433.15,142967.281
2025-01-27 00:00:00,433.14,442.48,415.52,426.82,142990.686
2025-01-27 04:00:00,426.82,427.11,399.64,413.33,150326.753
2025-01-27 08:00:00,413.31,424.19,386.1,398.92,175524.777
2025-01-27 12:00:00,398.93,478.55,398.39,461.0,354232.42
2025-01-27 16:00:00,461.06,473.77,429.18,436.86,233312.091
2025-01-27 20:00:00,436.84,455.34,431.0,445.51,106273.781
2025-01-28 00:00:00,445.52,451.6,428.0,444.78,105576.124
2025-01-28 04:00:00,444.79,455.82,434.4,435.98,72165.652
2025-01-28 08:00:00,435.99,449.48,431.58,445.32,74398.835
2025-01-28 12:00:00,445.26,459.05,434.75,458.34,96699.48
2025-01-28 16:00:00,458.34,464.0,448.37,458.15,105898.724
2025-01-28 20:00:00,458.15,458.56,436.49,450.62,101952.827
2025-01-29 00:00:00,450.63,466.71,443.62,466.16,79146.913
2025-01-29 04:00:00,466.17,476.76,458.66,475.49,70596.691
2025-01-29 08:00:00,475.42,497.3,468.0,478.57,227208.554
2025-01-29 12:00:00,478.56,483.74,459.07,461.03,145477.932
2025-01-29 16:00:00,461.04,473.44,441.3,458.78,172890.662
2025-01-29 20:00:00,458.76,475.8,446.89,448.77,117510.01
2025-01-30 00:00:00,448.77,462.82,444.27,462.57,47807.221
2025-01-30 04:00:00,462.57,464.78,452.04,455.18,47256.278
2025-01-30 08:00:00,455.19,470.47,448.67,467.64,67738.842
2025-01-30 12:00:00,467.7,479.0,458.0,459.07,89390.066
2025-01-30 16:00:00,459.07,475.67,455.49,459.96,68486.579
2025-01-30 20:00:00,459.97,460.37,451.01,452.76,41416.489
2025-01-31 00:00:00,452.77,459.96,448.0,450.74,41935.981
2025-01-31 04:00:00,450.75,463.76,445.3,458.25,52308.125
2025-01-31 08:00:00,458.3,462.96,448.64,462.94,44492.9
2025-01-31 12:00:00,462.95,473.17,457.05,471.12,61864.523
2025-01-31 16:00:00,471.1,475.72,453.2,467.84,87625.317
2025-01-31 20:00:00,467.84,471.28,447.11,449.37,68758.726
2025-02-01 00:00:00,449.37,458.68,442.73,455.78,50728.47
2025-02-01 04:00:00,455.78,471.19,455.25,457.85,45241.174
2025-02-01 08:00:00,457.87,461.14,418.2,423.35,113262.694
2025-02-01 12:00:00,423.36,429.26,410.62,414.87,92056.107
2025-02-01 16:00:00,414.86,418.69,402.67,404.37,70177.499
2025-02-01 20:00:00,404.36,409.55,390.04,392.8,90409.002
2025-02-02 00:00:00,392.81,405.93,377.88,380.89,94133.259
2025-02-02 04:00:00,380.88,395.42,380.0,385.28,67794.738
2025-02-02 08:00:00,385.23,392.83,374.72,379.42,60435.613
2025-02-02 12:00:00,379.43,391.36,372.84,379.94,93956.027
2025-02-02 16:00:00,379.98,380.09,346.21,368.14,233681.445
2025-02-02 20:00:00,368.14,374.97,336.01,350.54,163637.359
2025-02-03 00:00:00,350.54,350.61,234.59,291.2,594127.017
2025-02-03 04:00:00,291.21,332.18,281.31,330.68,232007.05
2025-02-03 08:00:00,330.65,336.32,314.15,324.61,158403.253
2025-02-03 12:00:00,324.57,363.66,303.36,352.24,321448.63
2025-02-03 16:00:00,352.24,366.62,337.06,364.4,154304.157
2025-02-03 20:00:00,364.38,422.36,353.63,399.02,197322.784
2025-02-04 00:00:00,399.02,400.26,374.13,381.2,87654.509
2025-02-04 04:00:00,381.2,381.24,349.13,349.56,125387.066
2025-02-04 08:00:00,349.57,370.31,346.55,362.05,96187.462
2025-02-04 12:00:00,362.14,384.6,361.01,371.47,167056.111
2025-02-04 16:00:00,371.45,393.03,366.68,371.89,107241.509
2025-02-04 20:00:00,371.89,376.3,351.77,358.18,161255.452
2025-02-05 00:00:00,358.19,363.14,350.42,356.46,67484.4
2025-02-05 04:00:00,356.46,362.35,349.97,360.52,51969.568
2025-02-05 08:00:00,360.47,370.4,354.62,367.58,64110.86
2025-02-05 12:00:00,367.59,369.89,354.64,360.62,80445.741
2025-02-05 16:00:00,360.61,362.8,341.43,360.0,112528.131
2025-02-05 20:00:00,360.01,364.72,346.02,349.98,54158.639
2025-02-06 00:00:00,349.98,356.19,343.3,354.14,40671.655
2025-02-06 04:00:00,354.13,365.56,352.08,362.01,51313.741
2025-02-06 08:00:00,362.01,376.5,357.43,364.62,103645.138
2025-02-06 12:00:00,364.62,367.06,341.61,346.11,110087.159
2025-02-06 16:00:00,346.1,348.62,327.61,329.17,124716.364
2025-02-06 20:00:00,329.17,340.27,323.14,325.86,69870.275
2025-02-07 00:00:00,325.86,342.09,325.57,333.69,55257.349
2025-02-07 04:00:00,333.69,336.65,319.27,321.75,62027.484
2025-02-07 08:00:00,321.77,339.66,320.0,335.49,80289.097
2025-02-07 12:00:00,335.49,352.63,330.01,335.01,147412.336
2025-02-07 16:00:00,335.04,335.3,321.51,323.72,89887.297
2025-02-07 20:00:00,323.72,324.2,307.15,319.39,93554.542
2025-02-08 00:00:00,319.39,325.41,317.21,324.02,36574.158
2025-02-08 04:00:00,324.02,334.04,319.4,331.34,39094.993
2025-02-08 08:00:00,331.34,343.33,328.05,342.09,59690.341
2025-02-08 12:00:00,342.09,344.31,329.7,331.98,65614.981
2025-02-08 16:00:00,331.96,349.27,327.59,343.28,67744.386
2025-02-08 20:00:00,343.28,353.3,340.15,350.37,33148.927
2025-02-09 00:00:00,350.37,369.48,344.43,368.85,52570.823
2025-02-09 04:00:00,368.86,370.24,357.29,359.81,53949.908
2025-02-09 08:00:00,359.88,367.75,354.94,359.22,50171.041
2025-02-09 12:00:00,359.27,363.15,348.38,361.38,58097.291
2025-02-09 16:00:00,361.37,367.12,356.37,358.91,58547.265
2025-02-09 20:00:00,358.88,368.0,342.26,365.11,113002.251
2025-02-10 00:00:00,365.14,374.56,350.43,361.65,83251.822
2025-02-10 04:00:00,361.59,386.69,359.55,384.24,89328.911
2025-02-10 08:00:00,384.22,393.29,381.15,390.33,72173.339
2025-02-10 12:00:00,390.28,399.6,383.06,392.45,116521.698
2025-02-10 16:00:00,392.44,397.61,385.99,386.82,58043.456
2025-02-10 20:00:00,386.73,393.76,380.84,386.75,53903.015
2025-02-11 00:00:00,386.76,407.85,385.54,405.65,68423.007
2025-02-11 04:00:00,405.62,437.17,405.61,430.14,102340.801
2025-02-11 08:00:00,430.14,435.67,420.38,427.21,77812.944
2025-02-11 12:00:00,427.22,427.82,408.98,422.1,117096.424
2025-02-11 16:00:00,422.11,423.83,402.25,407.87,92332.785
2025-02-11 20:00:00,407.86,425.69,406.76,412.35,77614.494
2025-02-12 00:00:00,412.3,416.24,398.42,400.02,49520.134
2025-02-12 04:00:00,400.01,401.68,388.52,396.52,53061.287
2025-02-12 08:00:00,396.51,403.34,393.32,395.08,46962.808
2025-02-12 12:00:00,395.08,405.72,371.71,386.78,177070.038
2025-02-12 16:00:00,386.78,407.76,378.51,406.09,111401.884
2025-02-12 20:00:00,406.11,418.3,400.05,402.14,95961.372
2025-02-13 00:00:00,402.16,414.86,401.06,408.56,53150.47
2025-02-13 04:00:00,408.55,409.84,390.36,392.0,54043.368
2025-02-13 08:00:00,391.99,396.13,384.25,385.53,53583.93
2025-02-13 12:00:00,385.54,387.57,368.8,378.85,121342.148
2025-02-13 16:00:00,378.84,381.89,373.39,375.94,59203.606
2025-02-13 20:00:00,375.96,388.77,375.77,382.4,52568.3
2025-02-14 00:00:00,382.43,389.76,380.0,384.38,42294.359
2025-02-14 04:00:00,384.38,388.95,376.24,382.06,40470.016
2025-02-14 08:00:00,382.1,402.81,380.19,391.93,74164.35
2025-02-14 12:00:00,391.91,400.24,388.86,395.89,62556.919
2025-02-14 16:00:00,395.88,406.62,389.68,395.5,69618.436
2025-02-14 20:00:00,395.44,400.9,382.18,391.76,62041.937
2025-02-15 00:00:00,391.77,398.44,384.86,397.58,27519.758
2025-02-15 04:00:00,397.59,401.83,387.35,390.91,37862.002
2025-02-15 08:00:00,390.96,393.28,380.2,383.89,36058.993
2025-02-15 12:00:00,383.84,384.76,376.28,380.48,38677.254
2025-02-15 16:00:00,380.49,382.22,374.84,376.7,34891.556
2025-02-15 20:00:00,376.66,377.89,370.77,375.01,30324.167
2025-02-16 00:00:00,375.04,376.8,362.78,365.92,45567.662
2025-02-16 04:00:00,365.93,369.92,363.09,364.21,24360.235
2025-02-16 08:00:00,364.28,373.1,362.21,372.47,29650.328
2025-02-16 12:00:00,372.46,373.45,360.0,364.8,50022.663
2025-02-16 16:00:00,364.81,368.15,357.48,363.51,37219.235
2025-02-16 20:00:00,363.5,363.5,355.01,359.7,35127.633
2025-02-17 00:00:00,359.71,365.3,352.6,354.89,34255.661
2025-02-17 04:00:00,354.9,358.82,345.69,352.44,49773.858
2025-02-17 08:00:00,352.44,365.19,351.4,362.79,120914.246
2025-02-17 12:00:00,362.83,377.83,357.58,359.61,93992.148
2025-02-17 16:00:00,359.61,362.39,346.1,355.14,84869.736
2025-02-17 20:00:00,355.11,367.45,354.48,360.64,50605.533
2025-02-18 00:00:00,360.64,362.7,356.73,361.0,26186.982
2025-02-18 04:00:00,360.99,363.98,347.19,359.57,66432.887
2025-02-18 08:00:00,359.54,367.28,355.93,364.45,61039.137
2025-02-18 12:00:00,364.43,373.89,360.49,366.14,103248.654
2025-02-18 16:00:00,366.14,377.54,352.75,373.35,141203.256
2025-02-18 20:00:00,373.35,387.37,370.91,375.35,129728.031
2025-02-19 00:00:00,375.36,379.75,371.62,375.8,45395.988
2025-02-19 04:00:00,375.79,398.53,367.73,392.28,90558.203
2025-02-19 08:00:00,392.25,404.16,386.01,404.16,86992.151
2025-02-19 12:00:00,404.15,420.24,401.42,410.58,184555.217
2025-02-19 16:00:00,410.58,430.17,406.92,410.25,177102.123
2025-02-19 20:00:00,410.25,420.45,409.0,419.81,72237.617
2025-02-20 00:00:00,419.82,450.77,416.92,445.2,161219.869
2025-02-20 04:00:00,445.18,457.5,442.84,447.54,150147.227
2025-02-20 08:00:00,447.58,469.47,445.17,458.32,175684.546
2025-02-20 12:00:00,458.28,465.3,442.1,445.5,218550.849
2025-02-20 16:00:00,445.55,458.26,443.39,456.88,85916.452
2025-02-20 20:00:00,456.88,466.77,451.93,465.71,83574.479
2025-02-21 00:00:00,465.69,472.85,452.36,457.35,79864.13
2025-02-21 04:00:00,457.39,495.08,457.0,475.75,130476.121
2025-02-21 08:00:00,475.87,481.48,465.53,470.92,103650.104
2025-02-21 12:00:00,470.91,474.97,435.49,447.43,171651.737
2025-02-21 16:00:00,447.43,459.29,436.85,440.34,132600.717
2025-02-21 20:00:00,440.32,444.4,425.32,444.4,97058.78
2025-02-22 00:00:00,444.4,450.37,429.47,435.85,80159.741
2025-02-22 04:00:00,435.85,439.79,423.95,424.79,44867.619
2025-02-22 08:00:00,424.79,439.03,423.04,436.05,55661.955
2025-02-22 12:00:00,436.09,463.0,432.04,439.71,129216.187
2025-02-22 16:00:00,439.68,448.93,435.37,436.45,56958.577
2025-02-22 20:00:00,436.36,436.5,428.04,432.16,46529.826
2025-02-23 00:00:00,432.15,442.64,430.65,432.26,46414.141
2025-02-23 04:00:00,432.28,440.53,428.68,433.86,41091.917
2025-02-23 08:00:00,433.91,440.23,418.33,423.43,86008.64
2025-02-23 12:00:00,423.52,430.14,415.75,418.34,73273.656
2025-02-23 16:00:00,418.4,426.0,417.48,423.89,34800.954
2025-02-23 20:00:00,423.9,434.13,421.81,433.6,59093.944
2025-02-24 00:00:00,433.57,438.28,406.37,409.12,83590.362
2025-02-24 04:00:00,409.12,414.94,402.2,410.38,77276.015
2025-02-24 08:00:00,410.4,430.92,402.19,427.61,135210.615
2025-02-24 12:00:00,427.69,448.48,420.29,428.04,183481.892
2025-02-24 16:00:00,428.08,440.7,412.74,416.39,150876.942
2025-02-24 20:00:00,416.4,428.86,395.55,397.0,178446.594
2025-02-25 00:00:00,397.0,407.68,385.93,386.78,143140.013
2025-02-25 04:00:00,386.82,392.32,359.75,374.78,208436.452
2025-02-25 08:00:00,374.71,387.83,355.32,368.4,224793.969
2025-02-25 12:00:00,368.4,375.37,353.3,363.06,182691.91
2025-02-25 16:00:00,363.07,370.28,355.73,367.76,149261.948
2025-02-25 20:00:00,367.75,399.33,363.87,379.78,162877.726
2025-02-26 00:00:00,379.79,388.37,368.77,381.03,87248.463
2025-02-26 04:00:00,381.06,384.66,369.34,373.06,69480.422
2025-02-26 08:00:00,373.03,383.0,365.59,372.66,119994.926
2025-02-26 12:00:00,372.67,379.4,356.52,370.1,151707.54
2025-02-26 16:00:00,370.11,371.95,345.27,346.25,198739.244
2025-02-26 20:00:00,346.25,367.2,338.17,351.45,167677.758
2025-02-27 00:00:00,351.46,362.39,346.01,360.59,79927.499
2025-02-27 04:00:00,360.56,370.14,355.38,367.34,58057.781
2025-02-27 08:00:00,367.35,369.66,357.65,358.65,98501.574
2025-02-27 12:00:00,358.67,359.73,342.17,349.47,110932.149
2025-02-27 16:00:00,349.47,353.57,340.55,344.55,80825.735
2025-02-27 20:00:00,344.55,344.66,322.58,329.88,172283.798
2025-02-28 00:00:00,329.89,330.99,306.09,307.88,233825.833
2025-02-28 04:00:00,307.87,308.49,296.19,306.85,226253.479
2025-02-28 08:00:00,306.86,313.24,301.25,308.8,144857.312
2025-02-28 12:00:00,308.79,334.35,305.64,329.07,167906.401
2025-02-28 16:00:00,329.07,333.73,324.49,328.16,89096.852
2025-02-28 20:00:00,328.14,333.59,325.48,326.32,67009.633
2025-03-01 00:00:00,326.32,335.58,320.74,330.48,83484.404
2025-03-01 04:00:00,330.52,339.62,324.3,325.54,63486.24
2025-03-01 08:00:00,325.55,330.42,318.43,321.91,59110.584
2025-03-01 12:00:00,321.9,332.82,315.62,329.1,94996.243
2025-03-01 16:00:00,329.1,335.15,326.94,334.4,61094.907
2025-03-01 20:00:00,334.39,339.87,330.55,337.5,56986.795
2025-03-02 00:00:00,337.49,347.64,332.46,345.67,70885.505
2025-03-02 04:00:00,345.65,348.96,338.5,339.8,58573.278
2025-03-02 08:00:00,339.8,343.06,334.58,335.75,48436.161
2025-03-02 12:00:00,335.76,338.63,320.36,326.99,188895.821
2025-03-02 16:00:00,326.97,360.5,326.22,355.55,240999.551
2025-03-02 20:00:00,355.54,358.42,349.57,353.17,63398.459
2025-03-03 00:00:00,353.17,355.82,339.2,342.53,81025.663
2025-03-03 04:00:00,342.52,348.24,328.52,333.76,78011.929
2025-03-03 08:00:00,333.8,333.93,318.19,328.75,118300.927
2025-03-03 12:00:00,328.75,334.7,316.61,319.56,107175.223
2025-03-03 16:00:00,319.65,324.0,296.82,298.97,158121.466
2025-03-03 20:00:00,298.98,304.12,292.53,295.31,107335.338
2025-03-04 00:00:00,295.32,299.08,274.45,282.58,197273.86
2025-03-04 04:00:00,282.6,290.12,280.4,280.84,72493.231
2025-03-04 08:00:00,280.84,284.04,269.0,273.1,173977.423
2025-03-04 12:00:00,273.11,280.97,262.03,271.49,206727.385
2025-03-04 16:00:00,271.5,291.63,256.9,289.49,178712.272
2025-03-04 20:00:00,289.48,294.79,280.98,287.25,74892.452
2025-03-05 00:00:00,287.25,296.23,284.82,286.77,75505.397
2025-03-05 04:00:00,286.78,294.64,286.23,291.68,46224.188
2025-03-05 08:00:00,291.68,304.4,291.16,296.77,119268.996
2025-03-05 12:00:00,296.77,312.49,292.6,297.59,163755.043
2025-03-05 16:00:00,297.58,308.34,292.7,304.12,88851.372
2025-03-05 20:00:00,304.12,306.76,299.06,299.83,37448.287
2025-03-06 00:00:00,299.83,304.86,295.03,302.88,64621.446
2025-03-06 04:00:00,302.85,311.84,301.02,302.24,59638.622
2025-03-06 08:00:00,302.28,308.42,286.11,292.27,127178.371
2025-03-06 12:00:00,292.26,293.3,280.94,289.01,92948.197
2025-03-06 16:00:00,289.01,294.68,282.75,283.75,110439.758
2025-03-06 20:00:00,283.77,291.93,283.04,287.74,46391.234
2025-03-07 00:00:00,287.75,292.45,271.56,279.55,142211.679
2025-03-07 04:00:00,279.54,285.2,278.41,281.27,38196.959
2025-03-07 08:00:00,281.27,293.96,278.0,290.98,95731.193
2025-03-07 12:00:00,290.98,292.89,280.01,284.33,112698.428
2025-03-07 16:00:00,284.33,290.75,272.12,285.5,106798.87
2025-03-07 20:00:00,285.48,287.93,271.48,275.17,81053.792
2025-03-08 00:00:00,275.18,278.15,271.36,274.9,30706.955
2025-03-08 04:00:00,274.9,280.95,273.07,273.74,69515.385
2025-03-08 08:00:00,273.74,274.65,266.98,269.21,51248.48
2025-03-08 12:00:00,269.12,274.56,267.45,269.99,38215.228
2025-03-08 16:00:00,269.99,282.84,265.18,281.98,57609.79
2025-03-08 20:00:00,282.0,285.46,273.93,276.09,39950.635
2025-03-09 00:00:00,276.1,278.28,269.05,269.79,36800.681
2025-03-09 04:00:00,269.8,274.62,265.73,271.27,36608.907
2025-03-09 08:00:00,271.25,276.95,263.42,265.98,108369.95
2025-03-09 12:00:00,265.99,268.01,255.0,255.65,77017.399
2025-03-09 16:00:00,255.66,258.56,239.34,247.5,170355.595
2025-03-09 20:00:00,247.5,252.29,238.16,243.58,93912.254
2025-03-10 00:00:00,243.59,259.35,241.46,252.25,96480.278
2025-03-10 04:00:00,252.25,256.75,248.24,250.41,89640.452
2025-03-10 08:00:00,250.42,255.43,242.0,249.75,114779.501
2025-03-10 12:00:00,249.76,252.24,228.54,232.4,167406.042
2025-03-10 16:00:00,232.39,234.05,212.48,226.07,252599.329
2025-03-10 20:00:00,226.07,230.66,222.69,225.17,97552.477
2025-03-11 00:00:00,225.2,231.46,212.42,228.12,205539.263
2025-03-11 04:00:00,228.12,235.94,227.83,232.27,66170.557
2025-03-11 08:00:00,232.26,249.99,231.5,242.52,125332.575
2025-03-11 12:00:00,242.52,259.42,234.97,254.63,254874.928
2025-03-11 16:00:00,254.64,271.75,248.95,266.47,208737.99
2025-03-11 20:00:00,266.46,271.0,258.0,260.43,105341.756
2025-03-12 00:00:00,260.42,270.22,257.08,258.23,155454.499
2025-03-12 04:00:00,258.2,270.47,254.4,269.4,94157.725
2025-03-12 08:00:00,269.38,271.78,256.26,263.97,163989.378
2025-03-12 12:00:00,263.94,275.17,246.52,250.24,201193.545
2025-03-12 16:00:00,250.22,260.27,249.61,257.98,96332.656
2025-03-12 20:00:00,257.97,264.11,255.74,259.46,42463.94
2025-03-13 00:00:00,259.43,261.85,253.44,258.0,51742.166
2025-03-13 04:00:00,257.99,259.55,247.01,251.53,142803.211
2025-03-13 08:00:00,251.51,257.53,248.48,255.07,67764.977
2025-03-13 12:00:00,255.07,258.0,243.96,245.74,101278.894
2025-03-13 16:00:00,245.73,246.64,236.46,238.79,83487.981
2025-03-13 20:00:00,238.77,240.7,235.09,238.25,57614.009
2025-03-14 00:00:00,238.26,243.49,237.24,240.31,53924.782
2025-03-14 04:00:00,240.28,245.46,239.67,243.83,44293.291
2025-03-14 08:00:00,243.83,247.69,242.61,244.73,54177.606
2025-03-14 12:00:00,244.73,255.72,240.86,251.59,130173.54
2025-03-14 16:00:00,251.59,258.21,248.28,254.99,82469.278
2025-03-14 20:00:00,254.97,261.95,250.13,256.08,69014.795
2025-03-15 00:00:00,256.06,262.07,255.29,261.42,59237.31
2025-03-15 04:00:00,261.42,263.2,254.12,254.83,42817.159
2025-03-15 08:00:00,254.84,265.58,252.82,264.99,61247.45
2025-03-15 12:00:00,264.98,267.44,257.58,260.06,87580.147
2025-03-15 16:00:00,260.05,261.7,256.14,259.39,47986.614
2025-03-15 20:00:00,259.43,263.14,257.51,258.11,31119.815
2025-03-16 00:00:00,258.12,259.94,250.95,255.81,53418.34
2025-03-16 04:00:00,255.81,258.73,254.42,258.28,29209.311
2025-03-16 08:00:00,258.33,263.25,246.08,246.97,97247.354
2025-03-16 12:00:00,246.98,249.48,242.19,245.74,78354.496
2025-03-16 16:00:00,245.74,252.81,240.89,242.81,108460.199
2025-03-16 20:00:00,242.82,245.33,238.52,240.65,45091.03
2025-03-17 00:00:00,240.67,248.76,240.18,247.27,51211.285
2025-03-17 04:00:00,247.24,249.98,244.36,248.53,40375.376
2025-03-17 08:00:00,248.55,251.18,246.14,249.74,31035.358
2025-03-17 12:00:00,249.74,252.0,245.0,248.92,63625.789
2025-03-17 16:00:00,248.9,260.31,247.6,257.8,68878.581
2025-03-17 20:00:00,257.82,258.6,253.93,254.98,28981.901
2025-03-18 00:00:00,254.98,255.66,244.91,245.42,54332.537
2025-03-18 04:00:00,245.43,248.58,242.97,247.41,52641.797
2025-03-18 08:00:00,247.38,250.85,242.54,244.44,39877.797
2025-03-18 12:00:00,244.42,245.7,239.05,240.66,74050.165
2025-03-18 16:00:00,240.63,242.92,236.0,240.93,60370.724
2025-03-18 20:00:00,240.92,247.84,238.94,246.74,42390.058
2025-03-19 00:00:00,246.75,252.54,246.0,251.51,54656.03
2025-03-19 04:00:00,251.44,251.86,247.23,247.76,30026.644
2025-03-19 08:00:00,247.76,257.64,247.53,257.03,51616.725
2025-03-19 12:00:00,257.03,259.31,251.02,258.3,91698.682
2025-03-19 16:00:00,258.3,263.08,249.25,260.17,104653.145
2025-03-19 20:00:00,260.17,263.36,257.83,262.03,43777.167
2025-03-20 00:00:00,262.05,263.66,253.67,256.74,46353.793
2025-03-20 04:00:00,256.74,263.37,256.16,261.01,44058.489
2025-03-20 08:00:00,260.99,264.73,255.2,259.45,61201.952
2025-03-20 12:00:00,259.46,267.48,257.11,257.44,93204.947
2025-03-20 16:00:00,257.42,259.64,251.97,253.14,63112.84
2025-03-20 20:00:00,253.11,254.69,247.86,251.45,48122.671
2025-03-21 00:00:00,251.45,254.84,250.61,252.54,34946.872
2025-03-21 04:00:00,252.53,256.36,251.43,253.09,38384.873
2025-03-21 08:00:00,253.1,254.76,243.57,245.45,51842.477
2025-03-21 12:00:00,245.46,247.53,242.35,243.14,56157.825
2025-03-21 16:00:00,243.17,249.3,242.06,248.65,37967.353
2025-03-21 20:00:00,248.67,253.86,246.36,247.43,38421.949
2025-03-22 00:00:00,247.41,252.45,246.81,249.78,30761.305
2025-03-22 04:00:00,249.78,252.46,248.02,249.41,33106.181
2025-03-22 08:00:00,249.44,254.5,248.89,250.61,32887.356
2025-03-22 12:00:00,250.63,252.38,247.66,250.62,33115.031
2025-03-22 16:00:00,250.64,253.13,249.18,252.68,26441.978
2025-03-22 20:00:00,252.68,253.83,246.43,247.95,36331.807
2025-03-23 00:00:00,247.95,254.8,246.16,254.77,30531.612
2025-03-23 04:00:00,254.77,257.98,251.11,256.76,38131.518
2025-03-23 08:00:00,256.77,258.05,252.6,253.06,41209.646
2025-03-23 12:00:00,253.06,253.8,248.8,251.0,43611.702
2025-03-23 16:00:00,251.0,254.38,248.92,253.42,37250.72
2025-03-23 20:00:00,253.42,257.09,251.07,256.92,44600.306
2025-03-24 00:00:00,256.92,261.17,253.12,260.74,51319.878
2025-03-24 04:00:00,260.73,268.31,260.47,266.26,66131.648
2025-03-24 08:00:00,266.27,274.58,266.23,269.83,76003.825
2025-03-24 12:00:00,269.87,275.37,265.87,270.36,88415.827
2025-03-24 16:00:00,270.32,273.15,266.72,270.66,36222.637
2025-03-24 20:00:00,270.67,272.49,266.09,269.34,25270.751
2025-03-25 00:00:00,269.33,271.07,262.97,264.08,35663.463
2025-03-25 04:00:00,264.06,267.81,262.59,266.0,30898.019
2025-03-25 08:00:00,265.98,280.91,265.11,272.61,84993.991
2025-03-25 12:00:00,272.61,274.4,268.77,271.5,51849.357
2025-03-25 16:00:00,271.51,272.13,266.72,269.16,36042.499
2025-03-25 20:00:00,269.12,271.57,265.44,269.81,35275.686
2025-03-26 00:00:00,269.82,271.31,265.06,266.54,37380.684
2025-03-26 04:00:00,266.6,281.0,266.19,279.12,53478.143
2025-03-26 08:00:00,279.1,279.89,274.99,276.88,48311.914
2025-03-26 12:00:00,276.92,277.85,263.13,264.84,80160.212
2025-03-26 16:00:00,264.81,266.84,255.31,261.52,67214.443
2025-03-26 20:00:00,261.49,264.22,258.48,260.83,41738.881
2025-03-27 00:00:00,260.79,265.89,260.16,265.72,29081.059
2025-03-27 04:00:00,265.73,266.48,262.9,264.0,27904.417
2025-03-27 08:00:00,264.0,268.59,262.89,265.06,61116.224
2025-03-27 12:00:00,265.07,277.99,262.5,271.62,124510.747
2025-03-27 16:00:00,271.7,275.51,268.23,269.43,49555.265
2025-03-27 20:00:00,269.45,272.99,268.35,269.19,23696.553
2025-03-28 00:00:00,269.21,270.74,263.53,264.33,36923.053
2025-03-28 04:00:00,264.35,264.77,251.52,252.12,78735.059
2025-03-28 08:00:00,252.13,256.47,252.01,255.9,48812.957
2025-03-28 12:00:00,255.8,257.39,248.66,250.72,71033.527
2025-03-28 16:00:00,250.74,251.57,238.74,239.9,73684.156
2025-03-28 20:00:00,239.88,246.74,238.55,244.39,39065.129
2025-03-29 00:00:00,244.42,245.35,238.8,242.29,29689.439
2025-03-29 04:00:00,242.27,243.14,233.59,234.97,41784.575
2025-03-29 08:00:00,235.02,237.6,220.52,223.42,106735.358
2025-03-29 12:00:00,223.4,230.8,222.6,225.53,89062.181
2025-03-29 16:00:00,225.53,230.76,221.01,230.69,73686.956
2025-03-29 20:00:00,230.7,233.84,228.76,230.99,40888.154
2025-03-30 00:00:00,231.06,237.36,227.21,231.57,65330.852
2025-03-30 04:00:00,231.57,233.79,229.44,229.94,32954.85
2025-03-30 08:00:00,229.95,232.61,226.62,228.18,38336.933
2025-03-30 12:00:00,228.18,229.05,223.5,226.56,52125.423
2025-03-30 16:00:00,226.56,230.83,222.9,228.5,39864.634
2025-03-30 20:00:00,228.5,229.24,222.28,226.75,34490.23
2025-03-31 00:00:00,226.8,228.01,220.86,220.98,49812.819
2025-03-31 04:00:00,220.98,225.6,216.64,218.27,65727.052
2025-03-31 08:00:00,218.26,221.25,212.62,217.02,81748.324
2025-03-31 12:00:00,217.02,226.36,214.4,222.46,115018.847
2025-03-31 16:00:00,222.46,225.59,220.31,222.14,42521.109
2025-03-31 20:00:00,222.17,225.41,221.29,223.8,34875.017
2025-04-01 00:00:00,223.77,228.85,222.94,226.22,37203.708
2025-04-01 04:00:00,226.26,229.85,225.15,226.84,39222.022
2025-04-01 08:00:00,226.86,233.28,224.23,226.8,91988.886
2025-04-01 12:00:00,226.8,235.09,224.01,233.21,80864.407
2025-04-01 16:00:00,233.21,234.44,226.21,228.92,58521.463
2025-04-01 20:00:00,228.91,233.01,227.26,232.1,37232.781
2025-04-02 00:00:00,232.12,233.39,224.2,225.2,68099.001
2025-04-02 04:00:00,225.2,227.3,220.77,225.26,38137.576
2025-04-02 08:00:00,225.29,231.25,224.48,225.83,48390.958
2025-04-02 12:00:00,225.88,233.77,222.27,230.59,76174.447
2025-04-02 16:00:00,230.62,232.96,226.31,231.67,53808.754
2025-04-02 20:00:00,231.66,237.67,208.22,211.63,206091.218
2025-04-03 00:00:00,211.65,219.27,209.98,216.71,58136.631
2025-04-03 04:00:00,216.72,218.68,209.45,211.48,50718.208
2025-04-03 08:00:00,211.45,213.92,202.66,204.66,78347.67
2025-04-03 12:00:00,204.64,207.0,198.14,206.21,116862.264
2025-04-03 16:00:00,206.2,210.04,204.63,206.9,73821.088
2025-04-03 20:00:00,206.96,215.9,206.38,215.72,43954.321
2025-04-04 00:00:00,215.74,218.41,213.15,215.12,44846.399
2025-04-04 04:00:00,215.13,218.83,213.1,218.55,39114.781
2025-04-04 08:00:00,218.55,220.08,203.29,208.02,101591.496
2025-04-04 12:00:00,208.01,217.86,205.52,214.83,132470.377
2025-04-04 16:00:00,214.89,222.44,213.55,219.99,66581.437
2025-04-04 20:00:00,219.98,222.66,218.38,220.77,31797.001
2025-04-05 00:00:00,220.78,221.48,217.0,217.98,28782.195
2025-04-05 04:00:00,217.97,218.59,215.13,217.1,32099.564
2025-04-05 08:00:00,217.09,219.66,216.37,217.61,27102.383
2025-04-05 12:00:00,217.63,218.5,212.69,213.93,43558.338
2025-04-05 16:00:00,213.93,218.96,213.89,217.61,29769.502
2025-04-05 20:00:00,217.62,220.71,216.27,219.6,23012.292
2025-04-06 00:00:00,219.6,219.78,216.37,217.57,15954.665
2025-04-06 04:00:00,217.57,219.42,214.69,215.11,28159.86
2025-04-06 08:00:00,215.11,216.5,211.87,214.0,36399.67
2025-04-06 12:00:00,214.03,214.28,205.6,208.2,71639.882
2025-04-06 16:00:00,208.2,208.47,185.07,188.7,206693.334
2025-04-06 20:00:00,188.69,189.96,177.28,183.62,156268.968
2025-04-07 00:00:00,183.62,192.8,181.16,183.93,103240.249
2025-04-07 04:00:00,183.92,187.16,166.49,175.0,184537.517
2025-04-07 08:00:00,174.99,189.6,173.97,181.9,137191.219
2025-04-07 12:00:00,181.94,208.16,181.61,194.1,341496.857
2025-04-07 16:00:00,194.1,196.95,188.97,194.7,93392.193
2025-04-07 20:00:00,194.71,207.97,194.64,204.49,89929.5
2025-04-08 00:00:00,204.48,217.66,203.88,214.07,114258.527
2025-04-08 04:00:00,214.04,216.6,207.16,208.76,92343.26
2025-04-08 08:00:00,208.75,215.34,204.1,212.87,92323.093
2025-04-08 12:00:00,212.89,213.77,204.01,206.28,115624.621
2025-04-08 16:00:00,206.29,206.3,193.0,197.21,159064.952
2025-04-08 20:00:00,197.21,199.46,194.01,195.12,61095.77
2025-04-09 00:00:00,195.11,201.47,190.12,193.88,117514.377
2025-04-09 04:00:00,193.87,204.75,193.34,203.08,94715.532
2025-04-09 08:00:00,203.09,203.64,193.02,194.04,98317.054
2025-04-09 12:00:00,194.03,205.34,193.02,201.51,135943.387
2025-04-09 16:00:00,201.52,232.66,200.89,227.92,300509.523
2025-04-09 20:00:00,227.93,233.85,227.67,230.23,86270.766
2025-04-10 00:00:00,230.25,231.99,225.18,229.9,84092.078
2025-04-10 04:00:00,229.9,240.89,226.89,236.12,153337.331
2025-04-10 08:00:00,236.11,236.99,231.18,233.47,101489.33
2025-04-10 12:00:00,233.46,242.44,227.19,228.92,246184.521
2025-04-10 16:00:00,229.01,232.5,225.68,228.62,121942.948
2025-04-10 20:00:00,228.57,233.58,227.46,231.46,53205.33
2025-04-11 00:00:00,231.46,240.9,230.85,239.52,98616.545
2025-04-11 04:00:00,239.48,247.6,237.3,241.13,103213.298
2025-04-11 08:00:00,241.14,242.35,235.4,240.31,89840.387
2025-04-11 12:00:00,240.28,253.56,239.5,244.04,169961.309
2025-04-11 16:00:00,244.05,254.61,241.4,252.13,84099.308
2025-04-11 20:00:00,252.08,260.47,247.1,250.38,92496.785
2025-04-12 00:00:00,250.39,259.41,248.32,256.33,73040.145
2025-04-12 04:00:00,256.33,261.55,253.83,254.6,95192.777
2025-04-12 08:00:00,254.55,255.96,249.09,252.4,68180.382
2025-04-12 12:00:00,252.4,262.99,249.57,259.5,105173.668
2025-04-12 16:00:00,259.47,260.86,254.71,255.22,54611.77
2025-04-12 20:00:00,255.22,258.02,253.38,253.67,45253.791
2025-04-13 00:00:00,253.71,254.9,250.59,251.79,49932.107
2025-04-13 04:00:00,251.79,256.25,249.43,254.15,47624.777
2025-04-13 08:00:00,254.14,254.44,249.56,251.33,47907.455
2025-04-13 12:00:00,251.31,252.51,243.72,245.19,68470.969
2025-04-13 16:00:00,245.2,253.3,241.0,243.49,83375.459
2025-04-13 20:00:00,243.55,246.43,236.06,239.9,68933.366
2025-04-14 00:00:00,239.9,249.58,238.77,243.11,69160.218
2025-04-14 04:00:00,243.11,248.41,239.22,243.04,73624.956
2025-04-14 08:00:00,243.09,247.65,240.53,245.81,56670.695
2025-04-14 12:00:00,245.77,250.16,236.66,238.61,121854.879
2025-04-14 16:00:00,238.56,244.91,236.93,241.51,62724.462
2025-04-14 20:00:00,241.55,241.69,234.31,236.39,47510.526
2025-04-15 00:00:00,236.4,243.15,234.62,241.21,49048.065
2025-04-15 04:00:00,241.22,241.43,235.58,238.22,40356.82
2025-04-15 08:00:00,238.19,241.22,236.93,239.12,43562.487
2025-04-15 12:00:00,239.14,243.41,234.53,236.3,77445.651
2025-04-15 16:00:00,236.31,237.82,229.25,231.23,58888.438
2025-04-15 20:00:00,231.29,234.67,229.42,230.36,50737.611
2025-04-16 00:00:00,230.36,236.34,228.55,233.95,38834.178
2025-04-16 04:00:00,233.95,235.85,228.85,229.44,42074.211
2025-04-16 08:00:00,229.46,232.36,227.49,230.09,68255.38
2025-04-16 12:00:00,230.08,236.77,228.81,232.95,48067.495
2025-04-16 16:00:00,232.95,235.71,222.5,232.26,123493.628
2025-04-16 20:00:00,232.24,233.36,228.07,230.26,34856.171
2025-04-17 00:00:00,230.25,234.39,229.23,230.74,25856.65
2025-04-17 04:00:00,230.77,234.81,227.83,234.3,39517.832
2025-04-17 08:00:00,234.3,235.55,230.85,231.92,37503.982
2025-04-17 12:00:00,231.94,241.15,229.76,239.68,103187.157
2025-04-17 16:00:00,239.68,249.76,237.74,244.47,133168.61
2025-04-17 20:00:00,244.48,250.35,243.89,247.86,59909.829
2025-04-18 00:00:00,247.85,259.63,247.02,256.22,90524.752
2025-04-18 04:00:00,256.22,264.3,252.21,259.11,79454.56
2025-04-18 08:00:00,259.15,262.2,255.72,260.61,77117.668
2025-04-18 12:00:00,260.61,267.0,258.01,260.41,166314.963
2025-04-18 16:00:00,260.38,269.4,258.23,267.46,84670.731
2025-04-18 20:00:00,267.46,275.03,266.67,274.05,124681.411
2025-04-19 00:00:00,274.07,276.13,269.3,272.92,111160.086
2025-04-19 04:00:00,272.88,279.5,269.85,278.76,108411.472
2025-04-19 08:00:00,278.77,288.95,273.22,275.88,194881.36
2025-04-19 12:00:00,275.79,279.79,271.2,273.87,108108.795
2025-04-19 16:00:00,273.88,285.94,273.02,282.79,90725.504
2025-04-19 20:00:00,282.78,299.1,279.59,290.24,135569.429
2025-04-20 00:00:00,290.23,299.33,288.28,298.87,115752.299
2025-04-20 04:00:00,298.87,309.43,295.25,307.29,179380.085
2025-04-20 08:00:00,307.28,311.99,295.14,297.84,177154.551
2025-04-20 12:00:00,297.83,306.51,295.21,301.2,145864.14
2025-04-20 16:00:00,301.19,318.7,299.22,317.44,187469.03
2025-04-20 20:00:00,317.42,324.97,313.82,315.25,143847.831
2025-04-21 00:00:00,315.26,339.99,314.65,317.6,263547.292
2025-04-21 04:00:00,317.58,334.09,317.38,322.85,173658.47
2025-04-21 08:00:00,322.9,325.44,306.37,310.66,160915.427
2025-04-21 12:00:00,310.69,316.96,307.3,311.4,157998.587
2025-04-21 16:00:00,311.39,315.73,301.44,314.56,180099.896
2025-04-21 20:00:00,314.55,316.78,308.62,313.67,70418.198
2025-04-22 00:00:00,313.67,326.4,308.86,317.86,144043.572
2025-04-22 04:00:00,317.86,326.04,311.39,324.6,102224.758
2025-04-22 08:00:00,324.59,332.13,323.47,329.06,118679.671
2025-04-22 12:00:00,329.03,348.98,328.04,338.29,282431.893
2025-04-22 16:00:00,338.17,350.59,333.9,337.05,152523.987
2025-04-22 20:00:00,337.03,343.94,330.62,338.07,127370.148
2025-04-23 00:00:00,338.08,342.1,330.36,334.49,97272.422
2025-04-23 04:00:00,334.41,341.47,328.04,334.02,123760.86
2025-04-23 08:00:00,334.11,337.91,330.09,332.55,97465.254
2025-04-23 12:00:00,332.62,340.5,322.86,331.49,168444.473
2025-04-23 16:00:00,331.5,349.84,328.8,339.6,147610.856
2025-04-23 20:00:00,339.55,346.2,335.32,336.01,53893.723
2025-04-24 00:00:00,336.0,342.57,332.47,333.42,64442.815
2025-04-24 04:00:00,333.39,345.37,331.96,336.65,108127.901
2025-04-24 08:00:00,336.71,337.39,325.22,329.29,97435.685
2025-04-24 12:00:00,329.28,355.0,327.65,353.25,147844.895
2025-04-24 16:00:00,353.19,363.57,345.56,357.08,184684.793
2025-04-24 20:00:00,357.05,359.92,350.58,357.47,72077.951
2025-04-25 00:00:00,357.45,367.0,351.23,356.24,92322.428
2025-04-25 04:00:00,356.31,360.4,347.96,358.24,85863.414
2025-04-25 08:00:00,358.22,368.92,354.9,367.73,130239.37
2025-04-25 12:00:00,367.72,374.87,360.61,363.37,164554.247
2025-04-25 16:00:00,363.36,367.1,350.72,356.8,91401.741
2025-04-25 20:00:00,356.72,360.21,351.95,353.2,38189.923
2025-04-26 00:00:00,353.21,358.94,351.04,352.13,55774.503
2025-04-26 04:00:00,352.13,353.74,346.54,347.63,62858.457
2025-04-26 08:00:00,347.63,351.94,340.0,342.51,93428.348
2025-04-26 12:00:00,342.5,347.92,337.45,346.93,70534.859
2025-04-26 16:00:00,346.91,348.22,342.35,347.73,35819.498
2025-04-26 20:00:00,347.73,352.27,346.14,348.83,60172.031
2025-04-27 00:00:00,348.84,352.61,340.33,346.09,61706.491
2025-04-27 04:00:00,346.09,356.86,344.41,351.1,64435.889
2025-04-27 08:00:00,351.09,355.7,345.56,347.76,50430.281
2025-04-27 12:00:00,347.67,355.47,345.79,349.21,63850.464
2025-04-27 16:00:00,349.22,355.85,345.57,354.23,73210.145
2025-04-27 20:00:00,354.21,364.55,351.89,360.48,69270.451
2025-04-28 00:00:00,360.48,361.69,344.65,354.87,98616.545
2025-04-28 04:00:00,354.85,378.46,352.0,378.2,118131.684
2025-04-28 08:00:00,378.17,388.98,369.26,373.26,203939.453
2025-04-28 12:00:00,373.15,383.17,360.0,361.85,187122.338
2025-04-28 16:00:00,361.83,377.35,358.48,376.12,106176.146
2025-04-28 20:00:00,376.03,382.87,369.5,377.97,69365.697
2025-04-29 00:00:00,377.98,385.84,371.23,382.94,82220.589
2025-04-29 04:00:00,382.93,384.98,370.15,382.0,90781.769
2025-04-29 08:00:00,381.98,384.32,375.0,379.59,72463.327
2025-04-29 12:00:00,379.48,382.0,369.25,370.1,81966.394
2025-04-29 16:00:00,370.1,374.39,367.8,371.58,57992.417
2025-04-29 20:00:00,371.67,372.78,361.3,366.04,71057.877
2025-04-30 00:00:00,366.09,371.5,363.3,367.97,44174.098
2025-04-30 04:00:00,367.9,370.35,360.22,361.96,34956.276
2025-04-30 08:00:00,361.95,366.58,358.53,366.17,46180.866
2025-04-30 12:00:00,366.17,366.48,334.29,349.93,209245.09
2025-04-30 16:00:00,349.95,358.88,343.12,350.16,86224.65
2025-04-30 20:00:00,350.19,357.48,349.44,354.98,39818.643
2025-05-01 00:00:00,354.96,363.65,352.89,357.05,50036.504
2025-05-01 04:00:00,357.01,363.4,351.7,360.65,48373.967
2025-05-01 08:00:00,360.77,371.96,358.4,370.63,76340.339
2025-05-01 12:00:00,370.63,375.66,365.28,368.83,91023.432
2025-05-01 16:00:00,368.92,372.83,361.87,363.21,68264.107
2025-05-01 20:00:00,363.32,366.42,355.61,357.72,43119.133
2025-05-02 00:00:00,357.7,362.16,355.93,357.42,36214.798
2025-05-02 04:00:00,357.42,362.11,353.51,355.23,48827.735
2025-05-02 08:00:00,355.3,370.61,354.0,366.83,75437.984
2025-05-02 12:00:00,366.87,378.82,363.24,372.68,108658.595
2025-05-02 16:00:00,372.68,379.52,368.75,370.76,77333.799
2025-05-02 20:00:00,370.76,375.84,369.51,374.77,33013.326
2025-05-03 00:00:00,374.77,376.9,367.0,374.78,47789.242
2025-05-03 04:00:00,374.79,375.85,363.21,367.36,54068.623
2025-05-03 08:00:00,367.43,368.23,358.59,361.89,52512.958
2025-05-03 12:00:00,361.89,365.46,361.42,363.82,28260.185
2025-05-03 16:00:00,363.79,363.86,355.25,358.42,51507.968
2025-05-03 20:00:00,358.42,360.22,352.65,352.88,34908.429
2025-05-04 00:00:00,352.94,355.39,345.69,349.91,62569.381
2025-05-04 04:00:00,349.91,352.34,345.16,348.01,50562.213
2025-05-04 08:00:00,348.0,350.64,345.3,347.45,51628.818
2025-05-04 12:00:00,347.49,354.66,344.84,353.83,54079.147
2025-05-04 16:00:00,353.82,354.7,340.91,344.82,48252.686
2025-05-04 20:00:00,344.83,349.0,339.0,343.88,50804.666
2025-05-05 00:00:00,343.94,353.4,339.64,350.05,60237.221
2025-05-05 04:00:00,350.11,364.34,348.27,362.14,57636.237
2025-05-05 08:00:00,362.15,366.91,353.06,355.59,79212.729
2025-05-05 12:00:00,355.6,367.55,352.39,361.8,94617.478
2025-05-05 16:00:00,361.84,378.78,361.65,373.28,102964.884
2025-05-05 20:00:00,373.27,379.3,367.3,374.91,68123.785
2025-05-06 00:00:00,374.96,376.21,364.77,371.04,65484.0
2025-05-06 04:00:00,371.05,378.2,368.44,369.78,64726.722
2025-05-06 08:00:00,369.78,373.55,357.64,360.73,87798.898
2025-05-06 12:00:00,360.72,367.39,352.39,361.69,104059.862
2025-05-06 16:00:00,361.74,368.46,355.3,362.89,64317.883
2025-05-06 20:00:00,362.87,374.74,354.46,373.8,72151.22
2025-05-07 00:00:00,373.8,386.96,372.8,377.81,104130.835
2025-05-07 04:00:00,377.82,379.57,362.63,371.73,77316.116
2025-05-07 08:00:00,371.72,372.06,362.32,364.53,57021.763
2025-05-07 12:00:00,364.55,366.39,358.79,359.91,68444.752
2025-05-07 16:00:00,359.91,364.27,353.02,358.01,87054.426
2025-05-07 20:00:00,358.01,373.44,356.18,367.71,60591.951
2025-05-08 00:00:00,367.71,386.8,363.61,385.97,104357.011
2025-05-08 04:00:00,385.99,404.92,385.99,400.15,135048.086
2025-05-08 08:00:00,400.15,408.67,398.06,401.21,86519.497
2025-05-08 12:00:00,401.23,420.33,395.72,409.21,136667.163
2025-05-08 16:00:00,409.19,421.4,407.17,416.97,110496.493
2025-05-08 20:00:00,416.99,431.05,411.0,423.0,115743.809
2025-05-09 00:00:00,423.0,432.38,419.4,419.77,74759.22
2025-05-09 04:00:00,419.78,449.89,419.37,442.05,121649.993
2025-05-09 08:00:00,442.06,451.63,424.16,428.86,133874.418
2025-05-09 12:00:00,428.85,446.53,423.13,427.23,117406.273
2025-05-09 16:00:00,427.26,433.07,417.4,424.88,77628.069
2025-05-09 20:00:00,424.96,431.3,423.1,430.45,32251.802
2025-05-10 00:00:00,430.44,441.14,423.98,435.69,62986.366
2025-05-10 04:00:00,435.69,451.0,433.67,449.69,79625.564
2025-05-10 08:00:00,449.84,456.1,435.92,438.13,96486.629
2025-05-10 12:00:00,438.19,448.83,438.05,442.02,40844.598
2025-05-10 16:00:00,442.03,455.77,440.96,452.62,48471.047
2025-05-10 20:00:00,452.63,469.28,449.65,464.37,59432.62
2025-05-11 00:00:00,464.36,468.01,451.09,453.69,68427.689
2025-05-11 04:00:00,453.7,461.31,442.13,445.86,50372.05
2025-05-11 08:00:00,445.85,458.06,443.93,457.05,50111.324
2025-05-11 12:00:00,457.05,459.3,440.99,444.72,58967.885
2025-05-11 16:00:00,444.73,457.06,438.92,454.71,52383.828
2025-05-11 20:00:00,454.72,460.43,448.07,458.52,36754.181
2025-05-12 00:00:00,458.55,477.83,458.45,473.41,91492.769
2025-05-12 04:00:00,473.41,489.36,465.18,472.75,101880.376
2025-05-12 08:00:00,472.76,473.11,453.8,455.92,81635.297
2025-05-12 12:00:00,455.91,465.97,445.0,452.12,103086.994
2025-05-12 16:00:00,452.11,460.48,434.26,453.76,91912.351
2025-05-12 20:00:00,453.76,463.22,449.49,456.2,47064.175
2025-05-13 00:00:00,456.25,457.15,441.63,443.47,63718.577
2025-05-13 04:00:00,443.41,460.32,442.65,456.94,43698.546
2025-05-13 08:00:00,456.98,467.63,454.42,456.07,60698.025
2025-05-13 12:00:00,456.06,463.07,448.59,458.12,84155.996
2025-05-13 16:00:00,458.16,470.66,456.45,464.25,67994.52
2025-05-13 20:00:00,464.17,469.9,459.05,461.95,45021.342
2025-05-14 00:00:00,461.95,463.94,456.62,462.55,44850.418
2025-05-14 04:00:00,462.52,470.43,458.12,463.11,53783.021
2025-05-14 08:00:00,463.1,465.29,451.0,457.06,73505.431
2025-05-14 12:00:00,457.07,459.0,442.85,453.63,68402.952
2025-05-14 16:00:00,453.64,457.02,443.38,454.09,54500.951
2025-05-14 20:00:00,454.15,457.72,449.45,455.31,27845.696
2025-05-15 00:00:00,455.32,462.37,443.71,444.18,50320.922
2025-05-15 04:00:00,444.17,446.1,420.49,421.82,98930.09
2025-05-15 08:00:00,421.79,432.45,417.8,427.16,65740.167
2025-05-15 12:00:00,427.15,443.04,421.13,441.93,101321.169
2025-05-15 16:00:00,441.88,448.97,432.8,438.97,70045.82
2025-05-15 20:00:00,439.0,442.13,427.15,436.49,44424.559
2025-05-16 00:00:00,436.48,444.44,433.34,440.82,38173.846
2025-05-16 04:00:00,440.88,443.21,434.38,442.25,33979.462
2025-05-16 08:00:00,442.25,445.74,434.42,443.68,50505.572
2025-05-16 12:00:00,443.66,445.49,438.4,443.76,42475.468
2025-05-16 16:00:00,443.77,445.82,432.4,436.11,41725.904
2025-05-16 20:00:00,436.11,440.16,423.71,425.26,43298.025
2025-05-17 00:00:00,425.17,428.03,412.68,423.89,62388.986
2025-05-17 04:00:00,423.92,425.49,414.56,420.37,36021.634
2025-05-17 08:00:00,420.38,424.2,416.0,418.88,37964.448
2025-05-17 12:00:00,418.89,424.73,410.29,420.11,49244.106
2025-05-17 16:00:00,420.11,424.81,414.21,418.89,38919.445
2025-05-17 20:00:00,418.89,424.69,417.1,423.32,25090.363
2025-05-18 00:00:00,423.32,424.22,419.33,422.62,19815.864
2025-05-18 04:00:00,422.62,433.0,422.47,428.48,41825.747
2025-05-18 08:00:00,428.49,433.5,417.83,418.19,44343.041
2025-05-18 12:00:00,418.18,440.48,415.08,438.56,84533.437
2025-05-18 16:00:00,438.6,440.05,405.21,405.49,87535.649
2025-05-18 20:00:00,405.48,426.99,395.19,425.22,90606.889
2025-05-19 00:00:00,425.22,428.0,403.34,404.47,60495.99
2025-05-19 04:00:00,404.56,407.91,391.06,397.69,68311.29
2025-05-19 08:00:00,397.7,399.0,387.73,392.36,56732.94
2025-05-19 12:00:00,392.27,408.14,388.36,403.82,79739.319
2025-05-19 16:00:00,403.86,415.84,400.16,407.15,68216.047
2025-05-19 20:00:00,407.13,411.78,403.83,410.52,27196.79
2025-05-20 00:00:00,410.54,424.27,408.89,413.72,54442.281
2025-05-20 04:00:00,413.73,423.71,411.02,419.29,45410.994
2025-05-20 08:00:00,419.25,422.94,413.18,415.77,43356.701
2025-05-20 12:00:00,415.76,418.26,411.06,414.34,43207.274
2025-05-20 16:00:00,414.35,418.0,405.91,414.9,42165.889
2025-05-20 20:00:00,414.86,420.9,411.58,415.47,35009.091
2025-05-21 00:00:00,415.47,421.3,410.42,419.36,42277.462
2025-05-21 04:00:00,419.36,425.49,415.9,418.55,44389.41
2025-05-21 08:00:00,418.53,421.28,413.01,414.66,31436.366
2025-05-21 12:00:00,414.64,430.6,410.99,426.97,89634.088
2025-05-21 16:00:00,426.97,446.98,420.89,440.0,190353.048
2025-05-21 20:00:00,439.92,456.58,437.59,449.38,66818.722
2025-05-22 00:00:00,449.38,468.41,446.97,463.75,76774.518
2025-05-22 04:00:00,463.76,475.59,461.44,472.21,66473.41
2025-05-22 08:00:00,472.21,475.47,463.04,468.27,45688.165
2025-05-22 12:00:00,468.25,475.35,465.5,474.48,55711.64
2025-05-22 16:00:00,474.49,478.0,466.58,469.62,42985.281
2025-05-22 20:00:00,469.62,471.62,460.28,466.39,41702.998
2025-05-23 00:00:00,466.41,474.18,462.33,471.6,45233.927
2025-05-23 04:00:00,471.61,472.17,458.2,462.97,39755.088
2025-05-23 08:00:00,462.98,470.64,445.06,447.46,61124.209
2025-05-23 12:00:00,447.55,456.62,434.22,448.67,103185.886
2025-05-23 16:00:00,448.67,450.74,438.78,440.27,44167.614
2025-05-23 20:00:00,440.21,440.39,414.24,420.41,82047.903
2025-05-24 00:00:00,420.33,428.94,418.23,428.78,39556.515
2025-05-24 04:00:00,428.8,431.72,422.78,426.34,30060.974
2025-05-24 08:00:00,426.35,440.95,425.47,434.8,38301.469
2025-05-24 12:00:00,434.78,440.51,431.96,434.84,31197.165
2025-05-24 16:00:00,434.85,440.53,431.11,436.94,24933.269
2025-05-24 20:00:00,436.93,438.39,430.28,431.98,22110.585
2025-05-25 00:00:00,431.97,435.05,423.0,434.64,39219.826
2025-05-25 04:00:00,434.62,435.33,424.05,425.66,21844.776
2025-05-25 08:00:00,425.68,425.68,415.68,417.89,51416.316
2025-05-25 12:00:00,417.89,421.91,408.9,417.24,43713.095
2025-05-25 16:00:00,417.23,424.61,412.49,422.98,25228.733
2025-05-25 20:00:00,422.93,435.65,420.2,431.71,37572.861
2025-05-26 00:00:00,431.71,443.73,429.13,437.65,42561.281
2025-05-26 04:00:00,437.66,460.32,436.04,449.79,72591.884
2025-05-26 08:00:00,449.79,451.75,442.01,445.11,35519.574
2025-05-26 12:00:00,445.08,451.01,437.62,444.19,47658.933
2025-05-26 16:00:00,444.2,446.22,425.07,430.24,59299.813
2025-05-26 20:00:00,430.2,435.96,428.66,434.54,25507.363
2025-05-27 00:00:00,434.55,439.9,425.25,433.82,54442.351
2025-05-27 04:00:00,433.77,450.0,432.25,444.64,58924.806
2025-05-27 08:00:00,444.77,447.5,441.42,446.85,34685.99
2025-05-27 12:00:00,446.85,450.31,440.2,446.0,54859.453
2025-05-27 16:00:00,446.03,455.28,442.47,451.54,37948.957
2025-05-27 20:00:00,451.54,458.75,444.98,448.12,32787.803
2025-05-28 00:00:00,448.12,457.24,446.95,455.2,37842.756
2025-05-28 04:00:00,455.19,456.51,443.45,444.98,27993.546
2025-05-28 08:00:00,445.08,448.14,440.6,444.3,36986.655
2025-05-28 12:00:00,444.31,449.45,426.87,428.27,61119.219
2025-05-28 16:00:00,428.27,439.94,427.77,428.91,43119.804
2025-05-28 20:00:00,428.89,435.29,427.12,434.5,35545.701
2025-05-29 00:00:00,434.51,442.78,429.04,436.99,46934.891
2025-05-29 04:00:00,436.98,438.27,426.4,429.02,40289.655
2025-05-29 08:00:00,429.04,434.12,427.17,430.78,28616.621
2025-05-29 12:00:00,430.73,432.73,416.81,423.7,66678.703
2025-05-29 16:00:00,423.69,424.92,416.2,419.32,41341.548
2025-05-29 20:00:00,419.24,423.99,414.0,416.16,20834.931
2025-05-30 00:00:00,416.19,418.68,395.38,412.99,80797.317
2025-05-30 04:00:00,412.98,417.98,403.67,408.01,44542.973
2025-05-30 08:00:00,408.03,409.86,399.99,409.19,43464.965
2025-05-30 12:00:00,409.18,411.13,396.01,396.34,53979.259
2025-05-30 16:00:00,396.42,398.72,383.12,392.63,76580.906
2025-05-30 20:00:00,392.62,393.09,374.83,376.46,50822.781
2025-05-31 00:00:00,376.46,382.23,365.57,380.61,106053.728
2025-05-31 04:00:00,380.61,415.34,379.96,403.6,150250.164
2025-05-31 08:00:00,403.61,404.16,396.72,397.16,48709.68
2025-05-31 12:00:00,397.12,413.91,396.33,410.65,79634.635
2025-05-31 16:00:00,410.6,435.82,407.74,425.11,210269.657
2025-05-31 20:00:00,425.11,434.12,425.08,429.75,89022.749
2025-06-01 00:00:00,429.78,435.6,421.2,429.78,95299.867
2025-06-01 04:00:00,429.8,439.19,424.39,426.83,70075.889
2025-06-01 08:00:00,426.82,429.0,413.1,417.79,83526.227
2025-06-01 12:00:00,417.83,422.2,411.05,417.96,83664.555
2025-06-01 16:00:00,417.99,421.36,410.58,414.76,81192.466
2025-06-01 20:00:00,414.76,415.73,409.89,413.76,38132.203
2025-06-02 00:00:00,413.76,415.27,408.05,408.98,41522.364
2025-06-02 04:00:00,408.98,414.85,403.52,412.55,52003.447
2025-06-02 08:00:00,412.53,415.13,405.23,409.96,42163.156
2025-06-02 12:00:00,409.94,411.29,404.13,407.48,52059.647
2025-06-02 16:00:00,407.57,407.69,397.07,397.8,45097.196
2025-06-02 20:00:00,397.79,405.14,397.79,403.6,50672.698
2025-06-03 00:00:00,403.66,405.5,392.1,392.99,79823.699
2025-06-03 04:00:00,392.99,393.74,390.46,392.32,46859.492
2025-06-03 08:00:00,392.33,392.98,385.38,392.44,54343.293
2025-06-03 12:00:00,392.41,402.47,389.63,395.88,99841.728
2025-06-03 16:00:00,395.85,396.31,383.62,392.71,74846.174
2025-06-03 20:00:00,392.77,393.36,382.56,386.55,66133.451
2025-06-04 00:00:00,386.54,396.97,386.02,394.52,33085.503
2025-06-04 04:00:00,394.53,399.84,393.13,394.95,35375.56
2025-06-04 08:00:00,394.96,397.48,391.16,391.47,27932.769
2025-06-04 12:00:00,391.48,393.34,384.9,390.18,48067.315
2025-06-04 16:00:00,390.22,392.05,385.89,386.25,32603.027
2025-06-04 20:00:00,386.25,386.86,376.76,380.85,58317.265
2025-06-05 00:00:00,380.85,383.91,377.64,379.66,27221.2
2025-06-05 04:00:00,379.68,382.31,376.1,378.06,26175.902
2025-06-05 08:00:00,378.06,378.93,364.44,368.85,68409.288
2025-06-05 12:00:00,368.86,376.82,365.06,372.08,72639.731
2025-06-05 16:00:00,372.1,373.29,351.33,358.81,107897.214
2025-06-05 20:00:00,358.82,360.72,347.05,351.29,116899.145
2025-06-06 00:00:00,351.29,362.23,351.01,359.95,39097.712
2025-06-06 04:00:00,359.94,372.32,359.09,365.79,52342.072
2025-06-06 08:00:00,365.75,371.79,364.38,368.96,40641.479
2025-06-06 12:00:00,368.97,390.81,365.68,373.49,78211.772
2025-06-06 16:00:00,373.48,378.13,366.88,367.97,58453.637
2025-06-06 20:00:00,367.98,370.71,365.77,366.98,23530.249
2025-06-07 00:00:00,366.99,375.28,364.74,373.85,28237.931
2025-06-07 04:00:00,373.81,376.56,370.2,374.56,28537.154
2025-06-07 08:00:00,374.57,380.56,372.54,377.94,30056.982
2025-06-07 12:00:00,377.93,384.01,377.39,382.73,37417.434
2025-06-07 16:00:00,382.74,383.23,375.24,382.31,31833.001
2025-06-07 20:00:00,382.3,390.73,380.35,385.64,40760.738
2025-06-08 00:00:00,385.64,388.72,383.22,383.51,20421.437
2025-06-08 04:00:00,383.47,383.58,377.48,379.95,23647.386
2025-06-08 08:00:00,379.95,380.87,373.09,377.13,32710.425
2025-06-08 12:00:00,377.14,381.5,374.52,378.3,28427.457
2025-06-08 16:00:00,378.3,386.58,377.51,385.78,32349.276
2025-06-08 20:00:00,385.8,389.23,379.36,382.96,35778.735
2025-06-09 00:00:00,382.97,387.6,380.17,386.66,33776.965
2025-06-09 04:00:00,386.65,388.47,381.03,385.2,32286.251
2025-06-09 08:00:00,385.21,402.32,384.51,401.13,89693.213
2025-06-09 12:00:00,401.07,414.34,397.07,411.42,107324.242
2025-06-09 16:00:00,411.43,417.32,409.35,409.97,56650.595
2025-06-09 20:00:00,409.96,429.29,407.46,419.79,78350.124
2025-06-10 00:00:00,419.79,429.44,419.61,429.17,55974.24
2025-06-10 04:00:00,429.27,437.5,425.76,434.9,73102.49
2025-06-10 08:00:00,434.91,443.27,429.17,438.29,64010.663
2025-06-10 12:00:00,438.3,442.8,422.72,426.93,76059.533
2025-06-10 16:00:00,426.94,427.64,417.64,420.09,63103.26
2025-06-10 20:00:00,420.06,427.86,415.57,427.46,47001.285
2025-06-11 00:00:00,427.49,427.84,420.35,426.02,32787.271
2025-06-11 04:00:00,426.04,426.75,419.67,420.69,22302.084
2025-06-11 08:00:00,420.68,421.78,413.91,417.19,30170.059
2025-06-11 12:00:00,417.11,436.22,414.8,433.1,81647.963
2025-06-11 16:00:00,433.11,435.62,413.11,414.36,57949.236
2025-06-11 20:00:00,414.34,417.37,400.76,407.69,63704.606
2025-06-12 00:00:00,407.7,408.47,393.27,393.6,57645.099
2025-06-12 04:00:00,393.61,399.6,389.59,393.45,61659.932
2025-06-12 08:00:00,393.4,397.43,390.64,392.6,41059.647
2025-06-12 12:00:00,392.61,402.22,390.08,392.76,64231.255
2025-06-12 16:00:00,392.79,401.48,385.86,387.6,61158.273
2025-06-12 20:00:00,387.56,390.14,378.48,385.51,68222.402
2025-06-13 00:00:00,385.52,385.64,352.96,367.31,161645.759
2025-06-13 04:00:00,367.34,372.66,357.14,371.53,61239.962
2025-06-13 08:00:00,371.58,376.02,363.09,367.55,62050.549
2025-06-13 12:00:00,367.55,371.64,361.73,368.41,62573.344
2025-06-13 16:00:00,368.46,374.32,361.72,365.41,50723.764
2025-06-13 20:00:00,365.42,375.34,364.51,375.08,34175.335
2025-06-14 00:00:00,375.07,375.07,369.29,371.83,30420.232
2025-06-14 04:00:00,371.79,378.2,371.45,374.89,38799.733
2025-06-14 08:00:00,374.85,375.78,370.05,374.2,26109.794
2025-06-14 12:00:00,374.19,374.19,363.02,364.77,39385.762
2025-06-14 16:00:00,364.77,364.88,353.44,358.34,65505.896
2025-06-14 20:00:00,358.32,365.73,356.21,363.31,27587.481
2025-06-15 00:00:00,363.32,368.23,363.06,365.45,33856.916
2025-06-15 04:00:00,365.45,370.08,364.93,366.18,26990.819
2025-06-15 08:00:00,366.18,366.47,360.76,365.38,31421.302
2025-06-15 12:00:00,365.4,374.8,364.99,371.19,43107.694
2025-06-15 16:00:00,371.2,375.18,366.45,367.79,34948.811
2025-06-15 20:00:00,367.79,368.12,355.17,366.83,51034.621
2025-06-16 00:00:00,366.86,375.77,363.53,371.94,41936.891
2025-06-16 04:00:00,371.94,384.19,371.79,383.82,52783.247
2025-06-16 08:00:00,383.82,384.51,377.12,380.68,44288.865
2025-06-16 12:00:00,380.66,388.7,377.47,386.92,70175.627
2025-06-16 16:00:00,386.94,391.61,385.24,387.38,47332.561
2025-06-16 20:00:00,387.38,390.0,366.12,367.35,77560.164
2025-06-17 00:00:00,367.33,372.24,348.0,369.2,143073.458
2025-06-17 04:00:00,369.21,369.86,356.7,359.82,51433.195
2025-06-17 08:00:00,359.8,360.44,348.79,351.87,63573.756
2025-06-17 12:00:00,351.83,358.17,341.31,343.71,113755.114
2025-06-17 16:00:00,343.76,351.86,334.18,348.29,118841.693
2025-06-17 20:00:00,348.27,352.77,344.86,349.74,58337.922
2025-06-18 00:00:00,349.75,362.45,349.61,357.64,70271.648
2025-06-18 04:00:00,357.64,361.0,353.75,356.36,41687.156
2025-06-18 08:00:00,356.36,358.1,342.18,347.24,67025.876
2025-06-18 12:00:00,347.28,351.56,337.62,346.08,98476.175
2025-06-18 16:00:00,346.05,352.51,340.11,347.76,82167.703
2025-06-18 20:00:00,347.77,366.66,346.15,362.23,79365.386
2025-06-19 00:00:00,362.23,367.93,357.53,361.8,41635.575
2025-06-19 04:00:00,361.81,363.05,356.22,357.03,26987.204
2025-06-19 08:00:00,357.02,359.42,354.8,356.34,34285.385
2025-06-19 12:00:00,356.33,358.09,348.54,348.83,47981.427
2025-06-19 16:00:00,348.83,353.32,345.24,348.16,70428.738
2025-06-19 20:00:00,348.2,353.77,346.26,350.52,32968.433
2025-06-20 00:00:00,350.53,354.26,347.25,348.35,26201.037
2025-06-20 04:00:00,348.29,356.73,339.96,356.56,57997.865
2025-06-20 08:00:00,356.57,359.52,351.77,354.14,50905.04
2025-06-20 12:00:00,354.12,356.77,337.52,341.65,91131.252
2025-06-20 16:00:00,341.7,342.43,330.21,341.72,116395.311
2025-06-20 20:00:00,341.71,345.14,336.28,340.33,44902.898
2025-06-21 00:00:00,340.34,343.12,337.52,341.55,25849.147
2025-06-21 04:00:00,341.55,343.5,340.07,343.06,17636.845
2025-06-21 08:00:00,343.07,345.23,339.48,341.47,28442.739
2025-06-21 12:00:00,341.47,342.42,326.85,330.4,76838.332
2025-06-21 16:00:00,330.37,332.64,313.17,313.32,98340.535
2025-06-21 20:00:00,313.31,318.15,301.6,315.98,142747.256
2025-06-22 00:00:00,315.98,323.14,310.53,312.77,96164.971
2025-06-22 04:00:00,312.76,317.66,308.42,313.75,46188.32
2025-06-22 08:00:00,313.8,314.64,301.67,303.58,78746.68
2025-06-22 12:00:00,303.59,307.52,289.59,297.45,218889.753
2025-06-22 16:00:00,297.42,303.86,292.1,292.7,85451.16
2025-06-22 20:00:00,292.7,305.79,287.12,305.05,110894.518
2025-06-23 00:00:00,305.05,309.9,304.2,305.4,58173.809
2025-06-23 04:00:00,305.37,310.75,304.37,308.6,49699.24
2025-06-23 08:00:00,308.58,310.51,305.2,307.37,43276.721
2025-06-23 12:00:00,307.37,319.39,305.22,307.13,120093.988
2025-06-23 16:00:00,307.05,326.96,296.5,326.35,179774.597
2025-06-23 20:00:00,326.33,355.47,324.48,349.63,169967.345
2025-06-24 00:00:00,349.63,354.2,347.24,351.53,61147.357
2025-06-24 04:00:00,351.53,363.76,351.42,354.0,90988.742
2025-06-24 08:00:00,353.99,358.39,350.11,356.23,58712.416
2025-06-24 12:00:00,356.22,361.31,350.13,352.04,77889.943
2025-06-24 16:00:00,352.05,359.28,340.86,343.48,92780.186
2025-06-24 20:00:00,343.47,346.71,341.58,345.65,37334.92
2025-06-25 00:00:00,345.65,346.84,339.13,339.39,52208.369
2025-06-25 04:00:00,339.39,340.71,334.16,340.13,51002.083
2025-06-25 08:00:00,340.17,340.71,334.18,338.65,58454.642
2025-06-25 12:00:00,338.64,346.39,329.6,331.32,147403.598
2025-06-25 16:00:00,331.33,333.25,324.78,329.24,84248.971
2025-06-25 20:00:00,329.23,330.08,322.25,322.96,56334.962
2025-06-26 00:00:00,322.96,333.17,320.95,327.15,66724.741
2025-06-26 04:00:00,327.16,330.57,322.64,328.23,42288.432
2025-06-26 08:00:00,328.23,332.26,322.01,322.48,66052.374
2025-06-26 12:00:00,322.49,323.08,315.1,319.23,117622.396
2025-06-26 16:00:00,319.24,326.53,317.38,325.58,56316.409
2025-06-26 20:00:00,325.53,330.4,317.34,319.56,68722.416
2025-06-27 00:00:00,319.55,325.53,318.27,323.03,41175.704
2025-06-27 04:00:00,323.01,324.22,314.24,314.65,68150.261
2025-06-27 08:00:00,314.64,321.5,314.53,318.17,64962.638
2025-06-27 12:00:00,318.19,324.13,316.48,323.22,68396.56
2025-06-27 16:00:00,323.24,327.95,319.02,323.85,77547.686
2025-06-27 20:00:00,323.86,327.86,323.29,325.89,31086.434
2025-06-28 00:00:00,325.88,328.19,319.14,319.23,39407.94
2025-06-28 04:00:00,319.23,327.15,316.27,326.54,55028.312
2025-06-28 08:00:00,326.53,327.84,322.99,325.55,34035.238
2025-06-28 12:00:00,325.55,328.37,323.9,327.79,25110.666
2025-06-28 16:00:00,327.8,332.81,326.5,330.53,49187.421
2025-06-28 20:00:00,330.51,333.6,327.86,329.56,27676.168
2025-06-29 00:00:00,329.55,331.99,328.21,328.93,26667.743
2025-06-29 04:00:00,328.89,336.98,328.84,336.41,36248.01
2025-06-29 08:00:00,336.45,342.6,334.58,336.32,63189.461
2025-06-29 12:00:00,336.3,344.58,334.63,340.05,67337.326
2025-06-29 16:00:00,340.08,343.87,338.17,341.8,34650.552
2025-06-29 20:00:00,341.8,351.0,336.65,345.55,63637.273
2025-06-30 00:00:00,345.6,347.8,338.14,338.28,40343.848
2025-06-30 04:00:00,338.28,340.25,332.62,337.09,40870.363
2025-06-30 08:00:00,337.09,337.16,331.0,331.01,39858.185
2025-06-30 12:00:00,331.01,338.31,327.9,335.11,68939.627
2025-06-30 16:00:00,335.12,342.16,333.1,341.74,38298.154
2025-06-30 20:00:00,341.77,343.54,333.34,334.47,40531.117
2025-07-01 00:00:00,334.5,337.65,331.8,335.06,33069.389
2025-07-01 04:00:00,335.1,335.39,328.42,332.92,47412.202
2025-07-01 08:00:00,332.91,333.54,323.85,325.17,44624.635
2025-07-01 12:00:00,325.17,327.69,320.52,325.64,67163.368
2025-07-01 16:00:00,325.65,326.82,318.77,318.98,46488.939
2025-07-01 20:00:00,318.99,322.38,316.05,318.18,43374.414
2025-07-02 00:00:00,318.18,321.38,316.44,319.71,34968.861
2025-07-02 04:00:00,319.67,328.1,318.04,327.56,50317.458
2025-07-02 08:00:00,327.57,329.58,322.33,323.17,48692.898
2025-07-02 12:00:00,323.18,328.96,319.88,328.1,70053.156
2025-07-02 16:00:00,328.09,338.8,327.79,337.6,113083.418
2025-07-02 20:00:00,337.6,342.97,334.06,334.69,49516.047
2025-07-03 00:00:00,334.7,343.95,331.6,336.18,82061.578
2025-07-03 04:00:00,336.14,346.0,335.7,342.79,57232.074
2025-07-03 08:00:00,342.79,346.63,337.12,338.5,58569.178
2025-07-03 12:00:00,338.55,343.26,329.01,330.1,105997.025
2025-07-03 16:00:00,330.09,337.55,329.86,336.11,44662.411
2025-07-03 20:00:00,336.11,340.44,335.7,337.92,18292.001
2025-07-04 00:00:00,337.92,340.59,333.15,334.71,34004.89
2025-07-04 04:00:00,334.71,337.53,323.11,323.48,49554.655
2025-07-04 08:00:00,323.47,325.74,320.24,323.11,50440.128
2025-07-04 12:00:00,323.1,323.61,317.2,318.38,78935.644
2025-07-04 16:00:00,318.37,322.45,315.24,320.71,53638.316
2025-07-04 20:00:00,320.72,326.49,320.52,324.58,28395.697
2025-07-05 00:00:00,324.58,325.81,320.41,323.88,27397.476
2025-07-05 04:00:00,323.89,324.86,320.77,322.69,23867.222
2025-07-05 08:00:00,322.67,324.94,320.49,323.08,23901.932
2025-07-05 12:00:00,323.09,323.56,320.83,322.0,22203.117
2025-07-05 16:00:00,322.01,322.9,317.63,319.94,29024.283
2025-07-05 20:00:00,319.92,322.4,317.86,322.02,19704.869
2025-07-06 00:00:00,322.04,322.12,318.9,320.03,14425.668
2025-07-06 04:00:00,320.04,322.0,318.25,320.5,13667.502
2025-07-06 08:00:00,320.49,322.77,319.39,321.3,25250.932
2025-07-06 12:00:00,321.32,328.63,319.2,326.2,52957.929
2025-07-06 16:00:00,326.2,328.16,323.15,325.57,32196.367
2025-07-06 20:00:00,325.56,332.16,325.22,326.51,36463.837
2025-07-07 00:00:00,326.58,331.99,325.22,329.08,35561.006
2025-07-07 04:00:00,329.08,330.66,326.3,329.03,20185.117
2025-07-07 08:00:00,329.02,329.41,323.28,324.65,37153.916
2025-07-07 12:00:00,324.65,326.5,320.84,323.09,45943.841
2025-07-07 16:00:00,323.1,324.01,318.85,322.0,41981.54
2025-07-07 20:00:00,321.97,321.98,316.64,319.72,30465.612
2025-07-08 00:00:00,319.73,321.42,315.0,317.73,35670.671
2025-07-08 04:00:00,317.73,321.8,316.54,321.33,26740.198
2025-07-08 08:00:00,321.33,322.62,318.42,321.36,33213.44
2025-07-08 12:00:00,321.36,323.77,316.96,317.57,43597.698
2025-07-08 16:00:00,317.58,322.81,315.75,320.07,52572.441
2025-07-08 20:00:00,320.07,321.19,318.03,320.9,19978.173
2025-07-09 00:00:00,320.9,321.85,317.46,318.25,24690.575
2025-07-09 04:00:00,318.24,324.73,317.9,324.57,49839.829
2025-07-09 08:00:00,324.59,327.05,323.58,326.09,46492.464
2025-07-09 12:00:00,326.1,330.12,324.01,326.09,66978.684
2025-07-09 16:00:00,326.09,343.16,325.34,342.56,90709.376
2025-07-09 20:00:00,342.59,351.38,336.28,347.46,106600.075
2025-07-10 00:00:00,347.45,351.44,347.03,349.64,46209.49
2025-07-10 04:00:00,349.65,355.8,346.21,352.1,52308.967
2025-07-10 08:00:00,352.13,353.3,346.9,348.5,41729.517
2025-07-10 12:00:00,348.5,351.17,345.7,347.9,42847.614
2025-07-10 16:00:00,347.94,368.26,347.46,363.99,106154.759
2025-07-10 20:00:00,363.94,381.94,362.95,375.7,101369.368
2025-07-11 00:00:00,375.71,381.05,369.1,379.01,54227.659
2025-07-11 04:00:00,379.01,389.98,375.07,377.79,104590.852
2025-07-11 08:00:00,377.76,393.38,377.15,388.66,91324.156
2025-07-11 12:00:00,388.68,399.79,381.65,384.07,104282.306
2025-07-11 16:00:00,384.09,400.8,383.32,399.75,70870.308
2025-07-11 20:00:00,399.75,402.72,383.14,394.05,73770.475
2025-07-12 00:00:00,394.04,401.17,387.68,399.23,45873.417
2025-07-12 04:00:00,399.22,400.23,388.68,391.95,41921.996
2025-07-12 08:00:00,391.94,395.46,389.34,390.03,40499.994
2025-07-12 12:00:00,390.05,391.19,373.41,376.0,89830.431
2025-07-12 16:00:00,376.01,386.69,374.11,385.33,40205.399
2025-07-12 20:00:00,385.35,385.65,378.61,384.66,29464.604
2025-07-13 00:00:00,384.67,387.8,381.18,386.13,29320.952
2025-07-13 04:00:00,386.14,392.46,384.45,392.36,37641.768
2025-07-13 08:00:00,392.4,394.51,386.32,394.5,32890.106
2025-07-13 12:00:00,394.48,399.8,392.0,395.27,57109.81
2025-07-13 16:00:00,395.23,405.08,390.58,396.68,54533.893
2025-07-13 20:00:00,396.69,398.68,384.16,390.65,50262.707
2025-07-14 00:00:00,390.65,408.45,390.03,405.74,48525.609
2025-07-14 04:00:00,405.77,432.57,403.99,425.75,180195.828
2025-07-14 08:00:00,425.76,426.05,415.0,418.27,65227.622
2025-07-14 12:00:00,418.23,422.93,405.0,408.55,84861.263
2025-07-14 16:00:00,408.56,416.08,400.59,410.78,71269.193
2025-07-14 20:00:00,410.78,410.87,401.34,408.57,34836.782
2025-07-15 00:00:00,408.59,412.13,400.06,406.98,68281.71
2025-07-15 04:00:00,406.96,420.76,401.43,410.17,81617.581
2025-07-15 08:00:00,410.18,427.25,404.72,425.67,71413.224
2025-07-15 12:00:00,425.65,437.57,418.41,428.36,130252.424
2025-07-15 16:00:00,428.42,437.35,423.54,425.47,69435.144
2025-07-15 20:00:00,425.38,436.22,419.53,435.72,56313.343
2025-07-16 00:00:00,435.71,446.58,429.93,433.44,59394.88
2025-07-16 04:00:00,433.47,445.17,428.4,440.93,59861.76
2025-07-16 08:00:00,440.87,443.27,436.34,439.85,40395.229
2025-07-16 12:00:00,439.76,444.77,431.68,437.46,89052.069
2025-07-16 16:00:00,437.52,444.95,434.65,438.31,55032.502
2025-07-16 20:00:00,438.27,444.66,429.12,431.57,62674.06
2025-07-17 00:00:00,431.58,437.71,417.38,421.96,81251.308
2025-07-17 04:00:00,421.94,432.93,420.23,429.09,45401.429
2025-07-17 08:00:00,429.09,434.7,423.59,427.51,70937.029
2025-07-17 12:00:00,427.56,435.75,422.05,432.94,75542.07
2025-07-17 16:00:00,432.92,434.19,417.92,418.85,73591.79
2025-07-17 20:00:00,418.84,431.95,411.86,422.23,116179.063
2025-07-18 00:00:00,422.2,430.52,418.46,429.3,83949.302
2025-07-18 04:00:00,429.29,439.33,421.91,422.49,92547.766
2025-07-18 08:00:00,422.48,426.74,411.1,415.81,84981.262
2025-07-18 12:00:00,415.84,420.81,404.5,409.76,125529.255
2025-07-18 16:00:00,409.77,416.28,406.59,409.69,55765.85
2025-07-18 20:00:00,409.64,413.61,396.89,411.51,80711.4
2025-07-19 00:00:00,411.53,414.44,404.87,413.54,38090.608
2025-07-19 04:00:00,413.55,415.35,405.45,407.78,37358.048
2025-07-19 08:00:00,407.79,411.67,403.6,404.64,45457.73
2025-07-19 12:00:00,404.63,413.8,403.69,412.05,48974.959
2025-07-19 16:00:00,412.06,419.89,408.01,412.88,47900.234
2025-07-19 20:00:00,412.85,416.69,409.6,413.79,26559.426
2025-07-20 00:00:00,413.79,419.8,412.69,415.76,29918.77
2025-07-20 04:00:00,415.74,423.43,414.03,422.23,28201.167
2025-07-20 08:00:00,422.25,432.6,422.02,430.26,48616.655
2025-07-20 12:00:00,430.25,435.16,426.81,432.7,46489.125
2025-07-20 16:00:00,432.72,434.38,425.7,427.73,74990.645
2025-07-20 20:00:00,427.84,428.25,407.07,413.26,97703.374
2025-07-21 00:00:00,413.33,424.42,407.91,421.15,61030.741
2025-07-21 04:00:00,421.2,429.0,417.42,428.68,50409.977
2025-07-21 08:00:00,428.69,432.87,423.0,427.56,60966.516
2025-07-21 12:00:00,427.58,443.8,423.29,437.42,112111.212
2025-07-21 16:00:00,437.43,443.56,424.48,432.26,127334.581
2025-07-21 20:00:00,432.34,449.86,430.82,446.79,81479.705
2025-07-22 00:00:00,446.79,461.82,440.01,446.1,140613.706
2025-07-22 04:00:00,446.09,446.09,423.42,427.52,106029.63
2025-07-22 08:00:00,427.51,432.08,414.07,431.31,117869.868
2025-07-22 12:00:00,431.34,444.08,424.4,440.08,128678.248
2025-07-22 16:00:00,440.08,453.68,435.17,437.32,118505.472
2025-07-22 20:00:00,437.28,454.77,435.88,452.2,45541.511
2025-07-23 00:00:00,452.21,453.03,445.02,447.53,44875.264
2025-07-23 04:00:00,447.54,451.5,441.42,443.02,41853.4
2025-07-23 08:00:00,443.03,446.63,438.22,441.92,47365.379
2025-07-23 12:00:00,441.91,443.37,421.0,440.55,131131.489
2025-07-23 16:00:00,440.55,440.9,420.46,425.38,84411.932
2025-07-23 20:00:00,425.3,428.59,409.0,424.47,83618.879
2025-07-24 00:00:00,424.51,434.32,422.2,425.22,39221.806
2025-07-24 04:00:00,425.24,430.78,401.57,417.57,110738.265
2025-07-24 08:00:00,417.59,424.33,411.24,418.32,64761.973
2025-07-24 12:00:00,418.38,434.38,412.13,429.46,71882.538
2025-07-24 16:00:00,429.44,436.59,418.33,427.54,56473.89
2025-07-24 20:00:00,427.49,430.93,414.17,416.09,36344.57
2025-07-25 00:00:00,416.12,428.48,405.23,409.3,105512.546
2025-07-25 04:00:00,409.2,413.12,402.39,407.92,69183.181
2025-07-25 08:00:00,408.05,421.33,407.13,417.56,46002.835
2025-07-25 12:00:00,417.68,419.65,403.59,409.12,65416.594
2025-07-25 16:00:00,409.13,416.16,405.69,413.84,32081.573
2025-07-25 20:00:00,413.81,427.9,413.15,427.3,37196.282
2025-07-26 00:00:00,427.3,427.88,422.1,424.47,30948.778
2025-07-26 04:00:00,424.46,429.99,424.06,428.45,20359.507
2025-07-26 08:00:00,428.45,431.0,426.19,426.42,26855.852
2025-07-26 12:00:00,426.42,432.0,424.1,431.23,26862.613
2025-07-26 16:00:00,431.25,434.93,427.49,432.58,34156.686
2025-07-26 20:00:00,432.59,433.43,426.29,426.64,18839.035
2025-07-27 00:00:00,426.66,431.76,425.73,430.01,14893.116
2025-07-27 04:00:00,430.01,432.5,427.7,428.58,17190.513
2025-07-27 08:00:00,428.59,429.69,421.57,429.09,32685.825
2025-07-27 12:00:00,429.08,432.43,424.45,426.55,35943.051
2025-07-27 16:00:00,426.56,433.82,426.44,429.46,39440.608
2025-07-27 20:00:00,429.48,433.97,426.34,429.09,29043.591
2025-07-28 00:00:00,429.12,434.71,425.41,432.64,46178.515
2025-07-28 04:00:00,432.6,439.29,430.0,432.2,52205.776
2025-07-28 08:00:00,432.19,434.39,427.66,432.94,47750.707
2025-07-28 12:00:00,432.95,433.26,406.32,410.31,136933.74
2025-07-28 16:00:00,410.26,412.36,402.13,406.9,65270.554
2025-07-28 20:00:00,406.86,407.33,398.72,402.45,50324.094
2025-07-29 00:00:00,402.44,406.29,393.23,402.04,59880.516
2025-07-29 04:00:00,402.07,411.06,398.37,409.14,47727.017
2025-07-29 08:00:00,409.11,409.83,397.77,400.17,48148.699
2025-07-29 12:00:00,400.18,402.54,388.0,391.6,89765.693
2025-07-29 16:00:00,391.58,393.67,380.42,380.87,84280.045
2025-07-29 20:00:00,380.82,384.99,375.0,383.74,66035.684
2025-07-30 00:00:00,383.74,384.83,376.13,382.88,33080.876
2025-07-30 04:00:00,382.88,383.79,374.72,377.23,43478.503
2025-07-30 08:00:00,377.28,381.29,359.4,363.91,98682.473
2025-07-30 12:00:00,363.92,375.67,360.0,371.28,100057.788
2025-07-30 16:00:00,371.32,375.5,355.0,371.2,112136.486
2025-07-30 20:00:00,371.16,375.57,366.0,372.63,45108.564
2025-07-31 00:00:00,372.62,378.87,370.65,376.75,38410.334
2025-07-31 04:00:00,376.74,381.3,375.79,378.18,37527.397
2025-07-31 08:00:00,378.19,382.44,375.55,376.71,33953.017
2025-07-31 12:00:00,376.72,377.28,363.88,367.14,64768.718
2025-07-31 16:00:00,367.13,374.04,363.15,365.1,45501.842
2025-07-31 20:00:00,365.09,365.69,351.6,353.02,71167.834
2025-08-01 00:00:00,353.07,357.44,342.54,354.82,79882.154
2025-08-01 04:00:00,354.79,354.79,346.06,348.36,50183.846
2025-08-01 08:00:00,348.31,349.37,337.21,349.09,69324.853
2025-08-01 12:00:00,349.1,354.65,341.02,352.4,89708.676
2025-08-01 16:00:00,352.38,354.63,343.12,349.75,61302.868
2025-08-01 20:00:00,349.78,351.3,334.0,343.39,80398.45
2025-08-02 00:00:00,343.38,348.22,342.51,346.44,21204.02
2025-08-02 04:00:00,346.44,349.54,338.0,345.81,34023.702
2025-08-02 08:00:00,345.85,346.35,335.33,338.6,47889.578
2025-08-02 12:00:00,338.61,340.75,332.6,333.85,46937.258
2025-08-02 16:00:00,333.81,339.29,327.07,330.56,80377.957
2025-08-02 20:00:00,330.59,336.23,329.81,333.51,27064.526
2025-08-03 00:00:00,333.6,340.08,328.6,338.67,35544.229
2025-08-03 04:00:00,338.66,341.21,337.12,341.02,18782.423
2025-08-03 08:00:00,341.05,349.04,339.23,345.35,55155.318
2025-08-03 12:00:00,345.36,347.88,343.96,346.32,37304.463
2025-08-03 16:00:00,346.28,352.6,344.73,349.49,37367.565
2025-08-03 20:00:00,349.49,351.71,348.08,349.6,29571.154
2025-08-04 00:00:00,349.61,357.82,348.98,353.14,56027.579
2025-08-04 04:00:00,353.12,357.24,351.3,356.65,24844.664
2025-08-04 08:00:00,356.7,358.68,352.63,354.4,37803.43
2025-08-04 12:00:00,354.4,362.6,354.07,357.4,58757.017
2025-08-04 16:00:00,357.39,362.35,352.6,353.48,52070.337
2025-08-04 20:00:00,353.47,360.55,352.56,357.86,36544.518
2025-08-05 00:00:00,357.84,357.84,350.01,350.25,31498.597
2025-08-05 04:00:00,350.25,351.42,343.01,343.37,43398.096
2025-08-05 08:00:00,343.36,352.06,342.36,350.89,44733.987
2025-08-05 12:00:00,350.9,351.58,335.2,337.29,94818.291
2025-08-05 16:00:00,337.31,341.69,335.63,336.97,38940.611
2025-08-05 20:00:00,337.02,343.13,333.85,341.91,29055.843
2025-08-06 00:00:00,341.92,342.92,335.72,336.2,25434.911
2025-08-06 04:00:00,336.22,344.3,334.7,343.7,34085.125
2025-08-06 08:00:00,343.7,344.12,339.61,340.73,22075.915
2025-08-06 12:00:00,340.72,348.15,337.0,347.66,63254.48
2025-08-06 16:00:00,347.63,350.34,343.88,348.05,36621.716
2025-08-06 20:00:00,348.08,348.25,344.37,346.05,18124.49
2025-08-07 00:00:00,346.05,346.29,340.91,341.51,26086.034
2025-08-07 04:00:00,341.5,347.11,341.28,346.88,18765.856
2025-08-07 08:00:00,346.89,358.96,345.63,358.02,51491.946
2025-08-07 12:00:00,358.0,360.6,353.49,356.4,54018.02
2025-08-07 16:00:00,356.4,360.18,348.54,360.17,39479.813
2025-08-07 20:00:00,360.15,370.93,358.48,370.68,51445.429
2025-08-08 00:00:00,370.67,372.62,365.98,371.89,58102.303
2025-08-08 04:00:00,371.88,375.19,367.5,374.59,39577.268
2025-08-08 08:00:00,374.63,377.89,369.71,372.83,37268.885
2025-08-08 12:00:00,372.82,379.88,363.99,367.73,67794.904
2025-08-08 16:00:00,367.73,377.88,364.04,377.17,98267.364
2025-08-08 20:00:00,377.17,377.92,373.11,373.98,20917.135
2025-08-09 00:00:00,373.98,375.72,371.78,374.76,17723.065
2025-08-09 04:00:00,374.76,385.61,373.95,385.16,60924.843
2025-08-09 08:00:00,385.15,388.75,383.65,386.73,49016.746
2025-08-09 12:00:00,386.73,390.92,380.59,385.26,62332.254
2025-08-09 16:00:00,385.31,391.32,385.21,389.39,31338.828
2025-08-09 20:00:00,389.44,394.69,387.3,389.82,40774.952
2025-08-10 00:00:00,389.82,397.44,388.58,395.79,46796.922
2025-08-10 04:00:00,395.79,398.95,383.56,385.02,53871.572
2025-08-10 08:00:00,384.9,389.92,380.1,384.54,55967.961
2025-08-10 12:00:00,384.5,392.27,381.25,390.5,41555.426
2025-08-10 16:00:00,390.42,395.62,388.78,393.42,25113.498
2025-08-10 20:00:00,393.46,393.89,382.72,388.88,49809.15
2025-08-11 00:00:00,388.88,396.83,385.52,395.8,50813.125
2025-08-11 04:00:00,395.82,398.0,384.08,384.86,41334.986
2025-08-11 08:00:00,384.86,387.38,368.03,369.32,95494.124
2025-08-11 12:00:00,369.32,375.97,366.83,374.4,82789.167
2025-08-11 16:00:00,374.42,378.21,361.5,365.43,91490.23
2025-08-11 20:00:00,365.47,366.37,357.77,359.89,46733.581
2025-08-12 00:00:00,359.89,367.03,359.3,362.82,28656.142
2025-08-12 04:00:00,362.83,365.89,358.51,364.21,28138.408
2025-08-12 08:00:00,364.26,365.05,357.4,364.3,34378.864
2025-08-12 12:00:00,364.29,380.75,361.7,379.95,96435.339
2025-08-12 16:00:00,379.96,392.89,379.13,391.92,82144.126
2025-08-12 20:00:00,391.96,398.6,389.7,392.06,64863.958
2025-08-13 00:00:00,392.06,395.97,385.48,392.81,48727.109
2025-08-13 04:00:00,392.86,395.23,387.29,395.01,42035.166
2025-08-13 08:00:00,395.0,404.55,394.88,401.33,62262.928
2025-08-13 12:00:00,401.32,404.42,389.06,393.2,104682.57
2025-08-13 16:00:00,393.23,396.67,385.84,392.1,57490.063
2025-08-13 20:00:00,392.1,395.07,387.23,390.3,44741.627
2025-08-14 00:00:00,390.3,402.33,389.07,401.22,49800.115
2025-08-14 04:00:00,401.2,401.57,384.15,386.58,70330.095
2025-08-14 08:00:00,386.63,386.65,378.63,380.57,77445.462
2025-08-14 12:00:00,380.57,383.64,355.5,368.94,233516.365
2025-08-14 16:00:00,368.94,368.94,361.99,363.9,64603.675
2025-08-14 20:00:00,363.94,366.69,357.75,365.48,42402.219
2025-08-15 00:00:00,365.49,379.01,364.69,378.36,48530.379
2025-08-15 04:00:00,378.36,383.86,371.83,380.91,60781.427
2025-08-15 08:00:00,380.9,382.94,374.54,375.56,37507.416
2025-08-15 12:00:00,375.53,383.18,360.03,363.81,127654.692
2025-08-15 16:00:00,363.79,367.91,360.17,363.07,69559.517
2025-08-15 20:00:00,363.08,377.28,361.44,370.15,63944.008
2025-08-16 00:00:00,370.15,376.2,368.07,371.07,33391.159
2025-08-16 04:00:00,371.04,372.52,368.28,370.84,24114.854
2025-08-16 08:00:00,370.84,371.21,364.5,364.81,27137.377
2025-08-16 12:00:00,364.82,372.78,363.62,371.44,33205.483
2025-08-16 16:00:00,371.44,373.75,369.26,371.58,18961.202
2025-08-16 20:00:00,371.57,374.07,370.57,373.81,13790.876
2025-08-17 00:00:00,373.81,375.5,370.86,374.0,18785.817
2025-08-17 04:00:00,373.99,377.56,372.2,373.12,26601.473
2025-08-17 08:00:00,373.13,383.12,372.13,382.88,50872.968
2025-08-17 12:00:00,382.9,385.26,377.34,384.7,40505.79
2025-08-17 16:00:00,384.69,385.95,371.5,373.2,52777.771
2025-08-17 20:00:00,373.19,378.3,371.93,373.06,30396.336
2025-08-18 00:00:00,373.05,373.36,354.5,358.83,94550.213
2025-08-18 04:00:00,358.83,363.11,353.19,355.51,63123.06
2025-08-18 08:00:00,355.5,357.49,351.64,352.35,53043.983
2025-08-18 12:00:00,352.37,358.11,347.8,355.21,102510.895
2025-08-18 16:00:00,355.21,359.12,351.94,356.61,42326.784
2025-08-18 20:00:00,356.58,360.1,353.4,354.78,29844.537
2025-08-19 00:00:00,354.79,359.7,346.84,348.8,51579.128
2025-08-19 04:00:00,348.8,353.55,346.72,351.26,34832.614
2025-08-19 08:00:00,351.27,356.27,348.49,356.12,39819.773
2025-08-19 12:00:00,356.13,356.85,345.05,347.66,74762.869
2025-08-19 16:00:00,347.65,349.21,340.98,342.7,68311.723
2025-08-19 20:00:00,342.71,347.93,340.62,342.01,41099.542
2025-08-20 00:00:00,342.03,347.92,340.0,345.83,33980.967
2025-08-20 04:00:00,345.84,350.0,345.77,347.65,23351.832
2025-08-20 08:00:00,347.66,351.45,341.7,345.71,43750.95
2025-08-20 12:00:00,345.71,350.23,337.16,346.41,91941.722
2025-08-20 16:00:00,346.44,354.71,345.54,354.46,58472.169
2025-08-20 20:00:00,354.45,355.08,351.43,353.26,27157.3
2025-08-21 00:00:00,353.26,355.55,346.07,346.22,31918.627
2025-08-21 04:00:00,346.22,349.38,343.71,346.44,48617.955
2025-08-21 08:00:00,346.46,346.79,340.48,341.67,30779.754
2025-08-21 12:00:00,341.66,345.06,336.75,337.14,55755.318
2025-08-21 16:00:00,337.15,340.32,334.53,337.19,34228.925
2025-08-21 20:00:00,337.19,340.76,335.31,336.56,24282.256
2025-08-22 00:00:00,336.56,343.89,336.44,338.61,33019.903
2025-08-22 04:00:00,338.61,342.91,337.38,341.84,27620.299
2025-08-22 08:00:00,341.83,343.04,333.44,333.94,47911.688
2025-08-22 12:00:00,333.96,360.36,329.09,355.53,191301.437
2025-08-22 16:00:00,355.54,372.0,355.54,369.99,83282.047
2025-08-22 20:00:00,370.02,373.98,368.9,371.31,41908.766
2025-08-23 00:00:00,371.3,371.73,356.06,357.44,54679.336
2025-08-23 04:00:00,357.43,369.26,357.15,361.5,57599.551
2025-08-23 08:00:00,361.54,362.7,359.07,361.34,30033.363
2025-08-23 12:00:00,361.34,363.76,359.72,361.17,38932.1
2025-08-23 16:00:00,361.17,364.04,359.89,363.78,20464.388
2025-08-23 20:00:00,363.78,365.83,361.74,364.64,13720.707
2025-08-24 00:00:00,364.64,366.22,360.13,362.52,24787.014
2025-08-24 04:00:00,362.59,363.22,355.54,355.9,29640.291
2025-08-24 08:00:00,355.91,357.38,349.8,351.87,35031.915
2025-08-24 12:00:00,351.88,358.07,351.26,356.04,29375.376
2025-08-24 16:00:00,356.06,377.94,353.99,364.29,162890.982
2025-08-24 20:00:00,364.27,366.16,355.91,361.04,70442.456
2025-08-25 00:00:00,361.03,363.45,351.07,357.08,51630.092
2025-08-25 04:00:00,357.07,357.59,340.49,342.62,67073.639
2025-08-25 08:00:00,342.62,344.87,336.87,341.78,52181.017
2025-08-25 12:00:00,341.77,344.12,337.28,339.73,57002.98
2025-08-25 16:00:00,339.74,343.07,326.45,326.66,94464.795
2025-08-25 20:00:00,326.68,328.08,316.19,320.29,138373.877
2025-08-26 00:00:00,320.3,326.84,317.78,321.84,52872.988
2025-08-26 04:00:00,321.88,355.0,319.87,326.94,139443.011
2025-08-26 08:00:00,326.92,328.83,322.74,324.06,46240.978
2025-08-26 12:00:00,324.07,331.9,321.4,327.09,73646.462
2025-08-26 16:00:00,327.09,337.51,325.22,337.22,41527.378
2025-08-26 20:00:00,337.22,338.46,332.25,334.7,41555.328
2025-08-27 00:00:00,334.69,338.8,331.5,336.71,35082.798
2025-08-27 04:00:00,336.7,340.64,334.15,335.44,32802.863
2025-08-27 08:00:00,335.45,339.32,334.15,336.17,29677.646
2025-08-27 12:00:00,336.14,339.25,331.76,336.72,54916.873
2025-08-27 16:00:00,336.72,341.72,332.08,334.52,54128.975
2025-08-27 20:00:00,334.55,338.1,328.35,330.68,80518.296
2025-08-28 00:00:00,330.64,333.88,327.77,333.48,31520.913
2025-08-28 04:00:00,333.48,338.24,332.37,335.72,28089.374
2025-08-28 08:00:00,335.71,338.5,332.73,335.48,21829.085
2025-08-28 12:00:00,335.47,337.8,332.41,333.23,47734.506
2025-08-28 16:00:00,333.23,334.91,325.06,325.18,45663.18
2025-08-28 20:00:00,325.19,336.88,324.63,335.74,30595.409
2025-08-29 00:00:00,335.73,338.0,330.21,333.69,32508.372
2025-08-29 04:00:00,333.68,334.68,320.67,322.1,48879.984
2025-08-29 08:00:00,322.06,323.5,315.65,320.61,44077.73
2025-08-29 12:00:00,320.61,329.4,315.02,317.19,80162.928
2025-08-29 16:00:00,317.21,319.46,314.13,317.28,42867.015
2025-08-29 20:00:00,317.28,320.66,315.16,319.37,28219.344
2025-08-30 00:00:00,319.38,323.62,314.28,322.72,32208.065
2025-08-30 04:00:00,322.73,324.68,321.58,324.14,19010.047
2025-08-30 08:00:00,324.13,324.93,322.4,324.47,14419.635
2025-08-30 12:00:00,324.47,324.96,319.56,323.72,38024.496
2025-08-30 16:00:00,323.66,323.91,320.12,321.66,16020.584
2025-08-30 20:00:00,321.67,323.53,320.1,322.86,18782.115
2025-08-31 00:00:00,322.86,327.35,322.18,326.96,33071.854
2025-08-31 04:00:00,326.96,327.1,323.42,324.68,14167.329
2025-08-31 08:00:00,324.68,329.0,321.17,324.31,60216.261
2025-08-31 12:00:00,324.31,324.56,321.05,323.65,24599.012
2025-08-31 16:00:00,323.64,325.09,322.07,322.42,21058.791
2025-08-31 20:00:00,322.42,323.43,315.28,315.38,30440.821
2025-09-01 00:00:00,315.38,316.57,309.65,311.24,56814.516
2025-09-01 04:00:00,311.24,318.04,307.7,318.02,48042.895
2025-09-01 08:00:00,318.01,320.0,310.74,311.69,63357.264
2025-09-01 12:00:00,311.7,314.28,309.22,310.08,41969.394
2025-09-01 16:00:00,310.07,312.03,307.19,311.86,34020.114
2025-09-01 20:00:00,311.88,312.12,301.5,309.98,77696.965
2025-09-02 00:00:00,309.98,316.76,309.44,316.31,39139.821
2025-09-02 04:00:00,316.31,317.67,314.85,315.37,22774.936
2025-09-02 08:00:00,315.32,318.32,313.45,314.11,28148.168
2025-09-02 12:00:00,314.11,319.46,309.22,313.26,73446.009
2025-09-02 16:00:00,313.25,317.04,312.69,314.37,34331.529
2025-09-02 20:00:00,314.36,323.97,313.85,321.09,47191.595
2025-09-03 00:00:00,321.1,324.75,318.38,323.61,33247.714
2025-09-03 04:00:00,323.6,324.09,319.37,321.48,25636.474
2025-09-03 08:00:00,321.49,324.68,319.97,323.09,26942.072
2025-09-03 12:00:00,323.09,326.0,321.02,325.84,47157.127
2025-09-03 16:00:00,325.84,328.72,324.56,326.82,37472.575
2025-09-03 20:00:00,326.81,327.73,323.01,324.52,24710.081
2025-09-04 00:00:00,324.54,326.27,320.1,320.43,25876.742
2025-09-04 04:00:00,320.44,322.08,316.38,318.98,31767.467
2025-09-04 08:00:00,318.98,321.25,318.38,318.73,23546.668
2025-09-04 12:00:00,318.73,320.09,312.36,313.26,46021.874
2025-09-04 16:00:00,313.24,314.68,310.63,311.64,23656.058
2025-09-04 20:00:00,311.62,318.24,311.12,314.29,23456.681
2025-09-05 00:00:00,314.27,317.22,314.06,316.53,19987.705
2025-09-05 04:00:00,316.56,321.88,315.09,321.59,25803.287
2025-09-05 08:00:00,321.58,322.22,318.56,321.66,33376.223
2025-09-05 12:00:00,321.66,327.11,314.18,318.09,98143.885
2025-09-05 16:00:00,318.12,321.08,316.72,320.5,21724.501
2025-09-05 20:00:00,320.49,321.42,317.5,318.06,21654.845
2025-09-06 00:00:00,318.04,320.75,317.8,319.99,12465.86
2025-09-06 04:00:00,319.99,320.04,316.25,316.98,15577.953
2025-09-06 08:00:00,316.97,317.28,314.37,316.3,17469.413
2025-09-06 12:00:00,316.3,317.55,314.37,314.71,16333.809
2025-09-06 16:00:00,314.7,317.04,313.93,314.32,18511.648
2025-09-06 20:00:00,314.34,318.51,314.23,316.85,16643.867
2025-09-07 00:00:00,316.86,321.18,316.65,320.65,19542.524
2025-09-07 04:00:00,320.66,323.62,320.58,321.25,21050.295
2025-09-07 08:00:00,321.25,324.99,321.19,324.86,20402.69
2025-09-07 12:00:00,324.85,328.34,323.4,326.76,48414.014
2025-09-07 16:00:00,326.77,327.63,322.8,324.17,34581.861
2025-09-07 20:00:00,324.17,328.3,321.71,326.45,29279.361
2025-09-08 00:00:00,326.44,335.9,325.0,331.37,68522.482
2025-09-08 04:00:00,331.36,334.83,329.99,333.48,44115.518
2025-09-08 08:00:00,333.48,343.22,333.32,338.03,74570.697
2025-09-08 12:00:00,338.04,348.14,335.09,346.67,98076.268
2025-09-08 16:00:00,346.64,347.33,340.2,341.08,44245.656
2025-09-08 20:00:00,341.09,344.7,337.58,344.09,37399.042
2025-09-09 00:00:00,344.13,348.0,336.91,342.66,65940.967
2025-09-09 04:00:00,342.67,349.39,340.58,346.59,70352.164
2025-09-09 08:00:00,346.59,348.83,344.16,344.88,49920.124
2025-09-09 12:00:00,344.9,348.85,332.53,334.8,113447.683
2025-09-09 16:00:00,334.81,337.92,333.56,335.65,38270.819
2025-09-09 20:00:00,335.62,337.16,332.03,335.44,32128.802
2025-09-10 00:00:00,335.44,340.09,332.77,338.9,41214.235
2025-09-10 04:00:00,338.9,340.99,336.32,339.89,27919.116
2025-09-10 08:00:00,339.89,340.62,328.24,334.81,66084.093
2025-09-10 12:00:00,334.81,346.73,334.23,343.96,117454.226
2025-09-10 16:00:00,343.97,345.17,335.66,337.81,44338.099
2025-09-10 20:00:00,337.81,348.57,337.52,348.56,35422.772
2025-09-11 00:00:00,348.56,354.83,348.41,353.06,56015.238
2025-09-11 04:00:00,353.06,359.25,350.02,358.99,58607.398
2025-09-11 08:00:00,359.0,361.31,355.13,355.72,57161.661
2025-09-11 12:00:00,355.72,365.22,349.2,352.25,137770.432
2025-09-11 16:00:00,352.31,359.11,352.07,358.44,48821.602
2025-09-11 20:00:00,358.46,359.18,355.3,357.69,32878.216
2025-09-12 00:00:00,357.71,362.78,354.07,355.32,41716.244
2025-09-12 04:00:00,355.32,358.54,351.46,353.19,42823.65
2025-09-12 08:00:00,353.18,353.8,345.78,346.62,49938.239
2025-09-12 12:00:00,346.63,353.02,345.12,351.16,63833.479
2025-09-12 16:00:00,351.14,358.59,350.44,357.42,52986.406
2025-09-12 20:00:00,357.43,362.47,354.81,361.98,48704.731
2025-09-13 00:00:00,361.99,363.08,357.39,360.99,36603.731
2025-09-13 04:00:00,361.02,362.81,358.97,361.68,31632.948
2025-09-13 08:00:00,361.68,368.31,361.06,366.68,40541.221
2025-09-13 12:00:00,366.68,369.79,358.64,361.4,74495.674
2025-09-13 16:00:00,361.4,362.46,353.64,358.05,53225.991
2025-09-13 20:00:00,358.05,361.34,357.05,359.06,23229.096
2025-09-14 00:00:00,359.06,359.94,353.59,355.1,23348.348
2025-09-14 04:00:00,355.1,358.11,350.81,353.42,42079.462
2025-09-14 08:00:00,353.42,354.99,348.42,348.82,40801.279
2025-09-14 12:00:00,348.82,350.68,344.28,346.18,47361.713
2025-09-14 16:00:00,346.19,352.85,345.5,350.73,34701.843
2025-09-14 20:00:00,350.73,354.69,349.33,350.24,31617.905
2025-09-15 00:00:00,350.25,353.29,346.62,352.83,26505.52
2025-09-15 04:00:00,352.83,356.62,346.1,346.74,43827.002
2025-09-15 08:00:00,346.73,346.82,337.48,339.17,80177.246
2025-09-15 12:00:00,339.14,341.22,335.39,337.75,45908.697
2025-09-15 16:00:00,337.72,341.67,335.07,340.45,31554.721
2025-09-15 20:00:00,340.5,343.76,340.23,342.91,20867.567
2025-09-16 00:00:00,342.91,344.26,340.39,340.91,15700.35
2025-09-16 04:00:00,340.92,343.2,337.84,340.87,24759.893
2025-09-16 08:00:00,340.88,344.88,339.37,339.61,36904.196
2025-09-16 12:00:00,339.62,342.26,336.0,341.96,65128.702
2025-09-16 16:00:00,341.97,345.24,340.23,344.2,29095.557
2025-09-16 20:00:00,344.18,347.39,343.8,344.45,19980.917
2025-09-17 00:00:00,344.46,347.13,342.11,342.62,19466.175
2025-09-17 04:00:00,342.64,346.8,340.15,345.75,30749.936
2025-09-17 08:00:00,345.75,345.89,341.56,344.32,19939.86
2025-09-17 12:00:00,344.32,348.26,343.76,344.29,42780.024
2025-09-17 16:00:00,344.26,349.02,339.6,347.37,94619.499
2025-09-17 20:00:00,347.32,360.22,346.1,358.8,57900.007
2025-09-18 00:00:00,358.85,364.51,357.44,363.32,45210.15
2025-09-18 04:00:00,363.33,364.0,355.6,359.07,39522.449
2025-09-18 08:00:00,359.07,367.63,358.36,367.51,87770.915
2025-09-18 12:00:00,367.51,371.17,362.99,369.61,77575.664
2025-09-18 16:00:00,369.58,372.87,366.68,368.77,50736.664
2025-09-18 20:00:00,368.78,370.91,361.35,361.74,41185.774
2025-09-19 00:00:00,361.74,364.32,354.28,354.68,45218.263
2025-09-19 04:00:00,354.68,356.61,350.8,354.06,39182.507
2025-09-19 08:00:00,354.05,357.52,349.7,349.9,41582.212
2025-09-19 12:00:00,349.91,352.92,346.25,348.98,53547.452
2025-09-19 16:00:00,348.98,350.73,345.04,346.25,26930.408
2025-09-19 20:00:00,346.26,349.23,343.0,345.69,21586.78
2025-09-20 00:00:00,345.68,347.05,341.77,344.25,26183.084
2025-09-20 04:00:00,344.24,347.0,343.16,346.93,20030.44
2025-09-20 08:00:00,346.9,346.9,340.88,342.72,21860.86
2025-09-20 12:00:00,342.72,347.2,340.82,346.98,22753.801
2025-09-20 16:00:00,346.98,348.29,343.87,344.76,24486.821
2025-09-20 20:00:00,344.77,347.98,344.37,345.5,12076.688
2025-09-21 00:00:00,345.5,346.98,343.18,345.85,13148.47
2025-09-21 04:00:00,345.85,348.64,344.97,346.1,14145.398
2025-09-21 08:00:00,346.12,346.72,340.01,342.0,22585.009
2025-09-21 12:00:00,342.04,344.55,341.24,341.54,19313.52
2025-09-21 16:00:00,341.53,342.48,337.76,340.24,31535.844
2025-09-21 20:00:00,340.22,340.22,333.28,333.86,33728.305
2025-09-22 00:00:00,333.87,334.15,320.68,323.38,84959.897
2025-09-22 04:00:00,323.38,324.15,295.55,308.34,134004.298
2025-09-22 08:00:00,308.34,311.55,305.54,311.34,61109.561
2025-09-22 12:00:00,311.34,317.52,310.04,313.56,56324.998
2025-09-22 16:00:00,313.57,316.03,311.05,311.57,35898.501
2025-09-22 20:00:00,311.57,318.76,310.69,318.21,23628.989
2025-09-23 00:00:00,318.21,318.73,311.23,315.55,34979.971
2025-09-23 04:00:00,315.56,319.92,313.02,318.27,37278.368
2025-09-23 08:00:00,318.28,320.01,315.02,315.04,25015.942
2025-09-23 12:00:00,315.03,318.54,310.49,314.27,44517.586
2025-09-23 16:00:00,314.26,316.86,307.3,308.18,55135.05
2025-09-23 20:00:00,308.16,311.32,306.45,308.38,35200.616
2025-09-24 00:00:00,308.37,314.92,307.31,307.69,39008.754
2025-09-24 04:00:00,307.69,312.74,304.24,311.91,47104.51
2025-09-24 08:00:00,311.92,312.33,308.56,311.85,30725.394
2025-09-24 12:00:00,311.84,316.64,310.19,312.7,35669.442
2025-09-24 16:00:00,312.7,315.54,311.83,313.35,23087.604
2025-09-24 20:00:00,313.33,314.06,308.93,311.31,21637.479
2025-09-25 00:00:00,311.33,312.46,304.72,307.49,38451.512
2025-09-25 04:00:00,307.49,308.57,298.72,300.87,71769.521
2025-09-25 08:00:00,300.86,304.37,297.13,298.32,39645.597
2025-09-25 12:00:00,298.31,306.0,291.61,302.82,92754.52
2025-09-25 16:00:00,302.8,303.17,289.44,299.42,85308.67
2025-09-25 20:00:00,299.43,302.46,294.83,297.87,46173.115
2025-09-26 00:00:00,297.87,306.05,297.56,305.71,42930.804
2025-09-26 04:00:00,305.71,306.42,298.08,299.77,44593.778
2025-09-26 08:00:00,299.75,300.33,292.06,295.77,49945.1
2025-09-26 12:00:00,295.77,298.89,290.94,297.17,75165.996
2025-09-26 16:00:00,297.16,305.62,297.01,299.14,54210.721
2025-09-26 20:00:00,299.14,301.59,297.56,301.01,23096.254
2025-09-27 00:00:00,301.0,301.52,298.97,299.69,19158.314
2025-09-27 04:00:00,299.7,301.72,299.0,299.96,14196.002
2025-09-27 08:00:00,299.96,300.61,296.13,299.78,20414.754
2025-09-27 12:00:00,299.78,301.76,298.79,300.53,23065.984
2025-09-27 16:00:00,300.53,300.76,295.41,297.27,29683.278
2025-09-27 20:00:00,297.27,300.96,297.02,298.63,18231.242
2025-09-28 00:00:00,298.64,299.42,295.54,296.42,27155.941
2025-09-28 04:00:00,296.43,297.28,294.39,296.7,13938.296
2025-09-28 08:00:00,296.7,297.35,292.73,293.92,20810.634
2025-09-28 12:00:00,293.93,296.54,290.65,296.05,34101.018
2025-09-28 16:00:00,296.04,300.01,295.68,299.49,22002.271
2025-09-28 20:00:00,299.49,307.5,299.2,307.25,43009.976
2025-09-29 00:00:00,307.25,307.36,303.84,305.68,23022.592
2025-09-29 04:00:00,305.7,306.16,302.52,303.98,26139.535
2025-09-29 08:00:00,304.0,305.49,298.3,301.32,40891.564
2025-09-29 12:00:00,301.34,309.98,298.56,305.36,63107.131
2025-09-29 16:00:00,305.38,310.01,303.01,309.54,32447.716
2025-09-29 20:00:00,309.55,312.72,309.19,310.25,34121.628
2025-09-30 00:00:00,310.24,312.72,307.52,308.2,27070.016
2025-09-30 04:00:00,308.22,310.92,304.88,306.64,35129.821
2025-09-30 08:00:00,306.64,307.1,302.14,302.81,30563.133
2025-09-30 12:00:00,302.8,305.74,295.66,298.11,41125.793
2025-09-30 16:00:00,298.07,305.3,295.09,305.11,33518.149
2025-09-30 20:00:00,305.1,306.86,300.4,302.82,26851.466
2025-10-01 00:00:00,302.81,304.8,300.39,301.42,26079.208
2025-10-01 04:00:00,301.43,305.0,300.45,301.85,33195.652
2025-10-01 08:00:00,301.85,315.74,301.69,313.25,60423.196
2025-10-01 12:00:00,313.25,318.52,310.58,318.4,42287.201
2025-10-01 16:00:00,318.45,320.67,315.04,319.28,36253.526
2025-10-01 20:00:00,319.27,319.86,315.5,319.5,21580.867
2025-10-02 00:00:00,319.48,322.48,317.68,320.84,32084.388
2025-10-02 04:00:00,320.83,322.87,318.16,318.35,26517.848
2025-10-02 08:00:00,318.36,319.72,317.33,317.63,23678.136
2025-10-02 12:00:00,317.64,319.39,312.24,318.77,46844.126
2025-10-02 16:00:00,318.81,327.6,318.03,325.82,42348.899
2025-10-02 20:00:00,325.83,326.76,322.67,325.52,25182.305
2025-10-03 00:00:00,325.52,327.74,321.19,326.0,26886.496
2025-10-03 04:00:00,325.98,328.94,323.17,325.69,29096.777
2025-10-03 08:00:00,325.66,325.78,321.63,322.83,26758.544
2025-10-03 12:00:00,322.83,328.05,318.9,327.77,41926.007
2025-10-03 16:00:00,327.76,330.66,320.32,325.93,55380.966
2025-10-03 20:00:00,325.91,325.97,321.16,321.24,17170.553
2025-10-04 00:00:00,321.26,321.49,317.52,319.28,23747.64
2025-10-04 04:00:00,319.29,321.92,318.47,319.25,17361.731
2025-10-04 08:00:00,319.25,320.2,315.64,316.68,33917.075
2025-10-04 12:00:00,316.68,320.84,314.32,315.45,32579.518
2025-10-04 16:00:00,315.45,318.52,314.67,316.08,23931.281
2025-10-04 20:00:00,316.08,320.08,316.06,319.29,17727.57
2025-10-05 00:00:00,319.32,323.61,316.11,320.88,30736.869
2025-10-05 04:00:00,320.91,327.22,320.73,327.12,29581.217
2025-10-05 08:00:00,327.13,328.13,319.5,322.38,44504.663
2025-10-05 12:00:00,322.37,323.76,319.01,322.28,23646.395
2025-10-05 16:00:00,322.24,323.9,312.09,312.96,51136.094
2025-10-05 20:00:00,312.95,316.81,311.57,315.2,22383.826
2025-10-06 00:00:00,315.21,318.78,312.75,317.0,27364.113
2025-10-06 04:00:00,317.0,321.98,315.6,320.05,23339.242
2025-10-06 08:00:00,320.05,325.34,319.63,325.1,27821.337
2025-10-06 12:00:00,325.11,340.75,324.94,339.97,104773.514
2025-10-06 16:00:00,339.96,354.91,338.51,351.91,107926.441
2025-10-06 20:00:00,351.95,353.38,344.7,344.88,39511.327
2025-10-07 00:00:00,344.78,346.16,340.43,345.21,32867.94
2025-10-07 04:00:00,345.21,353.43,342.51,348.18,53121.866
2025-10-07 08:00:00,348.17,349.33,341.31,345.67,46911.188
2025-10-07 12:00:00,345.66,351.25,332.53,335.07,102724.681
2025-10-07 16:00:00,335.07,340.24,330.64,331.71,61195.609
2025-10-07 20:00:00,331.74,339.13,329.58,331.01,41569.19
2025-10-08 00:00:00,331.01,332.78,325.08,326.09,41205.166
2025-10-08 04:00:00,326.09,332.66,323.53,330.56,43197.83
2025-10-08 08:00:00,330.57,336.07,329.18,334.43,42196.824
2025-10-08 12:00:00,334.43,339.3,327.96,337.69,57683.324
2025-10-08 16:00:00,337.69,345.03,336.43,338.28,67230.245
2025-10-08 20:00:00,338.28,339.35,335.22,338.31,22105.678
2025-10-09 00:00:00,338.31,339.36,328.72,333.6,35868.676
2025-10-09 04:00:00,333.61,334.2,325.74,326.6,30024.474
2025-10-09 08:00:00,326.6,327.63,321.2,326.23,48851.132
2025-10-09 12:00:00,326.24,330.9,321.12,323.84,54746.884
2025-10-09 16:00:00,323.82,336.15,322.47,334.96,65863.649
2025-10-09 20:00:00,334.98,347.2,334.95,346.93,63009.76
2025-10-10 00:00:00,346.93,350.62,340.0,344.92,70724.265
2025-10-10 04:00:00,344.92,360.89,344.52,356.06,103448.987
2025-10-10 08:00:00,355.97,387.73,355.97,383.96,201201.002
2025-10-10 12:00:00,383.94,398.01,364.15,374.32,374954.294
2025-10-10 16:00:00,374.33,379.58,364.37,368.64,194458.745
2025-10-10 20:00:00,368.66,371.87,130.54,290.25,849534.18
2025-10-11 00:00:00,290.26,300.88,274.31,291.75,235238.809
2025-10-11 04:00:00,291.75,320.1,291.1,319.13,166623.197
2025-10-11 08:00:00,319.09,330.66,315.12,318.65,143877.57
2025-10-11 12:00:00,318.62,318.62,302.67,307.72,143219.395
2025-10-11 16:00:00,307.69,312.53,290.0,293.38,104058.596
2025-10-11 20:00:00,293.36,299.59,283.65,297.17,91908.416
2025-10-12 00:00:00,297.19,299.69,286.51,297.54,83275.268
2025-10-12 04:00:00,297.55,315.24,296.83,314.13,82812.084
2025-10-12 08:00:00,314.12,320.77,310.7,312.52,106281.409
2025-10-12 12:00:00,312.51,374.44,310.62,367.2,272152.02
2025-10-12 16:00:00,367.13,392.08,354.2,391.27,285147.529
2025-10-12 20:00:00,391.26,397.78,375.33,383.15,132785.234
2025-10-13 00:00:00,383.12,415.85,376.53,409.54,179916.374
2025-10-13 04:00:00,409.54,423.63,397.35,419.99,167587.968
2025-10-13 08:00:00,419.98,429.0,389.05,402.62,231829.221
2025-10-13 12:00:00,402.63,421.63,399.37,418.95,241124.79
2025-10-13 16:00:00,418.94,434.96,409.82,433.45,158554.157
2025-10-13 20:00:00,433.46,450.94,428.21,447.22,143136.821
2025-10-14 00:00:00,447.23,449.27,419.21,428.86,137722.768
2025-10-14 04:00:00,428.88,429.69,380.88,401.97,309914.67
2025-10-14 08:00:00,401.96,455.52,399.67,448.56,376740.808
2025-10-14 12:00:00,448.57,475.78,407.58,471.96,546245.68
2025-10-14 16:00:00,472.01,478.56,440.99,459.07,373773.563
2025-10-14 20:00:00,459.17,463.97,446.41,460.35,223065.782
2025-10-15 00:00:00,460.41,460.98,438.41,443.55,131021.975
2025-10-15 04:00:00,443.55,467.63,440.75,459.19,130853.276
2025-10-15 08:00:00,459.19,462.61,434.58,442.7,183105.982
2025-10-15 12:00:00,442.69,447.83,415.3,417.3,213612.869
2025-10-15 16:00:00,417.37,429.75,413.35,414.86,145077.289
2025-10-15 20:00:00,414.78,420.24,405.96,411.38,125125.287
2025-10-16 00:00:00,411.42,412.99,395.02,398.19,127039.67
2025-10-16 04:00:00,398.17,406.52,385.0,391.19,142811.935
2025-10-16 08:00:00,391.18,408.7,372.0,404.13,221931.949
2025-10-16 12:00:00,404.12,416.38,393.28,393.83,230607.571
2025-10-16 16:00:00,393.83,412.57,380.51,388.82,237418.06
2025-10-16 20:00:00,388.84,391.2,373.33,378.63,111619.311
2025-10-17 00:00:00,378.66,384.9,371.09,376.46,98217.585
2025-10-17 04:00:00,376.46,379.12,345.83,346.95,222340.443
2025-10-17 08:00:00,346.96,376.06,341.76,372.61,342408.668
2025-10-17 12:00:00,372.64,376.79,358.19,374.93,199635.443
2025-10-17 16:00:00,374.97,378.42,364.61,369.03,111373.42
2025-10-17 20:00:00,369.08,387.09,366.03,382.35,90880.926
2025-10-18 00:00:00,382.35,412.16,379.06,398.35,167011.861
2025-10-18 04:00:00,398.35,407.37,389.59,395.75,123563.939
2025-10-18 08:00:00,395.75,401.51,392.47,398.66,92750.984
2025-10-18 12:00:00,398.63,398.78,384.22,390.7,114249.524
2025-10-18 16:00:00,390.75,401.01,383.09,393.42,90978.171
2025-10-18 20:00:00,393.41,402.3,391.26,399.46,62073.125
2025-10-19 00:00:00,399.46,411.0,396.1,408.39,103351.627
2025-10-19 04:00:00,408.39,413.42,396.89,404.26,103067.283
2025-10-19 08:00:00,404.26,444.99,394.41,440.4,314132.348
2025-10-19 12:00:00,440.39,459.55,435.05,453.89,276563.716
2025-10-19 16:00:00,453.93,457.06,435.23,436.71,168447.705
2025-10-19 20:00:00,436.67,445.48,435.79,438.76,78311.834
2025-10-20 00:00:00,438.58,439.42,426.02,434.51,134826.275
2025-10-20 04:00:00,434.51,456.12,434.03,441.26,183325.233
2025-10-20 08:00:00,441.26,444.31,431.5,437.67,111588.738
2025-10-20 12:00:00,437.67,447.33,431.58,434.73,155138.57
2025-10-20 16:00:00,434.73,434.78,417.81,422.09,167347.785
2025-10-20 20:00:00,422.1,427.49,420.01,422.6,54295.502
2025-10-21 00:00:00,422.6,427.81,411.0,415.52,119745.557
2025-10-21 04:00:00,415.52,416.12,402.65,412.76,141490.734
2025-10-21 08:00:00,412.76,412.92,398.56,403.17,107112.892
2025-10-21 12:00:00,403.17,423.95,395.73,421.96,235579.235
2025-10-21 16:00:00,421.97,433.97,402.47,404.77,237790.371
2025-10-21 20:00:00,404.77,405.73,380.0,381.92,157372.1
2025-10-22 00:00:00,381.91,390.21,376.8,389.65,106589.634
2025-10-22 04:00:00,389.66,399.93,381.17,398.37,134731.038
2025-10-22 08:00:00,398.37,398.57,380.38,390.14,143088.336
2025-10-22 12:00:00,390.15,399.0,387.14,394.29,126672.746
2025-10-22 16:00:00,394.3,396.82,383.66,388.28,86792.443
2025-10-22 20:00:00,388.28,389.02,365.9,380.31,158619.015
2025-10-23 00:00:00,380.32,383.21,374.0,381.63,63776.668
2025-10-23 04:00:00,381.64,397.2,380.67,387.45,109216.807
2025-10-23 08:00:00,387.45,390.99,370.18,375.7,134343.955
2025-10-23 12:00:00,375.69,395.25,372.04,389.86,140391.988
2025-10-23 16:00:00,389.87,393.76,382.91,385.9,82105.191
2025-10-23 20:00:00,385.88,387.2,379.2,385.99,45727.626
2025-10-24 00:00:00,385.99,392.18,384.0,389.15,55739.281
2025-10-24 04:00:00,389.15,397.92,388.25,395.43,67197.983
2025-10-24 08:00:00,395.43,402.23,383.95,388.8,98340.111
2025-10-24 12:00:00,388.79,399.84,379.58,381.03,136107.147
2025-10-24 16:00:00,381.03,391.79,376.97,388.42,63004.601
2025-10-24 20:00:00,388.49,391.46,384.34,385.05,32478.088
2025-10-25 00:00:00,385.06,385.12,378.5,379.34,43778.017
2025-10-25 04:00:00,379.34,387.14,379.33,383.99,37806.228
2025-10-25 08:00:00,383.98,391.29,383.52,386.57,55392.179
2025-10-25 12:00:00,386.56,391.74,386.24,386.68,45991.64
2025-10-25 16:00:00,386.68,391.93,384.25,390.21,42070.879
2025-10-25 20:00:00,390.22,398.88,387.19,396.2,45445.391
2025-10-26 00:00:00,396.21,406.09,388.56,389.22,84640.245
2025-10-26 04:00:00,389.22,395.97,388.62,392.89,42254.483
2025-10-26 08:00:00,392.89,419.73,391.05,419.34,134739.327
2025-10-26 12:00:00,419.4,424.0,405.7,411.99,193687.507
2025-10-26 16:00:00,411.98,412.7,402.14,404.63,83685.521
2025-10-26 20:00:00,404.63,412.1,396.52,404.41,111927.365
2025-10-27 00:00:00,404.42,417.22,399.65,409.71,142758.408
2025-10-27 04:00:00,409.72,420.0,402.97,406.32,130661.479
2025-10-27 08:00:00,406.31,409.98,397.86,402.11,103790.781
2025-10-27 12:00:00,402.14,417.37,399.32,414.13,185566.398
2025-10-27 16:00:00,414.13,423.4,407.71,408.33,143835.288
2025-10-27 20:00:00,408.33,416.61,403.02,414.95,84542.591
2025-10-28 00:00:00,414.95,422.76,404.28,420.17,178200.379
2025-10-28 04:00:00,420.17,427.73,408.36,422.53,193944.888
2025-10-28 08:00:00,422.52,449.59,420.68,443.71,310779.372
2025-10-28 12:00:00,443.74,460.1,434.0,447.0,357422.398
2025-10-28 16:00:00,447.0,452.34,432.0,434.31,183598.124
2025-10-28 20:00:00,434.3,436.76,422.0,432.03,185137.163
2025-10-29 00:00:00,432.0,434.98,422.54,424.43,96318.34
2025-10-29 04:00:00,424.43,438.56,423.5,429.34,108560.615
2025-10-29 08:00:00,429.35,429.56,415.26,427.95,162963.469
2025-10-29 12:00:00,427.95,430.97,421.43,425.17,139120.254
2025-10-29 16:00:00,425.18,436.76,408.0,433.47,342045.519
2025-10-29 20:00:00,433.48,450.63,427.36,440.97,158303.239
2025-10-30 00:00:00,440.97,455.45,435.46,447.92,132177.401
2025-10-30 04:00:00,447.92,453.75,431.27,448.83,172091.31
2025-10-30 08:00:00,448.82,450.6,425.01,425.47,154681.035
2025-10-30 12:00:00,425.48,429.28,406.09,411.8,221474.158
2025-10-30 16:00:00,411.77,415.43,388.89,389.91,226074.162
2025-10-30 20:00:00,389.9,415.83,388.66,414.16,141849.537
2025-10-31 00:00:00,414.17,425.79,413.5,424.12,122024.413
2025-10-31 04:00:00,424.13,441.54,422.83,434.7,153140.655
2025-10-31 08:00:00,434.7,442.99,430.5,436.16,108959.931
2025-10-31 12:00:00,436.16,493.74,435.01,485.43,608020.621
2025-10-31 16:00:00,485.44,496.21,473.14,486.17,347171.996
2025-10-31 20:00:00,486.19,491.5,473.59,481.49,150407.451
2025-11-01 00:00:00,481.49,519.95,480.6,516.29,332785.746
2025-11-01 04:00:00,516.29,539.2,513.69,526.31,306655.935
2025-11-01 08:00:00,526.22,537.4,517.93,530.71,193710.878
2025-11-01 12:00:00,530.72,532.12,486.12,501.04,367055.713
2025-11-01 16:00:00,501.03,508.44,493.24,506.15,144156.804
2025-11-01 20:00:00,506.15,509.42,495.27,497.29,71256.407
2025-11-02 00:00:00,497.28,506.91,488.3,490.43,139956.577
2025-11-02 04:00:00,490.43,515.92,481.45,515.4,181622.282
2025-11-02 08:00:00,515.43,516.35,495.99,505.32,146908.233
2025-11-02 12:00:00,505.32,507.08,485.94,486.9,164933.749
2025-11-02 16:00:00,486.92,489.61,461.84,479.74,227548.268
2025-11-02 20:00:00,479.74,492.37,477.1,488.31,91728.347
2025-11-03 00:00:00,488.31,495.13,463.23,464.05,175294.338
2025-11-03 04:00:00,464.05,477.84,460.0,467.83,143024.231
2025-11-03 08:00:00,467.84,477.81,456.3,477.39,159527.581
2025-11-03 12:00:00,477.44,484.0,439.53,464.91,310023.712
2025-11-03 16:00:00,464.93,503.63,455.21,478.45,323606.656
2025-11-03 20:00:00,478.45,480.52,460.26,466.31,132735.321
2025-11-04 00:00:00,466.3,469.31,443.03,445.23,161094.587
2025-11-04 04:00:00,445.23,446.1,424.55,427.89,292663.775
2025-11-04 08:00:00,427.89,436.73,420.75,425.93,177530.586
2025-11-04 12:00:00,425.93,428.18,402.53,408.0,315225.012
2025-11-04 16:00:00,408.0,413.09,388.16,392.07,392396.53
2025-11-04 20:00:00,392.05,410.05,372.16,400.94,421948.955
2025-11-05 00:00:00,400.94,401.69,375.6,393.08,214539.035
2025-11-05 04:00:00,393.07,394.54,378.96,382.74,130625.39
2025-11-05 08:00:00,382.75,384.82,367.3,380.87,172711.27
2025-11-05 12:00:00,380.89,403.71,378.0,403.41,212906.891
2025-11-05 16:00:00,403.42,405.5,390.52,396.86,163972.527
2025-11-05 20:00:00,396.86,400.98,380.58,383.76,126209.411
2025-11-06 00:00:00,383.76,389.45,374.4,387.99,112186.305
2025-11-06 04:00:00,388.0,396.37,380.06,381.49,111657.345
2025-11-06 08:00:00,381.48,384.65,369.02,379.23,125682.603
2025-11-06 12:00:00,379.2,398.5,373.28,390.96,224701.173
2025-11-06 16:00:00,390.97,411.48,385.12,397.04,234658.951
2025-11-06 20:00:00,397.05,399.91,387.06,392.16,117084.027
2025-11-07 00:00:00,392.15,398.63,380.88,393.53,148626.232
2025-11-07 04:00:00,393.52,394.98,381.67,387.72,107356.533
2025-11-07 08:00:00,387.8,388.45,351.63,356.09,256845.11
2025-11-07 12:00:00,356.08,377.92,350.22,373.83,237538.439
2025-11-07 16:00:00,373.83,417.0,366.75,407.91,371720.397
2025-11-07 20:00:00,407.9,413.36,397.9,399.29,142185.601
2025-11-08 00:00:00,399.29,404.86,385.06,386.36,137127.021
2025-11-08 04:00:00,386.36,396.0,377.98,386.91,140156.798
2025-11-08 08:00:00,386.91,388.48,375.85,378.07,93237.041
2025-11-08 12:00:00,378.07,381.33,364.01,365.13,129091.198
2025-11-08 16:00:00,365.13,372.43,360.41,366.04,110161.567
2025-11-08 20:00:00,366.04,371.95,363.2,367.54,54874.592
2025-11-09 00:00:00,367.55,369.49,356.09,361.19,80968.807
2025-11-09 04:00:00,361.19,364.98,358.46,364.07,48758.226
2025-11-09 08:00:00,364.06,364.12,354.15,360.3,93365.686
2025-11-09 12:00:00,360.3,383.51,359.38,377.45,161988.824
2025-11-09 16:00:00,377.45,387.91,371.37,387.37,117019.797
2025-11-09 20:00:00,387.37,391.33,380.08,380.93,84605.274
2025-11-10 00:00:00,380.93,396.16,376.18,391.52,130120.252
2025-11-10 04:00:00,391.52,398.82,388.04,396.89,76923.625
2025-11-10 08:00:00,396.89,397.94,385.18,388.29,82659.041
2025-11-10 12:00:00,388.28,391.54,371.7,374.67,137307.332
2025-11-10 16:00:00,374.66,384.91,366.81,383.22,90867.238
2025-11-10 20:00:00,383.21,389.57,377.16,386.96,73742.567
2025-11-11 00:00:00,386.98,397.44,382.24,395.28,89183.931
2025-11-11 04:00:00,395.28,396.55,373.32,373.83,85233.42
2025-11-11 08:00:00,373.82,380.12,373.01,375.24,67455.683
2025-11-11 12:00:00,375.24,383.37,368.01,376.31,122673.185
2025-11-11 16:00:00,376.31,380.18,366.03,367.82,83659.736
2025-11-11 20:00:00,367.82,369.13,360.51,363.33,71516.686
2025-11-12 00:00:00,363.33,365.84,357.4,362.97,65287.007
2025-11-12 04:00:00,362.96,372.97,360.62,361.28,72007.858
2025-11-12 08:00:00,361.28,378.57,361.08,375.81,97621.928
2025-11-12 12:00:00,375.8,376.9,355.4,358.75,126354.412
2025-11-12 16:00:00,358.77,360.26,343.05,344.64,142465.681
2025-11-12 20:00:00,344.64,352.74,343.35,348.11,59481.427
2025-11-13 00:00:00,348.11,357.84,343.0,353.98,89064.699
2025-11-13 04:00:00,353.99,360.0,349.28,354.16,83419.428
2025-11-13 08:00:00,354.15,355.5,346.38,352.44,64915.497
2025-11-13 12:00:00,352.43,359.35,345.3,347.03,128090.878
2025-11-13 16:00:00,347.03,347.68,329.02,335.65,220942.882
2025-11-13 20:00:00,335.65,343.82,331.18,340.07,93707.233
2025-11-14 00:00:00,340.07,342.54,331.22,336.19,106116.384
2025-11-14 04:00:00,336.17,337.44,322.74,333.57,150444.008
2025-11-14 08:00:00,333.57,333.73,321.14,324.16,99466.871
2025-11-14 12:00:00,324.16,333.76,312.4,330.54,207788.187
2025-11-14 16:00:00,330.55,344.0,328.62,343.87,121989.066
2025-11-14 20:00:00,343.87,343.87,327.73,336.04,115254.205
2025-11-15 00:00:00,336.03,346.62,329.96,342.23,95192.999
2025-11-15 04:00:00,342.24,350.89,341.02,345.58,67753.939
2025-11-15 08:00:00,345.57,345.89,333.45,336.43,80797.534
2025-11-15 12:00:00,336.43,347.79,335.45,339.14,77218.572
2025-11-15 16:00:00,339.13,341.07,334.85,339.68,51690.036
2025-11-15 20:00:00,339.69,340.08,333.59,335.66,44686.67
2025-11-16 00:00:00,335.66,339.87,328.84,339.05,62130.08
2025-11-16 04:00:00,339.05,345.0,337.51,342.49,48674.88
2025-11-16 08:00:00,342.48,346.38,332.74,334.63,64949.062
2025-11-16 12:00:00,334.62,340.04,324.07,324.84,83886.27
2025-11-16 16:00:00,324.83,327.69,312.42,317.28,158381.142
2025-11-16 20:00:00,317.29,323.08,308.78,320.36,86413.076
2025-11-17 00:00:00,320.36,328.88,314.7,328.75,75943.445
2025-11-17 04:00:00,328.76,332.04,323.82,331.2,57340.983
2025-11-17 08:00:00,331.21,332.89,325.42,327.03,48933.484
2025-11-17 12:00:00,327.03,329.13,311.22,319.14,159544.985
2025-11-17 16:00:00,319.15,326.97,307.37,310.74,164057.289
2025-11-17 20:00:00,310.76,316.6,308.21,313.13,95003.352
2025-11-18 00:00:00,313.12,327.3,306.46,324.98,149474.525
2025-11-18 04:00:00,324.98,327.14,312.88,319.86,104701.255
2025-11-18 08:00:00,319.88,324.46,315.71,318.97,72878.498
2025-11-18 12:00:00,318.98,330.06,316.01,327.43,132628.598
2025-11-18 16:00:00,327.43,337.29,326.35,336.48,94539.876
2025-11-18 20:00:00,336.47,337.45,331.45,332.07,47803.659
2025-11-19 00:00:00,332.08,334.58,324.51,326.58,79609.947
2025-11-19 04:00:00,326.56,328.78,316.34,327.64,93783.922
2025-11-19 08:00:00,327.62,327.96,318.18,320.21,62061.612
2025-11-19 12:00:00,320.21,329.84,317.34,318.72,136165.73
2025-11-19 16:00:00,318.71,320.75,304.0,306.89,160039.933
2025-11-19 20:00:00,306.9,330.66,305.53,325.9,134027.457
2025-11-20 00:00:00,325.9,329.62,322.97,327.14,65743.718
2025-11-20 04:00:00,327.14,332.63,325.09,332.33,52137.99
2025-11-20 08:00:00,332.34,332.71,324.36,327.48,56444.382
2025-11-20 12:00:00,327.48,333.25,313.57,313.96,124999.816
2025-11-20 16:00:00,313.96,314.62,297.85,306.23,208641.793
2025-11-20 20:00:00,306.2,315.16,302.77,305.39,85347.427
2025-11-21 00:00:00,305.4,311.63,301.03,302.81,78989.779
2025-11-21 04:00:00,302.8,303.6,268.96,283.78,217030.311
2025-11-21 08:00:00,283.78,288.03,267.08,267.78,215797.393
2025-11-21 12:00:00,267.79,282.9,260.3,273.2,250108.63
2025-11-21 16:00:00,273.2,286.31,270.2,281.94,151298.161
2025-11-21 20:00:00,281.94,284.31,271.14,279.86,112289.26
2025-11-22 00:00:00,279.87,282.21,274.32,275.46,63248.646
2025-11-22 04:00:00,275.47,275.87,265.79,270.9,86704.275
2025-11-22 08:00:00,270.92,272.8,264.95,270.55,84648.608
2025-11-22 12:00:00,270.54,271.56,263.43,267.82,96867.259
2025-11-22 16:00:00,267.83,272.6,267.64,268.36,59854.974
2025-11-22 20:00:00,268.36,275.77,264.59,271.79,65095.809
2025-11-23 00:00:00,271.78,277.75,269.02,277.61,66272.143
2025-11-23 04:00:00,277.61,281.08,273.21,276.43,59507.47
2025-11-23 08:00:00,276.42,286.23,276.34,283.21,74082.901
2025-11-23 12:00:00,283.2,294.24,282.24,293.67,111345.314
2025-11-23 16:00:00,293.67,305.4,293.1,301.15,150755.709
2025-11-23 20:00:00,301.15,304.97,295.21,297.68,87529.655
2025-11-24 00:00:00,297.67,302.61,290.63,297.06,110635.96
2025-11-24 04:00:00,297.08,297.36,281.5,284.47,111711.382
2025-11-24 08:00:00,284.45,286.19,280.1,283.47,82068.997
2025-11-24 12:00:00,283.52,287.09,278.23,285.87,139718.1
2025-11-24 16:00:00,285.87,296.97,285.85,295.06,142247.987
2025-11-24 20:00:00,295.06,302.33,291.0,291.92,110936.093
2025-11-25 00:00:00,291.93,293.25,287.52,289.28,65553.081
2025-11-25 04:00:00,289.27,295.86,288.79,290.34,72865.819
2025-11-25 08:00:00,290.33,293.7,287.93,292.38,83978.493
2025-11-25 12:00:00,292.4,304.7,291.31,302.95,158026.055
2025-11-25 16:00:00,302.94,304.96,294.43,299.58,122257.605
2025-11-25 20:00:00,299.6,313.24,298.45,309.86,128194.521
2025-11-26 00:00:00,309.86,314.47,305.0,305.52,99659.065
2025-11-26 04:00:00,305.53,323.28,305.53,320.16,123590.203
2025-11-26 08:00:00,320.15,320.35,309.16,310.95,94126.071
2025-11-26 12:00:00,310.94,311.19,302.22,303.77,139202.964
2025-11-26 16:00:00,303.77,316.44,303.5,309.76,177509.324
2025-11-26 20:00:00,309.7,312.62,306.96,309.36,60758.197
2025-11-27 00:00:00,309.35,311.56,303.0,304.22,68179.788
2025-11-27 04:00:00,304.22,308.05,303.87,306.56,49428.106
2025-11-27 08:00:00,306.56,310.31,303.82,305.96,56224.675
2025-11-27 12:00:00,305.97,308.17,304.14,307.29,50596.75
2025-11-27 16:00:00,307.28,312.36,306.01,308.35,73031.485
2025-11-27 20:00:00,308.36,310.0,295.39,296.51,94673.279
2025-11-28 00:00:00,296.52,299.22,295.02,298.55,61996.873
2025-11-28 04:00:00,298.56,303.35,297.97,301.06,52854.419
2025-11-28 08:00:00,301.06,310.63,300.84,303.0,81458.236
2025-11-28 12:00:00,303.0,311.38,302.98,308.32,73934.044
2025-11-28 16:00:00,308.33,308.79,296.14,302.11,95081.351
2025-11-28 20:00:00,302.1,302.89,295.73,298.38,37898.045
2025-11-29 00:00:00,298.4,300.44,297.21,299.18,29108.509
2025-11-29 04:00:00,299.18,301.22,296.01,298.56,36630.814
2025-11-29 08:00:00,298.56,299.49,295.71,299.08,25369.082
2025-11-29 12:00:00,299.09,299.39,294.06,297.06,45426.387
2025-11-29 16:00:00,297.07,297.07,292.03,294.62,48117.24
2025-11-29 20:00:00,294.61,297.17,294.11,296.18,25170.537
2025-11-30 00:00:00,296.18,297.24,290.0,294.89,46622.515
2025-11-30 04:00:00,294.9,296.13,292.79,294.01,29406.356
2025-11-30 08:00:00,294.02,296.0,291.34,292.0,33934.931
2025-11-30 12:00:00,292.01,296.45,290.64,293.12,49546.053
2025-11-30 16:00:00,293.11,296.25,292.54,296.06,58395.099
2025-11-30 20:00:00,296.05,299.16,287.24,288.78,65751.189
2025-12-01 00:00:00,288.78,289.63,267.27,268.82,189923.762
2025-12-01 04:00:00,268.81,270.69,265.04,269.15,72941.241
2025-12-01 08:00:00,269.14,273.39,263.01,264.58,74668.014
2025-12-01 12:00:00,264.59,266.96,253.77,260.4,173695.515
2025-12-01 16:00:00,260.38,261.27,255.63,257.87,77470.233
2025-12-01 20:00:00,257.86,268.1,257.78,264.87,69703.756
2025-12-02 00:00:00,264.86,268.76,262.52,264.02,40924.631
2025-12-02 04:00:00,264.01,264.58,260.15,260.93,37741.293
2025-12-02 08:00:00,260.93,261.85,256.83,261.3,58605.141
2025-12-02 12:00:00,261.3,286.26,261.0,285.08,161766.949
2025-12-02 16:00:00,285.09,288.57,279.77,285.49,112607.359
2025-12-02 20:00:00,285.48,285.67,275.43,275.99,83674.727
2025-12-03 00:00:00,275.99,281.07,273.79,279.22,55169.774
2025-12-03 04:00:00,279.22,289.88,278.64,285.42,73452.196
2025-12-03 08:00:00,285.41,288.89,280.97,283.59,64043.699
2025-12-03 12:00:00,283.58,287.77,276.21,281.7,114905.456
2025-12-03 16:00:00,281.7,289.81,278.54,288.63,69343.16
2025-12-03 20:00:00,288.64,298.1,286.86,294.84,82538.874
2025-12-04 00:00:00,294.86,302.09,291.6,300.83,86197.919
2025-12-04 04:00:00,300.84,308.01,297.1,304.36,82462.253
2025-12-04 08:00:00,304.35,317.55,302.52,307.13,122127.122
2025-12-04 12:00:00,307.13,308.63,294.49,300.41,131943.341
2025-12-04 16:00:00,300.41,302.26,286.03,292.98,105289.122
2025-12-04 20:00:00,292.97,294.0,289.37,289.94,43021.98
2025-12-05 00:00:00,289.95,291.22,284.84,288.08,88165.074
2025-12-05 04:00:00,288.08,292.26,285.0,290.54,49213.659
2025-12-05 08:00:00,290.54,290.98,280.48,282.71,88604.876
2025-12-05 12:00:00,282.71,286.88,277.24,281.7,124713.432
2025-12-05 16:00:00,281.67,281.7,271.05,274.13,105156.499
2025-12-05 20:00:00,274.13,276.04,271.38,275.5,51216.027
2025-12-06 00:00:00,275.52,278.58,275.0,277.84,32148.22
2025-12-06 04:00:00,277.85,279.25,275.8,277.6,21789.401
2025-12-06 08:00:00,277.61,278.73,275.0,277.28,35130.738
2025-12-06 12:00:00,277.28,280.56,275.36,279.95,49213.571
2025-12-06 16:00:00,279.95,284.0,277.34,277.98,54763.132
2025-12-06 20:00:00,277.98,283.4,277.71,282.88,38040.344
2025-12-07 00:00:00,282.87,284.96,279.96,282.34,33033.493
2025-12-07 04:00:00,282.33,285.34,281.01,283.13,29687.358
2025-12-07 08:00:00,283.12,284.67,278.24,279.0,44614.49
2025-12-07 12:00:00,279.01,282.45,269.53,279.31,100382.536
2025-12-07 16:00:00,279.3,291.64,275.01,287.93,117218.316
2025-12-07 20:00:00,287.93,288.63,272.26,276.9,74101.325
2025-12-08 00:00:00,276.9,286.9,274.8,285.73,59963.246
2025-12-08 04:00:00,285.74,305.73,285.73,300.44,109460.864
2025-12-08 08:00:00,300.45,307.8,298.51,299.77,95399.664
2025-12-08 12:00:00,299.76,300.1,286.65,290.96,132042.718
2025-12-08 16:00:00,290.96,295.41,288.17,291.58,74938.026
2025-12-08 20:00:00,291.58,298.98,291.58,294.14,43086.748
2025-12-09 00:00:00,294.14,295.28,287.89,290.09,48675.957
2025-12-09 04:00:00,290.1,303.38,286.25,302.09,69049.348
2025-12-09 08:00:00,302.08,306.36,298.64,301.67,104654.332
2025-12-09 12:00:00,301.66,313.94,298.77,311.25,135839.509
2025-12-09 16:00:00,311.25,314.99,303.38,305.52,132944.767
2025-12-09 20:00:00,305.51,305.6,298.21,301.81,56121.688
2025-12-10 00:00:00,301.81,303.65,297.27,298.15,49332.414
2025-12-10 04:00:00,298.16,301.37,296.73,299.48,43519.783
2025-12-10 08:00:00,299.46,302.26,295.0,298.53,60044.388
2025-12-10 12:00:00,298.5,300.65,294.67,296.24,53984.644
2025-12-10 16:00:00,296.26,305.81,295.1,305.41,98570.113
2025-12-10 20:00:00,305.41,311.63,291.95,292.18,127153.481
2025-12-11 00:00:00,292.17,292.84,279.41,280.53,108116.042
2025-12-11 04:00:00,280.53,286.44,279.75,283.69,40764.338
2025-12-11 08:00:00,283.7,284.88,281.03,283.99,36675.191
2025-12-11 12:00:00,283.99,294.39,283.82,289.69,106118.338
2025-12-11 16:00:00,289.68,294.59,285.42,289.96,68683.578
2025-12-11 20:00:00,289.97,304.33,289.91,297.15,107068.38
2025-12-12 00:00:00,297.15,302.82,293.61,300.94,50577.191
2025-12-12 04:00:00,300.93,305.94,299.72,300.69,53815.018
2025-12-12 08:00:00,300.68,303.16,298.18,301.63,57678.4
2025-12-12 12:00:00,301.62,302.6,287.14,288.94,87203.688
2025-12-12 16:00:00,288.94,293.67,284.56,287.93,86745.553
2025-12-12 20:00:00,287.93,292.68,286.73,291.43,25929.317
2025-12-13 00:00:00,291.43,296.98,291.18,295.34,36430.075
2025-12-13 04:00:00,295.35,295.99,290.51,291.54,26119.265
2025-12-13 08:00:00,291.54,297.9,291.54,297.31,36583.062
2025-12-13 12:00:00,297.31,301.86,294.25,297.01,53161.834
2025-12-13 16:00:00,297.0,298.81,294.0,297.24,31975.95
2025-12-13 20:00:00,297.24,297.9,292.86,294.71,24942.55
2025-12-14 00:00:00,294.7,296.72,293.7,294.24,23183.826
2025-12-14 04:00:00,294.26,294.72,291.11,292.59,30361.83
2025-12-14 08:00:00,292.59,295.8,288.22,291.74,45136.645
2025-12-14 12:00:00,291.77,293.61,286.68,287.89,48552.469
2025-12-14 16:00:00,287.89,290.07,283.52,284.38,50024.364
2025-12-14 20:00:00,284.39,286.34,275.86,279.87,56419.625
2025-12-15 00:00:00,279.88,289.2,279.32,284.7,55800.326
2025-12-15 04:00:00,284.71,289.22,284.07,285.01,37485.961
2025-12-15 08:00:00,285.01,285.48,279.43,279.87,58217.712
2025-12-15 12:00:00,279.87,284.13,268.39,271.96,162816.463
2025-12-15 16:00:00,272.0,272.66,258.0,265.64,134537.853
2025-12-15 20:00:00,265.63,269.86,262.93,269.16,41074.584
2025-12-16 00:00:00,269.17,270.05,265.47,266.91,46217.57
2025-12-16 04:00:00,266.92,267.83,262.02,263.14,50514.68
2025-12-16 08:00:00,263.15,267.17,261.27,263.41,55880.067
2025-12-16 12:00:00,263.41,266.03,255.09,265.13,114478.749
2025-12-16 16:00:00,265.12,265.17,258.45,261.84,63566.768
2025-12-16 20:00:00,261.84,263.51,260.45,262.0,27956.265
2025-12-17 00:00:00,262.0,262.12,256.35,257.23,48246.414
2025-12-17 04:00:00,257.23,258.43,246.74,249.95,96145.247
2025-12-17 08:00:00,249.94,249.94,243.46,248.26,81039.655
2025-12-17 12:00:00,248.26,255.6,243.39,243.87,153793.817
2025-12-17 16:00:00,243.86,246.47,234.0,237.66,171414.609
2025-12-17 20:00:00,237.66,238.96,236.14,238.58,47308.842
2025-12-18 00:00:00,238.57,239.3,230.66,231.96,71943.546
2025-12-18 04:00:00,231.97,233.3,227.3,227.58,59716.282
2025-12-18 08:00:00,227.57,231.68,226.81,231.02,56601.932
2025-12-18 12:00:00,231.02,238.97,230.93,234.78,119219.815
2025-12-18 16:00:00,234.78,235.66,218.31,218.53,149680.785
2025-12-18 20:00:00,218.53,222.76,217.0,219.29,79781.619
2025-12-19 00:00:00,219.28,228.62,214.82,225.61,108755.158
2025-12-19 04:00:00,225.59,230.01,223.63,228.95,73699.713
2025-12-19 08:00:00,228.94,230.41,226.07,228.61,55331.415
2025-12-19 12:00:00,228.62,235.4,227.18,227.54,142054.417
2025-12-19 16:00:00,227.54,233.12,224.7,230.64,104530.791
2025-12-19 20:00:00,230.64,234.02,228.76,230.51,51889.322
2025-12-20 00:00:00,230.52,230.52,227.13,228.25,34940.175
2025-12-20 04:00:00,228.26,229.96,226.67,229.8,29354.99
2025-12-20 08:00:00,229.79,232.56,225.64,227.84,59266.835
2025-12-20 12:00:00,227.83,230.73,225.76,229.01,61392.047
2025-12-20 16:00:00,229.02,231.57,228.0,229.67,43970.216
2025-12-20 20:00:00,229.67,229.86,225.03,226.54,39358.796
2025-12-21 00:00:00,226.54,227.21,222.15,224.62,53405.171
2025-12-21 04:00:00,224.63,224.68,221.72,223.57,28349.521
2025-12-21 08:00:00,223.57,226.8,221.13,221.77,54722.478
2025-12-21 12:00:00,221.77,222.94,216.19,219.52,86652.581
2025-12-21 16:00:00,219.52,221.65,218.62,220.86,41667.633
2025-12-21 20:00:00,220.86,223.3,218.35,221.04,38100.28
2025-12-22 00:00:00,221.05,225.92,220.79,223.46,62742.9
2025-12-22 04:00:00,223.46,225.9,222.81,223.16,37093.9
2025-12-22 08:00:00,223.17,227.31,222.11,226.77,44886.566
2025-12-22 12:00:00,226.77,231.31,226.03,227.97,138913.584
2025-12-22 16:00:00,227.99,229.5,220.58,221.15,76741.74
2025-12-22 20:00:00,221.15,224.94,220.95,222.26,49113.389
2025-12-23 00:00:00,222.26,225.7,218.55,221.08,54436.203
2025-12-23 04:00:00,221.08,221.32,217.36,218.06,50190.087
2025-12-23 08:00:00,218.06,219.43,216.56,217.2,41070.794
2025-12-23 12:00:00,217.17,219.8,211.52,214.49,133584.175
2025-12-23 16:00:00,214.5,217.62,213.92,214.85,80081.107
2025-12-23 20:00:00,214.86,218.48,211.38,214.26,66133.016
2025-12-24 00:00:00,214.27,214.64,207.42,210.0,93265.67
2025-12-24 04:00:00,210.01,212.0,206.15,207.8,60028.179
2025-12-24 08:00:00,207.8,209.46,206.62,209.36,43577.513
2025-12-24 12:00:00,209.35,215.16,208.67,214.76,70887.826
2025-12-24 16:00:00,214.75,219.8,213.04,218.26,75344.651
2025-12-24 20:00:00,218.25,220.09,215.04,218.25,41526.469
2025-12-25 00:00:00,218.26,223.88,217.6,223.8,48203.743
2025-12-25 04:00:00,223.8,224.42,220.87,221.65,34487.597
2025-12-25 08:00:00,221.64,223.45,219.44,221.77,41237.034
2025-12-25 12:00:00,221.75,225.63,221.42,224.69,54176.716
2025-12-25 16:00:00,224.69,227.8,223.64,226.12,51739.126
2025-12-25 20:00:00,226.12,226.42,217.63,218.47,61082.414
2025-12-26 00:00:00,218.47,228.0,217.84,226.46,68724.413
2025-12-26 04:00:00,226.45,226.45,220.71,221.6,54398.252
2025-12-26 08:00:00,221.59,223.51,220.95,222.2,31547.663
2025-12-26 12:00:00,222.2,223.59,216.8,218.71,72939.585
2025-12-26 16:00:00,218.71,219.12,215.25,217.11,60342.399
2025-12-26 20:00:00,217.11,218.09,215.15,215.65,37093.188
2025-12-27 00:00:00,215.65,218.12,215.46,217.78,27110.138
2025-12-27 04:00:00,217.78,218.09,215.25,216.16,26693.106
2025-12-27 08:00:00,216.16,219.52,215.67,219.08,47422.235
2025-12-27 12:00:00,219.09,222.38,218.3,220.5,97903.644
2025-12-27 16:00:00,220.51,221.8,218.33,221.66,37177.76
2025-12-27 20:00:00,221.67,225.07,219.94,224.13,61433.604
2025-12-28 00:00:00,224.14,225.5,222.23,224.05,40811.312
2025-12-28 04:00:00,224.05,226.32,223.28,225.89,30627.798
2025-12-28 08:00:00,225.88,227.29,223.0,223.82,37856.461
2025-12-28 12:00:00,223.83,225.47,222.33,223.65,34070.706
2025-12-28 16:00:00,223.66,226.96,220.72,220.85,59682.756
2025-12-28 20:00:00,220.84,224.59,219.59,224.01,42605.707
2025-12-29 00:00:00,224.02,231.98,222.93,231.76,88710.002
2025-12-29 04:00:00,231.76,232.73,226.38,228.03,56662.779
2025-12-29 08:00:00,228.02,228.4,221.56,221.84,73906.819
2025-12-29 12:00:00,221.84,224.8,219.07,222.16,86729.005
2025-12-29 16:00:00,222.16,222.55,219.06,220.45,43708.661
2025-12-29 20:00:00,220.44,221.38,217.7,218.56,33409.45
2025-12-30 00:00:00,218.56,222.15,217.05,219.56,58858.088
2025-12-30 04:00:00,219.57,221.94,218.09,219.19,30134.252
2025-12-30 08:00:00,219.18,222.34,218.97,220.2,33720.221
2025-12-30 12:00:00,220.21,224.1,218.3,223.69,72944.007
2025-12-30 16:00:00,223.69,225.26,218.6,221.23,56209.074
2025-12-30 20:00:00,221.22,221.88,219.92,221.59,20585.504
2025-12-31 00:00:00,221.6,225.42,220.59,222.91,38460.435
2025-12-31 04:00:00,222.9,223.3,220.54,221.39,27394.029
2025-12-31 08:00:00,221.39,224.1,220.8,223.77,37933.017
2025-12-31 12:00:00,223.76,225.8,220.61,222.31,56681.928
2025-12-31 16:00:00,222.32,223.3,218.17,219.31,71884.176
2025-12-31 20:00:00,219.31,221.18,218.21,219.1,32172.681
2026-01-01 00:00:00,219.1,221.71,219.1,219.94,30886.969
2026-01-01 04:00:00,219.93,221.87,218.16,221.32,32372.259
2026-01-01 08:00:00,221.32,224.59,221.03,224.23,34705.44
2026-01-01 12:00:00,224.23,226.17,222.31,225.05,46576.055
2026-01-01 16:00:00,225.06,228.83,224.02,228.45,42603.46
2026-01-01 20:00:00,228.44,230.36,225.48,230.35,38444.271
2026-01-02 00:00:00,230.36,238.35,228.38,236.77,90953.342
2026-01-02 04:00:00,236.78,242.0,233.4,237.87,91683.433
2026-01-02 08:00:00,237.85,246.85,237.72,240.64,119092.165
2026-01-02 12:00:00,240.63,245.27,238.68,239.95,107970.736
2026-01-02 16:00:00,239.94,246.36,239.2,245.65,89798.142
2026-01-02 20:00:00,245.65,249.76,244.31,248.92,51850.622
2026-01-03 00:00:00,248.92,257.9,247.8,256.41,68502.187
2026-01-03 04:00:00,256.42,258.47,244.72,245.73,110486.793
2026-01-03 08:00:00,245.72,246.83,242.23,244.16,69372.328
2026-01-03 12:00:00,244.15,248.84,242.87,246.81,54529.303
2026-01-03 16:00:00,246.81,254.97,246.48,252.7,66107.256
2026-01-03 20:00:00,252.7,256.36,250.85,254.44,50037.768
2026-01-04 00:00:00,254.44,260.64,253.84,257.69,81678.659
2026-01-04 04:00:00,257.69,260.0,254.3,256.57,57859.547
2026-01-04 08:00:00,256.57,267.82,254.88,266.45,82211.428
2026-01-04 12:00:00,266.45,269.4,261.18,267.52,128271.475
2026-01-04 16:00:00,267.52,268.35,260.34,262.7,65057.565
2026-01-04 20:00:00,262.7,267.68,261.79,266.72,34025.767
2026-01-05 00:00:00,266.73,271.95,262.88,266.02,110315.281
2026-01-05 04:00:00,266.01,266.43,258.68,264.73,81801.396
2026-01-05 08:00:00,264.72,266.08,260.07,261.59,50361.665
2026-01-05 12:00:00,261.59,266.72,258.01,265.36,78504.935
2026-01-05 16:00:00,265.36,269.75,260.31,268.14,64998.384
2026-01-05 20:00:00,268.14,273.15,265.28,267.18,67547.026
2026-01-06 00:00:00,267.17,274.91,264.74,274.08,65223.838
2026-01-06 04:00:00,274.07,280.0,272.74,273.92,94699.371
2026-01-06 08:00:00,273.93,284.28,273.06,283.52,77359.455
2026-01-06 12:00:00,283.48,298.39,282.78,290.72,238558.347
2026-01-06 16:00:00,290.72,292.06,276.3,281.78,157475.54
2026-01-06 20:00:00,281.78,295.47,281.76,293.77,99711.397
2026-01-07 00:00:00,293.77,293.84,281.84,282.66,94604.628
2026-01-07 04:00:00,282.66,284.82,278.36,284.43,70606.051
2026-01-07 08:00:00,284.43,284.63,275.02,279.32,89514.493
2026-01-07 12:00:00,279.35,279.9,268.8,271.4,110583.263
2026-01-07 16:00:00,271.39,274.38,269.09,273.2,75051.327
2026-01-07 20:00:00,273.21,274.24,267.96,270.82,47712.504
2026-01-08 00:00:00,270.81,275.89,267.34,267.96,59572.415
2026-01-08 04:00:00,268.0,279.65,266.42,277.14,127750.532
2026-01-08 08:00:00,277.15,280.76,266.8,268.95,113694.202
2026-01-08 12:00:00,268.96,290.23,265.1,288.31,188635.096
2026-01-08 16:00:00,288.33,300.53,283.16,284.14,255593.724
2026-01-08 20:00:00,284.13,289.03,279.13,283.75,104919.039
2026-01-09 00:00:00,283.76,286.21,278.35,283.99,74650.566
2026-01-09 04:00:00,283.99,283.99,275.52,278.68,80397.872
2026-01-09 08:00:00,278.68,287.79,275.34,285.28,94466.409
2026-01-09 12:00:00,285.29,294.33,281.91,289.16,160291.254
2026-01-09 16:00:00,289.17,291.82,276.92,279.1,139585.297
2026-01-09 20:00:00,279.09,284.2,278.61,280.25,44917.298
2026-01-10 00:00:00,280.24,280.33,275.56,277.22,50106.29
2026-01-10 04:00:00,277.22,278.73,273.72,277.75,55180.317
2026-01-10 08:00:00,277.75,291.35,276.79,286.2,120559.226
2026-01-10 12:00:00,286.21,287.29,282.21,283.52,55735.058
2026-01-10 16:00:00,283.51,283.52,278.07,281.17,50244.772
2026-01-10 20:00:00,281.17,281.23,276.87,279.41,26733.612
2026-01-11 00:00:00,279.42,282.5,278.52,279.5,28839.255
2026-01-11 04:00:00,279.49,282.58,278.06,281.35,31638.331
2026-01-11 08:00:00,281.35,284.79,280.49,283.43,51374.974
2026-01-11 12:00:00,283.44,289.85,283.0,288.36,66018.454
2026-01-11 16:00:00,288.36,294.61,286.44,290.8,89204.484
2026-01-11 20:00:00,290.78,290.78,280.83,286.76,83914.766
2026-01-12 00:00:00,286.75,293.64,281.44,286.69,119925.772
2026-01-12 04:00:00,286.7,291.26,282.88,283.02,69733.53
2026-01-12 08:00:00,283.0,286.17,277.44,281.16,79498.784
2026-01-12 12:00:00,281.17,289.01,279.63,285.65,110356.251
2026-01-12 16:00:00,285.66,288.34,279.82,282.39,79474.636
2026-01-12 20:00:00,282.41,286.14,278.21,280.68,50828.046
2026-01-13 00:00:00,280.68,285.08,277.64,279.28,56928.36
2026-01-13 04:00:00,279.28,288.47,279.08,283.8,85186.067
2026-01-13 08:00:00,283.81,288.94,283.38,286.6,65058.89
2026-01-13 12:00:00,286.6,289.9,280.22,286.19,116852.388
2026-01-13 16:00:00,286.17,292.29,283.66,289.69,106712.025
2026-01-13 20:00:00,289.7,298.11,284.35,293.28,97884.839
2026-01-14 00:00:00,293.29,299.48,292.12,298.01,70282.497
2026-01-14 04:00:00,298.01,298.04,292.14,295.22,65459.494
2026-01-14 08:00:00,295.23,302.35,290.22,290.69,113015.778
2026-01-14 12:00:00,290.68,297.49,289.19,296.28,91289.964
2026-01-14 16:00:00,296.29,299.25,288.83,293.42,101499.492
2026-01-14 20:00:00,293.43,296.14,289.47,289.9,55369.994
2026-01-15 00:00:00,289.9,293.2,279.31,281.26,86359.958
2026-01-15 04:00:00,281.26,287.0,280.89,286.17,55531.52
2026-01-15 08:00:00,286.17,286.53,280.97,284.74,63535.243
2026-01-15 12:00:00,284.74,288.53,277.22,283.71,99789.992
2026-01-15 16:00:00,283.69,284.97,277.39,279.74,69329.868
2026-01-15 20:00:00,279.74,280.46,276.04,279.14,41319.634
2026-01-16 00:00:00,279.15,281.28,277.02,278.32,37131.951
2026-01-16 04:00:00,278.33,279.49,272.39,276.78,64919.202
2026-01-16 08:00:00,276.79,277.69,273.66,274.43,36493.958
2026-01-16 12:00:00,274.43,274.57,266.98,268.93,85604.544
2026-01-16 16:00:00,268.92,274.86,268.24,274.19,68369.487
2026-01-16 20:00:00,274.19,280.08,272.29,277.46,56161.497
2026-01-17 00:00:00,277.46,278.27,274.38,274.86,26699.111
2026-01-17 04:00:00,274.87,277.24,274.4,276.76,20110.651
2026-01-17 08:00:00,276.77,277.89,274.7,275.33,23589.069
2026-01-17 12:00:00,275.32,278.5,274.08,278.21,36382.793
2026-01-17 16:00:00,278.21,278.57,274.38,275.96,30417.498
2026-01-17 20:00:00,275.97,276.8,273.17,273.91,20889.689
2026-01-18 00:00:00,273.91,275.19,271.13,272.4,30430.103
2026-01-18 04:00:00,272.39,273.69,271.45,271.93,19379.635
2026-01-18 08:00:00,271.94,273.83,271.63,272.81,16870.077
2026-01-18 12:00:00,272.81,274.72,270.56,272.95,44549.181
2026-01-18 16:00:00,272.96,274.7,269.23,271.83,36622.183
2026-01-18 20:00:00,271.85,275.42,261.05,261.83,66910.819
2026-01-19 00:00:00,261.83,261.84,215.0,252.39,196121.193
2026-01-19 04:00:00,252.39,253.49,245.68,247.87,70729.205
2026-01-19 08:00:00,247.86,253.45,247.17,250.68,52551.072
2026-01-19 12:00:00,250.68,251.15,247.77,249.39,37725.758
2026-01-19 16:00:00,249.38,256.66,249.17,255.68,43757.221
2026-01-19 20:00:00,255.68,256.24,250.09,253.47,44079.146
2026-01-20 00:00:00,253.48,253.61,248.17,249.43,40351.783
2026-01-20 04:00:00,249.42,250.55,243.15,243.31,63278.211
2026-01-20 08:00:00,243.31,243.99,239.08,240.66,64380.171
2026-01-20 12:00:00,240.67,243.28,237.27,239.52,104594.215
2026-01-20 16:00:00,239.51,240.33,234.09,236.38,92377.154
2026-01-20 20:00:00,236.37,239.49,231.95,234.19,67095.602
2026-01-21 00:00:00,234.19,240.4,234.19,238.02,54653.57
2026-01-21 04:00:00,238.02,241.86,237.46,239.23,42767.894
2026-01-21 08:00:00,239.23,239.62,233.44,233.92,49016.211
2026-01-21 12:00:00,233.92,243.91,229.06,240.91,157866.874
2026-01-21 16:00:00,240.89,246.0,228.52,245.58,182613.493
2026-01-21 20:00:00,245.58,249.37,240.6,241.8,114163.191
2026-01-22 00:00:00,241.8,248.73,241.8,246.04,44564.044
2026-01-22 04:00:00,246.03,247.76,243.72,244.27,28870.625
2026-01-22 08:00:00,244.26,246.36,241.56,241.71,32466.366
2026-01-22 12:00:00,241.72,243.0,235.11,237.41,80683.548
2026-01-22 16:00:00,237.42,240.64,236.36,239.82,54655.196
2026-01-22 20:00:00,239.81,239.85,236.67,238.92,31391.972
2026-01-23 00:00:00,238.92,241.42,237.9,241.33,23390.028
2026-01-23 04:00:00,241.33,243.15,239.37,239.79,30620.137
2026-01-23 08:00:00,239.79,240.43,237.01,238.45,32671.01
2026-01-23 12:00:00,238.46,242.11,234.88,241.74,49831.986
2026-01-23 16:00:00,241.74,245.22,237.82,238.74,84758.91
2026-01-23 20:00:00,238.75,239.48,235.81,236.92,37310.691
2026-01-24 00:00:00,236.92,240.07,235.22,238.76,32120.545
2026-01-24 04:00:00,238.76,238.79,236.9,237.28,23167.132
2026-01-24 08:00:00,237.28,239.17,235.9,238.46,35761.323
2026-01-24 12:00:00,238.45,239.38,236.52,236.96,23190.917
2026-01-24 16:00:00,236.96,238.98,235.9,238.51,21903.233
2026-01-24 20:00:00,238.52,239.78,237.6,237.91,16204.217
2026-01-25 00:00:00,237.91,239.12,236.12,236.36,25860.175
2026-01-25 04:00:00,236.36,237.77,233.64,234.69,34505.514
2026-01-25 08:00:00,234.68,237.66,233.42,235.19,33264.264
2026-01-25 12:00:00,235.18,235.28,232.0,233.03,37111.228
2026-01-25 16:00:00,233.02,233.05,220.67,222.27,135674.518
2026-01-25 20:00:00,222.29,224.67,220.39,224.21,70689.459
2026-01-26 00:00:00,224.21,231.88,223.83,230.61,51978.097
2026-01-26 04:00:00,230.61,235.41,230.58,234.1,54096.079
2026-01-26 08:00:00,234.1,234.96,229.16,230.4,44064.619
2026-01-26 12:00:00,230.4,237.31,229.32,232.81,71498.133
2026-01-26 16:00:00,232.81,236.36,230.04,233.9,63648.022
2026-01-26 20:00:00,233.9,236.04,231.81,233.99,30714.579
2026-01-27 00:00:00,233.98,235.89,232.87,234.2,26801.21
2026-01-27 04:00:00,234.19,235.66,230.53,232.28,33738.769
2026-01-27 08:00:00,232.29,233.35,230.5,231.06,28041.029
2026-01-27 12:00:00,231.05,232.77,228.0,230.51,52029.841
2026-01-27 16:00:00,230.51,235.96,228.61,233.31,76225.699
2026-01-27 20:00:00,233.31,239.39,233.12,237.98,67448.514
2026-01-28 00:00:00,237.99,238.41,235.85,237.27,37158.58
2026-01-28 04:00:00,237.27,238.41,234.46,236.97,37915.278
2026-01-28 08:00:00,236.96,241.23,235.46,241.11,38274.57
2026-01-28 12:00:00,241.1,242.5,236.3,238.25,79449.818
2026-01-28 16:00:00,238.26,240.03,235.36,236.99,65299.249
2026-01-28 20:00:00,236.99,240.82,235.93,238.16,68929.767
2026-01-29 00:00:00,238.15,238.62,228.93,229.49,81560.307
2026-01-29 04:00:00,229.49,230.8,225.43,229.08,59228.564
2026-01-29 08:00:00,229.08,229.76,225.69,226.13,40133.483
2026-01-29 12:00:00,226.14,228.22,214.16,219.29,146031.144
2026-01-29 16:00:00,219.28,224.5,215.04,218.41,134057.643
2026-01-29 20:00:00,218.41,222.13,217.9,220.91,44054.133
2026-01-30 00:00:00,220.91,222.65,209.38,214.14,113944.404
2026-01-30 04:00:00,214.14,218.24,212.0,215.66,88180.547
2026-01-30 08:00:00,215.67,217.46,210.83,216.28,62501.989
2026-01-30 12:00:00,216.27,217.02,211.23,213.9,92745.895
2026-01-30 16:00:00,213.89,218.34,207.1,216.89,112179.095
2026-01-30 20:00:00,216.9,216.91,212.39,215.29,65474.868
2026-01-31 00:00:00,215.29,217.61,214.53,216.55,32880.347
2026-01-31 04:00:00,216.54,218.5,210.9,212.02,56302.548
2026-01-31 08:00:00,212.03,212.6,207.0,208.43,63297.758
2026-01-31 12:00:00,208.43,208.85,192.74,198.26,175038.62
2026-01-31 16:00:00,198.21,202.27,178.0,190.55,281452.306
2026-01-31 20:00:00,190.53,199.42,187.6,197.83,77495.056
2026-02-01 00:00:00,197.82,201.11,195.99,200.95,56741.985
2026-02-01 04:00:00,200.95,201.28,195.25,196.24,51353.544
2026-02-01 08:00:00,196.23,197.93,192.91,194.79,47381.013
2026-02-01 12:00:00,194.8,194.98,186.1,189.02,88707.747
2026-02-01 16:00:00,189.02,193.46,187.12,189.49,78374.169
2026-02-01 20:00:00,189.49,192.77,183.79,188.5,94831.005
2026-02-02 00:00:00,188.5,194.87,182.46,190.32,113405.496
2026-02-02 04:00:00,190.32,192.96,183.05,189.51,104815.231
2026-02-02 08:00:00,189.51,194.13,188.55,193.03,58086.385
2026-02-02 12:00:00,193.02,202.69,193.02,201.36,100694.187
2026-02-02 16:00:00,201.4,206.99,197.72,198.04,120437.452
2026-02-02 20:00:00,198.04,201.08,195.79,199.34,49765.906
2026-02-03 00:00:00,199.35,200.04,193.56,198.0,65705.105
2026-02-03 04:00:00,198.0,199.55,195.95,197.28,39931.614
2026-02-03 08:00:00,197.29,198.73,193.73,194.84,58449.088
2026-02-03 12:00:00,194.85,197.18,191.53,196.95,87906.216
2026-02-03 16:00:00,196.94,196.94,184.33,195.87,180036.631
2026-02-03 20:00:00,195.86,204.2,191.84,193.2,112588.803
2026-02-04 00:00:00,193.2,198.5,191.86,197.53,52472.815
2026-02-04 04:00:00,197.54,197.85,194.28,195.5,32077.576
2026-02-04 08:00:00,195.51,196.68,190.44,192.39,52682.735
2026-02-04 12:00:00,192.4,193.17,184.7,186.04,97664.902
2026-02-04 16:00:00,186.04,191.93,183.0,191.54,161682.463
2026-02-04 20:00:00,191.53,191.84,184.26,187.63,70567.394
2026-02-05 00:00:00,187.62,191.2,185.35,185.65,80693.365
2026-02-05 04:00:00,185.66,187.77,181.48,182.76,83474.107
2026-02-05 08:00:00,182.77,186.52,176.16,178.51,93592.284
2026-02-05 12:00:00,178.52,182.11,168.75,171.5,239601.228
2026-02-05 16:00:00,171.53,174.36,163.2,165.6,262157.281
2026-02-05 20:00:00,165.6,166.97,156.8,160.52,232033.169
2026-02-06 00:00:00,160.52,165.37,142.02,161.06,348258.021
2026-02-06 04:00:00,161.06,168.12,159.95,164.04,122327.622
2026-02-06 08:00:00,164.05,168.85,160.73,168.1,81820.48
2026-02-06 12:00:00,168.09,173.74,166.29,172.88,131486.462
2026-02-06 16:00:00,172.84,180.3,172.13,174.94,120893.6
2026-02-06 20:00:00,174.93,177.22,171.33,173.57,64839.171
2026-02-07 00:00:00,173.57,173.59,165.64,167.42,98905.155
2026-02-07 04:00:00,167.42,169.5,160.65,162.4,100210.769
2026-02-07 08:00:00,162.39,165.89,161.99,163.43,50918.539
2026-02-07 12:00:00,163.43,169.19,163.19,167.53,76703.335
2026-02-07 16:00:00,167.53,172.68,167.01,168.42,115704.828
2026-02-07 20:00:00,168.41,170.17,166.3,167.34,30718.543
2026-02-08 00:00:00,167.34,167.49,163.91,164.37,45805.855
2026-02-08 04:00:00,164.38,165.33,163.38,164.96,35453.105
2026-02-08 08:00:00,164.95,168.48,163.51,168.33,70001.686
2026-02-08 12:00:00,168.33,170.65,166.63,167.37,61373.172
2026-02-08 16:00:00,167.37,168.4,163.46,167.36,46997.319
2026-02-08 20:00:00,167.35,168.11,161.81,163.06,62095.266
2026-02-09 00:00:00,163.06,166.89,162.24,166.59,47116.087
2026-02-09 04:00:00,166.59,166.68,161.96,162.4,33054.036
2026-02-09 08:00:00,162.4,162.93,156.04,156.84,90298.93
2026-02-09 12:00:00,156.84,160.8,155.27,158.04,120728.815
2026-02-09 16:00:00,158.05,162.48,155.11,162.31,109238.924
2026-02-09 20:00:00,162.3,163.2,158.83,159.15,50951.175
2026-02-10 00:00:00,159.17,161.87,156.69,158.01,44366.592
2026-02-10 04:00:00,158.01,159.86,155.21,157.09,48174.412
2026-02-10 08:00:00,157.1,159.24,156.26,157.15,43796.982
2026-02-10 12:00:00,157.16,158.75,154.48,157.44,77029.861
2026-02-10 16:00:00,157.45,158.43,152.56,154.09,75093.72
2026-02-10 20:00:00,154.08,154.78,152.44,154.42,35491.765
2026-02-11 00:00:00,154.42,154.63,150.21,151.32,58834.719
2026-02-11 04:00:00,151.32,151.64,146.22,147.98,80968.557
2026-02-11 08:00:00,147.99,148.07,145.03,147.08,57491.028
2026-02-11 12:00:00,147.07,154.37,143.95,145.97,134585.792
2026-02-11 16:00:00,145.96,148.92,143.75,146.53,102876.712
2026-02-11 20:00:00,146.53,149.14,144.23,145.81,78389.542
2026-02-12 00:00:00,145.82,152.56,145.65,152.3,72410.313
2026-02-12 04:00:00,152.3,152.74,149.82,150.78,64257.18
2026-02-12 08:00:00,150.79,160.1,150.54,158.96,109365.673
2026-02-12 12:00:00,158.95,159.1,152.46,153.08,140784.127
2026-02-12 16:00:00,153.08,153.49,148.46,151.47,121326.292
2026-02-12 20:00:00,151.46,156.22,148.5,155.68,68520.91
2026-02-13 00:00:00,155.67,156.86,153.56,155.83,68275.971
2026-02-13 04:00:00,155.83,155.87,151.88,154.32,52065.447
2026-02-13 08:00:00,154.31,157.76,153.87,156.33,49984.136
2026-02-13 12:00:00,156.33,164.35,155.4,160.4,122441.93
2026-02-13 16:00:00,160.4,164.94,159.98,164.33,77530.659
2026-02-13 20:00:00,164.32,179.88,163.28,178.4,176037.867
2026-02-14 00:00:00,178.41,188.0,176.55,187.88,213084.76
2026-02-14 04:00:00,187.88,200.46,184.87,199.74,305138.991
2026-02-14 08:00:00,199.75,208.9,192.63,194.8,666183.616
2026-02-14 12:00:00,194.8,197.55,190.32,191.91,243791.761
2026-02-14 16:00:00,191.9,195.22,189.42,193.3,149145.436
2026-02-14 20:00:00,193.3,194.28,187.59,190.78,121062.433
2026-02-15 00:00:00,190.77,192.58,188.28,190.84,118419.199
2026-02-15 04:00:00,190.85,192.3,189.51,190.08,85033.543
2026-02-15 08:00:00,190.07,190.45,184.51,188.68,131908.729
2026-02-15 12:00:00,188.68,189.34,184.04,185.23,114472.064
2026-02-15 16:00:00,185.23,185.88,179.26,182.44,139815.637
2026-02-15 20:00:00,182.43,185.9,181.48,184.51,62131.797
2026-02-16 00:00:00,184.51,192.37,184.07,190.41,106770.352
2026-02-16 04:00:00,190.4,215.63,184.58,185.75,975393.018
2026-02-16 08:00:00,185.72,195.11,183.43,190.53,317676.429
2026-02-16 12:00:00,190.54,194.37,185.83,186.98,216090.302
2026-02-16 16:00:00,186.95,195.34,186.91,192.03,119836.019
2026-02-16 20:00:00,192.04,203.0,191.19,198.59,166649.953
2026-02-17 00:00:00,198.59,198.72,191.54,193.38,150895.116
2026-02-17 04:00:00,193.38,199.17,192.68,193.44,115191.887
2026-02-17 08:00:00,193.45,194.21,187.76,190.44,123986.768
2026-02-17 12:00:00,190.43,198.2,189.6,198.03,172818.599
2026-02-17 16:00:00,198.09,199.87,193.93,194.76,170854.603
2026-02-17 20:00:00,194.76,195.36,190.56,191.68,68600.543
2026-02-18 00:00:00,191.68,192.73,188.04,190.14,75313.715
2026-02-18 04:00:00,190.15,195.77,190.02,194.29,56919.105
2026-02-18 08:00:00,194.3,195.24,189.85,192.93,77108.562
2026-02-18 12:00:00,192.94,194.22,185.63,189.03,116218.558
2026-02-18 16:00:00,189.03,189.34,182.45,183.78,113853.991
2026-02-18 20:00:00,183.79,184.84,181.09,183.4,65820.65
2026-02-19 00:00:00,183.41,187.92,181.8,185.53,78075.756
2026-02-19 04:00:00,185.53,188.43,184.77,186.76,50508.909
2026-02-19 08:00:00,186.75,186.83,180.02,181.69,83986.316
2026-02-19 12:00:00,181.69,183.11,174.31,175.43,186278.457
2026-02-19 16:00:00,175.42,177.96,173.26,177.53,86005.567
2026-02-19 20:00:00,177.51,178.45,176.44,176.85,45442.024
2026-02-20 00:00:00,176.86,178.97,176.1,176.42,55326.577
2026-02-20 04:00:00,176.43,177.05,173.01,173.71,75363.26
2026-02-20 08:00:00,173.71,180.34,173.47,177.71,95299.545
2026-02-20 12:00:00,177.72,182.0,172.6,182.0,172039.813
2026-02-20 16:00:00,181.99,184.99,177.32,178.42,136628.382
2026-02-20 20:00:00,178.43,181.53,176.53,180.26,59606.932
2026-02-21 00:00:00,180.27,181.12,178.17,179.99,45403.071
2026-02-21 04:00:00,180.0,180.0,177.2,178.34,33293.564
2026-02-21 08:00:00,178.35,182.48,177.79,182.26,57207.843
2026-02-21 12:00:00,182.27,183.93,179.46,181.96,70952.024
2026-02-21 16:00:00,181.97,185.15,180.55,183.31,61457.921
2026-02-21 20:00:00,183.31,184.27,180.67,181.73,42493.409
2026-02-22 00:00:00,181.74,182.02,177.03,178.24,59949.99
2026-02-22 04:00:00,178.24,179.33,177.01,178.73,32244.345
2026-02-22 08:00:00,178.74,179.19,177.34,178.0,30569.587
2026-02-22 12:00:00,177.99,178.19,173.69,176.76,78316.578
2026-02-22 16:00:00,176.76,176.76,172.84,173.66,41677.515
2026-02-22 20:00:00,173.67,174.46,171.44,173.23,47907.167
2026-02-23 00:00:00,173.24,173.64,165.01,166.47,172553.75
2026-02-23 04:00:00,166.48,169.99,165.02,168.9,84344.325
2026-02-23 08:00:00,168.89,173.82,167.36,171.58,66196.791
2026-02-23 12:00:00,171.58,175.22,168.73,169.1,88627.659
2026-02-23 16:00:00,169.09,170.1,166.15,167.74,79544.959
2026-02-23 20:00:00,167.74,172.52,167.48,169.84,46721.04
2026-02-24 00:00:00,169.83,172.4,166.5,167.27,78019.794
2026-02-24 04:00:00,167.27,168.64,165.26,167.7,75690.618
2026-02-24 08:00:00,167.69,169.62,163.52,165.54,95730.694
2026-02-24 12:00:00,165.53,170.05,163.01,169.11,104488.457
2026-02-24 16:00:00,169.1,171.96,168.76,169.74,76496.877
2026-02-24 20:00:00,169.74,170.34,166.58,166.97,48690.594
2026-02-25 00:00:00,166.98,174.74,164.9,172.41,113619.288
2026-02-25 04:00:00,172.42,174.99,170.36,172.66,60523.243
2026-02-25 08:00:00,172.65,178.24,172.02,176.48,90896.148
2026-02-25 12:00:00,176.48,182.37,176.27,180.78,141708.963
2026-02-25 16:00:00,180.79,185.51,180.68,184.51,113272.741
2026-02-25 20:00:00,184.5,190.47,177.17,179.56,123496.783
2026-02-26 00:00:00,179.56,185.44,178.95,183.77,95717.69
2026-02-26 04:00:00,183.76,186.32,181.14,184.96,68607.703
2026-02-26 08:00:00,184.96,191.9,182.63,183.45,120807.171
2026-02-26 12:00:00,183.44,185.63,180.44,182.46,138802.403
2026-02-26 16:00:00,182.47,182.63,176.46,182.29,101631.033
2026-02-26 20:00:00,182.29,184.65,181.28,184.49,40805.578
2026-02-27 00:00:00,184.49,187.45,181.67,187.14,78405.482
2026-02-27 04:00:00,187.14,190.75,185.13,186.85,73250.966
2026-02-27 08:00:00,186.81,187.26,179.06,180.3,86215.136
2026-02-27 12:00:00,180.29,182.0,178.01,179.87,84923.026
2026-02-27 16:00:00,179.86,180.02,173.44,174.62,90394.875
2026-02-27 20:00:00,174.63,176.35,171.36,175.99,60202.514
2026-02-28 00:00:00,176.0,181.47,175.59,179.42,69717.964
2026-02-28 04:00:00,179.43,179.46,167.69,170.34,151345.989
2026-02-28 08:00:00,170.33,170.43,165.61,166.57,104887.211
2026-02-28 12:00:00,166.56,175.73,166.29,172.0,122067.434
2026-02-28 16:00:00,171.99,178.87,169.34,176.97,89881.886
2026-02-28 20:00:00,176.97,184.98,176.31,182.88,109431.826
2026-03-01 00:00:00,182.87,188.04,178.93,183.29,111038.943
2026-03-01 04:00:00,183.3,185.36,181.44,182.52,53977.921
2026-03-01 08:00:00,182.53,182.76,178.28,180.11,85758.863
2026-03-01 12:00:00,180.1,182.89,176.13,180.58,106373.238
2026-03-01 16:00:00,180.57,182.48,175.09,175.14,106279.039
2026-03-01 20:00:00,175.15,179.71,172.22,177.05,121972.991
2026-03-02 00:00:00,177.05,181.37,176.17,180.59,90059.693
2026-03-02 04:00:00,180.59,180.88,173.75,175.81,59310.367
2026-03-02 08:00:00,175.82,179.06,174.04,178.71,67352.981
2026-03-02 12:00:00,178.71,189.51,175.17,188.32,167149.76
2026-03-02 16:00:00,188.33,195.04,184.42,187.54,177545.94
2026-03-02 20:00:00,187.54,191.13,184.52,186.48,77200.142
2026-03-03 00:00:00,186.48,187.59,181.33,182.12,101883.651
2026-03-03 04:00:00,182.13,184.86,180.48,181.62,60462.112
2026-03-03 08:00:00,181.61,182.37,176.53,179.04,119839.476
2026-03-03 12:00:00,179.05,182.1,175.79,180.25,122432.14
2026-03-03 16:00:00,180.24,185.34,178.39,182.96,159752.888
2026-03-03 20:00:00,182.96,185.46,179.37,182.87,60100.469
2026-03-04 00:00:00,182.88,183.76,177.29,178.37,114955.69
2026-03-04 04:00:00,178.37,186.54,177.36,186.43,79579.92
2026-03-04 08:00:00,186.43,196.28,185.73,188.97,243938.356
2026-03-04 12:00:00,188.96,194.91,186.48,194.12,132013.996
2026-03-04 16:00:00,194.12,195.02,189.62,193.68,103132.69
2026-03-04 20:00:00,193.7,193.91,185.01,186.58,71282.225
2026-03-05 00:00:00,186.59,187.85,184.64,185.78,57189.835
2026-03-05 04:00:00,185.78,187.11,184.1,184.81,50124.214
2026-03-05 08:00:00,184.81,191.11,183.5,189.32,106839.862
2026-03-05 12:00:00,189.32,194.82,186.75,187.21,161598.274
2026-03-05 16:00:00,187.22,187.4,181.74,185.95,116009.376
2026-03-05 20:00:00,185.96,189.76,185.13,185.5,65765.325
2026-03-06 00:00:00,185.51,189.94,183.5,189.1,82333.646
2026-03-06 04:00:00,189.1,189.6,185.51,187.16,65968.758
2026-03-06 08:00:00,187.16,187.21,182.25,182.46,73040.217
2026-03-06 12:00:00,182.46,183.75,176.0,177.01,164174.922
2026-03-06 16:00:00,177.01,178.41,173.63,176.77,102676.859
2026-03-06 20:00:00,176.78,177.5,175.16,176.75,51815.776
2026-03-07 00:00:00,176.75,178.48,175.92,176.34,39703.539
2026-03-07 04:00:00,176.34,178.28,174.44,177.89,43878.992
2026-03-07 08:00:00,177.89,181.84,177.37,179.99,74119.079
2026-03-07 12:00:00,179.99,189.21,179.88,188.69,199043.722
2026-03-07 16:00:00,188.68,191.89,180.5,180.71,231821.314
2026-03-07 20:00:00,180.72,181.65,172.21,175.7,211030.514
2026-03-08 00:00:00,175.7,177.69,174.67,175.95,103961.129
2026-03-08 04:00:00,175.94,177.85,173.56,176.59,73055.937
2026-03-08 08:00:00,176.58,179.72,174.92,176.65,79930.776
2026-03-08 12:00:00,176.65,178.75,173.53,174.25,95444.41
2026-03-08 16:00:00,174.25,184.92,173.91,184.04,113636.025
2026-03-08 20:00:00,184.04,188.59,178.53,181.38,241118.645
2026-03-09 00:00:00,181.4,195.54,180.54,193.41,206067.203
2026-03-09 04:00:00,193.41,199.78,192.1,196.25,216633.141
2026-03-09 08:00:00,196.26,197.54,193.03,194.54,140401.693
2026-03-09 12:00:00,194.54,198.4,193.17,195.65,164108.209
2026-03-09 16:00:00,195.65,196.42,190.08,194.52,185009.134
2026-03-09 20:00:00,194.54,196.29,192.03,194.12,77418.973
2026-03-10 00:00:00,194.11,204.36,192.98,197.34,192547.776
2026-03-10 04:00:00,197.35,200.57,196.31,199.8,99068.43
2026-03-10 08:00:00,199.8,203.13,198.64,200.93,110964.977
2026-03-10 12:00:00,200.93,202.99,195.65,201.38,191588.67
2026-03-10 16:00:00,201.36,209.42,198.21,199.83,243357.387
2026-03-10 20:00:00,199.82,200.77,197.3,199.68,80687.934
2026-03-11 00:00:00,199.69,201.4,195.87,196.95,76072.672
2026-03-11 04:00:00,196.96,198.82,193.87,194.58,83374.195
2026-03-11 08:00:00,194.58,198.0,194.05,195.21,57873.358
2026-03-11 12:00:00,195.19,201.79,194.6,198.18,178231.093
2026-03-11 16:00:00,198.17,203.24,197.16,201.64,122137.131
2026-03-11 20:00:00,201.65,206.55,199.77,202.94,80353.092
2026-03-12 00:00:00,202.94,204.33,198.13,198.97,76903.488
2026-03-12 04:00:00,198.96,208.98,198.93,206.43,109091.847
2026-03-12 08:00:00,206.42,213.99,203.32,211.92,149691.2
2026-03-12 12:00:00,211.91,215.6,205.82,211.92,198996.907
2026-03-12 16:00:00,211.92,216.79,210.49,213.43,120890.278
2026-03-12 20:00:00,213.42,218.84,211.73,217.68,104547.679
2026-03-13 00:00:00,217.67,234.27,216.35,231.07,281213.91
2026-03-13 04:00:00,231.06,234.89,227.22,233.5,121819.671
2026-03-13 08:00:00,233.49,244.87,233.12,239.57,270277.538
2026-03-13 12:00:00,239.58,251.19,228.0,230.34,413447.215
2026-03-13 16:00:00,230.34,239.64,229.25,229.5,203590.468
2026-03-13 20:00:00,229.49,239.33,228.07,235.58,139192.886
2026-03-14 00:00:00,235.57,246.52,231.68,243.34,185782.201
2026-03-14 04:00:00,243.34,245.63,233.63,234.63,144005.132
2026-03-14 08:00:00,234.62,239.35,232.81,235.21,104583.874
2026-03-14 12:00:00,235.22,237.89,233.19,233.71,89109.772
2026-03-14 16:00:00,233.71,240.79,232.41,237.85,112297.486
2026-03-14 20:00:00,237.85,250.2,237.23,248.99,173099.76
2026-03-15 00:00:00,248.99,271.16,245.35,270.03,378318.448
2026-03-15 04:00:00,270.03,271.29,254.67,258.05,274441.35
2026-03-15 08:00:00,258.05,269.86,258.05,264.05,270129.115
2026-03-15 12:00:00,264.04,276.65,260.04,275.15,432859.289
2026-03-15 16:00:00,275.14,293.57,270.09,278.76,643928.023
2026-03-15 20:00:00,278.73,292.2,278.21,282.88,396034.704
2026-03-16 00:00:00,282.88,286.66,273.0,276.31,346866.14
2026-03-16 04:00:00,276.31,281.39,270.53,274.68,217762.058
2026-03-16 08:00:00,274.69,293.35,271.79,292.67,497027.039
2026-03-16 12:00:00,292.67,300.74,283.53,287.84,526829.459
2026-03-16 16:00:00,287.84,287.89,273.25,279.94,321933.821
2026-03-16 20:00:00,279.95,285.98,277.23,279.97,195249.623
2026-03-17 00:00:00,279.98,286.5,275.25,284.11,219320.636
2026-03-17 04:00:00,284.11,285.7,272.2,276.45,234318.964
2026-03-17 08:00:00,276.44,281.57,273.91,276.0,158322.329
2026-03-17 12:00:00,276.0,278.11,270.5,274.2,226383.038
2026-03-17 16:00:00,274.2,285.14,271.55,282.34,186376.835
2026-03-17 20:00:00,282.33,286.35,274.83,275.9,109040.537
2026-03-18 00:00:00,275.9,282.7,273.1,275.67,140763.791
2026-03-18 04:00:00,275.68,281.1,274.9,279.74,100110.152
2026-03-18 08:00:00,279.75,281.54,274.08,276.42,133766.965
2026-03-18 12:00:00,276.41,277.44,264.02,268.12,341920.56
2026-03-18 16:00:00,268.12,273.63,261.8,266.04,220109.345
2026-03-18 20:00:00,266.05,272.91,264.38,272.71,129638.591
2026-03-19 00:00:00,272.7,275.48,256.1,261.73,209308.078
2026-03-19 04:00:00,261.74,263.59,251.73,252.08,157591.672
2026-03-19 08:00:00,252.08,253.31,245.63,248.43,178982.468
2026-03-19 12:00:00,248.43,250.34,242.74,245.72,221175.423
2026-03-19 16:00:00,245.73,253.76,243.51,251.03,150988.22
2026-03-19 20:00:00,251.03,285.36,250.57,282.67,416515.811
2026-03-20 00:00:00,282.67,289.2,275.4,286.65,375104.087
2026-03-20 04:00:00,286.65,310.91,286.5,302.93,731129.636
2026-03-20 08:00:00,302.93,308.33,275.91,279.39,605103.049
2026-03-20 12:00:00,279.39,285.66,272.73,277.73,462838.02
2026-03-20 16:00:00,277.74,278.63,266.02,268.96,266682.254
2026-03-20 20:00:00,268.94,277.71,262.41,269.67,313388.163
2026-03-21 00:00:00,269.67,274.37,268.81,272.17,138554.797
2026-03-21 04:00:00,272.17,277.86,267.79,268.9,191086.09
2026-03-21 08:00:00,268.89,274.78,266.6,268.08,136403.474
2026-03-21 12:00:00,268.08,280.84,268.04,277.05,240735.726
2026-03-21 16:00:00,277.06,277.23,269.52,272.11,161067.375
2026-03-21 20:00:00,272.1,278.24,265.0,267.97,179750.991
2026-03-22 00:00:00,267.98,283.43,260.2,273.25,423604.9
2026-03-22 04:00:00,273.25,280.8,273.14,275.13,175834.59
2026-03-22 08:00:00,275.14,275.24,267.17,268.13,229685.209
2026-03-22 12:00:00,268.14,275.94,267.5,272.03,197383.38
2026-03-22 16:00:00,272.03,272.84,262.19,265.91,158920.229
2026-03-22 20:00:00,265.91,267.34,261.0,261.73,170991.761
2026-03-23 00:00:00,261.74,275.67,260.85,273.65,202398.229
2026-03-23 04:00:00,273.64,279.83,267.0,270.17,270047.928
2026-03-23 08:00:00,270.18,287.24,264.03,276.07,374776.481
2026-03-23 12:00:00,276.08,293.72,274.4,279.69,426870.423
2026-03-23 16:00:00,279.71,289.34,278.83,285.43,264934.584
2026-03-23 20:00:00,285.43,295.86,283.51,293.07,171593.87
2026-03-24 00:00:00,293.07,315.82,288.35,313.71,484308.71
2026-03-24 04:00:00,313.7,320.47,301.08,318.75,587626.456
2026-03-24 08:00:00,318.76,320.99,296.17,308.35,538427.37
2026-03-24 12:00:00,308.34,314.87,302.63,309.56,418873.507
2026-03-24 16:00:00,309.57,329.31,309.02,327.12,553337.069
2026-03-24 20:00:00,327.12,338.98,322.15,336.3,493397.922
2026-03-25 00:00:00,336.3,344.13,330.22,335.36,452127.58
2026-03-25 04:00:00,335.36,347.98,330.3,341.35,381859.004
2026-03-25 08:00:00,341.36,371.31,340.48,361.58,801425.016
2026-03-25 12:00:00,361.6,369.0,344.13,362.05,1036146.224
2026-03-25 16:00:00,362.06,374.55,349.07,352.37,656479.922
2026-03-25 20:00:00,352.37,356.0,340.21,346.75,422993.637
2026-03-26 00:00:00,346.77,360.0,333.99,339.68,544551.955
2026-03-26 04:00:00,339.66,346.0,334.0,340.14,398883.367
2026-03-26 08:00:00,340.15,341.77,330.65,334.78,364304.811
2026-03-26 12:00:00,334.78,352.08,334.14,337.7,560160.955
2026-03-26 16:00:00,337.69,344.88,333.13,340.97,273175.286
2026-03-26 20:00:00,340.98,348.88,332.52,337.34,281517.471
2026-03-27 00:00:00,337.33,346.38,336.57,338.22,257770.026
2026-03-27 04:00:00,338.22,339.9,331.06,335.82,233582.092
2026-03-27 08:00:00,335.81,336.8,320.02,324.61,492341.604
2026-03-27 12:00:00,324.61,336.5,313.27,329.61,542696.349
2026-03-27 16:00:00,329.62,330.34,321.7,324.19,306576.941
2026-03-27 20:00:00,324.19,325.6,312.58,315.99,279912.923
2026-03-28 00:00:00,315.98,319.67,309.45,318.2,247908.778
2026-03-28 04:00:00,318.2,325.55,313.08,322.88,288691.202
2026-03-28 08:00:00,322.88,326.58,312.01,320.79,286652.66
2026-03-28 12:00:00,320.8,326.99,316.12,320.96,278832.648
2026-03-28 16:00:00,320.97,322.49,316.9,318.98,150680.65
2026-03-28 20:00:00,318.98,321.5,313.64,315.16,123168.686
2026-03-29 00:00:00,315.15,321.36,314.11,320.61,146946.606
2026-03-29 04:00:00,320.6,324.69,317.37,318.81,186235.399
2026-03-29 08:00:00,318.81,321.33,315.8,319.74,144813.768
2026-03-29 12:00:00,319.74,323.43,312.39,315.61,204065.917
2026-03-29 16:00:00,315.61,320.0,314.69,315.54,142684.345
2026-03-29 20:00:00,315.55,319.92,305.0,315.38,239991.04
2026-03-30 00:00:00,315.39,335.0,314.98,326.71,345843.484
2026-03-30 04:00:00,326.7,332.67,315.21,318.51,301213.466
2026-03-30 08:00:00,318.5,319.86,314.22,317.11,179459.393
2026-03-30 12:00:00,317.11,321.84,307.58,312.84,336592.432
2026-03-30 16:00:00,312.83,313.0,305.51,308.72,196477.106
2026-03-30 20:00:00,308.72,314.99,306.56,311.43,124696.078
2026-03-31 00:00:00,311.42,316.87,307.06,311.03,201930.356
2026-03-31 04:00:00,311.02,311.87,303.0,308.28,162872.904
2026-03-31 08:00:00,308.27,310.08,301.31,301.6,244266.049
2026-03-31 12:00:00,301.6,310.89,301.13,301.92,249026.117
2026-03-31 16:00:00,301.91,309.89,301.72,306.83,196568.967
2026-03-31 20:00:00,306.83,308.54,304.78,306.02,83179.038
2026-04-01 00:00:00,306.02,308.0,301.5,304.19,125574.777
2026-04-01 04:00:00,304.2,317.9,303.83,313.07,273606.783
2026-04-01 08:00:00,313.07,313.94,308.34,311.21,152606.848
2026-04-01 12:00:00,311.2,330.0,310.67,323.72,461453.591
2026-04-01 16:00:00,323.71,326.63,312.68,314.51,266281.115
2026-04-01 20:00:00,314.5,314.76,305.31,307.49,179890.549
2026-04-02 00:00:00,307.48,316.86,302.04,303.84,325301.438
2026-04-02 04:00:00,303.84,308.18,303.14,306.67,134685.951
2026-04-02 08:00:00,306.66,306.66,293.88,295.63,241827.421
2026-04-02 12:00:00,295.64,305.17,292.27,299.88,282576.952
2026-04-02 16:00:00,299.87,302.48,297.18,300.62,135446.022
2026-04-02 20:00:00,300.63,303.29,298.15,300.04,73593.231
2026-04-03 00:00:00,300.04,304.66,298.01,301.3,94297.364
2026-04-03 04:00:00,301.29,309.99,301.15,305.84,165039.359
2026-04-03 08:00:00,305.85,308.33,303.38,306.43,86253.171
2026-04-03 12:00:00,306.44,315.78,304.18,312.0,221705.181
2026-04-03 16:00:00,312.0,315.5,308.22,308.67,124063.805
2026-04-03 20:00:00,308.66,311.2,305.7,308.66,95483.569
2026-04-04 00:00:00,308.66,313.68,308.13,310.06,79959.565
2026-04-04 04:00:00,310.06,312.43,307.06,309.12,80288.335
2026-04-04 08:00:00,309.11,310.0,306.79,307.4,77076.314
2026-04-04 12:00:00,307.39,309.76,302.22,303.78,140423.433
2026-04-04 16:00:00,303.77,306.76,303.02,304.06,75359.258
2026-04-04 20:00:00,304.06,304.72,300.29,301.03,59558.77
2026-04-05 00:00:00,301.04,303.8,300.47,303.33,55928.103
2026-04-05 04:00:00,303.33,304.4,296.52,298.27,95931.466
2026-04-05 08:00:00,298.26,301.27,297.7,299.54,63804.567
2026-04-05 12:00:00,299.53,300.54,295.1,297.65,113429.436
2026-04-05 16:00:00,297.69,298.51,295.82,298.38,56756.594
2026-04-05 20:00:00,298.38,310.51,297.49,310.07,162265.723
2026-04-06 00:00:00,310.06,314.5,305.37,314.33,162707.506
2026-04-06 04:00:00,314.3,321.39,313.42,318.22,201816.816
2026-04-06 08:00:00,318.22,329.98,316.78,322.36,252321.474
2026-04-06 12:00:00,322.35,326.57,319.21,321.09,202044.233
2026-04-06 16:00:00,321.09,323.14,316.15,316.69,130153.941
2026-04-06 20:00:00,316.7,318.3,309.5,312.84,134971.285
2026-04-07 00:00:00,312.84,315.21,308.53,311.56,129148.207
2026-04-07 04:00:00,311.56,313.91,309.81,311.36,86945.482
2026-04-07 08:00:00,311.36,318.86,310.54,312.33,184547.527
2026-04-07 12:00:00,312.31,315.06,306.71,313.61,213590.986
2026-04-07 16:00:00,313.61,317.44,309.73,317.16,124201.846
2026-04-07 20:00:00,317.16,345.0,316.09,335.35,405491.337
2026-04-08 00:00:00,335.34,344.58,332.73,337.86,195754.794
2026-04-08 04:00:00,337.87,347.85,335.74,343.74,159257.676
2026-04-08 08:00:00,343.75,351.04,337.85,343.0,240751.95
2026-04-08 12:00:00,343.03,348.73,333.31,336.58,286867.259
2026-04-08 16:00:00,336.57,337.36,328.24,330.61,156049.19
2026-04-08 20:00:00,330.6,332.22,321.9,324.73,152423.695
2026-04-09 00:00:00,324.74,326.34,319.48,322.77,129570.576
2026-04-09 04:00:00,322.77,324.18,317.84,322.33,122884.655
2026-04-09 08:00:00,322.32,327.18,321.19,322.37,115509.329
2026-04-09 12:00:00,322.36,337.45,320.2,336.34,310273.981
2026-04-09 16:00:00,336.33,340.95,330.5,337.14,206583.821
2026-04-09 20:00:00,337.16,340.52,299.05,304.77,412096.842
2026-04-10 00:00:00,304.87,307.07,275.2,276.26,971018.67
2026-04-10 04:00:00,276.26,278.85,248.68,262.61,1145337.691
2026-04-10 08:00:00,262.62,273.81,258.94,263.46,480135.688
2026-04-10 12:00:00,263.46,273.39,258.85,268.09,471241.947
2026-04-10 16:00:00,268.08,272.2,263.38,265.28,242307.586
2026-04-10 20:00:00,265.27,266.0,255.23,257.58,323780.845
2026-04-11 00:00:00,257.57,267.42,252.96,262.46,314462.168
2026-04-11 04:00:00,262.47,265.49,258.65,260.69,178774.014
2026-04-11 08:00:00,260.7,268.06,258.64,266.7,184223.553
2026-04-11 12:00:00,266.7,267.93,261.81,263.47,171215.38
2026-04-11 16:00:00,263.46,273.25,262.27,271.58,268885.422
2026-04-11 20:00:00,271.59,281.19,268.14,273.49,365255.503
2026-04-12 00:00:00,273.48,275.31,260.36,262.73,316871.202
2026-04-12 04:00:00,262.73,263.61,260.12,261.09,132798.581
2026-04-12 08:00:00,261.09,267.56,260.81,264.46,162309.012
2026-04-12 12:00:00,264.45,264.57,256.72,257.96,212321.592
2026-04-12 16:00:00,257.96,263.31,256.72,261.47,124638.729
2026-04-12 20:00:00,261.46,263.79,257.65,259.08,117691.381
2026-04-13 00:00:00,259.09,266.42,258.01,259.66,144683.319
2026-04-13 04:00:00,259.66,262.2,257.5,258.39,122381.791
2026-04-13 08:00:00,258.39,261.73,257.12,261.21,100408.8
2026-04-13 12:00:00,261.21,264.09,253.6,254.03,231618.457
2026-04-13 16:00:00,254.02,258.66,249.65,257.66,241736.979
2026-04-13 20:00:00,257.65,263.67,253.13,260.7,198601.241
2026-04-14 00:00:00,260.69,260.97,253.69,256.38,157041.361
2026-04-14 04:00:00,256.37,257.5,251.11,252.27,133088.892
2026-04-14 08:00:00,252.26,253.4,247.02,249.68,160758.946
2026-04-14 12:00:00,249.68,253.58,246.4,247.43,261452.081
2026-04-14 16:00:00,247.42,248.19,237.27,239.86,357349.848
2026-04-14 20:00:00,239.85,242.46,238.15,239.17,99846.223
2026-04-15 00:00:00,239.17,249.0,236.45,246.63,193124.33
2026-04-15 04:00:00,246.63,248.11,242.49,243.05,106601.126
2026-04-15 08:00:00,243.06,249.65,242.88,247.61,133010.84
2026-04-15 12:00:00,247.61,250.49,244.1,246.22,126490.154
2026-04-15 16:00:00,246.21,247.98,243.32,245.31,98151.466
2026-04-15 20:00:00,245.31,245.37,239.68,241.36,122377.951
2026-04-16 00:00:00,241.37,244.73,238.81,244.01,111190.797
2026-04-16 04:00:00,244.0,245.44,240.73,242.15,88322.81
2026-04-16 08:00:00,242.15,242.39,237.38,239.12,100780.985
2026-04-16 12:00:00,239.12,244.43,233.89,241.34,294303.901
2026-04-16 16:00:00,241.33,243.8,235.45,243.54,164542.02
2026-04-16 20:00:00,243.55,253.07,242.55,252.62,161749.052
2026-04-17 00:00:00,252.61,257.72,249.46,252.98,205931.138
2026-04-17 04:00:00,252.99,253.96,244.1,246.05,123241.501
2026-04-17 08:00:00,246.04,254.71,245.54,254.71,157806.349
2026-04-17 12:00:00,254.7,262.65,251.02,261.44,276399.277
2026-04-17 16:00:00,261.41,267.13,256.94,261.56,240863.832
2026-04-17 20:00:00,261.57,263.16,256.0,257.21,97530.333
2026-04-18 00:00:00,257.2,259.22,251.56,253.36,108119.38
2026-04-18 04:00:00,253.36,257.44,251.85,254.99,70857.427
2026-04-18 08:00:00,255.0,255.3,245.56,248.12,146950.586
2026-04-18 12:00:00,248.12,251.5,247.17,247.88,99484.164
2026-04-18 16:00:00,247.89,248.64,243.85,245.24,108366.636
2026-04-18 20:00:00,245.23,248.4,242.09,243.11,59922.98
2026-04-19 00:00:00,243.12,243.31,239.66,241.14,89629.356
2026-04-19 04:00:00,241.13,244.5,239.68,243.95,80555.514
2026-04-19 08:00:00,243.94,249.59,242.83,248.96,95917.213
2026-04-19 12:00:00,248.97,250.32,243.75,246.0,142298.358
2026-04-19 16:00:00,246.01,246.64,237.71,240.63,128581.773
2026-04-19 20:00:00,240.63,244.08,237.33,239.55,93952.354
2026-04-20 00:00:00,239.56,244.0,239.28,242.46,75404.124
2026-04-20 04:00:00,242.46,246.09,239.4,243.13,88041.824
2026-04-20 08:00:00,243.1,245.5,242.3,243.41,67256.452
2026-04-20 12:00:00,243.41,245.24,239.82,245.08,97736.668
2026-04-20 16:00:00,245.08,249.35,244.41,247.42,94978.098
2026-04-20 20:00:00,247.41,248.59,243.53,244.05,45297.111
2026-04-21 00:00:00,244.04,246.53,243.17,244.6,52752.509
2026-04-21 04:00:00,244.61,247.19,243.43,246.47,50233.091
2026-04-21 08:00:00,246.47,249.73,246.37,247.78,71934.189
2026-04-21 12:00:00,247.77,248.11,242.0,244.58,99924.962
2026-04-21 16:00:00,244.58,245.06,240.02,240.72,85912.628
2026-04-21 20:00:00,240.73,245.29,240.31,244.93,48944.517
2026-04-22 00:00:00,244.96,247.0,241.49,245.73,81104.489
2026-04-22 04:00:00,245.74,249.48,245.68,248.14,71568.647
2026-04-22 08:00:00,248.14,249.6,245.08,246.28,76202.445
2026-04-22 12:00:00,246.29,248.56,243.3,243.58,97746.395
2026-04-22 16:00:00,243.58,249.0,243.27,245.77,65312.297
2026-04-22 20:00:00,245.77,249.18,244.36,245.5,65036.261
2026-04-23 00:00:00,245.51,246.49,240.71,242.41,93400.771
2026-04-23 04:00:00,242.4,243.7,240.88,241.73,62050.174
2026-04-23 08:00:00,241.72,243.64,240.51,243.13,70188.317
2026-04-23 12:00:00,243.13,245.89,242.1,244.02,93257.71
2026-04-23 16:00:00,244.02,246.76,240.77,244.7,111012.61
2026-04-23 20:00:00,244.7,253.44,244.64,252.59,127004.171
2026-04-24 00:00:00,252.59,254.85,244.23,244.94,111379.367
2026-04-24 04:00:00,244.94,247.65,243.23,245.38,83851.074
2026-04-24 08:00:00,245.39,248.72,243.96,248.19,81415.488
2026-04-24 12:00:00,248.2,249.04,244.34,247.46,101043.952
2026-04-24 16:00:00,247.47,251.23,246.13,250.88,74956.445
2026-04-24 20:00:00,250.89,252.62,247.6,248.63,56467.613
2026-04-25 00:00:00,248.63,250.33,246.77,249.68,40127.813
2026-04-25 04:00:00,249.69,252.15,247.06,249.34,56770.206
2026-04-25 08:00:00,249.33,251.77,249.2,251.2,38397.548
2026-04-25 12:00:00,251.21,253.26,247.55,248.39,66635.44
2026-04-25 16:00:00,248.4,249.54,245.2,245.63,74901.842
2026-04-25 20:00:00,245.63,247.56,244.78,247.49,35055.37
2026-04-26 00:00:00,247.49,247.49,244.5,245.48,31228.734
2026-04-26 04:00:00,245.47,248.06,244.88,247.2,36677.205
2026-04-26 08:00:00,247.21,248.3,245.79,247.69,26353.32
2026-04-26 12:00:00,247.69,249.01,245.25,248.94,54662.09
2026-04-26 16:00:00,248.94,252.22,247.38,251.54,57430.913
2026-04-26 20:00:00,251.54,252.49,248.23,251.09,61596.998
2026-04-27 00:00:00,251.1,255.97,251.05,255.13,82871.07
2026-04-27 04:00:00,255.14,256.96,247.41,247.98,136157.775
2026-04-27 08:00:00,247.96,251.0,247.15,249.66,52269.942
2026-04-27 12:00:00,249.66,251.66,244.06,245.78,160041.536
2026-04-27 16:00:00,245.78,247.88,244.1,245.87,55336.067
2026-04-27 20:00:00,245.87,248.22,245.14,248.0,27608.448
2026-04-28 00:00:00,248.0,249.96,245.9,247.83,56660.542
2026-04-28 04:00:00,247.83,249.6,246.45,248.94,61095.217
2026-04-28 08:00:00,248.94,250.7,247.6,250.3,64609.948
2026-04-28 12:00:00,250.29,256.51,248.42,256.19,145884.007
2026-04-28 16:00:00,256.17,260.17,253.81,257.05,162295.047
2026-04-28 20:00:00,257.05,258.81,255.5,258.13,50607.542
2026-04-29 00:00:00,258.14,264.88,256.88,264.44,100360.236
2026-04-29 04:00:00,264.44,266.36,260.45,260.76,99918.052
2026-04-29 08:00:00,260.76,263.17,258.0,258.35,108883.004
2026-04-29 12:00:00,258.34,258.86,250.07,252.01,151651.345
2026-04-29 16:00:00,252.02,252.44,248.09,251.77,114715.106
2026-04-29 20:00:00,251.77,257.77,251.67,253.9,75216.884
2026-04-30 00:00:00,253.91,254.21,249.47,250.31,75513.589
2026-04-30 04:00:00,250.31,251.31,248.63,250.18,49743.739
2026-04-30 08:00:00,250.17,250.88,248.6,250.12,40870.492
2026-04-30 12:00:00,250.13,251.61,246.5,249.96,80550.41
2026-04-30 16:00:00,249.97,250.53,248.42,249.18,41576.035
2026-04-30 20:00:00,249.18,250.62,247.78,248.95,26286.978
2026-05-01 00:00:00,248.96,253.83,248.96,253.37,52692.862
2026-05-01 04:00:00,253.37,255.8,252.04,255.1,72810.244
2026-05-01 08:00:00,255.1,265.15,254.61,261.88,168846.969
2026-05-01 12:00:00,261.88,272.61,260.94,271.92,233041.143
2026-05-01 16:00:00,271.91,275.42,269.22,272.85,182059.72
2026-05-01 20:00:00,272.86,274.12,267.85,270.68,89117.201
2026-05-02 00:00:00,270.68,273.63,268.88,273.5,58436.187
2026-05-02 04:00:00,273.49,278.5,270.75,273.6,96093.911
2026-05-02 08:00:00,273.6,275.41,272.07,273.99,61053.147
2026-05-02 12:00:00,274.0,277.75,273.0,277.53,78914.178
2026-05-02 16:00:00,277.53,290.69,275.53,290.01,145582.823
2026-05-02 20:00:00,290.0,291.99,285.33,286.89,113476.856
2026-05-03 00:00:00,286.9,287.32,280.99,285.21,87193.831
2026-05-03 04:00:00,285.21,292.25,284.81,290.44,88746.868
2026-05-03 08:00:00,290.44,290.88,282.5,287.95,100652.538
2026-05-03 12:00:00,287.95,291.22,285.47,289.47,82806.932
2026-05-03 16:00:00,289.48,291.55,287.71,290.85,54618.751
2026-05-03 20:00:00,290.85,295.87,288.23,289.22,83334.208
2026-05-04 00:00:00,289.22,294.79,286.14,293.26,104006.871
2026-05-04 04:00:00,293.25,295.11,285.53,289.52,94360.059
2026-05-04 08:00:00,289.51,292.96,280.4,282.89,158016.25
2026-05-04 12:00:00,282.88,286.65,276.3,279.27,141395.193
2026-05-04 16:00:00,279.27,284.56,277.37,282.19,75873.783
2026-05-04 20:00:00,282.2,287.76,280.74,284.7,55375.964
2026-05-05 00:00:00,284.71,290.34,283.13,286.23,65744.194
2026-05-05 04:00:00,286.23,287.08,283.28,284.51,51785.44
2026-05-05 08:00:00,284.5,288.4,282.1,287.7,69906.058
2026-05-05 12:00:00,287.69,288.72,282.26,283.17,101688.777
2026-05-05 16:00:00,283.17,286.61,280.58,286.06,82013.11
2026-05-05 20:00:00,286.05,305.0,285.19,292.31,269215.589
2026-05-06 00:00:00,292.32,296.87,283.34,286.43,173545.491
2026-05-06 04:00:00,286.42,294.68,284.81,292.29,116905.171
2026-05-06 08:00:00,292.28,312.85,291.45,312.69,226868.214
2026-05-06 12:00:00,312.68,323.7,302.02,318.0,321272.491
2026-05-06 16:00:00,317.99,320.76,310.23,312.8,148456.187
2026-05-06 20:00:00,312.81,315.88,304.42,308.89,98039.392
2026-05-07 00:00:00,308.89,310.66,303.28,306.28,99874.355
2026-05-07 04:00:00,306.26,313.48,305.11,311.5,94484.914
2026-05-07 08:00:00,311.49,315.31,304.79,313.24,114693.152
2026-05-07 12:00:00,313.23,315.57,304.16,304.69,161142.828
2026-05-07 16:00:00,304.69,311.83,302.15,305.12,116470.169
2026-05-07 20:00:00,305.12,307.23,296.01,302.19,120969.586
2026-05-08 00:00:00,302.2,304.19,298.57,302.28,52308.739
2026-05-08 04:00:00,302.28,305.32,299.68,303.15,51723.675
2026-05-08 08:00:00,303.15,313.34,302.91,308.4,156166.126
2026-05-08 12:00:00,308.38,314.28,304.42,310.92,125256.93
2026-05-08 16:00:00,310.93,317.67,309.42,312.95,104025.478
2026-05-08 20:00:00,312.95,318.32,311.75,316.36,63544.233
2026-05-09 00:00:00,316.36,317.64,310.59,311.94,57149.697
2026-05-09 04:00:00,311.93,314.46,309.12,312.87,57609.169
2026-05-09 08:00:00,312.91,314.2,307.61,309.43,74155.918
2026-05-09 12:00:00,309.43,310.55,305.11,306.51,61106.912
2026-05-09 16:00:00,306.52,311.71,305.73,310.7,46539.224
2026-05-09 20:00:00,310.7,311.2,307.34,307.69,30416.778
2026-05-10 00:00:00,307.7,314.62,306.18,313.36,79083.846
2026-05-10 04:00:00,313.37,314.19,308.7,313.31,46369.252
2026-05-10 08:00:00,313.31,316.29,310.55,314.15,90325.399
2026-05-10 12:00:00,314.14,329.44,312.73,318.22,246095.483
2026-05-10 16:00:00,318.21,333.16,317.54,329.1,201178.286
2026-05-10 20:00:00,329.1,330.94,311.31,320.24,192275.931
2026-05-11 00:00:00,320.24,325.0,312.77,317.86,124923.73
2026-05-11 04:00:00,317.85,323.62,316.41,319.42,64777.123
2026-05-11 08:00:00,319.41,326.97,316.76,322.1,99767.64
2026-05-11 12:00:00,322.09,328.25,316.16,324.18,139407.658
2026-05-11 16:00:00,324.18,327.96,318.96,326.06,98003.337
2026-05-11 20:00:00,326.05,328.82,318.04,320.43,82992.033
2026-05-12 00:00:00,320.44,321.32,315.39,316.96,74975.566
2026-05-12 04:00:00,316.95,322.88,316.15,319.56,72626.48
2026-05-12 08:00:00,319.57,320.09,310.2,311.55,115263.793
2026-05-12 12:00:00,311.55,314.07,305.4,306.3,151942.344
2026-05-12 16:00:00,306.31,309.83,304.27,309.35,69671.176
2026-05-12 20:00:00,309.36,312.52,308.08,309.26,57717.675
2026-05-13 00:00:00,309.26,313.96,308.83,312.66,56411.916
2026-05-13 04:00:00,312.67,312.91,301.0,305.63,118986.793
2026-05-13 08:00:00,305.63,308.17,302.0,303.22,78409.012
2026-05-13 12:00:00,303.22,303.9,290.42,291.3,190968.37
2026-05-13 16:00:00,291.31,295.33,291.2,293.24,62823.51
2026-05-13 20:00:00,293.24,297.34,293.0,294.61,53365.208
2026-05-14 00:00:00,294.61,298.14,292.11,293.15,59416.485
2026-05-14 04:00:00,293.15,296.54,292.64,295.5,41385.841
2026-05-14 08:00:00,295.5,298.24,293.92,296.01,56955.577
2026-05-14 12:00:00,296.01,307.18,295.77,305.41,118968.023
2026-05-14 16:00:00,305.41,308.57,303.6,305.19,89812.14
2026-05-14 20:00:00,305.19,309.23,302.25,304.54,49906.836
2026-05-15 00:00:00,304.54,308.33,302.86,304.27,62073.127
2026-05-15 04:00:00,304.26,305.91,299.5,303.08,83889.823
2026-05-15 08:00:00,303.09,303.16,298.14,300.09,51658.873
2026-05-15 12:00:00,300.09,300.34,285.33,286.27,189074.505
2026-05-15 16:00:00,286.26,289.7,284.44,287.21,56150.198
2026-05-15 20:00:00,287.22,287.78,284.15,285.17,48748.997
2026-05-16 00:00:00,285.18,286.42,281.23,282.45,49120.797
2026-05-16 04:00:00,282.46,282.84,267.66,271.17,155710.739
2026-05-16 08:00:00,271.16,274.22,269.33,271.88,71471.541
2026-05-16 12:00:00,271.88,273.97,270.29,273.08,42958.204
2026-05-16 16:00:00,273.07,276.4,272.63,275.54,35234.267
2026-05-16 20:00:00,275.56,275.92,272.79,273.36,23363.798
2026-05-17 00:00:00,273.37,273.95,265.78,268.15,72513.656
2026-05-17 04:00:00,268.13,274.9,267.63,272.25,72225.752
2026-05-17 08:00:00,272.25,274.08,269.04,273.62,46865.218
2026-05-17 12:00:00,273.61,275.0,269.5,271.12,53553.688
2026-05-17 16:00:00,271.12,271.7,267.53,269.37,58058.614
2026-05-17 20:00:00,269.37,269.89,257.01,263.08,197552.242
2026-05-18 00:00:00,263.07,264.65,258.53,260.59,87553.874
2026-05-18 04:00:00,260.59,261.27,256.2,256.29,83728.947
2026-05-18 08:00:00,256.3,260.45,255.6,258.3,65839.204
2026-05-18 12:00:00,258.31,261.8,255.15,257.49,104558.636
2026-05-18 16:00:00,257.5,259.43,253.74,258.75,80627.331
2026-05-18 20:00:00,258.76,264.95,258.66,261.37,78753.636
2026-05-19 00:00:00,261.38,264.08,259.67,261.65,59043.653
2026-05-19 04:00:00,261.66,264.52,259.82,263.33,44664.401
2026-05-19 08:00:00,263.34,263.51,257.21,258.16,64900.596
2026-05-19 12:00:00,258.16,261.42,255.03,257.21,58809.577
2026-05-19 16:00:00,257.22,259.7,255.89,258.14,45047.879
2026-05-19 20:00:00,258.14,260.09,256.39,257.06,23163.87
2026-05-20 00:00:00,257.05,258.35,255.53,257.07,29939.92
2026-05-20 04:00:00,257.07,262.94,256.1,261.14,69606.804
2026-05-20 08:00:00,261.14,264.0,260.86,262.2,50530.599
2026-05-20 12:00:00,262.2,274.48,261.85,273.87,140326.286
2026-05-20 16:00:00,273.86,276.33,268.1,274.72,121219.976
2026-05-20 20:00:00,274.71,275.81,269.71,272.06,67380.873
2026-05-21 00:00:00,272.05,277.9,271.36,277.52,68109.946
2026-05-21 04:00:00,277.52,283.39,275.92,282.64,123373.651
2026-05-21 08:00:00,282.64,289.11,278.23,279.5,132178.13
2026-05-21 12:00:00,279.5,281.24,274.31,277.88,139642.217
2026-05-21 16:00:00,277.88,287.61,277.06,282.78,116235.25
2026-05-21 20:00:00,282.79,285.27,279.16,279.76,49457.693
2026-05-22 00:00:00,279.75,281.53,276.1,280.29,72444.51
2026-05-22 04:00:00,280.3,284.8,279.16,283.13,67726.263
2026-05-22 08:00:00,283.13,292.17,280.55,291.79,90951.7
2026-05-22 12:00:00,291.8,294.0,279.36,280.91,157967.087
2026-05-22 16:00:00,280.91,285.28,269.02,272.13,178102.665
2026-05-22 20:00:00,272.12,274.65,262.58,265.0,122310.841
2026-05-23 00:00:00,265.01,266.49,262.11,265.91,75300.959
2026-05-23 04:00:00,265.91,266.26,252.69,257.57,110448.674
2026-05-23 08:00:00,257.56,261.48,255.33,260.59,68469.388
2026-05-23 12:00:00,260.58,272.55,258.44,271.41,153840.165
2026-05-23 16:00:00,271.39,276.61,267.44,275.94,118965.708
2026-05-23 20:00:00,275.94,288.08,274.84,279.52,206385.026
2026-05-24 00:00:00,279.53,281.9,277.12,278.59,70642.61
2026-05-24 04:00:00,278.6,281.83,275.81,279.62,66141.896
2026-05-24 08:00:00,279.62,282.74,277.9,280.28,59446.807
2026-05-24 12:00:00,280.29,280.37,269.45,275.42,100613.978
2026-05-24 16:00:00,275.44,278.98,274.17,274.88,62692.275
2026-05-24 20:00:00,274.89,276.14,268.18,274.7,65387.177
2026-05-25 00:00:00,274.72,275.79,271.0,271.07,51990.381
2026-05-25 04:00:00,271.07,278.38,271.02,276.62,50454.949
2026-05-25 08:00:00,276.62,280.71,275.76,277.93,64642.17
2026-05-25 12:00:00,277.88,280.62,276.04,278.27,102243.335
2026-05-25 16:00:00,278.28,285.86,275.21,282.96,104055.092
2026-05-25 20:00:00,282.95,285.97,278.0,279.51,65971.048
2026-05-26 00:00:00,279.46,281.18,273.43,276.98,138586.224
2026-05-26 04:00:00,276.97,288.87,276.6,281.35,168120.137
2026-05-26 08:00:00,281.36,290.54,281.03,287.1,179910.086
2026-05-26 12:00:00,287.1,291.36,280.67,285.43,189691.743
2026-05-26 16:00:00,285.42,289.66,278.43,281.39,144858.015
2026-05-26 20:00:00,281.4,282.32,277.67,278.2,58309.659
2026-05-27 00:00:00,278.19,286.58,273.99,274.59,105845.612
2026-05-27 04:00:00,274.6,277.12,270.0,275.57,89425.371
2026-05-27 08:00:00,275.57,278.33,273.01,276.71,55063.906
2026-05-27 12:00:00,276.71,281.35,271.44,277.93,133991.357
2026-05-27 16:00:00,277.93,279.68,267.27,273.38,99830.351
2026-05-27 20:00:00,273.39,274.7,265.01,266.68,77083.013
2026-05-28 00:00:00,266.68,267.48,257.8,258.61,136699.427
2026-05-28 04:00:00,258.6,260.8,254.74,259.7,122815.038
2026-05-28 08:00:00,259.71,262.81,257.82,257.88,73188.798
2026-05-28 12:00:00,257.88,261.11,253.44,255.86,119117.847
2026-05-28 16:00:00,255.86,264.24,254.11,262.59,85221.823
2026-05-28 20:00:00,262.58,264.74,259.07,261.03,45660.058
2026-05-29 00:00:00,261.01,263.45,256.1,256.86,57906.434
2026-05-29 04:00:00,256.86,260.94,253.45,258.18,72041.438
2026-05-29 08:00:00,258.18,260.0,254.36,255.81,53423.868
2026-05-29 12:00:00,255.8,260.31,246.44,258.05,234065.75
2026-05-29 16:00:00,258.1,259.62,247.07,249.16,145950.711
2026-05-29 20:00:00,249.15,251.12,245.37,250.15,62860.633
2026-05-30 00:00:00,250.15,253.96,249.78,250.02,52111.973
2026-05-30 04:00:00,250.02,252.67,246.56,249.42,77735.509
2026-05-30 08:00:00,249.42,254.16,249.26,252.14,54440.571
2026-05-30 12:00:00,252.13,256.33,251.3,254.39,75622.804
2026-05-30 16:00:00,254.39,255.29,252.31,253.36,44338.978
2026-05-30 20:00:00,253.37,257.55,253.01,254.47,46263.752
2026-05-31 00:00:00,254.48,260.19,254.04,259.53,59075.192
2026-05-31 04:00:00,259.53,260.3,255.7,256.46,68632.406
2026-05-31 08:00:00,256.47,260.2,255.91,258.59,55585.681
2026-05-31 12:00:00,258.59,259.54,252.23,253.26,80713.84
2026-05-31 16:00:00,253.25,254.01,249.67,252.54,70710.507
2026-05-31 20:00:00,252.54,258.5,252.54,255.6,44470.694
2026-06-01 00:00:00,255.6,258.9,250.6,256.8,86401.628
2026-06-01 04:00:00,256.79,257.77,248.38,248.97,81595.593
2026-06-01 08:00:00,248.98,252.39,248.3,250.94,50984.44
2026-06-01 12:00:00,250.94,251.5,244.06,247.63,153574.053
2026-06-01 16:00:00,247.64,257.01,245.39,256.64,119922.642
2026-06-01 20:00:00,256.64,256.96,249.57,252.87,85642.34
2026-06-02 00:00:00,252.86,254.05,244.8,253.43,84263.113
2026-06-02 04:00:00,253.44,255.12,248.3,249.13,113185.495
2026-06-02 08:00:00,249.13,250.58,245.49,247.82,79927.365
2026-06-02 12:00:00,247.82,250.31,235.59,239.18,201500.256
2026-06-02 16:00:00,239.17,245.48,231.84,236.6,133716.159
2026-06-02 20:00:00,236.61,239.92,222.13,225.91,213336.142
2026-06-03 00:00:00,225.92,229.71,219.84,221.34,116325.183
2026-06-03 04:00:00,221.33,236.39,221.2,235.35,126684.519
2026-06-03 08:00:00,235.34,235.54,230.61,231.02,111469.026
2026-06-03 12:00:00,231.02,233.69,227.03,228.49,182165.231
2026-06-03 16:00:00,228.49,230.35,224.0,224.64,122974.958
2026-06-03 20:00:00,224.63,231.52,221.51,226.28,114108.499
2026-06-04 00:00:00,226.28,229.6,203.66,223.55,303505.988
2026-06-04 04:00:00,223.56,225.35,215.23,215.38,125857.795
2026-06-04 08:00:00,215.38,219.12,210.17,213.84,145250.773
2026-06-04 12:00:00,213.85,219.97,211.68,218.73,126226.809
2026-06-04 16:00:00,218.74,220.6,214.35,216.11,87402.94
2026-06-04 20:00:00,216.1,216.27,205.7,211.66,146306.823
2026-06-05 00:00:00,211.65,212.84,203.1,203.52,120156.854
2026-06-05 04:00:00,203.53,208.36,192.89,202.69,258910.364
2026-06-05 08:00:00,202.69,203.12,196.26,196.47,109598.332
2026-06-05 12:00:00,196.46,201.62,190.95,193.78,192306.792
2026-06-05 16:00:00,193.77,201.08,186.36,193.09,231027.239
2026-06-05 20:00:00,193.09,199.14,191.24,194.94,137579.916
2026-06-06 00:00:00,194.93,198.43,191.1,191.71,84362.846
2026-06-06 04:00:00,191.7,195.87,183.16,194.09,163617.607
2026-06-06 08:00:00,194.09,197.82,190.12,194.32,125900.535
2026-06-06 12:00:00,194.32,198.54,192.89,195.56,95046.577
2026-06-06 16:00:00,195.55,197.2,193.16,193.99,60053.464
2026-06-06 20:00:00,193.98,195.06,191.89,193.62,48676.269
2026-06-07 00:00:00,193.63,204.19,192.69,202.92,106897.636
2026-06-07 04:00:00,202.91,211.58,201.07,210.91,132723.823
2026-06-07 08:00:00,210.9,214.75,207.41,209.6,126453.859
2026-06-07 12:00:00,209.6,212.7,205.09,211.35,110778.354
2026-06-07 16:00:00,211.35,211.61,203.42,204.37,85430.858
2026-06-07 20:00:00,204.36,220.13,203.78,213.97,137908.893
2026-06-08 00:00:00,213.97,217.26,210.29,211.44,70466.424
2026-06-08 04:00:00,211.45,211.75,206.62,211.11,67674.516
2026-06-08 08:00:00,211.11,213.74,208.28,212.6,98142.256
2026-06-08 12:00:00,212.62,217.5,210.41,215.88,92571.238
2026-06-08 16:00:00,215.88,219.62,214.66,217.91,73610.084
2026-06-08 20:00:00,217.92,218.76,214.41,215.27,61354.65
2026-06-09 00:00:00,215.27,216.03,209.7,212.18,70294.408
2026-06-09 04:00:00,212.19,218.78,211.53,217.2,62401.7
2026-06-09 08:00:00,217.21,217.4,212.87,215.52,52718.752
2026-06-09 12:00:00,215.51,217.08,208.13,208.16,92008.701
2026-06-09 16:00:00,208.15,211.19,204.63,210.13,95492.995
2026-06-09 20:00:00,210.13,211.8,204.78,206.02,45571.158
2026-06-10 00:00:00,206.02,211.07,204.94,206.98,65083.076
2026-06-10 04:00:00,207.0,208.46,203.43,206.56,48802.488
2026-06-10 08:00:00,206.57,207.43,202.59,203.7,60016.205
2026-06-10 12:00:00,203.71,214.34,203.1,209.96,128464.052
2026-06-10 16:00:00,209.99,210.59,201.19,202.13,86345.982
2026-06-10 20:00:00,202.13,203.19,197.49,200.69,82234.329
2026-06-11 00:00:00,200.7,211.03,200.56,208.98,64709.49
2026-06-11 04:00:00,208.99,209.88,206.89,208.75,50742.275
2026-06-11 08:00:00,208.75,210.85,207.5,209.52,56105.414
2026-06-11 12:00:00,209.53,209.62,205.81,208.26,65416.139
2026-06-11 16:00:00,208.26,214.03,204.92,213.61,96543.448
2026-06-11 20:00:00,213.61,218.03,212.23,213.7,59575.657
2026-06-12 00:00:00,213.69,214.83,210.85,214.05,31407.506
2026-06-12 04:00:00,214.05,215.3,208.29,211.07,44689.013
2026-06-12 08:00:00,211.06,215.27,210.86,213.19,37421.398
2026-06-12 12:00:00,213.19,217.86,210.4,212.22,95707.964
2026-06-12 16:00:00,212.21,214.91,211.6,212.11,43825.996
2026-06-12 20:00:00,212.11,213.62,210.77,212.1,25957.17
2026-06-13 00:00:00,212.1,217.46,211.85,217.15,49341.531
2026-06-13 04:00:00,217.15,236.76,213.37,234.51,227757.549
2026-06-13 08:00:00,234.51,249.43,232.12,245.86,322779.56
2026-06-13 12:00:00,245.89,269.27,244.74,262.67,549457.206
2026-06-13 16:00:00,262.68,277.21,250.64,251.31,645139.588
2026-06-13 20:00:00,251.32,266.6,250.23,262.76,262098.09
2026-06-14 00:00:00,262.76,276.67,261.26,275.44,295857.085
2026-06-14 04:00:00,275.44,282.06,267.52,269.39,327546.929
2026-06-14 08:00:00,269.39,276.71,264.63,270.23,290734.725
2026-06-14 12:00:00,270.24,270.61,256.8,262.63,291093.287
2026-06-14 16:00:00,262.62,268.48,259.33,263.96,165241.77
2026-06-14 20:00:00,263.96,276.38,261.57,270.84,243405.121
2026-06-15 00:00:00,270.85,285.0,266.7,275.89,251128.708
2026-06-15 04:00:00,275.89,289.37,271.69,279.83,248984.508
2026-06-15 08:00:00,279.84,292.0,259.19,278.98,582471.82
2026-06-15 12:00:00,278.98,284.98,270.01,273.79,249079.597
2026-06-15 16:00:00,273.78,275.71,268.54,269.33,114738.275
2026-06-15 20:00:00,269.31,271.25,261.23,266.25,120669.928
2026-06-16 00:00:00,266.26,268.11,258.51,262.75,130436.575
2026-06-16 04:00:00,262.76,269.64,259.15,269.11,97083.005
2026-06-16 08:00:00,269.11,270.9,263.04,263.75,123757.986
2026-06-16 12:00:00,263.75,267.18,251.83,253.38,239049.77
2026-06-16 16:00:00,253.37,256.79,249.05,252.45,137709.372
2026-06-16 20:00:00,252.45,258.88,252.17,257.32,107876.353
2026-06-17 00:00:00,257.33,263.15,256.3,257.34,103295.357
2026-06-17 04:00:00,257.34,260.74,252.49,254.99,119107.165
2026-06-17 08:00:00,254.99,255.35,249.73,252.66,104303.036
2026-06-17 12:00:00,252.67,259.58,249.07,259.12,137150.455
2026-06-17 16:00:00,259.12,260.43,245.54,246.37,176821.552
2026-06-17 20:00:00,246.38,248.33,241.74,246.31,109248.688
2026-06-18 00:00:00,246.32,248.8,244.91,245.85,59964.75
2026-06-18 04:00:00,245.84,246.11,239.34,242.67,97813.532
2026-06-18 08:00:00,242.67,243.8,237.74,239.13,84596.785
2026-06-18 12:00:00,239.14,241.87,232.21,233.11,142244.62
2026-06-18 16:00:00,233.09,236.24,230.06,235.15,113769.241
2026-06-18 20:00:00,235.15,238.5,233.53,235.9,60909.497
2026-06-19 00:00:00,235.91,236.1,228.61,229.75,65333.92
2026-06-19 04:00:00,229.75,231.37,226.21,227.49,82247.079
2026-06-19 08:00:00,227.52,228.64,224.6,225.6,61407.858
2026-06-19 12:00:00,225.57,230.24,223.13,224.24,103576.554
2026-06-19 16:00:00,224.24,227.41,221.98,223.46,110090.703
2026-06-19 20:00:00,223.47,229.75,222.45,228.61,76582.565
2026-06-20 00:00:00,228.61,229.61,226.16,227.76,55044.695
2026-06-20 04:00:00,227.77,234.83,227.47,231.27,133010.163
2026-06-20 08:00:00,231.27,232.46,228.74,229.98,71904.249
2026-06-20 12:00:00,229.97,234.5,227.18,233.51,125061.176
2026-06-20 16:00:00,233.51,233.65,226.0,228.43,88235.534
2026-06-20 20:00:00,228.43,233.57,228.31,231.45,44245.713
2026-06-21 00:00:00,231.45,238.5,229.16,237.45,67331.655
2026-06-21 04:00:00,237.45,241.99,234.59,236.06,124678.379
2026-06-21 08:00:00,236.06,237.85,233.0,233.92,102754.157
2026-06-21 12:00:00,233.91,237.55,231.63,236.45,88536.465
2026-06-21 16:00:00,236.42,239.72,233.19,238.52,79498.921
2026-06-21 20:00:00,238.52,238.6,227.82,228.67,105948.526
2026-06-22 00:00:00,228.67,236.25,228.09,228.48,90784.484
2026-06-22 04:00:00,228.48,233.28,227.49,231.86,62847.627
2026-06-22 08:00:00,231.86,235.34,230.86,234.24,64204.831
2026-06-22 12:00:00,234.25,235.99,228.74,228.99,96595.503
2026-06-22 16:00:00,229.0,232.02,227.61,230.8,69344.803
2026-06-22 20:00:00,230.82,233.09,226.86,227.87,65323.007
2026-06-23 00:00:00,227.87,229.07,223.84,225.21,96306.519
2026-06-23 04:00:00,225.22,226.7,218.8,222.48,133607.805
2026-06-23 08:00:00,222.49,222.89,216.05,221.16,125936.048
2026-06-23 12:00:00,221.17,221.42,214.05,215.92,117918.057
2026-06-23 16:00:00,215.92,219.5,214.84,218.16,63233.767
2026-06-23 20:00:00,218.17,221.25,217.77,220.46,51528.562
2026-06-24 00:00:00,220.47,222.9,218.16,220.01,47654.886
2026-06-24 04:00:00,220.01,226.0,217.9,221.06,86661.93
2026-06-24 08:00:00,221.07,223.3,218.55,221.86,54105.423
2026-06-24 12:00:00,221.86,222.11,214.73,215.54,101975.415
2026-06-24 16:00:00,215.54,216.72,205.75,213.72,176638.695
2026-06-24 20:00:00,213.72,220.16,213.32,219.3,67603.017
2026-06-25 00:00:00,219.3,221.13,218.24,218.89,33445.292
2026-06-25 04:00:00,218.88,223.5,217.23,222.59,49825.8
2026-06-25 08:00:00,222.59,223.61,216.72,217.95,49495.21
2026-06-25 12:00:00,217.96,219.17,204.25,212.75,174800.772
2026-06-25 16:00:00,212.76,214.78,208.13,210.03,78702.125
2026-06-25 20:00:00,210.02,213.93,209.11,212.42,46246.737
2026-06-26 00:00:00,212.43,213.01,204.7,211.08,79972.504
2026-06-26 04:00:00,211.08,217.36,209.95,216.52,68569.495
2026-06-26 08:00:00,216.51,216.9,208.33,208.84,74684.503
2026-06-26 12:00:00,208.8,214.65,206.7,213.46,124229.261
2026-06-26 16:00:00,213.45,216.91,212.59,212.84,85432.264
2026-06-26 20:00:00,212.87,215.46,211.82,214.36,40495.596
2026-06-27 00:00:00,214.37,214.78,212.07,213.32,35013.09
2026-06-27 04:00:00,213.33,214.86,212.3,214.32,30922.452
2026-06-27 08:00:00,214.32,214.38,211.27,212.2,34415.337
2026-06-27 12:00:00,212.19,215.41,211.47,214.53,52310.681
2026-06-27 16:00:00,214.52,214.63,208.88,209.16,66117.338
2026-06-27 20:00:00,209.16,210.92,207.06,208.92,47500.11
2026-06-28 00:00:00,208.92,210.5,207.98,208.98,31173.834
2026-06-28 04:00:00,208.99,209.04,206.8,208.35,33917.707
2026-06-28 08:00:00,208.35,210.78,207.14,208.48,44847.836
2026-06-28 12:00:00,208.47,209.33,206.9,208.36,46432.84
2026-06-28 16:00:00,208.37,208.69,202.42,204.27,66141.182
2026-06-28 20:00:00,204.26,206.49,202.01,205.13,59970.143
2026-06-29 00:00:00,205.13,209.11,203.59,207.88,53961.662
2026-06-29 04:00:00,207.88,208.25,204.16,206.41,42883.075
2026-06-29 08:00:00,206.4,206.98,204.5,205.3,43862.825
2026-06-29 12:00:00,205.29,208.75,201.09,203.71,134267.955
2026-06-29 16:00:00,203.72,210.67,203.15,208.96,80958.542
2026-06-29 20:00:00,208.96,209.17,206.87,208.35,32587.35
2026-06-30 00:00:00,208.35,209.1,204.54,205.86,36995.522
2026-06-30 04:00:00,205.87,207.07,205.01,206.16,27051.197
2026-06-30 08:00:00,206.15,206.23,202.45,203.34,56767.164
2026-06-30 12:00:00,203.34,205.74,200.56,202.5,100354.95
2026-06-30 16:00:00,202.5,204.9,201.87,202.72,39247.383
2026-06-30 20:00:00,202.71,202.72,199.42,201.99,43933.874
2026-07-01 00:00:00,201.99,203.45,196.41,203.04,85109.796
2026-07-01 04:00:00,203.04,204.82,196.36,197.29,70885.575
2026-07-01 08:00:00,197.28,199.1,195.8,197.08,73850.388
2026-07-01 12:00:00,197.07,206.16,195.49,205.04,123688.874
2026-07-01 16:00:00,205.05,206.31,202.64,203.67,64584.117
2026-07-01 20:00:00,203.68,209.61,202.01,202.64,72276.662
2026-07-02 00:00:00,202.65,208.56,201.53,208.09,48402.521
2026-07-02 04:00:00,208.1,208.38,202.6,203.91,50248.895
2026-07-02 08:00:00,203.91,213.42,203.67,212.37,81363.115
2026-07-02 12:00:00,212.36,219.36,210.64,212.0,159837.51
2026-07-02 16:00:00,212.0,213.64,209.4,210.18,69911.546
2026-07-02 20:00:00,210.18,210.97,207.72,209.24,36045.745
2026-07-03 00:00:00,209.23,214.55,208.07,212.54,48889.244
2026-07-03 04:00:00,212.55,215.06,210.69,213.37,44092.116
2026-07-03 08:00:00,213.38,217.3,212.86,216.43,64423.765
2026-07-03 12:00:00,216.44,217.97,213.74,215.03,84423.718
2026-07-03 16:00:00,215.02,215.89,213.82,214.61,37971.771
2026-07-03 20:00:00,214.6,217.51,214.21,215.1,43405.034
2026-07-04 00:00:00,215.09,216.68,213.0,213.82,33837.862
2026-07-04 04:00:00,213.82,215.73,212.54,213.56,41451.131
2026-07-04 08:00:00,213.56,214.19,211.29,212.25,36907.41
2026-07-04 12:00:00,212.25,215.93,211.97,214.9,47559.842
2026-07-04 16:00:00,214.9,219.23,214.4,217.07,87435.165
2026-07-04 20:00:00,217.07,218.18,215.46,216.61,42083.471
2026-07-05 00:00:00,216.61,216.99,211.44,211.93,46020.946
2026-07-05 04:00:00,211.92,213.72,211.55,213.41,31191.414
2026-07-05 08:00:00,213.41,213.81,208.5,210.96,57091.55
2026-07-05 12:00:00,210.95,214.3,210.34,212.29,50833.774
2026-07-05 16:00:00,212.29,213.1,210.86,212.89,34328.31
2026-07-05 20:00:00,212.89,216.96,212.43,215.15,45456.695
2026-07-06 00:00:00,215.12,218.49,213.37,214.89,62839.033
2026-07-06 04:00:00,214.89,215.17,211.0,212.74,41152.717
2026-07-06 08:00:00,212.74,213.52,210.2,210.51,37009.33
2026-07-06 12:00:00,210.51,212.85,206.07,212.39,111987.826
2026-07-06 16:00:00,212.39,216.49,211.51,215.19,81558.463
2026-07-06 20:00:00,215.18,219.13,214.26,214.63,59814.492
2026-07-07 00:00:00,214.64,216.64,210.24,210.61,52452.245
2026-07-07 04:00:00,210.61,214.83,208.79,212.6,70479.992
2026-07-07 08:00:00,212.61,215.94,211.36,215.3,60721.96
2026-07-07 12:00:00,215.29,217.52,209.78,215.53,122144.36
2026-07-07 16:00:00,215.53,217.35,211.05,213.71,92438.198
2026-07-07 20:00:00,213.72,215.13,210.41,211.25,54371.952
2026-07-08 00:00:00,211.17,213.36,205.3,208.07,85368.154
2026-07-08 04:00:00,208.07,209.23,207.0,207.78,41308.284
2026-07-08 08:00:00,207.78,208.19,203.33,205.91,88505.377
2026-07-08 12:00:00,205.92,205.96,200.25,202.02,99685.372
2026-07-08 16:00:00,202.02,205.64,201.57,204.33,49531.821
2026-07-08 20:00:00,204.34,204.79,201.64,204.72,33808.369
2026-07-09 00:00:00,204.71,205.76,201.02,202.82,40310.112
2026-07-09 04:00:00,202.82,207.42,202.6,206.28,42605.201
2026-07-09 08:00:00,206.32,207.49,204.48,205.72,40332.733
2026-07-09 12:00:00,205.72,208.37,205.21,206.9,53254.923
2026-07-09 16:00:00,206.89,210.33,205.73,208.48,61540.578
2026-07-09 20:00:00,208.49,215.17,207.53,213.89,66074.267
2026-07-10 00:00:00,213.9,216.28,210.62,214.84,58308.266
2026-07-10 04:00:00,214.85,215.45,211.0,211.12,45163.52
2026-07-10 08:00:00,211.12,214.96,210.87,213.81,45183.46
2026-07-10 12:00:00,213.81,214.87,209.09,211.43,76052.445
2026-07-10 16:00:00,211.44,212.68,209.87,211.76,36817.672
2026-07-10 20:00:00,211.77,213.61,210.78,213.01,24654.342
2026-07-11 00:00:00,213.01,213.58,211.25,213.04,25880.875
2026-07-11 04:00:00,213.03,214.56,211.68,212.46,33380.092
2026-07-11 08:00:00,212.52,213.75,211.7,212.66,22693.131
2026-07-11 12:00:00,212.66,214.44,211.39,212.52,39576.655
2026-07-11 16:00:00,212.52,214.87,211.75,214.06,45850.381
2026-07-11 20:00:00,214.07,215.14,207.63,207.73,54230.744
2026-07-12 00:00:00,207.73,209.46,204.51,209.24,67111.063
2026-07-12 04:00:00,209.26,210.06,207.42,209.19,29515.661
2026-07-12 08:00:00,209.16,210.71,208.86,210.28,28794.289
2026-07-12 12:00:00,210.25,214.0,209.79,212.45,42545.621
2026-07-12 16:00:00,212.45,213.22,211.01,213.0,25737.512
2026-07-12 20:00:00,213.0,213.44,208.06,209.9,53056.194
2026-07-13 00:00:00,209.89,213.18,204.9,206.24,77636.68
2026-07-13 04:00:00,206.23,207.78,205.0,207.48,47689.939
2026-07-13 08:00:00,207.49,208.79,206.43,206.43,43938.482
2026-07-13 12:00:00,206.44,208.07,204.27,205.86,66197.778
2026-07-13 16:00:00,205.86,206.2,197.5,200.0,128806.649
2026-07-13 20:00:00,200.0,200.68,198.41,199.94,41948.547
2026-07-14 00:00:00,199.95,201.88,197.53,199.07,72556.001
2026-07-14 04:00:00,199.07,200.64,197.82,197.83,47224.867
2026-07-14 08:00:00,197.83,199.0,195.73,197.96,81651.97
2026-07-14 12:00:00,197.97,204.85,196.62,203.39,137402.635
2026-07-14 16:00:00,203.4,204.47,200.5,203.27,55652.236
2026-07-14 20:00:00,203.27,203.87,199.13,201.21,62718.037
2026-07-15 00:00:00,201.22,201.3,193.43,197.24,100971.603
2026-07-15 04:00:00,197.25,199.34,195.77,197.13,54010.363
2026-07-15 08:00:00,197.13,198.7,196.2,196.24,50772.221
2026-07-15 12:00:00,196.24,201.86,196.03,199.03,106466.533
2026-07-15 16:00:00,199.03,200.56,196.41,197.47,64049.049
2026-07-15 20:00:00,197.48,199.78,197.19,199.16,34526.814
2026-07-16 00:00:00,199.15,203.32,198.7,201.89,74617.198
2026-07-16 04:00:00,201.89,202.46,197.29,198.09,57812.766
2026-07-16 08:00:00,198.09,198.17,194.36,195.98,78772.548
2026-07-16 12:00:00,195.98,197.93,194.61,196.95,56910.173
2026-07-16 16:00:00,196.95,196.96,192.04,193.52,93871.592
2026-07-16 20:00:00,193.51,195.13,189.04,191.17,67952.954
2026-07-17 00:00:00,191.16,192.75,189.43,191.61,62402.184
2026-07-17 04:00:00,191.61,192.33,189.44,190.27,41106.066
2026-07-17 08:00:00,190.28,193.19,187.95,192.82,69973.227
2026-07-17 12:00:00,192.82,193.8,188.9,193.12,88276.482
2026-07-17 16:00:00,193.13,194.7,192.43,193.47,43249.561
2026-07-17 20:00:00,193.46,194.95,192.73,194.58,22347.286
2026-07-18 00:00:00,194.58,195.4,193.46,193.95,25754.165
2026-07-18 04:00:00,193.96,194.5,192.44,194.29,22102.474
2026-07-18 08:00:00,194.3,194.72,192.45,192.91,22631.921
2026-07-18 12:00:00,192.91,194.16,191.35,193.39,36905.769
2026-07-18 16:00:00,193.39,196.38,192.9,195.67,43399.837
2026-07-18 20:00:00,195.68,196.47,195.26,195.97,26618.101
2026-07-19 00:00:00,195.98,197.07,195.13,196.16,26730.489
2026-07-19 04:00:00,196.16,199.85,195.7,198.6,34385.927
2026-07-19 08:00:00,198.61,199.89,197.22,197.62,37884.91
2026-07-19 12:00:00,197.63,198.26,196.67,197.54,25488.836
2026-07-19 16:00:00,197.55,197.94,194.85,197.08,35325.025
2026-07-19 20:00:00,197.08,199.48,196.76,198.61,30268.883
2026-07-20 00:00:00,198.6,201.36,196.27,196.68,48512.43
2026-07-20 04:00:00,196.68,196.7,192.91,194.85,52962.874
2026-07-20 08:00:00,194.85,196.3,192.77,196.2,46950.369
2026-07-20 12:00:00,196.2,196.39,193.2,195.96,65240.269
2026-07-20 16:00:00,195.96,197.15,194.21,194.47,49262.595
2026-07-20 20:00:00,194.48,196.16,194.3,195.19,65439.755
2026-07-21 00:00:00,195.18,195.67,192.86,194.91,41924.151
2026-07-21 04:00:00,194.9,198.87,194.3,198.87,49673.62
2026-07-21 08:00:00,198.87,202.51,198.04,201.6,90638.089
2026-07-21 12:00:00,201.6,202.37,199.0,199.77,57967.805
2026-07-21 16:00:00,199.76,200.18,197.83,199.03,61496.405
2026-07-21 20:00:00,199.03,200.93,198.48,200.73,21854.052
2026-07-22 00:00:00,200.72,202.0,199.16,199.55,41008.82
2026-07-22 04:00:00,199.55,201.32,195.66,195.76,57082.679
2026-07-22 08:00:00,195.77,197.53,195.46,196.78,38634.405
2026-07-22 12:00:00,196.78,201.88,195.69,200.85,105833.727
2026-07-22 16:00:00,200.86,201.36,196.0,196.22,68684.973
2026-07-22 20:00:00,196.23,198.06,195.87,197.43,63187.492
2026-07-23 00:00:00,197.44,198.11,194.2,194.67,45652.385
2026-07-23 04:00:00,194.66,196.22,194.28,195.84,49498.235
2026-07-23 08:00:00,195.84,197.17,195.34,196.19,34986.284
2026-07-23 12:00:00,196.19,196.82,192.54,193.56,64035.241
2026-07-23 16:00:00,193.56,193.72,191.93,193.13,32472.444
2026-07-23 20:00:00,193.13,195.23,192.24,192.69,26099.907
2026-07-24 00:00:00,192.69,193.04,190.31,192.83,46982.543
2026-07-24 04:00:00,192.84,194.92,192.06,193.99,38020.739
2026-07-24 08:00:00,194.0,194.02,190.4,190.86,32792.049
2026-07-24 12:00:00,190.87,191.27,186.57,188.8,104966.285
2026-07-24 16:00:00,188.8,190.58,187.89,190.53,35717.638
2026-07-24 20:00:00,190.54,191.42,189.42,191.19,21941.568
2026-07-25 00:00:00,191.2,192.14,190.83,191.82,29896.19
2026-07-25 04:00:00,191.81,192.36,188.29,188.4,28750.724
2026-07-25 08:00:00,188.4,190.66,187.92,189.86,35010.593
2026-07-25 12:00:00,189.86,191.54,189.8,190.54,25936.998
2026-07-25 16:00:00,190.55,192.18,190.55,191.2,24745.248
2026-07-25 20:00:00,191.21,191.91,190.44,191.51,12956.665
2026-07-26 00:00:00,191.5,195.5,190.78,195.41,43775.418
2026-07-26 04:00:00,195.43,200.0,195.02,197.46,126659.561
2026-07-26 08:00:00,197.46,197.96,195.54,196.54,36729.76
2026-07-26 12:00:00,196.54,198.8,195.53,197.99,45574.742
2026-07-26 16:00:00,198.0,198.33,196.85,197.56,29419.434
2026-07-26 20:00:00,197.57,199.98,196.64,199.29,38495.458
2026-07-27 00:00:00,199.29,201.31,197.16,199.22,48662.024
2026-07-27 04:00:00,199.22,200.4,197.32,197.32,32037.968
2026-07-27 08:00:00,197.33,198.97,196.4,197.81,31851.177
2026-07-27 12:00:00,197.81,200.72,193.0,193.08,108234.054
2026-07-27 16:00:00,193.09,194.87,191.6,193.73,49849.509
2026-07-27 20:00:00,193.73,193.85,186.32,187.44,68316.381
2026-07-28 00:00:00,187.45,188.3,182.86,186.71,112998.608
2026-07-28 04:00:00,186.71,188.27,186.39,187.08,33024.087
2026-07-28 08:00:00,187.09,187.98,186.56,187.55,34130.21
2026-07-28 12:00:00,187.56,190.18,185.2,189.77,72741.048
2026-07-28 16:00:00,189.77,193.05,189.61,192.76,47678.403
2026-07-28 20:00:00,192.76,196.39,192.02,194.73,69138.529
2026-07-29 00:00:00,194.73,198.22,192.25,192.45,86158.044
2026-07-29 04:00:00,192.45,194.81,190.43,193.61,53969.891
2026-07-29 08:00:00,193.62,194.99,192.14,193.79,40255.983
2026-07-29 12:00:00,193.79,194.06,190.66,191.08,51565.507
2026-07-29 16:00:00,191.08,194.55,188.2,188.28,70377.699
2026-07-29 20:00:00,188.28,191.32,186.34,190.57,53752.48
2026-07-30 00:00:00,190.57,194.15,189.13,192.2,41176.442
2026-07-30 04:00:00,192.21,192.39,190.65,191.0,23916.174
2026-07-30 08:00:00,190.99,194.07,190.8,194.04,37764.01
2026-07-30 12:00:00,194.03,195.18,192.13,194.7,53012.277
2026-07-30 16:00:00,194.71,195.3,192.6,193.61,32560.066
2026-07-30 20:00:00,193.61,194.47,192.33,192.38,28564.222
2026-07-31 00:00:00,192.4,197.67,192.35,196.17,61194.092
2026-07-31 04:00:00,196.15,197.2,194.06,194.85,37731.86
2026-07-31 08:00:00,194.85,195.6,191.71,193.56,43349.153
2026-07-31 12:00:00,193.57,194.65,190.0,192.36,57846.463
2026-07-31 16:00:00,192.37,197.0,192.37,194.29,42463.498
2026-07-31 20:00:00,194.28,194.67,192.55,193.28,27780.895
2026-08-01 00:00:00,193.28,197.75,193.21,197.67,43572.089
2026-08-01 04:00:00,197.67,199.86,196.01,196.19,47683.491
2026-08-01 08:00:00,196.19,196.34,193.69,194.96,32520.003
2026-08-01 12:00:00,194.95,195.22,192.02,192.47,43732.869
2026-08-01 16:00:00,192.46,193.2,189.29,190.49,64573.248
2026-08-01 20:00:00,190.48,192.63,190.3,192.3,22701.141
2026-08-02 00:00:00,192.3,194.85,191.53,194.02,43704.091
2026-08-02 04:00:00,194.02,195.92,193.71,194.23,30395.506
2026-08-02 08:00:00,194.24,194.29,192.2,192.43,18519.355
2026-08-02 12:00:00,192.43,193.48,192.29,192.57,20142.143
2026-08-02 16:00:00,192.57,193.76,191.39,192.85,25325.527
2026-08-02 20:00:00,192.84,194.35,191.94,192.33,26018.044
2026-08-03 00:00:00,192.33,192.53,189.11,189.65,45675.31
2026-08-03 04:00:00,189.65,191.33,188.23,188.76,41257.337
2026-08-03 08:00:00,188.76,189.03,187.51,188.25,36347.54
2026-08-03 12:00:00,188.25,190.18,187.43,189.05,61999.915
2026-08-03 16:00:00,189.06,191.83,188.77,191.05,45126.878
2026-08-03 20:00:00,191.04,193.5,190.34,191.65,41592.671
2026-08-04 00:00:00,191.64,192.17,189.28,190.97,36003.017
2026-08-04 04:00:00,190.96,191.88,189.85,191.01,25582.46
2026-08-04 08:00:00,191.02,191.33,189.62,191.1,22019.773
2026-08-04 12:00:00,191.09,192.87,190.1,192.45,54287.838
2026-08-04 16:00:00,192.46,200.0,190.89,199.43,113668.199
2026-08-04 20:00:00,199.44,200.91,195.32,195.54,63822.239
2026-08-05 00:00:00,195.53,200.18,195.0,197.41,58369.109
2026-08-05 04:00:00,197.42,199.09,195.57,196.9,37916.639
2026-08-05 08:00:00,196.9,198.36,195.75,195.86,29716.103
2026-08-05 12:00:00,195.86,198.9,194.02,197.26,70627.696
2026-08-05 16:00:00,197.26,198.46,196.07,196.69,39837.13
2026-08-05 20:00:00,196.69,198.2,195.48,197.44,32929.305
2026-08-06 00:00:00,197.44,198.49,195.1,195.51,36488.62
2026-08-06 04:00:00,195.51,197.58,195.11,196.31,22918.398
2026-08-06 08:00:00,196.31,196.92,192.57,194.72,57240.804
2026-08-06 12:00:00,194.72,194.78,190.68,193.11,76963.157
2026-08-06 16:00:00,193.09,193.94,191.45,191.66,68622.614
2026-08-06 20:00:00,191.65,193.16,191.41,192.1,28457.763
2026-08-07 00:00:00,192.11,192.84,191.11,191.11,36657.837
2026-08-07 04:00:00,191.11,192.83,190.05,191.64,42748.541
2026-08-07 08:00:00,191.64,194.71,190.9,193.79,33649.698
2026-08-07 12:00:00,193.8,194.53,192.15,193.81,55976.355
2026-08-07 16:00:00,193.81,194.2,190.66,193.94,60117.445
2026-08-07 20:00:00,193.94,195.36,192.98,193.43,33592.073
2026-08-08 00:00:00,193.42,197.02,192.77,196.2,34809.349
2026-08-08 04:00:00,196.21,197.84,194.54,196.54,44694.962
2026-08-08 08:00:00,196.53,196.91,195.79,196.47,19277.745
2026-08-08 12:00:00,196.46,198.33,195.6,197.97,31694.953
2026-08-08 16:00:00,197.98,200.23,196.75,198.33,42564.045
2026-08-08 20:00:00,198.32,205.43,197.98,203.65,55502.644
2026-08-09 00:00:00,203.66,210.03,203.49,207.4,133322.372
2026-08-09 04:00:00,207.4,209.99,204.31,205.96,82948.754
2026-08-09 08:00:00,205.97,207.65,202.38,206.74,57261.208
2026-08-09 12:00:00,206.76,210.63,205.51,208.8,75293.029
2026-08-09 16:00:00,208.81,210.09,206.01,206.9,39577.614
2026-08-09 20:00:00,206.9,207.16,201.26,201.98,53698.798
2026-08-10 00:00:00,201.97,205.25,199.42,202.24,66036.239
2026-08-10 04:00:00,202.24,204.45,201.71,203.96,36391.346
2026-08-10 08:00:00,203.96,205.6,202.3,205.06,37144.883
2026-08-10 12:00:00,205.06,205.82,201.42,202.32,69666.31
2026-08-10 16:00:00,202.32,203.8,199.73,200.9,60592.288
2026-08-10 20:00:00,200.91,202.41,198.01,199.47,59197.589
2026-08-11 00:00:00,199.46,200.28,198.31,199.4,32112.061
2026-08-11 04:00:00,199.4,199.83,198.44,199.14,23901.596
2026-08-11 08:00:00,199.13,202.06,198.42,201.18,37748.718
2026-08-11 12:00:00,201.21,203.77,196.5,198.17,95113.58
2026-08-11 16:00:00,198.18,199.58,196.2,198.31,54909.15
2026-08-11 20:00:00,198.31,202.22,198.26,201.62,38609.85
2026-08-12 00:00:00,201.61,205.73,200.71,204.75,74464.789
2026-08-12 04:00:00,204.74,205.59,202.08,203.06,33254.833
2026-08-12 08:00:00,203.06,205.13,201.87,203.27,32502.399
2026-08-12 12:00:00,203.3,204.16,198.07,199.6,87889.523
2026-08-12 16:00:00,199.61,201.03,197.01,198.01,54791.397
2026-08-12 20:00:00,198.01,200.3,197.99,199.94,34755.821
2026-08-13 00:00:00,199.94,200.91,197.0,199.65,36805.139
2026-08-13 04:00:00,199.65,201.12,199.12,199.81,36376.911
2026-08-13 08:00:00,199.82,201.44,198.51,199.14,49442.499
2026-08-13 12:00:00,199.14,202.85,199.08,200.25,64882.334
2026-08-13 16:00:00,200.23,203.92,197.97,201.85,72668.675
2026-08-13 20:00:00,201.86,203.8,201.52,203.49,33113.341
2026-08-14 00:00:00,203.5,205.34,201.65,201.83,50406.836
2026-08-14 04:00:00,201.82,202.3,198.87,199.64,38726.733
2026-08-14 08:00:00,199.64,200.47,198.41,198.89,36911.655
2026-08-14 12:00:00,198.88,198.98,193.0,195.95,101413.573
2026-08-14 16:00:00,195.95,198.23,195.56,197.45,39874.383
2026-08-14 20:00:00,197.45,199.52,196.55,199.36,31675.657
2026-08-15 00:00:00,199.37,201.44,198.41,198.82,43507.408
2026-08-15 04:00:00,198.82,199.34,197.1,197.29,19419.167
2026-08-15 08:00:00,197.29,197.76,196.82,197.04,15205.197
2026-08-15 12:00:00,197.04,198.45,196.11,198.05,29541.005
2026-08-15 16:00:00,198.05,198.39,197.16,197.6,13486.883
2026-08-15 20:00:00,197.59,198.42,196.53,196.76,16594.036
2026-08-16 00:00:00,196.76,197.16,195.65,196.6,21147.044
2026-08-16 04:00:00,196.6,196.83,195.01,196.18,19044.419
2026-08-16 08:00:00,196.17,196.64,195.7,196.48,12556.244
2026-08-16 12:00:00,196.48,197.65,195.93,197.19,19855.042
2026-08-16 16:00:00,197.19,197.8,196.32,197.43,19265.552
2026-08-16 20:00:00,197.42,197.75,194.0,195.7,24794.35
2026-08-17 00:00:00,195.7,198.54,195.14,197.17,36932.729
2026-08-17 04:00:00,197.18,198.19,196.2,197.09,26189.008
2026-08-17 08:00:00,197.09,197.39,194.37,196.52,50793.343
2026-08-17 12:00:00,196.51,197.49,194.75,196.83,44869.468
2026-08-17 16:00:00,196.83,197.19,195.0,196.31,42469.223
2026-08-17 20:00:00,196.31,196.87,195.42,196.16,20042.504
2026-08-18 00:00:00,196.15,196.62,189.3,191.17,99291.405
2026-08-18 04:00:00,191.17,193.87,190.78,192.78,37691.207
2026-08-18 08:00:00,192.78,193.75,191.55,192.54,42970.78
2026-08-18 12:00:00,192.53,193.31,191.15,191.88,50450.467
2026-08-18 16:00:00,191.88,192.7,191.31,191.37,31053.157
2026-08-18 20:00:00,191.37,191.51,190.04,190.76,29517.523
2026-08-19 00:00:00,190.76,191.27,189.85,190.94,38734.007
2026-08-19 04:00:00,190.93,192.42,188.06,191.71,50231.238
2026-08-19 08:00:00,191.71,192.66,191.44,192.2,25939.609
2026-08-19 12:00:00,192.19,199.78,191.81,195.96,159526.343
2026-08-19 16:00:00,195.95,199.99,195.77,199.37,107316.937
2026-08-19 20:00:00,199.37,209.82,199.13,205.61,189156.475
2026-08-20 00:00:00,205.6,207.81,202.63,203.92,78093.797
2026-08-20 04:00:00,203.91,206.78,203.12,204.28,54237.864
2026-08-20 08:00:00,204.27,213.75,204.15,210.96,134704.308
2026-08-20 12:00:00,210.96,212.09,205.37,210.79,114166.551
2026-08-20 16:00:00,210.76,214.68,208.63,209.14,119285.421
2026-08-20 20:00:00,209.13,218.1,209.04,214.83,85396.746
2026-08-21 00:00:00,214.82,218.69,214.12,217.1,106315.349
2026-08-21 04:00:00,217.1,224.75,216.57,223.62,110303.002
2026-08-21 08:00:00,223.7,227.38,218.19,225.33,202142.797
2026-08-21 12:00:00,225.34,234.1,223.96,232.64,174309.914
2026-08-21 16:00:00,232.63,232.91,223.07,224.47,135270.812
2026-08-21 20:00:00,224.47,234.34,223.41,230.06,110344.353
2026-08-22 00:00:00,230.06,249.35,227.57,247.6,242594.523
2026-08-22 04:00:00,247.6,250.96,210.0,229.11,321215.513
2026-08-22 08:00:00,229.12,230.47,218.5,223.46,173662.812
2026-08-22 12:00:00,223.46,226.35,219.1,220.75,91036.969
2026-08-22 16:00:00,220.76,228.99,219.87,226.69,65582.835
2026-08-22 20:00:00,226.7,228.38,217.7,222.35,85255.589
2026-08-23 00:00:00,222.35,224.84,217.0,218.3,65938.047
2026-08-23 04:00:00,218.3,220.73,214.42,219.72,120779.114
2026-08-23 08:00:00,219.72,227.84,219.36,225.95,87696.192
2026-08-23 12:00:00,225.94,235.23,225.21,232.54,170512.001
2026-08-23 16:00:00,232.55,241.99,231.0,241.15,135036.628
2026-08-23 20:00:00,241.16,245.88,236.35,237.77,144781.868
2026-08-24 00:00:00,237.76,242.49,231.03,233.28,119954.671
2026-08-24 04:00:00,233.26,238.18,232.39,234.33,65506.262
2026-08-24 08:00:00,234.33,239.89,230.72,237.38,110405.231
2026-08-24 12:00:00,237.38,244.96,235.45,239.37,175892.414
2026-08-24 16:00:00,239.36,244.4,235.68,241.54,154874.506
2026-08-24 20:00:00,241.63,243.95,238.59,240.74,64127.107
2026-08-25 00:00:00,240.75,244.33,238.32,240.58,86880.627
2026-08-25 04:00:00,240.58,246.27,233.84,235.92,121826.507
2026-08-25 08:00:00,235.92,238.59,234.58,236.38,73489.218
2026-08-25 12:00:00,236.38,238.64,232.08,234.6,108542.912
2026-08-25 16:00:00,234.6,236.08,231.31,232.5,46298.812
2026-08-25 20:00:00,232.51,233.7,224.01,229.17,124648.84
2026-08-26 00:00:00,229.18,234.29,228.24,233.55,48549.916
2026-08-26 04:00:00,233.54,235.59,229.85,234.28,51044.774
2026-08-26 08:00:00,234.28,237.67,230.37,234.09,83394.92
2026-08-26 12:00:00,234.09,236.24,224.38,227.44,129176.485
2026-08-26 16:00:00,227.45,230.3,224.75,227.93,44319.214
2026-08-26 20:00:00,227.92,235.18,225.88,234.59,67203.791
2026-08-27 00:00:00,234.58,246.82,232.69,238.71,190679.316
2026-08-27 04:00:00,238.69,249.37,235.04,249.21,135630.888
2026-08-27 08:00:00,249.21,261.38,248.39,256.59,276987.088
2026-08-27 12:00:00,256.6,259.95,252.2,254.01,151902.808
2026-08-27 16:00:00,254.01,256.65,248.24,248.93,121305.993
2026-08-27 20:00:00,248.93,254.9,247.23,253.91,66755.511
2026-08-28 00:00:00,253.91,255.61,243.06,245.28,125886.492
2026-08-28 04:00:00,245.29,247.31,241.66,246.63,64665.573
2026-08-28 08:00:00,246.64,247.38,241.0,244.46,75725.121
2026-08-28 12:00:00,244.47,248.4,238.97,241.37,160353.217
2026-08-28 16:00:00,241.36,242.31,231.56,234.08,176178.452
2026-08-28 20:00:00,234.08,237.67,233.0,236.47,50348.993
2026-08-29 00:00:00,236.46,237.82,234.15,234.69,40271.424
2026-08-29 04:00:00,234.69,236.65,232.33,232.54,34590.953
2026-08-29 08:00:00,232.54,234.64,231.11,234.35,40285.54
2026-08-29 12:00:00,234.36,239.1,234.03,237.52,53957.329
2026-08-29 16:00:00,237.53,238.9,235.4,235.99,36421.525
2026-08-29 20:00:00,235.98,237.01,234.31,235.79,28296.913
2026-08-30 00:00:00,235.78,235.88,233.43,235.45,30375.119
2026-08-30 04:00:00,235.44,238.16,234.0,236.78,25834.141
2026-08-30 08:00:00,236.85,239.0,235.66,237.9,32883.928
2026-08-30 12:00:00,237.9,239.74,235.49,236.56,58941.521
2026-08-30 16:00:00,236.56,242.79,236.31,237.89,65999.107
2026-08-30 20:00:00,237.88,238.28,223.75,227.38,127573.22
2026-08-31 00:00:00,227.38,229.3,224.68,227.52,69902.993
2026-08-31 04:00:00,227.52,230.96,226.37,228.96,42720.335
2026-08-31 08:00:00,228.97,231.08,227.45,229.36,34827.207
2026-08-31 12:00:00,229.34,230.64,224.23,225.89,76355.229
2026-08-31 16:00:00,225.89,229.96,225.62,228.68,50000.759
2026-08-31 20:00:00,228.67,230.96,228.39,230.28,30998.975
2026-09-01 00:00:00,230.27,233.28,228.8,230.37,40276.503
2026-09-01 04:00:00,230.37,231.58,227.56,228.48,33609.278
2026-09-01 08:00:00,228.48,228.55,224.44,226.81,59379.295
2026-09-01 12:00:00,226.82,227.05,222.57,225.73,92935.115
2026-09-01 16:00:00,225.74,225.84,218.61,222.4,116981.951
2026-09-01 20:00:00,222.41,222.74,218.9,220.02,41959.896
2026-09-02 00:00:00,220.01,220.91,215.53,220.04,68546.272
2026-09-02 04:00:00,220.04,221.53,218.77,218.91,32898.979
2026-09-02 08:00:00,218.92,219.26,214.57,217.13,67834.679
2026-09-02 12:00:00,217.13,219.15,215.64,217.23,48708.411
2026-09-02 16:00:00,217.24,218.37,215.2,216.88,46008.502
2026-09-02 20:00:00,216.88,218.27,215.25,217.18,33965.331
2026-09-03 00:00:00,217.17,218.89,214.88,218.38,48399.201
2026-09-03 04:00:00,218.39,223.04,216.62,221.99,77648.096
2026-09-03 08:00:00,222.0,224.04,220.32,222.58,53123.686
2026-09-03 12:00:00,222.58,230.06,220.24,229.96,145440.555
2026-09-03 16:00:00,229.97,231.5,226.75,229.75,77950.043
2026-09-03 20:00:00,229.75,231.76,224.79,225.59,73528.265
2026-09-04 00:00:00,225.59,229.32,224.15,228.24,61178.635
2026-09-04 04:00:00,228.22,230.68,226.81,228.66,61936.5
2026-09-04 08:00:00,228.66,232.02,227.3,231.21,78220.603
2026-09-04 12:00:00,231.2,231.62,220.0,223.42,182734.511
2026-09-04 16:00:00,223.42,225.46,221.15,224.52,58015.466
2026-09-04 20:00:00,224.52,225.62,222.01,224.79,50623.547
2026-09-05 00:00:00,224.8,230.46,223.97,228.38,91031.183
2026-09-05 04:00:00,228.38,237.79,225.73,233.6,115417.504
2026-09-05 08:00:00,233.6,240.0,232.44,239.47,116430.943
2026-09-05 12:00:00,239.47,240.77,235.05,235.64,99481.305
2026-09-05 16:00:00,235.64,236.25,232.3,232.94,69239.181
2026-09-05 20:00:00,232.95,236.83,232.17,235.99,44836.849
2026-09-06 00:00:00,236.0,239.19,235.35,238.62,64225.281
2026-09-06 04:00:00,238.61,239.22,233.54,235.84,74259.681
2026-09-06 08:00:00,235.84,241.93,233.82,241.84,86297.374
2026-09-06 12:00:00,241.79,248.99,238.49,248.62,217603.535
2026-09-06 16:00:00,248.69,268.78,245.55,267.85,326314.686
2026-09-06 20:00:00,267.84,272.37,260.01,265.74,226981.871
2026-09-07 00:00:00,265.75,277.12,260.38,269.78,250747.806
2026-09-07 04:00:00,269.77,275.35,261.56,263.61,176123.816
2026-09-07 08:00:00,263.62,272.18,263.42,264.43,159023.019
2026-09-07 12:00:00,264.42,266.15,254.16,256.91,230511.612
2026-09-07 16:00:00,256.92,262.73,256.58,259.19,109722.315
2026-09-07 20:00:00,259.18,262.0,255.62,259.87,85109.716
2026-09-08 00:00:00,259.87,263.76,255.55,256.36,104627.971
2026-09-08 04:00:00,256.36,257.16,253.07,255.35,87908.905
2026-09-08 08:00:00,255.35,257.51,251.57,253.81,95132.926
2026-09-08 12:00:00,253.8,263.09,249.3,262.59,189077.69
2026-09-08 16:00:00,262.58,269.51,256.25,257.86,201379.273
2026-09-08 20:00:00,257.85,261.07,256.45,258.49,63839.183
2026-09-09 00:00:00,258.49,260.42,254.16,255.19,65169.917
2026-09-09 04:00:00,255.18,262.0,255.03,261.4,88016.804
2026-09-09 08:00:00,261.4,267.93,256.67,265.44,142726.614
2026-09-09 12:00:00,265.44,269.75,255.0,257.94,229672.131
2026-09-09 16:00:00,257.94,262.26,255.46,256.25,111382.457
2026-09-09 20:00:00,256.25,259.48,250.12,254.11,100940.631
2026-09-10 00:00:00,254.12,256.74,250.3,256.08,83966.851
2026-09-10 04:00:00,256.08,257.95,251.15,251.56,82299.653
2026-09-10 08:00:00,251.55,253.94,249.09,250.97,67964.774
2026-09-10 12:00:00,250.97,251.54,238.26,240.64,284172.488
2026-09-10 16:00:00,240.63,243.31,236.22,239.1,119975.335
2026-09-10 20:00:00,239.11,240.72,234.66,235.26,61855.429
2026-09-11 00:00:00,235.27,237.13,233.17,235.07,68027.428
2026-09-11 04:00:00,235.06,237.67,234.54,235.52,62727.242
2026-09-11 08:00:00,235.53,238.1,230.54,232.22,96042.021
2026-09-11 12:00:00,232.21,247.17,227.64,237.82,301498.875
2026-09-11 16:00:00,237.82,239.95,232.2,235.88,119086.613
2026-09-11 20:00:00,235.88,236.96,232.33,235.41,51034.117
2026-09-12 00:00:00,235.4,236.75,233.16,234.29,36309.932
2026-09-12 04:00:00,234.29,235.78,232.74,234.89,40215.774
2026-09-12 08:00:00,234.88,236.78,234.51,236.77,31994.715
2026-09-12 12:00:00,236.77,236.99,234.01,235.37,37753.499
2026-09-12 16:00:00,235.36,236.31,230.7,231.51,54514.054
2026-09-12 20:00:00,231.51,233.11,231.5,232.63,27446.924
2026-09-13 00:00:00,232.64,236.39,231.88,234.36,48385.845
2026-09-13 04:00:00,234.36,239.23,234.11,235.82,62034.79
2026-09-13 08:00:00,235.82,236.9,230.39,232.64,72340.391
2026-09-13 12:00:00,232.65,237.28,232.26,233.01,68829.049
2026-09-13 16:00:00,233.01,237.9,232.88,234.44,68218.791
2026-09-13 20:00:00,234.44,238.26,230.61,231.26,67911.746
2026-09-14 00:00:00,231.25,236.95,229.19,235.77,81019.449
2026-09-14 04:00:00,235.77,236.55,232.71,234.94,45519.057
2026-09-14 08:00:00,234.94,237.63,233.17,234.64,67769.791
2026-09-14 12:00:00,234.64,235.33,230.18,233.53,103479.275
2026-09-14 16:00:00,233.54,238.92,233.1,236.85,83645.145
2026-09-14 20:00:00,236.84,242.03,232.07,232.2,86794.278
2026-09-15 00:00:00,232.19,233.22,230.43,231.01,60392.476
2026-09-15 04:00:00,231.01,233.41,225.1,226.72,92966.33
2026-09-15 08:00:00,226.72,227.5,223.51,224.71,73593.368
2026-09-15 12:00:00,224.71,226.88,220.27,225.45,117134.7
2026-09-15 16:00:00,225.45,227.09,215.0,222.04,193568.665
2026-09-15 20:00:00,222.04,222.69,215.95,217.8,67449.238
2026-09-16 00:00:00,217.81,218.85,215.53,218.65,53774.416
2026-09-16 04:00:00,218.65,219.63,215.51,215.79,51886.481
2026-09-16 08:00:00,215.78,219.24,213.02,218.85,81853.425
2026-09-16 12:00:00,218.84,219.22,214.0,214.17,73210.671
2026-09-16 16:00:00,214.16,221.0,213.83,218.22,130702.054
2026-09-16 20:00:00,218.22,222.31,217.76,221.9,73832.171
2026-09-17 00:00:00,221.87,226.46,221.61,224.5,90546.672
2026-09-17 04:00:00,224.5,227.62,222.58,226.93,54622.967
2026-09-17 08:00:00,226.96,229.03,225.22,226.74,69535.337
2026-09-17 12:00:00,226.75,229.72,224.61,227.83,93261.057
2026-09-17 16:00:00,227.82,231.86,227.32,230.37,91446.681
2026-09-17 20:00:00,230.37,234.23,228.09,232.36,75221.069
2026-09-18 00:00:00,232.36,241.58,231.12,239.9,90853.551
2026-09-18 04:00:00,239.9,246.76,238.25,245.9,113401.085
2026-09-18 08:00:00,245.9,251.54,243.45,245.9,132861.005
2026-09-18 12:00:00,245.89,253.34,243.96,251.14,130278.824
2026-09-18 16:00:00,251.15,253.0,246.62,250.4,90325.71
2026-09-18 20:00:00,250.42,251.65,247.23,250.24,70302.38
2026-09-19 00:00:00,250.24,259.17,248.98,256.73,136076.815
2026-09-19 04:00:00,256.74,258.74,251.43,252.46,95339.205
2026-09-19 08:00:00,252.47,272.57,252.0,268.2,215372.757
2026-09-19 12:00:00,268.2,273.6,264.08,270.93,137117.697
2026-09-19 16:00:00,270.94,272.87,261.19,262.85,132621.32
2026-09-19 20:00:00,262.84,266.28,260.24,263.82,90840.406
2026-09-20 00:00:00,263.81,268.92,251.09,253.47,186667.085
2026-09-20 04:00:00,253.48,255.4,251.4,251.87,80926.276
2026-09-20 08:00:00,251.88,255.51,248.0,251.28,89058.233
2026-09-20 12:00:00,251.27,254.99,249.93,254.46,96580.293
2026-09-20 16:00:00,254.46,266.47,254.05,264.68,194195.975
2026-09-20 20:00:00,264.68,266.13,256.87,261.66,132679.974
2026-09-21 00:00:00,261.65,271.8,260.05,267.08,187943.714
2026-09-21 04:00:00,267.08,273.0,263.33,271.9,125796.614
2026-09-21 08:00:00,271.9,289.0,271.6,283.96,333077.964
2026-09-21 12:00:00,283.96,291.0,280.89,288.81,214669.067
2026-09-21 16:00:00,288.8,307.28,277.6,306.54,273824.975
2026-09-21 20:00:00,306.59,320.0,301.63,319.65,377144.277
2026-09-22 00:00:00,319.66,325.69,306.18,315.08,350668.128
2026-09-22 04:00:00,315.09,325.89,310.03,318.01,225363.181
2026-09-22 08:00:00,318.02,324.99,311.47,319.32,196725.507
2026-09-22 12:00:00,319.32,326.54,311.74,312.28,295260.389
2026-09-22 16:00:00,312.27,315.24,306.62,312.64,194422.889
2026-09-22 20:00:00,312.67,319.57,307.55,315.26,118634.863
2026-09-23 00:00:00,315.27,318.98,309.4,314.76,128850.084
2026-09-23 04:00:00,314.76,317.16,310.8,311.69,105078.43
2026-09-23 08:00:00,311.7,315.67,300.2,305.05,197980.859
2026-09-23 12:00:00,305.03,313.15,288.49,290.34,398044.484
2026-09-23 16:00:00,290.34,297.06,284.25,289.22,211156.024
2026-09-23 20:00:00,289.23,290.71,285.03,287.1,83358.672
2026-09-24 00:00:00,287.11,290.03,282.62,285.89,97497.551
2026-09-24 04:00:00,285.9,293.81,284.2,292.67,95141.827
2026-09-24 08:00:00,292.68,292.82,278.01,281.61,168498.26
2026-09-24 12:00:00,281.59,295.61,278.36,290.79,239311.959
2026-09-24 16:00:00,290.8,304.42,287.59,297.73,246151.064
2026-09-24 20:00:00,297.72,301.47,292.32,296.21,135801.657
2026-09-25 00:00:00,296.2,300.15,292.75,294.32,103265.844
2026-09-25 04:00:00,294.33,301.79,293.31,298.4,111231.711
2026-09-25 08:00:00,298.39,310.0,296.82,305.38,173490.315
2026-09-25 12:00:00,305.39,311.68,296.76,302.88,259465.763
2026-09-25 16:00:00,302.87,309.49,300.82,307.11,117647.04
2026-09-25 20:00:00,307.12,320.94,306.51,317.74,156604.635
2026-09-26 00:00:00,317.77,318.59,311.34,311.56,86320.292
2026-09-26 04:00:00,311.57,315.11,308.68,313.64,71804.426
2026-09-26 08:00:00,313.64,332.39,310.06,329.87,188541.127
2026-09-26 12:00:00,329.87,341.3,324.51,338.51,329489.331
2026-09-26 16:00:00,338.51,338.89,320.36,320.78,191106.602
2026-09-26 20:00:00,320.78,321.94,311.51,320.89,183680.623
2026-09-27 00:00:00,320.88,324.61,317.18,320.55,86634.1
2026-09-27 04:00:00,320.56,334.08,318.02,333.76,160887.941
2026-09-27 08:00:00,333.76,336.34,326.64,330.13,163265.38
2026-09-27 12:00:00,330.13,337.14,318.3,321.81,210011.022
2026-09-27 16:00:00,321.82,329.82,321.0,328.16,79881.66
2026-09-27 20:00:00,328.16,329.59,317.05,319.8,122970.945
2026-09-28 00:00:00,319.81,322.82,306.02,307.85,187767.277
2026-09-28 04:00:00,307.85,310.3,300.98,301.11,139126.164
2026-09-28 08:00:00,301.11,307.28,297.55,306.04,146788.986
2026-09-28 12:00:00,306.04,310.72,294.28,299.99,236403.737
2026-09-28 16:00:00,299.98,307.64,298.35,303.58,147360.681
2026-09-28 20:00:00,303.57,309.44,299.5,308.07,85086.121
2026-09-29 00:00:00,308.07,309.67,295.34,300.87,118314.472
2026-09-29 04:00:00,300.88,314.53,298.81,313.7,107940.535
2026-09-29 08:00:00,313.7,318.11,310.33,316.36,112021.206
2026-09-29 12:00:00,316.35,319.04,304.64,306.71,165127.39
2026-09-29 16:00:00,306.72,311.8,302.61,303.14,123939.6
2026-09-29 20:00:00,303.14,306.33,298.56,300.53,82826.199
2026-09-30 00:00:00,300.52,305.08,297.16,300.49,77725.333
2026-09-30 04:00:00,300.48,305.88,298.12,301.0,86410.285
2026-09-30 08:00:00,301.0,307.23,299.4,306.03,87362.502
2026-09-30 12:00:00,306.03,314.58,300.62,306.46,236231.086
2026-09-30 16:00:00,306.47,310.42,298.82,299.64,96813.055
2026-09-30 20:00:00,299.63,304.39,297.2,300.79,57348.608
2026-10-01 00:00:00,300.79,307.49,299.87,306.8,51175.458
2026-10-01 04:00:00,306.81,312.4,304.17,305.18,78820.686
2026-10-01 08:00:00,305.17,309.2,301.94,305.44,93478.484
2026-10-01 12:00:00,305.43,310.44,299.5,304.78,171231.579
2026-10-01 16:00:00,304.77,308.44,299.91,304.96,104821.251
2026-10-01 20:00:00,304.96,306.15,299.86,303.19,49375.109
2026-10-02 00:00:00,303.2,308.54,300.66,307.16,71945.609
2026-10-02 04:00:00,307.16,313.33,304.94,310.33,96508.048
2026-10-02 08:00:00,310.33,314.49,309.39,309.58,64868.474
2026-10-02 12:00:00,309.55,316.43,306.56,308.47,144732.448
2026-10-02 16:00:00,308.46,313.14,281.75,285.97,287101.886
2026-10-02 20:00:00,285.97,292.8,284.96,291.93,87757.731
2026-10-03 00:00:00,291.93,296.31,290.65,292.11,84378.03
2026-10-03 04:00:00,292.11,292.59,288.17,289.01,49615.603
2026-10-03 08:00:00,289.01,292.13,287.75,290.88,42539.023
2026-10-03 12:00:00,290.87,294.44,288.55,292.14,57266.917
2026-10-03 16:00:00,292.12,296.49,290.27,295.15,63661.949
2026-10-03 20:00:00,295.16,308.14,295.16,307.03,94733.158
2026-10-04 00:00:00,307.03,310.5,304.17,308.45,57513.422
